# Blender 4.1.1
# www.blender.org
mtllib pawn.mtl
o Pawn
v -0.000000 -0.000077 -0.000000
v 0.002978 -0.000028 -0.000000
v 0.011313 0.000105 -0.000000
v 0.191743 -0.000085 -0.000000
v 0.196818 0.000105 -0.000000
v 0.201617 0.000648 -0.000000
v 0.206108 0.001502 -0.000000
v 0.210261 0.002623 -0.000000
v 0.214044 0.003969 -0.000000
v 0.217425 0.005498 -0.000000
v 0.220372 0.007166 -0.000000
v 0.222854 0.008932 -0.000000
v 0.224839 0.010752 -0.000000
v 0.226297 0.012585 -0.000000
v 0.227194 0.014387 -0.000000
v 0.227500 0.042056 -0.000000
v 0.227500 0.044079 -0.000000
v 0.226692 0.047543 -0.000000
v 0.224456 0.050191 0.000000
v 0.221078 0.052168 0.000000
v 0.216842 0.053620 0.000000
v 0.212032 0.054690 0.000000
v 0.206934 0.055525 0.000000
v 0.201832 0.056269 0.000000
v 0.197010 0.057068 0.000000
v 0.192754 0.058066 0.000000
v 0.189347 0.059409 0.000000
v 0.187075 0.061241 0.000000
v 0.186223 0.063708 0.000000
v 0.187024 0.066288 0.000000
v 0.189327 0.068492 0.000000
v 0.192832 0.070514 0.000000
v 0.197240 0.072549 0.000000
v 0.202253 0.074793 0.000000
v 0.207571 0.077439 0.000000
v 0.212896 0.080682 0.000000
v 0.217929 0.084718 0.000000
v 0.222370 0.089741 0.000000
v 0.225922 0.095945 0.000000
v 0.228285 0.103526 0.000000
v 0.229161 0.112678 0.000000
v 0.227483 0.122639 0.000000
v 0.222785 0.132512 0.000000
v 0.215668 0.142293 0.000000
v 0.206732 0.151973 0.000000
v 0.196576 0.161549 0.000000
v 0.185801 0.171014 0.000000
v 0.175006 0.180361 -0.000000
v 0.164793 0.189586 -0.000000
v 0.155760 0.198681 -0.000000
v 0.148509 0.207642 -0.000000
v 0.143639 0.216462 -0.000000
v 0.141751 0.225135 -0.000000
v 0.141612 0.232961 -0.000000
v 0.141541 0.239341 -0.000000
v 0.141459 0.244419 -0.000000
v 0.141290 0.248341 -0.000000
v 0.140957 0.251253 -0.000000
v 0.140382 0.253300 -0.000000
v 0.139489 0.254628 -0.000000
v 0.138201 0.255381 -0.000000
v 0.136440 0.255706 -0.000000
v 0.134130 0.255748 -0.000000
v 0.131193 0.255652 -0.000000
v 0.127552 0.255564 -0.000000
v 0.124440 0.255925 -0.000000
v 0.119710 0.257486 -0.000000
v 0.113731 0.260903 -0.000000
v 0.106876 0.266832 -0.000000
v 0.099516 0.275929 0.000000
v 0.092021 0.288851 0.000000
v 0.084762 0.306254 0.000000
v 0.078112 0.328794 0.000000
v 0.072441 0.357128 0.000000
v 0.068120 0.391912 0.000000
v 0.065521 0.433802 0.000000
v 0.065014 0.483455 -0.000000
v 0.065902 0.484091 -0.000000
v 0.068361 0.484565 -0.000000
v 0.072111 0.484898 -0.000000
v 0.076873 0.485110 0.000000
v 0.082368 0.485220 0.000000
v 0.088316 0.485250 0.000000
v 0.094437 0.485220 0.000000
v 0.100453 0.485150 0.000000
v 0.106083 0.485060 0.000000
v 0.111048 0.484971 0.000000
v 0.115069 0.484902 0.000000
v 0.117866 0.484875 -0.000000
v 0.120484 0.484971 -0.000000
v 0.122909 0.485275 -0.000000
v 0.125162 0.485807 -0.000000
v 0.127263 0.486589 -0.000000
v 0.129233 0.487642 0.000000
v 0.131094 0.488987 0.000000
v 0.132867 0.490645 0.000000
v 0.134572 0.492638 0.000000
v 0.136230 0.494987 0.000000
v 0.137863 0.497713 0.000000
v 0.139492 0.500838 0.000000
v 0.141136 0.504382 -0.000000
v 0.141553 0.508152 -0.000000
v 0.139716 0.512080 -0.000000
v 0.135877 0.516148 -0.000000
v 0.130289 0.520340 -0.000000
v 0.123200 0.524637 -0.000000
v 0.114864 0.529022 -0.000000
v 0.105531 0.533478 -0.000000
v 0.095452 0.537988 -0.000000
v 0.084879 0.542532 -0.000000
v 0.074063 0.547096 -0.000000
v 0.063255 0.551660 -0.000000
v 0.052706 0.556207 0.000000
v 0.052580 0.556331 0.000000
v 0.052192 0.566136 0.000000
v 0.053994 0.568071 0.000000
v 0.058700 0.570612 0.000000
v 0.065722 0.574007 0.000000
v 0.074470 0.578503 0.000000
v 0.084356 0.584347 0.000000
v 0.094789 0.591788 0.000000
v 0.105181 0.601073 0.000000
v 0.114942 0.612449 0.000000
v 0.123484 0.626164 0.000000
v 0.130218 0.642466 0.000000
v 0.134553 0.661603 0.000000
v 0.135902 0.683821 0.000000
v 0.134256 0.704616 -0.000000
v 0.130118 0.723793 -0.000000
v 0.123760 0.741315 -0.000000
v 0.115454 0.757147 -0.000000
v 0.105471 0.771251 -0.000000
v 0.094083 0.783593 -0.000000
v 0.081562 0.794135 -0.000000
v 0.068181 0.802841 -0.000000
v 0.054210 0.809676 -0.000000
v 0.039923 0.814603 -0.000000
v 0.025590 0.817586 -0.000000
v 0.011483 0.818588 -0.000000
v -0.000000 -0.000077 -0.000000
v 0.002921 -0.000028 -0.000581
v 0.011096 0.000105 -0.002207
v 0.188059 -0.000085 -0.037407
v 0.193036 0.000105 -0.038397
v 0.197743 0.000648 -0.039333
v 0.202148 0.001502 -0.040210
v 0.206221 0.002623 -0.041020
v 0.209931 0.003969 -0.041758
v 0.213247 0.005498 -0.042417
v 0.216137 0.007166 -0.042992
v 0.218572 0.008932 -0.043477
v 0.220519 0.010752 -0.043864
v 0.221948 0.012585 -0.044148
v 0.222829 0.014387 -0.044323
v 0.223129 0.042056 -0.044383
v 0.223129 0.044079 -0.044383
v 0.222336 0.047543 -0.044225
v 0.220143 0.050191 -0.043789
v 0.216830 0.052168 -0.043130
v 0.212675 0.053620 -0.042304
v 0.207958 0.054690 -0.041365
v 0.202958 0.055525 -0.040371
v 0.197954 0.056269 -0.039375
v 0.193225 0.057068 -0.038435
v 0.189050 0.058066 -0.037604
v 0.185709 0.059409 -0.036940
v 0.183481 0.061241 -0.036497
v 0.182644 0.063708 -0.036330
v 0.183431 0.066288 -0.036487
v 0.185689 0.068492 -0.036936
v 0.189127 0.070514 -0.037620
v 0.193450 0.072549 -0.038480
v 0.198367 0.074793 -0.039458
v 0.203583 0.077439 -0.040495
v 0.208805 0.080682 -0.041534
v 0.213741 0.084718 -0.042516
v 0.218098 0.089741 -0.043382
v 0.221581 0.095945 -0.044075
v 0.223899 0.103526 -0.044536
v 0.224758 0.112678 -0.044707
v 0.223112 0.122639 -0.044380
v 0.218505 0.132512 -0.043463
v 0.211524 0.142293 -0.042075
v 0.202759 0.151973 -0.040331
v 0.192799 0.161549 -0.038350
v 0.182230 0.171014 -0.036248
v 0.171643 0.180361 -0.034142
v 0.161626 0.189586 -0.032149
v 0.152768 0.198681 -0.030387
v 0.145656 0.207642 -0.028973
v 0.140879 0.216462 -0.028023
v 0.139027 0.225135 -0.027654
v 0.138891 0.232961 -0.027627
v 0.138821 0.239341 -0.027613
v 0.138741 0.244419 -0.027597
v 0.138575 0.248341 -0.027564
v 0.138248 0.251253 -0.027499
v 0.137685 0.253300 -0.027387
v 0.136809 0.254628 -0.027213
v 0.135546 0.255381 -0.026962
v 0.133819 0.255706 -0.026618
v 0.131553 0.255748 -0.026167
v 0.128672 0.255652 -0.025594
v 0.125101 0.255564 -0.024884
v 0.122049 0.255925 -0.024277
v 0.117410 0.257486 -0.023354
v 0.111546 0.260903 -0.022188
v 0.104823 0.266832 -0.020851
v 0.097603 0.275929 -0.019415
v 0.090252 0.288851 -0.017952
v 0.083134 0.306254 -0.016536
v 0.076611 0.328794 -0.015239
v 0.071049 0.357128 -0.014133
v 0.066811 0.391912 -0.013290
v 0.064262 0.433802 -0.012782
v 0.063765 0.483455 -0.012684
v 0.064636 0.484091 -0.012857
v 0.067047 0.484565 -0.013336
v 0.070725 0.484898 -0.014068
v 0.075396 0.485110 -0.014997
v 0.080785 0.485220 -0.016069
v 0.086619 0.485250 -0.017230
v 0.092623 0.485220 -0.018424
v 0.098523 0.485150 -0.019597
v 0.104045 0.485060 -0.020696
v 0.108915 0.484971 -0.021664
v 0.112858 0.484902 -0.022449
v 0.115601 0.484875 -0.022995
v 0.118169 0.484971 -0.023505
v 0.120548 0.485275 -0.023978
v 0.122757 0.485807 -0.024418
v 0.124817 0.486589 -0.024828
v 0.126750 0.487642 -0.025212
v 0.128575 0.488987 -0.025575
v 0.130314 0.490645 -0.025921
v 0.131986 0.492638 -0.026254
v 0.133613 0.494987 -0.026577
v 0.135214 0.497713 -0.026896
v 0.136811 0.500838 -0.027213
v 0.138424 0.504382 -0.027534
v 0.138833 0.508152 -0.027616
v 0.137031 0.512080 -0.027257
v 0.133267 0.516148 -0.026508
v 0.127785 0.520340 -0.025418
v 0.120833 0.524637 -0.024035
v 0.112657 0.529022 -0.022409
v 0.103503 0.533478 -0.020588
v 0.093618 0.537988 -0.018622
v 0.083248 0.542532 -0.016559
v 0.072640 0.547096 -0.014449
v 0.062039 0.551660 -0.012340
v 0.051693 0.556207 -0.010282
v 0.051569 0.556331 -0.010258
v 0.051189 0.566136 -0.010182
v 0.052957 0.568071 -0.010534
v 0.057573 0.570612 -0.011452
v 0.064459 0.574007 -0.012822
v 0.073039 0.578503 -0.014528
v 0.082735 0.584347 -0.016457
v 0.092967 0.591788 -0.018492
v 0.103160 0.601073 -0.020520
v 0.112734 0.612449 -0.022424
v 0.121112 0.626164 -0.024091
v 0.127716 0.642466 -0.025404
v 0.131968 0.661603 -0.026250
v 0.133291 0.683821 -0.026513
v 0.131676 0.704616 -0.026192
v 0.127618 0.723793 -0.025385
v 0.121382 0.741315 -0.024144
v 0.113235 0.757147 -0.022524
v 0.103444 0.771251 -0.020576
v 0.092275 0.783593 -0.018355
v 0.079995 0.794135 -0.015912
v 0.066871 0.802841 -0.013302
v 0.053169 0.809676 -0.010576
v 0.039156 0.814603 -0.007789
v 0.025098 0.817586 -0.004992
v 0.011262 0.818588 -0.002240
v -0.000000 -0.000077 -0.000000
v 0.002751 -0.000028 -0.001140
v 0.010452 0.000105 -0.004329
v 0.177148 -0.000085 -0.073377
v 0.181836 0.000105 -0.075319
v 0.186270 0.000648 -0.077155
v 0.190419 0.001502 -0.078874
v 0.194256 0.002623 -0.080464
v 0.197751 0.003969 -0.081911
v 0.200874 0.005498 -0.083205
v 0.203597 0.007166 -0.084333
v 0.205890 0.008932 -0.085282
v 0.207725 0.010752 -0.086042
v 0.209071 0.012585 -0.086600
v 0.209900 0.014387 -0.086943
v 0.210183 0.042056 -0.087061
v 0.210183 0.044079 -0.087061
v 0.209436 0.047543 -0.086751
v 0.207371 0.050191 -0.085896
v 0.204249 0.052168 -0.084603
v 0.200336 0.053620 -0.082982
v 0.195892 0.054690 -0.081141
v 0.191182 0.055525 -0.079190
v 0.186468 0.056269 -0.077238
v 0.182014 0.057068 -0.075393
v 0.178081 0.058066 -0.073764
v 0.174934 0.059409 -0.072460
v 0.172835 0.061241 -0.071591
v 0.172047 0.063708 -0.071264
v 0.172788 0.066288 -0.071571
v 0.174916 0.068492 -0.072452
v 0.178154 0.070514 -0.073794
v 0.182226 0.072549 -0.075481
v 0.186857 0.074793 -0.077399
v 0.191771 0.077439 -0.079434
v 0.196690 0.080682 -0.081472
v 0.201340 0.084718 -0.083398
v 0.205443 0.089741 -0.085097
v 0.208725 0.095945 -0.086457
v 0.210908 0.103526 -0.087361
v 0.211717 0.112678 -0.087696
v 0.210167 0.122639 -0.087054
v 0.205827 0.132512 -0.085256
v 0.199252 0.142293 -0.082533
v 0.190995 0.151973 -0.079113
v 0.181612 0.161549 -0.075226
v 0.171657 0.171014 -0.071103
v 0.161685 0.180361 -0.066972
v 0.152249 0.189586 -0.063063
v 0.143904 0.198681 -0.059607
v 0.137205 0.207642 -0.056832
v 0.132706 0.216462 -0.054968
v 0.130961 0.225135 -0.054246
v 0.130833 0.232961 -0.054193
v 0.130767 0.239341 -0.054165
v 0.130691 0.244419 -0.054134
v 0.130535 0.248341 -0.054069
v 0.130227 0.251253 -0.053942
v 0.129696 0.253300 -0.053722
v 0.128871 0.254628 -0.053380
v 0.127681 0.255381 -0.052887
v 0.126054 0.255706 -0.052213
v 0.123920 0.255748 -0.051329
v 0.121206 0.255652 -0.050205
v 0.117843 0.255564 -0.048812
v 0.114968 0.255925 -0.047621
v 0.110597 0.257486 -0.045811
v 0.105074 0.260903 -0.043523
v 0.098741 0.266832 -0.040900
v 0.091940 0.275929 -0.038083
v 0.085016 0.288851 -0.035215
v 0.078310 0.306254 -0.032437
v 0.072166 0.328794 -0.029892
v 0.066927 0.357128 -0.027722
v 0.062935 0.391912 -0.026068
v 0.060533 0.433802 -0.025074
v 0.060065 0.483455 -0.024880
v 0.060885 0.484091 -0.025220
v 0.063157 0.484565 -0.026160
v 0.066622 0.484898 -0.027596
v 0.071022 0.485110 -0.029418
v 0.076098 0.485220 -0.031521
v 0.081593 0.485250 -0.033797
v 0.087249 0.485220 -0.036140
v 0.092807 0.485150 -0.038442
v 0.098008 0.485060 -0.040596
v 0.102595 0.484971 -0.042496
v 0.106310 0.484902 -0.044035
v 0.108894 0.484875 -0.045105
v 0.111313 0.484971 -0.046107
v 0.113553 0.485275 -0.047035
v 0.115634 0.485807 -0.047897
v 0.117575 0.486589 -0.048701
v 0.119396 0.487642 -0.049455
v 0.121115 0.488987 -0.050168
v 0.122753 0.490645 -0.050846
v 0.124328 0.492638 -0.051498
v 0.125860 0.494987 -0.052133
v 0.127369 0.497713 -0.052758
v 0.128873 0.500838 -0.053381
v 0.130393 0.504382 -0.054011
v 0.130778 0.508152 -0.054170
v 0.129081 0.512080 -0.053467
v 0.125534 0.516148 -0.051998
v 0.120371 0.520340 -0.049859
v 0.113822 0.524637 -0.047147
v 0.106121 0.529022 -0.043957
v 0.097498 0.533478 -0.040385
v 0.088187 0.537988 -0.036528
v 0.078418 0.542532 -0.032482
v 0.068425 0.547096 -0.028343
v 0.058440 0.551660 -0.024207
v 0.048694 0.556207 -0.020170
v 0.048577 0.556331 -0.020121
v 0.048219 0.566136 -0.019973
v 0.049884 0.568071 -0.020663
v 0.054232 0.570612 -0.022464
v 0.060719 0.574007 -0.025151
v 0.068802 0.578503 -0.028499
v 0.077934 0.584347 -0.032281
v 0.087573 0.591788 -0.036274
v 0.097174 0.601073 -0.040251
v 0.106193 0.612449 -0.043987
v 0.114085 0.626164 -0.047255
v 0.120306 0.642466 -0.049832
v 0.124311 0.661603 -0.051491
v 0.125557 0.683821 -0.052007
v 0.124036 0.704616 -0.051378
v 0.120214 0.723793 -0.049794
v 0.114339 0.741315 -0.047361
v 0.106665 0.757147 -0.044182
v 0.097442 0.771251 -0.040362
v 0.086921 0.783593 -0.036004
v 0.075354 0.794135 -0.031213
v 0.062991 0.802841 -0.026092
v 0.050084 0.809676 -0.020746
v 0.036884 0.814603 -0.015278
v 0.023642 0.817586 -0.009793
v 0.010609 0.818588 -0.004394
v -0.000000 -0.000077 -0.000000
v 0.002476 -0.000028 -0.001654
v 0.009407 0.000105 -0.006285
v 0.159429 -0.000085 -0.106527
v 0.163648 0.000105 -0.109346
v 0.167638 0.000648 -0.112012
v 0.171373 0.001502 -0.114508
v 0.174826 0.002623 -0.116815
v 0.177971 0.003969 -0.118916
v 0.180782 0.005498 -0.120795
v 0.183232 0.007166 -0.122432
v 0.185296 0.008932 -0.123811
v 0.186947 0.010752 -0.124914
v 0.188159 0.012585 -0.125724
v 0.188905 0.014387 -0.126222
v 0.189160 0.042056 -0.126392
v 0.189160 0.044079 -0.126392
v 0.188487 0.047543 -0.125943
v 0.186629 0.050191 -0.124701
v 0.183820 0.052168 -0.122824
v 0.180297 0.053620 -0.120471
v 0.176298 0.054690 -0.117799
v 0.172059 0.055525 -0.114966
v 0.167817 0.056269 -0.112132
v 0.163808 0.057068 -0.109453
v 0.160269 0.058066 -0.107088
v 0.157437 0.059409 -0.105196
v 0.155548 0.061241 -0.103934
v 0.154838 0.063708 -0.103460
v 0.155505 0.066288 -0.103905
v 0.157420 0.068492 -0.105185
v 0.160334 0.070514 -0.107132
v 0.163999 0.072549 -0.109581
v 0.168167 0.074793 -0.112366
v 0.172589 0.077439 -0.115320
v 0.177017 0.080682 -0.118279
v 0.181201 0.084718 -0.121075
v 0.184894 0.089741 -0.123542
v 0.187847 0.095945 -0.125516
v 0.189812 0.103526 -0.126829
v 0.190540 0.112678 -0.127315
v 0.189145 0.122639 -0.126383
v 0.185239 0.132512 -0.123773
v 0.179322 0.142293 -0.119819
v 0.171891 0.151973 -0.114854
v 0.163447 0.161549 -0.109212
v 0.154488 0.171014 -0.103225
v 0.145512 0.180361 -0.097228
v 0.137020 0.189586 -0.091554
v 0.129510 0.198681 -0.086536
v 0.123481 0.207642 -0.082507
v 0.119432 0.216462 -0.079802
v 0.117862 0.225135 -0.078753
v 0.117746 0.232961 -0.078676
v 0.117687 0.239341 -0.078636
v 0.117619 0.244419 -0.078590
v 0.117478 0.248341 -0.078497
v 0.117201 0.251253 -0.078311
v 0.116724 0.253300 -0.077992
v 0.115981 0.254628 -0.077496
v 0.114910 0.255381 -0.076780
v 0.113446 0.255706 -0.075802
v 0.111525 0.255748 -0.074519
v 0.109083 0.255652 -0.072887
v 0.106056 0.255564 -0.070864
v 0.103468 0.255925 -0.069135
v 0.099535 0.257486 -0.066507
v 0.094564 0.260903 -0.063186
v 0.088864 0.266832 -0.059377
v 0.082744 0.275929 -0.055288
v 0.076512 0.288851 -0.051124
v 0.070477 0.306254 -0.047091
v 0.064948 0.328794 -0.043397
v 0.060232 0.357128 -0.040246
v 0.056640 0.391912 -0.037846
v 0.054479 0.433802 -0.036401
v 0.054057 0.483455 -0.036120
v 0.054795 0.484091 -0.036613
v 0.056840 0.484565 -0.037979
v 0.059958 0.484898 -0.040063
v 0.063918 0.485110 -0.042708
v 0.068487 0.485220 -0.045761
v 0.073432 0.485250 -0.049066
v 0.078522 0.485220 -0.052467
v 0.083524 0.485150 -0.055809
v 0.088205 0.485060 -0.058937
v 0.092333 0.484971 -0.061695
v 0.095677 0.484902 -0.063929
v 0.098002 0.484875 -0.065483
v 0.100179 0.484971 -0.066938
v 0.102195 0.485275 -0.068285
v 0.104068 0.485807 -0.069536
v 0.105815 0.486589 -0.070703
v 0.107453 0.487642 -0.071798
v 0.109001 0.488987 -0.072832
v 0.110475 0.490645 -0.073817
v 0.111892 0.492638 -0.074764
v 0.113271 0.494987 -0.075685
v 0.114629 0.497713 -0.076593
v 0.115983 0.500838 -0.077497
v 0.117351 0.504382 -0.078411
v 0.117697 0.508152 -0.078642
v 0.116169 0.512080 -0.077622
v 0.112978 0.516148 -0.075489
v 0.108331 0.520340 -0.072384
v 0.102437 0.524637 -0.068446
v 0.095506 0.529022 -0.063815
v 0.087746 0.533478 -0.058630
v 0.079366 0.537988 -0.053031
v 0.070575 0.542532 -0.047156
v 0.061581 0.547096 -0.041147
v 0.052594 0.551660 -0.035142
v 0.043823 0.556207 -0.029282
v 0.043718 0.556331 -0.029212
v 0.043396 0.566136 -0.028996
v 0.044894 0.568071 -0.029997
v 0.048808 0.570612 -0.032612
v 0.054646 0.574007 -0.036513
v 0.061920 0.578503 -0.041374
v 0.070139 0.584347 -0.046865
v 0.078814 0.591788 -0.052662
v 0.087455 0.601073 -0.058435
v 0.095571 0.612449 -0.063859
v 0.102674 0.626164 -0.068604
v 0.108272 0.642466 -0.072345
v 0.111877 0.661603 -0.074754
v 0.112998 0.683821 -0.075503
v 0.111630 0.704616 -0.074589
v 0.108189 0.723793 -0.072290
v 0.102903 0.741315 -0.068757
v 0.095996 0.757147 -0.064143
v 0.087696 0.771251 -0.058596
v 0.078227 0.783593 -0.052270
v 0.067817 0.794135 -0.045314
v 0.056690 0.802841 -0.037879
v 0.045074 0.809676 -0.030118
v 0.033194 0.814603 -0.022180
v 0.021277 0.817586 -0.014217
v 0.009548 0.818588 -0.006380
v -0.000000 -0.000077 -0.000000
v 0.002106 -0.000028 -0.002106
v 0.008000 0.000105 -0.008000
v 0.135583 -0.000085 -0.135583
v 0.139171 0.000105 -0.139171
v 0.142565 0.000648 -0.142565
v 0.145741 0.001502 -0.145741
v 0.148677 0.002623 -0.148677
v 0.151352 0.003969 -0.151352
v 0.153742 0.005498 -0.153742
v 0.155826 0.007166 -0.155826
v 0.157581 0.008932 -0.157581
v 0.158985 0.010752 -0.158985
v 0.160016 0.012585 -0.160016
v 0.160651 0.014387 -0.160651
v 0.160867 0.042056 -0.160867
v 0.160867 0.044079 -0.160867
v 0.160295 0.047543 -0.160295
v 0.158715 0.050191 -0.158715
v 0.156326 0.052168 -0.156326
v 0.153330 0.053620 -0.153330
v 0.149929 0.054690 -0.149929
v 0.146325 0.055525 -0.146325
v 0.142717 0.056269 -0.142717
v 0.139307 0.057068 -0.139307
v 0.136298 0.058066 -0.136298
v 0.133889 0.059409 -0.133889
v 0.132282 0.061241 -0.132282
v 0.131679 0.063708 -0.131679
v 0.132246 0.066288 -0.132246
v 0.133875 0.068492 -0.133875
v 0.136353 0.070514 -0.136353
v 0.139470 0.072549 -0.139470
v 0.143014 0.074793 -0.143014
v 0.146775 0.077439 -0.146775
v 0.150540 0.080682 -0.150540
v 0.154099 0.084718 -0.154099
v 0.157240 0.089741 -0.157240
v 0.159751 0.095945 -0.159751
v 0.161422 0.103526 -0.161422
v 0.162041 0.112678 -0.162041
v 0.160855 0.122639 -0.160855
v 0.157533 0.132512 -0.157533
v 0.152501 0.142293 -0.152501
v 0.146181 0.151973 -0.146181
v 0.139000 0.161549 -0.139000
v 0.131381 0.171014 -0.131381
v 0.123748 0.180361 -0.123748
v 0.116526 0.189586 -0.116526
v 0.110139 0.198681 -0.110139
v 0.105012 0.207642 -0.105012
v 0.101568 0.216462 -0.101568
v 0.100233 0.225135 -0.100233
v 0.100135 0.232961 -0.100135
v 0.100084 0.239341 -0.100084
v 0.100027 0.244419 -0.100027
v 0.099907 0.248341 -0.099907
v 0.099672 0.251253 -0.099672
v 0.099265 0.253300 -0.099265
v 0.098634 0.254628 -0.098634
v 0.097723 0.255381 -0.097723
v 0.096478 0.255706 -0.096478
v 0.094844 0.255748 -0.094844
v 0.092767 0.255652 -0.092767
v 0.090193 0.255564 -0.090193
v 0.087993 0.255925 -0.087993
v 0.084648 0.257486 -0.084648
v 0.080420 0.260903 -0.080420
v 0.075573 0.266832 -0.075573
v 0.070368 0.275929 -0.070368
v 0.065068 0.288851 -0.065068
v 0.059936 0.306254 -0.059936
v 0.055234 0.328794 -0.055234
v 0.051224 0.357128 -0.051223
v 0.048168 0.391912 -0.048168
v 0.046330 0.433802 -0.046330
v 0.045972 0.483455 -0.045972
v 0.046600 0.484091 -0.046600
v 0.048338 0.484565 -0.048338
v 0.050990 0.484898 -0.050990
v 0.054358 0.485110 -0.054358
v 0.058243 0.485220 -0.058243
v 0.062449 0.485250 -0.062449
v 0.066777 0.485220 -0.066777
v 0.071031 0.485150 -0.071031
v 0.075012 0.485060 -0.075012
v 0.078523 0.484971 -0.078523
v 0.081366 0.484902 -0.081366
v 0.083344 0.484875 -0.083344
v 0.085195 0.484971 -0.085195
v 0.086910 0.485275 -0.086910
v 0.088503 0.485807 -0.088503
v 0.089988 0.486589 -0.089988
v 0.091382 0.487642 -0.091382
v 0.092698 0.488987 -0.092698
v 0.093951 0.490645 -0.093951
v 0.095157 0.492638 -0.095157
v 0.096329 0.494987 -0.096329
v 0.097484 0.497713 -0.097484
v 0.098635 0.500838 -0.098635
v 0.099799 0.504382 -0.099798
v 0.100093 0.508152 -0.100093
v 0.098794 0.512080 -0.098794
v 0.096080 0.516148 -0.096080
v 0.092128 0.520340 -0.092128
v 0.087116 0.524637 -0.087116
v 0.081221 0.529022 -0.081221
v 0.074622 0.533478 -0.074622
v 0.067495 0.537988 -0.067495
v 0.060019 0.542532 -0.060019
v 0.052371 0.547096 -0.052371
v 0.044728 0.551660 -0.044728
v 0.037269 0.556207 -0.037269
v 0.037179 0.556331 -0.037179
v 0.036905 0.566136 -0.036905
v 0.038180 0.568071 -0.038180
v 0.041508 0.570612 -0.041507
v 0.046473 0.574007 -0.046473
v 0.052659 0.578503 -0.052659
v 0.059648 0.584347 -0.059648
v 0.067026 0.591788 -0.067026
v 0.074374 0.601073 -0.074374
v 0.081277 0.612449 -0.081276
v 0.087317 0.626164 -0.087317
v 0.092078 0.642466 -0.092078
v 0.095144 0.661603 -0.095144
v 0.096097 0.683821 -0.096097
v 0.094933 0.704616 -0.094933
v 0.092007 0.723793 -0.092007
v 0.087512 0.741315 -0.087512
v 0.081638 0.757147 -0.081638
v 0.074579 0.771251 -0.074579
v 0.066527 0.783593 -0.066527
v 0.057673 0.794135 -0.057673
v 0.048211 0.802841 -0.048211
v 0.038333 0.809676 -0.038333
v 0.028230 0.814603 -0.028230
v 0.018095 0.817586 -0.018095
v 0.008120 0.818588 -0.008120
v -0.000000 -0.000077 -0.000000
v 0.001654 -0.000028 -0.002476
v 0.006285 0.000105 -0.009407
v 0.106527 -0.000085 -0.159429
v 0.109346 0.000105 -0.163648
v 0.112012 0.000648 -0.167638
v 0.114508 0.001502 -0.171373
v 0.116815 0.002623 -0.174826
v 0.118916 0.003969 -0.177971
v 0.120795 0.005498 -0.180782
v 0.122432 0.007166 -0.183232
v 0.123811 0.008932 -0.185296
v 0.124914 0.010752 -0.186947
v 0.125724 0.012585 -0.188159
v 0.126222 0.014387 -0.188905
v 0.126392 0.042056 -0.189160
v 0.126392 0.044079 -0.189160
v 0.125943 0.047543 -0.188487
v 0.124701 0.050191 -0.186629
v 0.122824 0.052168 -0.183820
v 0.120471 0.053620 -0.180297
v 0.117799 0.054690 -0.176298
v 0.114966 0.055525 -0.172059
v 0.112132 0.056269 -0.167817
v 0.109453 0.057068 -0.163808
v 0.107088 0.058066 -0.160269
v 0.105196 0.059409 -0.157437
v 0.103934 0.061241 -0.155548
v 0.103460 0.063708 -0.154838
v 0.103905 0.066288 -0.155505
v 0.105185 0.068492 -0.157420
v 0.107132 0.070514 -0.160334
v 0.109581 0.072549 -0.163999
v 0.112366 0.074793 -0.168167
v 0.115320 0.077439 -0.172589
v 0.118279 0.080682 -0.177017
v 0.121075 0.084718 -0.181201
v 0.123542 0.089741 -0.184894
v 0.125516 0.095945 -0.187847
v 0.126829 0.103526 -0.189812
v 0.127315 0.112678 -0.190540
v 0.126383 0.122639 -0.189145
v 0.123773 0.132512 -0.185239
v 0.119819 0.142293 -0.179322
v 0.114854 0.151973 -0.171891
v 0.109212 0.161549 -0.163447
v 0.103225 0.171014 -0.154488
v 0.097228 0.180361 -0.145512
v 0.091554 0.189586 -0.137020
v 0.086536 0.198681 -0.129510
v 0.082507 0.207642 -0.123481
v 0.079802 0.216462 -0.119432
v 0.078753 0.225135 -0.117862
v 0.078676 0.232961 -0.117746
v 0.078636 0.239341 -0.117687
v 0.078590 0.244419 -0.117619
v 0.078497 0.248341 -0.117478
v 0.078311 0.251253 -0.117201
v 0.077992 0.253300 -0.116724
v 0.077496 0.254628 -0.115981
v 0.076780 0.255381 -0.114910
v 0.075802 0.255706 -0.113446
v 0.074519 0.255748 -0.111525
v 0.072887 0.255652 -0.109083
v 0.070864 0.255564 -0.106056
v 0.069135 0.255925 -0.103468
v 0.066507 0.257486 -0.099535
v 0.063186 0.260903 -0.094564
v 0.059377 0.266832 -0.088864
v 0.055288 0.275929 -0.082744
v 0.051124 0.288851 -0.076512
v 0.047091 0.306254 -0.070477
v 0.043397 0.328794 -0.064948
v 0.040246 0.357128 -0.060232
v 0.037846 0.391912 -0.056640
v 0.036401 0.433802 -0.054479
v 0.036120 0.483455 -0.054057
v 0.036613 0.484091 -0.054795
v 0.037979 0.484565 -0.056840
v 0.040063 0.484898 -0.059958
v 0.042708 0.485110 -0.063918
v 0.045761 0.485220 -0.068487
v 0.049066 0.485250 -0.073432
v 0.052467 0.485220 -0.078522
v 0.055809 0.485150 -0.083524
v 0.058937 0.485060 -0.088205
v 0.061695 0.484971 -0.092333
v 0.063929 0.484902 -0.095677
v 0.065483 0.484875 -0.098002
v 0.066938 0.484971 -0.100179
v 0.068285 0.485275 -0.102195
v 0.069536 0.485807 -0.104068
v 0.070703 0.486589 -0.105815
v 0.071798 0.487642 -0.107453
v 0.072832 0.488987 -0.109001
v 0.073817 0.490645 -0.110475
v 0.074764 0.492638 -0.111892
v 0.075685 0.494987 -0.113271
v 0.076593 0.497713 -0.114629
v 0.077497 0.500838 -0.115983
v 0.078411 0.504382 -0.117351
v 0.078642 0.508152 -0.117697
v 0.077622 0.512080 -0.116169
v 0.075489 0.516148 -0.112978
v 0.072384 0.520340 -0.108331
v 0.068446 0.524637 -0.102437
v 0.063815 0.529022 -0.095506
v 0.058630 0.533478 -0.087746
v 0.053031 0.537988 -0.079366
v 0.047156 0.542532 -0.070575
v 0.041147 0.547096 -0.061581
v 0.035143 0.551660 -0.052594
v 0.029282 0.556207 -0.043823
v 0.029212 0.556331 -0.043718
v 0.028996 0.566136 -0.043396
v 0.029998 0.568071 -0.044894
v 0.032612 0.570612 -0.048808
v 0.036513 0.574007 -0.054646
v 0.041374 0.578503 -0.061920
v 0.046865 0.584347 -0.070139
v 0.052662 0.591788 -0.078814
v 0.058435 0.601073 -0.087455
v 0.063859 0.612449 -0.095571
v 0.068604 0.626164 -0.102674
v 0.072345 0.642466 -0.108272
v 0.074754 0.661603 -0.111877
v 0.075503 0.683821 -0.112998
v 0.074589 0.704616 -0.111630
v 0.072290 0.723793 -0.108189
v 0.068757 0.741315 -0.102903
v 0.064143 0.757147 -0.095996
v 0.058596 0.771251 -0.087696
v 0.052270 0.783593 -0.078227
v 0.045314 0.794135 -0.067817
v 0.037879 0.802841 -0.056690
v 0.030118 0.809676 -0.045074
v 0.022180 0.814603 -0.033195
v 0.014217 0.817586 -0.021277
v 0.006380 0.818588 -0.009548
v -0.000000 -0.000077 -0.000000
v 0.001140 -0.000028 -0.002751
v 0.004329 0.000105 -0.010452
v 0.073377 -0.000085 -0.177148
v 0.075319 0.000105 -0.181836
v 0.077155 0.000648 -0.186270
v 0.078874 0.001502 -0.190419
v 0.080464 0.002623 -0.194256
v 0.081911 0.003969 -0.197751
v 0.083205 0.005498 -0.200874
v 0.084333 0.007166 -0.203597
v 0.085282 0.008932 -0.205890
v 0.086042 0.010752 -0.207725
v 0.086600 0.012585 -0.209071
v 0.086943 0.014387 -0.209900
v 0.087061 0.042056 -0.210183
v 0.087061 0.044079 -0.210183
v 0.086751 0.047543 -0.209436
v 0.085896 0.050191 -0.207371
v 0.084603 0.052168 -0.204249
v 0.082982 0.053620 -0.200336
v 0.081141 0.054690 -0.195892
v 0.079190 0.055525 -0.191182
v 0.077238 0.056269 -0.186468
v 0.075393 0.057068 -0.182014
v 0.073764 0.058066 -0.178081
v 0.072460 0.059409 -0.174934
v 0.071591 0.061241 -0.172835
v 0.071264 0.063708 -0.172047
v 0.071571 0.066288 -0.172788
v 0.072452 0.068492 -0.174916
v 0.073794 0.070514 -0.178154
v 0.075481 0.072549 -0.182226
v 0.077399 0.074793 -0.186857
v 0.079434 0.077439 -0.191771
v 0.081472 0.080682 -0.196690
v 0.083398 0.084718 -0.201340
v 0.085097 0.089741 -0.205443
v 0.086457 0.095945 -0.208725
v 0.087361 0.103526 -0.210908
v 0.087696 0.112678 -0.211717
v 0.087054 0.122639 -0.210167
v 0.085256 0.132512 -0.205827
v 0.082533 0.142293 -0.199252
v 0.079113 0.151973 -0.190995
v 0.075226 0.161549 -0.181612
v 0.071103 0.171014 -0.171657
v 0.066972 0.180361 -0.161685
v 0.063063 0.189586 -0.152249
v 0.059607 0.198681 -0.143904
v 0.056832 0.207642 -0.137205
v 0.054968 0.216462 -0.132706
v 0.054246 0.225135 -0.130961
v 0.054193 0.232961 -0.130833
v 0.054165 0.239341 -0.130767
v 0.054134 0.244419 -0.130691
v 0.054069 0.248341 -0.130535
v 0.053942 0.251253 -0.130227
v 0.053722 0.253300 -0.129696
v 0.053380 0.254628 -0.128871
v 0.052887 0.255381 -0.127681
v 0.052213 0.255706 -0.126054
v 0.051329 0.255748 -0.123920
v 0.050205 0.255652 -0.121206
v 0.048812 0.255564 -0.117843
v 0.047621 0.255925 -0.114968
v 0.045811 0.257486 -0.110597
v 0.043523 0.260903 -0.105074
v 0.040900 0.266832 -0.098741
v 0.038083 0.275929 -0.091940
v 0.035215 0.288851 -0.085016
v 0.032437 0.306254 -0.078310
v 0.029892 0.328794 -0.072166
v 0.027722 0.357128 -0.066927
v 0.026068 0.391912 -0.062935
v 0.025074 0.433802 -0.060533
v 0.024880 0.483455 -0.060065
v 0.025220 0.484091 -0.060885
v 0.026161 0.484565 -0.063157
v 0.027596 0.484898 -0.066622
v 0.029418 0.485110 -0.071022
v 0.031521 0.485220 -0.076098
v 0.033797 0.485250 -0.081593
v 0.036140 0.485220 -0.087249
v 0.038442 0.485150 -0.092807
v 0.040596 0.485060 -0.098008
v 0.042496 0.484971 -0.102595
v 0.044035 0.484902 -0.106310
v 0.045105 0.484875 -0.108894
v 0.046107 0.484971 -0.111313
v 0.047035 0.485275 -0.113553
v 0.047897 0.485807 -0.115634
v 0.048701 0.486589 -0.117575
v 0.049455 0.487642 -0.119396
v 0.050168 0.488987 -0.121115
v 0.050846 0.490645 -0.122753
v 0.051498 0.492638 -0.124328
v 0.052133 0.494987 -0.125860
v 0.052758 0.497713 -0.127369
v 0.053381 0.500838 -0.128873
v 0.054011 0.504382 -0.130393
v 0.054170 0.508152 -0.130778
v 0.053467 0.512080 -0.129081
v 0.051998 0.516148 -0.125534
v 0.049859 0.520340 -0.120371
v 0.047147 0.524637 -0.113822
v 0.043957 0.529022 -0.106121
v 0.040385 0.533478 -0.097498
v 0.036528 0.537988 -0.088187
v 0.032482 0.542532 -0.078418
v 0.028343 0.547096 -0.068425
v 0.024207 0.551660 -0.058440
v 0.020170 0.556207 -0.048694
v 0.020121 0.556331 -0.048577
v 0.019973 0.566136 -0.048219
v 0.020663 0.568071 -0.049884
v 0.022464 0.570612 -0.054232
v 0.025151 0.574007 -0.060719
v 0.028499 0.578503 -0.068802
v 0.032282 0.584347 -0.077934
v 0.036274 0.591788 -0.087573
v 0.040251 0.601073 -0.097174
v 0.043987 0.612449 -0.106193
v 0.047255 0.626164 -0.114085
v 0.049832 0.642466 -0.120306
v 0.051491 0.661603 -0.124311
v 0.052007 0.683821 -0.125557
v 0.051378 0.704616 -0.124036
v 0.049794 0.723793 -0.120214
v 0.047361 0.741315 -0.114339
v 0.044182 0.757147 -0.106665
v 0.040362 0.771251 -0.097442
v 0.036004 0.783593 -0.086921
v 0.031213 0.794135 -0.075354
v 0.026092 0.802841 -0.062991
v 0.020745 0.809676 -0.050084
v 0.015278 0.814603 -0.036884
v 0.009793 0.817586 -0.023642
v 0.004394 0.818588 -0.010609
v -0.000000 -0.000077 -0.000000
v 0.000581 -0.000028 -0.002921
v 0.002207 0.000105 -0.011096
v 0.037407 -0.000085 -0.188059
v 0.038397 0.000105 -0.193036
v 0.039333 0.000648 -0.197743
v 0.040210 0.001502 -0.202148
v 0.041020 0.002623 -0.206221
v 0.041758 0.003969 -0.209931
v 0.042417 0.005498 -0.213247
v 0.042992 0.007166 -0.216137
v 0.043477 0.008932 -0.218572
v 0.043864 0.010752 -0.220519
v 0.044148 0.012585 -0.221948
v 0.044323 0.014387 -0.222829
v 0.044383 0.042056 -0.223129
v 0.044383 0.044079 -0.223129
v 0.044225 0.047543 -0.222336
v 0.043789 0.050191 -0.220143
v 0.043130 0.052168 -0.216830
v 0.042304 0.053620 -0.212675
v 0.041365 0.054690 -0.207958
v 0.040371 0.055525 -0.202958
v 0.039375 0.056269 -0.197954
v 0.038435 0.057068 -0.193225
v 0.037604 0.058066 -0.189050
v 0.036940 0.059409 -0.185709
v 0.036497 0.061241 -0.183481
v 0.036330 0.063708 -0.182644
v 0.036487 0.066288 -0.183431
v 0.036936 0.068492 -0.185689
v 0.037620 0.070514 -0.189127
v 0.038480 0.072549 -0.193450
v 0.039458 0.074793 -0.198367
v 0.040495 0.077439 -0.203583
v 0.041534 0.080682 -0.208805
v 0.042516 0.084718 -0.213741
v 0.043382 0.089741 -0.218098
v 0.044075 0.095945 -0.221581
v 0.044536 0.103526 -0.223899
v 0.044707 0.112678 -0.224758
v 0.044380 0.122639 -0.223112
v 0.043463 0.132512 -0.218505
v 0.042075 0.142293 -0.211524
v 0.040331 0.151973 -0.202759
v 0.038350 0.161549 -0.192799
v 0.036248 0.171014 -0.182230
v 0.034142 0.180361 -0.171644
v 0.032149 0.189586 -0.161626
v 0.030387 0.198681 -0.152768
v 0.028973 0.207642 -0.145656
v 0.028023 0.216462 -0.140879
v 0.027654 0.225135 -0.139027
v 0.027627 0.232961 -0.138891
v 0.027613 0.239341 -0.138821
v 0.027597 0.244419 -0.138741
v 0.027564 0.248341 -0.138575
v 0.027499 0.251253 -0.138249
v 0.027387 0.253300 -0.137685
v 0.027213 0.254628 -0.136809
v 0.026962 0.255381 -0.135546
v 0.026618 0.255706 -0.133819
v 0.026167 0.255748 -0.131553
v 0.025594 0.255652 -0.128672
v 0.024884 0.255564 -0.125101
v 0.024277 0.255925 -0.122049
v 0.023354 0.257486 -0.117410
v 0.022188 0.260903 -0.111546
v 0.020851 0.266832 -0.104823
v 0.019415 0.275929 -0.097603
v 0.017952 0.288851 -0.090252
v 0.016536 0.306254 -0.083134
v 0.015239 0.328794 -0.076611
v 0.014133 0.357128 -0.071049
v 0.013290 0.391912 -0.066811
v 0.012783 0.433802 -0.064262
v 0.012684 0.483455 -0.063765
v 0.012857 0.484091 -0.064636
v 0.013337 0.484565 -0.067047
v 0.014068 0.484898 -0.070725
v 0.014997 0.485110 -0.075396
v 0.016069 0.485220 -0.080785
v 0.017230 0.485250 -0.086619
v 0.018424 0.485220 -0.092623
v 0.019597 0.485150 -0.098523
v 0.020696 0.485060 -0.104045
v 0.021665 0.484971 -0.108915
v 0.022449 0.484902 -0.112858
v 0.022995 0.484875 -0.115601
v 0.023505 0.484971 -0.118169
v 0.023978 0.485275 -0.120548
v 0.024418 0.485807 -0.122757
v 0.024828 0.486589 -0.124817
v 0.025212 0.487642 -0.126750
v 0.025575 0.488987 -0.128575
v 0.025921 0.490645 -0.130314
v 0.026254 0.492638 -0.131986
v 0.026577 0.494987 -0.133613
v 0.026896 0.497713 -0.135214
v 0.027213 0.500838 -0.136811
v 0.027534 0.504382 -0.138425
v 0.027616 0.508152 -0.138833
v 0.027257 0.512080 -0.137031
v 0.026508 0.516148 -0.133267
v 0.025418 0.520340 -0.127785
v 0.024035 0.524637 -0.120833
v 0.022409 0.529022 -0.112657
v 0.020588 0.533478 -0.103503
v 0.018622 0.537988 -0.093618
v 0.016559 0.542532 -0.083248
v 0.014449 0.547096 -0.072640
v 0.012340 0.551660 -0.062039
v 0.010282 0.556207 -0.051693
v 0.010258 0.556331 -0.051569
v 0.010182 0.566136 -0.051189
v 0.010534 0.568071 -0.052957
v 0.011452 0.570612 -0.057573
v 0.012822 0.574007 -0.064459
v 0.014528 0.578503 -0.073039
v 0.016457 0.584347 -0.082735
v 0.018492 0.591788 -0.092967
v 0.020520 0.601073 -0.103160
v 0.022424 0.612449 -0.112734
v 0.024091 0.626164 -0.121112
v 0.025404 0.642466 -0.127716
v 0.026250 0.661603 -0.131968
v 0.026513 0.683821 -0.133291
v 0.026192 0.704616 -0.131676
v 0.025385 0.723793 -0.127618
v 0.024144 0.741315 -0.121382
v 0.022524 0.757147 -0.113235
v 0.020576 0.771251 -0.103444
v 0.018355 0.783593 -0.092275
v 0.015912 0.794135 -0.079995
v 0.013301 0.802841 -0.066871
v 0.010576 0.809676 -0.053169
v 0.007788 0.814603 -0.039156
v 0.004992 0.817586 -0.025098
v 0.002240 0.818588 -0.011262
v -0.000000 -0.000077 -0.000000
v -0.000000 -0.000028 -0.002978
v -0.000000 0.000105 -0.011313
v -0.000000 -0.000085 -0.191743
v -0.000000 0.000105 -0.196818
v -0.000000 0.000648 -0.201617
v -0.000000 0.001502 -0.206108
v -0.000000 0.002623 -0.210261
v -0.000000 0.003969 -0.214044
v -0.000000 0.005498 -0.217425
v -0.000000 0.007166 -0.220372
v -0.000000 0.008932 -0.222854
v -0.000000 0.010752 -0.224839
v -0.000000 0.012585 -0.226297
v -0.000000 0.014387 -0.227194
v -0.000000 0.042056 -0.227500
v -0.000000 0.044079 -0.227500
v -0.000000 0.047543 -0.226692
v -0.000000 0.050191 -0.224456
v -0.000000 0.052168 -0.221078
v -0.000000 0.053620 -0.216842
v -0.000000 0.054690 -0.212032
v -0.000000 0.055525 -0.206934
v -0.000000 0.056269 -0.201832
v -0.000000 0.057068 -0.197010
v -0.000000 0.058066 -0.192754
v -0.000000 0.059409 -0.189347
v -0.000000 0.061241 -0.187075
v -0.000000 0.063708 -0.186223
v -0.000000 0.066288 -0.187024
v -0.000000 0.068492 -0.189327
v -0.000000 0.070514 -0.192832
v -0.000000 0.072549 -0.197240
v -0.000000 0.074793 -0.202253
v -0.000000 0.077439 -0.207571
v -0.000000 0.080682 -0.212896
v -0.000000 0.084718 -0.217929
v -0.000000 0.089741 -0.222370
v -0.000000 0.095945 -0.225922
v -0.000000 0.103526 -0.228285
v -0.000000 0.112678 -0.229161
v 0.000000 0.122639 -0.227483
v 0.000000 0.132512 -0.222785
v 0.000000 0.142293 -0.215668
v 0.000000 0.151973 -0.206732
v 0.000000 0.161549 -0.196576
v 0.000000 0.171014 -0.185801
v 0.000000 0.180361 -0.175006
v 0.000000 0.189586 -0.164793
v 0.000000 0.198681 -0.155760
v 0.000000 0.207642 -0.148509
v 0.000000 0.216462 -0.143639
v 0.000000 0.225135 -0.141751
v 0.000000 0.232961 -0.141612
v 0.000000 0.239341 -0.141541
v 0.000000 0.244419 -0.141459
v 0.000000 0.248341 -0.141290
v 0.000000 0.251253 -0.140957
v 0.000000 0.253300 -0.140382
v 0.000000 0.254628 -0.139490
v 0.000000 0.255381 -0.138201
v 0.000000 0.255706 -0.136440
v 0.000000 0.255748 -0.134130
v 0.000000 0.255652 -0.131193
v 0.000000 0.255564 -0.127552
v 0.000000 0.255925 -0.124440
v 0.000000 0.257486 -0.119710
v 0.000000 0.260903 -0.113731
v 0.000000 0.266832 -0.106876
v 0.000000 0.275929 -0.099516
v 0.000000 0.288851 -0.092021
v 0.000000 0.306254 -0.084762
v 0.000000 0.328794 -0.078112
v 0.000000 0.357128 -0.072441
v 0.000000 0.391912 -0.068120
v 0.000000 0.433802 -0.065521
v 0.000000 0.483455 -0.065014
v 0.000000 0.484091 -0.065902
v 0.000000 0.484565 -0.068361
v 0.000000 0.484898 -0.072111
v 0.000000 0.485110 -0.076873
v 0.000000 0.485220 -0.082368
v 0.000000 0.485250 -0.088316
v 0.000000 0.485220 -0.094437
v 0.000000 0.485150 -0.100453
v 0.000000 0.485060 -0.106083
v 0.000000 0.484971 -0.111048
v 0.000000 0.484902 -0.115069
v 0.000000 0.484875 -0.117866
v 0.000000 0.484971 -0.120484
v 0.000000 0.485275 -0.122909
v 0.000000 0.485807 -0.125162
v 0.000000 0.486589 -0.127263
v 0.000000 0.487642 -0.129233
v 0.000000 0.488987 -0.131094
v 0.000000 0.490645 -0.132867
v 0.000000 0.492638 -0.134572
v 0.000000 0.494987 -0.136230
v 0.000000 0.497713 -0.137863
v 0.000000 0.500838 -0.139492
v 0.000000 0.504382 -0.141136
v 0.000000 0.508152 -0.141553
v 0.000000 0.512080 -0.139716
v 0.000000 0.516148 -0.135877
v 0.000000 0.520340 -0.130289
v 0.000000 0.524637 -0.123200
v 0.000000 0.529022 -0.114864
v 0.000000 0.533478 -0.105531
v 0.000000 0.537988 -0.095452
v 0.000000 0.542532 -0.084879
v 0.000000 0.547096 -0.074063
v 0.000000 0.551660 -0.063255
v 0.000000 0.556207 -0.052706
v 0.000000 0.556331 -0.052580
v 0.000000 0.566136 -0.052192
v 0.000000 0.568071 -0.053994
v 0.000000 0.570612 -0.058700
v 0.000000 0.574007 -0.065722
v 0.000000 0.578503 -0.074470
v 0.000000 0.584347 -0.084356
v 0.000000 0.591788 -0.094789
v 0.000000 0.601073 -0.105181
v 0.000000 0.612449 -0.114942
v 0.000000 0.626164 -0.123484
v 0.000000 0.642466 -0.130218
v 0.000000 0.661603 -0.134553
v 0.000000 0.683821 -0.135902
v 0.000000 0.704616 -0.134256
v 0.000000 0.723793 -0.130118
v 0.000000 0.741315 -0.123760
v 0.000000 0.757147 -0.115454
v -0.000000 0.771251 -0.105471
v -0.000000 0.783593 -0.094083
v -0.000000 0.794135 -0.081562
v -0.000000 0.802841 -0.068181
v -0.000000 0.809676 -0.054210
v -0.000000 0.814603 -0.039923
v -0.000000 0.817586 -0.025590
v -0.000000 0.818588 -0.011483
v -0.000000 -0.000077 -0.000000
v -0.000581 -0.000028 -0.002921
v -0.002207 0.000105 -0.011096
v -0.037407 -0.000085 -0.188059
v -0.038397 0.000105 -0.193036
v -0.039333 0.000648 -0.197743
v -0.040210 0.001502 -0.202148
v -0.041020 0.002623 -0.206221
v -0.041758 0.003969 -0.209931
v -0.042417 0.005498 -0.213247
v -0.042992 0.007166 -0.216137
v -0.043477 0.008932 -0.218572
v -0.043864 0.010752 -0.220519
v -0.044148 0.012585 -0.221948
v -0.044323 0.014387 -0.222829
v -0.044383 0.042056 -0.223129
v -0.044383 0.044079 -0.223129
v -0.044225 0.047543 -0.222336
v -0.043789 0.050191 -0.220143
v -0.043130 0.052168 -0.216830
v -0.042304 0.053620 -0.212675
v -0.041365 0.054690 -0.207958
v -0.040371 0.055525 -0.202958
v -0.039375 0.056269 -0.197954
v -0.038435 0.057068 -0.193225
v -0.037604 0.058066 -0.189050
v -0.036940 0.059409 -0.185709
v -0.036497 0.061241 -0.183481
v -0.036330 0.063708 -0.182644
v -0.036487 0.066288 -0.183431
v -0.036936 0.068492 -0.185689
v -0.037620 0.070514 -0.189127
v -0.038480 0.072549 -0.193450
v -0.039458 0.074793 -0.198367
v -0.040495 0.077439 -0.203583
v -0.041534 0.080682 -0.208805
v -0.042516 0.084718 -0.213741
v -0.043382 0.089741 -0.218098
v -0.044075 0.095945 -0.221581
v -0.044536 0.103526 -0.223899
v -0.044707 0.112678 -0.224758
v -0.044380 0.122639 -0.223112
v -0.043463 0.132512 -0.218505
v -0.042075 0.142293 -0.211524
v -0.040331 0.151973 -0.202759
v -0.038350 0.161549 -0.192799
v -0.036248 0.171014 -0.182230
v -0.034142 0.180361 -0.171643
v -0.032149 0.189586 -0.161626
v -0.030387 0.198681 -0.152768
v -0.028973 0.207642 -0.145656
v -0.028023 0.216462 -0.140879
v -0.027654 0.225135 -0.139027
v -0.027627 0.232961 -0.138891
v -0.027613 0.239341 -0.138821
v -0.027597 0.244419 -0.138741
v -0.027564 0.248341 -0.138575
v -0.027499 0.251253 -0.138249
v -0.027387 0.253300 -0.137685
v -0.027213 0.254628 -0.136809
v -0.026962 0.255381 -0.135546
v -0.026618 0.255706 -0.133819
v -0.026167 0.255748 -0.131553
v -0.025594 0.255652 -0.128672
v -0.024884 0.255564 -0.125101
v -0.024277 0.255925 -0.122049
v -0.023354 0.257486 -0.117410
v -0.022188 0.260903 -0.111546
v -0.020851 0.266832 -0.104823
v -0.019415 0.275929 -0.097603
v -0.017952 0.288851 -0.090252
v -0.016536 0.306254 -0.083134
v -0.015239 0.328794 -0.076611
v -0.014133 0.357128 -0.071049
v -0.013290 0.391912 -0.066811
v -0.012782 0.433802 -0.064262
v -0.012684 0.483455 -0.063765
v -0.012857 0.484091 -0.064636
v -0.013336 0.484565 -0.067047
v -0.014068 0.484898 -0.070725
v -0.014997 0.485110 -0.075396
v -0.016069 0.485220 -0.080785
v -0.017230 0.485250 -0.086619
v -0.018424 0.485220 -0.092623
v -0.019597 0.485150 -0.098523
v -0.020696 0.485060 -0.104045
v -0.021664 0.484971 -0.108915
v -0.022449 0.484902 -0.112858
v -0.022995 0.484875 -0.115601
v -0.023505 0.484971 -0.118169
v -0.023978 0.485275 -0.120548
v -0.024418 0.485807 -0.122757
v -0.024828 0.486589 -0.124817
v -0.025212 0.487642 -0.126750
v -0.025575 0.488987 -0.128575
v -0.025921 0.490645 -0.130314
v -0.026254 0.492638 -0.131986
v -0.026577 0.494987 -0.133613
v -0.026896 0.497713 -0.135214
v -0.027213 0.500838 -0.136811
v -0.027534 0.504382 -0.138425
v -0.027616 0.508152 -0.138833
v -0.027257 0.512080 -0.137031
v -0.026508 0.516148 -0.133267
v -0.025418 0.520340 -0.127785
v -0.024035 0.524637 -0.120833
v -0.022409 0.529022 -0.112657
v -0.020588 0.533478 -0.103503
v -0.018622 0.537988 -0.093618
v -0.016559 0.542532 -0.083248
v -0.014449 0.547096 -0.072640
v -0.012340 0.551660 -0.062039
v -0.010282 0.556207 -0.051693
v -0.010258 0.556331 -0.051569
v -0.010182 0.566136 -0.051189
v -0.010534 0.568071 -0.052957
v -0.011452 0.570612 -0.057573
v -0.012822 0.574007 -0.064459
v -0.014528 0.578503 -0.073040
v -0.016457 0.584347 -0.082735
v -0.018492 0.591788 -0.092967
v -0.020520 0.601073 -0.103160
v -0.022424 0.612449 -0.112734
v -0.024091 0.626164 -0.121112
v -0.025404 0.642466 -0.127716
v -0.026250 0.661603 -0.131968
v -0.026513 0.683821 -0.133291
v -0.026192 0.704616 -0.131676
v -0.025385 0.723793 -0.127618
v -0.024144 0.741315 -0.121382
v -0.022524 0.757147 -0.113235
v -0.020576 0.771251 -0.103444
v -0.018355 0.783593 -0.092275
v -0.015912 0.794135 -0.079995
v -0.013301 0.802841 -0.066871
v -0.010576 0.809676 -0.053169
v -0.007789 0.814603 -0.039156
v -0.004992 0.817586 -0.025098
v -0.002240 0.818588 -0.011262
v -0.000000 -0.000077 -0.000000
v -0.001140 -0.000028 -0.002751
v -0.004329 0.000105 -0.010452
v -0.073377 -0.000085 -0.177148
v -0.075319 0.000105 -0.181836
v -0.077155 0.000648 -0.186270
v -0.078874 0.001502 -0.190419
v -0.080464 0.002623 -0.194256
v -0.081911 0.003969 -0.197751
v -0.083205 0.005498 -0.200874
v -0.084333 0.007166 -0.203597
v -0.085283 0.008932 -0.205890
v -0.086042 0.010752 -0.207725
v -0.086600 0.012585 -0.209071
v -0.086943 0.014387 -0.209900
v -0.087061 0.042056 -0.210183
v -0.087061 0.044079 -0.210183
v -0.086751 0.047543 -0.209436
v -0.085896 0.050191 -0.207371
v -0.084603 0.052168 -0.204249
v -0.082982 0.053620 -0.200336
v -0.081141 0.054690 -0.195892
v -0.079190 0.055525 -0.191182
v -0.077238 0.056269 -0.186468
v -0.075393 0.057068 -0.182014
v -0.073764 0.058066 -0.178081
v -0.072460 0.059409 -0.174934
v -0.071591 0.061241 -0.172835
v -0.071264 0.063708 -0.172047
v -0.071571 0.066288 -0.172788
v -0.072452 0.068492 -0.174916
v -0.073794 0.070514 -0.178154
v -0.075481 0.072549 -0.182226
v -0.077399 0.074793 -0.186857
v -0.079434 0.077439 -0.191771
v -0.081472 0.080682 -0.196690
v -0.083398 0.084718 -0.201340
v -0.085097 0.089741 -0.205443
v -0.086457 0.095945 -0.208725
v -0.087361 0.103526 -0.210908
v -0.087696 0.112678 -0.211717
v -0.087054 0.122639 -0.210167
v -0.085256 0.132512 -0.205827
v -0.082533 0.142293 -0.199252
v -0.079113 0.151973 -0.190995
v -0.075226 0.161549 -0.181612
v -0.071103 0.171014 -0.171657
v -0.066972 0.180361 -0.161685
v -0.063063 0.189586 -0.152249
v -0.059607 0.198681 -0.143904
v -0.056832 0.207642 -0.137205
v -0.054968 0.216462 -0.132706
v -0.054246 0.225135 -0.130961
v -0.054193 0.232961 -0.130833
v -0.054165 0.239341 -0.130767
v -0.054134 0.244419 -0.130691
v -0.054069 0.248341 -0.130535
v -0.053942 0.251253 -0.130227
v -0.053722 0.253300 -0.129696
v -0.053380 0.254628 -0.128871
v -0.052887 0.255381 -0.127681
v -0.052213 0.255706 -0.126054
v -0.051329 0.255748 -0.123920
v -0.050205 0.255652 -0.121206
v -0.048812 0.255564 -0.117843
v -0.047621 0.255925 -0.114968
v -0.045811 0.257486 -0.110597
v -0.043523 0.260903 -0.105074
v -0.040900 0.266832 -0.098741
v -0.038083 0.275929 -0.091940
v -0.035215 0.288851 -0.085016
v -0.032437 0.306254 -0.078310
v -0.029892 0.328794 -0.072166
v -0.027722 0.357128 -0.066927
v -0.026068 0.391912 -0.062935
v -0.025074 0.433802 -0.060533
v -0.024880 0.483455 -0.060065
v -0.025220 0.484091 -0.060885
v -0.026160 0.484565 -0.063157
v -0.027596 0.484898 -0.066622
v -0.029418 0.485110 -0.071022
v -0.031521 0.485220 -0.076098
v -0.033797 0.485250 -0.081593
v -0.036140 0.485220 -0.087249
v -0.038442 0.485150 -0.092807
v -0.040596 0.485060 -0.098008
v -0.042496 0.484971 -0.102595
v -0.044035 0.484902 -0.106310
v -0.045105 0.484875 -0.108894
v -0.046107 0.484971 -0.111313
v -0.047035 0.485275 -0.113553
v -0.047897 0.485807 -0.115634
v -0.048701 0.486589 -0.117575
v -0.049455 0.487642 -0.119396
v -0.050168 0.488987 -0.121115
v -0.050846 0.490645 -0.122753
v -0.051498 0.492638 -0.124328
v -0.052133 0.494987 -0.125860
v -0.052758 0.497713 -0.127369
v -0.053381 0.500838 -0.128873
v -0.054011 0.504382 -0.130393
v -0.054170 0.508152 -0.130778
v -0.053467 0.512080 -0.129081
v -0.051998 0.516148 -0.125534
v -0.049859 0.520340 -0.120371
v -0.047147 0.524637 -0.113822
v -0.043957 0.529022 -0.106121
v -0.040385 0.533478 -0.097498
v -0.036528 0.537988 -0.088187
v -0.032482 0.542532 -0.078418
v -0.028343 0.547096 -0.068425
v -0.024207 0.551660 -0.058440
v -0.020170 0.556207 -0.048694
v -0.020121 0.556331 -0.048577
v -0.019973 0.566136 -0.048219
v -0.020663 0.568071 -0.049884
v -0.022464 0.570612 -0.054232
v -0.025151 0.574007 -0.060720
v -0.028499 0.578503 -0.068802
v -0.032281 0.584347 -0.077934
v -0.036274 0.591788 -0.087573
v -0.040251 0.601073 -0.097174
v -0.043986 0.612449 -0.106193
v -0.047255 0.626164 -0.114085
v -0.049832 0.642466 -0.120306
v -0.051491 0.661603 -0.124311
v -0.052007 0.683821 -0.125557
v -0.051378 0.704616 -0.124037
v -0.049794 0.723793 -0.120214
v -0.047361 0.741315 -0.114339
v -0.044182 0.757147 -0.106665
v -0.040362 0.771251 -0.097442
v -0.036004 0.783593 -0.086921
v -0.031213 0.794135 -0.075354
v -0.026092 0.802841 -0.062991
v -0.020745 0.809676 -0.050084
v -0.015278 0.814603 -0.036884
v -0.009793 0.817586 -0.023642
v -0.004394 0.818588 -0.010609
v -0.000000 -0.000077 -0.000000
v -0.001654 -0.000028 -0.002476
v -0.006285 0.000105 -0.009407
v -0.106527 -0.000085 -0.159429
v -0.109346 0.000105 -0.163648
v -0.112012 0.000648 -0.167638
v -0.114508 0.001502 -0.171373
v -0.116815 0.002623 -0.174826
v -0.118916 0.003969 -0.177971
v -0.120795 0.005498 -0.180782
v -0.122432 0.007166 -0.183232
v -0.123811 0.008932 -0.185296
v -0.124914 0.010752 -0.186947
v -0.125724 0.012585 -0.188159
v -0.126222 0.014387 -0.188905
v -0.126392 0.042056 -0.189160
v -0.126392 0.044079 -0.189160
v -0.125943 0.047543 -0.188487
v -0.124701 0.050191 -0.186629
v -0.122824 0.052168 -0.183820
v -0.120471 0.053620 -0.180297
v -0.117799 0.054690 -0.176298
v -0.114966 0.055525 -0.172059
v -0.112132 0.056269 -0.167817
v -0.109453 0.057068 -0.163808
v -0.107088 0.058066 -0.160269
v -0.105196 0.059409 -0.157437
v -0.103934 0.061241 -0.155548
v -0.103460 0.063708 -0.154838
v -0.103905 0.066288 -0.155505
v -0.105185 0.068492 -0.157420
v -0.107132 0.070514 -0.160334
v -0.109581 0.072549 -0.163999
v -0.112366 0.074793 -0.168167
v -0.115320 0.077439 -0.172589
v -0.118279 0.080682 -0.177017
v -0.121075 0.084718 -0.181201
v -0.123542 0.089741 -0.184894
v -0.125516 0.095945 -0.187847
v -0.126829 0.103526 -0.189812
v -0.127315 0.112678 -0.190540
v -0.126383 0.122639 -0.189145
v -0.123773 0.132512 -0.185239
v -0.119819 0.142293 -0.179322
v -0.114854 0.151973 -0.171891
v -0.109212 0.161549 -0.163447
v -0.103225 0.171014 -0.154488
v -0.097228 0.180361 -0.145512
v -0.091554 0.189586 -0.137020
v -0.086536 0.198681 -0.129510
v -0.082507 0.207642 -0.123481
v -0.079802 0.216462 -0.119432
v -0.078753 0.225135 -0.117862
v -0.078676 0.232961 -0.117746
v -0.078636 0.239341 -0.117687
v -0.078590 0.244419 -0.117619
v -0.078497 0.248341 -0.117478
v -0.078311 0.251253 -0.117201
v -0.077992 0.253300 -0.116724
v -0.077496 0.254628 -0.115981
v -0.076780 0.255381 -0.114910
v -0.075802 0.255706 -0.113446
v -0.074519 0.255748 -0.111525
v -0.072887 0.255652 -0.109083
v -0.070864 0.255564 -0.106056
v -0.069135 0.255925 -0.103468
v -0.066507 0.257486 -0.099535
v -0.063186 0.260903 -0.094564
v -0.059377 0.266832 -0.088864
v -0.055288 0.275929 -0.082744
v -0.051124 0.288851 -0.076512
v -0.047091 0.306254 -0.070477
v -0.043397 0.328794 -0.064948
v -0.040246 0.357128 -0.060232
v -0.037846 0.391912 -0.056640
v -0.036401 0.433802 -0.054479
v -0.036120 0.483455 -0.054057
v -0.036613 0.484091 -0.054795
v -0.037979 0.484565 -0.056840
v -0.040063 0.484898 -0.059958
v -0.042708 0.485110 -0.063918
v -0.045761 0.485220 -0.068487
v -0.049066 0.485250 -0.073432
v -0.052467 0.485220 -0.078522
v -0.055809 0.485150 -0.083524
v -0.058937 0.485060 -0.088205
v -0.061695 0.484971 -0.092333
v -0.063929 0.484902 -0.095677
v -0.065483 0.484875 -0.098002
v -0.066938 0.484971 -0.100179
v -0.068285 0.485275 -0.102195
v -0.069536 0.485807 -0.104068
v -0.070703 0.486589 -0.105815
v -0.071798 0.487642 -0.107453
v -0.072832 0.488987 -0.109001
v -0.073817 0.490645 -0.110475
v -0.074764 0.492638 -0.111892
v -0.075685 0.494987 -0.113271
v -0.076593 0.497713 -0.114629
v -0.077497 0.500838 -0.115983
v -0.078411 0.504382 -0.117351
v -0.078642 0.508152 -0.117697
v -0.077622 0.512080 -0.116170
v -0.075489 0.516148 -0.112978
v -0.072384 0.520340 -0.108331
v -0.068446 0.524637 -0.102437
v -0.063815 0.529022 -0.095506
v -0.058630 0.533478 -0.087746
v -0.053031 0.537988 -0.079366
v -0.047156 0.542532 -0.070575
v -0.041147 0.547096 -0.061581
v -0.035142 0.551660 -0.052595
v -0.029282 0.556207 -0.043823
v -0.029212 0.556331 -0.043718
v -0.028996 0.566136 -0.043396
v -0.029997 0.568071 -0.044894
v -0.032612 0.570612 -0.048808
v -0.036513 0.574007 -0.054646
v -0.041374 0.578503 -0.061920
v -0.046865 0.584347 -0.070139
v -0.052662 0.591788 -0.078814
v -0.058435 0.601073 -0.087455
v -0.063859 0.612449 -0.095571
v -0.068604 0.626164 -0.102674
v -0.072345 0.642466 -0.108272
v -0.074754 0.661603 -0.111877
v -0.075503 0.683821 -0.112998
v -0.074589 0.704616 -0.111630
v -0.072290 0.723793 -0.108189
v -0.068757 0.741315 -0.102903
v -0.064143 0.757147 -0.095996
v -0.058596 0.771251 -0.087696
v -0.052270 0.783593 -0.078227
v -0.045314 0.794135 -0.067817
v -0.037879 0.802841 -0.056690
v -0.030118 0.809676 -0.045074
v -0.022180 0.814603 -0.033195
v -0.014217 0.817586 -0.021277
v -0.006380 0.818588 -0.009548
v -0.000000 -0.000077 -0.000000
v -0.002106 -0.000028 -0.002106
v -0.008000 0.000105 -0.008000
v -0.135583 -0.000085 -0.135583
v -0.139171 0.000105 -0.139171
v -0.142565 0.000648 -0.142565
v -0.145741 0.001502 -0.145741
v -0.148677 0.002623 -0.148677
v -0.151352 0.003969 -0.151352
v -0.153742 0.005498 -0.153742
v -0.155826 0.007166 -0.155826
v -0.157581 0.008932 -0.157581
v -0.158985 0.010752 -0.158985
v -0.160016 0.012585 -0.160016
v -0.160651 0.014387 -0.160651
v -0.160867 0.042056 -0.160867
v -0.160867 0.044079 -0.160867
v -0.160295 0.047543 -0.160295
v -0.158715 0.050191 -0.158715
v -0.156326 0.052168 -0.156326
v -0.153330 0.053620 -0.153330
v -0.149929 0.054690 -0.149929
v -0.146325 0.055525 -0.146325
v -0.142717 0.056269 -0.142717
v -0.139307 0.057068 -0.139307
v -0.136298 0.058066 -0.136298
v -0.133889 0.059409 -0.133889
v -0.132282 0.061241 -0.132282
v -0.131679 0.063708 -0.131679
v -0.132246 0.066288 -0.132246
v -0.133875 0.068492 -0.133875
v -0.136353 0.070514 -0.136353
v -0.139470 0.072549 -0.139470
v -0.143014 0.074793 -0.143014
v -0.146775 0.077439 -0.146775
v -0.150540 0.080682 -0.150540
v -0.154099 0.084718 -0.154099
v -0.157240 0.089741 -0.157240
v -0.159751 0.095945 -0.159751
v -0.161422 0.103526 -0.161422
v -0.162041 0.112678 -0.162041
v -0.160855 0.122639 -0.160855
v -0.157533 0.132512 -0.157533
v -0.152501 0.142293 -0.152501
v -0.146181 0.151973 -0.146181
v -0.139000 0.161549 -0.139000
v -0.131381 0.171014 -0.131381
v -0.123748 0.180361 -0.123748
v -0.116526 0.189586 -0.116526
v -0.110139 0.198681 -0.110139
v -0.105012 0.207642 -0.105012
v -0.101568 0.216462 -0.101568
v -0.100233 0.225135 -0.100233
v -0.100135 0.232961 -0.100135
v -0.100084 0.239341 -0.100085
v -0.100027 0.244419 -0.100027
v -0.099907 0.248341 -0.099907
v -0.099672 0.251253 -0.099672
v -0.099265 0.253300 -0.099265
v -0.098634 0.254628 -0.098634
v -0.097723 0.255381 -0.097723
v -0.096478 0.255706 -0.096478
v -0.094844 0.255748 -0.094844
v -0.092767 0.255652 -0.092767
v -0.090193 0.255564 -0.090193
v -0.087993 0.255925 -0.087993
v -0.084648 0.257486 -0.084648
v -0.080420 0.260903 -0.080420
v -0.075573 0.266832 -0.075573
v -0.070368 0.275929 -0.070368
v -0.065068 0.288851 -0.065068
v -0.059936 0.306254 -0.059936
v -0.055234 0.328794 -0.055234
v -0.051223 0.357128 -0.051224
v -0.048168 0.391912 -0.048168
v -0.046330 0.433802 -0.046330
v -0.045972 0.483455 -0.045972
v -0.046600 0.484091 -0.046600
v -0.048338 0.484565 -0.048338
v -0.050990 0.484898 -0.050990
v -0.054357 0.485110 -0.054358
v -0.058243 0.485220 -0.058243
v -0.062449 0.485250 -0.062449
v -0.066777 0.485220 -0.066777
v -0.071031 0.485150 -0.071031
v -0.075012 0.485060 -0.075012
v -0.078523 0.484971 -0.078523
v -0.081366 0.484902 -0.081366
v -0.083344 0.484875 -0.083344
v -0.085195 0.484971 -0.085195
v -0.086910 0.485275 -0.086910
v -0.088503 0.485807 -0.088503
v -0.089988 0.486589 -0.089988
v -0.091382 0.487642 -0.091382
v -0.092698 0.488987 -0.092698
v -0.093951 0.490645 -0.093951
v -0.095157 0.492638 -0.095157
v -0.096329 0.494987 -0.096329
v -0.097484 0.497713 -0.097484
v -0.098635 0.500838 -0.098636
v -0.099798 0.504382 -0.099799
v -0.100093 0.508152 -0.100093
v -0.098794 0.512080 -0.098794
v -0.096080 0.516148 -0.096080
v -0.092128 0.520340 -0.092128
v -0.087116 0.524637 -0.087116
v -0.081221 0.529022 -0.081221
v -0.074622 0.533478 -0.074622
v -0.067495 0.537988 -0.067495
v -0.060019 0.542532 -0.060019
v -0.052370 0.547096 -0.052371
v -0.044728 0.551660 -0.044728
v -0.037269 0.556207 -0.037269
v -0.037179 0.556331 -0.037179
v -0.036905 0.566136 -0.036906
v -0.038180 0.568071 -0.038180
v -0.041507 0.570612 -0.041508
v -0.046473 0.574007 -0.046473
v -0.052658 0.578503 -0.052659
v -0.059648 0.584347 -0.059648
v -0.067026 0.591788 -0.067026
v -0.074374 0.601073 -0.074374
v -0.081276 0.612449 -0.081277
v -0.087317 0.626164 -0.087317
v -0.092078 0.642466 -0.092078
v -0.095144 0.661603 -0.095144
v -0.096097 0.683821 -0.096097
v -0.094933 0.704616 -0.094933
v -0.092007 0.723793 -0.092008
v -0.087512 0.741315 -0.087512
v -0.081638 0.757147 -0.081638
v -0.074579 0.771251 -0.074579
v -0.066527 0.783593 -0.066527
v -0.057673 0.794135 -0.057673
v -0.048211 0.802841 -0.048211
v -0.038333 0.809676 -0.038333
v -0.028230 0.814603 -0.028230
v -0.018095 0.817586 -0.018095
v -0.008120 0.818588 -0.008120
v -0.000000 -0.000077 -0.000000
v -0.002476 -0.000028 -0.001654
v -0.009407 0.000105 -0.006285
v -0.159429 -0.000085 -0.106527
v -0.163648 0.000105 -0.109346
v -0.167638 0.000648 -0.112012
v -0.171373 0.001502 -0.114508
v -0.174826 0.002623 -0.116815
v -0.177971 0.003969 -0.118916
v -0.180782 0.005498 -0.120795
v -0.183232 0.007166 -0.122432
v -0.185296 0.008932 -0.123811
v -0.186947 0.010752 -0.124914
v -0.188159 0.012585 -0.125724
v -0.188905 0.014387 -0.126222
v -0.189160 0.042056 -0.126392
v -0.189160 0.044079 -0.126392
v -0.188487 0.047543 -0.125943
v -0.186629 0.050191 -0.124701
v -0.183820 0.052168 -0.122824
v -0.180297 0.053620 -0.120471
v -0.176298 0.054690 -0.117799
v -0.172059 0.055525 -0.114966
v -0.167817 0.056269 -0.112132
v -0.163808 0.057068 -0.109453
v -0.160269 0.058066 -0.107088
v -0.157437 0.059409 -0.105196
v -0.155548 0.061241 -0.103934
v -0.154838 0.063708 -0.103460
v -0.155505 0.066288 -0.103905
v -0.157420 0.068492 -0.105185
v -0.160334 0.070514 -0.107132
v -0.163999 0.072549 -0.109581
v -0.168167 0.074793 -0.112366
v -0.172589 0.077439 -0.115320
v -0.177017 0.080682 -0.118279
v -0.181201 0.084718 -0.121075
v -0.184894 0.089741 -0.123542
v -0.187847 0.095945 -0.125516
v -0.189812 0.103526 -0.126829
v -0.190540 0.112678 -0.127315
v -0.189145 0.122639 -0.126383
v -0.185239 0.132512 -0.123773
v -0.179322 0.142293 -0.119819
v -0.171891 0.151973 -0.114854
v -0.163447 0.161549 -0.109212
v -0.154488 0.171014 -0.103225
v -0.145512 0.180361 -0.097228
v -0.137020 0.189586 -0.091554
v -0.129510 0.198681 -0.086536
v -0.123481 0.207642 -0.082507
v -0.119432 0.216462 -0.079802
v -0.117862 0.225135 -0.078753
v -0.117746 0.232961 -0.078676
v -0.117687 0.239341 -0.078636
v -0.117619 0.244419 -0.078590
v -0.117478 0.248341 -0.078497
v -0.117201 0.251253 -0.078312
v -0.116724 0.253300 -0.077992
v -0.115981 0.254628 -0.077496
v -0.114910 0.255381 -0.076780
v -0.113446 0.255706 -0.075802
v -0.111525 0.255748 -0.074519
v -0.109083 0.255652 -0.072887
v -0.106055 0.255564 -0.070864
v -0.103468 0.255925 -0.069135
v -0.099535 0.257486 -0.066507
v -0.094564 0.260903 -0.063186
v -0.088864 0.266832 -0.059377
v -0.082744 0.275929 -0.055288
v -0.076512 0.288851 -0.051124
v -0.070477 0.306254 -0.047091
v -0.064948 0.328794 -0.043397
v -0.060232 0.357128 -0.040246
v -0.056640 0.391912 -0.037846
v -0.054479 0.433802 -0.036402
v -0.054057 0.483455 -0.036120
v -0.054795 0.484091 -0.036613
v -0.056840 0.484565 -0.037979
v -0.059958 0.484898 -0.040063
v -0.063918 0.485110 -0.042708
v -0.068486 0.485220 -0.045761
v -0.073432 0.485250 -0.049066
v -0.078522 0.485220 -0.052467
v -0.083524 0.485150 -0.055809
v -0.088205 0.485060 -0.058937
v -0.092333 0.484971 -0.061695
v -0.095677 0.484902 -0.063929
v -0.098002 0.484875 -0.065483
v -0.100179 0.484971 -0.066938
v -0.102195 0.485275 -0.068285
v -0.104068 0.485807 -0.069536
v -0.105815 0.486589 -0.070703
v -0.107453 0.487642 -0.071798
v -0.109001 0.488987 -0.072832
v -0.110475 0.490645 -0.073817
v -0.111892 0.492638 -0.074764
v -0.113271 0.494987 -0.075686
v -0.114629 0.497713 -0.076593
v -0.115983 0.500838 -0.077497
v -0.117351 0.504382 -0.078411
v -0.117697 0.508152 -0.078642
v -0.116169 0.512080 -0.077622
v -0.112978 0.516148 -0.075490
v -0.108331 0.520340 -0.072384
v -0.102437 0.524637 -0.068447
v -0.095506 0.529022 -0.063815
v -0.087746 0.533478 -0.058630
v -0.079366 0.537988 -0.053031
v -0.070575 0.542532 -0.047157
v -0.061581 0.547096 -0.041147
v -0.052594 0.551660 -0.035143
v -0.043823 0.556207 -0.029282
v -0.043718 0.556331 -0.029212
v -0.043396 0.566136 -0.028997
v -0.044894 0.568071 -0.029998
v -0.048808 0.570612 -0.032612
v -0.054646 0.574007 -0.036513
v -0.061920 0.578503 -0.041374
v -0.070139 0.584347 -0.046866
v -0.078814 0.591788 -0.052662
v -0.087455 0.601073 -0.058435
v -0.095571 0.612449 -0.063859
v -0.102674 0.626164 -0.068604
v -0.108272 0.642466 -0.072345
v -0.111877 0.661603 -0.074754
v -0.112998 0.683821 -0.075503
v -0.111630 0.704616 -0.074589
v -0.108189 0.723793 -0.072290
v -0.102903 0.741315 -0.068757
v -0.095996 0.757147 -0.064143
v -0.087696 0.771251 -0.058596
v -0.078227 0.783593 -0.052270
v -0.067817 0.794135 -0.045314
v -0.056690 0.802841 -0.037879
v -0.045074 0.809676 -0.030118
v -0.033195 0.814603 -0.022180
v -0.021277 0.817586 -0.014217
v -0.009548 0.818588 -0.006380
v -0.000000 -0.000077 -0.000000
v -0.002751 -0.000028 -0.001140
v -0.010452 0.000105 -0.004329
v -0.177148 -0.000085 -0.073377
v -0.181836 0.000105 -0.075319
v -0.186270 0.000648 -0.077155
v -0.190419 0.001502 -0.078874
v -0.194256 0.002623 -0.080463
v -0.197751 0.003969 -0.081911
v -0.200874 0.005498 -0.083205
v -0.203597 0.007166 -0.084333
v -0.205890 0.008932 -0.085282
v -0.207725 0.010752 -0.086042
v -0.209071 0.012585 -0.086600
v -0.209900 0.014387 -0.086943
v -0.210183 0.042056 -0.087061
v -0.210183 0.044079 -0.087061
v -0.209436 0.047543 -0.086751
v -0.207371 0.050191 -0.085896
v -0.204249 0.052168 -0.084603
v -0.200336 0.053620 -0.082982
v -0.195892 0.054690 -0.081141
v -0.191182 0.055525 -0.079190
v -0.186468 0.056269 -0.077238
v -0.182014 0.057068 -0.075393
v -0.178081 0.058066 -0.073764
v -0.174934 0.059409 -0.072460
v -0.172835 0.061241 -0.071591
v -0.172047 0.063708 -0.071264
v -0.172788 0.066288 -0.071571
v -0.174916 0.068492 -0.072452
v -0.178154 0.070514 -0.073794
v -0.182226 0.072549 -0.075481
v -0.186857 0.074793 -0.077399
v -0.191771 0.077439 -0.079434
v -0.196690 0.080682 -0.081472
v -0.201340 0.084718 -0.083398
v -0.205443 0.089741 -0.085097
v -0.208725 0.095945 -0.086457
v -0.210908 0.103526 -0.087361
v -0.211717 0.112678 -0.087696
v -0.210167 0.122639 -0.087054
v -0.205827 0.132512 -0.085256
v -0.199252 0.142293 -0.082533
v -0.190995 0.151973 -0.079113
v -0.181612 0.161549 -0.075226
v -0.171657 0.171014 -0.071103
v -0.161685 0.180361 -0.066972
v -0.152249 0.189586 -0.063063
v -0.143904 0.198681 -0.059607
v -0.137205 0.207642 -0.056832
v -0.132706 0.216462 -0.054968
v -0.130961 0.225135 -0.054246
v -0.130833 0.232961 -0.054193
v -0.130767 0.239341 -0.054165
v -0.130691 0.244419 -0.054134
v -0.130535 0.248341 -0.054069
v -0.130227 0.251253 -0.053942
v -0.129696 0.253300 -0.053722
v -0.128872 0.254628 -0.053380
v -0.127681 0.255381 -0.052887
v -0.126054 0.255706 -0.052213
v -0.123920 0.255748 -0.051329
v -0.121206 0.255652 -0.050205
v -0.117843 0.255564 -0.048812
v -0.114968 0.255925 -0.047621
v -0.110597 0.257486 -0.045811
v -0.105074 0.260903 -0.043523
v -0.098741 0.266832 -0.040900
v -0.091940 0.275929 -0.038083
v -0.085016 0.288851 -0.035215
v -0.078310 0.306254 -0.032437
v -0.072166 0.328794 -0.029892
v -0.066927 0.357128 -0.027722
v -0.062935 0.391912 -0.026069
v -0.060533 0.433802 -0.025074
v -0.060065 0.483455 -0.024880
v -0.060885 0.484091 -0.025220
v -0.063157 0.484565 -0.026161
v -0.066622 0.484898 -0.027596
v -0.071022 0.485110 -0.029418
v -0.076098 0.485220 -0.031521
v -0.081593 0.485250 -0.033797
v -0.087249 0.485220 -0.036140
v -0.092806 0.485150 -0.038442
v -0.098008 0.485060 -0.040596
v -0.102595 0.484971 -0.042496
v -0.106310 0.484902 -0.044035
v -0.108894 0.484875 -0.045106
v -0.111313 0.484971 -0.046107
v -0.113553 0.485275 -0.047035
v -0.115634 0.485807 -0.047897
v -0.117575 0.486589 -0.048701
v -0.119396 0.487642 -0.049455
v -0.121115 0.488987 -0.050168
v -0.122753 0.490645 -0.050846
v -0.124328 0.492638 -0.051498
v -0.125860 0.494987 -0.052133
v -0.127369 0.497713 -0.052758
v -0.128873 0.500838 -0.053381
v -0.130393 0.504382 -0.054011
v -0.130778 0.508152 -0.054170
v -0.129081 0.512080 -0.053467
v -0.125534 0.516148 -0.051998
v -0.120371 0.520340 -0.049859
v -0.113822 0.524637 -0.047147
v -0.106121 0.529022 -0.043957
v -0.097498 0.533478 -0.040385
v -0.088187 0.537988 -0.036528
v -0.078418 0.542532 -0.032482
v -0.068425 0.547096 -0.028343
v -0.058440 0.551660 -0.024207
v -0.048694 0.556207 -0.020170
v -0.048577 0.556331 -0.020121
v -0.048219 0.566136 -0.019973
v -0.049884 0.568071 -0.020663
v -0.054232 0.570612 -0.022464
v -0.060719 0.574007 -0.025151
v -0.068802 0.578503 -0.028499
v -0.077934 0.584347 -0.032282
v -0.087573 0.591788 -0.036274
v -0.097174 0.601073 -0.040251
v -0.106193 0.612449 -0.043987
v -0.114085 0.626164 -0.047256
v -0.120306 0.642466 -0.049832
v -0.124311 0.661603 -0.051491
v -0.125557 0.683821 -0.052007
v -0.124036 0.704616 -0.051378
v -0.120214 0.723793 -0.049794
v -0.114339 0.741315 -0.047361
v -0.106665 0.757147 -0.044182
v -0.097442 0.771251 -0.040362
v -0.086921 0.783593 -0.036004
v -0.075354 0.794135 -0.031213
v -0.062991 0.802841 -0.026092
v -0.050084 0.809676 -0.020745
v -0.036884 0.814603 -0.015278
v -0.023642 0.817586 -0.009793
v -0.010609 0.818588 -0.004394
v -0.000000 -0.000077 -0.000000
v -0.002921 -0.000028 -0.000581
v -0.011096 0.000105 -0.002207
v -0.188059 -0.000085 -0.037407
v -0.193036 0.000105 -0.038397
v -0.197743 0.000648 -0.039333
v -0.202148 0.001502 -0.040210
v -0.206221 0.002623 -0.041020
v -0.209931 0.003969 -0.041758
v -0.213247 0.005498 -0.042417
v -0.216137 0.007166 -0.042992
v -0.218572 0.008932 -0.043477
v -0.220519 0.010752 -0.043864
v -0.221948 0.012585 -0.044148
v -0.222829 0.014387 -0.044323
v -0.223129 0.042056 -0.044383
v -0.223129 0.044079 -0.044383
v -0.222336 0.047543 -0.044225
v -0.220143 0.050191 -0.043789
v -0.216830 0.052168 -0.043130
v -0.212675 0.053620 -0.042304
v -0.207958 0.054690 -0.041365
v -0.202958 0.055525 -0.040371
v -0.197954 0.056269 -0.039375
v -0.193225 0.057068 -0.038435
v -0.189050 0.058066 -0.037604
v -0.185709 0.059409 -0.036940
v -0.183481 0.061241 -0.036497
v -0.182644 0.063708 -0.036330
v -0.183431 0.066288 -0.036487
v -0.185689 0.068492 -0.036936
v -0.189127 0.070514 -0.037620
v -0.193450 0.072549 -0.038480
v -0.198367 0.074793 -0.039458
v -0.203583 0.077439 -0.040495
v -0.208805 0.080682 -0.041534
v -0.213741 0.084718 -0.042516
v -0.218098 0.089741 -0.043382
v -0.221581 0.095945 -0.044075
v -0.223899 0.103526 -0.044536
v -0.224758 0.112678 -0.044707
v -0.223112 0.122639 -0.044380
v -0.218505 0.132512 -0.043463
v -0.211524 0.142293 -0.042075
v -0.202759 0.151973 -0.040331
v -0.192799 0.161549 -0.038350
v -0.182230 0.171014 -0.036248
v -0.171643 0.180361 -0.034142
v -0.161626 0.189586 -0.032150
v -0.152768 0.198681 -0.030387
v -0.145656 0.207642 -0.028973
v -0.140879 0.216462 -0.028023
v -0.139027 0.225135 -0.027654
v -0.138891 0.232961 -0.027627
v -0.138821 0.239341 -0.027613
v -0.138741 0.244419 -0.027597
v -0.138575 0.248341 -0.027564
v -0.138248 0.251253 -0.027499
v -0.137685 0.253300 -0.027387
v -0.136809 0.254628 -0.027213
v -0.135546 0.255381 -0.026962
v -0.133819 0.255706 -0.026618
v -0.131553 0.255748 -0.026167
v -0.128672 0.255652 -0.025594
v -0.125101 0.255564 -0.024884
v -0.122049 0.255925 -0.024277
v -0.117410 0.257486 -0.023354
v -0.111546 0.260903 -0.022188
v -0.104823 0.266832 -0.020851
v -0.097603 0.275929 -0.019415
v -0.090252 0.288851 -0.017952
v -0.083134 0.306254 -0.016536
v -0.076611 0.328794 -0.015239
v -0.071049 0.357128 -0.014133
v -0.066811 0.391912 -0.013290
v -0.064262 0.433802 -0.012783
v -0.063765 0.483455 -0.012684
v -0.064636 0.484091 -0.012857
v -0.067047 0.484565 -0.013337
v -0.070725 0.484898 -0.014068
v -0.075396 0.485110 -0.014997
v -0.080785 0.485220 -0.016069
v -0.086619 0.485250 -0.017230
v -0.092623 0.485220 -0.018424
v -0.098523 0.485150 -0.019597
v -0.104045 0.485060 -0.020696
v -0.108915 0.484971 -0.021665
v -0.112858 0.484902 -0.022449
v -0.115601 0.484875 -0.022995
v -0.118169 0.484971 -0.023505
v -0.120548 0.485275 -0.023978
v -0.122757 0.485807 -0.024418
v -0.124817 0.486589 -0.024828
v -0.126750 0.487642 -0.025212
v -0.128575 0.488987 -0.025575
v -0.130314 0.490645 -0.025921
v -0.131986 0.492638 -0.026254
v -0.133613 0.494987 -0.026577
v -0.135214 0.497713 -0.026896
v -0.136811 0.500838 -0.027214
v -0.138424 0.504382 -0.027534
v -0.138833 0.508152 -0.027616
v -0.137031 0.512080 -0.027257
v -0.133267 0.516148 -0.026508
v -0.127785 0.520340 -0.025418
v -0.120833 0.524637 -0.024035
v -0.112657 0.529022 -0.022409
v -0.103503 0.533478 -0.020588
v -0.093618 0.537988 -0.018622
v -0.083248 0.542532 -0.016559
v -0.072640 0.547096 -0.014449
v -0.062039 0.551660 -0.012340
v -0.051693 0.556207 -0.010282
v -0.051569 0.556331 -0.010258
v -0.051189 0.566136 -0.010182
v -0.052957 0.568071 -0.010534
v -0.057573 0.570612 -0.011452
v -0.064459 0.574007 -0.012822
v -0.073039 0.578503 -0.014529
v -0.082735 0.584347 -0.016457
v -0.092967 0.591788 -0.018492
v -0.103160 0.601073 -0.020520
v -0.112734 0.612449 -0.022424
v -0.121112 0.626164 -0.024091
v -0.127716 0.642466 -0.025404
v -0.131968 0.661603 -0.026250
v -0.133291 0.683821 -0.026513
v -0.131676 0.704616 -0.026192
v -0.127618 0.723793 -0.025385
v -0.121382 0.741315 -0.024144
v -0.113235 0.757147 -0.022524
v -0.103444 0.771251 -0.020576
v -0.092275 0.783593 -0.018355
v -0.079995 0.794135 -0.015912
v -0.066871 0.802841 -0.013301
v -0.053169 0.809676 -0.010576
v -0.039156 0.814603 -0.007789
v -0.025098 0.817586 -0.004992
v -0.011262 0.818588 -0.002240
v -0.000000 -0.000077 -0.000000
v -0.002978 -0.000028 0.000000
v -0.011313 0.000105 0.000000
v -0.191743 -0.000085 0.000000
v -0.196818 0.000105 0.000000
v -0.201617 0.000648 0.000000
v -0.206108 0.001502 0.000000
v -0.210261 0.002623 0.000000
v -0.214044 0.003969 0.000000
v -0.217425 0.005498 0.000000
v -0.220372 0.007166 0.000000
v -0.222854 0.008932 0.000000
v -0.224839 0.010752 0.000000
v -0.226297 0.012585 0.000000
v -0.227194 0.014387 0.000000
v -0.227500 0.042056 0.000000
v -0.227500 0.044079 0.000000
v -0.226692 0.047543 0.000000
v -0.224456 0.050191 0.000000
v -0.221078 0.052168 0.000000
v -0.216842 0.053620 0.000000
v -0.212032 0.054690 0.000000
v -0.206934 0.055525 0.000000
v -0.201832 0.056269 0.000000
v -0.197010 0.057068 0.000000
v -0.192754 0.058066 0.000000
v -0.189347 0.059409 0.000000
v -0.187075 0.061241 0.000000
v -0.186223 0.063708 0.000000
v -0.187024 0.066288 0.000000
v -0.189327 0.068492 0.000000
v -0.192832 0.070514 0.000000
v -0.197240 0.072549 0.000000
v -0.202253 0.074793 0.000000
v -0.207571 0.077439 0.000000
v -0.212896 0.080682 0.000000
v -0.217929 0.084718 0.000000
v -0.222370 0.089741 0.000000
v -0.225922 0.095945 0.000000
v -0.228285 0.103526 0.000000
v -0.229161 0.112678 0.000000
v -0.227483 0.122639 -0.000000
v -0.222785 0.132512 -0.000000
v -0.215668 0.142293 -0.000000
v -0.206732 0.151973 -0.000000
v -0.196576 0.161549 -0.000000
v -0.185801 0.171014 -0.000000
v -0.175006 0.180361 -0.000000
v -0.164793 0.189586 -0.000000
v -0.155760 0.198681 -0.000000
v -0.148509 0.207642 -0.000000
v -0.143639 0.216462 -0.000000
v -0.141751 0.225135 -0.000000
v -0.141612 0.232961 -0.000000
v -0.141541 0.239341 -0.000000
v -0.141459 0.244419 -0.000000
v -0.141290 0.248341 -0.000000
v -0.140957 0.251253 -0.000000
v -0.140382 0.253300 -0.000000
v -0.139489 0.254628 -0.000000
v -0.138201 0.255381 -0.000000
v -0.136440 0.255706 -0.000000
v -0.134130 0.255748 -0.000000
v -0.131193 0.255652 -0.000000
v -0.127552 0.255564 -0.000000
v -0.124440 0.255925 -0.000000
v -0.119710 0.257486 -0.000000
v -0.113731 0.260903 -0.000000
v -0.106876 0.266832 -0.000000
v -0.099516 0.275929 -0.000000
v -0.092021 0.288851 -0.000000
v -0.084762 0.306254 -0.000000
v -0.078112 0.328794 -0.000000
v -0.072441 0.357128 -0.000000
v -0.068120 0.391912 -0.000000
v -0.065521 0.433802 -0.000000
v -0.065014 0.483455 -0.000000
v -0.065902 0.484091 -0.000000
v -0.068361 0.484565 -0.000000
v -0.072111 0.484898 -0.000000
v -0.076873 0.485110 -0.000000
v -0.082368 0.485220 -0.000000
v -0.088316 0.485250 -0.000000
v -0.094437 0.485220 -0.000000
v -0.100453 0.485150 -0.000000
v -0.106083 0.485060 -0.000000
v -0.111048 0.484971 -0.000000
v -0.115069 0.484902 -0.000000
v -0.117866 0.484875 -0.000000
v -0.120484 0.484971 -0.000000
v -0.122909 0.485275 -0.000000
v -0.125162 0.485807 -0.000000
v -0.127263 0.486589 -0.000000
v -0.129233 0.487642 -0.000000
v -0.131094 0.488987 -0.000000
v -0.132867 0.490645 -0.000000
v -0.134572 0.492638 -0.000000
v -0.136230 0.494987 -0.000000
v -0.137863 0.497713 -0.000000
v -0.139492 0.500838 -0.000000
v -0.141136 0.504382 -0.000000
v -0.141553 0.508152 -0.000000
v -0.139716 0.512080 -0.000000
v -0.135877 0.516148 -0.000000
v -0.130289 0.520340 -0.000000
v -0.123200 0.524637 -0.000000
v -0.114864 0.529022 -0.000000
v -0.105531 0.533478 -0.000000
v -0.095452 0.537988 -0.000000
v -0.084879 0.542532 -0.000000
v -0.074063 0.547096 -0.000000
v -0.063255 0.551660 -0.000000
v -0.052706 0.556207 -0.000000
v -0.052580 0.556331 -0.000000
v -0.052192 0.566136 -0.000000
v -0.053994 0.568071 -0.000000
v -0.058700 0.570612 -0.000000
v -0.065722 0.574007 -0.000000
v -0.074470 0.578503 -0.000000
v -0.084356 0.584347 -0.000000
v -0.094789 0.591788 -0.000000
v -0.105181 0.601073 -0.000000
v -0.114942 0.612449 -0.000000
v -0.123484 0.626164 -0.000000
v -0.130218 0.642466 -0.000000
v -0.134553 0.661603 -0.000000
v -0.135902 0.683821 -0.000000
v -0.134256 0.704616 -0.000000
v -0.130118 0.723793 -0.000000
v -0.123760 0.741315 -0.000000
v -0.115454 0.757147 -0.000000
v -0.105471 0.771251 -0.000000
v -0.094083 0.783593 -0.000000
v -0.081562 0.794135 -0.000000
v -0.068181 0.802841 0.000000
v -0.054210 0.809676 0.000000
v -0.039923 0.814603 0.000000
v -0.025590 0.817586 -0.000000
v -0.011483 0.818588 -0.000000
v -0.000000 -0.000077 -0.000000
v -0.002921 -0.000028 0.000581
v -0.011096 0.000105 0.002207
v -0.188059 -0.000085 0.037407
v -0.193036 0.000105 0.038397
v -0.197743 0.000648 0.039333
v -0.202148 0.001502 0.040210
v -0.206221 0.002623 0.041020
v -0.209931 0.003969 0.041758
v -0.213247 0.005498 0.042417
v -0.216137 0.007166 0.042992
v -0.218572 0.008932 0.043477
v -0.220519 0.010752 0.043864
v -0.221948 0.012585 0.044148
v -0.222829 0.014387 0.044323
v -0.223129 0.042056 0.044383
v -0.223129 0.044079 0.044383
v -0.222336 0.047543 0.044225
v -0.220143 0.050191 0.043789
v -0.216830 0.052168 0.043130
v -0.212675 0.053620 0.042304
v -0.207958 0.054690 0.041365
v -0.202958 0.055525 0.040371
v -0.197954 0.056269 0.039375
v -0.193225 0.057068 0.038435
v -0.189050 0.058066 0.037604
v -0.185709 0.059409 0.036940
v -0.183481 0.061241 0.036497
v -0.182644 0.063708 0.036330
v -0.183431 0.066288 0.036487
v -0.185689 0.068492 0.036936
v -0.189127 0.070514 0.037620
v -0.193450 0.072549 0.038480
v -0.198367 0.074793 0.039458
v -0.203583 0.077439 0.040495
v -0.208805 0.080682 0.041534
v -0.213741 0.084718 0.042516
v -0.218098 0.089741 0.043382
v -0.221581 0.095945 0.044075
v -0.223899 0.103526 0.044536
v -0.224758 0.112678 0.044707
v -0.223112 0.122639 0.044380
v -0.218505 0.132512 0.043463
v -0.211524 0.142293 0.042075
v -0.202759 0.151973 0.040331
v -0.192799 0.161549 0.038350
v -0.182230 0.171014 0.036248
v -0.171643 0.180361 0.034142
v -0.161626 0.189586 0.032149
v -0.152768 0.198681 0.030387
v -0.145656 0.207642 0.028973
v -0.140879 0.216462 0.028023
v -0.139027 0.225135 0.027654
v -0.138891 0.232961 0.027627
v -0.138821 0.239341 0.027613
v -0.138741 0.244419 0.027597
v -0.138575 0.248341 0.027564
v -0.138248 0.251253 0.027499
v -0.137685 0.253300 0.027387
v -0.136809 0.254628 0.027213
v -0.135546 0.255381 0.026962
v -0.133819 0.255706 0.026618
v -0.131553 0.255748 0.026167
v -0.128672 0.255652 0.025594
v -0.125101 0.255564 0.024884
v -0.122049 0.255925 0.024277
v -0.117410 0.257486 0.023354
v -0.111546 0.260903 0.022188
v -0.104823 0.266832 0.020851
v -0.097603 0.275929 0.019415
v -0.090252 0.288851 0.017952
v -0.083134 0.306254 0.016536
v -0.076611 0.328794 0.015239
v -0.071049 0.357128 0.014132
v -0.066811 0.391912 0.013290
v -0.064262 0.433802 0.012782
v -0.063765 0.483455 0.012684
v -0.064636 0.484091 0.012857
v -0.067047 0.484565 0.013336
v -0.070725 0.484898 0.014068
v -0.075396 0.485110 0.014997
v -0.080785 0.485220 0.016069
v -0.086619 0.485250 0.017230
v -0.092623 0.485220 0.018424
v -0.098523 0.485150 0.019597
v -0.104045 0.485060 0.020696
v -0.108915 0.484971 0.021664
v -0.112858 0.484902 0.022449
v -0.115601 0.484875 0.022995
v -0.118169 0.484971 0.023505
v -0.120548 0.485275 0.023978
v -0.122757 0.485807 0.024418
v -0.124817 0.486589 0.024828
v -0.126750 0.487642 0.025212
v -0.128575 0.488987 0.025575
v -0.130314 0.490645 0.025921
v -0.131986 0.492638 0.026254
v -0.133613 0.494987 0.026577
v -0.135214 0.497713 0.026896
v -0.136811 0.500838 0.027213
v -0.138424 0.504382 0.027534
v -0.138833 0.508152 0.027615
v -0.137031 0.512080 0.027257
v -0.133267 0.516148 0.026508
v -0.127785 0.520340 0.025418
v -0.120833 0.524637 0.024035
v -0.112657 0.529022 0.022409
v -0.103503 0.533478 0.020588
v -0.093618 0.537988 0.018622
v -0.083248 0.542532 0.016559
v -0.072640 0.547096 0.014449
v -0.062039 0.551660 0.012340
v -0.051693 0.556207 0.010282
v -0.051569 0.556331 0.010258
v -0.051189 0.566136 0.010182
v -0.052957 0.568071 0.010534
v -0.057573 0.570612 0.011452
v -0.064459 0.574007 0.012822
v -0.073039 0.578503 0.014528
v -0.082735 0.584347 0.016457
v -0.092967 0.591788 0.018492
v -0.103160 0.601073 0.020520
v -0.112734 0.612449 0.022424
v -0.121112 0.626164 0.024091
v -0.127716 0.642466 0.025404
v -0.131968 0.661603 0.026250
v -0.133291 0.683821 0.026513
v -0.131676 0.704616 0.026192
v -0.127618 0.723793 0.025385
v -0.121382 0.741315 0.024144
v -0.113235 0.757147 0.022524
v -0.103444 0.771251 0.020576
v -0.092275 0.783593 0.018355
v -0.079995 0.794135 0.015912
v -0.066871 0.802841 0.013301
v -0.053169 0.809676 0.010576
v -0.039156 0.814603 0.007789
v -0.025098 0.817586 0.004992
v -0.011262 0.818588 0.002240
v -0.000000 -0.000077 -0.000000
v -0.002751 -0.000028 0.001140
v -0.010452 0.000105 0.004329
v -0.177148 -0.000085 0.073377
v -0.181836 0.000105 0.075319
v -0.186270 0.000648 0.077155
v -0.190419 0.001502 0.078874
v -0.194256 0.002623 0.080464
v -0.197751 0.003969 0.081911
v -0.200874 0.005498 0.083205
v -0.203597 0.007166 0.084333
v -0.205890 0.008932 0.085282
v -0.207725 0.010752 0.086042
v -0.209071 0.012585 0.086600
v -0.209900 0.014387 0.086943
v -0.210183 0.042056 0.087061
v -0.210183 0.044079 0.087061
v -0.209436 0.047543 0.086751
v -0.207371 0.050191 0.085896
v -0.204249 0.052168 0.084603
v -0.200336 0.053620 0.082982
v -0.195892 0.054690 0.081141
v -0.191182 0.055525 0.079190
v -0.186468 0.056269 0.077238
v -0.182014 0.057068 0.075393
v -0.178081 0.058066 0.073764
v -0.174934 0.059409 0.072460
v -0.172835 0.061241 0.071591
v -0.172047 0.063708 0.071264
v -0.172788 0.066288 0.071571
v -0.174916 0.068492 0.072452
v -0.178154 0.070514 0.073794
v -0.182226 0.072549 0.075481
v -0.186857 0.074793 0.077399
v -0.191771 0.077439 0.079434
v -0.196690 0.080682 0.081472
v -0.201340 0.084718 0.083398
v -0.205443 0.089741 0.085097
v -0.208725 0.095945 0.086457
v -0.210908 0.103526 0.087361
v -0.211717 0.112678 0.087696
v -0.210167 0.122639 0.087054
v -0.205827 0.132512 0.085256
v -0.199252 0.142293 0.082533
v -0.190995 0.151973 0.079113
v -0.181612 0.161549 0.075226
v -0.171657 0.171014 0.071103
v -0.161685 0.180361 0.066972
v -0.152249 0.189586 0.063063
v -0.143904 0.198681 0.059607
v -0.137205 0.207642 0.056832
v -0.132706 0.216462 0.054968
v -0.130961 0.225135 0.054246
v -0.130833 0.232961 0.054193
v -0.130767 0.239341 0.054165
v -0.130691 0.244419 0.054134
v -0.130535 0.248341 0.054069
v -0.130227 0.251253 0.053942
v -0.129696 0.253300 0.053722
v -0.128871 0.254628 0.053380
v -0.127681 0.255381 0.052887
v -0.126054 0.255706 0.052213
v -0.123920 0.255748 0.051329
v -0.121206 0.255652 0.050205
v -0.117843 0.255564 0.048812
v -0.114968 0.255925 0.047621
v -0.110597 0.257486 0.045811
v -0.105074 0.260903 0.043523
v -0.098741 0.266832 0.040900
v -0.091940 0.275929 0.038083
v -0.085016 0.288851 0.035215
v -0.078310 0.306254 0.032437
v -0.072166 0.328794 0.029892
v -0.066927 0.357128 0.027722
v -0.062935 0.391912 0.026068
v -0.060533 0.433802 0.025074
v -0.060065 0.483455 0.024880
v -0.060885 0.484091 0.025220
v -0.063157 0.484565 0.026160
v -0.066622 0.484898 0.027596
v -0.071022 0.485110 0.029418
v -0.076098 0.485220 0.031521
v -0.081593 0.485250 0.033797
v -0.087249 0.485220 0.036140
v -0.092807 0.485150 0.038442
v -0.098008 0.485060 0.040596
v -0.102595 0.484971 0.042496
v -0.106310 0.484902 0.044035
v -0.108894 0.484875 0.045105
v -0.111313 0.484971 0.046107
v -0.113553 0.485275 0.047035
v -0.115634 0.485807 0.047897
v -0.117575 0.486589 0.048701
v -0.119396 0.487642 0.049455
v -0.121115 0.488987 0.050167
v -0.122753 0.490645 0.050846
v -0.124328 0.492638 0.051498
v -0.125860 0.494987 0.052133
v -0.127369 0.497713 0.052758
v -0.128873 0.500838 0.053381
v -0.130393 0.504382 0.054010
v -0.130778 0.508152 0.054170
v -0.129081 0.512080 0.053467
v -0.125534 0.516148 0.051998
v -0.120371 0.520340 0.049859
v -0.113822 0.524637 0.047147
v -0.106121 0.529022 0.043957
v -0.097498 0.533478 0.040385
v -0.088187 0.537988 0.036528
v -0.078418 0.542532 0.032482
v -0.068425 0.547096 0.028343
v -0.058440 0.551660 0.024206
v -0.048694 0.556207 0.020170
v -0.048577 0.556331 0.020121
v -0.048219 0.566136 0.019973
v -0.049884 0.568071 0.020663
v -0.054232 0.570612 0.022464
v -0.060719 0.574007 0.025151
v -0.068802 0.578503 0.028498
v -0.077934 0.584347 0.032281
v -0.087573 0.591788 0.036274
v -0.097174 0.601073 0.040251
v -0.106193 0.612449 0.043986
v -0.114085 0.626164 0.047255
v -0.120306 0.642466 0.049832
v -0.124311 0.661603 0.051491
v -0.125557 0.683821 0.052007
v -0.124036 0.704616 0.051377
v -0.120214 0.723793 0.049794
v -0.114339 0.741315 0.047361
v -0.106665 0.757147 0.044182
v -0.097442 0.771251 0.040362
v -0.086921 0.783593 0.036004
v -0.075354 0.794135 0.031213
v -0.062991 0.802841 0.026092
v -0.050084 0.809676 0.020745
v -0.036884 0.814603 0.015278
v -0.023642 0.817586 0.009793
v -0.010609 0.818588 0.004394
v -0.000000 -0.000077 -0.000000
v -0.002476 -0.000028 0.001654
v -0.009407 0.000105 0.006285
v -0.159429 -0.000085 0.106527
v -0.163648 0.000105 0.109346
v -0.167638 0.000648 0.112012
v -0.171373 0.001502 0.114508
v -0.174826 0.002623 0.116815
v -0.177971 0.003969 0.118916
v -0.180782 0.005498 0.120795
v -0.183232 0.007166 0.122432
v -0.185296 0.008932 0.123811
v -0.186947 0.010752 0.124914
v -0.188159 0.012585 0.125724
v -0.188905 0.014387 0.126222
v -0.189160 0.042056 0.126392
v -0.189160 0.044079 0.126392
v -0.188487 0.047543 0.125943
v -0.186629 0.050191 0.124701
v -0.183820 0.052168 0.122824
v -0.180297 0.053620 0.120471
v -0.176298 0.054690 0.117799
v -0.172059 0.055525 0.114966
v -0.167817 0.056269 0.112132
v -0.163808 0.057068 0.109453
v -0.160269 0.058066 0.107088
v -0.157437 0.059409 0.105196
v -0.155548 0.061241 0.103934
v -0.154838 0.063708 0.103460
v -0.155505 0.066288 0.103905
v -0.157420 0.068492 0.105185
v -0.160334 0.070514 0.107132
v -0.163999 0.072549 0.109581
v -0.168167 0.074793 0.112366
v -0.172589 0.077439 0.115320
v -0.177017 0.080682 0.118279
v -0.181201 0.084718 0.121075
v -0.184894 0.089741 0.123542
v -0.187847 0.095945 0.125516
v -0.189812 0.103526 0.126829
v -0.190540 0.112678 0.127315
v -0.189145 0.122639 0.126383
v -0.185239 0.132512 0.123773
v -0.179322 0.142293 0.119819
v -0.171891 0.151973 0.114854
v -0.163447 0.161549 0.109212
v -0.154488 0.171014 0.103225
v -0.145512 0.180361 0.097228
v -0.137020 0.189586 0.091554
v -0.129510 0.198681 0.086536
v -0.123481 0.207642 0.082507
v -0.119432 0.216462 0.079802
v -0.117862 0.225135 0.078753
v -0.117746 0.232961 0.078676
v -0.117687 0.239341 0.078636
v -0.117619 0.244419 0.078590
v -0.117478 0.248341 0.078497
v -0.117201 0.251253 0.078311
v -0.116724 0.253300 0.077992
v -0.115981 0.254628 0.077496
v -0.114910 0.255381 0.076780
v -0.113446 0.255706 0.075802
v -0.111525 0.255748 0.074518
v -0.109083 0.255652 0.072887
v -0.106055 0.255564 0.070864
v -0.103468 0.255925 0.069135
v -0.099535 0.257486 0.066507
v -0.094564 0.260903 0.063186
v -0.088864 0.266832 0.059377
v -0.082744 0.275929 0.055288
v -0.076512 0.288851 0.051124
v -0.070477 0.306254 0.047091
v -0.064948 0.328794 0.043397
v -0.060232 0.357128 0.040246
v -0.056640 0.391912 0.037845
v -0.054479 0.433802 0.036401
v -0.054057 0.483455 0.036120
v -0.054795 0.484091 0.036613
v -0.056840 0.484565 0.037979
v -0.059958 0.484898 0.040063
v -0.063918 0.485110 0.042708
v -0.068487 0.485220 0.045761
v -0.073432 0.485250 0.049066
v -0.078522 0.485220 0.052467
v -0.083524 0.485150 0.055809
v -0.088205 0.485060 0.058937
v -0.092333 0.484971 0.061695
v -0.095677 0.484902 0.063929
v -0.098002 0.484875 0.065483
v -0.100179 0.484971 0.066938
v -0.102195 0.485275 0.068285
v -0.104068 0.485807 0.069536
v -0.105815 0.486589 0.070703
v -0.107453 0.487642 0.071798
v -0.109001 0.488987 0.072832
v -0.110475 0.490645 0.073817
v -0.111892 0.492638 0.074764
v -0.113271 0.494987 0.075685
v -0.114629 0.497713 0.076593
v -0.115983 0.500838 0.077497
v -0.117351 0.504382 0.078411
v -0.117697 0.508152 0.078642
v -0.116169 0.512080 0.077622
v -0.112978 0.516148 0.075489
v -0.108331 0.520340 0.072384
v -0.102437 0.524637 0.068446
v -0.095506 0.529022 0.063815
v -0.087746 0.533478 0.058630
v -0.079366 0.537988 0.053030
v -0.070575 0.542532 0.047156
v -0.061581 0.547096 0.041147
v -0.052594 0.551660 0.035142
v -0.043823 0.556207 0.029282
v -0.043718 0.556331 0.029212
v -0.043396 0.566136 0.028996
v -0.044894 0.568071 0.029997
v -0.048808 0.570612 0.032612
v -0.054646 0.574007 0.036513
v -0.061920 0.578503 0.041373
v -0.070139 0.584347 0.046865
v -0.078814 0.591788 0.052662
v -0.087455 0.601073 0.058435
v -0.095571 0.612449 0.063858
v -0.102674 0.626164 0.068604
v -0.108272 0.642466 0.072345
v -0.111877 0.661603 0.074754
v -0.112998 0.683821 0.075503
v -0.111630 0.704616 0.074589
v -0.108189 0.723793 0.072290
v -0.102903 0.741315 0.068757
v -0.095996 0.757147 0.064143
v -0.087696 0.771251 0.058596
v -0.078227 0.783593 0.052270
v -0.067817 0.794135 0.045314
v -0.056690 0.802841 0.037879
v -0.045074 0.809676 0.030118
v -0.033194 0.814603 0.022180
v -0.021277 0.817586 0.014217
v -0.009548 0.818588 0.006380
v -0.000000 -0.000077 -0.000000
v -0.002106 -0.000028 0.002106
v -0.008000 0.000105 0.008000
v -0.135583 -0.000085 0.135583
v -0.139171 0.000105 0.139171
v -0.142565 0.000648 0.142565
v -0.145741 0.001502 0.145741
v -0.148677 0.002623 0.148677
v -0.151352 0.003969 0.151352
v -0.153742 0.005498 0.153742
v -0.155826 0.007166 0.155826
v -0.157581 0.008932 0.157582
v -0.158985 0.010752 0.158985
v -0.160016 0.012585 0.160016
v -0.160651 0.014387 0.160651
v -0.160867 0.042056 0.160867
v -0.160867 0.044079 0.160867
v -0.160295 0.047543 0.160295
v -0.158715 0.050191 0.158715
v -0.156326 0.052168 0.156326
v -0.153330 0.053620 0.153330
v -0.149929 0.054690 0.149929
v -0.146324 0.055525 0.146325
v -0.142717 0.056269 0.142717
v -0.139307 0.057068 0.139307
v -0.136298 0.058066 0.136298
v -0.133889 0.059409 0.133889
v -0.132282 0.061241 0.132282
v -0.131679 0.063708 0.131679
v -0.132246 0.066288 0.132246
v -0.133875 0.068492 0.133875
v -0.136353 0.070514 0.136353
v -0.139470 0.072549 0.139470
v -0.143014 0.074793 0.143014
v -0.146775 0.077439 0.146775
v -0.150540 0.080682 0.150540
v -0.154099 0.084718 0.154099
v -0.157240 0.089741 0.157240
v -0.159751 0.095945 0.159751
v -0.161422 0.103526 0.161422
v -0.162041 0.112678 0.162041
v -0.160855 0.122639 0.160855
v -0.157533 0.132512 0.157533
v -0.152501 0.142293 0.152501
v -0.146181 0.151973 0.146181
v -0.139000 0.161549 0.139000
v -0.131381 0.171014 0.131381
v -0.123748 0.180361 0.123748
v -0.116526 0.189586 0.116526
v -0.110139 0.198682 0.110139
v -0.105012 0.207642 0.105012
v -0.101568 0.216462 0.101568
v -0.100233 0.225135 0.100233
v -0.100135 0.232961 0.100135
v -0.100084 0.239341 0.100084
v -0.100027 0.244419 0.100027
v -0.099907 0.248341 0.099907
v -0.099672 0.251253 0.099672
v -0.099265 0.253300 0.099265
v -0.098634 0.254628 0.098634
v -0.097723 0.255381 0.097723
v -0.096478 0.255706 0.096478
v -0.094844 0.255748 0.094844
v -0.092767 0.255652 0.092767
v -0.090193 0.255564 0.090193
v -0.087993 0.255925 0.087993
v -0.084648 0.257486 0.084648
v -0.080420 0.260903 0.080420
v -0.075573 0.266832 0.075573
v -0.070368 0.275929 0.070368
v -0.065068 0.288851 0.065068
v -0.059936 0.306254 0.059936
v -0.055234 0.328794 0.055234
v -0.051224 0.357128 0.051223
v -0.048168 0.391912 0.048168
v -0.046330 0.433802 0.046330
v -0.045972 0.483455 0.045972
v -0.046600 0.484091 0.046600
v -0.048338 0.484565 0.048338
v -0.050990 0.484898 0.050990
v -0.054358 0.485110 0.054357
v -0.058243 0.485220 0.058243
v -0.062449 0.485250 0.062449
v -0.066777 0.485220 0.066777
v -0.071031 0.485150 0.071031
v -0.075012 0.485060 0.075012
v -0.078523 0.484971 0.078523
v -0.081366 0.484902 0.081366
v -0.083344 0.484875 0.083344
v -0.085195 0.484971 0.085195
v -0.086910 0.485275 0.086910
v -0.088503 0.485807 0.088503
v -0.089988 0.486589 0.089988
v -0.091382 0.487642 0.091382
v -0.092698 0.488987 0.092698
v -0.093951 0.490645 0.093951
v -0.095157 0.492638 0.095157
v -0.096329 0.494987 0.096329
v -0.097484 0.497713 0.097484
v -0.098635 0.500838 0.098635
v -0.099798 0.504382 0.099798
v -0.100093 0.508152 0.100093
v -0.098794 0.512080 0.098794
v -0.096080 0.516148 0.096080
v -0.092128 0.520340 0.092128
v -0.087116 0.524637 0.087116
v -0.081221 0.529022 0.081221
v -0.074622 0.533478 0.074622
v -0.067495 0.537988 0.067495
v -0.060019 0.542532 0.060019
v -0.052371 0.547096 0.052370
v -0.044728 0.551660 0.044728
v -0.037269 0.556207 0.037269
v -0.037179 0.556331 0.037179
v -0.036905 0.566136 0.036905
v -0.038180 0.568071 0.038179
v -0.041508 0.570612 0.041507
v -0.046473 0.574007 0.046473
v -0.052659 0.578503 0.052658
v -0.059648 0.584347 0.059648
v -0.067026 0.591788 0.067026
v -0.074374 0.601073 0.074374
v -0.081277 0.612449 0.081276
v -0.087317 0.626164 0.087317
v -0.092078 0.642466 0.092078
v -0.095144 0.661603 0.095144
v -0.096097 0.683821 0.096097
v -0.094933 0.704616 0.094933
v -0.092007 0.723793 0.092007
v -0.087512 0.741315 0.087512
v -0.081638 0.757147 0.081638
v -0.074579 0.771251 0.074579
v -0.066527 0.783593 0.066527
v -0.057673 0.794135 0.057673
v -0.048211 0.802841 0.048211
v -0.038333 0.809676 0.038333
v -0.028230 0.814603 0.028230
v -0.018095 0.817586 0.018095
v -0.008120 0.818588 0.008120
v -0.000000 -0.000077 -0.000000
v -0.001654 -0.000028 0.002476
v -0.006285 0.000105 0.009407
v -0.106527 -0.000085 0.159429
v -0.109346 0.000105 0.163648
v -0.112012 0.000648 0.167638
v -0.114508 0.001502 0.171373
v -0.116815 0.002623 0.174826
v -0.118916 0.003969 0.177971
v -0.120795 0.005498 0.180782
v -0.122432 0.007166 0.183232
v -0.123811 0.008932 0.185296
v -0.124914 0.010752 0.186947
v -0.125724 0.012585 0.188159
v -0.126222 0.014387 0.188905
v -0.126392 0.042056 0.189160
v -0.126392 0.044079 0.189160
v -0.125943 0.047543 0.188488
v -0.124701 0.050191 0.186629
v -0.122824 0.052168 0.183820
v -0.120471 0.053620 0.180297
v -0.117799 0.054690 0.176298
v -0.114966 0.055525 0.172059
v -0.112132 0.056269 0.167817
v -0.109453 0.057068 0.163808
v -0.107088 0.058066 0.160269
v -0.105196 0.059409 0.157437
v -0.103934 0.061241 0.155548
v -0.103460 0.063708 0.154839
v -0.103905 0.066288 0.155505
v -0.105185 0.068492 0.157420
v -0.107132 0.070514 0.160334
v -0.109581 0.072549 0.163999
v -0.112366 0.074793 0.168167
v -0.115320 0.077439 0.172589
v -0.118279 0.080682 0.177017
v -0.121075 0.084718 0.181201
v -0.123542 0.089741 0.184894
v -0.125516 0.095945 0.187847
v -0.126828 0.103526 0.189812
v -0.127315 0.112678 0.190540
v -0.126383 0.122639 0.189145
v -0.123773 0.132512 0.185239
v -0.119819 0.142293 0.179322
v -0.114854 0.151973 0.171891
v -0.109212 0.161549 0.163447
v -0.103225 0.171014 0.154488
v -0.097228 0.180361 0.145512
v -0.091554 0.189586 0.137020
v -0.086536 0.198682 0.129510
v -0.082507 0.207642 0.123481
v -0.079802 0.216462 0.119432
v -0.078753 0.225135 0.117862
v -0.078676 0.232961 0.117746
v -0.078636 0.239341 0.117687
v -0.078590 0.244419 0.117619
v -0.078497 0.248341 0.117478
v -0.078311 0.251253 0.117201
v -0.077992 0.253300 0.116724
v -0.077496 0.254628 0.115981
v -0.076780 0.255381 0.114910
v -0.075802 0.255706 0.113446
v -0.074518 0.255748 0.111525
v -0.072887 0.255652 0.109083
v -0.070864 0.255564 0.106055
v -0.069135 0.255925 0.103468
v -0.066507 0.257486 0.099535
v -0.063186 0.260903 0.094564
v -0.059377 0.266832 0.088864
v -0.055288 0.275929 0.082744
v -0.051124 0.288851 0.076512
v -0.047091 0.306254 0.070477
v -0.043397 0.328794 0.064948
v -0.040246 0.357128 0.060232
v -0.037846 0.391912 0.056640
v -0.036401 0.433802 0.054479
v -0.036120 0.483455 0.054057
v -0.036613 0.484091 0.054795
v -0.037979 0.484565 0.056840
v -0.040063 0.484898 0.059958
v -0.042708 0.485110 0.063918
v -0.045761 0.485220 0.068486
v -0.049066 0.485250 0.073432
v -0.052467 0.485220 0.078522
v -0.055809 0.485150 0.083524
v -0.058937 0.485060 0.088205
v -0.061695 0.484971 0.092333
v -0.063929 0.484902 0.095677
v -0.065483 0.484875 0.098002
v -0.066938 0.484971 0.100179
v -0.068285 0.485275 0.102195
v -0.069536 0.485807 0.104068
v -0.070703 0.486589 0.105815
v -0.071798 0.487642 0.107453
v -0.072832 0.488987 0.109001
v -0.073817 0.490645 0.110475
v -0.074764 0.492638 0.111892
v -0.075685 0.494987 0.113271
v -0.076593 0.497713 0.114629
v -0.077497 0.500838 0.115983
v -0.078411 0.504382 0.117351
v -0.078642 0.508152 0.117697
v -0.077622 0.512080 0.116169
v -0.075489 0.516148 0.112978
v -0.072384 0.520340 0.108331
v -0.068446 0.524637 0.102437
v -0.063815 0.529022 0.095506
v -0.058630 0.533478 0.087746
v -0.053031 0.537988 0.079366
v -0.047156 0.542532 0.070575
v -0.041147 0.547096 0.061581
v -0.035143 0.551660 0.052594
v -0.029282 0.556207 0.043823
v -0.029212 0.556331 0.043718
v -0.028996 0.566136 0.043396
v -0.029998 0.568071 0.044894
v -0.032612 0.570612 0.048808
v -0.036513 0.574007 0.054646
v -0.041374 0.578503 0.061920
v -0.046865 0.584347 0.070139
v -0.052662 0.591788 0.078814
v -0.058435 0.601073 0.087455
v -0.063859 0.612449 0.095571
v -0.068604 0.626164 0.102673
v -0.072345 0.642466 0.108272
v -0.074754 0.661603 0.111877
v -0.075503 0.683821 0.112998
v -0.074589 0.704616 0.111630
v -0.072290 0.723793 0.108189
v -0.068757 0.741315 0.102903
v -0.064143 0.757147 0.095996
v -0.058596 0.771251 0.087696
v -0.052270 0.783593 0.078227
v -0.045314 0.794135 0.067817
v -0.037879 0.802841 0.056690
v -0.030118 0.809676 0.045074
v -0.022180 0.814603 0.033194
v -0.014217 0.817586 0.021277
v -0.006380 0.818588 0.009548
v -0.000000 -0.000077 -0.000000
v -0.001140 -0.000028 0.002751
v -0.004329 0.000105 0.010452
v -0.073377 -0.000085 0.177148
v -0.075319 0.000105 0.181836
v -0.077155 0.000648 0.186270
v -0.078874 0.001502 0.190419
v -0.080463 0.002623 0.194256
v -0.081911 0.003969 0.197751
v -0.083205 0.005498 0.200874
v -0.084333 0.007166 0.203597
v -0.085282 0.008932 0.205890
v -0.086042 0.010752 0.207725
v -0.086600 0.012585 0.209071
v -0.086943 0.014387 0.209900
v -0.087061 0.042056 0.210183
v -0.087061 0.044079 0.210183
v -0.086751 0.047543 0.209436
v -0.085896 0.050191 0.207371
v -0.084603 0.052168 0.204249
v -0.082982 0.053620 0.200336
v -0.081141 0.054690 0.195892
v -0.079190 0.055525 0.191182
v -0.077238 0.056269 0.186468
v -0.075393 0.057068 0.182014
v -0.073764 0.058066 0.178081
v -0.072460 0.059409 0.174934
v -0.071591 0.061241 0.172835
v -0.071264 0.063708 0.172047
v -0.071571 0.066288 0.172788
v -0.072452 0.068492 0.174916
v -0.073794 0.070514 0.178154
v -0.075481 0.072549 0.182226
v -0.077399 0.074793 0.186857
v -0.079434 0.077439 0.191771
v -0.081472 0.080682 0.196690
v -0.083398 0.084718 0.201340
v -0.085097 0.089741 0.205443
v -0.086457 0.095945 0.208725
v -0.087361 0.103526 0.210908
v -0.087696 0.112678 0.211717
v -0.087054 0.122639 0.210167
v -0.085256 0.132512 0.205827
v -0.082533 0.142293 0.199252
v -0.079113 0.151973 0.190995
v -0.075226 0.161549 0.181612
v -0.071103 0.171014 0.171657
v -0.066972 0.180361 0.161685
v -0.063063 0.189586 0.152249
v -0.059607 0.198682 0.143904
v -0.056832 0.207642 0.137205
v -0.054968 0.216462 0.132706
v -0.054246 0.225135 0.130961
v -0.054193 0.232961 0.130833
v -0.054165 0.239341 0.130767
v -0.054134 0.244419 0.130691
v -0.054069 0.248341 0.130535
v -0.053942 0.251253 0.130227
v -0.053722 0.253300 0.129696
v -0.053380 0.254628 0.128871
v -0.052887 0.255381 0.127681
v -0.052213 0.255706 0.126054
v -0.051329 0.255748 0.123920
v -0.050205 0.255652 0.121206
v -0.048812 0.255564 0.117843
v -0.047621 0.255925 0.114968
v -0.045811 0.257486 0.110597
v -0.043523 0.260903 0.105074
v -0.040900 0.266832 0.098741
v -0.038083 0.275929 0.091940
v -0.035215 0.288851 0.085016
v -0.032437 0.306254 0.078310
v -0.029892 0.328794 0.072166
v -0.027722 0.357128 0.066927
v -0.026068 0.391912 0.062935
v -0.025074 0.433802 0.060533
v -0.024880 0.483455 0.060065
v -0.025220 0.484091 0.060885
v -0.026160 0.484565 0.063157
v -0.027596 0.484898 0.066622
v -0.029418 0.485110 0.071021
v -0.031521 0.485220 0.076098
v -0.033797 0.485250 0.081593
v -0.036140 0.485220 0.087249
v -0.038442 0.485150 0.092806
v -0.040596 0.485060 0.098008
v -0.042496 0.484971 0.102595
v -0.044035 0.484902 0.106310
v -0.045105 0.484875 0.108894
v -0.046107 0.484971 0.111313
v -0.047035 0.485275 0.113553
v -0.047897 0.485807 0.115634
v -0.048701 0.486589 0.117575
v -0.049455 0.487642 0.119396
v -0.050168 0.488987 0.121115
v -0.050846 0.490645 0.122753
v -0.051498 0.492638 0.124328
v -0.052133 0.494987 0.125860
v -0.052758 0.497713 0.127369
v -0.053381 0.500838 0.128873
v -0.054011 0.504382 0.130393
v -0.054170 0.508152 0.130777
v -0.053467 0.512080 0.129081
v -0.051998 0.516148 0.125534
v -0.049859 0.520340 0.120371
v -0.047147 0.524637 0.113822
v -0.043957 0.529022 0.106121
v -0.040385 0.533478 0.097498
v -0.036528 0.537988 0.088187
v -0.032482 0.542532 0.078418
v -0.028343 0.547096 0.068425
v -0.024207 0.551660 0.058440
v -0.020170 0.556207 0.048694
v -0.020121 0.556331 0.048577
v -0.019973 0.566136 0.048219
v -0.020663 0.568071 0.049884
v -0.022464 0.570612 0.054232
v -0.025151 0.574007 0.060719
v -0.028499 0.578503 0.068802
v -0.032282 0.584347 0.077934
v -0.036274 0.591788 0.087573
v -0.040251 0.601073 0.097174
v -0.043987 0.612449 0.106193
v -0.047255 0.626164 0.114085
v -0.049832 0.642466 0.120305
v -0.051491 0.661603 0.124311
v -0.052007 0.683821 0.125557
v -0.051378 0.704616 0.124036
v -0.049794 0.723793 0.120213
v -0.047361 0.741315 0.114339
v -0.044182 0.757147 0.106665
v -0.040362 0.771251 0.097442
v -0.036004 0.783593 0.086921
v -0.031213 0.794135 0.075354
v -0.026092 0.802841 0.062991
v -0.020745 0.809676 0.050084
v -0.015278 0.814603 0.036884
v -0.009793 0.817586 0.023642
v -0.004394 0.818588 0.010609
v -0.000000 -0.000077 -0.000000
v -0.000581 -0.000028 0.002921
v -0.002207 0.000105 0.011096
v -0.037407 -0.000085 0.188059
v -0.038397 0.000105 0.193036
v -0.039333 0.000648 0.197743
v -0.040210 0.001502 0.202148
v -0.041020 0.002623 0.206221
v -0.041758 0.003969 0.209931
v -0.042417 0.005498 0.213247
v -0.042992 0.007166 0.216137
v -0.043477 0.008932 0.218572
v -0.043864 0.010752 0.220519
v -0.044148 0.012585 0.221948
v -0.044323 0.014387 0.222829
v -0.044383 0.042056 0.223129
v -0.044383 0.044079 0.223129
v -0.044225 0.047543 0.222336
v -0.043789 0.050191 0.220143
v -0.043130 0.052168 0.216830
v -0.042304 0.053620 0.212675
v -0.041365 0.054690 0.207958
v -0.040371 0.055525 0.202958
v -0.039375 0.056269 0.197954
v -0.038435 0.057068 0.193225
v -0.037604 0.058066 0.189050
v -0.036940 0.059409 0.185709
v -0.036497 0.061241 0.183481
v -0.036330 0.063708 0.182644
v -0.036487 0.066288 0.183431
v -0.036936 0.068492 0.185689
v -0.037620 0.070514 0.189127
v -0.038480 0.072549 0.193450
v -0.039458 0.074793 0.198367
v -0.040495 0.077439 0.203583
v -0.041534 0.080682 0.208805
v -0.042516 0.084718 0.213741
v -0.043382 0.089741 0.218098
v -0.044075 0.095945 0.221581
v -0.044536 0.103526 0.223899
v -0.044707 0.112678 0.224757
v -0.044380 0.122639 0.223112
v -0.043463 0.132512 0.218505
v -0.042075 0.142293 0.211524
v -0.040331 0.151973 0.202759
v -0.038350 0.161549 0.192799
v -0.036248 0.171014 0.182230
v -0.034142 0.180361 0.171643
v -0.032150 0.189586 0.161626
v -0.030387 0.198682 0.152768
v -0.028973 0.207642 0.145656
v -0.028023 0.216462 0.140879
v -0.027654 0.225135 0.139027
v -0.027627 0.232961 0.138891
v -0.027613 0.239341 0.138821
v -0.027597 0.244419 0.138741
v -0.027564 0.248341 0.138575
v -0.027499 0.251253 0.138248
v -0.027387 0.253300 0.137685
v -0.027213 0.254628 0.136809
v -0.026962 0.255381 0.135546
v -0.026618 0.255706 0.133819
v -0.026167 0.255748 0.131552
v -0.025594 0.255652 0.128672
v -0.024884 0.255564 0.125101
v -0.024277 0.255925 0.122049
v -0.023354 0.257486 0.117410
v -0.022188 0.260903 0.111546
v -0.020851 0.266832 0.104823
v -0.019415 0.275929 0.097603
v -0.017952 0.288851 0.090252
v -0.016536 0.306254 0.083134
v -0.015239 0.328794 0.076611
v -0.014133 0.357128 0.071049
v -0.013290 0.391912 0.066811
v -0.012783 0.433802 0.064262
v -0.012684 0.483455 0.063765
v -0.012857 0.484091 0.064636
v -0.013337 0.484565 0.067047
v -0.014068 0.484898 0.070725
v -0.014997 0.485110 0.075396
v -0.016069 0.485220 0.080785
v -0.017230 0.485250 0.086619
v -0.018424 0.485220 0.092623
v -0.019597 0.485150 0.098523
v -0.020696 0.485060 0.104045
v -0.021665 0.484971 0.108915
v -0.022449 0.484902 0.112858
v -0.022995 0.484875 0.115601
v -0.023505 0.484971 0.118169
v -0.023978 0.485275 0.120548
v -0.024418 0.485807 0.122757
v -0.024828 0.486589 0.124817
v -0.025212 0.487642 0.126750
v -0.025575 0.488987 0.128575
v -0.025921 0.490645 0.130314
v -0.026254 0.492638 0.131986
v -0.026577 0.494987 0.133613
v -0.026896 0.497713 0.135214
v -0.027214 0.500838 0.136811
v -0.027534 0.504382 0.138424
v -0.027616 0.508152 0.138833
v -0.027257 0.512080 0.137031
v -0.026508 0.516148 0.133267
v -0.025418 0.520340 0.127785
v -0.024035 0.524637 0.120833
v -0.022409 0.529022 0.112657
v -0.020588 0.533478 0.103503
v -0.018622 0.537988 0.093618
v -0.016559 0.542532 0.083248
v -0.014449 0.547096 0.072640
v -0.012340 0.551660 0.062039
v -0.010282 0.556207 0.051693
v -0.010258 0.556331 0.051569
v -0.010182 0.566136 0.051189
v -0.010534 0.568071 0.052956
v -0.011452 0.570612 0.057572
v -0.012822 0.574007 0.064459
v -0.014529 0.578503 0.073039
v -0.016457 0.584347 0.082735
v -0.018492 0.591788 0.092967
v -0.020520 0.601073 0.103160
v -0.022424 0.612449 0.112734
v -0.024091 0.626164 0.121112
v -0.025404 0.642466 0.127716
v -0.026250 0.661603 0.131968
v -0.026513 0.683821 0.133290
v -0.026192 0.704616 0.131676
v -0.025385 0.723793 0.127618
v -0.024144 0.741315 0.121382
v -0.022524 0.757147 0.113235
v -0.020576 0.771251 0.103444
v -0.018355 0.783593 0.092275
v -0.015912 0.794135 0.079995
v -0.013301 0.802841 0.066871
v -0.010576 0.809676 0.053169
v -0.007788 0.814603 0.039156
v -0.004992 0.817586 0.025098
v -0.002240 0.818588 0.011262
v -0.000000 -0.000077 -0.000000
v -0.000000 -0.000028 0.002978
v 0.000000 0.000105 0.011313
v 0.000000 -0.000085 0.191743
v 0.000000 0.000105 0.196818
v 0.000000 0.000648 0.201617
v 0.000000 0.001502 0.206108
v 0.000000 0.002623 0.210261
v 0.000000 0.003969 0.214044
v 0.000000 0.005498 0.217425
v 0.000000 0.007166 0.220372
v 0.000000 0.008932 0.222854
v 0.000000 0.010752 0.224839
v 0.000000 0.012585 0.226297
v 0.000000 0.014387 0.227194
v -0.000000 0.042056 0.227500
v -0.000000 0.044079 0.227500
v -0.000000 0.047543 0.226692
v -0.000000 0.050191 0.224456
v -0.000000 0.052168 0.221078
v -0.000000 0.053620 0.216842
v -0.000000 0.054690 0.212032
v -0.000000 0.055525 0.206934
v -0.000000 0.056269 0.201832
v -0.000000 0.057068 0.197010
v -0.000000 0.058066 0.192754
v -0.000000 0.059409 0.189347
v -0.000000 0.061241 0.187075
v -0.000000 0.063708 0.186223
v -0.000000 0.066288 0.187024
v -0.000000 0.068492 0.189327
v -0.000000 0.070514 0.192832
v -0.000000 0.072549 0.197240
v -0.000000 0.074793 0.202253
v -0.000000 0.077439 0.207571
v -0.000000 0.080682 0.212896
v -0.000000 0.084718 0.217929
v -0.000000 0.089741 0.222370
v -0.000000 0.095945 0.225922
v -0.000000 0.103526 0.228285
v -0.000000 0.112678 0.229161
v -0.000000 0.122639 0.227483
v -0.000000 0.132512 0.222785
v -0.000000 0.142293 0.215668
v -0.000000 0.151973 0.206732
v -0.000000 0.161549 0.196576
v -0.000000 0.171014 0.185801
v -0.000000 0.180361 0.175006
v -0.000000 0.189586 0.164793
v -0.000000 0.198682 0.155760
v -0.000000 0.207642 0.148509
v -0.000000 0.216462 0.143639
v -0.000000 0.225135 0.141751
v -0.000000 0.232961 0.141612
v -0.000000 0.239341 0.141541
v -0.000000 0.244419 0.141459
v -0.000000 0.248341 0.141290
v -0.000000 0.251253 0.140957
v -0.000000 0.253300 0.140382
v -0.000000 0.254628 0.139489
v -0.000000 0.255381 0.138201
v -0.000000 0.255706 0.136440
v -0.000000 0.255748 0.134130
v -0.000000 0.255652 0.131193
v -0.000000 0.255564 0.127552
v -0.000000 0.255925 0.124440
v -0.000000 0.257486 0.119710
v -0.000000 0.260903 0.113731
v -0.000000 0.266832 0.106876
v -0.000000 0.275929 0.099516
v -0.000000 0.288851 0.092021
v -0.000000 0.306254 0.084762
v -0.000000 0.328794 0.078112
v -0.000000 0.357128 0.072441
v -0.000000 0.391912 0.068120
v -0.000000 0.433802 0.065521
v -0.000000 0.483455 0.065014
v -0.000000 0.484091 0.065902
v -0.000000 0.484565 0.068361
v -0.000000 0.484898 0.072111
v -0.000000 0.485110 0.076873
v -0.000000 0.485220 0.082368
v -0.000000 0.485250 0.088316
v -0.000000 0.485220 0.094437
v -0.000000 0.485150 0.100453
v -0.000000 0.485060 0.106083
v -0.000000 0.484971 0.111048
v -0.000000 0.484902 0.115069
v -0.000000 0.484875 0.117866
v -0.000000 0.484971 0.120484
v -0.000000 0.485275 0.122909
v -0.000000 0.485807 0.125162
v -0.000000 0.486589 0.127263
v -0.000000 0.487642 0.129233
v -0.000000 0.488987 0.131094
v -0.000000 0.490645 0.132867
v -0.000000 0.492638 0.134572
v -0.000000 0.494987 0.136230
v -0.000000 0.497713 0.137863
v -0.000000 0.500838 0.139492
v -0.000000 0.504382 0.141136
v -0.000000 0.508152 0.141553
v -0.000000 0.512080 0.139716
v -0.000000 0.516148 0.135877
v -0.000000 0.520340 0.130288
v -0.000000 0.524637 0.123200
v -0.000000 0.529022 0.114864
v -0.000000 0.533478 0.105531
v -0.000000 0.537988 0.095452
v -0.000000 0.542532 0.084879
v -0.000000 0.547096 0.074063
v -0.000000 0.551660 0.063255
v -0.000000 0.556207 0.052706
v -0.000000 0.556331 0.052580
v -0.000000 0.566136 0.052192
v -0.000000 0.568071 0.053994
v -0.000000 0.570612 0.058700
v -0.000000 0.574007 0.065722
v -0.000000 0.578503 0.074470
v -0.000000 0.584347 0.084356
v -0.000000 0.591788 0.094789
v -0.000000 0.601073 0.105181
v -0.000000 0.612449 0.114942
v -0.000000 0.626164 0.123484
v -0.000000 0.642466 0.130218
v -0.000000 0.661603 0.134553
v -0.000000 0.683821 0.135902
v -0.000000 0.704616 0.134256
v -0.000000 0.723793 0.130118
v -0.000000 0.741315 0.123760
v -0.000000 0.757147 0.115454
v 0.000000 0.771251 0.105470
v 0.000000 0.783593 0.094083
v 0.000000 0.794135 0.081562
v 0.000000 0.802841 0.068181
v 0.000000 0.809676 0.054210
v 0.000000 0.814603 0.039923
v 0.000000 0.817586 0.025590
v 0.000000 0.818588 0.011483
v -0.000000 -0.000077 -0.000000
v 0.000581 -0.000028 0.002921
v 0.002207 0.000105 0.011096
v 0.037407 -0.000085 0.188059
v 0.038397 0.000105 0.193036
v 0.039333 0.000648 0.197743
v 0.040210 0.001502 0.202148
v 0.041020 0.002623 0.206221
v 0.041758 0.003969 0.209931
v 0.042417 0.005498 0.213247
v 0.042992 0.007166 0.216137
v 0.043477 0.008932 0.218572
v 0.043864 0.010752 0.220519
v 0.044148 0.012585 0.221948
v 0.044323 0.014387 0.222829
v 0.044383 0.042056 0.223129
v 0.044383 0.044079 0.223129
v 0.044225 0.047543 0.222336
v 0.043789 0.050191 0.220143
v 0.043130 0.052168 0.216830
v 0.042304 0.053620 0.212675
v 0.041365 0.054690 0.207958
v 0.040371 0.055525 0.202958
v 0.039375 0.056269 0.197954
v 0.038435 0.057068 0.193225
v 0.037604 0.058066 0.189050
v 0.036940 0.059409 0.185709
v 0.036497 0.061241 0.183481
v 0.036330 0.063708 0.182644
v 0.036487 0.066288 0.183431
v 0.036936 0.068492 0.185689
v 0.037620 0.070514 0.189127
v 0.038480 0.072549 0.193450
v 0.039458 0.074793 0.198367
v 0.040495 0.077439 0.203583
v 0.041534 0.080682 0.208805
v 0.042516 0.084718 0.213741
v 0.043382 0.089741 0.218098
v 0.044075 0.095945 0.221581
v 0.044536 0.103526 0.223899
v 0.044707 0.112678 0.224757
v 0.044380 0.122639 0.223112
v 0.043463 0.132512 0.218505
v 0.042075 0.142293 0.211524
v 0.040331 0.151973 0.202759
v 0.038350 0.161549 0.192799
v 0.036248 0.171014 0.182230
v 0.034142 0.180361 0.171643
v 0.032149 0.189586 0.161626
v 0.030387 0.198682 0.152768
v 0.028973 0.207642 0.145656
v 0.028023 0.216462 0.140879
v 0.027654 0.225135 0.139027
v 0.027627 0.232961 0.138891
v 0.027613 0.239341 0.138821
v 0.027597 0.244419 0.138741
v 0.027564 0.248341 0.138575
v 0.027499 0.251253 0.138248
v 0.027387 0.253300 0.137685
v 0.027213 0.254628 0.136809
v 0.026962 0.255381 0.135546
v 0.026618 0.255706 0.133819
v 0.026167 0.255748 0.131552
v 0.025594 0.255652 0.128672
v 0.024884 0.255564 0.125101
v 0.024277 0.255925 0.122049
v 0.023354 0.257486 0.117410
v 0.022188 0.260903 0.111546
v 0.020851 0.266832 0.104823
v 0.019415 0.275929 0.097603
v 0.017952 0.288851 0.090252
v 0.016536 0.306254 0.083134
v 0.015239 0.328794 0.076611
v 0.014133 0.357128 0.071049
v 0.013290 0.391912 0.066811
v 0.012782 0.433802 0.064262
v 0.012684 0.483455 0.063765
v 0.012857 0.484091 0.064636
v 0.013336 0.484565 0.067047
v 0.014068 0.484898 0.070725
v 0.014997 0.485110 0.075396
v 0.016069 0.485220 0.080785
v 0.017230 0.485250 0.086619
v 0.018424 0.485220 0.092623
v 0.019597 0.485150 0.098523
v 0.020696 0.485060 0.104045
v 0.021664 0.484971 0.108915
v 0.022449 0.484902 0.112858
v 0.022995 0.484875 0.115601
v 0.023505 0.484971 0.118169
v 0.023978 0.485275 0.120548
v 0.024418 0.485807 0.122757
v 0.024828 0.486589 0.124817
v 0.025212 0.487642 0.126750
v 0.025575 0.488987 0.128575
v 0.025921 0.490645 0.130314
v 0.026254 0.492638 0.131986
v 0.026577 0.494987 0.133613
v 0.026896 0.497713 0.135214
v 0.027213 0.500838 0.136811
v 0.027534 0.504382 0.138424
v 0.027616 0.508152 0.138833
v 0.027257 0.512080 0.137031
v 0.026508 0.516148 0.133267
v 0.025418 0.520340 0.127785
v 0.024035 0.524637 0.120833
v 0.022409 0.529022 0.112657
v 0.020588 0.533478 0.103503
v 0.018622 0.537988 0.093618
v 0.016559 0.542532 0.083248
v 0.014449 0.547096 0.072640
v 0.012340 0.551660 0.062039
v 0.010282 0.556207 0.051693
v 0.010258 0.556331 0.051569
v 0.010182 0.566136 0.051189
v 0.010534 0.568071 0.052957
v 0.011452 0.570612 0.057572
v 0.012822 0.574007 0.064459
v 0.014528 0.578503 0.073039
v 0.016457 0.584347 0.082735
v 0.018492 0.591788 0.092967
v 0.020520 0.601073 0.103160
v 0.022424 0.612449 0.112734
v 0.024091 0.626164 0.121112
v 0.025404 0.642466 0.127716
v 0.026250 0.661603 0.131968
v 0.026513 0.683821 0.133291
v 0.026192 0.704616 0.131676
v 0.025385 0.723793 0.127618
v 0.024144 0.741315 0.121382
v 0.022524 0.757147 0.113235
v 0.020576 0.771251 0.103444
v 0.018355 0.783593 0.092275
v 0.015912 0.794135 0.079995
v 0.013302 0.802841 0.066871
v 0.010576 0.809676 0.053169
v 0.007789 0.814603 0.039155
v 0.004992 0.817586 0.025098
v 0.002240 0.818588 0.011262
v -0.000000 -0.000077 -0.000000
v 0.001140 -0.000028 0.002751
v 0.004329 0.000105 0.010452
v 0.073377 -0.000085 0.177148
v 0.075319 0.000105 0.181836
v 0.077155 0.000648 0.186270
v 0.078874 0.001502 0.190419
v 0.080464 0.002623 0.194256
v 0.081911 0.003969 0.197751
v 0.083205 0.005498 0.200874
v 0.084333 0.007166 0.203597
v 0.085283 0.008932 0.205890
v 0.086042 0.010752 0.207724
v 0.086600 0.012585 0.209071
v 0.086944 0.014387 0.209900
v 0.087061 0.042056 0.210183
v 0.087061 0.044079 0.210183
v 0.086751 0.047543 0.209436
v 0.085896 0.050191 0.207371
v 0.084603 0.052168 0.204249
v 0.082982 0.053620 0.200336
v 0.081141 0.054690 0.195892
v 0.079190 0.055525 0.191182
v 0.077238 0.056269 0.186468
v 0.075393 0.057068 0.182014
v 0.073764 0.058066 0.178081
v 0.072460 0.059409 0.174934
v 0.071591 0.061241 0.172835
v 0.071264 0.063708 0.172047
v 0.071571 0.066288 0.172788
v 0.072452 0.068492 0.174916
v 0.073794 0.070514 0.178154
v 0.075481 0.072549 0.182226
v 0.077399 0.074793 0.186857
v 0.079434 0.077439 0.191771
v 0.081472 0.080682 0.196690
v 0.083398 0.084718 0.201340
v 0.085097 0.089741 0.205443
v 0.086457 0.095945 0.208725
v 0.087361 0.103526 0.210908
v 0.087696 0.112678 0.211717
v 0.087054 0.122639 0.210167
v 0.085256 0.132512 0.205827
v 0.082533 0.142293 0.199252
v 0.079113 0.151973 0.190995
v 0.075226 0.161549 0.181612
v 0.071103 0.171014 0.171657
v 0.066972 0.180361 0.161685
v 0.063063 0.189586 0.152249
v 0.059607 0.198682 0.143904
v 0.056832 0.207642 0.137205
v 0.054968 0.216462 0.132706
v 0.054246 0.225135 0.130961
v 0.054193 0.232961 0.130833
v 0.054165 0.239341 0.130767
v 0.054134 0.244419 0.130691
v 0.054069 0.248341 0.130535
v 0.053942 0.251253 0.130227
v 0.053722 0.253300 0.129696
v 0.053380 0.254628 0.128871
v 0.052887 0.255381 0.127681
v 0.052213 0.255706 0.126054
v 0.051329 0.255748 0.123920
v 0.050205 0.255652 0.121206
v 0.048812 0.255564 0.117843
v 0.047621 0.255925 0.114968
v 0.045811 0.257486 0.110597
v 0.043523 0.260903 0.105074
v 0.040900 0.266832 0.098741
v 0.038083 0.275929 0.091940
v 0.035215 0.288851 0.085016
v 0.032437 0.306254 0.078310
v 0.029892 0.328794 0.072166
v 0.027722 0.357128 0.066927
v 0.026068 0.391912 0.062935
v 0.025074 0.433802 0.060533
v 0.024880 0.483455 0.060065
v 0.025220 0.484091 0.060885
v 0.026160 0.484565 0.063157
v 0.027596 0.484898 0.066622
v 0.029418 0.485110 0.071021
v 0.031521 0.485220 0.076098
v 0.033797 0.485250 0.081593
v 0.036140 0.485220 0.087249
v 0.038442 0.485150 0.092806
v 0.040596 0.485060 0.098008
v 0.042496 0.484971 0.102595
v 0.044035 0.484902 0.106310
v 0.045105 0.484875 0.108894
v 0.046107 0.484971 0.111313
v 0.047035 0.485275 0.113553
v 0.047897 0.485807 0.115634
v 0.048701 0.486589 0.117575
v 0.049455 0.487642 0.119396
v 0.050168 0.488987 0.121115
v 0.050846 0.490645 0.122753
v 0.051498 0.492638 0.124328
v 0.052133 0.494987 0.125860
v 0.052758 0.497713 0.127369
v 0.053381 0.500838 0.128873
v 0.054011 0.504382 0.130393
v 0.054170 0.508152 0.130777
v 0.053467 0.512080 0.129081
v 0.051998 0.516148 0.125534
v 0.049859 0.520340 0.120371
v 0.047147 0.524637 0.113822
v 0.043957 0.529022 0.106121
v 0.040385 0.533478 0.097498
v 0.036528 0.537988 0.088187
v 0.032482 0.542532 0.078418
v 0.028343 0.547096 0.068425
v 0.024207 0.551660 0.058440
v 0.020170 0.556207 0.048694
v 0.020121 0.556331 0.048577
v 0.019973 0.566136 0.048219
v 0.020663 0.568071 0.049884
v 0.022464 0.570612 0.054232
v 0.025151 0.574007 0.060719
v 0.028499 0.578503 0.068802
v 0.032281 0.584347 0.077934
v 0.036274 0.591788 0.087573
v 0.040251 0.601073 0.097174
v 0.043986 0.612449 0.106193
v 0.047255 0.626164 0.114085
v 0.049832 0.642466 0.120306
v 0.051491 0.661603 0.124311
v 0.052007 0.683821 0.125557
v 0.051378 0.704616 0.124036
v 0.049794 0.723793 0.120213
v 0.047361 0.741315 0.114339
v 0.044182 0.757147 0.106665
v 0.040362 0.771251 0.097442
v 0.036004 0.783593 0.086921
v 0.031213 0.794135 0.075354
v 0.026092 0.802841 0.062991
v 0.020745 0.809676 0.050084
v 0.015278 0.814603 0.036884
v 0.009793 0.817586 0.023642
v 0.004394 0.818588 0.010609
v -0.000000 -0.000077 -0.000000
v 0.001654 -0.000028 0.002476
v 0.006285 0.000105 0.009407
v 0.106527 -0.000085 0.159429
v 0.109346 0.000105 0.163648
v 0.112012 0.000648 0.167638
v 0.114508 0.001502 0.171373
v 0.116815 0.002623 0.174826
v 0.118916 0.003969 0.177971
v 0.120795 0.005498 0.180782
v 0.122432 0.007166 0.183232
v 0.123811 0.008932 0.185296
v 0.124914 0.010752 0.186947
v 0.125724 0.012585 0.188159
v 0.126222 0.014387 0.188905
v 0.126393 0.042056 0.189160
v 0.126393 0.044079 0.189160
v 0.125943 0.047543 0.188487
v 0.124701 0.050191 0.186629
v 0.122824 0.052168 0.183820
v 0.120471 0.053620 0.180297
v 0.117799 0.054690 0.176298
v 0.114966 0.055525 0.172059
v 0.112132 0.056269 0.167817
v 0.109453 0.057068 0.163808
v 0.107088 0.058066 0.160269
v 0.105196 0.059409 0.157437
v 0.103934 0.061241 0.155548
v 0.103460 0.063708 0.154838
v 0.103905 0.066288 0.155505
v 0.105185 0.068492 0.157420
v 0.107132 0.070514 0.160334
v 0.109581 0.072549 0.163999
v 0.112366 0.074793 0.168167
v 0.115320 0.077439 0.172589
v 0.118279 0.080682 0.177016
v 0.121075 0.084718 0.181201
v 0.123542 0.089741 0.184894
v 0.125516 0.095945 0.187847
v 0.126829 0.103526 0.189812
v 0.127315 0.112678 0.190540
v 0.126383 0.122639 0.189145
v 0.123773 0.132512 0.185239
v 0.119819 0.142293 0.179322
v 0.114854 0.151973 0.171891
v 0.109212 0.161549 0.163447
v 0.103225 0.171014 0.154487
v 0.097228 0.180361 0.145512
v 0.091554 0.189586 0.137020
v 0.086536 0.198682 0.129510
v 0.082507 0.207642 0.123481
v 0.079802 0.216462 0.119432
v 0.078753 0.225135 0.117862
v 0.078676 0.232961 0.117746
v 0.078636 0.239341 0.117687
v 0.078590 0.244419 0.117619
v 0.078497 0.248341 0.117478
v 0.078311 0.251253 0.117201
v 0.077992 0.253300 0.116724
v 0.077496 0.254628 0.115981
v 0.076780 0.255381 0.114910
v 0.075802 0.255706 0.113446
v 0.074519 0.255748 0.111525
v 0.072887 0.255652 0.109083
v 0.070864 0.255564 0.106055
v 0.069135 0.255925 0.103468
v 0.066507 0.257486 0.099535
v 0.063186 0.260903 0.094564
v 0.059377 0.266832 0.088864
v 0.055288 0.275929 0.082744
v 0.051124 0.288851 0.076512
v 0.047091 0.306254 0.070477
v 0.043397 0.328794 0.064948
v 0.040246 0.357128 0.060232
v 0.037846 0.391912 0.056640
v 0.036401 0.433802 0.054479
v 0.036120 0.483455 0.054057
v 0.036613 0.484091 0.054795
v 0.037979 0.484565 0.056840
v 0.040063 0.484898 0.059958
v 0.042708 0.485110 0.063918
v 0.045761 0.485220 0.068486
v 0.049066 0.485250 0.073432
v 0.052467 0.485220 0.078522
v 0.055809 0.485150 0.083524
v 0.058937 0.485060 0.088205
v 0.061695 0.484971 0.092333
v 0.063929 0.484902 0.095677
v 0.065483 0.484875 0.098002
v 0.066938 0.484971 0.100179
v 0.068285 0.485275 0.102195
v 0.069536 0.485807 0.104068
v 0.070703 0.486589 0.105815
v 0.071798 0.487642 0.107453
v 0.072832 0.488987 0.109001
v 0.073817 0.490645 0.110475
v 0.074764 0.492638 0.111892
v 0.075685 0.494987 0.113271
v 0.076593 0.497713 0.114629
v 0.077497 0.500838 0.115983
v 0.078411 0.504382 0.117351
v 0.078642 0.508152 0.117697
v 0.077622 0.512080 0.116169
v 0.075489 0.516148 0.112978
v 0.072384 0.520340 0.108331
v 0.068446 0.524637 0.102437
v 0.063815 0.529022 0.095506
v 0.058630 0.533478 0.087746
v 0.053031 0.537988 0.079366
v 0.047156 0.542532 0.070575
v 0.041147 0.547096 0.061581
v 0.035142 0.551660 0.052594
v 0.029282 0.556207 0.043823
v 0.029212 0.556331 0.043718
v 0.028996 0.566136 0.043396
v 0.029997 0.568071 0.044894
v 0.032612 0.570612 0.048808
v 0.036513 0.574007 0.054646
v 0.041374 0.578503 0.061920
v 0.046865 0.584347 0.070139
v 0.052662 0.591788 0.078814
v 0.058435 0.601073 0.087455
v 0.063859 0.612449 0.095571
v 0.068604 0.626164 0.102673
v 0.072345 0.642466 0.108272
v 0.074754 0.661603 0.111877
v 0.075503 0.683821 0.112998
v 0.074589 0.704616 0.111630
v 0.072290 0.723793 0.108189
v 0.068757 0.741315 0.102903
v 0.064143 0.757147 0.095996
v 0.058596 0.771251 0.087695
v 0.052270 0.783593 0.078227
v 0.045314 0.794135 0.067817
v 0.037879 0.802841 0.056690
v 0.030118 0.809676 0.045074
v 0.022180 0.814603 0.033194
v 0.014217 0.817586 0.021277
v 0.006380 0.818588 0.009548
v -0.000000 -0.000077 -0.000000
v 0.002106 -0.000028 0.002106
v 0.008000 0.000105 0.008000
v 0.135583 -0.000085 0.135583
v 0.139171 0.000105 0.139171
v 0.142565 0.000648 0.142564
v 0.145741 0.001502 0.145741
v 0.148677 0.002623 0.148677
v 0.151352 0.003969 0.151352
v 0.153742 0.005498 0.153742
v 0.155826 0.007166 0.155826
v 0.157582 0.008932 0.157581
v 0.158986 0.010752 0.158985
v 0.160016 0.012585 0.160016
v 0.160651 0.014387 0.160651
v 0.160867 0.042056 0.160867
v 0.160867 0.044079 0.160867
v 0.160295 0.047543 0.160295
v 0.158715 0.050191 0.158714
v 0.156326 0.052168 0.156326
v 0.153330 0.053620 0.153330
v 0.149930 0.054690 0.149929
v 0.146325 0.055525 0.146324
v 0.142717 0.056269 0.142717
v 0.139307 0.057068 0.139307
v 0.136298 0.058066 0.136298
v 0.133889 0.059409 0.133889
v 0.132282 0.061241 0.132282
v 0.131679 0.063708 0.131679
v 0.132246 0.066288 0.132246
v 0.133875 0.068492 0.133874
v 0.136353 0.070514 0.136353
v 0.139470 0.072549 0.139470
v 0.143014 0.074793 0.143014
v 0.146775 0.077439 0.146775
v 0.150540 0.080682 0.150540
v 0.154099 0.084718 0.154099
v 0.157240 0.089741 0.157240
v 0.159751 0.095945 0.159751
v 0.161422 0.103526 0.161422
v 0.162041 0.112678 0.162041
v 0.160855 0.122639 0.160855
v 0.157533 0.132512 0.157533
v 0.152501 0.142293 0.152500
v 0.146181 0.151973 0.146181
v 0.139000 0.161549 0.139000
v 0.131381 0.171014 0.131381
v 0.123748 0.180361 0.123748
v 0.116526 0.189586 0.116526
v 0.110139 0.198682 0.110139
v 0.105012 0.207642 0.105012
v 0.101568 0.216462 0.101568
v 0.100233 0.225135 0.100233
v 0.100135 0.232961 0.100135
v 0.100085 0.239341 0.100084
v 0.100027 0.244419 0.100027
v 0.099907 0.248341 0.099907
v 0.099672 0.251253 0.099672
v 0.099265 0.253300 0.099265
v 0.098634 0.254628 0.098634
v 0.097723 0.255381 0.097723
v 0.096478 0.255706 0.096478
v 0.094844 0.255748 0.094844
v 0.092767 0.255652 0.092767
v 0.090193 0.255564 0.090193
v 0.087993 0.255925 0.087993
v 0.084648 0.257486 0.084648
v 0.080420 0.260903 0.080420
v 0.075573 0.266832 0.075573
v 0.070368 0.275929 0.070368
v 0.065068 0.288851 0.065068
v 0.059936 0.306254 0.059936
v 0.055234 0.328794 0.055234
v 0.051223 0.357128 0.051223
v 0.048168 0.391912 0.048168
v 0.046330 0.433802 0.046330
v 0.045972 0.483455 0.045972
v 0.046600 0.484091 0.046600
v 0.048338 0.484565 0.048338
v 0.050990 0.484898 0.050990
v 0.054358 0.485110 0.054357
v 0.058243 0.485220 0.058243
v 0.062449 0.485250 0.062449
v 0.066777 0.485220 0.066777
v 0.071031 0.485150 0.071031
v 0.075012 0.485060 0.075012
v 0.078523 0.484971 0.078523
v 0.081366 0.484902 0.081366
v 0.083344 0.484875 0.083344
v 0.085195 0.484971 0.085195
v 0.086910 0.485275 0.086910
v 0.088503 0.485807 0.088503
v 0.089988 0.486589 0.089988
v 0.091382 0.487642 0.091382
v 0.092698 0.488987 0.092698
v 0.093951 0.490645 0.093951
v 0.095157 0.492638 0.095157
v 0.096329 0.494987 0.096329
v 0.097484 0.497713 0.097484
v 0.098635 0.500838 0.098635
v 0.099798 0.504382 0.099798
v 0.100093 0.508152 0.100093
v 0.098794 0.512080 0.098794
v 0.096080 0.516148 0.096080
v 0.092128 0.520340 0.092128
v 0.087116 0.524637 0.087116
v 0.081221 0.529022 0.081221
v 0.074622 0.533478 0.074622
v 0.067495 0.537988 0.067495
v 0.060019 0.542532 0.060019
v 0.052370 0.547096 0.052370
v 0.044728 0.551660 0.044728
v 0.037269 0.556207 0.037269
v 0.037179 0.556331 0.037179
v 0.036905 0.566136 0.036905
v 0.038180 0.568071 0.038180
v 0.041507 0.570612 0.041507
v 0.046473 0.574007 0.046473
v 0.052658 0.578503 0.052658
v 0.059648 0.584347 0.059648
v 0.067026 0.591788 0.067026
v 0.074374 0.601073 0.074374
v 0.081276 0.612449 0.081276
v 0.087317 0.626164 0.087317
v 0.092078 0.642466 0.092078
v 0.095144 0.661603 0.095144
v 0.096097 0.683821 0.096097
v 0.094933 0.704616 0.094933
v 0.092007 0.723793 0.092007
v 0.087512 0.741315 0.087512
v 0.081638 0.757147 0.081638
v 0.074579 0.771251 0.074579
v 0.066527 0.783593 0.066527
v 0.057673 0.794135 0.057673
v 0.048211 0.802841 0.048211
v 0.038333 0.809676 0.038332
v 0.028230 0.814603 0.028229
v 0.018095 0.817586 0.018094
v 0.008120 0.818588 0.008120
v -0.000000 -0.000077 -0.000000
v 0.002476 -0.000028 0.001654
v 0.009407 0.000105 0.006285
v 0.159429 -0.000085 0.106527
v 0.163648 0.000105 0.109346
v 0.167638 0.000648 0.112012
v 0.171373 0.001502 0.114508
v 0.174826 0.002623 0.116815
v 0.177971 0.003969 0.118916
v 0.180782 0.005498 0.120795
v 0.183232 0.007166 0.122432
v 0.185296 0.008932 0.123811
v 0.186947 0.010752 0.124914
v 0.188159 0.012585 0.125724
v 0.188905 0.014387 0.126222
v 0.189160 0.042056 0.126392
v 0.189160 0.044079 0.126392
v 0.188487 0.047543 0.125943
v 0.186629 0.050191 0.124701
v 0.183820 0.052168 0.122824
v 0.180297 0.053620 0.120471
v 0.176298 0.054690 0.117799
v 0.172059 0.055525 0.114966
v 0.167817 0.056269 0.112132
v 0.163808 0.057068 0.109453
v 0.160269 0.058066 0.107088
v 0.157437 0.059409 0.105196
v 0.155548 0.061241 0.103934
v 0.154838 0.063708 0.103460
v 0.155505 0.066288 0.103905
v 0.157420 0.068492 0.105185
v 0.160334 0.070514 0.107132
v 0.163999 0.072549 0.109581
v 0.168167 0.074793 0.112366
v 0.172589 0.077439 0.115320
v 0.177017 0.080682 0.118279
v 0.181201 0.084718 0.121075
v 0.184894 0.089741 0.123542
v 0.187847 0.095945 0.125516
v 0.189812 0.103526 0.126829
v 0.190540 0.112678 0.127315
v 0.189145 0.122639 0.126383
v 0.185239 0.132512 0.123773
v 0.179322 0.142293 0.119819
v 0.171891 0.151973 0.114854
v 0.163447 0.161549 0.109212
v 0.154488 0.171014 0.103225
v 0.145512 0.180361 0.097228
v 0.137020 0.189586 0.091554
v 0.129510 0.198681 0.086536
v 0.123481 0.207642 0.082507
v 0.119432 0.216462 0.079802
v 0.117862 0.225135 0.078753
v 0.117746 0.232961 0.078676
v 0.117687 0.239341 0.078636
v 0.117619 0.244419 0.078590
v 0.117478 0.248341 0.078497
v 0.117201 0.251253 0.078311
v 0.116724 0.253300 0.077992
v 0.115981 0.254628 0.077496
v 0.114910 0.255381 0.076780
v 0.113446 0.255706 0.075802
v 0.111525 0.255748 0.074519
v 0.109083 0.255652 0.072887
v 0.106055 0.255564 0.070864
v 0.103468 0.255925 0.069135
v 0.099535 0.257486 0.066507
v 0.094564 0.260903 0.063186
v 0.088864 0.266832 0.059377
v 0.082744 0.275929 0.055288
v 0.076512 0.288851 0.051124
v 0.070477 0.306254 0.047091
v 0.064948 0.328794 0.043397
v 0.060232 0.357128 0.040246
v 0.056640 0.391912 0.037846
v 0.054479 0.433802 0.036401
v 0.054057 0.483455 0.036120
v 0.054795 0.484091 0.036613
v 0.056840 0.484565 0.037979
v 0.059958 0.484898 0.040063
v 0.063918 0.485110 0.042708
v 0.068486 0.485220 0.045761
v 0.073432 0.485250 0.049066
v 0.078522 0.485220 0.052467
v 0.083524 0.485150 0.055809
v 0.088205 0.485060 0.058937
v 0.092333 0.484971 0.061695
v 0.095677 0.484902 0.063929
v 0.098002 0.484875 0.065483
v 0.100179 0.484971 0.066938
v 0.102195 0.485275 0.068285
v 0.104068 0.485807 0.069536
v 0.105815 0.486589 0.070703
v 0.107453 0.487642 0.071798
v 0.109001 0.488987 0.072832
v 0.110475 0.490645 0.073817
v 0.111892 0.492638 0.074764
v 0.113271 0.494987 0.075685
v 0.114629 0.497713 0.076593
v 0.115983 0.500838 0.077497
v 0.117351 0.504382 0.078411
v 0.117697 0.508152 0.078642
v 0.116169 0.512080 0.077622
v 0.112978 0.516148 0.075489
v 0.108331 0.520340 0.072384
v 0.102437 0.524637 0.068446
v 0.095506 0.529022 0.063815
v 0.087746 0.533478 0.058630
v 0.079366 0.537988 0.053031
v 0.070575 0.542532 0.047156
v 0.061581 0.547096 0.041147
v 0.052594 0.551660 0.035142
v 0.043823 0.556207 0.029282
v 0.043718 0.556331 0.029212
v 0.043396 0.566136 0.028996
v 0.044894 0.568071 0.029997
v 0.048808 0.570612 0.032612
v 0.054646 0.574007 0.036513
v 0.061920 0.578503 0.041374
v 0.070139 0.584347 0.046865
v 0.078814 0.591788 0.052662
v 0.087455 0.601073 0.058435
v 0.095571 0.612449 0.063859
v 0.102673 0.626164 0.068604
v 0.108272 0.642466 0.072345
v 0.111877 0.661603 0.074754
v 0.112998 0.683821 0.075503
v 0.111630 0.704616 0.074589
v 0.108189 0.723793 0.072290
v 0.102903 0.741315 0.068757
v 0.095996 0.757147 0.064143
v 0.087696 0.771251 0.058596
v 0.078227 0.783593 0.052270
v 0.067817 0.794135 0.045314
v 0.056690 0.802841 0.037879
v 0.045074 0.809676 0.030118
v 0.033195 0.814603 0.022180
v 0.021277 0.817586 0.014217
v 0.009548 0.818588 0.006379
v -0.000000 -0.000077 -0.000000
v 0.002751 -0.000028 0.001140
v 0.010452 0.000105 0.004329
v 0.177148 -0.000085 0.073377
v 0.181836 0.000105 0.075319
v 0.186270 0.000648 0.077155
v 0.190419 0.001502 0.078874
v 0.194256 0.002623 0.080464
v 0.197751 0.003969 0.081911
v 0.200874 0.005498 0.083205
v 0.203597 0.007166 0.084333
v 0.205890 0.008932 0.085282
v 0.207725 0.010752 0.086042
v 0.209071 0.012585 0.086600
v 0.209900 0.014387 0.086943
v 0.210183 0.042056 0.087061
v 0.210183 0.044079 0.087061
v 0.209436 0.047543 0.086751
v 0.207371 0.050191 0.085896
v 0.204249 0.052168 0.084603
v 0.200336 0.053620 0.082982
v 0.195892 0.054690 0.081141
v 0.191182 0.055525 0.079190
v 0.186468 0.056269 0.077238
v 0.182014 0.057068 0.075393
v 0.178081 0.058066 0.073764
v 0.174934 0.059409 0.072460
v 0.172835 0.061241 0.071591
v 0.172047 0.063708 0.071264
v 0.172788 0.066288 0.071571
v 0.174916 0.068492 0.072452
v 0.178154 0.070514 0.073794
v 0.182226 0.072549 0.075481
v 0.186857 0.074793 0.077399
v 0.191771 0.077439 0.079434
v 0.196690 0.080682 0.081472
v 0.201340 0.084718 0.083398
v 0.205443 0.089741 0.085097
v 0.208725 0.095945 0.086457
v 0.210908 0.103526 0.087361
v 0.211717 0.112678 0.087696
v 0.210167 0.122639 0.087054
v 0.205827 0.132512 0.085256
v 0.199252 0.142293 0.082533
v 0.190995 0.151973 0.079113
v 0.181612 0.161549 0.075226
v 0.171657 0.171014 0.071103
v 0.161685 0.180361 0.066972
v 0.152249 0.189586 0.063063
v 0.143904 0.198681 0.059607
v 0.137205 0.207642 0.056832
v 0.132706 0.216462 0.054968
v 0.130961 0.225135 0.054246
v 0.130833 0.232961 0.054193
v 0.130767 0.239341 0.054165
v 0.130691 0.244419 0.054134
v 0.130535 0.248341 0.054069
v 0.130227 0.251253 0.053942
v 0.129696 0.253300 0.053722
v 0.128871 0.254628 0.053380
v 0.127681 0.255381 0.052887
v 0.126054 0.255706 0.052213
v 0.123920 0.255748 0.051329
v 0.121206 0.255652 0.050205
v 0.117843 0.255564 0.048812
v 0.114968 0.255925 0.047621
v 0.110597 0.257486 0.045811
v 0.105074 0.260903 0.043523
v 0.098741 0.266832 0.040900
v 0.091940 0.275929 0.038083
v 0.085016 0.288851 0.035215
v 0.078310 0.306254 0.032437
v 0.072166 0.328794 0.029892
v 0.066927 0.357128 0.027722
v 0.062935 0.391912 0.026068
v 0.060533 0.433802 0.025074
v 0.060065 0.483455 0.024880
v 0.060885 0.484091 0.025220
v 0.063157 0.484565 0.026160
v 0.066622 0.484898 0.027596
v 0.071022 0.485110 0.029418
v 0.076098 0.485220 0.031521
v 0.081593 0.485250 0.033797
v 0.087249 0.485220 0.036140
v 0.092806 0.485150 0.038442
v 0.098008 0.485060 0.040596
v 0.102595 0.484971 0.042496
v 0.106310 0.484902 0.044035
v 0.108894 0.484875 0.045105
v 0.111313 0.484971 0.046107
v 0.113553 0.485275 0.047035
v 0.115634 0.485807 0.047897
v 0.117575 0.486589 0.048701
v 0.119396 0.487642 0.049455
v 0.121115 0.488987 0.050168
v 0.122753 0.490645 0.050846
v 0.124328 0.492638 0.051498
v 0.125860 0.494987 0.052133
v 0.127369 0.497713 0.052758
v 0.128873 0.500838 0.053381
v 0.130393 0.504382 0.054011
v 0.130777 0.508152 0.054170
v 0.129081 0.512080 0.053467
v 0.125534 0.516148 0.051998
v 0.120371 0.520340 0.049859
v 0.113822 0.524637 0.047147
v 0.106121 0.529022 0.043957
v 0.097498 0.533478 0.040385
v 0.088187 0.537988 0.036528
v 0.078418 0.542532 0.032482
v 0.068425 0.547096 0.028343
v 0.058440 0.551660 0.024207
v 0.048694 0.556207 0.020170
v 0.048577 0.556331 0.020121
v 0.048219 0.566136 0.019973
v 0.049884 0.568071 0.020663
v 0.054232 0.570612 0.022464
v 0.060719 0.574007 0.025151
v 0.068802 0.578503 0.028499
v 0.077934 0.584347 0.032281
v 0.087573 0.591788 0.036274
v 0.097174 0.601073 0.040251
v 0.106193 0.612449 0.043987
v 0.114085 0.626164 0.047255
v 0.120306 0.642466 0.049832
v 0.124311 0.661603 0.051491
v 0.125557 0.683821 0.052007
v 0.124036 0.704616 0.051378
v 0.120214 0.723793 0.049794
v 0.114339 0.741315 0.047361
v 0.106665 0.757147 0.044182
v 0.097442 0.771251 0.040362
v 0.086921 0.783593 0.036004
v 0.075354 0.794135 0.031212
v 0.062991 0.802841 0.026092
v 0.050084 0.809676 0.020745
v 0.036884 0.814603 0.015278
v 0.023642 0.817586 0.009793
v 0.010609 0.818588 0.004394
v -0.000000 -0.000077 -0.000000
v 0.002921 -0.000028 0.000581
v 0.011096 0.000105 0.002207
v 0.188059 -0.000085 0.037407
v 0.193036 0.000105 0.038397
v 0.197743 0.000648 0.039333
v 0.202148 0.001502 0.040210
v 0.206221 0.002623 0.041020
v 0.209931 0.003969 0.041758
v 0.213247 0.005498 0.042417
v 0.216137 0.007166 0.042992
v 0.218572 0.008932 0.043477
v 0.220519 0.010752 0.043864
v 0.221948 0.012585 0.044148
v 0.222829 0.014387 0.044323
v 0.223129 0.042056 0.044383
v 0.223129 0.044079 0.044383
v 0.222336 0.047543 0.044225
v 0.220143 0.050191 0.043789
v 0.216830 0.052168 0.043130
v 0.212675 0.053620 0.042304
v 0.207958 0.054690 0.041365
v 0.202958 0.055525 0.040371
v 0.197954 0.056269 0.039375
v 0.193225 0.057068 0.038435
v 0.189050 0.058066 0.037604
v 0.185709 0.059409 0.036940
v 0.183481 0.061241 0.036497
v 0.182644 0.063708 0.036330
v 0.183431 0.066288 0.036487
v 0.185689 0.068492 0.036936
v 0.189127 0.070514 0.037620
v 0.193450 0.072549 0.038480
v 0.198367 0.074793 0.039458
v 0.203583 0.077439 0.040495
v 0.208805 0.080682 0.041534
v 0.213741 0.084718 0.042516
v 0.218098 0.089741 0.043382
v 0.221581 0.095945 0.044075
v 0.223899 0.103526 0.044536
v 0.224758 0.112678 0.044707
v 0.223112 0.122639 0.044380
v 0.218505 0.132512 0.043463
v 0.211524 0.142293 0.042075
v 0.202759 0.151973 0.040331
v 0.192799 0.161549 0.038350
v 0.182230 0.171014 0.036248
v 0.171643 0.180361 0.034142
v 0.161626 0.189586 0.032149
v 0.152768 0.198681 0.030387
v 0.145656 0.207642 0.028973
v 0.140879 0.216462 0.028023
v 0.139027 0.225135 0.027654
v 0.138891 0.232961 0.027627
v 0.138821 0.239341 0.027613
v 0.138741 0.244419 0.027597
v 0.138575 0.248341 0.027564
v 0.138248 0.251253 0.027499
v 0.137685 0.253300 0.027387
v 0.136809 0.254628 0.027213
v 0.135546 0.255381 0.026962
v 0.133819 0.255706 0.026618
v 0.131553 0.255748 0.026167
v 0.128672 0.255652 0.025594
v 0.125101 0.255564 0.024884
v 0.122049 0.255925 0.024277
v 0.117410 0.257486 0.023354
v 0.111546 0.260903 0.022188
v 0.104823 0.266832 0.020851
v 0.097603 0.275929 0.019415
v 0.090252 0.288851 0.017952
v 0.083134 0.306254 0.016536
v 0.076611 0.328794 0.015239
v 0.071049 0.357128 0.014133
v 0.066811 0.391912 0.013290
v 0.064262 0.433802 0.012782
v 0.063765 0.483455 0.012684
v 0.064636 0.484091 0.012857
v 0.067047 0.484565 0.013336
v 0.070725 0.484898 0.014068
v 0.075396 0.485110 0.014997
v 0.080785 0.485220 0.016069
v 0.086619 0.485250 0.017230
v 0.092623 0.485220 0.018424
v 0.098523 0.485150 0.019597
v 0.104045 0.485060 0.020696
v 0.108915 0.484971 0.021664
v 0.112858 0.484902 0.022449
v 0.115601 0.484875 0.022995
v 0.118169 0.484971 0.023505
v 0.120548 0.485275 0.023978
v 0.122757 0.485807 0.024418
v 0.124817 0.486589 0.024828
v 0.126750 0.487642 0.025212
v 0.128575 0.488987 0.025575
v 0.130314 0.490645 0.025921
v 0.131986 0.492638 0.026254
v 0.133613 0.494987 0.026577
v 0.135214 0.497713 0.026896
v 0.136811 0.500838 0.027213
v 0.138424 0.504382 0.027534
v 0.138833 0.508152 0.027616
v 0.137031 0.512080 0.027257
v 0.133267 0.516148 0.026508
v 0.127785 0.520340 0.025418
v 0.120833 0.524637 0.024035
v 0.112657 0.529022 0.022409
v 0.103503 0.533478 0.020588
v 0.093618 0.537988 0.018622
v 0.083248 0.542532 0.016559
v 0.072640 0.547096 0.014449
v 0.062039 0.551660 0.012340
v 0.051693 0.556207 0.010282
v 0.051569 0.556331 0.010258
v 0.051189 0.566136 0.010182
v 0.052957 0.568071 0.010534
v 0.057573 0.570612 0.011452
v 0.064459 0.574007 0.012822
v 0.073039 0.578503 0.014528
v 0.082735 0.584347 0.016457
v 0.092967 0.591788 0.018492
v 0.103160 0.601073 0.020520
v 0.112734 0.612449 0.022424
v 0.121112 0.626164 0.024091
v 0.127716 0.642466 0.025404
v 0.131968 0.661603 0.026250
v 0.133291 0.683821 0.026513
v 0.131676 0.704616 0.026192
v 0.127618 0.723793 0.025385
v 0.121382 0.741315 0.024144
v 0.113235 0.757147 0.022524
v 0.103444 0.771251 0.020576
v 0.092275 0.783593 0.018355
v 0.079995 0.794135 0.015912
v 0.066871 0.802841 0.013301
v 0.053169 0.809676 0.010576
v 0.039156 0.814603 0.007788
v 0.025098 0.817586 0.004992
v 0.011262 0.818588 0.002240
v 0.000000 0.819320 -0.000000
v 0.000000 -0.003761 -0.194862
v 0.000000 -0.000082 -0.194862
v 0.038016 -0.003761 -0.191118
v 0.038016 -0.000082 -0.191118
v 0.074571 -0.003761 -0.180029
v 0.074571 -0.000082 -0.180029
v 0.108260 -0.003761 -0.162022
v 0.108260 -0.000082 -0.162022
v 0.137788 -0.003761 -0.137788
v 0.137788 -0.000082 -0.137788
v 0.162022 -0.003761 -0.108260
v 0.162022 -0.000082 -0.108260
v 0.180029 -0.003761 -0.074571
v 0.180029 -0.000082 -0.074571
v 0.191118 -0.003761 -0.038016
v 0.191118 -0.000082 -0.038016
v 0.194862 -0.003761 0.000000
v 0.194862 -0.000082 0.000000
v 0.191118 -0.003761 0.038016
v 0.191118 -0.000082 0.038016
v 0.180029 -0.003761 0.074571
v 0.180029 -0.000082 0.074571
v 0.162022 -0.003761 0.108260
v 0.162022 -0.000082 0.108260
v 0.137788 -0.003761 0.137788
v 0.137788 -0.000082 0.137788
v 0.108260 -0.003761 0.162022
v 0.108260 -0.000082 0.162022
v 0.074571 -0.003761 0.180029
v 0.074571 -0.000082 0.180029
v 0.038016 -0.003761 0.191118
v 0.038016 -0.000082 0.191118
v 0.000000 -0.003761 0.194862
v 0.000000 -0.000082 0.194862
v -0.038016 -0.003761 0.191118
v -0.038016 -0.000082 0.191118
v -0.074571 -0.003761 0.180029
v -0.074571 -0.000082 0.180029
v -0.108260 -0.003761 0.162022
v -0.108260 -0.000082 0.162022
v -0.137788 -0.003761 0.137788
v -0.137788 -0.000082 0.137788
v -0.162022 -0.003761 0.108260
v -0.162022 -0.000082 0.108260
v -0.180029 -0.003761 0.074571
v -0.180029 -0.000082 0.074571
v -0.191118 -0.003761 0.038016
v -0.191118 -0.000082 0.038016
v -0.194862 -0.003761 0.000000
v -0.194862 -0.000082 0.000000
v -0.191118 -0.003761 -0.038016
v -0.191118 -0.000082 -0.038016
v -0.180029 -0.003761 -0.074571
v -0.180029 -0.000082 -0.074571
v -0.162022 -0.003761 -0.108260
v -0.162022 -0.000082 -0.108260
v -0.137788 -0.003761 -0.137788
v -0.137788 -0.000082 -0.137788
v -0.108260 -0.003761 -0.162022
v -0.108260 -0.000082 -0.162022
v -0.074571 -0.003761 -0.180029
v -0.074571 -0.000082 -0.180029
v -0.038016 -0.003761 -0.191118
v -0.038016 -0.000082 -0.191118
vn 0.0162 -0.9999 -0.0000
vn 0.0159 -0.9999 -0.0032
vn 0.0158 -0.9999 -0.0031
vn 0.0161 -0.9999 -0.0000
vn 0.0150 -0.9999 -0.0062
vn 0.0149 -0.9999 -0.0062
vn 0.0135 -0.9999 -0.0090
vn 0.0134 -0.9999 -0.0089
vn 0.0115 -0.9999 -0.0115
vn 0.0114 -0.9999 -0.0114
vn 0.0090 -0.9999 -0.0135
vn 0.0089 -0.9999 -0.0134
vn 0.0062 -0.9999 -0.0150
vn 0.0062 -0.9999 -0.0149
vn 0.0032 -0.9999 -0.0159
vn 0.0031 -0.9999 -0.0158
vn -0.0000 -0.9999 -0.0162
vn -0.0000 -0.9999 -0.0161
vn -0.0032 -0.9999 -0.0159
vn -0.0031 -0.9999 -0.0158
vn -0.0062 -0.9999 -0.0150
vn -0.0062 -0.9999 -0.0149
vn -0.0090 -0.9999 -0.0135
vn -0.0089 -0.9999 -0.0134
vn -0.0115 -0.9999 -0.0115
vn -0.0114 -0.9999 -0.0114
vn -0.0135 -0.9999 -0.0090
vn -0.0134 -0.9999 -0.0089
vn -0.0150 -0.9999 -0.0062
vn -0.0149 -0.9999 -0.0062
vn -0.0159 -0.9999 -0.0032
vn -0.0158 -0.9999 -0.0031
vn -0.0162 -0.9999 -0.0000
vn -0.0161 -0.9999 -0.0000
vn -0.0159 -0.9999 0.0032
vn -0.0158 -0.9999 0.0031
vn -0.0150 -0.9999 0.0062
vn -0.0149 -0.9999 0.0062
vn -0.0135 -0.9999 0.0090
vn -0.0134 -0.9999 0.0089
vn -0.0115 -0.9999 0.0115
vn -0.0114 -0.9999 0.0114
vn -0.0090 -0.9999 0.0135
vn -0.0089 -0.9999 0.0134
vn -0.0062 -0.9999 0.0150
vn -0.0062 -0.9999 0.0149
vn -0.0032 -0.9999 0.0159
vn -0.0031 -0.9999 0.0158
vn -0.0000 -0.9999 0.0162
vn -0.0000 -0.9999 0.0161
vn 0.0032 -0.9999 0.0159
vn 0.0031 -0.9999 0.0158
vn 0.0062 -0.9999 0.0150
vn 0.0062 -0.9999 0.0149
vn 0.0090 -0.9999 0.0135
vn 0.0089 -0.9999 0.0134
vn 0.0115 -0.9999 0.0115
vn 0.0114 -0.9999 0.0114
vn 0.0135 -0.9999 0.0090
vn 0.0134 -0.9999 0.0089
vn 0.0150 -0.9999 0.0062
vn 0.0149 -0.9999 0.0062
vn 0.0159 -0.9999 0.0032
vn 0.0158 -0.9999 0.0031
vn 0.0068 -1.0000 -0.0014
vn 0.0069 -1.0000 -0.0000
vn 0.0064 -1.0000 -0.0027
vn 0.0058 -1.0000 -0.0039
vn 0.0049 -1.0000 -0.0049
vn 0.0039 -1.0000 -0.0058
vn 0.0027 -1.0000 -0.0064
vn 0.0014 -1.0000 -0.0068
vn -0.0000 -1.0000 -0.0069
vn -0.0014 -1.0000 -0.0068
vn -0.0027 -1.0000 -0.0064
vn -0.0039 -1.0000 -0.0058
vn -0.0049 -1.0000 -0.0049
vn -0.0058 -1.0000 -0.0039
vn -0.0064 -1.0000 -0.0027
vn -0.0068 -1.0000 -0.0014
vn -0.0069 -1.0000 -0.0000
vn -0.0068 -1.0000 0.0014
vn -0.0064 -1.0000 0.0027
vn -0.0058 -1.0000 0.0039
vn -0.0049 -1.0000 0.0049
vn -0.0039 -1.0000 0.0058
vn -0.0027 -1.0000 0.0064
vn -0.0014 -1.0000 0.0068
vn -0.0000 -1.0000 0.0069
vn 0.0014 -1.0000 0.0068
vn 0.0027 -1.0000 0.0064
vn 0.0039 -1.0000 0.0058
vn 0.0049 -1.0000 0.0049
vn 0.0058 -1.0000 0.0039
vn 0.0064 -1.0000 0.0027
vn 0.0068 -1.0000 0.0014
vn 0.0191 -0.9998 -0.0038
vn 0.0194 -0.9998 -0.0000
vn 0.0180 -0.9998 -0.0074
vn 0.0162 -0.9998 -0.0108
vn 0.0137 -0.9998 -0.0137
vn 0.0108 -0.9998 -0.0162
vn 0.0074 -0.9998 -0.0180
vn 0.0038 -0.9998 -0.0191
vn -0.0000 -0.9998 -0.0194
vn -0.0038 -0.9998 -0.0191
vn -0.0074 -0.9998 -0.0180
vn -0.0108 -0.9998 -0.0162
vn -0.0137 -0.9998 -0.0137
vn -0.0162 -0.9998 -0.0108
vn -0.0180 -0.9998 -0.0074
vn -0.0191 -0.9998 -0.0038
vn -0.0194 -0.9998 -0.0000
vn -0.0191 -0.9998 0.0038
vn -0.0180 -0.9998 0.0074
vn -0.0162 -0.9998 0.0108
vn -0.0137 -0.9998 0.0137
vn -0.0108 -0.9998 0.0162
vn -0.0074 -0.9998 0.0180
vn -0.0038 -0.9998 0.0191
vn -0.0000 -0.9998 0.0194
vn 0.0038 -0.9998 0.0191
vn 0.0074 -0.9998 0.0180
vn 0.0108 -0.9998 0.0162
vn 0.0137 -0.9998 0.0137
vn 0.0162 -0.9998 0.0108
vn 0.0180 -0.9998 0.0074
vn 0.0191 -0.9998 0.0038
vn 0.0759 -0.9970 -0.0151
vn 0.0774 -0.9970 -0.0000
vn 0.0715 -0.9970 -0.0296
vn 0.0644 -0.9970 -0.0430
vn 0.0547 -0.9970 -0.0547
vn 0.0430 -0.9970 -0.0644
vn 0.0296 -0.9970 -0.0715
vn 0.0151 -0.9970 -0.0759
vn -0.0000 -0.9970 -0.0774
vn -0.0151 -0.9970 -0.0759
vn -0.0296 -0.9970 -0.0715
vn -0.0430 -0.9970 -0.0644
vn -0.0547 -0.9970 -0.0547
vn -0.0644 -0.9970 -0.0430
vn -0.0715 -0.9970 -0.0296
vn -0.0759 -0.9970 -0.0151
vn -0.0774 -0.9970 -0.0000
vn -0.0759 -0.9970 0.0151
vn -0.0715 -0.9970 0.0296
vn -0.0644 -0.9970 0.0430
vn -0.0547 -0.9970 0.0547
vn -0.0430 -0.9970 0.0644
vn -0.0296 -0.9970 0.0715
vn -0.0151 -0.9970 0.0759
vn -0.0000 -0.9970 0.0774
vn 0.0151 -0.9970 0.0759
vn 0.0296 -0.9970 0.0715
vn 0.0430 -0.9970 0.0644
vn 0.0547 -0.9970 0.0547
vn 0.0644 -0.9970 0.0430
vn 0.0715 -0.9970 0.0296
vn 0.0759 -0.9970 0.0151
vn 0.1491 -0.9884 -0.0296
vn 0.1520 -0.9884 -0.0000
vn 0.1404 -0.9884 -0.0582
vn 0.1264 -0.9884 -0.0844
vn 0.1075 -0.9884 -0.1075
vn 0.0844 -0.9884 -0.1264
vn 0.0582 -0.9884 -0.1404
vn 0.0296 -0.9884 -0.1491
vn -0.0000 -0.9884 -0.1520
vn -0.0296 -0.9884 -0.1491
vn -0.0582 -0.9884 -0.1404
vn -0.0844 -0.9884 -0.1264
vn -0.1075 -0.9884 -0.1075
vn -0.1264 -0.9884 -0.0844
vn -0.1404 -0.9884 -0.0582
vn -0.1491 -0.9884 -0.0296
vn -0.1520 -0.9884 -0.0000
vn -0.1491 -0.9884 0.0296
vn -0.1404 -0.9884 0.0582
vn -0.1264 -0.9884 0.0844
vn -0.1075 -0.9884 0.1075
vn -0.0844 -0.9884 0.1264
vn -0.0582 -0.9884 0.1404
vn -0.0296 -0.9884 0.1491
vn -0.0000 -0.9884 0.1520
vn 0.0296 -0.9884 0.1491
vn 0.0582 -0.9884 0.1404
vn 0.0844 -0.9884 0.1264
vn 0.1075 -0.9884 0.1075
vn 0.1264 -0.9884 0.0844
vn 0.1404 -0.9884 0.0582
vn 0.1491 -0.9884 0.0296
vn 0.2217 -0.9741 -0.0441
vn 0.2261 -0.9741 -0.0000
vn 0.2088 -0.9741 -0.0865
vn 0.1880 -0.9741 -0.1256
vn 0.1598 -0.9741 -0.1598
vn 0.1256 -0.9741 -0.1880
vn 0.0865 -0.9741 -0.2088
vn 0.0441 -0.9741 -0.2217
vn -0.0000 -0.9741 -0.2261
vn -0.0441 -0.9741 -0.2217
vn -0.0865 -0.9741 -0.2088
vn -0.1256 -0.9741 -0.1880
vn -0.1598 -0.9741 -0.1598
vn -0.1880 -0.9741 -0.1256
vn -0.2088 -0.9741 -0.0865
vn -0.2217 -0.9741 -0.0441
vn -0.2261 -0.9741 -0.0000
vn -0.2217 -0.9741 0.0441
vn -0.2088 -0.9741 0.0865
vn -0.1880 -0.9741 0.1256
vn -0.1598 -0.9741 0.1598
vn -0.1256 -0.9741 0.1880
vn -0.0865 -0.9741 0.2088
vn -0.0441 -0.9741 0.2217
vn -0.0000 -0.9741 0.2261
vn 0.0441 -0.9741 0.2217
vn 0.0865 -0.9741 0.2088
vn 0.1256 -0.9741 0.1880
vn 0.1598 -0.9741 0.1598
vn 0.1880 -0.9741 0.1256
vn 0.2088 -0.9741 0.0865
vn 0.2217 -0.9741 0.0441
vn 0.2946 -0.9538 -0.0586
vn 0.3004 -0.9538 -0.0000
vn 0.2775 -0.9538 -0.1150
vn 0.2498 -0.9538 -0.1669
vn 0.2124 -0.9538 -0.2124
vn 0.1669 -0.9538 -0.2498
vn 0.1150 -0.9538 -0.2775
vn 0.0586 -0.9538 -0.2946
vn -0.0000 -0.9538 -0.3004
vn -0.0586 -0.9538 -0.2946
vn -0.1150 -0.9538 -0.2775
vn -0.1669 -0.9538 -0.2498
vn -0.2124 -0.9538 -0.2124
vn -0.2498 -0.9538 -0.1669
vn -0.2775 -0.9538 -0.1150
vn -0.2946 -0.9538 -0.0586
vn -0.3004 -0.9538 -0.0000
vn -0.2946 -0.9538 0.0586
vn -0.2775 -0.9538 0.1150
vn -0.2498 -0.9538 0.1669
vn -0.2124 -0.9538 0.2124
vn -0.1669 -0.9538 0.2498
vn -0.1150 -0.9538 0.2775
vn -0.0586 -0.9538 0.2946
vn -0.0000 -0.9538 0.3004
vn 0.0586 -0.9538 0.2946
vn 0.1150 -0.9538 0.2775
vn 0.1669 -0.9538 0.2498
vn 0.2124 -0.9538 0.2124
vn 0.2498 -0.9538 0.1669
vn 0.2775 -0.9538 0.1150
vn 0.2946 -0.9538 0.0586
vn 0.3689 -0.9266 -0.0734
vn 0.3762 -0.9266 -0.0000
vn 0.3475 -0.9266 -0.1440
vn 0.3128 -0.9266 -0.2090
vn 0.2660 -0.9266 -0.2660
vn 0.2090 -0.9266 -0.3128
vn 0.1440 -0.9266 -0.3475
vn 0.0734 -0.9266 -0.3689
vn -0.0000 -0.9266 -0.3762
vn -0.0734 -0.9266 -0.3689
vn -0.1440 -0.9266 -0.3475
vn -0.2090 -0.9266 -0.3128
vn -0.2660 -0.9266 -0.2660
vn -0.3128 -0.9266 -0.2090
vn -0.3475 -0.9266 -0.1440
vn -0.3689 -0.9266 -0.0734
vn -0.3762 -0.9266 -0.0000
vn -0.3689 -0.9266 0.0734
vn -0.3475 -0.9266 0.1440
vn -0.3128 -0.9266 0.2090
vn -0.2660 -0.9266 0.2660
vn -0.2090 -0.9266 0.3128
vn -0.1440 -0.9266 0.3475
vn -0.0734 -0.9266 0.3689
vn -0.0000 -0.9266 0.3762
vn 0.0734 -0.9266 0.3689
vn 0.1440 -0.9266 0.3475
vn 0.2090 -0.9266 0.3128
vn 0.2660 -0.9266 0.2660
vn 0.3128 -0.9266 0.2090
vn 0.3475 -0.9266 0.1440
vn 0.3689 -0.9266 0.0734
vn 0.4463 -0.8905 -0.0888
vn 0.4550 -0.8905 -0.0000
vn 0.4204 -0.8905 -0.1741
vn 0.3783 -0.8905 -0.2528
vn 0.3217 -0.8905 -0.3217
vn 0.2528 -0.8905 -0.3783
vn 0.1741 -0.8905 -0.4204
vn 0.0888 -0.8905 -0.4463
vn -0.0000 -0.8905 -0.4550
vn -0.0888 -0.8905 -0.4463
vn -0.1741 -0.8905 -0.4204
vn -0.2528 -0.8905 -0.3783
vn -0.3217 -0.8905 -0.3217
vn -0.3783 -0.8905 -0.2528
vn -0.4204 -0.8905 -0.1741
vn -0.4463 -0.8905 -0.0888
vn -0.4550 -0.8905 -0.0000
vn -0.4463 -0.8905 0.0888
vn -0.4204 -0.8905 0.1741
vn -0.3783 -0.8905 0.2528
vn -0.3217 -0.8905 0.3217
vn -0.2528 -0.8905 0.3783
vn -0.1741 -0.8905 0.4204
vn -0.0888 -0.8905 0.4463
vn -0.0000 -0.8905 0.4550
vn 0.0888 -0.8905 0.4463
vn 0.1741 -0.8905 0.4204
vn 0.2528 -0.8905 0.3783
vn 0.3217 -0.8905 0.3217
vn 0.3783 -0.8905 0.2528
vn 0.4204 -0.8905 0.1741
vn 0.4463 -0.8905 0.0888
vn 0.5288 -0.8422 -0.1052
vn 0.5392 -0.8422 -0.0000
vn 0.4981 -0.8422 -0.2063
vn 0.4483 -0.8422 -0.2995
vn 0.3812 -0.8422 -0.3812
vn 0.2995 -0.8422 -0.4483
vn 0.2063 -0.8422 -0.4981
vn 0.1052 -0.8422 -0.5288
vn -0.0000 -0.8422 -0.5392
vn -0.1052 -0.8422 -0.5288
vn -0.2063 -0.8422 -0.4981
vn -0.2995 -0.8422 -0.4483
vn -0.3812 -0.8422 -0.3812
vn -0.4483 -0.8422 -0.2995
vn -0.4981 -0.8422 -0.2063
vn -0.5288 -0.8422 -0.1052
vn -0.5392 -0.8422 -0.0000
vn -0.5288 -0.8422 0.1052
vn -0.4981 -0.8422 0.2063
vn -0.4483 -0.8422 0.2995
vn -0.3812 -0.8422 0.3812
vn -0.2995 -0.8422 0.4483
vn -0.2063 -0.8422 0.4981
vn -0.1052 -0.8422 0.5288
vn -0.0000 -0.8422 0.5392
vn 0.1052 -0.8422 0.5288
vn 0.2063 -0.8422 0.4981
vn 0.2995 -0.8422 0.4483
vn 0.3812 -0.8422 0.3812
vn 0.4483 -0.8422 0.2995
vn 0.4981 -0.8422 0.2063
vn 0.5288 -0.8422 0.1052
vn 0.6191 -0.7756 -0.1232
vn 0.6313 -0.7756 -0.0000
vn 0.5832 -0.7756 -0.2416
vn 0.5249 -0.7756 -0.3507
vn 0.4464 -0.7756 -0.4464
vn 0.3507 -0.7756 -0.5249
vn 0.2416 -0.7756 -0.5832
vn 0.1232 -0.7756 -0.6191
vn -0.0000 -0.7756 -0.6313
vn -0.1232 -0.7756 -0.6191
vn -0.2416 -0.7756 -0.5832
vn -0.3507 -0.7756 -0.5249
vn -0.4464 -0.7756 -0.4464
vn -0.5249 -0.7756 -0.3507
vn -0.5832 -0.7756 -0.2416
vn -0.6191 -0.7756 -0.1232
vn -0.6313 -0.7756 -0.0000
vn -0.6191 -0.7756 0.1232
vn -0.5832 -0.7756 0.2416
vn -0.5249 -0.7756 0.3507
vn -0.4464 -0.7756 0.4464
vn -0.3507 -0.7756 0.5249
vn -0.2416 -0.7756 0.5832
vn -0.1232 -0.7756 0.6191
vn -0.0000 -0.7756 0.6313
vn 0.1232 -0.7756 0.6191
vn 0.2416 -0.7756 0.5832
vn 0.3507 -0.7756 0.5249
vn 0.4464 -0.7756 0.4464
vn 0.5249 -0.7756 0.3507
vn 0.5832 -0.7756 0.2416
vn 0.6191 -0.7756 0.1232
vn 0.7197 -0.6794 -0.1432
vn 0.7338 -0.6794 -0.0000
vn 0.6779 -0.6794 -0.2808
vn 0.6101 -0.6794 -0.4077
vn 0.5189 -0.6794 -0.5189
vn 0.4077 -0.6794 -0.6101
vn 0.2808 -0.6794 -0.6779
vn 0.1432 -0.6794 -0.7197
vn -0.0000 -0.6794 -0.7338
vn -0.1432 -0.6794 -0.7197
vn -0.2808 -0.6794 -0.6779
vn -0.4077 -0.6794 -0.6101
vn -0.5189 -0.6794 -0.5189
vn -0.6101 -0.6794 -0.4077
vn -0.6779 -0.6794 -0.2808
vn -0.7197 -0.6794 -0.1432
vn -0.7338 -0.6794 -0.0000
vn -0.7197 -0.6794 0.1432
vn -0.6779 -0.6794 0.2808
vn -0.6101 -0.6794 0.4077
vn -0.5189 -0.6794 0.5189
vn -0.4077 -0.6794 0.6101
vn -0.2808 -0.6794 0.6779
vn -0.1432 -0.6794 0.7197
vn -0.0000 -0.6794 0.7338
vn 0.1432 -0.6794 0.7197
vn 0.2808 -0.6794 0.6779
vn 0.4077 -0.6794 0.6101
vn 0.5189 -0.6794 0.5189
vn 0.6101 -0.6794 0.4077
vn 0.6779 -0.6794 0.2808
vn 0.7197 -0.6794 0.1432
vn 0.8292 -0.5341 -0.1649
vn 0.8454 -0.5341 -0.0000
vn 0.7811 -0.5341 -0.3235
vn 0.7029 -0.5341 -0.4697
vn 0.5978 -0.5341 -0.5978
vn 0.4697 -0.5341 -0.7029
vn 0.3235 -0.5341 -0.7811
vn 0.1649 -0.5341 -0.8292
vn -0.0000 -0.5341 -0.8454
vn -0.1649 -0.5341 -0.8292
vn -0.3235 -0.5341 -0.7811
vn -0.4697 -0.5341 -0.7029
vn -0.5978 -0.5341 -0.5978
vn -0.7029 -0.5341 -0.4697
vn -0.7811 -0.5341 -0.3235
vn -0.8292 -0.5341 -0.1649
vn -0.8454 -0.5341 -0.0000
vn -0.8292 -0.5341 0.1649
vn -0.7811 -0.5341 0.3235
vn -0.7029 -0.5341 0.4697
vn -0.5978 -0.5341 0.5978
vn -0.4697 -0.5341 0.7029
vn -0.3235 -0.5341 0.7811
vn -0.1649 -0.5341 0.8292
vn -0.0000 -0.5341 0.8454
vn 0.1649 -0.5341 0.8292
vn 0.3235 -0.5341 0.7811
vn 0.4697 -0.5341 0.7029
vn 0.5978 -0.5341 0.5978
vn 0.7029 -0.5341 0.4697
vn 0.7811 -0.5341 0.3235
vn 0.8292 -0.5341 0.1649
vn 0.9542 -0.2312 -0.1898
vn 0.9729 -0.2312 -0.0000
vn 0.8988 -0.2312 -0.3723
vn 0.8089 -0.2312 -0.5405
vn 0.6879 -0.2312 -0.6879
vn 0.5405 -0.2312 -0.8089
vn 0.3723 -0.2312 -0.8988
vn 0.1898 -0.2312 -0.9542
vn -0.0000 -0.2312 -0.9729
vn -0.1898 -0.2312 -0.9542
vn -0.3723 -0.2312 -0.8988
vn -0.5405 -0.2312 -0.8089
vn -0.6879 -0.2312 -0.6879
vn -0.8089 -0.2312 -0.5405
vn -0.8988 -0.2312 -0.3723
vn -0.9542 -0.2312 -0.1898
vn -0.9729 -0.2312 -0.0000
vn -0.9542 -0.2312 0.1898
vn -0.8988 -0.2312 0.3723
vn -0.8089 -0.2312 0.5405
vn -0.6879 -0.2312 0.6879
vn -0.5405 -0.2312 0.8089
vn -0.3723 -0.2312 0.8988
vn -0.1898 -0.2312 0.9542
vn -0.0000 -0.2312 0.9729
vn 0.1898 -0.2312 0.9542
vn 0.3723 -0.2312 0.8988
vn 0.5405 -0.2312 0.8089
vn 0.6879 -0.2312 0.6879
vn 0.8089 -0.2312 0.5405
vn 0.8988 -0.2312 0.3723
vn 0.9542 -0.2312 0.1898
vn 0.9808 -0.0055 -0.1951
vn 1.0000 -0.0055 -0.0000
vn 0.9239 -0.0055 -0.3827
vn 0.8315 -0.0055 -0.5556
vn 0.7071 -0.0055 -0.7071
vn 0.5556 -0.0055 -0.8315
vn 0.3827 -0.0055 -0.9239
vn 0.1951 -0.0055 -0.9808
vn -0.0000 -0.0055 -1.0000
vn -0.1951 -0.0055 -0.9808
vn -0.3827 -0.0055 -0.9239
vn -0.5556 -0.0055 -0.8315
vn -0.7071 -0.0055 -0.7071
vn -0.8315 -0.0055 -0.5556
vn -0.9239 -0.0055 -0.3827
vn -0.9808 -0.0055 -0.1951
vn -1.0000 -0.0055 -0.0000
vn -0.9808 -0.0055 0.1951
vn -0.9239 -0.0055 0.3827
vn -0.8315 -0.0055 0.5556
vn -0.7071 -0.0055 0.7071
vn -0.5556 -0.0055 0.8315
vn -0.3827 -0.0055 0.9239
vn -0.1951 -0.0055 0.9808
vn -0.0000 -0.0055 1.0000
vn 0.1951 -0.0055 0.9808
vn 0.3827 -0.0055 0.9239
vn 0.5556 -0.0055 0.8315
vn 0.7071 -0.0055 0.7071
vn 0.8315 -0.0055 0.5556
vn 0.9239 -0.0055 0.3827
vn 0.9808 -0.0055 0.1951
vn 0.9744 0.1136 -0.1938
vn 0.9935 0.1136 -0.0000
vn 0.9179 0.1136 -0.3802
vn 0.8261 0.1136 -0.5520
vn 0.7025 0.1136 -0.7025
vn 0.5520 0.1136 -0.8261
vn 0.3802 0.1136 -0.9179
vn 0.1938 0.1136 -0.9744
vn -0.0000 0.1136 -0.9935
vn -0.1938 0.1136 -0.9744
vn -0.3802 0.1136 -0.9179
vn -0.5520 0.1136 -0.8261
vn -0.7025 0.1136 -0.7025
vn -0.8261 0.1136 -0.5520
vn -0.9179 0.1136 -0.3802
vn -0.9744 0.1136 -0.1938
vn -0.9935 0.1136 -0.0000
vn -0.9744 0.1136 0.1938
vn -0.9179 0.1136 0.3802
vn -0.8261 0.1136 0.5520
vn -0.7025 0.1136 0.7025
vn -0.5520 0.1136 0.8261
vn -0.3802 0.1136 0.9179
vn -0.1938 0.1136 0.9744
vn -0.0000 0.1136 0.9935
vn 0.1938 0.1136 0.9744
vn 0.3802 0.1136 0.9179
vn 0.5520 0.1136 0.8261
vn 0.7025 0.1136 0.7025
vn 0.8261 0.1136 0.5520
vn 0.9179 0.1136 0.3802
vn 0.9744 0.1136 0.1938
vn 0.8793 0.4429 -0.1749
vn 0.8966 0.4429 -0.0000
vn 0.8283 0.4429 -0.3431
vn 0.7455 0.4429 -0.4981
vn 0.6340 0.4429 -0.6340
vn 0.4981 0.4429 -0.7455
vn 0.3431 0.4429 -0.8283
vn 0.1749 0.4429 -0.8793
vn -0.0000 0.4429 -0.8966
vn -0.1749 0.4429 -0.8793
vn -0.3431 0.4429 -0.8283
vn -0.4981 0.4429 -0.7455
vn -0.6340 0.4429 -0.6340
vn -0.7455 0.4429 -0.4981
vn -0.8283 0.4429 -0.3431
vn -0.8793 0.4429 -0.1749
vn -0.8966 0.4429 -0.0000
vn -0.8794 0.4429 0.1749
vn -0.8283 0.4429 0.3431
vn -0.7455 0.4429 0.4981
vn -0.6340 0.4429 0.6340
vn -0.4981 0.4429 0.7455
vn -0.3431 0.4429 0.8283
vn -0.1749 0.4429 0.8793
vn -0.0000 0.4429 0.8966
vn 0.1749 0.4429 0.8793
vn 0.3431 0.4429 0.8283
vn 0.4981 0.4429 0.7455
vn 0.6340 0.4429 0.6340
vn 0.7455 0.4429 0.4981
vn 0.8283 0.4429 0.3431
vn 0.8793 0.4429 0.1749
vn 0.6375 0.7599 -0.1268
vn 0.6500 0.7599 -0.0000
vn 0.6005 0.7599 -0.2487
vn 0.5404 0.7599 -0.3611
vn 0.4596 0.7599 -0.4596
vn 0.3611 0.7599 -0.5404
vn 0.2487 0.7599 -0.6005
vn 0.1268 0.7599 -0.6375
vn -0.0000 0.7599 -0.6500
vn -0.1268 0.7599 -0.6375
vn -0.2487 0.7599 -0.6005
vn -0.3611 0.7599 -0.5404
vn -0.4596 0.7599 -0.4596
vn -0.5404 0.7599 -0.3611
vn -0.6005 0.7599 -0.2487
vn -0.6375 0.7599 -0.1268
vn -0.6500 0.7599 -0.0000
vn -0.6375 0.7599 0.1268
vn -0.6005 0.7599 0.2487
vn -0.5404 0.7599 0.3611
vn -0.4596 0.7599 0.4596
vn -0.3611 0.7599 0.5404
vn -0.2487 0.7599 0.6005
vn -0.1268 0.7599 0.6375
vn -0.0000 0.7599 0.6500
vn 0.1268 0.7599 0.6375
vn 0.2487 0.7599 0.6005
vn 0.3611 0.7599 0.5404
vn 0.4596 0.7599 0.4596
vn 0.5404 0.7599 0.3611
vn 0.6005 0.7599 0.2487
vn 0.6375 0.7599 0.1268
vn 0.4137 0.9067 -0.0823
vn 0.4218 0.9067 -0.0000
vn 0.3897 0.9067 -0.1614
vn 0.3507 0.9067 -0.2343
vn 0.2982 0.9067 -0.2982
vn 0.2343 0.9067 -0.3507
vn 0.1614 0.9067 -0.3897
vn 0.0823 0.9067 -0.4137
vn -0.0000 0.9067 -0.4218
vn -0.0823 0.9067 -0.4137
vn -0.1614 0.9067 -0.3897
vn -0.2343 0.9067 -0.3507
vn -0.2982 0.9067 -0.2982
vn -0.3507 0.9067 -0.2343
vn -0.3897 0.9067 -0.1614
vn -0.4137 0.9067 -0.0823
vn -0.4218 0.9067 -0.0000
vn -0.4137 0.9067 0.0823
vn -0.3897 0.9067 0.1614
vn -0.3507 0.9067 0.2343
vn -0.2982 0.9067 0.2982
vn -0.2343 0.9067 0.3507
vn -0.1614 0.9067 0.3897
vn -0.0823 0.9067 0.4137
vn -0.0000 0.9067 0.4218
vn 0.0823 0.9067 0.4137
vn 0.1614 0.9067 0.3897
vn 0.2343 0.9067 0.3507
vn 0.2982 0.9067 0.2982
vn 0.3507 0.9067 0.2343
vn 0.3897 0.9067 0.1614
vn 0.4137 0.9067 0.0823
vn 0.2690 0.9616 -0.0535
vn 0.2743 0.9616 -0.0000
vn 0.2534 0.9616 -0.1050
vn 0.2281 0.9616 -0.1524
vn 0.1940 0.9616 -0.1940
vn 0.1524 0.9616 -0.2281
vn 0.1050 0.9616 -0.2534
vn 0.0535 0.9616 -0.2690
vn -0.0000 0.9616 -0.2743
vn -0.0535 0.9616 -0.2690
vn -0.1050 0.9616 -0.2534
vn -0.1524 0.9616 -0.2281
vn -0.1940 0.9616 -0.1940
vn -0.2281 0.9616 -0.1524
vn -0.2534 0.9616 -0.1050
vn -0.2690 0.9616 -0.0535
vn -0.2743 0.9616 -0.0000
vn -0.2690 0.9616 0.0535
vn -0.2534 0.9616 0.1050
vn -0.2281 0.9616 0.1524
vn -0.1940 0.9616 0.1940
vn -0.1524 0.9616 0.2281
vn -0.1050 0.9616 0.2534
vn -0.0535 0.9616 0.2690
vn -0.0000 0.9616 0.2743
vn 0.0535 0.9616 0.2690
vn 0.1050 0.9616 0.2534
vn 0.1524 0.9616 0.2281
vn 0.1940 0.9616 0.1940
vn 0.2281 0.9616 0.1524
vn 0.2534 0.9616 0.1050
vn 0.2690 0.9616 0.0535
vn 0.1875 0.9815 -0.0373
vn 0.1912 0.9815 -0.0000
vn 0.1767 0.9815 -0.0732
vn 0.1590 0.9815 -0.1062
vn 0.1352 0.9815 -0.1352
vn 0.1062 0.9815 -0.1590
vn 0.0732 0.9815 -0.1767
vn 0.0373 0.9815 -0.1875
vn -0.0000 0.9815 -0.1912
vn -0.0373 0.9815 -0.1875
vn -0.0732 0.9815 -0.1767
vn -0.1062 0.9815 -0.1590
vn -0.1352 0.9815 -0.1352
vn -0.1590 0.9815 -0.1062
vn -0.1767 0.9815 -0.0732
vn -0.1875 0.9815 -0.0373
vn -0.1912 0.9815 -0.0000
vn -0.1875 0.9815 0.0373
vn -0.1767 0.9815 0.0732
vn -0.1590 0.9815 0.1062
vn -0.1352 0.9815 0.1352
vn -0.1062 0.9815 0.1590
vn -0.0732 0.9815 0.1767
vn -0.0373 0.9815 0.1875
vn -0.0000 0.9815 0.1912
vn 0.0373 0.9815 0.1875
vn 0.0732 0.9815 0.1767
vn 0.1062 0.9815 0.1590
vn 0.1352 0.9815 0.1352
vn 0.1590 0.9815 0.1062
vn 0.1767 0.9815 0.0732
vn 0.1875 0.9815 0.0373
vn 0.1506 0.9881 -0.0299
vn 0.1535 0.9881 -0.0000
vn 0.1418 0.9881 -0.0587
vn 0.1276 0.9881 -0.0853
vn 0.1085 0.9881 -0.1085
vn 0.0853 0.9881 -0.1276
vn 0.0587 0.9881 -0.1418
vn 0.0299 0.9881 -0.1506
vn -0.0000 0.9881 -0.1535
vn -0.0299 0.9881 -0.1506
vn -0.0587 0.9881 -0.1418
vn -0.0853 0.9881 -0.1276
vn -0.1085 0.9881 -0.1085
vn -0.1276 0.9881 -0.0853
vn -0.1418 0.9881 -0.0587
vn -0.1506 0.9881 -0.0299
vn -0.1535 0.9881 -0.0000
vn -0.1506 0.9881 0.0299
vn -0.1418 0.9881 0.0587
vn -0.1276 0.9881 0.0853
vn -0.1085 0.9881 0.1085
vn -0.0853 0.9881 0.1276
vn -0.0587 0.9881 0.1418
vn -0.0299 0.9881 0.1506
vn -0.0000 0.9881 0.1535
vn 0.0299 0.9881 0.1506
vn 0.0587 0.9881 0.1418
vn 0.0853 0.9881 0.1276
vn 0.1085 0.9881 0.1085
vn 0.1276 0.9881 0.0853
vn 0.1418 0.9881 0.0587
vn 0.1506 0.9881 0.0299
vn 0.1503 0.9882 -0.0299
vn 0.1533 0.9882 -0.0000
vn 0.1416 0.9882 -0.0587
vn 0.1275 0.9882 -0.0852
vn 0.1084 0.9882 -0.1084
vn 0.0852 0.9882 -0.1275
vn 0.0587 0.9882 -0.1416
vn 0.0299 0.9882 -0.1503
vn -0.0000 0.9882 -0.1533
vn -0.0299 0.9882 -0.1503
vn -0.0587 0.9882 -0.1416
vn -0.0852 0.9882 -0.1275
vn -0.1084 0.9882 -0.1084
vn -0.1275 0.9882 -0.0852
vn -0.1416 0.9882 -0.0587
vn -0.1503 0.9882 -0.0299
vn -0.1533 0.9882 -0.0000
vn -0.1503 0.9882 0.0299
vn -0.1416 0.9882 0.0587
vn -0.1275 0.9882 0.0852
vn -0.1084 0.9882 0.1084
vn -0.0852 0.9882 0.1275
vn -0.0587 0.9882 0.1416
vn -0.0299 0.9882 0.1503
vn -0.0000 0.9882 0.1533
vn 0.0299 0.9882 0.1503
vn 0.0587 0.9882 0.1416
vn 0.0852 0.9882 0.1275
vn 0.1084 0.9882 0.1084
vn 0.1275 0.9882 0.0852
vn 0.1416 0.9882 0.0587
vn 0.1503 0.9882 0.0299
vn 0.1903 0.9810 -0.0378
vn 0.1940 0.9810 -0.0000
vn 0.1792 0.9810 -0.0742
vn 0.1613 0.9810 -0.1078
vn 0.1372 0.9810 -0.1372
vn 0.1078 0.9810 -0.1613
vn 0.0742 0.9810 -0.1792
vn 0.0378 0.9810 -0.1903
vn -0.0000 0.9810 -0.1940
vn -0.0378 0.9810 -0.1903
vn -0.0742 0.9810 -0.1792
vn -0.1078 0.9810 -0.1613
vn -0.1372 0.9810 -0.1372
vn -0.1613 0.9810 -0.1078
vn -0.1792 0.9810 -0.0742
vn -0.1903 0.9810 -0.0378
vn -0.1940 0.9810 -0.0000
vn -0.1903 0.9810 0.0378
vn -0.1792 0.9810 0.0742
vn -0.1613 0.9810 0.1078
vn -0.1372 0.9810 0.1372
vn -0.1078 0.9810 0.1613
vn -0.0742 0.9810 0.1792
vn -0.0378 0.9810 0.1903
vn -0.0000 0.9810 0.1940
vn 0.0378 0.9810 0.1903
vn 0.0742 0.9810 0.1792
vn 0.1078 0.9810 0.1613
vn 0.1372 0.9810 0.1372
vn 0.1613 0.9810 0.1078
vn 0.1792 0.9810 0.0742
vn 0.1903 0.9810 0.0378
vn 0.2885 0.9558 -0.0574
vn 0.2942 0.9558 -0.0000
vn 0.2718 0.9558 -0.1126
vn 0.2446 0.9558 -0.1634
vn 0.2080 0.9558 -0.2080
vn 0.1634 0.9558 -0.2446
vn 0.1126 0.9558 -0.2718
vn 0.0574 0.9558 -0.2885
vn -0.0000 0.9558 -0.2942
vn -0.0574 0.9558 -0.2885
vn -0.1126 0.9558 -0.2718
vn -0.1634 0.9558 -0.2446
vn -0.2080 0.9558 -0.2080
vn -0.2446 0.9558 -0.1634
vn -0.2718 0.9558 -0.1126
vn -0.2885 0.9558 -0.0574
vn -0.2942 0.9558 -0.0000
vn -0.2885 0.9558 0.0574
vn -0.2718 0.9558 0.1126
vn -0.2446 0.9558 0.1634
vn -0.2080 0.9558 0.2080
vn -0.1634 0.9558 0.2446
vn -0.1126 0.9558 0.2718
vn -0.0574 0.9558 0.2885
vn -0.0000 0.9558 0.2942
vn 0.0574 0.9558 0.2885
vn 0.1126 0.9558 0.2718
vn 0.1634 0.9558 0.2446
vn 0.2080 0.9558 0.2080
vn 0.2446 0.9558 0.1634
vn 0.2718 0.9558 0.1126
vn 0.2885 0.9558 0.0574
vn 0.4864 0.8684 -0.0967
vn 0.4959 0.8684 -0.0000
vn 0.4582 0.8684 -0.1898
vn 0.4123 0.8684 -0.2755
vn 0.3507 0.8684 -0.3507
vn 0.2755 0.8684 -0.4123
vn 0.1898 0.8684 -0.4582
vn 0.0967 0.8684 -0.4864
vn -0.0000 0.8684 -0.4959
vn -0.0967 0.8684 -0.4864
vn -0.1898 0.8684 -0.4582
vn -0.2755 0.8684 -0.4123
vn -0.3507 0.8684 -0.3507
vn -0.4123 0.8684 -0.2755
vn -0.4582 0.8684 -0.1898
vn -0.4864 0.8684 -0.0967
vn -0.4959 0.8684 -0.0000
vn -0.4864 0.8684 0.0967
vn -0.4582 0.8684 0.1898
vn -0.4123 0.8684 0.2755
vn -0.3507 0.8684 0.3507
vn -0.2755 0.8684 0.4123
vn -0.1898 0.8684 0.4582
vn -0.0967 0.8684 0.4864
vn -0.0000 0.8684 0.4959
vn 0.0967 0.8684 0.4864
vn 0.1898 0.8684 0.4582
vn 0.2755 0.8684 0.4123
vn 0.3507 0.8684 0.3507
vn 0.4123 0.8684 0.2755
vn 0.4582 0.8684 0.1898
vn 0.4864 0.8684 0.0967
vn 0.7968 0.5831 -0.1585
vn 0.8124 0.5831 -0.0000
vn 0.7505 0.5831 -0.3109
vn 0.6755 0.5831 -0.4513
vn 0.5744 0.5831 -0.5744
vn 0.4513 0.5831 -0.6755
vn 0.3109 0.5831 -0.7505
vn 0.1585 0.5831 -0.7968
vn -0.0000 0.5831 -0.8124
vn -0.1585 0.5831 -0.7968
vn -0.3109 0.5831 -0.7505
vn -0.4513 0.5831 -0.6755
vn -0.5744 0.5831 -0.5744
vn -0.6755 0.5831 -0.4513
vn -0.7505 0.5831 -0.3109
vn -0.7968 0.5831 -0.1585
vn -0.8124 0.5831 -0.0000
vn -0.7968 0.5831 0.1585
vn -0.7505 0.5831 0.3109
vn -0.6755 0.5831 0.4513
vn -0.5744 0.5831 0.5744
vn -0.4513 0.5831 0.6755
vn -0.3109 0.5831 0.7505
vn -0.1585 0.5831 0.7968
vn -0.0000 0.5831 0.8124
vn 0.1585 0.5831 0.7968
vn 0.3109 0.5831 0.7505
vn 0.4513 0.5831 0.6755
vn 0.5744 0.5831 0.5744
vn 0.6755 0.5831 0.4513
vn 0.7505 0.5831 0.3109
vn 0.7968 0.5831 0.1585
vn 0.9807 0.0161 -0.1951
vn 0.9999 0.0161 -0.0000
vn 0.9238 0.0161 -0.3826
vn 0.8314 0.0161 -0.5555
vn 0.7070 0.0161 -0.7070
vn 0.5555 0.0161 -0.8314
vn 0.3826 0.0161 -0.9238
vn 0.1951 0.0161 -0.9807
vn -0.0000 0.0161 -0.9999
vn -0.1951 0.0161 -0.9807
vn -0.3826 0.0161 -0.9238
vn -0.5555 0.0161 -0.8314
vn -0.7070 0.0161 -0.7070
vn -0.8314 0.0161 -0.5555
vn -0.9238 0.0161 -0.3826
vn -0.9807 0.0161 -0.1951
vn -0.9999 0.0161 -0.0000
vn -0.9807 0.0161 0.1951
vn -0.9238 0.0161 0.3826
vn -0.8314 0.0161 0.5555
vn -0.7070 0.0161 0.7070
vn -0.5555 0.0161 0.8314
vn -0.3826 0.0161 0.9238
vn -0.1951 0.0161 0.9807
vn -0.0000 0.0161 0.9999
vn 0.1951 0.0161 0.9807
vn 0.3826 0.0161 0.9238
vn 0.5555 0.0161 0.8314
vn 0.7070 0.0161 0.7070
vn 0.8314 0.0161 0.5555
vn 0.9238 0.0161 0.3826
vn 0.9807 0.0161 0.1951
vn 0.8295 -0.5335 -0.1650
vn 0.8458 -0.5335 -0.0000
vn 0.7814 -0.5335 -0.3237
vn 0.7032 -0.5335 -0.4699
vn 0.5981 -0.5335 -0.5981
vn 0.4699 -0.5335 -0.7032
vn 0.3237 -0.5335 -0.7814
vn 0.1650 -0.5335 -0.8295
vn -0.0000 -0.5335 -0.8458
vn -0.1650 -0.5335 -0.8295
vn -0.3237 -0.5335 -0.7814
vn -0.4699 -0.5335 -0.7032
vn -0.5981 -0.5335 -0.5981
vn -0.7032 -0.5335 -0.4699
vn -0.7814 -0.5335 -0.3237
vn -0.8295 -0.5335 -0.1650
vn -0.8458 -0.5335 -0.0000
vn -0.8295 -0.5335 0.1650
vn -0.7814 -0.5335 0.3237
vn -0.7032 -0.5335 0.4699
vn -0.5981 -0.5335 0.5981
vn -0.4699 -0.5335 0.7032
vn -0.3237 -0.5335 0.7814
vn -0.1650 -0.5335 0.8295
vn -0.0000 -0.5335 0.8458
vn 0.1650 -0.5335 0.8295
vn 0.3237 -0.5335 0.7814
vn 0.4699 -0.5335 0.7032
vn 0.5981 -0.5335 0.5981
vn 0.7032 -0.5335 0.4699
vn 0.7814 -0.5335 0.3237
vn 0.8295 -0.5335 0.1650
vn 0.5836 -0.8037 -0.1161
vn 0.5950 -0.8037 -0.0000
vn 0.5497 -0.8037 -0.2277
vn 0.4948 -0.8037 -0.3306
vn 0.4208 -0.8037 -0.4208
vn 0.3306 -0.8037 -0.4948
vn 0.2277 -0.8037 -0.5497
vn 0.1161 -0.8037 -0.5836
vn -0.0000 -0.8037 -0.5950
vn -0.1161 -0.8037 -0.5836
vn -0.2277 -0.8037 -0.5497
vn -0.3306 -0.8037 -0.4948
vn -0.4208 -0.8037 -0.4208
vn -0.4948 -0.8037 -0.3306
vn -0.5497 -0.8037 -0.2277
vn -0.5836 -0.8037 -0.1161
vn -0.5950 -0.8037 -0.0000
vn -0.5836 -0.8037 0.1161
vn -0.5497 -0.8037 0.2277
vn -0.4948 -0.8037 0.3306
vn -0.4208 -0.8037 0.4208
vn -0.3306 -0.8037 0.4948
vn -0.2277 -0.8037 0.5497
vn -0.1161 -0.8037 0.5836
vn -0.0000 -0.8037 0.5950
vn 0.1161 -0.8037 0.5836
vn 0.2277 -0.8037 0.5497
vn 0.3306 -0.8037 0.4948
vn 0.4208 -0.8037 0.4208
vn 0.4948 -0.8037 0.3306
vn 0.5497 -0.8037 0.2277
vn 0.5836 -0.8037 0.1161
vn 0.4489 -0.8891 -0.0893
vn 0.4577 -0.8891 -0.0000
vn 0.4229 -0.8891 -0.1752
vn 0.3806 -0.8891 -0.2543
vn 0.3236 -0.8891 -0.3236
vn 0.2543 -0.8891 -0.3806
vn 0.1752 -0.8891 -0.4229
vn 0.0893 -0.8891 -0.4489
vn -0.0000 -0.8891 -0.4577
vn -0.0893 -0.8891 -0.4489
vn -0.1752 -0.8891 -0.4229
vn -0.2543 -0.8891 -0.3806
vn -0.3236 -0.8891 -0.3236
vn -0.3806 -0.8891 -0.2543
vn -0.4229 -0.8891 -0.1752
vn -0.4489 -0.8891 -0.0893
vn -0.4577 -0.8891 -0.0000
vn -0.4489 -0.8891 0.0893
vn -0.4229 -0.8891 0.1752
vn -0.3806 -0.8891 0.2543
vn -0.3236 -0.8891 0.3236
vn -0.2543 -0.8891 0.3806
vn -0.1752 -0.8891 0.4229
vn -0.0893 -0.8891 0.4489
vn -0.0000 -0.8891 0.4577
vn 0.0893 -0.8891 0.4489
vn 0.1752 -0.8891 0.4229
vn 0.2543 -0.8891 0.3806
vn 0.3236 -0.8891 0.3236
vn 0.3806 -0.8891 0.2543
vn 0.4229 -0.8891 0.1752
vn 0.4489 -0.8891 0.0893
vn 0.4056 -0.9105 -0.0807
vn 0.4136 -0.9105 -0.0000
vn 0.3821 -0.9105 -0.1583
vn 0.3439 -0.9105 -0.2298
vn 0.2924 -0.9105 -0.2924
vn 0.2298 -0.9105 -0.3439
vn 0.1583 -0.9105 -0.3821
vn 0.0807 -0.9105 -0.4056
vn -0.0000 -0.9105 -0.4136
vn -0.0807 -0.9105 -0.4056
vn -0.1583 -0.9105 -0.3821
vn -0.2298 -0.9105 -0.3439
vn -0.2924 -0.9105 -0.2924
vn -0.3439 -0.9105 -0.2298
vn -0.3821 -0.9105 -0.1583
vn -0.4056 -0.9105 -0.0807
vn -0.4136 -0.9105 -0.0000
vn -0.4056 -0.9105 0.0807
vn -0.3821 -0.9105 0.1583
vn -0.3439 -0.9105 0.2298
vn -0.2924 -0.9105 0.2924
vn -0.2298 -0.9105 0.3439
vn -0.1583 -0.9105 0.3821
vn -0.0807 -0.9105 0.4056
vn -0.0000 -0.9105 0.4136
vn 0.0807 -0.9105 0.4056
vn 0.1583 -0.9105 0.3821
vn 0.2298 -0.9105 0.3439
vn 0.2924 -0.9105 0.2924
vn 0.3439 -0.9105 0.2298
vn 0.3821 -0.9105 0.1583
vn 0.4056 -0.9105 0.0807
vn 0.4199 -0.9037 -0.0835
vn 0.4281 -0.9037 -0.0000
vn 0.3955 -0.9037 -0.1638
vn 0.3560 -0.9037 -0.2378
vn 0.3027 -0.9037 -0.3027
vn 0.2378 -0.9037 -0.3560
vn 0.1638 -0.9037 -0.3955
vn 0.0835 -0.9037 -0.4199
vn -0.0000 -0.9037 -0.4281
vn -0.0835 -0.9037 -0.4199
vn -0.1638 -0.9037 -0.3955
vn -0.2379 -0.9037 -0.3560
vn -0.3027 -0.9037 -0.3027
vn -0.3560 -0.9037 -0.2378
vn -0.3955 -0.9037 -0.1638
vn -0.4199 -0.9037 -0.0835
vn -0.4281 -0.9037 -0.0000
vn -0.4199 -0.9037 0.0835
vn -0.3955 -0.9037 0.1638
vn -0.3560 -0.9037 0.2378
vn -0.3027 -0.9037 0.3027
vn -0.2378 -0.9037 0.3560
vn -0.1638 -0.9037 0.3955
vn -0.0835 -0.9037 0.4199
vn -0.0000 -0.9037 0.4281
vn 0.0835 -0.9037 0.4199
vn 0.1638 -0.9037 0.3955
vn 0.2379 -0.9037 0.3560
vn 0.3027 -0.9037 0.3027
vn 0.3560 -0.9037 0.2379
vn 0.3955 -0.9037 0.1638
vn 0.4199 -0.9037 0.0835
vn 0.4760 -0.8743 -0.0947
vn 0.4853 -0.8743 -0.0000
vn 0.4484 -0.8743 -0.1857
vn 0.4035 -0.8743 -0.2696
vn 0.3432 -0.8743 -0.3432
vn 0.2696 -0.8743 -0.4035
vn 0.1857 -0.8743 -0.4484
vn 0.0947 -0.8743 -0.4760
vn -0.0000 -0.8743 -0.4853
vn -0.0947 -0.8743 -0.4760
vn -0.1857 -0.8743 -0.4484
vn -0.2696 -0.8743 -0.4035
vn -0.3432 -0.8743 -0.3432
vn -0.4035 -0.8743 -0.2696
vn -0.4484 -0.8743 -0.1857
vn -0.4760 -0.8743 -0.0947
vn -0.4853 -0.8743 -0.0000
vn -0.4760 -0.8743 0.0947
vn -0.4484 -0.8743 0.1857
vn -0.4035 -0.8743 0.2696
vn -0.3432 -0.8743 0.3432
vn -0.2696 -0.8743 0.4035
vn -0.1857 -0.8743 0.4484
vn -0.0947 -0.8743 0.4760
vn -0.0000 -0.8743 0.4853
vn 0.0947 -0.8743 0.4760
vn 0.1857 -0.8743 0.4484
vn 0.2696 -0.8743 0.4035
vn 0.3432 -0.8743 0.3432
vn 0.4035 -0.8743 0.2696
vn 0.4484 -0.8743 0.1857
vn 0.4760 -0.8743 0.0947
vn 0.5657 -0.8169 -0.1125
vn 0.5768 -0.8169 -0.0000
vn 0.5329 -0.8169 -0.2207
vn 0.4796 -0.8169 -0.3204
vn 0.4079 -0.8169 -0.4079
vn 0.3204 -0.8169 -0.4796
vn 0.2207 -0.8169 -0.5329
vn 0.1125 -0.8169 -0.5657
vn -0.0000 -0.8169 -0.5768
vn -0.1125 -0.8169 -0.5657
vn -0.2207 -0.8169 -0.5329
vn -0.3204 -0.8169 -0.4796
vn -0.4079 -0.8169 -0.4079
vn -0.4796 -0.8169 -0.3204
vn -0.5329 -0.8169 -0.2207
vn -0.5657 -0.8169 -0.1125
vn -0.5768 -0.8169 -0.0000
vn -0.5657 -0.8169 0.1125
vn -0.5329 -0.8169 0.2207
vn -0.4796 -0.8169 0.3204
vn -0.4079 -0.8169 0.4079
vn -0.3204 -0.8169 0.4796
vn -0.2207 -0.8169 0.5329
vn -0.1125 -0.8169 0.5657
vn -0.0000 -0.8169 0.5768
vn 0.1125 -0.8169 0.5657
vn 0.2207 -0.8169 0.5329
vn 0.3204 -0.8169 0.4796
vn 0.4079 -0.8169 0.4079
vn 0.4796 -0.8169 0.3204
vn 0.5329 -0.8169 0.2207
vn 0.5657 -0.8169 0.1125
vn 0.6793 -0.7213 -0.1351
vn 0.6926 -0.7213 -0.0000
vn 0.6399 -0.7213 -0.2651
vn 0.5759 -0.7213 -0.3848
vn 0.4898 -0.7213 -0.4898
vn 0.3848 -0.7213 -0.5759
vn 0.2651 -0.7213 -0.6399
vn 0.1351 -0.7213 -0.6793
vn -0.0000 -0.7213 -0.6926
vn -0.1351 -0.7213 -0.6793
vn -0.2651 -0.7213 -0.6399
vn -0.3848 -0.7213 -0.5759
vn -0.4898 -0.7213 -0.4898
vn -0.5759 -0.7213 -0.3848
vn -0.6399 -0.7213 -0.2651
vn -0.6793 -0.7213 -0.1351
vn -0.6926 -0.7213 -0.0000
vn -0.6793 -0.7213 0.1351
vn -0.6399 -0.7213 0.2651
vn -0.5759 -0.7213 0.3848
vn -0.4898 -0.7213 0.4898
vn -0.3848 -0.7213 0.5759
vn -0.2651 -0.7213 0.6399
vn -0.1351 -0.7213 0.6793
vn -0.0000 -0.7213 0.6926
vn 0.1351 -0.7213 0.6793
vn 0.2651 -0.7213 0.6399
vn 0.3848 -0.7213 0.5759
vn 0.4898 -0.7213 0.4898
vn 0.5759 -0.7213 0.3848
vn 0.6399 -0.7213 0.2651
vn 0.6793 -0.7213 0.1351
vn 0.7992 -0.5797 -0.1590
vn 0.8148 -0.5797 -0.0000
vn 0.7528 -0.5797 -0.3118
vn 0.6775 -0.5797 -0.4527
vn 0.5762 -0.5797 -0.5762
vn 0.4527 -0.5797 -0.6775
vn 0.3118 -0.5797 -0.7528
vn 0.1590 -0.5797 -0.7992
vn -0.0000 -0.5797 -0.8148
vn -0.1590 -0.5797 -0.7992
vn -0.3118 -0.5797 -0.7528
vn -0.4527 -0.5797 -0.6775
vn -0.5762 -0.5797 -0.5762
vn -0.6775 -0.5797 -0.4527
vn -0.7528 -0.5797 -0.3118
vn -0.7992 -0.5797 -0.1590
vn -0.8148 -0.5797 -0.0000
vn -0.7992 -0.5797 0.1590
vn -0.7528 -0.5797 0.3118
vn -0.6775 -0.5797 0.4527
vn -0.5762 -0.5797 0.5762
vn -0.4527 -0.5797 0.6775
vn -0.3118 -0.5797 0.7528
vn -0.1590 -0.5797 0.7992
vn -0.0000 -0.5797 0.8148
vn 0.1590 -0.5797 0.7992
vn 0.3118 -0.5797 0.7528
vn 0.4527 -0.5797 0.6775
vn 0.5762 -0.5797 0.5762
vn 0.6775 -0.5797 0.4527
vn 0.7528 -0.5797 0.3118
vn 0.7992 -0.5797 0.1590
vn 0.9001 -0.3971 -0.1790
vn 0.9178 -0.3971 -0.0000
vn 0.8479 -0.3971 -0.3512
vn 0.7631 -0.3971 -0.5099
vn 0.6490 -0.3971 -0.6490
vn 0.5099 -0.3971 -0.7631
vn 0.3512 -0.3971 -0.8479
vn 0.1790 -0.3971 -0.9001
vn -0.0000 -0.3971 -0.9178
vn -0.1790 -0.3971 -0.9001
vn -0.3512 -0.3971 -0.8479
vn -0.5099 -0.3971 -0.7631
vn -0.6490 -0.3971 -0.6490
vn -0.7631 -0.3971 -0.5099
vn -0.8479 -0.3971 -0.3512
vn -0.9001 -0.3971 -0.1790
vn -0.9178 -0.3971 -0.0000
vn -0.9001 -0.3971 0.1790
vn -0.8479 -0.3971 0.3512
vn -0.7631 -0.3971 0.5099
vn -0.6490 -0.3971 0.6490
vn -0.5099 -0.3971 0.7631
vn -0.3512 -0.3971 0.8479
vn -0.1790 -0.3971 0.9001
vn -0.0000 -0.3971 0.9178
vn 0.1790 -0.3971 0.9001
vn 0.3512 -0.3971 0.8479
vn 0.5099 -0.3971 0.7631
vn 0.6490 -0.3971 0.6490
vn 0.7631 -0.3971 0.5099
vn 0.8479 -0.3971 0.3512
vn 0.9001 -0.3971 0.1790
vn 0.9617 -0.1962 -0.1913
vn 0.9806 -0.1962 -0.0000
vn 0.9059 -0.1962 -0.3752
vn 0.8153 -0.1962 -0.5448
vn 0.6934 -0.1962 -0.6934
vn 0.5448 -0.1962 -0.8153
vn 0.3752 -0.1962 -0.9059
vn 0.1913 -0.1962 -0.9617
vn -0.0000 -0.1962 -0.9806
vn -0.1913 -0.1962 -0.9617
vn -0.3752 -0.1962 -0.9059
vn -0.5448 -0.1962 -0.8153
vn -0.6934 -0.1962 -0.6934
vn -0.8153 -0.1962 -0.5448
vn -0.9059 -0.1962 -0.3752
vn -0.9617 -0.1962 -0.1913
vn -0.9806 -0.1962 -0.0000
vn -0.9617 -0.1962 0.1913
vn -0.9059 -0.1962 0.3752
vn -0.8153 -0.1962 0.5448
vn -0.6934 -0.1962 0.6934
vn -0.5448 -0.1962 0.8153
vn -0.3752 -0.1962 0.9059
vn -0.1913 -0.1962 0.9617
vn -0.0000 -0.1962 0.9806
vn 0.1913 -0.1962 0.9617
vn 0.3752 -0.1962 0.9059
vn 0.5448 -0.1962 0.8153
vn 0.6934 -0.1962 0.6934
vn 0.8153 -0.1962 0.5448
vn 0.9059 -0.1962 0.3752
vn 0.9617 -0.1962 0.1913
vn 0.9802 0.0355 -0.1950
vn 0.9994 0.0355 -0.0000
vn 0.9233 0.0355 -0.3824
vn 0.8309 0.0355 -0.5552
vn 0.7067 0.0355 -0.7067
vn 0.5552 0.0355 -0.8309
vn 0.3824 0.0355 -0.9233
vn 0.1950 0.0355 -0.9802
vn -0.0000 0.0355 -0.9994
vn -0.1950 0.0355 -0.9802
vn -0.3824 0.0355 -0.9233
vn -0.5552 0.0355 -0.8309
vn -0.7067 0.0355 -0.7067
vn -0.8309 0.0355 -0.5552
vn -0.9233 0.0355 -0.3824
vn -0.9802 0.0355 -0.1950
vn -0.9994 0.0355 -0.0000
vn -0.9802 0.0355 0.1950
vn -0.9233 0.0355 0.3824
vn -0.8309 0.0355 0.5552
vn -0.7067 0.0355 0.7067
vn -0.5552 0.0355 0.8309
vn -0.3824 0.0355 0.9233
vn -0.1950 0.0355 0.9802
vn -0.0000 0.0355 0.9994
vn 0.1950 0.0355 0.9802
vn 0.3824 0.0355 0.9233
vn 0.5552 0.0355 0.8309
vn 0.7067 0.0355 0.7067
vn 0.8309 0.0355 0.5552
vn 0.9233 0.0355 0.3824
vn 0.9802 0.0355 0.1950
vn 0.9361 0.2983 -0.1862
vn 0.9545 0.2983 -0.0000
vn 0.8818 0.2983 -0.3653
vn 0.7936 0.2983 -0.5303
vn 0.6749 0.2983 -0.6749
vn 0.5303 0.2983 -0.7936
vn 0.3653 0.2983 -0.8818
vn 0.1862 0.2983 -0.9361
vn -0.0000 0.2983 -0.9545
vn -0.1862 0.2983 -0.9361
vn -0.3653 0.2983 -0.8818
vn -0.5303 0.2983 -0.7936
vn -0.6749 0.2983 -0.6749
vn -0.7936 0.2983 -0.5303
vn -0.8818 0.2983 -0.3653
vn -0.9361 0.2983 -0.1862
vn -0.9545 0.2983 -0.0000
vn -0.9361 0.2983 0.1862
vn -0.8818 0.2983 0.3653
vn -0.7936 0.2983 0.5303
vn -0.6749 0.2983 0.6749
vn -0.5303 0.2983 0.7936
vn -0.3653 0.2983 0.8818
vn -0.1862 0.2983 0.9361
vn -0.0000 0.2983 0.9545
vn 0.1862 0.2983 0.9361
vn 0.3653 0.2983 0.8818
vn 0.5303 0.2983 0.7936
vn 0.6749 0.2983 0.6749
vn 0.7936 0.2983 0.5303
vn 0.8818 0.2983 0.3653
vn 0.9361 0.2983 0.1862
vn 0.8444 0.5087 -0.1680
vn 0.8610 0.5087 -0.0000
vn 0.7954 0.5087 -0.3295
vn 0.7159 0.5087 -0.4783
vn 0.6088 0.5087 -0.6088
vn 0.4783 0.5087 -0.7159
vn 0.3295 0.5087 -0.7954
vn 0.1680 0.5087 -0.8444
vn -0.0000 0.5087 -0.8610
vn -0.1680 0.5087 -0.8444
vn -0.3295 0.5087 -0.7954
vn -0.4783 0.5087 -0.7159
vn -0.6088 0.5087 -0.6088
vn -0.7159 0.5087 -0.4783
vn -0.7954 0.5087 -0.3295
vn -0.8444 0.5087 -0.1680
vn -0.8610 0.5087 -0.0000
vn -0.8444 0.5087 0.1680
vn -0.7954 0.5087 0.3295
vn -0.7159 0.5087 0.4783
vn -0.6088 0.5087 0.6088
vn -0.4783 0.5087 0.7159
vn -0.3295 0.5087 0.7954
vn -0.1680 0.5087 0.8444
vn -0.0000 0.5087 0.8610
vn 0.1680 0.5087 0.8444
vn 0.3295 0.5087 0.7954
vn 0.4783 0.5087 0.7159
vn 0.6088 0.5087 0.6088
vn 0.7159 0.5087 0.4783
vn 0.7954 0.5087 0.3295
vn 0.8444 0.5087 0.1680
vn 0.7596 0.6326 -0.1511
vn 0.7744 0.6326 -0.0000
vn 0.7155 0.6326 -0.2964
vn 0.6439 0.6326 -0.4303
vn 0.5476 0.6326 -0.5476
vn 0.4303 0.6326 -0.6439
vn 0.2964 0.6326 -0.7155
vn 0.1511 0.6326 -0.7596
vn -0.0000 0.6326 -0.7744
vn -0.1511 0.6326 -0.7596
vn -0.2964 0.6326 -0.7155
vn -0.4303 0.6326 -0.6439
vn -0.5476 0.6326 -0.5476
vn -0.6439 0.6326 -0.4303
vn -0.7155 0.6326 -0.2964
vn -0.7596 0.6326 -0.1511
vn -0.7744 0.6326 -0.0000
vn -0.7596 0.6326 0.1511
vn -0.7155 0.6326 0.2964
vn -0.6439 0.6326 0.4303
vn -0.5476 0.6326 0.5476
vn -0.4303 0.6326 0.6439
vn -0.2964 0.6326 0.7155
vn -0.1511 0.6326 0.7596
vn -0.0000 0.6326 0.7744
vn 0.1511 0.6326 0.7596
vn 0.2964 0.6326 0.7155
vn 0.4303 0.6326 0.6439
vn 0.5476 0.6326 0.5476
vn 0.6439 0.6326 0.4303
vn 0.7155 0.6326 0.2964
vn 0.7596 0.6326 0.1511
vn 0.6982 0.7023 -0.1389
vn 0.7119 0.7023 -0.0000
vn 0.6577 0.7023 -0.2724
vn 0.5919 0.7023 -0.3955
vn 0.5034 0.7023 -0.5034
vn 0.3955 0.7023 -0.5919
vn 0.2724 0.7023 -0.6577
vn 0.1389 0.7023 -0.6982
vn -0.0000 0.7023 -0.7119
vn -0.1389 0.7023 -0.6982
vn -0.2724 0.7023 -0.6577
vn -0.3955 0.7023 -0.5919
vn -0.5034 0.7023 -0.5034
vn -0.5919 0.7023 -0.3955
vn -0.6577 0.7023 -0.2724
vn -0.6982 0.7023 -0.1389
vn -0.7119 0.7023 -0.0000
vn -0.6982 0.7023 0.1389
vn -0.6577 0.7023 0.2724
vn -0.5919 0.7023 0.3955
vn -0.5034 0.7023 0.5034
vn -0.3955 0.7023 0.5919
vn -0.2724 0.7023 0.6577
vn -0.1389 0.7023 0.6982
vn -0.0000 0.7023 0.7119
vn 0.1389 0.7023 0.6982
vn 0.2724 0.7023 0.6577
vn 0.3955 0.7023 0.5919
vn 0.5034 0.7023 0.5034
vn 0.5919 0.7023 0.3955
vn 0.6577 0.7023 0.2724
vn 0.6982 0.7023 0.1389
vn 0.6607 0.7390 -0.1314
vn 0.6737 0.7390 -0.0000
vn 0.6224 0.7390 -0.2578
vn 0.5601 0.7390 -0.3743
vn 0.4764 0.7390 -0.4764
vn 0.3743 0.7390 -0.5601
vn 0.2578 0.7390 -0.6224
vn 0.1314 0.7390 -0.6607
vn -0.0000 0.7390 -0.6737
vn -0.1314 0.7390 -0.6607
vn -0.2578 0.7390 -0.6224
vn -0.3743 0.7390 -0.5601
vn -0.4764 0.7390 -0.4764
vn -0.5601 0.7390 -0.3743
vn -0.6224 0.7390 -0.2578
vn -0.6607 0.7390 -0.1314
vn -0.6737 0.7390 -0.0000
vn -0.6607 0.7390 0.1314
vn -0.6224 0.7390 0.2578
vn -0.5601 0.7390 0.3743
vn -0.4764 0.7390 0.4764
vn -0.3743 0.7390 0.5601
vn -0.2578 0.7390 0.6224
vn -0.1314 0.7390 0.6607
vn -0.0000 0.7390 0.6737
vn 0.1314 0.7390 0.6607
vn 0.2578 0.7390 0.6224
vn 0.3743 0.7390 0.5601
vn 0.4764 0.7390 0.4764
vn 0.5601 0.7390 0.3743
vn 0.6224 0.7390 0.2578
vn 0.6607 0.7390 0.1314
vn 0.6448 0.7535 -0.1283
vn 0.6574 0.7535 -0.0000
vn 0.6074 0.7535 -0.2516
vn 0.5466 0.7535 -0.3652
vn 0.4649 0.7535 -0.4649
vn 0.3652 0.7535 -0.5466
vn 0.2516 0.7535 -0.6074
vn 0.1283 0.7535 -0.6448
vn -0.0000 0.7535 -0.6574
vn -0.1283 0.7535 -0.6448
vn -0.2516 0.7535 -0.6074
vn -0.3652 0.7535 -0.5466
vn -0.4649 0.7535 -0.4649
vn -0.5466 0.7535 -0.3652
vn -0.6074 0.7535 -0.2516
vn -0.6448 0.7535 -0.1283
vn -0.6574 0.7535 -0.0000
vn -0.6448 0.7535 0.1283
vn -0.6074 0.7535 0.2516
vn -0.5466 0.7535 0.3652
vn -0.4649 0.7535 0.4649
vn -0.3652 0.7535 0.5466
vn -0.2516 0.7535 0.6074
vn -0.1283 0.7535 0.6448
vn -0.0000 0.7535 0.6574
vn 0.1283 0.7535 0.6448
vn 0.2516 0.7535 0.6074
vn 0.3652 0.7535 0.5466
vn 0.4649 0.7535 0.4649
vn 0.5466 0.7535 0.3652
vn 0.6074 0.7535 0.2516
vn 0.6448 0.7535 0.1283
vn 0.6494 0.7494 -0.1292
vn 0.6621 0.7494 -0.0000
vn 0.6117 0.7494 -0.2534
vn 0.5505 0.7494 -0.3679
vn 0.4682 0.7494 -0.4682
vn 0.3679 0.7494 -0.5505
vn 0.2534 0.7494 -0.6117
vn 0.1292 0.7494 -0.6494
vn -0.0000 0.7494 -0.6621
vn -0.1292 0.7494 -0.6494
vn -0.2534 0.7494 -0.6117
vn -0.3679 0.7494 -0.5505
vn -0.4682 0.7494 -0.4682
vn -0.5505 0.7494 -0.3679
vn -0.6117 0.7494 -0.2534
vn -0.6494 0.7494 -0.1292
vn -0.6621 0.7494 -0.0000
vn -0.6494 0.7494 0.1292
vn -0.6117 0.7494 0.2534
vn -0.5505 0.7494 0.3679
vn -0.4682 0.7494 0.4682
vn -0.3679 0.7494 0.5505
vn -0.2534 0.7494 0.6117
vn -0.1292 0.7494 0.6494
vn -0.0000 0.7494 0.6621
vn 0.1292 0.7494 0.6494
vn 0.2534 0.7494 0.6117
vn 0.3679 0.7494 0.5505
vn 0.4682 0.7494 0.4682
vn 0.5505 0.7494 0.3679
vn 0.6117 0.7494 0.2534
vn 0.6494 0.7494 0.1292
vn 0.6760 0.7245 -0.1345
vn 0.6893 0.7245 -0.0000
vn 0.6368 0.7245 -0.2638
vn 0.5731 0.7245 -0.3829
vn 0.4874 0.7245 -0.4874
vn 0.3829 0.7245 -0.5731
vn 0.2638 0.7245 -0.6368
vn 0.1345 0.7245 -0.6760
vn -0.0000 0.7245 -0.6893
vn -0.1345 0.7245 -0.6760
vn -0.2638 0.7245 -0.6368
vn -0.3829 0.7245 -0.5731
vn -0.4874 0.7245 -0.4874
vn -0.5731 0.7245 -0.3829
vn -0.6368 0.7245 -0.2638
vn -0.6760 0.7245 -0.1345
vn -0.6893 0.7245 -0.0000
vn -0.6760 0.7245 0.1345
vn -0.6368 0.7245 0.2638
vn -0.5731 0.7245 0.3829
vn -0.4874 0.7245 0.4874
vn -0.3829 0.7245 0.5731
vn -0.2638 0.7245 0.6368
vn -0.1345 0.7245 0.6760
vn -0.0000 0.7245 0.6893
vn 0.1345 0.7245 0.6760
vn 0.2638 0.7245 0.6368
vn 0.3829 0.7245 0.5731
vn 0.4874 0.7245 0.4874
vn 0.5731 0.7245 0.3829
vn 0.6368 0.7245 0.2638
vn 0.6760 0.7245 0.1345
vn 0.7287 0.6693 -0.1450
vn 0.7430 0.6693 -0.0000
vn 0.6864 0.6693 -0.2843
vn 0.6178 0.6693 -0.4128
vn 0.5254 0.6693 -0.5254
vn 0.4128 0.6693 -0.6178
vn 0.2843 0.6693 -0.6864
vn 0.1450 0.6693 -0.7287
vn -0.0000 0.6693 -0.7430
vn -0.1450 0.6693 -0.7287
vn -0.2843 0.6693 -0.6864
vn -0.4128 0.6693 -0.6178
vn -0.5254 0.6693 -0.5254
vn -0.6178 0.6693 -0.4128
vn -0.6864 0.6693 -0.2843
vn -0.7287 0.6693 -0.1450
vn -0.7430 0.6693 -0.0000
vn -0.7287 0.6693 0.1450
vn -0.6864 0.6693 0.2843
vn -0.6178 0.6693 0.4128
vn -0.5254 0.6693 0.5254
vn -0.4128 0.6693 0.6178
vn -0.2843 0.6693 0.6864
vn -0.1450 0.6693 0.7287
vn -0.0000 0.6693 0.7430
vn 0.1450 0.6693 0.7287
vn 0.2843 0.6693 0.6864
vn 0.4128 0.6693 0.6178
vn 0.5254 0.6693 0.5254
vn 0.6178 0.6693 0.4128
vn 0.6864 0.6693 0.2843
vn 0.7287 0.6693 0.1450
vn 0.8120 0.5609 -0.1615
vn 0.8279 0.5609 -0.0000
vn 0.7649 0.5609 -0.3168
vn 0.6884 0.5609 -0.4599
vn 0.5854 0.5609 -0.5854
vn 0.4599 0.5609 -0.6884
vn 0.3168 0.5609 -0.7649
vn 0.1615 0.5609 -0.8120
vn -0.0000 0.5609 -0.8279
vn -0.1615 0.5609 -0.8120
vn -0.3168 0.5609 -0.7649
vn -0.4599 0.5609 -0.6884
vn -0.5854 0.5609 -0.5854
vn -0.6884 0.5609 -0.4599
vn -0.7649 0.5609 -0.3168
vn -0.8120 0.5609 -0.1615
vn -0.8279 0.5609 -0.0000
vn -0.8120 0.5609 0.1615
vn -0.7649 0.5609 0.3168
vn -0.6884 0.5609 0.4599
vn -0.5854 0.5609 0.5854
vn -0.4599 0.5609 0.6884
vn -0.3168 0.5609 0.7649
vn -0.1615 0.5609 0.8120
vn -0.0000 0.5609 0.8279
vn 0.1615 0.5609 0.8120
vn 0.3168 0.5609 0.7649
vn 0.4599 0.5609 0.6884
vn 0.5854 0.5609 0.5854
vn 0.6884 0.5609 0.4599
vn 0.7649 0.5609 0.3168
vn 0.8120 0.5609 0.1615
vn 0.9170 0.3548 -0.1824
vn 0.9350 0.3548 -0.0000
vn 0.8638 0.3548 -0.3578
vn 0.7774 0.3548 -0.5194
vn 0.6611 0.3548 -0.6611
vn 0.5194 0.3548 -0.7774
vn 0.3578 0.3548 -0.8638
vn 0.1824 0.3548 -0.9170
vn -0.0000 0.3548 -0.9350
vn -0.1824 0.3548 -0.9170
vn -0.3578 0.3548 -0.8638
vn -0.5194 0.3548 -0.7774
vn -0.6611 0.3548 -0.6611
vn -0.7774 0.3548 -0.5194
vn -0.8638 0.3548 -0.3578
vn -0.9170 0.3548 -0.1824
vn -0.9350 0.3548 -0.0000
vn -0.9170 0.3548 0.1824
vn -0.8638 0.3548 0.3578
vn -0.7774 0.3548 0.5194
vn -0.6611 0.3548 0.6611
vn -0.5194 0.3548 0.7774
vn -0.3578 0.3548 0.8638
vn -0.1824 0.3548 0.9170
vn -0.0000 0.3548 0.9350
vn 0.1824 0.3548 0.9170
vn 0.3578 0.3548 0.8638
vn 0.5194 0.3548 0.7774
vn 0.6611 0.3548 0.6611
vn 0.7774 0.3548 0.5194
vn 0.8638 0.3548 0.3578
vn 0.9170 0.3548 0.1824
vn 0.9741 0.1165 -0.1938
vn 0.9932 0.1165 -0.0000
vn 0.9176 0.1165 -0.3801
vn 0.8258 0.1165 -0.5518
vn 0.7023 0.1165 -0.7023
vn 0.5518 0.1165 -0.8258
vn 0.3801 0.1165 -0.9176
vn 0.1938 0.1165 -0.9741
vn -0.0000 0.1165 -0.9932
vn -0.1938 0.1165 -0.9741
vn -0.3801 0.1165 -0.9176
vn -0.5518 0.1165 -0.8258
vn -0.7023 0.1165 -0.7023
vn -0.8258 0.1165 -0.5518
vn -0.9176 0.1165 -0.3801
vn -0.9741 0.1165 -0.1938
vn -0.9932 0.1165 -0.0000
vn -0.9741 0.1165 0.1938
vn -0.9176 0.1165 0.3801
vn -0.8258 0.1165 0.5518
vn -0.7023 0.1165 0.7023
vn -0.5518 0.1165 0.8258
vn -0.3801 0.1165 0.9176
vn -0.1938 0.1165 0.9741
vn -0.0000 0.1165 0.9932
vn 0.1938 0.1165 0.9741
vn 0.3801 0.1165 0.9176
vn 0.5518 0.1165 0.8258
vn 0.7023 0.1165 0.7023
vn 0.8258 0.1165 0.5518
vn 0.9176 0.1165 0.3801
vn 0.9741 0.1165 0.1938
vn 0.9807 0.0145 -0.1951
vn 0.9999 0.0145 -0.0000
vn 0.9238 0.0145 -0.3826
vn 0.8314 0.0145 -0.5555
vn 0.7070 0.0145 -0.7070
vn 0.5555 0.0145 -0.8314
vn 0.3826 0.0145 -0.9238
vn 0.1951 0.0145 -0.9807
vn -0.0000 0.0145 -0.9999
vn -0.1951 0.0145 -0.9807
vn -0.3826 0.0145 -0.9238
vn -0.5555 0.0145 -0.8314
vn -0.7070 0.0145 -0.7070
vn -0.8314 0.0145 -0.5555
vn -0.9238 0.0145 -0.3826
vn -0.9807 0.0145 -0.1951
vn -0.9999 0.0145 -0.0000
vn -0.9807 0.0145 0.1951
vn -0.9238 0.0145 0.3826
vn -0.8314 0.0145 0.5555
vn -0.7070 0.0145 0.7070
vn -0.5555 0.0145 0.8314
vn -0.3826 0.0145 0.9238
vn -0.1951 0.0145 0.9807
vn -0.0000 0.0145 0.9999
vn 0.1951 0.0145 0.9807
vn 0.3826 0.0145 0.9238
vn 0.5555 0.0145 0.8314
vn 0.7070 0.0145 0.7070
vn 0.8314 0.0145 0.5555
vn 0.9238 0.0145 0.3826
vn 0.9807 0.0145 0.1951
vn 0.9807 0.0137 -0.1951
vn 0.9999 0.0137 -0.0000
vn 0.9238 0.0137 -0.3826
vn 0.8314 0.0137 -0.5555
vn 0.7070 0.0137 -0.7070
vn 0.5555 0.0137 -0.8314
vn 0.3826 0.0137 -0.9238
vn 0.1951 0.0137 -0.9807
vn -0.0000 0.0137 -0.9999
vn -0.1951 0.0137 -0.9807
vn -0.3826 0.0137 -0.9238
vn -0.5555 0.0137 -0.8314
vn -0.7070 0.0137 -0.7070
vn -0.8314 0.0137 -0.5555
vn -0.9238 0.0137 -0.3826
vn -0.9807 0.0137 -0.1951
vn -0.9999 0.0137 -0.0000
vn -0.9807 0.0137 0.1951
vn -0.9238 0.0137 0.3826
vn -0.8314 0.0137 0.5555
vn -0.7070 0.0137 0.7070
vn -0.5555 0.0137 0.8314
vn -0.3826 0.0137 0.9238
vn -0.1951 0.0137 0.9807
vn -0.0000 0.0137 0.9999
vn 0.1951 0.0137 0.9807
vn 0.3826 0.0137 0.9238
vn 0.5555 0.0137 0.8314
vn 0.7070 0.0137 0.7070
vn 0.8314 0.0137 0.5555
vn 0.9238 0.0137 0.3826
vn 0.9807 0.0137 0.1951
vn 0.9804 0.0295 -0.1950
vn 0.9996 0.0295 -0.0000
vn 0.9235 0.0295 -0.3825
vn 0.8311 0.0295 -0.5553
vn 0.7068 0.0295 -0.7068
vn 0.5553 0.0295 -0.8311
vn 0.3825 0.0295 -0.9235
vn 0.1950 0.0295 -0.9804
vn -0.0000 0.0295 -0.9996
vn -0.1950 0.0295 -0.9804
vn -0.3825 0.0295 -0.9235
vn -0.5553 0.0295 -0.8311
vn -0.7068 0.0295 -0.7068
vn -0.8311 0.0295 -0.5553
vn -0.9235 0.0295 -0.3825
vn -0.9804 0.0295 -0.1950
vn -0.9996 0.0295 -0.0000
vn -0.9804 0.0295 0.1950
vn -0.9235 0.0295 0.3825
vn -0.8311 0.0295 0.5553
vn -0.7068 0.0295 0.7068
vn -0.5553 0.0295 0.8311
vn -0.3825 0.0295 0.9235
vn -0.1950 0.0295 0.9804
vn -0.0000 0.0295 0.9996
vn 0.1950 0.0295 0.9804
vn 0.3825 0.0295 0.9235
vn 0.5553 0.0295 0.8311
vn 0.7068 0.0295 0.7068
vn 0.8311 0.0295 0.5553
vn 0.9235 0.0295 0.3825
vn 0.9804 0.0295 0.1950
vn 0.9778 0.0782 -0.1945
vn 0.9969 0.0782 -0.0000
vn 0.9210 0.0782 -0.3815
vn 0.8289 0.0782 -0.5539
vn 0.7049 0.0782 -0.7049
vn 0.5539 0.0782 -0.8289
vn 0.3815 0.0782 -0.9210
vn 0.1945 0.0782 -0.9778
vn -0.0000 0.0782 -0.9969
vn -0.1945 0.0782 -0.9778
vn -0.3815 0.0782 -0.9210
vn -0.5539 0.0782 -0.8289
vn -0.7049 0.0782 -0.7049
vn -0.8289 0.0782 -0.5539
vn -0.9210 0.0782 -0.3815
vn -0.9778 0.0782 -0.1945
vn -0.9969 0.0782 -0.0000
vn -0.9778 0.0782 0.1945
vn -0.9210 0.0782 0.3815
vn -0.8289 0.0782 0.5539
vn -0.7049 0.0782 0.7049
vn -0.5539 0.0782 0.8289
vn -0.3815 0.0782 0.9210
vn -0.1945 0.0782 0.9778
vn -0.0000 0.0782 0.9969
vn 0.1945 0.0782 0.9778
vn 0.3815 0.0782 0.9210
vn 0.5539 0.0782 0.8289
vn 0.7049 0.0782 0.7049
vn 0.8289 0.0782 0.5539
vn 0.9210 0.0782 0.3815
vn 0.9778 0.0782 0.1945
vn 0.9626 0.1916 -0.1915
vn 0.9815 0.1916 -0.0000
vn 0.9068 0.1916 -0.3756
vn 0.8161 0.1916 -0.5453
vn 0.6940 0.1916 -0.6940
vn 0.5453 0.1916 -0.8161
vn 0.3756 0.1916 -0.9068
vn 0.1915 0.1916 -0.9626
vn -0.0000 0.1916 -0.9815
vn -0.1915 0.1916 -0.9626
vn -0.3756 0.1916 -0.9068
vn -0.5453 0.1916 -0.8161
vn -0.6940 0.1916 -0.6940
vn -0.8161 0.1916 -0.5453
vn -0.9068 0.1916 -0.3756
vn -0.9626 0.1916 -0.1915
vn -0.9815 0.1916 -0.0000
vn -0.9626 0.1916 0.1915
vn -0.9068 0.1916 0.3756
vn -0.8161 0.1916 0.5453
vn -0.6940 0.1916 0.6940
vn -0.5453 0.1916 0.8161
vn -0.3756 0.1916 0.9068
vn -0.1915 0.1916 0.9626
vn -0.0000 0.1916 0.9815
vn 0.1915 0.1916 0.9626
vn 0.3756 0.1916 0.9068
vn 0.5453 0.1916 0.8161
vn 0.6940 0.1916 0.6940
vn 0.8161 0.1916 0.5453
vn 0.9068 0.1916 0.3756
vn 0.9626 0.1916 0.1915
vn 0.8920 0.4157 -0.1774
vn 0.9095 0.4157 -0.0000
vn 0.8403 0.4157 -0.3480
vn 0.7562 0.4157 -0.5053
vn 0.6431 0.4157 -0.6431
vn 0.5053 0.4157 -0.7562
vn 0.3480 0.4157 -0.8403
vn 0.1774 0.4157 -0.8920
vn -0.0000 0.4157 -0.9095
vn -0.1774 0.4157 -0.8920
vn -0.3480 0.4157 -0.8403
vn -0.5053 0.4157 -0.7562
vn -0.6431 0.4157 -0.6431
vn -0.7562 0.4157 -0.5053
vn -0.8403 0.4157 -0.3480
vn -0.8920 0.4157 -0.1774
vn -0.9095 0.4157 -0.0000
vn -0.8920 0.4157 0.1774
vn -0.8403 0.4157 0.3480
vn -0.7562 0.4157 0.5053
vn -0.6431 0.4157 0.6431
vn -0.5053 0.4157 0.7562
vn -0.3480 0.4157 0.8403
vn -0.1774 0.4157 0.8920
vn -0.0000 0.4157 0.9095
vn 0.1774 0.4157 0.8920
vn 0.3480 0.4157 0.8403
vn 0.5053 0.4157 0.7562
vn 0.6431 0.4157 0.6431
vn 0.7562 0.4157 0.5053
vn 0.8403 0.4157 0.3480
vn 0.8920 0.4157 0.1774
vn 0.6785 0.7221 -0.1350
vn 0.6918 0.7221 -0.0000
vn 0.6391 0.7221 -0.2647
vn 0.5752 0.7221 -0.3843
vn 0.4892 0.7221 -0.4892
vn 0.3843 0.7221 -0.5752
vn 0.2647 0.7221 -0.6391
vn 0.1350 0.7221 -0.6785
vn -0.0000 0.7221 -0.6918
vn -0.1350 0.7221 -0.6785
vn -0.2647 0.7221 -0.6391
vn -0.3843 0.7221 -0.5752
vn -0.4892 0.7221 -0.4892
vn -0.5752 0.7221 -0.3843
vn -0.6391 0.7221 -0.2647
vn -0.6785 0.7221 -0.1350
vn -0.6918 0.7221 -0.0000
vn -0.6785 0.7221 0.1350
vn -0.6391 0.7221 0.2647
vn -0.5752 0.7221 0.3843
vn -0.4892 0.7221 0.4892
vn -0.3843 0.7221 0.5752
vn -0.2647 0.7221 0.6391
vn -0.1350 0.7221 0.6785
vn -0.0000 0.7221 0.6918
vn 0.1350 0.7221 0.6785
vn 0.2647 0.7221 0.6391
vn 0.3843 0.7221 0.5752
vn 0.4892 0.7221 0.4892
vn 0.5752 0.7221 0.3843
vn 0.6391 0.7221 0.2647
vn 0.6785 0.7221 0.1350
vn 0.3509 0.9338 -0.0698
vn 0.3578 0.9338 -0.0000
vn 0.3306 0.9338 -0.1369
vn 0.2975 0.9338 -0.1988
vn 0.2530 0.9338 -0.2530
vn 0.1988 0.9338 -0.2975
vn 0.1369 0.9338 -0.3306
vn 0.0698 0.9338 -0.3509
vn -0.0000 0.9338 -0.3578
vn -0.0698 0.9338 -0.3509
vn -0.1369 0.9338 -0.3306
vn -0.1988 0.9338 -0.2975
vn -0.2530 0.9338 -0.2530
vn -0.2975 0.9338 -0.1988
vn -0.3306 0.9338 -0.1369
vn -0.3509 0.9338 -0.0698
vn -0.3578 0.9338 -0.0000
vn -0.3509 0.9338 0.0698
vn -0.3306 0.9338 0.1369
vn -0.2975 0.9338 0.1988
vn -0.2530 0.9338 0.2530
vn -0.1988 0.9338 0.2975
vn -0.1369 0.9338 0.3306
vn -0.0698 0.9338 0.3509
vn -0.0000 0.9338 0.3578
vn 0.0698 0.9338 0.3509
vn 0.1369 0.9338 0.3306
vn 0.1988 0.9338 0.2975
vn 0.2530 0.9338 0.2530
vn 0.2975 0.9338 0.1988
vn 0.3306 0.9338 0.1369
vn 0.3509 0.9338 0.0698
vn 0.1032 0.9945 -0.0205
vn 0.1052 0.9945 -0.0000
vn 0.0972 0.9945 -0.0403
vn 0.0875 0.9945 -0.0584
vn 0.0744 0.9945 -0.0744
vn 0.0584 0.9945 -0.0875
vn 0.0403 0.9945 -0.0972
vn 0.0205 0.9945 -0.1032
vn -0.0000 0.9945 -0.1052
vn -0.0205 0.9945 -0.1032
vn -0.0403 0.9945 -0.0972
vn -0.0584 0.9945 -0.0875
vn -0.0744 0.9945 -0.0744
vn -0.0875 0.9945 -0.0584
vn -0.0972 0.9945 -0.0403
vn -0.1032 0.9945 -0.0205
vn -0.1052 0.9945 -0.0000
vn -0.1032 0.9945 0.0205
vn -0.0972 0.9945 0.0403
vn -0.0875 0.9945 0.0584
vn -0.0744 0.9945 0.0744
vn -0.0584 0.9945 0.0875
vn -0.0403 0.9945 0.0972
vn -0.0205 0.9945 0.1032
vn -0.0000 0.9945 0.1052
vn 0.0205 0.9945 0.1032
vn 0.0403 0.9945 0.0972
vn 0.0584 0.9945 0.0875
vn 0.0744 0.9945 0.0744
vn 0.0875 0.9945 0.0584
vn 0.0972 0.9945 0.0403
vn 0.1032 0.9945 0.0205
vn -0.0056 1.0000 0.0011
vn -0.0057 1.0000 -0.0000
vn -0.0053 1.0000 0.0022
vn -0.0047 1.0000 0.0032
vn -0.0040 1.0000 0.0040
vn -0.0032 1.0000 0.0047
vn -0.0022 1.0000 0.0053
vn -0.0011 1.0000 0.0056
vn -0.0000 1.0000 0.0057
vn 0.0011 1.0000 0.0056
vn 0.0022 1.0000 0.0053
vn 0.0032 1.0000 0.0047
vn 0.0040 1.0000 0.0040
vn 0.0047 1.0000 0.0032
vn 0.0053 1.0000 0.0022
vn 0.0056 1.0000 0.0011
vn 0.0057 1.0000 -0.0000
vn 0.0056 1.0000 -0.0011
vn 0.0053 1.0000 -0.0022
vn 0.0047 1.0000 -0.0032
vn 0.0040 1.0000 -0.0040
vn 0.0032 1.0000 -0.0047
vn 0.0022 1.0000 -0.0053
vn 0.0011 1.0000 -0.0056
vn -0.0000 1.0000 -0.0057
vn -0.0011 1.0000 -0.0056
vn -0.0022 1.0000 -0.0053
vn -0.0032 1.0000 -0.0047
vn -0.0040 1.0000 -0.0040
vn -0.0047 1.0000 -0.0032
vn -0.0053 1.0000 -0.0022
vn -0.0056 1.0000 -0.0011
vn -0.0282 0.9996 0.0056
vn -0.0287 0.9996 -0.0000
vn -0.0265 0.9996 0.0110
vn -0.0239 0.9996 0.0160
vn -0.0203 0.9996 0.0203
vn -0.0160 0.9996 0.0239
vn -0.0110 0.9996 0.0265
vn -0.0056 0.9996 0.0282
vn -0.0000 0.9996 0.0287
vn 0.0056 0.9996 0.0282
vn 0.0110 0.9996 0.0265
vn 0.0160 0.9996 0.0239
vn 0.0203 0.9996 0.0203
vn 0.0239 0.9996 0.0160
vn 0.0265 0.9996 0.0110
vn 0.0282 0.9996 0.0056
vn 0.0287 0.9996 -0.0000
vn 0.0282 0.9996 -0.0056
vn 0.0265 0.9996 -0.0110
vn 0.0239 0.9996 -0.0160
vn 0.0203 0.9996 -0.0203
vn 0.0160 0.9996 -0.0239
vn 0.0110 0.9996 -0.0265
vn 0.0056 0.9996 -0.0282
vn -0.0000 0.9996 -0.0287
vn -0.0056 0.9996 -0.0282
vn -0.0110 0.9996 -0.0265
vn -0.0160 0.9996 -0.0239
vn -0.0203 0.9996 -0.0203
vn -0.0239 0.9996 -0.0160
vn -0.0265 0.9996 -0.0110
vn -0.0282 0.9996 -0.0056
vn 0.0405 0.9991 -0.0081
vn 0.0413 0.9991 -0.0000
vn 0.0382 0.9991 -0.0158
vn 0.0344 0.9991 -0.0230
vn 0.0292 0.9991 -0.0292
vn 0.0230 0.9991 -0.0344
vn 0.0158 0.9991 -0.0382
vn 0.0081 0.9991 -0.0405
vn -0.0000 0.9991 -0.0413
vn -0.0081 0.9991 -0.0405
vn -0.0158 0.9991 -0.0382
vn -0.0230 0.9991 -0.0344
vn -0.0292 0.9991 -0.0292
vn -0.0344 0.9991 -0.0230
vn -0.0382 0.9991 -0.0158
vn -0.0405 0.9991 -0.0081
vn -0.0413 0.9991 -0.0000
vn -0.0405 0.9991 0.0081
vn -0.0382 0.9991 0.0158
vn -0.0344 0.9991 0.0230
vn -0.0292 0.9991 0.0292
vn -0.0230 0.9991 0.0344
vn -0.0158 0.9991 0.0382
vn -0.0081 0.9991 0.0405
vn -0.0000 0.9991 0.0413
vn 0.0081 0.9991 0.0405
vn 0.0158 0.9991 0.0382
vn 0.0230 0.9991 0.0344
vn 0.0292 0.9991 0.0292
vn 0.0344 0.9991 0.0230
vn 0.0382 0.9991 0.0158
vn 0.0405 0.9991 0.0081
vn 0.2054 0.9778 -0.0409
vn 0.2094 0.9778 -0.0000
vn 0.1935 0.9778 -0.0801
vn 0.1741 0.9778 -0.1164
vn 0.1481 0.9778 -0.1481
vn 0.1163 0.9778 -0.1741
vn 0.0801 0.9778 -0.1935
vn 0.0409 0.9778 -0.2054
vn -0.0000 0.9778 -0.2094
vn -0.0409 0.9778 -0.2054
vn -0.0801 0.9778 -0.1935
vn -0.1163 0.9778 -0.1741
vn -0.1481 0.9778 -0.1481
vn -0.1741 0.9778 -0.1163
vn -0.1935 0.9778 -0.0801
vn -0.2054 0.9778 -0.0409
vn -0.2094 0.9778 -0.0000
vn -0.2054 0.9778 0.0409
vn -0.1935 0.9778 0.0801
vn -0.1741 0.9778 0.1164
vn -0.1481 0.9778 0.1481
vn -0.1163 0.9778 0.1741
vn -0.0801 0.9778 0.1935
vn -0.0409 0.9778 0.2054
vn -0.0000 0.9778 0.2094
vn 0.0409 0.9778 0.2054
vn 0.0801 0.9778 0.1935
vn 0.1163 0.9778 0.1741
vn 0.1481 0.9778 0.1481
vn 0.1741 0.9778 0.1163
vn 0.1935 0.9778 0.0801
vn 0.2054 0.9778 0.0409
vn 0.3939 0.9158 -0.0783
vn 0.4016 0.9158 -0.0000
vn 0.3710 0.9158 -0.1537
vn 0.3339 0.9158 -0.2231
vn 0.2840 0.9158 -0.2840
vn 0.2231 0.9158 -0.3339
vn 0.1537 0.9158 -0.3710
vn 0.0783 0.9158 -0.3939
vn -0.0000 0.9158 -0.4016
vn -0.0783 0.9158 -0.3939
vn -0.1537 0.9158 -0.3710
vn -0.2231 0.9158 -0.3339
vn -0.2840 0.9158 -0.2839
vn -0.3339 0.9158 -0.2231
vn -0.3710 0.9158 -0.1537
vn -0.3939 0.9158 -0.0783
vn -0.4016 0.9158 -0.0000
vn -0.3939 0.9158 0.0783
vn -0.3710 0.9158 0.1537
vn -0.3339 0.9158 0.2231
vn -0.2840 0.9158 0.2840
vn -0.2231 0.9158 0.3339
vn -0.1537 0.9158 0.3710
vn -0.0783 0.9158 0.3939
vn -0.0000 0.9158 0.4016
vn 0.0783 0.9158 0.3939
vn 0.1537 0.9158 0.3710
vn 0.2231 0.9158 0.3339
vn 0.2840 0.9158 0.2839
vn 0.3339 0.9158 0.2231
vn 0.3710 0.9158 0.1537
vn 0.3939 0.9158 0.0783
vn 0.5628 0.8190 -0.1119
vn 0.5738 0.8190 -0.0000
vn 0.5302 0.8190 -0.2196
vn 0.4771 0.8190 -0.3188
vn 0.4058 0.8190 -0.4058
vn 0.3188 0.8190 -0.4771
vn 0.2196 0.8190 -0.5302
vn 0.1119 0.8190 -0.5628
vn -0.0000 0.8190 -0.5738
vn -0.1119 0.8190 -0.5628
vn -0.2196 0.8190 -0.5302
vn -0.3188 0.8190 -0.4771
vn -0.4058 0.8190 -0.4058
vn -0.4771 0.8190 -0.3188
vn -0.5302 0.8190 -0.2196
vn -0.5628 0.8190 -0.1119
vn -0.5738 0.8190 -0.0000
vn -0.5628 0.8190 0.1119
vn -0.5302 0.8190 0.2196
vn -0.4771 0.8190 0.3188
vn -0.4058 0.8190 0.4058
vn -0.3188 0.8190 0.4771
vn -0.2196 0.8190 0.5301
vn -0.1119 0.8190 0.5628
vn -0.0000 0.8190 0.5738
vn 0.1119 0.8190 0.5628
vn 0.2196 0.8190 0.5302
vn 0.3188 0.8190 0.4771
vn 0.4058 0.8190 0.4058
vn 0.4771 0.8190 0.3188
vn 0.5302 0.8190 0.2196
vn 0.5628 0.8190 0.1119
vn 0.7022 0.6982 -0.1397
vn 0.7159 0.6982 -0.0000
vn 0.6614 0.6982 -0.2740
vn 0.5953 0.6982 -0.3977
vn 0.5062 0.6982 -0.5062
vn 0.3977 0.6982 -0.5953
vn 0.2740 0.6982 -0.6614
vn 0.1397 0.6982 -0.7022
vn -0.0000 0.6982 -0.7159
vn -0.1397 0.6982 -0.7022
vn -0.2740 0.6982 -0.6614
vn -0.3977 0.6982 -0.5953
vn -0.5062 0.6982 -0.5062
vn -0.5953 0.6982 -0.3977
vn -0.6614 0.6982 -0.2740
vn -0.7022 0.6982 -0.1397
vn -0.7159 0.6982 -0.0000
vn -0.7022 0.6982 0.1397
vn -0.6614 0.6982 0.2740
vn -0.5953 0.6982 0.3977
vn -0.5062 0.6982 0.5062
vn -0.3977 0.6982 0.5953
vn -0.2740 0.6982 0.6614
vn -0.1397 0.6982 0.7022
vn -0.0000 0.6982 0.7159
vn 0.1397 0.6982 0.7022
vn 0.2740 0.6982 0.6614
vn 0.3977 0.6982 0.5953
vn 0.5062 0.6982 0.5062
vn 0.5953 0.6982 0.3977
vn 0.6614 0.6982 0.2740
vn 0.7022 0.6982 0.1397
vn 0.8063 0.5693 -0.1604
vn 0.8221 0.5693 -0.0000
vn 0.7595 0.5693 -0.3146
vn 0.6836 0.5693 -0.4567
vn 0.5813 0.5693 -0.5813
vn 0.4567 0.5693 -0.6836
vn 0.3146 0.5693 -0.7595
vn 0.1604 0.5693 -0.8063
vn -0.0000 0.5693 -0.8221
vn -0.1604 0.5693 -0.8063
vn -0.3146 0.5693 -0.7595
vn -0.4567 0.5693 -0.6836
vn -0.5813 0.5693 -0.5813
vn -0.6836 0.5693 -0.4567
vn -0.7595 0.5693 -0.3146
vn -0.8063 0.5693 -0.1604
vn -0.8221 0.5693 -0.0000
vn -0.8063 0.5693 0.1604
vn -0.7595 0.5693 0.3146
vn -0.6836 0.5693 0.4567
vn -0.5813 0.5693 0.5813
vn -0.4567 0.5693 0.6836
vn -0.3146 0.5693 0.7595
vn -0.1604 0.5693 0.8063
vn -0.0000 0.5693 0.8221
vn 0.1604 0.5693 0.8063
vn 0.3146 0.5693 0.7595
vn 0.4567 0.5693 0.6836
vn 0.5813 0.5693 0.5813
vn 0.6836 0.5693 0.4567
vn 0.7595 0.5693 0.3146
vn 0.8063 0.5693 0.1604
vn 0.8779 0.4459 -0.1746
vn 0.8951 0.4459 -0.0000
vn 0.8269 0.4459 -0.3425
vn 0.7442 0.4459 -0.4973
vn 0.6329 0.4459 -0.6329
vn 0.4973 0.4459 -0.7442
vn 0.3425 0.4459 -0.8269
vn 0.1746 0.4459 -0.8779
vn -0.0000 0.4459 -0.8951
vn -0.1746 0.4459 -0.8779
vn -0.3425 0.4459 -0.8269
vn -0.4973 0.4459 -0.7442
vn -0.6329 0.4459 -0.6329
vn -0.7442 0.4459 -0.4973
vn -0.8269 0.4459 -0.3425
vn -0.8779 0.4459 -0.1746
vn -0.8951 0.4459 -0.0000
vn -0.8779 0.4459 0.1746
vn -0.8269 0.4459 0.3425
vn -0.7442 0.4459 0.4973
vn -0.6329 0.4459 0.6329
vn -0.4973 0.4459 0.7442
vn -0.3425 0.4459 0.8269
vn -0.1746 0.4459 0.8779
vn -0.0000 0.4459 0.8951
vn 0.1746 0.4459 0.8779
vn 0.3425 0.4459 0.8269
vn 0.4973 0.4459 0.7442
vn 0.6329 0.4459 0.6329
vn 0.7442 0.4459 0.4973
vn 0.8269 0.4459 0.3425
vn 0.8779 0.4459 0.1746
vn 0.9239 0.3355 -0.1838
vn 0.9420 0.3355 -0.0000
vn 0.8703 0.3355 -0.3605
vn 0.7833 0.3355 -0.5234
vn 0.6661 0.3355 -0.6661
vn 0.5234 0.3355 -0.7833
vn 0.3605 0.3355 -0.8703
vn 0.1838 0.3355 -0.9239
vn -0.0000 0.3355 -0.9420
vn -0.1838 0.3355 -0.9239
vn -0.3605 0.3355 -0.8703
vn -0.5234 0.3355 -0.7833
vn -0.6661 0.3355 -0.6661
vn -0.7833 0.3355 -0.5234
vn -0.8703 0.3355 -0.3605
vn -0.9239 0.3355 -0.1838
vn -0.9420 0.3355 -0.0000
vn -0.9239 0.3355 0.1838
vn -0.8703 0.3355 0.3605
vn -0.7833 0.3355 0.5234
vn -0.6661 0.3355 0.6661
vn -0.5234 0.3355 0.7833
vn -0.3605 0.3355 0.8703
vn -0.1838 0.3355 0.9239
vn -0.0000 0.3355 0.9420
vn 0.1838 0.3355 0.9239
vn 0.3605 0.3355 0.8703
vn 0.5234 0.3355 0.7833
vn 0.6661 0.3355 0.6661
vn 0.7833 0.3355 0.5234
vn 0.8703 0.3355 0.3605
vn 0.9239 0.3355 0.1838
vn 0.9520 0.2405 -0.1894
vn 0.9706 0.2405 -0.0000
vn 0.8968 0.2405 -0.3715
vn 0.8071 0.2405 -0.5393
vn 0.6864 0.2405 -0.6864
vn 0.5393 0.2405 -0.8071
vn 0.3715 0.2405 -0.8968
vn 0.1894 0.2405 -0.9520
vn -0.0000 0.2405 -0.9706
vn -0.1894 0.2405 -0.9520
vn -0.3715 0.2405 -0.8968
vn -0.5393 0.2405 -0.8071
vn -0.6864 0.2405 -0.6864
vn -0.8071 0.2405 -0.5393
vn -0.8968 0.2405 -0.3715
vn -0.9520 0.2405 -0.1894
vn -0.9706 0.2405 -0.0000
vn -0.9520 0.2405 0.1894
vn -0.8968 0.2405 0.3715
vn -0.8071 0.2405 0.5393
vn -0.6864 0.2405 0.6864
vn -0.5393 0.2405 0.8071
vn -0.3715 0.2405 0.8968
vn -0.1894 0.2405 0.9520
vn -0.0000 0.2405 0.9706
vn 0.1894 0.2405 0.9520
vn 0.3715 0.2405 0.8968
vn 0.5393 0.2405 0.8071
vn 0.6864 0.2405 0.6864
vn 0.8071 0.2405 0.5393
vn 0.8968 0.2405 0.3715
vn 0.9520 0.2405 0.1894
vn 0.9681 0.1602 -0.1926
vn 0.9871 0.1602 -0.0000
vn 0.9119 0.1602 -0.3777
vn 0.8207 0.1602 -0.5484
vn 0.6980 0.1602 -0.6980
vn 0.5484 0.1602 -0.8207
vn 0.3777 0.1602 -0.9119
vn 0.1926 0.1602 -0.9681
vn -0.0000 0.1602 -0.9871
vn -0.1926 0.1602 -0.9681
vn -0.3777 0.1602 -0.9119
vn -0.5484 0.1602 -0.8207
vn -0.6980 0.1602 -0.6980
vn -0.8207 0.1602 -0.5484
vn -0.9119 0.1602 -0.3777
vn -0.9681 0.1602 -0.1926
vn -0.9871 0.1602 -0.0000
vn -0.9681 0.1602 0.1926
vn -0.9119 0.1602 0.3777
vn -0.8207 0.1602 0.5484
vn -0.6980 0.1602 0.6980
vn -0.5484 0.1602 0.8207
vn -0.3777 0.1602 0.9119
vn -0.1926 0.1602 0.9681
vn -0.0000 0.1602 0.9871
vn 0.1926 0.1602 0.9681
vn 0.3777 0.1602 0.9119
vn 0.5484 0.1602 0.8207
vn 0.6980 0.1602 0.6980
vn 0.8207 0.1602 0.5484
vn 0.9119 0.1602 0.3777
vn 0.9681 0.1602 0.1926
vn 0.9766 0.0928 -0.1942
vn 0.9957 0.0928 -0.0000
vn 0.9199 0.0928 -0.3810
vn 0.8279 0.0928 -0.5532
vn 0.7041 0.0928 -0.7041
vn 0.5532 0.0928 -0.8279
vn 0.3810 0.0928 -0.9199
vn 0.1942 0.0928 -0.9766
vn -0.0000 0.0928 -0.9957
vn -0.1942 0.0928 -0.9766
vn -0.3810 0.0928 -0.9199
vn -0.5532 0.0928 -0.8279
vn -0.7041 0.0928 -0.7041
vn -0.8279 0.0928 -0.5532
vn -0.9199 0.0928 -0.3810
vn -0.9766 0.0928 -0.1942
vn -0.9957 0.0928 -0.0000
vn -0.9766 0.0928 0.1942
vn -0.9199 0.0928 0.3810
vn -0.8279 0.0928 0.5532
vn -0.7041 0.0928 0.7041
vn -0.5532 0.0928 0.8279
vn -0.3810 0.0928 0.9199
vn -0.1942 0.0928 0.9766
vn -0.0000 0.0928 0.9957
vn 0.1942 0.0928 0.9766
vn 0.3810 0.0928 0.9199
vn 0.5532 0.0928 0.8279
vn 0.7041 0.0928 0.7041
vn 0.8279 0.0928 0.5532
vn 0.9199 0.0928 0.3810
vn 0.9766 0.0928 0.1942
vn 0.9801 0.0361 -0.1950
vn 0.9993 0.0361 -0.0000
vn 0.9233 0.0361 -0.3824
vn 0.8309 0.0361 -0.5552
vn 0.7066 0.0361 -0.7066
vn 0.5552 0.0361 -0.8309
vn 0.3824 0.0361 -0.9233
vn 0.1950 0.0361 -0.9801
vn -0.0000 0.0361 -0.9993
vn -0.1950 0.0361 -0.9801
vn -0.3824 0.0361 -0.9233
vn -0.5552 0.0361 -0.8309
vn -0.7066 0.0361 -0.7066
vn -0.8309 0.0361 -0.5552
vn -0.9233 0.0361 -0.3824
vn -0.9801 0.0361 -0.1950
vn -0.9993 0.0361 -0.0000
vn -0.9801 0.0361 0.1950
vn -0.9233 0.0361 0.3824
vn -0.8309 0.0361 0.5552
vn -0.7066 0.0361 0.7066
vn -0.5552 0.0361 0.8309
vn -0.3824 0.0361 0.9233
vn -0.1950 0.0361 0.9801
vn -0.0000 0.0361 0.9993
vn 0.1950 0.0361 0.9801
vn 0.3824 0.0361 0.9233
vn 0.5552 0.0361 0.8309
vn 0.7066 0.0361 0.7066
vn 0.8309 0.0361 0.5552
vn 0.9233 0.0361 0.3824
vn 0.9801 0.0361 0.1950
vn 0.8686 -0.4644 -0.1728
vn 0.8856 -0.4644 -0.0000
vn 0.8182 -0.4644 -0.3389
vn 0.7364 -0.4644 -0.4920
vn 0.6262 -0.4644 -0.6262
vn 0.4920 -0.4644 -0.7364
vn 0.3389 -0.4644 -0.8182
vn 0.1728 -0.4644 -0.8686
vn -0.0000 -0.4644 -0.8856
vn -0.1728 -0.4644 -0.8686
vn -0.3389 -0.4644 -0.8182
vn -0.4920 -0.4644 -0.7364
vn -0.6262 -0.4644 -0.6262
vn -0.7364 -0.4644 -0.4920
vn -0.8182 -0.4644 -0.3389
vn -0.8686 -0.4644 -0.1728
vn -0.8856 -0.4644 -0.0000
vn -0.8686 -0.4644 0.1728
vn -0.8182 -0.4644 0.3389
vn -0.7364 -0.4644 0.4920
vn -0.6262 -0.4644 0.6262
vn -0.4920 -0.4644 0.7364
vn -0.3389 -0.4644 0.8182
vn -0.1728 -0.4644 0.8686
vn -0.0000 -0.4644 0.8856
vn 0.1728 -0.4644 0.8686
vn 0.3389 -0.4644 0.8182
vn 0.4920 -0.4644 0.7364
vn 0.6262 -0.4644 0.6262
vn 0.7364 -0.4644 0.4920
vn 0.8182 -0.4644 0.3389
vn 0.8686 -0.4644 0.1728
vn 0.3763 -0.9235 -0.0748
vn 0.3837 -0.9235 -0.0000
vn 0.3545 -0.9235 -0.1468
vn 0.3190 -0.9235 -0.2131
vn 0.2713 -0.9235 -0.2713
vn 0.2131 -0.9235 -0.3190
vn 0.1468 -0.9235 -0.3545
vn 0.0748 -0.9235 -0.3763
vn -0.0000 -0.9235 -0.3837
vn -0.0748 -0.9235 -0.3763
vn -0.1468 -0.9235 -0.3545
vn -0.2131 -0.9235 -0.3190
vn -0.2713 -0.9235 -0.2713
vn -0.3190 -0.9235 -0.2131
vn -0.3545 -0.9235 -0.1468
vn -0.3763 -0.9235 -0.0748
vn -0.3837 -0.9235 -0.0000
vn -0.3763 -0.9235 0.0748
vn -0.3545 -0.9235 0.1468
vn -0.3190 -0.9235 0.2131
vn -0.2713 -0.9235 0.2713
vn -0.2131 -0.9235 0.3190
vn -0.1468 -0.9235 0.3545
vn -0.0748 -0.9235 0.3763
vn -0.0000 -0.9235 0.3836
vn 0.0748 -0.9235 0.3763
vn 0.1468 -0.9235 0.3545
vn 0.2131 -0.9235 0.3190
vn 0.2713 -0.9235 0.2713
vn 0.3190 -0.9235 0.2132
vn 0.3545 -0.9235 0.1468
vn 0.3763 -0.9235 0.0748
vn 0.1333 -0.9907 -0.0265
vn 0.1359 -0.9907 -0.0000
vn 0.1256 -0.9907 -0.0520
vn 0.1130 -0.9907 -0.0755
vn 0.0961 -0.9907 -0.0961
vn 0.0755 -0.9907 -0.1130
vn 0.0520 -0.9907 -0.1256
vn 0.0265 -0.9907 -0.1333
vn -0.0000 -0.9907 -0.1359
vn -0.0265 -0.9907 -0.1333
vn -0.0520 -0.9907 -0.1256
vn -0.0755 -0.9907 -0.1130
vn -0.0961 -0.9907 -0.0961
vn -0.1130 -0.9907 -0.0755
vn -0.1256 -0.9907 -0.0520
vn -0.1333 -0.9907 -0.0265
vn -0.1359 -0.9907 -0.0000
vn -0.1333 -0.9907 0.0265
vn -0.1256 -0.9907 0.0520
vn -0.1130 -0.9907 0.0755
vn -0.0961 -0.9907 0.0961
vn -0.0755 -0.9907 0.1130
vn -0.0520 -0.9907 0.1256
vn -0.0265 -0.9907 0.1333
vn -0.0000 -0.9907 0.1359
vn 0.0265 -0.9907 0.1333
vn 0.0520 -0.9907 0.1256
vn 0.0755 -0.9907 0.1130
vn 0.0961 -0.9907 0.0961
vn 0.1130 -0.9907 0.0755
vn 0.1256 -0.9907 0.0520
vn 0.1333 -0.9907 0.0265
vn 0.0638 -0.9979 -0.0127
vn 0.0650 -0.9979 -0.0000
vn 0.0601 -0.9979 -0.0249
vn 0.0541 -0.9979 -0.0361
vn 0.0460 -0.9979 -0.0460
vn 0.0361 -0.9979 -0.0541
vn 0.0249 -0.9979 -0.0601
vn 0.0127 -0.9979 -0.0638
vn -0.0000 -0.9979 -0.0650
vn -0.0127 -0.9979 -0.0638
vn -0.0249 -0.9979 -0.0601
vn -0.0361 -0.9979 -0.0541
vn -0.0460 -0.9979 -0.0460
vn -0.0541 -0.9979 -0.0361
vn -0.0601 -0.9979 -0.0249
vn -0.0638 -0.9979 -0.0127
vn -0.0650 -0.9979 -0.0000
vn -0.0638 -0.9979 0.0127
vn -0.0601 -0.9979 0.0249
vn -0.0541 -0.9979 0.0361
vn -0.0460 -0.9979 0.0460
vn -0.0361 -0.9979 0.0541
vn -0.0249 -0.9979 0.0601
vn -0.0127 -0.9979 0.0638
vn -0.0000 -0.9979 0.0650
vn 0.0127 -0.9979 0.0638
vn 0.0249 -0.9979 0.0601
vn 0.0361 -0.9979 0.0541
vn 0.0460 -0.9979 0.0460
vn 0.0541 -0.9979 0.0361
vn 0.0601 -0.9979 0.0249
vn 0.0638 -0.9979 0.0127
vn 0.0309 -0.9995 -0.0061
vn 0.0315 -0.9995 -0.0000
vn 0.0291 -0.9995 -0.0121
vn 0.0262 -0.9995 -0.0175
vn 0.0223 -0.9995 -0.0223
vn 0.0175 -0.9995 -0.0262
vn 0.0121 -0.9995 -0.0291
vn 0.0061 -0.9995 -0.0309
vn -0.0000 -0.9995 -0.0315
vn -0.0061 -0.9995 -0.0309
vn -0.0121 -0.9995 -0.0291
vn -0.0175 -0.9995 -0.0262
vn -0.0223 -0.9995 -0.0223
vn -0.0262 -0.9995 -0.0175
vn -0.0291 -0.9995 -0.0121
vn -0.0309 -0.9995 -0.0061
vn -0.0315 -0.9995 -0.0000
vn -0.0309 -0.9995 0.0061
vn -0.0291 -0.9995 0.0121
vn -0.0262 -0.9995 0.0175
vn -0.0223 -0.9995 0.0223
vn -0.0175 -0.9995 0.0262
vn -0.0121 -0.9995 0.0291
vn -0.0061 -0.9995 0.0309
vn -0.0000 -0.9995 0.0315
vn 0.0061 -0.9995 0.0309
vn 0.0121 -0.9995 0.0291
vn 0.0175 -0.9995 0.0262
vn 0.0223 -0.9995 0.0223
vn 0.0262 -0.9995 0.0175
vn 0.0291 -0.9995 0.0121
vn 0.0309 -0.9995 0.0061
vn 0.0119 -0.9999 -0.0024
vn 0.0121 -0.9999 -0.0000
vn 0.0112 -0.9999 -0.0046
vn 0.0101 -0.9999 -0.0067
vn 0.0086 -0.9999 -0.0086
vn 0.0067 -0.9999 -0.0101
vn 0.0046 -0.9999 -0.0112
vn 0.0024 -0.9999 -0.0119
vn -0.0000 -0.9999 -0.0121
vn -0.0024 -0.9999 -0.0119
vn -0.0046 -0.9999 -0.0112
vn -0.0067 -0.9999 -0.0101
vn -0.0086 -0.9999 -0.0086
vn -0.0101 -0.9999 -0.0067
vn -0.0112 -0.9999 -0.0046
vn -0.0119 -0.9999 -0.0024
vn -0.0121 -0.9999 -0.0000
vn -0.0119 -0.9999 0.0024
vn -0.0112 -0.9999 0.0046
vn -0.0101 -0.9999 0.0067
vn -0.0086 -0.9999 0.0086
vn -0.0067 -0.9999 0.0101
vn -0.0046 -0.9999 0.0112
vn -0.0024 -0.9999 0.0119
vn -0.0000 -0.9999 0.0121
vn 0.0024 -0.9999 0.0119
vn 0.0046 -0.9999 0.0112
vn 0.0067 -0.9999 0.0101
vn 0.0086 -0.9999 0.0086
vn 0.0101 -0.9999 0.0067
vn 0.0112 -0.9999 0.0046
vn 0.0119 -0.9999 0.0024
vn -0.0002 -1.0000 -0.0000
vn -0.0002 -1.0000 0.0001
vn -0.0002 -1.0000 0.0002
vn -0.0001 -1.0000 0.0002
vn -0.0000 -1.0000 0.0002
vn 0.0001 -1.0000 0.0002
vn 0.0002 -1.0000 0.0002
vn 0.0002 -1.0000 0.0001
vn 0.0002 -1.0000 -0.0000
vn 0.0002 -1.0000 -0.0001
vn 0.0002 -1.0000 -0.0002
vn 0.0001 -1.0000 -0.0002
vn -0.0000 -1.0000 -0.0002
vn -0.0001 -1.0000 -0.0002
vn -0.0002 -1.0000 -0.0002
vn -0.0002 -1.0000 -0.0001
vn -0.0083 -1.0000 0.0017
vn -0.0085 -1.0000 -0.0000
vn -0.0079 -1.0000 0.0033
vn -0.0071 -1.0000 0.0047
vn -0.0060 -1.0000 0.0060
vn -0.0047 -1.0000 0.0071
vn -0.0033 -1.0000 0.0079
vn -0.0017 -1.0000 0.0083
vn -0.0000 -1.0000 0.0085
vn 0.0017 -1.0000 0.0083
vn 0.0033 -1.0000 0.0079
vn 0.0047 -1.0000 0.0071
vn 0.0060 -1.0000 0.0060
vn 0.0071 -1.0000 0.0047
vn 0.0079 -1.0000 0.0033
vn 0.0083 -1.0000 0.0017
vn 0.0085 -1.0000 -0.0000
vn 0.0083 -1.0000 -0.0017
vn 0.0079 -1.0000 -0.0033
vn 0.0071 -1.0000 -0.0047
vn 0.0060 -1.0000 -0.0060
vn 0.0047 -1.0000 -0.0071
vn 0.0033 -1.0000 -0.0079
vn 0.0017 -1.0000 -0.0083
vn -0.0000 -1.0000 -0.0085
vn -0.0017 -1.0000 -0.0083
vn -0.0033 -1.0000 -0.0079
vn -0.0047 -1.0000 -0.0071
vn -0.0060 -1.0000 -0.0060
vn -0.0071 -1.0000 -0.0047
vn -0.0079 -1.0000 -0.0033
vn -0.0083 -1.0000 -0.0017
vn -0.0137 -0.9999 0.0027
vn -0.0140 -0.9999 -0.0000
vn -0.0129 -0.9999 0.0053
vn -0.0116 -0.9999 0.0078
vn -0.0099 -0.9999 0.0099
vn -0.0078 -0.9999 0.0116
vn -0.0053 -0.9999 0.0129
vn -0.0027 -0.9999 0.0137
vn -0.0000 -0.9999 0.0139
vn 0.0027 -0.9999 0.0137
vn 0.0053 -0.9999 0.0129
vn 0.0078 -0.9999 0.0116
vn 0.0099 -0.9999 0.0099
vn 0.0116 -0.9999 0.0077
vn 0.0129 -0.9999 0.0053
vn 0.0137 -0.9999 0.0027
vn 0.0140 -0.9999 -0.0000
vn 0.0137 -0.9999 -0.0027
vn 0.0129 -0.9999 -0.0053
vn 0.0116 -0.9999 -0.0078
vn 0.0099 -0.9999 -0.0099
vn 0.0078 -0.9999 -0.0116
vn 0.0053 -0.9999 -0.0129
vn 0.0027 -0.9999 -0.0137
vn -0.0000 -0.9999 -0.0139
vn -0.0027 -0.9999 -0.0137
vn -0.0053 -0.9999 -0.0129
vn -0.0078 -0.9999 -0.0116
vn -0.0099 -0.9999 -0.0099
vn -0.0116 -0.9999 -0.0077
vn -0.0129 -0.9999 -0.0053
vn -0.0137 -0.9999 -0.0027
vn -0.0167 -0.9999 0.0033
vn -0.0170 -0.9999 -0.0000
vn -0.0157 -0.9999 0.0065
vn -0.0142 -0.9999 0.0095
vn -0.0121 -0.9999 0.0121
vn -0.0095 -0.9999 0.0142
vn -0.0065 -0.9999 0.0157
vn -0.0033 -0.9999 0.0167
vn -0.0000 -0.9999 0.0170
vn 0.0033 -0.9999 0.0167
vn 0.0065 -0.9999 0.0157
vn 0.0095 -0.9999 0.0142
vn 0.0121 -0.9999 0.0121
vn 0.0142 -0.9999 0.0095
vn 0.0157 -0.9999 0.0065
vn 0.0167 -0.9999 0.0033
vn 0.0170 -0.9999 -0.0000
vn 0.0167 -0.9999 -0.0033
vn 0.0157 -0.9999 -0.0065
vn 0.0142 -0.9999 -0.0095
vn 0.0121 -0.9999 -0.0121
vn 0.0095 -0.9999 -0.0142
vn 0.0065 -0.9999 -0.0157
vn 0.0033 -0.9999 -0.0167
vn -0.0000 -0.9999 -0.0170
vn -0.0033 -0.9999 -0.0167
vn -0.0065 -0.9999 -0.0157
vn -0.0095 -0.9999 -0.0142
vn -0.0121 -0.9999 -0.0121
vn -0.0142 -0.9999 -0.0095
vn -0.0157 -0.9999 -0.0065
vn -0.0167 -0.9999 -0.0033
vn -0.0171 -0.9998 0.0034
vn -0.0175 -0.9998 -0.0000
vn -0.0162 -0.9998 0.0067
vn -0.0145 -0.9998 0.0097
vn -0.0124 -0.9998 0.0124
vn -0.0097 -0.9998 0.0145
vn -0.0067 -0.9998 0.0161
vn -0.0034 -0.9998 0.0171
vn -0.0000 -0.9998 0.0175
vn 0.0034 -0.9998 0.0171
vn 0.0067 -0.9998 0.0161
vn 0.0097 -0.9998 0.0145
vn 0.0124 -0.9998 0.0124
vn 0.0145 -0.9998 0.0097
vn 0.0162 -0.9998 0.0067
vn 0.0171 -0.9998 0.0034
vn 0.0175 -0.9998 -0.0000
vn 0.0171 -0.9998 -0.0034
vn 0.0162 -0.9998 -0.0067
vn 0.0145 -0.9998 -0.0097
vn 0.0124 -0.9998 -0.0124
vn 0.0097 -0.9998 -0.0145
vn 0.0067 -0.9998 -0.0161
vn 0.0034 -0.9998 -0.0171
vn -0.0000 -0.9998 -0.0175
vn -0.0034 -0.9998 -0.0171
vn -0.0067 -0.9998 -0.0162
vn -0.0097 -0.9998 -0.0145
vn -0.0124 -0.9998 -0.0124
vn -0.0145 -0.9998 -0.0097
vn -0.0162 -0.9998 -0.0067
vn -0.0171 -0.9998 -0.0034
vn -0.0129 -0.9999 0.0026
vn -0.0132 -0.9999 -0.0000
vn -0.0122 -0.9999 0.0050
vn -0.0110 -0.9999 0.0073
vn -0.0093 -0.9999 0.0093
vn -0.0073 -0.9999 0.0110
vn -0.0050 -0.9999 0.0122
vn -0.0026 -0.9999 0.0129
vn -0.0000 -0.9999 0.0132
vn 0.0026 -0.9999 0.0129
vn 0.0050 -0.9999 0.0122
vn 0.0073 -0.9999 0.0110
vn 0.0093 -0.9999 0.0093
vn 0.0110 -0.9999 0.0073
vn 0.0122 -0.9999 0.0050
vn 0.0129 -0.9999 0.0026
vn 0.0132 -0.9999 -0.0000
vn 0.0129 -0.9999 -0.0026
vn 0.0122 -0.9999 -0.0050
vn 0.0110 -0.9999 -0.0073
vn 0.0093 -0.9999 -0.0093
vn 0.0073 -0.9999 -0.0110
vn 0.0050 -0.9999 -0.0122
vn 0.0026 -0.9999 -0.0129
vn -0.0000 -0.9999 -0.0132
vn -0.0026 -0.9999 -0.0129
vn -0.0050 -0.9999 -0.0122
vn -0.0073 -0.9999 -0.0110
vn -0.0093 -0.9999 -0.0093
vn -0.0110 -0.9999 -0.0073
vn -0.0122 -0.9999 -0.0050
vn -0.0129 -0.9999 -0.0026
vn 0.0147 -0.9999 -0.0029
vn 0.0150 -0.9999 -0.0000
vn 0.0138 -0.9999 -0.0057
vn 0.0125 -0.9999 -0.0083
vn 0.0106 -0.9999 -0.0106
vn 0.0083 -0.9999 -0.0125
vn 0.0057 -0.9999 -0.0138
vn 0.0029 -0.9999 -0.0147
vn -0.0000 -0.9999 -0.0150
vn -0.0029 -0.9999 -0.0147
vn -0.0057 -0.9999 -0.0138
vn -0.0083 -0.9999 -0.0125
vn -0.0106 -0.9999 -0.0106
vn -0.0125 -0.9999 -0.0083
vn -0.0138 -0.9999 -0.0057
vn -0.0147 -0.9999 -0.0029
vn -0.0150 -0.9999 -0.0000
vn -0.0147 -0.9999 0.0029
vn -0.0139 -0.9999 0.0057
vn -0.0125 -0.9999 0.0083
vn -0.0106 -0.9999 0.0106
vn -0.0083 -0.9999 0.0125
vn -0.0057 -0.9999 0.0138
vn -0.0029 -0.9999 0.0147
vn -0.0000 -0.9999 0.0150
vn 0.0029 -0.9999 0.0147
vn 0.0057 -0.9999 0.0138
vn 0.0083 -0.9999 0.0125
vn 0.0106 -0.9999 0.0106
vn 0.0125 -0.9999 0.0083
vn 0.0139 -0.9999 0.0057
vn 0.0147 -0.9999 0.0029
vn 0.0818 -0.9965 -0.0163
vn 0.0834 -0.9965 -0.0000
vn 0.0770 -0.9965 -0.0319
vn 0.0693 -0.9965 -0.0463
vn 0.0589 -0.9965 -0.0589
vn 0.0463 -0.9965 -0.0693
vn 0.0319 -0.9965 -0.0770
vn 0.0163 -0.9965 -0.0818
vn -0.0000 -0.9965 -0.0834
vn -0.0163 -0.9965 -0.0818
vn -0.0319 -0.9965 -0.0770
vn -0.0463 -0.9965 -0.0693
vn -0.0589 -0.9965 -0.0589
vn -0.0693 -0.9965 -0.0463
vn -0.0770 -0.9965 -0.0319
vn -0.0818 -0.9965 -0.0163
vn -0.0834 -0.9965 -0.0000
vn -0.0818 -0.9965 0.0163
vn -0.0770 -0.9965 0.0319
vn -0.0693 -0.9965 0.0463
vn -0.0589 -0.9965 0.0589
vn -0.0463 -0.9965 0.0693
vn -0.0319 -0.9965 0.0770
vn -0.0163 -0.9965 0.0818
vn -0.0000 -0.9965 0.0834
vn 0.0163 -0.9965 0.0818
vn 0.0319 -0.9965 0.0770
vn 0.0463 -0.9965 0.0693
vn 0.0589 -0.9965 0.0589
vn 0.0693 -0.9965 0.0463
vn 0.0770 -0.9965 0.0319
vn 0.0818 -0.9965 0.0163
vn 0.1771 -0.9836 -0.0352
vn 0.1806 -0.9836 -0.0000
vn 0.1669 -0.9836 -0.0691
vn 0.1502 -0.9836 -0.1003
vn 0.1277 -0.9836 -0.1277
vn 0.1003 -0.9836 -0.1502
vn 0.0691 -0.9836 -0.1669
vn 0.0352 -0.9836 -0.1771
vn -0.0000 -0.9836 -0.1806
vn -0.0352 -0.9836 -0.1771
vn -0.0691 -0.9836 -0.1669
vn -0.1003 -0.9836 -0.1502
vn -0.1277 -0.9836 -0.1277
vn -0.1502 -0.9836 -0.1003
vn -0.1669 -0.9836 -0.0691
vn -0.1771 -0.9836 -0.0352
vn -0.1806 -0.9836 -0.0000
vn -0.1771 -0.9836 0.0352
vn -0.1669 -0.9836 0.0691
vn -0.1502 -0.9836 0.1003
vn -0.1277 -0.9836 0.1277
vn -0.1003 -0.9836 0.1502
vn -0.0691 -0.9836 0.1669
vn -0.0352 -0.9836 0.1771
vn -0.0000 -0.9836 0.1806
vn 0.0352 -0.9836 0.1771
vn 0.0691 -0.9836 0.1669
vn 0.1003 -0.9836 0.1502
vn 0.1277 -0.9836 0.1277
vn 0.1502 -0.9836 0.1003
vn 0.1669 -0.9836 0.0691
vn 0.1771 -0.9836 0.0352
vn 0.2878 -0.9560 -0.0572
vn 0.2935 -0.9560 -0.0000
vn 0.2711 -0.9560 -0.1123
vn 0.2440 -0.9560 -0.1630
vn 0.2075 -0.9560 -0.2075
vn 0.1630 -0.9560 -0.2440
vn 0.1123 -0.9560 -0.2711
vn 0.0572 -0.9560 -0.2878
vn -0.0000 -0.9560 -0.2935
vn -0.0572 -0.9560 -0.2878
vn -0.1123 -0.9560 -0.2711
vn -0.1630 -0.9560 -0.2440
vn -0.2075 -0.9560 -0.2075
vn -0.2440 -0.9560 -0.1630
vn -0.2711 -0.9560 -0.1123
vn -0.2878 -0.9560 -0.0573
vn -0.2935 -0.9560 -0.0000
vn -0.2878 -0.9560 0.0572
vn -0.2711 -0.9560 0.1123
vn -0.2440 -0.9560 0.1630
vn -0.2075 -0.9560 0.2075
vn -0.1630 -0.9560 0.2440
vn -0.1123 -0.9560 0.2711
vn -0.0572 -0.9560 0.2878
vn -0.0000 -0.9560 0.2934
vn 0.0572 -0.9560 0.2878
vn 0.1123 -0.9560 0.2711
vn 0.1630 -0.9560 0.2440
vn 0.2075 -0.9560 0.2075
vn 0.2440 -0.9560 0.1630
vn 0.2711 -0.9560 0.1123
vn 0.2878 -0.9560 0.0572
vn 0.4064 -0.9101 -0.0808
vn 0.4144 -0.9101 -0.0000
vn 0.3829 -0.9101 -0.1586
vn 0.3446 -0.9101 -0.2302
vn 0.2930 -0.9101 -0.2930
vn 0.2302 -0.9101 -0.3446
vn 0.1586 -0.9101 -0.3829
vn 0.0808 -0.9101 -0.4064
vn -0.0000 -0.9101 -0.4144
vn -0.0808 -0.9101 -0.4064
vn -0.1586 -0.9101 -0.3829
vn -0.2302 -0.9101 -0.3446
vn -0.2930 -0.9101 -0.2930
vn -0.3446 -0.9101 -0.2302
vn -0.3829 -0.9101 -0.1586
vn -0.4064 -0.9101 -0.0808
vn -0.4144 -0.9101 -0.0000
vn -0.4064 -0.9101 0.0808
vn -0.3829 -0.9101 0.1586
vn -0.3446 -0.9101 0.2302
vn -0.2930 -0.9101 0.2930
vn -0.2302 -0.9101 0.3446
vn -0.1586 -0.9101 0.3829
vn -0.0808 -0.9101 0.4064
vn -0.0000 -0.9101 0.4144
vn 0.0808 -0.9101 0.4064
vn 0.1586 -0.9101 0.3829
vn 0.2302 -0.9101 0.3446
vn 0.2930 -0.9101 0.2930
vn 0.3446 -0.9101 0.2302
vn 0.3829 -0.9101 0.1586
vn 0.4064 -0.9101 0.0808
vn 0.5225 -0.8463 -0.1039
vn 0.5327 -0.8463 -0.0000
vn 0.4922 -0.8463 -0.2039
vn 0.4429 -0.8463 -0.2960
vn 0.3767 -0.8463 -0.3767
vn 0.2960 -0.8463 -0.4429
vn 0.2039 -0.8463 -0.4922
vn 0.1039 -0.8463 -0.5225
vn -0.0000 -0.8463 -0.5327
vn -0.1039 -0.8463 -0.5225
vn -0.2039 -0.8463 -0.4922
vn -0.2960 -0.8463 -0.4429
vn -0.3767 -0.8463 -0.3767
vn -0.4429 -0.8463 -0.2960
vn -0.4922 -0.8463 -0.2039
vn -0.5225 -0.8463 -0.1039
vn -0.5327 -0.8463 -0.0000
vn -0.5225 -0.8463 0.1039
vn -0.4922 -0.8463 0.2039
vn -0.4429 -0.8463 0.2960
vn -0.3767 -0.8463 0.3767
vn -0.2960 -0.8463 0.4429
vn -0.2039 -0.8463 0.4922
vn -0.1039 -0.8463 0.5225
vn -0.0000 -0.8463 0.5327
vn 0.1039 -0.8463 0.5225
vn 0.2039 -0.8463 0.4922
vn 0.2960 -0.8463 0.4429
vn 0.3767 -0.8463 0.3767
vn 0.4429 -0.8463 0.2960
vn 0.4922 -0.8463 0.2039
vn 0.5225 -0.8463 0.1039
vn 0.6258 -0.7700 -0.1245
vn 0.6381 -0.7700 -0.0000
vn 0.5895 -0.7700 -0.2442
vn 0.5305 -0.7700 -0.3545
vn 0.4512 -0.7700 -0.4512
vn 0.3545 -0.7700 -0.5305
vn 0.2442 -0.7700 -0.5895
vn 0.1245 -0.7700 -0.6258
vn -0.0000 -0.7700 -0.6381
vn -0.1245 -0.7700 -0.6258
vn -0.2442 -0.7700 -0.5895
vn -0.3545 -0.7700 -0.5305
vn -0.4512 -0.7700 -0.4512
vn -0.5305 -0.7700 -0.3545
vn -0.5895 -0.7700 -0.2442
vn -0.6258 -0.7700 -0.1245
vn -0.6381 -0.7700 -0.0000
vn -0.6258 -0.7700 0.1245
vn -0.5895 -0.7700 0.2442
vn -0.5305 -0.7700 0.3545
vn -0.4512 -0.7700 0.4512
vn -0.3545 -0.7700 0.5305
vn -0.2442 -0.7700 0.5895
vn -0.1245 -0.7700 0.6258
vn -0.0000 -0.7700 0.6381
vn 0.1245 -0.7700 0.6258
vn 0.2442 -0.7700 0.5895
vn 0.3545 -0.7700 0.5305
vn 0.4512 -0.7700 0.4512
vn 0.5305 -0.7700 0.3545
vn 0.5895 -0.7700 0.2442
vn 0.6258 -0.7700 0.1245
vn 0.7104 -0.6895 -0.1413
vn 0.7243 -0.6895 -0.0000
vn 0.6692 -0.6895 -0.2772
vn 0.6022 -0.6895 -0.4024
vn 0.5122 -0.6895 -0.5122
vn 0.4024 -0.6895 -0.6022
vn 0.2772 -0.6895 -0.6692
vn 0.1413 -0.6895 -0.7104
vn -0.0000 -0.6895 -0.7243
vn -0.1413 -0.6895 -0.7104
vn -0.2772 -0.6895 -0.6692
vn -0.4024 -0.6895 -0.6022
vn -0.5122 -0.6895 -0.5122
vn -0.6022 -0.6895 -0.4024
vn -0.6692 -0.6895 -0.2772
vn -0.7104 -0.6895 -0.1413
vn -0.7243 -0.6895 -0.0000
vn -0.7104 -0.6895 0.1413
vn -0.6692 -0.6895 0.2772
vn -0.6022 -0.6895 0.4024
vn -0.5122 -0.6895 0.5122
vn -0.4024 -0.6895 0.6022
vn -0.2772 -0.6895 0.6692
vn -0.1413 -0.6895 0.7104
vn -0.0000 -0.6895 0.7243
vn 0.1413 -0.6895 0.7104
vn 0.2772 -0.6895 0.6692
vn 0.4024 -0.6895 0.6022
vn 0.5122 -0.6895 0.5122
vn 0.6022 -0.6895 0.4024
vn 0.6692 -0.6895 0.2772
vn 0.7104 -0.6895 0.1413
vn 0.7751 -0.6127 -0.1542
vn 0.7903 -0.6127 -0.0000
vn 0.7302 -0.6127 -0.3024
vn 0.6571 -0.6127 -0.4391
vn 0.5588 -0.6127 -0.5588
vn 0.4391 -0.6127 -0.6571
vn 0.3024 -0.6127 -0.7302
vn 0.1542 -0.6127 -0.7751
vn -0.0000 -0.6127 -0.7903
vn -0.1542 -0.6127 -0.7751
vn -0.3024 -0.6127 -0.7302
vn -0.4391 -0.6127 -0.6571
vn -0.5588 -0.6127 -0.5588
vn -0.6571 -0.6127 -0.4391
vn -0.7302 -0.6127 -0.3024
vn -0.7751 -0.6127 -0.1542
vn -0.7903 -0.6127 -0.0000
vn -0.7751 -0.6127 0.1542
vn -0.7302 -0.6127 0.3024
vn -0.6571 -0.6127 0.4391
vn -0.5588 -0.6127 0.5588
vn -0.4391 -0.6127 0.6571
vn -0.3024 -0.6127 0.7302
vn -0.1542 -0.6127 0.7751
vn -0.0000 -0.6127 0.7903
vn 0.1542 -0.6127 0.7751
vn 0.3024 -0.6127 0.7302
vn 0.4391 -0.6127 0.6571
vn 0.5588 -0.6127 0.5588
vn 0.6571 -0.6127 0.4391
vn 0.7302 -0.6127 0.3024
vn 0.7751 -0.6127 0.1542
vn 0.8226 -0.5446 -0.1636
vn 0.8387 -0.5446 -0.0000
vn 0.7748 -0.5446 -0.3209
vn 0.6973 -0.5446 -0.4659
vn 0.5930 -0.5446 -0.5930
vn 0.4659 -0.5446 -0.6973
vn 0.3209 -0.5446 -0.7748
vn 0.1636 -0.5446 -0.8226
vn -0.0000 -0.5446 -0.8387
vn -0.1636 -0.5446 -0.8226
vn -0.3209 -0.5446 -0.7748
vn -0.4659 -0.5446 -0.6973
vn -0.5930 -0.5446 -0.5930
vn -0.6973 -0.5446 -0.4659
vn -0.7748 -0.5446 -0.3209
vn -0.8226 -0.5446 -0.1636
vn -0.8387 -0.5446 -0.0000
vn -0.8226 -0.5446 0.1636
vn -0.7748 -0.5446 0.3209
vn -0.6973 -0.5446 0.4659
vn -0.5930 -0.5446 0.5930
vn -0.4659 -0.5446 0.6973
vn -0.3209 -0.5446 0.7748
vn -0.1636 -0.5446 0.8226
vn -0.0000 -0.5446 0.8387
vn 0.1636 -0.5446 0.8226
vn 0.3209 -0.5446 0.7748
vn 0.4659 -0.5446 0.6973
vn 0.5930 -0.5446 0.5930
vn 0.6973 -0.5446 0.4659
vn 0.7748 -0.5446 0.3209
vn 0.8226 -0.5446 0.1636
vn 0.8564 -0.4874 -0.1703
vn 0.8732 -0.4874 -0.0000
vn 0.8067 -0.4874 -0.3341
vn 0.7260 -0.4874 -0.4851
vn 0.6174 -0.4874 -0.6174
vn 0.4851 -0.4874 -0.7260
vn 0.3341 -0.4874 -0.8067
vn 0.1703 -0.4874 -0.8564
vn -0.0000 -0.4874 -0.8732
vn -0.1703 -0.4874 -0.8564
vn -0.3341 -0.4874 -0.8067
vn -0.4851 -0.4874 -0.7260
vn -0.6174 -0.4874 -0.6174
vn -0.7260 -0.4874 -0.4851
vn -0.8067 -0.4874 -0.3341
vn -0.8564 -0.4874 -0.1703
vn -0.8732 -0.4874 -0.0000
vn -0.8564 -0.4874 0.1703
vn -0.8067 -0.4874 0.3341
vn -0.7260 -0.4874 0.4851
vn -0.6174 -0.4874 0.6174
vn -0.4851 -0.4874 0.7260
vn -0.3341 -0.4874 0.8067
vn -0.1703 -0.4874 0.8564
vn -0.0000 -0.4874 0.8732
vn 0.1703 -0.4874 0.8564
vn 0.3341 -0.4874 0.8067
vn 0.4851 -0.4874 0.7260
vn 0.6174 -0.4874 0.6174
vn 0.7260 -0.4874 0.4851
vn 0.8067 -0.4874 0.3341
vn 0.8564 -0.4874 0.1703
vn 0.8802 -0.4411 -0.1751
vn 0.8975 -0.4411 -0.0000
vn 0.8291 -0.4411 -0.3434
vn 0.7462 -0.4411 -0.4986
vn 0.6346 -0.4411 -0.6346
vn 0.4986 -0.4411 -0.7462
vn 0.3434 -0.4411 -0.8291
vn 0.1751 -0.4411 -0.8802
vn -0.0000 -0.4411 -0.8975
vn -0.1751 -0.4411 -0.8802
vn -0.3434 -0.4411 -0.8291
vn -0.4986 -0.4411 -0.7462
vn -0.6346 -0.4411 -0.6346
vn -0.7462 -0.4411 -0.4986
vn -0.8291 -0.4411 -0.3434
vn -0.8802 -0.4411 -0.1751
vn -0.8975 -0.4411 -0.0000
vn -0.8802 -0.4411 0.1751
vn -0.8291 -0.4411 0.3434
vn -0.7462 -0.4411 0.4986
vn -0.6346 -0.4411 0.6346
vn -0.4986 -0.4411 0.7462
vn -0.3434 -0.4411 0.8291
vn -0.1751 -0.4411 0.8802
vn -0.0000 -0.4411 0.8975
vn 0.1751 -0.4411 0.8802
vn 0.3434 -0.4411 0.8291
vn 0.4986 -0.4411 0.7462
vn 0.6346 -0.4411 0.6346
vn 0.7462 -0.4411 0.4986
vn 0.8291 -0.4411 0.3434
vn 0.8802 -0.4411 0.1751
vn 0.9454 -0.2663 -0.1880
vn 0.9639 -0.2663 -0.0000
vn 0.8905 -0.2663 -0.3689
vn 0.8014 -0.2663 -0.5355
vn 0.6816 -0.2663 -0.6816
vn 0.5355 -0.2663 -0.8014
vn 0.3689 -0.2663 -0.8905
vn 0.1880 -0.2663 -0.9454
vn -0.0000 -0.2663 -0.9639
vn -0.1880 -0.2663 -0.9454
vn -0.3689 -0.2663 -0.8905
vn -0.5355 -0.2663 -0.8014
vn -0.6816 -0.2663 -0.6816
vn -0.8014 -0.2663 -0.5355
vn -0.8905 -0.2663 -0.3689
vn -0.9454 -0.2663 -0.1880
vn -0.9639 -0.2663 -0.0000
vn -0.9454 -0.2663 0.1880
vn -0.8905 -0.2663 0.3689
vn -0.8014 -0.2663 0.5355
vn -0.6816 -0.2663 0.6816
vn -0.5355 -0.2663 0.8014
vn -0.3689 -0.2663 0.8905
vn -0.1880 -0.2663 0.9454
vn -0.0000 -0.2663 0.9639
vn 0.1880 -0.2663 0.9454
vn 0.3689 -0.2663 0.8905
vn 0.5355 -0.2663 0.8014
vn 0.6816 -0.2663 0.6816
vn 0.8014 -0.2663 0.5355
vn 0.8905 -0.2663 0.3689
vn 0.9454 -0.2663 0.1880
vn 0.9681 0.1603 -0.1926
vn 0.9871 0.1603 -0.0000
vn 0.9119 0.1603 -0.3777
vn 0.8207 0.1603 -0.5484
vn 0.6980 0.1603 -0.6980
vn 0.5484 0.1603 -0.8207
vn 0.3777 0.1603 -0.9119
vn 0.1926 0.1603 -0.9681
vn -0.0000 0.1603 -0.9871
vn -0.1926 0.1603 -0.9681
vn -0.3777 0.1603 -0.9119
vn -0.5484 0.1603 -0.8207
vn -0.6980 0.1603 -0.6980
vn -0.8207 0.1603 -0.5484
vn -0.9119 0.1603 -0.3777
vn -0.9681 0.1603 -0.1926
vn -0.9871 0.1603 -0.0000
vn -0.9681 0.1603 0.1926
vn -0.9119 0.1603 0.3777
vn -0.8207 0.1603 0.5484
vn -0.6980 0.1603 0.6980
vn -0.5484 0.1603 0.8207
vn -0.3777 0.1603 0.9119
vn -0.1926 0.1603 0.9681
vn -0.0000 0.1603 0.9871
vn 0.1926 0.1603 0.9681
vn 0.3777 0.1603 0.9119
vn 0.5484 0.1603 0.8207
vn 0.6980 0.1603 0.6980
vn 0.8207 0.1603 0.5484
vn 0.9119 0.1603 0.3777
vn 0.9681 0.1603 0.1926
vn 0.8142 0.5575 -0.1620
vn 0.8302 0.5575 -0.0000
vn 0.7670 0.5575 -0.3177
vn 0.6903 0.5575 -0.4612
vn 0.5870 0.5575 -0.5870
vn 0.4612 0.5575 -0.6903
vn 0.3177 0.5575 -0.7670
vn 0.1620 0.5575 -0.8142
vn -0.0000 0.5575 -0.8302
vn -0.1620 0.5575 -0.8142
vn -0.3177 0.5575 -0.7670
vn -0.4612 0.5575 -0.6903
vn -0.5870 0.5575 -0.5870
vn -0.6903 0.5575 -0.4612
vn -0.7670 0.5575 -0.3177
vn -0.8142 0.5575 -0.1620
vn -0.8302 0.5575 -0.0000
vn -0.8142 0.5575 0.1620
vn -0.7670 0.5575 0.3177
vn -0.6903 0.5575 0.4612
vn -0.5870 0.5575 0.5870
vn -0.4612 0.5575 0.6903
vn -0.3177 0.5575 0.7670
vn -0.1620 0.5575 0.8142
vn -0.0000 0.5575 0.8302
vn 0.1620 0.5575 0.8142
vn 0.3177 0.5575 0.7670
vn 0.4612 0.5575 0.6903
vn 0.5870 0.5575 0.5870
vn 0.6903 0.5575 0.4612
vn 0.7670 0.5575 0.3177
vn 0.8142 0.5575 0.1620
vn 0.6562 0.7432 -0.1305
vn 0.6691 0.7432 -0.0000
vn 0.6181 0.7432 -0.2560
vn 0.5563 0.7432 -0.3717
vn 0.4731 0.7432 -0.4731
vn 0.3717 0.7432 -0.5563
vn 0.2560 0.7432 -0.6181
vn 0.1305 0.7432 -0.6562
vn -0.0000 0.7432 -0.6691
vn -0.1305 0.7432 -0.6562
vn -0.2560 0.7432 -0.6181
vn -0.3717 0.7432 -0.5563
vn -0.4731 0.7432 -0.4731
vn -0.5563 0.7432 -0.3717
vn -0.6181 0.7432 -0.2560
vn -0.6562 0.7432 -0.1305
vn -0.6691 0.7432 -0.0000
vn -0.6562 0.7432 0.1305
vn -0.6181 0.7432 0.2560
vn -0.5563 0.7432 0.3717
vn -0.4731 0.7432 0.4731
vn -0.3717 0.7432 0.5563
vn -0.2560 0.7432 0.6181
vn -0.1305 0.7432 0.6562
vn -0.0000 0.7432 0.6691
vn 0.1305 0.7432 0.6562
vn 0.2560 0.7432 0.6181
vn 0.3717 0.7432 0.5563
vn 0.4731 0.7432 0.4731
vn 0.5563 0.7432 0.3717
vn 0.6181 0.7432 0.2560
vn 0.6562 0.7432 0.1305
vn 0.5512 0.8271 -0.1096
vn 0.5620 0.8271 -0.0000
vn 0.5192 0.8271 -0.2151
vn 0.4673 0.8271 -0.3122
vn 0.3974 0.8271 -0.3974
vn 0.3122 0.8271 -0.4673
vn 0.2151 0.8271 -0.5192
vn 0.1096 0.8271 -0.5512
vn -0.0000 0.8271 -0.5620
vn -0.1096 0.8271 -0.5512
vn -0.2151 0.8271 -0.5192
vn -0.3122 0.8271 -0.4673
vn -0.3974 0.8271 -0.3974
vn -0.4673 0.8271 -0.3122
vn -0.5192 0.8271 -0.2151
vn -0.5512 0.8271 -0.1096
vn -0.5620 0.8271 -0.0000
vn -0.5512 0.8271 0.1096
vn -0.5192 0.8271 0.2151
vn -0.4673 0.8271 0.3122
vn -0.3974 0.8271 0.3974
vn -0.3122 0.8271 0.4673
vn -0.2151 0.8271 0.5192
vn -0.1096 0.8271 0.5512
vn -0.0000 0.8271 0.5620
vn 0.1096 0.8271 0.5512
vn 0.2151 0.8271 0.5192
vn 0.3122 0.8271 0.4673
vn 0.3974 0.8271 0.3974
vn 0.4673 0.8271 0.3122
vn 0.5192 0.8271 0.2151
vn 0.5512 0.8271 0.1096
vn 0.4842 0.8697 -0.0963
vn 0.4937 0.8697 -0.0000
vn 0.4561 0.8697 -0.1889
vn 0.4105 0.8697 -0.2743
vn 0.3491 0.8697 -0.3491
vn 0.2743 0.8697 -0.4105
vn 0.1889 0.8697 -0.4561
vn 0.0963 0.8697 -0.4842
vn -0.0000 0.8697 -0.4937
vn -0.0963 0.8697 -0.4842
vn -0.1889 0.8697 -0.4561
vn -0.2743 0.8697 -0.4105
vn -0.3491 0.8697 -0.3491
vn -0.4105 0.8697 -0.2743
vn -0.4561 0.8697 -0.1889
vn -0.4842 0.8697 -0.0963
vn -0.4937 0.8697 -0.0000
vn -0.4842 0.8697 0.0963
vn -0.4561 0.8697 0.1889
vn -0.4105 0.8697 0.2743
vn -0.3491 0.8697 0.3491
vn -0.2743 0.8697 0.4105
vn -0.1889 0.8697 0.4561
vn -0.0963 0.8697 0.4842
vn -0.0000 0.8697 0.4937
vn 0.0963 0.8697 0.4842
vn 0.1889 0.8697 0.4561
vn 0.2743 0.8697 0.4105
vn 0.3491 0.8697 0.3491
vn 0.4105 0.8697 0.2743
vn 0.4561 0.8697 0.1889
vn 0.4842 0.8697 0.0963
vn 0.4406 0.8934 -0.0876
vn 0.4493 0.8934 -0.0000
vn 0.4151 0.8934 -0.1719
vn 0.3735 0.8934 -0.2496
vn 0.3177 0.8934 -0.3177
vn 0.2496 0.8934 -0.3735
vn 0.1719 0.8934 -0.4151
vn 0.0876 0.8934 -0.4406
vn -0.0000 0.8934 -0.4493
vn -0.0876 0.8934 -0.4406
vn -0.1719 0.8934 -0.4151
vn -0.2496 0.8934 -0.3735
vn -0.3177 0.8934 -0.3177
vn -0.3735 0.8934 -0.2496
vn -0.4151 0.8934 -0.1719
vn -0.4406 0.8934 -0.0876
vn -0.4493 0.8934 -0.0000
vn -0.4406 0.8934 0.0876
vn -0.4151 0.8934 0.1719
vn -0.3735 0.8934 0.2496
vn -0.3177 0.8934 0.3177
vn -0.2496 0.8934 0.3735
vn -0.1719 0.8934 0.4151
vn -0.0876 0.8934 0.4406
vn -0.0000 0.8934 0.4493
vn 0.0876 0.8934 0.4406
vn 0.1719 0.8934 0.4151
vn 0.2496 0.8934 0.3735
vn 0.3177 0.8934 0.3177
vn 0.3735 0.8934 0.2496
vn 0.4151 0.8934 0.1719
vn 0.4406 0.8934 0.0876
vn 0.4122 0.9074 -0.0820
vn 0.4203 0.9074 -0.0000
vn 0.3883 0.9074 -0.1608
vn 0.3495 0.9074 -0.2335
vn 0.2972 0.9074 -0.2972
vn 0.2335 0.9074 -0.3495
vn 0.1608 0.9074 -0.3883
vn 0.0820 0.9074 -0.4122
vn -0.0000 0.9074 -0.4203
vn -0.0820 0.9074 -0.4122
vn -0.1608 0.9074 -0.3883
vn -0.2335 0.9074 -0.3495
vn -0.2972 0.9074 -0.2972
vn -0.3495 0.9074 -0.2335
vn -0.3883 0.9074 -0.1608
vn -0.4122 0.9074 -0.0820
vn -0.4203 0.9074 -0.0000
vn -0.4122 0.9074 0.0820
vn -0.3883 0.9074 0.1608
vn -0.3495 0.9074 0.2335
vn -0.2972 0.9074 0.2972
vn -0.2335 0.9074 0.3495
vn -0.1608 0.9074 0.3883
vn -0.0820 0.9074 0.4122
vn -0.0000 0.9074 0.4203
vn 0.0820 0.9074 0.4122
vn 0.1608 0.9074 0.3883
vn 0.2335 0.9074 0.3495
vn 0.2972 0.9074 0.2972
vn 0.3495 0.9074 0.2335
vn 0.3883 0.9074 0.1608
vn 0.4122 0.9074 0.0820
vn 0.3943 0.9156 -0.0784
vn 0.4020 0.9156 -0.0000
vn 0.3714 0.9156 -0.1539
vn 0.3343 0.9156 -0.2234
vn 0.2843 0.9156 -0.2843
vn 0.2234 0.9156 -0.3343
vn 0.1539 0.9156 -0.3714
vn 0.0784 0.9156 -0.3943
vn -0.0000 0.9156 -0.4020
vn -0.0784 0.9156 -0.3943
vn -0.1539 0.9156 -0.3714
vn -0.2234 0.9156 -0.3343
vn -0.2843 0.9156 -0.2843
vn -0.3343 0.9156 -0.2234
vn -0.3714 0.9156 -0.1539
vn -0.3943 0.9156 -0.0784
vn -0.4020 0.9156 -0.0000
vn -0.3943 0.9156 0.0784
vn -0.3714 0.9156 0.1539
vn -0.3343 0.9156 0.2234
vn -0.2843 0.9156 0.2843
vn -0.2234 0.9156 0.3343
vn -0.1539 0.9156 0.3714
vn -0.0784 0.9156 0.3943
vn -0.0000 0.9156 0.4021
vn 0.0784 0.9156 0.3943
vn 0.1539 0.9156 0.3714
vn 0.2234 0.9156 0.3343
vn 0.2843 0.9156 0.2843
vn 0.3343 0.9156 0.2234
vn 0.3714 0.9156 0.1539
vn 0.3943 0.9156 0.0784
vn 0.3845 0.9200 -0.0765
vn 0.3920 0.9200 -0.0000
vn 0.3622 0.9200 -0.1500
vn 0.3259 0.9200 -0.2178
vn 0.2772 0.9200 -0.2772
vn 0.2178 0.9200 -0.3259
vn 0.1500 0.9200 -0.3622
vn 0.0765 0.9200 -0.3845
vn -0.0000 0.9200 -0.3920
vn -0.0765 0.9200 -0.3845
vn -0.1500 0.9200 -0.3622
vn -0.2178 0.9200 -0.3259
vn -0.2772 0.9200 -0.2772
vn -0.3259 0.9200 -0.2178
vn -0.3622 0.9200 -0.1500
vn -0.3845 0.9200 -0.0765
vn -0.3920 0.9200 -0.0000
vn -0.3845 0.9200 0.0765
vn -0.3622 0.9200 0.1500
vn -0.3259 0.9200 0.2178
vn -0.2772 0.9200 0.2772
vn -0.2178 0.9200 0.3259
vn -0.1500 0.9200 0.3622
vn -0.0765 0.9200 0.3845
vn -0.0000 0.9200 0.3920
vn 0.0765 0.9200 0.3845
vn 0.1500 0.9200 0.3622
vn 0.2178 0.9200 0.3259
vn 0.2772 0.9200 0.2772
vn 0.3259 0.9200 0.2178
vn 0.3622 0.9200 0.1500
vn 0.3845 0.9200 0.0765
vn 0.3814 0.9213 -0.0759
vn 0.3888 0.9213 -0.0000
vn 0.3592 0.9213 -0.1488
vn 0.3233 0.9213 -0.2160
vn 0.2750 0.9213 -0.2750
vn 0.2160 0.9213 -0.3233
vn 0.1488 0.9213 -0.3592
vn 0.0759 0.9213 -0.3814
vn -0.0000 0.9213 -0.3888
vn -0.0759 0.9213 -0.3814
vn -0.1488 0.9213 -0.3592
vn -0.2160 0.9213 -0.3233
vn -0.2750 0.9213 -0.2750
vn -0.3233 0.9213 -0.2160
vn -0.3592 0.9213 -0.1488
vn -0.3814 0.9213 -0.0759
vn -0.3888 0.9213 -0.0000
vn -0.3814 0.9213 0.0759
vn -0.3592 0.9213 0.1488
vn -0.3233 0.9213 0.2160
vn -0.2750 0.9213 0.2750
vn -0.2160 0.9213 0.3233
vn -0.1488 0.9213 0.3592
vn -0.0759 0.9213 0.3814
vn -0.0000 0.9213 0.3888
vn 0.0759 0.9213 0.3814
vn 0.1488 0.9213 0.3592
vn 0.2160 0.9213 0.3233
vn 0.2750 0.9213 0.2750
vn 0.3233 0.9213 0.2160
vn 0.3592 0.9213 0.1488
vn 0.3814 0.9213 0.0759
vn 0.3847 0.9199 -0.0765
vn 0.3922 0.9199 -0.0000
vn 0.3624 0.9199 -0.1501
vn 0.3261 0.9199 -0.2179
vn 0.2774 0.9199 -0.2774
vn 0.2179 0.9199 -0.3261
vn 0.1501 0.9199 -0.3624
vn 0.0765 0.9199 -0.3847
vn -0.0000 0.9199 -0.3922
vn -0.0765 0.9199 -0.3847
vn -0.1501 0.9199 -0.3624
vn -0.2179 0.9199 -0.3261
vn -0.2774 0.9199 -0.2774
vn -0.3261 0.9199 -0.2179
vn -0.3624 0.9199 -0.1501
vn -0.3847 0.9199 -0.0765
vn -0.3922 0.9199 -0.0000
vn -0.3847 0.9199 0.0765
vn -0.3624 0.9199 0.1501
vn -0.3261 0.9199 0.2179
vn -0.2774 0.9199 0.2774
vn -0.2179 0.9199 0.3261
vn -0.1501 0.9199 0.3624
vn -0.0765 0.9199 0.3847
vn -0.0000 0.9199 0.3922
vn 0.0765 0.9199 0.3847
vn 0.1501 0.9199 0.3624
vn 0.2179 0.9199 0.3261
vn 0.2774 0.9199 0.2774
vn 0.3261 0.9199 0.2179
vn 0.3624 0.9199 0.1501
vn 0.3847 0.9199 0.0765
vn 0.5391 0.8354 -0.1072
vn 0.5496 0.8354 -0.0000
vn 0.5078 0.8354 -0.2103
vn 0.4570 0.8354 -0.3053
vn 0.3886 0.8354 -0.3886
vn 0.3054 0.8354 -0.4570
vn 0.2103 0.8354 -0.5078
vn 0.1072 0.8354 -0.5390
vn -0.0000 0.8354 -0.5496
vn -0.1072 0.8354 -0.5390
vn -0.2103 0.8354 -0.5078
vn -0.3054 0.8354 -0.4570
vn -0.3886 0.8354 -0.3886
vn -0.4570 0.8354 -0.3054
vn -0.5078 0.8354 -0.2103
vn -0.5391 0.8354 -0.1072
vn -0.5496 0.8354 -0.0000
vn -0.5391 0.8354 0.1072
vn -0.5078 0.8354 0.2103
vn -0.4570 0.8354 0.3054
vn -0.3886 0.8354 0.3886
vn -0.3054 0.8354 0.4570
vn -0.2103 0.8354 0.5078
vn -0.1072 0.8354 0.5391
vn -0.0000 0.8354 0.5496
vn 0.1072 0.8354 0.5390
vn 0.2103 0.8354 0.5078
vn 0.3053 0.8354 0.4570
vn 0.3886 0.8354 0.3886
vn 0.4570 0.8354 0.3054
vn 0.5078 0.8354 0.2103
vn 0.5390 0.8354 0.1072
vn 0.8928 0.4139 -0.1776
vn 0.9103 0.4139 -0.0000
vn 0.8410 0.4139 -0.3483
vn 0.7569 0.4139 -0.5057
vn 0.6437 0.4139 -0.6437
vn 0.5058 0.4139 -0.7569
vn 0.3484 0.4139 -0.8410
vn 0.1776 0.4140 -0.8928
vn -0.0000 0.4140 -0.9103
vn -0.1776 0.4140 -0.8928
vn -0.3484 0.4139 -0.8410
vn -0.5058 0.4139 -0.7569
vn -0.6437 0.4139 -0.6437
vn -0.7569 0.4139 -0.5058
vn -0.8410 0.4139 -0.3484
vn -0.8928 0.4139 -0.1776
vn -0.9103 0.4139 -0.0000
vn -0.8928 0.4139 0.1776
vn -0.8410 0.4139 0.3484
vn -0.7569 0.4139 0.5058
vn -0.6437 0.4140 0.6437
vn -0.5058 0.4139 0.7569
vn -0.3484 0.4139 0.8410
vn -0.1776 0.4139 0.8928
vn -0.0000 0.4139 0.9103
vn 0.1776 0.4140 0.8928
vn 0.3483 0.4139 0.8410
vn 0.5057 0.4139 0.7569
vn 0.6437 0.4140 0.6437
vn 0.7569 0.4139 0.5058
vn 0.8410 0.4139 0.3484
vn 0.8928 0.4139 0.1776
vn 0.8634 -0.3558 -0.3576
vn 0.9166 -0.3558 -0.1823
vn 0.7771 -0.3558 -0.5192
vn 0.6608 -0.3558 -0.6608
vn 0.5192 -0.3558 -0.7771
vn 0.3576 -0.3558 -0.8634
vn 0.1823 -0.3558 -0.9166
vn -0.0000 -0.3558 -0.9346
vn -0.1823 -0.3558 -0.9166
vn -0.3576 -0.3558 -0.8634
vn -0.5192 -0.3558 -0.7771
vn -0.6608 -0.3558 -0.6608
vn -0.7771 -0.3558 -0.5192
vn -0.8634 -0.3558 -0.3576
vn -0.9166 -0.3558 -0.1823
vn -0.9346 -0.3558 -0.0000
vn -0.9166 -0.3558 0.1823
vn -0.8634 -0.3558 0.3576
vn -0.7771 -0.3558 0.5192
vn -0.6608 -0.3558 0.6608
vn -0.5192 -0.3558 0.7771
vn -0.3576 -0.3558 0.8634
vn -0.1823 -0.3558 0.9166
vn -0.0000 -0.3558 0.9346
vn 0.1823 -0.3558 0.9166
vn 0.3576 -0.3558 0.8634
vn 0.5192 -0.3558 0.7771
vn 0.6608 -0.3558 0.6608
vn 0.7771 -0.3558 0.5192
vn 0.8634 -0.3558 0.3576
vn 0.9166 -0.3558 0.1823
vn 0.9346 -0.3558 -0.0000
vn 0.5935 -0.7961 -0.1181
vn 0.6052 -0.7961 -0.0000
vn 0.5591 -0.7961 -0.2316
vn 0.5032 -0.7961 -0.3362
vn 0.4279 -0.7961 -0.4279
vn 0.3362 -0.7961 -0.5032
vn 0.2316 -0.7961 -0.5591
vn 0.1181 -0.7961 -0.5935
vn -0.0000 -0.7961 -0.6052
vn -0.1181 -0.7961 -0.5935
vn -0.2316 -0.7961 -0.5591
vn -0.3362 -0.7961 -0.5032
vn -0.4279 -0.7961 -0.4279
vn -0.5032 -0.7961 -0.3362
vn -0.5591 -0.7961 -0.2316
vn -0.5935 -0.7961 -0.1181
vn -0.6052 -0.7961 -0.0000
vn -0.5935 -0.7961 0.1181
vn -0.5591 -0.7961 0.2316
vn -0.5032 -0.7961 0.3362
vn -0.4279 -0.7961 0.4279
vn -0.3362 -0.7961 0.5032
vn -0.2316 -0.7961 0.5591
vn -0.1181 -0.7961 0.5935
vn -0.0000 -0.7961 0.6052
vn 0.1181 -0.7961 0.5935
vn 0.2316 -0.7961 0.5591
vn 0.3362 -0.7961 0.5032
vn 0.4279 -0.7961 0.4279
vn 0.5032 -0.7961 0.3362
vn 0.5591 -0.7961 0.2316
vn 0.5935 -0.7961 0.1181
vn 0.4455 -0.8909 -0.0886
vn 0.4542 -0.8909 -0.0000
vn 0.4196 -0.8909 -0.1738
vn 0.3776 -0.8909 -0.2523
vn 0.3212 -0.8909 -0.3212
vn 0.2523 -0.8909 -0.3776
vn 0.1738 -0.8909 -0.4196
vn 0.0886 -0.8909 -0.4455
vn -0.0000 -0.8909 -0.4542
vn -0.0886 -0.8909 -0.4455
vn -0.1738 -0.8909 -0.4196
vn -0.2523 -0.8909 -0.3776
vn -0.3212 -0.8909 -0.3212
vn -0.3776 -0.8909 -0.2523
vn -0.4196 -0.8909 -0.1738
vn -0.4455 -0.8909 -0.0886
vn -0.4542 -0.8909 -0.0000
vn -0.4455 -0.8909 0.0886
vn -0.4196 -0.8909 0.1738
vn -0.3776 -0.8909 0.2523
vn -0.3212 -0.8909 0.3212
vn -0.2523 -0.8909 0.3776
vn -0.1738 -0.8909 0.4196
vn -0.0886 -0.8909 0.4455
vn -0.0000 -0.8909 0.4542
vn 0.0886 -0.8909 0.4455
vn 0.1738 -0.8909 0.4196
vn 0.2523 -0.8909 0.3776
vn 0.3212 -0.8909 0.3212
vn 0.3776 -0.8909 0.2523
vn 0.4196 -0.8909 0.1738
vn 0.4455 -0.8909 0.0886
vn 0.4382 -0.8946 -0.0872
vn 0.4468 -0.8946 -0.0000
vn 0.4128 -0.8946 -0.1710
vn 0.3715 -0.8946 -0.2482
vn 0.3159 -0.8946 -0.3159
vn 0.2482 -0.8946 -0.3715
vn 0.1710 -0.8946 -0.4128
vn 0.0872 -0.8946 -0.4382
vn -0.0000 -0.8946 -0.4468
vn -0.0872 -0.8946 -0.4382
vn -0.1710 -0.8946 -0.4128
vn -0.2482 -0.8946 -0.3715
vn -0.3159 -0.8946 -0.3159
vn -0.3715 -0.8946 -0.2482
vn -0.4128 -0.8946 -0.1710
vn -0.4382 -0.8946 -0.0872
vn -0.4468 -0.8946 -0.0000
vn -0.4382 -0.8946 0.0872
vn -0.4128 -0.8946 0.1710
vn -0.3715 -0.8946 0.2482
vn -0.3159 -0.8946 0.3159
vn -0.2482 -0.8946 0.3715
vn -0.1710 -0.8946 0.4128
vn -0.0872 -0.8946 0.4382
vn -0.0000 -0.8946 0.4468
vn 0.0872 -0.8946 0.4382
vn 0.1710 -0.8946 0.4128
vn 0.2482 -0.8946 0.3715
vn 0.3159 -0.8946 0.3159
vn 0.3715 -0.8946 0.2482
vn 0.4128 -0.8946 0.1710
vn 0.4382 -0.8946 0.0872
vn 0.4753 -0.8747 -0.0945
vn 0.4846 -0.8747 -0.0000
vn 0.4477 -0.8747 -0.1855
vn 0.4030 -0.8747 -0.2693
vn 0.3427 -0.8747 -0.3427
vn 0.2692 -0.8747 -0.4030
vn 0.1855 -0.8747 -0.4477
vn 0.0945 -0.8747 -0.4753
vn -0.0000 -0.8747 -0.4846
vn -0.0945 -0.8747 -0.4753
vn -0.1855 -0.8747 -0.4477
vn -0.2692 -0.8747 -0.4030
vn -0.3427 -0.8747 -0.3427
vn -0.4030 -0.8747 -0.2693
vn -0.4477 -0.8747 -0.1855
vn -0.4753 -0.8747 -0.0945
vn -0.4846 -0.8747 -0.0000
vn -0.4753 -0.8747 0.0945
vn -0.4477 -0.8747 0.1855
vn -0.4030 -0.8747 0.2693
vn -0.3427 -0.8747 0.3427
vn -0.2693 -0.8747 0.4030
vn -0.1855 -0.8747 0.4477
vn -0.0945 -0.8747 0.4753
vn -0.0000 -0.8747 0.4846
vn 0.0945 -0.8747 0.4753
vn 0.1855 -0.8747 0.4477
vn 0.2692 -0.8747 0.4030
vn 0.3427 -0.8747 0.3427
vn 0.4030 -0.8747 0.2693
vn 0.4477 -0.8747 0.1855
vn 0.4753 -0.8747 0.0945
vn 0.5366 -0.8370 -0.1067
vn 0.5472 -0.8370 -0.0000
vn 0.5055 -0.8370 -0.2094
vn 0.4549 -0.8370 -0.3040
vn 0.3869 -0.8370 -0.3869
vn 0.3040 -0.8370 -0.4549
vn 0.2094 -0.8370 -0.5055
vn 0.1067 -0.8370 -0.5366
vn -0.0000 -0.8370 -0.5472
vn -0.1067 -0.8370 -0.5366
vn -0.2094 -0.8370 -0.5055
vn -0.3040 -0.8370 -0.4549
vn -0.3869 -0.8370 -0.3869
vn -0.4549 -0.8370 -0.3040
vn -0.5055 -0.8370 -0.2094
vn -0.5366 -0.8370 -0.1067
vn -0.5472 -0.8370 -0.0000
vn -0.5366 -0.8370 0.1067
vn -0.5055 -0.8370 0.2094
vn -0.4549 -0.8370 0.3040
vn -0.3869 -0.8370 0.3869
vn -0.3040 -0.8370 0.4549
vn -0.2094 -0.8370 0.5055
vn -0.1067 -0.8370 0.5366
vn -0.0000 -0.8370 0.5472
vn 0.1067 -0.8370 0.5366
vn 0.2094 -0.8370 0.5055
vn 0.3040 -0.8370 0.4549
vn 0.3869 -0.8370 0.3869
vn 0.4549 -0.8370 0.3040
vn 0.5055 -0.8370 0.2094
vn 0.5366 -0.8370 0.1067
vn 0.6144 -0.7794 -0.1222
vn 0.6265 -0.7794 -0.0000
vn 0.5788 -0.7794 -0.2397
vn 0.5209 -0.7794 -0.3480
vn 0.4430 -0.7794 -0.4430
vn 0.3480 -0.7794 -0.5209
vn 0.2397 -0.7794 -0.5788
vn 0.1222 -0.7794 -0.6144
vn -0.0000 -0.7794 -0.6265
vn -0.1222 -0.7794 -0.6144
vn -0.2397 -0.7794 -0.5788
vn -0.3480 -0.7794 -0.5209
vn -0.4430 -0.7794 -0.4430
vn -0.5209 -0.7794 -0.3480
vn -0.5788 -0.7794 -0.2397
vn -0.6144 -0.7794 -0.1222
vn -0.6265 -0.7794 -0.0000
vn -0.6144 -0.7794 0.1222
vn -0.5788 -0.7794 0.2397
vn -0.5209 -0.7794 0.3480
vn -0.4430 -0.7794 0.4430
vn -0.3480 -0.7794 0.5209
vn -0.2397 -0.7794 0.5788
vn -0.1222 -0.7794 0.6144
vn -0.0000 -0.7794 0.6265
vn 0.1222 -0.7794 0.6144
vn 0.2397 -0.7794 0.5788
vn 0.3480 -0.7794 0.5209
vn 0.4430 -0.7794 0.4430
vn 0.5209 -0.7794 0.3480
vn 0.5788 -0.7794 0.2397
vn 0.6144 -0.7794 0.1222
vn 0.7024 -0.6979 -0.1397
vn 0.7162 -0.6979 -0.0000
vn 0.6616 -0.6979 -0.2741
vn 0.5955 -0.6979 -0.3979
vn 0.5064 -0.6979 -0.5064
vn 0.3979 -0.6979 -0.5955
vn 0.2741 -0.6979 -0.6616
vn 0.1397 -0.6979 -0.7024
vn -0.0000 -0.6979 -0.7162
vn -0.1397 -0.6979 -0.7024
vn -0.2741 -0.6979 -0.6616
vn -0.3979 -0.6979 -0.5955
vn -0.5064 -0.6979 -0.5064
vn -0.5955 -0.6979 -0.3979
vn -0.6616 -0.6979 -0.2741
vn -0.7024 -0.6979 -0.1397
vn -0.7162 -0.6979 -0.0000
vn -0.7024 -0.6979 0.1397
vn -0.6616 -0.6979 0.2741
vn -0.5955 -0.6979 0.3979
vn -0.5064 -0.6979 0.5064
vn -0.3979 -0.6979 0.5955
vn -0.2741 -0.6979 0.6616
vn -0.1397 -0.6979 0.7024
vn -0.0000 -0.6979 0.7162
vn 0.1397 -0.6979 0.7024
vn 0.2741 -0.6979 0.6616
vn 0.3979 -0.6979 0.5955
vn 0.5064 -0.6979 0.5064
vn 0.5955 -0.6979 0.3979
vn 0.6616 -0.6979 0.2741
vn 0.7024 -0.6979 0.1397
vn 0.7923 -0.5894 -0.1576
vn 0.8078 -0.5894 -0.0000
vn 0.7464 -0.5894 -0.3092
vn 0.6717 -0.5894 -0.4488
vn 0.5712 -0.5894 -0.5712
vn 0.4488 -0.5894 -0.6717
vn 0.3092 -0.5894 -0.7464
vn 0.1576 -0.5894 -0.7923
vn -0.0000 -0.5894 -0.8078
vn -0.1576 -0.5894 -0.7923
vn -0.3092 -0.5894 -0.7464
vn -0.4488 -0.5894 -0.6717
vn -0.5712 -0.5894 -0.5712
vn -0.6717 -0.5894 -0.4488
vn -0.7464 -0.5894 -0.3092
vn -0.7923 -0.5894 -0.1576
vn -0.8079 -0.5894 -0.0000
vn -0.7923 -0.5894 0.1576
vn -0.7464 -0.5894 0.3092
vn -0.6717 -0.5894 0.4488
vn -0.5712 -0.5894 0.5712
vn -0.4488 -0.5894 0.6717
vn -0.3092 -0.5894 0.7464
vn -0.1576 -0.5894 0.7923
vn -0.0000 -0.5894 0.8078
vn 0.1576 -0.5894 0.7923
vn 0.3092 -0.5894 0.7464
vn 0.4488 -0.5894 0.6717
vn 0.5712 -0.5894 0.5712
vn 0.6717 -0.5894 0.4488
vn 0.7464 -0.5894 0.3092
vn 0.7923 -0.5894 0.1576
vn 0.8735 -0.4547 -0.1738
vn 0.8907 -0.4547 -0.0000
vn 0.8229 -0.4547 -0.3408
vn 0.7405 -0.4547 -0.4948
vn 0.6298 -0.4547 -0.6298
vn 0.4948 -0.4547 -0.7405
vn 0.3408 -0.4547 -0.8229
vn 0.1738 -0.4547 -0.8735
vn -0.0000 -0.4547 -0.8907
vn -0.1738 -0.4547 -0.8735
vn -0.3408 -0.4547 -0.8229
vn -0.4948 -0.4547 -0.7405
vn -0.6298 -0.4547 -0.6298
vn -0.7405 -0.4547 -0.4948
vn -0.8229 -0.4547 -0.3408
vn -0.8735 -0.4547 -0.1738
vn -0.8907 -0.4547 -0.0000
vn -0.8735 -0.4547 0.1738
vn -0.8229 -0.4547 0.3408
vn -0.7405 -0.4547 0.4948
vn -0.6298 -0.4547 0.6298
vn -0.4948 -0.4547 0.7405
vn -0.3408 -0.4547 0.8229
vn -0.1738 -0.4547 0.8735
vn -0.0000 -0.4547 0.8907
vn 0.1738 -0.4547 0.8735
vn 0.3408 -0.4547 0.8229
vn 0.4948 -0.4547 0.7405
vn 0.6298 -0.4547 0.6298
vn 0.7405 -0.4547 0.4948
vn 0.8229 -0.4547 0.3408
vn 0.8735 -0.4547 0.1738
vn 0.9353 -0.3009 -0.1860
vn 0.9536 -0.3009 -0.0000
vn 0.8811 -0.3009 -0.3649
vn 0.7929 -0.3009 -0.5298
vn 0.6743 -0.3009 -0.6743
vn 0.5298 -0.3009 -0.7929
vn 0.3649 -0.3009 -0.8811
vn 0.1860 -0.3009 -0.9353
vn -0.0000 -0.3009 -0.9536
vn -0.1860 -0.3009 -0.9353
vn -0.3649 -0.3009 -0.8811
vn -0.5298 -0.3009 -0.7929
vn -0.6743 -0.3009 -0.6743
vn -0.7929 -0.3009 -0.5298
vn -0.8811 -0.3009 -0.3649
vn -0.9353 -0.3009 -0.1860
vn -0.9536 -0.3009 -0.0000
vn -0.9353 -0.3009 0.1860
vn -0.8811 -0.3009 0.3649
vn -0.7929 -0.3009 0.5298
vn -0.6743 -0.3009 0.6743
vn -0.5298 -0.3009 0.7929
vn -0.3649 -0.3009 0.8811
vn -0.1860 -0.3009 0.9353
vn -0.0000 -0.3009 0.9536
vn 0.1860 -0.3009 0.9353
vn 0.3649 -0.3009 0.8811
vn 0.5298 -0.3009 0.7929
vn 0.6743 -0.3009 0.6743
vn 0.7929 -0.3009 0.5298
vn 0.8811 -0.3009 0.3649
vn 0.9353 -0.3009 0.1860
vn 0.9711 -0.1405 -0.1932
vn 0.9901 -0.1405 -0.0000
vn 0.9147 -0.1405 -0.3789
vn 0.8232 -0.1405 -0.5501
vn 0.7001 -0.1405 -0.7001
vn 0.5501 -0.1405 -0.8232
vn 0.3789 -0.1405 -0.9147
vn 0.1932 -0.1405 -0.9711
vn -0.0000 -0.1405 -0.9901
vn -0.1932 -0.1405 -0.9711
vn -0.3789 -0.1405 -0.9147
vn -0.5501 -0.1405 -0.8232
vn -0.7001 -0.1405 -0.7001
vn -0.8232 -0.1405 -0.5501
vn -0.9147 -0.1405 -0.3789
vn -0.9711 -0.1405 -0.1932
vn -0.9901 -0.1405 -0.0000
vn -0.9711 -0.1405 0.1932
vn -0.9147 -0.1405 0.3789
vn -0.8232 -0.1405 0.5501
vn -0.7001 -0.1405 0.7001
vn -0.5501 -0.1405 0.8232
vn -0.3789 -0.1405 0.9147
vn -0.1932 -0.1405 0.9711
vn -0.0000 -0.1405 0.9901
vn 0.1932 -0.1405 0.9711
vn 0.3789 -0.1405 0.9147
vn 0.5501 -0.1405 0.8232
vn 0.7001 -0.1405 0.7001
vn 0.8232 -0.1405 0.5501
vn 0.9147 -0.1405 0.3789
vn 0.9711 -0.1405 0.1932
vn 0.9807 0.0091 -0.1951
vn 1.0000 0.0091 -0.0000
vn 0.9238 0.0091 -0.3827
vn 0.8314 0.0091 -0.5555
vn 0.7071 0.0091 -0.7071
vn 0.5555 0.0091 -0.8314
vn 0.3827 0.0091 -0.9238
vn 0.1951 0.0091 -0.9807
vn -0.0000 0.0091 -1.0000
vn -0.1951 0.0091 -0.9807
vn -0.3827 0.0091 -0.9238
vn -0.5555 0.0091 -0.8314
vn -0.7071 0.0091 -0.7071
vn -0.8314 0.0091 -0.5555
vn -0.9238 0.0091 -0.3827
vn -0.9807 0.0091 -0.1951
vn -1.0000 0.0091 -0.0000
vn -0.9807 0.0091 0.1951
vn -0.9238 0.0091 0.3827
vn -0.8314 0.0091 0.5555
vn -0.7071 0.0091 0.7071
vn -0.5555 0.0091 0.8314
vn -0.3827 0.0091 0.9238
vn -0.1951 0.0091 0.9807
vn -0.0000 0.0091 1.0000
vn 0.1951 0.0091 0.9807
vn 0.3827 0.0091 0.9238
vn 0.5555 0.0091 0.8314
vn 0.7071 0.0091 0.7071
vn 0.8314 0.0091 0.5555
vn 0.9238 0.0091 0.3827
vn 0.9807 0.0091 0.1951
vn 0.9705 0.1446 -0.1930
vn 0.9895 0.1446 -0.0000
vn 0.9142 0.1446 -0.3787
vn 0.8227 0.1446 -0.5497
vn 0.6997 0.1446 -0.6997
vn 0.5497 0.1446 -0.8227
vn 0.3787 0.1446 -0.9142
vn 0.1930 0.1446 -0.9705
vn -0.0000 0.1446 -0.9895
vn -0.1930 0.1446 -0.9705
vn -0.3787 0.1446 -0.9142
vn -0.5497 0.1446 -0.8227
vn -0.6997 0.1446 -0.6997
vn -0.8227 0.1446 -0.5497
vn -0.9142 0.1446 -0.3787
vn -0.9705 0.1446 -0.1930
vn -0.9895 0.1446 -0.0000
vn -0.9705 0.1446 0.1930
vn -0.9142 0.1446 0.3787
vn -0.8227 0.1446 0.5497
vn -0.6997 0.1446 0.6997
vn -0.5497 0.1446 0.8227
vn -0.3787 0.1446 0.9142
vn -0.1930 0.1446 0.9705
vn -0.0000 0.1446 0.9895
vn 0.1930 0.1446 0.9705
vn 0.3787 0.1446 0.9142
vn 0.5497 0.1446 0.8227
vn 0.6997 0.1446 0.6997
vn 0.8227 0.1446 0.5497
vn 0.9142 0.1446 0.3787
vn 0.9705 0.1446 0.1930
vn 0.9428 0.2755 -0.1875
vn 0.9613 0.2755 -0.0000
vn 0.8881 0.2755 -0.3679
vn 0.7993 0.2755 -0.5341
vn 0.6797 0.2755 -0.6797
vn 0.5341 0.2755 -0.7993
vn 0.3679 0.2755 -0.8881
vn 0.1875 0.2755 -0.9428
vn -0.0000 0.2755 -0.9613
vn -0.1875 0.2755 -0.9428
vn -0.3679 0.2755 -0.8881
vn -0.5341 0.2755 -0.7993
vn -0.6797 0.2755 -0.6797
vn -0.7993 0.2755 -0.5341
vn -0.8881 0.2755 -0.3679
vn -0.9428 0.2755 -0.1875
vn -0.9613 0.2755 -0.0000
vn -0.9428 0.2755 0.1875
vn -0.8881 0.2755 0.3679
vn -0.7993 0.2755 0.5341
vn -0.6797 0.2755 0.6797
vn -0.5341 0.2755 0.7993
vn -0.3679 0.2755 0.8881
vn -0.1875 0.2755 0.9428
vn -0.0000 0.2755 0.9613
vn 0.1875 0.2755 0.9428
vn 0.3679 0.2755 0.8881
vn 0.5341 0.2755 0.7993
vn 0.6797 0.2755 0.6797
vn 0.7993 0.2755 0.5341
vn 0.8881 0.2755 0.3679
vn 0.9428 0.2755 0.1875
vn 0.8979 0.4022 -0.1786
vn 0.9155 0.4022 -0.0000
vn 0.8458 0.4022 -0.3504
vn 0.7612 0.4022 -0.5086
vn 0.6474 0.4022 -0.6474
vn 0.5086 0.4022 -0.7612
vn 0.3504 0.4022 -0.8458
vn 0.1786 0.4022 -0.8979
vn -0.0000 0.4022 -0.9155
vn -0.1786 0.4022 -0.8979
vn -0.3504 0.4022 -0.8458
vn -0.5086 0.4022 -0.7612
vn -0.6474 0.4022 -0.6474
vn -0.7612 0.4022 -0.5086
vn -0.8458 0.4022 -0.3504
vn -0.8979 0.4022 -0.1786
vn -0.9155 0.4022 -0.0000
vn -0.8979 0.4022 0.1786
vn -0.8458 0.4022 0.3504
vn -0.7612 0.4022 0.5086
vn -0.6474 0.4022 0.6474
vn -0.5086 0.4022 0.7612
vn -0.3504 0.4022 0.8458
vn -0.1786 0.4022 0.8979
vn -0.0000 0.4022 0.9155
vn 0.1786 0.4022 0.8979
vn 0.3504 0.4022 0.8458
vn 0.5086 0.4022 0.7612
vn 0.6474 0.4022 0.6474
vn 0.7612 0.4022 0.5086
vn 0.8458 0.4022 0.3504
vn 0.8979 0.4022 0.1786
vn 0.8375 0.5205 -0.1666
vn 0.8539 0.5205 -0.0000
vn 0.7889 0.5205 -0.3268
vn 0.7100 0.5205 -0.4744
vn 0.6038 0.5205 -0.6038
vn 0.4744 0.5205 -0.7100
vn 0.3268 0.5205 -0.7889
vn 0.1666 0.5205 -0.8375
vn -0.0000 0.5205 -0.8539
vn -0.1666 0.5205 -0.8375
vn -0.3268 0.5205 -0.7889
vn -0.4744 0.5205 -0.7100
vn -0.6038 0.5205 -0.6038
vn -0.7100 0.5205 -0.4744
vn -0.7889 0.5205 -0.3268
vn -0.8375 0.5205 -0.1666
vn -0.8539 0.5205 -0.0000
vn -0.8375 0.5205 0.1666
vn -0.7889 0.5205 0.3268
vn -0.7100 0.5205 0.4744
vn -0.6038 0.5205 0.6038
vn -0.4744 0.5205 0.7100
vn -0.3268 0.5205 0.7889
vn -0.1666 0.5205 0.8375
vn -0.0000 0.5205 0.8539
vn 0.1666 0.5205 0.8375
vn 0.3268 0.5205 0.7889
vn 0.4744 0.5205 0.7100
vn 0.6038 0.5205 0.6038
vn 0.7100 0.5205 0.4744
vn 0.7889 0.5205 0.3268
vn 0.8375 0.5205 0.1666
vn 0.7638 0.6273 -0.1519
vn 0.7788 0.6273 -0.0000
vn 0.7195 0.6273 -0.2980
vn 0.6475 0.6273 -0.4327
vn 0.5507 0.6273 -0.5507
vn 0.4327 0.6273 -0.6475
vn 0.2980 0.6273 -0.7195
vn 0.1519 0.6273 -0.7638
vn -0.0000 0.6273 -0.7788
vn -0.1519 0.6273 -0.7638
vn -0.2980 0.6273 -0.7195
vn -0.4327 0.6273 -0.6475
vn -0.5507 0.6273 -0.5507
vn -0.6475 0.6273 -0.4327
vn -0.7195 0.6273 -0.2980
vn -0.7638 0.6273 -0.1519
vn -0.7788 0.6273 -0.0000
vn -0.7638 0.6273 0.1519
vn -0.7195 0.6273 0.2980
vn -0.6475 0.6273 0.4327
vn -0.5507 0.6273 0.5507
vn -0.4327 0.6273 0.6475
vn -0.2980 0.6273 0.7195
vn -0.1519 0.6273 0.7638
vn -0.0000 0.6273 0.7788
vn 0.1519 0.6273 0.7638
vn 0.2980 0.6273 0.7195
vn 0.4327 0.6273 0.6475
vn 0.5507 0.6273 0.5507
vn 0.6475 0.6273 0.4327
vn 0.7195 0.6273 0.2980
vn 0.7638 0.6273 0.1519
vn 0.6796 0.7210 -0.1352
vn 0.6929 0.7210 -0.0000
vn 0.6402 0.7210 -0.2652
vn 0.5761 0.7210 -0.3850
vn 0.4900 0.7210 -0.4900
vn 0.3850 0.7210 -0.5761
vn 0.2652 0.7210 -0.6402
vn 0.1352 0.7210 -0.6796
vn -0.0000 0.7210 -0.6929
vn -0.1352 0.7210 -0.6796
vn -0.2652 0.7210 -0.6402
vn -0.3850 0.7210 -0.5761
vn -0.4900 0.7210 -0.4900
vn -0.5761 0.7210 -0.3850
vn -0.6402 0.7210 -0.2652
vn -0.6796 0.7210 -0.1352
vn -0.6929 0.7210 -0.0000
vn -0.6796 0.7210 0.1352
vn -0.6402 0.7210 0.2652
vn -0.5761 0.7210 0.3850
vn -0.4900 0.7210 0.4900
vn -0.3850 0.7210 0.5761
vn -0.2652 0.7210 0.6402
vn -0.1352 0.7210 0.6796
vn -0.0000 0.7210 0.6929
vn 0.1352 0.7210 0.6796
vn 0.2652 0.7210 0.6402
vn 0.3850 0.7210 0.5761
vn 0.4900 0.7210 0.4900
vn 0.5761 0.7210 0.3850
vn 0.6402 0.7210 0.2652
vn 0.6796 0.7210 0.1352
vn 0.5868 0.8013 -0.1167
vn 0.5983 0.8013 -0.0000
vn 0.5528 0.8013 -0.2290
vn 0.4975 0.8013 -0.3324
vn 0.4231 0.8013 -0.4231
vn 0.3324 0.8013 -0.4975
vn 0.2290 0.8013 -0.5528
vn 0.1167 0.8013 -0.5868
vn -0.0000 0.8013 -0.5983
vn -0.1167 0.8013 -0.5868
vn -0.2290 0.8013 -0.5528
vn -0.3324 0.8013 -0.4975
vn -0.4231 0.8013 -0.4231
vn -0.4975 0.8013 -0.3324
vn -0.5528 0.8013 -0.2290
vn -0.5868 0.8013 -0.1167
vn -0.5983 0.8013 -0.0000
vn -0.5868 0.8013 0.1167
vn -0.5528 0.8013 0.2290
vn -0.4975 0.8013 0.3324
vn -0.4231 0.8013 0.4231
vn -0.3324 0.8013 0.4975
vn -0.2290 0.8013 0.5528
vn -0.1167 0.8013 0.5868
vn -0.0000 0.8013 0.5983
vn 0.1167 0.8013 0.5868
vn 0.2290 0.8013 0.5528
vn 0.3324 0.8013 0.4975
vn 0.4231 0.8013 0.4231
vn 0.4975 0.8013 0.3324
vn 0.5528 0.8013 0.2290
vn 0.5868 0.8013 0.1167
vn 0.4867 0.8682 -0.0968
vn 0.4962 0.8682 -0.0000
vn 0.4584 0.8682 -0.1899
vn 0.4126 0.8682 -0.2757
vn 0.3509 0.8682 -0.3509
vn 0.2757 0.8682 -0.4126
vn 0.1899 0.8682 -0.4584
vn 0.0968 0.8682 -0.4867
vn -0.0000 0.8682 -0.4962
vn -0.0968 0.8682 -0.4867
vn -0.1899 0.8682 -0.4584
vn -0.2757 0.8682 -0.4126
vn -0.3509 0.8682 -0.3509
vn -0.4126 0.8682 -0.2757
vn -0.4584 0.8682 -0.1899
vn -0.4867 0.8682 -0.0968
vn -0.4962 0.8682 -0.0000
vn -0.4867 0.8682 0.0968
vn -0.4584 0.8682 0.1899
vn -0.4126 0.8682 0.2757
vn -0.3509 0.8682 0.3509
vn -0.2757 0.8682 0.4126
vn -0.1899 0.8682 0.4584
vn -0.0968 0.8682 0.4867
vn -0.0000 0.8682 0.4962
vn 0.0968 0.8682 0.4867
vn 0.1899 0.8682 0.4584
vn 0.2757 0.8682 0.4126
vn 0.3509 0.8682 0.3509
vn 0.4126 0.8682 0.2757
vn 0.4584 0.8682 0.1899
vn 0.4867 0.8682 0.0968
vn 0.3793 0.9222 -0.0754
vn 0.3867 0.9222 -0.0000
vn 0.3573 0.9222 -0.1480
vn 0.3215 0.9222 -0.2148
vn 0.2734 0.9222 -0.2734
vn 0.2148 0.9222 -0.3215
vn 0.1480 0.9222 -0.3573
vn 0.0754 0.9222 -0.3793
vn -0.0000 0.9222 -0.3867
vn -0.0754 0.9222 -0.3793
vn -0.1480 0.9222 -0.3573
vn -0.2148 0.9222 -0.3215
vn -0.2734 0.9222 -0.2734
vn -0.3215 0.9222 -0.2148
vn -0.3573 0.9222 -0.1480
vn -0.3793 0.9222 -0.0754
vn -0.3867 0.9222 -0.0000
vn -0.3793 0.9222 0.0754
vn -0.3573 0.9222 0.1480
vn -0.3215 0.9222 0.2148
vn -0.2734 0.9222 0.2734
vn -0.2148 0.9222 0.3215
vn -0.1480 0.9222 0.3573
vn -0.0754 0.9222 0.3793
vn -0.0000 0.9222 0.3867
vn 0.0754 0.9222 0.3793
vn 0.1480 0.9222 0.3573
vn 0.2148 0.9222 0.3215
vn 0.2734 0.9222 0.2734
vn 0.3215 0.9222 0.2148
vn 0.3573 0.9222 0.1480
vn 0.3793 0.9222 0.0754
vn 0.2639 0.9631 -0.0525
vn 0.2691 0.9631 -0.0000
vn 0.2486 0.9631 -0.1030
vn 0.2237 0.9631 -0.1495
vn 0.1903 0.9631 -0.1903
vn 0.1495 0.9631 -0.2237
vn 0.1030 0.9631 -0.2486
vn 0.0525 0.9631 -0.2639
vn -0.0000 0.9631 -0.2691
vn -0.0525 0.9631 -0.2639
vn -0.1030 0.9631 -0.2486
vn -0.1495 0.9631 -0.2237
vn -0.1903 0.9631 -0.1903
vn -0.2237 0.9631 -0.1495
vn -0.2486 0.9631 -0.1030
vn -0.2639 0.9631 -0.0525
vn -0.2691 0.9631 -0.0000
vn -0.2639 0.9631 0.0525
vn -0.2486 0.9631 0.1030
vn -0.2237 0.9631 0.1495
vn -0.1903 0.9631 0.1903
vn -0.1495 0.9631 0.2237
vn -0.1030 0.9631 0.2486
vn -0.0525 0.9631 0.2639
vn -0.0000 0.9631 0.2691
vn 0.0525 0.9631 0.2639
vn 0.1030 0.9631 0.2486
vn 0.1495 0.9631 0.2237
vn 0.1903 0.9631 0.1903
vn 0.2237 0.9631 0.1495
vn 0.2486 0.9631 0.1030
vn 0.2639 0.9631 0.0525
vn 0.1390 0.9899 -0.0276
vn 0.1417 0.9899 -0.0000
vn 0.1309 0.9899 -0.0542
vn 0.1178 0.9899 -0.0787
vn 0.1002 0.9899 -0.1002
vn 0.0787 0.9899 -0.1178
vn 0.0542 0.9899 -0.1309
vn 0.0276 0.9899 -0.1390
vn -0.0000 0.9899 -0.1417
vn -0.0276 0.9899 -0.1390
vn -0.0542 0.9899 -0.1309
vn -0.0787 0.9899 -0.1178
vn -0.1002 0.9899 -0.1002
vn -0.1178 0.9899 -0.0787
vn -0.1309 0.9899 -0.0542
vn -0.1390 0.9899 -0.0276
vn -0.1417 0.9899 -0.0000
vn -0.1390 0.9899 0.0276
vn -0.1309 0.9899 0.0542
vn -0.1178 0.9899 0.0787
vn -0.1002 0.9899 0.1002
vn -0.0787 0.9899 0.1178
vn -0.0542 0.9899 0.1309
vn -0.0276 0.9899 0.1390
vn -0.0000 0.9899 0.1417
vn 0.0276 0.9899 0.1390
vn 0.0542 0.9899 0.1309
vn 0.0787 0.9899 0.1178
vn 0.1002 0.9899 0.1002
vn 0.1178 0.9899 0.0787
vn 0.1309 0.9899 0.0542
vn 0.1390 0.9899 0.0276
vn 0.0662 0.9977 -0.0132
vn 0.0675 0.9977 -0.0000
vn 0.0623 0.9977 -0.0258
vn 0.0561 0.9977 -0.0375
vn 0.0477 0.9977 -0.0477
vn 0.0375 0.9977 -0.0561
vn 0.0258 0.9977 -0.0623
vn 0.0132 0.9977 -0.0662
vn -0.0000 0.9977 -0.0675
vn -0.0132 0.9977 -0.0662
vn -0.0258 0.9977 -0.0623
vn -0.0375 0.9977 -0.0561
vn -0.0477 0.9977 -0.0477
vn -0.0561 0.9977 -0.0375
vn -0.0623 0.9977 -0.0258
vn -0.0662 0.9977 -0.0132
vn -0.0675 0.9977 -0.0000
vn -0.0662 0.9977 0.0132
vn -0.0623 0.9977 0.0258
vn -0.0561 0.9977 0.0375
vn -0.0477 0.9977 0.0477
vn -0.0375 0.9977 0.0561
vn -0.0258 0.9977 0.0623
vn -0.0132 0.9977 0.0662
vn -0.0000 0.9977 0.0675
vn 0.0132 0.9977 0.0662
vn 0.0258 0.9977 0.0623
vn 0.0375 0.9977 0.0561
vn 0.0477 0.9977 0.0477
vn 0.0561 0.9977 0.0375
vn 0.0623 0.9977 0.0258
vn 0.0662 0.9977 0.0132
vn -0.0000 1.0000 -0.0000
vn -0.0980 -0.0000 0.9952
vn -0.2903 -0.0000 0.9569
vn -0.4714 -0.0000 0.8819
vn -0.6344 -0.0000 0.7730
vn -0.7730 -0.0000 0.6344
vn -0.8819 -0.0000 0.4714
vn -0.9569 -0.0000 0.2903
vn -0.9952 -0.0000 0.0980
vn -0.9952 -0.0000 -0.0980
vn -0.9569 -0.0000 -0.2903
vn -0.8819 -0.0000 -0.4714
vn -0.7730 -0.0000 -0.6344
vn -0.6344 -0.0000 -0.7730
vn -0.4714 -0.0000 -0.8819
vn -0.2903 -0.0000 -0.9569
vn -0.0980 -0.0000 -0.9952
vn 0.0980 -0.0000 -0.9952
vn 0.2903 -0.0000 -0.9569
vn 0.4714 -0.0000 -0.8819
vn 0.6344 -0.0000 -0.7730
vn 0.7730 -0.0000 -0.6344
vn 0.8819 -0.0000 -0.4714
vn 0.9569 -0.0000 -0.2903
vn 0.9952 -0.0000 -0.0980
vn 0.9952 -0.0000 0.0980
vn 0.9569 -0.0000 0.2903
vn 0.8819 -0.0000 0.4714
vn 0.7730 -0.0000 0.6344
vn 0.6344 -0.0000 0.7730
vn 0.4714 -0.0000 0.8819
vn -0.0000 -1.0000 -0.0000
vn 0.2903 -0.0000 0.9569
vn 0.0980 -0.0000 0.9952
vt 0.000000 0.000000
vt 0.031250 0.000000
vt 0.031250 0.000048
vt 0.000000 0.000048
vt 0.062500 0.000000
vt 0.062500 0.000048
vt 0.093750 0.000000
vt 0.093750 0.000048
vt 0.125000 0.000000
vt 0.125000 0.000048
vt 0.156250 0.000000
vt 0.156250 0.000048
vt 0.187500 0.000000
vt 0.187500 0.000048
vt 0.218750 0.000000
vt 0.218750 0.000048
vt 0.250000 0.000000
vt 0.250000 0.000048
vt 0.281250 0.000000
vt 0.281250 0.000048
vt 0.312500 0.000000
vt 0.312500 0.000048
vt 0.343750 0.000000
vt 0.343750 0.000048
vt 0.375000 0.000000
vt 0.375000 0.000048
vt 0.406250 0.000000
vt 0.406250 0.000048
vt 0.437500 0.000000
vt 0.437500 0.000048
vt 0.468750 0.000000
vt 0.468750 0.000048
vt 0.500000 0.000000
vt 0.500000 0.000048
vt 0.531250 0.000000
vt 0.531250 0.000048
vt 0.562500 0.000000
vt 0.562500 0.000048
vt 0.593750 0.000000
vt 0.593750 0.000048
vt 0.625000 0.000000
vt 0.625000 0.000048
vt 0.656250 0.000000
vt 0.656250 0.000048
vt 0.687500 0.000000
vt 0.687500 0.000048
vt 0.718750 0.000000
vt 0.718750 0.000048
vt 0.750000 0.000000
vt 0.750000 0.000048
vt 0.781250 0.000000
vt 0.781250 0.000048
vt 0.812500 0.000000
vt 0.812500 0.000048
vt 0.843750 0.000000
vt 0.843750 0.000048
vt 0.875000 0.000000
vt 0.875000 0.000048
vt 0.906250 0.000000
vt 0.906250 0.000048
vt 0.937500 0.000000
vt 0.937500 0.000048
vt 0.968750 0.000000
vt 0.968750 0.000048
vt 1.000000 0.000000
vt 1.000000 0.000048
vt 0.031250 0.000182
vt 0.000000 0.000182
vt 0.062500 0.000182
vt 0.093750 0.000182
vt 0.125000 0.000182
vt 0.156250 0.000182
vt 0.187500 0.000182
vt 0.218750 0.000182
vt 0.250000 0.000182
vt 0.281250 0.000182
vt 0.312500 0.000182
vt 0.343750 0.000182
vt 0.375000 0.000182
vt 0.406250 0.000182
vt 0.437500 0.000182
vt 0.468750 0.000182
vt 0.500000 0.000182
vt 0.531250 0.000182
vt 0.562500 0.000182
vt 0.593750 0.000182
vt 0.625000 0.000182
vt 0.656250 0.000182
vt 0.687500 0.000182
vt 0.718750 0.000182
vt 0.750000 0.000182
vt 0.781250 0.000182
vt 0.812500 0.000182
vt 0.843750 0.000182
vt 0.875000 0.000182
vt 0.906250 0.000182
vt 0.937500 0.000182
vt 0.968750 0.000182
vt 1.000000 0.000182
vt 0.031250 0.002454
vt 0.000000 0.002454
vt 0.062500 0.002454
vt 0.093750 0.002454
vt 0.125000 0.002454
vt 0.156250 0.002454
vt 0.187500 0.002454
vt 0.218750 0.002454
vt 0.250000 0.002454
vt 0.281250 0.002454
vt 0.312500 0.002454
vt 0.343750 0.002454
vt 0.375000 0.002454
vt 0.406250 0.002454
vt 0.437500 0.002454
vt 0.468750 0.002454
vt 0.500000 0.002454
vt 0.531250 0.002454
vt 0.562500 0.002454
vt 0.593750 0.002454
vt 0.625000 0.002454
vt 0.656250 0.002454
vt 0.687500 0.002454
vt 0.718750 0.002454
vt 0.750000 0.002454
vt 0.781250 0.002454
vt 0.812500 0.002454
vt 0.843750 0.002454
vt 0.875000 0.002454
vt 0.906250 0.002454
vt 0.937500 0.002454
vt 0.968750 0.002454
vt 1.000000 0.002454
vt 0.031250 0.002644
vt 0.000000 0.002644
vt 0.062500 0.002644
vt 0.093750 0.002644
vt 0.125000 0.002644
vt 0.156250 0.002644
vt 0.187500 0.002644
vt 0.218750 0.002644
vt 0.250000 0.002644
vt 0.281250 0.002644
vt 0.312500 0.002644
vt 0.343750 0.002644
vt 0.375000 0.002644
vt 0.406250 0.002644
vt 0.437500 0.002644
vt 0.468750 0.002644
vt 0.500000 0.002644
vt 0.531250 0.002644
vt 0.562500 0.002644
vt 0.593750 0.002644
vt 0.625000 0.002644
vt 0.656250 0.002644
vt 0.687500 0.002644
vt 0.718750 0.002644
vt 0.750000 0.002644
vt 0.781250 0.002644
vt 0.812500 0.002644
vt 0.843750 0.002644
vt 0.875000 0.002644
vt 0.906250 0.002644
vt 0.937500 0.002644
vt 0.968750 0.002644
vt 1.000000 0.002644
vt 0.031250 0.003187
vt 0.000000 0.003187
vt 0.062500 0.003187
vt 0.093750 0.003187
vt 0.125000 0.003187
vt 0.156250 0.003187
vt 0.187500 0.003187
vt 0.218750 0.003187
vt 0.250000 0.003187
vt 0.281250 0.003187
vt 0.312500 0.003187
vt 0.343750 0.003187
vt 0.375000 0.003187
vt 0.406250 0.003187
vt 0.437500 0.003187
vt 0.468750 0.003187
vt 0.500000 0.003187
vt 0.531250 0.003187
vt 0.562500 0.003187
vt 0.593750 0.003187
vt 0.625000 0.003187
vt 0.656250 0.003187
vt 0.687500 0.003187
vt 0.718750 0.003187
vt 0.750000 0.003187
vt 0.781250 0.003187
vt 0.812500 0.003187
vt 0.843750 0.003187
vt 0.875000 0.003187
vt 0.906250 0.003187
vt 0.937500 0.003187
vt 0.968750 0.003187
vt 1.000000 0.003187
vt 0.031250 0.004041
vt 0.000000 0.004041
vt 0.062500 0.004041
vt 0.093750 0.004041
vt 0.125000 0.004041
vt 0.156250 0.004041
vt 0.187500 0.004041
vt 0.218750 0.004041
vt 0.250000 0.004041
vt 0.281250 0.004041
vt 0.312500 0.004041
vt 0.343750 0.004041
vt 0.375000 0.004041
vt 0.406250 0.004041
vt 0.437500 0.004041
vt 0.468750 0.004041
vt 0.500000 0.004041
vt 0.531250 0.004041
vt 0.562500 0.004041
vt 0.593750 0.004041
vt 0.625000 0.004041
vt 0.656250 0.004041
vt 0.687500 0.004041
vt 0.718750 0.004041
vt 0.750000 0.004041
vt 0.781250 0.004041
vt 0.812500 0.004041
vt 0.843750 0.004041
vt 0.875000 0.004041
vt 0.906250 0.004041
vt 0.937500 0.004041
vt 0.968750 0.004041
vt 1.000000 0.004041
vt 0.031250 0.005162
vt 0.000000 0.005162
vt 0.062500 0.005162
vt 0.093750 0.005162
vt 0.125000 0.005162
vt 0.156250 0.005162
vt 0.187500 0.005162
vt 0.218750 0.005162
vt 0.250000 0.005162
vt 0.281250 0.005162
vt 0.312500 0.005162
vt 0.343750 0.005162
vt 0.375000 0.005162
vt 0.406250 0.005162
vt 0.437500 0.005162
vt 0.468750 0.005162
vt 0.500000 0.005162
vt 0.531250 0.005162
vt 0.562500 0.005162
vt 0.593750 0.005162
vt 0.625000 0.005162
vt 0.656250 0.005162
vt 0.687500 0.005162
vt 0.718750 0.005162
vt 0.750000 0.005162
vt 0.781250 0.005162
vt 0.812500 0.005162
vt 0.843750 0.005162
vt 0.875000 0.005162
vt 0.906250 0.005162
vt 0.937500 0.005162
vt 0.968750 0.005162
vt 1.000000 0.005162
vt 0.031250 0.006508
vt 0.000000 0.006508
vt 0.062500 0.006508
vt 0.093750 0.006508
vt 0.125000 0.006508
vt 0.156250 0.006508
vt 0.187500 0.006508
vt 0.218750 0.006508
vt 0.250000 0.006508
vt 0.281250 0.006508
vt 0.312500 0.006508
vt 0.343750 0.006508
vt 0.375000 0.006508
vt 0.406250 0.006508
vt 0.437500 0.006508
vt 0.468750 0.006508
vt 0.500000 0.006508
vt 0.531250 0.006508
vt 0.562500 0.006508
vt 0.593750 0.006508
vt 0.625000 0.006508
vt 0.656250 0.006508
vt 0.687500 0.006508
vt 0.718750 0.006508
vt 0.750000 0.006508
vt 0.781250 0.006508
vt 0.812500 0.006508
vt 0.843750 0.006508
vt 0.875000 0.006508
vt 0.906250 0.006508
vt 0.937500 0.006508
vt 0.968750 0.006508
vt 1.000000 0.006508
vt 0.031250 0.008037
vt 0.000000 0.008037
vt 0.062500 0.008037
vt 0.093750 0.008037
vt 0.125000 0.008037
vt 0.156250 0.008037
vt 0.187500 0.008037
vt 0.218750 0.008037
vt 0.250000 0.008037
vt 0.281250 0.008037
vt 0.312500 0.008037
vt 0.343750 0.008037
vt 0.375000 0.008037
vt 0.406250 0.008037
vt 0.437500 0.008037
vt 0.468750 0.008037
vt 0.500000 0.008037
vt 0.531250 0.008037
vt 0.562500 0.008037
vt 0.593750 0.008037
vt 0.625000 0.008037
vt 0.656250 0.008037
vt 0.687500 0.008037
vt 0.718750 0.008037
vt 0.750000 0.008037
vt 0.781250 0.008037
vt 0.812500 0.008037
vt 0.843750 0.008037
vt 0.875000 0.008037
vt 0.906250 0.008037
vt 0.937500 0.008037
vt 0.968750 0.008037
vt 1.000000 0.008037
vt 0.031250 0.009705
vt 0.000000 0.009705
vt 0.062500 0.009705
vt 0.093750 0.009705
vt 0.125000 0.009705
vt 0.156250 0.009705
vt 0.187500 0.009705
vt 0.218750 0.009705
vt 0.250000 0.009705
vt 0.281250 0.009705
vt 0.312500 0.009705
vt 0.343750 0.009705
vt 0.375000 0.009705
vt 0.406250 0.009705
vt 0.437500 0.009705
vt 0.468750 0.009705
vt 0.500000 0.009705
vt 0.531250 0.009705
vt 0.562500 0.009705
vt 0.593750 0.009705
vt 0.625000 0.009705
vt 0.656250 0.009705
vt 0.687500 0.009705
vt 0.718750 0.009705
vt 0.750000 0.009705
vt 0.781250 0.009705
vt 0.812500 0.009705
vt 0.843750 0.009705
vt 0.875000 0.009705
vt 0.906250 0.009705
vt 0.937500 0.009705
vt 0.968750 0.009705
vt 1.000000 0.009705
vt 0.031250 0.011471
vt 0.000000 0.011471
vt 0.062500 0.011471
vt 0.093750 0.011471
vt 0.125000 0.011471
vt 0.156250 0.011471
vt 0.187500 0.011471
vt 0.218750 0.011471
vt 0.250000 0.011471
vt 0.281250 0.011471
vt 0.312500 0.011471
vt 0.343750 0.011471
vt 0.375000 0.011471
vt 0.406250 0.011471
vt 0.437500 0.011471
vt 0.468750 0.011471
vt 0.500000 0.011471
vt 0.531250 0.011471
vt 0.562500 0.011471
vt 0.593750 0.011471
vt 0.625000 0.011471
vt 0.656250 0.011471
vt 0.687500 0.011471
vt 0.718750 0.011471
vt 0.750000 0.011471
vt 0.781250 0.011471
vt 0.812500 0.011471
vt 0.843750 0.011471
vt 0.875000 0.011471
vt 0.906250 0.011471
vt 0.937500 0.011471
vt 0.968750 0.011471
vt 1.000000 0.011471
vt 0.031250 0.013291
vt 0.000000 0.013291
vt 0.062500 0.013291
vt 0.093750 0.013291
vt 0.125000 0.013291
vt 0.156250 0.013291
vt 0.187500 0.013291
vt 0.218750 0.013291
vt 0.250000 0.013291
vt 0.281250 0.013291
vt 0.312500 0.013291
vt 0.343750 0.013291
vt 0.375000 0.013291
vt 0.406250 0.013291
vt 0.437500 0.013291
vt 0.468750 0.013291
vt 0.500000 0.013291
vt 0.531250 0.013291
vt 0.562500 0.013291
vt 0.593750 0.013291
vt 0.625000 0.013291
vt 0.656250 0.013291
vt 0.687500 0.013291
vt 0.718750 0.013291
vt 0.750000 0.013291
vt 0.781250 0.013291
vt 0.812500 0.013291
vt 0.843750 0.013291
vt 0.875000 0.013291
vt 0.906250 0.013291
vt 0.937500 0.013291
vt 0.968750 0.013291
vt 1.000000 0.013291
vt 0.031250 0.015124
vt 0.000000 0.015124
vt 0.062500 0.015124
vt 0.093750 0.015124
vt 0.125000 0.015124
vt 0.156250 0.015124
vt 0.187500 0.015124
vt 0.218750 0.015124
vt 0.250000 0.015124
vt 0.281250 0.015124
vt 0.312500 0.015124
vt 0.343750 0.015124
vt 0.375000 0.015124
vt 0.406250 0.015124
vt 0.437500 0.015124
vt 0.468750 0.015124
vt 0.500000 0.015124
vt 0.531250 0.015124
vt 0.562500 0.015124
vt 0.593750 0.015124
vt 0.625000 0.015124
vt 0.656250 0.015124
vt 0.687500 0.015124
vt 0.718750 0.015124
vt 0.750000 0.015124
vt 0.781250 0.015124
vt 0.812500 0.015124
vt 0.843750 0.015124
vt 0.875000 0.015124
vt 0.906250 0.015124
vt 0.937500 0.015124
vt 0.968750 0.015124
vt 1.000000 0.015124
vt 0.031250 0.016926
vt 0.000000 0.016926
vt 0.062500 0.016926
vt 0.093750 0.016926
vt 0.125000 0.016926
vt 0.156250 0.016926
vt 0.187500 0.016926
vt 0.218750 0.016926
vt 0.250000 0.016926
vt 0.281250 0.016926
vt 0.312500 0.016926
vt 0.343750 0.016926
vt 0.375000 0.016926
vt 0.406250 0.016926
vt 0.437500 0.016926
vt 0.468750 0.016926
vt 0.500000 0.016926
vt 0.531250 0.016926
vt 0.562500 0.016926
vt 0.593750 0.016926
vt 0.625000 0.016926
vt 0.656250 0.016926
vt 0.687500 0.016926
vt 0.718750 0.016926
vt 0.750000 0.016926
vt 0.781250 0.016926
vt 0.812500 0.016926
vt 0.843750 0.016926
vt 0.875000 0.016926
vt 0.906250 0.016926
vt 0.937500 0.016926
vt 0.968750 0.016926
vt 1.000000 0.016926
vt 0.031250 0.044595
vt 0.000000 0.044595
vt 0.062500 0.044595
vt 0.093750 0.044595
vt 0.125000 0.044595
vt 0.156250 0.044595
vt 0.187500 0.044595
vt 0.218750 0.044595
vt 0.250000 0.044595
vt 0.281250 0.044595
vt 0.312500 0.044595
vt 0.343750 0.044595
vt 0.375000 0.044595
vt 0.406250 0.044595
vt 0.437500 0.044595
vt 0.468750 0.044595
vt 0.500000 0.044595
vt 0.531250 0.044595
vt 0.562500 0.044595
vt 0.593750 0.044595
vt 0.625000 0.044595
vt 0.656250 0.044595
vt 0.687500 0.044595
vt 0.718750 0.044595
vt 0.750000 0.044595
vt 0.781250 0.044595
vt 0.812500 0.044595
vt 0.843750 0.044595
vt 0.875000 0.044595
vt 0.906250 0.044595
vt 0.937500 0.044595
vt 0.968750 0.044595
vt 1.000000 0.044595
vt 0.031250 0.046619
vt 0.000000 0.046619
vt 0.062500 0.046619
vt 0.093750 0.046619
vt 0.125000 0.046619
vt 0.156250 0.046619
vt 0.187500 0.046619
vt 0.218750 0.046619
vt 0.250000 0.046619
vt 0.281250 0.046619
vt 0.312500 0.046619
vt 0.343750 0.046619
vt 0.375000 0.046619
vt 0.406250 0.046619
vt 0.437500 0.046619
vt 0.468750 0.046619
vt 0.500000 0.046619
vt 0.531250 0.046619
vt 0.562500 0.046619
vt 0.593750 0.046619
vt 0.625000 0.046619
vt 0.656250 0.046619
vt 0.687500 0.046619
vt 0.718750 0.046619
vt 0.750000 0.046619
vt 0.781250 0.046619
vt 0.812500 0.046619
vt 0.843750 0.046619
vt 0.875000 0.046619
vt 0.906250 0.046619
vt 0.937500 0.046619
vt 0.968750 0.046619
vt 1.000000 0.046619
vt 0.031250 0.050082
vt 0.000000 0.050082
vt 0.062500 0.050082
vt 0.093750 0.050082
vt 0.125000 0.050082
vt 0.156250 0.050082
vt 0.187500 0.050082
vt 0.218750 0.050082
vt 0.250000 0.050082
vt 0.281250 0.050082
vt 0.312500 0.050082
vt 0.343750 0.050082
vt 0.375000 0.050082
vt 0.406250 0.050082
vt 0.437500 0.050082
vt 0.468750 0.050082
vt 0.500000 0.050082
vt 0.531250 0.050082
vt 0.562500 0.050082
vt 0.593750 0.050082
vt 0.625000 0.050082
vt 0.656250 0.050082
vt 0.687500 0.050082
vt 0.718750 0.050082
vt 0.750000 0.050082
vt 0.781250 0.050082
vt 0.812500 0.050082
vt 0.843750 0.050082
vt 0.875000 0.050082
vt 0.906250 0.050082
vt 0.937500 0.050082
vt 0.968750 0.050082
vt 1.000000 0.050082
vt 0.031250 0.052730
vt 0.000000 0.052730
vt 0.062500 0.052730
vt 0.093750 0.052730
vt 0.125000 0.052730
vt 0.156250 0.052730
vt 0.187500 0.052730
vt 0.218750 0.052730
vt 0.250000 0.052730
vt 0.281250 0.052730
vt 0.312500 0.052730
vt 0.343750 0.052730
vt 0.375000 0.052730
vt 0.406250 0.052730
vt 0.437500 0.052730
vt 0.468750 0.052730
vt 0.500000 0.052730
vt 0.531250 0.052730
vt 0.562500 0.052730
vt 0.593750 0.052730
vt 0.625000 0.052730
vt 0.656250 0.052730
vt 0.687500 0.052730
vt 0.718750 0.052730
vt 0.750000 0.052730
vt 0.781250 0.052730
vt 0.812500 0.052730
vt 0.843750 0.052730
vt 0.875000 0.052730
vt 0.906250 0.052730
vt 0.937500 0.052730
vt 0.968750 0.052730
vt 1.000000 0.052730
vt 0.031250 0.054708
vt 0.000000 0.054708
vt 0.062500 0.054708
vt 0.093750 0.054708
vt 0.125000 0.054708
vt 0.156250 0.054708
vt 0.187500 0.054708
vt 0.218750 0.054708
vt 0.250000 0.054708
vt 0.281250 0.054708
vt 0.312500 0.054708
vt 0.343750 0.054708
vt 0.375000 0.054708
vt 0.406250 0.054708
vt 0.437500 0.054708
vt 0.468750 0.054708
vt 0.500000 0.054708
vt 0.531250 0.054708
vt 0.562500 0.054708
vt 0.593750 0.054708
vt 0.625000 0.054708
vt 0.656250 0.054708
vt 0.687500 0.054708
vt 0.718750 0.054708
vt 0.750000 0.054708
vt 0.781250 0.054708
vt 0.812500 0.054708
vt 0.843750 0.054708
vt 0.875000 0.054708
vt 0.906250 0.054708
vt 0.937500 0.054708
vt 0.968750 0.054708
vt 1.000000 0.054708
vt 0.031250 0.056159
vt 0.000000 0.056159
vt 0.062500 0.056159
vt 0.093750 0.056159
vt 0.125000 0.056159
vt 0.156250 0.056159
vt 0.187500 0.056159
vt 0.218750 0.056159
vt 0.250000 0.056159
vt 0.281250 0.056159
vt 0.312500 0.056159
vt 0.343750 0.056159
vt 0.375000 0.056159
vt 0.406250 0.056159
vt 0.437500 0.056159
vt 0.468750 0.056159
vt 0.500000 0.056159
vt 0.531250 0.056159
vt 0.562500 0.056159
vt 0.593750 0.056159
vt 0.625000 0.056159
vt 0.656250 0.056159
vt 0.687500 0.056159
vt 0.718750 0.056159
vt 0.750000 0.056159
vt 0.781250 0.056159
vt 0.812500 0.056159
vt 0.843750 0.056159
vt 0.875000 0.056159
vt 0.906250 0.056159
vt 0.937500 0.056159
vt 0.968750 0.056159
vt 1.000000 0.056159
vt 0.031250 0.057229
vt 0.000000 0.057229
vt 0.062500 0.057229
vt 0.093750 0.057229
vt 0.125000 0.057229
vt 0.156250 0.057229
vt 0.187500 0.057229
vt 0.218750 0.057229
vt 0.250000 0.057229
vt 0.281250 0.057229
vt 0.312500 0.057229
vt 0.343750 0.057229
vt 0.375000 0.057229
vt 0.406250 0.057229
vt 0.437500 0.057229
vt 0.468750 0.057229
vt 0.500000 0.057229
vt 0.531250 0.057229
vt 0.562500 0.057229
vt 0.593750 0.057229
vt 0.625000 0.057229
vt 0.656250 0.057229
vt 0.687500 0.057229
vt 0.718750 0.057229
vt 0.750000 0.057229
vt 0.781250 0.057229
vt 0.812500 0.057229
vt 0.843750 0.057229
vt 0.875000 0.057229
vt 0.906250 0.057229
vt 0.937500 0.057229
vt 0.968750 0.057229
vt 1.000000 0.057229
vt 0.031250 0.058064
vt 0.000000 0.058064
vt 0.062500 0.058064
vt 0.093750 0.058064
vt 0.125000 0.058064
vt 0.156250 0.058064
vt 0.187500 0.058064
vt 0.218750 0.058064
vt 0.250000 0.058064
vt 0.281250 0.058064
vt 0.312500 0.058064
vt 0.343750 0.058064
vt 0.375000 0.058064
vt 0.406250 0.058064
vt 0.437500 0.058064
vt 0.468750 0.058064
vt 0.500000 0.058064
vt 0.531250 0.058064
vt 0.562500 0.058064
vt 0.593750 0.058064
vt 0.625000 0.058064
vt 0.656250 0.058064
vt 0.687500 0.058064
vt 0.718750 0.058064
vt 0.750000 0.058064
vt 0.781250 0.058064
vt 0.812500 0.058064
vt 0.843750 0.058064
vt 0.875000 0.058064
vt 0.906250 0.058064
vt 0.937500 0.058064
vt 0.968750 0.058064
vt 1.000000 0.058064
vt 0.031250 0.058808
vt 0.000000 0.058808
vt 0.062500 0.058808
vt 0.093750 0.058808
vt 0.125000 0.058808
vt 0.156250 0.058808
vt 0.187500 0.058808
vt 0.218750 0.058808
vt 0.250000 0.058808
vt 0.281250 0.058808
vt 0.312500 0.058808
vt 0.343750 0.058808
vt 0.375000 0.058808
vt 0.406250 0.058808
vt 0.437500 0.058808
vt 0.468750 0.058808
vt 0.500000 0.058808
vt 0.531250 0.058808
vt 0.562500 0.058808
vt 0.593750 0.058808
vt 0.625000 0.058808
vt 0.656250 0.058808
vt 0.687500 0.058808
vt 0.718750 0.058808
vt 0.750000 0.058808
vt 0.781250 0.058808
vt 0.812500 0.058808
vt 0.843750 0.058808
vt 0.875000 0.058808
vt 0.906250 0.058808
vt 0.937500 0.058808
vt 0.968750 0.058808
vt 1.000000 0.058808
vt 0.031250 0.059607
vt 0.000000 0.059607
vt 0.062500 0.059607
vt 0.093750 0.059607
vt 0.125000 0.059607
vt 0.156250 0.059607
vt 0.187500 0.059607
vt 0.218750 0.059607
vt 0.250000 0.059607
vt 0.281250 0.059607
vt 0.312500 0.059607
vt 0.343750 0.059607
vt 0.375000 0.059607
vt 0.406250 0.059607
vt 0.437500 0.059607
vt 0.468750 0.059607
vt 0.500000 0.059607
vt 0.531250 0.059607
vt 0.562500 0.059607
vt 0.593750 0.059607
vt 0.625000 0.059607
vt 0.656250 0.059607
vt 0.687500 0.059607
vt 0.718750 0.059607
vt 0.750000 0.059607
vt 0.781250 0.059607
vt 0.812500 0.059607
vt 0.843750 0.059607
vt 0.875000 0.059607
vt 0.906250 0.059607
vt 0.937500 0.059607
vt 0.968750 0.059607
vt 1.000000 0.059607
vt 0.031250 0.060605
vt 0.000000 0.060605
vt 0.062500 0.060605
vt 0.093750 0.060605
vt 0.125000 0.060605
vt 0.156250 0.060605
vt 0.187500 0.060605
vt 0.218750 0.060605
vt 0.250000 0.060605
vt 0.281250 0.060605
vt 0.312500 0.060605
vt 0.343750 0.060605
vt 0.375000 0.060605
vt 0.406250 0.060605
vt 0.437500 0.060605
vt 0.468750 0.060605
vt 0.500000 0.060605
vt 0.531250 0.060605
vt 0.562500 0.060605
vt 0.593750 0.060605
vt 0.625000 0.060605
vt 0.656250 0.060605
vt 0.687500 0.060605
vt 0.718750 0.060605
vt 0.750000 0.060605
vt 0.781250 0.060605
vt 0.812500 0.060605
vt 0.843750 0.060605
vt 0.875000 0.060605
vt 0.906250 0.060605
vt 0.937500 0.060605
vt 0.968750 0.060605
vt 1.000000 0.060605
vt 0.031250 0.061948
vt 0.000000 0.061948
vt 0.062500 0.061948
vt 0.093750 0.061948
vt 0.125000 0.061948
vt 0.156250 0.061948
vt 0.187500 0.061948
vt 0.218750 0.061948
vt 0.250000 0.061948
vt 0.281250 0.061948
vt 0.312500 0.061948
vt 0.343750 0.061948
vt 0.375000 0.061948
vt 0.406250 0.061948
vt 0.437500 0.061948
vt 0.468750 0.061948
vt 0.500000 0.061948
vt 0.531250 0.061948
vt 0.562500 0.061948
vt 0.593750 0.061948
vt 0.625000 0.061948
vt 0.656250 0.061948
vt 0.687500 0.061948
vt 0.718750 0.061948
vt 0.750000 0.061948
vt 0.781250 0.061948
vt 0.812500 0.061948
vt 0.843750 0.061948
vt 0.875000 0.061948
vt 0.906250 0.061948
vt 0.937500 0.061948
vt 0.968750 0.061948
vt 1.000000 0.061948
vt 0.031250 0.063780
vt 0.000000 0.063780
vt 0.062500 0.063780
vt 0.093750 0.063780
vt 0.125000 0.063780
vt 0.156250 0.063780
vt 0.187500 0.063780
vt 0.218750 0.063780
vt 0.250000 0.063780
vt 0.281250 0.063780
vt 0.312500 0.063780
vt 0.343750 0.063780
vt 0.375000 0.063780
vt 0.406250 0.063780
vt 0.437500 0.063780
vt 0.468750 0.063780
vt 0.500000 0.063780
vt 0.531250 0.063780
vt 0.562500 0.063780
vt 0.593750 0.063780
vt 0.625000 0.063780
vt 0.656250 0.063780
vt 0.687500 0.063780
vt 0.718750 0.063780
vt 0.750000 0.063780
vt 0.781250 0.063780
vt 0.812500 0.063780
vt 0.843750 0.063780
vt 0.875000 0.063780
vt 0.906250 0.063780
vt 0.937500 0.063780
vt 0.968750 0.063780
vt 1.000000 0.063780
vt 0.031250 0.066247
vt 0.000000 0.066247
vt 0.062500 0.066247
vt 0.093750 0.066247
vt 0.125000 0.066247
vt 0.156250 0.066247
vt 0.187500 0.066247
vt 0.218750 0.066247
vt 0.250000 0.066247
vt 0.281250 0.066247
vt 0.312500 0.066247
vt 0.343750 0.066247
vt 0.375000 0.066247
vt 0.406250 0.066247
vt 0.437500 0.066247
vt 0.468750 0.066247
vt 0.500000 0.066247
vt 0.531250 0.066247
vt 0.562500 0.066247
vt 0.593750 0.066247
vt 0.625000 0.066247
vt 0.656250 0.066247
vt 0.687500 0.066247
vt 0.718750 0.066247
vt 0.750000 0.066247
vt 0.781250 0.066247
vt 0.812500 0.066247
vt 0.843750 0.066247
vt 0.875000 0.066247
vt 0.906250 0.066247
vt 0.937500 0.066247
vt 0.968750 0.066247
vt 1.000000 0.066247
vt 0.031250 0.068827
vt 0.000000 0.068827
vt 0.062500 0.068827
vt 0.093750 0.068827
vt 0.125000 0.068827
vt 0.156250 0.068827
vt 0.187500 0.068827
vt 0.218750 0.068827
vt 0.250000 0.068827
vt 0.281250 0.068827
vt 0.312500 0.068827
vt 0.343750 0.068827
vt 0.375000 0.068827
vt 0.406250 0.068827
vt 0.437500 0.068827
vt 0.468750 0.068827
vt 0.500000 0.068827
vt 0.531250 0.068827
vt 0.562500 0.068827
vt 0.593750 0.068827
vt 0.625000 0.068827
vt 0.656250 0.068827
vt 0.687500 0.068827
vt 0.718750 0.068827
vt 0.750000 0.068827
vt 0.781250 0.068827
vt 0.812500 0.068827
vt 0.843750 0.068827
vt 0.875000 0.068827
vt 0.906250 0.068827
vt 0.937500 0.068827
vt 0.968750 0.068827
vt 1.000000 0.068827
vt 0.031250 0.071031
vt 0.000000 0.071031
vt 0.062500 0.071031
vt 0.093750 0.071031
vt 0.125000 0.071031
vt 0.156250 0.071031
vt 0.187500 0.071031
vt 0.218750 0.071031
vt 0.250000 0.071031
vt 0.281250 0.071031
vt 0.312500 0.071031
vt 0.343750 0.071031
vt 0.375000 0.071031
vt 0.406250 0.071031
vt 0.437500 0.071031
vt 0.468750 0.071031
vt 0.500000 0.071031
vt 0.531250 0.071031
vt 0.562500 0.071031
vt 0.593750 0.071031
vt 0.625000 0.071031
vt 0.656250 0.071031
vt 0.687500 0.071031
vt 0.718750 0.071031
vt 0.750000 0.071031
vt 0.781250 0.071031
vt 0.812500 0.071031
vt 0.843750 0.071031
vt 0.875000 0.071031
vt 0.906250 0.071031
vt 0.937500 0.071031
vt 0.968750 0.071031
vt 1.000000 0.071031
vt 0.031250 0.073053
vt 0.000000 0.073053
vt 0.062500 0.073053
vt 0.093750 0.073053
vt 0.125000 0.073053
vt 0.156250 0.073053
vt 0.187500 0.073053
vt 0.218750 0.073053
vt 0.250000 0.073053
vt 0.281250 0.073053
vt 0.312500 0.073053
vt 0.343750 0.073053
vt 0.375000 0.073053
vt 0.406250 0.073053
vt 0.437500 0.073053
vt 0.468750 0.073053
vt 0.500000 0.073053
vt 0.531250 0.073053
vt 0.562500 0.073053
vt 0.593750 0.073053
vt 0.625000 0.073053
vt 0.656250 0.073053
vt 0.687500 0.073053
vt 0.718750 0.073053
vt 0.750000 0.073053
vt 0.781250 0.073053
vt 0.812500 0.073053
vt 0.843750 0.073053
vt 0.875000 0.073053
vt 0.906250 0.073053
vt 0.937500 0.073053
vt 0.968750 0.073053
vt 1.000000 0.073053
vt 0.031250 0.075088
vt 0.000000 0.075088
vt 0.062500 0.075088
vt 0.093750 0.075088
vt 0.125000 0.075088
vt 0.156250 0.075088
vt 0.187500 0.075088
vt 0.218750 0.075088
vt 0.250000 0.075088
vt 0.281250 0.075088
vt 0.312500 0.075088
vt 0.343750 0.075088
vt 0.375000 0.075088
vt 0.406250 0.075088
vt 0.437500 0.075088
vt 0.468750 0.075088
vt 0.500000 0.075088
vt 0.531250 0.075088
vt 0.562500 0.075088
vt 0.593750 0.075088
vt 0.625000 0.075088
vt 0.656250 0.075088
vt 0.687500 0.075088
vt 0.718750 0.075088
vt 0.750000 0.075088
vt 0.781250 0.075088
vt 0.812500 0.075088
vt 0.843750 0.075088
vt 0.875000 0.075088
vt 0.906250 0.075088
vt 0.937500 0.075088
vt 0.968750 0.075088
vt 1.000000 0.075088
vt 0.031250 0.077332
vt 0.000000 0.077332
vt 0.062500 0.077332
vt 0.093750 0.077332
vt 0.125000 0.077332
vt 0.156250 0.077332
vt 0.187500 0.077332
vt 0.218750 0.077332
vt 0.250000 0.077332
vt 0.281250 0.077332
vt 0.312500 0.077332
vt 0.343750 0.077332
vt 0.375000 0.077332
vt 0.406250 0.077332
vt 0.437500 0.077332
vt 0.468750 0.077332
vt 0.500000 0.077332
vt 0.531250 0.077332
vt 0.562500 0.077332
vt 0.593750 0.077332
vt 0.625000 0.077332
vt 0.656250 0.077332
vt 0.687500 0.077332
vt 0.718750 0.077332
vt 0.750000 0.077332
vt 0.781250 0.077332
vt 0.812500 0.077332
vt 0.843750 0.077332
vt 0.875000 0.077332
vt 0.906250 0.077332
vt 0.937500 0.077332
vt 0.968750 0.077332
vt 1.000000 0.077332
vt 0.031250 0.079978
vt 0.000000 0.079978
vt 0.062500 0.079978
vt 0.093750 0.079978
vt 0.125000 0.079978
vt 0.156250 0.079978
vt 0.187500 0.079978
vt 0.218750 0.079978
vt 0.250000 0.079978
vt 0.281250 0.079978
vt 0.312500 0.079978
vt 0.343750 0.079978
vt 0.375000 0.079978
vt 0.406250 0.079978
vt 0.437500 0.079978
vt 0.468750 0.079978
vt 0.500000 0.079978
vt 0.531250 0.079978
vt 0.562500 0.079978
vt 0.593750 0.079978
vt 0.625000 0.079978
vt 0.656250 0.079978
vt 0.687500 0.079978
vt 0.718750 0.079978
vt 0.750000 0.079978
vt 0.781250 0.079978
vt 0.812500 0.079978
vt 0.843750 0.079978
vt 0.875000 0.079978
vt 0.906250 0.079978
vt 0.937500 0.079978
vt 0.968750 0.079978
vt 1.000000 0.079978
vt 0.031250 0.083221
vt 0.000000 0.083221
vt 0.062500 0.083221
vt 0.093750 0.083221
vt 0.125000 0.083221
vt 0.156250 0.083221
vt 0.187500 0.083221
vt 0.218750 0.083221
vt 0.250000 0.083221
vt 0.281250 0.083221
vt 0.312500 0.083221
vt 0.343750 0.083221
vt 0.375000 0.083221
vt 0.406250 0.083221
vt 0.437500 0.083221
vt 0.468750 0.083221
vt 0.500000 0.083221
vt 0.531250 0.083221
vt 0.562500 0.083221
vt 0.593750 0.083221
vt 0.625000 0.083221
vt 0.656250 0.083221
vt 0.687500 0.083221
vt 0.718750 0.083221
vt 0.750000 0.083221
vt 0.781250 0.083221
vt 0.812500 0.083221
vt 0.843750 0.083221
vt 0.875000 0.083221
vt 0.906250 0.083221
vt 0.937500 0.083221
vt 0.968750 0.083221
vt 1.000000 0.083221
vt 0.031250 0.087257
vt 0.000000 0.087257
vt 0.062500 0.087257
vt 0.093750 0.087257
vt 0.125000 0.087257
vt 0.156250 0.087257
vt 0.187500 0.087257
vt 0.218750 0.087257
vt 0.250000 0.087257
vt 0.281250 0.087257
vt 0.312500 0.087257
vt 0.343750 0.087257
vt 0.375000 0.087257
vt 0.406250 0.087257
vt 0.437500 0.087257
vt 0.468750 0.087257
vt 0.500000 0.087257
vt 0.531250 0.087257
vt 0.562500 0.087257
vt 0.593750 0.087257
vt 0.625000 0.087257
vt 0.656250 0.087257
vt 0.687500 0.087257
vt 0.718750 0.087257
vt 0.750000 0.087257
vt 0.781250 0.087257
vt 0.812500 0.087257
vt 0.843750 0.087257
vt 0.875000 0.087257
vt 0.906250 0.087257
vt 0.937500 0.087257
vt 0.968750 0.087257
vt 1.000000 0.087257
vt 0.031250 0.092280
vt 0.000000 0.092280
vt 0.062500 0.092280
vt 0.093750 0.092280
vt 0.125000 0.092280
vt 0.156250 0.092280
vt 0.187500 0.092280
vt 0.218750 0.092280
vt 0.250000 0.092280
vt 0.281250 0.092280
vt 0.312500 0.092280
vt 0.343750 0.092280
vt 0.375000 0.092280
vt 0.406250 0.092280
vt 0.437500 0.092280
vt 0.468750 0.092280
vt 0.500000 0.092280
vt 0.531250 0.092280
vt 0.562500 0.092280
vt 0.593750 0.092280
vt 0.625000 0.092280
vt 0.656250 0.092280
vt 0.687500 0.092280
vt 0.718750 0.092280
vt 0.750000 0.092280
vt 0.781250 0.092280
vt 0.812500 0.092280
vt 0.843750 0.092280
vt 0.875000 0.092280
vt 0.906250 0.092280
vt 0.937500 0.092280
vt 0.968750 0.092280
vt 1.000000 0.092280
vt 0.031250 0.098484
vt 0.000000 0.098484
vt 0.062500 0.098484
vt 0.093750 0.098484
vt 0.125000 0.098484
vt 0.156250 0.098484
vt 0.187500 0.098484
vt 0.218750 0.098484
vt 0.250000 0.098484
vt 0.281250 0.098484
vt 0.312500 0.098484
vt 0.343750 0.098484
vt 0.375000 0.098484
vt 0.406250 0.098484
vt 0.437500 0.098484
vt 0.468750 0.098484
vt 0.500000 0.098484
vt 0.531250 0.098484
vt 0.562500 0.098484
vt 0.593750 0.098484
vt 0.625000 0.098484
vt 0.656250 0.098484
vt 0.687500 0.098484
vt 0.718750 0.098484
vt 0.750000 0.098484
vt 0.781250 0.098484
vt 0.812500 0.098484
vt 0.843750 0.098484
vt 0.875000 0.098484
vt 0.906250 0.098484
vt 0.937500 0.098484
vt 0.968750 0.098484
vt 1.000000 0.098484
vt 0.031250 0.106065
vt 0.000000 0.106065
vt 0.062500 0.106065
vt 0.093750 0.106065
vt 0.125000 0.106065
vt 0.156250 0.106065
vt 0.187500 0.106065
vt 0.218750 0.106065
vt 0.250000 0.106065
vt 0.281250 0.106065
vt 0.312500 0.106065
vt 0.343750 0.106065
vt 0.375000 0.106065
vt 0.406250 0.106065
vt 0.437500 0.106065
vt 0.468750 0.106065
vt 0.500000 0.106065
vt 0.531250 0.106065
vt 0.562500 0.106065
vt 0.593750 0.106065
vt 0.625000 0.106065
vt 0.656250 0.106065
vt 0.687500 0.106065
vt 0.718750 0.106065
vt 0.750000 0.106065
vt 0.781250 0.106065
vt 0.812500 0.106065
vt 0.843750 0.106065
vt 0.875000 0.106065
vt 0.906250 0.106065
vt 0.937500 0.106065
vt 0.968750 0.106065
vt 1.000000 0.106065
vt 0.031250 0.115217
vt 0.000000 0.115217
vt 0.062500 0.115217
vt 0.093750 0.115217
vt 0.125000 0.115217
vt 0.156250 0.115217
vt 0.187500 0.115217
vt 0.218750 0.115217
vt 0.250000 0.115217
vt 0.281250 0.115217
vt 0.312500 0.115217
vt 0.343750 0.115217
vt 0.375000 0.115217
vt 0.406250 0.115217
vt 0.437500 0.115217
vt 0.468750 0.115217
vt 0.500000 0.115217
vt 0.531250 0.115217
vt 0.562500 0.115217
vt 0.593750 0.115217
vt 0.625000 0.115217
vt 0.656250 0.115217
vt 0.687500 0.115217
vt 0.718750 0.115217
vt 0.750000 0.115217
vt 0.781250 0.115217
vt 0.812500 0.115217
vt 0.843750 0.115217
vt 0.875000 0.115217
vt 0.906250 0.115217
vt 0.937500 0.115217
vt 0.968750 0.115217
vt 1.000000 0.115217
vt 0.031250 0.125178
vt 0.000000 0.125178
vt 0.062500 0.125178
vt 0.093750 0.125178
vt 0.125000 0.125178
vt 0.156250 0.125178
vt 0.187500 0.125178
vt 0.218750 0.125178
vt 0.250000 0.125178
vt 0.281250 0.125178
vt 0.312500 0.125178
vt 0.343750 0.125178
vt 0.375000 0.125178
vt 0.406250 0.125178
vt 0.437500 0.125178
vt 0.468750 0.125178
vt 0.500000 0.125178
vt 0.531250 0.125178
vt 0.562500 0.125178
vt 0.593750 0.125178
vt 0.625000 0.125178
vt 0.656250 0.125178
vt 0.687500 0.125178
vt 0.718750 0.125178
vt 0.750000 0.125178
vt 0.781250 0.125178
vt 0.812500 0.125178
vt 0.843750 0.125178
vt 0.875000 0.125178
vt 0.906250 0.125178
vt 0.937500 0.125178
vt 0.968750 0.125178
vt 1.000000 0.125178
vt 0.031250 0.135052
vt 0.000000 0.135052
vt 0.062500 0.135052
vt 0.093750 0.135052
vt 0.125000 0.135052
vt 0.156250 0.135052
vt 0.187500 0.135052
vt 0.218750 0.135052
vt 0.250000 0.135052
vt 0.281250 0.135052
vt 0.312500 0.135052
vt 0.343750 0.135052
vt 0.375000 0.135052
vt 0.406250 0.135052
vt 0.437500 0.135052
vt 0.468750 0.135052
vt 0.500000 0.135052
vt 0.531250 0.135052
vt 0.562500 0.135052
vt 0.593750 0.135052
vt 0.625000 0.135052
vt 0.656250 0.135052
vt 0.687500 0.135052
vt 0.718750 0.135052
vt 0.750000 0.135052
vt 0.781250 0.135052
vt 0.812500 0.135052
vt 0.843750 0.135052
vt 0.875000 0.135052
vt 0.906250 0.135052
vt 0.937500 0.135052
vt 0.968750 0.135052
vt 1.000000 0.135052
vt 0.031250 0.144832
vt 0.000000 0.144832
vt 0.062500 0.144832
vt 0.093750 0.144832
vt 0.125000 0.144832
vt 0.156250 0.144832
vt 0.187500 0.144832
vt 0.218750 0.144832
vt 0.250000 0.144832
vt 0.281250 0.144832
vt 0.312500 0.144832
vt 0.343750 0.144832
vt 0.375000 0.144832
vt 0.406250 0.144832
vt 0.437500 0.144832
vt 0.468750 0.144832
vt 0.500000 0.144832
vt 0.531250 0.144832
vt 0.562500 0.144832
vt 0.593750 0.144832
vt 0.625000 0.144832
vt 0.656250 0.144832
vt 0.687500 0.144832
vt 0.718750 0.144832
vt 0.750000 0.144832
vt 0.781250 0.144832
vt 0.812500 0.144832
vt 0.843750 0.144832
vt 0.875000 0.144832
vt 0.906250 0.144832
vt 0.937500 0.144832
vt 0.968750 0.144832
vt 1.000000 0.144832
vt 0.031250 0.154513
vt 0.000000 0.154513
vt 0.062500 0.154513
vt 0.093750 0.154513
vt 0.125000 0.154513
vt 0.156250 0.154513
vt 0.187500 0.154513
vt 0.218750 0.154513
vt 0.250000 0.154513
vt 0.281250 0.154513
vt 0.312500 0.154513
vt 0.343750 0.154513
vt 0.375000 0.154513
vt 0.406250 0.154513
vt 0.437500 0.154513
vt 0.468750 0.154513
vt 0.500000 0.154513
vt 0.531250 0.154513
vt 0.562500 0.154513
vt 0.593750 0.154513
vt 0.625000 0.154513
vt 0.656250 0.154513
vt 0.687500 0.154513
vt 0.718750 0.154513
vt 0.750000 0.154513
vt 0.781250 0.154513
vt 0.812500 0.154513
vt 0.843750 0.154513
vt 0.875000 0.154513
vt 0.906250 0.154513
vt 0.937500 0.154513
vt 0.968750 0.154513
vt 1.000000 0.154513
vt 0.031250 0.164088
vt 0.000000 0.164088
vt 0.062500 0.164088
vt 0.093750 0.164088
vt 0.125000 0.164088
vt 0.156250 0.164088
vt 0.187500 0.164088
vt 0.218750 0.164088
vt 0.250000 0.164088
vt 0.281250 0.164088
vt 0.312500 0.164088
vt 0.343750 0.164088
vt 0.375000 0.164088
vt 0.406250 0.164088
vt 0.437500 0.164088
vt 0.468750 0.164088
vt 0.500000 0.164088
vt 0.531250 0.164088
vt 0.562500 0.164088
vt 0.593750 0.164088
vt 0.625000 0.164088
vt 0.656250 0.164088
vt 0.687500 0.164088
vt 0.718750 0.164088
vt 0.750000 0.164088
vt 0.781250 0.164088
vt 0.812500 0.164088
vt 0.843750 0.164088
vt 0.875000 0.164088
vt 0.906250 0.164088
vt 0.937500 0.164088
vt 0.968750 0.164088
vt 1.000000 0.164088
vt 0.031250 0.173553
vt 0.000000 0.173553
vt 0.062500 0.173553
vt 0.093750 0.173553
vt 0.125000 0.173553
vt 0.156250 0.173553
vt 0.187500 0.173553
vt 0.218750 0.173553
vt 0.250000 0.173553
vt 0.281250 0.173553
vt 0.312500 0.173553
vt 0.343750 0.173553
vt 0.375000 0.173553
vt 0.406250 0.173553
vt 0.437500 0.173553
vt 0.468750 0.173553
vt 0.500000 0.173553
vt 0.531250 0.173553
vt 0.562500 0.173553
vt 0.593750 0.173553
vt 0.625000 0.173553
vt 0.656250 0.173553
vt 0.687500 0.173553
vt 0.718750 0.173553
vt 0.750000 0.173553
vt 0.781250 0.173553
vt 0.812500 0.173553
vt 0.843750 0.173553
vt 0.875000 0.173553
vt 0.906250 0.173553
vt 0.937500 0.173553
vt 0.968750 0.173553
vt 1.000000 0.173553
vt 0.031250 0.182900
vt 0.000000 0.182900
vt 0.062500 0.182900
vt 0.093750 0.182900
vt 0.125000 0.182900
vt 0.156250 0.182900
vt 0.187500 0.182900
vt 0.218750 0.182900
vt 0.250000 0.182900
vt 0.281250 0.182900
vt 0.312500 0.182900
vt 0.343750 0.182900
vt 0.375000 0.182900
vt 0.406250 0.182900
vt 0.437500 0.182900
vt 0.468750 0.182900
vt 0.500000 0.182900
vt 0.531250 0.182900
vt 0.562500 0.182900
vt 0.593750 0.182900
vt 0.625000 0.182900
vt 0.656250 0.182900
vt 0.687500 0.182900
vt 0.718750 0.182900
vt 0.750000 0.182900
vt 0.781250 0.182900
vt 0.812500 0.182900
vt 0.843750 0.182900
vt 0.875000 0.182900
vt 0.906250 0.182900
vt 0.937500 0.182900
vt 0.968750 0.182900
vt 1.000000 0.182900
vt 0.031250 0.192125
vt 0.000000 0.192125
vt 0.062500 0.192125
vt 0.093750 0.192125
vt 0.125000 0.192125
vt 0.156250 0.192125
vt 0.187500 0.192125
vt 0.218750 0.192125
vt 0.250000 0.192125
vt 0.281250 0.192125
vt 0.312500 0.192125
vt 0.343750 0.192125
vt 0.375000 0.192125
vt 0.406250 0.192125
vt 0.437500 0.192125
vt 0.468750 0.192125
vt 0.500000 0.192125
vt 0.531250 0.192125
vt 0.562500 0.192125
vt 0.593750 0.192125
vt 0.625000 0.192125
vt 0.656250 0.192125
vt 0.687500 0.192125
vt 0.718750 0.192125
vt 0.750000 0.192125
vt 0.781250 0.192125
vt 0.812500 0.192125
vt 0.843750 0.192125
vt 0.875000 0.192125
vt 0.906250 0.192125
vt 0.937500 0.192125
vt 0.968750 0.192125
vt 1.000000 0.192125
vt 0.031250 0.201221
vt 0.000000 0.201221
vt 0.062500 0.201221
vt 0.093750 0.201221
vt 0.125000 0.201221
vt 0.156250 0.201221
vt 0.187500 0.201221
vt 0.218750 0.201221
vt 0.250000 0.201221
vt 0.281250 0.201221
vt 0.312500 0.201221
vt 0.343750 0.201221
vt 0.375000 0.201221
vt 0.406250 0.201221
vt 0.437500 0.201221
vt 0.468750 0.201221
vt 0.500000 0.201221
vt 0.531250 0.201221
vt 0.562500 0.201221
vt 0.593750 0.201221
vt 0.625000 0.201221
vt 0.656250 0.201221
vt 0.687500 0.201221
vt 0.718750 0.201221
vt 0.750000 0.201221
vt 0.781250 0.201221
vt 0.812500 0.201221
vt 0.843750 0.201221
vt 0.875000 0.201221
vt 0.906250 0.201221
vt 0.937500 0.201221
vt 0.968750 0.201221
vt 1.000000 0.201221
vt 0.031250 0.210181
vt 0.000000 0.210181
vt 0.062500 0.210181
vt 0.093750 0.210181
vt 0.125000 0.210181
vt 0.156250 0.210181
vt 0.187500 0.210181
vt 0.218750 0.210181
vt 0.250000 0.210181
vt 0.281250 0.210181
vt 0.312500 0.210181
vt 0.343750 0.210181
vt 0.375000 0.210181
vt 0.406250 0.210181
vt 0.437500 0.210181
vt 0.468750 0.210181
vt 0.500000 0.210181
vt 0.531250 0.210181
vt 0.562500 0.210181
vt 0.593750 0.210181
vt 0.625000 0.210181
vt 0.656250 0.210181
vt 0.687500 0.210181
vt 0.718750 0.210181
vt 0.750000 0.210181
vt 0.781250 0.210181
vt 0.812500 0.210181
vt 0.843750 0.210181
vt 0.875000 0.210181
vt 0.906250 0.210181
vt 0.937500 0.210181
vt 0.968750 0.210181
vt 1.000000 0.210181
vt 0.031250 0.219001
vt 0.000000 0.219001
vt 0.062500 0.219001
vt 0.093750 0.219001
vt 0.125000 0.219001
vt 0.156250 0.219001
vt 0.187500 0.219001
vt 0.218750 0.219001
vt 0.250000 0.219001
vt 0.281250 0.219001
vt 0.312500 0.219001
vt 0.343750 0.219001
vt 0.375000 0.219001
vt 0.406250 0.219001
vt 0.437500 0.219001
vt 0.468750 0.219001
vt 0.500000 0.219001
vt 0.531250 0.219001
vt 0.562500 0.219001
vt 0.593750 0.219001
vt 0.625000 0.219001
vt 0.656250 0.219001
vt 0.687500 0.219001
vt 0.718750 0.219001
vt 0.750000 0.219001
vt 0.781250 0.219001
vt 0.812500 0.219001
vt 0.843750 0.219001
vt 0.875000 0.219001
vt 0.906250 0.219001
vt 0.937500 0.219001
vt 0.968750 0.219001
vt 1.000000 0.219001
vt 0.031250 0.227674
vt 0.000000 0.227674
vt 0.062500 0.227674
vt 0.093750 0.227674
vt 0.125000 0.227674
vt 0.156250 0.227674
vt 0.187500 0.227674
vt 0.218750 0.227674
vt 0.250000 0.227674
vt 0.281250 0.227674
vt 0.312500 0.227674
vt 0.343750 0.227674
vt 0.375000 0.227674
vt 0.406250 0.227674
vt 0.437500 0.227674
vt 0.468750 0.227674
vt 0.500000 0.227674
vt 0.531250 0.227674
vt 0.562500 0.227674
vt 0.593750 0.227674
vt 0.625000 0.227674
vt 0.656250 0.227674
vt 0.687500 0.227674
vt 0.718750 0.227674
vt 0.750000 0.227674
vt 0.781250 0.227674
vt 0.812500 0.227674
vt 0.843750 0.227674
vt 0.875000 0.227674
vt 0.906250 0.227674
vt 0.937500 0.227674
vt 0.968750 0.227674
vt 1.000000 0.227674
vt 0.031250 0.235500
vt 0.000000 0.235500
vt 0.062500 0.235500
vt 0.093750 0.235500
vt 0.125000 0.235500
vt 0.156250 0.235500
vt 0.187500 0.235500
vt 0.218750 0.235500
vt 0.250000 0.235500
vt 0.281250 0.235500
vt 0.312500 0.235500
vt 0.343750 0.235500
vt 0.375000 0.235500
vt 0.406250 0.235500
vt 0.437500 0.235500
vt 0.468750 0.235500
vt 0.500000 0.235500
vt 0.531250 0.235500
vt 0.562500 0.235500
vt 0.593750 0.235500
vt 0.625000 0.235500
vt 0.656250 0.235500
vt 0.687500 0.235500
vt 0.718750 0.235500
vt 0.750000 0.235500
vt 0.781250 0.235500
vt 0.812500 0.235500
vt 0.843750 0.235500
vt 0.875000 0.235500
vt 0.906250 0.235500
vt 0.937500 0.235500
vt 0.968750 0.235500
vt 1.000000 0.235500
vt 0.031250 0.241880
vt 0.000000 0.241880
vt 0.062500 0.241880
vt 0.093750 0.241880
vt 0.125000 0.241880
vt 0.156250 0.241880
vt 0.187500 0.241880
vt 0.218750 0.241880
vt 0.250000 0.241880
vt 0.281250 0.241880
vt 0.312500 0.241880
vt 0.343750 0.241880
vt 0.375000 0.241880
vt 0.406250 0.241880
vt 0.437500 0.241880
vt 0.468750 0.241880
vt 0.500000 0.241880
vt 0.531250 0.241880
vt 0.562500 0.241880
vt 0.593750 0.241880
vt 0.625000 0.241880
vt 0.656250 0.241880
vt 0.687500 0.241880
vt 0.718750 0.241880
vt 0.750000 0.241880
vt 0.781250 0.241880
vt 0.812500 0.241880
vt 0.843750 0.241880
vt 0.875000 0.241880
vt 0.906250 0.241880
vt 0.937500 0.241880
vt 0.968750 0.241880
vt 1.000000 0.241880
vt 0.031250 0.246958
vt 0.000000 0.246958
vt 0.062500 0.246958
vt 0.093750 0.246958
vt 0.125000 0.246958
vt 0.156250 0.246958
vt 0.187500 0.246958
vt 0.218750 0.246958
vt 0.250000 0.246958
vt 0.281250 0.246958
vt 0.312500 0.246958
vt 0.343750 0.246958
vt 0.375000 0.246958
vt 0.406250 0.246958
vt 0.437500 0.246958
vt 0.468750 0.246958
vt 0.500000 0.246958
vt 0.531250 0.246958
vt 0.562500 0.246958
vt 0.593750 0.246958
vt 0.625000 0.246958
vt 0.656250 0.246958
vt 0.687500 0.246958
vt 0.718750 0.246958
vt 0.750000 0.246958
vt 0.781250 0.246958
vt 0.812500 0.246958
vt 0.843750 0.246958
vt 0.875000 0.246958
vt 0.906250 0.246958
vt 0.937500 0.246958
vt 0.968750 0.246958
vt 1.000000 0.246958
vt 0.031250 0.250880
vt 0.000000 0.250880
vt 0.062500 0.250880
vt 0.093750 0.250880
vt 0.125000 0.250880
vt 0.156250 0.250880
vt 0.187500 0.250880
vt 0.218750 0.250880
vt 0.250000 0.250880
vt 0.281250 0.250880
vt 0.312500 0.250880
vt 0.343750 0.250880
vt 0.375000 0.250880
vt 0.406250 0.250880
vt 0.437500 0.250880
vt 0.468750 0.250880
vt 0.500000 0.250880
vt 0.531250 0.250880
vt 0.562500 0.250880
vt 0.593750 0.250880
vt 0.625000 0.250880
vt 0.656250 0.250880
vt 0.687500 0.250880
vt 0.718750 0.250880
vt 0.750000 0.250880
vt 0.781250 0.250880
vt 0.812500 0.250880
vt 0.843750 0.250880
vt 0.875000 0.250880
vt 0.906250 0.250880
vt 0.937500 0.250880
vt 0.968750 0.250880
vt 1.000000 0.250880
vt 0.031250 0.253792
vt 0.000000 0.253792
vt 0.062500 0.253792
vt 0.093750 0.253792
vt 0.125000 0.253792
vt 0.156250 0.253792
vt 0.187500 0.253792
vt 0.218750 0.253792
vt 0.250000 0.253792
vt 0.281250 0.253792
vt 0.312500 0.253792
vt 0.343750 0.253792
vt 0.375000 0.253792
vt 0.406250 0.253792
vt 0.437500 0.253792
vt 0.468750 0.253792
vt 0.500000 0.253792
vt 0.531250 0.253792
vt 0.562500 0.253792
vt 0.593750 0.253792
vt 0.625000 0.253792
vt 0.656250 0.253792
vt 0.687500 0.253792
vt 0.718750 0.253792
vt 0.750000 0.253792
vt 0.781250 0.253792
vt 0.812500 0.253792
vt 0.843750 0.253792
vt 0.875000 0.253792
vt 0.906250 0.253792
vt 0.937500 0.253792
vt 0.968750 0.253792
vt 1.000000 0.253792
vt 0.031250 0.255839
vt 0.000000 0.255839
vt 0.062500 0.255839
vt 0.093750 0.255839
vt 0.125000 0.255839
vt 0.156250 0.255839
vt 0.187500 0.255839
vt 0.218750 0.255839
vt 0.250000 0.255839
vt 0.281250 0.255839
vt 0.312500 0.255839
vt 0.343750 0.255839
vt 0.375000 0.255839
vt 0.406250 0.255839
vt 0.437500 0.255839
vt 0.468750 0.255839
vt 0.500000 0.255839
vt 0.531250 0.255839
vt 0.562500 0.255839
vt 0.593750 0.255839
vt 0.625000 0.255839
vt 0.656250 0.255839
vt 0.687500 0.255839
vt 0.718750 0.255839
vt 0.750000 0.255839
vt 0.781250 0.255839
vt 0.812500 0.255839
vt 0.843750 0.255839
vt 0.875000 0.255839
vt 0.906250 0.255839
vt 0.937500 0.255839
vt 0.968750 0.255839
vt 1.000000 0.255839
vt 0.031250 0.257167
vt 0.000000 0.257167
vt 0.062500 0.257167
vt 0.093750 0.257167
vt 0.125000 0.257167
vt 0.156250 0.257167
vt 0.187500 0.257167
vt 0.218750 0.257167
vt 0.250000 0.257167
vt 0.281250 0.257167
vt 0.312500 0.257167
vt 0.343750 0.257167
vt 0.375000 0.257167
vt 0.406250 0.257167
vt 0.437500 0.257167
vt 0.468750 0.257167
vt 0.500000 0.257167
vt 0.531250 0.257167
vt 0.562500 0.257167
vt 0.593750 0.257167
vt 0.625000 0.257167
vt 0.656250 0.257167
vt 0.687500 0.257167
vt 0.718750 0.257167
vt 0.750000 0.257167
vt 0.781250 0.257167
vt 0.812500 0.257167
vt 0.843750 0.257167
vt 0.875000 0.257167
vt 0.906250 0.257167
vt 0.937500 0.257167
vt 0.968750 0.257167
vt 1.000000 0.257167
vt 0.031250 0.257921
vt 0.000000 0.257921
vt 0.062500 0.257921
vt 0.093750 0.257921
vt 0.125000 0.257921
vt 0.156250 0.257921
vt 0.187500 0.257921
vt 0.218750 0.257921
vt 0.250000 0.257921
vt 0.281250 0.257921
vt 0.312500 0.257921
vt 0.343750 0.257921
vt 0.375000 0.257921
vt 0.406250 0.257921
vt 0.437500 0.257921
vt 0.468750 0.257921
vt 0.500000 0.257921
vt 0.531250 0.257921
vt 0.562500 0.257921
vt 0.593750 0.257921
vt 0.625000 0.257921
vt 0.656250 0.257921
vt 0.687500 0.257921
vt 0.718750 0.257921
vt 0.750000 0.257921
vt 0.781250 0.257921
vt 0.812500 0.257921
vt 0.843750 0.257921
vt 0.875000 0.257921
vt 0.906250 0.257921
vt 0.937500 0.257921
vt 0.968750 0.257921
vt 1.000000 0.257921
vt 0.031250 0.258245
vt 0.000000 0.258245
vt 0.062500 0.258245
vt 0.093750 0.258245
vt 0.125000 0.258245
vt 0.156250 0.258245
vt 0.187500 0.258245
vt 0.218750 0.258245
vt 0.250000 0.258245
vt 0.281250 0.258245
vt 0.312500 0.258245
vt 0.343750 0.258245
vt 0.375000 0.258245
vt 0.406250 0.258245
vt 0.437500 0.258245
vt 0.468750 0.258245
vt 0.500000 0.258245
vt 0.531250 0.258245
vt 0.562500 0.258245
vt 0.593750 0.258245
vt 0.625000 0.258245
vt 0.656250 0.258245
vt 0.687500 0.258245
vt 0.718750 0.258245
vt 0.750000 0.258245
vt 0.781250 0.258245
vt 0.812500 0.258245
vt 0.843750 0.258245
vt 0.875000 0.258245
vt 0.906250 0.258245
vt 0.937500 0.258245
vt 0.968750 0.258245
vt 1.000000 0.258245
vt 0.031250 0.258287
vt 0.000000 0.258287
vt 0.062500 0.258287
vt 0.093750 0.258287
vt 0.125000 0.258287
vt 0.156250 0.258287
vt 0.187500 0.258287
vt 0.218750 0.258287
vt 0.250000 0.258287
vt 0.281250 0.258287
vt 0.312500 0.258287
vt 0.343750 0.258287
vt 0.375000 0.258287
vt 0.406250 0.258287
vt 0.437500 0.258287
vt 0.468750 0.258287
vt 0.500000 0.258287
vt 0.531250 0.258287
vt 0.562500 0.258287
vt 0.593750 0.258287
vt 0.625000 0.258287
vt 0.656250 0.258287
vt 0.687500 0.258287
vt 0.718750 0.258287
vt 0.750000 0.258287
vt 0.781250 0.258287
vt 0.812500 0.258287
vt 0.843750 0.258287
vt 0.875000 0.258287
vt 0.906250 0.258287
vt 0.937500 0.258287
vt 0.968750 0.258287
vt 1.000000 0.258287
vt 0.031250 0.258191
vt 0.000000 0.258191
vt 0.062500 0.258191
vt 0.093750 0.258191
vt 0.125000 0.258191
vt 0.156250 0.258191
vt 0.187500 0.258191
vt 0.218750 0.258191
vt 0.250000 0.258191
vt 0.281250 0.258191
vt 0.312500 0.258191
vt 0.343750 0.258191
vt 0.375000 0.258191
vt 0.406250 0.258191
vt 0.437500 0.258191
vt 0.468750 0.258191
vt 0.500000 0.258191
vt 0.531250 0.258191
vt 0.562500 0.258191
vt 0.593750 0.258191
vt 0.625000 0.258191
vt 0.656250 0.258191
vt 0.687500 0.258191
vt 0.718750 0.258191
vt 0.750000 0.258191
vt 0.781250 0.258191
vt 0.812500 0.258191
vt 0.843750 0.258191
vt 0.875000 0.258191
vt 0.906250 0.258191
vt 0.937500 0.258191
vt 0.968750 0.258191
vt 1.000000 0.258191
vt 0.031250 0.258103
vt 0.000000 0.258103
vt 0.062500 0.258103
vt 0.093750 0.258103
vt 0.125000 0.258103
vt 0.156250 0.258103
vt 0.187500 0.258103
vt 0.218750 0.258103
vt 0.250000 0.258103
vt 0.281250 0.258103
vt 0.312500 0.258103
vt 0.343750 0.258103
vt 0.375000 0.258103
vt 0.406250 0.258103
vt 0.437500 0.258103
vt 0.468750 0.258103
vt 0.500000 0.258103
vt 0.531250 0.258103
vt 0.562500 0.258103
vt 0.593750 0.258103
vt 0.625000 0.258103
vt 0.656250 0.258103
vt 0.687500 0.258103
vt 0.718750 0.258103
vt 0.750000 0.258103
vt 0.781250 0.258103
vt 0.812500 0.258103
vt 0.843750 0.258103
vt 0.875000 0.258103
vt 0.906250 0.258103
vt 0.937500 0.258103
vt 0.968750 0.258103
vt 1.000000 0.258103
vt 0.031250 0.258464
vt 0.000000 0.258464
vt 0.062500 0.258464
vt 0.093750 0.258464
vt 0.125000 0.258464
vt 0.156250 0.258464
vt 0.187500 0.258464
vt 0.218750 0.258464
vt 0.250000 0.258464
vt 0.281250 0.258464
vt 0.312500 0.258464
vt 0.343750 0.258464
vt 0.375000 0.258464
vt 0.406250 0.258464
vt 0.437500 0.258464
vt 0.468750 0.258464
vt 0.500000 0.258464
vt 0.531250 0.258464
vt 0.562500 0.258464
vt 0.593750 0.258464
vt 0.625000 0.258464
vt 0.656250 0.258464
vt 0.687500 0.258464
vt 0.718750 0.258464
vt 0.750000 0.258464
vt 0.781250 0.258464
vt 0.812500 0.258464
vt 0.843750 0.258464
vt 0.875000 0.258464
vt 0.906250 0.258464
vt 0.937500 0.258464
vt 0.968750 0.258464
vt 1.000000 0.258464
vt 0.031250 0.260025
vt 0.000000 0.260025
vt 0.062500 0.260025
vt 0.093750 0.260025
vt 0.125000 0.260025
vt 0.156250 0.260025
vt 0.187500 0.260025
vt 0.218750 0.260025
vt 0.250000 0.260025
vt 0.281250 0.260025
vt 0.312500 0.260025
vt 0.343750 0.260025
vt 0.375000 0.260025
vt 0.406250 0.260025
vt 0.437500 0.260025
vt 0.468750 0.260025
vt 0.500000 0.260025
vt 0.531250 0.260025
vt 0.562500 0.260025
vt 0.593750 0.260025
vt 0.625000 0.260025
vt 0.656250 0.260025
vt 0.687500 0.260025
vt 0.718750 0.260025
vt 0.750000 0.260025
vt 0.781250 0.260025
vt 0.812500 0.260025
vt 0.843750 0.260025
vt 0.875000 0.260025
vt 0.906250 0.260025
vt 0.937500 0.260025
vt 0.968750 0.260025
vt 1.000000 0.260025
vt 0.031250 0.263442
vt 0.000000 0.263442
vt 0.062500 0.263442
vt 0.093750 0.263442
vt 0.125000 0.263442
vt 0.156250 0.263442
vt 0.187500 0.263442
vt 0.218750 0.263442
vt 0.250000 0.263442
vt 0.281250 0.263442
vt 0.312500 0.263442
vt 0.343750 0.263442
vt 0.375000 0.263442
vt 0.406250 0.263442
vt 0.437500 0.263442
vt 0.468750 0.263442
vt 0.500000 0.263442
vt 0.531250 0.263442
vt 0.562500 0.263442
vt 0.593750 0.263442
vt 0.625000 0.263442
vt 0.656250 0.263442
vt 0.687500 0.263442
vt 0.718750 0.263442
vt 0.750000 0.263442
vt 0.781250 0.263442
vt 0.812500 0.263442
vt 0.843750 0.263442
vt 0.875000 0.263442
vt 0.906250 0.263442
vt 0.937500 0.263442
vt 0.968750 0.263442
vt 1.000000 0.263442
vt 0.031250 0.269371
vt 0.000000 0.269371
vt 0.062500 0.269371
vt 0.093750 0.269371
vt 0.125000 0.269371
vt 0.156250 0.269371
vt 0.187500 0.269371
vt 0.218750 0.269371
vt 0.250000 0.269371
vt 0.281250 0.269371
vt 0.312500 0.269371
vt 0.343750 0.269371
vt 0.375000 0.269371
vt 0.406250 0.269371
vt 0.437500 0.269371
vt 0.468750 0.269371
vt 0.500000 0.269371
vt 0.531250 0.269371
vt 0.562500 0.269371
vt 0.593750 0.269371
vt 0.625000 0.269371
vt 0.656250 0.269371
vt 0.687500 0.269371
vt 0.718750 0.269371
vt 0.750000 0.269371
vt 0.781250 0.269371
vt 0.812500 0.269371
vt 0.843750 0.269371
vt 0.875000 0.269371
vt 0.906250 0.269371
vt 0.937500 0.269371
vt 0.968750 0.269371
vt 1.000000 0.269371
vt 0.031250 0.278468
vt 0.000000 0.278468
vt 0.062500 0.278468
vt 0.093750 0.278468
vt 0.125000 0.278468
vt 0.156250 0.278468
vt 0.187500 0.278468
vt 0.218750 0.278468
vt 0.250000 0.278468
vt 0.281250 0.278468
vt 0.312500 0.278468
vt 0.343750 0.278468
vt 0.375000 0.278468
vt 0.406250 0.278468
vt 0.437500 0.278468
vt 0.468750 0.278468
vt 0.500000 0.278468
vt 0.531250 0.278468
vt 0.562500 0.278468
vt 0.593750 0.278468
vt 0.625000 0.278468
vt 0.656250 0.278468
vt 0.687500 0.278468
vt 0.718750 0.278468
vt 0.750000 0.278468
vt 0.781250 0.278468
vt 0.812500 0.278468
vt 0.843750 0.278468
vt 0.875000 0.278468
vt 0.906250 0.278468
vt 0.937500 0.278468
vt 0.968750 0.278468
vt 1.000000 0.278468
vt 0.031250 0.291390
vt 0.000000 0.291390
vt 0.062500 0.291390
vt 0.093750 0.291390
vt 0.125000 0.291390
vt 0.156250 0.291390
vt 0.187500 0.291390
vt 0.218750 0.291390
vt 0.250000 0.291390
vt 0.281250 0.291390
vt 0.312500 0.291390
vt 0.343750 0.291390
vt 0.375000 0.291390
vt 0.406250 0.291390
vt 0.437500 0.291390
vt 0.468750 0.291390
vt 0.500000 0.291390
vt 0.531250 0.291390
vt 0.562500 0.291390
vt 0.593750 0.291390
vt 0.625000 0.291390
vt 0.656250 0.291390
vt 0.687500 0.291390
vt 0.718750 0.291390
vt 0.750000 0.291390
vt 0.781250 0.291390
vt 0.812500 0.291390
vt 0.843750 0.291390
vt 0.875000 0.291390
vt 0.906250 0.291390
vt 0.937500 0.291390
vt 0.968750 0.291390
vt 1.000000 0.291390
vt 0.031250 0.308793
vt 0.000000 0.308793
vt 0.062500 0.308793
vt 0.093750 0.308793
vt 0.125000 0.308793
vt 0.156250 0.308793
vt 0.187500 0.308793
vt 0.218750 0.308793
vt 0.250000 0.308793
vt 0.281250 0.308793
vt 0.312500 0.308793
vt 0.343750 0.308793
vt 0.375000 0.308793
vt 0.406250 0.308793
vt 0.437500 0.308793
vt 0.468750 0.308793
vt 0.500000 0.308793
vt 0.531250 0.308793
vt 0.562500 0.308793
vt 0.593750 0.308793
vt 0.625000 0.308793
vt 0.656250 0.308793
vt 0.687500 0.308793
vt 0.718750 0.308793
vt 0.750000 0.308793
vt 0.781250 0.308793
vt 0.812500 0.308793
vt 0.843750 0.308793
vt 0.875000 0.308793
vt 0.906250 0.308793
vt 0.937500 0.308793
vt 0.968750 0.308793
vt 1.000000 0.308793
vt 0.031250 0.331333
vt 0.000000 0.331333
vt 0.062500 0.331333
vt 0.093750 0.331333
vt 0.125000 0.331333
vt 0.156250 0.331333
vt 0.187500 0.331333
vt 0.218750 0.331333
vt 0.250000 0.331333
vt 0.281250 0.331333
vt 0.312500 0.331333
vt 0.343750 0.331333
vt 0.375000 0.331333
vt 0.406250 0.331333
vt 0.437500 0.331333
vt 0.468750 0.331333
vt 0.500000 0.331333
vt 0.531250 0.331333
vt 0.562500 0.331333
vt 0.593750 0.331333
vt 0.625000 0.331333
vt 0.656250 0.331333
vt 0.687500 0.331333
vt 0.718750 0.331333
vt 0.750000 0.331333
vt 0.781250 0.331333
vt 0.812500 0.331333
vt 0.843750 0.331333
vt 0.875000 0.331333
vt 0.906250 0.331333
vt 0.937500 0.331333
vt 0.968750 0.331333
vt 1.000000 0.331333
vt 0.031250 0.359667
vt 0.000000 0.359667
vt 0.062500 0.359667
vt 0.093750 0.359667
vt 0.125000 0.359667
vt 0.156250 0.359667
vt 0.187500 0.359667
vt 0.218750 0.359667
vt 0.250000 0.359667
vt 0.281250 0.359667
vt 0.312500 0.359667
vt 0.343750 0.359667
vt 0.375000 0.359667
vt 0.406250 0.359667
vt 0.437500 0.359667
vt 0.468750 0.359667
vt 0.500000 0.359667
vt 0.531250 0.359667
vt 0.562500 0.359667
vt 0.593750 0.359667
vt 0.625000 0.359667
vt 0.656250 0.359667
vt 0.687500 0.359667
vt 0.718750 0.359667
vt 0.750000 0.359667
vt 0.781250 0.359667
vt 0.812500 0.359667
vt 0.843750 0.359667
vt 0.875000 0.359667
vt 0.906250 0.359667
vt 0.937500 0.359667
vt 0.968750 0.359667
vt 1.000000 0.359667
vt 0.031250 0.394451
vt 0.000000 0.394451
vt 0.062500 0.394451
vt 0.093750 0.394451
vt 0.125000 0.394451
vt 0.156250 0.394451
vt 0.187500 0.394451
vt 0.218750 0.394451
vt 0.250000 0.394451
vt 0.281250 0.394451
vt 0.312500 0.394451
vt 0.343750 0.394451
vt 0.375000 0.394451
vt 0.406250 0.394451
vt 0.437500 0.394451
vt 0.468750 0.394451
vt 0.500000 0.394451
vt 0.531250 0.394451
vt 0.562500 0.394451
vt 0.593750 0.394451
vt 0.625000 0.394451
vt 0.656250 0.394451
vt 0.687500 0.394451
vt 0.718750 0.394451
vt 0.750000 0.394451
vt 0.781250 0.394451
vt 0.812500 0.394451
vt 0.843750 0.394451
vt 0.875000 0.394451
vt 0.906250 0.394451
vt 0.937500 0.394451
vt 0.968750 0.394451
vt 1.000000 0.394451
vt 0.031250 0.436341
vt 0.000000 0.436341
vt 0.062500 0.436341
vt 0.093750 0.436341
vt 0.125000 0.436341
vt 0.156250 0.436341
vt 0.187500 0.436341
vt 0.218750 0.436341
vt 0.250000 0.436341
vt 0.281250 0.436341
vt 0.312500 0.436341
vt 0.343750 0.436341
vt 0.375000 0.436341
vt 0.406250 0.436341
vt 0.437500 0.436341
vt 0.468750 0.436341
vt 0.500000 0.436341
vt 0.531250 0.436341
vt 0.562500 0.436341
vt 0.593750 0.436341
vt 0.625000 0.436341
vt 0.656250 0.436341
vt 0.687500 0.436341
vt 0.718750 0.436341
vt 0.750000 0.436341
vt 0.781250 0.436341
vt 0.812500 0.436341
vt 0.843750 0.436341
vt 0.875000 0.436341
vt 0.906250 0.436341
vt 0.937500 0.436341
vt 0.968750 0.436341
vt 1.000000 0.436341
vt 0.031250 0.485994
vt 0.000000 0.485994
vt 0.062500 0.485994
vt 0.093750 0.485994
vt 0.125000 0.485994
vt 0.156250 0.485994
vt 0.187500 0.485994
vt 0.218750 0.485994
vt 0.250000 0.485994
vt 0.281250 0.485994
vt 0.312500 0.485994
vt 0.343750 0.485994
vt 0.375000 0.485994
vt 0.406250 0.485994
vt 0.437500 0.485994
vt 0.468750 0.485994
vt 0.500000 0.485994
vt 0.531250 0.485994
vt 0.562500 0.485994
vt 0.593750 0.485994
vt 0.625000 0.485994
vt 0.656250 0.485994
vt 0.687500 0.485994
vt 0.718750 0.485994
vt 0.750000 0.485994
vt 0.781250 0.485994
vt 0.812500 0.485994
vt 0.843750 0.485994
vt 0.875000 0.485994
vt 0.906250 0.485994
vt 0.937500 0.485994
vt 0.968750 0.485994
vt 1.000000 0.485994
vt 0.031250 0.486630
vt 0.000000 0.486630
vt 0.062500 0.486630
vt 0.093750 0.486630
vt 0.125000 0.486630
vt 0.156250 0.486630
vt 0.187500 0.486630
vt 0.218750 0.486630
vt 0.250000 0.486630
vt 0.281250 0.486630
vt 0.312500 0.486630
vt 0.343750 0.486630
vt 0.375000 0.486630
vt 0.406250 0.486630
vt 0.437500 0.486630
vt 0.468750 0.486630
vt 0.500000 0.486630
vt 0.531250 0.486630
vt 0.562500 0.486630
vt 0.593750 0.486630
vt 0.625000 0.486630
vt 0.656250 0.486630
vt 0.687500 0.486630
vt 0.718750 0.486630
vt 0.750000 0.486630
vt 0.781250 0.486630
vt 0.812500 0.486630
vt 0.843750 0.486630
vt 0.875000 0.486630
vt 0.906250 0.486630
vt 0.937500 0.486630
vt 0.968750 0.486630
vt 1.000000 0.486630
vt 0.031250 0.487104
vt 0.000000 0.487104
vt 0.062500 0.487104
vt 0.093750 0.487104
vt 0.125000 0.487104
vt 0.156250 0.487104
vt 0.187500 0.487104
vt 0.218750 0.487104
vt 0.250000 0.487104
vt 0.281250 0.487104
vt 0.312500 0.487104
vt 0.343750 0.487104
vt 0.375000 0.487104
vt 0.406250 0.487104
vt 0.437500 0.487104
vt 0.468750 0.487104
vt 0.500000 0.487104
vt 0.531250 0.487104
vt 0.562500 0.487104
vt 0.593750 0.487104
vt 0.625000 0.487104
vt 0.656250 0.487104
vt 0.687500 0.487104
vt 0.718750 0.487104
vt 0.750000 0.487104
vt 0.781250 0.487104
vt 0.812500 0.487104
vt 0.843750 0.487104
vt 0.875000 0.487104
vt 0.906250 0.487104
vt 0.937500 0.487104
vt 0.968750 0.487104
vt 1.000000 0.487104
vt 0.031250 0.487437
vt 0.000000 0.487437
vt 0.062500 0.487437
vt 0.093750 0.487437
vt 0.125000 0.487437
vt 0.156250 0.487437
vt 0.187500 0.487437
vt 0.218750 0.487437
vt 0.250000 0.487437
vt 0.281250 0.487437
vt 0.312500 0.487437
vt 0.343750 0.487437
vt 0.375000 0.487437
vt 0.406250 0.487437
vt 0.437500 0.487437
vt 0.468750 0.487437
vt 0.500000 0.487437
vt 0.531250 0.487437
vt 0.562500 0.487437
vt 0.593750 0.487437
vt 0.625000 0.487437
vt 0.656250 0.487437
vt 0.687500 0.487437
vt 0.718750 0.487437
vt 0.750000 0.487437
vt 0.781250 0.487437
vt 0.812500 0.487437
vt 0.843750 0.487437
vt 0.875000 0.487437
vt 0.906250 0.487437
vt 0.937500 0.487437
vt 0.968750 0.487437
vt 1.000000 0.487437
vt 0.031250 0.487649
vt 0.000000 0.487649
vt 0.062500 0.487649
vt 0.093750 0.487649
vt 0.125000 0.487649
vt 0.156250 0.487649
vt 0.187500 0.487649
vt 0.218750 0.487649
vt 0.250000 0.487649
vt 0.281250 0.487649
vt 0.312500 0.487649
vt 0.343750 0.487649
vt 0.375000 0.487649
vt 0.406250 0.487649
vt 0.437500 0.487649
vt 0.468750 0.487649
vt 0.500000 0.487649
vt 0.531250 0.487649
vt 0.562500 0.487649
vt 0.593750 0.487649
vt 0.625000 0.487649
vt 0.656250 0.487649
vt 0.687500 0.487649
vt 0.718750 0.487649
vt 0.750000 0.487649
vt 0.781250 0.487649
vt 0.812500 0.487649
vt 0.843750 0.487649
vt 0.875000 0.487649
vt 0.906250 0.487649
vt 0.937500 0.487649
vt 0.968750 0.487649
vt 1.000000 0.487649
vt 0.031250 0.487759
vt 0.000000 0.487759
vt 0.062500 0.487759
vt 0.093750 0.487759
vt 0.125000 0.487759
vt 0.156250 0.487759
vt 0.187500 0.487759
vt 0.218750 0.487759
vt 0.250000 0.487759
vt 0.281250 0.487759
vt 0.312500 0.487759
vt 0.343750 0.487759
vt 0.375000 0.487759
vt 0.406250 0.487759
vt 0.437500 0.487759
vt 0.468750 0.487759
vt 0.500000 0.487759
vt 0.531250 0.487759
vt 0.562500 0.487759
vt 0.593750 0.487759
vt 0.625000 0.487759
vt 0.656250 0.487759
vt 0.687500 0.487759
vt 0.718750 0.487759
vt 0.750000 0.487759
vt 0.781250 0.487759
vt 0.812500 0.487759
vt 0.843750 0.487759
vt 0.875000 0.487759
vt 0.906250 0.487759
vt 0.937500 0.487759
vt 0.968750 0.487759
vt 1.000000 0.487759
vt 0.031250 0.487790
vt 0.000000 0.487790
vt 0.062500 0.487790
vt 0.093750 0.487790
vt 0.125000 0.487790
vt 0.156250 0.487790
vt 0.187500 0.487790
vt 0.218750 0.487790
vt 0.250000 0.487790
vt 0.281250 0.487790
vt 0.312500 0.487790
vt 0.343750 0.487790
vt 0.375000 0.487790
vt 0.406250 0.487790
vt 0.437500 0.487790
vt 0.468750 0.487790
vt 0.500000 0.487790
vt 0.531250 0.487790
vt 0.562500 0.487790
vt 0.593750 0.487790
vt 0.625000 0.487790
vt 0.656250 0.487790
vt 0.687500 0.487790
vt 0.718750 0.487790
vt 0.750000 0.487790
vt 0.781250 0.487790
vt 0.812500 0.487790
vt 0.843750 0.487790
vt 0.875000 0.487790
vt 0.906250 0.487790
vt 0.937500 0.487790
vt 0.968750 0.487790
vt 1.000000 0.487790
vt 0.031250 0.487759
vt 0.000000 0.487759
vt 0.062500 0.487759
vt 0.093750 0.487759
vt 0.125000 0.487759
vt 0.156250 0.487759
vt 0.187500 0.487759
vt 0.218750 0.487759
vt 0.250000 0.487759
vt 0.281250 0.487759
vt 0.312500 0.487759
vt 0.343750 0.487759
vt 0.375000 0.487759
vt 0.406250 0.487759
vt 0.437500 0.487759
vt 0.468750 0.487759
vt 0.500000 0.487759
vt 0.531250 0.487759
vt 0.562500 0.487759
vt 0.593750 0.487759
vt 0.625000 0.487759
vt 0.656250 0.487759
vt 0.687500 0.487759
vt 0.718750 0.487759
vt 0.750000 0.487759
vt 0.781250 0.487759
vt 0.812500 0.487759
vt 0.843750 0.487759
vt 0.875000 0.487759
vt 0.906250 0.487759
vt 0.937500 0.487759
vt 0.968750 0.487759
vt 1.000000 0.487759
vt 0.031250 0.487689
vt 0.000000 0.487689
vt 0.062500 0.487689
vt 0.093750 0.487689
vt 0.125000 0.487689
vt 0.156250 0.487689
vt 0.187500 0.487689
vt 0.218750 0.487689
vt 0.250000 0.487689
vt 0.281250 0.487689
vt 0.312500 0.487689
vt 0.343750 0.487689
vt 0.375000 0.487689
vt 0.406250 0.487689
vt 0.437500 0.487689
vt 0.468750 0.487689
vt 0.500000 0.487689
vt 0.531250 0.487689
vt 0.562500 0.487689
vt 0.593750 0.487689
vt 0.625000 0.487689
vt 0.656250 0.487689
vt 0.687500 0.487689
vt 0.718750 0.487689
vt 0.750000 0.487689
vt 0.781250 0.487689
vt 0.812500 0.487689
vt 0.843750 0.487689
vt 0.875000 0.487689
vt 0.906250 0.487689
vt 0.937500 0.487689
vt 0.968750 0.487689
vt 1.000000 0.487689
vt 0.031250 0.487599
vt 0.000000 0.487599
vt 0.062500 0.487599
vt 0.093750 0.487599
vt 0.125000 0.487599
vt 0.156250 0.487599
vt 0.187500 0.487599
vt 0.218750 0.487599
vt 0.250000 0.487599
vt 0.281250 0.487599
vt 0.312500 0.487599
vt 0.343750 0.487599
vt 0.375000 0.487599
vt 0.406250 0.487599
vt 0.437500 0.487599
vt 0.468750 0.487599
vt 0.500000 0.487599
vt 0.531250 0.487599
vt 0.562500 0.487599
vt 0.593750 0.487599
vt 0.625000 0.487599
vt 0.656250 0.487599
vt 0.687500 0.487599
vt 0.718750 0.487599
vt 0.750000 0.487599
vt 0.781250 0.487599
vt 0.812500 0.487599
vt 0.843750 0.487599
vt 0.875000 0.487599
vt 0.906250 0.487599
vt 0.937500 0.487599
vt 0.968750 0.487599
vt 1.000000 0.487599
vt 0.031250 0.487510
vt 0.000000 0.487510
vt 0.062500 0.487510
vt 0.093750 0.487510
vt 0.125000 0.487510
vt 0.156250 0.487510
vt 0.187500 0.487510
vt 0.218750 0.487510
vt 0.250000 0.487510
vt 0.281250 0.487510
vt 0.312500 0.487510
vt 0.343750 0.487510
vt 0.375000 0.487510
vt 0.406250 0.487510
vt 0.437500 0.487510
vt 0.468750 0.487510
vt 0.500000 0.487510
vt 0.531250 0.487510
vt 0.562500 0.487510
vt 0.593750 0.487510
vt 0.625000 0.487510
vt 0.656250 0.487510
vt 0.687500 0.487510
vt 0.718750 0.487510
vt 0.750000 0.487510
vt 0.781250 0.487510
vt 0.812500 0.487510
vt 0.843750 0.487510
vt 0.875000 0.487510
vt 0.906250 0.487510
vt 0.937500 0.487510
vt 0.968750 0.487510
vt 1.000000 0.487510
vt 0.031250 0.487441
vt 0.000000 0.487441
vt 0.062500 0.487441
vt 0.093750 0.487441
vt 0.125000 0.487441
vt 0.156250 0.487441
vt 0.187500 0.487441
vt 0.218750 0.487441
vt 0.250000 0.487441
vt 0.281250 0.487441
vt 0.312500 0.487441
vt 0.343750 0.487441
vt 0.375000 0.487441
vt 0.406250 0.487441
vt 0.437500 0.487441
vt 0.468750 0.487441
vt 0.500000 0.487441
vt 0.531250 0.487441
vt 0.562500 0.487441
vt 0.593750 0.487441
vt 0.625000 0.487441
vt 0.656250 0.487441
vt 0.687500 0.487441
vt 0.718750 0.487441
vt 0.750000 0.487441
vt 0.781250 0.487441
vt 0.812500 0.487441
vt 0.843750 0.487441
vt 0.875000 0.487441
vt 0.906250 0.487441
vt 0.937500 0.487441
vt 0.968750 0.487441
vt 1.000000 0.487441
vt 0.031250 0.487414
vt 0.000000 0.487414
vt 0.062500 0.487414
vt 0.093750 0.487414
vt 0.125000 0.487414
vt 0.156250 0.487414
vt 0.187500 0.487414
vt 0.218750 0.487414
vt 0.250000 0.487414
vt 0.281250 0.487414
vt 0.312500 0.487414
vt 0.343750 0.487414
vt 0.375000 0.487414
vt 0.406250 0.487414
vt 0.437500 0.487414
vt 0.468750 0.487414
vt 0.500000 0.487414
vt 0.531250 0.487414
vt 0.562500 0.487414
vt 0.593750 0.487414
vt 0.625000 0.487414
vt 0.656250 0.487414
vt 0.687500 0.487414
vt 0.718750 0.487414
vt 0.750000 0.487414
vt 0.781250 0.487414
vt 0.812500 0.487414
vt 0.843750 0.487414
vt 0.875000 0.487414
vt 0.906250 0.487414
vt 0.937500 0.487414
vt 0.968750 0.487414
vt 1.000000 0.487414
vt 0.031250 0.487511
vt 0.000000 0.487511
vt 0.062500 0.487511
vt 0.093750 0.487511
vt 0.125000 0.487511
vt 0.156250 0.487511
vt 0.187500 0.487511
vt 0.218750 0.487511
vt 0.250000 0.487511
vt 0.281250 0.487511
vt 0.312500 0.487511
vt 0.343750 0.487511
vt 0.375000 0.487511
vt 0.406250 0.487511
vt 0.437500 0.487511
vt 0.468750 0.487511
vt 0.500000 0.487511
vt 0.531250 0.487511
vt 0.562500 0.487511
vt 0.593750 0.487511
vt 0.625000 0.487511
vt 0.656250 0.487511
vt 0.687500 0.487511
vt 0.718750 0.487511
vt 0.750000 0.487511
vt 0.781250 0.487511
vt 0.812500 0.487511
vt 0.843750 0.487511
vt 0.875000 0.487511
vt 0.906250 0.487511
vt 0.937500 0.487511
vt 0.968750 0.487511
vt 1.000000 0.487511
vt 0.031250 0.487814
vt 0.000000 0.487814
vt 0.062500 0.487814
vt 0.093750 0.487814
vt 0.125000 0.487814
vt 0.156250 0.487814
vt 0.187500 0.487814
vt 0.218750 0.487814
vt 0.250000 0.487814
vt 0.281250 0.487814
vt 0.312500 0.487814
vt 0.343750 0.487814
vt 0.375000 0.487814
vt 0.406250 0.487814
vt 0.437500 0.487814
vt 0.468750 0.487814
vt 0.500000 0.487814
vt 0.531250 0.487814
vt 0.562500 0.487814
vt 0.593750 0.487814
vt 0.625000 0.487814
vt 0.656250 0.487814
vt 0.687500 0.487814
vt 0.718750 0.487814
vt 0.750000 0.487814
vt 0.781250 0.487814
vt 0.812500 0.487814
vt 0.843750 0.487814
vt 0.875000 0.487814
vt 0.906250 0.487814
vt 0.937500 0.487814
vt 0.968750 0.487814
vt 1.000000 0.487814
vt 0.031250 0.488346
vt 0.000000 0.488346
vt 0.062500 0.488346
vt 0.093750 0.488346
vt 0.125000 0.488346
vt 0.156250 0.488346
vt 0.187500 0.488346
vt 0.218750 0.488346
vt 0.250000 0.488346
vt 0.281250 0.488346
vt 0.312500 0.488346
vt 0.343750 0.488346
vt 0.375000 0.488346
vt 0.406250 0.488346
vt 0.437500 0.488346
vt 0.468750 0.488346
vt 0.500000 0.488346
vt 0.531250 0.488346
vt 0.562500 0.488346
vt 0.593750 0.488346
vt 0.625000 0.488346
vt 0.656250 0.488346
vt 0.687500 0.488346
vt 0.718750 0.488346
vt 0.750000 0.488346
vt 0.781250 0.488346
vt 0.812500 0.488346
vt 0.843750 0.488346
vt 0.875000 0.488346
vt 0.906250 0.488346
vt 0.937500 0.488346
vt 0.968750 0.488346
vt 1.000000 0.488346
vt 0.031250 0.489128
vt 0.000000 0.489128
vt 0.062500 0.489128
vt 0.093750 0.489128
vt 0.125000 0.489128
vt 0.156250 0.489128
vt 0.187500 0.489128
vt 0.218750 0.489128
vt 0.250000 0.489128
vt 0.281250 0.489128
vt 0.312500 0.489128
vt 0.343750 0.489128
vt 0.375000 0.489128
vt 0.406250 0.489128
vt 0.437500 0.489128
vt 0.468750 0.489128
vt 0.500000 0.489128
vt 0.531250 0.489128
vt 0.562500 0.489128
vt 0.593750 0.489128
vt 0.625000 0.489128
vt 0.656250 0.489128
vt 0.687500 0.489128
vt 0.718750 0.489128
vt 0.750000 0.489128
vt 0.781250 0.489128
vt 0.812500 0.489128
vt 0.843750 0.489128
vt 0.875000 0.489128
vt 0.906250 0.489128
vt 0.937500 0.489128
vt 0.968750 0.489128
vt 1.000000 0.489128
vt 0.031250 0.490181
vt 0.000000 0.490181
vt 0.062500 0.490181
vt 0.093750 0.490181
vt 0.125000 0.490181
vt 0.156250 0.490181
vt 0.187500 0.490181
vt 0.218750 0.490181
vt 0.250000 0.490181
vt 0.281250 0.490181
vt 0.312500 0.490181
vt 0.343750 0.490181
vt 0.375000 0.490181
vt 0.406250 0.490181
vt 0.437500 0.490181
vt 0.468750 0.490181
vt 0.500000 0.490181
vt 0.531250 0.490181
vt 0.562500 0.490181
vt 0.593750 0.490181
vt 0.625000 0.490181
vt 0.656250 0.490181
vt 0.687500 0.490181
vt 0.718750 0.490181
vt 0.750000 0.490181
vt 0.781250 0.490181
vt 0.812500 0.490181
vt 0.843750 0.490181
vt 0.875000 0.490181
vt 0.906250 0.490181
vt 0.937500 0.490181
vt 0.968750 0.490181
vt 1.000000 0.490181
vt 0.031250 0.491526
vt 0.000000 0.491526
vt 0.062500 0.491526
vt 0.093750 0.491526
vt 0.125000 0.491526
vt 0.156250 0.491526
vt 0.187500 0.491526
vt 0.218750 0.491526
vt 0.250000 0.491526
vt 0.281250 0.491526
vt 0.312500 0.491526
vt 0.343750 0.491526
vt 0.375000 0.491526
vt 0.406250 0.491526
vt 0.437500 0.491526
vt 0.468750 0.491526
vt 0.500000 0.491526
vt 0.531250 0.491526
vt 0.562500 0.491526
vt 0.593750 0.491526
vt 0.625000 0.491526
vt 0.656250 0.491526
vt 0.687500 0.491526
vt 0.718750 0.491526
vt 0.750000 0.491526
vt 0.781250 0.491526
vt 0.812500 0.491526
vt 0.843750 0.491526
vt 0.875000 0.491526
vt 0.906250 0.491526
vt 0.937500 0.491526
vt 0.968750 0.491526
vt 1.000000 0.491526
vt 0.031250 0.493184
vt 0.000000 0.493184
vt 0.062500 0.493184
vt 0.093750 0.493184
vt 0.125000 0.493184
vt 0.156250 0.493184
vt 0.187500 0.493184
vt 0.218750 0.493184
vt 0.250000 0.493184
vt 0.281250 0.493184
vt 0.312500 0.493184
vt 0.343750 0.493184
vt 0.375000 0.493184
vt 0.406250 0.493184
vt 0.437500 0.493184
vt 0.468750 0.493184
vt 0.500000 0.493184
vt 0.531250 0.493184
vt 0.562500 0.493184
vt 0.593750 0.493184
vt 0.625000 0.493184
vt 0.656250 0.493184
vt 0.687500 0.493184
vt 0.718750 0.493184
vt 0.750000 0.493184
vt 0.781250 0.493184
vt 0.812500 0.493184
vt 0.843750 0.493184
vt 0.875000 0.493184
vt 0.906250 0.493184
vt 0.937500 0.493184
vt 0.968750 0.493184
vt 1.000000 0.493184
vt 0.031250 0.495177
vt 0.000000 0.495177
vt 0.062500 0.495177
vt 0.093750 0.495177
vt 0.125000 0.495177
vt 0.156250 0.495177
vt 0.187500 0.495177
vt 0.218750 0.495177
vt 0.250000 0.495177
vt 0.281250 0.495177
vt 0.312500 0.495177
vt 0.343750 0.495177
vt 0.375000 0.495177
vt 0.406250 0.495177
vt 0.437500 0.495177
vt 0.468750 0.495177
vt 0.500000 0.495177
vt 0.531250 0.495177
vt 0.562500 0.495177
vt 0.593750 0.495177
vt 0.625000 0.495177
vt 0.656250 0.495177
vt 0.687500 0.495177
vt 0.718750 0.495177
vt 0.750000 0.495177
vt 0.781250 0.495177
vt 0.812500 0.495177
vt 0.843750 0.495177
vt 0.875000 0.495177
vt 0.906250 0.495177
vt 0.937500 0.495177
vt 0.968750 0.495177
vt 1.000000 0.495177
vt 0.031250 0.497526
vt 0.000000 0.497526
vt 0.062500 0.497526
vt 0.093750 0.497526
vt 0.125000 0.497526
vt 0.156250 0.497526
vt 0.187500 0.497526
vt 0.218750 0.497526
vt 0.250000 0.497526
vt 0.281250 0.497526
vt 0.312500 0.497526
vt 0.343750 0.497526
vt 0.375000 0.497526
vt 0.406250 0.497526
vt 0.437500 0.497526
vt 0.468750 0.497526
vt 0.500000 0.497526
vt 0.531250 0.497526
vt 0.562500 0.497526
vt 0.593750 0.497526
vt 0.625000 0.497526
vt 0.656250 0.497526
vt 0.687500 0.497526
vt 0.718750 0.497526
vt 0.750000 0.497526
vt 0.781250 0.497526
vt 0.812500 0.497526
vt 0.843750 0.497526
vt 0.875000 0.497526
vt 0.906250 0.497526
vt 0.937500 0.497526
vt 0.968750 0.497526
vt 1.000000 0.497526
vt 0.031250 0.500253
vt 0.000000 0.500253
vt 0.062500 0.500253
vt 0.093750 0.500253
vt 0.125000 0.500253
vt 0.156250 0.500253
vt 0.187500 0.500253
vt 0.218750 0.500253
vt 0.250000 0.500253
vt 0.281250 0.500253
vt 0.312500 0.500253
vt 0.343750 0.500253
vt 0.375000 0.500253
vt 0.406250 0.500253
vt 0.437500 0.500253
vt 0.468750 0.500253
vt 0.500000 0.500253
vt 0.531250 0.500253
vt 0.562500 0.500253
vt 0.593750 0.500253
vt 0.625000 0.500253
vt 0.656250 0.500253
vt 0.687500 0.500253
vt 0.718750 0.500253
vt 0.750000 0.500253
vt 0.781250 0.500253
vt 0.812500 0.500253
vt 0.843750 0.500253
vt 0.875000 0.500253
vt 0.906250 0.500253
vt 0.937500 0.500253
vt 0.968750 0.500253
vt 1.000000 0.500253
vt 0.031250 0.503377
vt 0.000000 0.503377
vt 0.062500 0.503377
vt 0.093750 0.503377
vt 0.125000 0.503377
vt 0.156250 0.503377
vt 0.187500 0.503377
vt 0.218750 0.503377
vt 0.250000 0.503377
vt 0.281250 0.503377
vt 0.312500 0.503377
vt 0.343750 0.503377
vt 0.375000 0.503377
vt 0.406250 0.503377
vt 0.437500 0.503377
vt 0.468750 0.503377
vt 0.500000 0.503377
vt 0.531250 0.503377
vt 0.562500 0.503377
vt 0.593750 0.503377
vt 0.625000 0.503377
vt 0.656250 0.503377
vt 0.687500 0.503377
vt 0.718750 0.503377
vt 0.750000 0.503377
vt 0.781250 0.503377
vt 0.812500 0.503377
vt 0.843750 0.503377
vt 0.875000 0.503377
vt 0.906250 0.503377
vt 0.937500 0.503377
vt 0.968750 0.503377
vt 1.000000 0.503377
vt 0.031250 0.506921
vt 0.000000 0.506921
vt 0.062500 0.506921
vt 0.093750 0.506921
vt 0.125000 0.506921
vt 0.156250 0.506921
vt 0.187500 0.506921
vt 0.218750 0.506921
vt 0.250000 0.506921
vt 0.281250 0.506921
vt 0.312500 0.506921
vt 0.343750 0.506921
vt 0.375000 0.506921
vt 0.406250 0.506921
vt 0.437500 0.506921
vt 0.468750 0.506921
vt 0.500000 0.506921
vt 0.531250 0.506921
vt 0.562500 0.506921
vt 0.593750 0.506921
vt 0.625000 0.506921
vt 0.656250 0.506921
vt 0.687500 0.506921
vt 0.718750 0.506921
vt 0.750000 0.506921
vt 0.781250 0.506921
vt 0.812500 0.506921
vt 0.843750 0.506921
vt 0.875000 0.506921
vt 0.906250 0.506921
vt 0.937500 0.506921
vt 0.968750 0.506921
vt 1.000000 0.506921
vt 0.031250 0.510691
vt 0.000000 0.510691
vt 0.062500 0.510691
vt 0.093750 0.510691
vt 0.125000 0.510691
vt 0.156250 0.510691
vt 0.187500 0.510691
vt 0.218750 0.510691
vt 0.250000 0.510691
vt 0.281250 0.510691
vt 0.312500 0.510691
vt 0.343750 0.510691
vt 0.375000 0.510691
vt 0.406250 0.510691
vt 0.437500 0.510691
vt 0.468750 0.510691
vt 0.500000 0.510691
vt 0.531250 0.510691
vt 0.562500 0.510691
vt 0.593750 0.510691
vt 0.625000 0.510691
vt 0.656250 0.510691
vt 0.687500 0.510691
vt 0.718750 0.510691
vt 0.750000 0.510691
vt 0.781250 0.510691
vt 0.812500 0.510691
vt 0.843750 0.510691
vt 0.875000 0.510691
vt 0.906250 0.510691
vt 0.937500 0.510691
vt 0.968750 0.510691
vt 1.000000 0.510691
vt 0.031250 0.514619
vt 0.000000 0.514619
vt 0.062500 0.514619
vt 0.093750 0.514619
vt 0.125000 0.514619
vt 0.156250 0.514619
vt 0.187500 0.514619
vt 0.218750 0.514619
vt 0.250000 0.514619
vt 0.281250 0.514619
vt 0.312500 0.514619
vt 0.343750 0.514619
vt 0.375000 0.514619
vt 0.406250 0.514619
vt 0.437500 0.514619
vt 0.468750 0.514619
vt 0.500000 0.514619
vt 0.531250 0.514619
vt 0.562500 0.514619
vt 0.593750 0.514619
vt 0.625000 0.514619
vt 0.656250 0.514619
vt 0.687500 0.514619
vt 0.718750 0.514619
vt 0.750000 0.514619
vt 0.781250 0.514619
vt 0.812500 0.514619
vt 0.843750 0.514619
vt 0.875000 0.514619
vt 0.906250 0.514619
vt 0.937500 0.514619
vt 0.968750 0.514619
vt 1.000000 0.514619
vt 0.031250 0.518687
vt 0.000000 0.518687
vt 0.062500 0.518687
vt 0.093750 0.518687
vt 0.125000 0.518687
vt 0.156250 0.518687
vt 0.187500 0.518687
vt 0.218750 0.518687
vt 0.250000 0.518687
vt 0.281250 0.518687
vt 0.312500 0.518687
vt 0.343750 0.518687
vt 0.375000 0.518687
vt 0.406250 0.518687
vt 0.437500 0.518687
vt 0.468750 0.518687
vt 0.500000 0.518687
vt 0.531250 0.518687
vt 0.562500 0.518687
vt 0.593750 0.518687
vt 0.625000 0.518687
vt 0.656250 0.518687
vt 0.687500 0.518687
vt 0.718750 0.518687
vt 0.750000 0.518687
vt 0.781250 0.518687
vt 0.812500 0.518687
vt 0.843750 0.518687
vt 0.875000 0.518687
vt 0.906250 0.518687
vt 0.937500 0.518687
vt 0.968750 0.518687
vt 1.000000 0.518687
vt 0.031250 0.522879
vt 0.000000 0.522879
vt 0.062500 0.522879
vt 0.093750 0.522879
vt 0.125000 0.522879
vt 0.156250 0.522879
vt 0.187500 0.522879
vt 0.218750 0.522879
vt 0.250000 0.522879
vt 0.281250 0.522879
vt 0.312500 0.522879
vt 0.343750 0.522879
vt 0.375000 0.522879
vt 0.406250 0.522879
vt 0.437500 0.522879
vt 0.468750 0.522879
vt 0.500000 0.522879
vt 0.531250 0.522879
vt 0.562500 0.522879
vt 0.593750 0.522879
vt 0.625000 0.522879
vt 0.656250 0.522879
vt 0.687500 0.522879
vt 0.718750 0.522879
vt 0.750000 0.522879
vt 0.781250 0.522879
vt 0.812500 0.522879
vt 0.843750 0.522879
vt 0.875000 0.522879
vt 0.906250 0.522879
vt 0.937500 0.522879
vt 0.968750 0.522879
vt 1.000000 0.522879
vt 0.031250 0.527176
vt 0.000000 0.527176
vt 0.062500 0.527176
vt 0.093750 0.527176
vt 0.125000 0.527176
vt 0.156250 0.527176
vt 0.187500 0.527176
vt 0.218750 0.527176
vt 0.250000 0.527176
vt 0.281250 0.527176
vt 0.312500 0.527176
vt 0.343750 0.527176
vt 0.375000 0.527176
vt 0.406250 0.527176
vt 0.437500 0.527176
vt 0.468750 0.527176
vt 0.500000 0.527176
vt 0.531250 0.527176
vt 0.562500 0.527176
vt 0.593750 0.527176
vt 0.625000 0.527176
vt 0.656250 0.527176
vt 0.687500 0.527176
vt 0.718750 0.527176
vt 0.750000 0.527176
vt 0.781250 0.527176
vt 0.812500 0.527176
vt 0.843750 0.527176
vt 0.875000 0.527176
vt 0.906250 0.527176
vt 0.937500 0.527176
vt 0.968750 0.527176
vt 1.000000 0.527176
vt 0.031250 0.531561
vt 0.000000 0.531561
vt 0.062500 0.531561
vt 0.093750 0.531561
vt 0.125000 0.531561
vt 0.156250 0.531561
vt 0.187500 0.531561
vt 0.218750 0.531561
vt 0.250000 0.531561
vt 0.281250 0.531561
vt 0.312500 0.531561
vt 0.343750 0.531561
vt 0.375000 0.531561
vt 0.406250 0.531561
vt 0.437500 0.531561
vt 0.468750 0.531561
vt 0.500000 0.531561
vt 0.531250 0.531561
vt 0.562500 0.531561
vt 0.593750 0.531561
vt 0.625000 0.531561
vt 0.656250 0.531561
vt 0.687500 0.531561
vt 0.718750 0.531561
vt 0.750000 0.531561
vt 0.781250 0.531561
vt 0.812500 0.531561
vt 0.843750 0.531561
vt 0.875000 0.531561
vt 0.906250 0.531561
vt 0.937500 0.531561
vt 0.968750 0.531561
vt 1.000000 0.531561
vt 0.031250 0.536017
vt 0.000000 0.536017
vt 0.062500 0.536017
vt 0.093750 0.536017
vt 0.125000 0.536017
vt 0.156250 0.536017
vt 0.187500 0.536017
vt 0.218750 0.536017
vt 0.250000 0.536017
vt 0.281250 0.536017
vt 0.312500 0.536017
vt 0.343750 0.536017
vt 0.375000 0.536017
vt 0.406250 0.536017
vt 0.437500 0.536017
vt 0.468750 0.536017
vt 0.500000 0.536017
vt 0.531250 0.536017
vt 0.562500 0.536017
vt 0.593750 0.536017
vt 0.625000 0.536017
vt 0.656250 0.536017
vt 0.687500 0.536017
vt 0.718750 0.536017
vt 0.750000 0.536017
vt 0.781250 0.536017
vt 0.812500 0.536017
vt 0.843750 0.536017
vt 0.875000 0.536017
vt 0.906250 0.536017
vt 0.937500 0.536017
vt 0.968750 0.536017
vt 1.000000 0.536017
vt 0.031250 0.540527
vt 0.000000 0.540527
vt 0.062500 0.540527
vt 0.093750 0.540527
vt 0.125000 0.540527
vt 0.156250 0.540527
vt 0.187500 0.540527
vt 0.218750 0.540527
vt 0.250000 0.540527
vt 0.281250 0.540527
vt 0.312500 0.540527
vt 0.343750 0.540527
vt 0.375000 0.540527
vt 0.406250 0.540527
vt 0.437500 0.540527
vt 0.468750 0.540527
vt 0.500000 0.540527
vt 0.531250 0.540527
vt 0.562500 0.540527
vt 0.593750 0.540527
vt 0.625000 0.540527
vt 0.656250 0.540527
vt 0.687500 0.540527
vt 0.718750 0.540527
vt 0.750000 0.540527
vt 0.781250 0.540527
vt 0.812500 0.540527
vt 0.843750 0.540527
vt 0.875000 0.540527
vt 0.906250 0.540527
vt 0.937500 0.540527
vt 0.968750 0.540527
vt 1.000000 0.540527
vt 0.031250 0.545072
vt 0.000000 0.545072
vt 0.062500 0.545072
vt 0.093750 0.545072
vt 0.125000 0.545072
vt 0.156250 0.545072
vt 0.187500 0.545072
vt 0.218750 0.545072
vt 0.250000 0.545072
vt 0.281250 0.545072
vt 0.312500 0.545072
vt 0.343750 0.545072
vt 0.375000 0.545072
vt 0.406250 0.545072
vt 0.437500 0.545072
vt 0.468750 0.545072
vt 0.500000 0.545072
vt 0.531250 0.545072
vt 0.562500 0.545072
vt 0.593750 0.545072
vt 0.625000 0.545072
vt 0.656250 0.545072
vt 0.687500 0.545072
vt 0.718750 0.545072
vt 0.750000 0.545072
vt 0.781250 0.545072
vt 0.812500 0.545072
vt 0.843750 0.545072
vt 0.875000 0.545072
vt 0.906250 0.545072
vt 0.937500 0.545072
vt 0.968750 0.545072
vt 1.000000 0.545072
vt 0.031250 0.549635
vt 0.000000 0.549635
vt 0.062500 0.549635
vt 0.093750 0.549635
vt 0.125000 0.549635
vt 0.156250 0.549635
vt 0.187500 0.549635
vt 0.218750 0.549635
vt 0.250000 0.549635
vt 0.281250 0.549635
vt 0.312500 0.549635
vt 0.343750 0.549635
vt 0.375000 0.549635
vt 0.406250 0.549635
vt 0.437500 0.549635
vt 0.468750 0.549635
vt 0.500000 0.549635
vt 0.531250 0.549635
vt 0.562500 0.549635
vt 0.593750 0.549635
vt 0.625000 0.549635
vt 0.656250 0.549635
vt 0.687500 0.549635
vt 0.718750 0.549635
vt 0.750000 0.549635
vt 0.781250 0.549635
vt 0.812500 0.549635
vt 0.843750 0.549635
vt 0.875000 0.549635
vt 0.906250 0.549635
vt 0.937500 0.549635
vt 0.968750 0.549635
vt 1.000000 0.549635
vt 0.031250 0.554199
vt 0.000000 0.554199
vt 0.062500 0.554199
vt 0.093750 0.554199
vt 0.125000 0.554199
vt 0.156250 0.554199
vt 0.187500 0.554199
vt 0.218750 0.554199
vt 0.250000 0.554199
vt 0.281250 0.554199
vt 0.312500 0.554199
vt 0.343750 0.554199
vt 0.375000 0.554199
vt 0.406250 0.554199
vt 0.437500 0.554199
vt 0.468750 0.554199
vt 0.500000 0.554199
vt 0.531250 0.554199
vt 0.562500 0.554199
vt 0.593750 0.554199
vt 0.625000 0.554199
vt 0.656250 0.554199
vt 0.687500 0.554199
vt 0.718750 0.554199
vt 0.750000 0.554199
vt 0.781250 0.554199
vt 0.812500 0.554199
vt 0.843750 0.554199
vt 0.875000 0.554199
vt 0.906250 0.554199
vt 0.937500 0.554199
vt 0.968750 0.554199
vt 1.000000 0.554199
vt 0.031250 0.558746
vt 0.000000 0.558746
vt 0.062500 0.558746
vt 0.093750 0.558746
vt 0.125000 0.558746
vt 0.156250 0.558746
vt 0.187500 0.558746
vt 0.218750 0.558746
vt 0.250000 0.558746
vt 0.281250 0.558746
vt 0.312500 0.558746
vt 0.343750 0.558746
vt 0.375000 0.558746
vt 0.406250 0.558746
vt 0.437500 0.558746
vt 0.468750 0.558746
vt 0.500000 0.558746
vt 0.531250 0.558746
vt 0.562500 0.558746
vt 0.593750 0.558746
vt 0.625000 0.558746
vt 0.656250 0.558746
vt 0.687500 0.558746
vt 0.718750 0.558746
vt 0.750000 0.558746
vt 0.781250 0.558746
vt 0.812500 0.558746
vt 0.843750 0.558746
vt 0.875000 0.558746
vt 0.906250 0.558746
vt 0.937500 0.558746
vt 0.968750 0.558746
vt 1.000000 0.558746
vt 0.031250 0.558870
vt 0.000000 0.558870
vt 0.062500 0.558870
vt 0.093750 0.558870
vt 0.125000 0.558870
vt 0.156250 0.558870
vt 0.187500 0.558870
vt 0.218750 0.558870
vt 0.250000 0.558870
vt 0.281250 0.558870
vt 0.312500 0.558870
vt 0.343750 0.558870
vt 0.375000 0.558870
vt 0.406250 0.558870
vt 0.437500 0.558870
vt 0.468750 0.558870
vt 0.500000 0.558870
vt 0.531250 0.558870
vt 0.562500 0.558870
vt 0.593750 0.558870
vt 0.625000 0.558870
vt 0.656250 0.558870
vt 0.687500 0.558870
vt 0.718750 0.558870
vt 0.750000 0.558870
vt 0.781250 0.558870
vt 0.812500 0.558870
vt 0.843750 0.558870
vt 0.875000 0.558870
vt 0.906250 0.558870
vt 0.937500 0.558870
vt 0.968750 0.558870
vt 1.000000 0.558870
vt 0.062500 0.568675
vt 0.031250 0.568675
vt 0.093750 0.568675
vt 0.125000 0.568675
vt 0.156250 0.568675
vt 0.187500 0.568675
vt 0.218750 0.568675
vt 0.250000 0.568675
vt 0.281250 0.568675
vt 0.312500 0.568675
vt 0.343750 0.568675
vt 0.375000 0.568675
vt 0.406250 0.568675
vt 0.437500 0.568675
vt 0.468750 0.568675
vt 0.500000 0.568675
vt 0.531250 0.568675
vt 0.562500 0.568675
vt 0.593750 0.568675
vt 0.625000 0.568675
vt 0.656250 0.568675
vt 0.687500 0.568675
vt 0.718750 0.568675
vt 0.750000 0.568675
vt 0.781250 0.568675
vt 0.812500 0.568675
vt 0.843750 0.568675
vt 0.875000 0.568675
vt 0.906250 0.568675
vt 0.937500 0.568675
vt 0.968750 0.568675
vt 1.000000 0.568675
vt 0.000000 0.568675
vt 0.031250 0.570610
vt 0.000000 0.570610
vt 0.062500 0.570610
vt 0.093750 0.570610
vt 0.125000 0.570610
vt 0.156250 0.570610
vt 0.187500 0.570610
vt 0.218750 0.570610
vt 0.250000 0.570610
vt 0.281250 0.570610
vt 0.312500 0.570610
vt 0.343750 0.570610
vt 0.375000 0.570610
vt 0.406250 0.570610
vt 0.437500 0.570610
vt 0.468750 0.570610
vt 0.500000 0.570610
vt 0.531250 0.570610
vt 0.562500 0.570610
vt 0.593750 0.570610
vt 0.625000 0.570610
vt 0.656250 0.570610
vt 0.687500 0.570610
vt 0.718750 0.570610
vt 0.750000 0.570610
vt 0.781250 0.570610
vt 0.812500 0.570610
vt 0.843750 0.570610
vt 0.875000 0.570610
vt 0.906250 0.570610
vt 0.937500 0.570610
vt 0.968750 0.570610
vt 1.000000 0.570610
vt 0.031250 0.573151
vt 0.000000 0.573151
vt 0.062500 0.573151
vt 0.093750 0.573151
vt 0.125000 0.573151
vt 0.156250 0.573151
vt 0.187500 0.573151
vt 0.218750 0.573151
vt 0.250000 0.573151
vt 0.281250 0.573151
vt 0.312500 0.573151
vt 0.343750 0.573151
vt 0.375000 0.573151
vt 0.406250 0.573151
vt 0.437500 0.573151
vt 0.468750 0.573151
vt 0.500000 0.573151
vt 0.531250 0.573151
vt 0.562500 0.573151
vt 0.593750 0.573151
vt 0.625000 0.573151
vt 0.656250 0.573151
vt 0.687500 0.573151
vt 0.718750 0.573151
vt 0.750000 0.573151
vt 0.781250 0.573151
vt 0.812500 0.573151
vt 0.843750 0.573151
vt 0.875000 0.573151
vt 0.906250 0.573151
vt 0.937500 0.573151
vt 0.968750 0.573151
vt 1.000000 0.573151
vt 0.031250 0.576546
vt 0.000000 0.576546
vt 0.062500 0.576546
vt 0.093750 0.576546
vt 0.125000 0.576546
vt 0.156250 0.576546
vt 0.187500 0.576546
vt 0.218750 0.576546
vt 0.250000 0.576546
vt 0.281250 0.576546
vt 0.312500 0.576546
vt 0.343750 0.576546
vt 0.375000 0.576546
vt 0.406250 0.576546
vt 0.437500 0.576546
vt 0.468750 0.576546
vt 0.500000 0.576546
vt 0.531250 0.576546
vt 0.562500 0.576546
vt 0.593750 0.576546
vt 0.625000 0.576546
vt 0.656250 0.576546
vt 0.687500 0.576546
vt 0.718750 0.576546
vt 0.750000 0.576546
vt 0.781250 0.576546
vt 0.812500 0.576546
vt 0.843750 0.576546
vt 0.875000 0.576546
vt 0.906250 0.576546
vt 0.937500 0.576546
vt 0.968750 0.576546
vt 1.000000 0.576546
vt 0.031250 0.581042
vt 0.000000 0.581042
vt 0.062500 0.581042
vt 0.093750 0.581042
vt 0.125000 0.581042
vt 0.156250 0.581042
vt 0.187500 0.581042
vt 0.218750 0.581042
vt 0.250000 0.581042
vt 0.281250 0.581042
vt 0.312500 0.581042
vt 0.343750 0.581042
vt 0.375000 0.581042
vt 0.406250 0.581042
vt 0.437500 0.581042
vt 0.468750 0.581042
vt 0.500000 0.581042
vt 0.531250 0.581042
vt 0.562500 0.581042
vt 0.593750 0.581042
vt 0.625000 0.581042
vt 0.656250 0.581042
vt 0.687500 0.581042
vt 0.718750 0.581042
vt 0.750000 0.581042
vt 0.781250 0.581042
vt 0.812500 0.581042
vt 0.843750 0.581042
vt 0.875000 0.581042
vt 0.906250 0.581042
vt 0.937500 0.581042
vt 0.968750 0.581042
vt 1.000000 0.581042
vt 0.031250 0.586886
vt 0.000000 0.586886
vt 0.062500 0.586886
vt 0.093750 0.586886
vt 0.125000 0.586886
vt 0.156250 0.586886
vt 0.187500 0.586886
vt 0.218750 0.586886
vt 0.250000 0.586886
vt 0.281250 0.586886
vt 0.312500 0.586886
vt 0.343750 0.586886
vt 0.375000 0.586886
vt 0.406250 0.586886
vt 0.437500 0.586886
vt 0.468750 0.586886
vt 0.500000 0.586886
vt 0.531250 0.586886
vt 0.562500 0.586886
vt 0.593750 0.586886
vt 0.625000 0.586886
vt 0.656250 0.586886
vt 0.687500 0.586886
vt 0.718750 0.586886
vt 0.750000 0.586886
vt 0.781250 0.586886
vt 0.812500 0.586886
vt 0.843750 0.586886
vt 0.875000 0.586886
vt 0.906250 0.586886
vt 0.937500 0.586886
vt 0.968750 0.586886
vt 1.000000 0.586886
vt 0.031250 0.594327
vt 0.000000 0.594327
vt 0.062500 0.594327
vt 0.093750 0.594327
vt 0.125000 0.594327
vt 0.156250 0.594327
vt 0.187500 0.594327
vt 0.218750 0.594327
vt 0.250000 0.594327
vt 0.281250 0.594327
vt 0.312500 0.594327
vt 0.343750 0.594327
vt 0.375000 0.594327
vt 0.406250 0.594327
vt 0.437500 0.594327
vt 0.468750 0.594327
vt 0.500000 0.594327
vt 0.531250 0.594327
vt 0.562500 0.594327
vt 0.593750 0.594327
vt 0.625000 0.594327
vt 0.656250 0.594327
vt 0.687500 0.594327
vt 0.718750 0.594327
vt 0.750000 0.594327
vt 0.781250 0.594327
vt 0.812500 0.594327
vt 0.843750 0.594327
vt 0.875000 0.594327
vt 0.906250 0.594327
vt 0.937500 0.594327
vt 0.968750 0.594327
vt 1.000000 0.594327
vt 0.031250 0.603612
vt 0.000000 0.603612
vt 0.062500 0.603612
vt 0.093750 0.603612
vt 0.125000 0.603612
vt 0.156250 0.603612
vt 0.187500 0.603612
vt 0.218750 0.603612
vt 0.250000 0.603612
vt 0.281250 0.603612
vt 0.312500 0.603612
vt 0.343750 0.603612
vt 0.375000 0.603612
vt 0.406250 0.603612
vt 0.437500 0.603612
vt 0.468750 0.603612
vt 0.500000 0.603612
vt 0.531250 0.603612
vt 0.562500 0.603612
vt 0.593750 0.603612
vt 0.625000 0.603612
vt 0.656250 0.603612
vt 0.687500 0.603612
vt 0.718750 0.603612
vt 0.750000 0.603612
vt 0.781250 0.603612
vt 0.812500 0.603612
vt 0.843750 0.603612
vt 0.875000 0.603612
vt 0.906250 0.603612
vt 0.937500 0.603612
vt 0.968750 0.603612
vt 1.000000 0.603612
vt 0.031250 0.614988
vt 0.000000 0.614988
vt 0.062500 0.614988
vt 0.093750 0.614988
vt 0.125000 0.614988
vt 0.156250 0.614988
vt 0.187500 0.614988
vt 0.218750 0.614988
vt 0.250000 0.614988
vt 0.281250 0.614988
vt 0.312500 0.614988
vt 0.343750 0.614988
vt 0.375000 0.614988
vt 0.406250 0.614988
vt 0.437500 0.614988
vt 0.468750 0.614988
vt 0.500000 0.614988
vt 0.531250 0.614988
vt 0.562500 0.614988
vt 0.593750 0.614988
vt 0.625000 0.614988
vt 0.656250 0.614988
vt 0.687500 0.614988
vt 0.718750 0.614988
vt 0.750000 0.614988
vt 0.781250 0.614988
vt 0.812500 0.614988
vt 0.843750 0.614988
vt 0.875000 0.614988
vt 0.906250 0.614988
vt 0.937500 0.614988
vt 0.968750 0.614988
vt 1.000000 0.614988
vt 0.031250 0.628703
vt 0.000000 0.628703
vt 0.062500 0.628703
vt 0.093750 0.628703
vt 0.125000 0.628703
vt 0.156250 0.628703
vt 0.187500 0.628703
vt 0.218750 0.628703
vt 0.250000 0.628703
vt 0.281250 0.628703
vt 0.312500 0.628703
vt 0.343750 0.628703
vt 0.375000 0.628703
vt 0.406250 0.628703
vt 0.437500 0.628703
vt 0.468750 0.628703
vt 0.500000 0.628703
vt 0.531250 0.628703
vt 0.562500 0.628703
vt 0.593750 0.628703
vt 0.625000 0.628703
vt 0.656250 0.628703
vt 0.687500 0.628703
vt 0.718750 0.628703
vt 0.750000 0.628703
vt 0.781250 0.628703
vt 0.812500 0.628703
vt 0.843750 0.628703
vt 0.875000 0.628703
vt 0.906250 0.628703
vt 0.937500 0.628703
vt 0.968750 0.628703
vt 1.000000 0.628703
vt 0.031250 0.645005
vt 0.000000 0.645005
vt 0.062500 0.645005
vt 0.093750 0.645005
vt 0.125000 0.645005
vt 0.156250 0.645005
vt 0.187500 0.645005
vt 0.218750 0.645005
vt 0.250000 0.645005
vt 0.281250 0.645005
vt 0.312500 0.645005
vt 0.343750 0.645005
vt 0.375000 0.645005
vt 0.406250 0.645005
vt 0.437500 0.645005
vt 0.468750 0.645005
vt 0.500000 0.645005
vt 0.531250 0.645005
vt 0.562500 0.645005
vt 0.593750 0.645005
vt 0.625000 0.645005
vt 0.656250 0.645005
vt 0.687500 0.645005
vt 0.718750 0.645005
vt 0.750000 0.645005
vt 0.781250 0.645005
vt 0.812500 0.645005
vt 0.843750 0.645005
vt 0.875000 0.645005
vt 0.906250 0.645005
vt 0.937500 0.645005
vt 0.968750 0.645005
vt 1.000000 0.645005
vt 0.031250 0.664142
vt 0.000000 0.664142
vt 0.062500 0.664142
vt 0.093750 0.664142
vt 0.125000 0.664142
vt 0.156250 0.664142
vt 0.187500 0.664142
vt 0.218750 0.664142
vt 0.250000 0.664142
vt 0.281250 0.664142
vt 0.312500 0.664142
vt 0.343750 0.664142
vt 0.375000 0.664142
vt 0.406250 0.664142
vt 0.437500 0.664142
vt 0.468750 0.664142
vt 0.500000 0.664142
vt 0.531250 0.664142
vt 0.562500 0.664142
vt 0.593750 0.664142
vt 0.625000 0.664142
vt 0.656250 0.664142
vt 0.687500 0.664142
vt 0.718750 0.664142
vt 0.750000 0.664142
vt 0.781250 0.664142
vt 0.812500 0.664142
vt 0.843750 0.664142
vt 0.875000 0.664142
vt 0.906250 0.664142
vt 0.937500 0.664142
vt 0.968750 0.664142
vt 1.000000 0.664142
vt 0.031250 0.686360
vt 0.000000 0.686360
vt 0.062500 0.686360
vt 0.093750 0.686360
vt 0.125000 0.686360
vt 0.156250 0.686360
vt 0.187500 0.686360
vt 0.218750 0.686360
vt 0.250000 0.686360
vt 0.281250 0.686360
vt 0.312500 0.686360
vt 0.343750 0.686360
vt 0.375000 0.686360
vt 0.406250 0.686360
vt 0.437500 0.686360
vt 0.468750 0.686360
vt 0.500000 0.686360
vt 0.531250 0.686360
vt 0.562500 0.686360
vt 0.593750 0.686360
vt 0.625000 0.686360
vt 0.656250 0.686360
vt 0.687500 0.686360
vt 0.718750 0.686360
vt 0.750000 0.686360
vt 0.781250 0.686360
vt 0.812500 0.686360
vt 0.843750 0.686360
vt 0.875000 0.686360
vt 0.906250 0.686360
vt 0.937500 0.686360
vt 0.968750 0.686360
vt 1.000000 0.686360
vt 0.031250 0.707155
vt 0.000000 0.707155
vt 0.062500 0.707155
vt 0.093750 0.707155
vt 0.125000 0.707155
vt 0.156250 0.707155
vt 0.187500 0.707155
vt 0.218750 0.707155
vt 0.250000 0.707155
vt 0.281250 0.707155
vt 0.312500 0.707155
vt 0.343750 0.707155
vt 0.375000 0.707155
vt 0.406250 0.707155
vt 0.437500 0.707155
vt 0.468750 0.707155
vt 0.500000 0.707155
vt 0.531250 0.707155
vt 0.562500 0.707155
vt 0.593750 0.707155
vt 0.625000 0.707155
vt 0.656250 0.707155
vt 0.687500 0.707155
vt 0.718750 0.707155
vt 0.750000 0.707155
vt 0.781250 0.707155
vt 0.812500 0.707155
vt 0.843750 0.707155
vt 0.875000 0.707155
vt 0.906250 0.707155
vt 0.937500 0.707155
vt 0.968750 0.707155
vt 1.000000 0.707155
vt 0.031250 0.726332
vt 0.000000 0.726332
vt 0.062500 0.726332
vt 0.093750 0.726332
vt 0.125000 0.726332
vt 0.156250 0.726332
vt 0.187500 0.726332
vt 0.218750 0.726332
vt 0.250000 0.726332
vt 0.281250 0.726332
vt 0.312500 0.726332
vt 0.343750 0.726332
vt 0.375000 0.726332
vt 0.406250 0.726332
vt 0.437500 0.726332
vt 0.468750 0.726332
vt 0.500000 0.726332
vt 0.531250 0.726332
vt 0.562500 0.726332
vt 0.593750 0.726332
vt 0.625000 0.726332
vt 0.656250 0.726332
vt 0.687500 0.726332
vt 0.718750 0.726332
vt 0.750000 0.726332
vt 0.781250 0.726332
vt 0.812500 0.726332
vt 0.843750 0.726332
vt 0.875000 0.726332
vt 0.906250 0.726332
vt 0.937500 0.726332
vt 0.968750 0.726332
vt 1.000000 0.726332
vt 0.031250 0.743854
vt 0.000000 0.743854
vt 0.062500 0.743854
vt 0.093750 0.743854
vt 0.125000 0.743854
vt 0.156250 0.743854
vt 0.187500 0.743854
vt 0.218750 0.743854
vt 0.250000 0.743854
vt 0.281250 0.743854
vt 0.312500 0.743854
vt 0.343750 0.743854
vt 0.375000 0.743854
vt 0.406250 0.743854
vt 0.437500 0.743854
vt 0.468750 0.743854
vt 0.500000 0.743854
vt 0.531250 0.743854
vt 0.562500 0.743854
vt 0.593750 0.743854
vt 0.625000 0.743854
vt 0.656250 0.743854
vt 0.687500 0.743854
vt 0.718750 0.743854
vt 0.750000 0.743854
vt 0.781250 0.743854
vt 0.812500 0.743854
vt 0.843750 0.743854
vt 0.875000 0.743854
vt 0.906250 0.743854
vt 0.937500 0.743854
vt 0.968750 0.743854
vt 1.000000 0.743854
vt 0.031250 0.759686
vt 0.000000 0.759686
vt 0.062500 0.759686
vt 0.093750 0.759686
vt 0.125000 0.759686
vt 0.156250 0.759686
vt 0.187500 0.759686
vt 0.218750 0.759686
vt 0.250000 0.759686
vt 0.281250 0.759686
vt 0.312500 0.759686
vt 0.343750 0.759686
vt 0.375000 0.759686
vt 0.406250 0.759686
vt 0.437500 0.759686
vt 0.468750 0.759686
vt 0.500000 0.759686
vt 0.531250 0.759686
vt 0.562500 0.759686
vt 0.593750 0.759686
vt 0.625000 0.759686
vt 0.656250 0.759686
vt 0.687500 0.759686
vt 0.718750 0.759686
vt 0.750000 0.759686
vt 0.781250 0.759686
vt 0.812500 0.759686
vt 0.843750 0.759686
vt 0.875000 0.759686
vt 0.906250 0.759686
vt 0.937500 0.759686
vt 0.968750 0.759686
vt 1.000000 0.759686
vt 0.031250 0.773790
vt 0.000000 0.773790
vt 0.062500 0.773790
vt 0.093750 0.773790
vt 0.125000 0.773790
vt 0.156250 0.773790
vt 0.187500 0.773790
vt 0.218750 0.773790
vt 0.250000 0.773790
vt 0.281250 0.773790
vt 0.312500 0.773790
vt 0.343750 0.773790
vt 0.375000 0.773790
vt 0.406250 0.773790
vt 0.437500 0.773790
vt 0.468750 0.773790
vt 0.500000 0.773790
vt 0.531250 0.773790
vt 0.562500 0.773790
vt 0.593750 0.773790
vt 0.625000 0.773790
vt 0.656250 0.773790
vt 0.687500 0.773790
vt 0.718750 0.773790
vt 0.750000 0.773790
vt 0.781250 0.773790
vt 0.812500 0.773790
vt 0.843750 0.773790
vt 0.875000 0.773790
vt 0.906250 0.773790
vt 0.937500 0.773790
vt 0.968750 0.773790
vt 1.000000 0.773790
vt 0.031250 0.786132
vt 0.000000 0.786132
vt 0.062500 0.786132
vt 0.093750 0.786132
vt 0.125000 0.786132
vt 0.156250 0.786132
vt 0.187500 0.786132
vt 0.218750 0.786132
vt 0.250000 0.786132
vt 0.281250 0.786132
vt 0.312500 0.786132
vt 0.343750 0.786132
vt 0.375000 0.786132
vt 0.406250 0.786132
vt 0.437500 0.786132
vt 0.468750 0.786132
vt 0.500000 0.786132
vt 0.531250 0.786132
vt 0.562500 0.786132
vt 0.593750 0.786132
vt 0.625000 0.786132
vt 0.656250 0.786132
vt 0.687500 0.786132
vt 0.718750 0.786132
vt 0.750000 0.786132
vt 0.781250 0.786132
vt 0.812500 0.786132
vt 0.843750 0.786132
vt 0.875000 0.786132
vt 0.906250 0.786132
vt 0.937500 0.786132
vt 0.968750 0.786132
vt 1.000000 0.786132
vt 0.031250 0.796674
vt 0.000000 0.796674
vt 0.062500 0.796674
vt 0.093750 0.796674
vt 0.125000 0.796674
vt 0.156250 0.796674
vt 0.187500 0.796674
vt 0.218750 0.796674
vt 0.250000 0.796674
vt 0.281250 0.796674
vt 0.312500 0.796674
vt 0.343750 0.796674
vt 0.375000 0.796674
vt 0.406250 0.796674
vt 0.437500 0.796674
vt 0.468750 0.796674
vt 0.500000 0.796674
vt 0.531250 0.796674
vt 0.562500 0.796674
vt 0.593750 0.796674
vt 0.625000 0.796674
vt 0.656250 0.796674
vt 0.687500 0.796674
vt 0.718750 0.796674
vt 0.750000 0.796674
vt 0.781250 0.796674
vt 0.812500 0.796674
vt 0.843750 0.796674
vt 0.875000 0.796674
vt 0.906250 0.796674
vt 0.937500 0.796674
vt 0.968750 0.796674
vt 1.000000 0.796674
vt 0.031250 0.805380
vt 0.000000 0.805380
vt 0.062500 0.805380
vt 0.093750 0.805380
vt 0.125000 0.805380
vt 0.156250 0.805380
vt 0.187500 0.805380
vt 0.218750 0.805380
vt 0.250000 0.805380
vt 0.281250 0.805380
vt 0.312500 0.805380
vt 0.343750 0.805380
vt 0.375000 0.805380
vt 0.406250 0.805380
vt 0.437500 0.805380
vt 0.468750 0.805380
vt 0.500000 0.805380
vt 0.531250 0.805380
vt 0.562500 0.805380
vt 0.593750 0.805380
vt 0.625000 0.805380
vt 0.656250 0.805380
vt 0.687500 0.805380
vt 0.718750 0.805380
vt 0.750000 0.805380
vt 0.781250 0.805380
vt 0.812500 0.805380
vt 0.843750 0.805380
vt 0.875000 0.805380
vt 0.906250 0.805380
vt 0.937500 0.805380
vt 0.968750 0.805380
vt 1.000000 0.805380
vt 0.031250 0.812215
vt 0.000000 0.812215
vt 0.062500 0.812215
vt 0.093750 0.812215
vt 0.125000 0.812215
vt 0.156250 0.812215
vt 0.187500 0.812215
vt 0.218750 0.812215
vt 0.250000 0.812215
vt 0.281250 0.812215
vt 0.312500 0.812215
vt 0.343750 0.812215
vt 0.375000 0.812215
vt 0.406250 0.812215
vt 0.437500 0.812215
vt 0.468750 0.812215
vt 0.500000 0.812215
vt 0.531250 0.812215
vt 0.562500 0.812215
vt 0.593750 0.812215
vt 0.625000 0.812215
vt 0.656250 0.812215
vt 0.687500 0.812215
vt 0.718750 0.812215
vt 0.750000 0.812215
vt 0.781250 0.812215
vt 0.812500 0.812215
vt 0.843750 0.812215
vt 0.875000 0.812215
vt 0.906250 0.812215
vt 0.937500 0.812215
vt 0.968750 0.812215
vt 1.000000 0.812215
vt 0.031250 0.817142
vt 0.000000 0.817142
vt 0.062500 0.817142
vt 0.093750 0.817142
vt 0.125000 0.817142
vt 0.156250 0.817142
vt 0.187500 0.817142
vt 0.218750 0.817142
vt 0.250000 0.817142
vt 0.281250 0.817142
vt 0.312500 0.817142
vt 0.343750 0.817142
vt 0.375000 0.817142
vt 0.406250 0.817142
vt 0.437500 0.817142
vt 0.468750 0.817142
vt 0.500000 0.817142
vt 0.531250 0.817142
vt 0.562500 0.817142
vt 0.593750 0.817142
vt 0.625000 0.817142
vt 0.656250 0.817142
vt 0.687500 0.817142
vt 0.718750 0.817142
vt 0.750000 0.817142
vt 0.781250 0.817142
vt 0.812500 0.817142
vt 0.843750 0.817142
vt 0.875000 0.817142
vt 0.906250 0.817142
vt 0.937500 0.817142
vt 0.968750 0.817142
vt 1.000000 0.817142
vt 0.031250 0.820125
vt 0.000000 0.820125
vt 0.062500 0.820125
vt 0.093750 0.820125
vt 0.125000 0.820125
vt 0.156250 0.820125
vt 0.187500 0.820125
vt 0.218750 0.820125
vt 0.250000 0.820125
vt 0.281250 0.820125
vt 0.312500 0.820125
vt 0.343750 0.820125
vt 0.375000 0.820125
vt 0.406250 0.820125
vt 0.437500 0.820125
vt 0.468750 0.820125
vt 0.500000 0.820125
vt 0.531250 0.820125
vt 0.562500 0.820125
vt 0.593750 0.820125
vt 0.625000 0.820125
vt 0.656250 0.820125
vt 0.687500 0.820125
vt 0.718750 0.820125
vt 0.750000 0.820125
vt 0.781250 0.820125
vt 0.812500 0.820125
vt 0.843750 0.820125
vt 0.875000 0.820125
vt 0.906250 0.820125
vt 0.937500 0.820125
vt 0.968750 0.820125
vt 1.000000 0.820125
vt 0.031250 0.821127
vt 0.000000 0.821127
vt 0.062500 0.821127
vt 0.093750 0.821127
vt 0.125000 0.821127
vt 0.156250 0.821127
vt 0.187500 0.821127
vt 0.218750 0.821127
vt 0.250000 0.821127
vt 0.281250 0.821127
vt 0.312500 0.821127
vt 0.343750 0.821127
vt 0.375000 0.821127
vt 0.406250 0.821127
vt 0.437500 0.821127
vt 0.468750 0.821127
vt 0.500000 0.821127
vt 0.531250 0.821127
vt 0.562500 0.821127
vt 0.593750 0.821127
vt 0.625000 0.821127
vt 0.656250 0.821127
vt 0.687500 0.821127
vt 0.718750 0.821127
vt 0.750000 0.821127
vt 0.781250 0.821127
vt 0.812500 0.821127
vt 0.843750 0.821127
vt 0.875000 0.821127
vt 0.906250 0.821127
vt 0.937500 0.821127
vt 0.968750 0.821127
vt 1.000000 0.821127
vt 1.000000 0.500000
vt 0.968750 0.500000
vt 0.968750 1.000000
vt 1.000000 1.000000
vt 0.937500 0.500000
vt 0.937500 1.000000
vt 0.906250 0.500000
vt 0.906250 1.000000
vt 0.875000 0.500000
vt 0.875000 1.000000
vt 0.843750 0.500000
vt 0.843750 1.000000
vt 0.812500 0.500000
vt 0.812500 1.000000
vt 0.781250 0.500000
vt 0.781250 1.000000
vt 0.750000 0.500000
vt 0.750000 1.000000
vt 0.718750 0.500000
vt 0.718750 1.000000
vt 0.687500 0.500000
vt 0.687500 1.000000
vt 0.656250 0.500000
vt 0.656250 1.000000
vt 0.625000 0.500000
vt 0.625000 1.000000
vt 0.593750 0.500000
vt 0.593750 1.000000
vt 0.562500 0.500000
vt 0.562500 1.000000
vt 0.531250 0.500000
vt 0.531250 1.000000
vt 0.500000 0.500000
vt 0.500000 1.000000
vt 0.468750 0.500000
vt 0.468750 1.000000
vt 0.437500 0.500000
vt 0.437500 1.000000
vt 0.406250 0.500000
vt 0.406250 1.000000
vt 0.375000 0.500000
vt 0.375000 1.000000
vt 0.343750 0.500000
vt 0.343750 1.000000
vt 0.312500 0.500000
vt 0.312500 1.000000
vt 0.281250 0.500000
vt 0.281250 1.000000
vt 0.250000 0.500000
vt 0.250000 1.000000
vt 0.218750 0.500000
vt 0.218750 1.000000
vt 0.187500 0.500000
vt 0.187500 1.000000
vt 0.156250 0.500000
vt 0.156250 1.000000
vt 0.125000 0.500000
vt 0.125000 1.000000
vt 0.093750 0.500000
vt 0.093750 1.000000
vt 0.062500 0.500000
vt 0.062500 1.000000
vt 0.296822 0.485388
vt 0.341844 0.471731
vt 0.383337 0.449553
vt 0.419706 0.419706
vt 0.449553 0.383337
vt 0.471731 0.341844
vt 0.485388 0.296822
vt 0.490000 0.250000
vt 0.485388 0.203178
vt 0.471731 0.158156
vt 0.449553 0.116663
vt 0.419706 0.080294
vt 0.383337 0.050447
vt 0.341844 0.028269
vt 0.296822 0.014612
vt 0.250000 0.010000
vt 0.203178 0.014612
vt 0.158156 0.028269
vt 0.116663 0.050447
vt 0.080294 0.080294
vt 0.050447 0.116663
vt 0.028269 0.158156
vt 0.014612 0.203178
vt 0.010000 0.250000
vt 0.014612 0.296822
vt 0.028269 0.341844
vt 0.050447 0.383337
vt 0.080294 0.419706
vt 0.116663 0.449553
vt 0.158156 0.471731
vt 0.203178 0.485388
vt 0.250000 0.490000
vt 0.031250 0.500000
vt 0.031250 1.000000
vt 0.000000 0.500000
vt 0.000000 1.000000
vt 0.750000 0.490000
vt 0.796822 0.485388
vt 0.841844 0.471731
vt 0.883337 0.449553
vt 0.919706 0.419706
vt 0.949553 0.383337
vt 0.971731 0.341844
vt 0.985388 0.296822
vt 0.990000 0.250000
vt 0.985388 0.203178
vt 0.971731 0.158156
vt 0.949553 0.116663
vt 0.919706 0.080294
vt 0.883337 0.050447
vt 0.841844 0.028269
vt 0.796822 0.014612
vt 0.750000 0.010000
vt 0.703178 0.014612
vt 0.658156 0.028269
vt 0.616663 0.050447
vt 0.580294 0.080294
vt 0.550447 0.116663
vt 0.528269 0.158156
vt 0.514612 0.203178
vt 0.510000 0.250000
vt 0.514612 0.296822
vt 0.528269 0.341844
vt 0.550447 0.383337
vt 0.580294 0.419706
vt 0.616663 0.449553
vt 0.658156 0.471731
vt 0.703178 0.485388
s 1
usemtl Velvet
f 1/1/1 140/2/2 141/3/3 2/4/4
f 140/2/2 279/5/5 280/6/6 141/3/3
f 279/5/5 418/7/7 419/8/8 280/6/6
f 418/7/7 557/9/9 558/10/10 419/8/8
f 557/9/9 696/11/11 697/12/12 558/10/10
f 696/11/11 835/13/13 836/14/14 697/12/12
f 835/13/13 974/15/15 975/16/16 836/14/14
f 974/15/15 1113/17/17 1114/18/18 975/16/16
f 1113/17/17 1252/19/19 1253/20/20 1114/18/18
f 1252/19/19 1391/21/21 1392/22/22 1253/20/20
f 1391/21/21 1530/23/23 1531/24/24 1392/22/22
f 1530/23/23 1669/25/25 1670/26/26 1531/24/24
f 1669/25/25 1808/27/27 1809/28/28 1670/26/26
f 1808/27/27 1947/29/29 1948/30/30 1809/28/28
f 1947/29/29 2086/31/31 2087/32/32 1948/30/30
f 2086/31/31 2225/33/33 2226/34/34 2087/32/32
f 2225/33/33 2364/35/35 2365/36/36 2226/34/34
f 2364/35/35 2503/37/37 2504/38/38 2365/36/36
f 2503/37/37 2642/39/39 2643/40/40 2504/38/38
f 2642/39/39 2781/41/41 2782/42/42 2643/40/40
f 2781/41/41 2920/43/43 2921/44/44 2782/42/42
f 2920/43/43 3059/45/45 3060/46/46 2921/44/44
f 3059/45/45 3198/47/47 3199/48/48 3060/46/46
f 3198/47/47 3337/49/49 3338/50/50 3199/48/48
f 3337/49/49 3476/51/51 3477/52/52 3338/50/50
f 3476/51/51 3615/53/53 3616/54/54 3477/52/52
f 3615/53/53 3754/55/55 3755/56/56 3616/54/54
f 3754/55/55 3893/57/57 3894/58/58 3755/56/56
f 3893/57/57 4032/59/59 4033/60/60 3894/58/58
f 4032/59/59 4171/61/61 4172/62/62 4033/60/60
f 4171/61/61 4310/63/63 4311/64/64 4172/62/62
f 4310/63/63 1/65/1 2/66/4 4311/64/64
f 2/4/4 141/3/3 142/67/65 3/68/66
f 141/3/3 280/6/6 281/69/67 142/67/65
f 280/6/6 419/8/8 420/70/68 281/69/67
f 419/8/8 558/10/10 559/71/69 420/70/68
f 558/10/10 697/12/12 698/72/70 559/71/69
f 697/12/12 836/14/14 837/73/71 698/72/70
f 836/14/14 975/16/16 976/74/72 837/73/71
f 975/16/16 1114/18/18 1115/75/73 976/74/72
f 1114/18/18 1253/20/20 1254/76/74 1115/75/73
f 1253/20/20 1392/22/22 1393/77/75 1254/76/74
f 1392/22/22 1531/24/24 1532/78/76 1393/77/75
f 1531/24/24 1670/26/26 1671/79/77 1532/78/76
f 1670/26/26 1809/28/28 1810/80/78 1671/79/77
f 1809/28/28 1948/30/30 1949/81/79 1810/80/78
f 1948/30/30 2087/32/32 2088/82/80 1949/81/79
f 2087/32/32 2226/34/34 2227/83/81 2088/82/80
f 2226/34/34 2365/36/36 2366/84/82 2227/83/81
f 2365/36/36 2504/38/38 2505/85/83 2366/84/82
f 2504/38/38 2643/40/40 2644/86/84 2505/85/83
f 2643/40/40 2782/42/42 2783/87/85 2644/86/84
f 2782/42/42 2921/44/44 2922/88/86 2783/87/85
f 2921/44/44 3060/46/46 3061/89/87 2922/88/86
f 3060/46/46 3199/48/48 3200/90/88 3061/89/87
f 3199/48/48 3338/50/50 3339/91/89 3200/90/88
f 3338/50/50 3477/52/52 3478/92/90 3339/91/89
f 3477/52/52 3616/54/54 3617/93/91 3478/92/90
f 3616/54/54 3755/56/56 3756/94/92 3617/93/91
f 3755/56/56 3894/58/58 3895/95/93 3756/94/92
f 3894/58/58 4033/60/60 4034/96/94 3895/95/93
f 4033/60/60 4172/62/62 4173/97/95 4034/96/94
f 4172/62/62 4311/64/64 4312/98/96 4173/97/95
f 4311/64/64 2/66/4 3/99/66 4312/98/96
f 3/68/66 142/67/65 143/100/97 4/101/98
f 142/67/65 281/69/67 282/102/99 143/100/97
f 281/69/67 420/70/68 421/103/100 282/102/99
f 420/70/68 559/71/69 560/104/101 421/103/100
f 559/71/69 698/72/70 699/105/102 560/104/101
f 698/72/70 837/73/71 838/106/103 699/105/102
f 837/73/71 976/74/72 977/107/104 838/106/103
f 976/74/72 1115/75/73 1116/108/105 977/107/104
f 1115/75/73 1254/76/74 1255/109/106 1116/108/105
f 1254/76/74 1393/77/75 1394/110/107 1255/109/106
f 1393/77/75 1532/78/76 1533/111/108 1394/110/107
f 1532/78/76 1671/79/77 1672/112/109 1533/111/108
f 1671/79/77 1810/80/78 1811/113/110 1672/112/109
f 1810/80/78 1949/81/79 1950/114/111 1811/113/110
f 1949/81/79 2088/82/80 2089/115/112 1950/114/111
f 2088/82/80 2227/83/81 2228/116/113 2089/115/112
f 2227/83/81 2366/84/82 2367/117/114 2228/116/113
f 2366/84/82 2505/85/83 2506/118/115 2367/117/114
f 2505/85/83 2644/86/84 2645/119/116 2506/118/115
f 2644/86/84 2783/87/85 2784/120/117 2645/119/116
f 2783/87/85 2922/88/86 2923/121/118 2784/120/117
f 2922/88/86 3061/89/87 3062/122/119 2923/121/118
f 3061/89/87 3200/90/88 3201/123/120 3062/122/119
f 3200/90/88 3339/91/89 3340/124/121 3201/123/120
f 3339/91/89 3478/92/90 3479/125/122 3340/124/121
f 3478/92/90 3617/93/91 3618/126/123 3479/125/122
f 3617/93/91 3756/94/92 3757/127/124 3618/126/123
f 3756/94/92 3895/95/93 3896/128/125 3757/127/124
f 3895/95/93 4034/96/94 4035/129/126 3896/128/125
f 4034/96/94 4173/97/95 4174/130/127 4035/129/126
f 4173/97/95 4312/98/96 4313/131/128 4174/130/127
f 4312/98/96 3/99/66 4/132/98 4313/131/128
f 4450/4588/4434 4452/4589/4434 4453/4590/4434 4451/4591/4434
f 4452/4589/4435 4454/4592/4435 4455/4593/4435 4453/4590/4435
f 4454/4592/4436 4456/4594/4436 4457/4595/4436 4455/4593/4436
f 4456/4594/4437 4458/4596/4437 4459/4597/4437 4457/4595/4437
f 4458/4596/4438 4460/4598/4438 4461/4599/4438 4459/4597/4438
f 4460/4598/4439 4462/4600/4439 4463/4601/4439 4461/4599/4439
f 4462/4600/4440 4464/4602/4440 4465/4603/4440 4463/4601/4440
f 4464/4602/4441 4466/4604/4441 4467/4605/4441 4465/4603/4441
f 4466/4604/4442 4468/4606/4442 4469/4607/4442 4467/4605/4442
f 4468/4606/4443 4470/4608/4443 4471/4609/4443 4469/4607/4443
f 4470/4608/4444 4472/4610/4444 4473/4611/4444 4471/4609/4444
f 4472/4610/4445 4474/4612/4445 4475/4613/4445 4473/4611/4445
f 4474/4612/4446 4476/4614/4446 4477/4615/4446 4475/4613/4446
f 4476/4614/4447 4478/4616/4447 4479/4617/4447 4477/4615/4447
f 4478/4616/4448 4480/4618/4448 4481/4619/4448 4479/4617/4448
f 4480/4618/4449 4482/4620/4449 4483/4621/4449 4481/4619/4449
f 4482/4620/4450 4484/4622/4450 4485/4623/4450 4483/4621/4450
f 4484/4622/4451 4486/4624/4451 4487/4625/4451 4485/4623/4451
f 4486/4624/4452 4488/4626/4452 4489/4627/4452 4487/4625/4452
f 4488/4626/4453 4490/4628/4453 4491/4629/4453 4489/4627/4453
f 4490/4628/4454 4492/4630/4454 4493/4631/4454 4491/4629/4454
f 4492/4630/4455 4494/4632/4455 4495/4633/4455 4493/4631/4455
f 4494/4632/4456 4496/4634/4456 4497/4635/4456 4495/4633/4456
f 4496/4634/4457 4498/4636/4457 4499/4637/4457 4497/4635/4457
f 4498/4636/4458 4500/4638/4458 4501/4639/4458 4499/4637/4458
f 4500/4638/4459 4502/4640/4459 4503/4641/4459 4501/4639/4459
f 4502/4640/4460 4504/4642/4460 4505/4643/4460 4503/4641/4460
f 4504/4642/4461 4506/4644/4461 4507/4645/4461 4505/4643/4461
f 4506/4644/4462 4508/4646/4462 4509/4647/4462 4507/4645/4462
f 4508/4646/4463 4510/4648/4463 4511/4649/4463 4509/4647/4463
f 4453/4650/4464 4455/4651/4464 4457/4652/4464 4459/4653/4464 4461/4654/4464 4463/4655/4464 4465/4656/4464 4467/4657/4464 4469/4658/4464 4471/4659/4464 4473/4660/4464 4475/4661/4464 4477/4662/4464 4479/4663/4464 4481/4664/4464 4483/4665/4464 4485/4666/4464 4487/4667/4464 4489/4668/4464 4491/4669/4464 4493/4670/4464 4495/4671/4464 4497/4672/4464 4499/4673/4464 4501/4674/4464 4503/4675/4464 4505/4676/4464 4507/4677/4464 4509/4678/4464 4511/4679/4464 4513/4680/4464 4451/4681/4464
f 4510/4648/4465 4512/4682/4465 4513/4683/4465 4511/4649/4465
f 4512/4682/4466 4450/4684/4466 4451/4685/4466 4513/4683/4466
f 4450/4686/4464 4452/4687/4464 4454/4688/4464 4456/4689/4464 4458/4690/4464 4460/4691/4464 4462/4692/4464 4464/4693/4464 4466/4694/4464 4468/4695/4464 4470/4696/4464 4472/4697/4464 4474/4698/4464 4476/4699/4464 4478/4700/4464 4480/4701/4464 4482/4702/4464 4484/4703/4464 4486/4704/4464 4488/4705/4464 4490/4706/4464 4492/4707/4464 4494/4708/4464 4496/4709/4464 4498/4710/4464 4500/4711/4464 4502/4712/4464 4504/4713/4464 4506/4714/4464 4508/4715/4464 4510/4716/4464 4512/4717/4464
usemtl Plastic
f 4/101/98 143/100/97 144/133/129 5/134/130
f 143/100/97 282/102/99 283/135/131 144/133/129
f 282/102/99 421/103/100 422/136/132 283/135/131
f 421/103/100 560/104/101 561/137/133 422/136/132
f 560/104/101 699/105/102 700/138/134 561/137/133
f 699/105/102 838/106/103 839/139/135 700/138/134
f 838/106/103 977/107/104 978/140/136 839/139/135
f 977/107/104 1116/108/105 1117/141/137 978/140/136
f 1116/108/105 1255/109/106 1256/142/138 1117/141/137
f 1255/109/106 1394/110/107 1395/143/139 1256/142/138
f 1394/110/107 1533/111/108 1534/144/140 1395/143/139
f 1533/111/108 1672/112/109 1673/145/141 1534/144/140
f 1672/112/109 1811/113/110 1812/146/142 1673/145/141
f 1811/113/110 1950/114/111 1951/147/143 1812/146/142
f 1950/114/111 2089/115/112 2090/148/144 1951/147/143
f 2089/115/112 2228/116/113 2229/149/145 2090/148/144
f 2228/116/113 2367/117/114 2368/150/146 2229/149/145
f 2367/117/114 2506/118/115 2507/151/147 2368/150/146
f 2506/118/115 2645/119/116 2646/152/148 2507/151/147
f 2645/119/116 2784/120/117 2785/153/149 2646/152/148
f 2784/120/117 2923/121/118 2924/154/150 2785/153/149
f 2923/121/118 3062/122/119 3063/155/151 2924/154/150
f 3062/122/119 3201/123/120 3202/156/152 3063/155/151
f 3201/123/120 3340/124/121 3341/157/153 3202/156/152
f 3340/124/121 3479/125/122 3480/158/154 3341/157/153
f 3479/125/122 3618/126/123 3619/159/155 3480/158/154
f 3618/126/123 3757/127/124 3758/160/156 3619/159/155
f 3757/127/124 3896/128/125 3897/161/157 3758/160/156
f 3896/128/125 4035/129/126 4036/162/158 3897/161/157
f 4035/129/126 4174/130/127 4175/163/159 4036/162/158
f 4174/130/127 4313/131/128 4314/164/160 4175/163/159
f 4313/131/128 4/132/98 5/165/130 4314/164/160
f 5/134/130 144/133/129 145/166/161 6/167/162
f 144/133/129 283/135/131 284/168/163 145/166/161
f 283/135/131 422/136/132 423/169/164 284/168/163
f 422/136/132 561/137/133 562/170/165 423/169/164
f 561/137/133 700/138/134 701/171/166 562/170/165
f 700/138/134 839/139/135 840/172/167 701/171/166
f 839/139/135 978/140/136 979/173/168 840/172/167
f 978/140/136 1117/141/137 1118/174/169 979/173/168
f 1117/141/137 1256/142/138 1257/175/170 1118/174/169
f 1256/142/138 1395/143/139 1396/176/171 1257/175/170
f 1395/143/139 1534/144/140 1535/177/172 1396/176/171
f 1534/144/140 1673/145/141 1674/178/173 1535/177/172
f 1673/145/141 1812/146/142 1813/179/174 1674/178/173
f 1812/146/142 1951/147/143 1952/180/175 1813/179/174
f 1951/147/143 2090/148/144 2091/181/176 1952/180/175
f 2090/148/144 2229/149/145 2230/182/177 2091/181/176
f 2229/149/145 2368/150/146 2369/183/178 2230/182/177
f 2368/150/146 2507/151/147 2508/184/179 2369/183/178
f 2507/151/147 2646/152/148 2647/185/180 2508/184/179
f 2646/152/148 2785/153/149 2786/186/181 2647/185/180
f 2785/153/149 2924/154/150 2925/187/182 2786/186/181
f 2924/154/150 3063/155/151 3064/188/183 2925/187/182
f 3063/155/151 3202/156/152 3203/189/184 3064/188/183
f 3202/156/152 3341/157/153 3342/190/185 3203/189/184
f 3341/157/153 3480/158/154 3481/191/186 3342/190/185
f 3480/158/154 3619/159/155 3620/192/187 3481/191/186
f 3619/159/155 3758/160/156 3759/193/188 3620/192/187
f 3758/160/156 3897/161/157 3898/194/189 3759/193/188
f 3897/161/157 4036/162/158 4037/195/190 3898/194/189
f 4036/162/158 4175/163/159 4176/196/191 4037/195/190
f 4175/163/159 4314/164/160 4315/197/192 4176/196/191
f 4314/164/160 5/165/130 6/198/162 4315/197/192
f 6/167/162 145/166/161 146/199/193 7/200/194
f 145/166/161 284/168/163 285/201/195 146/199/193
f 284/168/163 423/169/164 424/202/196 285/201/195
f 423/169/164 562/170/165 563/203/197 424/202/196
f 562/170/165 701/171/166 702/204/198 563/203/197
f 701/171/166 840/172/167 841/205/199 702/204/198
f 840/172/167 979/173/168 980/206/200 841/205/199
f 979/173/168 1118/174/169 1119/207/201 980/206/200
f 1118/174/169 1257/175/170 1258/208/202 1119/207/201
f 1257/175/170 1396/176/171 1397/209/203 1258/208/202
f 1396/176/171 1535/177/172 1536/210/204 1397/209/203
f 1535/177/172 1674/178/173 1675/211/205 1536/210/204
f 1674/178/173 1813/179/174 1814/212/206 1675/211/205
f 1813/179/174 1952/180/175 1953/213/207 1814/212/206
f 1952/180/175 2091/181/176 2092/214/208 1953/213/207
f 2091/181/176 2230/182/177 2231/215/209 2092/214/208
f 2230/182/177 2369/183/178 2370/216/210 2231/215/209
f 2369/183/178 2508/184/179 2509/217/211 2370/216/210
f 2508/184/179 2647/185/180 2648/218/212 2509/217/211
f 2647/185/180 2786/186/181 2787/219/213 2648/218/212
f 2786/186/181 2925/187/182 2926/220/214 2787/219/213
f 2925/187/182 3064/188/183 3065/221/215 2926/220/214
f 3064/188/183 3203/189/184 3204/222/216 3065/221/215
f 3203/189/184 3342/190/185 3343/223/217 3204/222/216
f 3342/190/185 3481/191/186 3482/224/218 3343/223/217
f 3481/191/186 3620/192/187 3621/225/219 3482/224/218
f 3620/192/187 3759/193/188 3760/226/220 3621/225/219
f 3759/193/188 3898/194/189 3899/227/221 3760/226/220
f 3898/194/189 4037/195/190 4038/228/222 3899/227/221
f 4037/195/190 4176/196/191 4177/229/223 4038/228/222
f 4176/196/191 4315/197/192 4316/230/224 4177/229/223
f 4315/197/192 6/198/162 7/231/194 4316/230/224
f 7/200/194 146/199/193 147/232/225 8/233/226
f 146/199/193 285/201/195 286/234/227 147/232/225
f 285/201/195 424/202/196 425/235/228 286/234/227
f 424/202/196 563/203/197 564/236/229 425/235/228
f 563/203/197 702/204/198 703/237/230 564/236/229
f 702/204/198 841/205/199 842/238/231 703/237/230
f 841/205/199 980/206/200 981/239/232 842/238/231
f 980/206/200 1119/207/201 1120/240/233 981/239/232
f 1119/207/201 1258/208/202 1259/241/234 1120/240/233
f 1258/208/202 1397/209/203 1398/242/235 1259/241/234
f 1397/209/203 1536/210/204 1537/243/236 1398/242/235
f 1536/210/204 1675/211/205 1676/244/237 1537/243/236
f 1675/211/205 1814/212/206 1815/245/238 1676/244/237
f 1814/212/206 1953/213/207 1954/246/239 1815/245/238
f 1953/213/207 2092/214/208 2093/247/240 1954/246/239
f 2092/214/208 2231/215/209 2232/248/241 2093/247/240
f 2231/215/209 2370/216/210 2371/249/242 2232/248/241
f 2370/216/210 2509/217/211 2510/250/243 2371/249/242
f 2509/217/211 2648/218/212 2649/251/244 2510/250/243
f 2648/218/212 2787/219/213 2788/252/245 2649/251/244
f 2787/219/213 2926/220/214 2927/253/246 2788/252/245
f 2926/220/214 3065/221/215 3066/254/247 2927/253/246
f 3065/221/215 3204/222/216 3205/255/248 3066/254/247
f 3204/222/216 3343/223/217 3344/256/249 3205/255/248
f 3343/223/217 3482/224/218 3483/257/250 3344/256/249
f 3482/224/218 3621/225/219 3622/258/251 3483/257/250
f 3621/225/219 3760/226/220 3761/259/252 3622/258/251
f 3760/226/220 3899/227/221 3900/260/253 3761/259/252
f 3899/227/221 4038/228/222 4039/261/254 3900/260/253
f 4038/228/222 4177/229/223 4178/262/255 4039/261/254
f 4177/229/223 4316/230/224 4317/263/256 4178/262/255
f 4316/230/224 7/231/194 8/264/226 4317/263/256
f 8/233/226 147/232/225 148/265/257 9/266/258
f 147/232/225 286/234/227 287/267/259 148/265/257
f 286/234/227 425/235/228 426/268/260 287/267/259
f 425/235/228 564/236/229 565/269/261 426/268/260
f 564/236/229 703/237/230 704/270/262 565/269/261
f 703/237/230 842/238/231 843/271/263 704/270/262
f 842/238/231 981/239/232 982/272/264 843/271/263
f 981/239/232 1120/240/233 1121/273/265 982/272/264
f 1120/240/233 1259/241/234 1260/274/266 1121/273/265
f 1259/241/234 1398/242/235 1399/275/267 1260/274/266
f 1398/242/235 1537/243/236 1538/276/268 1399/275/267
f 1537/243/236 1676/244/237 1677/277/269 1538/276/268
f 1676/244/237 1815/245/238 1816/278/270 1677/277/269
f 1815/245/238 1954/246/239 1955/279/271 1816/278/270
f 1954/246/239 2093/247/240 2094/280/272 1955/279/271
f 2093/247/240 2232/248/241 2233/281/273 2094/280/272
f 2232/248/241 2371/249/242 2372/282/274 2233/281/273
f 2371/249/242 2510/250/243 2511/283/275 2372/282/274
f 2510/250/243 2649/251/244 2650/284/276 2511/283/275
f 2649/251/244 2788/252/245 2789/285/277 2650/284/276
f 2788/252/245 2927/253/246 2928/286/278 2789/285/277
f 2927/253/246 3066/254/247 3067/287/279 2928/286/278
f 3066/254/247 3205/255/248 3206/288/280 3067/287/279
f 3205/255/248 3344/256/249 3345/289/281 3206/288/280
f 3344/256/249 3483/257/250 3484/290/282 3345/289/281
f 3483/257/250 3622/258/251 3623/291/283 3484/290/282
f 3622/258/251 3761/259/252 3762/292/284 3623/291/283
f 3761/259/252 3900/260/253 3901/293/285 3762/292/284
f 3900/260/253 4039/261/254 4040/294/286 3901/293/285
f 4039/261/254 4178/262/255 4179/295/287 4040/294/286
f 4178/262/255 4317/263/256 4318/296/288 4179/295/287
f 4317/263/256 8/264/226 9/297/258 4318/296/288
f 9/266/258 148/265/257 149/298/289 10/299/290
f 148/265/257 287/267/259 288/300/291 149/298/289
f 287/267/259 426/268/260 427/301/292 288/300/291
f 426/268/260 565/269/261 566/302/293 427/301/292
f 565/269/261 704/270/262 705/303/294 566/302/293
f 704/270/262 843/271/263 844/304/295 705/303/294
f 843/271/263 982/272/264 983/305/296 844/304/295
f 982/272/264 1121/273/265 1122/306/297 983/305/296
f 1121/273/265 1260/274/266 1261/307/298 1122/306/297
f 1260/274/266 1399/275/267 1400/308/299 1261/307/298
f 1399/275/267 1538/276/268 1539/309/300 1400/308/299
f 1538/276/268 1677/277/269 1678/310/301 1539/309/300
f 1677/277/269 1816/278/270 1817/311/302 1678/310/301
f 1816/278/270 1955/279/271 1956/312/303 1817/311/302
f 1955/279/271 2094/280/272 2095/313/304 1956/312/303
f 2094/280/272 2233/281/273 2234/314/305 2095/313/304
f 2233/281/273 2372/282/274 2373/315/306 2234/314/305
f 2372/282/274 2511/283/275 2512/316/307 2373/315/306
f 2511/283/275 2650/284/276 2651/317/308 2512/316/307
f 2650/284/276 2789/285/277 2790/318/309 2651/317/308
f 2789/285/277 2928/286/278 2929/319/310 2790/318/309
f 2928/286/278 3067/287/279 3068/320/311 2929/319/310
f 3067/287/279 3206/288/280 3207/321/312 3068/320/311
f 3206/288/280 3345/289/281 3346/322/313 3207/321/312
f 3345/289/281 3484/290/282 3485/323/314 3346/322/313
f 3484/290/282 3623/291/283 3624/324/315 3485/323/314
f 3623/291/283 3762/292/284 3763/325/316 3624/324/315
f 3762/292/284 3901/293/285 3902/326/317 3763/325/316
f 3901/293/285 4040/294/286 4041/327/318 3902/326/317
f 4040/294/286 4179/295/287 4180/328/319 4041/327/318
f 4179/295/287 4318/296/288 4319/329/320 4180/328/319
f 4318/296/288 9/297/258 10/330/290 4319/329/320
f 10/299/290 149/298/289 150/331/321 11/332/322
f 149/298/289 288/300/291 289/333/323 150/331/321
f 288/300/291 427/301/292 428/334/324 289/333/323
f 427/301/292 566/302/293 567/335/325 428/334/324
f 566/302/293 705/303/294 706/336/326 567/335/325
f 705/303/294 844/304/295 845/337/327 706/336/326
f 844/304/295 983/305/296 984/338/328 845/337/327
f 983/305/296 1122/306/297 1123/339/329 984/338/328
f 1122/306/297 1261/307/298 1262/340/330 1123/339/329
f 1261/307/298 1400/308/299 1401/341/331 1262/340/330
f 1400/308/299 1539/309/300 1540/342/332 1401/341/331
f 1539/309/300 1678/310/301 1679/343/333 1540/342/332
f 1678/310/301 1817/311/302 1818/344/334 1679/343/333
f 1817/311/302 1956/312/303 1957/345/335 1818/344/334
f 1956/312/303 2095/313/304 2096/346/336 1957/345/335
f 2095/313/304 2234/314/305 2235/347/337 2096/346/336
f 2234/314/305 2373/315/306 2374/348/338 2235/347/337
f 2373/315/306 2512/316/307 2513/349/339 2374/348/338
f 2512/316/307 2651/317/308 2652/350/340 2513/349/339
f 2651/317/308 2790/318/309 2791/351/341 2652/350/340
f 2790/318/309 2929/319/310 2930/352/342 2791/351/341
f 2929/319/310 3068/320/311 3069/353/343 2930/352/342
f 3068/320/311 3207/321/312 3208/354/344 3069/353/343
f 3207/321/312 3346/322/313 3347/355/345 3208/354/344
f 3346/322/313 3485/323/314 3486/356/346 3347/355/345
f 3485/323/314 3624/324/315 3625/357/347 3486/356/346
f 3624/324/315 3763/325/316 3764/358/348 3625/357/347
f 3763/325/316 3902/326/317 3903/359/349 3764/358/348
f 3902/326/317 4041/327/318 4042/360/350 3903/359/349
f 4041/327/318 4180/328/319 4181/361/351 4042/360/350
f 4180/328/319 4319/329/320 4320/362/352 4181/361/351
f 4319/329/320 10/330/290 11/363/322 4320/362/352
f 11/332/322 150/331/321 151/364/353 12/365/354
f 150/331/321 289/333/323 290/366/355 151/364/353
f 289/333/323 428/334/324 429/367/356 290/366/355
f 428/334/324 567/335/325 568/368/357 429/367/356
f 567/335/325 706/336/326 707/369/358 568/368/357
f 706/336/326 845/337/327 846/370/359 707/369/358
f 845/337/327 984/338/328 985/371/360 846/370/359
f 984/338/328 1123/339/329 1124/372/361 985/371/360
f 1123/339/329 1262/340/330 1263/373/362 1124/372/361
f 1262/340/330 1401/341/331 1402/374/363 1263/373/362
f 1401/341/331 1540/342/332 1541/375/364 1402/374/363
f 1540/342/332 1679/343/333 1680/376/365 1541/375/364
f 1679/343/333 1818/344/334 1819/377/366 1680/376/365
f 1818/344/334 1957/345/335 1958/378/367 1819/377/366
f 1957/345/335 2096/346/336 2097/379/368 1958/378/367
f 2096/346/336 2235/347/337 2236/380/369 2097/379/368
f 2235/347/337 2374/348/338 2375/381/370 2236/380/369
f 2374/348/338 2513/349/339 2514/382/371 2375/381/370
f 2513/349/339 2652/350/340 2653/383/372 2514/382/371
f 2652/350/340 2791/351/341 2792/384/373 2653/383/372
f 2791/351/341 2930/352/342 2931/385/374 2792/384/373
f 2930/352/342 3069/353/343 3070/386/375 2931/385/374
f 3069/353/343 3208/354/344 3209/387/376 3070/386/375
f 3208/354/344 3347/355/345 3348/388/377 3209/387/376
f 3347/355/345 3486/356/346 3487/389/378 3348/388/377
f 3486/356/346 3625/357/347 3626/390/379 3487/389/378
f 3625/357/347 3764/358/348 3765/391/380 3626/390/379
f 3764/358/348 3903/359/349 3904/392/381 3765/391/380
f 3903/359/349 4042/360/350 4043/393/382 3904/392/381
f 4042/360/350 4181/361/351 4182/394/383 4043/393/382
f 4181/361/351 4320/362/352 4321/395/384 4182/394/383
f 4320/362/352 11/363/322 12/396/354 4321/395/384
f 12/365/354 151/364/353 152/397/385 13/398/386
f 151/364/353 290/366/355 291/399/387 152/397/385
f 290/366/355 429/367/356 430/400/388 291/399/387
f 429/367/356 568/368/357 569/401/389 430/400/388
f 568/368/357 707/369/358 708/402/390 569/401/389
f 707/369/358 846/370/359 847/403/391 708/402/390
f 846/370/359 985/371/360 986/404/392 847/403/391
f 985/371/360 1124/372/361 1125/405/393 986/404/392
f 1124/372/361 1263/373/362 1264/406/394 1125/405/393
f 1263/373/362 1402/374/363 1403/407/395 1264/406/394
f 1402/374/363 1541/375/364 1542/408/396 1403/407/395
f 1541/375/364 1680/376/365 1681/409/397 1542/408/396
f 1680/376/365 1819/377/366 1820/410/398 1681/409/397
f 1819/377/366 1958/378/367 1959/411/399 1820/410/398
f 1958/378/367 2097/379/368 2098/412/400 1959/411/399
f 2097/379/368 2236/380/369 2237/413/401 2098/412/400
f 2236/380/369 2375/381/370 2376/414/402 2237/413/401
f 2375/381/370 2514/382/371 2515/415/403 2376/414/402
f 2514/382/371 2653/383/372 2654/416/404 2515/415/403
f 2653/383/372 2792/384/373 2793/417/405 2654/416/404
f 2792/384/373 2931/385/374 2932/418/406 2793/417/405
f 2931/385/374 3070/386/375 3071/419/407 2932/418/406
f 3070/386/375 3209/387/376 3210/420/408 3071/419/407
f 3209/387/376 3348/388/377 3349/421/409 3210/420/408
f 3348/388/377 3487/389/378 3488/422/410 3349/421/409
f 3487/389/378 3626/390/379 3627/423/411 3488/422/410
f 3626/390/379 3765/391/380 3766/424/412 3627/423/411
f 3765/391/380 3904/392/381 3905/425/413 3766/424/412
f 3904/392/381 4043/393/382 4044/426/414 3905/425/413
f 4043/393/382 4182/394/383 4183/427/415 4044/426/414
f 4182/394/383 4321/395/384 4322/428/416 4183/427/415
f 4321/395/384 12/396/354 13/429/386 4322/428/416
f 13/398/386 152/397/385 153/430/417 14/431/418
f 152/397/385 291/399/387 292/432/419 153/430/417
f 291/399/387 430/400/388 431/433/420 292/432/419
f 430/400/388 569/401/389 570/434/421 431/433/420
f 569/401/389 708/402/390 709/435/422 570/434/421
f 708/402/390 847/403/391 848/436/423 709/435/422
f 847/403/391 986/404/392 987/437/424 848/436/423
f 986/404/392 1125/405/393 1126/438/425 987/437/424
f 1125/405/393 1264/406/394 1265/439/426 1126/438/425
f 1264/406/394 1403/407/395 1404/440/427 1265/439/426
f 1403/407/395 1542/408/396 1543/441/428 1404/440/427
f 1542/408/396 1681/409/397 1682/442/429 1543/441/428
f 1681/409/397 1820/410/398 1821/443/430 1682/442/429
f 1820/410/398 1959/411/399 1960/444/431 1821/443/430
f 1959/411/399 2098/412/400 2099/445/432 1960/444/431
f 2098/412/400 2237/413/401 2238/446/433 2099/445/432
f 2237/413/401 2376/414/402 2377/447/434 2238/446/433
f 2376/414/402 2515/415/403 2516/448/435 2377/447/434
f 2515/415/403 2654/416/404 2655/449/436 2516/448/435
f 2654/416/404 2793/417/405 2794/450/437 2655/449/436
f 2793/417/405 2932/418/406 2933/451/438 2794/450/437
f 2932/418/406 3071/419/407 3072/452/439 2933/451/438
f 3071/419/407 3210/420/408 3211/453/440 3072/452/439
f 3210/420/408 3349/421/409 3350/454/441 3211/453/440
f 3349/421/409 3488/422/410 3489/455/442 3350/454/441
f 3488/422/410 3627/423/411 3628/456/443 3489/455/442
f 3627/423/411 3766/424/412 3767/457/444 3628/456/443
f 3766/424/412 3905/425/413 3906/458/445 3767/457/444
f 3905/425/413 4044/426/414 4045/459/446 3906/458/445
f 4044/426/414 4183/427/415 4184/460/447 4045/459/446
f 4183/427/415 4322/428/416 4323/461/448 4184/460/447
f 4322/428/416 13/429/386 14/462/418 4323/461/448
f 14/431/418 153/430/417 154/463/449 15/464/450
f 153/430/417 292/432/419 293/465/451 154/463/449
f 292/432/419 431/433/420 432/466/452 293/465/451
f 431/433/420 570/434/421 571/467/453 432/466/452
f 570/434/421 709/435/422 710/468/454 571/467/453
f 709/435/422 848/436/423 849/469/455 710/468/454
f 848/436/423 987/437/424 988/470/456 849/469/455
f 987/437/424 1126/438/425 1127/471/457 988/470/456
f 1126/438/425 1265/439/426 1266/472/458 1127/471/457
f 1265/439/426 1404/440/427 1405/473/459 1266/472/458
f 1404/440/427 1543/441/428 1544/474/460 1405/473/459
f 1543/441/428 1682/442/429 1683/475/461 1544/474/460
f 1682/442/429 1821/443/430 1822/476/462 1683/475/461
f 1821/443/430 1960/444/431 1961/477/463 1822/476/462
f 1960/444/431 2099/445/432 2100/478/464 1961/477/463
f 2099/445/432 2238/446/433 2239/479/465 2100/478/464
f 2238/446/433 2377/447/434 2378/480/466 2239/479/465
f 2377/447/434 2516/448/435 2517/481/467 2378/480/466
f 2516/448/435 2655/449/436 2656/482/468 2517/481/467
f 2655/449/436 2794/450/437 2795/483/469 2656/482/468
f 2794/450/437 2933/451/438 2934/484/470 2795/483/469
f 2933/451/438 3072/452/439 3073/485/471 2934/484/470
f 3072/452/439 3211/453/440 3212/486/472 3073/485/471
f 3211/453/440 3350/454/441 3351/487/473 3212/486/472
f 3350/454/441 3489/455/442 3490/488/474 3351/487/473
f 3489/455/442 3628/456/443 3629/489/475 3490/488/474
f 3628/456/443 3767/457/444 3768/490/476 3629/489/475
f 3767/457/444 3906/458/445 3907/491/477 3768/490/476
f 3906/458/445 4045/459/446 4046/492/478 3907/491/477
f 4045/459/446 4184/460/447 4185/493/479 4046/492/478
f 4184/460/447 4323/461/448 4324/494/480 4185/493/479
f 4323/461/448 14/462/418 15/495/450 4324/494/480
f 15/464/450 154/463/449 155/496/481 16/497/482
f 154/463/449 293/465/451 294/498/483 155/496/481
f 293/465/451 432/466/452 433/499/484 294/498/483
f 432/466/452 571/467/453 572/500/485 433/499/484
f 571/467/453 710/468/454 711/501/486 572/500/485
f 710/468/454 849/469/455 850/502/487 711/501/486
f 849/469/455 988/470/456 989/503/488 850/502/487
f 988/470/456 1127/471/457 1128/504/489 989/503/488
f 1127/471/457 1266/472/458 1267/505/490 1128/504/489
f 1266/472/458 1405/473/459 1406/506/491 1267/505/490
f 1405/473/459 1544/474/460 1545/507/492 1406/506/491
f 1544/474/460 1683/475/461 1684/508/493 1545/507/492
f 1683/475/461 1822/476/462 1823/509/494 1684/508/493
f 1822/476/462 1961/477/463 1962/510/495 1823/509/494
f 1961/477/463 2100/478/464 2101/511/496 1962/510/495
f 2100/478/464 2239/479/465 2240/512/497 2101/511/496
f 2239/479/465 2378/480/466 2379/513/498 2240/512/497
f 2378/480/466 2517/481/467 2518/514/499 2379/513/498
f 2517/481/467 2656/482/468 2657/515/500 2518/514/499
f 2656/482/468 2795/483/469 2796/516/501 2657/515/500
f 2795/483/469 2934/484/470 2935/517/502 2796/516/501
f 2934/484/470 3073/485/471 3074/518/503 2935/517/502
f 3073/485/471 3212/486/472 3213/519/504 3074/518/503
f 3212/486/472 3351/487/473 3352/520/505 3213/519/504
f 3351/487/473 3490/488/474 3491/521/506 3352/520/505
f 3490/488/474 3629/489/475 3630/522/507 3491/521/506
f 3629/489/475 3768/490/476 3769/523/508 3630/522/507
f 3768/490/476 3907/491/477 3908/524/509 3769/523/508
f 3907/491/477 4046/492/478 4047/525/510 3908/524/509
f 4046/492/478 4185/493/479 4186/526/511 4047/525/510
f 4185/493/479 4324/494/480 4325/527/512 4186/526/511
f 4324/494/480 15/495/450 16/528/482 4325/527/512
f 16/497/482 155/496/481 156/529/513 17/530/514
f 155/496/481 294/498/483 295/531/515 156/529/513
f 294/498/483 433/499/484 434/532/516 295/531/515
f 433/499/484 572/500/485 573/533/517 434/532/516
f 572/500/485 711/501/486 712/534/518 573/533/517
f 711/501/486 850/502/487 851/535/519 712/534/518
f 850/502/487 989/503/488 990/536/520 851/535/519
f 989/503/488 1128/504/489 1129/537/521 990/536/520
f 1128/504/489 1267/505/490 1268/538/522 1129/537/521
f 1267/505/490 1406/506/491 1407/539/523 1268/538/522
f 1406/506/491 1545/507/492 1546/540/524 1407/539/523
f 1545/507/492 1684/508/493 1685/541/525 1546/540/524
f 1684/508/493 1823/509/494 1824/542/526 1685/541/525
f 1823/509/494 1962/510/495 1963/543/527 1824/542/526
f 1962/510/495 2101/511/496 2102/544/528 1963/543/527
f 2101/511/496 2240/512/497 2241/545/529 2102/544/528
f 2240/512/497 2379/513/498 2380/546/530 2241/545/529
f 2379/513/498 2518/514/499 2519/547/531 2380/546/530
f 2518/514/499 2657/515/500 2658/548/532 2519/547/531
f 2657/515/500 2796/516/501 2797/549/533 2658/548/532
f 2796/516/501 2935/517/502 2936/550/534 2797/549/533
f 2935/517/502 3074/518/503 3075/551/535 2936/550/534
f 3074/518/503 3213/519/504 3214/552/536 3075/551/535
f 3213/519/504 3352/520/505 3353/553/537 3214/552/536
f 3352/520/505 3491/521/506 3492/554/538 3353/553/537
f 3491/521/506 3630/522/507 3631/555/539 3492/554/538
f 3630/522/507 3769/523/508 3770/556/540 3631/555/539
f 3769/523/508 3908/524/509 3909/557/541 3770/556/540
f 3908/524/509 4047/525/510 4048/558/542 3909/557/541
f 4047/525/510 4186/526/511 4187/559/543 4048/558/542
f 4186/526/511 4325/527/512 4326/560/544 4187/559/543
f 4325/527/512 16/528/482 17/561/514 4326/560/544
f 17/530/514 156/529/513 157/562/545 18/563/546
f 156/529/513 295/531/515 296/564/547 157/562/545
f 295/531/515 434/532/516 435/565/548 296/564/547
f 434/532/516 573/533/517 574/566/549 435/565/548
f 573/533/517 712/534/518 713/567/550 574/566/549
f 712/534/518 851/535/519 852/568/551 713/567/550
f 851/535/519 990/536/520 991/569/552 852/568/551
f 990/536/520 1129/537/521 1130/570/553 991/569/552
f 1129/537/521 1268/538/522 1269/571/554 1130/570/553
f 1268/538/522 1407/539/523 1408/572/555 1269/571/554
f 1407/539/523 1546/540/524 1547/573/556 1408/572/555
f 1546/540/524 1685/541/525 1686/574/557 1547/573/556
f 1685/541/525 1824/542/526 1825/575/558 1686/574/557
f 1824/542/526 1963/543/527 1964/576/559 1825/575/558
f 1963/543/527 2102/544/528 2103/577/560 1964/576/559
f 2102/544/528 2241/545/529 2242/578/561 2103/577/560
f 2241/545/529 2380/546/530 2381/579/562 2242/578/561
f 2380/546/530 2519/547/531 2520/580/563 2381/579/562
f 2519/547/531 2658/548/532 2659/581/564 2520/580/563
f 2658/548/532 2797/549/533 2798/582/565 2659/581/564
f 2797/549/533 2936/550/534 2937/583/566 2798/582/565
f 2936/550/534 3075/551/535 3076/584/567 2937/583/566
f 3075/551/535 3214/552/536 3215/585/568 3076/584/567
f 3214/552/536 3353/553/537 3354/586/569 3215/585/568
f 3353/553/537 3492/554/538 3493/587/570 3354/586/569
f 3492/554/538 3631/555/539 3632/588/571 3493/587/570
f 3631/555/539 3770/556/540 3771/589/572 3632/588/571
f 3770/556/540 3909/557/541 3910/590/573 3771/589/572
f 3909/557/541 4048/558/542 4049/591/574 3910/590/573
f 4048/558/542 4187/559/543 4188/592/575 4049/591/574
f 4187/559/543 4326/560/544 4327/593/576 4188/592/575
f 4326/560/544 17/561/514 18/594/546 4327/593/576
f 18/563/546 157/562/545 158/595/577 19/596/578
f 157/562/545 296/564/547 297/597/579 158/595/577
f 296/564/547 435/565/548 436/598/580 297/597/579
f 435/565/548 574/566/549 575/599/581 436/598/580
f 574/566/549 713/567/550 714/600/582 575/599/581
f 713/567/550 852/568/551 853/601/583 714/600/582
f 852/568/551 991/569/552 992/602/584 853/601/583
f 991/569/552 1130/570/553 1131/603/585 992/602/584
f 1130/570/553 1269/571/554 1270/604/586 1131/603/585
f 1269/571/554 1408/572/555 1409/605/587 1270/604/586
f 1408/572/555 1547/573/556 1548/606/588 1409/605/587
f 1547/573/556 1686/574/557 1687/607/589 1548/606/588
f 1686/574/557 1825/575/558 1826/608/590 1687/607/589
f 1825/575/558 1964/576/559 1965/609/591 1826/608/590
f 1964/576/559 2103/577/560 2104/610/592 1965/609/591
f 2103/577/560 2242/578/561 2243/611/593 2104/610/592
f 2242/578/561 2381/579/562 2382/612/594 2243/611/593
f 2381/579/562 2520/580/563 2521/613/595 2382/612/594
f 2520/580/563 2659/581/564 2660/614/596 2521/613/595
f 2659/581/564 2798/582/565 2799/615/597 2660/614/596
f 2798/582/565 2937/583/566 2938/616/598 2799/615/597
f 2937/583/566 3076/584/567 3077/617/599 2938/616/598
f 3076/584/567 3215/585/568 3216/618/600 3077/617/599
f 3215/585/568 3354/586/569 3355/619/601 3216/618/600
f 3354/586/569 3493/587/570 3494/620/602 3355/619/601
f 3493/587/570 3632/588/571 3633/621/603 3494/620/602
f 3632/588/571 3771/589/572 3772/622/604 3633/621/603
f 3771/589/572 3910/590/573 3911/623/605 3772/622/604
f 3910/590/573 4049/591/574 4050/624/606 3911/623/605
f 4049/591/574 4188/592/575 4189/625/607 4050/624/606
f 4188/592/575 4327/593/576 4328/626/608 4189/625/607
f 4327/593/576 18/594/546 19/627/578 4328/626/608
f 19/596/578 158/595/577 159/628/609 20/629/610
f 158/595/577 297/597/579 298/630/611 159/628/609
f 297/597/579 436/598/580 437/631/612 298/630/611
f 436/598/580 575/599/581 576/632/613 437/631/612
f 575/599/581 714/600/582 715/633/614 576/632/613
f 714/600/582 853/601/583 854/634/615 715/633/614
f 853/601/583 992/602/584 993/635/616 854/634/615
f 992/602/584 1131/603/585 1132/636/617 993/635/616
f 1131/603/585 1270/604/586 1271/637/618 1132/636/617
f 1270/604/586 1409/605/587 1410/638/619 1271/637/618
f 1409/605/587 1548/606/588 1549/639/620 1410/638/619
f 1548/606/588 1687/607/589 1688/640/621 1549/639/620
f 1687/607/589 1826/608/590 1827/641/622 1688/640/621
f 1826/608/590 1965/609/591 1966/642/623 1827/641/622
f 1965/609/591 2104/610/592 2105/643/624 1966/642/623
f 2104/610/592 2243/611/593 2244/644/625 2105/643/624
f 2243/611/593 2382/612/594 2383/645/626 2244/644/625
f 2382/612/594 2521/613/595 2522/646/627 2383/645/626
f 2521/613/595 2660/614/596 2661/647/628 2522/646/627
f 2660/614/596 2799/615/597 2800/648/629 2661/647/628
f 2799/615/597 2938/616/598 2939/649/630 2800/648/629
f 2938/616/598 3077/617/599 3078/650/631 2939/649/630
f 3077/617/599 3216/618/600 3217/651/632 3078/650/631
f 3216/618/600 3355/619/601 3356/652/633 3217/651/632
f 3355/619/601 3494/620/602 3495/653/634 3356/652/633
f 3494/620/602 3633/621/603 3634/654/635 3495/653/634
f 3633/621/603 3772/622/604 3773/655/636 3634/654/635
f 3772/622/604 3911/623/605 3912/656/637 3773/655/636
f 3911/623/605 4050/624/606 4051/657/638 3912/656/637
f 4050/624/606 4189/625/607 4190/658/639 4051/657/638
f 4189/625/607 4328/626/608 4329/659/640 4190/658/639
f 4328/626/608 19/627/578 20/660/610 4329/659/640
f 20/629/610 159/628/609 160/661/641 21/662/642
f 159/628/609 298/630/611 299/663/643 160/661/641
f 298/630/611 437/631/612 438/664/644 299/663/643
f 437/631/612 576/632/613 577/665/645 438/664/644
f 576/632/613 715/633/614 716/666/646 577/665/645
f 715/633/614 854/634/615 855/667/647 716/666/646
f 854/634/615 993/635/616 994/668/648 855/667/647
f 993/635/616 1132/636/617 1133/669/649 994/668/648
f 1132/636/617 1271/637/618 1272/670/650 1133/669/649
f 1271/637/618 1410/638/619 1411/671/651 1272/670/650
f 1410/638/619 1549/639/620 1550/672/652 1411/671/651
f 1549/639/620 1688/640/621 1689/673/653 1550/672/652
f 1688/640/621 1827/641/622 1828/674/654 1689/673/653
f 1827/641/622 1966/642/623 1967/675/655 1828/674/654
f 1966/642/623 2105/643/624 2106/676/656 1967/675/655
f 2105/643/624 2244/644/625 2245/677/657 2106/676/656
f 2244/644/625 2383/645/626 2384/678/658 2245/677/657
f 2383/645/626 2522/646/627 2523/679/659 2384/678/658
f 2522/646/627 2661/647/628 2662/680/660 2523/679/659
f 2661/647/628 2800/648/629 2801/681/661 2662/680/660
f 2800/648/629 2939/649/630 2940/682/662 2801/681/661
f 2939/649/630 3078/650/631 3079/683/663 2940/682/662
f 3078/650/631 3217/651/632 3218/684/664 3079/683/663
f 3217/651/632 3356/652/633 3357/685/665 3218/684/664
f 3356/652/633 3495/653/634 3496/686/666 3357/685/665
f 3495/653/634 3634/654/635 3635/687/667 3496/686/666
f 3634/654/635 3773/655/636 3774/688/668 3635/687/667
f 3773/655/636 3912/656/637 3913/689/669 3774/688/668
f 3912/656/637 4051/657/638 4052/690/670 3913/689/669
f 4051/657/638 4190/658/639 4191/691/671 4052/690/670
f 4190/658/639 4329/659/640 4330/692/672 4191/691/671
f 4329/659/640 20/660/610 21/693/642 4330/692/672
f 21/662/642 160/661/641 161/694/673 22/695/674
f 160/661/641 299/663/643 300/696/675 161/694/673
f 299/663/643 438/664/644 439/697/676 300/696/675
f 438/664/644 577/665/645 578/698/677 439/697/676
f 577/665/645 716/666/646 717/699/678 578/698/677
f 716/666/646 855/667/647 856/700/679 717/699/678
f 855/667/647 994/668/648 995/701/680 856/700/679
f 994/668/648 1133/669/649 1134/702/681 995/701/680
f 1133/669/649 1272/670/650 1273/703/682 1134/702/681
f 1272/670/650 1411/671/651 1412/704/683 1273/703/682
f 1411/671/651 1550/672/652 1551/705/684 1412/704/683
f 1550/672/652 1689/673/653 1690/706/685 1551/705/684
f 1689/673/653 1828/674/654 1829/707/686 1690/706/685
f 1828/674/654 1967/675/655 1968/708/687 1829/707/686
f 1967/675/655 2106/676/656 2107/709/688 1968/708/687
f 2106/676/656 2245/677/657 2246/710/689 2107/709/688
f 2245/677/657 2384/678/658 2385/711/690 2246/710/689
f 2384/678/658 2523/679/659 2524/712/691 2385/711/690
f 2523/679/659 2662/680/660 2663/713/692 2524/712/691
f 2662/680/660 2801/681/661 2802/714/693 2663/713/692
f 2801/681/661 2940/682/662 2941/715/694 2802/714/693
f 2940/682/662 3079/683/663 3080/716/695 2941/715/694
f 3079/683/663 3218/684/664 3219/717/696 3080/716/695
f 3218/684/664 3357/685/665 3358/718/697 3219/717/696
f 3357/685/665 3496/686/666 3497/719/698 3358/718/697
f 3496/686/666 3635/687/667 3636/720/699 3497/719/698
f 3635/687/667 3774/688/668 3775/721/700 3636/720/699
f 3774/688/668 3913/689/669 3914/722/701 3775/721/700
f 3913/689/669 4052/690/670 4053/723/702 3914/722/701
f 4052/690/670 4191/691/671 4192/724/703 4053/723/702
f 4191/691/671 4330/692/672 4331/725/704 4192/724/703
f 4330/692/672 21/693/642 22/726/674 4331/725/704
f 22/695/674 161/694/673 162/727/705 23/728/706
f 161/694/673 300/696/675 301/729/707 162/727/705
f 300/696/675 439/697/676 440/730/708 301/729/707
f 439/697/676 578/698/677 579/731/709 440/730/708
f 578/698/677 717/699/678 718/732/710 579/731/709
f 717/699/678 856/700/679 857/733/711 718/732/710
f 856/700/679 995/701/680 996/734/712 857/733/711
f 995/701/680 1134/702/681 1135/735/713 996/734/712
f 1134/702/681 1273/703/682 1274/736/714 1135/735/713
f 1273/703/682 1412/704/683 1413/737/715 1274/736/714
f 1412/704/683 1551/705/684 1552/738/716 1413/737/715
f 1551/705/684 1690/706/685 1691/739/717 1552/738/716
f 1690/706/685 1829/707/686 1830/740/718 1691/739/717
f 1829/707/686 1968/708/687 1969/741/719 1830/740/718
f 1968/708/687 2107/709/688 2108/742/720 1969/741/719
f 2107/709/688 2246/710/689 2247/743/721 2108/742/720
f 2246/710/689 2385/711/690 2386/744/722 2247/743/721
f 2385/711/690 2524/712/691 2525/745/723 2386/744/722
f 2524/712/691 2663/713/692 2664/746/724 2525/745/723
f 2663/713/692 2802/714/693 2803/747/725 2664/746/724
f 2802/714/693 2941/715/694 2942/748/726 2803/747/725
f 2941/715/694 3080/716/695 3081/749/727 2942/748/726
f 3080/716/695 3219/717/696 3220/750/728 3081/749/727
f 3219/717/696 3358/718/697 3359/751/729 3220/750/728
f 3358/718/697 3497/719/698 3498/752/730 3359/751/729
f 3497/719/698 3636/720/699 3637/753/731 3498/752/730
f 3636/720/699 3775/721/700 3776/754/732 3637/753/731
f 3775/721/700 3914/722/701 3915/755/733 3776/754/732
f 3914/722/701 4053/723/702 4054/756/734 3915/755/733
f 4053/723/702 4192/724/703 4193/757/735 4054/756/734
f 4192/724/703 4331/725/704 4332/758/736 4193/757/735
f 4331/725/704 22/726/674 23/759/706 4332/758/736
f 23/728/706 162/727/705 163/760/737 24/761/738
f 162/727/705 301/729/707 302/762/739 163/760/737
f 301/729/707 440/730/708 441/763/740 302/762/739
f 440/730/708 579/731/709 580/764/741 441/763/740
f 579/731/709 718/732/710 719/765/742 580/764/741
f 718/732/710 857/733/711 858/766/743 719/765/742
f 857/733/711 996/734/712 997/767/744 858/766/743
f 996/734/712 1135/735/713 1136/768/745 997/767/744
f 1135/735/713 1274/736/714 1275/769/746 1136/768/745
f 1274/736/714 1413/737/715 1414/770/747 1275/769/746
f 1413/737/715 1552/738/716 1553/771/748 1414/770/747
f 1552/738/716 1691/739/717 1692/772/749 1553/771/748
f 1691/739/717 1830/740/718 1831/773/750 1692/772/749
f 1830/740/718 1969/741/719 1970/774/751 1831/773/750
f 1969/741/719 2108/742/720 2109/775/752 1970/774/751
f 2108/742/720 2247/743/721 2248/776/753 2109/775/752
f 2247/743/721 2386/744/722 2387/777/754 2248/776/753
f 2386/744/722 2525/745/723 2526/778/755 2387/777/754
f 2525/745/723 2664/746/724 2665/779/756 2526/778/755
f 2664/746/724 2803/747/725 2804/780/757 2665/779/756
f 2803/747/725 2942/748/726 2943/781/758 2804/780/757
f 2942/748/726 3081/749/727 3082/782/759 2943/781/758
f 3081/749/727 3220/750/728 3221/783/760 3082/782/759
f 3220/750/728 3359/751/729 3360/784/761 3221/783/760
f 3359/751/729 3498/752/730 3499/785/762 3360/784/761
f 3498/752/730 3637/753/731 3638/786/763 3499/785/762
f 3637/753/731 3776/754/732 3777/787/764 3638/786/763
f 3776/754/732 3915/755/733 3916/788/765 3777/787/764
f 3915/755/733 4054/756/734 4055/789/766 3916/788/765
f 4054/756/734 4193/757/735 4194/790/767 4055/789/766
f 4193/757/735 4332/758/736 4333/791/768 4194/790/767
f 4332/758/736 23/759/706 24/792/738 4333/791/768
f 24/761/738 163/760/737 164/793/769 25/794/770
f 163/760/737 302/762/739 303/795/771 164/793/769
f 302/762/739 441/763/740 442/796/772 303/795/771
f 441/763/740 580/764/741 581/797/773 442/796/772
f 580/764/741 719/765/742 720/798/774 581/797/773
f 719/765/742 858/766/743 859/799/775 720/798/774
f 858/766/743 997/767/744 998/800/776 859/799/775
f 997/767/744 1136/768/745 1137/801/777 998/800/776
f 1136/768/745 1275/769/746 1276/802/778 1137/801/777
f 1275/769/746 1414/770/747 1415/803/779 1276/802/778
f 1414/770/747 1553/771/748 1554/804/780 1415/803/779
f 1553/771/748 1692/772/749 1693/805/781 1554/804/780
f 1692/772/749 1831/773/750 1832/806/782 1693/805/781
f 1831/773/750 1970/774/751 1971/807/783 1832/806/782
f 1970/774/751 2109/775/752 2110/808/784 1971/807/783
f 2109/775/752 2248/776/753 2249/809/785 2110/808/784
f 2248/776/753 2387/777/754 2388/810/786 2249/809/785
f 2387/777/754 2526/778/755 2527/811/787 2388/810/786
f 2526/778/755 2665/779/756 2666/812/788 2527/811/787
f 2665/779/756 2804/780/757 2805/813/789 2666/812/788
f 2804/780/757 2943/781/758 2944/814/790 2805/813/789
f 2943/781/758 3082/782/759 3083/815/791 2944/814/790
f 3082/782/759 3221/783/760 3222/816/792 3083/815/791
f 3221/783/760 3360/784/761 3361/817/793 3222/816/792
f 3360/784/761 3499/785/762 3500/818/794 3361/817/793
f 3499/785/762 3638/786/763 3639/819/795 3500/818/794
f 3638/786/763 3777/787/764 3778/820/796 3639/819/795
f 3777/787/764 3916/788/765 3917/821/797 3778/820/796
f 3916/788/765 4055/789/766 4056/822/798 3917/821/797
f 4055/789/766 4194/790/767 4195/823/799 4056/822/798
f 4194/790/767 4333/791/768 4334/824/800 4195/823/799
f 4333/791/768 24/792/738 25/825/770 4334/824/800
f 25/794/770 164/793/769 165/826/801 26/827/802
f 164/793/769 303/795/771 304/828/803 165/826/801
f 303/795/771 442/796/772 443/829/804 304/828/803
f 442/796/772 581/797/773 582/830/805 443/829/804
f 581/797/773 720/798/774 721/831/806 582/830/805
f 720/798/774 859/799/775 860/832/807 721/831/806
f 859/799/775 998/800/776 999/833/808 860/832/807
f 998/800/776 1137/801/777 1138/834/809 999/833/808
f 1137/801/777 1276/802/778 1277/835/810 1138/834/809
f 1276/802/778 1415/803/779 1416/836/811 1277/835/810
f 1415/803/779 1554/804/780 1555/837/812 1416/836/811
f 1554/804/780 1693/805/781 1694/838/813 1555/837/812
f 1693/805/781 1832/806/782 1833/839/814 1694/838/813
f 1832/806/782 1971/807/783 1972/840/815 1833/839/814
f 1971/807/783 2110/808/784 2111/841/816 1972/840/815
f 2110/808/784 2249/809/785 2250/842/817 2111/841/816
f 2249/809/785 2388/810/786 2389/843/818 2250/842/817
f 2388/810/786 2527/811/787 2528/844/819 2389/843/818
f 2527/811/787 2666/812/788 2667/845/820 2528/844/819
f 2666/812/788 2805/813/789 2806/846/821 2667/845/820
f 2805/813/789 2944/814/790 2945/847/822 2806/846/821
f 2944/814/790 3083/815/791 3084/848/823 2945/847/822
f 3083/815/791 3222/816/792 3223/849/824 3084/848/823
f 3222/816/792 3361/817/793 3362/850/825 3223/849/824
f 3361/817/793 3500/818/794 3501/851/826 3362/850/825
f 3500/818/794 3639/819/795 3640/852/827 3501/851/826
f 3639/819/795 3778/820/796 3779/853/828 3640/852/827
f 3778/820/796 3917/821/797 3918/854/829 3779/853/828
f 3917/821/797 4056/822/798 4057/855/830 3918/854/829
f 4056/822/798 4195/823/799 4196/856/831 4057/855/830
f 4195/823/799 4334/824/800 4335/857/832 4196/856/831
f 4334/824/800 25/825/770 26/858/802 4335/857/832
f 26/827/802 165/826/801 166/859/833 27/860/834
f 165/826/801 304/828/803 305/861/835 166/859/833
f 304/828/803 443/829/804 444/862/836 305/861/835
f 443/829/804 582/830/805 583/863/837 444/862/836
f 582/830/805 721/831/806 722/864/838 583/863/837
f 721/831/806 860/832/807 861/865/839 722/864/838
f 860/832/807 999/833/808 1000/866/840 861/865/839
f 999/833/808 1138/834/809 1139/867/841 1000/866/840
f 1138/834/809 1277/835/810 1278/868/842 1139/867/841
f 1277/835/810 1416/836/811 1417/869/843 1278/868/842
f 1416/836/811 1555/837/812 1556/870/844 1417/869/843
f 1555/837/812 1694/838/813 1695/871/845 1556/870/844
f 1694/838/813 1833/839/814 1834/872/846 1695/871/845
f 1833/839/814 1972/840/815 1973/873/847 1834/872/846
f 1972/840/815 2111/841/816 2112/874/848 1973/873/847
f 2111/841/816 2250/842/817 2251/875/849 2112/874/848
f 2250/842/817 2389/843/818 2390/876/850 2251/875/849
f 2389/843/818 2528/844/819 2529/877/851 2390/876/850
f 2528/844/819 2667/845/820 2668/878/852 2529/877/851
f 2667/845/820 2806/846/821 2807/879/853 2668/878/852
f 2806/846/821 2945/847/822 2946/880/854 2807/879/853
f 2945/847/822 3084/848/823 3085/881/855 2946/880/854
f 3084/848/823 3223/849/824 3224/882/856 3085/881/855
f 3223/849/824 3362/850/825 3363/883/857 3224/882/856
f 3362/850/825 3501/851/826 3502/884/858 3363/883/857
f 3501/851/826 3640/852/827 3641/885/859 3502/884/858
f 3640/852/827 3779/853/828 3780/886/860 3641/885/859
f 3779/853/828 3918/854/829 3919/887/861 3780/886/860
f 3918/854/829 4057/855/830 4058/888/862 3919/887/861
f 4057/855/830 4196/856/831 4197/889/863 4058/888/862
f 4196/856/831 4335/857/832 4336/890/864 4197/889/863
f 4335/857/832 26/858/802 27/891/834 4336/890/864
f 27/860/834 166/859/833 167/892/865 28/893/866
f 166/859/833 305/861/835 306/894/867 167/892/865
f 305/861/835 444/862/836 445/895/868 306/894/867
f 444/862/836 583/863/837 584/896/869 445/895/868
f 583/863/837 722/864/838 723/897/870 584/896/869
f 722/864/838 861/865/839 862/898/871 723/897/870
f 861/865/839 1000/866/840 1001/899/872 862/898/871
f 1000/866/840 1139/867/841 1140/900/873 1001/899/872
f 1139/867/841 1278/868/842 1279/901/874 1140/900/873
f 1278/868/842 1417/869/843 1418/902/875 1279/901/874
f 1417/869/843 1556/870/844 1557/903/876 1418/902/875
f 1556/870/844 1695/871/845 1696/904/877 1557/903/876
f 1695/871/845 1834/872/846 1835/905/878 1696/904/877
f 1834/872/846 1973/873/847 1974/906/879 1835/905/878
f 1973/873/847 2112/874/848 2113/907/880 1974/906/879
f 2112/874/848 2251/875/849 2252/908/881 2113/907/880
f 2251/875/849 2390/876/850 2391/909/882 2252/908/881
f 2390/876/850 2529/877/851 2530/910/883 2391/909/882
f 2529/877/851 2668/878/852 2669/911/884 2530/910/883
f 2668/878/852 2807/879/853 2808/912/885 2669/911/884
f 2807/879/853 2946/880/854 2947/913/886 2808/912/885
f 2946/880/854 3085/881/855 3086/914/887 2947/913/886
f 3085/881/855 3224/882/856 3225/915/888 3086/914/887
f 3224/882/856 3363/883/857 3364/916/889 3225/915/888
f 3363/883/857 3502/884/858 3503/917/890 3364/916/889
f 3502/884/858 3641/885/859 3642/918/891 3503/917/890
f 3641/885/859 3780/886/860 3781/919/892 3642/918/891
f 3780/886/860 3919/887/861 3920/920/893 3781/919/892
f 3919/887/861 4058/888/862 4059/921/894 3920/920/893
f 4058/888/862 4197/889/863 4198/922/895 4059/921/894
f 4197/889/863 4336/890/864 4337/923/896 4198/922/895
f 4336/890/864 27/891/834 28/924/866 4337/923/896
f 28/893/866 167/892/865 168/925/897 29/926/898
f 167/892/865 306/894/867 307/927/899 168/925/897
f 306/894/867 445/895/868 446/928/900 307/927/899
f 445/895/868 584/896/869 585/929/901 446/928/900
f 584/896/869 723/897/870 724/930/902 585/929/901
f 723/897/870 862/898/871 863/931/903 724/930/902
f 862/898/871 1001/899/872 1002/932/904 863/931/903
f 1001/899/872 1140/900/873 1141/933/905 1002/932/904
f 1140/900/873 1279/901/874 1280/934/906 1141/933/905
f 1279/901/874 1418/902/875 1419/935/907 1280/934/906
f 1418/902/875 1557/903/876 1558/936/908 1419/935/907
f 1557/903/876 1696/904/877 1697/937/909 1558/936/908
f 1696/904/877 1835/905/878 1836/938/910 1697/937/909
f 1835/905/878 1974/906/879 1975/939/911 1836/938/910
f 1974/906/879 2113/907/880 2114/940/912 1975/939/911
f 2113/907/880 2252/908/881 2253/941/913 2114/940/912
f 2252/908/881 2391/909/882 2392/942/914 2253/941/913
f 2391/909/882 2530/910/883 2531/943/915 2392/942/914
f 2530/910/883 2669/911/884 2670/944/916 2531/943/915
f 2669/911/884 2808/912/885 2809/945/917 2670/944/916
f 2808/912/885 2947/913/886 2948/946/918 2809/945/917
f 2947/913/886 3086/914/887 3087/947/919 2948/946/918
f 3086/914/887 3225/915/888 3226/948/920 3087/947/919
f 3225/915/888 3364/916/889 3365/949/921 3226/948/920
f 3364/916/889 3503/917/890 3504/950/922 3365/949/921
f 3503/917/890 3642/918/891 3643/951/923 3504/950/922
f 3642/918/891 3781/919/892 3782/952/924 3643/951/923
f 3781/919/892 3920/920/893 3921/953/925 3782/952/924
f 3920/920/893 4059/921/894 4060/954/926 3921/953/925
f 4059/921/894 4198/922/895 4199/955/927 4060/954/926
f 4198/922/895 4337/923/896 4338/956/928 4199/955/927
f 4337/923/896 28/924/866 29/957/898 4338/956/928
f 29/926/898 168/925/897 169/958/929 30/959/930
f 168/925/897 307/927/899 308/960/931 169/958/929
f 307/927/899 446/928/900 447/961/932 308/960/931
f 446/928/900 585/929/901 586/962/933 447/961/932
f 585/929/901 724/930/902 725/963/934 586/962/933
f 724/930/902 863/931/903 864/964/935 725/963/934
f 863/931/903 1002/932/904 1003/965/936 864/964/935
f 1002/932/904 1141/933/905 1142/966/937 1003/965/936
f 1141/933/905 1280/934/906 1281/967/938 1142/966/937
f 1280/934/906 1419/935/907 1420/968/939 1281/967/938
f 1419/935/907 1558/936/908 1559/969/940 1420/968/939
f 1558/936/908 1697/937/909 1698/970/941 1559/969/940
f 1697/937/909 1836/938/910 1837/971/942 1698/970/941
f 1836/938/910 1975/939/911 1976/972/943 1837/971/942
f 1975/939/911 2114/940/912 2115/973/944 1976/972/943
f 2114/940/912 2253/941/913 2254/974/945 2115/973/944
f 2253/941/913 2392/942/914 2393/975/946 2254/974/945
f 2392/942/914 2531/943/915 2532/976/947 2393/975/946
f 2531/943/915 2670/944/916 2671/977/948 2532/976/947
f 2670/944/916 2809/945/917 2810/978/949 2671/977/948
f 2809/945/917 2948/946/918 2949/979/950 2810/978/949
f 2948/946/918 3087/947/919 3088/980/951 2949/979/950
f 3087/947/919 3226/948/920 3227/981/952 3088/980/951
f 3226/948/920 3365/949/921 3366/982/953 3227/981/952
f 3365/949/921 3504/950/922 3505/983/954 3366/982/953
f 3504/950/922 3643/951/923 3644/984/955 3505/983/954
f 3643/951/923 3782/952/924 3783/985/956 3644/984/955
f 3782/952/924 3921/953/925 3922/986/957 3783/985/956
f 3921/953/925 4060/954/926 4061/987/958 3922/986/957
f 4060/954/926 4199/955/927 4200/988/959 4061/987/958
f 4199/955/927 4338/956/928 4339/989/960 4200/988/959
f 4338/956/928 29/957/898 30/990/930 4339/989/960
f 30/959/930 169/958/929 170/991/961 31/992/962
f 169/958/929 308/960/931 309/993/963 170/991/961
f 308/960/931 447/961/932 448/994/964 309/993/963
f 447/961/932 586/962/933 587/995/965 448/994/964
f 586/962/933 725/963/934 726/996/966 587/995/965
f 725/963/934 864/964/935 865/997/967 726/996/966
f 864/964/935 1003/965/936 1004/998/968 865/997/967
f 1003/965/936 1142/966/937 1143/999/969 1004/998/968
f 1142/966/937 1281/967/938 1282/1000/970 1143/999/969
f 1281/967/938 1420/968/939 1421/1001/971 1282/1000/970
f 1420/968/939 1559/969/940 1560/1002/972 1421/1001/971
f 1559/969/940 1698/970/941 1699/1003/973 1560/1002/972
f 1698/970/941 1837/971/942 1838/1004/974 1699/1003/973
f 1837/971/942 1976/972/943 1977/1005/975 1838/1004/974
f 1976/972/943 2115/973/944 2116/1006/976 1977/1005/975
f 2115/973/944 2254/974/945 2255/1007/977 2116/1006/976
f 2254/974/945 2393/975/946 2394/1008/978 2255/1007/977
f 2393/975/946 2532/976/947 2533/1009/979 2394/1008/978
f 2532/976/947 2671/977/948 2672/1010/980 2533/1009/979
f 2671/977/948 2810/978/949 2811/1011/981 2672/1010/980
f 2810/978/949 2949/979/950 2950/1012/982 2811/1011/981
f 2949/979/950 3088/980/951 3089/1013/983 2950/1012/982
f 3088/980/951 3227/981/952 3228/1014/984 3089/1013/983
f 3227/981/952 3366/982/953 3367/1015/985 3228/1014/984
f 3366/982/953 3505/983/954 3506/1016/986 3367/1015/985
f 3505/983/954 3644/984/955 3645/1017/987 3506/1016/986
f 3644/984/955 3783/985/956 3784/1018/988 3645/1017/987
f 3783/985/956 3922/986/957 3923/1019/989 3784/1018/988
f 3922/986/957 4061/987/958 4062/1020/990 3923/1019/989
f 4061/987/958 4200/988/959 4201/1021/991 4062/1020/990
f 4200/988/959 4339/989/960 4340/1022/992 4201/1021/991
f 4339/989/960 30/990/930 31/1023/962 4340/1022/992
f 31/992/962 170/991/961 171/1024/993 32/1025/994
f 170/991/961 309/993/963 310/1026/995 171/1024/993
f 309/993/963 448/994/964 449/1027/996 310/1026/995
f 448/994/964 587/995/965 588/1028/997 449/1027/996
f 587/995/965 726/996/966 727/1029/998 588/1028/997
f 726/996/966 865/997/967 866/1030/999 727/1029/998
f 865/997/967 1004/998/968 1005/1031/1000 866/1030/999
f 1004/998/968 1143/999/969 1144/1032/1001 1005/1031/1000
f 1143/999/969 1282/1000/970 1283/1033/1002 1144/1032/1001
f 1282/1000/970 1421/1001/971 1422/1034/1003 1283/1033/1002
f 1421/1001/971 1560/1002/972 1561/1035/1004 1422/1034/1003
f 1560/1002/972 1699/1003/973 1700/1036/1005 1561/1035/1004
f 1699/1003/973 1838/1004/974 1839/1037/1006 1700/1036/1005
f 1838/1004/974 1977/1005/975 1978/1038/1007 1839/1037/1006
f 1977/1005/975 2116/1006/976 2117/1039/1008 1978/1038/1007
f 2116/1006/976 2255/1007/977 2256/1040/1009 2117/1039/1008
f 2255/1007/977 2394/1008/978 2395/1041/1010 2256/1040/1009
f 2394/1008/978 2533/1009/979 2534/1042/1011 2395/1041/1010
f 2533/1009/979 2672/1010/980 2673/1043/1012 2534/1042/1011
f 2672/1010/980 2811/1011/981 2812/1044/1013 2673/1043/1012
f 2811/1011/981 2950/1012/982 2951/1045/1014 2812/1044/1013
f 2950/1012/982 3089/1013/983 3090/1046/1015 2951/1045/1014
f 3089/1013/983 3228/1014/984 3229/1047/1016 3090/1046/1015
f 3228/1014/984 3367/1015/985 3368/1048/1017 3229/1047/1016
f 3367/1015/985 3506/1016/986 3507/1049/1018 3368/1048/1017
f 3506/1016/986 3645/1017/987 3646/1050/1019 3507/1049/1018
f 3645/1017/987 3784/1018/988 3785/1051/1020 3646/1050/1019
f 3784/1018/988 3923/1019/989 3924/1052/1021 3785/1051/1020
f 3923/1019/989 4062/1020/990 4063/1053/1022 3924/1052/1021
f 4062/1020/990 4201/1021/991 4202/1054/1023 4063/1053/1022
f 4201/1021/991 4340/1022/992 4341/1055/1024 4202/1054/1023
f 4340/1022/992 31/1023/962 32/1056/994 4341/1055/1024
f 32/1025/994 171/1024/993 172/1057/1025 33/1058/1026
f 171/1024/993 310/1026/995 311/1059/1027 172/1057/1025
f 310/1026/995 449/1027/996 450/1060/1028 311/1059/1027
f 449/1027/996 588/1028/997 589/1061/1029 450/1060/1028
f 588/1028/997 727/1029/998 728/1062/1030 589/1061/1029
f 727/1029/998 866/1030/999 867/1063/1031 728/1062/1030
f 866/1030/999 1005/1031/1000 1006/1064/1032 867/1063/1031
f 1005/1031/1000 1144/1032/1001 1145/1065/1033 1006/1064/1032
f 1144/1032/1001 1283/1033/1002 1284/1066/1034 1145/1065/1033
f 1283/1033/1002 1422/1034/1003 1423/1067/1035 1284/1066/1034
f 1422/1034/1003 1561/1035/1004 1562/1068/1036 1423/1067/1035
f 1561/1035/1004 1700/1036/1005 1701/1069/1037 1562/1068/1036
f 1700/1036/1005 1839/1037/1006 1840/1070/1038 1701/1069/1037
f 1839/1037/1006 1978/1038/1007 1979/1071/1039 1840/1070/1038
f 1978/1038/1007 2117/1039/1008 2118/1072/1040 1979/1071/1039
f 2117/1039/1008 2256/1040/1009 2257/1073/1041 2118/1072/1040
f 2256/1040/1009 2395/1041/1010 2396/1074/1042 2257/1073/1041
f 2395/1041/1010 2534/1042/1011 2535/1075/1043 2396/1074/1042
f 2534/1042/1011 2673/1043/1012 2674/1076/1044 2535/1075/1043
f 2673/1043/1012 2812/1044/1013 2813/1077/1045 2674/1076/1044
f 2812/1044/1013 2951/1045/1014 2952/1078/1046 2813/1077/1045
f 2951/1045/1014 3090/1046/1015 3091/1079/1047 2952/1078/1046
f 3090/1046/1015 3229/1047/1016 3230/1080/1048 3091/1079/1047
f 3229/1047/1016 3368/1048/1017 3369/1081/1049 3230/1080/1048
f 3368/1048/1017 3507/1049/1018 3508/1082/1050 3369/1081/1049
f 3507/1049/1018 3646/1050/1019 3647/1083/1051 3508/1082/1050
f 3646/1050/1019 3785/1051/1020 3786/1084/1052 3647/1083/1051
f 3785/1051/1020 3924/1052/1021 3925/1085/1053 3786/1084/1052
f 3924/1052/1021 4063/1053/1022 4064/1086/1054 3925/1085/1053
f 4063/1053/1022 4202/1054/1023 4203/1087/1055 4064/1086/1054
f 4202/1054/1023 4341/1055/1024 4342/1088/1056 4203/1087/1055
f 4341/1055/1024 32/1056/994 33/1089/1026 4342/1088/1056
f 33/1058/1026 172/1057/1025 173/1090/1057 34/1091/1058
f 172/1057/1025 311/1059/1027 312/1092/1059 173/1090/1057
f 311/1059/1027 450/1060/1028 451/1093/1060 312/1092/1059
f 450/1060/1028 589/1061/1029 590/1094/1061 451/1093/1060
f 589/1061/1029 728/1062/1030 729/1095/1062 590/1094/1061
f 728/1062/1030 867/1063/1031 868/1096/1063 729/1095/1062
f 867/1063/1031 1006/1064/1032 1007/1097/1064 868/1096/1063
f 1006/1064/1032 1145/1065/1033 1146/1098/1065 1007/1097/1064
f 1145/1065/1033 1284/1066/1034 1285/1099/1066 1146/1098/1065
f 1284/1066/1034 1423/1067/1035 1424/1100/1067 1285/1099/1066
f 1423/1067/1035 1562/1068/1036 1563/1101/1068 1424/1100/1067
f 1562/1068/1036 1701/1069/1037 1702/1102/1069 1563/1101/1068
f 1701/1069/1037 1840/1070/1038 1841/1103/1070 1702/1102/1069
f 1840/1070/1038 1979/1071/1039 1980/1104/1071 1841/1103/1070
f 1979/1071/1039 2118/1072/1040 2119/1105/1072 1980/1104/1071
f 2118/1072/1040 2257/1073/1041 2258/1106/1073 2119/1105/1072
f 2257/1073/1041 2396/1074/1042 2397/1107/1074 2258/1106/1073
f 2396/1074/1042 2535/1075/1043 2536/1108/1075 2397/1107/1074
f 2535/1075/1043 2674/1076/1044 2675/1109/1076 2536/1108/1075
f 2674/1076/1044 2813/1077/1045 2814/1110/1077 2675/1109/1076
f 2813/1077/1045 2952/1078/1046 2953/1111/1078 2814/1110/1077
f 2952/1078/1046 3091/1079/1047 3092/1112/1079 2953/1111/1078
f 3091/1079/1047 3230/1080/1048 3231/1113/1080 3092/1112/1079
f 3230/1080/1048 3369/1081/1049 3370/1114/1081 3231/1113/1080
f 3369/1081/1049 3508/1082/1050 3509/1115/1082 3370/1114/1081
f 3508/1082/1050 3647/1083/1051 3648/1116/1083 3509/1115/1082
f 3647/1083/1051 3786/1084/1052 3787/1117/1084 3648/1116/1083
f 3786/1084/1052 3925/1085/1053 3926/1118/1085 3787/1117/1084
f 3925/1085/1053 4064/1086/1054 4065/1119/1086 3926/1118/1085
f 4064/1086/1054 4203/1087/1055 4204/1120/1087 4065/1119/1086
f 4203/1087/1055 4342/1088/1056 4343/1121/1088 4204/1120/1087
f 4342/1088/1056 33/1089/1026 34/1122/1058 4343/1121/1088
f 34/1091/1058 173/1090/1057 174/1123/1089 35/1124/1090
f 173/1090/1057 312/1092/1059 313/1125/1091 174/1123/1089
f 312/1092/1059 451/1093/1060 452/1126/1092 313/1125/1091
f 451/1093/1060 590/1094/1061 591/1127/1093 452/1126/1092
f 590/1094/1061 729/1095/1062 730/1128/1094 591/1127/1093
f 729/1095/1062 868/1096/1063 869/1129/1095 730/1128/1094
f 868/1096/1063 1007/1097/1064 1008/1130/1096 869/1129/1095
f 1007/1097/1064 1146/1098/1065 1147/1131/1097 1008/1130/1096
f 1146/1098/1065 1285/1099/1066 1286/1132/1098 1147/1131/1097
f 1285/1099/1066 1424/1100/1067 1425/1133/1099 1286/1132/1098
f 1424/1100/1067 1563/1101/1068 1564/1134/1100 1425/1133/1099
f 1563/1101/1068 1702/1102/1069 1703/1135/1101 1564/1134/1100
f 1702/1102/1069 1841/1103/1070 1842/1136/1102 1703/1135/1101
f 1841/1103/1070 1980/1104/1071 1981/1137/1103 1842/1136/1102
f 1980/1104/1071 2119/1105/1072 2120/1138/1104 1981/1137/1103
f 2119/1105/1072 2258/1106/1073 2259/1139/1105 2120/1138/1104
f 2258/1106/1073 2397/1107/1074 2398/1140/1106 2259/1139/1105
f 2397/1107/1074 2536/1108/1075 2537/1141/1107 2398/1140/1106
f 2536/1108/1075 2675/1109/1076 2676/1142/1108 2537/1141/1107
f 2675/1109/1076 2814/1110/1077 2815/1143/1109 2676/1142/1108
f 2814/1110/1077 2953/1111/1078 2954/1144/1110 2815/1143/1109
f 2953/1111/1078 3092/1112/1079 3093/1145/1111 2954/1144/1110
f 3092/1112/1079 3231/1113/1080 3232/1146/1112 3093/1145/1111
f 3231/1113/1080 3370/1114/1081 3371/1147/1113 3232/1146/1112
f 3370/1114/1081 3509/1115/1082 3510/1148/1114 3371/1147/1113
f 3509/1115/1082 3648/1116/1083 3649/1149/1115 3510/1148/1114
f 3648/1116/1083 3787/1117/1084 3788/1150/1116 3649/1149/1115
f 3787/1117/1084 3926/1118/1085 3927/1151/1117 3788/1150/1116
f 3926/1118/1085 4065/1119/1086 4066/1152/1118 3927/1151/1117
f 4065/1119/1086 4204/1120/1087 4205/1153/1119 4066/1152/1118
f 4204/1120/1087 4343/1121/1088 4344/1154/1120 4205/1153/1119
f 4343/1121/1088 34/1122/1058 35/1155/1090 4344/1154/1120
f 35/1124/1090 174/1123/1089 175/1156/1121 36/1157/1122
f 174/1123/1089 313/1125/1091 314/1158/1123 175/1156/1121
f 313/1125/1091 452/1126/1092 453/1159/1124 314/1158/1123
f 452/1126/1092 591/1127/1093 592/1160/1125 453/1159/1124
f 591/1127/1093 730/1128/1094 731/1161/1126 592/1160/1125
f 730/1128/1094 869/1129/1095 870/1162/1127 731/1161/1126
f 869/1129/1095 1008/1130/1096 1009/1163/1128 870/1162/1127
f 1008/1130/1096 1147/1131/1097 1148/1164/1129 1009/1163/1128
f 1147/1131/1097 1286/1132/1098 1287/1165/1130 1148/1164/1129
f 1286/1132/1098 1425/1133/1099 1426/1166/1131 1287/1165/1130
f 1425/1133/1099 1564/1134/1100 1565/1167/1132 1426/1166/1131
f 1564/1134/1100 1703/1135/1101 1704/1168/1133 1565/1167/1132
f 1703/1135/1101 1842/1136/1102 1843/1169/1134 1704/1168/1133
f 1842/1136/1102 1981/1137/1103 1982/1170/1135 1843/1169/1134
f 1981/1137/1103 2120/1138/1104 2121/1171/1136 1982/1170/1135
f 2120/1138/1104 2259/1139/1105 2260/1172/1137 2121/1171/1136
f 2259/1139/1105 2398/1140/1106 2399/1173/1138 2260/1172/1137
f 2398/1140/1106 2537/1141/1107 2538/1174/1139 2399/1173/1138
f 2537/1141/1107 2676/1142/1108 2677/1175/1140 2538/1174/1139
f 2676/1142/1108 2815/1143/1109 2816/1176/1141 2677/1175/1140
f 2815/1143/1109 2954/1144/1110 2955/1177/1142 2816/1176/1141
f 2954/1144/1110 3093/1145/1111 3094/1178/1143 2955/1177/1142
f 3093/1145/1111 3232/1146/1112 3233/1179/1144 3094/1178/1143
f 3232/1146/1112 3371/1147/1113 3372/1180/1145 3233/1179/1144
f 3371/1147/1113 3510/1148/1114 3511/1181/1146 3372/1180/1145
f 3510/1148/1114 3649/1149/1115 3650/1182/1147 3511/1181/1146
f 3649/1149/1115 3788/1150/1116 3789/1183/1148 3650/1182/1147
f 3788/1150/1116 3927/1151/1117 3928/1184/1149 3789/1183/1148
f 3927/1151/1117 4066/1152/1118 4067/1185/1150 3928/1184/1149
f 4066/1152/1118 4205/1153/1119 4206/1186/1151 4067/1185/1150
f 4205/1153/1119 4344/1154/1120 4345/1187/1152 4206/1186/1151
f 4344/1154/1120 35/1155/1090 36/1188/1122 4345/1187/1152
f 36/1157/1122 175/1156/1121 176/1189/1153 37/1190/1154
f 175/1156/1121 314/1158/1123 315/1191/1155 176/1189/1153
f 314/1158/1123 453/1159/1124 454/1192/1156 315/1191/1155
f 453/1159/1124 592/1160/1125 593/1193/1157 454/1192/1156
f 592/1160/1125 731/1161/1126 732/1194/1158 593/1193/1157
f 731/1161/1126 870/1162/1127 871/1195/1159 732/1194/1158
f 870/1162/1127 1009/1163/1128 1010/1196/1160 871/1195/1159
f 1009/1163/1128 1148/1164/1129 1149/1197/1161 1010/1196/1160
f 1148/1164/1129 1287/1165/1130 1288/1198/1162 1149/1197/1161
f 1287/1165/1130 1426/1166/1131 1427/1199/1163 1288/1198/1162
f 1426/1166/1131 1565/1167/1132 1566/1200/1164 1427/1199/1163
f 1565/1167/1132 1704/1168/1133 1705/1201/1165 1566/1200/1164
f 1704/1168/1133 1843/1169/1134 1844/1202/1166 1705/1201/1165
f 1843/1169/1134 1982/1170/1135 1983/1203/1167 1844/1202/1166
f 1982/1170/1135 2121/1171/1136 2122/1204/1168 1983/1203/1167
f 2121/1171/1136 2260/1172/1137 2261/1205/1169 2122/1204/1168
f 2260/1172/1137 2399/1173/1138 2400/1206/1170 2261/1205/1169
f 2399/1173/1138 2538/1174/1139 2539/1207/1171 2400/1206/1170
f 2538/1174/1139 2677/1175/1140 2678/1208/1172 2539/1207/1171
f 2677/1175/1140 2816/1176/1141 2817/1209/1173 2678/1208/1172
f 2816/1176/1141 2955/1177/1142 2956/1210/1174 2817/1209/1173
f 2955/1177/1142 3094/1178/1143 3095/1211/1175 2956/1210/1174
f 3094/1178/1143 3233/1179/1144 3234/1212/1176 3095/1211/1175
f 3233/1179/1144 3372/1180/1145 3373/1213/1177 3234/1212/1176
f 3372/1180/1145 3511/1181/1146 3512/1214/1178 3373/1213/1177
f 3511/1181/1146 3650/1182/1147 3651/1215/1179 3512/1214/1178
f 3650/1182/1147 3789/1183/1148 3790/1216/1180 3651/1215/1179
f 3789/1183/1148 3928/1184/1149 3929/1217/1181 3790/1216/1180
f 3928/1184/1149 4067/1185/1150 4068/1218/1182 3929/1217/1181
f 4067/1185/1150 4206/1186/1151 4207/1219/1183 4068/1218/1182
f 4206/1186/1151 4345/1187/1152 4346/1220/1184 4207/1219/1183
f 4345/1187/1152 36/1188/1122 37/1221/1154 4346/1220/1184
f 37/1190/1154 176/1189/1153 177/1222/1185 38/1223/1186
f 176/1189/1153 315/1191/1155 316/1224/1187 177/1222/1185
f 315/1191/1155 454/1192/1156 455/1225/1188 316/1224/1187
f 454/1192/1156 593/1193/1157 594/1226/1189 455/1225/1188
f 593/1193/1157 732/1194/1158 733/1227/1190 594/1226/1189
f 732/1194/1158 871/1195/1159 872/1228/1191 733/1227/1190
f 871/1195/1159 1010/1196/1160 1011/1229/1192 872/1228/1191
f 1010/1196/1160 1149/1197/1161 1150/1230/1193 1011/1229/1192
f 1149/1197/1161 1288/1198/1162 1289/1231/1194 1150/1230/1193
f 1288/1198/1162 1427/1199/1163 1428/1232/1195 1289/1231/1194
f 1427/1199/1163 1566/1200/1164 1567/1233/1196 1428/1232/1195
f 1566/1200/1164 1705/1201/1165 1706/1234/1197 1567/1233/1196
f 1705/1201/1165 1844/1202/1166 1845/1235/1198 1706/1234/1197
f 1844/1202/1166 1983/1203/1167 1984/1236/1199 1845/1235/1198
f 1983/1203/1167 2122/1204/1168 2123/1237/1200 1984/1236/1199
f 2122/1204/1168 2261/1205/1169 2262/1238/1201 2123/1237/1200
f 2261/1205/1169 2400/1206/1170 2401/1239/1202 2262/1238/1201
f 2400/1206/1170 2539/1207/1171 2540/1240/1203 2401/1239/1202
f 2539/1207/1171 2678/1208/1172 2679/1241/1204 2540/1240/1203
f 2678/1208/1172 2817/1209/1173 2818/1242/1205 2679/1241/1204
f 2817/1209/1173 2956/1210/1174 2957/1243/1206 2818/1242/1205
f 2956/1210/1174 3095/1211/1175 3096/1244/1207 2957/1243/1206
f 3095/1211/1175 3234/1212/1176 3235/1245/1208 3096/1244/1207
f 3234/1212/1176 3373/1213/1177 3374/1246/1209 3235/1245/1208
f 3373/1213/1177 3512/1214/1178 3513/1247/1210 3374/1246/1209
f 3512/1214/1178 3651/1215/1179 3652/1248/1211 3513/1247/1210
f 3651/1215/1179 3790/1216/1180 3791/1249/1212 3652/1248/1211
f 3790/1216/1180 3929/1217/1181 3930/1250/1213 3791/1249/1212
f 3929/1217/1181 4068/1218/1182 4069/1251/1214 3930/1250/1213
f 4068/1218/1182 4207/1219/1183 4208/1252/1215 4069/1251/1214
f 4207/1219/1183 4346/1220/1184 4347/1253/1216 4208/1252/1215
f 4346/1220/1184 37/1221/1154 38/1254/1186 4347/1253/1216
f 38/1223/1186 177/1222/1185 178/1255/1217 39/1256/1218
f 177/1222/1185 316/1224/1187 317/1257/1219 178/1255/1217
f 316/1224/1187 455/1225/1188 456/1258/1220 317/1257/1219
f 455/1225/1188 594/1226/1189 595/1259/1221 456/1258/1220
f 594/1226/1189 733/1227/1190 734/1260/1222 595/1259/1221
f 733/1227/1190 872/1228/1191 873/1261/1223 734/1260/1222
f 872/1228/1191 1011/1229/1192 1012/1262/1224 873/1261/1223
f 1011/1229/1192 1150/1230/1193 1151/1263/1225 1012/1262/1224
f 1150/1230/1193 1289/1231/1194 1290/1264/1226 1151/1263/1225
f 1289/1231/1194 1428/1232/1195 1429/1265/1227 1290/1264/1226
f 1428/1232/1195 1567/1233/1196 1568/1266/1228 1429/1265/1227
f 1567/1233/1196 1706/1234/1197 1707/1267/1229 1568/1266/1228
f 1706/1234/1197 1845/1235/1198 1846/1268/1230 1707/1267/1229
f 1845/1235/1198 1984/1236/1199 1985/1269/1231 1846/1268/1230
f 1984/1236/1199 2123/1237/1200 2124/1270/1232 1985/1269/1231
f 2123/1237/1200 2262/1238/1201 2263/1271/1233 2124/1270/1232
f 2262/1238/1201 2401/1239/1202 2402/1272/1234 2263/1271/1233
f 2401/1239/1202 2540/1240/1203 2541/1273/1235 2402/1272/1234
f 2540/1240/1203 2679/1241/1204 2680/1274/1236 2541/1273/1235
f 2679/1241/1204 2818/1242/1205 2819/1275/1237 2680/1274/1236
f 2818/1242/1205 2957/1243/1206 2958/1276/1238 2819/1275/1237
f 2957/1243/1206 3096/1244/1207 3097/1277/1239 2958/1276/1238
f 3096/1244/1207 3235/1245/1208 3236/1278/1240 3097/1277/1239
f 3235/1245/1208 3374/1246/1209 3375/1279/1241 3236/1278/1240
f 3374/1246/1209 3513/1247/1210 3514/1280/1242 3375/1279/1241
f 3513/1247/1210 3652/1248/1211 3653/1281/1243 3514/1280/1242
f 3652/1248/1211 3791/1249/1212 3792/1282/1244 3653/1281/1243
f 3791/1249/1212 3930/1250/1213 3931/1283/1245 3792/1282/1244
f 3930/1250/1213 4069/1251/1214 4070/1284/1246 3931/1283/1245
f 4069/1251/1214 4208/1252/1215 4209/1285/1247 4070/1284/1246
f 4208/1252/1215 4347/1253/1216 4348/1286/1248 4209/1285/1247
f 4347/1253/1216 38/1254/1186 39/1287/1218 4348/1286/1248
f 39/1256/1218 178/1255/1217 179/1288/1249 40/1289/1250
f 178/1255/1217 317/1257/1219 318/1290/1251 179/1288/1249
f 317/1257/1219 456/1258/1220 457/1291/1252 318/1290/1251
f 456/1258/1220 595/1259/1221 596/1292/1253 457/1291/1252
f 595/1259/1221 734/1260/1222 735/1293/1254 596/1292/1253
f 734/1260/1222 873/1261/1223 874/1294/1255 735/1293/1254
f 873/1261/1223 1012/1262/1224 1013/1295/1256 874/1294/1255
f 1012/1262/1224 1151/1263/1225 1152/1296/1257 1013/1295/1256
f 1151/1263/1225 1290/1264/1226 1291/1297/1258 1152/1296/1257
f 1290/1264/1226 1429/1265/1227 1430/1298/1259 1291/1297/1258
f 1429/1265/1227 1568/1266/1228 1569/1299/1260 1430/1298/1259
f 1568/1266/1228 1707/1267/1229 1708/1300/1261 1569/1299/1260
f 1707/1267/1229 1846/1268/1230 1847/1301/1262 1708/1300/1261
f 1846/1268/1230 1985/1269/1231 1986/1302/1263 1847/1301/1262
f 1985/1269/1231 2124/1270/1232 2125/1303/1264 1986/1302/1263
f 2124/1270/1232 2263/1271/1233 2264/1304/1265 2125/1303/1264
f 2263/1271/1233 2402/1272/1234 2403/1305/1266 2264/1304/1265
f 2402/1272/1234 2541/1273/1235 2542/1306/1267 2403/1305/1266
f 2541/1273/1235 2680/1274/1236 2681/1307/1268 2542/1306/1267
f 2680/1274/1236 2819/1275/1237 2820/1308/1269 2681/1307/1268
f 2819/1275/1237 2958/1276/1238 2959/1309/1270 2820/1308/1269
f 2958/1276/1238 3097/1277/1239 3098/1310/1271 2959/1309/1270
f 3097/1277/1239 3236/1278/1240 3237/1311/1272 3098/1310/1271
f 3236/1278/1240 3375/1279/1241 3376/1312/1273 3237/1311/1272
f 3375/1279/1241 3514/1280/1242 3515/1313/1274 3376/1312/1273
f 3514/1280/1242 3653/1281/1243 3654/1314/1275 3515/1313/1274
f 3653/1281/1243 3792/1282/1244 3793/1315/1276 3654/1314/1275
f 3792/1282/1244 3931/1283/1245 3932/1316/1277 3793/1315/1276
f 3931/1283/1245 4070/1284/1246 4071/1317/1278 3932/1316/1277
f 4070/1284/1246 4209/1285/1247 4210/1318/1279 4071/1317/1278
f 4209/1285/1247 4348/1286/1248 4349/1319/1280 4210/1318/1279
f 4348/1286/1248 39/1287/1218 40/1320/1250 4349/1319/1280
f 40/1289/1250 179/1288/1249 180/1321/1281 41/1322/1282
f 179/1288/1249 318/1290/1251 319/1323/1283 180/1321/1281
f 318/1290/1251 457/1291/1252 458/1324/1284 319/1323/1283
f 457/1291/1252 596/1292/1253 597/1325/1285 458/1324/1284
f 596/1292/1253 735/1293/1254 736/1326/1286 597/1325/1285
f 735/1293/1254 874/1294/1255 875/1327/1287 736/1326/1286
f 874/1294/1255 1013/1295/1256 1014/1328/1288 875/1327/1287
f 1013/1295/1256 1152/1296/1257 1153/1329/1289 1014/1328/1288
f 1152/1296/1257 1291/1297/1258 1292/1330/1290 1153/1329/1289
f 1291/1297/1258 1430/1298/1259 1431/1331/1291 1292/1330/1290
f 1430/1298/1259 1569/1299/1260 1570/1332/1292 1431/1331/1291
f 1569/1299/1260 1708/1300/1261 1709/1333/1293 1570/1332/1292
f 1708/1300/1261 1847/1301/1262 1848/1334/1294 1709/1333/1293
f 1847/1301/1262 1986/1302/1263 1987/1335/1295 1848/1334/1294
f 1986/1302/1263 2125/1303/1264 2126/1336/1296 1987/1335/1295
f 2125/1303/1264 2264/1304/1265 2265/1337/1297 2126/1336/1296
f 2264/1304/1265 2403/1305/1266 2404/1338/1298 2265/1337/1297
f 2403/1305/1266 2542/1306/1267 2543/1339/1299 2404/1338/1298
f 2542/1306/1267 2681/1307/1268 2682/1340/1300 2543/1339/1299
f 2681/1307/1268 2820/1308/1269 2821/1341/1301 2682/1340/1300
f 2820/1308/1269 2959/1309/1270 2960/1342/1302 2821/1341/1301
f 2959/1309/1270 3098/1310/1271 3099/1343/1303 2960/1342/1302
f 3098/1310/1271 3237/1311/1272 3238/1344/1304 3099/1343/1303
f 3237/1311/1272 3376/1312/1273 3377/1345/1305 3238/1344/1304
f 3376/1312/1273 3515/1313/1274 3516/1346/1306 3377/1345/1305
f 3515/1313/1274 3654/1314/1275 3655/1347/1307 3516/1346/1306
f 3654/1314/1275 3793/1315/1276 3794/1348/1308 3655/1347/1307
f 3793/1315/1276 3932/1316/1277 3933/1349/1309 3794/1348/1308
f 3932/1316/1277 4071/1317/1278 4072/1350/1310 3933/1349/1309
f 4071/1317/1278 4210/1318/1279 4211/1351/1311 4072/1350/1310
f 4210/1318/1279 4349/1319/1280 4350/1352/1312 4211/1351/1311
f 4349/1319/1280 40/1320/1250 41/1353/1282 4350/1352/1312
f 41/1322/1282 180/1321/1281 181/1354/1313 42/1355/1314
f 180/1321/1281 319/1323/1283 320/1356/1315 181/1354/1313
f 319/1323/1283 458/1324/1284 459/1357/1316 320/1356/1315
f 458/1324/1284 597/1325/1285 598/1358/1317 459/1357/1316
f 597/1325/1285 736/1326/1286 737/1359/1318 598/1358/1317
f 736/1326/1286 875/1327/1287 876/1360/1319 737/1359/1318
f 875/1327/1287 1014/1328/1288 1015/1361/1320 876/1360/1319
f 1014/1328/1288 1153/1329/1289 1154/1362/1321 1015/1361/1320
f 1153/1329/1289 1292/1330/1290 1293/1363/1322 1154/1362/1321
f 1292/1330/1290 1431/1331/1291 1432/1364/1323 1293/1363/1322
f 1431/1331/1291 1570/1332/1292 1571/1365/1324 1432/1364/1323
f 1570/1332/1292 1709/1333/1293 1710/1366/1325 1571/1365/1324
f 1709/1333/1293 1848/1334/1294 1849/1367/1326 1710/1366/1325
f 1848/1334/1294 1987/1335/1295 1988/1368/1327 1849/1367/1326
f 1987/1335/1295 2126/1336/1296 2127/1369/1328 1988/1368/1327
f 2126/1336/1296 2265/1337/1297 2266/1370/1329 2127/1369/1328
f 2265/1337/1297 2404/1338/1298 2405/1371/1330 2266/1370/1329
f 2404/1338/1298 2543/1339/1299 2544/1372/1331 2405/1371/1330
f 2543/1339/1299 2682/1340/1300 2683/1373/1332 2544/1372/1331
f 2682/1340/1300 2821/1341/1301 2822/1374/1333 2683/1373/1332
f 2821/1341/1301 2960/1342/1302 2961/1375/1334 2822/1374/1333
f 2960/1342/1302 3099/1343/1303 3100/1376/1335 2961/1375/1334
f 3099/1343/1303 3238/1344/1304 3239/1377/1336 3100/1376/1335
f 3238/1344/1304 3377/1345/1305 3378/1378/1337 3239/1377/1336
f 3377/1345/1305 3516/1346/1306 3517/1379/1338 3378/1378/1337
f 3516/1346/1306 3655/1347/1307 3656/1380/1339 3517/1379/1338
f 3655/1347/1307 3794/1348/1308 3795/1381/1340 3656/1380/1339
f 3794/1348/1308 3933/1349/1309 3934/1382/1341 3795/1381/1340
f 3933/1349/1309 4072/1350/1310 4073/1383/1342 3934/1382/1341
f 4072/1350/1310 4211/1351/1311 4212/1384/1343 4073/1383/1342
f 4211/1351/1311 4350/1352/1312 4351/1385/1344 4212/1384/1343
f 4350/1352/1312 41/1353/1282 42/1386/1314 4351/1385/1344
f 42/1355/1314 181/1354/1313 182/1387/1345 43/1388/1346
f 181/1354/1313 320/1356/1315 321/1389/1347 182/1387/1345
f 320/1356/1315 459/1357/1316 460/1390/1348 321/1389/1347
f 459/1357/1316 598/1358/1317 599/1391/1349 460/1390/1348
f 598/1358/1317 737/1359/1318 738/1392/1350 599/1391/1349
f 737/1359/1318 876/1360/1319 877/1393/1351 738/1392/1350
f 876/1360/1319 1015/1361/1320 1016/1394/1352 877/1393/1351
f 1015/1361/1320 1154/1362/1321 1155/1395/1353 1016/1394/1352
f 1154/1362/1321 1293/1363/1322 1294/1396/1354 1155/1395/1353
f 1293/1363/1322 1432/1364/1323 1433/1397/1355 1294/1396/1354
f 1432/1364/1323 1571/1365/1324 1572/1398/1356 1433/1397/1355
f 1571/1365/1324 1710/1366/1325 1711/1399/1357 1572/1398/1356
f 1710/1366/1325 1849/1367/1326 1850/1400/1358 1711/1399/1357
f 1849/1367/1326 1988/1368/1327 1989/1401/1359 1850/1400/1358
f 1988/1368/1327 2127/1369/1328 2128/1402/1360 1989/1401/1359
f 2127/1369/1328 2266/1370/1329 2267/1403/1361 2128/1402/1360
f 2266/1370/1329 2405/1371/1330 2406/1404/1362 2267/1403/1361
f 2405/1371/1330 2544/1372/1331 2545/1405/1363 2406/1404/1362
f 2544/1372/1331 2683/1373/1332 2684/1406/1364 2545/1405/1363
f 2683/1373/1332 2822/1374/1333 2823/1407/1365 2684/1406/1364
f 2822/1374/1333 2961/1375/1334 2962/1408/1366 2823/1407/1365
f 2961/1375/1334 3100/1376/1335 3101/1409/1367 2962/1408/1366
f 3100/1376/1335 3239/1377/1336 3240/1410/1368 3101/1409/1367
f 3239/1377/1336 3378/1378/1337 3379/1411/1369 3240/1410/1368
f 3378/1378/1337 3517/1379/1338 3518/1412/1370 3379/1411/1369
f 3517/1379/1338 3656/1380/1339 3657/1413/1371 3518/1412/1370
f 3656/1380/1339 3795/1381/1340 3796/1414/1372 3657/1413/1371
f 3795/1381/1340 3934/1382/1341 3935/1415/1373 3796/1414/1372
f 3934/1382/1341 4073/1383/1342 4074/1416/1374 3935/1415/1373
f 4073/1383/1342 4212/1384/1343 4213/1417/1375 4074/1416/1374
f 4212/1384/1343 4351/1385/1344 4352/1418/1376 4213/1417/1375
f 4351/1385/1344 42/1386/1314 43/1419/1346 4352/1418/1376
f 43/1388/1346 182/1387/1345 183/1420/1377 44/1421/1378
f 182/1387/1345 321/1389/1347 322/1422/1379 183/1420/1377
f 321/1389/1347 460/1390/1348 461/1423/1380 322/1422/1379
f 460/1390/1348 599/1391/1349 600/1424/1381 461/1423/1380
f 599/1391/1349 738/1392/1350 739/1425/1382 600/1424/1381
f 738/1392/1350 877/1393/1351 878/1426/1383 739/1425/1382
f 877/1393/1351 1016/1394/1352 1017/1427/1384 878/1426/1383
f 1016/1394/1352 1155/1395/1353 1156/1428/1385 1017/1427/1384
f 1155/1395/1353 1294/1396/1354 1295/1429/1386 1156/1428/1385
f 1294/1396/1354 1433/1397/1355 1434/1430/1387 1295/1429/1386
f 1433/1397/1355 1572/1398/1356 1573/1431/1388 1434/1430/1387
f 1572/1398/1356 1711/1399/1357 1712/1432/1389 1573/1431/1388
f 1711/1399/1357 1850/1400/1358 1851/1433/1390 1712/1432/1389
f 1850/1400/1358 1989/1401/1359 1990/1434/1391 1851/1433/1390
f 1989/1401/1359 2128/1402/1360 2129/1435/1392 1990/1434/1391
f 2128/1402/1360 2267/1403/1361 2268/1436/1393 2129/1435/1392
f 2267/1403/1361 2406/1404/1362 2407/1437/1394 2268/1436/1393
f 2406/1404/1362 2545/1405/1363 2546/1438/1395 2407/1437/1394
f 2545/1405/1363 2684/1406/1364 2685/1439/1396 2546/1438/1395
f 2684/1406/1364 2823/1407/1365 2824/1440/1397 2685/1439/1396
f 2823/1407/1365 2962/1408/1366 2963/1441/1398 2824/1440/1397
f 2962/1408/1366 3101/1409/1367 3102/1442/1399 2963/1441/1398
f 3101/1409/1367 3240/1410/1368 3241/1443/1400 3102/1442/1399
f 3240/1410/1368 3379/1411/1369 3380/1444/1401 3241/1443/1400
f 3379/1411/1369 3518/1412/1370 3519/1445/1402 3380/1444/1401
f 3518/1412/1370 3657/1413/1371 3658/1446/1403 3519/1445/1402
f 3657/1413/1371 3796/1414/1372 3797/1447/1404 3658/1446/1403
f 3796/1414/1372 3935/1415/1373 3936/1448/1405 3797/1447/1404
f 3935/1415/1373 4074/1416/1374 4075/1449/1406 3936/1448/1405
f 4074/1416/1374 4213/1417/1375 4214/1450/1407 4075/1449/1406
f 4213/1417/1375 4352/1418/1376 4353/1451/1408 4214/1450/1407
f 4352/1418/1376 43/1419/1346 44/1452/1378 4353/1451/1408
f 44/1421/1378 183/1420/1377 184/1453/1409 45/1454/1410
f 183/1420/1377 322/1422/1379 323/1455/1411 184/1453/1409
f 322/1422/1379 461/1423/1380 462/1456/1412 323/1455/1411
f 461/1423/1380 600/1424/1381 601/1457/1413 462/1456/1412
f 600/1424/1381 739/1425/1382 740/1458/1414 601/1457/1413
f 739/1425/1382 878/1426/1383 879/1459/1415 740/1458/1414
f 878/1426/1383 1017/1427/1384 1018/1460/1416 879/1459/1415
f 1017/1427/1384 1156/1428/1385 1157/1461/1417 1018/1460/1416
f 1156/1428/1385 1295/1429/1386 1296/1462/1418 1157/1461/1417
f 1295/1429/1386 1434/1430/1387 1435/1463/1419 1296/1462/1418
f 1434/1430/1387 1573/1431/1388 1574/1464/1420 1435/1463/1419
f 1573/1431/1388 1712/1432/1389 1713/1465/1421 1574/1464/1420
f 1712/1432/1389 1851/1433/1390 1852/1466/1422 1713/1465/1421
f 1851/1433/1390 1990/1434/1391 1991/1467/1423 1852/1466/1422
f 1990/1434/1391 2129/1435/1392 2130/1468/1424 1991/1467/1423
f 2129/1435/1392 2268/1436/1393 2269/1469/1425 2130/1468/1424
f 2268/1436/1393 2407/1437/1394 2408/1470/1426 2269/1469/1425
f 2407/1437/1394 2546/1438/1395 2547/1471/1427 2408/1470/1426
f 2546/1438/1395 2685/1439/1396 2686/1472/1428 2547/1471/1427
f 2685/1439/1396 2824/1440/1397 2825/1473/1429 2686/1472/1428
f 2824/1440/1397 2963/1441/1398 2964/1474/1430 2825/1473/1429
f 2963/1441/1398 3102/1442/1399 3103/1475/1431 2964/1474/1430
f 3102/1442/1399 3241/1443/1400 3242/1476/1432 3103/1475/1431
f 3241/1443/1400 3380/1444/1401 3381/1477/1433 3242/1476/1432
f 3380/1444/1401 3519/1445/1402 3520/1478/1434 3381/1477/1433
f 3519/1445/1402 3658/1446/1403 3659/1479/1435 3520/1478/1434
f 3658/1446/1403 3797/1447/1404 3798/1480/1436 3659/1479/1435
f 3797/1447/1404 3936/1448/1405 3937/1481/1437 3798/1480/1436
f 3936/1448/1405 4075/1449/1406 4076/1482/1438 3937/1481/1437
f 4075/1449/1406 4214/1450/1407 4215/1483/1439 4076/1482/1438
f 4214/1450/1407 4353/1451/1408 4354/1484/1440 4215/1483/1439
f 4353/1451/1408 44/1452/1378 45/1485/1410 4354/1484/1440
f 45/1454/1410 184/1453/1409 185/1486/1441 46/1487/1442
f 184/1453/1409 323/1455/1411 324/1488/1443 185/1486/1441
f 323/1455/1411 462/1456/1412 463/1489/1444 324/1488/1443
f 462/1456/1412 601/1457/1413 602/1490/1445 463/1489/1444
f 601/1457/1413 740/1458/1414 741/1491/1446 602/1490/1445
f 740/1458/1414 879/1459/1415 880/1492/1447 741/1491/1446
f 879/1459/1415 1018/1460/1416 1019/1493/1448 880/1492/1447
f 1018/1460/1416 1157/1461/1417 1158/1494/1449 1019/1493/1448
f 1157/1461/1417 1296/1462/1418 1297/1495/1450 1158/1494/1449
f 1296/1462/1418 1435/1463/1419 1436/1496/1451 1297/1495/1450
f 1435/1463/1419 1574/1464/1420 1575/1497/1452 1436/1496/1451
f 1574/1464/1420 1713/1465/1421 1714/1498/1453 1575/1497/1452
f 1713/1465/1421 1852/1466/1422 1853/1499/1454 1714/1498/1453
f 1852/1466/1422 1991/1467/1423 1992/1500/1455 1853/1499/1454
f 1991/1467/1423 2130/1468/1424 2131/1501/1456 1992/1500/1455
f 2130/1468/1424 2269/1469/1425 2270/1502/1457 2131/1501/1456
f 2269/1469/1425 2408/1470/1426 2409/1503/1458 2270/1502/1457
f 2408/1470/1426 2547/1471/1427 2548/1504/1459 2409/1503/1458
f 2547/1471/1427 2686/1472/1428 2687/1505/1460 2548/1504/1459
f 2686/1472/1428 2825/1473/1429 2826/1506/1461 2687/1505/1460
f 2825/1473/1429 2964/1474/1430 2965/1507/1462 2826/1506/1461
f 2964/1474/1430 3103/1475/1431 3104/1508/1463 2965/1507/1462
f 3103/1475/1431 3242/1476/1432 3243/1509/1464 3104/1508/1463
f 3242/1476/1432 3381/1477/1433 3382/1510/1465 3243/1509/1464
f 3381/1477/1433 3520/1478/1434 3521/1511/1466 3382/1510/1465
f 3520/1478/1434 3659/1479/1435 3660/1512/1467 3521/1511/1466
f 3659/1479/1435 3798/1480/1436 3799/1513/1468 3660/1512/1467
f 3798/1480/1436 3937/1481/1437 3938/1514/1469 3799/1513/1468
f 3937/1481/1437 4076/1482/1438 4077/1515/1470 3938/1514/1469
f 4076/1482/1438 4215/1483/1439 4216/1516/1471 4077/1515/1470
f 4215/1483/1439 4354/1484/1440 4355/1517/1472 4216/1516/1471
f 4354/1484/1440 45/1485/1410 46/1518/1442 4355/1517/1472
f 46/1487/1442 185/1486/1441 186/1519/1473 47/1520/1474
f 185/1486/1441 324/1488/1443 325/1521/1475 186/1519/1473
f 324/1488/1443 463/1489/1444 464/1522/1476 325/1521/1475
f 463/1489/1444 602/1490/1445 603/1523/1477 464/1522/1476
f 602/1490/1445 741/1491/1446 742/1524/1478 603/1523/1477
f 741/1491/1446 880/1492/1447 881/1525/1479 742/1524/1478
f 880/1492/1447 1019/1493/1448 1020/1526/1480 881/1525/1479
f 1019/1493/1448 1158/1494/1449 1159/1527/1481 1020/1526/1480
f 1158/1494/1449 1297/1495/1450 1298/1528/1482 1159/1527/1481
f 1297/1495/1450 1436/1496/1451 1437/1529/1483 1298/1528/1482
f 1436/1496/1451 1575/1497/1452 1576/1530/1484 1437/1529/1483
f 1575/1497/1452 1714/1498/1453 1715/1531/1485 1576/1530/1484
f 1714/1498/1453 1853/1499/1454 1854/1532/1486 1715/1531/1485
f 1853/1499/1454 1992/1500/1455 1993/1533/1487 1854/1532/1486
f 1992/1500/1455 2131/1501/1456 2132/1534/1488 1993/1533/1487
f 2131/1501/1456 2270/1502/1457 2271/1535/1489 2132/1534/1488
f 2270/1502/1457 2409/1503/1458 2410/1536/1490 2271/1535/1489
f 2409/1503/1458 2548/1504/1459 2549/1537/1491 2410/1536/1490
f 2548/1504/1459 2687/1505/1460 2688/1538/1492 2549/1537/1491
f 2687/1505/1460 2826/1506/1461 2827/1539/1493 2688/1538/1492
f 2826/1506/1461 2965/1507/1462 2966/1540/1494 2827/1539/1493
f 2965/1507/1462 3104/1508/1463 3105/1541/1495 2966/1540/1494
f 3104/1508/1463 3243/1509/1464 3244/1542/1496 3105/1541/1495
f 3243/1509/1464 3382/1510/1465 3383/1543/1497 3244/1542/1496
f 3382/1510/1465 3521/1511/1466 3522/1544/1498 3383/1543/1497
f 3521/1511/1466 3660/1512/1467 3661/1545/1499 3522/1544/1498
f 3660/1512/1467 3799/1513/1468 3800/1546/1500 3661/1545/1499
f 3799/1513/1468 3938/1514/1469 3939/1547/1501 3800/1546/1500
f 3938/1514/1469 4077/1515/1470 4078/1548/1502 3939/1547/1501
f 4077/1515/1470 4216/1516/1471 4217/1549/1503 4078/1548/1502
f 4216/1516/1471 4355/1517/1472 4356/1550/1504 4217/1549/1503
f 4355/1517/1472 46/1518/1442 47/1551/1474 4356/1550/1504
f 47/1520/1474 186/1519/1473 187/1552/1505 48/1553/1506
f 186/1519/1473 325/1521/1475 326/1554/1507 187/1552/1505
f 325/1521/1475 464/1522/1476 465/1555/1508 326/1554/1507
f 464/1522/1476 603/1523/1477 604/1556/1509 465/1555/1508
f 603/1523/1477 742/1524/1478 743/1557/1510 604/1556/1509
f 742/1524/1478 881/1525/1479 882/1558/1511 743/1557/1510
f 881/1525/1479 1020/1526/1480 1021/1559/1512 882/1558/1511
f 1020/1526/1480 1159/1527/1481 1160/1560/1513 1021/1559/1512
f 1159/1527/1481 1298/1528/1482 1299/1561/1514 1160/1560/1513
f 1298/1528/1482 1437/1529/1483 1438/1562/1515 1299/1561/1514
f 1437/1529/1483 1576/1530/1484 1577/1563/1516 1438/1562/1515
f 1576/1530/1484 1715/1531/1485 1716/1564/1517 1577/1563/1516
f 1715/1531/1485 1854/1532/1486 1855/1565/1518 1716/1564/1517
f 1854/1532/1486 1993/1533/1487 1994/1566/1519 1855/1565/1518
f 1993/1533/1487 2132/1534/1488 2133/1567/1520 1994/1566/1519
f 2132/1534/1488 2271/1535/1489 2272/1568/1521 2133/1567/1520
f 2271/1535/1489 2410/1536/1490 2411/1569/1522 2272/1568/1521
f 2410/1536/1490 2549/1537/1491 2550/1570/1523 2411/1569/1522
f 2549/1537/1491 2688/1538/1492 2689/1571/1524 2550/1570/1523
f 2688/1538/1492 2827/1539/1493 2828/1572/1525 2689/1571/1524
f 2827/1539/1493 2966/1540/1494 2967/1573/1526 2828/1572/1525
f 2966/1540/1494 3105/1541/1495 3106/1574/1527 2967/1573/1526
f 3105/1541/1495 3244/1542/1496 3245/1575/1528 3106/1574/1527
f 3244/1542/1496 3383/1543/1497 3384/1576/1529 3245/1575/1528
f 3383/1543/1497 3522/1544/1498 3523/1577/1530 3384/1576/1529
f 3522/1544/1498 3661/1545/1499 3662/1578/1531 3523/1577/1530
f 3661/1545/1499 3800/1546/1500 3801/1579/1532 3662/1578/1531
f 3800/1546/1500 3939/1547/1501 3940/1580/1533 3801/1579/1532
f 3939/1547/1501 4078/1548/1502 4079/1581/1534 3940/1580/1533
f 4078/1548/1502 4217/1549/1503 4218/1582/1535 4079/1581/1534
f 4217/1549/1503 4356/1550/1504 4357/1583/1536 4218/1582/1535
f 4356/1550/1504 47/1551/1474 48/1584/1506 4357/1583/1536
f 48/1553/1506 187/1552/1505 188/1585/1537 49/1586/1538
f 187/1552/1505 326/1554/1507 327/1587/1539 188/1585/1537
f 326/1554/1507 465/1555/1508 466/1588/1540 327/1587/1539
f 465/1555/1508 604/1556/1509 605/1589/1541 466/1588/1540
f 604/1556/1509 743/1557/1510 744/1590/1542 605/1589/1541
f 743/1557/1510 882/1558/1511 883/1591/1543 744/1590/1542
f 882/1558/1511 1021/1559/1512 1022/1592/1544 883/1591/1543
f 1021/1559/1512 1160/1560/1513 1161/1593/1545 1022/1592/1544
f 1160/1560/1513 1299/1561/1514 1300/1594/1546 1161/1593/1545
f 1299/1561/1514 1438/1562/1515 1439/1595/1547 1300/1594/1546
f 1438/1562/1515 1577/1563/1516 1578/1596/1548 1439/1595/1547
f 1577/1563/1516 1716/1564/1517 1717/1597/1549 1578/1596/1548
f 1716/1564/1517 1855/1565/1518 1856/1598/1550 1717/1597/1549
f 1855/1565/1518 1994/1566/1519 1995/1599/1551 1856/1598/1550
f 1994/1566/1519 2133/1567/1520 2134/1600/1552 1995/1599/1551
f 2133/1567/1520 2272/1568/1521 2273/1601/1553 2134/1600/1552
f 2272/1568/1521 2411/1569/1522 2412/1602/1554 2273/1601/1553
f 2411/1569/1522 2550/1570/1523 2551/1603/1555 2412/1602/1554
f 2550/1570/1523 2689/1571/1524 2690/1604/1556 2551/1603/1555
f 2689/1571/1524 2828/1572/1525 2829/1605/1557 2690/1604/1556
f 2828/1572/1525 2967/1573/1526 2968/1606/1558 2829/1605/1557
f 2967/1573/1526 3106/1574/1527 3107/1607/1559 2968/1606/1558
f 3106/1574/1527 3245/1575/1528 3246/1608/1560 3107/1607/1559
f 3245/1575/1528 3384/1576/1529 3385/1609/1561 3246/1608/1560
f 3384/1576/1529 3523/1577/1530 3524/1610/1562 3385/1609/1561
f 3523/1577/1530 3662/1578/1531 3663/1611/1563 3524/1610/1562
f 3662/1578/1531 3801/1579/1532 3802/1612/1564 3663/1611/1563
f 3801/1579/1532 3940/1580/1533 3941/1613/1565 3802/1612/1564
f 3940/1580/1533 4079/1581/1534 4080/1614/1566 3941/1613/1565
f 4079/1581/1534 4218/1582/1535 4219/1615/1567 4080/1614/1566
f 4218/1582/1535 4357/1583/1536 4358/1616/1568 4219/1615/1567
f 4357/1583/1536 48/1584/1506 49/1617/1538 4358/1616/1568
f 49/1586/1538 188/1585/1537 189/1618/1569 50/1619/1570
f 188/1585/1537 327/1587/1539 328/1620/1571 189/1618/1569
f 327/1587/1539 466/1588/1540 467/1621/1572 328/1620/1571
f 466/1588/1540 605/1589/1541 606/1622/1573 467/1621/1572
f 605/1589/1541 744/1590/1542 745/1623/1574 606/1622/1573
f 744/1590/1542 883/1591/1543 884/1624/1575 745/1623/1574
f 883/1591/1543 1022/1592/1544 1023/1625/1576 884/1624/1575
f 1022/1592/1544 1161/1593/1545 1162/1626/1577 1023/1625/1576
f 1161/1593/1545 1300/1594/1546 1301/1627/1578 1162/1626/1577
f 1300/1594/1546 1439/1595/1547 1440/1628/1579 1301/1627/1578
f 1439/1595/1547 1578/1596/1548 1579/1629/1580 1440/1628/1579
f 1578/1596/1548 1717/1597/1549 1718/1630/1581 1579/1629/1580
f 1717/1597/1549 1856/1598/1550 1857/1631/1582 1718/1630/1581
f 1856/1598/1550 1995/1599/1551 1996/1632/1583 1857/1631/1582
f 1995/1599/1551 2134/1600/1552 2135/1633/1584 1996/1632/1583
f 2134/1600/1552 2273/1601/1553 2274/1634/1585 2135/1633/1584
f 2273/1601/1553 2412/1602/1554 2413/1635/1586 2274/1634/1585
f 2412/1602/1554 2551/1603/1555 2552/1636/1587 2413/1635/1586
f 2551/1603/1555 2690/1604/1556 2691/1637/1588 2552/1636/1587
f 2690/1604/1556 2829/1605/1557 2830/1638/1589 2691/1637/1588
f 2829/1605/1557 2968/1606/1558 2969/1639/1590 2830/1638/1589
f 2968/1606/1558 3107/1607/1559 3108/1640/1591 2969/1639/1590
f 3107/1607/1559 3246/1608/1560 3247/1641/1592 3108/1640/1591
f 3246/1608/1560 3385/1609/1561 3386/1642/1593 3247/1641/1592
f 3385/1609/1561 3524/1610/1562 3525/1643/1594 3386/1642/1593
f 3524/1610/1562 3663/1611/1563 3664/1644/1595 3525/1643/1594
f 3663/1611/1563 3802/1612/1564 3803/1645/1596 3664/1644/1595
f 3802/1612/1564 3941/1613/1565 3942/1646/1597 3803/1645/1596
f 3941/1613/1565 4080/1614/1566 4081/1647/1598 3942/1646/1597
f 4080/1614/1566 4219/1615/1567 4220/1648/1599 4081/1647/1598
f 4219/1615/1567 4358/1616/1568 4359/1649/1600 4220/1648/1599
f 4358/1616/1568 49/1617/1538 50/1650/1570 4359/1649/1600
f 50/1619/1570 189/1618/1569 190/1651/1601 51/1652/1602
f 189/1618/1569 328/1620/1571 329/1653/1603 190/1651/1601
f 328/1620/1571 467/1621/1572 468/1654/1604 329/1653/1603
f 467/1621/1572 606/1622/1573 607/1655/1605 468/1654/1604
f 606/1622/1573 745/1623/1574 746/1656/1606 607/1655/1605
f 745/1623/1574 884/1624/1575 885/1657/1607 746/1656/1606
f 884/1624/1575 1023/1625/1576 1024/1658/1608 885/1657/1607
f 1023/1625/1576 1162/1626/1577 1163/1659/1609 1024/1658/1608
f 1162/1626/1577 1301/1627/1578 1302/1660/1610 1163/1659/1609
f 1301/1627/1578 1440/1628/1579 1441/1661/1611 1302/1660/1610
f 1440/1628/1579 1579/1629/1580 1580/1662/1612 1441/1661/1611
f 1579/1629/1580 1718/1630/1581 1719/1663/1613 1580/1662/1612
f 1718/1630/1581 1857/1631/1582 1858/1664/1614 1719/1663/1613
f 1857/1631/1582 1996/1632/1583 1997/1665/1615 1858/1664/1614
f 1996/1632/1583 2135/1633/1584 2136/1666/1616 1997/1665/1615
f 2135/1633/1584 2274/1634/1585 2275/1667/1617 2136/1666/1616
f 2274/1634/1585 2413/1635/1586 2414/1668/1618 2275/1667/1617
f 2413/1635/1586 2552/1636/1587 2553/1669/1619 2414/1668/1618
f 2552/1636/1587 2691/1637/1588 2692/1670/1620 2553/1669/1619
f 2691/1637/1588 2830/1638/1589 2831/1671/1621 2692/1670/1620
f 2830/1638/1589 2969/1639/1590 2970/1672/1622 2831/1671/1621
f 2969/1639/1590 3108/1640/1591 3109/1673/1623 2970/1672/1622
f 3108/1640/1591 3247/1641/1592 3248/1674/1624 3109/1673/1623
f 3247/1641/1592 3386/1642/1593 3387/1675/1625 3248/1674/1624
f 3386/1642/1593 3525/1643/1594 3526/1676/1626 3387/1675/1625
f 3525/1643/1594 3664/1644/1595 3665/1677/1627 3526/1676/1626
f 3664/1644/1595 3803/1645/1596 3804/1678/1628 3665/1677/1627
f 3803/1645/1596 3942/1646/1597 3943/1679/1629 3804/1678/1628
f 3942/1646/1597 4081/1647/1598 4082/1680/1630 3943/1679/1629
f 4081/1647/1598 4220/1648/1599 4221/1681/1631 4082/1680/1630
f 4220/1648/1599 4359/1649/1600 4360/1682/1632 4221/1681/1631
f 4359/1649/1600 50/1650/1570 51/1683/1602 4360/1682/1632
f 51/1652/1602 190/1651/1601 191/1684/1633 52/1685/1634
f 190/1651/1601 329/1653/1603 330/1686/1635 191/1684/1633
f 329/1653/1603 468/1654/1604 469/1687/1636 330/1686/1635
f 468/1654/1604 607/1655/1605 608/1688/1637 469/1687/1636
f 607/1655/1605 746/1656/1606 747/1689/1638 608/1688/1637
f 746/1656/1606 885/1657/1607 886/1690/1639 747/1689/1638
f 885/1657/1607 1024/1658/1608 1025/1691/1640 886/1690/1639
f 1024/1658/1608 1163/1659/1609 1164/1692/1641 1025/1691/1640
f 1163/1659/1609 1302/1660/1610 1303/1693/1642 1164/1692/1641
f 1302/1660/1610 1441/1661/1611 1442/1694/1643 1303/1693/1642
f 1441/1661/1611 1580/1662/1612 1581/1695/1644 1442/1694/1643
f 1580/1662/1612 1719/1663/1613 1720/1696/1645 1581/1695/1644
f 1719/1663/1613 1858/1664/1614 1859/1697/1646 1720/1696/1645
f 1858/1664/1614 1997/1665/1615 1998/1698/1647 1859/1697/1646
f 1997/1665/1615 2136/1666/1616 2137/1699/1648 1998/1698/1647
f 2136/1666/1616 2275/1667/1617 2276/1700/1649 2137/1699/1648
f 2275/1667/1617 2414/1668/1618 2415/1701/1650 2276/1700/1649
f 2414/1668/1618 2553/1669/1619 2554/1702/1651 2415/1701/1650
f 2553/1669/1619 2692/1670/1620 2693/1703/1652 2554/1702/1651
f 2692/1670/1620 2831/1671/1621 2832/1704/1653 2693/1703/1652
f 2831/1671/1621 2970/1672/1622 2971/1705/1654 2832/1704/1653
f 2970/1672/1622 3109/1673/1623 3110/1706/1655 2971/1705/1654
f 3109/1673/1623 3248/1674/1624 3249/1707/1656 3110/1706/1655
f 3248/1674/1624 3387/1675/1625 3388/1708/1657 3249/1707/1656
f 3387/1675/1625 3526/1676/1626 3527/1709/1658 3388/1708/1657
f 3526/1676/1626 3665/1677/1627 3666/1710/1659 3527/1709/1658
f 3665/1677/1627 3804/1678/1628 3805/1711/1660 3666/1710/1659
f 3804/1678/1628 3943/1679/1629 3944/1712/1661 3805/1711/1660
f 3943/1679/1629 4082/1680/1630 4083/1713/1662 3944/1712/1661
f 4082/1680/1630 4221/1681/1631 4222/1714/1663 4083/1713/1662
f 4221/1681/1631 4360/1682/1632 4361/1715/1664 4222/1714/1663
f 4360/1682/1632 51/1683/1602 52/1716/1634 4361/1715/1664
f 52/1685/1634 191/1684/1633 192/1717/1665 53/1718/1666
f 191/1684/1633 330/1686/1635 331/1719/1667 192/1717/1665
f 330/1686/1635 469/1687/1636 470/1720/1668 331/1719/1667
f 469/1687/1636 608/1688/1637 609/1721/1669 470/1720/1668
f 608/1688/1637 747/1689/1638 748/1722/1670 609/1721/1669
f 747/1689/1638 886/1690/1639 887/1723/1671 748/1722/1670
f 886/1690/1639 1025/1691/1640 1026/1724/1672 887/1723/1671
f 1025/1691/1640 1164/1692/1641 1165/1725/1673 1026/1724/1672
f 1164/1692/1641 1303/1693/1642 1304/1726/1674 1165/1725/1673
f 1303/1693/1642 1442/1694/1643 1443/1727/1675 1304/1726/1674
f 1442/1694/1643 1581/1695/1644 1582/1728/1676 1443/1727/1675
f 1581/1695/1644 1720/1696/1645 1721/1729/1677 1582/1728/1676
f 1720/1696/1645 1859/1697/1646 1860/1730/1678 1721/1729/1677
f 1859/1697/1646 1998/1698/1647 1999/1731/1679 1860/1730/1678
f 1998/1698/1647 2137/1699/1648 2138/1732/1680 1999/1731/1679
f 2137/1699/1648 2276/1700/1649 2277/1733/1681 2138/1732/1680
f 2276/1700/1649 2415/1701/1650 2416/1734/1682 2277/1733/1681
f 2415/1701/1650 2554/1702/1651 2555/1735/1683 2416/1734/1682
f 2554/1702/1651 2693/1703/1652 2694/1736/1684 2555/1735/1683
f 2693/1703/1652 2832/1704/1653 2833/1737/1685 2694/1736/1684
f 2832/1704/1653 2971/1705/1654 2972/1738/1686 2833/1737/1685
f 2971/1705/1654 3110/1706/1655 3111/1739/1687 2972/1738/1686
f 3110/1706/1655 3249/1707/1656 3250/1740/1688 3111/1739/1687
f 3249/1707/1656 3388/1708/1657 3389/1741/1689 3250/1740/1688
f 3388/1708/1657 3527/1709/1658 3528/1742/1690 3389/1741/1689
f 3527/1709/1658 3666/1710/1659 3667/1743/1691 3528/1742/1690
f 3666/1710/1659 3805/1711/1660 3806/1744/1692 3667/1743/1691
f 3805/1711/1660 3944/1712/1661 3945/1745/1693 3806/1744/1692
f 3944/1712/1661 4083/1713/1662 4084/1746/1694 3945/1745/1693
f 4083/1713/1662 4222/1714/1663 4223/1747/1695 4084/1746/1694
f 4222/1714/1663 4361/1715/1664 4362/1748/1696 4223/1747/1695
f 4361/1715/1664 52/1716/1634 53/1749/1666 4362/1748/1696
f 53/1718/1666 192/1717/1665 193/1750/1697 54/1751/1698
f 192/1717/1665 331/1719/1667 332/1752/1699 193/1750/1697
f 331/1719/1667 470/1720/1668 471/1753/1700 332/1752/1699
f 470/1720/1668 609/1721/1669 610/1754/1701 471/1753/1700
f 609/1721/1669 748/1722/1670 749/1755/1702 610/1754/1701
f 748/1722/1670 887/1723/1671 888/1756/1703 749/1755/1702
f 887/1723/1671 1026/1724/1672 1027/1757/1704 888/1756/1703
f 1026/1724/1672 1165/1725/1673 1166/1758/1705 1027/1757/1704
f 1165/1725/1673 1304/1726/1674 1305/1759/1706 1166/1758/1705
f 1304/1726/1674 1443/1727/1675 1444/1760/1707 1305/1759/1706
f 1443/1727/1675 1582/1728/1676 1583/1761/1708 1444/1760/1707
f 1582/1728/1676 1721/1729/1677 1722/1762/1709 1583/1761/1708
f 1721/1729/1677 1860/1730/1678 1861/1763/1710 1722/1762/1709
f 1860/1730/1678 1999/1731/1679 2000/1764/1711 1861/1763/1710
f 1999/1731/1679 2138/1732/1680 2139/1765/1712 2000/1764/1711
f 2138/1732/1680 2277/1733/1681 2278/1766/1713 2139/1765/1712
f 2277/1733/1681 2416/1734/1682 2417/1767/1714 2278/1766/1713
f 2416/1734/1682 2555/1735/1683 2556/1768/1715 2417/1767/1714
f 2555/1735/1683 2694/1736/1684 2695/1769/1716 2556/1768/1715
f 2694/1736/1684 2833/1737/1685 2834/1770/1717 2695/1769/1716
f 2833/1737/1685 2972/1738/1686 2973/1771/1718 2834/1770/1717
f 2972/1738/1686 3111/1739/1687 3112/1772/1719 2973/1771/1718
f 3111/1739/1687 3250/1740/1688 3251/1773/1720 3112/1772/1719
f 3250/1740/1688 3389/1741/1689 3390/1774/1721 3251/1773/1720
f 3389/1741/1689 3528/1742/1690 3529/1775/1722 3390/1774/1721
f 3528/1742/1690 3667/1743/1691 3668/1776/1723 3529/1775/1722
f 3667/1743/1691 3806/1744/1692 3807/1777/1724 3668/1776/1723
f 3806/1744/1692 3945/1745/1693 3946/1778/1725 3807/1777/1724
f 3945/1745/1693 4084/1746/1694 4085/1779/1726 3946/1778/1725
f 4084/1746/1694 4223/1747/1695 4224/1780/1727 4085/1779/1726
f 4223/1747/1695 4362/1748/1696 4363/1781/1728 4224/1780/1727
f 4362/1748/1696 53/1749/1666 54/1782/1698 4363/1781/1728
f 54/1751/1698 193/1750/1697 194/1783/1729 55/1784/1730
f 193/1750/1697 332/1752/1699 333/1785/1731 194/1783/1729
f 332/1752/1699 471/1753/1700 472/1786/1732 333/1785/1731
f 471/1753/1700 610/1754/1701 611/1787/1733 472/1786/1732
f 610/1754/1701 749/1755/1702 750/1788/1734 611/1787/1733
f 749/1755/1702 888/1756/1703 889/1789/1735 750/1788/1734
f 888/1756/1703 1027/1757/1704 1028/1790/1736 889/1789/1735
f 1027/1757/1704 1166/1758/1705 1167/1791/1737 1028/1790/1736
f 1166/1758/1705 1305/1759/1706 1306/1792/1738 1167/1791/1737
f 1305/1759/1706 1444/1760/1707 1445/1793/1739 1306/1792/1738
f 1444/1760/1707 1583/1761/1708 1584/1794/1740 1445/1793/1739
f 1583/1761/1708 1722/1762/1709 1723/1795/1741 1584/1794/1740
f 1722/1762/1709 1861/1763/1710 1862/1796/1742 1723/1795/1741
f 1861/1763/1710 2000/1764/1711 2001/1797/1743 1862/1796/1742
f 2000/1764/1711 2139/1765/1712 2140/1798/1744 2001/1797/1743
f 2139/1765/1712 2278/1766/1713 2279/1799/1745 2140/1798/1744
f 2278/1766/1713 2417/1767/1714 2418/1800/1746 2279/1799/1745
f 2417/1767/1714 2556/1768/1715 2557/1801/1747 2418/1800/1746
f 2556/1768/1715 2695/1769/1716 2696/1802/1748 2557/1801/1747
f 2695/1769/1716 2834/1770/1717 2835/1803/1749 2696/1802/1748
f 2834/1770/1717 2973/1771/1718 2974/1804/1750 2835/1803/1749
f 2973/1771/1718 3112/1772/1719 3113/1805/1751 2974/1804/1750
f 3112/1772/1719 3251/1773/1720 3252/1806/1752 3113/1805/1751
f 3251/1773/1720 3390/1774/1721 3391/1807/1753 3252/1806/1752
f 3390/1774/1721 3529/1775/1722 3530/1808/1754 3391/1807/1753
f 3529/1775/1722 3668/1776/1723 3669/1809/1755 3530/1808/1754
f 3668/1776/1723 3807/1777/1724 3808/1810/1756 3669/1809/1755
f 3807/1777/1724 3946/1778/1725 3947/1811/1757 3808/1810/1756
f 3946/1778/1725 4085/1779/1726 4086/1812/1758 3947/1811/1757
f 4085/1779/1726 4224/1780/1727 4225/1813/1759 4086/1812/1758
f 4224/1780/1727 4363/1781/1728 4364/1814/1760 4225/1813/1759
f 4363/1781/1728 54/1782/1698 55/1815/1730 4364/1814/1760
f 55/1784/1730 194/1783/1729 195/1816/1761 56/1817/1762
f 194/1783/1729 333/1785/1731 334/1818/1763 195/1816/1761
f 333/1785/1731 472/1786/1732 473/1819/1764 334/1818/1763
f 472/1786/1732 611/1787/1733 612/1820/1765 473/1819/1764
f 611/1787/1733 750/1788/1734 751/1821/1766 612/1820/1765
f 750/1788/1734 889/1789/1735 890/1822/1767 751/1821/1766
f 889/1789/1735 1028/1790/1736 1029/1823/1768 890/1822/1767
f 1028/1790/1736 1167/1791/1737 1168/1824/1769 1029/1823/1768
f 1167/1791/1737 1306/1792/1738 1307/1825/1770 1168/1824/1769
f 1306/1792/1738 1445/1793/1739 1446/1826/1771 1307/1825/1770
f 1445/1793/1739 1584/1794/1740 1585/1827/1772 1446/1826/1771
f 1584/1794/1740 1723/1795/1741 1724/1828/1773 1585/1827/1772
f 1723/1795/1741 1862/1796/1742 1863/1829/1774 1724/1828/1773
f 1862/1796/1742 2001/1797/1743 2002/1830/1775 1863/1829/1774
f 2001/1797/1743 2140/1798/1744 2141/1831/1776 2002/1830/1775
f 2140/1798/1744 2279/1799/1745 2280/1832/1777 2141/1831/1776
f 2279/1799/1745 2418/1800/1746 2419/1833/1778 2280/1832/1777
f 2418/1800/1746 2557/1801/1747 2558/1834/1779 2419/1833/1778
f 2557/1801/1747 2696/1802/1748 2697/1835/1780 2558/1834/1779
f 2696/1802/1748 2835/1803/1749 2836/1836/1781 2697/1835/1780
f 2835/1803/1749 2974/1804/1750 2975/1837/1782 2836/1836/1781
f 2974/1804/1750 3113/1805/1751 3114/1838/1783 2975/1837/1782
f 3113/1805/1751 3252/1806/1752 3253/1839/1784 3114/1838/1783
f 3252/1806/1752 3391/1807/1753 3392/1840/1785 3253/1839/1784
f 3391/1807/1753 3530/1808/1754 3531/1841/1786 3392/1840/1785
f 3530/1808/1754 3669/1809/1755 3670/1842/1787 3531/1841/1786
f 3669/1809/1755 3808/1810/1756 3809/1843/1788 3670/1842/1787
f 3808/1810/1756 3947/1811/1757 3948/1844/1789 3809/1843/1788
f 3947/1811/1757 4086/1812/1758 4087/1845/1790 3948/1844/1789
f 4086/1812/1758 4225/1813/1759 4226/1846/1791 4087/1845/1790
f 4225/1813/1759 4364/1814/1760 4365/1847/1792 4226/1846/1791
f 4364/1814/1760 55/1815/1730 56/1848/1762 4365/1847/1792
f 56/1817/1762 195/1816/1761 196/1849/1793 57/1850/1794
f 195/1816/1761 334/1818/1763 335/1851/1795 196/1849/1793
f 334/1818/1763 473/1819/1764 474/1852/1796 335/1851/1795
f 473/1819/1764 612/1820/1765 613/1853/1797 474/1852/1796
f 612/1820/1765 751/1821/1766 752/1854/1798 613/1853/1797
f 751/1821/1766 890/1822/1767 891/1855/1799 752/1854/1798
f 890/1822/1767 1029/1823/1768 1030/1856/1800 891/1855/1799
f 1029/1823/1768 1168/1824/1769 1169/1857/1801 1030/1856/1800
f 1168/1824/1769 1307/1825/1770 1308/1858/1802 1169/1857/1801
f 1307/1825/1770 1446/1826/1771 1447/1859/1803 1308/1858/1802
f 1446/1826/1771 1585/1827/1772 1586/1860/1804 1447/1859/1803
f 1585/1827/1772 1724/1828/1773 1725/1861/1805 1586/1860/1804
f 1724/1828/1773 1863/1829/1774 1864/1862/1806 1725/1861/1805
f 1863/1829/1774 2002/1830/1775 2003/1863/1807 1864/1862/1806
f 2002/1830/1775 2141/1831/1776 2142/1864/1808 2003/1863/1807
f 2141/1831/1776 2280/1832/1777 2281/1865/1809 2142/1864/1808
f 2280/1832/1777 2419/1833/1778 2420/1866/1810 2281/1865/1809
f 2419/1833/1778 2558/1834/1779 2559/1867/1811 2420/1866/1810
f 2558/1834/1779 2697/1835/1780 2698/1868/1812 2559/1867/1811
f 2697/1835/1780 2836/1836/1781 2837/1869/1813 2698/1868/1812
f 2836/1836/1781 2975/1837/1782 2976/1870/1814 2837/1869/1813
f 2975/1837/1782 3114/1838/1783 3115/1871/1815 2976/1870/1814
f 3114/1838/1783 3253/1839/1784 3254/1872/1816 3115/1871/1815
f 3253/1839/1784 3392/1840/1785 3393/1873/1817 3254/1872/1816
f 3392/1840/1785 3531/1841/1786 3532/1874/1818 3393/1873/1817
f 3531/1841/1786 3670/1842/1787 3671/1875/1819 3532/1874/1818
f 3670/1842/1787 3809/1843/1788 3810/1876/1820 3671/1875/1819
f 3809/1843/1788 3948/1844/1789 3949/1877/1821 3810/1876/1820
f 3948/1844/1789 4087/1845/1790 4088/1878/1822 3949/1877/1821
f 4087/1845/1790 4226/1846/1791 4227/1879/1823 4088/1878/1822
f 4226/1846/1791 4365/1847/1792 4366/1880/1824 4227/1879/1823
f 4365/1847/1792 56/1848/1762 57/1881/1794 4366/1880/1824
f 57/1850/1794 196/1849/1793 197/1882/1825 58/1883/1826
f 196/1849/1793 335/1851/1795 336/1884/1827 197/1882/1825
f 335/1851/1795 474/1852/1796 475/1885/1828 336/1884/1827
f 474/1852/1796 613/1853/1797 614/1886/1829 475/1885/1828
f 613/1853/1797 752/1854/1798 753/1887/1830 614/1886/1829
f 752/1854/1798 891/1855/1799 892/1888/1831 753/1887/1830
f 891/1855/1799 1030/1856/1800 1031/1889/1832 892/1888/1831
f 1030/1856/1800 1169/1857/1801 1170/1890/1833 1031/1889/1832
f 1169/1857/1801 1308/1858/1802 1309/1891/1834 1170/1890/1833
f 1308/1858/1802 1447/1859/1803 1448/1892/1835 1309/1891/1834
f 1447/1859/1803 1586/1860/1804 1587/1893/1836 1448/1892/1835
f 1586/1860/1804 1725/1861/1805 1726/1894/1837 1587/1893/1836
f 1725/1861/1805 1864/1862/1806 1865/1895/1838 1726/1894/1837
f 1864/1862/1806 2003/1863/1807 2004/1896/1839 1865/1895/1838
f 2003/1863/1807 2142/1864/1808 2143/1897/1840 2004/1896/1839
f 2142/1864/1808 2281/1865/1809 2282/1898/1841 2143/1897/1840
f 2281/1865/1809 2420/1866/1810 2421/1899/1842 2282/1898/1841
f 2420/1866/1810 2559/1867/1811 2560/1900/1843 2421/1899/1842
f 2559/1867/1811 2698/1868/1812 2699/1901/1844 2560/1900/1843
f 2698/1868/1812 2837/1869/1813 2838/1902/1845 2699/1901/1844
f 2837/1869/1813 2976/1870/1814 2977/1903/1846 2838/1902/1845
f 2976/1870/1814 3115/1871/1815 3116/1904/1847 2977/1903/1846
f 3115/1871/1815 3254/1872/1816 3255/1905/1848 3116/1904/1847
f 3254/1872/1816 3393/1873/1817 3394/1906/1849 3255/1905/1848
f 3393/1873/1817 3532/1874/1818 3533/1907/1850 3394/1906/1849
f 3532/1874/1818 3671/1875/1819 3672/1908/1851 3533/1907/1850
f 3671/1875/1819 3810/1876/1820 3811/1909/1852 3672/1908/1851
f 3810/1876/1820 3949/1877/1821 3950/1910/1853 3811/1909/1852
f 3949/1877/1821 4088/1878/1822 4089/1911/1854 3950/1910/1853
f 4088/1878/1822 4227/1879/1823 4228/1912/1855 4089/1911/1854
f 4227/1879/1823 4366/1880/1824 4367/1913/1856 4228/1912/1855
f 4366/1880/1824 57/1881/1794 58/1914/1826 4367/1913/1856
f 58/1883/1826 197/1882/1825 198/1915/1857 59/1916/1858
f 197/1882/1825 336/1884/1827 337/1917/1859 198/1915/1857
f 336/1884/1827 475/1885/1828 476/1918/1860 337/1917/1859
f 475/1885/1828 614/1886/1829 615/1919/1861 476/1918/1860
f 614/1886/1829 753/1887/1830 754/1920/1862 615/1919/1861
f 753/1887/1830 892/1888/1831 893/1921/1863 754/1920/1862
f 892/1888/1831 1031/1889/1832 1032/1922/1864 893/1921/1863
f 1031/1889/1832 1170/1890/1833 1171/1923/1865 1032/1922/1864
f 1170/1890/1833 1309/1891/1834 1310/1924/1866 1171/1923/1865
f 1309/1891/1834 1448/1892/1835 1449/1925/1867 1310/1924/1866
f 1448/1892/1835 1587/1893/1836 1588/1926/1868 1449/1925/1867
f 1587/1893/1836 1726/1894/1837 1727/1927/1869 1588/1926/1868
f 1726/1894/1837 1865/1895/1838 1866/1928/1870 1727/1927/1869
f 1865/1895/1838 2004/1896/1839 2005/1929/1871 1866/1928/1870
f 2004/1896/1839 2143/1897/1840 2144/1930/1872 2005/1929/1871
f 2143/1897/1840 2282/1898/1841 2283/1931/1873 2144/1930/1872
f 2282/1898/1841 2421/1899/1842 2422/1932/1874 2283/1931/1873
f 2421/1899/1842 2560/1900/1843 2561/1933/1875 2422/1932/1874
f 2560/1900/1843 2699/1901/1844 2700/1934/1876 2561/1933/1875
f 2699/1901/1844 2838/1902/1845 2839/1935/1877 2700/1934/1876
f 2838/1902/1845 2977/1903/1846 2978/1936/1878 2839/1935/1877
f 2977/1903/1846 3116/1904/1847 3117/1937/1879 2978/1936/1878
f 3116/1904/1847 3255/1905/1848 3256/1938/1880 3117/1937/1879
f 3255/1905/1848 3394/1906/1849 3395/1939/1881 3256/1938/1880
f 3394/1906/1849 3533/1907/1850 3534/1940/1882 3395/1939/1881
f 3533/1907/1850 3672/1908/1851 3673/1941/1883 3534/1940/1882
f 3672/1908/1851 3811/1909/1852 3812/1942/1884 3673/1941/1883
f 3811/1909/1852 3950/1910/1853 3951/1943/1885 3812/1942/1884
f 3950/1910/1853 4089/1911/1854 4090/1944/1886 3951/1943/1885
f 4089/1911/1854 4228/1912/1855 4229/1945/1887 4090/1944/1886
f 4228/1912/1855 4367/1913/1856 4368/1946/1888 4229/1945/1887
f 4367/1913/1856 58/1914/1826 59/1947/1858 4368/1946/1888
f 59/1916/1858 198/1915/1857 199/1948/1889 60/1949/1890
f 198/1915/1857 337/1917/1859 338/1950/1891 199/1948/1889
f 337/1917/1859 476/1918/1860 477/1951/1892 338/1950/1891
f 476/1918/1860 615/1919/1861 616/1952/1893 477/1951/1892
f 615/1919/1861 754/1920/1862 755/1953/1894 616/1952/1893
f 754/1920/1862 893/1921/1863 894/1954/1895 755/1953/1894
f 893/1921/1863 1032/1922/1864 1033/1955/1896 894/1954/1895
f 1032/1922/1864 1171/1923/1865 1172/1956/1897 1033/1955/1896
f 1171/1923/1865 1310/1924/1866 1311/1957/1898 1172/1956/1897
f 1310/1924/1866 1449/1925/1867 1450/1958/1899 1311/1957/1898
f 1449/1925/1867 1588/1926/1868 1589/1959/1900 1450/1958/1899
f 1588/1926/1868 1727/1927/1869 1728/1960/1901 1589/1959/1900
f 1727/1927/1869 1866/1928/1870 1867/1961/1902 1728/1960/1901
f 1866/1928/1870 2005/1929/1871 2006/1962/1903 1867/1961/1902
f 2005/1929/1871 2144/1930/1872 2145/1963/1904 2006/1962/1903
f 2144/1930/1872 2283/1931/1873 2284/1964/1905 2145/1963/1904
f 2283/1931/1873 2422/1932/1874 2423/1965/1906 2284/1964/1905
f 2422/1932/1874 2561/1933/1875 2562/1966/1907 2423/1965/1906
f 2561/1933/1875 2700/1934/1876 2701/1967/1908 2562/1966/1907
f 2700/1934/1876 2839/1935/1877 2840/1968/1909 2701/1967/1908
f 2839/1935/1877 2978/1936/1878 2979/1969/1910 2840/1968/1909
f 2978/1936/1878 3117/1937/1879 3118/1970/1911 2979/1969/1910
f 3117/1937/1879 3256/1938/1880 3257/1971/1912 3118/1970/1911
f 3256/1938/1880 3395/1939/1881 3396/1972/1913 3257/1971/1912
f 3395/1939/1881 3534/1940/1882 3535/1973/1914 3396/1972/1913
f 3534/1940/1882 3673/1941/1883 3674/1974/1915 3535/1973/1914
f 3673/1941/1883 3812/1942/1884 3813/1975/1916 3674/1974/1915
f 3812/1942/1884 3951/1943/1885 3952/1976/1917 3813/1975/1916
f 3951/1943/1885 4090/1944/1886 4091/1977/1918 3952/1976/1917
f 4090/1944/1886 4229/1945/1887 4230/1978/1919 4091/1977/1918
f 4229/1945/1887 4368/1946/1888 4369/1979/1920 4230/1978/1919
f 4368/1946/1888 59/1947/1858 60/1980/1890 4369/1979/1920
f 60/1949/1890 199/1948/1889 200/1981/1921 61/1982/1922
f 199/1948/1889 338/1950/1891 339/1983/1923 200/1981/1921
f 338/1950/1891 477/1951/1892 478/1984/1924 339/1983/1923
f 477/1951/1892 616/1952/1893 617/1985/1925 478/1984/1924
f 616/1952/1893 755/1953/1894 756/1986/1926 617/1985/1925
f 755/1953/1894 894/1954/1895 895/1987/1927 756/1986/1926
f 894/1954/1895 1033/1955/1896 1034/1988/1928 895/1987/1927
f 1033/1955/1896 1172/1956/1897 1173/1989/1929 1034/1988/1928
f 1172/1956/1897 1311/1957/1898 1312/1990/1930 1173/1989/1929
f 1311/1957/1898 1450/1958/1899 1451/1991/1931 1312/1990/1930
f 1450/1958/1899 1589/1959/1900 1590/1992/1932 1451/1991/1931
f 1589/1959/1900 1728/1960/1901 1729/1993/1933 1590/1992/1932
f 1728/1960/1901 1867/1961/1902 1868/1994/1934 1729/1993/1933
f 1867/1961/1902 2006/1962/1903 2007/1995/1935 1868/1994/1934
f 2006/1962/1903 2145/1963/1904 2146/1996/1936 2007/1995/1935
f 2145/1963/1904 2284/1964/1905 2285/1997/1937 2146/1996/1936
f 2284/1964/1905 2423/1965/1906 2424/1998/1938 2285/1997/1937
f 2423/1965/1906 2562/1966/1907 2563/1999/1939 2424/1998/1938
f 2562/1966/1907 2701/1967/1908 2702/2000/1940 2563/1999/1939
f 2701/1967/1908 2840/1968/1909 2841/2001/1941 2702/2000/1940
f 2840/1968/1909 2979/1969/1910 2980/2002/1942 2841/2001/1941
f 2979/1969/1910 3118/1970/1911 3119/2003/1943 2980/2002/1942
f 3118/1970/1911 3257/1971/1912 3258/2004/1944 3119/2003/1943
f 3257/1971/1912 3396/1972/1913 3397/2005/1945 3258/2004/1944
f 3396/1972/1913 3535/1973/1914 3536/2006/1946 3397/2005/1945
f 3535/1973/1914 3674/1974/1915 3675/2007/1947 3536/2006/1946
f 3674/1974/1915 3813/1975/1916 3814/2008/1948 3675/2007/1947
f 3813/1975/1916 3952/1976/1917 3953/2009/1949 3814/2008/1948
f 3952/1976/1917 4091/1977/1918 4092/2010/1950 3953/2009/1949
f 4091/1977/1918 4230/1978/1919 4231/2011/1951 4092/2010/1950
f 4230/1978/1919 4369/1979/1920 4370/2012/1952 4231/2011/1951
f 4369/1979/1920 60/1980/1890 61/2013/1922 4370/2012/1952
f 61/1982/1922 200/1981/1921 201/2014/1953 62/2015/1954
f 200/1981/1921 339/1983/1923 340/2016/1955 201/2014/1953
f 339/1983/1923 478/1984/1924 479/2017/1956 340/2016/1955
f 478/1984/1924 617/1985/1925 618/2018/1957 479/2017/1956
f 617/1985/1925 756/1986/1926 757/2019/1958 618/2018/1957
f 756/1986/1926 895/1987/1927 896/2020/1959 757/2019/1958
f 895/1987/1927 1034/1988/1928 1035/2021/1960 896/2020/1959
f 1034/1988/1928 1173/1989/1929 1174/2022/1961 1035/2021/1960
f 1173/1989/1929 1312/1990/1930 1313/2023/1962 1174/2022/1961
f 1312/1990/1930 1451/1991/1931 1452/2024/1963 1313/2023/1962
f 1451/1991/1931 1590/1992/1932 1591/2025/1964 1452/2024/1963
f 1590/1992/1932 1729/1993/1933 1730/2026/1965 1591/2025/1964
f 1729/1993/1933 1868/1994/1934 1869/2027/1966 1730/2026/1965
f 1868/1994/1934 2007/1995/1935 2008/2028/1967 1869/2027/1966
f 2007/1995/1935 2146/1996/1936 2147/2029/1968 2008/2028/1967
f 2146/1996/1936 2285/1997/1937 2286/2030/1969 2147/2029/1968
f 2285/1997/1937 2424/1998/1938 2425/2031/1970 2286/2030/1969
f 2424/1998/1938 2563/1999/1939 2564/2032/1971 2425/2031/1970
f 2563/1999/1939 2702/2000/1940 2703/2033/1972 2564/2032/1971
f 2702/2000/1940 2841/2001/1941 2842/2034/1973 2703/2033/1972
f 2841/2001/1941 2980/2002/1942 2981/2035/1974 2842/2034/1973
f 2980/2002/1942 3119/2003/1943 3120/2036/1975 2981/2035/1974
f 3119/2003/1943 3258/2004/1944 3259/2037/1976 3120/2036/1975
f 3258/2004/1944 3397/2005/1945 3398/2038/1977 3259/2037/1976
f 3397/2005/1945 3536/2006/1946 3537/2039/1978 3398/2038/1977
f 3536/2006/1946 3675/2007/1947 3676/2040/1979 3537/2039/1978
f 3675/2007/1947 3814/2008/1948 3815/2041/1980 3676/2040/1979
f 3814/2008/1948 3953/2009/1949 3954/2042/1981 3815/2041/1980
f 3953/2009/1949 4092/2010/1950 4093/2043/1982 3954/2042/1981
f 4092/2010/1950 4231/2011/1951 4232/2044/1983 4093/2043/1982
f 4231/2011/1951 4370/2012/1952 4371/2045/1984 4232/2044/1983
f 4370/2012/1952 61/2013/1922 62/2046/1954 4371/2045/1984
f 62/2015/1954 201/2014/1953 202/2047/1985 63/2048/1986
f 201/2014/1953 340/2016/1955 341/2049/1987 202/2047/1985
f 340/2016/1955 479/2017/1956 480/2050/1988 341/2049/1987
f 479/2017/1956 618/2018/1957 619/2051/1989 480/2050/1988
f 618/2018/1957 757/2019/1958 758/2052/1990 619/2051/1989
f 757/2019/1958 896/2020/1959 897/2053/1991 758/2052/1990
f 896/2020/1959 1035/2021/1960 1036/2054/1992 897/2053/1991
f 1035/2021/1960 1174/2022/1961 1175/2055/1993 1036/2054/1992
f 1174/2022/1961 1313/2023/1962 1314/2056/1994 1175/2055/1993
f 1313/2023/1962 1452/2024/1963 1453/2057/1995 1314/2056/1994
f 1452/2024/1963 1591/2025/1964 1592/2058/1996 1453/2057/1995
f 1591/2025/1964 1730/2026/1965 1731/2059/1997 1592/2058/1996
f 1730/2026/1965 1869/2027/1966 1870/2060/1998 1731/2059/1997
f 1869/2027/1966 2008/2028/1967 2009/2061/1999 1870/2060/1998
f 2008/2028/1967 2147/2029/1968 2148/2062/2000 2009/2061/1999
f 2147/2029/1968 2286/2030/1969 2287/2063/2001 2148/2062/2000
f 2286/2030/1969 2425/2031/1970 2426/2064/2002 2287/2063/2001
f 2425/2031/1970 2564/2032/1971 2565/2065/2003 2426/2064/2002
f 2564/2032/1971 2703/2033/1972 2704/2066/2004 2565/2065/2003
f 2703/2033/1972 2842/2034/1973 2843/2067/2005 2704/2066/2004
f 2842/2034/1973 2981/2035/1974 2982/2068/2006 2843/2067/2005
f 2981/2035/1974 3120/2036/1975 3121/2069/2007 2982/2068/2006
f 3120/2036/1975 3259/2037/1976 3260/2070/2008 3121/2069/2007
f 3259/2037/1976 3398/2038/1977 3399/2071/2009 3260/2070/2008
f 3398/2038/1977 3537/2039/1978 3538/2072/2010 3399/2071/2009
f 3537/2039/1978 3676/2040/1979 3677/2073/2011 3538/2072/2010
f 3676/2040/1979 3815/2041/1980 3816/2074/2012 3677/2073/2011
f 3815/2041/1980 3954/2042/1981 3955/2075/2013 3816/2074/2012
f 3954/2042/1981 4093/2043/1982 4094/2076/2014 3955/2075/2013
f 4093/2043/1982 4232/2044/1983 4233/2077/2015 4094/2076/2014
f 4232/2044/1983 4371/2045/1984 4372/2078/2016 4233/2077/2015
f 4371/2045/1984 62/2046/1954 63/2079/1986 4372/2078/2016
f 63/2048/1986 202/2047/1985 203/2080/2017 64/2081/2018
f 202/2047/1985 341/2049/1987 342/2082/2019 203/2080/2017
f 341/2049/1987 480/2050/1988 481/2083/2020 342/2082/2019
f 480/2050/1988 619/2051/1989 620/2084/2021 481/2083/2020
f 619/2051/1989 758/2052/1990 759/2085/2022 620/2084/2021
f 758/2052/1990 897/2053/1991 898/2086/2023 759/2085/2022
f 897/2053/1991 1036/2054/1992 1037/2087/2024 898/2086/2023
f 1036/2054/1992 1175/2055/1993 1176/2088/2025 1037/2087/2024
f 1175/2055/1993 1314/2056/1994 1315/2089/2026 1176/2088/2025
f 1314/2056/1994 1453/2057/1995 1454/2090/2027 1315/2089/2026
f 1453/2057/1995 1592/2058/1996 1593/2091/2028 1454/2090/2027
f 1592/2058/1996 1731/2059/1997 1732/2092/2029 1593/2091/2028
f 1731/2059/1997 1870/2060/1998 1871/2093/2030 1732/2092/2029
f 1870/2060/1998 2009/2061/1999 2010/2094/2031 1871/2093/2030
f 2009/2061/1999 2148/2062/2000 2149/2095/2032 2010/2094/2031
f 2148/2062/2000 2287/2063/2001 2288/2096/2033 2149/2095/2032
f 2287/2063/2001 2426/2064/2002 2427/2097/2034 2288/2096/2033
f 2426/2064/2002 2565/2065/2003 2566/2098/2035 2427/2097/2034
f 2565/2065/2003 2704/2066/2004 2705/2099/2036 2566/2098/2035
f 2704/2066/2004 2843/2067/2005 2844/2100/2037 2705/2099/2036
f 2843/2067/2005 2982/2068/2006 2983/2101/2038 2844/2100/2037
f 2982/2068/2006 3121/2069/2007 3122/2102/2039 2983/2101/2038
f 3121/2069/2007 3260/2070/2008 3261/2103/2040 3122/2102/2039
f 3260/2070/2008 3399/2071/2009 3400/2104/2041 3261/2103/2040
f 3399/2071/2009 3538/2072/2010 3539/2105/2042 3400/2104/2041
f 3538/2072/2010 3677/2073/2011 3678/2106/2043 3539/2105/2042
f 3677/2073/2011 3816/2074/2012 3817/2107/2044 3678/2106/2043
f 3816/2074/2012 3955/2075/2013 3956/2108/2045 3817/2107/2044
f 3955/2075/2013 4094/2076/2014 4095/2109/2046 3956/2108/2045
f 4094/2076/2014 4233/2077/2015 4234/2110/2047 4095/2109/2046
f 4233/2077/2015 4372/2078/2016 4373/2111/2048 4234/2110/2047
f 4372/2078/2016 63/2079/1986 64/2112/2018 4373/2111/2048
f 64/2081/2018 203/2080/2017 204/2113/2049 65/2114/2050
f 203/2080/2017 342/2082/2019 343/2115/2051 204/2113/2049
f 342/2082/2019 481/2083/2020 482/2116/2052 343/2115/2051
f 481/2083/2020 620/2084/2021 621/2117/2053 482/2116/2052
f 620/2084/2021 759/2085/2022 760/2118/2054 621/2117/2053
f 759/2085/2022 898/2086/2023 899/2119/2055 760/2118/2054
f 898/2086/2023 1037/2087/2024 1038/2120/2056 899/2119/2055
f 1037/2087/2024 1176/2088/2025 1177/2121/2057 1038/2120/2056
f 1176/2088/2025 1315/2089/2026 1316/2122/2058 1177/2121/2057
f 1315/2089/2026 1454/2090/2027 1455/2123/2059 1316/2122/2058
f 1454/2090/2027 1593/2091/2028 1594/2124/2060 1455/2123/2059
f 1593/2091/2028 1732/2092/2029 1733/2125/2061 1594/2124/2060
f 1732/2092/2029 1871/2093/2030 1872/2126/2062 1733/2125/2061
f 1871/2093/2030 2010/2094/2031 2011/2127/2063 1872/2126/2062
f 2010/2094/2031 2149/2095/2032 2150/2128/2064 2011/2127/2063
f 2149/2095/2032 2288/2096/2033 2289/2129/2065 2150/2128/2064
f 2288/2096/2033 2427/2097/2034 2428/2130/2066 2289/2129/2065
f 2427/2097/2034 2566/2098/2035 2567/2131/2067 2428/2130/2066
f 2566/2098/2035 2705/2099/2036 2706/2132/2068 2567/2131/2067
f 2705/2099/2036 2844/2100/2037 2845/2133/2069 2706/2132/2068
f 2844/2100/2037 2983/2101/2038 2984/2134/2070 2845/2133/2069
f 2983/2101/2038 3122/2102/2039 3123/2135/2071 2984/2134/2070
f 3122/2102/2039 3261/2103/2040 3262/2136/2072 3123/2135/2071
f 3261/2103/2040 3400/2104/2041 3401/2137/2073 3262/2136/2072
f 3400/2104/2041 3539/2105/2042 3540/2138/2074 3401/2137/2073
f 3539/2105/2042 3678/2106/2043 3679/2139/2075 3540/2138/2074
f 3678/2106/2043 3817/2107/2044 3818/2140/2076 3679/2139/2075
f 3817/2107/2044 3956/2108/2045 3957/2141/2077 3818/2140/2076
f 3956/2108/2045 4095/2109/2046 4096/2142/2078 3957/2141/2077
f 4095/2109/2046 4234/2110/2047 4235/2143/2079 4096/2142/2078
f 4234/2110/2047 4373/2111/2048 4374/2144/2080 4235/2143/2079
f 4373/2111/2048 64/2112/2018 65/2145/2050 4374/2144/2080
f 65/2114/2050 204/2113/2049 205/2146/2081 66/2147/2082
f 204/2113/2049 343/2115/2051 344/2148/2083 205/2146/2081
f 343/2115/2051 482/2116/2052 483/2149/2084 344/2148/2083
f 482/2116/2052 621/2117/2053 622/2150/2085 483/2149/2084
f 621/2117/2053 760/2118/2054 761/2151/2086 622/2150/2085
f 760/2118/2054 899/2119/2055 900/2152/2087 761/2151/2086
f 899/2119/2055 1038/2120/2056 1039/2153/2088 900/2152/2087
f 1038/2120/2056 1177/2121/2057 1178/2154/2089 1039/2153/2088
f 1177/2121/2057 1316/2122/2058 1317/2155/2090 1178/2154/2089
f 1316/2122/2058 1455/2123/2059 1456/2156/2091 1317/2155/2090
f 1455/2123/2059 1594/2124/2060 1595/2157/2092 1456/2156/2091
f 1594/2124/2060 1733/2125/2061 1734/2158/2093 1595/2157/2092
f 1733/2125/2061 1872/2126/2062 1873/2159/2094 1734/2158/2093
f 1872/2126/2062 2011/2127/2063 2012/2160/2095 1873/2159/2094
f 2011/2127/2063 2150/2128/2064 2151/2161/2096 2012/2160/2095
f 2150/2128/2064 2289/2129/2065 2290/2162/2097 2151/2161/2096
f 2289/2129/2065 2428/2130/2066 2429/2163/2098 2290/2162/2097
f 2428/2130/2066 2567/2131/2067 2568/2164/2099 2429/2163/2098
f 2567/2131/2067 2706/2132/2068 2707/2165/2100 2568/2164/2099
f 2706/2132/2068 2845/2133/2069 2846/2166/2101 2707/2165/2100
f 2845/2133/2069 2984/2134/2070 2985/2167/2102 2846/2166/2101
f 2984/2134/2070 3123/2135/2071 3124/2168/2103 2985/2167/2102
f 3123/2135/2071 3262/2136/2072 3263/2169/2104 3124/2168/2103
f 3262/2136/2072 3401/2137/2073 3402/2170/2105 3263/2169/2104
f 3401/2137/2073 3540/2138/2074 3541/2171/2106 3402/2170/2105
f 3540/2138/2074 3679/2139/2075 3680/2172/2107 3541/2171/2106
f 3679/2139/2075 3818/2140/2076 3819/2173/2108 3680/2172/2107
f 3818/2140/2076 3957/2141/2077 3958/2174/2109 3819/2173/2108
f 3957/2141/2077 4096/2142/2078 4097/2175/2110 3958/2174/2109
f 4096/2142/2078 4235/2143/2079 4236/2176/2111 4097/2175/2110
f 4235/2143/2079 4374/2144/2080 4375/2177/2112 4236/2176/2111
f 4374/2144/2080 65/2145/2050 66/2178/2082 4375/2177/2112
f 66/2147/2082 205/2146/2081 206/2179/2113 67/2180/2114
f 205/2146/2081 344/2148/2083 345/2181/2115 206/2179/2113
f 344/2148/2083 483/2149/2084 484/2182/2116 345/2181/2115
f 483/2149/2084 622/2150/2085 623/2183/2117 484/2182/2116
f 622/2150/2085 761/2151/2086 762/2184/2118 623/2183/2117
f 761/2151/2086 900/2152/2087 901/2185/2119 762/2184/2118
f 900/2152/2087 1039/2153/2088 1040/2186/2120 901/2185/2119
f 1039/2153/2088 1178/2154/2089 1179/2187/2121 1040/2186/2120
f 1178/2154/2089 1317/2155/2090 1318/2188/2122 1179/2187/2121
f 1317/2155/2090 1456/2156/2091 1457/2189/2123 1318/2188/2122
f 1456/2156/2091 1595/2157/2092 1596/2190/2124 1457/2189/2123
f 1595/2157/2092 1734/2158/2093 1735/2191/2125 1596/2190/2124
f 1734/2158/2093 1873/2159/2094 1874/2192/2126 1735/2191/2125
f 1873/2159/2094 2012/2160/2095 2013/2193/2127 1874/2192/2126
f 2012/2160/2095 2151/2161/2096 2152/2194/2128 2013/2193/2127
f 2151/2161/2096 2290/2162/2097 2291/2195/2129 2152/2194/2128
f 2290/2162/2097 2429/2163/2098 2430/2196/2130 2291/2195/2129
f 2429/2163/2098 2568/2164/2099 2569/2197/2131 2430/2196/2130
f 2568/2164/2099 2707/2165/2100 2708/2198/2132 2569/2197/2131
f 2707/2165/2100 2846/2166/2101 2847/2199/2133 2708/2198/2132
f 2846/2166/2101 2985/2167/2102 2986/2200/2134 2847/2199/2133
f 2985/2167/2102 3124/2168/2103 3125/2201/2135 2986/2200/2134
f 3124/2168/2103 3263/2169/2104 3264/2202/2136 3125/2201/2135
f 3263/2169/2104 3402/2170/2105 3403/2203/2137 3264/2202/2136
f 3402/2170/2105 3541/2171/2106 3542/2204/2138 3403/2203/2137
f 3541/2171/2106 3680/2172/2107 3681/2205/2139 3542/2204/2138
f 3680/2172/2107 3819/2173/2108 3820/2206/2140 3681/2205/2139
f 3819/2173/2108 3958/2174/2109 3959/2207/2141 3820/2206/2140
f 3958/2174/2109 4097/2175/2110 4098/2208/2142 3959/2207/2141
f 4097/2175/2110 4236/2176/2111 4237/2209/2143 4098/2208/2142
f 4236/2176/2111 4375/2177/2112 4376/2210/2144 4237/2209/2143
f 4375/2177/2112 66/2178/2082 67/2211/2114 4376/2210/2144
f 67/2180/2114 206/2179/2113 207/2212/2145 68/2213/2146
f 206/2179/2113 345/2181/2115 346/2214/2147 207/2212/2145
f 345/2181/2115 484/2182/2116 485/2215/2148 346/2214/2147
f 484/2182/2116 623/2183/2117 624/2216/2149 485/2215/2148
f 623/2183/2117 762/2184/2118 763/2217/2150 624/2216/2149
f 762/2184/2118 901/2185/2119 902/2218/2151 763/2217/2150
f 901/2185/2119 1040/2186/2120 1041/2219/2152 902/2218/2151
f 1040/2186/2120 1179/2187/2121 1180/2220/2153 1041/2219/2152
f 1179/2187/2121 1318/2188/2122 1319/2221/2154 1180/2220/2153
f 1318/2188/2122 1457/2189/2123 1458/2222/2155 1319/2221/2154
f 1457/2189/2123 1596/2190/2124 1597/2223/2156 1458/2222/2155
f 1596/2190/2124 1735/2191/2125 1736/2224/2157 1597/2223/2156
f 1735/2191/2125 1874/2192/2126 1875/2225/2158 1736/2224/2157
f 1874/2192/2126 2013/2193/2127 2014/2226/2159 1875/2225/2158
f 2013/2193/2127 2152/2194/2128 2153/2227/2160 2014/2226/2159
f 2152/2194/2128 2291/2195/2129 2292/2228/2161 2153/2227/2160
f 2291/2195/2129 2430/2196/2130 2431/2229/2162 2292/2228/2161
f 2430/2196/2130 2569/2197/2131 2570/2230/2163 2431/2229/2162
f 2569/2197/2131 2708/2198/2132 2709/2231/2164 2570/2230/2163
f 2708/2198/2132 2847/2199/2133 2848/2232/2165 2709/2231/2164
f 2847/2199/2133 2986/2200/2134 2987/2233/2166 2848/2232/2165
f 2986/2200/2134 3125/2201/2135 3126/2234/2167 2987/2233/2166
f 3125/2201/2135 3264/2202/2136 3265/2235/2168 3126/2234/2167
f 3264/2202/2136 3403/2203/2137 3404/2236/2169 3265/2235/2168
f 3403/2203/2137 3542/2204/2138 3543/2237/2170 3404/2236/2169
f 3542/2204/2138 3681/2205/2139 3682/2238/2171 3543/2237/2170
f 3681/2205/2139 3820/2206/2140 3821/2239/2172 3682/2238/2171
f 3820/2206/2140 3959/2207/2141 3960/2240/2173 3821/2239/2172
f 3959/2207/2141 4098/2208/2142 4099/2241/2174 3960/2240/2173
f 4098/2208/2142 4237/2209/2143 4238/2242/2175 4099/2241/2174
f 4237/2209/2143 4376/2210/2144 4377/2243/2176 4238/2242/2175
f 4376/2210/2144 67/2211/2114 68/2244/2146 4377/2243/2176
f 68/2213/2146 207/2212/2145 208/2245/2177 69/2246/2178
f 207/2212/2145 346/2214/2147 347/2247/2179 208/2245/2177
f 346/2214/2147 485/2215/2148 486/2248/2180 347/2247/2179
f 485/2215/2148 624/2216/2149 625/2249/2181 486/2248/2180
f 624/2216/2149 763/2217/2150 764/2250/2182 625/2249/2181
f 763/2217/2150 902/2218/2151 903/2251/2183 764/2250/2182
f 902/2218/2151 1041/2219/2152 1042/2252/2184 903/2251/2183
f 1041/2219/2152 1180/2220/2153 1181/2253/2185 1042/2252/2184
f 1180/2220/2153 1319/2221/2154 1320/2254/2186 1181/2253/2185
f 1319/2221/2154 1458/2222/2155 1459/2255/2187 1320/2254/2186
f 1458/2222/2155 1597/2223/2156 1598/2256/2188 1459/2255/2187
f 1597/2223/2156 1736/2224/2157 1737/2257/2189 1598/2256/2188
f 1736/2224/2157 1875/2225/2158 1876/2258/2190 1737/2257/2189
f 1875/2225/2158 2014/2226/2159 2015/2259/2191 1876/2258/2190
f 2014/2226/2159 2153/2227/2160 2154/2260/2192 2015/2259/2191
f 2153/2227/2160 2292/2228/2161 2293/2261/2193 2154/2260/2192
f 2292/2228/2161 2431/2229/2162 2432/2262/2194 2293/2261/2193
f 2431/2229/2162 2570/2230/2163 2571/2263/2195 2432/2262/2194
f 2570/2230/2163 2709/2231/2164 2710/2264/2196 2571/2263/2195
f 2709/2231/2164 2848/2232/2165 2849/2265/2197 2710/2264/2196
f 2848/2232/2165 2987/2233/2166 2988/2266/2198 2849/2265/2197
f 2987/2233/2166 3126/2234/2167 3127/2267/2199 2988/2266/2198
f 3126/2234/2167 3265/2235/2168 3266/2268/2200 3127/2267/2199
f 3265/2235/2168 3404/2236/2169 3405/2269/2201 3266/2268/2200
f 3404/2236/2169 3543/2237/2170 3544/2270/2202 3405/2269/2201
f 3543/2237/2170 3682/2238/2171 3683/2271/2203 3544/2270/2202
f 3682/2238/2171 3821/2239/2172 3822/2272/2204 3683/2271/2203
f 3821/2239/2172 3960/2240/2173 3961/2273/2205 3822/2272/2204
f 3960/2240/2173 4099/2241/2174 4100/2274/2206 3961/2273/2205
f 4099/2241/2174 4238/2242/2175 4239/2275/2207 4100/2274/2206
f 4238/2242/2175 4377/2243/2176 4378/2276/2208 4239/2275/2207
f 4377/2243/2176 68/2244/2146 69/2277/2178 4378/2276/2208
f 69/2246/2178 208/2245/2177 209/2278/2209 70/2279/2210
f 208/2245/2177 347/2247/2179 348/2280/2211 209/2278/2209
f 347/2247/2179 486/2248/2180 487/2281/2212 348/2280/2211
f 486/2248/2180 625/2249/2181 626/2282/2213 487/2281/2212
f 625/2249/2181 764/2250/2182 765/2283/2214 626/2282/2213
f 764/2250/2182 903/2251/2183 904/2284/2215 765/2283/2214
f 903/2251/2183 1042/2252/2184 1043/2285/2216 904/2284/2215
f 1042/2252/2184 1181/2253/2185 1182/2286/2217 1043/2285/2216
f 1181/2253/2185 1320/2254/2186 1321/2287/2218 1182/2286/2217
f 1320/2254/2186 1459/2255/2187 1460/2288/2219 1321/2287/2218
f 1459/2255/2187 1598/2256/2188 1599/2289/2220 1460/2288/2219
f 1598/2256/2188 1737/2257/2189 1738/2290/2221 1599/2289/2220
f 1737/2257/2189 1876/2258/2190 1877/2291/2222 1738/2290/2221
f 1876/2258/2190 2015/2259/2191 2016/2292/2223 1877/2291/2222
f 2015/2259/2191 2154/2260/2192 2155/2293/2224 2016/2292/2223
f 2154/2260/2192 2293/2261/2193 2294/2294/2225 2155/2293/2224
f 2293/2261/2193 2432/2262/2194 2433/2295/2226 2294/2294/2225
f 2432/2262/2194 2571/2263/2195 2572/2296/2227 2433/2295/2226
f 2571/2263/2195 2710/2264/2196 2711/2297/2228 2572/2296/2227
f 2710/2264/2196 2849/2265/2197 2850/2298/2229 2711/2297/2228
f 2849/2265/2197 2988/2266/2198 2989/2299/2230 2850/2298/2229
f 2988/2266/2198 3127/2267/2199 3128/2300/2231 2989/2299/2230
f 3127/2267/2199 3266/2268/2200 3267/2301/2232 3128/2300/2231
f 3266/2268/2200 3405/2269/2201 3406/2302/2233 3267/2301/2232
f 3405/2269/2201 3544/2270/2202 3545/2303/2234 3406/2302/2233
f 3544/2270/2202 3683/2271/2203 3684/2304/2235 3545/2303/2234
f 3683/2271/2203 3822/2272/2204 3823/2305/2236 3684/2304/2235
f 3822/2272/2204 3961/2273/2205 3962/2306/2237 3823/2305/2236
f 3961/2273/2205 4100/2274/2206 4101/2307/2238 3962/2306/2237
f 4100/2274/2206 4239/2275/2207 4240/2308/2239 4101/2307/2238
f 4239/2275/2207 4378/2276/2208 4379/2309/2240 4240/2308/2239
f 4378/2276/2208 69/2277/2178 70/2310/2210 4379/2309/2240
f 70/2279/2210 209/2278/2209 210/2311/2241 71/2312/2242
f 209/2278/2209 348/2280/2211 349/2313/2243 210/2311/2241
f 348/2280/2211 487/2281/2212 488/2314/2244 349/2313/2243
f 487/2281/2212 626/2282/2213 627/2315/2245 488/2314/2244
f 626/2282/2213 765/2283/2214 766/2316/2246 627/2315/2245
f 765/2283/2214 904/2284/2215 905/2317/2247 766/2316/2246
f 904/2284/2215 1043/2285/2216 1044/2318/2248 905/2317/2247
f 1043/2285/2216 1182/2286/2217 1183/2319/2249 1044/2318/2248
f 1182/2286/2217 1321/2287/2218 1322/2320/2250 1183/2319/2249
f 1321/2287/2218 1460/2288/2219 1461/2321/2251 1322/2320/2250
f 1460/2288/2219 1599/2289/2220 1600/2322/2252 1461/2321/2251
f 1599/2289/2220 1738/2290/2221 1739/2323/2253 1600/2322/2252
f 1738/2290/2221 1877/2291/2222 1878/2324/2254 1739/2323/2253
f 1877/2291/2222 2016/2292/2223 2017/2325/2255 1878/2324/2254
f 2016/2292/2223 2155/2293/2224 2156/2326/2256 2017/2325/2255
f 2155/2293/2224 2294/2294/2225 2295/2327/2257 2156/2326/2256
f 2294/2294/2225 2433/2295/2226 2434/2328/2258 2295/2327/2257
f 2433/2295/2226 2572/2296/2227 2573/2329/2259 2434/2328/2258
f 2572/2296/2227 2711/2297/2228 2712/2330/2260 2573/2329/2259
f 2711/2297/2228 2850/2298/2229 2851/2331/2261 2712/2330/2260
f 2850/2298/2229 2989/2299/2230 2990/2332/2262 2851/2331/2261
f 2989/2299/2230 3128/2300/2231 3129/2333/2263 2990/2332/2262
f 3128/2300/2231 3267/2301/2232 3268/2334/2264 3129/2333/2263
f 3267/2301/2232 3406/2302/2233 3407/2335/2265 3268/2334/2264
f 3406/2302/2233 3545/2303/2234 3546/2336/2266 3407/2335/2265
f 3545/2303/2234 3684/2304/2235 3685/2337/2267 3546/2336/2266
f 3684/2304/2235 3823/2305/2236 3824/2338/2268 3685/2337/2267
f 3823/2305/2236 3962/2306/2237 3963/2339/2269 3824/2338/2268
f 3962/2306/2237 4101/2307/2238 4102/2340/2270 3963/2339/2269
f 4101/2307/2238 4240/2308/2239 4241/2341/2271 4102/2340/2270
f 4240/2308/2239 4379/2309/2240 4380/2342/2272 4241/2341/2271
f 4379/2309/2240 70/2310/2210 71/2343/2242 4380/2342/2272
f 71/2312/2242 210/2311/2241 211/2344/2273 72/2345/2274
f 210/2311/2241 349/2313/2243 350/2346/2275 211/2344/2273
f 349/2313/2243 488/2314/2244 489/2347/2276 350/2346/2275
f 488/2314/2244 627/2315/2245 628/2348/2277 489/2347/2276
f 627/2315/2245 766/2316/2246 767/2349/2278 628/2348/2277
f 766/2316/2246 905/2317/2247 906/2350/2279 767/2349/2278
f 905/2317/2247 1044/2318/2248 1045/2351/2280 906/2350/2279
f 1044/2318/2248 1183/2319/2249 1184/2352/2281 1045/2351/2280
f 1183/2319/2249 1322/2320/2250 1323/2353/2282 1184/2352/2281
f 1322/2320/2250 1461/2321/2251 1462/2354/2283 1323/2353/2282
f 1461/2321/2251 1600/2322/2252 1601/2355/2284 1462/2354/2283
f 1600/2322/2252 1739/2323/2253 1740/2356/2285 1601/2355/2284
f 1739/2323/2253 1878/2324/2254 1879/2357/2286 1740/2356/2285
f 1878/2324/2254 2017/2325/2255 2018/2358/2287 1879/2357/2286
f 2017/2325/2255 2156/2326/2256 2157/2359/2288 2018/2358/2287
f 2156/2326/2256 2295/2327/2257 2296/2360/2289 2157/2359/2288
f 2295/2327/2257 2434/2328/2258 2435/2361/2290 2296/2360/2289
f 2434/2328/2258 2573/2329/2259 2574/2362/2291 2435/2361/2290
f 2573/2329/2259 2712/2330/2260 2713/2363/2292 2574/2362/2291
f 2712/2330/2260 2851/2331/2261 2852/2364/2293 2713/2363/2292
f 2851/2331/2261 2990/2332/2262 2991/2365/2294 2852/2364/2293
f 2990/2332/2262 3129/2333/2263 3130/2366/2295 2991/2365/2294
f 3129/2333/2263 3268/2334/2264 3269/2367/2296 3130/2366/2295
f 3268/2334/2264 3407/2335/2265 3408/2368/2297 3269/2367/2296
f 3407/2335/2265 3546/2336/2266 3547/2369/2298 3408/2368/2297
f 3546/2336/2266 3685/2337/2267 3686/2370/2299 3547/2369/2298
f 3685/2337/2267 3824/2338/2268 3825/2371/2300 3686/2370/2299
f 3824/2338/2268 3963/2339/2269 3964/2372/2301 3825/2371/2300
f 3963/2339/2269 4102/2340/2270 4103/2373/2302 3964/2372/2301
f 4102/2340/2270 4241/2341/2271 4242/2374/2303 4103/2373/2302
f 4241/2341/2271 4380/2342/2272 4381/2375/2304 4242/2374/2303
f 4380/2342/2272 71/2343/2242 72/2376/2274 4381/2375/2304
f 72/2345/2274 211/2344/2273 212/2377/2305 73/2378/2306
f 211/2344/2273 350/2346/2275 351/2379/2307 212/2377/2305
f 350/2346/2275 489/2347/2276 490/2380/2308 351/2379/2307
f 489/2347/2276 628/2348/2277 629/2381/2309 490/2380/2308
f 628/2348/2277 767/2349/2278 768/2382/2310 629/2381/2309
f 767/2349/2278 906/2350/2279 907/2383/2311 768/2382/2310
f 906/2350/2279 1045/2351/2280 1046/2384/2312 907/2383/2311
f 1045/2351/2280 1184/2352/2281 1185/2385/2313 1046/2384/2312
f 1184/2352/2281 1323/2353/2282 1324/2386/2314 1185/2385/2313
f 1323/2353/2282 1462/2354/2283 1463/2387/2315 1324/2386/2314
f 1462/2354/2283 1601/2355/2284 1602/2388/2316 1463/2387/2315
f 1601/2355/2284 1740/2356/2285 1741/2389/2317 1602/2388/2316
f 1740/2356/2285 1879/2357/2286 1880/2390/2318 1741/2389/2317
f 1879/2357/2286 2018/2358/2287 2019/2391/2319 1880/2390/2318
f 2018/2358/2287 2157/2359/2288 2158/2392/2320 2019/2391/2319
f 2157/2359/2288 2296/2360/2289 2297/2393/2321 2158/2392/2320
f 2296/2360/2289 2435/2361/2290 2436/2394/2322 2297/2393/2321
f 2435/2361/2290 2574/2362/2291 2575/2395/2323 2436/2394/2322
f 2574/2362/2291 2713/2363/2292 2714/2396/2324 2575/2395/2323
f 2713/2363/2292 2852/2364/2293 2853/2397/2325 2714/2396/2324
f 2852/2364/2293 2991/2365/2294 2992/2398/2326 2853/2397/2325
f 2991/2365/2294 3130/2366/2295 3131/2399/2327 2992/2398/2326
f 3130/2366/2295 3269/2367/2296 3270/2400/2328 3131/2399/2327
f 3269/2367/2296 3408/2368/2297 3409/2401/2329 3270/2400/2328
f 3408/2368/2297 3547/2369/2298 3548/2402/2330 3409/2401/2329
f 3547/2369/2298 3686/2370/2299 3687/2403/2331 3548/2402/2330
f 3686/2370/2299 3825/2371/2300 3826/2404/2332 3687/2403/2331
f 3825/2371/2300 3964/2372/2301 3965/2405/2333 3826/2404/2332
f 3964/2372/2301 4103/2373/2302 4104/2406/2334 3965/2405/2333
f 4103/2373/2302 4242/2374/2303 4243/2407/2335 4104/2406/2334
f 4242/2374/2303 4381/2375/2304 4382/2408/2336 4243/2407/2335
f 4381/2375/2304 72/2376/2274 73/2409/2306 4382/2408/2336
f 73/2378/2306 212/2377/2305 213/2410/2337 74/2411/2338
f 212/2377/2305 351/2379/2307 352/2412/2339 213/2410/2337
f 351/2379/2307 490/2380/2308 491/2413/2340 352/2412/2339
f 490/2380/2308 629/2381/2309 630/2414/2341 491/2413/2340
f 629/2381/2309 768/2382/2310 769/2415/2342 630/2414/2341
f 768/2382/2310 907/2383/2311 908/2416/2343 769/2415/2342
f 907/2383/2311 1046/2384/2312 1047/2417/2344 908/2416/2343
f 1046/2384/2312 1185/2385/2313 1186/2418/2345 1047/2417/2344
f 1185/2385/2313 1324/2386/2314 1325/2419/2346 1186/2418/2345
f 1324/2386/2314 1463/2387/2315 1464/2420/2347 1325/2419/2346
f 1463/2387/2315 1602/2388/2316 1603/2421/2348 1464/2420/2347
f 1602/2388/2316 1741/2389/2317 1742/2422/2349 1603/2421/2348
f 1741/2389/2317 1880/2390/2318 1881/2423/2350 1742/2422/2349
f 1880/2390/2318 2019/2391/2319 2020/2424/2351 1881/2423/2350
f 2019/2391/2319 2158/2392/2320 2159/2425/2352 2020/2424/2351
f 2158/2392/2320 2297/2393/2321 2298/2426/2353 2159/2425/2352
f 2297/2393/2321 2436/2394/2322 2437/2427/2354 2298/2426/2353
f 2436/2394/2322 2575/2395/2323 2576/2428/2355 2437/2427/2354
f 2575/2395/2323 2714/2396/2324 2715/2429/2356 2576/2428/2355
f 2714/2396/2324 2853/2397/2325 2854/2430/2357 2715/2429/2356
f 2853/2397/2325 2992/2398/2326 2993/2431/2358 2854/2430/2357
f 2992/2398/2326 3131/2399/2327 3132/2432/2359 2993/2431/2358
f 3131/2399/2327 3270/2400/2328 3271/2433/2360 3132/2432/2359
f 3270/2400/2328 3409/2401/2329 3410/2434/2361 3271/2433/2360
f 3409/2401/2329 3548/2402/2330 3549/2435/2362 3410/2434/2361
f 3548/2402/2330 3687/2403/2331 3688/2436/2363 3549/2435/2362
f 3687/2403/2331 3826/2404/2332 3827/2437/2364 3688/2436/2363
f 3826/2404/2332 3965/2405/2333 3966/2438/2365 3827/2437/2364
f 3965/2405/2333 4104/2406/2334 4105/2439/2366 3966/2438/2365
f 4104/2406/2334 4243/2407/2335 4244/2440/2367 4105/2439/2366
f 4243/2407/2335 4382/2408/2336 4383/2441/2368 4244/2440/2367
f 4382/2408/2336 73/2409/2306 74/2442/2338 4383/2441/2368
f 74/2411/2338 213/2410/2337 214/2443/2369 75/2444/2370
f 213/2410/2337 352/2412/2339 353/2445/2371 214/2443/2369
f 352/2412/2339 491/2413/2340 492/2446/2372 353/2445/2371
f 491/2413/2340 630/2414/2341 631/2447/2373 492/2446/2372
f 630/2414/2341 769/2415/2342 770/2448/2374 631/2447/2373
f 769/2415/2342 908/2416/2343 909/2449/2375 770/2448/2374
f 908/2416/2343 1047/2417/2344 1048/2450/2376 909/2449/2375
f 1047/2417/2344 1186/2418/2345 1187/2451/2377 1048/2450/2376
f 1186/2418/2345 1325/2419/2346 1326/2452/2378 1187/2451/2377
f 1325/2419/2346 1464/2420/2347 1465/2453/2379 1326/2452/2378
f 1464/2420/2347 1603/2421/2348 1604/2454/2380 1465/2453/2379
f 1603/2421/2348 1742/2422/2349 1743/2455/2381 1604/2454/2380
f 1742/2422/2349 1881/2423/2350 1882/2456/2382 1743/2455/2381
f 1881/2423/2350 2020/2424/2351 2021/2457/2383 1882/2456/2382
f 2020/2424/2351 2159/2425/2352 2160/2458/2384 2021/2457/2383
f 2159/2425/2352 2298/2426/2353 2299/2459/2385 2160/2458/2384
f 2298/2426/2353 2437/2427/2354 2438/2460/2386 2299/2459/2385
f 2437/2427/2354 2576/2428/2355 2577/2461/2387 2438/2460/2386
f 2576/2428/2355 2715/2429/2356 2716/2462/2388 2577/2461/2387
f 2715/2429/2356 2854/2430/2357 2855/2463/2389 2716/2462/2388
f 2854/2430/2357 2993/2431/2358 2994/2464/2390 2855/2463/2389
f 2993/2431/2358 3132/2432/2359 3133/2465/2391 2994/2464/2390
f 3132/2432/2359 3271/2433/2360 3272/2466/2392 3133/2465/2391
f 3271/2433/2360 3410/2434/2361 3411/2467/2393 3272/2466/2392
f 3410/2434/2361 3549/2435/2362 3550/2468/2394 3411/2467/2393
f 3549/2435/2362 3688/2436/2363 3689/2469/2395 3550/2468/2394
f 3688/2436/2363 3827/2437/2364 3828/2470/2396 3689/2469/2395
f 3827/2437/2364 3966/2438/2365 3967/2471/2397 3828/2470/2396
f 3966/2438/2365 4105/2439/2366 4106/2472/2398 3967/2471/2397
f 4105/2439/2366 4244/2440/2367 4245/2473/2399 4106/2472/2398
f 4244/2440/2367 4383/2441/2368 4384/2474/2400 4245/2473/2399
f 4383/2441/2368 74/2442/2338 75/2475/2370 4384/2474/2400
f 75/2444/2370 214/2443/2369 215/2476/2401 76/2477/2402
f 214/2443/2369 353/2445/2371 354/2478/2403 215/2476/2401
f 353/2445/2371 492/2446/2372 493/2479/2404 354/2478/2403
f 492/2446/2372 631/2447/2373 632/2480/2405 493/2479/2404
f 631/2447/2373 770/2448/2374 771/2481/2406 632/2480/2405
f 770/2448/2374 909/2449/2375 910/2482/2407 771/2481/2406
f 909/2449/2375 1048/2450/2376 1049/2483/2408 910/2482/2407
f 1048/2450/2376 1187/2451/2377 1188/2484/2409 1049/2483/2408
f 1187/2451/2377 1326/2452/2378 1327/2485/2410 1188/2484/2409
f 1326/2452/2378 1465/2453/2379 1466/2486/2411 1327/2485/2410
f 1465/2453/2379 1604/2454/2380 1605/2487/2412 1466/2486/2411
f 1604/2454/2380 1743/2455/2381 1744/2488/2413 1605/2487/2412
f 1743/2455/2381 1882/2456/2382 1883/2489/2414 1744/2488/2413
f 1882/2456/2382 2021/2457/2383 2022/2490/2415 1883/2489/2414
f 2021/2457/2383 2160/2458/2384 2161/2491/2416 2022/2490/2415
f 2160/2458/2384 2299/2459/2385 2300/2492/2417 2161/2491/2416
f 2299/2459/2385 2438/2460/2386 2439/2493/2418 2300/2492/2417
f 2438/2460/2386 2577/2461/2387 2578/2494/2419 2439/2493/2418
f 2577/2461/2387 2716/2462/2388 2717/2495/2420 2578/2494/2419
f 2716/2462/2388 2855/2463/2389 2856/2496/2421 2717/2495/2420
f 2855/2463/2389 2994/2464/2390 2995/2497/2422 2856/2496/2421
f 2994/2464/2390 3133/2465/2391 3134/2498/2423 2995/2497/2422
f 3133/2465/2391 3272/2466/2392 3273/2499/2424 3134/2498/2423
f 3272/2466/2392 3411/2467/2393 3412/2500/2425 3273/2499/2424
f 3411/2467/2393 3550/2468/2394 3551/2501/2426 3412/2500/2425
f 3550/2468/2394 3689/2469/2395 3690/2502/2427 3551/2501/2426
f 3689/2469/2395 3828/2470/2396 3829/2503/2428 3690/2502/2427
f 3828/2470/2396 3967/2471/2397 3968/2504/2429 3829/2503/2428
f 3967/2471/2397 4106/2472/2398 4107/2505/2430 3968/2504/2429
f 4106/2472/2398 4245/2473/2399 4246/2506/2431 4107/2505/2430
f 4245/2473/2399 4384/2474/2400 4385/2507/2432 4246/2506/2431
f 4384/2474/2400 75/2475/2370 76/2508/2402 4385/2507/2432
f 76/2477/2402 215/2476/2401 216/2509/2433 77/2510/2434
f 215/2476/2401 354/2478/2403 355/2511/2435 216/2509/2433
f 354/2478/2403 493/2479/2404 494/2512/2436 355/2511/2435
f 493/2479/2404 632/2480/2405 633/2513/2437 494/2512/2436
f 632/2480/2405 771/2481/2406 772/2514/2438 633/2513/2437
f 771/2481/2406 910/2482/2407 911/2515/2439 772/2514/2438
f 910/2482/2407 1049/2483/2408 1050/2516/2440 911/2515/2439
f 1049/2483/2408 1188/2484/2409 1189/2517/2441 1050/2516/2440
f 1188/2484/2409 1327/2485/2410 1328/2518/2442 1189/2517/2441
f 1327/2485/2410 1466/2486/2411 1467/2519/2443 1328/2518/2442
f 1466/2486/2411 1605/2487/2412 1606/2520/2444 1467/2519/2443
f 1605/2487/2412 1744/2488/2413 1745/2521/2445 1606/2520/2444
f 1744/2488/2413 1883/2489/2414 1884/2522/2446 1745/2521/2445
f 1883/2489/2414 2022/2490/2415 2023/2523/2447 1884/2522/2446
f 2022/2490/2415 2161/2491/2416 2162/2524/2448 2023/2523/2447
f 2161/2491/2416 2300/2492/2417 2301/2525/2449 2162/2524/2448
f 2300/2492/2417 2439/2493/2418 2440/2526/2450 2301/2525/2449
f 2439/2493/2418 2578/2494/2419 2579/2527/2451 2440/2526/2450
f 2578/2494/2419 2717/2495/2420 2718/2528/2452 2579/2527/2451
f 2717/2495/2420 2856/2496/2421 2857/2529/2453 2718/2528/2452
f 2856/2496/2421 2995/2497/2422 2996/2530/2454 2857/2529/2453
f 2995/2497/2422 3134/2498/2423 3135/2531/2455 2996/2530/2454
f 3134/2498/2423 3273/2499/2424 3274/2532/2456 3135/2531/2455
f 3273/2499/2424 3412/2500/2425 3413/2533/2457 3274/2532/2456
f 3412/2500/2425 3551/2501/2426 3552/2534/2458 3413/2533/2457
f 3551/2501/2426 3690/2502/2427 3691/2535/2459 3552/2534/2458
f 3690/2502/2427 3829/2503/2428 3830/2536/2460 3691/2535/2459
f 3829/2503/2428 3968/2504/2429 3969/2537/2461 3830/2536/2460
f 3968/2504/2429 4107/2505/2430 4108/2538/2462 3969/2537/2461
f 4107/2505/2430 4246/2506/2431 4247/2539/2463 4108/2538/2462
f 4246/2506/2431 4385/2507/2432 4386/2540/2464 4247/2539/2463
f 4385/2507/2432 76/2508/2402 77/2541/2434 4386/2540/2464
f 77/2510/2434 216/2509/2433 217/2542/2465 78/2543/2466
f 216/2509/2433 355/2511/2435 356/2544/2467 217/2542/2465
f 355/2511/2435 494/2512/2436 495/2545/2468 356/2544/2467
f 494/2512/2436 633/2513/2437 634/2546/2469 495/2545/2468
f 633/2513/2437 772/2514/2438 773/2547/2470 634/2546/2469
f 772/2514/2438 911/2515/2439 912/2548/2471 773/2547/2470
f 911/2515/2439 1050/2516/2440 1051/2549/2472 912/2548/2471
f 1050/2516/2440 1189/2517/2441 1190/2550/2473 1051/2549/2472
f 1189/2517/2441 1328/2518/2442 1329/2551/2474 1190/2550/2473
f 1328/2518/2442 1467/2519/2443 1468/2552/2475 1329/2551/2474
f 1467/2519/2443 1606/2520/2444 1607/2553/2476 1468/2552/2475
f 1606/2520/2444 1745/2521/2445 1746/2554/2477 1607/2553/2476
f 1745/2521/2445 1884/2522/2446 1885/2555/2478 1746/2554/2477
f 1884/2522/2446 2023/2523/2447 2024/2556/2479 1885/2555/2478
f 2023/2523/2447 2162/2524/2448 2163/2557/2480 2024/2556/2479
f 2162/2524/2448 2301/2525/2449 2302/2558/2481 2163/2557/2480
f 2301/2525/2449 2440/2526/2450 2441/2559/2482 2302/2558/2481
f 2440/2526/2450 2579/2527/2451 2580/2560/2483 2441/2559/2482
f 2579/2527/2451 2718/2528/2452 2719/2561/2484 2580/2560/2483
f 2718/2528/2452 2857/2529/2453 2858/2562/2485 2719/2561/2484
f 2857/2529/2453 2996/2530/2454 2997/2563/2486 2858/2562/2485
f 2996/2530/2454 3135/2531/2455 3136/2564/2487 2997/2563/2486
f 3135/2531/2455 3274/2532/2456 3275/2565/2488 3136/2564/2487
f 3274/2532/2456 3413/2533/2457 3414/2566/2489 3275/2565/2488
f 3413/2533/2457 3552/2534/2458 3553/2567/2490 3414/2566/2489
f 3552/2534/2458 3691/2535/2459 3692/2568/2491 3553/2567/2490
f 3691/2535/2459 3830/2536/2460 3831/2569/2492 3692/2568/2491
f 3830/2536/2460 3969/2537/2461 3970/2570/2493 3831/2569/2492
f 3969/2537/2461 4108/2538/2462 4109/2571/2494 3970/2570/2493
f 4108/2538/2462 4247/2539/2463 4248/2572/2495 4109/2571/2494
f 4247/2539/2463 4386/2540/2464 4387/2573/2496 4248/2572/2495
f 4386/2540/2464 77/2541/2434 78/2574/2466 4387/2573/2496
f 78/2543/2466 217/2542/2465 218/2575/2497 79/2576/2498
f 217/2542/2465 356/2544/2467 357/2577/2499 218/2575/2497
f 356/2544/2467 495/2545/2468 496/2578/2500 357/2577/2499
f 495/2545/2468 634/2546/2469 635/2579/2501 496/2578/2500
f 634/2546/2469 773/2547/2470 774/2580/2502 635/2579/2501
f 773/2547/2470 912/2548/2471 913/2581/2503 774/2580/2502
f 912/2548/2471 1051/2549/2472 1052/2582/2504 913/2581/2503
f 1051/2549/2472 1190/2550/2473 1191/2583/2505 1052/2582/2504
f 1190/2550/2473 1329/2551/2474 1330/2584/2506 1191/2583/2505
f 1329/2551/2474 1468/2552/2475 1469/2585/2507 1330/2584/2506
f 1468/2552/2475 1607/2553/2476 1608/2586/2508 1469/2585/2507
f 1607/2553/2476 1746/2554/2477 1747/2587/2509 1608/2586/2508
f 1746/2554/2477 1885/2555/2478 1886/2588/2510 1747/2587/2509
f 1885/2555/2478 2024/2556/2479 2025/2589/2511 1886/2588/2510
f 2024/2556/2479 2163/2557/2480 2164/2590/2512 2025/2589/2511
f 2163/2557/2480 2302/2558/2481 2303/2591/2513 2164/2590/2512
f 2302/2558/2481 2441/2559/2482 2442/2592/2514 2303/2591/2513
f 2441/2559/2482 2580/2560/2483 2581/2593/2515 2442/2592/2514
f 2580/2560/2483 2719/2561/2484 2720/2594/2516 2581/2593/2515
f 2719/2561/2484 2858/2562/2485 2859/2595/2517 2720/2594/2516
f 2858/2562/2485 2997/2563/2486 2998/2596/2518 2859/2595/2517
f 2997/2563/2486 3136/2564/2487 3137/2597/2519 2998/2596/2518
f 3136/2564/2487 3275/2565/2488 3276/2598/2520 3137/2597/2519
f 3275/2565/2488 3414/2566/2489 3415/2599/2521 3276/2598/2520
f 3414/2566/2489 3553/2567/2490 3554/2600/2522 3415/2599/2521
f 3553/2567/2490 3692/2568/2491 3693/2601/2523 3554/2600/2522
f 3692/2568/2491 3831/2569/2492 3832/2602/2524 3693/2601/2523
f 3831/2569/2492 3970/2570/2493 3971/2603/2525 3832/2602/2524
f 3970/2570/2493 4109/2571/2494 4110/2604/2526 3971/2603/2525
f 4109/2571/2494 4248/2572/2495 4249/2605/2527 4110/2604/2526
f 4248/2572/2495 4387/2573/2496 4388/2606/2528 4249/2605/2527
f 4387/2573/2496 78/2574/2466 79/2607/2498 4388/2606/2528
f 79/2576/2498 218/2575/2497 219/2608/2529 80/2609/2530
f 218/2575/2497 357/2577/2499 358/2610/2531 219/2608/2529
f 357/2577/2499 496/2578/2500 497/2611/2532 358/2610/2531
f 496/2578/2500 635/2579/2501 636/2612/2533 497/2611/2532
f 635/2579/2501 774/2580/2502 775/2613/2534 636/2612/2533
f 774/2580/2502 913/2581/2503 914/2614/2535 775/2613/2534
f 913/2581/2503 1052/2582/2504 1053/2615/2536 914/2614/2535
f 1052/2582/2504 1191/2583/2505 1192/2616/2537 1053/2615/2536
f 1191/2583/2505 1330/2584/2506 1331/2617/2538 1192/2616/2537
f 1330/2584/2506 1469/2585/2507 1470/2618/2539 1331/2617/2538
f 1469/2585/2507 1608/2586/2508 1609/2619/2540 1470/2618/2539
f 1608/2586/2508 1747/2587/2509 1748/2620/2541 1609/2619/2540
f 1747/2587/2509 1886/2588/2510 1887/2621/2542 1748/2620/2541
f 1886/2588/2510 2025/2589/2511 2026/2622/2543 1887/2621/2542
f 2025/2589/2511 2164/2590/2512 2165/2623/2544 2026/2622/2543
f 2164/2590/2512 2303/2591/2513 2304/2624/2545 2165/2623/2544
f 2303/2591/2513 2442/2592/2514 2443/2625/2546 2304/2624/2545
f 2442/2592/2514 2581/2593/2515 2582/2626/2547 2443/2625/2546
f 2581/2593/2515 2720/2594/2516 2721/2627/2548 2582/2626/2547
f 2720/2594/2516 2859/2595/2517 2860/2628/2549 2721/2627/2548
f 2859/2595/2517 2998/2596/2518 2999/2629/2550 2860/2628/2549
f 2998/2596/2518 3137/2597/2519 3138/2630/2551 2999/2629/2550
f 3137/2597/2519 3276/2598/2520 3277/2631/2552 3138/2630/2551
f 3276/2598/2520 3415/2599/2521 3416/2632/2553 3277/2631/2552
f 3415/2599/2521 3554/2600/2522 3555/2633/2554 3416/2632/2553
f 3554/2600/2522 3693/2601/2523 3694/2634/2555 3555/2633/2554
f 3693/2601/2523 3832/2602/2524 3833/2635/2556 3694/2634/2555
f 3832/2602/2524 3971/2603/2525 3972/2636/2557 3833/2635/2556
f 3971/2603/2525 4110/2604/2526 4111/2637/2558 3972/2636/2557
f 4110/2604/2526 4249/2605/2527 4250/2638/2559 4111/2637/2558
f 4249/2605/2527 4388/2606/2528 4389/2639/2560 4250/2638/2559
f 4388/2606/2528 79/2607/2498 80/2640/2530 4389/2639/2560
f 80/2609/2530 219/2608/2529 220/2641/2561 81/2642/2562
f 219/2608/2529 358/2610/2531 359/2643/2563 220/2641/2561
f 358/2610/2531 497/2611/2532 498/2644/2564 359/2643/2563
f 497/2611/2532 636/2612/2533 637/2645/2565 498/2644/2564
f 636/2612/2533 775/2613/2534 776/2646/2566 637/2645/2565
f 775/2613/2534 914/2614/2535 915/2647/2567 776/2646/2566
f 914/2614/2535 1053/2615/2536 1054/2648/2568 915/2647/2567
f 1053/2615/2536 1192/2616/2537 1193/2649/2569 1054/2648/2568
f 1192/2616/2537 1331/2617/2538 1332/2650/2570 1193/2649/2569
f 1331/2617/2538 1470/2618/2539 1471/2651/2571 1332/2650/2570
f 1470/2618/2539 1609/2619/2540 1610/2652/2572 1471/2651/2571
f 1609/2619/2540 1748/2620/2541 1749/2653/2573 1610/2652/2572
f 1748/2620/2541 1887/2621/2542 1888/2654/2574 1749/2653/2573
f 1887/2621/2542 2026/2622/2543 2027/2655/2575 1888/2654/2574
f 2026/2622/2543 2165/2623/2544 2166/2656/2576 2027/2655/2575
f 2165/2623/2544 2304/2624/2545 2305/2657/2577 2166/2656/2576
f 2304/2624/2545 2443/2625/2546 2444/2658/2578 2305/2657/2577
f 2443/2625/2546 2582/2626/2547 2583/2659/2579 2444/2658/2578
f 2582/2626/2547 2721/2627/2548 2722/2660/2580 2583/2659/2579
f 2721/2627/2548 2860/2628/2549 2861/2661/2581 2722/2660/2580
f 2860/2628/2549 2999/2629/2550 3000/2662/2582 2861/2661/2581
f 2999/2629/2550 3138/2630/2551 3139/2663/2583 3000/2662/2582
f 3138/2630/2551 3277/2631/2552 3278/2664/2584 3139/2663/2583
f 3277/2631/2552 3416/2632/2553 3417/2665/2585 3278/2664/2584
f 3416/2632/2553 3555/2633/2554 3556/2666/2586 3417/2665/2585
f 3555/2633/2554 3694/2634/2555 3695/2667/2587 3556/2666/2586
f 3694/2634/2555 3833/2635/2556 3834/2668/2588 3695/2667/2587
f 3833/2635/2556 3972/2636/2557 3973/2669/2589 3834/2668/2588
f 3972/2636/2557 4111/2637/2558 4112/2670/2590 3973/2669/2589
f 4111/2637/2558 4250/2638/2559 4251/2671/2591 4112/2670/2590
f 4250/2638/2559 4389/2639/2560 4390/2672/2592 4251/2671/2591
f 4389/2639/2560 80/2640/2530 81/2673/2562 4390/2672/2592
f 81/2642/2562 220/2641/2561 221/2674/2593 82/2675/2594
f 220/2641/2561 359/2643/2563 360/2676/2595 221/2674/2593
f 359/2643/2563 498/2644/2564 499/2677/2596 360/2676/2595
f 498/2644/2564 637/2645/2565 638/2678/2597 499/2677/2596
f 637/2645/2565 776/2646/2566 777/2679/2598 638/2678/2597
f 776/2646/2566 915/2647/2567 916/2680/2599 777/2679/2598
f 915/2647/2567 1054/2648/2568 1055/2681/2600 916/2680/2599
f 1054/2648/2568 1193/2649/2569 1194/2682/2601 1055/2681/2600
f 1193/2649/2569 1332/2650/2570 1333/2683/2602 1194/2682/2601
f 1332/2650/2570 1471/2651/2571 1472/2684/2603 1333/2683/2602
f 1471/2651/2571 1610/2652/2572 1611/2685/2604 1472/2684/2603
f 1610/2652/2572 1749/2653/2573 1750/2686/2605 1611/2685/2604
f 1749/2653/2573 1888/2654/2574 1889/2687/2606 1750/2686/2605
f 1888/2654/2574 2027/2655/2575 2028/2688/2607 1889/2687/2606
f 2027/2655/2575 2166/2656/2576 2167/2689/2608 2028/2688/2607
f 2166/2656/2576 2305/2657/2577 2306/2690/2609 2167/2689/2608
f 2305/2657/2577 2444/2658/2578 2445/2691/2610 2306/2690/2609
f 2444/2658/2578 2583/2659/2579 2584/2692/2611 2445/2691/2610
f 2583/2659/2579 2722/2660/2580 2723/2693/2612 2584/2692/2611
f 2722/2660/2580 2861/2661/2581 2862/2694/2613 2723/2693/2612
f 2861/2661/2581 3000/2662/2582 3001/2695/2614 2862/2694/2613
f 3000/2662/2582 3139/2663/2583 3140/2696/2615 3001/2695/2614
f 3139/2663/2583 3278/2664/2584 3279/2697/2616 3140/2696/2615
f 3278/2664/2584 3417/2665/2585 3418/2698/2617 3279/2697/2616
f 3417/2665/2585 3556/2666/2586 3557/2699/2618 3418/2698/2617
f 3556/2666/2586 3695/2667/2587 3696/2700/2619 3557/2699/2618
f 3695/2667/2587 3834/2668/2588 3835/2701/2620 3696/2700/2619
f 3834/2668/2588 3973/2669/2589 3974/2702/2621 3835/2701/2620
f 3973/2669/2589 4112/2670/2590 4113/2703/2622 3974/2702/2621
f 4112/2670/2590 4251/2671/2591 4252/2704/2623 4113/2703/2622
f 4251/2671/2591 4390/2672/2592 4391/2705/2624 4252/2704/2623
f 4390/2672/2592 81/2673/2562 82/2706/2594 4391/2705/2624
f 82/2675/2594 221/2674/2593 222/2707/2625 83/2708/2625
f 221/2674/2593 360/2676/2595 361/2709/2626 222/2707/2625
f 360/2676/2595 499/2677/2596 500/2710/2626 361/2709/2626
f 499/2677/2596 638/2678/2597 639/2711/2627 500/2710/2626
f 638/2678/2597 777/2679/2598 778/2712/2628 639/2711/2627
f 777/2679/2598 916/2680/2599 917/2713/2628 778/2712/2628
f 916/2680/2599 1055/2681/2600 1056/2714/2629 917/2713/2628
f 1055/2681/2600 1194/2682/2601 1195/2715/2629 1056/2714/2629
f 1194/2682/2601 1333/2683/2602 1334/2716/2629 1195/2715/2629
f 1333/2683/2602 1472/2684/2603 1473/2717/2630 1334/2716/2629
f 1472/2684/2603 1611/2685/2604 1612/2718/2630 1473/2717/2630
f 1611/2685/2604 1750/2686/2605 1751/2719/2631 1612/2718/2630
f 1750/2686/2605 1889/2687/2606 1890/2720/2632 1751/2719/2631
f 1889/2687/2606 2028/2688/2607 2029/2721/2632 1890/2720/2632
f 2028/2688/2607 2167/2689/2608 2168/2722/2633 2029/2721/2632
f 2167/2689/2608 2306/2690/2609 2307/2723/2633 2168/2722/2633
f 2306/2690/2609 2445/2691/2610 2446/2724/2633 2307/2723/2633
f 2445/2691/2610 2584/2692/2611 2585/2725/2634 2446/2724/2633
f 2584/2692/2611 2723/2693/2612 2724/2726/2634 2585/2725/2634
f 2723/2693/2612 2862/2694/2613 2863/2727/2635 2724/2726/2634
f 2862/2694/2613 3001/2695/2614 3002/2728/2636 2863/2727/2635
f 3001/2695/2614 3140/2696/2615 3141/2729/2636 3002/2728/2636
f 3140/2696/2615 3279/2697/2616 3280/2730/2637 3141/2729/2636
f 3279/2697/2616 3418/2698/2617 3419/2731/2637 3280/2730/2637
f 3418/2698/2617 3557/2699/2618 3558/2732/2637 3419/2731/2637
f 3557/2699/2618 3696/2700/2619 3697/2733/2638 3558/2732/2637
f 3696/2700/2619 3835/2701/2620 3836/2734/2638 3697/2733/2638
f 3835/2701/2620 3974/2702/2621 3975/2735/2639 3836/2734/2638
f 3974/2702/2621 4113/2703/2622 4114/2736/2640 3975/2735/2639
f 4113/2703/2622 4252/2704/2623 4253/2737/2640 4114/2736/2640
f 4252/2704/2623 4391/2705/2624 4392/2738/2625 4253/2737/2640
f 4391/2705/2624 82/2706/2594 83/2739/2625 4392/2738/2625
f 83/2708/2625 222/2707/2625 223/2740/2641 84/2741/2642
f 222/2707/2625 361/2709/2626 362/2742/2643 223/2740/2641
f 361/2709/2626 500/2710/2626 501/2743/2644 362/2742/2643
f 500/2710/2626 639/2711/2627 640/2744/2645 501/2743/2644
f 639/2711/2627 778/2712/2628 779/2745/2646 640/2744/2645
f 778/2712/2628 917/2713/2628 918/2746/2647 779/2745/2646
f 917/2713/2628 1056/2714/2629 1057/2747/2648 918/2746/2647
f 1056/2714/2629 1195/2715/2629 1196/2748/2649 1057/2747/2648
f 1195/2715/2629 1334/2716/2629 1335/2749/2650 1196/2748/2649
f 1334/2716/2629 1473/2717/2630 1474/2750/2651 1335/2749/2650
f 1473/2717/2630 1612/2718/2630 1613/2751/2652 1474/2750/2651
f 1612/2718/2630 1751/2719/2631 1752/2752/2653 1613/2751/2652
f 1751/2719/2631 1890/2720/2632 1891/2753/2654 1752/2752/2653
f 1890/2720/2632 2029/2721/2632 2030/2754/2655 1891/2753/2654
f 2029/2721/2632 2168/2722/2633 2169/2755/2656 2030/2754/2655
f 2168/2722/2633 2307/2723/2633 2308/2756/2657 2169/2755/2656
f 2307/2723/2633 2446/2724/2633 2447/2757/2658 2308/2756/2657
f 2446/2724/2633 2585/2725/2634 2586/2758/2659 2447/2757/2658
f 2585/2725/2634 2724/2726/2634 2725/2759/2660 2586/2758/2659
f 2724/2726/2634 2863/2727/2635 2864/2760/2661 2725/2759/2660
f 2863/2727/2635 3002/2728/2636 3003/2761/2662 2864/2760/2661
f 3002/2728/2636 3141/2729/2636 3142/2762/2663 3003/2761/2662
f 3141/2729/2636 3280/2730/2637 3281/2763/2664 3142/2762/2663
f 3280/2730/2637 3419/2731/2637 3420/2764/2665 3281/2763/2664
f 3419/2731/2637 3558/2732/2637 3559/2765/2666 3420/2764/2665
f 3558/2732/2637 3697/2733/2638 3698/2766/2667 3559/2765/2666
f 3697/2733/2638 3836/2734/2638 3837/2767/2668 3698/2766/2667
f 3836/2734/2638 3975/2735/2639 3976/2768/2669 3837/2767/2668
f 3975/2735/2639 4114/2736/2640 4115/2769/2670 3976/2768/2669
f 4114/2736/2640 4253/2737/2640 4254/2770/2671 4115/2769/2670
f 4253/2737/2640 4392/2738/2625 4393/2771/2672 4254/2770/2671
f 4392/2738/2625 83/2739/2625 84/2772/2642 4393/2771/2672
f 84/2741/2642 223/2740/2641 224/2773/2673 85/2774/2674
f 223/2740/2641 362/2742/2643 363/2775/2675 224/2773/2673
f 362/2742/2643 501/2743/2644 502/2776/2676 363/2775/2675
f 501/2743/2644 640/2744/2645 641/2777/2677 502/2776/2676
f 640/2744/2645 779/2745/2646 780/2778/2678 641/2777/2677
f 779/2745/2646 918/2746/2647 919/2779/2679 780/2778/2678
f 918/2746/2647 1057/2747/2648 1058/2780/2680 919/2779/2679
f 1057/2747/2648 1196/2748/2649 1197/2781/2681 1058/2780/2680
f 1196/2748/2649 1335/2749/2650 1336/2782/2682 1197/2781/2681
f 1335/2749/2650 1474/2750/2651 1475/2783/2683 1336/2782/2682
f 1474/2750/2651 1613/2751/2652 1614/2784/2684 1475/2783/2683
f 1613/2751/2652 1752/2752/2653 1753/2785/2685 1614/2784/2684
f 1752/2752/2653 1891/2753/2654 1892/2786/2686 1753/2785/2685
f 1891/2753/2654 2030/2754/2655 2031/2787/2687 1892/2786/2686
f 2030/2754/2655 2169/2755/2656 2170/2788/2688 2031/2787/2687
f 2169/2755/2656 2308/2756/2657 2309/2789/2689 2170/2788/2688
f 2308/2756/2657 2447/2757/2658 2448/2790/2690 2309/2789/2689
f 2447/2757/2658 2586/2758/2659 2587/2791/2691 2448/2790/2690
f 2586/2758/2659 2725/2759/2660 2726/2792/2692 2587/2791/2691
f 2725/2759/2660 2864/2760/2661 2865/2793/2693 2726/2792/2692
f 2864/2760/2661 3003/2761/2662 3004/2794/2694 2865/2793/2693
f 3003/2761/2662 3142/2762/2663 3143/2795/2695 3004/2794/2694
f 3142/2762/2663 3281/2763/2664 3282/2796/2696 3143/2795/2695
f 3281/2763/2664 3420/2764/2665 3421/2797/2697 3282/2796/2696
f 3420/2764/2665 3559/2765/2666 3560/2798/2698 3421/2797/2697
f 3559/2765/2666 3698/2766/2667 3699/2799/2699 3560/2798/2698
f 3698/2766/2667 3837/2767/2668 3838/2800/2700 3699/2799/2699
f 3837/2767/2668 3976/2768/2669 3977/2801/2701 3838/2800/2700
f 3976/2768/2669 4115/2769/2670 4116/2802/2702 3977/2801/2701
f 4115/2769/2670 4254/2770/2671 4255/2803/2703 4116/2802/2702
f 4254/2770/2671 4393/2771/2672 4394/2804/2704 4255/2803/2703
f 4393/2771/2672 84/2772/2642 85/2805/2674 4394/2804/2704
f 85/2774/2674 224/2773/2673 225/2806/2705 86/2807/2706
f 224/2773/2673 363/2775/2675 364/2808/2707 225/2806/2705
f 363/2775/2675 502/2776/2676 503/2809/2708 364/2808/2707
f 502/2776/2676 641/2777/2677 642/2810/2709 503/2809/2708
f 641/2777/2677 780/2778/2678 781/2811/2710 642/2810/2709
f 780/2778/2678 919/2779/2679 920/2812/2711 781/2811/2710
f 919/2779/2679 1058/2780/2680 1059/2813/2712 920/2812/2711
f 1058/2780/2680 1197/2781/2681 1198/2814/2713 1059/2813/2712
f 1197/2781/2681 1336/2782/2682 1337/2815/2714 1198/2814/2713
f 1336/2782/2682 1475/2783/2683 1476/2816/2715 1337/2815/2714
f 1475/2783/2683 1614/2784/2684 1615/2817/2716 1476/2816/2715
f 1614/2784/2684 1753/2785/2685 1754/2818/2717 1615/2817/2716
f 1753/2785/2685 1892/2786/2686 1893/2819/2718 1754/2818/2717
f 1892/2786/2686 2031/2787/2687 2032/2820/2719 1893/2819/2718
f 2031/2787/2687 2170/2788/2688 2171/2821/2720 2032/2820/2719
f 2170/2788/2688 2309/2789/2689 2310/2822/2721 2171/2821/2720
f 2309/2789/2689 2448/2790/2690 2449/2823/2722 2310/2822/2721
f 2448/2790/2690 2587/2791/2691 2588/2824/2723 2449/2823/2722
f 2587/2791/2691 2726/2792/2692 2727/2825/2724 2588/2824/2723
f 2726/2792/2692 2865/2793/2693 2866/2826/2725 2727/2825/2724
f 2865/2793/2693 3004/2794/2694 3005/2827/2726 2866/2826/2725
f 3004/2794/2694 3143/2795/2695 3144/2828/2727 3005/2827/2726
f 3143/2795/2695 3282/2796/2696 3283/2829/2728 3144/2828/2727
f 3282/2796/2696 3421/2797/2697 3422/2830/2729 3283/2829/2728
f 3421/2797/2697 3560/2798/2698 3561/2831/2730 3422/2830/2729
f 3560/2798/2698 3699/2799/2699 3700/2832/2731 3561/2831/2730
f 3699/2799/2699 3838/2800/2700 3839/2833/2732 3700/2832/2731
f 3838/2800/2700 3977/2801/2701 3978/2834/2733 3839/2833/2732
f 3977/2801/2701 4116/2802/2702 4117/2835/2734 3978/2834/2733
f 4116/2802/2702 4255/2803/2703 4256/2836/2735 4117/2835/2734
f 4255/2803/2703 4394/2804/2704 4395/2837/2736 4256/2836/2735
f 4394/2804/2704 85/2805/2674 86/2838/2706 4395/2837/2736
f 86/2807/2706 225/2806/2705 226/2839/2737 87/2840/2738
f 225/2806/2705 364/2808/2707 365/2841/2739 226/2839/2737
f 364/2808/2707 503/2809/2708 504/2842/2740 365/2841/2739
f 503/2809/2708 642/2810/2709 643/2843/2741 504/2842/2740
f 642/2810/2709 781/2811/2710 782/2844/2742 643/2843/2741
f 781/2811/2710 920/2812/2711 921/2845/2743 782/2844/2742
f 920/2812/2711 1059/2813/2712 1060/2846/2744 921/2845/2743
f 1059/2813/2712 1198/2814/2713 1199/2847/2745 1060/2846/2744
f 1198/2814/2713 1337/2815/2714 1338/2848/2746 1199/2847/2745
f 1337/2815/2714 1476/2816/2715 1477/2849/2747 1338/2848/2746
f 1476/2816/2715 1615/2817/2716 1616/2850/2748 1477/2849/2747
f 1615/2817/2716 1754/2818/2717 1755/2851/2749 1616/2850/2748
f 1754/2818/2717 1893/2819/2718 1894/2852/2750 1755/2851/2749
f 1893/2819/2718 2032/2820/2719 2033/2853/2751 1894/2852/2750
f 2032/2820/2719 2171/2821/2720 2172/2854/2752 2033/2853/2751
f 2171/2821/2720 2310/2822/2721 2311/2855/2753 2172/2854/2752
f 2310/2822/2721 2449/2823/2722 2450/2856/2754 2311/2855/2753
f 2449/2823/2722 2588/2824/2723 2589/2857/2755 2450/2856/2754
f 2588/2824/2723 2727/2825/2724 2728/2858/2756 2589/2857/2755
f 2727/2825/2724 2866/2826/2725 2867/2859/2757 2728/2858/2756
f 2866/2826/2725 3005/2827/2726 3006/2860/2758 2867/2859/2757
f 3005/2827/2726 3144/2828/2727 3145/2861/2759 3006/2860/2758
f 3144/2828/2727 3283/2829/2728 3284/2862/2760 3145/2861/2759
f 3283/2829/2728 3422/2830/2729 3423/2863/2761 3284/2862/2760
f 3422/2830/2729 3561/2831/2730 3562/2864/2762 3423/2863/2761
f 3561/2831/2730 3700/2832/2731 3701/2865/2763 3562/2864/2762
f 3700/2832/2731 3839/2833/2732 3840/2866/2764 3701/2865/2763
f 3839/2833/2732 3978/2834/2733 3979/2867/2765 3840/2866/2764
f 3978/2834/2733 4117/2835/2734 4118/2868/2766 3979/2867/2765
f 4117/2835/2734 4256/2836/2735 4257/2869/2767 4118/2868/2766
f 4256/2836/2735 4395/2837/2736 4396/2870/2768 4257/2869/2767
f 4395/2837/2736 86/2838/2706 87/2871/2738 4396/2870/2768
f 87/2840/2738 226/2839/2737 227/2872/2769 88/2873/2770
f 226/2839/2737 365/2841/2739 366/2874/2771 227/2872/2769
f 365/2841/2739 504/2842/2740 505/2875/2772 366/2874/2771
f 504/2842/2740 643/2843/2741 644/2876/2773 505/2875/2772
f 643/2843/2741 782/2844/2742 783/2877/2774 644/2876/2773
f 782/2844/2742 921/2845/2743 922/2878/2775 783/2877/2774
f 921/2845/2743 1060/2846/2744 1061/2879/2776 922/2878/2775
f 1060/2846/2744 1199/2847/2745 1200/2880/2777 1061/2879/2776
f 1199/2847/2745 1338/2848/2746 1339/2881/2778 1200/2880/2777
f 1338/2848/2746 1477/2849/2747 1478/2882/2779 1339/2881/2778
f 1477/2849/2747 1616/2850/2748 1617/2883/2780 1478/2882/2779
f 1616/2850/2748 1755/2851/2749 1756/2884/2781 1617/2883/2780
f 1755/2851/2749 1894/2852/2750 1895/2885/2782 1756/2884/2781
f 1894/2852/2750 2033/2853/2751 2034/2886/2783 1895/2885/2782
f 2033/2853/2751 2172/2854/2752 2173/2887/2784 2034/2886/2783
f 2172/2854/2752 2311/2855/2753 2312/2888/2785 2173/2887/2784
f 2311/2855/2753 2450/2856/2754 2451/2889/2786 2312/2888/2785
f 2450/2856/2754 2589/2857/2755 2590/2890/2787 2451/2889/2786
f 2589/2857/2755 2728/2858/2756 2729/2891/2788 2590/2890/2787
f 2728/2858/2756 2867/2859/2757 2868/2892/2789 2729/2891/2788
f 2867/2859/2757 3006/2860/2758 3007/2893/2790 2868/2892/2789
f 3006/2860/2758 3145/2861/2759 3146/2894/2791 3007/2893/2790
f 3145/2861/2759 3284/2862/2760 3285/2895/2792 3146/2894/2791
f 3284/2862/2760 3423/2863/2761 3424/2896/2793 3285/2895/2792
f 3423/2863/2761 3562/2864/2762 3563/2897/2794 3424/2896/2793
f 3562/2864/2762 3701/2865/2763 3702/2898/2795 3563/2897/2794
f 3701/2865/2763 3840/2866/2764 3841/2899/2796 3702/2898/2795
f 3840/2866/2764 3979/2867/2765 3980/2900/2797 3841/2899/2796
f 3979/2867/2765 4118/2868/2766 4119/2901/2798 3980/2900/2797
f 4118/2868/2766 4257/2869/2767 4258/2902/2799 4119/2901/2798
f 4257/2869/2767 4396/2870/2768 4397/2903/2800 4258/2902/2799
f 4396/2870/2768 87/2871/2738 88/2904/2770 4397/2903/2800
f 88/2873/2770 227/2872/2769 228/2905/2801 89/2906/2802
f 227/2872/2769 366/2874/2771 367/2907/2803 228/2905/2801
f 366/2874/2771 505/2875/2772 506/2908/2804 367/2907/2803
f 505/2875/2772 644/2876/2773 645/2909/2805 506/2908/2804
f 644/2876/2773 783/2877/2774 784/2910/2806 645/2909/2805
f 783/2877/2774 922/2878/2775 923/2911/2807 784/2910/2806
f 922/2878/2775 1061/2879/2776 1062/2912/2808 923/2911/2807
f 1061/2879/2776 1200/2880/2777 1201/2913/2809 1062/2912/2808
f 1200/2880/2777 1339/2881/2778 1340/2914/2810 1201/2913/2809
f 1339/2881/2778 1478/2882/2779 1479/2915/2811 1340/2914/2810
f 1478/2882/2779 1617/2883/2780 1618/2916/2812 1479/2915/2811
f 1617/2883/2780 1756/2884/2781 1757/2917/2813 1618/2916/2812
f 1756/2884/2781 1895/2885/2782 1896/2918/2814 1757/2917/2813
f 1895/2885/2782 2034/2886/2783 2035/2919/2815 1896/2918/2814
f 2034/2886/2783 2173/2887/2784 2174/2920/2816 2035/2919/2815
f 2173/2887/2784 2312/2888/2785 2313/2921/2817 2174/2920/2816
f 2312/2888/2785 2451/2889/2786 2452/2922/2818 2313/2921/2817
f 2451/2889/2786 2590/2890/2787 2591/2923/2819 2452/2922/2818
f 2590/2890/2787 2729/2891/2788 2730/2924/2820 2591/2923/2819
f 2729/2891/2788 2868/2892/2789 2869/2925/2821 2730/2924/2820
f 2868/2892/2789 3007/2893/2790 3008/2926/2822 2869/2925/2821
f 3007/2893/2790 3146/2894/2791 3147/2927/2823 3008/2926/2822
f 3146/2894/2791 3285/2895/2792 3286/2928/2824 3147/2927/2823
f 3285/2895/2792 3424/2896/2793 3425/2929/2825 3286/2928/2824
f 3424/2896/2793 3563/2897/2794 3564/2930/2826 3425/2929/2825
f 3563/2897/2794 3702/2898/2795 3703/2931/2827 3564/2930/2826
f 3702/2898/2795 3841/2899/2796 3842/2932/2828 3703/2931/2827
f 3841/2899/2796 3980/2900/2797 3981/2933/2829 3842/2932/2828
f 3980/2900/2797 4119/2901/2798 4120/2934/2830 3981/2933/2829
f 4119/2901/2798 4258/2902/2799 4259/2935/2831 4120/2934/2830
f 4258/2902/2799 4397/2903/2800 4398/2936/2832 4259/2935/2831
f 4397/2903/2800 88/2904/2770 89/2937/2802 4398/2936/2832
f 89/2906/2802 228/2905/2801 229/2938/2833 90/2939/2834
f 228/2905/2801 367/2907/2803 368/2940/2835 229/2938/2833
f 367/2907/2803 506/2908/2804 507/2941/2836 368/2940/2835
f 506/2908/2804 645/2909/2805 646/2942/2837 507/2941/2836
f 645/2909/2805 784/2910/2806 785/2943/2838 646/2942/2837
f 784/2910/2806 923/2911/2807 924/2944/2839 785/2943/2838
f 923/2911/2807 1062/2912/2808 1063/2945/2840 924/2944/2839
f 1062/2912/2808 1201/2913/2809 1202/2946/2841 1063/2945/2840
f 1201/2913/2809 1340/2914/2810 1341/2947/2842 1202/2946/2841
f 1340/2914/2810 1479/2915/2811 1480/2948/2843 1341/2947/2842
f 1479/2915/2811 1618/2916/2812 1619/2949/2844 1480/2948/2843
f 1618/2916/2812 1757/2917/2813 1758/2950/2845 1619/2949/2844
f 1757/2917/2813 1896/2918/2814 1897/2951/2846 1758/2950/2845
f 1896/2918/2814 2035/2919/2815 2036/2952/2847 1897/2951/2846
f 2035/2919/2815 2174/2920/2816 2175/2953/2848 2036/2952/2847
f 2174/2920/2816 2313/2921/2817 2314/2954/2849 2175/2953/2848
f 2313/2921/2817 2452/2922/2818 2453/2955/2850 2314/2954/2849
f 2452/2922/2818 2591/2923/2819 2592/2956/2851 2453/2955/2850
f 2591/2923/2819 2730/2924/2820 2731/2957/2852 2592/2956/2851
f 2730/2924/2820 2869/2925/2821 2870/2958/2853 2731/2957/2852
f 2869/2925/2821 3008/2926/2822 3009/2959/2854 2870/2958/2853
f 3008/2926/2822 3147/2927/2823 3148/2960/2855 3009/2959/2854
f 3147/2927/2823 3286/2928/2824 3287/2961/2856 3148/2960/2855
f 3286/2928/2824 3425/2929/2825 3426/2962/2857 3287/2961/2856
f 3425/2929/2825 3564/2930/2826 3565/2963/2858 3426/2962/2857
f 3564/2930/2826 3703/2931/2827 3704/2964/2859 3565/2963/2858
f 3703/2931/2827 3842/2932/2828 3843/2965/2860 3704/2964/2859
f 3842/2932/2828 3981/2933/2829 3982/2966/2861 3843/2965/2860
f 3981/2933/2829 4120/2934/2830 4121/2967/2862 3982/2966/2861
f 4120/2934/2830 4259/2935/2831 4260/2968/2863 4121/2967/2862
f 4259/2935/2831 4398/2936/2832 4399/2969/2864 4260/2968/2863
f 4398/2936/2832 89/2937/2802 90/2970/2834 4399/2969/2864
f 90/2939/2834 229/2938/2833 230/2971/2865 91/2972/2866
f 229/2938/2833 368/2940/2835 369/2973/2867 230/2971/2865
f 368/2940/2835 507/2941/2836 508/2974/2868 369/2973/2867
f 507/2941/2836 646/2942/2837 647/2975/2869 508/2974/2868
f 646/2942/2837 785/2943/2838 786/2976/2870 647/2975/2869
f 785/2943/2838 924/2944/2839 925/2977/2871 786/2976/2870
f 924/2944/2839 1063/2945/2840 1064/2978/2872 925/2977/2871
f 1063/2945/2840 1202/2946/2841 1203/2979/2873 1064/2978/2872
f 1202/2946/2841 1341/2947/2842 1342/2980/2874 1203/2979/2873
f 1341/2947/2842 1480/2948/2843 1481/2981/2875 1342/2980/2874
f 1480/2948/2843 1619/2949/2844 1620/2982/2876 1481/2981/2875
f 1619/2949/2844 1758/2950/2845 1759/2983/2877 1620/2982/2876
f 1758/2950/2845 1897/2951/2846 1898/2984/2878 1759/2983/2877
f 1897/2951/2846 2036/2952/2847 2037/2985/2879 1898/2984/2878
f 2036/2952/2847 2175/2953/2848 2176/2986/2880 2037/2985/2879
f 2175/2953/2848 2314/2954/2849 2315/2987/2881 2176/2986/2880
f 2314/2954/2849 2453/2955/2850 2454/2988/2882 2315/2987/2881
f 2453/2955/2850 2592/2956/2851 2593/2989/2883 2454/2988/2882
f 2592/2956/2851 2731/2957/2852 2732/2990/2884 2593/2989/2883
f 2731/2957/2852 2870/2958/2853 2871/2991/2885 2732/2990/2884
f 2870/2958/2853 3009/2959/2854 3010/2992/2886 2871/2991/2885
f 3009/2959/2854 3148/2960/2855 3149/2993/2887 3010/2992/2886
f 3148/2960/2855 3287/2961/2856 3288/2994/2888 3149/2993/2887
f 3287/2961/2856 3426/2962/2857 3427/2995/2889 3288/2994/2888
f 3426/2962/2857 3565/2963/2858 3566/2996/2890 3427/2995/2889
f 3565/2963/2858 3704/2964/2859 3705/2997/2891 3566/2996/2890
f 3704/2964/2859 3843/2965/2860 3844/2998/2892 3705/2997/2891
f 3843/2965/2860 3982/2966/2861 3983/2999/2893 3844/2998/2892
f 3982/2966/2861 4121/2967/2862 4122/3000/2894 3983/2999/2893
f 4121/2967/2862 4260/2968/2863 4261/3001/2895 4122/3000/2894
f 4260/2968/2863 4399/2969/2864 4400/3002/2896 4261/3001/2895
f 4399/2969/2864 90/2970/2834 91/3003/2866 4400/3002/2896
f 91/2972/2866 230/2971/2865 231/3004/2897 92/3005/2898
f 230/2971/2865 369/2973/2867 370/3006/2899 231/3004/2897
f 369/2973/2867 508/2974/2868 509/3007/2900 370/3006/2899
f 508/2974/2868 647/2975/2869 648/3008/2901 509/3007/2900
f 647/2975/2869 786/2976/2870 787/3009/2902 648/3008/2901
f 786/2976/2870 925/2977/2871 926/3010/2903 787/3009/2902
f 925/2977/2871 1064/2978/2872 1065/3011/2904 926/3010/2903
f 1064/2978/2872 1203/2979/2873 1204/3012/2905 1065/3011/2904
f 1203/2979/2873 1342/2980/2874 1343/3013/2906 1204/3012/2905
f 1342/2980/2874 1481/2981/2875 1482/3014/2907 1343/3013/2906
f 1481/2981/2875 1620/2982/2876 1621/3015/2908 1482/3014/2907
f 1620/2982/2876 1759/2983/2877 1760/3016/2909 1621/3015/2908
f 1759/2983/2877 1898/2984/2878 1899/3017/2910 1760/3016/2909
f 1898/2984/2878 2037/2985/2879 2038/3018/2911 1899/3017/2910
f 2037/2985/2879 2176/2986/2880 2177/3019/2912 2038/3018/2911
f 2176/2986/2880 2315/2987/2881 2316/3020/2913 2177/3019/2912
f 2315/2987/2881 2454/2988/2882 2455/3021/2914 2316/3020/2913
f 2454/2988/2882 2593/2989/2883 2594/3022/2915 2455/3021/2914
f 2593/2989/2883 2732/2990/2884 2733/3023/2916 2594/3022/2915
f 2732/2990/2884 2871/2991/2885 2872/3024/2917 2733/3023/2916
f 2871/2991/2885 3010/2992/2886 3011/3025/2918 2872/3024/2917
f 3010/2992/2886 3149/2993/2887 3150/3026/2919 3011/3025/2918
f 3149/2993/2887 3288/2994/2888 3289/3027/2920 3150/3026/2919
f 3288/2994/2888 3427/2995/2889 3428/3028/2921 3289/3027/2920
f 3427/2995/2889 3566/2996/2890 3567/3029/2922 3428/3028/2921
f 3566/2996/2890 3705/2997/2891 3706/3030/2923 3567/3029/2922
f 3705/2997/2891 3844/2998/2892 3845/3031/2924 3706/3030/2923
f 3844/2998/2892 3983/2999/2893 3984/3032/2925 3845/3031/2924
f 3983/2999/2893 4122/3000/2894 4123/3033/2926 3984/3032/2925
f 4122/3000/2894 4261/3001/2895 4262/3034/2927 4123/3033/2926
f 4261/3001/2895 4400/3002/2896 4401/3035/2928 4262/3034/2927
f 4400/3002/2896 91/3003/2866 92/3036/2898 4401/3035/2928
f 92/3005/2898 231/3004/2897 232/3037/2929 93/3038/2930
f 231/3004/2897 370/3006/2899 371/3039/2931 232/3037/2929
f 370/3006/2899 509/3007/2900 510/3040/2932 371/3039/2931
f 509/3007/2900 648/3008/2901 649/3041/2933 510/3040/2932
f 648/3008/2901 787/3009/2902 788/3042/2934 649/3041/2933
f 787/3009/2902 926/3010/2903 927/3043/2935 788/3042/2934
f 926/3010/2903 1065/3011/2904 1066/3044/2936 927/3043/2935
f 1065/3011/2904 1204/3012/2905 1205/3045/2937 1066/3044/2936
f 1204/3012/2905 1343/3013/2906 1344/3046/2938 1205/3045/2937
f 1343/3013/2906 1482/3014/2907 1483/3047/2939 1344/3046/2938
f 1482/3014/2907 1621/3015/2908 1622/3048/2940 1483/3047/2939
f 1621/3015/2908 1760/3016/2909 1761/3049/2941 1622/3048/2940
f 1760/3016/2909 1899/3017/2910 1900/3050/2942 1761/3049/2941
f 1899/3017/2910 2038/3018/2911 2039/3051/2943 1900/3050/2942
f 2038/3018/2911 2177/3019/2912 2178/3052/2944 2039/3051/2943
f 2177/3019/2912 2316/3020/2913 2317/3053/2945 2178/3052/2944
f 2316/3020/2913 2455/3021/2914 2456/3054/2946 2317/3053/2945
f 2455/3021/2914 2594/3022/2915 2595/3055/2947 2456/3054/2946
f 2594/3022/2915 2733/3023/2916 2734/3056/2948 2595/3055/2947
f 2733/3023/2916 2872/3024/2917 2873/3057/2949 2734/3056/2948
f 2872/3024/2917 3011/3025/2918 3012/3058/2950 2873/3057/2949
f 3011/3025/2918 3150/3026/2919 3151/3059/2951 3012/3058/2950
f 3150/3026/2919 3289/3027/2920 3290/3060/2952 3151/3059/2951
f 3289/3027/2920 3428/3028/2921 3429/3061/2953 3290/3060/2952
f 3428/3028/2921 3567/3029/2922 3568/3062/2954 3429/3061/2953
f 3567/3029/2922 3706/3030/2923 3707/3063/2955 3568/3062/2954
f 3706/3030/2923 3845/3031/2924 3846/3064/2956 3707/3063/2955
f 3845/3031/2924 3984/3032/2925 3985/3065/2957 3846/3064/2956
f 3984/3032/2925 4123/3033/2926 4124/3066/2958 3985/3065/2957
f 4123/3033/2926 4262/3034/2927 4263/3067/2959 4124/3066/2958
f 4262/3034/2927 4401/3035/2928 4402/3068/2960 4263/3067/2959
f 4401/3035/2928 92/3036/2898 93/3069/2930 4402/3068/2960
f 93/3038/2930 232/3037/2929 233/3070/2961 94/3071/2962
f 232/3037/2929 371/3039/2931 372/3072/2963 233/3070/2961
f 371/3039/2931 510/3040/2932 511/3073/2964 372/3072/2963
f 510/3040/2932 649/3041/2933 650/3074/2965 511/3073/2964
f 649/3041/2933 788/3042/2934 789/3075/2966 650/3074/2965
f 788/3042/2934 927/3043/2935 928/3076/2967 789/3075/2966
f 927/3043/2935 1066/3044/2936 1067/3077/2968 928/3076/2967
f 1066/3044/2936 1205/3045/2937 1206/3078/2969 1067/3077/2968
f 1205/3045/2937 1344/3046/2938 1345/3079/2970 1206/3078/2969
f 1344/3046/2938 1483/3047/2939 1484/3080/2971 1345/3079/2970
f 1483/3047/2939 1622/3048/2940 1623/3081/2972 1484/3080/2971
f 1622/3048/2940 1761/3049/2941 1762/3082/2973 1623/3081/2972
f 1761/3049/2941 1900/3050/2942 1901/3083/2974 1762/3082/2973
f 1900/3050/2942 2039/3051/2943 2040/3084/2975 1901/3083/2974
f 2039/3051/2943 2178/3052/2944 2179/3085/2976 2040/3084/2975
f 2178/3052/2944 2317/3053/2945 2318/3086/2977 2179/3085/2976
f 2317/3053/2945 2456/3054/2946 2457/3087/2978 2318/3086/2977
f 2456/3054/2946 2595/3055/2947 2596/3088/2979 2457/3087/2978
f 2595/3055/2947 2734/3056/2948 2735/3089/2980 2596/3088/2979
f 2734/3056/2948 2873/3057/2949 2874/3090/2981 2735/3089/2980
f 2873/3057/2949 3012/3058/2950 3013/3091/2982 2874/3090/2981
f 3012/3058/2950 3151/3059/2951 3152/3092/2983 3013/3091/2982
f 3151/3059/2951 3290/3060/2952 3291/3093/2984 3152/3092/2983
f 3290/3060/2952 3429/3061/2953 3430/3094/2985 3291/3093/2984
f 3429/3061/2953 3568/3062/2954 3569/3095/2986 3430/3094/2985
f 3568/3062/2954 3707/3063/2955 3708/3096/2987 3569/3095/2986
f 3707/3063/2955 3846/3064/2956 3847/3097/2988 3708/3096/2987
f 3846/3064/2956 3985/3065/2957 3986/3098/2989 3847/3097/2988
f 3985/3065/2957 4124/3066/2958 4125/3099/2990 3986/3098/2989
f 4124/3066/2958 4263/3067/2959 4264/3100/2991 4125/3099/2990
f 4263/3067/2959 4402/3068/2960 4403/3101/2992 4264/3100/2991
f 4402/3068/2960 93/3069/2930 94/3102/2962 4403/3101/2992
f 94/3071/2962 233/3070/2961 234/3103/2993 95/3104/2994
f 233/3070/2961 372/3072/2963 373/3105/2995 234/3103/2993
f 372/3072/2963 511/3073/2964 512/3106/2996 373/3105/2995
f 511/3073/2964 650/3074/2965 651/3107/2997 512/3106/2996
f 650/3074/2965 789/3075/2966 790/3108/2998 651/3107/2997
f 789/3075/2966 928/3076/2967 929/3109/2999 790/3108/2998
f 928/3076/2967 1067/3077/2968 1068/3110/3000 929/3109/2999
f 1067/3077/2968 1206/3078/2969 1207/3111/3001 1068/3110/3000
f 1206/3078/2969 1345/3079/2970 1346/3112/3002 1207/3111/3001
f 1345/3079/2970 1484/3080/2971 1485/3113/3003 1346/3112/3002
f 1484/3080/2971 1623/3081/2972 1624/3114/3004 1485/3113/3003
f 1623/3081/2972 1762/3082/2973 1763/3115/3005 1624/3114/3004
f 1762/3082/2973 1901/3083/2974 1902/3116/3006 1763/3115/3005
f 1901/3083/2974 2040/3084/2975 2041/3117/3007 1902/3116/3006
f 2040/3084/2975 2179/3085/2976 2180/3118/3008 2041/3117/3007
f 2179/3085/2976 2318/3086/2977 2319/3119/3009 2180/3118/3008
f 2318/3086/2977 2457/3087/2978 2458/3120/3010 2319/3119/3009
f 2457/3087/2978 2596/3088/2979 2597/3121/3011 2458/3120/3010
f 2596/3088/2979 2735/3089/2980 2736/3122/3012 2597/3121/3011
f 2735/3089/2980 2874/3090/2981 2875/3123/3013 2736/3122/3012
f 2874/3090/2981 3013/3091/2982 3014/3124/3014 2875/3123/3013
f 3013/3091/2982 3152/3092/2983 3153/3125/3015 3014/3124/3014
f 3152/3092/2983 3291/3093/2984 3292/3126/3016 3153/3125/3015
f 3291/3093/2984 3430/3094/2985 3431/3127/3017 3292/3126/3016
f 3430/3094/2985 3569/3095/2986 3570/3128/3018 3431/3127/3017
f 3569/3095/2986 3708/3096/2987 3709/3129/3019 3570/3128/3018
f 3708/3096/2987 3847/3097/2988 3848/3130/3020 3709/3129/3019
f 3847/3097/2988 3986/3098/2989 3987/3131/3021 3848/3130/3020
f 3986/3098/2989 4125/3099/2990 4126/3132/3022 3987/3131/3021
f 4125/3099/2990 4264/3100/2991 4265/3133/3023 4126/3132/3022
f 4264/3100/2991 4403/3101/2992 4404/3134/3024 4265/3133/3023
f 4403/3101/2992 94/3102/2962 95/3135/2994 4404/3134/3024
f 95/3104/2994 234/3103/2993 235/3136/3025 96/3137/3026
f 234/3103/2993 373/3105/2995 374/3138/3027 235/3136/3025
f 373/3105/2995 512/3106/2996 513/3139/3028 374/3138/3027
f 512/3106/2996 651/3107/2997 652/3140/3029 513/3139/3028
f 651/3107/2997 790/3108/2998 791/3141/3030 652/3140/3029
f 790/3108/2998 929/3109/2999 930/3142/3031 791/3141/3030
f 929/3109/2999 1068/3110/3000 1069/3143/3032 930/3142/3031
f 1068/3110/3000 1207/3111/3001 1208/3144/3033 1069/3143/3032
f 1207/3111/3001 1346/3112/3002 1347/3145/3034 1208/3144/3033
f 1346/3112/3002 1485/3113/3003 1486/3146/3035 1347/3145/3034
f 1485/3113/3003 1624/3114/3004 1625/3147/3036 1486/3146/3035
f 1624/3114/3004 1763/3115/3005 1764/3148/3037 1625/3147/3036
f 1763/3115/3005 1902/3116/3006 1903/3149/3038 1764/3148/3037
f 1902/3116/3006 2041/3117/3007 2042/3150/3039 1903/3149/3038
f 2041/3117/3007 2180/3118/3008 2181/3151/3040 2042/3150/3039
f 2180/3118/3008 2319/3119/3009 2320/3152/3041 2181/3151/3040
f 2319/3119/3009 2458/3120/3010 2459/3153/3042 2320/3152/3041
f 2458/3120/3010 2597/3121/3011 2598/3154/3043 2459/3153/3042
f 2597/3121/3011 2736/3122/3012 2737/3155/3044 2598/3154/3043
f 2736/3122/3012 2875/3123/3013 2876/3156/3045 2737/3155/3044
f 2875/3123/3013 3014/3124/3014 3015/3157/3046 2876/3156/3045
f 3014/3124/3014 3153/3125/3015 3154/3158/3047 3015/3157/3046
f 3153/3125/3015 3292/3126/3016 3293/3159/3048 3154/3158/3047
f 3292/3126/3016 3431/3127/3017 3432/3160/3049 3293/3159/3048
f 3431/3127/3017 3570/3128/3018 3571/3161/3050 3432/3160/3049
f 3570/3128/3018 3709/3129/3019 3710/3162/3051 3571/3161/3050
f 3709/3129/3019 3848/3130/3020 3849/3163/3052 3710/3162/3051
f 3848/3130/3020 3987/3131/3021 3988/3164/3053 3849/3163/3052
f 3987/3131/3021 4126/3132/3022 4127/3165/3054 3988/3164/3053
f 4126/3132/3022 4265/3133/3023 4266/3166/3055 4127/3165/3054
f 4265/3133/3023 4404/3134/3024 4405/3167/3056 4266/3166/3055
f 4404/3134/3024 95/3135/2994 96/3168/3026 4405/3167/3056
f 96/3137/3026 235/3136/3025 236/3169/3057 97/3170/3058
f 235/3136/3025 374/3138/3027 375/3171/3059 236/3169/3057
f 374/3138/3027 513/3139/3028 514/3172/3060 375/3171/3059
f 513/3139/3028 652/3140/3029 653/3173/3061 514/3172/3060
f 652/3140/3029 791/3141/3030 792/3174/3062 653/3173/3061
f 791/3141/3030 930/3142/3031 931/3175/3063 792/3174/3062
f 930/3142/3031 1069/3143/3032 1070/3176/3064 931/3175/3063
f 1069/3143/3032 1208/3144/3033 1209/3177/3065 1070/3176/3064
f 1208/3144/3033 1347/3145/3034 1348/3178/3066 1209/3177/3065
f 1347/3145/3034 1486/3146/3035 1487/3179/3067 1348/3178/3066
f 1486/3146/3035 1625/3147/3036 1626/3180/3068 1487/3179/3067
f 1625/3147/3036 1764/3148/3037 1765/3181/3069 1626/3180/3068
f 1764/3148/3037 1903/3149/3038 1904/3182/3070 1765/3181/3069
f 1903/3149/3038 2042/3150/3039 2043/3183/3071 1904/3182/3070
f 2042/3150/3039 2181/3151/3040 2182/3184/3072 2043/3183/3071
f 2181/3151/3040 2320/3152/3041 2321/3185/3073 2182/3184/3072
f 2320/3152/3041 2459/3153/3042 2460/3186/3074 2321/3185/3073
f 2459/3153/3042 2598/3154/3043 2599/3187/3075 2460/3186/3074
f 2598/3154/3043 2737/3155/3044 2738/3188/3076 2599/3187/3075
f 2737/3155/3044 2876/3156/3045 2877/3189/3077 2738/3188/3076
f 2876/3156/3045 3015/3157/3046 3016/3190/3078 2877/3189/3077
f 3015/3157/3046 3154/3158/3047 3155/3191/3079 3016/3190/3078
f 3154/3158/3047 3293/3159/3048 3294/3192/3080 3155/3191/3079
f 3293/3159/3048 3432/3160/3049 3433/3193/3081 3294/3192/3080
f 3432/3160/3049 3571/3161/3050 3572/3194/3082 3433/3193/3081
f 3571/3161/3050 3710/3162/3051 3711/3195/3083 3572/3194/3082
f 3710/3162/3051 3849/3163/3052 3850/3196/3084 3711/3195/3083
f 3849/3163/3052 3988/3164/3053 3989/3197/3085 3850/3196/3084
f 3988/3164/3053 4127/3165/3054 4128/3198/3086 3989/3197/3085
f 4127/3165/3054 4266/3166/3055 4267/3199/3087 4128/3198/3086
f 4266/3166/3055 4405/3167/3056 4406/3200/3088 4267/3199/3087
f 4405/3167/3056 96/3168/3026 97/3201/3058 4406/3200/3088
f 97/3170/3058 236/3169/3057 237/3202/3089 98/3203/3090
f 236/3169/3057 375/3171/3059 376/3204/3091 237/3202/3089
f 375/3171/3059 514/3172/3060 515/3205/3092 376/3204/3091
f 514/3172/3060 653/3173/3061 654/3206/3093 515/3205/3092
f 653/3173/3061 792/3174/3062 793/3207/3094 654/3206/3093
f 792/3174/3062 931/3175/3063 932/3208/3095 793/3207/3094
f 931/3175/3063 1070/3176/3064 1071/3209/3096 932/3208/3095
f 1070/3176/3064 1209/3177/3065 1210/3210/3097 1071/3209/3096
f 1209/3177/3065 1348/3178/3066 1349/3211/3098 1210/3210/3097
f 1348/3178/3066 1487/3179/3067 1488/3212/3099 1349/3211/3098
f 1487/3179/3067 1626/3180/3068 1627/3213/3100 1488/3212/3099
f 1626/3180/3068 1765/3181/3069 1766/3214/3101 1627/3213/3100
f 1765/3181/3069 1904/3182/3070 1905/3215/3102 1766/3214/3101
f 1904/3182/3070 2043/3183/3071 2044/3216/3103 1905/3215/3102
f 2043/3183/3071 2182/3184/3072 2183/3217/3104 2044/3216/3103
f 2182/3184/3072 2321/3185/3073 2322/3218/3105 2183/3217/3104
f 2321/3185/3073 2460/3186/3074 2461/3219/3106 2322/3218/3105
f 2460/3186/3074 2599/3187/3075 2600/3220/3107 2461/3219/3106
f 2599/3187/3075 2738/3188/3076 2739/3221/3108 2600/3220/3107
f 2738/3188/3076 2877/3189/3077 2878/3222/3109 2739/3221/3108
f 2877/3189/3077 3016/3190/3078 3017/3223/3110 2878/3222/3109
f 3016/3190/3078 3155/3191/3079 3156/3224/3111 3017/3223/3110
f 3155/3191/3079 3294/3192/3080 3295/3225/3112 3156/3224/3111
f 3294/3192/3080 3433/3193/3081 3434/3226/3113 3295/3225/3112
f 3433/3193/3081 3572/3194/3082 3573/3227/3114 3434/3226/3113
f 3572/3194/3082 3711/3195/3083 3712/3228/3115 3573/3227/3114
f 3711/3195/3083 3850/3196/3084 3851/3229/3116 3712/3228/3115
f 3850/3196/3084 3989/3197/3085 3990/3230/3117 3851/3229/3116
f 3989/3197/3085 4128/3198/3086 4129/3231/3118 3990/3230/3117
f 4128/3198/3086 4267/3199/3087 4268/3232/3119 4129/3231/3118
f 4267/3199/3087 4406/3200/3088 4407/3233/3120 4268/3232/3119
f 4406/3200/3088 97/3201/3058 98/3234/3090 4407/3233/3120
f 98/3203/3090 237/3202/3089 238/3235/3121 99/3236/3122
f 237/3202/3089 376/3204/3091 377/3237/3123 238/3235/3121
f 376/3204/3091 515/3205/3092 516/3238/3124 377/3237/3123
f 515/3205/3092 654/3206/3093 655/3239/3125 516/3238/3124
f 654/3206/3093 793/3207/3094 794/3240/3126 655/3239/3125
f 793/3207/3094 932/3208/3095 933/3241/3127 794/3240/3126
f 932/3208/3095 1071/3209/3096 1072/3242/3128 933/3241/3127
f 1071/3209/3096 1210/3210/3097 1211/3243/3129 1072/3242/3128
f 1210/3210/3097 1349/3211/3098 1350/3244/3130 1211/3243/3129
f 1349/3211/3098 1488/3212/3099 1489/3245/3131 1350/3244/3130
f 1488/3212/3099 1627/3213/3100 1628/3246/3132 1489/3245/3131
f 1627/3213/3100 1766/3214/3101 1767/3247/3133 1628/3246/3132
f 1766/3214/3101 1905/3215/3102 1906/3248/3134 1767/3247/3133
f 1905/3215/3102 2044/3216/3103 2045/3249/3135 1906/3248/3134
f 2044/3216/3103 2183/3217/3104 2184/3250/3136 2045/3249/3135
f 2183/3217/3104 2322/3218/3105 2323/3251/3137 2184/3250/3136
f 2322/3218/3105 2461/3219/3106 2462/3252/3138 2323/3251/3137
f 2461/3219/3106 2600/3220/3107 2601/3253/3139 2462/3252/3138
f 2600/3220/3107 2739/3221/3108 2740/3254/3140 2601/3253/3139
f 2739/3221/3108 2878/3222/3109 2879/3255/3141 2740/3254/3140
f 2878/3222/3109 3017/3223/3110 3018/3256/3142 2879/3255/3141
f 3017/3223/3110 3156/3224/3111 3157/3257/3143 3018/3256/3142
f 3156/3224/3111 3295/3225/3112 3296/3258/3144 3157/3257/3143
f 3295/3225/3112 3434/3226/3113 3435/3259/3145 3296/3258/3144
f 3434/3226/3113 3573/3227/3114 3574/3260/3146 3435/3259/3145
f 3573/3227/3114 3712/3228/3115 3713/3261/3147 3574/3260/3146
f 3712/3228/3115 3851/3229/3116 3852/3262/3148 3713/3261/3147
f 3851/3229/3116 3990/3230/3117 3991/3263/3149 3852/3262/3148
f 3990/3230/3117 4129/3231/3118 4130/3264/3150 3991/3263/3149
f 4129/3231/3118 4268/3232/3119 4269/3265/3151 4130/3264/3150
f 4268/3232/3119 4407/3233/3120 4408/3266/3152 4269/3265/3151
f 4407/3233/3120 98/3234/3090 99/3267/3122 4408/3266/3152
f 99/3236/3122 238/3235/3121 239/3268/3153 100/3269/3154
f 238/3235/3121 377/3237/3123 378/3270/3155 239/3268/3153
f 377/3237/3123 516/3238/3124 517/3271/3156 378/3270/3155
f 516/3238/3124 655/3239/3125 656/3272/3157 517/3271/3156
f 655/3239/3125 794/3240/3126 795/3273/3158 656/3272/3157
f 794/3240/3126 933/3241/3127 934/3274/3159 795/3273/3158
f 933/3241/3127 1072/3242/3128 1073/3275/3160 934/3274/3159
f 1072/3242/3128 1211/3243/3129 1212/3276/3161 1073/3275/3160
f 1211/3243/3129 1350/3244/3130 1351/3277/3162 1212/3276/3161
f 1350/3244/3130 1489/3245/3131 1490/3278/3163 1351/3277/3162
f 1489/3245/3131 1628/3246/3132 1629/3279/3164 1490/3278/3163
f 1628/3246/3132 1767/3247/3133 1768/3280/3165 1629/3279/3164
f 1767/3247/3133 1906/3248/3134 1907/3281/3166 1768/3280/3165
f 1906/3248/3134 2045/3249/3135 2046/3282/3167 1907/3281/3166
f 2045/3249/3135 2184/3250/3136 2185/3283/3168 2046/3282/3167
f 2184/3250/3136 2323/3251/3137 2324/3284/3169 2185/3283/3168
f 2323/3251/3137 2462/3252/3138 2463/3285/3170 2324/3284/3169
f 2462/3252/3138 2601/3253/3139 2602/3286/3171 2463/3285/3170
f 2601/3253/3139 2740/3254/3140 2741/3287/3172 2602/3286/3171
f 2740/3254/3140 2879/3255/3141 2880/3288/3173 2741/3287/3172
f 2879/3255/3141 3018/3256/3142 3019/3289/3174 2880/3288/3173
f 3018/3256/3142 3157/3257/3143 3158/3290/3175 3019/3289/3174
f 3157/3257/3143 3296/3258/3144 3297/3291/3176 3158/3290/3175
f 3296/3258/3144 3435/3259/3145 3436/3292/3177 3297/3291/3176
f 3435/3259/3145 3574/3260/3146 3575/3293/3178 3436/3292/3177
f 3574/3260/3146 3713/3261/3147 3714/3294/3179 3575/3293/3178
f 3713/3261/3147 3852/3262/3148 3853/3295/3180 3714/3294/3179
f 3852/3262/3148 3991/3263/3149 3992/3296/3181 3853/3295/3180
f 3991/3263/3149 4130/3264/3150 4131/3297/3182 3992/3296/3181
f 4130/3264/3150 4269/3265/3151 4270/3298/3183 4131/3297/3182
f 4269/3265/3151 4408/3266/3152 4409/3299/3184 4270/3298/3183
f 4408/3266/3152 99/3267/3122 100/3300/3154 4409/3299/3184
f 100/3269/3154 239/3268/3153 240/3301/3185 101/3302/3186
f 239/3268/3153 378/3270/3155 379/3303/3187 240/3301/3185
f 378/3270/3155 517/3271/3156 518/3304/3188 379/3303/3187
f 517/3271/3156 656/3272/3157 657/3305/3189 518/3304/3188
f 656/3272/3157 795/3273/3158 796/3306/3190 657/3305/3189
f 795/3273/3158 934/3274/3159 935/3307/3191 796/3306/3190
f 934/3274/3159 1073/3275/3160 1074/3308/3192 935/3307/3191
f 1073/3275/3160 1212/3276/3161 1213/3309/3193 1074/3308/3192
f 1212/3276/3161 1351/3277/3162 1352/3310/3194 1213/3309/3193
f 1351/3277/3162 1490/3278/3163 1491/3311/3195 1352/3310/3194
f 1490/3278/3163 1629/3279/3164 1630/3312/3196 1491/3311/3195
f 1629/3279/3164 1768/3280/3165 1769/3313/3197 1630/3312/3196
f 1768/3280/3165 1907/3281/3166 1908/3314/3198 1769/3313/3197
f 1907/3281/3166 2046/3282/3167 2047/3315/3199 1908/3314/3198
f 2046/3282/3167 2185/3283/3168 2186/3316/3200 2047/3315/3199
f 2185/3283/3168 2324/3284/3169 2325/3317/3201 2186/3316/3200
f 2324/3284/3169 2463/3285/3170 2464/3318/3202 2325/3317/3201
f 2463/3285/3170 2602/3286/3171 2603/3319/3203 2464/3318/3202
f 2602/3286/3171 2741/3287/3172 2742/3320/3204 2603/3319/3203
f 2741/3287/3172 2880/3288/3173 2881/3321/3205 2742/3320/3204
f 2880/3288/3173 3019/3289/3174 3020/3322/3206 2881/3321/3205
f 3019/3289/3174 3158/3290/3175 3159/3323/3207 3020/3322/3206
f 3158/3290/3175 3297/3291/3176 3298/3324/3208 3159/3323/3207
f 3297/3291/3176 3436/3292/3177 3437/3325/3209 3298/3324/3208
f 3436/3292/3177 3575/3293/3178 3576/3326/3210 3437/3325/3209
f 3575/3293/3178 3714/3294/3179 3715/3327/3211 3576/3326/3210
f 3714/3294/3179 3853/3295/3180 3854/3328/3212 3715/3327/3211
f 3853/3295/3180 3992/3296/3181 3993/3329/3213 3854/3328/3212
f 3992/3296/3181 4131/3297/3182 4132/3330/3214 3993/3329/3213
f 4131/3297/3182 4270/3298/3183 4271/3331/3215 4132/3330/3214
f 4270/3298/3183 4409/3299/3184 4410/3332/3216 4271/3331/3215
f 4409/3299/3184 100/3300/3154 101/3333/3186 4410/3332/3216
f 101/3302/3186 240/3301/3185 241/3334/3217 102/3335/3218
f 240/3301/3185 379/3303/3187 380/3336/3219 241/3334/3217
f 379/3303/3187 518/3304/3188 519/3337/3220 380/3336/3219
f 518/3304/3188 657/3305/3189 658/3338/3221 519/3337/3220
f 657/3305/3189 796/3306/3190 797/3339/3222 658/3338/3221
f 796/3306/3190 935/3307/3191 936/3340/3223 797/3339/3222
f 935/3307/3191 1074/3308/3192 1075/3341/3224 936/3340/3223
f 1074/3308/3192 1213/3309/3193 1214/3342/3225 1075/3341/3224
f 1213/3309/3193 1352/3310/3194 1353/3343/3226 1214/3342/3225
f 1352/3310/3194 1491/3311/3195 1492/3344/3227 1353/3343/3226
f 1491/3311/3195 1630/3312/3196 1631/3345/3228 1492/3344/3227
f 1630/3312/3196 1769/3313/3197 1770/3346/3229 1631/3345/3228
f 1769/3313/3197 1908/3314/3198 1909/3347/3230 1770/3346/3229
f 1908/3314/3198 2047/3315/3199 2048/3348/3231 1909/3347/3230
f 2047/3315/3199 2186/3316/3200 2187/3349/3232 2048/3348/3231
f 2186/3316/3200 2325/3317/3201 2326/3350/3233 2187/3349/3232
f 2325/3317/3201 2464/3318/3202 2465/3351/3234 2326/3350/3233
f 2464/3318/3202 2603/3319/3203 2604/3352/3235 2465/3351/3234
f 2603/3319/3203 2742/3320/3204 2743/3353/3236 2604/3352/3235
f 2742/3320/3204 2881/3321/3205 2882/3354/3237 2743/3353/3236
f 2881/3321/3205 3020/3322/3206 3021/3355/3238 2882/3354/3237
f 3020/3322/3206 3159/3323/3207 3160/3356/3239 3021/3355/3238
f 3159/3323/3207 3298/3324/3208 3299/3357/3240 3160/3356/3239
f 3298/3324/3208 3437/3325/3209 3438/3358/3241 3299/3357/3240
f 3437/3325/3209 3576/3326/3210 3577/3359/3242 3438/3358/3241
f 3576/3326/3210 3715/3327/3211 3716/3360/3243 3577/3359/3242
f 3715/3327/3211 3854/3328/3212 3855/3361/3244 3716/3360/3243
f 3854/3328/3212 3993/3329/3213 3994/3362/3245 3855/3361/3244
f 3993/3329/3213 4132/3330/3214 4133/3363/3246 3994/3362/3245
f 4132/3330/3214 4271/3331/3215 4272/3364/3247 4133/3363/3246
f 4271/3331/3215 4410/3332/3216 4411/3365/3248 4272/3364/3247
f 4410/3332/3216 101/3333/3186 102/3366/3218 4411/3365/3248
f 102/3335/3218 241/3334/3217 242/3367/3249 103/3368/3250
f 241/3334/3217 380/3336/3219 381/3369/3251 242/3367/3249
f 380/3336/3219 519/3337/3220 520/3370/3252 381/3369/3251
f 519/3337/3220 658/3338/3221 659/3371/3253 520/3370/3252
f 658/3338/3221 797/3339/3222 798/3372/3254 659/3371/3253
f 797/3339/3222 936/3340/3223 937/3373/3255 798/3372/3254
f 936/3340/3223 1075/3341/3224 1076/3374/3256 937/3373/3255
f 1075/3341/3224 1214/3342/3225 1215/3375/3257 1076/3374/3256
f 1214/3342/3225 1353/3343/3226 1354/3376/3258 1215/3375/3257
f 1353/3343/3226 1492/3344/3227 1493/3377/3259 1354/3376/3258
f 1492/3344/3227 1631/3345/3228 1632/3378/3260 1493/3377/3259
f 1631/3345/3228 1770/3346/3229 1771/3379/3261 1632/3378/3260
f 1770/3346/3229 1909/3347/3230 1910/3380/3262 1771/3379/3261
f 1909/3347/3230 2048/3348/3231 2049/3381/3263 1910/3380/3262
f 2048/3348/3231 2187/3349/3232 2188/3382/3264 2049/3381/3263
f 2187/3349/3232 2326/3350/3233 2327/3383/3265 2188/3382/3264
f 2326/3350/3233 2465/3351/3234 2466/3384/3266 2327/3383/3265
f 2465/3351/3234 2604/3352/3235 2605/3385/3267 2466/3384/3266
f 2604/3352/3235 2743/3353/3236 2744/3386/3268 2605/3385/3267
f 2743/3353/3236 2882/3354/3237 2883/3387/3269 2744/3386/3268
f 2882/3354/3237 3021/3355/3238 3022/3388/3270 2883/3387/3269
f 3021/3355/3238 3160/3356/3239 3161/3389/3271 3022/3388/3270
f 3160/3356/3239 3299/3357/3240 3300/3390/3272 3161/3389/3271
f 3299/3357/3240 3438/3358/3241 3439/3391/3273 3300/3390/3272
f 3438/3358/3241 3577/3359/3242 3578/3392/3274 3439/3391/3273
f 3577/3359/3242 3716/3360/3243 3717/3393/3275 3578/3392/3274
f 3716/3360/3243 3855/3361/3244 3856/3394/3276 3717/3393/3275
f 3855/3361/3244 3994/3362/3245 3995/3395/3277 3856/3394/3276
f 3994/3362/3245 4133/3363/3246 4134/3396/3278 3995/3395/3277
f 4133/3363/3246 4272/3364/3247 4273/3397/3279 4134/3396/3278
f 4272/3364/3247 4411/3365/3248 4412/3398/3280 4273/3397/3279
f 4411/3365/3248 102/3366/3218 103/3399/3250 4412/3398/3280
f 103/3368/3250 242/3367/3249 243/3400/3281 104/3401/3282
f 242/3367/3249 381/3369/3251 382/3402/3283 243/3400/3281
f 381/3369/3251 520/3370/3252 521/3403/3284 382/3402/3283
f 520/3370/3252 659/3371/3253 660/3404/3285 521/3403/3284
f 659/3371/3253 798/3372/3254 799/3405/3286 660/3404/3285
f 798/3372/3254 937/3373/3255 938/3406/3287 799/3405/3286
f 937/3373/3255 1076/3374/3256 1077/3407/3288 938/3406/3287
f 1076/3374/3256 1215/3375/3257 1216/3408/3289 1077/3407/3288
f 1215/3375/3257 1354/3376/3258 1355/3409/3290 1216/3408/3289
f 1354/3376/3258 1493/3377/3259 1494/3410/3291 1355/3409/3290
f 1493/3377/3259 1632/3378/3260 1633/3411/3292 1494/3410/3291
f 1632/3378/3260 1771/3379/3261 1772/3412/3293 1633/3411/3292
f 1771/3379/3261 1910/3380/3262 1911/3413/3294 1772/3412/3293
f 1910/3380/3262 2049/3381/3263 2050/3414/3295 1911/3413/3294
f 2049/3381/3263 2188/3382/3264 2189/3415/3296 2050/3414/3295
f 2188/3382/3264 2327/3383/3265 2328/3416/3297 2189/3415/3296
f 2327/3383/3265 2466/3384/3266 2467/3417/3298 2328/3416/3297
f 2466/3384/3266 2605/3385/3267 2606/3418/3299 2467/3417/3298
f 2605/3385/3267 2744/3386/3268 2745/3419/3300 2606/3418/3299
f 2744/3386/3268 2883/3387/3269 2884/3420/3301 2745/3419/3300
f 2883/3387/3269 3022/3388/3270 3023/3421/3302 2884/3420/3301
f 3022/3388/3270 3161/3389/3271 3162/3422/3303 3023/3421/3302
f 3161/3389/3271 3300/3390/3272 3301/3423/3304 3162/3422/3303
f 3300/3390/3272 3439/3391/3273 3440/3424/3305 3301/3423/3304
f 3439/3391/3273 3578/3392/3274 3579/3425/3306 3440/3424/3305
f 3578/3392/3274 3717/3393/3275 3718/3426/3307 3579/3425/3306
f 3717/3393/3275 3856/3394/3276 3857/3427/3308 3718/3426/3307
f 3856/3394/3276 3995/3395/3277 3996/3428/3309 3857/3427/3308
f 3995/3395/3277 4134/3396/3278 4135/3429/3310 3996/3428/3309
f 4134/3396/3278 4273/3397/3279 4274/3430/3311 4135/3429/3310
f 4273/3397/3279 4412/3398/3280 4413/3431/3312 4274/3430/3311
f 4412/3398/3280 103/3399/3250 104/3432/3282 4413/3431/3312
f 104/3401/3282 243/3400/3281 244/3433/3313 105/3434/3314
f 243/3400/3281 382/3402/3283 383/3435/3315 244/3433/3313
f 382/3402/3283 521/3403/3284 522/3436/3316 383/3435/3315
f 521/3403/3284 660/3404/3285 661/3437/3317 522/3436/3316
f 660/3404/3285 799/3405/3286 800/3438/3318 661/3437/3317
f 799/3405/3286 938/3406/3287 939/3439/3319 800/3438/3318
f 938/3406/3287 1077/3407/3288 1078/3440/3320 939/3439/3319
f 1077/3407/3288 1216/3408/3289 1217/3441/3321 1078/3440/3320
f 1216/3408/3289 1355/3409/3290 1356/3442/3322 1217/3441/3321
f 1355/3409/3290 1494/3410/3291 1495/3443/3323 1356/3442/3322
f 1494/3410/3291 1633/3411/3292 1634/3444/3324 1495/3443/3323
f 1633/3411/3292 1772/3412/3293 1773/3445/3325 1634/3444/3324
f 1772/3412/3293 1911/3413/3294 1912/3446/3326 1773/3445/3325
f 1911/3413/3294 2050/3414/3295 2051/3447/3327 1912/3446/3326
f 2050/3414/3295 2189/3415/3296 2190/3448/3328 2051/3447/3327
f 2189/3415/3296 2328/3416/3297 2329/3449/3329 2190/3448/3328
f 2328/3416/3297 2467/3417/3298 2468/3450/3330 2329/3449/3329
f 2467/3417/3298 2606/3418/3299 2607/3451/3331 2468/3450/3330
f 2606/3418/3299 2745/3419/3300 2746/3452/3332 2607/3451/3331
f 2745/3419/3300 2884/3420/3301 2885/3453/3333 2746/3452/3332
f 2884/3420/3301 3023/3421/3302 3024/3454/3334 2885/3453/3333
f 3023/3421/3302 3162/3422/3303 3163/3455/3335 3024/3454/3334
f 3162/3422/3303 3301/3423/3304 3302/3456/3336 3163/3455/3335
f 3301/3423/3304 3440/3424/3305 3441/3457/3337 3302/3456/3336
f 3440/3424/3305 3579/3425/3306 3580/3458/3338 3441/3457/3337
f 3579/3425/3306 3718/3426/3307 3719/3459/3339 3580/3458/3338
f 3718/3426/3307 3857/3427/3308 3858/3460/3340 3719/3459/3339
f 3857/3427/3308 3996/3428/3309 3997/3461/3341 3858/3460/3340
f 3996/3428/3309 4135/3429/3310 4136/3462/3342 3997/3461/3341
f 4135/3429/3310 4274/3430/3311 4275/3463/3343 4136/3462/3342
f 4274/3430/3311 4413/3431/3312 4414/3464/3344 4275/3463/3343
f 4413/3431/3312 104/3432/3282 105/3465/3314 4414/3464/3344
f 105/3434/3314 244/3433/3313 245/3466/3345 106/3467/3346
f 244/3433/3313 383/3435/3315 384/3468/3347 245/3466/3345
f 383/3435/3315 522/3436/3316 523/3469/3348 384/3468/3347
f 522/3436/3316 661/3437/3317 662/3470/3349 523/3469/3348
f 661/3437/3317 800/3438/3318 801/3471/3350 662/3470/3349
f 800/3438/3318 939/3439/3319 940/3472/3351 801/3471/3350
f 939/3439/3319 1078/3440/3320 1079/3473/3352 940/3472/3351
f 1078/3440/3320 1217/3441/3321 1218/3474/3353 1079/3473/3352
f 1217/3441/3321 1356/3442/3322 1357/3475/3354 1218/3474/3353
f 1356/3442/3322 1495/3443/3323 1496/3476/3355 1357/3475/3354
f 1495/3443/3323 1634/3444/3324 1635/3477/3356 1496/3476/3355
f 1634/3444/3324 1773/3445/3325 1774/3478/3357 1635/3477/3356
f 1773/3445/3325 1912/3446/3326 1913/3479/3358 1774/3478/3357
f 1912/3446/3326 2051/3447/3327 2052/3480/3359 1913/3479/3358
f 2051/3447/3327 2190/3448/3328 2191/3481/3360 2052/3480/3359
f 2190/3448/3328 2329/3449/3329 2330/3482/3361 2191/3481/3360
f 2329/3449/3329 2468/3450/3330 2469/3483/3362 2330/3482/3361
f 2468/3450/3330 2607/3451/3331 2608/3484/3363 2469/3483/3362
f 2607/3451/3331 2746/3452/3332 2747/3485/3364 2608/3484/3363
f 2746/3452/3332 2885/3453/3333 2886/3486/3365 2747/3485/3364
f 2885/3453/3333 3024/3454/3334 3025/3487/3366 2886/3486/3365
f 3024/3454/3334 3163/3455/3335 3164/3488/3367 3025/3487/3366
f 3163/3455/3335 3302/3456/3336 3303/3489/3368 3164/3488/3367
f 3302/3456/3336 3441/3457/3337 3442/3490/3369 3303/3489/3368
f 3441/3457/3337 3580/3458/3338 3581/3491/3370 3442/3490/3369
f 3580/3458/3338 3719/3459/3339 3720/3492/3371 3581/3491/3370
f 3719/3459/3339 3858/3460/3340 3859/3493/3372 3720/3492/3371
f 3858/3460/3340 3997/3461/3341 3998/3494/3373 3859/3493/3372
f 3997/3461/3341 4136/3462/3342 4137/3495/3374 3998/3494/3373
f 4136/3462/3342 4275/3463/3343 4276/3496/3375 4137/3495/3374
f 4275/3463/3343 4414/3464/3344 4415/3497/3376 4276/3496/3375
f 4414/3464/3344 105/3465/3314 106/3498/3346 4415/3497/3376
f 106/3467/3346 245/3466/3345 246/3499/3377 107/3500/3378
f 245/3466/3345 384/3468/3347 385/3501/3379 246/3499/3377
f 384/3468/3347 523/3469/3348 524/3502/3380 385/3501/3379
f 523/3469/3348 662/3470/3349 663/3503/3381 524/3502/3380
f 662/3470/3349 801/3471/3350 802/3504/3382 663/3503/3381
f 801/3471/3350 940/3472/3351 941/3505/3383 802/3504/3382
f 940/3472/3351 1079/3473/3352 1080/3506/3384 941/3505/3383
f 1079/3473/3352 1218/3474/3353 1219/3507/3385 1080/3506/3384
f 1218/3474/3353 1357/3475/3354 1358/3508/3386 1219/3507/3385
f 1357/3475/3354 1496/3476/3355 1497/3509/3387 1358/3508/3386
f 1496/3476/3355 1635/3477/3356 1636/3510/3388 1497/3509/3387
f 1635/3477/3356 1774/3478/3357 1775/3511/3389 1636/3510/3388
f 1774/3478/3357 1913/3479/3358 1914/3512/3390 1775/3511/3389
f 1913/3479/3358 2052/3480/3359 2053/3513/3391 1914/3512/3390
f 2052/3480/3359 2191/3481/3360 2192/3514/3392 2053/3513/3391
f 2191/3481/3360 2330/3482/3361 2331/3515/3393 2192/3514/3392
f 2330/3482/3361 2469/3483/3362 2470/3516/3394 2331/3515/3393
f 2469/3483/3362 2608/3484/3363 2609/3517/3395 2470/3516/3394
f 2608/3484/3363 2747/3485/3364 2748/3518/3396 2609/3517/3395
f 2747/3485/3364 2886/3486/3365 2887/3519/3397 2748/3518/3396
f 2886/3486/3365 3025/3487/3366 3026/3520/3398 2887/3519/3397
f 3025/3487/3366 3164/3488/3367 3165/3521/3399 3026/3520/3398
f 3164/3488/3367 3303/3489/3368 3304/3522/3400 3165/3521/3399
f 3303/3489/3368 3442/3490/3369 3443/3523/3401 3304/3522/3400
f 3442/3490/3369 3581/3491/3370 3582/3524/3402 3443/3523/3401
f 3581/3491/3370 3720/3492/3371 3721/3525/3403 3582/3524/3402
f 3720/3492/3371 3859/3493/3372 3860/3526/3404 3721/3525/3403
f 3859/3493/3372 3998/3494/3373 3999/3527/3405 3860/3526/3404
f 3998/3494/3373 4137/3495/3374 4138/3528/3406 3999/3527/3405
f 4137/3495/3374 4276/3496/3375 4277/3529/3407 4138/3528/3406
f 4276/3496/3375 4415/3497/3376 4416/3530/3408 4277/3529/3407
f 4415/3497/3376 106/3498/3346 107/3531/3378 4416/3530/3408
f 107/3500/3378 246/3499/3377 247/3532/3409 108/3533/3410
f 246/3499/3377 385/3501/3379 386/3534/3411 247/3532/3409
f 385/3501/3379 524/3502/3380 525/3535/3412 386/3534/3411
f 524/3502/3380 663/3503/3381 664/3536/3413 525/3535/3412
f 663/3503/3381 802/3504/3382 803/3537/3414 664/3536/3413
f 802/3504/3382 941/3505/3383 942/3538/3415 803/3537/3414
f 941/3505/3383 1080/3506/3384 1081/3539/3416 942/3538/3415
f 1080/3506/3384 1219/3507/3385 1220/3540/3417 1081/3539/3416
f 1219/3507/3385 1358/3508/3386 1359/3541/3418 1220/3540/3417
f 1358/3508/3386 1497/3509/3387 1498/3542/3419 1359/3541/3418
f 1497/3509/3387 1636/3510/3388 1637/3543/3420 1498/3542/3419
f 1636/3510/3388 1775/3511/3389 1776/3544/3421 1637/3543/3420
f 1775/3511/3389 1914/3512/3390 1915/3545/3422 1776/3544/3421
f 1914/3512/3390 2053/3513/3391 2054/3546/3423 1915/3545/3422
f 2053/3513/3391 2192/3514/3392 2193/3547/3424 2054/3546/3423
f 2192/3514/3392 2331/3515/3393 2332/3548/3425 2193/3547/3424
f 2331/3515/3393 2470/3516/3394 2471/3549/3426 2332/3548/3425
f 2470/3516/3394 2609/3517/3395 2610/3550/3427 2471/3549/3426
f 2609/3517/3395 2748/3518/3396 2749/3551/3428 2610/3550/3427
f 2748/3518/3396 2887/3519/3397 2888/3552/3429 2749/3551/3428
f 2887/3519/3397 3026/3520/3398 3027/3553/3430 2888/3552/3429
f 3026/3520/3398 3165/3521/3399 3166/3554/3431 3027/3553/3430
f 3165/3521/3399 3304/3522/3400 3305/3555/3432 3166/3554/3431
f 3304/3522/3400 3443/3523/3401 3444/3556/3433 3305/3555/3432
f 3443/3523/3401 3582/3524/3402 3583/3557/3434 3444/3556/3433
f 3582/3524/3402 3721/3525/3403 3722/3558/3435 3583/3557/3434
f 3721/3525/3403 3860/3526/3404 3861/3559/3436 3722/3558/3435
f 3860/3526/3404 3999/3527/3405 4000/3560/3437 3861/3559/3436
f 3999/3527/3405 4138/3528/3406 4139/3561/3438 4000/3560/3437
f 4138/3528/3406 4277/3529/3407 4278/3562/3439 4139/3561/3438
f 4277/3529/3407 4416/3530/3408 4417/3563/3440 4278/3562/3439
f 4416/3530/3408 107/3531/3378 108/3564/3410 4417/3563/3440
f 108/3533/3410 247/3532/3409 248/3565/3441 109/3566/3442
f 247/3532/3409 386/3534/3411 387/3567/3443 248/3565/3441
f 386/3534/3411 525/3535/3412 526/3568/3444 387/3567/3443
f 525/3535/3412 664/3536/3413 665/3569/3445 526/3568/3444
f 664/3536/3413 803/3537/3414 804/3570/3446 665/3569/3445
f 803/3537/3414 942/3538/3415 943/3571/3447 804/3570/3446
f 942/3538/3415 1081/3539/3416 1082/3572/3448 943/3571/3447
f 1081/3539/3416 1220/3540/3417 1221/3573/3449 1082/3572/3448
f 1220/3540/3417 1359/3541/3418 1360/3574/3450 1221/3573/3449
f 1359/3541/3418 1498/3542/3419 1499/3575/3451 1360/3574/3450
f 1498/3542/3419 1637/3543/3420 1638/3576/3452 1499/3575/3451
f 1637/3543/3420 1776/3544/3421 1777/3577/3453 1638/3576/3452
f 1776/3544/3421 1915/3545/3422 1916/3578/3454 1777/3577/3453
f 1915/3545/3422 2054/3546/3423 2055/3579/3455 1916/3578/3454
f 2054/3546/3423 2193/3547/3424 2194/3580/3456 2055/3579/3455
f 2193/3547/3424 2332/3548/3425 2333/3581/3457 2194/3580/3456
f 2332/3548/3425 2471/3549/3426 2472/3582/3458 2333/3581/3457
f 2471/3549/3426 2610/3550/3427 2611/3583/3459 2472/3582/3458
f 2610/3550/3427 2749/3551/3428 2750/3584/3460 2611/3583/3459
f 2749/3551/3428 2888/3552/3429 2889/3585/3461 2750/3584/3460
f 2888/3552/3429 3027/3553/3430 3028/3586/3462 2889/3585/3461
f 3027/3553/3430 3166/3554/3431 3167/3587/3463 3028/3586/3462
f 3166/3554/3431 3305/3555/3432 3306/3588/3464 3167/3587/3463
f 3305/3555/3432 3444/3556/3433 3445/3589/3465 3306/3588/3464
f 3444/3556/3433 3583/3557/3434 3584/3590/3466 3445/3589/3465
f 3583/3557/3434 3722/3558/3435 3723/3591/3467 3584/3590/3466
f 3722/3558/3435 3861/3559/3436 3862/3592/3468 3723/3591/3467
f 3861/3559/3436 4000/3560/3437 4001/3593/3469 3862/3592/3468
f 4000/3560/3437 4139/3561/3438 4140/3594/3470 4001/3593/3469
f 4139/3561/3438 4278/3562/3439 4279/3595/3471 4140/3594/3470
f 4278/3562/3439 4417/3563/3440 4418/3596/3472 4279/3595/3471
f 4417/3563/3440 108/3564/3410 109/3597/3442 4418/3596/3472
f 109/3566/3442 248/3565/3441 249/3598/3473 110/3599/3474
f 248/3565/3441 387/3567/3443 388/3600/3475 249/3598/3473
f 387/3567/3443 526/3568/3444 527/3601/3476 388/3600/3475
f 526/3568/3444 665/3569/3445 666/3602/3477 527/3601/3476
f 665/3569/3445 804/3570/3446 805/3603/3478 666/3602/3477
f 804/3570/3446 943/3571/3447 944/3604/3479 805/3603/3478
f 943/3571/3447 1082/3572/3448 1083/3605/3480 944/3604/3479
f 1082/3572/3448 1221/3573/3449 1222/3606/3481 1083/3605/3480
f 1221/3573/3449 1360/3574/3450 1361/3607/3482 1222/3606/3481
f 1360/3574/3450 1499/3575/3451 1500/3608/3483 1361/3607/3482
f 1499/3575/3451 1638/3576/3452 1639/3609/3484 1500/3608/3483
f 1638/3576/3452 1777/3577/3453 1778/3610/3485 1639/3609/3484
f 1777/3577/3453 1916/3578/3454 1917/3611/3486 1778/3610/3485
f 1916/3578/3454 2055/3579/3455 2056/3612/3487 1917/3611/3486
f 2055/3579/3455 2194/3580/3456 2195/3613/3488 2056/3612/3487
f 2194/3580/3456 2333/3581/3457 2334/3614/3489 2195/3613/3488
f 2333/3581/3457 2472/3582/3458 2473/3615/3490 2334/3614/3489
f 2472/3582/3458 2611/3583/3459 2612/3616/3491 2473/3615/3490
f 2611/3583/3459 2750/3584/3460 2751/3617/3492 2612/3616/3491
f 2750/3584/3460 2889/3585/3461 2890/3618/3493 2751/3617/3492
f 2889/3585/3461 3028/3586/3462 3029/3619/3494 2890/3618/3493
f 3028/3586/3462 3167/3587/3463 3168/3620/3495 3029/3619/3494
f 3167/3587/3463 3306/3588/3464 3307/3621/3496 3168/3620/3495
f 3306/3588/3464 3445/3589/3465 3446/3622/3497 3307/3621/3496
f 3445/3589/3465 3584/3590/3466 3585/3623/3498 3446/3622/3497
f 3584/3590/3466 3723/3591/3467 3724/3624/3499 3585/3623/3498
f 3723/3591/3467 3862/3592/3468 3863/3625/3500 3724/3624/3499
f 3862/3592/3468 4001/3593/3469 4002/3626/3501 3863/3625/3500
f 4001/3593/3469 4140/3594/3470 4141/3627/3502 4002/3626/3501
f 4140/3594/3470 4279/3595/3471 4280/3628/3503 4141/3627/3502
f 4279/3595/3471 4418/3596/3472 4419/3629/3504 4280/3628/3503
f 4418/3596/3472 109/3597/3442 110/3630/3474 4419/3629/3504
f 110/3599/3474 249/3598/3473 250/3631/3505 111/3632/3506
f 249/3598/3473 388/3600/3475 389/3633/3507 250/3631/3505
f 388/3600/3475 527/3601/3476 528/3634/3508 389/3633/3507
f 527/3601/3476 666/3602/3477 667/3635/3509 528/3634/3508
f 666/3602/3477 805/3603/3478 806/3636/3510 667/3635/3509
f 805/3603/3478 944/3604/3479 945/3637/3511 806/3636/3510
f 944/3604/3479 1083/3605/3480 1084/3638/3512 945/3637/3511
f 1083/3605/3480 1222/3606/3481 1223/3639/3513 1084/3638/3512
f 1222/3606/3481 1361/3607/3482 1362/3640/3514 1223/3639/3513
f 1361/3607/3482 1500/3608/3483 1501/3641/3515 1362/3640/3514
f 1500/3608/3483 1639/3609/3484 1640/3642/3516 1501/3641/3515
f 1639/3609/3484 1778/3610/3485 1779/3643/3517 1640/3642/3516
f 1778/3610/3485 1917/3611/3486 1918/3644/3518 1779/3643/3517
f 1917/3611/3486 2056/3612/3487 2057/3645/3519 1918/3644/3518
f 2056/3612/3487 2195/3613/3488 2196/3646/3520 2057/3645/3519
f 2195/3613/3488 2334/3614/3489 2335/3647/3521 2196/3646/3520
f 2334/3614/3489 2473/3615/3490 2474/3648/3522 2335/3647/3521
f 2473/3615/3490 2612/3616/3491 2613/3649/3523 2474/3648/3522
f 2612/3616/3491 2751/3617/3492 2752/3650/3524 2613/3649/3523
f 2751/3617/3492 2890/3618/3493 2891/3651/3525 2752/3650/3524
f 2890/3618/3493 3029/3619/3494 3030/3652/3526 2891/3651/3525
f 3029/3619/3494 3168/3620/3495 3169/3653/3527 3030/3652/3526
f 3168/3620/3495 3307/3621/3496 3308/3654/3528 3169/3653/3527
f 3307/3621/3496 3446/3622/3497 3447/3655/3529 3308/3654/3528
f 3446/3622/3497 3585/3623/3498 3586/3656/3530 3447/3655/3529
f 3585/3623/3498 3724/3624/3499 3725/3657/3531 3586/3656/3530
f 3724/3624/3499 3863/3625/3500 3864/3658/3532 3725/3657/3531
f 3863/3625/3500 4002/3626/3501 4003/3659/3533 3864/3658/3532
f 4002/3626/3501 4141/3627/3502 4142/3660/3534 4003/3659/3533
f 4141/3627/3502 4280/3628/3503 4281/3661/3535 4142/3660/3534
f 4280/3628/3503 4419/3629/3504 4420/3662/3536 4281/3661/3535
f 4419/3629/3504 110/3630/3474 111/3663/3506 4420/3662/3536
f 111/3632/3506 250/3631/3505 251/3664/3537 112/3665/3538
f 250/3631/3505 389/3633/3507 390/3666/3539 251/3664/3537
f 389/3633/3507 528/3634/3508 529/3667/3540 390/3666/3539
f 528/3634/3508 667/3635/3509 668/3668/3541 529/3667/3540
f 667/3635/3509 806/3636/3510 807/3669/3542 668/3668/3541
f 806/3636/3510 945/3637/3511 946/3670/3543 807/3669/3542
f 945/3637/3511 1084/3638/3512 1085/3671/3544 946/3670/3543
f 1084/3638/3512 1223/3639/3513 1224/3672/3545 1085/3671/3544
f 1223/3639/3513 1362/3640/3514 1363/3673/3546 1224/3672/3545
f 1362/3640/3514 1501/3641/3515 1502/3674/3547 1363/3673/3546
f 1501/3641/3515 1640/3642/3516 1641/3675/3548 1502/3674/3547
f 1640/3642/3516 1779/3643/3517 1780/3676/3549 1641/3675/3548
f 1779/3643/3517 1918/3644/3518 1919/3677/3550 1780/3676/3549
f 1918/3644/3518 2057/3645/3519 2058/3678/3551 1919/3677/3550
f 2057/3645/3519 2196/3646/3520 2197/3679/3552 2058/3678/3551
f 2196/3646/3520 2335/3647/3521 2336/3680/3553 2197/3679/3552
f 2335/3647/3521 2474/3648/3522 2475/3681/3554 2336/3680/3553
f 2474/3648/3522 2613/3649/3523 2614/3682/3555 2475/3681/3554
f 2613/3649/3523 2752/3650/3524 2753/3683/3556 2614/3682/3555
f 2752/3650/3524 2891/3651/3525 2892/3684/3557 2753/3683/3556
f 2891/3651/3525 3030/3652/3526 3031/3685/3558 2892/3684/3557
f 3030/3652/3526 3169/3653/3527 3170/3686/3559 3031/3685/3558
f 3169/3653/3527 3308/3654/3528 3309/3687/3560 3170/3686/3559
f 3308/3654/3528 3447/3655/3529 3448/3688/3561 3309/3687/3560
f 3447/3655/3529 3586/3656/3530 3587/3689/3562 3448/3688/3561
f 3586/3656/3530 3725/3657/3531 3726/3690/3563 3587/3689/3562
f 3725/3657/3531 3864/3658/3532 3865/3691/3564 3726/3690/3563
f 3864/3658/3532 4003/3659/3533 4004/3692/3565 3865/3691/3564
f 4003/3659/3533 4142/3660/3534 4143/3693/3566 4004/3692/3565
f 4142/3660/3534 4281/3661/3535 4282/3694/3567 4143/3693/3566
f 4281/3661/3535 4420/3662/3536 4421/3695/3568 4282/3694/3567
f 4420/3662/3536 111/3663/3506 112/3696/3538 4421/3695/3568
f 112/3665/3538 251/3664/3537 252/3697/3569 113/3698/3570
f 251/3664/3537 390/3666/3539 391/3699/3571 252/3697/3569
f 390/3666/3539 529/3667/3540 530/3700/3572 391/3699/3571
f 529/3667/3540 668/3668/3541 669/3701/3573 530/3700/3572
f 668/3668/3541 807/3669/3542 808/3702/3574 669/3701/3573
f 807/3669/3542 946/3670/3543 947/3703/3575 808/3702/3574
f 946/3670/3543 1085/3671/3544 1086/3704/3576 947/3703/3575
f 1085/3671/3544 1224/3672/3545 1225/3705/3577 1086/3704/3576
f 1224/3672/3545 1363/3673/3546 1364/3706/3578 1225/3705/3577
f 1363/3673/3546 1502/3674/3547 1503/3707/3579 1364/3706/3578
f 1502/3674/3547 1641/3675/3548 1642/3708/3580 1503/3707/3579
f 1641/3675/3548 1780/3676/3549 1781/3709/3581 1642/3708/3580
f 1780/3676/3549 1919/3677/3550 1920/3710/3582 1781/3709/3581
f 1919/3677/3550 2058/3678/3551 2059/3711/3583 1920/3710/3582
f 2058/3678/3551 2197/3679/3552 2198/3712/3584 2059/3711/3583
f 2197/3679/3552 2336/3680/3553 2337/3713/3585 2198/3712/3584
f 2336/3680/3553 2475/3681/3554 2476/3714/3586 2337/3713/3585
f 2475/3681/3554 2614/3682/3555 2615/3715/3587 2476/3714/3586
f 2614/3682/3555 2753/3683/3556 2754/3716/3588 2615/3715/3587
f 2753/3683/3556 2892/3684/3557 2893/3717/3589 2754/3716/3588
f 2892/3684/3557 3031/3685/3558 3032/3718/3590 2893/3717/3589
f 3031/3685/3558 3170/3686/3559 3171/3719/3591 3032/3718/3590
f 3170/3686/3559 3309/3687/3560 3310/3720/3592 3171/3719/3591
f 3309/3687/3560 3448/3688/3561 3449/3721/3593 3310/3720/3592
f 3448/3688/3561 3587/3689/3562 3588/3722/3594 3449/3721/3593
f 3587/3689/3562 3726/3690/3563 3727/3723/3595 3588/3722/3594
f 3726/3690/3563 3865/3691/3564 3866/3724/3596 3727/3723/3595
f 3865/3691/3564 4004/3692/3565 4005/3725/3597 3866/3724/3596
f 4004/3692/3565 4143/3693/3566 4144/3726/3598 4005/3725/3597
f 4143/3693/3566 4282/3694/3567 4283/3727/3599 4144/3726/3598
f 4282/3694/3567 4421/3695/3568 4422/3728/3600 4283/3727/3599
f 4421/3695/3568 112/3696/3538 113/3729/3570 4422/3728/3600
f 113/3698/3570 252/3697/3569 253/3730/3601 114/3731/3602
f 252/3697/3569 391/3699/3571 392/3732/3603 253/3730/3601
f 391/3699/3571 530/3700/3572 531/3733/3604 392/3732/3603
f 530/3700/3572 669/3701/3573 670/3734/3605 531/3733/3604
f 669/3701/3573 808/3702/3574 809/3735/3606 670/3734/3605
f 808/3702/3574 947/3703/3575 948/3736/3607 809/3735/3606
f 947/3703/3575 1086/3704/3576 1087/3737/3608 948/3736/3607
f 1086/3704/3576 1225/3705/3577 1226/3738/3609 1087/3737/3608
f 1225/3705/3577 1364/3706/3578 1365/3739/3610 1226/3738/3609
f 1364/3706/3578 1503/3707/3579 1504/3740/3611 1365/3739/3610
f 1503/3707/3579 1642/3708/3580 1643/3741/3612 1504/3740/3611
f 1642/3708/3580 1781/3709/3581 1782/3742/3613 1643/3741/3612
f 1781/3709/3581 1920/3710/3582 1921/3743/3614 1782/3742/3613
f 1920/3710/3582 2059/3711/3583 2060/3744/3615 1921/3743/3614
f 2059/3711/3583 2198/3712/3584 2199/3745/3616 2060/3744/3615
f 2198/3712/3584 2337/3713/3585 2338/3746/3617 2199/3745/3616
f 2337/3713/3585 2476/3714/3586 2477/3747/3618 2338/3746/3617
f 2476/3714/3586 2615/3715/3587 2616/3748/3619 2477/3747/3618
f 2615/3715/3587 2754/3716/3588 2755/3749/3620 2616/3748/3619
f 2754/3716/3588 2893/3717/3589 2894/3750/3621 2755/3749/3620
f 2893/3717/3589 3032/3718/3590 3033/3751/3622 2894/3750/3621
f 3032/3718/3590 3171/3719/3591 3172/3752/3623 3033/3751/3622
f 3171/3719/3591 3310/3720/3592 3311/3753/3624 3172/3752/3623
f 3310/3720/3592 3449/3721/3593 3450/3754/3625 3311/3753/3624
f 3449/3721/3593 3588/3722/3594 3589/3755/3626 3450/3754/3625
f 3588/3722/3594 3727/3723/3595 3728/3756/3627 3589/3755/3626
f 3727/3723/3595 3866/3724/3596 3867/3757/3628 3728/3756/3627
f 3866/3724/3596 4005/3725/3597 4006/3758/3629 3867/3757/3628
f 4005/3725/3597 4144/3726/3598 4145/3759/3630 4006/3758/3629
f 4144/3726/3598 4283/3727/3599 4284/3760/3631 4145/3759/3630
f 4283/3727/3599 4422/3728/3600 4423/3761/3632 4284/3760/3631
f 4422/3728/3600 113/3729/3570 114/3762/3602 4423/3761/3632
f 253/3730/3601 392/3732/3603 393/3763/3633 254/3764/3634
f 392/3732/3603 531/3733/3604 532/3765/3635 393/3763/3633
f 531/3733/3604 670/3734/3605 671/3766/3636 532/3765/3635
f 670/3734/3605 809/3735/3606 810/3767/3637 671/3766/3636
f 809/3735/3606 948/3736/3607 949/3768/3638 810/3767/3637
f 948/3736/3607 1087/3737/3608 1088/3769/3639 949/3768/3638
f 1087/3737/3608 1226/3738/3609 1227/3770/3640 1088/3769/3639
f 1226/3738/3609 1365/3739/3610 1366/3771/3641 1227/3770/3640
f 1365/3739/3610 1504/3740/3611 1505/3772/3642 1366/3771/3641
f 1504/3740/3611 1643/3741/3612 1644/3773/3643 1505/3772/3642
f 1643/3741/3612 1782/3742/3613 1783/3774/3644 1644/3773/3643
f 1782/3742/3613 1921/3743/3614 1922/3775/3645 1783/3774/3644
f 1921/3743/3614 2060/3744/3615 2061/3776/3646 1922/3775/3645
f 2060/3744/3615 2199/3745/3616 2200/3777/3647 2061/3776/3646
f 2199/3745/3616 2338/3746/3617 2339/3778/3648 2200/3777/3647
f 2338/3746/3617 2477/3747/3618 2478/3779/3649 2339/3778/3648
f 2477/3747/3618 2616/3748/3619 2617/3780/3650 2478/3779/3649
f 2616/3748/3619 2755/3749/3620 2756/3781/3651 2617/3780/3650
f 2755/3749/3620 2894/3750/3621 2895/3782/3652 2756/3781/3651
f 2894/3750/3621 3033/3751/3622 3034/3783/3653 2895/3782/3652
f 3033/3751/3622 3172/3752/3623 3173/3784/3654 3034/3783/3653
f 3172/3752/3623 3311/3753/3624 3312/3785/3655 3173/3784/3654
f 3311/3753/3624 3450/3754/3625 3451/3786/3656 3312/3785/3655
f 3450/3754/3625 3589/3755/3626 3590/3787/3657 3451/3786/3656
f 3589/3755/3626 3728/3756/3627 3729/3788/3658 3590/3787/3657
f 3728/3756/3627 3867/3757/3628 3868/3789/3659 3729/3788/3658
f 3867/3757/3628 4006/3758/3629 4007/3790/3660 3868/3789/3659
f 4006/3758/3629 4145/3759/3630 4146/3791/3661 4007/3790/3660
f 4145/3759/3630 4284/3760/3631 4285/3792/3662 4146/3791/3661
f 4284/3760/3631 4423/3761/3632 4424/3793/3663 4285/3792/3662
f 4423/3761/3632 114/3762/3602 115/3794/3664 4424/3793/3663
f 114/3731/3602 253/3730/3601 254/3764/3634 115/3795/3664
f 115/3795/3664 254/3764/3634 255/3796/3665 116/3797/3666
f 254/3764/3634 393/3763/3633 394/3798/3667 255/3796/3665
f 393/3763/3633 532/3765/3635 533/3799/3668 394/3798/3667
f 532/3765/3635 671/3766/3636 672/3800/3669 533/3799/3668
f 671/3766/3636 810/3767/3637 811/3801/3670 672/3800/3669
f 810/3767/3637 949/3768/3638 950/3802/3671 811/3801/3670
f 949/3768/3638 1088/3769/3639 1089/3803/3672 950/3802/3671
f 1088/3769/3639 1227/3770/3640 1228/3804/3673 1089/3803/3672
f 1227/3770/3640 1366/3771/3641 1367/3805/3674 1228/3804/3673
f 1366/3771/3641 1505/3772/3642 1506/3806/3675 1367/3805/3674
f 1505/3772/3642 1644/3773/3643 1645/3807/3676 1506/3806/3675
f 1644/3773/3643 1783/3774/3644 1784/3808/3677 1645/3807/3676
f 1783/3774/3644 1922/3775/3645 1923/3809/3678 1784/3808/3677
f 1922/3775/3645 2061/3776/3646 2062/3810/3679 1923/3809/3678
f 2061/3776/3646 2200/3777/3647 2201/3811/3680 2062/3810/3679
f 2200/3777/3647 2339/3778/3648 2340/3812/3681 2201/3811/3680
f 2339/3778/3648 2478/3779/3649 2479/3813/3682 2340/3812/3681
f 2478/3779/3649 2617/3780/3650 2618/3814/3683 2479/3813/3682
f 2617/3780/3650 2756/3781/3651 2757/3815/3684 2618/3814/3683
f 2756/3781/3651 2895/3782/3652 2896/3816/3685 2757/3815/3684
f 2895/3782/3652 3034/3783/3653 3035/3817/3686 2896/3816/3685
f 3034/3783/3653 3173/3784/3654 3174/3818/3687 3035/3817/3686
f 3173/3784/3654 3312/3785/3655 3313/3819/3688 3174/3818/3687
f 3312/3785/3655 3451/3786/3656 3452/3820/3689 3313/3819/3688
f 3451/3786/3656 3590/3787/3657 3591/3821/3690 3452/3820/3689
f 3590/3787/3657 3729/3788/3658 3730/3822/3691 3591/3821/3690
f 3729/3788/3658 3868/3789/3659 3869/3823/3692 3730/3822/3691
f 3868/3789/3659 4007/3790/3660 4008/3824/3693 3869/3823/3692
f 4007/3790/3660 4146/3791/3661 4147/3825/3694 4008/3824/3693
f 4146/3791/3661 4285/3792/3662 4286/3826/3695 4147/3825/3694
f 4285/3792/3662 4424/3793/3663 4425/3827/3696 4286/3826/3695
f 4424/3793/3663 115/3794/3664 116/3828/3666 4425/3827/3696
f 116/3797/3666 255/3796/3665 256/3829/3697 117/3830/3698
f 255/3796/3665 394/3798/3667 395/3831/3699 256/3829/3697
f 394/3798/3667 533/3799/3668 534/3832/3700 395/3831/3699
f 533/3799/3668 672/3800/3669 673/3833/3701 534/3832/3700
f 672/3800/3669 811/3801/3670 812/3834/3702 673/3833/3701
f 811/3801/3670 950/3802/3671 951/3835/3703 812/3834/3702
f 950/3802/3671 1089/3803/3672 1090/3836/3704 951/3835/3703
f 1089/3803/3672 1228/3804/3673 1229/3837/3705 1090/3836/3704
f 1228/3804/3673 1367/3805/3674 1368/3838/3706 1229/3837/3705
f 1367/3805/3674 1506/3806/3675 1507/3839/3707 1368/3838/3706
f 1506/3806/3675 1645/3807/3676 1646/3840/3708 1507/3839/3707
f 1645/3807/3676 1784/3808/3677 1785/3841/3709 1646/3840/3708
f 1784/3808/3677 1923/3809/3678 1924/3842/3710 1785/3841/3709
f 1923/3809/3678 2062/3810/3679 2063/3843/3711 1924/3842/3710
f 2062/3810/3679 2201/3811/3680 2202/3844/3712 2063/3843/3711
f 2201/3811/3680 2340/3812/3681 2341/3845/3713 2202/3844/3712
f 2340/3812/3681 2479/3813/3682 2480/3846/3714 2341/3845/3713
f 2479/3813/3682 2618/3814/3683 2619/3847/3715 2480/3846/3714
f 2618/3814/3683 2757/3815/3684 2758/3848/3716 2619/3847/3715
f 2757/3815/3684 2896/3816/3685 2897/3849/3717 2758/3848/3716
f 2896/3816/3685 3035/3817/3686 3036/3850/3718 2897/3849/3717
f 3035/3817/3686 3174/3818/3687 3175/3851/3719 3036/3850/3718
f 3174/3818/3687 3313/3819/3688 3314/3852/3720 3175/3851/3719
f 3313/3819/3688 3452/3820/3689 3453/3853/3721 3314/3852/3720
f 3452/3820/3689 3591/3821/3690 3592/3854/3722 3453/3853/3721
f 3591/3821/3690 3730/3822/3691 3731/3855/3723 3592/3854/3722
f 3730/3822/3691 3869/3823/3692 3870/3856/3724 3731/3855/3723
f 3869/3823/3692 4008/3824/3693 4009/3857/3725 3870/3856/3724
f 4008/3824/3693 4147/3825/3694 4148/3858/3726 4009/3857/3725
f 4147/3825/3694 4286/3826/3695 4287/3859/3727 4148/3858/3726
f 4286/3826/3695 4425/3827/3696 4426/3860/3728 4287/3859/3727
f 4425/3827/3696 116/3828/3666 117/3861/3698 4426/3860/3728
f 117/3830/3698 256/3829/3697 257/3862/3729 118/3863/3730
f 256/3829/3697 395/3831/3699 396/3864/3731 257/3862/3729
f 395/3831/3699 534/3832/3700 535/3865/3732 396/3864/3731
f 534/3832/3700 673/3833/3701 674/3866/3733 535/3865/3732
f 673/3833/3701 812/3834/3702 813/3867/3734 674/3866/3733
f 812/3834/3702 951/3835/3703 952/3868/3735 813/3867/3734
f 951/3835/3703 1090/3836/3704 1091/3869/3736 952/3868/3735
f 1090/3836/3704 1229/3837/3705 1230/3870/3737 1091/3869/3736
f 1229/3837/3705 1368/3838/3706 1369/3871/3738 1230/3870/3737
f 1368/3838/3706 1507/3839/3707 1508/3872/3739 1369/3871/3738
f 1507/3839/3707 1646/3840/3708 1647/3873/3740 1508/3872/3739
f 1646/3840/3708 1785/3841/3709 1786/3874/3741 1647/3873/3740
f 1785/3841/3709 1924/3842/3710 1925/3875/3742 1786/3874/3741
f 1924/3842/3710 2063/3843/3711 2064/3876/3743 1925/3875/3742
f 2063/3843/3711 2202/3844/3712 2203/3877/3744 2064/3876/3743
f 2202/3844/3712 2341/3845/3713 2342/3878/3745 2203/3877/3744
f 2341/3845/3713 2480/3846/3714 2481/3879/3746 2342/3878/3745
f 2480/3846/3714 2619/3847/3715 2620/3880/3747 2481/3879/3746
f 2619/3847/3715 2758/3848/3716 2759/3881/3748 2620/3880/3747
f 2758/3848/3716 2897/3849/3717 2898/3882/3749 2759/3881/3748
f 2897/3849/3717 3036/3850/3718 3037/3883/3750 2898/3882/3749
f 3036/3850/3718 3175/3851/3719 3176/3884/3751 3037/3883/3750
f 3175/3851/3719 3314/3852/3720 3315/3885/3752 3176/3884/3751
f 3314/3852/3720 3453/3853/3721 3454/3886/3753 3315/3885/3752
f 3453/3853/3721 3592/3854/3722 3593/3887/3754 3454/3886/3753
f 3592/3854/3722 3731/3855/3723 3732/3888/3755 3593/3887/3754
f 3731/3855/3723 3870/3856/3724 3871/3889/3756 3732/3888/3755
f 3870/3856/3724 4009/3857/3725 4010/3890/3757 3871/3889/3756
f 4009/3857/3725 4148/3858/3726 4149/3891/3758 4010/3890/3757
f 4148/3858/3726 4287/3859/3727 4288/3892/3759 4149/3891/3758
f 4287/3859/3727 4426/3860/3728 4427/3893/3760 4288/3892/3759
f 4426/3860/3728 117/3861/3698 118/3894/3730 4427/3893/3760
f 118/3863/3730 257/3862/3729 258/3895/3761 119/3896/3762
f 257/3862/3729 396/3864/3731 397/3897/3763 258/3895/3761
f 396/3864/3731 535/3865/3732 536/3898/3764 397/3897/3763
f 535/3865/3732 674/3866/3733 675/3899/3765 536/3898/3764
f 674/3866/3733 813/3867/3734 814/3900/3766 675/3899/3765
f 813/3867/3734 952/3868/3735 953/3901/3767 814/3900/3766
f 952/3868/3735 1091/3869/3736 1092/3902/3768 953/3901/3767
f 1091/3869/3736 1230/3870/3737 1231/3903/3769 1092/3902/3768
f 1230/3870/3737 1369/3871/3738 1370/3904/3770 1231/3903/3769
f 1369/3871/3738 1508/3872/3739 1509/3905/3771 1370/3904/3770
f 1508/3872/3739 1647/3873/3740 1648/3906/3772 1509/3905/3771
f 1647/3873/3740 1786/3874/3741 1787/3907/3773 1648/3906/3772
f 1786/3874/3741 1925/3875/3742 1926/3908/3774 1787/3907/3773
f 1925/3875/3742 2064/3876/3743 2065/3909/3775 1926/3908/3774
f 2064/3876/3743 2203/3877/3744 2204/3910/3776 2065/3909/3775
f 2203/3877/3744 2342/3878/3745 2343/3911/3777 2204/3910/3776
f 2342/3878/3745 2481/3879/3746 2482/3912/3778 2343/3911/3777
f 2481/3879/3746 2620/3880/3747 2621/3913/3779 2482/3912/3778
f 2620/3880/3747 2759/3881/3748 2760/3914/3780 2621/3913/3779
f 2759/3881/3748 2898/3882/3749 2899/3915/3781 2760/3914/3780
f 2898/3882/3749 3037/3883/3750 3038/3916/3782 2899/3915/3781
f 3037/3883/3750 3176/3884/3751 3177/3917/3783 3038/3916/3782
f 3176/3884/3751 3315/3885/3752 3316/3918/3784 3177/3917/3783
f 3315/3885/3752 3454/3886/3753 3455/3919/3785 3316/3918/3784
f 3454/3886/3753 3593/3887/3754 3594/3920/3786 3455/3919/3785
f 3593/3887/3754 3732/3888/3755 3733/3921/3787 3594/3920/3786
f 3732/3888/3755 3871/3889/3756 3872/3922/3788 3733/3921/3787
f 3871/3889/3756 4010/3890/3757 4011/3923/3789 3872/3922/3788
f 4010/3890/3757 4149/3891/3758 4150/3924/3790 4011/3923/3789
f 4149/3891/3758 4288/3892/3759 4289/3925/3791 4150/3924/3790
f 4288/3892/3759 4427/3893/3760 4428/3926/3792 4289/3925/3791
f 4427/3893/3760 118/3894/3730 119/3927/3762 4428/3926/3792
f 119/3896/3762 258/3895/3761 259/3928/3793 120/3929/3794
f 258/3895/3761 397/3897/3763 398/3930/3795 259/3928/3793
f 397/3897/3763 536/3898/3764 537/3931/3796 398/3930/3795
f 536/3898/3764 675/3899/3765 676/3932/3797 537/3931/3796
f 675/3899/3765 814/3900/3766 815/3933/3798 676/3932/3797
f 814/3900/3766 953/3901/3767 954/3934/3799 815/3933/3798
f 953/3901/3767 1092/3902/3768 1093/3935/3800 954/3934/3799
f 1092/3902/3768 1231/3903/3769 1232/3936/3801 1093/3935/3800
f 1231/3903/3769 1370/3904/3770 1371/3937/3802 1232/3936/3801
f 1370/3904/3770 1509/3905/3771 1510/3938/3803 1371/3937/3802
f 1509/3905/3771 1648/3906/3772 1649/3939/3804 1510/3938/3803
f 1648/3906/3772 1787/3907/3773 1788/3940/3805 1649/3939/3804
f 1787/3907/3773 1926/3908/3774 1927/3941/3806 1788/3940/3805
f 1926/3908/3774 2065/3909/3775 2066/3942/3807 1927/3941/3806
f 2065/3909/3775 2204/3910/3776 2205/3943/3808 2066/3942/3807
f 2204/3910/3776 2343/3911/3777 2344/3944/3809 2205/3943/3808
f 2343/3911/3777 2482/3912/3778 2483/3945/3810 2344/3944/3809
f 2482/3912/3778 2621/3913/3779 2622/3946/3811 2483/3945/3810
f 2621/3913/3779 2760/3914/3780 2761/3947/3812 2622/3946/3811
f 2760/3914/3780 2899/3915/3781 2900/3948/3813 2761/3947/3812
f 2899/3915/3781 3038/3916/3782 3039/3949/3814 2900/3948/3813
f 3038/3916/3782 3177/3917/3783 3178/3950/3815 3039/3949/3814
f 3177/3917/3783 3316/3918/3784 3317/3951/3816 3178/3950/3815
f 3316/3918/3784 3455/3919/3785 3456/3952/3817 3317/3951/3816
f 3455/3919/3785 3594/3920/3786 3595/3953/3818 3456/3952/3817
f 3594/3920/3786 3733/3921/3787 3734/3954/3819 3595/3953/3818
f 3733/3921/3787 3872/3922/3788 3873/3955/3820 3734/3954/3819
f 3872/3922/3788 4011/3923/3789 4012/3956/3821 3873/3955/3820
f 4011/3923/3789 4150/3924/3790 4151/3957/3822 4012/3956/3821
f 4150/3924/3790 4289/3925/3791 4290/3958/3823 4151/3957/3822
f 4289/3925/3791 4428/3926/3792 4429/3959/3824 4290/3958/3823
f 4428/3926/3792 119/3927/3762 120/3960/3794 4429/3959/3824
f 120/3929/3794 259/3928/3793 260/3961/3825 121/3962/3826
f 259/3928/3793 398/3930/3795 399/3963/3827 260/3961/3825
f 398/3930/3795 537/3931/3796 538/3964/3828 399/3963/3827
f 537/3931/3796 676/3932/3797 677/3965/3829 538/3964/3828
f 676/3932/3797 815/3933/3798 816/3966/3830 677/3965/3829
f 815/3933/3798 954/3934/3799 955/3967/3831 816/3966/3830
f 954/3934/3799 1093/3935/3800 1094/3968/3832 955/3967/3831
f 1093/3935/3800 1232/3936/3801 1233/3969/3833 1094/3968/3832
f 1232/3936/3801 1371/3937/3802 1372/3970/3834 1233/3969/3833
f 1371/3937/3802 1510/3938/3803 1511/3971/3835 1372/3970/3834
f 1510/3938/3803 1649/3939/3804 1650/3972/3836 1511/3971/3835
f 1649/3939/3804 1788/3940/3805 1789/3973/3837 1650/3972/3836
f 1788/3940/3805 1927/3941/3806 1928/3974/3838 1789/3973/3837
f 1927/3941/3806 2066/3942/3807 2067/3975/3839 1928/3974/3838
f 2066/3942/3807 2205/3943/3808 2206/3976/3840 2067/3975/3839
f 2205/3943/3808 2344/3944/3809 2345/3977/3841 2206/3976/3840
f 2344/3944/3809 2483/3945/3810 2484/3978/3842 2345/3977/3841
f 2483/3945/3810 2622/3946/3811 2623/3979/3843 2484/3978/3842
f 2622/3946/3811 2761/3947/3812 2762/3980/3844 2623/3979/3843
f 2761/3947/3812 2900/3948/3813 2901/3981/3845 2762/3980/3844
f 2900/3948/3813 3039/3949/3814 3040/3982/3846 2901/3981/3845
f 3039/3949/3814 3178/3950/3815 3179/3983/3847 3040/3982/3846
f 3178/3950/3815 3317/3951/3816 3318/3984/3848 3179/3983/3847
f 3317/3951/3816 3456/3952/3817 3457/3985/3849 3318/3984/3848
f 3456/3952/3817 3595/3953/3818 3596/3986/3850 3457/3985/3849
f 3595/3953/3818 3734/3954/3819 3735/3987/3851 3596/3986/3850
f 3734/3954/3819 3873/3955/3820 3874/3988/3852 3735/3987/3851
f 3873/3955/3820 4012/3956/3821 4013/3989/3853 3874/3988/3852
f 4012/3956/3821 4151/3957/3822 4152/3990/3854 4013/3989/3853
f 4151/3957/3822 4290/3958/3823 4291/3991/3855 4152/3990/3854
f 4290/3958/3823 4429/3959/3824 4430/3992/3856 4291/3991/3855
f 4429/3959/3824 120/3960/3794 121/3993/3826 4430/3992/3856
f 121/3962/3826 260/3961/3825 261/3994/3857 122/3995/3858
f 260/3961/3825 399/3963/3827 400/3996/3859 261/3994/3857
f 399/3963/3827 538/3964/3828 539/3997/3860 400/3996/3859
f 538/3964/3828 677/3965/3829 678/3998/3861 539/3997/3860
f 677/3965/3829 816/3966/3830 817/3999/3862 678/3998/3861
f 816/3966/3830 955/3967/3831 956/4000/3863 817/3999/3862
f 955/3967/3831 1094/3968/3832 1095/4001/3864 956/4000/3863
f 1094/3968/3832 1233/3969/3833 1234/4002/3865 1095/4001/3864
f 1233/3969/3833 1372/3970/3834 1373/4003/3866 1234/4002/3865
f 1372/3970/3834 1511/3971/3835 1512/4004/3867 1373/4003/3866
f 1511/3971/3835 1650/3972/3836 1651/4005/3868 1512/4004/3867
f 1650/3972/3836 1789/3973/3837 1790/4006/3869 1651/4005/3868
f 1789/3973/3837 1928/3974/3838 1929/4007/3870 1790/4006/3869
f 1928/3974/3838 2067/3975/3839 2068/4008/3871 1929/4007/3870
f 2067/3975/3839 2206/3976/3840 2207/4009/3872 2068/4008/3871
f 2206/3976/3840 2345/3977/3841 2346/4010/3873 2207/4009/3872
f 2345/3977/3841 2484/3978/3842 2485/4011/3874 2346/4010/3873
f 2484/3978/3842 2623/3979/3843 2624/4012/3875 2485/4011/3874
f 2623/3979/3843 2762/3980/3844 2763/4013/3876 2624/4012/3875
f 2762/3980/3844 2901/3981/3845 2902/4014/3877 2763/4013/3876
f 2901/3981/3845 3040/3982/3846 3041/4015/3878 2902/4014/3877
f 3040/3982/3846 3179/3983/3847 3180/4016/3879 3041/4015/3878
f 3179/3983/3847 3318/3984/3848 3319/4017/3880 3180/4016/3879
f 3318/3984/3848 3457/3985/3849 3458/4018/3881 3319/4017/3880
f 3457/3985/3849 3596/3986/3850 3597/4019/3882 3458/4018/3881
f 3596/3986/3850 3735/3987/3851 3736/4020/3883 3597/4019/3882
f 3735/3987/3851 3874/3988/3852 3875/4021/3884 3736/4020/3883
f 3874/3988/3852 4013/3989/3853 4014/4022/3885 3875/4021/3884
f 4013/3989/3853 4152/3990/3854 4153/4023/3886 4014/4022/3885
f 4152/3990/3854 4291/3991/3855 4292/4024/3887 4153/4023/3886
f 4291/3991/3855 4430/3992/3856 4431/4025/3888 4292/4024/3887
f 4430/3992/3856 121/3993/3826 122/4026/3858 4431/4025/3888
f 122/3995/3858 261/3994/3857 262/4027/3889 123/4028/3890
f 261/3994/3857 400/3996/3859 401/4029/3891 262/4027/3889
f 400/3996/3859 539/3997/3860 540/4030/3892 401/4029/3891
f 539/3997/3860 678/3998/3861 679/4031/3893 540/4030/3892
f 678/3998/3861 817/3999/3862 818/4032/3894 679/4031/3893
f 817/3999/3862 956/4000/3863 957/4033/3895 818/4032/3894
f 956/4000/3863 1095/4001/3864 1096/4034/3896 957/4033/3895
f 1095/4001/3864 1234/4002/3865 1235/4035/3897 1096/4034/3896
f 1234/4002/3865 1373/4003/3866 1374/4036/3898 1235/4035/3897
f 1373/4003/3866 1512/4004/3867 1513/4037/3899 1374/4036/3898
f 1512/4004/3867 1651/4005/3868 1652/4038/3900 1513/4037/3899
f 1651/4005/3868 1790/4006/3869 1791/4039/3901 1652/4038/3900
f 1790/4006/3869 1929/4007/3870 1930/4040/3902 1791/4039/3901
f 1929/4007/3870 2068/4008/3871 2069/4041/3903 1930/4040/3902
f 2068/4008/3871 2207/4009/3872 2208/4042/3904 2069/4041/3903
f 2207/4009/3872 2346/4010/3873 2347/4043/3905 2208/4042/3904
f 2346/4010/3873 2485/4011/3874 2486/4044/3906 2347/4043/3905
f 2485/4011/3874 2624/4012/3875 2625/4045/3907 2486/4044/3906
f 2624/4012/3875 2763/4013/3876 2764/4046/3908 2625/4045/3907
f 2763/4013/3876 2902/4014/3877 2903/4047/3909 2764/4046/3908
f 2902/4014/3877 3041/4015/3878 3042/4048/3910 2903/4047/3909
f 3041/4015/3878 3180/4016/3879 3181/4049/3911 3042/4048/3910
f 3180/4016/3879 3319/4017/3880 3320/4050/3912 3181/4049/3911
f 3319/4017/3880 3458/4018/3881 3459/4051/3913 3320/4050/3912
f 3458/4018/3881 3597/4019/3882 3598/4052/3914 3459/4051/3913
f 3597/4019/3882 3736/4020/3883 3737/4053/3915 3598/4052/3914
f 3736/4020/3883 3875/4021/3884 3876/4054/3916 3737/4053/3915
f 3875/4021/3884 4014/4022/3885 4015/4055/3917 3876/4054/3916
f 4014/4022/3885 4153/4023/3886 4154/4056/3918 4015/4055/3917
f 4153/4023/3886 4292/4024/3887 4293/4057/3919 4154/4056/3918
f 4292/4024/3887 4431/4025/3888 4432/4058/3920 4293/4057/3919
f 4431/4025/3888 122/4026/3858 123/4059/3890 4432/4058/3920
f 123/4028/3890 262/4027/3889 263/4060/3921 124/4061/3922
f 262/4027/3889 401/4029/3891 402/4062/3923 263/4060/3921
f 401/4029/3891 540/4030/3892 541/4063/3924 402/4062/3923
f 540/4030/3892 679/4031/3893 680/4064/3925 541/4063/3924
f 679/4031/3893 818/4032/3894 819/4065/3926 680/4064/3925
f 818/4032/3894 957/4033/3895 958/4066/3927 819/4065/3926
f 957/4033/3895 1096/4034/3896 1097/4067/3928 958/4066/3927
f 1096/4034/3896 1235/4035/3897 1236/4068/3929 1097/4067/3928
f 1235/4035/3897 1374/4036/3898 1375/4069/3930 1236/4068/3929
f 1374/4036/3898 1513/4037/3899 1514/4070/3931 1375/4069/3930
f 1513/4037/3899 1652/4038/3900 1653/4071/3932 1514/4070/3931
f 1652/4038/3900 1791/4039/3901 1792/4072/3933 1653/4071/3932
f 1791/4039/3901 1930/4040/3902 1931/4073/3934 1792/4072/3933
f 1930/4040/3902 2069/4041/3903 2070/4074/3935 1931/4073/3934
f 2069/4041/3903 2208/4042/3904 2209/4075/3936 2070/4074/3935
f 2208/4042/3904 2347/4043/3905 2348/4076/3937 2209/4075/3936
f 2347/4043/3905 2486/4044/3906 2487/4077/3938 2348/4076/3937
f 2486/4044/3906 2625/4045/3907 2626/4078/3939 2487/4077/3938
f 2625/4045/3907 2764/4046/3908 2765/4079/3940 2626/4078/3939
f 2764/4046/3908 2903/4047/3909 2904/4080/3941 2765/4079/3940
f 2903/4047/3909 3042/4048/3910 3043/4081/3942 2904/4080/3941
f 3042/4048/3910 3181/4049/3911 3182/4082/3943 3043/4081/3942
f 3181/4049/3911 3320/4050/3912 3321/4083/3944 3182/4082/3943
f 3320/4050/3912 3459/4051/3913 3460/4084/3945 3321/4083/3944
f 3459/4051/3913 3598/4052/3914 3599/4085/3946 3460/4084/3945
f 3598/4052/3914 3737/4053/3915 3738/4086/3947 3599/4085/3946
f 3737/4053/3915 3876/4054/3916 3877/4087/3948 3738/4086/3947
f 3876/4054/3916 4015/4055/3917 4016/4088/3949 3877/4087/3948
f 4015/4055/3917 4154/4056/3918 4155/4089/3950 4016/4088/3949
f 4154/4056/3918 4293/4057/3919 4294/4090/3951 4155/4089/3950
f 4293/4057/3919 4432/4058/3920 4433/4091/3952 4294/4090/3951
f 4432/4058/3920 123/4059/3890 124/4092/3922 4433/4091/3952
f 124/4061/3922 263/4060/3921 264/4093/3953 125/4094/3954
f 263/4060/3921 402/4062/3923 403/4095/3955 264/4093/3953
f 402/4062/3923 541/4063/3924 542/4096/3956 403/4095/3955
f 541/4063/3924 680/4064/3925 681/4097/3957 542/4096/3956
f 680/4064/3925 819/4065/3926 820/4098/3958 681/4097/3957
f 819/4065/3926 958/4066/3927 959/4099/3959 820/4098/3958
f 958/4066/3927 1097/4067/3928 1098/4100/3960 959/4099/3959
f 1097/4067/3928 1236/4068/3929 1237/4101/3961 1098/4100/3960
f 1236/4068/3929 1375/4069/3930 1376/4102/3962 1237/4101/3961
f 1375/4069/3930 1514/4070/3931 1515/4103/3963 1376/4102/3962
f 1514/4070/3931 1653/4071/3932 1654/4104/3964 1515/4103/3963
f 1653/4071/3932 1792/4072/3933 1793/4105/3965 1654/4104/3964
f 1792/4072/3933 1931/4073/3934 1932/4106/3966 1793/4105/3965
f 1931/4073/3934 2070/4074/3935 2071/4107/3967 1932/4106/3966
f 2070/4074/3935 2209/4075/3936 2210/4108/3968 2071/4107/3967
f 2209/4075/3936 2348/4076/3937 2349/4109/3969 2210/4108/3968
f 2348/4076/3937 2487/4077/3938 2488/4110/3970 2349/4109/3969
f 2487/4077/3938 2626/4078/3939 2627/4111/3971 2488/4110/3970
f 2626/4078/3939 2765/4079/3940 2766/4112/3972 2627/4111/3971
f 2765/4079/3940 2904/4080/3941 2905/4113/3973 2766/4112/3972
f 2904/4080/3941 3043/4081/3942 3044/4114/3974 2905/4113/3973
f 3043/4081/3942 3182/4082/3943 3183/4115/3975 3044/4114/3974
f 3182/4082/3943 3321/4083/3944 3322/4116/3976 3183/4115/3975
f 3321/4083/3944 3460/4084/3945 3461/4117/3977 3322/4116/3976
f 3460/4084/3945 3599/4085/3946 3600/4118/3978 3461/4117/3977
f 3599/4085/3946 3738/4086/3947 3739/4119/3979 3600/4118/3978
f 3738/4086/3947 3877/4087/3948 3878/4120/3980 3739/4119/3979
f 3877/4087/3948 4016/4088/3949 4017/4121/3981 3878/4120/3980
f 4016/4088/3949 4155/4089/3950 4156/4122/3982 4017/4121/3981
f 4155/4089/3950 4294/4090/3951 4295/4123/3983 4156/4122/3982
f 4294/4090/3951 4433/4091/3952 4434/4124/3984 4295/4123/3983
f 4433/4091/3952 124/4092/3922 125/4125/3954 4434/4124/3984
f 125/4094/3954 264/4093/3953 265/4126/3985 126/4127/3986
f 264/4093/3953 403/4095/3955 404/4128/3987 265/4126/3985
f 403/4095/3955 542/4096/3956 543/4129/3988 404/4128/3987
f 542/4096/3956 681/4097/3957 682/4130/3989 543/4129/3988
f 681/4097/3957 820/4098/3958 821/4131/3990 682/4130/3989
f 820/4098/3958 959/4099/3959 960/4132/3991 821/4131/3990
f 959/4099/3959 1098/4100/3960 1099/4133/3992 960/4132/3991
f 1098/4100/3960 1237/4101/3961 1238/4134/3993 1099/4133/3992
f 1237/4101/3961 1376/4102/3962 1377/4135/3994 1238/4134/3993
f 1376/4102/3962 1515/4103/3963 1516/4136/3995 1377/4135/3994
f 1515/4103/3963 1654/4104/3964 1655/4137/3996 1516/4136/3995
f 1654/4104/3964 1793/4105/3965 1794/4138/3997 1655/4137/3996
f 1793/4105/3965 1932/4106/3966 1933/4139/3998 1794/4138/3997
f 1932/4106/3966 2071/4107/3967 2072/4140/3999 1933/4139/3998
f 2071/4107/3967 2210/4108/3968 2211/4141/4000 2072/4140/3999
f 2210/4108/3968 2349/4109/3969 2350/4142/4001 2211/4141/4000
f 2349/4109/3969 2488/4110/3970 2489/4143/4002 2350/4142/4001
f 2488/4110/3970 2627/4111/3971 2628/4144/4003 2489/4143/4002
f 2627/4111/3971 2766/4112/3972 2767/4145/4004 2628/4144/4003
f 2766/4112/3972 2905/4113/3973 2906/4146/4005 2767/4145/4004
f 2905/4113/3973 3044/4114/3974 3045/4147/4006 2906/4146/4005
f 3044/4114/3974 3183/4115/3975 3184/4148/4007 3045/4147/4006
f 3183/4115/3975 3322/4116/3976 3323/4149/4008 3184/4148/4007
f 3322/4116/3976 3461/4117/3977 3462/4150/4009 3323/4149/4008
f 3461/4117/3977 3600/4118/3978 3601/4151/4010 3462/4150/4009
f 3600/4118/3978 3739/4119/3979 3740/4152/4011 3601/4151/4010
f 3739/4119/3979 3878/4120/3980 3879/4153/4012 3740/4152/4011
f 3878/4120/3980 4017/4121/3981 4018/4154/4013 3879/4153/4012
f 4017/4121/3981 4156/4122/3982 4157/4155/4014 4018/4154/4013
f 4156/4122/3982 4295/4123/3983 4296/4156/4015 4157/4155/4014
f 4295/4123/3983 4434/4124/3984 4435/4157/4016 4296/4156/4015
f 4434/4124/3984 125/4125/3954 126/4158/3986 4435/4157/4016
f 126/4127/3986 265/4126/3985 266/4159/4017 127/4160/4018
f 265/4126/3985 404/4128/3987 405/4161/4019 266/4159/4017
f 404/4128/3987 543/4129/3988 544/4162/4020 405/4161/4019
f 543/4129/3988 682/4130/3989 683/4163/4021 544/4162/4020
f 682/4130/3989 821/4131/3990 822/4164/4022 683/4163/4021
f 821/4131/3990 960/4132/3991 961/4165/4023 822/4164/4022
f 960/4132/3991 1099/4133/3992 1100/4166/4024 961/4165/4023
f 1099/4133/3992 1238/4134/3993 1239/4167/4025 1100/4166/4024
f 1238/4134/3993 1377/4135/3994 1378/4168/4026 1239/4167/4025
f 1377/4135/3994 1516/4136/3995 1517/4169/4027 1378/4168/4026
f 1516/4136/3995 1655/4137/3996 1656/4170/4028 1517/4169/4027
f 1655/4137/3996 1794/4138/3997 1795/4171/4029 1656/4170/4028
f 1794/4138/3997 1933/4139/3998 1934/4172/4030 1795/4171/4029
f 1933/4139/3998 2072/4140/3999 2073/4173/4031 1934/4172/4030
f 2072/4140/3999 2211/4141/4000 2212/4174/4032 2073/4173/4031
f 2211/4141/4000 2350/4142/4001 2351/4175/4033 2212/4174/4032
f 2350/4142/4001 2489/4143/4002 2490/4176/4034 2351/4175/4033
f 2489/4143/4002 2628/4144/4003 2629/4177/4035 2490/4176/4034
f 2628/4144/4003 2767/4145/4004 2768/4178/4036 2629/4177/4035
f 2767/4145/4004 2906/4146/4005 2907/4179/4037 2768/4178/4036
f 2906/4146/4005 3045/4147/4006 3046/4180/4038 2907/4179/4037
f 3045/4147/4006 3184/4148/4007 3185/4181/4039 3046/4180/4038
f 3184/4148/4007 3323/4149/4008 3324/4182/4040 3185/4181/4039
f 3323/4149/4008 3462/4150/4009 3463/4183/4041 3324/4182/4040
f 3462/4150/4009 3601/4151/4010 3602/4184/4042 3463/4183/4041
f 3601/4151/4010 3740/4152/4011 3741/4185/4043 3602/4184/4042
f 3740/4152/4011 3879/4153/4012 3880/4186/4044 3741/4185/4043
f 3879/4153/4012 4018/4154/4013 4019/4187/4045 3880/4186/4044
f 4018/4154/4013 4157/4155/4014 4158/4188/4046 4019/4187/4045
f 4157/4155/4014 4296/4156/4015 4297/4189/4047 4158/4188/4046
f 4296/4156/4015 4435/4157/4016 4436/4190/4048 4297/4189/4047
f 4435/4157/4016 126/4158/3986 127/4191/4018 4436/4190/4048
f 127/4160/4018 266/4159/4017 267/4192/4049 128/4193/4050
f 266/4159/4017 405/4161/4019 406/4194/4051 267/4192/4049
f 405/4161/4019 544/4162/4020 545/4195/4052 406/4194/4051
f 544/4162/4020 683/4163/4021 684/4196/4053 545/4195/4052
f 683/4163/4021 822/4164/4022 823/4197/4054 684/4196/4053
f 822/4164/4022 961/4165/4023 962/4198/4055 823/4197/4054
f 961/4165/4023 1100/4166/4024 1101/4199/4056 962/4198/4055
f 1100/4166/4024 1239/4167/4025 1240/4200/4057 1101/4199/4056
f 1239/4167/4025 1378/4168/4026 1379/4201/4058 1240/4200/4057
f 1378/4168/4026 1517/4169/4027 1518/4202/4059 1379/4201/4058
f 1517/4169/4027 1656/4170/4028 1657/4203/4060 1518/4202/4059
f 1656/4170/4028 1795/4171/4029 1796/4204/4061 1657/4203/4060
f 1795/4171/4029 1934/4172/4030 1935/4205/4062 1796/4204/4061
f 1934/4172/4030 2073/4173/4031 2074/4206/4063 1935/4205/4062
f 2073/4173/4031 2212/4174/4032 2213/4207/4064 2074/4206/4063
f 2212/4174/4032 2351/4175/4033 2352/4208/4065 2213/4207/4064
f 2351/4175/4033 2490/4176/4034 2491/4209/4066 2352/4208/4065
f 2490/4176/4034 2629/4177/4035 2630/4210/4067 2491/4209/4066
f 2629/4177/4035 2768/4178/4036 2769/4211/4068 2630/4210/4067
f 2768/4178/4036 2907/4179/4037 2908/4212/4069 2769/4211/4068
f 2907/4179/4037 3046/4180/4038 3047/4213/4070 2908/4212/4069
f 3046/4180/4038 3185/4181/4039 3186/4214/4071 3047/4213/4070
f 3185/4181/4039 3324/4182/4040 3325/4215/4072 3186/4214/4071
f 3324/4182/4040 3463/4183/4041 3464/4216/4073 3325/4215/4072
f 3463/4183/4041 3602/4184/4042 3603/4217/4074 3464/4216/4073
f 3602/4184/4042 3741/4185/4043 3742/4218/4075 3603/4217/4074
f 3741/4185/4043 3880/4186/4044 3881/4219/4076 3742/4218/4075
f 3880/4186/4044 4019/4187/4045 4020/4220/4077 3881/4219/4076
f 4019/4187/4045 4158/4188/4046 4159/4221/4078 4020/4220/4077
f 4158/4188/4046 4297/4189/4047 4298/4222/4079 4159/4221/4078
f 4297/4189/4047 4436/4190/4048 4437/4223/4080 4298/4222/4079
f 4436/4190/4048 127/4191/4018 128/4224/4050 4437/4223/4080
f 128/4193/4050 267/4192/4049 268/4225/4081 129/4226/4082
f 267/4192/4049 406/4194/4051 407/4227/4083 268/4225/4081
f 406/4194/4051 545/4195/4052 546/4228/4084 407/4227/4083
f 545/4195/4052 684/4196/4053 685/4229/4085 546/4228/4084
f 684/4196/4053 823/4197/4054 824/4230/4086 685/4229/4085
f 823/4197/4054 962/4198/4055 963/4231/4087 824/4230/4086
f 962/4198/4055 1101/4199/4056 1102/4232/4088 963/4231/4087
f 1101/4199/4056 1240/4200/4057 1241/4233/4089 1102/4232/4088
f 1240/4200/4057 1379/4201/4058 1380/4234/4090 1241/4233/4089
f 1379/4201/4058 1518/4202/4059 1519/4235/4091 1380/4234/4090
f 1518/4202/4059 1657/4203/4060 1658/4236/4092 1519/4235/4091
f 1657/4203/4060 1796/4204/4061 1797/4237/4093 1658/4236/4092
f 1796/4204/4061 1935/4205/4062 1936/4238/4094 1797/4237/4093
f 1935/4205/4062 2074/4206/4063 2075/4239/4095 1936/4238/4094
f 2074/4206/4063 2213/4207/4064 2214/4240/4096 2075/4239/4095
f 2213/4207/4064 2352/4208/4065 2353/4241/4097 2214/4240/4096
f 2352/4208/4065 2491/4209/4066 2492/4242/4098 2353/4241/4097
f 2491/4209/4066 2630/4210/4067 2631/4243/4099 2492/4242/4098
f 2630/4210/4067 2769/4211/4068 2770/4244/4100 2631/4243/4099
f 2769/4211/4068 2908/4212/4069 2909/4245/4101 2770/4244/4100
f 2908/4212/4069 3047/4213/4070 3048/4246/4102 2909/4245/4101
f 3047/4213/4070 3186/4214/4071 3187/4247/4103 3048/4246/4102
f 3186/4214/4071 3325/4215/4072 3326/4248/4104 3187/4247/4103
f 3325/4215/4072 3464/4216/4073 3465/4249/4105 3326/4248/4104
f 3464/4216/4073 3603/4217/4074 3604/4250/4106 3465/4249/4105
f 3603/4217/4074 3742/4218/4075 3743/4251/4107 3604/4250/4106
f 3742/4218/4075 3881/4219/4076 3882/4252/4108 3743/4251/4107
f 3881/4219/4076 4020/4220/4077 4021/4253/4109 3882/4252/4108
f 4020/4220/4077 4159/4221/4078 4160/4254/4110 4021/4253/4109
f 4159/4221/4078 4298/4222/4079 4299/4255/4111 4160/4254/4110
f 4298/4222/4079 4437/4223/4080 4438/4256/4112 4299/4255/4111
f 4437/4223/4080 128/4224/4050 129/4257/4082 4438/4256/4112
f 129/4226/4082 268/4225/4081 269/4258/4113 130/4259/4114
f 268/4225/4081 407/4227/4083 408/4260/4115 269/4258/4113
f 407/4227/4083 546/4228/4084 547/4261/4116 408/4260/4115
f 546/4228/4084 685/4229/4085 686/4262/4117 547/4261/4116
f 685/4229/4085 824/4230/4086 825/4263/4118 686/4262/4117
f 824/4230/4086 963/4231/4087 964/4264/4119 825/4263/4118
f 963/4231/4087 1102/4232/4088 1103/4265/4120 964/4264/4119
f 1102/4232/4088 1241/4233/4089 1242/4266/4121 1103/4265/4120
f 1241/4233/4089 1380/4234/4090 1381/4267/4122 1242/4266/4121
f 1380/4234/4090 1519/4235/4091 1520/4268/4123 1381/4267/4122
f 1519/4235/4091 1658/4236/4092 1659/4269/4124 1520/4268/4123
f 1658/4236/4092 1797/4237/4093 1798/4270/4125 1659/4269/4124
f 1797/4237/4093 1936/4238/4094 1937/4271/4126 1798/4270/4125
f 1936/4238/4094 2075/4239/4095 2076/4272/4127 1937/4271/4126
f 2075/4239/4095 2214/4240/4096 2215/4273/4128 2076/4272/4127
f 2214/4240/4096 2353/4241/4097 2354/4274/4129 2215/4273/4128
f 2353/4241/4097 2492/4242/4098 2493/4275/4130 2354/4274/4129
f 2492/4242/4098 2631/4243/4099 2632/4276/4131 2493/4275/4130
f 2631/4243/4099 2770/4244/4100 2771/4277/4132 2632/4276/4131
f 2770/4244/4100 2909/4245/4101 2910/4278/4133 2771/4277/4132
f 2909/4245/4101 3048/4246/4102 3049/4279/4134 2910/4278/4133
f 3048/4246/4102 3187/4247/4103 3188/4280/4135 3049/4279/4134
f 3187/4247/4103 3326/4248/4104 3327/4281/4136 3188/4280/4135
f 3326/4248/4104 3465/4249/4105 3466/4282/4137 3327/4281/4136
f 3465/4249/4105 3604/4250/4106 3605/4283/4138 3466/4282/4137
f 3604/4250/4106 3743/4251/4107 3744/4284/4139 3605/4283/4138
f 3743/4251/4107 3882/4252/4108 3883/4285/4140 3744/4284/4139
f 3882/4252/4108 4021/4253/4109 4022/4286/4141 3883/4285/4140
f 4021/4253/4109 4160/4254/4110 4161/4287/4142 4022/4286/4141
f 4160/4254/4110 4299/4255/4111 4300/4288/4143 4161/4287/4142
f 4299/4255/4111 4438/4256/4112 4439/4289/4144 4300/4288/4143
f 4438/4256/4112 129/4257/4082 130/4290/4114 4439/4289/4144
f 130/4259/4114 269/4258/4113 270/4291/4145 131/4292/4146
f 269/4258/4113 408/4260/4115 409/4293/4147 270/4291/4145
f 408/4260/4115 547/4261/4116 548/4294/4148 409/4293/4147
f 547/4261/4116 686/4262/4117 687/4295/4149 548/4294/4148
f 686/4262/4117 825/4263/4118 826/4296/4150 687/4295/4149
f 825/4263/4118 964/4264/4119 965/4297/4151 826/4296/4150
f 964/4264/4119 1103/4265/4120 1104/4298/4152 965/4297/4151
f 1103/4265/4120 1242/4266/4121 1243/4299/4153 1104/4298/4152
f 1242/4266/4121 1381/4267/4122 1382/4300/4154 1243/4299/4153
f 1381/4267/4122 1520/4268/4123 1521/4301/4155 1382/4300/4154
f 1520/4268/4123 1659/4269/4124 1660/4302/4156 1521/4301/4155
f 1659/4269/4124 1798/4270/4125 1799/4303/4157 1660/4302/4156
f 1798/4270/4125 1937/4271/4126 1938/4304/4158 1799/4303/4157
f 1937/4271/4126 2076/4272/4127 2077/4305/4159 1938/4304/4158
f 2076/4272/4127 2215/4273/4128 2216/4306/4160 2077/4305/4159
f 2215/4273/4128 2354/4274/4129 2355/4307/4161 2216/4306/4160
f 2354/4274/4129 2493/4275/4130 2494/4308/4162 2355/4307/4161
f 2493/4275/4130 2632/4276/4131 2633/4309/4163 2494/4308/4162
f 2632/4276/4131 2771/4277/4132 2772/4310/4164 2633/4309/4163
f 2771/4277/4132 2910/4278/4133 2911/4311/4165 2772/4310/4164
f 2910/4278/4133 3049/4279/4134 3050/4312/4166 2911/4311/4165
f 3049/4279/4134 3188/4280/4135 3189/4313/4167 3050/4312/4166
f 3188/4280/4135 3327/4281/4136 3328/4314/4168 3189/4313/4167
f 3327/4281/4136 3466/4282/4137 3467/4315/4169 3328/4314/4168
f 3466/4282/4137 3605/4283/4138 3606/4316/4170 3467/4315/4169
f 3605/4283/4138 3744/4284/4139 3745/4317/4171 3606/4316/4170
f 3744/4284/4139 3883/4285/4140 3884/4318/4172 3745/4317/4171
f 3883/4285/4140 4022/4286/4141 4023/4319/4173 3884/4318/4172
f 4022/4286/4141 4161/4287/4142 4162/4320/4174 4023/4319/4173
f 4161/4287/4142 4300/4288/4143 4301/4321/4175 4162/4320/4174
f 4300/4288/4143 4439/4289/4144 4440/4322/4176 4301/4321/4175
f 4439/4289/4144 130/4290/4114 131/4323/4146 4440/4322/4176
f 131/4292/4146 270/4291/4145 271/4324/4177 132/4325/4178
f 270/4291/4145 409/4293/4147 410/4326/4179 271/4324/4177
f 409/4293/4147 548/4294/4148 549/4327/4180 410/4326/4179
f 548/4294/4148 687/4295/4149 688/4328/4181 549/4327/4180
f 687/4295/4149 826/4296/4150 827/4329/4182 688/4328/4181
f 826/4296/4150 965/4297/4151 966/4330/4183 827/4329/4182
f 965/4297/4151 1104/4298/4152 1105/4331/4184 966/4330/4183
f 1104/4298/4152 1243/4299/4153 1244/4332/4185 1105/4331/4184
f 1243/4299/4153 1382/4300/4154 1383/4333/4186 1244/4332/4185
f 1382/4300/4154 1521/4301/4155 1522/4334/4187 1383/4333/4186
f 1521/4301/4155 1660/4302/4156 1661/4335/4188 1522/4334/4187
f 1660/4302/4156 1799/4303/4157 1800/4336/4189 1661/4335/4188
f 1799/4303/4157 1938/4304/4158 1939/4337/4190 1800/4336/4189
f 1938/4304/4158 2077/4305/4159 2078/4338/4191 1939/4337/4190
f 2077/4305/4159 2216/4306/4160 2217/4339/4192 2078/4338/4191
f 2216/4306/4160 2355/4307/4161 2356/4340/4193 2217/4339/4192
f 2355/4307/4161 2494/4308/4162 2495/4341/4194 2356/4340/4193
f 2494/4308/4162 2633/4309/4163 2634/4342/4195 2495/4341/4194
f 2633/4309/4163 2772/4310/4164 2773/4343/4196 2634/4342/4195
f 2772/4310/4164 2911/4311/4165 2912/4344/4197 2773/4343/4196
f 2911/4311/4165 3050/4312/4166 3051/4345/4198 2912/4344/4197
f 3050/4312/4166 3189/4313/4167 3190/4346/4199 3051/4345/4198
f 3189/4313/4167 3328/4314/4168 3329/4347/4200 3190/4346/4199
f 3328/4314/4168 3467/4315/4169 3468/4348/4201 3329/4347/4200
f 3467/4315/4169 3606/4316/4170 3607/4349/4202 3468/4348/4201
f 3606/4316/4170 3745/4317/4171 3746/4350/4203 3607/4349/4202
f 3745/4317/4171 3884/4318/4172 3885/4351/4204 3746/4350/4203
f 3884/4318/4172 4023/4319/4173 4024/4352/4205 3885/4351/4204
f 4023/4319/4173 4162/4320/4174 4163/4353/4206 4024/4352/4205
f 4162/4320/4174 4301/4321/4175 4302/4354/4207 4163/4353/4206
f 4301/4321/4175 4440/4322/4176 4441/4355/4208 4302/4354/4207
f 4440/4322/4176 131/4323/4146 132/4356/4178 4441/4355/4208
f 132/4325/4178 271/4324/4177 272/4357/4209 133/4358/4210
f 271/4324/4177 410/4326/4179 411/4359/4211 272/4357/4209
f 410/4326/4179 549/4327/4180 550/4360/4212 411/4359/4211
f 549/4327/4180 688/4328/4181 689/4361/4213 550/4360/4212
f 688/4328/4181 827/4329/4182 828/4362/4214 689/4361/4213
f 827/4329/4182 966/4330/4183 967/4363/4215 828/4362/4214
f 966/4330/4183 1105/4331/4184 1106/4364/4216 967/4363/4215
f 1105/4331/4184 1244/4332/4185 1245/4365/4217 1106/4364/4216
f 1244/4332/4185 1383/4333/4186 1384/4366/4218 1245/4365/4217
f 1383/4333/4186 1522/4334/4187 1523/4367/4219 1384/4366/4218
f 1522/4334/4187 1661/4335/4188 1662/4368/4220 1523/4367/4219
f 1661/4335/4188 1800/4336/4189 1801/4369/4221 1662/4368/4220
f 1800/4336/4189 1939/4337/4190 1940/4370/4222 1801/4369/4221
f 1939/4337/4190 2078/4338/4191 2079/4371/4223 1940/4370/4222
f 2078/4338/4191 2217/4339/4192 2218/4372/4224 2079/4371/4223
f 2217/4339/4192 2356/4340/4193 2357/4373/4225 2218/4372/4224
f 2356/4340/4193 2495/4341/4194 2496/4374/4226 2357/4373/4225
f 2495/4341/4194 2634/4342/4195 2635/4375/4227 2496/4374/4226
f 2634/4342/4195 2773/4343/4196 2774/4376/4228 2635/4375/4227
f 2773/4343/4196 2912/4344/4197 2913/4377/4229 2774/4376/4228
f 2912/4344/4197 3051/4345/4198 3052/4378/4230 2913/4377/4229
f 3051/4345/4198 3190/4346/4199 3191/4379/4231 3052/4378/4230
f 3190/4346/4199 3329/4347/4200 3330/4380/4232 3191/4379/4231
f 3329/4347/4200 3468/4348/4201 3469/4381/4233 3330/4380/4232
f 3468/4348/4201 3607/4349/4202 3608/4382/4234 3469/4381/4233
f 3607/4349/4202 3746/4350/4203 3747/4383/4235 3608/4382/4234
f 3746/4350/4203 3885/4351/4204 3886/4384/4236 3747/4383/4235
f 3885/4351/4204 4024/4352/4205 4025/4385/4237 3886/4384/4236
f 4024/4352/4205 4163/4353/4206 4164/4386/4238 4025/4385/4237
f 4163/4353/4206 4302/4354/4207 4303/4387/4239 4164/4386/4238
f 4302/4354/4207 4441/4355/4208 4442/4388/4240 4303/4387/4239
f 4441/4355/4208 132/4356/4178 133/4389/4210 4442/4388/4240
f 133/4358/4210 272/4357/4209 273/4390/4241 134/4391/4242
f 272/4357/4209 411/4359/4211 412/4392/4243 273/4390/4241
f 411/4359/4211 550/4360/4212 551/4393/4244 412/4392/4243
f 550/4360/4212 689/4361/4213 690/4394/4245 551/4393/4244
f 689/4361/4213 828/4362/4214 829/4395/4246 690/4394/4245
f 828/4362/4214 967/4363/4215 968/4396/4247 829/4395/4246
f 967/4363/4215 1106/4364/4216 1107/4397/4248 968/4396/4247
f 1106/4364/4216 1245/4365/4217 1246/4398/4249 1107/4397/4248
f 1245/4365/4217 1384/4366/4218 1385/4399/4250 1246/4398/4249
f 1384/4366/4218 1523/4367/4219 1524/4400/4251 1385/4399/4250
f 1523/4367/4219 1662/4368/4220 1663/4401/4252 1524/4400/4251
f 1662/4368/4220 1801/4369/4221 1802/4402/4253 1663/4401/4252
f 1801/4369/4221 1940/4370/4222 1941/4403/4254 1802/4402/4253
f 1940/4370/4222 2079/4371/4223 2080/4404/4255 1941/4403/4254
f 2079/4371/4223 2218/4372/4224 2219/4405/4256 2080/4404/4255
f 2218/4372/4224 2357/4373/4225 2358/4406/4257 2219/4405/4256
f 2357/4373/4225 2496/4374/4226 2497/4407/4258 2358/4406/4257
f 2496/4374/4226 2635/4375/4227 2636/4408/4259 2497/4407/4258
f 2635/4375/4227 2774/4376/4228 2775/4409/4260 2636/4408/4259
f 2774/4376/4228 2913/4377/4229 2914/4410/4261 2775/4409/4260
f 2913/4377/4229 3052/4378/4230 3053/4411/4262 2914/4410/4261
f 3052/4378/4230 3191/4379/4231 3192/4412/4263 3053/4411/4262
f 3191/4379/4231 3330/4380/4232 3331/4413/4264 3192/4412/4263
f 3330/4380/4232 3469/4381/4233 3470/4414/4265 3331/4413/4264
f 3469/4381/4233 3608/4382/4234 3609/4415/4266 3470/4414/4265
f 3608/4382/4234 3747/4383/4235 3748/4416/4267 3609/4415/4266
f 3747/4383/4235 3886/4384/4236 3887/4417/4268 3748/4416/4267
f 3886/4384/4236 4025/4385/4237 4026/4418/4269 3887/4417/4268
f 4025/4385/4237 4164/4386/4238 4165/4419/4270 4026/4418/4269
f 4164/4386/4238 4303/4387/4239 4304/4420/4271 4165/4419/4270
f 4303/4387/4239 4442/4388/4240 4443/4421/4272 4304/4420/4271
f 4442/4388/4240 133/4389/4210 134/4422/4242 4443/4421/4272
f 134/4391/4242 273/4390/4241 274/4423/4273 135/4424/4274
f 273/4390/4241 412/4392/4243 413/4425/4275 274/4423/4273
f 412/4392/4243 551/4393/4244 552/4426/4276 413/4425/4275
f 551/4393/4244 690/4394/4245 691/4427/4277 552/4426/4276
f 690/4394/4245 829/4395/4246 830/4428/4278 691/4427/4277
f 829/4395/4246 968/4396/4247 969/4429/4279 830/4428/4278
f 968/4396/4247 1107/4397/4248 1108/4430/4280 969/4429/4279
f 1107/4397/4248 1246/4398/4249 1247/4431/4281 1108/4430/4280
f 1246/4398/4249 1385/4399/4250 1386/4432/4282 1247/4431/4281
f 1385/4399/4250 1524/4400/4251 1525/4433/4283 1386/4432/4282
f 1524/4400/4251 1663/4401/4252 1664/4434/4284 1525/4433/4283
f 1663/4401/4252 1802/4402/4253 1803/4435/4285 1664/4434/4284
f 1802/4402/4253 1941/4403/4254 1942/4436/4286 1803/4435/4285
f 1941/4403/4254 2080/4404/4255 2081/4437/4287 1942/4436/4286
f 2080/4404/4255 2219/4405/4256 2220/4438/4288 2081/4437/4287
f 2219/4405/4256 2358/4406/4257 2359/4439/4289 2220/4438/4288
f 2358/4406/4257 2497/4407/4258 2498/4440/4290 2359/4439/4289
f 2497/4407/4258 2636/4408/4259 2637/4441/4291 2498/4440/4290
f 2636/4408/4259 2775/4409/4260 2776/4442/4292 2637/4441/4291
f 2775/4409/4260 2914/4410/4261 2915/4443/4293 2776/4442/4292
f 2914/4410/4261 3053/4411/4262 3054/4444/4294 2915/4443/4293
f 3053/4411/4262 3192/4412/4263 3193/4445/4295 3054/4444/4294
f 3192/4412/4263 3331/4413/4264 3332/4446/4296 3193/4445/4295
f 3331/4413/4264 3470/4414/4265 3471/4447/4297 3332/4446/4296
f 3470/4414/4265 3609/4415/4266 3610/4448/4298 3471/4447/4297
f 3609/4415/4266 3748/4416/4267 3749/4449/4299 3610/4448/4298
f 3748/4416/4267 3887/4417/4268 3888/4450/4300 3749/4449/4299
f 3887/4417/4268 4026/4418/4269 4027/4451/4301 3888/4450/4300
f 4026/4418/4269 4165/4419/4270 4166/4452/4302 4027/4451/4301
f 4165/4419/4270 4304/4420/4271 4305/4453/4303 4166/4452/4302
f 4304/4420/4271 4443/4421/4272 4444/4454/4304 4305/4453/4303
f 4443/4421/4272 134/4422/4242 135/4455/4274 4444/4454/4304
f 135/4424/4274 274/4423/4273 275/4456/4305 136/4457/4306
f 274/4423/4273 413/4425/4275 414/4458/4307 275/4456/4305
f 413/4425/4275 552/4426/4276 553/4459/4308 414/4458/4307
f 552/4426/4276 691/4427/4277 692/4460/4309 553/4459/4308
f 691/4427/4277 830/4428/4278 831/4461/4310 692/4460/4309
f 830/4428/4278 969/4429/4279 970/4462/4311 831/4461/4310
f 969/4429/4279 1108/4430/4280 1109/4463/4312 970/4462/4311
f 1108/4430/4280 1247/4431/4281 1248/4464/4313 1109/4463/4312
f 1247/4431/4281 1386/4432/4282 1387/4465/4314 1248/4464/4313
f 1386/4432/4282 1525/4433/4283 1526/4466/4315 1387/4465/4314
f 1525/4433/4283 1664/4434/4284 1665/4467/4316 1526/4466/4315
f 1664/4434/4284 1803/4435/4285 1804/4468/4317 1665/4467/4316
f 1803/4435/4285 1942/4436/4286 1943/4469/4318 1804/4468/4317
f 1942/4436/4286 2081/4437/4287 2082/4470/4319 1943/4469/4318
f 2081/4437/4287 2220/4438/4288 2221/4471/4320 2082/4470/4319
f 2220/4438/4288 2359/4439/4289 2360/4472/4321 2221/4471/4320
f 2359/4439/4289 2498/4440/4290 2499/4473/4322 2360/4472/4321
f 2498/4440/4290 2637/4441/4291 2638/4474/4323 2499/4473/4322
f 2637/4441/4291 2776/4442/4292 2777/4475/4324 2638/4474/4323
f 2776/4442/4292 2915/4443/4293 2916/4476/4325 2777/4475/4324
f 2915/4443/4293 3054/4444/4294 3055/4477/4326 2916/4476/4325
f 3054/4444/4294 3193/4445/4295 3194/4478/4327 3055/4477/4326
f 3193/4445/4295 3332/4446/4296 3333/4479/4328 3194/4478/4327
f 3332/4446/4296 3471/4447/4297 3472/4480/4329 3333/4479/4328
f 3471/4447/4297 3610/4448/4298 3611/4481/4330 3472/4480/4329
f 3610/4448/4298 3749/4449/4299 3750/4482/4331 3611/4481/4330
f 3749/4449/4299 3888/4450/4300 3889/4483/4332 3750/4482/4331
f 3888/4450/4300 4027/4451/4301 4028/4484/4333 3889/4483/4332
f 4027/4451/4301 4166/4452/4302 4167/4485/4334 4028/4484/4333
f 4166/4452/4302 4305/4453/4303 4306/4486/4335 4167/4485/4334
f 4305/4453/4303 4444/4454/4304 4445/4487/4336 4306/4486/4335
f 4444/4454/4304 135/4455/4274 136/4488/4306 4445/4487/4336
f 136/4457/4306 275/4456/4305 276/4489/4337 137/4490/4338
f 275/4456/4305 414/4458/4307 415/4491/4339 276/4489/4337
f 414/4458/4307 553/4459/4308 554/4492/4340 415/4491/4339
f 553/4459/4308 692/4460/4309 693/4493/4341 554/4492/4340
f 692/4460/4309 831/4461/4310 832/4494/4342 693/4493/4341
f 831/4461/4310 970/4462/4311 971/4495/4343 832/4494/4342
f 970/4462/4311 1109/4463/4312 1110/4496/4344 971/4495/4343
f 1109/4463/4312 1248/4464/4313 1249/4497/4345 1110/4496/4344
f 1248/4464/4313 1387/4465/4314 1388/4498/4346 1249/4497/4345
f 1387/4465/4314 1526/4466/4315 1527/4499/4347 1388/4498/4346
f 1526/4466/4315 1665/4467/4316 1666/4500/4348 1527/4499/4347
f 1665/4467/4316 1804/4468/4317 1805/4501/4349 1666/4500/4348
f 1804/4468/4317 1943/4469/4318 1944/4502/4350 1805/4501/4349
f 1943/4469/4318 2082/4470/4319 2083/4503/4351 1944/4502/4350
f 2082/4470/4319 2221/4471/4320 2222/4504/4352 2083/4503/4351
f 2221/4471/4320 2360/4472/4321 2361/4505/4353 2222/4504/4352
f 2360/4472/4321 2499/4473/4322 2500/4506/4354 2361/4505/4353
f 2499/4473/4322 2638/4474/4323 2639/4507/4355 2500/4506/4354
f 2638/4474/4323 2777/4475/4324 2778/4508/4356 2639/4507/4355
f 2777/4475/4324 2916/4476/4325 2917/4509/4357 2778/4508/4356
f 2916/4476/4325 3055/4477/4326 3056/4510/4358 2917/4509/4357
f 3055/4477/4326 3194/4478/4327 3195/4511/4359 3056/4510/4358
f 3194/4478/4327 3333/4479/4328 3334/4512/4360 3195/4511/4359
f 3333/4479/4328 3472/4480/4329 3473/4513/4361 3334/4512/4360
f 3472/4480/4329 3611/4481/4330 3612/4514/4362 3473/4513/4361
f 3611/4481/4330 3750/4482/4331 3751/4515/4363 3612/4514/4362
f 3750/4482/4331 3889/4483/4332 3890/4516/4364 3751/4515/4363
f 3889/4483/4332 4028/4484/4333 4029/4517/4365 3890/4516/4364
f 4028/4484/4333 4167/4485/4334 4168/4518/4366 4029/4517/4365
f 4167/4485/4334 4306/4486/4335 4307/4519/4367 4168/4518/4366
f 4306/4486/4335 4445/4487/4336 4446/4520/4368 4307/4519/4367
f 4445/4487/4336 136/4488/4306 137/4521/4338 4446/4520/4368
f 137/4490/4338 276/4489/4337 277/4522/4369 138/4523/4370
f 276/4489/4337 415/4491/4339 416/4524/4371 277/4522/4369
f 415/4491/4339 554/4492/4340 555/4525/4372 416/4524/4371
f 554/4492/4340 693/4493/4341 694/4526/4373 555/4525/4372
f 693/4493/4341 832/4494/4342 833/4527/4374 694/4526/4373
f 832/4494/4342 971/4495/4343 972/4528/4375 833/4527/4374
f 971/4495/4343 1110/4496/4344 1111/4529/4376 972/4528/4375
f 1110/4496/4344 1249/4497/4345 1250/4530/4377 1111/4529/4376
f 1249/4497/4345 1388/4498/4346 1389/4531/4378 1250/4530/4377
f 1388/4498/4346 1527/4499/4347 1528/4532/4379 1389/4531/4378
f 1527/4499/4347 1666/4500/4348 1667/4533/4380 1528/4532/4379
f 1666/4500/4348 1805/4501/4349 1806/4534/4381 1667/4533/4380
f 1805/4501/4349 1944/4502/4350 1945/4535/4382 1806/4534/4381
f 1944/4502/4350 2083/4503/4351 2084/4536/4383 1945/4535/4382
f 2083/4503/4351 2222/4504/4352 2223/4537/4384 2084/4536/4383
f 2222/4504/4352 2361/4505/4353 2362/4538/4385 2223/4537/4384
f 2361/4505/4353 2500/4506/4354 2501/4539/4386 2362/4538/4385
f 2500/4506/4354 2639/4507/4355 2640/4540/4387 2501/4539/4386
f 2639/4507/4355 2778/4508/4356 2779/4541/4388 2640/4540/4387
f 2778/4508/4356 2917/4509/4357 2918/4542/4389 2779/4541/4388
f 2917/4509/4357 3056/4510/4358 3057/4543/4390 2918/4542/4389
f 3056/4510/4358 3195/4511/4359 3196/4544/4391 3057/4543/4390
f 3195/4511/4359 3334/4512/4360 3335/4545/4392 3196/4544/4391
f 3334/4512/4360 3473/4513/4361 3474/4546/4393 3335/4545/4392
f 3473/4513/4361 3612/4514/4362 3613/4547/4394 3474/4546/4393
f 3612/4514/4362 3751/4515/4363 3752/4548/4395 3613/4547/4394
f 3751/4515/4363 3890/4516/4364 3891/4549/4396 3752/4548/4395
f 3890/4516/4364 4029/4517/4365 4030/4550/4397 3891/4549/4396
f 4029/4517/4365 4168/4518/4366 4169/4551/4398 4030/4550/4397
f 4168/4518/4366 4307/4519/4367 4308/4552/4399 4169/4551/4398
f 4307/4519/4367 4446/4520/4368 4447/4553/4400 4308/4552/4399
f 4446/4520/4368 137/4521/4338 138/4554/4370 4447/4553/4400
f 138/4523/4370 277/4522/4369 278/4555/4401 139/4556/4402
f 277/4522/4369 416/4524/4371 417/4557/4403 278/4555/4401
f 416/4524/4371 555/4525/4372 556/4558/4404 417/4557/4403
f 555/4525/4372 694/4526/4373 695/4559/4405 556/4558/4404
f 694/4526/4373 833/4527/4374 834/4560/4406 695/4559/4405
f 833/4527/4374 972/4528/4375 973/4561/4407 834/4560/4406
f 972/4528/4375 1111/4529/4376 1112/4562/4408 973/4561/4407
f 1111/4529/4376 1250/4530/4377 1251/4563/4409 1112/4562/4408
f 1250/4530/4377 1389/4531/4378 1390/4564/4410 1251/4563/4409
f 1389/4531/4378 1528/4532/4379 1529/4565/4411 1390/4564/4410
f 1528/4532/4379 1667/4533/4380 1668/4566/4412 1529/4565/4411
f 1667/4533/4380 1806/4534/4381 1807/4567/4413 1668/4566/4412
f 1806/4534/4381 1945/4535/4382 1946/4568/4414 1807/4567/4413
f 1945/4535/4382 2084/4536/4383 2085/4569/4415 1946/4568/4414
f 2084/4536/4383 2223/4537/4384 2224/4570/4416 2085/4569/4415
f 2223/4537/4384 2362/4538/4385 2363/4571/4417 2224/4570/4416
f 2362/4538/4385 2501/4539/4386 2502/4572/4418 2363/4571/4417
f 2501/4539/4386 2640/4540/4387 2641/4573/4419 2502/4572/4418
f 2640/4540/4387 2779/4541/4388 2780/4574/4420 2641/4573/4419
f 2779/4541/4388 2918/4542/4389 2919/4575/4421 2780/4574/4420
f 2918/4542/4389 3057/4543/4390 3058/4576/4422 2919/4575/4421
f 3057/4543/4390 3196/4544/4391 3197/4577/4423 3058/4576/4422
f 3196/4544/4391 3335/4545/4392 3336/4578/4424 3197/4577/4423
f 3335/4545/4392 3474/4546/4393 3475/4579/4425 3336/4578/4424
f 3474/4546/4393 3613/4547/4394 3614/4580/4426 3475/4579/4425
f 3613/4547/4394 3752/4548/4395 3753/4581/4427 3614/4580/4426
f 3752/4548/4395 3891/4549/4396 3892/4582/4428 3753/4581/4427
f 3891/4549/4396 4030/4550/4397 4031/4583/4429 3892/4582/4428
f 4030/4550/4397 4169/4551/4398 4170/4584/4430 4031/4583/4429
f 4169/4551/4398 4308/4552/4399 4309/4585/4431 4170/4584/4430
f 4308/4552/4399 4447/4553/4400 4448/4586/4432 4309/4585/4431
f 4447/4553/4400 138/4554/4370 139/4587/4402 4448/4586/4432
f 2502/4572/4418 4449/4572/4433 2363/4571/4417
f 3336/4578/4424 4449/4578/4433 3197/4577/4423
f 556/4558/4404 4449/4558/4433 417/4557/4403
f 4170/4584/4430 4449/4584/4433 4031/4583/4429
f 4031/4583/4429 4449/4583/4433 3892/4582/4428
f 1251/4563/4409 4449/4563/4433 1112/4562/4408
f 1390/4564/4410 4449/4564/4433 1251/4563/4409
f 2085/4569/4415 4449/4569/4433 1946/4568/4414
f 2919/4575/4421 4449/4575/4433 2780/4574/4420
f 3614/4580/4426 4449/4580/4433 3475/4579/4425
f 834/4560/4406 4449/4560/4433 695/4559/4405
f 4448/4586/4432 4449/4586/4433 4309/4585/4431
f 1668/4566/4412 4449/4566/4433 1529/4565/4411
f 2363/4571/4417 4449/4571/4433 2224/4570/4416
f 3197/4577/4423 4449/4577/4433 3058/4576/4422
f 417/4557/4403 4449/4557/4433 278/4555/4401
f 3892/4582/4428 4449/4582/4433 3753/4581/4427
f 1112/4562/4408 4449/4562/4433 973/4561/4407
f 1946/4568/4414 4449/4568/4433 1807/4567/4413
f 2780/4574/4420 4449/4574/4433 2641/4573/4419
f 2641/4573/4419 4449/4573/4433 2502/4572/4418
f 3475/4579/4425 4449/4579/4433 3336/4578/4424
f 695/4559/4405 4449/4559/4433 556/4558/4404
f 4309/4585/4431 4449/4585/4433 4170/4584/4430
f 1529/4565/4411 4449/4565/4433 1390/4564/4410
f 2224/4570/4416 4449/4570/4433 2085/4569/4415
f 3058/4576/4422 4449/4576/4433 2919/4575/4421
f 278/4555/4401 4449/4555/4433 139/4556/4402
f 973/4561/4407 4449/4561/4433 834/4560/4406
f 3753/4581/4427 4449/4581/4433 3614/4580/4426
f 139/4587/4402 4449/4587/4433 4448/4586/4432
f 1807/4567/4413 4449/4567/4433 1668/4566/4412
