# Blender 4.1.1
# www.blender.org
mtllib knight.mtl
o Knight
v 0.104301 0.947389 -0.040022
v 0.103501 0.947574 0.092494
v 0.102974 0.976778 0.092494
v 0.104094 0.976420 -0.040022
v 0.134478 0.630992 -0.040022
v 0.134985 0.631225 0.067802
v 0.138288 0.626001 0.067802
v 0.137957 0.625490 -0.040022
v 0.159298 0.640608 0.092494
v 0.159577 0.640219 -0.040022
v 0.215925 0.419870 0.092494
v 0.215923 0.421070 -0.040022
v 0.151391 0.651633 -0.040022
v 0.151671 0.651244 0.092494
v 0.196017 0.408794 0.092494
v 0.196042 0.409842 -0.040022
v 0.155796 0.932744 0.092494
v 0.154359 0.933757 -0.040022
v 0.176413 0.398822 0.092494
v 0.176366 0.399641 -0.040022
v 0.155935 0.895392 0.092494
v 0.154817 0.896239 -0.040022
v 0.170370 0.488125 -0.040022
v 0.169993 0.489008 0.092494
v 0.198531 0.501037 0.092494
v 0.198923 0.499741 -0.040022
v 0.156544 0.389100 0.092494
v 0.156447 0.389673 -0.040022
v 0.155058 0.858818 0.092494
v 0.154177 0.859335 -0.040022
v 0.140174 0.379690 0.067802
v 0.139754 0.379759 -0.040022
v 0.102198 0.917380 -0.040022
v 0.101616 0.917489 0.092494
v 0.150707 0.825663 0.092494
v 0.150093 0.825939 -0.040022
v 0.140896 0.372290 0.067802
v 0.140473 0.371972 -0.040022
v 0.146514 0.797182 0.067802
v 0.146130 0.796641 -0.040022
v 0.107461 0.476506 -0.040022
v 0.108034 0.476540 0.067802
v 0.109591 0.470093 0.067802
v 0.109096 0.469739 -0.040022
v 0.159182 0.373424 0.092494
v 0.159278 0.372850 -0.040022
v 0.153359 0.793476 0.067802
v 0.153281 0.792719 -0.040022
v 0.134914 0.475727 0.092494
v 0.135084 0.475180 -0.040022
v 0.177733 0.375627 -0.040022
v 0.177686 0.376445 0.092494
v 0.195319 0.380140 0.092494
v 0.195294 0.379092 -0.040022
v 0.167484 0.818143 0.092494
v 0.168098 0.817868 -0.040022
v 0.130104 0.491214 -0.040022
v 0.130274 0.490668 0.092494
v 0.180019 0.844182 -0.040022
v 0.179138 0.844698 0.092494
v 0.186486 0.872249 0.092494
v 0.187604 0.871402 -0.040022
v 0.221240 0.790826 0.092494
v 0.220016 0.792868 -0.040022
v 0.207970 0.747248 0.092494
v 0.207080 0.748747 -0.040022
v 0.193276 0.710572 0.092494
v 0.192619 0.711504 -0.040022
v 0.174500 0.679893 0.092494
v 0.174002 0.680453 -0.040022
v 0.188118 0.664595 0.092494
v 0.188616 0.664035 -0.040022
v 0.211913 0.684181 -0.040022
v 0.211255 0.685112 0.092494
v 0.232307 0.706264 0.092494
v 0.233198 0.704765 -0.040022
v 0.243080 0.594054 0.092494
v 0.242611 0.596265 -0.040022
v 0.215413 0.561041 0.092494
v 0.215047 0.562767 -0.040022
v 0.187806 0.536471 0.092494
v 0.187413 0.537767 -0.040022
v 0.072362 0.986568 0.092494
v 0.071242 0.986927 -0.040022
v 0.159676 0.513153 0.092494
v 0.159299 0.514037 -0.040022
v 0.081652 0.952648 0.092494
v 0.080852 0.952834 -0.040022
v 0.085693 0.920466 0.092494
v 0.085110 0.920575 -0.040022
v 0.089436 0.892434 0.067802
v 0.089232 0.891812 -0.040022
v 0.096817 0.891048 0.067802
v 0.096984 0.890355 -0.040022
v 0.225409 0.513886 0.092494
v 0.225774 0.512160 -0.040022
v 0.104290 0.969023 -0.040022
v 0.104406 0.961758 -0.040022
v 0.104418 0.954566 -0.040022
v 0.103261 0.969337 0.092494
v 0.103462 0.962025 0.092494
v 0.103551 0.954789 0.092494
v 0.135168 0.625036 -0.040022
v 0.133327 0.627948 -0.040022
v 0.135738 0.625626 0.074892
v 0.134247 0.626492 0.081065
v 0.133965 0.628430 0.074892
v 0.103842 0.984035 -0.040022
v 0.102625 0.984431 0.092494
v 0.152817 0.634971 -0.040022
v 0.146830 0.630588 -0.040022
v 0.141856 0.627370 -0.040022
v 0.152589 0.635330 0.091779
v 0.146695 0.630947 0.086779
v 0.141907 0.627787 0.075606
v 0.221016 0.423686 -0.040022
v 0.221048 0.422463 0.091779
v 0.137080 0.634901 -0.040022
v 0.140963 0.639675 -0.040022
v 0.145872 0.645310 -0.040022
v 0.137432 0.634843 0.075606
v 0.141222 0.639425 0.086779
v 0.146116 0.644965 0.091779
v 0.200955 0.412595 -0.040022
v 0.205888 0.415416 -0.040022
v 0.210868 0.418256 -0.040022
v 0.200921 0.411501 0.092494
v 0.205855 0.414281 0.092494
v 0.210846 0.417087 0.092494
v 0.154303 0.943665 -0.040022
v 0.181289 0.402120 -0.040022
v 0.186210 0.404627 -0.040022
v 0.191129 0.407192 -0.040022
v 0.181314 0.401240 0.092494
v 0.186215 0.403687 0.092494
v 0.191116 0.406195 0.092494
v 0.154750 0.905472 -0.040022
v 0.154654 0.914693 -0.040022
v 0.154526 0.924068 -0.040022
v 0.155936 0.904560 0.092494
v 0.155914 0.913731 0.092494
v 0.155869 0.923070 0.092494
v 0.192265 0.496995 -0.040022
v 0.185414 0.494185 -0.040022
v 0.178180 0.491249 -0.040022
v 0.191862 0.498184 0.092494
v 0.185008 0.495269 0.092494
v 0.177780 0.492231 0.092494
v 0.161501 0.392189 -0.040022
v 0.166491 0.394685 -0.040022
v 0.171439 0.397166 -0.040022
v 0.161597 0.391555 0.092494
v 0.166577 0.393989 0.092494
v 0.171507 0.396409 0.092494
v 0.154590 0.868277 -0.040022
v 0.154793 0.877512 -0.040022
v 0.154849 0.886885 -0.040022
v 0.155529 0.867677 0.092494
v 0.155790 0.876827 0.092494
v 0.155904 0.886115 0.092494
v 0.142715 0.382188 -0.040022
v 0.146674 0.384634 -0.040022
v 0.151385 0.387141 -0.040022
v 0.142946 0.381913 0.075606
v 0.146797 0.384215 0.086779
v 0.151477 0.386632 0.091779
v 0.104032 0.940164 -0.040022
v 0.103599 0.932811 -0.040022
v 0.102991 0.925245 -0.040022
v 0.103291 0.940321 0.092494
v 0.102911 0.932948 0.092494
v 0.102355 0.925367 0.092494
v 0.151441 0.834275 -0.040022
v 0.152586 0.842494 -0.040022
v 0.153506 0.850784 -0.040022
v 0.152129 0.833955 0.092494
v 0.153343 0.842118 0.092494
v 0.154327 0.850343 0.092494
v 0.138288 0.373224 -0.040022
v 0.137469 0.375082 -0.040022
v 0.137976 0.377333 -0.040022
v 0.138906 0.373477 0.074892
v 0.138132 0.375279 0.081065
v 0.138575 0.377440 0.074892
v 0.146354 0.802291 -0.040022
v 0.147266 0.809350 -0.040022
v 0.148613 0.817446 -0.040022
v 0.146771 0.802433 0.075606
v 0.147732 0.809236 0.086779
v 0.149148 0.817216 0.091779
v 0.106195 0.470440 -0.040022
v 0.105340 0.473979 -0.040022
v 0.106952 0.470776 0.074892
v 0.105768 0.472210 0.081065
v 0.106124 0.474203 0.074892
v 0.153873 0.372123 -0.040022
v 0.148591 0.371587 -0.040022
v 0.143998 0.371469 -0.040022
v 0.153796 0.372636 0.091779
v 0.148593 0.372043 0.086779
v 0.144173 0.371865 0.075606
v 0.150460 0.790575 -0.040022
v 0.148255 0.790607 -0.040022
v 0.146778 0.792682 -0.040022
v 0.150748 0.791557 0.074892
v 0.148619 0.791628 0.081065
v 0.147157 0.793572 0.074892
v 0.126820 0.472737 -0.040022
v 0.119525 0.470941 -0.040022
v 0.113568 0.469916 -0.040022
v 0.126700 0.473213 0.091779
v 0.119504 0.471362 0.086779
v 0.113755 0.470300 0.075606
v 0.190770 0.377965 -0.040022
v 0.186361 0.377061 -0.040022
v 0.182028 0.376307 -0.040022
v 0.190782 0.378961 0.092494
v 0.186356 0.378001 0.092494
v 0.182002 0.377187 0.092494
v 0.164232 0.810369 -0.040022
v 0.160303 0.803142 -0.040022
v 0.156601 0.797054 -0.040022
v 0.163706 0.810623 0.091779
v 0.159905 0.803448 0.086779
v 0.156407 0.797537 0.075606
v 0.111265 0.479377 -0.040022
v 0.116544 0.482708 -0.040022
v 0.122994 0.486642 -0.040022
v 0.111593 0.479180 0.075606
v 0.116722 0.482344 0.086779
v 0.123134 0.486173 0.091779
v 0.204924 0.382131 -0.040022
v 0.199981 0.380494 -0.040022
v 0.204957 0.383266 0.092494
v 0.200014 0.381589 0.092494
v 0.185808 0.864305 -0.040022
v 0.184023 0.857400 -0.040022
v 0.182133 0.850691 -0.040022
v 0.184752 0.865074 0.092494
v 0.183027 0.858086 0.092494
v 0.181194 0.851291 0.092494
v 0.223568 0.805211 -0.040022
v 0.227770 0.815859 -0.040022
v 0.224896 0.803021 0.091779
v 0.229122 0.813490 0.086779
v 0.193927 0.894820 -0.040022
v 0.191610 0.886458 -0.040022
v 0.189518 0.878726 -0.040022
v 0.190350 0.887421 0.092494
v 0.188333 0.879637 0.092494
v 0.210309 0.758986 -0.040022
v 0.213493 0.769665 -0.040022
v 0.216704 0.780915 -0.040022
v 0.211268 0.757349 0.092494
v 0.214528 0.767894 0.092494
v 0.217826 0.779010 0.092494
v 0.196547 0.720173 -0.040022
v 0.200241 0.729304 -0.040022
v 0.203739 0.738846 -0.040022
v 0.197254 0.719109 0.092494
v 0.201004 0.728097 0.092494
v 0.204563 0.737492 0.092494
v 0.179129 0.687928 -0.040022
v 0.183929 0.695503 -0.040022
v 0.188420 0.703316 -0.040022
v 0.179671 0.687300 0.092494
v 0.184509 0.694790 0.092494
v 0.189036 0.702501 0.092494
v 0.157122 0.658446 -0.040022
v 0.162885 0.665606 -0.040022
v 0.168553 0.672984 -0.040022
v 0.157453 0.658022 0.092494
v 0.163273 0.665145 0.092494
v 0.168999 0.672479 0.092494
v 0.173424 0.374957 -0.040022
v 0.168993 0.374278 -0.040022
v 0.164318 0.373579 -0.040022
v 0.173356 0.375714 0.092494
v 0.168908 0.374974 0.092494
v 0.164222 0.374213 0.092494
v 0.177580 0.837839 -0.040022
v 0.174789 0.831483 -0.040022
v 0.171632 0.824898 -0.040022
v 0.176760 0.838280 0.092494
v 0.174032 0.831858 0.092494
v 0.170943 0.825217 0.092494
v 0.181627 0.658172 -0.040022
v 0.174267 0.652079 -0.040022
v 0.166822 0.646011 -0.040022
v 0.181181 0.658677 0.092494
v 0.173879 0.652540 0.092494
v 0.166491 0.646435 0.092494
v 0.227928 0.699118 -0.040022
v 0.222618 0.693894 -0.040022
v 0.217276 0.688959 -0.040022
v 0.227103 0.700472 0.092494
v 0.221855 0.695101 0.092494
v 0.216569 0.690023 0.092494
v 0.249773 0.606378 -0.040022
v 0.250300 0.604007 0.091779
v 0.249604 0.725034 -0.040022
v 0.243855 0.717702 -0.040022
v 0.238452 0.710949 -0.040022
v 0.248483 0.726939 0.092494
v 0.242820 0.719473 0.092494
v 0.237492 0.712587 0.092494
v 0.221866 0.570047 -0.040022
v 0.228693 0.577986 -0.040022
v 0.235587 0.586690 -0.040022
v 0.222238 0.568214 0.092494
v 0.229080 0.576039 0.092494
v 0.236005 0.584619 0.092494
v 0.194356 0.543672 -0.040022
v 0.201285 0.549715 -0.040022
v 0.208186 0.556034 -0.040022
v 0.194737 0.542268 0.092494
v 0.201657 0.548204 0.092494
v 0.208553 0.554416 0.092494
v 0.068145 0.995661 -0.040022
v 0.064867 1.004525 -0.040022
v 0.069362 0.995265 0.092494
v 0.066185 1.004101 0.092494
v 0.166437 0.520037 -0.040022
v 0.173482 0.525979 -0.040022
v 0.180463 0.531883 -0.040022
v 0.166838 0.519055 0.092494
v 0.173889 0.524895 0.092494
v 0.180866 0.530693 0.092494
v 0.078979 0.961120 -0.040022
v 0.076715 0.969607 -0.040022
v 0.074117 0.978231 -0.040022
v 0.079846 0.960897 0.092494
v 0.077659 0.969340 0.092494
v 0.075145 0.977917 0.092494
v 0.137396 0.496402 -0.040022
v 0.144730 0.502055 -0.040022
v 0.152049 0.507994 -0.040022
v 0.137618 0.495779 0.092494
v 0.145010 0.501351 0.092494
v 0.152384 0.507203 0.092494
v 0.084321 0.928807 -0.040022
v 0.083424 0.936819 -0.040022
v 0.082306 0.944775 -0.040022
v 0.084958 0.928685 0.092494
v 0.084112 0.936683 0.092494
v 0.083046 0.944618 0.092494
v 0.087854 0.897156 -0.040022
v 0.086784 0.904076 -0.040022
v 0.085900 0.912122 -0.040022
v 0.088196 0.897410 0.075606
v 0.087229 0.904091 0.086779
v 0.086421 0.912038 0.091779
v 0.206510 0.679426 -0.040022
v 0.200933 0.674568 -0.040022
v 0.195022 0.669479 -0.040022
v 0.205893 0.680241 0.092494
v 0.200353 0.675281 0.092494
v 0.194480 0.670108 0.092494
v 0.161880 0.484790 -0.040022
v 0.152950 0.481393 -0.040022
v 0.143908 0.478127 -0.040022
v 0.161545 0.485581 0.092494
v 0.152670 0.482098 0.092494
v 0.143686 0.478750 0.092494
v 0.095055 0.887605 -0.040022
v 0.092994 0.886953 -0.040022
v 0.090990 0.888373 -0.040022
v 0.095014 0.888568 0.074892
v 0.093023 0.887989 0.081065
v 0.091084 0.889308 0.074892
v 0.218948 0.508571 -0.040022
v 0.212219 0.505397 -0.040022
v 0.205555 0.502500 -0.040022
v 0.218582 0.510189 0.092494
v 0.211847 0.506908 0.092494
v 0.205173 0.503904 0.092494
v 0.101211 0.909283 -0.040022
v 0.100027 0.901619 -0.040022
v 0.098635 0.895145 -0.040022
v 0.100691 0.909391 0.091779
v 0.099588 0.901799 0.086779
v 0.098311 0.895525 0.075607
v 0.247866 0.525941 -0.040022
v 0.240057 0.520883 -0.040022
v 0.232756 0.516271 -0.040022
v 0.247447 0.528012 0.092494
v 0.239669 0.522829 0.092494
v 0.232385 0.518104 0.092494
v 0.097676 0.508071 -0.111239
v 0.101492 0.604715 -0.102953
v -0.018830 0.875049 -0.096901
v -0.074679 0.880456 -0.096901
v -0.131393 0.847393 -0.096901
v -0.152216 0.831325 -0.096901
v -0.186803 0.787660 -0.096901
v -0.209502 0.749131 -0.096901
v -0.148880 0.342862 -0.039839
v -0.148880 0.536665 -0.036040
v 0.097676 0.342862 -0.039839
v -0.189978 0.342862 -0.039839
v -0.189978 0.473484 -0.037830
v 0.197160 0.342862 -0.039839
v 0.251027 0.517585 -0.036361
v -0.096094 0.604715 -0.033997
v -0.063085 0.734405 -0.032301
v 0.043982 1.024415 -0.032301
v -0.086974 0.733527 -0.032301
v -0.104822 0.730496 -0.032301
v -0.129178 0.720612 -0.032313
v -0.182914 0.944023 -0.032301
v -0.150119 0.709502 -0.032362
v -0.230428 0.871357 -0.032301
v -0.176084 0.673074 -0.032732
v -0.232201 0.710601 -0.032343
v -0.283776 0.810197 -0.032301
v -0.256660 0.839452 -0.032301
v -0.165751 0.695263 -0.032467
v -0.296164 0.692608 -0.032367
v -0.304833 0.788204 -0.032301
v -0.187682 0.655648 -0.033016
v -0.251471 0.661931 -0.032813
v -0.148880 0.342862 0.000000
v -0.148880 0.536665 -0.000000
v 0.097676 0.342862 0.000000
v -0.189978 0.342862 0.000000
v -0.189978 0.473484 -0.000000
v 0.197160 0.342862 0.000000
v 0.251027 0.517585 -0.000000
v -0.096094 0.604715 -0.000000
v -0.063085 0.734405 -0.000000
v 0.043982 1.024415 -0.000000
v -0.086974 0.733527 -0.000000
v -0.046195 1.039969 -0.000000
v -0.104822 0.730496 -0.000000
v -0.124109 0.993656 -0.000000
v -0.129178 0.720612 -0.000000
v -0.182914 0.944023 -0.000000
v -0.150119 0.709502 -0.000000
v -0.230428 0.871357 -0.000000
v -0.176084 0.673074 -0.000000
v -0.232201 0.710601 -0.000000
v -0.283776 0.810197 -0.000000
v -0.256660 0.839452 -0.000000
v -0.165751 0.695263 -0.000000
v -0.296164 0.692608 -0.000000
v -0.304833 0.788204 -0.000000
v -0.187682 0.655648 -0.000000
v -0.251471 0.661931 -0.000000
v -0.148880 0.342862 -0.111155
v -0.148880 0.350164 -0.119518
v -0.148880 0.343418 -0.114355
v -0.148880 0.345001 -0.117068
v -0.148880 0.347369 -0.118881
v -0.148880 0.536665 -0.101142
v -0.136137 0.542885 -0.108177
v -0.147910 0.537138 -0.104020
v -0.145148 0.538487 -0.106372
v -0.141013 0.540505 -0.107832
v 0.097676 0.350108 -0.119518
v 0.097676 0.342862 -0.111154
v 0.097676 0.347335 -0.118881
v 0.097676 0.344984 -0.117068
v 0.097676 0.343414 -0.114355
v -0.189978 0.342862 -0.111155
v -0.189978 0.350261 -0.119518
v -0.189978 0.343425 -0.114355
v -0.189978 0.345029 -0.117068
v -0.189978 0.347429 -0.118881
v -0.189978 0.460076 -0.115059
v -0.189978 0.473484 -0.106070
v -0.189978 0.465207 -0.114075
v -0.189978 0.469557 -0.112017
v -0.189978 0.472463 -0.109207
v 0.192912 0.350090 -0.119518
v 0.197160 0.342862 -0.111154
v 0.194538 0.347324 -0.118881
v 0.195916 0.344979 -0.117068
v 0.196837 0.343412 -0.114355
v 0.244449 0.517177 -0.109782
v 0.251027 0.517585 -0.101890
v 0.246966 0.517333 -0.109118
v 0.249101 0.517466 -0.107385
v 0.250527 0.517554 -0.104847
v -0.096094 0.604715 -0.095356
v -0.088202 0.604715 -0.102404
v -0.095493 0.604715 -0.098096
v -0.093782 0.604715 -0.100399
v -0.091222 0.604715 -0.101911
v -0.063085 0.734405 -0.090122
v -0.061013 0.740987 -0.096901
v -0.062927 0.734906 -0.092716
v -0.062478 0.736332 -0.094916
v -0.061806 0.738468 -0.096385
v 0.043982 1.024415 -0.090109
v 0.041316 1.018076 -0.096901
v 0.043779 1.023933 -0.092708
v 0.043201 1.022559 -0.094912
v 0.042336 1.020502 -0.096384
v -0.086974 0.733527 -0.090122
v -0.086414 0.740220 -0.096901
v -0.086931 0.734036 -0.092716
v -0.086810 0.735487 -0.094916
v -0.086628 0.737658 -0.096385
v -0.054864 1.034816 -0.096901
v -0.046195 1.039969 -0.090105
v -0.051547 1.036788 -0.096384
v -0.048735 1.038460 -0.094911
v -0.046855 1.039577 -0.092706
v -0.104822 0.730496 -0.090124
v -0.106300 0.736999 -0.096901
v -0.104935 0.730991 -0.092718
v -0.105255 0.732401 -0.094916
v -0.105735 0.734510 -0.096385
v -0.124109 0.993656 -0.090097
v -0.115896 0.998538 -0.096901
v -0.123484 0.994028 -0.092701
v -0.121703 0.995086 -0.094909
v -0.119039 0.996670 -0.096384
v -0.130571 0.727304 -0.096930
v -0.129178 0.720612 -0.090208
v -0.130038 0.724743 -0.096434
v -0.129586 0.722572 -0.094985
v -0.129284 0.721121 -0.092800
v -0.182914 0.944023 -0.090103
v -0.182446 0.942304 -0.096384
v -0.182856 0.943811 -0.092705
v -0.150119 0.709502 -0.090398
v -0.152969 0.715574 -0.097080
v -0.150336 0.709964 -0.092992
v -0.150954 0.711280 -0.095171
v -0.151878 0.713250 -0.096605
v -0.228814 0.868261 -0.096901
v -0.230428 0.871357 -0.090108
v -0.229955 0.870450 -0.094912
v -0.230305 0.871121 -0.092708
v -0.176084 0.673074 -0.091593
v -0.181109 0.676435 -0.098340
v -0.176467 0.673330 -0.094222
v -0.177556 0.674058 -0.096427
v -0.179186 0.675149 -0.097872
v -0.220858 0.720834 -0.096985
v -0.232201 0.710601 -0.090328
v -0.225199 0.716918 -0.096515
v -0.228879 0.713598 -0.095090
v -0.231338 0.711380 -0.092918
v -0.283776 0.810197 -0.090114
v -0.282519 0.807770 -0.096385
v -0.283179 0.809045 -0.094913
v -0.283621 0.809898 -0.092711
v -0.165751 0.695263 -0.090752
v -0.169876 0.700341 -0.097423
v -0.166065 0.695649 -0.093354
v -0.166960 0.696750 -0.095533
v -0.168298 0.698398 -0.096960
v -0.256660 0.839452 -0.090111
v -0.255490 0.837211 -0.096385
v -0.256105 0.838389 -0.094913
v -0.256516 0.839176 -0.092710
v -0.290149 0.701342 -0.097086
v -0.296164 0.692608 -0.090413
v -0.292451 0.698000 -0.096616
v -0.294402 0.695166 -0.095185
v -0.295706 0.693273 -0.093008
v -0.304833 0.788204 -0.090116
v -0.298101 0.789033 -0.096901
v -0.304320 0.788268 -0.092713
v -0.302861 0.788447 -0.094914
v -0.300677 0.788716 -0.096385
v -0.190273 0.662715 -0.099032
v -0.187682 0.655648 -0.092465
v -0.189282 0.660011 -0.098652
v -0.188441 0.657718 -0.097273
v -0.187879 0.656186 -0.095101
v -0.251471 0.661931 -0.091842
v -0.241857 0.667797 -0.098554
v -0.250739 0.662378 -0.094474
v -0.248655 0.663649 -0.096675
v -0.245536 0.665552 -0.098107
v -0.046195 1.039969 -0.039162
v -0.053228 1.035789 -0.032301
v -0.046195 1.039969 -0.025521
v -0.039515 1.038817 -0.032301
v -0.046731 1.039651 -0.036536
v -0.048255 1.038745 -0.034310
v -0.050537 1.037389 -0.032823
v -0.118212 0.997161 -0.032301
v -0.124109 0.993656 -0.039197
v -0.129290 0.989283 -0.032301
v -0.124109 0.993656 -0.025521
v -0.120468 0.995820 -0.032825
v -0.122382 0.994683 -0.034320
v -0.123660 0.993923 -0.036558
v -0.183578 1.079913 -0.077177
v -0.191680 1.075057 -0.070376
v -0.190182 1.083738 -0.069140
v -0.186747 1.078138 -0.076641
v -0.189400 1.076591 -0.075161
v -0.185615 1.081668 -0.076180
v -0.188504 1.079893 -0.075437
v -0.190783 1.078485 -0.074457
v -0.192893 1.077317 -0.070092
v -0.193035 1.079760 -0.069758
v -0.191132 1.075510 -0.072960
v -0.192009 1.077797 -0.072505
v -0.192366 1.079845 -0.072122
v -0.189189 1.083738 -0.071830
v -0.187585 1.083011 -0.074302
v -0.192083 1.082015 -0.069424
v -0.191092 1.081746 -0.071961
v -0.190011 1.081251 -0.074086
v -0.169973 1.088000 -0.077177
v -0.174535 1.093039 -0.069140
v -0.162551 1.093662 -0.070175
v -0.171541 1.090034 -0.076180
v -0.172959 1.091705 -0.074302
v -0.167782 1.090466 -0.076471
v -0.169349 1.091830 -0.075348
v -0.168970 1.093565 -0.073532
v -0.171836 1.094148 -0.069378
v -0.168611 1.094656 -0.069658
v -0.174010 1.092761 -0.071830
v -0.171302 1.093629 -0.071929
v -0.163765 1.093531 -0.072681
v -0.165602 1.092408 -0.074892
v -0.165351 1.094486 -0.069938
v -0.166354 1.093994 -0.072341
v -0.162551 1.093662 -0.059089
v -0.174535 1.093039 -0.060062
v -0.168399 1.088936 -0.052025
v -0.165351 1.094486 -0.059312
v -0.168611 1.094656 -0.059575
v -0.163590 1.093576 -0.056549
v -0.166182 1.094069 -0.056886
v -0.168619 1.094342 -0.057181
v -0.173649 1.092975 -0.057372
v -0.172172 1.092173 -0.054900
v -0.171836 1.094148 -0.059839
v -0.171047 1.093781 -0.057283
v -0.170163 1.093258 -0.055159
v -0.166755 1.091018 -0.052727
v -0.165066 1.092648 -0.054315
v -0.170329 1.090755 -0.053022
v -0.168587 1.092257 -0.053856
v -0.167077 1.093463 -0.054905
v -0.191680 1.075057 -0.058915
v -0.185805 1.078590 -0.052025
v -0.190182 1.083738 -0.060062
v -0.191225 1.075337 -0.056295
v -0.189949 1.076106 -0.054066
v -0.192900 1.077307 -0.059371
v -0.192395 1.077691 -0.056696
v -0.191707 1.079547 -0.055640
v -0.187473 1.080570 -0.053005
v -0.188890 1.082244 -0.054877
v -0.188046 1.077248 -0.052566
v -0.189812 1.079244 -0.053666
v -0.192090 1.082004 -0.059991
v -0.193044 1.079746 -0.059749
v -0.189842 1.083356 -0.057355
v -0.191737 1.081508 -0.057200
v 0.106323 0.677749 -0.098273
v 0.105044 0.668057 -0.098739
v 0.111198 0.711036 -0.097161
v 0.111054 0.700957 -0.097411
v 0.062983 0.858461 -0.096901
v 0.070318 0.851953 -0.096901
v 0.097189 0.783513 -0.096901
v 0.100005 0.773505 -0.096901
v -0.031196 0.677583 -0.032445
v -0.036903 0.668688 -0.032547
v 0.254843 0.667804 -0.032724
v 0.254891 0.677803 -0.032595
v -0.023292 0.702621 -0.032309
v -0.025128 0.692689 -0.032338
v 0.255332 0.724364 -0.032301
v -0.043475 0.734485 -0.032301
v -0.034561 0.730715 -0.032301
v 0.142850 0.961617 -0.032301
v 0.135462 0.968280 -0.032301
v -0.027152 0.722518 -0.032301
v -0.023559 0.713417 -0.032301
v 0.214468 0.865655 -0.032301
v 0.209941 0.874511 -0.032301
v -0.031198 0.677578 -0.000000
v -0.036890 0.668702 -0.000000
v 0.254843 0.667800 -0.000000
v 0.254891 0.677804 -0.000000
v -0.023292 0.702621 -0.000000
v -0.025125 0.692696 -0.000000
v 0.255332 0.724363 -0.000000
v -0.043459 0.734485 -0.000000
v -0.034562 0.730716 -0.000000
v 0.142850 0.961618 -0.000000
v 0.135460 0.968281 -0.000000
v -0.027149 0.722515 -0.000000
v -0.023559 0.713425 -0.000000
v 0.214468 0.865656 -0.000000
v 0.209940 0.874512 -0.000000
v -0.036943 0.668645 -0.091015
v -0.031190 0.677597 -0.090681
v -0.023381 0.677725 -0.097464
v -0.029601 0.668169 -0.097787
v -0.036420 0.668570 -0.093633
v -0.030589 0.677623 -0.093286
v -0.034839 0.668456 -0.095839
v -0.028894 0.677657 -0.095481
v -0.032447 0.668311 -0.097298
v -0.026363 0.677694 -0.096933
v 0.248408 0.667974 -0.098509
v 0.248470 0.677767 -0.098074
v 0.254891 0.677801 -0.091160
v 0.254843 0.667816 -0.091564
v 0.250927 0.677780 -0.097533
v 0.250871 0.667913 -0.097966
v 0.253010 0.677790 -0.096030
v 0.252958 0.667868 -0.096455
v 0.254402 0.677796 -0.093792
v 0.254353 0.667837 -0.094207
v -0.025136 0.692667 -0.090312
v -0.023292 0.702620 -0.090190
v -0.015413 0.703104 -0.097000
v -0.017317 0.692957 -0.097152
v -0.022693 0.702656 -0.092788
v -0.024550 0.692667 -0.092916
v -0.020985 0.702762 -0.094995
v -0.022859 0.692721 -0.095130
v -0.018428 0.702919 -0.096474
v -0.020319 0.692823 -0.096618
v 0.255332 0.724367 -0.090132
v 0.251415 0.723762 -0.096409
v 0.253473 0.724081 -0.094934
v 0.254849 0.724295 -0.092730
v -0.034557 0.730710 -0.090122
v -0.043525 0.734485 -0.090122
v -0.038460 0.740935 -0.096901
v -0.028979 0.737056 -0.096901
v -0.043191 0.734976 -0.092716
v -0.034129 0.731189 -0.092716
v -0.042117 0.736374 -0.094916
v -0.032920 0.732565 -0.094916
v -0.040463 0.738467 -0.096385
v -0.031113 0.734626 -0.096385
v 0.139019 0.955813 -0.096901
v 0.131694 0.962455 -0.096901
v 0.135466 0.968278 -0.090112
v 0.142853 0.961613 -0.090112
v 0.140495 0.958021 -0.096385
v 0.133137 0.964684 -0.096385
v 0.141739 0.959903 -0.094913
v 0.134363 0.966571 -0.094913
v 0.142566 0.961166 -0.092710
v 0.135182 0.967833 -0.092710
v -0.019442 0.726432 -0.096901
v -0.015765 0.716956 -0.096903
v -0.023558 0.713391 -0.090124
v -0.027160 0.722527 -0.090122
v -0.022402 0.724946 -0.096385
v -0.018747 0.715568 -0.096387
v -0.024909 0.723683 -0.094916
v -0.021275 0.714403 -0.094918
v -0.026581 0.722834 -0.092716
v -0.022964 0.713638 -0.092719
v 0.209225 0.861449 -0.096901
v 0.204756 0.870239 -0.096901
v 0.209944 0.874507 -0.090114
v 0.214469 0.865651 -0.090115
v 0.211238 0.863038 -0.096385
v 0.206741 0.871873 -0.096385
v 0.212939 0.864403 -0.094914
v 0.208426 0.873255 -0.094914
v 0.214073 0.865323 -0.092712
v 0.209551 0.874179 -0.092712
v -0.205244 0.371333 -0.117068
v -0.212722 0.397571 -0.115570
v -0.208804 0.379255 -0.116868
v -0.211541 0.388859 -0.116319
v -0.214703 0.396811 -0.112897
v -0.206983 0.370952 -0.114355
v -0.213512 0.388202 -0.113626
v -0.210686 0.378737 -0.114160
v -0.208399 0.370963 -0.111155
v -0.216038 0.396498 -0.109741
v -0.212200 0.378622 -0.110965
v -0.214996 0.387968 -0.110448
v -0.208807 0.444205 -0.000000
v -0.216169 0.418314 -0.000000
v -0.212488 0.436545 -0.000000
v -0.215183 0.427069 -0.000000
v -0.216169 0.396425 -0.000000
v -0.208574 0.371034 -0.000000
v -0.215152 0.387941 -0.000000
v -0.212372 0.378648 -0.000000
v -0.216169 0.418274 -0.038409
v -0.208803 0.444210 -0.037830
v -0.215182 0.427049 -0.038119
v -0.212486 0.436543 -0.037907
v -0.216169 0.396443 -0.039283
v -0.208567 0.371023 -0.039839
v -0.215151 0.387949 -0.039561
v -0.212368 0.378644 -0.039765
v -0.211220 0.398754 -0.117347
v -0.204055 0.372103 -0.118881
v -0.210184 0.389892 -0.118114
v -0.207561 0.380136 -0.118676
v -0.210659 0.412138 -0.116692
v -0.203278 0.439192 -0.115059
v -0.209670 0.421423 -0.115875
v -0.206969 0.431325 -0.115277
v -0.208791 0.444228 -0.106070
v -0.216116 0.418150 -0.107549
v -0.212473 0.436535 -0.106268
v -0.215154 0.426990 -0.106810
v -0.204483 0.441377 -0.114075
v -0.211444 0.414223 -0.115704
v -0.208045 0.433419 -0.114293
v -0.210593 0.423480 -0.114890
v -0.206615 0.442894 -0.112017
v -0.213361 0.416098 -0.113616
v -0.210179 0.435041 -0.112231
v -0.212648 0.425233 -0.112816
v -0.215334 0.417536 -0.110746
v -0.208383 0.443865 -0.109207
v -0.214568 0.426491 -0.109976
v -0.212023 0.436127 -0.109413
v 0.097676 0.508071 0.111239
v 0.101492 0.604715 0.102953
v -0.018830 0.875049 0.096901
v -0.074679 0.880456 0.096901
v -0.131393 0.847393 0.096901
v -0.152216 0.831325 0.096901
v -0.186803 0.787660 0.096901
v -0.209502 0.749131 0.096901
v -0.148880 0.342862 0.039839
v -0.148880 0.536665 0.036040
v 0.097676 0.342862 0.039839
v -0.189978 0.342862 0.039839
v -0.189978 0.473484 0.037830
v 0.197160 0.342862 0.039839
v 0.251027 0.517585 0.036361
v -0.096094 0.604715 0.033997
v -0.063085 0.734405 0.032300
v 0.043982 1.024415 0.032300
v -0.086974 0.733527 0.032300
v -0.104822 0.730496 0.032300
v -0.129178 0.720612 0.032313
v -0.182914 0.944023 0.032300
v -0.150119 0.709502 0.032362
v -0.230428 0.871357 0.032300
v -0.176084 0.673074 0.032732
v -0.232201 0.710601 0.032343
v -0.283776 0.810197 0.032300
v -0.256660 0.839452 0.032300
v -0.165751 0.695263 0.032466
v -0.296164 0.692608 0.032367
v -0.304833 0.788204 0.032300
v -0.187682 0.655648 0.033016
v -0.251471 0.661931 0.032813
v -0.148880 0.342862 0.111155
v -0.148880 0.350164 0.119518
v -0.148880 0.343418 0.114355
v -0.148880 0.345001 0.117068
v -0.148880 0.347369 0.118881
v -0.148880 0.536665 0.101142
v -0.136137 0.542885 0.108177
v -0.147910 0.537138 0.104020
v -0.145148 0.538487 0.106372
v -0.141013 0.540505 0.107832
v 0.097676 0.350108 0.119518
v 0.097676 0.342862 0.111154
v 0.097676 0.347335 0.118881
v 0.097676 0.344984 0.117068
v 0.097676 0.343414 0.114355
v -0.189978 0.342862 0.111155
v -0.189978 0.350261 0.119518
v -0.189978 0.343425 0.114355
v -0.189978 0.345029 0.117068
v -0.189978 0.347429 0.118881
v -0.189978 0.460076 0.115059
v -0.189978 0.473484 0.106070
v -0.189978 0.465207 0.114075
v -0.189978 0.469557 0.112017
v -0.189978 0.472463 0.109207
v 0.192912 0.350090 0.119518
v 0.197160 0.342862 0.111154
v 0.194538 0.347324 0.118881
v 0.195916 0.344979 0.117068
v 0.196837 0.343412 0.114355
v 0.244449 0.517177 0.109782
v 0.251027 0.517585 0.101890
v 0.246966 0.517333 0.109118
v 0.249101 0.517466 0.107385
v 0.250527 0.517554 0.104847
v 0.248337 0.604715 0.102489
v -0.096094 0.604715 0.095356
v -0.088202 0.604715 0.102404
v -0.095493 0.604715 0.098096
v -0.093782 0.604715 0.100398
v -0.091222 0.604715 0.101911
v -0.063085 0.734405 0.090122
v -0.061013 0.740987 0.096901
v -0.062927 0.734906 0.092716
v -0.062478 0.736332 0.094916
v -0.061806 0.738468 0.096385
v 0.043982 1.024415 0.090109
v 0.041316 1.018076 0.096901
v 0.043779 1.023933 0.092708
v 0.043201 1.022559 0.094912
v 0.042336 1.020502 0.096384
v -0.086974 0.733527 0.090121
v -0.086414 0.740220 0.096901
v -0.086931 0.734036 0.092716
v -0.086810 0.735487 0.094916
v -0.086628 0.737658 0.096385
v -0.054864 1.034816 0.096901
v -0.046195 1.039969 0.090104
v -0.051547 1.036788 0.096384
v -0.048735 1.038460 0.094910
v -0.046855 1.039577 0.092705
v -0.104822 0.730496 0.090124
v -0.106300 0.736999 0.096901
v -0.104935 0.730991 0.092718
v -0.105255 0.732401 0.094916
v -0.105735 0.734510 0.096385
v -0.124109 0.993656 0.090097
v -0.115896 0.998538 0.096901
v -0.123484 0.994028 0.092701
v -0.121703 0.995086 0.094908
v -0.119039 0.996670 0.096383
v -0.130571 0.727304 0.096930
v -0.129178 0.720612 0.090208
v -0.130038 0.724743 0.096434
v -0.129586 0.722572 0.094985
v -0.129284 0.721121 0.092800
v -0.182156 0.941239 0.096901
v -0.182914 0.944023 0.090103
v -0.182692 0.943207 0.094910
v -0.182856 0.943811 0.092705
v -0.150119 0.709502 0.090398
v -0.152969 0.715574 0.097080
v -0.150336 0.709964 0.092992
v -0.150954 0.711280 0.095171
v -0.151878 0.713250 0.096605
v -0.228814 0.868261 0.096901
v -0.230428 0.871357 0.090108
v -0.229955 0.870450 0.094912
v -0.230305 0.871121 0.092708
v -0.176084 0.673074 0.091593
v -0.181109 0.676435 0.098340
v -0.176467 0.673330 0.094222
v -0.177556 0.674058 0.096427
v -0.179186 0.675149 0.097872
v -0.220858 0.720834 0.096985
v -0.232201 0.710601 0.090328
v -0.225199 0.716918 0.096515
v -0.228879 0.713598 0.095089
v -0.231338 0.711380 0.092918
v -0.281740 0.806265 0.096901
v -0.283776 0.810197 0.090114
v -0.283179 0.809045 0.094913
v -0.283621 0.809898 0.092711
v -0.165751 0.695263 0.090752
v -0.169876 0.700341 0.097423
v -0.166065 0.695649 0.093354
v -0.166960 0.696750 0.095533
v -0.168298 0.698398 0.096960
v -0.256660 0.839452 0.090111
v -0.255490 0.837211 0.096384
v -0.256105 0.838389 0.094913
v -0.256516 0.839176 0.092710
v -0.290149 0.701342 0.097085
v -0.296164 0.692608 0.090413
v -0.292451 0.698000 0.096616
v -0.294402 0.695166 0.095185
v -0.295706 0.693273 0.093008
v -0.304833 0.788204 0.090116
v -0.298101 0.789033 0.096901
v -0.304320 0.788268 0.092713
v -0.302861 0.788447 0.094914
v -0.300677 0.788716 0.096385
v -0.190273 0.662715 0.099032
v -0.187682 0.655648 0.092465
v -0.189282 0.660011 0.098651
v -0.188441 0.657718 0.097273
v -0.187879 0.656186 0.095100
v -0.251471 0.661931 0.091842
v -0.241857 0.667797 0.098554
v -0.250739 0.662378 0.094474
v -0.248655 0.663649 0.096675
v -0.245536 0.665552 0.098107
v -0.046195 1.039969 0.039161
v -0.053228 1.035789 0.032300
v -0.046195 1.039969 0.025521
v -0.039515 1.038817 0.032300
v -0.046731 1.039651 0.036536
v -0.048255 1.038745 0.034310
v -0.050537 1.037389 0.032823
v -0.118212 0.997161 0.032300
v -0.124109 0.993656 0.039197
v -0.129290 0.989283 0.032300
v -0.124109 0.993656 0.025521
v -0.120468 0.995820 0.032825
v -0.122382 0.994683 0.034320
v -0.123660 0.993923 0.036558
v -0.183578 1.079913 0.077177
v -0.191680 1.075057 0.070376
v -0.190182 1.083738 0.069140
v -0.186747 1.078138 0.076641
v -0.189400 1.076591 0.075160
v -0.185615 1.081668 0.076180
v -0.188504 1.079893 0.075436
v -0.190783 1.078485 0.074456
v -0.192893 1.077317 0.070092
v -0.193035 1.079760 0.069758
v -0.191132 1.075510 0.072960
v -0.192009 1.077797 0.072505
v -0.192366 1.079845 0.072122
v -0.189189 1.083738 0.071830
v -0.187585 1.083011 0.074302
v -0.192083 1.082015 0.069424
v -0.191092 1.081746 0.071961
v -0.190011 1.081251 0.074086
v -0.169973 1.088000 0.077177
v -0.174535 1.093039 0.069140
v -0.162551 1.093662 0.070175
v -0.171541 1.090034 0.076180
v -0.172959 1.091705 0.074302
v -0.167782 1.090466 0.076470
v -0.169349 1.091830 0.075348
v -0.170673 1.092962 0.074048
v -0.171836 1.094148 0.069377
v -0.168611 1.094656 0.069657
v -0.174010 1.092761 0.071830
v -0.171302 1.093629 0.071929
v -0.168784 1.094250 0.072040
v -0.163765 1.093531 0.072681
v -0.165602 1.092408 0.074892
v -0.165351 1.094486 0.069937
v -0.166354 1.093994 0.072341
v -0.167483 1.093261 0.074305
v -0.162551 1.093662 0.059089
v -0.174535 1.093039 0.060061
v -0.168399 1.088936 0.052025
v -0.165351 1.094486 0.059312
v -0.168611 1.094656 0.059575
v -0.163590 1.093576 0.056549
v -0.166182 1.094069 0.056886
v -0.168620 1.093757 0.055681
v -0.173649 1.092975 0.057371
v -0.172172 1.092173 0.054899
v -0.171836 1.094148 0.059838
v -0.171047 1.093781 0.057283
v -0.166755 1.091018 0.052726
v -0.165066 1.092648 0.054315
v -0.170329 1.090755 0.053022
v -0.168587 1.092257 0.053855
v -0.191680 1.075057 0.058915
v -0.185805 1.078590 0.052025
v -0.190182 1.083738 0.060061
v -0.191225 1.075337 0.056295
v -0.189949 1.076106 0.054066
v -0.192900 1.077307 0.059370
v -0.192395 1.077691 0.056696
v -0.191274 1.078212 0.054858
v -0.187473 1.080570 0.053005
v -0.188890 1.082244 0.054877
v -0.188046 1.077248 0.052566
v -0.189812 1.079244 0.053666
v -0.190849 1.080676 0.055184
v -0.192090 1.082004 0.059991
v -0.193044 1.079746 0.059748
v -0.189842 1.083356 0.057354
v -0.191737 1.081508 0.057200
v -0.192517 1.079673 0.057139
v 0.106323 0.677749 0.098273
v 0.105044 0.668057 0.098739
v 0.111198 0.711036 0.097161
v 0.111054 0.700957 0.097410
v 0.062983 0.858461 0.096901
v 0.070318 0.851953 0.096901
v 0.097189 0.783513 0.096901
v 0.100005 0.773505 0.096901
v -0.031196 0.677583 0.032445
v -0.036903 0.668688 0.032547
v 0.254843 0.667804 0.032724
v 0.254891 0.677803 0.032595
v -0.023292 0.702621 0.032308
v -0.025128 0.692689 0.032338
v 0.255332 0.724364 0.032300
v -0.043475 0.734485 0.032300
v -0.034561 0.730715 0.032300
v 0.142850 0.961617 0.032300
v 0.135462 0.968280 0.032300
v -0.027152 0.722518 0.032300
v -0.023559 0.713417 0.032300
v 0.214468 0.865655 0.032300
v 0.209941 0.874511 0.032300
v -0.036943 0.668645 0.091015
v -0.031190 0.677597 0.090681
v -0.023381 0.677725 0.097464
v -0.029601 0.668169 0.097787
v -0.036420 0.668570 0.093633
v -0.030589 0.677623 0.093286
v -0.034839 0.668456 0.095839
v -0.028894 0.677657 0.095481
v -0.032447 0.668311 0.097298
v -0.026363 0.677694 0.096933
v 0.248408 0.667974 0.098508
v 0.248470 0.677767 0.098074
v 0.254891 0.677801 0.091160
v 0.254843 0.667816 0.091564
v 0.250927 0.677780 0.097533
v 0.250871 0.667913 0.097966
v 0.253010 0.677790 0.096030
v 0.252958 0.667868 0.096455
v 0.254402 0.677796 0.093792
v 0.254353 0.667837 0.094207
v -0.025136 0.692667 0.090312
v -0.023292 0.702620 0.090190
v -0.015413 0.703104 0.097000
v -0.017317 0.692957 0.097152
v -0.022693 0.702656 0.092788
v -0.024550 0.692667 0.092916
v -0.020985 0.702762 0.094995
v -0.022859 0.692721 0.095130
v -0.018428 0.702919 0.096474
v -0.020319 0.692823 0.096618
v 0.248987 0.723393 0.096930
v 0.255332 0.724367 0.090132
v 0.251415 0.723762 0.096409
v 0.253473 0.724081 0.094934
v 0.254849 0.724295 0.092730
v -0.034557 0.730710 0.090122
v -0.043525 0.734485 0.090122
v -0.038460 0.740935 0.096901
v -0.028979 0.737056 0.096901
v -0.043191 0.734976 0.092716
v -0.034129 0.731189 0.092716
v -0.042117 0.736374 0.094916
v -0.032920 0.732565 0.094916
v -0.040463 0.738467 0.096385
v -0.031113 0.734626 0.096385
v 0.139019 0.955813 0.096901
v 0.131694 0.962455 0.096901
v 0.135466 0.968278 0.090112
v 0.142853 0.961613 0.090112
v 0.140495 0.958021 0.096384
v 0.133137 0.964684 0.096384
v 0.141739 0.959903 0.094913
v 0.134363 0.966571 0.094913
v 0.142566 0.961166 0.092710
v 0.135182 0.967833 0.092710
v -0.019442 0.726432 0.096901
v -0.015765 0.716956 0.096902
v -0.023558 0.713391 0.090124
v -0.027160 0.722527 0.090122
v -0.022402 0.724946 0.096385
v -0.018747 0.715568 0.096387
v -0.024909 0.723683 0.094916
v -0.021275 0.714403 0.094918
v -0.026581 0.722834 0.092716
v -0.022964 0.713638 0.092719
v 0.209225 0.861449 0.096901
v 0.204756 0.870239 0.096901
v 0.209944 0.874507 0.090114
v 0.214469 0.865651 0.090114
v 0.211238 0.863038 0.096385
v 0.206741 0.871873 0.096385
v 0.212939 0.864403 0.094913
v 0.208426 0.873255 0.094913
v 0.214073 0.865323 0.092712
v 0.209551 0.874179 0.092712
v -0.205244 0.371333 0.117068
v -0.212722 0.397571 0.115570
v -0.208804 0.379255 0.116868
v -0.211541 0.388859 0.116319
v -0.214703 0.396811 0.112897
v -0.206983 0.370952 0.114355
v -0.213512 0.388202 0.113626
v -0.210686 0.378738 0.114160
v -0.208399 0.370963 0.111155
v -0.216038 0.396498 0.109741
v -0.212200 0.378622 0.110965
v -0.214996 0.387968 0.110448
v -0.216169 0.418274 0.038409
v -0.208803 0.444210 0.037830
v -0.215182 0.427049 0.038119
v -0.212486 0.436543 0.037907
v -0.216169 0.396443 0.039283
v -0.208567 0.371023 0.039839
v -0.215151 0.387949 0.039561
v -0.212368 0.378644 0.039765
v -0.211220 0.398755 0.117347
v -0.204055 0.372103 0.118881
v -0.210184 0.389892 0.118114
v -0.207561 0.380137 0.118676
v -0.210659 0.412138 0.116692
v -0.203278 0.439192 0.115059
v -0.209670 0.421423 0.115875
v -0.206969 0.431325 0.115277
v -0.208791 0.444228 0.106070
v -0.216116 0.418150 0.107549
v -0.212473 0.436535 0.106268
v -0.215154 0.426990 0.106810
v -0.204483 0.441377 0.114075
v -0.211444 0.414223 0.115704
v -0.208045 0.433419 0.114293
v -0.210593 0.423480 0.114890
v -0.206615 0.442895 0.112017
v -0.213361 0.416099 0.113615
v -0.210179 0.435041 0.112231
v -0.212648 0.425233 0.112816
v -0.215334 0.417536 0.110746
v -0.208383 0.443865 0.109207
v -0.214568 0.426491 0.109976
v -0.212023 0.436128 0.109413
v 0.173384 0.375404 -0.118192
v 0.177705 0.376109 -0.118151
v 0.200000 0.381136 -0.117725
v 0.182013 0.376825 -0.118083
v 0.164262 0.373954 -0.118268
v 0.195309 0.379708 -0.117836
v 0.159221 0.373189 -0.118308
v 0.190777 0.378551 -0.117930
v 0.161557 0.391819 -0.117331
v 0.209986 0.384463 -0.108948
v 0.207880 0.383780 -0.114890
v 0.209444 0.384301 -0.112122
v 0.202772 0.382059 -0.117655
v 0.171479 0.396726 -0.117031
v 0.186358 0.377615 -0.118011
v 0.156504 0.389338 -0.117461
v 0.176393 0.399166 -0.116862
v 0.168943 0.374688 -0.118229
v 0.181303 0.401610 -0.116693
v 0.166541 0.394279 -0.117201
v 0.205537 0.382992 -0.116833
v 0.153827 0.372428 -0.118348
v 0.151439 0.386841 -0.117592
v 0.148592 0.371869 -0.118377
v 0.146749 0.384377 -0.117722
v 0.137897 0.375209 -0.118202
v 0.142870 0.382003 -0.117846
v 0.144116 0.371737 -0.118384
v 0.138383 0.377406 -0.118087
v 0.138709 0.373397 -0.118297
v 0.140780 0.372203 -0.118360
v 0.140058 0.379709 -0.117966
v 0.209781 0.383799 -0.039024
v 0.210017 0.384562 0.039009
v 0.209898 0.384179 -0.000000
v 0.210179 0.385088 0.092494
v 0.141465 0.372733 0.118332
v 0.140747 0.379588 0.117973
v 0.139388 0.377668 0.118073
v 0.139757 0.373743 0.118279
v 0.143100 0.381477 0.117874
v 0.144228 0.372368 0.118351
v 0.138864 0.375495 0.118187
v 0.148554 0.372446 0.118347
v 0.146871 0.383831 0.117750
v 0.153736 0.373010 0.118317
v 0.151538 0.386269 0.117622
v 0.208291 0.385114 0.114815
v 0.204979 0.384028 0.117055
v 0.168848 0.375462 0.118189
v 0.164155 0.374659 0.118231
v 0.186352 0.378655 0.117953
v 0.181985 0.377801 0.118029
v 0.203188 0.383408 0.117577
v 0.200037 0.382341 0.117657
v 0.176444 0.398276 0.116912
v 0.159114 0.373828 0.118274
v 0.186219 0.403069 0.116579
v 0.177653 0.377018 0.118101
v 0.156610 0.388708 0.117494
v 0.210257 0.385654 0.109463
v 0.210251 0.385322 0.099085
v 0.209838 0.385580 0.112052
v 0.161662 0.391124 0.117368
v 0.195337 0.380864 0.117770
v 0.173309 0.376245 0.118147
v 0.190791 0.379652 0.117868
v 0.181331 0.400657 0.116746
v 0.166634 0.393518 0.117242
v 0.171552 0.395901 0.117077
v 0.134991 0.475481 -0.112833
v 0.130196 0.490918 -0.111995
v 0.137516 0.496065 -0.111659
v 0.192049 0.497634 -0.111219
v 0.196028 0.409240 -0.116169
v 0.198713 0.500436 -0.111019
v 0.143787 0.478468 -0.112609
v 0.177964 0.491780 -0.111639
v 0.191121 0.406618 -0.116348
v 0.215924 0.420390 -0.115053
v 0.221992 0.423404 -0.106883
v 0.221033 0.423030 -0.110707
v 0.219778 0.422366 -0.112724
v 0.205351 0.503250 -0.110817
v 0.210856 0.417589 -0.115603
v 0.200936 0.411968 -0.115984
v 0.205869 0.414767 -0.115794
v 0.185195 0.494769 -0.111425
v 0.186213 0.404084 -0.116522
v 0.152797 0.481778 -0.112364
v 0.170166 0.488603 -0.111868
v 0.161697 0.485220 -0.112113
v 0.144880 0.501677 -0.111295
v 0.123071 0.486385 -0.112296
v 0.126753 0.473001 -0.113026
v 0.119513 0.471183 -0.113172
v 0.116646 0.482500 -0.112556
v 0.111471 0.479253 -0.112750
v 0.113686 0.470159 -0.113226
v 0.107848 0.476529 -0.112892
v 0.109432 0.469980 -0.113236
v 0.105435 0.472088 -0.113125
v 0.105838 0.474121 -0.113019
v 0.221955 0.423284 0.038238
v 0.222079 0.423686 -0.000000
v 0.222206 0.424100 -0.038222
v 0.108731 0.476573 0.112890
v 0.110195 0.470535 0.113206
v 0.107883 0.471122 0.113176
v 0.107054 0.474534 0.112997
v 0.113784 0.470707 0.113197
v 0.111797 0.478862 0.112770
v 0.119448 0.471668 0.113147
v 0.221594 0.422116 0.106952
v 0.219319 0.420880 0.112807
v 0.221011 0.421821 0.110074
v 0.126626 0.473490 0.112999
v 0.116816 0.482058 0.112580
v 0.123209 0.485906 0.112322
v 0.184798 0.495828 0.111367
v 0.145154 0.500988 0.111332
v 0.152518 0.482479 0.112327
v 0.177571 0.492743 0.111588
v 0.143564 0.479091 0.112575
v 0.161365 0.486004 0.112071
v 0.200900 0.410797 0.116050
v 0.191108 0.405544 0.116408
v 0.196000 0.408114 0.116232
v 0.169794 0.489474 0.111822
v 0.134820 0.476030 0.112804
v 0.213851 0.417976 0.115562
v 0.215926 0.419132 0.115000
v 0.137734 0.495452 0.111692
v 0.205834 0.413557 0.115863
v 0.210832 0.416346 0.115673
v 0.130364 0.490376 0.112025
v 0.198333 0.501691 0.110950
v 0.191657 0.498790 0.111157
v 0.194551 0.542954 -0.107807
v 0.251544 0.529375 -0.100985
v 0.251495 0.528268 -0.040022
v 0.251033 0.529100 -0.103935
v 0.249573 0.528210 -0.106514
v 0.250828 0.606210 -0.101808
v 0.252939 0.608714 -0.100066
v 0.254349 0.610457 -0.097617
v 0.254843 0.611122 -0.094834
v 0.254843 0.612485 -0.040022
v 0.232561 0.517237 -0.109832
v 0.239854 0.521902 -0.109403
v 0.247386 0.526833 -0.108333
v 0.244802 0.525125 -0.109120
v 0.235789 0.585688 -0.104111
v 0.242835 0.595209 -0.103297
v 0.249635 0.604715 -0.102182
v 0.248250 0.602747 -0.102653
v 0.218754 0.509430 -0.110383
v 0.222050 0.569140 -0.105531
v 0.225581 0.513073 -0.110134
v 0.228882 0.577033 -0.104853
v 0.215230 0.561906 -0.106154
v 0.212021 0.506202 -0.110608
v 0.208371 0.555219 -0.106732
v 0.201474 0.548948 -0.107275
v 0.173695 0.525411 -0.109404
v 0.180672 0.531265 -0.108871
v 0.187615 0.537099 -0.108340
v 0.152229 0.507571 -0.110916
v 0.166649 0.519519 -0.109941
v 0.159500 0.513567 -0.110483
v 0.157349 0.511773 -0.110647
v 0.251498 0.528340 -0.036066
v 0.251527 0.528995 -0.000000
v 0.254843 0.612331 -0.033822
v 0.254843 0.611489 -0.000000
v 0.254843 0.610647 0.033855
v 0.251556 0.529656 0.036030
v 0.251605 0.530762 0.092494
v 0.254843 0.609384 0.088572
v 0.252938 0.606223 0.100218
v 0.251675 0.604715 0.101262
v 0.254843 0.608822 0.094967
v 0.254348 0.608021 0.097762
v 0.250451 0.603339 0.102089
v 0.248132 0.600095 0.102873
v 0.239492 0.523721 0.109253
v 0.244899 0.527305 0.108938
v 0.181047 0.530158 0.108964
v 0.211663 0.507653 0.110529
v 0.232210 0.518966 0.109685
v 0.152553 0.506804 0.110957
v 0.204983 0.504603 0.110744
v 0.174077 0.524392 0.109490
v 0.201809 0.547589 0.107387
v 0.158820 0.511864 0.110632
v 0.208697 0.553781 0.106850
v 0.218403 0.510976 0.110298
v 0.247267 0.528902 0.108212
v 0.167029 0.518585 0.110019
v 0.225233 0.514713 0.110044
v 0.227586 0.516131 0.109949
v 0.251124 0.531168 0.103771
v 0.251629 0.531313 0.100836
v 0.249668 0.530370 0.106339
v 0.215551 0.560392 0.106279
v 0.194898 0.541677 0.107915
v 0.222371 0.567554 0.105661
v 0.236140 0.583953 0.104254
v 0.187976 0.535906 0.108440
v 0.229212 0.575374 0.104989
v 0.243220 0.593392 0.103446
v 0.232812 0.705414 -0.097372
v 0.211626 0.684588 -0.097881
v 0.216968 0.689423 -0.097763
v 0.238038 0.711656 -0.097218
v 0.188687 0.702963 -0.097407
v 0.192902 0.711102 -0.097205
v 0.194499 0.714530 -0.097120
v 0.174220 0.680208 -0.098088
v 0.172433 0.677757 -0.098181
v 0.181428 0.658397 -0.099221
v 0.168749 0.672762 -0.098410
v 0.188395 0.664283 -0.098839
v 0.222286 0.694418 -0.097641
v 0.174092 0.652287 -0.099618
v 0.194783 0.669757 -0.098511
v 0.159449 0.640396 -0.100402
v 0.200678 0.674881 -0.098269
v 0.157270 0.658256 -0.099270
v 0.184181 0.695193 -0.097599
v 0.227570 0.699705 -0.097512
v 0.166672 0.646203 -0.100013
v 0.179365 0.687654 -0.097806
v 0.192723 0.668007 -0.098598
v 0.165102 0.668023 -0.098642
v 0.163057 0.665401 -0.098811
v 0.206240 0.679783 -0.098059
v 0.151517 0.651458 -0.099707
v 0.203981 0.677761 -0.098136
v 0.145983 0.645152 -0.100129
v 0.152712 0.635136 -0.100773
v 0.146765 0.630761 -0.101082
v 0.141087 0.639556 -0.100516
v 0.141883 0.627591 -0.101307
v 0.137265 0.634870 -0.100839
v 0.135473 0.625351 -0.101476
v 0.133667 0.628205 -0.101293
v 0.134766 0.631124 -0.101096
v 0.138145 0.625781 -0.101439
v 0.138585 0.626468 0.101392
v 0.135442 0.631429 0.101073
v 0.134475 0.628869 0.101246
v 0.137619 0.634701 0.100849
v 0.141844 0.628043 0.101278
v 0.134646 0.626845 0.101380
v 0.146622 0.631080 0.101061
v 0.141308 0.639311 0.100531
v 0.152531 0.635417 0.100754
v 0.146171 0.644884 0.100146
v 0.181100 0.658769 0.099198
v 0.163340 0.665065 0.098831
v 0.169071 0.672397 0.098427
v 0.165660 0.668022 0.098641
v 0.221748 0.695270 0.097619
v 0.188032 0.664691 0.098814
v 0.211159 0.685249 0.097864
v 0.205800 0.680364 0.098038
v 0.174576 0.679808 0.098102
v 0.184590 0.694690 0.097612
v 0.189119 0.702392 0.097421
v 0.173057 0.677757 0.098180
v 0.200262 0.675394 0.098247
v 0.202911 0.677761 0.098138
v 0.191865 0.668007 0.098599
v 0.194392 0.670211 0.098490
v 0.173804 0.652630 0.099596
v 0.166423 0.646522 0.099993
v 0.216468 0.690176 0.097744
v 0.179750 0.687208 0.097822
v 0.159237 0.640692 0.100383
v 0.157514 0.657943 0.099289
v 0.151726 0.651167 0.099725
v 0.193361 0.710452 0.097222
v 0.232189 0.706463 0.097345
v 0.197341 0.718977 0.097016
v 0.195336 0.714666 0.097117
v 0.226991 0.700657 0.097487
v 0.237369 0.712797 0.097189
v 0.207462 0.748103 -0.096901
v 0.217186 0.780098 -0.096901
v 0.196851 0.719715 -0.097015
v 0.210721 0.758283 -0.096901
v 0.204093 0.738264 -0.096931
v 0.253796 0.731663 -0.092717
v 0.254221 0.732145 -0.090120
v 0.250815 0.727968 -0.096399
v 0.252602 0.730180 -0.094922
v 0.254378 0.731041 -0.040022
v 0.243409 0.718464 -0.097051
v 0.220541 0.791991 -0.096901
v 0.200569 0.728785 -0.096977
v 0.248714 0.725312 -0.096925
v 0.247014 0.723072 -0.096937
v 0.213937 0.768905 -0.096901
v 0.199187 0.725369 -0.096994
v 0.167835 0.817986 -0.096901
v 0.150356 0.825821 -0.096901
v 0.174464 0.831644 -0.096901
v 0.171336 0.825035 -0.096901
v 0.224141 0.804266 -0.096901
v 0.225411 0.807350 -0.096901
v 0.164005 0.810479 -0.096901
v 0.148844 0.817347 -0.096901
v 0.229338 0.816131 -0.090115
v 0.228986 0.815639 -0.092712
v 0.226846 0.810942 -0.096385
v 0.228044 0.814044 -0.094914
v 0.160124 0.803279 -0.096901
v 0.147475 0.809299 -0.096901
v 0.147942 0.812104 -0.096901
v 0.148426 0.791087 -0.096901
v 0.156506 0.797292 -0.096901
v 0.146559 0.802361 -0.096901
v 0.150603 0.791061 -0.096901
v 0.146965 0.793123 -0.096901
v 0.153322 0.793119 -0.096901
v 0.146332 0.796926 -0.096901
v 0.229034 0.817141 -0.032301
v 0.254254 0.731912 -0.000000
v 0.254147 0.732659 0.032300
v 0.253956 0.733996 0.090117
v 0.254355 0.731205 -0.032301
v 0.229268 0.816363 -0.000000
v 0.229492 0.815618 0.032300
v 0.229858 0.814399 0.085186
v 0.153412 0.794071 0.096901
v 0.146822 0.797604 0.096901
v 0.150984 0.792219 0.096901
v 0.147385 0.794214 0.096901
v 0.229982 0.813983 0.090115
v 0.156215 0.797735 0.096901
v 0.147020 0.802398 0.096901
v 0.229378 0.813068 0.093304
v 0.228805 0.811504 0.094914
v 0.227585 0.808476 0.096385
v 0.226110 0.805014 0.096901
v 0.148790 0.792109 0.096901
v 0.147862 0.809184 0.096901
v 0.148420 0.812490 0.096901
v 0.159782 0.803518 0.096901
v 0.225083 0.802714 0.096901
v 0.163631 0.810657 0.096901
v 0.242692 0.719692 0.097019
v 0.214652 0.767680 0.096901
v 0.204663 0.737327 0.096935
v 0.149223 0.817183 0.096901
v 0.245014 0.722747 0.096944
v 0.217961 0.778781 0.096901
v 0.200082 0.725515 0.096992
v 0.201097 0.727949 0.096980
v 0.221387 0.790580 0.096901
v 0.211384 0.757152 0.096901
v 0.253530 0.733526 0.092714
v 0.252320 0.732155 0.094918
v 0.250531 0.729962 0.096394
v 0.248347 0.727169 0.096919
v 0.208078 0.747067 0.096901
v 0.170861 0.825256 0.096901
v 0.167410 0.818177 0.096901
v 0.150781 0.825630 0.096901
v 0.173941 0.831903 0.096901
v 0.154555 0.859113 -0.096901
v 0.179641 0.844404 -0.096901
v 0.153858 0.850595 -0.096901
v 0.189009 0.879117 -0.096901
v 0.187124 0.871765 -0.096901
v 0.085360 0.920529 -0.096901
v 0.155297 0.895875 -0.096901
v 0.177228 0.838028 -0.096901
v 0.155302 0.886554 -0.096901
v 0.151737 0.834137 -0.096901
v 0.101948 0.917427 -0.096901
v 0.155195 0.914280 -0.096901
v 0.193382 0.895176 -0.092711
v 0.192893 0.893437 -0.094913
v 0.192170 0.890822 -0.096385
v 0.191069 0.886871 -0.096901
v 0.175698 0.834453 -0.096901
v 0.183596 0.857694 -0.096901
v 0.155102 0.923640 -0.096901
v 0.185355 0.864635 -0.096901
v 0.152911 0.842333 -0.096901
v 0.181995 0.851888 -0.096901
v 0.155259 0.905080 -0.096901
v 0.155221 0.877218 -0.096901
v 0.193577 0.895757 -0.090114
v 0.154993 0.868020 -0.096901
v 0.086125 0.912086 -0.096901
v 0.100987 0.909330 -0.096901
v 0.099830 0.901700 -0.096901
v 0.086983 0.904083 -0.096901
v 0.088022 0.897281 -0.096901
v 0.097907 0.893661 -0.096901
v 0.091036 0.888836 -0.096901
v 0.093999 0.887754 -0.096901
v 0.096896 0.890721 -0.096901
v 0.089340 0.892140 -0.096901
v 0.193957 0.895264 -0.032301
v 0.193667 0.895640 -0.000000
v 0.193377 0.896016 0.032300
v 0.192853 0.896697 0.090114
v 0.096680 0.891593 0.096901
v 0.089602 0.892920 0.096901
v 0.095027 0.889230 0.096901
v 0.091107 0.889968 0.096901
v 0.088516 0.897105 0.096901
v 0.098078 0.895651 0.096901
v 0.093036 0.888476 0.096901
v 0.087358 0.904077 0.096901
v 0.099459 0.901832 0.096901
v 0.086495 0.912025 0.096901
v 0.176661 0.838333 0.096901
v 0.155164 0.858756 0.096901
v 0.154425 0.850290 0.096901
v 0.152212 0.833917 0.096901
v 0.101460 0.916695 0.096901
v 0.100617 0.909406 0.096901
v 0.153434 0.842073 0.096901
v 0.182907 0.858168 0.096901
v 0.156070 0.895290 0.096901
v 0.155910 0.876744 0.096901
v 0.156078 0.904450 0.096901
v 0.179032 0.844760 0.096901
v 0.186352 0.872351 0.096901
v 0.184625 0.865167 0.096901
v 0.192118 0.894444 0.094913
v 0.191370 0.891861 0.096385
v 0.190199 0.887537 0.096901
v 0.192562 0.895834 0.093096
v 0.181005 0.851088 0.096901
v 0.156031 0.886022 0.096901
v 0.155642 0.867605 0.096901
v 0.085763 0.920453 0.096901
v 0.188190 0.879747 0.096901
v 0.156066 0.913615 0.096901
v 0.156031 0.922950 0.096901
v 0.102718 0.925297 -0.096901
v 0.103380 0.982976 -0.096385
v 0.081195 0.952754 -0.096901
v 0.154984 0.935030 -0.096901
v 0.154936 0.943243 -0.094464
v 0.155085 0.944909 -0.092711
v 0.155130 0.945673 -0.090113
v 0.154981 0.939183 -0.096385
v 0.154552 0.946424 -0.040022
v 0.104046 0.954662 -0.096901
v 0.103958 0.947469 -0.096901
v 0.104001 0.961873 -0.096901
v 0.103714 0.940232 -0.096901
v 0.103848 0.969158 -0.096901
v 0.103613 0.976574 -0.096901
v 0.103506 0.979803 -0.096901
v 0.103304 0.932870 -0.096901
v 0.103238 0.988054 -0.090111
v 0.103703 0.987768 -0.040022
v 0.103283 0.985659 -0.094913
v 0.103238 0.987439 -0.092710
v 0.084595 0.928755 -0.096901
v 0.082624 0.944707 -0.096901
v 0.079351 0.961025 -0.096901
v 0.083719 0.936761 -0.096901
v 0.077120 0.969493 -0.096901
v 0.071723 0.986773 -0.096901
v 0.074558 0.978096 -0.096901
v 0.068668 0.995491 -0.096901
v 0.065431 1.004344 -0.096717
v 0.154643 0.946306 -0.032301
v 0.155020 0.945817 -0.000000
v 0.155374 0.945357 0.032300
v 0.155995 0.944321 0.090839
v 0.103028 0.988182 0.032300
v 0.102445 0.988541 0.090111
v 0.103632 0.987812 -0.032301
v 0.103332 0.987996 -0.000000
v 0.156010 0.943707 0.092710
v 0.155959 0.941426 0.094913
v 0.155997 0.937863 0.096384
v 0.103405 0.947597 0.096901
v 0.103137 0.969375 0.096901
v 0.102839 0.976821 0.096901
v 0.102680 0.980311 0.096901
v 0.072497 0.986525 0.096901
v 0.081748 0.952626 0.096901
v 0.085034 0.928670 0.096901
v 0.079951 0.960870 0.096901
v 0.103202 0.940340 0.096901
v 0.069509 0.995217 0.096901
v 0.077772 0.969308 0.096901
v 0.155969 0.932622 0.096901
v 0.075269 0.977879 0.096901
v 0.102829 0.932964 0.096901
v 0.103348 0.962058 0.096901
v 0.102278 0.925381 0.096901
v 0.102445 0.987926 0.092709
v 0.102513 0.984468 0.095850
v 0.084195 0.936666 0.096901
v 0.083135 0.944599 0.096901
v 0.103446 0.954816 0.096901
v 0.066980 1.002282 0.096901
v 0.064506 1.006874 -0.096384
v 0.061646 1.013577 -0.058726
v 0.061415 1.013718 -0.040022
v 0.062033 1.013339 -0.090110
v 0.063237 1.010253 -0.094912
v 0.062363 1.012527 -0.092709
v 0.062308 1.013170 0.032300
v 0.061909 1.013415 -0.000000
v 0.061646 1.013577 -0.021312
v 0.063017 1.012735 0.090109
v 0.061511 1.013659 -0.032301
v 0.063340 1.011927 0.092708
v 0.064253 1.009629 0.094912
v 0.065541 1.006237 0.096384
v -0.000254 0.000043 0.000250
v 0.014646 0.000182 -0.000000
v 0.031138 0.000383 -0.000000
v 0.052128 0.000636 -0.000000
v 0.076406 0.000923 -0.000000
v 0.102762 0.001227 -0.000000
v 0.129985 0.001531 -0.000000
v 0.156864 0.001818 -0.000000
v 0.182189 0.002070 -0.000000
v 0.204750 0.002272 -0.000000
v 0.223335 0.002405 -0.000000
v 0.236735 0.002454 -0.000000
v 0.241810 0.002644 -0.000000
v 0.246609 0.003187 -0.000000
v 0.251100 0.004041 -0.000000
v 0.255253 0.005162 -0.000000
v 0.259036 0.006508 -0.000000
v 0.262417 0.008037 -0.000000
v 0.265364 0.009705 -0.000000
v 0.267846 0.011471 -0.000000
v 0.269832 0.013291 -0.000000
v 0.271289 0.015124 -0.000000
v 0.272186 0.016926 -0.000000
v 0.272493 0.020964 -0.000000
v 0.272493 0.023336 -0.000000
v 0.272493 0.025753 -0.000000
v 0.272493 0.028199 -0.000000
v 0.272493 0.030655 -0.000000
v 0.272493 0.033102 -0.000000
v 0.272493 0.035524 -0.000000
v 0.272493 0.037902 -0.000000
v 0.272493 0.040219 -0.000000
v 0.272493 0.042455 -0.000000
v 0.272493 0.044595 -0.000000
v 0.272493 0.046619 -0.000000
v 0.271684 0.050082 -0.000000
v 0.269448 0.052730 -0.000000
v 0.266070 0.054708 -0.000000
v 0.261834 0.056159 -0.000000
v 0.257024 0.057229 -0.000000
v 0.251926 0.058064 -0.000000
v 0.246824 0.058808 -0.000000
v 0.242002 0.059607 -0.000000
v 0.237746 0.060605 -0.000000
v 0.234339 0.061948 -0.000000
v 0.232067 0.063780 -0.000000
v 0.231215 0.066247 -0.000000
v 0.232017 0.069028 -0.000000
v 0.234319 0.071788 -0.000000
v 0.237824 0.074650 -0.000000
v 0.242232 0.077739 -0.000000
v 0.247245 0.081177 -0.000000
v 0.252563 0.085089 -0.000000
v 0.257888 0.089599 -0.000000
v 0.262921 0.094830 -0.000000
v 0.267362 0.100906 -0.000000
v 0.270914 0.107951 -0.000000
v 0.273277 0.116088 -0.000000
v 0.274153 0.125441 -0.000000
v 0.272689 0.135711 -0.000000
v 0.268582 0.146462 -0.000000
v 0.262357 0.157608 -0.000000
v 0.254536 0.169065 -0.000000
v 0.245645 0.180747 -0.000000
v 0.236207 0.192570 -0.000000
v 0.226745 0.204449 -0.000000
v 0.217784 0.216300 -0.000000
v 0.209848 0.228037 -0.000000
v 0.203461 0.239577 -0.000000
v 0.199146 0.250833 -0.000000
v 0.197427 0.261722 -0.000000
v 0.197092 0.271464 -0.000000
v 0.196562 0.279451 -0.000000
v 0.195813 0.285857 -0.000000
v 0.194821 0.290853 -0.000000
v 0.193562 0.294614 -0.000000
v 0.192012 0.297311 -0.000000
v 0.190149 0.299118 -0.000000
v 0.187947 0.300206 -0.000000
v 0.185382 0.300750 -0.000000
v 0.182432 0.300922 -0.000000
v 0.179072 0.300895 -0.000000
v 0.175279 0.300841 -0.000000
v 0.167862 0.301657 -0.000000
v 0.161748 0.303949 -0.000000
v 0.156945 0.307423 -0.000000
v 0.153461 0.311782 -0.000000
v 0.151304 0.316732 -0.000000
v 0.150483 0.321979 -0.000000
v 0.151006 0.327228 -0.000000
v 0.152881 0.332183 -0.000000
v 0.156116 0.336551 -0.000000
v 0.160720 0.340035 -0.000000
v 0.166701 0.342342 -0.000000
v 0.174066 0.343177 -0.000000
v 0.014365 0.000182 -0.002857
v 0.030540 0.000383 -0.006075
v 0.051127 0.000636 -0.010170
v 0.074938 0.000923 -0.014906
v 0.100788 0.001227 -0.020048
v 0.127487 0.001531 -0.025359
v 0.153850 0.001818 -0.030603
v 0.178689 0.002070 -0.035543
v 0.200816 0.002272 -0.039945
v 0.219044 0.002405 -0.043571
v 0.232187 0.002454 -0.046185
v 0.237164 0.002644 -0.047175
v 0.241870 0.003187 -0.048111
v 0.246276 0.004041 -0.048987
v 0.250349 0.005162 -0.049797
v 0.254059 0.006508 -0.050535
v 0.257374 0.008037 -0.051195
v 0.260265 0.009705 -0.051770
v 0.262699 0.011471 -0.052254
v 0.264647 0.013291 -0.052642
v 0.266076 0.015124 -0.052926
v 0.266956 0.016926 -0.053101
v 0.267257 0.020964 -0.053161
v 0.267257 0.023336 -0.053161
v 0.267257 0.025753 -0.053161
v 0.267257 0.028199 -0.053161
v 0.267257 0.030655 -0.053161
v 0.267257 0.033102 -0.053161
v 0.267257 0.035524 -0.053161
v 0.267257 0.037902 -0.053161
v 0.267257 0.040219 -0.053161
v 0.267257 0.042455 -0.053161
v 0.267257 0.044595 -0.053161
v 0.267257 0.046619 -0.053161
v 0.266464 0.050082 -0.053003
v 0.264271 0.052730 -0.052567
v 0.260958 0.054708 -0.051908
v 0.256803 0.056159 -0.051081
v 0.252086 0.057229 -0.050143
v 0.247085 0.058064 -0.049148
v 0.242081 0.058808 -0.048153
v 0.237352 0.059607 -0.047212
v 0.233178 0.060605 -0.046382
v 0.229837 0.061948 -0.045717
v 0.227608 0.063780 -0.045274
v 0.226772 0.066247 -0.045108
v 0.227558 0.069028 -0.045264
v 0.229817 0.071788 -0.045713
v 0.233254 0.074650 -0.046397
v 0.237578 0.077739 -0.047257
v 0.242494 0.081177 -0.048235
v 0.247710 0.085089 -0.049273
v 0.252933 0.089599 -0.050311
v 0.257869 0.094830 -0.051293
v 0.262225 0.100906 -0.052160
v 0.265709 0.107951 -0.052853
v 0.268026 0.116088 -0.053314
v 0.268885 0.125441 -0.053485
v 0.267449 0.135711 -0.053199
v 0.263422 0.146462 -0.052398
v 0.257316 0.157608 -0.051183
v 0.249646 0.169065 -0.049658
v 0.240925 0.180747 -0.047923
v 0.231668 0.192570 -0.046082
v 0.222388 0.204449 -0.044236
v 0.213600 0.216300 -0.042488
v 0.205816 0.228037 -0.040939
v 0.199551 0.239577 -0.039693
v 0.195319 0.250833 -0.038851
v 0.193634 0.261722 -0.038516
v 0.193305 0.271464 -0.038451
v 0.192785 0.279451 -0.038347
v 0.192050 0.285857 -0.038201
v 0.191077 0.290853 -0.038008
v 0.189843 0.294614 -0.037762
v 0.188323 0.297311 -0.037460
v 0.186495 0.299118 -0.037096
v 0.184335 0.300206 -0.036667
v 0.181820 0.300750 -0.036166
v 0.178927 0.300922 -0.035591
v 0.175631 0.300895 -0.034935
v 0.171911 0.300841 -0.034195
v 0.164637 0.301657 -0.032748
v 0.158640 0.303949 -0.031555
v 0.153929 0.307423 -0.030618
v 0.150512 0.311782 -0.029889
v 0.148397 0.316732 -0.029185
v 0.147592 0.321979 -0.028403
v 0.148105 0.327228 -0.027475
v 0.149944 0.332183 -0.026356
v 0.153117 0.336551 -0.025040
v 0.157632 0.340035 -0.023609
v 0.163498 0.342342 -0.022382
v 0.170722 0.343177 -0.022272
v 0.013531 0.000182 -0.005605
v 0.028768 0.000383 -0.011916
v 0.048160 0.000636 -0.019949
v 0.070590 0.000923 -0.029239
v 0.094940 0.001227 -0.039325
v 0.120090 0.001531 -0.049743
v 0.144924 0.001818 -0.060029
v 0.168321 0.002070 -0.069721
v 0.189164 0.002272 -0.078354
v 0.206335 0.002405 -0.085467
v 0.218715 0.002454 -0.090595
v 0.223403 0.002644 -0.092537
v 0.227837 0.003187 -0.094373
v 0.231987 0.004041 -0.096092
v 0.235823 0.005162 -0.097681
v 0.239318 0.006508 -0.099129
v 0.242441 0.008037 -0.100423
v 0.245164 0.009705 -0.101550
v 0.247457 0.011471 -0.102500
v 0.249292 0.013291 -0.103260
v 0.250638 0.015124 -0.103818
v 0.251467 0.016926 -0.104161
v 0.251750 0.020964 -0.104278
v 0.251750 0.023336 -0.104278
v 0.251750 0.025753 -0.104278
v 0.251750 0.028199 -0.104278
v 0.251750 0.030655 -0.104278
v 0.251750 0.033102 -0.104278
v 0.251750 0.035524 -0.104278
v 0.251750 0.037902 -0.104278
v 0.251750 0.040219 -0.104278
v 0.251750 0.042455 -0.104278
v 0.251750 0.044595 -0.104278
v 0.251750 0.046618 -0.104278
v 0.251003 0.050082 -0.103969
v 0.248938 0.052730 -0.103113
v 0.245817 0.054708 -0.101821
v 0.241903 0.056159 -0.100199
v 0.237459 0.057229 -0.098359
v 0.232749 0.058064 -0.096408
v 0.228036 0.058808 -0.094455
v 0.223581 0.059607 -0.092610
v 0.219649 0.060605 -0.090981
v 0.216501 0.061948 -0.089678
v 0.214402 0.063780 -0.088808
v 0.213615 0.066247 -0.088482
v 0.214355 0.069028 -0.088789
v 0.216483 0.071788 -0.089670
v 0.219721 0.074650 -0.091011
v 0.223794 0.077739 -0.092698
v 0.228425 0.081177 -0.094617
v 0.233338 0.085089 -0.096652
v 0.238257 0.089599 -0.098689
v 0.242907 0.094830 -0.100615
v 0.247011 0.100906 -0.102315
v 0.250292 0.107951 -0.103674
v 0.252475 0.116088 -0.104579
v 0.253284 0.125441 -0.104914
v 0.251932 0.135711 -0.104354
v 0.248138 0.146462 -0.102782
v 0.242386 0.157608 -0.100400
v 0.235161 0.169065 -0.097407
v 0.226946 0.180747 -0.094004
v 0.218226 0.192570 -0.090392
v 0.209485 0.204449 -0.086772
v 0.201206 0.216300 -0.083342
v 0.193874 0.228037 -0.080305
v 0.187973 0.239577 -0.077861
v 0.183987 0.250833 -0.076210
v 0.182399 0.261722 -0.075552
v 0.182090 0.271464 -0.075424
v 0.181600 0.279451 -0.075221
v 0.180907 0.285857 -0.074934
v 0.179991 0.290853 -0.074555
v 0.178828 0.294614 -0.074073
v 0.177396 0.297311 -0.073480
v 0.175674 0.299118 -0.072767
v 0.173640 0.300206 -0.071924
v 0.171271 0.300750 -0.070943
v 0.168545 0.300922 -0.069814
v 0.165441 0.300895 -0.068528
v 0.161936 0.300841 -0.067076
v 0.155084 0.301657 -0.064238
v 0.149436 0.303949 -0.061898
v 0.144998 0.307423 -0.060060
v 0.141779 0.311782 -0.058630
v 0.139787 0.316732 -0.057248
v 0.139028 0.321979 -0.055715
v 0.139512 0.327228 -0.053894
v 0.141244 0.332183 -0.051700
v 0.144233 0.336551 -0.049119
v 0.148486 0.340035 -0.046310
v 0.154011 0.342342 -0.043903
v 0.160816 0.343177 -0.043688
v 0.012178 0.000182 -0.008137
v 0.025890 0.000383 -0.017299
v 0.043343 0.000636 -0.028961
v 0.063530 0.000923 -0.042449
v 0.085444 0.001227 -0.057092
v 0.108079 0.001531 -0.072216
v 0.130428 0.001818 -0.087149
v 0.151485 0.002070 -0.101219
v 0.170243 0.002272 -0.113753
v 0.185697 0.002405 -0.124079
v 0.196838 0.002454 -0.131523
v 0.201058 0.002644 -0.134342
v 0.205048 0.003187 -0.137009
v 0.208782 0.004041 -0.139504
v 0.212235 0.005162 -0.141811
v 0.215381 0.006508 -0.143913
v 0.218192 0.008037 -0.145791
v 0.220642 0.009705 -0.147428
v 0.222706 0.011471 -0.148807
v 0.224357 0.013291 -0.149910
v 0.225568 0.015124 -0.150720
v 0.226315 0.016926 -0.151219
v 0.226569 0.020964 -0.151389
v 0.226569 0.023336 -0.151389
v 0.226569 0.025753 -0.151389
v 0.226569 0.028199 -0.151389
v 0.226569 0.030655 -0.151389
v 0.226569 0.033102 -0.151389
v 0.226569 0.035524 -0.151389
v 0.226569 0.037902 -0.151389
v 0.226569 0.040219 -0.151389
v 0.226569 0.042455 -0.151389
v 0.226569 0.044595 -0.151389
v 0.226569 0.046618 -0.151389
v 0.225897 0.050082 -0.150940
v 0.224038 0.052730 -0.149697
v 0.221229 0.054708 -0.147821
v 0.217707 0.056159 -0.145467
v 0.213708 0.057229 -0.142795
v 0.209469 0.058064 -0.139963
v 0.205227 0.058808 -0.137128
v 0.201218 0.059607 -0.134449
v 0.197679 0.060605 -0.132085
v 0.194846 0.061948 -0.130192
v 0.192957 0.063780 -0.128930
v 0.192248 0.066247 -0.128456
v 0.192915 0.069028 -0.128901
v 0.194829 0.071788 -0.130181
v 0.197744 0.074650 -0.132128
v 0.201409 0.077739 -0.134577
v 0.205577 0.081177 -0.137362
v 0.209999 0.085089 -0.140317
v 0.214426 0.089599 -0.143275
v 0.218611 0.094830 -0.146071
v 0.222304 0.100906 -0.148539
v 0.225257 0.107951 -0.150512
v 0.227222 0.116088 -0.151825
v 0.227950 0.125441 -0.152311
v 0.226733 0.135711 -0.151498
v 0.223318 0.146462 -0.149216
v 0.218142 0.157608 -0.145758
v 0.211639 0.169065 -0.141413
v 0.204246 0.180747 -0.136473
v 0.196399 0.192570 -0.131229
v 0.188532 0.204449 -0.125973
v 0.181081 0.216300 -0.120994
v 0.174482 0.228037 -0.116585
v 0.169171 0.239577 -0.113037
v 0.165584 0.250833 -0.110640
v 0.164155 0.261722 -0.109685
v 0.163876 0.271464 -0.109499
v 0.163435 0.279451 -0.109204
v 0.162812 0.285857 -0.108788
v 0.161987 0.290853 -0.108237
v 0.160941 0.294614 -0.107537
v 0.159653 0.297311 -0.106676
v 0.158103 0.299118 -0.105641
v 0.156272 0.300206 -0.104418
v 0.154140 0.300750 -0.102993
v 0.151687 0.300922 -0.101354
v 0.148893 0.300895 -0.099487
v 0.145739 0.300840 -0.097380
v 0.139572 0.301657 -0.093259
v 0.134489 0.303949 -0.089862
v 0.130495 0.307423 -0.087194
v 0.127598 0.311782 -0.085117
v 0.125805 0.316732 -0.083111
v 0.125122 0.321979 -0.080885
v 0.125557 0.327228 -0.078242
v 0.127116 0.332183 -0.075057
v 0.129806 0.336551 -0.071309
v 0.133634 0.340035 -0.067232
v 0.138607 0.342342 -0.063738
v 0.144731 0.343177 -0.063426
v 0.010356 0.000182 -0.010356
v 0.022018 0.000383 -0.022018
v 0.036860 0.000636 -0.036860
v 0.054028 0.000923 -0.054028
v 0.072664 0.001227 -0.072664
v 0.091913 0.001531 -0.091913
v 0.110920 0.001818 -0.110920
v 0.128827 0.002070 -0.128827
v 0.144780 0.002272 -0.144780
v 0.157922 0.002405 -0.157922
v 0.167397 0.002454 -0.167397
v 0.170985 0.002644 -0.170985
v 0.174379 0.003187 -0.174379
v 0.177555 0.004041 -0.177555
v 0.180491 0.005162 -0.180491
v 0.183166 0.006508 -0.183166
v 0.185557 0.008037 -0.185557
v 0.187641 0.009705 -0.187641
v 0.189396 0.011471 -0.189396
v 0.190800 0.013291 -0.190800
v 0.191830 0.015124 -0.191830
v 0.192465 0.016926 -0.192465
v 0.192681 0.020964 -0.192681
v 0.192681 0.023336 -0.192681
v 0.192681 0.025753 -0.192681
v 0.192681 0.028199 -0.192681
v 0.192681 0.030655 -0.192681
v 0.192681 0.033102 -0.192681
v 0.192681 0.035524 -0.192681
v 0.192681 0.037902 -0.192681
v 0.192681 0.040219 -0.192681
v 0.192681 0.042455 -0.192681
v 0.192681 0.044595 -0.192681
v 0.192681 0.046618 -0.192681
v 0.192110 0.050082 -0.192110
v 0.190529 0.052730 -0.190529
v 0.188140 0.054708 -0.188140
v 0.185144 0.056159 -0.185144
v 0.181744 0.057229 -0.181744
v 0.178139 0.058064 -0.178139
v 0.174531 0.058808 -0.174531
v 0.171121 0.059607 -0.171121
v 0.168112 0.060605 -0.168112
v 0.165703 0.061948 -0.165703
v 0.164097 0.063780 -0.164097
v 0.163494 0.066247 -0.163494
v 0.164060 0.069028 -0.164060
v 0.165689 0.071788 -0.165689
v 0.168167 0.074650 -0.168167
v 0.171284 0.077739 -0.171284
v 0.174829 0.081177 -0.174829
v 0.178589 0.085089 -0.178589
v 0.182354 0.089599 -0.182354
v 0.185913 0.094830 -0.185913
v 0.189054 0.100906 -0.189054
v 0.191565 0.107951 -0.191565
v 0.193236 0.116088 -0.193236
v 0.193855 0.125441 -0.193855
v 0.192820 0.135711 -0.192820
v 0.189916 0.146462 -0.189916
v 0.185514 0.157608 -0.185514
v 0.179984 0.169065 -0.179984
v 0.173697 0.180747 -0.173697
v 0.167023 0.192570 -0.167023
v 0.160333 0.204449 -0.160333
v 0.153997 0.216300 -0.153997
v 0.148385 0.228037 -0.148385
v 0.143868 0.239577 -0.143868
v 0.140817 0.250833 -0.140817
v 0.139602 0.261722 -0.139602
v 0.139365 0.271464 -0.139365
v 0.138990 0.279451 -0.138990
v 0.138461 0.285857 -0.138461
v 0.137759 0.290853 -0.137759
v 0.136869 0.294614 -0.136869
v 0.135773 0.297311 -0.135773
v 0.134455 0.299118 -0.134455
v 0.132898 0.300206 -0.132898
v 0.131085 0.300750 -0.131085
v 0.128999 0.300922 -0.128999
v 0.126623 0.300895 -0.126623
v 0.123941 0.300840 -0.123941
v 0.118696 0.301657 -0.118696
v 0.114373 0.303949 -0.114373
v 0.110977 0.307423 -0.110977
v 0.108513 0.311782 -0.108333
v 0.106988 0.316732 -0.105780
v 0.106408 0.321979 -0.102948
v 0.106778 0.327228 -0.099583
v 0.108103 0.332183 -0.095529
v 0.110391 0.336551 -0.090759
v 0.113646 0.340035 -0.085570
v 0.117875 0.342342 -0.081123
v 0.123084 0.343177 -0.080725
v 0.008137 0.000182 -0.012178
v 0.017299 0.000383 -0.025890
v 0.028961 0.000636 -0.043343
v 0.042449 0.000923 -0.063530
v 0.057092 0.001227 -0.085444
v 0.072216 0.001531 -0.108079
v 0.087149 0.001817 -0.130428
v 0.101219 0.002070 -0.151485
v 0.113753 0.002272 -0.170243
v 0.124078 0.002405 -0.185697
v 0.131523 0.002454 -0.196838
v 0.134342 0.002644 -0.201058
v 0.137008 0.003187 -0.205048
v 0.139504 0.004041 -0.208782
v 0.141811 0.005162 -0.212235
v 0.143913 0.006508 -0.215381
v 0.145791 0.008037 -0.218192
v 0.147428 0.009705 -0.220642
v 0.148807 0.011471 -0.222706
v 0.149910 0.013291 -0.224357
v 0.150720 0.015124 -0.225568
v 0.151219 0.016926 -0.226315
v 0.151389 0.020964 -0.226569
v 0.151389 0.023336 -0.226569
v 0.151389 0.025753 -0.226569
v 0.151389 0.028199 -0.226569
v 0.151389 0.030655 -0.226569
v 0.151389 0.033102 -0.226569
v 0.151389 0.035524 -0.226569
v 0.151389 0.037902 -0.226569
v 0.151389 0.040219 -0.226569
v 0.151389 0.042455 -0.226569
v 0.151389 0.044595 -0.226569
v 0.151389 0.046618 -0.226569
v 0.150940 0.050082 -0.225897
v 0.149697 0.052730 -0.224038
v 0.147821 0.054708 -0.221229
v 0.145467 0.056159 -0.217707
v 0.142795 0.057229 -0.213708
v 0.139963 0.058064 -0.209469
v 0.137128 0.058808 -0.205227
v 0.134449 0.059607 -0.201218
v 0.132085 0.060605 -0.197679
v 0.130192 0.061948 -0.194846
v 0.128930 0.063780 -0.192957
v 0.128456 0.066247 -0.192248
v 0.128901 0.069028 -0.192915
v 0.130181 0.071788 -0.194829
v 0.132128 0.074650 -0.197744
v 0.134577 0.077739 -0.201409
v 0.137362 0.081177 -0.205577
v 0.140317 0.085089 -0.209999
v 0.143275 0.089599 -0.214426
v 0.146071 0.094830 -0.218611
v 0.148539 0.100906 -0.222304
v 0.150512 0.107951 -0.225257
v 0.151825 0.116088 -0.227222
v 0.152311 0.125441 -0.227950
v 0.151498 0.135711 -0.226733
v 0.149216 0.146462 -0.223318
v 0.145758 0.157608 -0.218142
v 0.141413 0.169065 -0.211639
v 0.136473 0.180747 -0.204246
v 0.131229 0.192570 -0.196399
v 0.125973 0.204449 -0.188532
v 0.120994 0.216300 -0.181081
v 0.116585 0.228037 -0.174482
v 0.113037 0.239577 -0.169171
v 0.110640 0.250833 -0.165584
v 0.109685 0.261722 -0.164155
v 0.109499 0.271464 -0.163876
v 0.109204 0.279451 -0.163435
v 0.108788 0.285857 -0.162812
v 0.108237 0.290853 -0.161987
v 0.107537 0.294614 -0.160941
v 0.106676 0.297311 -0.159653
v 0.105641 0.299118 -0.158103
v 0.104418 0.300206 -0.156272
v 0.102993 0.300750 -0.154140
v 0.101354 0.300922 -0.151687
v 0.099487 0.300895 -0.148893
v 0.097380 0.300840 -0.145739
v 0.093259 0.301657 -0.139572
v 0.089862 0.303949 -0.134489
v 0.087194 0.307423 -0.130495
v 0.085258 0.311782 -0.127387
v 0.084060 0.316732 -0.124384
v 0.083604 0.321979 -0.121054
v 0.083895 0.327228 -0.117098
v 0.084936 0.332183 -0.112330
v 0.086734 0.336551 -0.106722
v 0.089291 0.340035 -0.100620
v 0.092614 0.342342 -0.095391
v 0.096706 0.343176 -0.094923
v 0.005605 0.000182 -0.013531
v 0.011916 0.000383 -0.028768
v 0.019949 0.000636 -0.048160
v 0.029239 0.000923 -0.070590
v 0.039325 0.001227 -0.094940
v 0.049743 0.001531 -0.120090
v 0.060029 0.001817 -0.144924
v 0.069721 0.002070 -0.168321
v 0.078354 0.002272 -0.189164
v 0.085467 0.002405 -0.206335
v 0.090595 0.002454 -0.218715
v 0.092537 0.002644 -0.223403
v 0.094373 0.003187 -0.227837
v 0.096092 0.004041 -0.231987
v 0.097681 0.005162 -0.235823
v 0.099129 0.006508 -0.239318
v 0.100423 0.008037 -0.242441
v 0.101550 0.009705 -0.245164
v 0.102500 0.011471 -0.247457
v 0.103260 0.013291 -0.249292
v 0.103818 0.015124 -0.250638
v 0.104161 0.016926 -0.251467
v 0.104278 0.020964 -0.251750
v 0.104278 0.023336 -0.251750
v 0.104278 0.025753 -0.251750
v 0.104278 0.028199 -0.251750
v 0.104278 0.030655 -0.251750
v 0.104278 0.033102 -0.251750
v 0.104278 0.035524 -0.251750
v 0.104278 0.037902 -0.251750
v 0.104278 0.040219 -0.251750
v 0.104278 0.042455 -0.251750
v 0.104278 0.044595 -0.251750
v 0.104278 0.046618 -0.251750
v 0.103969 0.050082 -0.251003
v 0.103113 0.052730 -0.248938
v 0.101821 0.054708 -0.245817
v 0.100199 0.056159 -0.241903
v 0.098359 0.057229 -0.237459
v 0.096408 0.058064 -0.232749
v 0.094455 0.058808 -0.228036
v 0.092610 0.059607 -0.223581
v 0.090981 0.060605 -0.219649
v 0.089678 0.061948 -0.216501
v 0.088808 0.063780 -0.214402
v 0.088482 0.066247 -0.213615
v 0.088789 0.069028 -0.214355
v 0.089670 0.071788 -0.216483
v 0.091011 0.074650 -0.219721
v 0.092698 0.077739 -0.223794
v 0.094617 0.081177 -0.228425
v 0.096652 0.085089 -0.233338
v 0.098689 0.089599 -0.238257
v 0.100615 0.094830 -0.242907
v 0.102315 0.100906 -0.247011
v 0.103674 0.107951 -0.250292
v 0.104579 0.116087 -0.252475
v 0.104914 0.125441 -0.253284
v 0.104354 0.135711 -0.251932
v 0.102782 0.146462 -0.248138
v 0.100400 0.157608 -0.242386
v 0.097407 0.169064 -0.235161
v 0.094004 0.180747 -0.226946
v 0.090392 0.192570 -0.218226
v 0.086772 0.204449 -0.209485
v 0.083342 0.216300 -0.201206
v 0.080305 0.228037 -0.193874
v 0.077861 0.239577 -0.187973
v 0.076210 0.250833 -0.183987
v 0.075552 0.261722 -0.182399
v 0.075424 0.271464 -0.182090
v 0.075221 0.279451 -0.181600
v 0.074934 0.285857 -0.180907
v 0.074555 0.290853 -0.179991
v 0.074073 0.294614 -0.178828
v 0.073480 0.297311 -0.177396
v 0.072767 0.299118 -0.175675
v 0.071924 0.300206 -0.173640
v 0.070943 0.300750 -0.171271
v 0.069814 0.300922 -0.168545
v 0.068528 0.300895 -0.165441
v 0.067076 0.300840 -0.161936
v 0.064238 0.301657 -0.155084
v 0.061898 0.303949 -0.149436
v 0.060060 0.307423 -0.144998
v 0.058727 0.311782 -0.141545
v 0.057902 0.316732 -0.138208
v 0.057587 0.321979 -0.134508
v 0.057788 0.327228 -0.130112
v 0.058505 0.332183 -0.124814
v 0.059743 0.336551 -0.118583
v 0.061505 0.340035 -0.111803
v 0.063794 0.342342 -0.105992
v 0.066612 0.343176 -0.105473
v 0.002857 0.000182 -0.014365
v 0.006075 0.000383 -0.030540
v 0.010170 0.000636 -0.051127
v 0.014906 0.000923 -0.074938
v 0.020048 0.001227 -0.100788
v 0.025359 0.001531 -0.127487
v 0.030603 0.001817 -0.153850
v 0.035543 0.002070 -0.178689
v 0.039945 0.002272 -0.200816
v 0.043571 0.002405 -0.219044
v 0.046185 0.002454 -0.232187
v 0.047175 0.002644 -0.237164
v 0.048111 0.003187 -0.241870
v 0.048987 0.004041 -0.246276
v 0.049797 0.005162 -0.250349
v 0.050535 0.006508 -0.254059
v 0.051195 0.008037 -0.257374
v 0.051770 0.009705 -0.260265
v 0.052254 0.011471 -0.262699
v 0.052641 0.013291 -0.264647
v 0.052926 0.015124 -0.266076
v 0.053101 0.016926 -0.266956
v 0.053161 0.020964 -0.267257
v 0.053161 0.023336 -0.267257
v 0.053161 0.025753 -0.267257
v 0.053161 0.028199 -0.267257
v 0.053161 0.030655 -0.267257
v 0.053161 0.033102 -0.267257
v 0.053161 0.035524 -0.267257
v 0.053161 0.037902 -0.267257
v 0.053161 0.040219 -0.267257
v 0.053161 0.042455 -0.267257
v 0.053161 0.044595 -0.267257
v 0.053161 0.046618 -0.267257
v 0.053003 0.050082 -0.266464
v 0.052567 0.052730 -0.264271
v 0.051908 0.054708 -0.260958
v 0.051081 0.056159 -0.256803
v 0.050143 0.057229 -0.252086
v 0.049148 0.058064 -0.247085
v 0.048153 0.058808 -0.242081
v 0.047212 0.059607 -0.237352
v 0.046382 0.060605 -0.233178
v 0.045717 0.061948 -0.229837
v 0.045274 0.063780 -0.227608
v 0.045108 0.066247 -0.226772
v 0.045264 0.069028 -0.227558
v 0.045713 0.071788 -0.229817
v 0.046397 0.074650 -0.233254
v 0.047257 0.077739 -0.237578
v 0.048235 0.081177 -0.242494
v 0.049273 0.085089 -0.247710
v 0.050311 0.089599 -0.252933
v 0.051293 0.094830 -0.257869
v 0.052160 0.100906 -0.262225
v 0.052853 0.107951 -0.265709
v 0.053314 0.116087 -0.268027
v 0.053485 0.125441 -0.268885
v 0.053199 0.135711 -0.267449
v 0.052398 0.146462 -0.263422
v 0.051183 0.157608 -0.257316
v 0.049658 0.169064 -0.249646
v 0.047923 0.180747 -0.240925
v 0.046082 0.192570 -0.231668
v 0.044236 0.204449 -0.222388
v 0.042488 0.216300 -0.213600
v 0.040939 0.228037 -0.205816
v 0.039693 0.239577 -0.199551
v 0.038851 0.250833 -0.195319
v 0.038516 0.261722 -0.193634
v 0.038451 0.271464 -0.193305
v 0.038347 0.279451 -0.192785
v 0.038201 0.285857 -0.192050
v 0.038008 0.290853 -0.191077
v 0.037762 0.294614 -0.189843
v 0.037460 0.297311 -0.188323
v 0.037096 0.299118 -0.186495
v 0.036667 0.300206 -0.184335
v 0.036166 0.300750 -0.181820
v 0.035591 0.300922 -0.178927
v 0.034935 0.300895 -0.175632
v 0.034195 0.300840 -0.171911
v 0.032748 0.301657 -0.164637
v 0.031555 0.303949 -0.158640
v 0.030618 0.307423 -0.153929
v 0.029939 0.311782 -0.150263
v 0.029518 0.316732 -0.146721
v 0.029358 0.321979 -0.142793
v 0.029460 0.327228 -0.138126
v 0.029826 0.332183 -0.132502
v 0.030457 0.336551 -0.125887
v 0.031355 0.340035 -0.118690
v 0.033959 0.343176 -0.111969
v -0.000000 0.000182 -0.014646
v -0.000000 0.000383 -0.031138
v -0.000000 0.000636 -0.052128
v -0.000000 0.000923 -0.076406
v -0.000000 0.001227 -0.102762
v -0.000000 0.001531 -0.129985
v -0.000000 0.001817 -0.156864
v -0.000000 0.002070 -0.182189
v -0.000000 0.002272 -0.204750
v -0.000000 0.002405 -0.223335
v -0.000000 0.002454 -0.236735
v -0.000000 0.002644 -0.241810
v -0.000000 0.003187 -0.246609
v -0.000000 0.004041 -0.251100
v -0.000000 0.005162 -0.255253
v -0.000000 0.006508 -0.259036
v -0.000000 0.008037 -0.262417
v -0.000000 0.009705 -0.265364
v -0.000000 0.011471 -0.267846
v -0.000000 0.013291 -0.269832
v -0.000000 0.015124 -0.271289
v -0.000000 0.016926 -0.272186
v -0.000000 0.020964 -0.272493
v -0.000000 0.023336 -0.272493
v -0.000000 0.025753 -0.272493
v -0.000000 0.028199 -0.272493
v -0.000000 0.030655 -0.272493
v -0.000000 0.033102 -0.272493
v -0.000000 0.035524 -0.272493
v -0.000000 0.037902 -0.272493
v -0.000000 0.040219 -0.272493
v -0.000000 0.042455 -0.272493
v -0.000000 0.044595 -0.272493
v -0.000000 0.046618 -0.272493
v -0.000000 0.050082 -0.271684
v -0.000000 0.052730 -0.269448
v -0.000000 0.054708 -0.266070
v -0.000000 0.056159 -0.261834
v -0.000000 0.057229 -0.257024
v -0.000000 0.058064 -0.251926
v -0.000000 0.058808 -0.246824
v -0.000000 0.059607 -0.242002
v -0.000000 0.060605 -0.237746
v -0.000000 0.061948 -0.234339
v -0.000000 0.063780 -0.232068
v -0.000000 0.066247 -0.231215
v -0.000000 0.069028 -0.232017
v -0.000000 0.071788 -0.234319
v -0.000000 0.074650 -0.237824
v -0.000000 0.077739 -0.242232
v -0.000000 0.081177 -0.247245
v -0.000000 0.085089 -0.252563
v -0.000000 0.089599 -0.257888
v -0.000000 0.094830 -0.262921
v -0.000000 0.100906 -0.267363
v -0.000000 0.107951 -0.270914
v -0.000000 0.116087 -0.273277
v -0.000000 0.125441 -0.274153
v -0.000000 0.135711 -0.272689
v -0.000000 0.146462 -0.268582
v -0.000000 0.157608 -0.262357
v 0.000000 0.169064 -0.254536
v 0.000000 0.180747 -0.245645
v 0.000000 0.192570 -0.236207
v 0.000000 0.204449 -0.226745
v 0.000000 0.216300 -0.217784
v 0.000000 0.228037 -0.209848
v 0.000000 0.239577 -0.203461
v 0.000000 0.250833 -0.199146
v 0.000000 0.261722 -0.197428
v 0.000000 0.271464 -0.197092
v 0.000000 0.279451 -0.196562
v 0.000000 0.285857 -0.195813
v 0.000000 0.290853 -0.194821
v 0.000000 0.294614 -0.193562
v 0.000000 0.297311 -0.192013
v 0.000000 0.299118 -0.190149
v 0.000000 0.300206 -0.187947
v 0.000000 0.300750 -0.185382
v 0.000000 0.300922 -0.182432
v 0.000000 0.300895 -0.179072
v 0.000000 0.300840 -0.175279
v 0.000000 0.301657 -0.167862
v 0.000000 0.303949 -0.161748
v 0.000000 0.307423 -0.156945
v 0.000000 0.311782 -0.153207
v 0.000000 0.316732 -0.149595
v 0.000000 0.321979 -0.145590
v 0.000000 0.327228 -0.140832
v 0.000000 0.332183 -0.135098
v 0.000000 0.336551 -0.128353
v 0.000000 0.340035 -0.121015
v 0.000000 0.342342 -0.114725
v -0.002857 0.000182 -0.014365
v -0.006075 0.000383 -0.030540
v -0.010170 0.000636 -0.051127
v -0.014906 0.000923 -0.074938
v -0.020048 0.001227 -0.100788
v -0.025359 0.001531 -0.127487
v -0.030603 0.001817 -0.153850
v -0.035543 0.002070 -0.178689
v -0.039945 0.002272 -0.200816
v -0.043571 0.002405 -0.219044
v -0.046185 0.002454 -0.232187
v -0.047175 0.002644 -0.237164
v -0.048111 0.003187 -0.241870
v -0.048987 0.004041 -0.246276
v -0.049797 0.005162 -0.250349
v -0.050535 0.006508 -0.254059
v -0.051195 0.008037 -0.257374
v -0.051770 0.009705 -0.260265
v -0.052254 0.011471 -0.262699
v -0.052642 0.013291 -0.264647
v -0.052926 0.015124 -0.266076
v -0.053161 0.018656 -0.267257
v -0.053161 0.020964 -0.267257
v -0.053161 0.023336 -0.267257
v -0.053161 0.025753 -0.267257
v -0.053161 0.028199 -0.267257
v -0.053161 0.030655 -0.267257
v -0.053161 0.033102 -0.267257
v -0.053161 0.035524 -0.267257
v -0.053161 0.037902 -0.267257
v -0.053161 0.040219 -0.267257
v -0.053161 0.042455 -0.267257
v -0.053161 0.044595 -0.267257
v -0.053161 0.046618 -0.267257
v -0.053003 0.050082 -0.266464
v -0.052567 0.052730 -0.264271
v -0.051908 0.054708 -0.260958
v -0.051081 0.056159 -0.256803
v -0.050143 0.057229 -0.252086
v -0.049148 0.058064 -0.247085
v -0.048153 0.058808 -0.242081
v -0.047212 0.059607 -0.237352
v -0.046382 0.060605 -0.233178
v -0.045717 0.061948 -0.229837
v -0.045274 0.063780 -0.227608
v -0.045108 0.066247 -0.226772
v -0.045264 0.069028 -0.227558
v -0.045713 0.071788 -0.229817
v -0.046397 0.074650 -0.233254
v -0.047257 0.077739 -0.237578
v -0.048235 0.081177 -0.242494
v -0.049273 0.085089 -0.247710
v -0.050311 0.089599 -0.252933
v -0.051293 0.094830 -0.257869
v -0.052160 0.100906 -0.262225
v -0.052853 0.107951 -0.265709
v -0.053314 0.116087 -0.268026
v -0.053485 0.125441 -0.268885
v -0.053199 0.135711 -0.267449
v -0.052398 0.146462 -0.263422
v -0.051183 0.157608 -0.257316
v -0.049658 0.169064 -0.249646
v -0.047923 0.180747 -0.240925
v -0.046082 0.192570 -0.231668
v -0.044236 0.204449 -0.222388
v -0.042488 0.216300 -0.213600
v -0.040939 0.228037 -0.205816
v -0.039693 0.239577 -0.199551
v -0.038851 0.250833 -0.195319
v -0.038516 0.261722 -0.193634
v -0.038451 0.271464 -0.193305
v -0.038347 0.279451 -0.192785
v -0.038201 0.285857 -0.192050
v -0.038008 0.290853 -0.191077
v -0.037762 0.294614 -0.189843
v -0.037460 0.297311 -0.188323
v -0.037096 0.299118 -0.186495
v -0.036667 0.300206 -0.184335
v -0.036166 0.300750 -0.181820
v -0.035591 0.300922 -0.178927
v -0.034935 0.300895 -0.175632
v -0.034195 0.300840 -0.171911
v -0.032748 0.301657 -0.164637
v -0.031555 0.303949 -0.158640
v -0.030618 0.307423 -0.153929
v -0.029939 0.311782 -0.150263
v -0.029518 0.316732 -0.146721
v -0.029358 0.321979 -0.142793
v -0.029460 0.327228 -0.138126
v -0.029826 0.332183 -0.132502
v -0.030457 0.336551 -0.125887
v -0.031355 0.340035 -0.118690
v -0.033959 0.343176 -0.111969
v -0.005605 0.000182 -0.013531
v -0.011916 0.000383 -0.028768
v -0.019949 0.000636 -0.048160
v -0.029239 0.000923 -0.070590
v -0.039325 0.001227 -0.094940
v -0.049743 0.001531 -0.120090
v -0.060029 0.001817 -0.144924
v -0.069721 0.002070 -0.168321
v -0.078354 0.002272 -0.189164
v -0.085467 0.002405 -0.206335
v -0.090595 0.002454 -0.218715
v -0.092537 0.002644 -0.223403
v -0.094373 0.003187 -0.227837
v -0.096092 0.004041 -0.231987
v -0.097681 0.005162 -0.235823
v -0.099129 0.006508 -0.239318
v -0.100423 0.008037 -0.242441
v -0.101550 0.009705 -0.245164
v -0.102500 0.011471 -0.247457
v -0.103260 0.013291 -0.249292
v -0.103818 0.015124 -0.250638
v -0.104161 0.016926 -0.251467
v -0.104278 0.020964 -0.251750
v -0.104278 0.023336 -0.251750
v -0.104278 0.025753 -0.251750
v -0.104278 0.028199 -0.251750
v -0.104278 0.030655 -0.251750
v -0.104278 0.033102 -0.251750
v -0.104278 0.035524 -0.251750
v -0.104278 0.037902 -0.251750
v -0.104278 0.040219 -0.251750
v -0.104278 0.042455 -0.251750
v -0.104278 0.044595 -0.251750
v -0.104278 0.046618 -0.251750
v -0.103969 0.050082 -0.251003
v -0.103113 0.052730 -0.248938
v -0.101821 0.054708 -0.245817
v -0.100199 0.056159 -0.241903
v -0.098359 0.057229 -0.237459
v -0.096408 0.058064 -0.232749
v -0.094455 0.058808 -0.228036
v -0.092610 0.059607 -0.223581
v -0.090981 0.060605 -0.219649
v -0.089678 0.061948 -0.216501
v -0.088808 0.063780 -0.214402
v -0.088482 0.066247 -0.213615
v -0.088789 0.069028 -0.214355
v -0.089670 0.071788 -0.216483
v -0.091011 0.074650 -0.219721
v -0.092698 0.077739 -0.223794
v -0.094617 0.081177 -0.228425
v -0.096652 0.085089 -0.233338
v -0.098689 0.089599 -0.238257
v -0.100615 0.094830 -0.242907
v -0.102315 0.100906 -0.247011
v -0.103674 0.107951 -0.250292
v -0.104579 0.116087 -0.252475
v -0.104914 0.125441 -0.253284
v -0.104354 0.135711 -0.251932
v -0.102782 0.146462 -0.248138
v -0.100400 0.157608 -0.242386
v -0.097407 0.169064 -0.235161
v -0.094004 0.180747 -0.226946
v -0.090392 0.192570 -0.218226
v -0.086772 0.204449 -0.209485
v -0.083342 0.216300 -0.201206
v -0.080305 0.228037 -0.193874
v -0.077861 0.239577 -0.187973
v -0.076210 0.250833 -0.183987
v -0.075552 0.261722 -0.182399
v -0.075424 0.271464 -0.182090
v -0.075221 0.279451 -0.181600
v -0.074934 0.285857 -0.180907
v -0.074555 0.290853 -0.179991
v -0.074073 0.294614 -0.178828
v -0.073480 0.297311 -0.177396
v -0.072767 0.299118 -0.175675
v -0.071924 0.300206 -0.173640
v -0.070943 0.300750 -0.171271
v -0.069814 0.300922 -0.168545
v -0.068528 0.300895 -0.165441
v -0.067076 0.300840 -0.161936
v -0.064238 0.301657 -0.155084
v -0.061898 0.303949 -0.149436
v -0.060060 0.307423 -0.144998
v -0.058727 0.311782 -0.141545
v -0.057902 0.316732 -0.138208
v -0.057587 0.321979 -0.134508
v -0.057788 0.327228 -0.130112
v -0.058505 0.332183 -0.124814
v -0.059743 0.336551 -0.118583
v -0.061505 0.340035 -0.111803
v -0.063794 0.342342 -0.105992
v -0.066612 0.343176 -0.105473
v -0.008137 0.000182 -0.012178
v -0.017299 0.000383 -0.025890
v -0.028961 0.000636 -0.043343
v -0.042449 0.000923 -0.063530
v -0.057092 0.001227 -0.085444
v -0.072216 0.001531 -0.108079
v -0.087149 0.001817 -0.130428
v -0.101219 0.002070 -0.151485
v -0.113753 0.002272 -0.170243
v -0.124079 0.002405 -0.185697
v -0.131523 0.002454 -0.196838
v -0.134342 0.002644 -0.201058
v -0.137009 0.003187 -0.205048
v -0.139504 0.004041 -0.208782
v -0.141811 0.005162 -0.212235
v -0.143913 0.006508 -0.215381
v -0.145791 0.008037 -0.218191
v -0.147428 0.009705 -0.220642
v -0.148807 0.011471 -0.222706
v -0.149910 0.013291 -0.224357
v -0.150720 0.015124 -0.225568
v -0.151389 0.018656 -0.226569
v -0.151389 0.020964 -0.226569
v -0.151389 0.023336 -0.226569
v -0.151389 0.025753 -0.226569
v -0.151389 0.028199 -0.226569
v -0.151389 0.030655 -0.226569
v -0.151389 0.033102 -0.226569
v -0.151389 0.035524 -0.226569
v -0.151389 0.037902 -0.226569
v -0.151389 0.040219 -0.226569
v -0.151389 0.042455 -0.226569
v -0.151389 0.044595 -0.226569
v -0.151389 0.046618 -0.226569
v -0.150940 0.050082 -0.225897
v -0.149698 0.052730 -0.224038
v -0.147821 0.054708 -0.221229
v -0.145467 0.056159 -0.217707
v -0.142795 0.057229 -0.213708
v -0.139963 0.058064 -0.209469
v -0.137128 0.058808 -0.205227
v -0.134449 0.059607 -0.201218
v -0.132085 0.060605 -0.197679
v -0.130192 0.061948 -0.194846
v -0.128930 0.063780 -0.192957
v -0.128456 0.066247 -0.192248
v -0.128901 0.069028 -0.192915
v -0.130181 0.071788 -0.194829
v -0.132128 0.074650 -0.197744
v -0.134577 0.077739 -0.201409
v -0.137362 0.081177 -0.205577
v -0.140317 0.085089 -0.209999
v -0.143275 0.089599 -0.214426
v -0.146071 0.094830 -0.218611
v -0.148539 0.100906 -0.222304
v -0.150512 0.107951 -0.225257
v -0.151825 0.116088 -0.227222
v -0.152311 0.125441 -0.227950
v -0.151498 0.135711 -0.226733
v -0.149216 0.146462 -0.223318
v -0.145758 0.157608 -0.218142
v -0.141413 0.169065 -0.211639
v -0.136473 0.180747 -0.204246
v -0.131229 0.192570 -0.196399
v -0.125973 0.204449 -0.188532
v -0.120994 0.216300 -0.181081
v -0.116585 0.228037 -0.174482
v -0.113037 0.239577 -0.169171
v -0.110640 0.250833 -0.165584
v -0.109685 0.261722 -0.164155
v -0.109499 0.271464 -0.163876
v -0.109204 0.279451 -0.163435
v -0.108788 0.285857 -0.162812
v -0.108237 0.290853 -0.161988
v -0.107537 0.294614 -0.160941
v -0.106676 0.297311 -0.159653
v -0.105641 0.299118 -0.158103
v -0.104418 0.300206 -0.156272
v -0.102993 0.300750 -0.154140
v -0.101354 0.300922 -0.151687
v -0.099487 0.300895 -0.148893
v -0.097380 0.300840 -0.145739
v -0.093259 0.301657 -0.139572
v -0.089862 0.303949 -0.134489
v -0.087194 0.307423 -0.130495
v -0.085258 0.311782 -0.127387
v -0.084060 0.316732 -0.124384
v -0.083604 0.321979 -0.121054
v -0.083895 0.327228 -0.117098
v -0.084936 0.332183 -0.112330
v -0.086734 0.336551 -0.106722
v -0.089291 0.340035 -0.100620
v -0.092614 0.342342 -0.095391
v -0.096706 0.343176 -0.094923
v -0.010356 0.000182 -0.010356
v -0.022018 0.000383 -0.022018
v -0.036860 0.000636 -0.036860
v -0.054028 0.000923 -0.054028
v -0.072664 0.001227 -0.072664
v -0.091913 0.001531 -0.091913
v -0.110920 0.001818 -0.110920
v -0.128827 0.002070 -0.128827
v -0.144780 0.002272 -0.144780
v -0.157922 0.002405 -0.157922
v -0.167397 0.002454 -0.167397
v -0.170985 0.002644 -0.170985
v -0.174379 0.003187 -0.174379
v -0.177555 0.004041 -0.177555
v -0.180491 0.005162 -0.180491
v -0.183166 0.006508 -0.183166
v -0.185557 0.008037 -0.185557
v -0.187641 0.009705 -0.187641
v -0.189396 0.011471 -0.189396
v -0.190800 0.013291 -0.190800
v -0.191830 0.015124 -0.191830
v -0.192465 0.016926 -0.192465
v -0.192681 0.020964 -0.192681
v -0.192681 0.023336 -0.192681
v -0.192681 0.025753 -0.192681
v -0.192681 0.028199 -0.192681
v -0.192681 0.030655 -0.192681
v -0.192681 0.033102 -0.192681
v -0.192681 0.035524 -0.192681
v -0.192681 0.037902 -0.192681
v -0.192681 0.040219 -0.192681
v -0.192681 0.042455 -0.192681
v -0.192681 0.044595 -0.192681
v -0.192681 0.046618 -0.192681
v -0.192110 0.050082 -0.192110
v -0.190529 0.052730 -0.190529
v -0.188140 0.054708 -0.188140
v -0.185144 0.056159 -0.185144
v -0.181744 0.057229 -0.181744
v -0.178139 0.058064 -0.178139
v -0.174531 0.058808 -0.174531
v -0.171121 0.059607 -0.171121
v -0.168112 0.060605 -0.168112
v -0.165703 0.061948 -0.165703
v -0.164097 0.063780 -0.164097
v -0.163494 0.066247 -0.163494
v -0.164060 0.069028 -0.164060
v -0.165689 0.071788 -0.165689
v -0.168167 0.074650 -0.168167
v -0.171284 0.077739 -0.171284
v -0.174829 0.081177 -0.174829
v -0.178589 0.085089 -0.178589
v -0.182354 0.089599 -0.182354
v -0.185913 0.094830 -0.185913
v -0.189054 0.100906 -0.189054
v -0.191565 0.107951 -0.191565
v -0.193236 0.116088 -0.193236
v -0.193855 0.125441 -0.193855
v -0.192820 0.135711 -0.192820
v -0.189916 0.146462 -0.189916
v -0.185514 0.157608 -0.185514
v -0.179984 0.169065 -0.179984
v -0.173697 0.180747 -0.173697
v -0.167023 0.192570 -0.167023
v -0.160333 0.204449 -0.160333
v -0.153997 0.216300 -0.153997
v -0.148385 0.228037 -0.148385
v -0.143868 0.239577 -0.143869
v -0.140817 0.250833 -0.140817
v -0.139602 0.261722 -0.139602
v -0.139365 0.271464 -0.139365
v -0.138990 0.279451 -0.138990
v -0.138461 0.285857 -0.138461
v -0.137759 0.290853 -0.137759
v -0.136869 0.294614 -0.136869
v -0.135773 0.297311 -0.135773
v -0.134455 0.299118 -0.134455
v -0.132898 0.300206 -0.132898
v -0.131085 0.300750 -0.131085
v -0.128999 0.300922 -0.128999
v -0.126623 0.300895 -0.126623
v -0.123941 0.300840 -0.123941
v -0.118696 0.301657 -0.118696
v -0.114373 0.303949 -0.114373
v -0.110977 0.307423 -0.110977
v -0.108513 0.311782 -0.108334
v -0.106988 0.316732 -0.105780
v -0.106408 0.321979 -0.102948
v -0.106777 0.327228 -0.099583
v -0.108103 0.332183 -0.095529
v -0.110391 0.336551 -0.090759
v -0.113646 0.340035 -0.085570
v -0.117875 0.342342 -0.081123
v -0.123084 0.343177 -0.080725
v -0.012178 0.000182 -0.008137
v -0.025890 0.000383 -0.017299
v -0.043343 0.000636 -0.028961
v -0.063530 0.000923 -0.042449
v -0.085444 0.001227 -0.057092
v -0.108079 0.001531 -0.072216
v -0.130428 0.001818 -0.087149
v -0.151485 0.002070 -0.101219
v -0.170243 0.002272 -0.113753
v -0.185697 0.002405 -0.124078
v -0.196838 0.002454 -0.131523
v -0.201058 0.002644 -0.134342
v -0.205048 0.003187 -0.137008
v -0.208782 0.004041 -0.139504
v -0.212235 0.005162 -0.141811
v -0.215381 0.006508 -0.143913
v -0.218192 0.008037 -0.145791
v -0.220642 0.009705 -0.147428
v -0.222706 0.011471 -0.148807
v -0.224357 0.013291 -0.149910
v -0.225568 0.015124 -0.150720
v -0.226315 0.016926 -0.151219
v -0.226569 0.020964 -0.151389
v -0.226569 0.023336 -0.151389
v -0.226569 0.025753 -0.151389
v -0.226569 0.028199 -0.151389
v -0.226569 0.030655 -0.151389
v -0.226569 0.033102 -0.151389
v -0.226569 0.035524 -0.151389
v -0.226569 0.037902 -0.151389
v -0.226569 0.040219 -0.151389
v -0.226569 0.042455 -0.151389
v -0.226569 0.044595 -0.151389
v -0.226569 0.046618 -0.151389
v -0.225897 0.050082 -0.150940
v -0.224038 0.052730 -0.149697
v -0.221229 0.054708 -0.147821
v -0.217707 0.056159 -0.145467
v -0.213708 0.057229 -0.142795
v -0.209469 0.058064 -0.139963
v -0.205227 0.058808 -0.137128
v -0.201218 0.059607 -0.134449
v -0.197679 0.060605 -0.132085
v -0.194846 0.061948 -0.130192
v -0.192957 0.063780 -0.128930
v -0.192248 0.066247 -0.128456
v -0.192915 0.069028 -0.128901
v -0.194829 0.071788 -0.130181
v -0.197744 0.074650 -0.132128
v -0.201409 0.077739 -0.134577
v -0.205577 0.081177 -0.137362
v -0.209999 0.085089 -0.140317
v -0.214426 0.089599 -0.143275
v -0.218611 0.094830 -0.146071
v -0.222304 0.100906 -0.148539
v -0.225257 0.107951 -0.150512
v -0.227222 0.116088 -0.151825
v -0.227950 0.125441 -0.152311
v -0.226733 0.135711 -0.151498
v -0.223318 0.146462 -0.149216
v -0.218142 0.157608 -0.145758
v -0.211639 0.169065 -0.141413
v -0.204246 0.180747 -0.136473
v -0.196399 0.192570 -0.131229
v -0.188532 0.204449 -0.125973
v -0.181081 0.216300 -0.120994
v -0.174482 0.228037 -0.116585
v -0.169171 0.239577 -0.113037
v -0.165584 0.250833 -0.110640
v -0.164155 0.261722 -0.109685
v -0.163876 0.271464 -0.109499
v -0.163435 0.279451 -0.109204
v -0.162812 0.285857 -0.108788
v -0.161987 0.290853 -0.108237
v -0.160941 0.294614 -0.107537
v -0.159653 0.297311 -0.106676
v -0.158103 0.299118 -0.105641
v -0.156272 0.300206 -0.104418
v -0.154140 0.300750 -0.102993
v -0.151687 0.300922 -0.101354
v -0.148893 0.300895 -0.099487
v -0.145739 0.300840 -0.097380
v -0.139572 0.301657 -0.093259
v -0.134489 0.303949 -0.089862
v -0.130495 0.307423 -0.087194
v -0.127598 0.311782 -0.085117
v -0.125805 0.316732 -0.083111
v -0.125122 0.321979 -0.080885
v -0.125557 0.327228 -0.078242
v -0.127116 0.332183 -0.075057
v -0.129806 0.336551 -0.071309
v -0.133634 0.340035 -0.067232
v -0.138607 0.342342 -0.063738
v -0.144731 0.343177 -0.063426
v -0.013531 0.000182 -0.005605
v -0.028768 0.000383 -0.011916
v -0.048160 0.000636 -0.019949
v -0.070590 0.000923 -0.029239
v -0.094940 0.001227 -0.039325
v -0.120090 0.001531 -0.049743
v -0.144924 0.001818 -0.060029
v -0.168321 0.002070 -0.069721
v -0.189164 0.002272 -0.078354
v -0.206335 0.002405 -0.085467
v -0.218715 0.002454 -0.090595
v -0.223403 0.002644 -0.092537
v -0.227837 0.003187 -0.094373
v -0.231987 0.004041 -0.096092
v -0.235823 0.005162 -0.097681
v -0.239318 0.006508 -0.099129
v -0.242441 0.008037 -0.100422
v -0.245164 0.009705 -0.101550
v -0.247457 0.011471 -0.102500
v -0.249292 0.013291 -0.103260
v -0.250638 0.015124 -0.103818
v -0.251467 0.016926 -0.104161
v -0.251750 0.020964 -0.104278
v -0.251750 0.023336 -0.104278
v -0.251750 0.025753 -0.104278
v -0.251750 0.028199 -0.104278
v -0.251750 0.030655 -0.104278
v -0.251750 0.033102 -0.104278
v -0.251750 0.035524 -0.104278
v -0.251750 0.037902 -0.104278
v -0.251750 0.040219 -0.104278
v -0.251750 0.042455 -0.104278
v -0.251750 0.044595 -0.104278
v -0.251750 0.046618 -0.104278
v -0.251003 0.050082 -0.103969
v -0.248938 0.052730 -0.103113
v -0.245817 0.054708 -0.101821
v -0.241903 0.056159 -0.100199
v -0.237460 0.057229 -0.098359
v -0.232749 0.058064 -0.096408
v -0.228036 0.058808 -0.094455
v -0.223581 0.059607 -0.092610
v -0.219649 0.060605 -0.090981
v -0.216501 0.061948 -0.089678
v -0.214402 0.063780 -0.088808
v -0.213615 0.066247 -0.088482
v -0.214355 0.069028 -0.088789
v -0.216483 0.071788 -0.089670
v -0.219721 0.074650 -0.091011
v -0.223794 0.077739 -0.092698
v -0.228425 0.081177 -0.094617
v -0.233338 0.085089 -0.096652
v -0.238258 0.089599 -0.098689
v -0.242907 0.094830 -0.100615
v -0.247011 0.100906 -0.102315
v -0.250292 0.107951 -0.103674
v -0.252475 0.116088 -0.104579
v -0.253284 0.125441 -0.104914
v -0.251932 0.135711 -0.104354
v -0.248138 0.146462 -0.102782
v -0.242386 0.157608 -0.100400
v -0.235161 0.169065 -0.097407
v -0.226946 0.180747 -0.094004
v -0.218226 0.192570 -0.090392
v -0.209485 0.204449 -0.086772
v -0.201206 0.216300 -0.083342
v -0.193874 0.228037 -0.080305
v -0.187973 0.239577 -0.077861
v -0.183987 0.250833 -0.076210
v -0.182399 0.261722 -0.075552
v -0.182090 0.271464 -0.075424
v -0.181600 0.279451 -0.075221
v -0.180907 0.285857 -0.074934
v -0.179991 0.290853 -0.074555
v -0.178828 0.294614 -0.074073
v -0.177396 0.297311 -0.073480
v -0.175675 0.299118 -0.072767
v -0.173640 0.300206 -0.071924
v -0.171271 0.300750 -0.070943
v -0.168545 0.300922 -0.069814
v -0.165441 0.300895 -0.068528
v -0.161936 0.300841 -0.067076
v -0.155084 0.301657 -0.064238
v -0.149436 0.303949 -0.061898
v -0.144998 0.307423 -0.060060
v -0.141779 0.311782 -0.058630
v -0.139787 0.316732 -0.057248
v -0.139028 0.321979 -0.055715
v -0.139512 0.327228 -0.053894
v -0.141244 0.332183 -0.051700
v -0.144233 0.336551 -0.049119
v -0.148486 0.340035 -0.046310
v -0.154011 0.342342 -0.043903
v -0.160816 0.343177 -0.043688
v -0.014365 0.000182 -0.002857
v -0.030540 0.000383 -0.006075
v -0.051127 0.000636 -0.010170
v -0.074938 0.000923 -0.014906
v -0.100788 0.001227 -0.020048
v -0.127487 0.001531 -0.025359
v -0.153850 0.001818 -0.030603
v -0.178689 0.002070 -0.035543
v -0.200816 0.002272 -0.039945
v -0.219044 0.002405 -0.043571
v -0.232187 0.002454 -0.046185
v -0.237164 0.002644 -0.047175
v -0.241870 0.003187 -0.048111
v -0.246276 0.004041 -0.048987
v -0.250349 0.005162 -0.049797
v -0.254059 0.006508 -0.050535
v -0.257374 0.008037 -0.051195
v -0.260265 0.009705 -0.051770
v -0.262699 0.011471 -0.052254
v -0.264647 0.013291 -0.052642
v -0.266076 0.015124 -0.052926
v -0.266956 0.016926 -0.053101
v -0.267257 0.020964 -0.053161
v -0.267257 0.023336 -0.053161
v -0.267257 0.025753 -0.053161
v -0.267257 0.028199 -0.053161
v -0.267257 0.030655 -0.053161
v -0.267257 0.033102 -0.053161
v -0.267257 0.035524 -0.053161
v -0.267257 0.037902 -0.053161
v -0.267257 0.040219 -0.053161
v -0.267257 0.042455 -0.053161
v -0.267257 0.044595 -0.053161
v -0.267257 0.046619 -0.053161
v -0.266464 0.050082 -0.053003
v -0.264271 0.052730 -0.052567
v -0.260958 0.054708 -0.051908
v -0.256803 0.056159 -0.051081
v -0.252086 0.057229 -0.050143
v -0.247085 0.058064 -0.049148
v -0.242081 0.058808 -0.048153
v -0.237352 0.059607 -0.047212
v -0.233178 0.060605 -0.046382
v -0.229837 0.061948 -0.045717
v -0.227608 0.063780 -0.045274
v -0.226772 0.066247 -0.045108
v -0.227558 0.069028 -0.045264
v -0.229817 0.071788 -0.045713
v -0.233254 0.074650 -0.046397
v -0.237578 0.077739 -0.047257
v -0.242494 0.081177 -0.048235
v -0.247710 0.085089 -0.049273
v -0.252933 0.089599 -0.050311
v -0.257869 0.094830 -0.051293
v -0.262225 0.100906 -0.052160
v -0.265709 0.107951 -0.052853
v -0.268026 0.116088 -0.053314
v -0.268885 0.125441 -0.053485
v -0.267449 0.135711 -0.053199
v -0.263422 0.146462 -0.052398
v -0.257316 0.157608 -0.051183
v -0.249646 0.169065 -0.049658
v -0.240925 0.180747 -0.047923
v -0.231668 0.192570 -0.046082
v -0.222388 0.204449 -0.044236
v -0.213600 0.216300 -0.042488
v -0.205816 0.228037 -0.040939
v -0.199551 0.239577 -0.039693
v -0.195319 0.250833 -0.038851
v -0.193634 0.261722 -0.038516
v -0.193305 0.271464 -0.038451
v -0.192785 0.279451 -0.038347
v -0.192050 0.285857 -0.038201
v -0.191077 0.290853 -0.038008
v -0.189843 0.294614 -0.037762
v -0.188323 0.297311 -0.037460
v -0.186495 0.299118 -0.037096
v -0.184335 0.300206 -0.036667
v -0.181820 0.300750 -0.036166
v -0.178927 0.300922 -0.035591
v -0.175631 0.300895 -0.034935
v -0.171911 0.300841 -0.034195
v -0.164637 0.301657 -0.032748
v -0.158640 0.303949 -0.031556
v -0.153929 0.307423 -0.030618
v -0.150512 0.311782 -0.029889
v -0.148397 0.316732 -0.029185
v -0.147592 0.321979 -0.028403
v -0.148105 0.327228 -0.027475
v -0.149944 0.332183 -0.026356
v -0.153117 0.336551 -0.025040
v -0.157632 0.340035 -0.023609
v -0.163498 0.342342 -0.022382
v -0.170722 0.343177 -0.022272
v -0.014646 0.000182 0.000000
v -0.031138 0.000383 0.000000
v -0.052128 0.000636 0.000000
v -0.076406 0.000923 0.000000
v -0.102762 0.001227 0.000000
v -0.129985 0.001531 0.000000
v -0.156864 0.001818 0.000000
v -0.182189 0.002070 0.000000
v -0.204750 0.002272 0.000000
v -0.223335 0.002405 0.000000
v -0.236735 0.002454 0.000000
v -0.241810 0.002644 0.000000
v -0.246609 0.003187 0.000000
v -0.251100 0.004041 0.000000
v -0.255253 0.005162 0.000000
v -0.259036 0.006508 0.000000
v -0.262417 0.008037 0.000000
v -0.265364 0.009705 0.000000
v -0.267846 0.011471 0.000000
v -0.269832 0.013291 0.000000
v -0.271289 0.015124 0.000000
v -0.272186 0.016926 0.000000
v -0.272493 0.020964 0.000000
v -0.272493 0.023336 0.000000
v -0.272493 0.025753 0.000000
v -0.272493 0.028199 0.000000
v -0.272493 0.030655 0.000000
v -0.272493 0.033102 0.000000
v -0.272493 0.035524 0.000000
v -0.272493 0.037902 0.000000
v -0.272493 0.040219 0.000000
v -0.272493 0.042455 0.000000
v -0.272493 0.044595 0.000000
v -0.272493 0.046619 0.000000
v -0.271684 0.050082 0.000000
v -0.269448 0.052730 0.000000
v -0.266070 0.054708 0.000000
v -0.261834 0.056159 0.000000
v -0.257024 0.057229 0.000000
v -0.251926 0.058064 0.000000
v -0.246824 0.058808 0.000000
v -0.242002 0.059607 0.000000
v -0.237746 0.060605 0.000000
v -0.234339 0.061948 0.000000
v -0.232067 0.063780 0.000000
v -0.231215 0.066247 0.000000
v -0.232017 0.069028 0.000000
v -0.234319 0.071788 0.000000
v -0.237824 0.074650 0.000000
v -0.242232 0.077739 0.000000
v -0.247245 0.081177 0.000000
v -0.252563 0.085089 0.000000
v -0.257888 0.089599 0.000000
v -0.262921 0.094830 0.000000
v -0.267362 0.100906 0.000000
v -0.270914 0.107951 0.000000
v -0.273277 0.116088 0.000000
v -0.274153 0.125441 -0.000000
v -0.272689 0.135711 -0.000000
v -0.268582 0.146462 -0.000000
v -0.262357 0.157608 -0.000000
v -0.254536 0.169065 -0.000000
v -0.245645 0.180747 -0.000000
v -0.236207 0.192570 -0.000000
v -0.226745 0.204449 -0.000000
v -0.217784 0.216300 -0.000000
v -0.209848 0.228037 -0.000000
v -0.203461 0.239577 -0.000000
v -0.199146 0.250833 -0.000000
v -0.197427 0.261722 -0.000000
v -0.197092 0.271464 -0.000000
v -0.196562 0.279451 -0.000000
v -0.195813 0.285857 -0.000000
v -0.194821 0.290853 -0.000000
v -0.193562 0.294614 -0.000000
v -0.192012 0.297311 -0.000000
v -0.190149 0.299118 -0.000000
v -0.187947 0.300206 -0.000000
v -0.185382 0.300750 -0.000000
v -0.182432 0.300922 -0.000000
v -0.179072 0.300895 -0.000000
v -0.175279 0.300841 -0.000000
v -0.167862 0.301657 -0.000000
v -0.161748 0.303949 -0.000000
v -0.156945 0.307423 -0.000000
v -0.153461 0.311782 -0.000000
v -0.151304 0.316732 -0.000000
v -0.150483 0.321979 -0.000000
v -0.151006 0.327228 -0.000000
v -0.152881 0.332183 -0.000000
v -0.156116 0.336551 -0.000000
v -0.160720 0.340035 -0.000000
v -0.166701 0.342342 -0.000000
v -0.174066 0.343177 -0.000000
v -0.014365 0.000182 0.002857
v -0.030540 0.000383 0.006075
v -0.051127 0.000636 0.010170
v -0.074938 0.000923 0.014906
v -0.100788 0.001227 0.020048
v -0.127487 0.001531 0.025359
v -0.153850 0.001818 0.030603
v -0.178689 0.002070 0.035543
v -0.200816 0.002272 0.039945
v -0.219044 0.002405 0.043571
v -0.232187 0.002454 0.046185
v -0.237164 0.002644 0.047175
v -0.241870 0.003187 0.048111
v -0.246276 0.004041 0.048987
v -0.250349 0.005162 0.049798
v -0.254059 0.006508 0.050535
v -0.257374 0.008037 0.051195
v -0.260265 0.009705 0.051770
v -0.262699 0.011471 0.052254
v -0.264647 0.013291 0.052642
v -0.266076 0.015124 0.052926
v -0.267257 0.018656 0.053161
v -0.267257 0.020964 0.053161
v -0.267257 0.023336 0.053161
v -0.267257 0.025753 0.053161
v -0.267257 0.028199 0.053161
v -0.267257 0.030655 0.053161
v -0.267257 0.033102 0.053161
v -0.267257 0.035524 0.053161
v -0.267257 0.037902 0.053161
v -0.267257 0.040219 0.053161
v -0.267257 0.042455 0.053161
v -0.267257 0.044595 0.053161
v -0.267257 0.046619 0.053161
v -0.266464 0.050082 0.053003
v -0.264271 0.052730 0.052567
v -0.260958 0.054708 0.051908
v -0.256803 0.056159 0.051081
v -0.252086 0.057229 0.050143
v -0.247085 0.058064 0.049148
v -0.242081 0.058808 0.048153
v -0.237352 0.059607 0.047212
v -0.233178 0.060605 0.046382
v -0.229837 0.061948 0.045717
v -0.227608 0.063780 0.045274
v -0.226772 0.066247 0.045108
v -0.227558 0.069028 0.045264
v -0.229817 0.071788 0.045713
v -0.233254 0.074650 0.046397
v -0.237578 0.077739 0.047257
v -0.242494 0.081177 0.048235
v -0.247710 0.085089 0.049273
v -0.252933 0.089599 0.050311
v -0.257869 0.094830 0.051293
v -0.262225 0.100906 0.052160
v -0.265709 0.107951 0.052853
v -0.268026 0.116088 0.053314
v -0.268885 0.125441 0.053485
v -0.267449 0.135711 0.053199
v -0.263422 0.146462 0.052398
v -0.257316 0.157608 0.051183
v -0.249646 0.169065 0.049658
v -0.240925 0.180747 0.047923
v -0.231668 0.192570 0.046082
v -0.222388 0.204449 0.044236
v -0.213600 0.216300 0.042488
v -0.205816 0.228037 0.040939
v -0.199551 0.239577 0.039693
v -0.195319 0.250833 0.038851
v -0.193634 0.261722 0.038516
v -0.193305 0.271464 0.038451
v -0.192785 0.279451 0.038347
v -0.192050 0.285857 0.038201
v -0.191077 0.290853 0.038008
v -0.189843 0.294614 0.037762
v -0.188323 0.297311 0.037460
v -0.186495 0.299118 0.037096
v -0.184335 0.300206 0.036667
v -0.181820 0.300750 0.036166
v -0.178927 0.300922 0.035591
v -0.175631 0.300895 0.034935
v -0.171911 0.300841 0.034195
v -0.164637 0.301657 0.032748
v -0.158640 0.303949 0.031555
v -0.153929 0.307423 0.030618
v -0.150512 0.311782 0.029889
v -0.148397 0.316732 0.029185
v -0.147592 0.321979 0.028403
v -0.148105 0.327228 0.027475
v -0.149944 0.332183 0.026356
v -0.153117 0.336551 0.025040
v -0.157632 0.340035 0.023609
v -0.163498 0.342342 0.022382
v -0.170722 0.343177 0.022272
v -0.013531 0.000182 0.005605
v -0.028768 0.000383 0.011916
v -0.048160 0.000636 0.019949
v -0.070590 0.000923 0.029239
v -0.094940 0.001227 0.039325
v -0.120090 0.001531 0.049743
v -0.144924 0.001818 0.060029
v -0.168321 0.002070 0.069721
v -0.189164 0.002272 0.078354
v -0.206335 0.002405 0.085467
v -0.218715 0.002454 0.090595
v -0.223403 0.002644 0.092537
v -0.227837 0.003188 0.094373
v -0.231987 0.004041 0.096092
v -0.235823 0.005162 0.097681
v -0.239318 0.006508 0.099129
v -0.242441 0.008037 0.100423
v -0.245164 0.009705 0.101550
v -0.247457 0.011471 0.102500
v -0.249292 0.013291 0.103260
v -0.250638 0.015124 0.103818
v -0.251750 0.018656 0.104278
v -0.251750 0.020964 0.104278
v -0.251750 0.023336 0.104278
v -0.251750 0.025753 0.104278
v -0.251750 0.028199 0.104278
v -0.251750 0.030655 0.104278
v -0.251750 0.033102 0.104278
v -0.251750 0.035524 0.104278
v -0.251750 0.037902 0.104278
v -0.251750 0.040219 0.104278
v -0.251750 0.042455 0.104278
v -0.251750 0.044595 0.104278
v -0.251750 0.046619 0.104278
v -0.251003 0.050082 0.103969
v -0.248938 0.052730 0.103113
v -0.245817 0.054708 0.101821
v -0.241903 0.056159 0.100199
v -0.237459 0.057229 0.098359
v -0.232749 0.058064 0.096408
v -0.228036 0.058808 0.094455
v -0.223581 0.059607 0.092610
v -0.219649 0.060605 0.090981
v -0.216501 0.061948 0.089678
v -0.214402 0.063780 0.088808
v -0.213615 0.066247 0.088482
v -0.214355 0.069028 0.088789
v -0.216483 0.071788 0.089670
v -0.219721 0.074650 0.091011
v -0.223794 0.077739 0.092698
v -0.228425 0.081177 0.094617
v -0.233338 0.085089 0.096652
v -0.238257 0.089599 0.098689
v -0.242907 0.094830 0.100615
v -0.247011 0.100906 0.102315
v -0.250292 0.107951 0.103674
v -0.252475 0.116088 0.104579
v -0.253284 0.125441 0.104914
v -0.251932 0.135711 0.104354
v -0.248138 0.146462 0.102782
v -0.242386 0.157608 0.100400
v -0.235161 0.169065 0.097407
v -0.226946 0.180747 0.094004
v -0.218226 0.192570 0.090392
v -0.209485 0.204449 0.086772
v -0.201206 0.216300 0.083342
v -0.193874 0.228037 0.080305
v -0.187973 0.239577 0.077861
v -0.183987 0.250833 0.076210
v -0.182399 0.261722 0.075552
v -0.182090 0.271464 0.075424
v -0.181600 0.279451 0.075221
v -0.180907 0.285857 0.074934
v -0.179991 0.290853 0.074555
v -0.178828 0.294614 0.074073
v -0.177396 0.297311 0.073480
v -0.175674 0.299118 0.072767
v -0.173640 0.300206 0.071924
v -0.171271 0.300750 0.070943
v -0.168545 0.300922 0.069814
v -0.165441 0.300895 0.068528
v -0.161936 0.300841 0.067076
v -0.155084 0.301657 0.064238
v -0.149436 0.303949 0.061898
v -0.144998 0.307423 0.060060
v -0.141779 0.311782 0.058630
v -0.139787 0.316732 0.057248
v -0.139028 0.321979 0.055715
v -0.139512 0.327228 0.053894
v -0.141244 0.332183 0.051700
v -0.144233 0.336551 0.049119
v -0.148486 0.340035 0.046310
v -0.154011 0.342342 0.043903
v -0.160816 0.343177 0.043688
v -0.012178 0.000182 0.008137
v -0.025890 0.000383 0.017299
v -0.043343 0.000636 0.028961
v -0.063530 0.000923 0.042449
v -0.085444 0.001227 0.057092
v -0.108079 0.001531 0.072216
v -0.130428 0.001817 0.087149
v -0.151485 0.002070 0.101219
v -0.170243 0.002272 0.113753
v -0.185697 0.002405 0.124079
v -0.196838 0.002454 0.131523
v -0.201058 0.002644 0.134342
v -0.205048 0.003188 0.137009
v -0.208782 0.004041 0.139504
v -0.212235 0.005162 0.141811
v -0.215381 0.006508 0.143913
v -0.218191 0.008037 0.145791
v -0.220642 0.009705 0.147428
v -0.222706 0.011471 0.148807
v -0.224357 0.013291 0.149910
v -0.225568 0.015124 0.150720
v -0.226569 0.018656 0.151389
v -0.226569 0.020964 0.151389
v -0.226569 0.023336 0.151389
v -0.226569 0.025753 0.151389
v -0.226569 0.028199 0.151389
v -0.226569 0.030655 0.151389
v -0.226569 0.033102 0.151389
v -0.226569 0.035524 0.151389
v -0.226569 0.037902 0.151389
v -0.226569 0.040219 0.151389
v -0.226569 0.042455 0.151389
v -0.226569 0.044595 0.151389
v -0.226569 0.046619 0.151389
v -0.225897 0.050082 0.150940
v -0.224038 0.052730 0.149697
v -0.221229 0.054708 0.147821
v -0.217707 0.056159 0.145467
v -0.213708 0.057229 0.142795
v -0.209469 0.058064 0.139963
v -0.205227 0.058808 0.137128
v -0.201218 0.059607 0.134449
v -0.197679 0.060605 0.132085
v -0.194846 0.061948 0.130192
v -0.192957 0.063780 0.128930
v -0.192248 0.066247 0.128456
v -0.192915 0.069028 0.128901
v -0.194829 0.071788 0.130181
v -0.197744 0.074650 0.132128
v -0.201409 0.077739 0.134577
v -0.205577 0.081177 0.137362
v -0.209999 0.085089 0.140317
v -0.214426 0.089599 0.143275
v -0.218611 0.094830 0.146071
v -0.222304 0.100906 0.148539
v -0.225257 0.107951 0.150512
v -0.227222 0.116088 0.151825
v -0.227950 0.125441 0.152311
v -0.226733 0.135711 0.151498
v -0.223318 0.146462 0.149216
v -0.218142 0.157608 0.145758
v -0.211639 0.169065 0.141413
v -0.204246 0.180747 0.136473
v -0.196399 0.192570 0.131229
v -0.188532 0.204449 0.125973
v -0.181081 0.216300 0.120994
v -0.174482 0.228037 0.116585
v -0.169171 0.239577 0.113037
v -0.165584 0.250833 0.110639
v -0.164155 0.261722 0.109685
v -0.163876 0.271464 0.109499
v -0.163435 0.279451 0.109204
v -0.162812 0.285857 0.108788
v -0.161987 0.290853 0.108237
v -0.160941 0.294614 0.107537
v -0.159653 0.297311 0.106676
v -0.158103 0.299118 0.105641
v -0.156272 0.300206 0.104418
v -0.154140 0.300750 0.102993
v -0.151687 0.300922 0.101354
v -0.148893 0.300895 0.099487
v -0.145739 0.300841 0.097380
v -0.139572 0.301657 0.093259
v -0.134489 0.303949 0.089862
v -0.130495 0.307423 0.087194
v -0.127598 0.311782 0.085117
v -0.125805 0.316732 0.083111
v -0.125122 0.321979 0.080885
v -0.125557 0.327228 0.078242
v -0.127116 0.332183 0.075056
v -0.129806 0.336551 0.071309
v -0.133634 0.340035 0.067232
v -0.138607 0.342342 0.063738
v -0.144731 0.343177 0.063425
v -0.010356 0.000182 0.010356
v -0.022018 0.000383 0.022018
v -0.036860 0.000636 0.036860
v -0.054028 0.000923 0.054028
v -0.072664 0.001227 0.072664
v -0.091913 0.001531 0.091913
v -0.110920 0.001817 0.110920
v -0.128827 0.002070 0.128827
v -0.144780 0.002272 0.144780
v -0.157922 0.002405 0.157922
v -0.167397 0.002454 0.167397
v -0.170985 0.002644 0.170985
v -0.174379 0.003188 0.174379
v -0.177555 0.004041 0.177555
v -0.180491 0.005162 0.180491
v -0.183166 0.006508 0.183166
v -0.185557 0.008037 0.185557
v -0.187641 0.009705 0.187641
v -0.189396 0.011471 0.189396
v -0.190800 0.013291 0.190800
v -0.191830 0.015124 0.191830
v -0.192681 0.018656 0.192681
v -0.192681 0.020964 0.192681
v -0.192681 0.023336 0.192681
v -0.192681 0.025753 0.192681
v -0.192681 0.028199 0.192681
v -0.192681 0.030655 0.192681
v -0.192681 0.033102 0.192681
v -0.192681 0.035524 0.192681
v -0.192681 0.037902 0.192681
v -0.192681 0.040219 0.192681
v -0.192681 0.042455 0.192681
v -0.192681 0.044595 0.192681
v -0.192681 0.046619 0.192681
v -0.192110 0.050082 0.192110
v -0.190529 0.052730 0.190529
v -0.188140 0.054708 0.188140
v -0.185144 0.056159 0.185144
v -0.181744 0.057229 0.181744
v -0.178139 0.058064 0.178139
v -0.174531 0.058808 0.174531
v -0.171121 0.059607 0.171121
v -0.168112 0.060605 0.168112
v -0.165703 0.061948 0.165703
v -0.164096 0.063780 0.164097
v -0.163493 0.066247 0.163494
v -0.164060 0.069028 0.164060
v -0.165689 0.071788 0.165689
v -0.168167 0.074650 0.168167
v -0.171284 0.077739 0.171284
v -0.174829 0.081177 0.174829
v -0.178589 0.085089 0.178589
v -0.182354 0.089599 0.182354
v -0.185913 0.094830 0.185913
v -0.189054 0.100906 0.189054
v -0.191565 0.107951 0.191565
v -0.193236 0.116088 0.193236
v -0.193855 0.125441 0.193855
v -0.192820 0.135711 0.192820
v -0.189916 0.146462 0.189916
v -0.185514 0.157608 0.185514
v -0.179984 0.169065 0.179984
v -0.173697 0.180747 0.173697
v -0.167023 0.192570 0.167023
v -0.160333 0.204449 0.160333
v -0.153997 0.216300 0.153997
v -0.148385 0.228037 0.148385
v -0.143868 0.239577 0.143868
v -0.140817 0.250833 0.140817
v -0.139602 0.261722 0.139602
v -0.139365 0.271464 0.139365
v -0.138990 0.279451 0.138990
v -0.138461 0.285857 0.138461
v -0.137759 0.290853 0.137759
v -0.136869 0.294614 0.136869
v -0.135773 0.297311 0.135773
v -0.134455 0.299118 0.134455
v -0.132898 0.300206 0.132898
v -0.131085 0.300750 0.131085
v -0.128999 0.300922 0.128999
v -0.126623 0.300895 0.126623
v -0.123941 0.300841 0.123941
v -0.118696 0.301657 0.118696
v -0.114373 0.303949 0.114373
v -0.110977 0.307423 0.110977
v -0.108513 0.311782 0.108333
v -0.106988 0.316732 0.105780
v -0.106408 0.321979 0.102948
v -0.106777 0.327228 0.099583
v -0.108103 0.332183 0.095529
v -0.110391 0.336551 0.090759
v -0.113646 0.340035 0.085570
v -0.117875 0.342342 0.081123
v -0.123084 0.343177 0.080725
v -0.008137 0.000182 0.012178
v -0.017299 0.000383 0.025890
v -0.028961 0.000636 0.043343
v -0.042449 0.000923 0.063530
v -0.057092 0.001227 0.085444
v -0.072216 0.001531 0.108079
v -0.087149 0.001817 0.130428
v -0.101219 0.002070 0.151485
v -0.113753 0.002272 0.170243
v -0.124078 0.002405 0.185697
v -0.131523 0.002454 0.196838
v -0.134342 0.002644 0.201058
v -0.137008 0.003188 0.205048
v -0.139504 0.004041 0.208782
v -0.141811 0.005162 0.212235
v -0.143913 0.006508 0.215381
v -0.145791 0.008037 0.218192
v -0.147428 0.009705 0.220642
v -0.148807 0.011471 0.222706
v -0.149910 0.013291 0.224357
v -0.150720 0.015124 0.225568
v -0.151389 0.018656 0.226569
v -0.151389 0.020964 0.226569
v -0.151389 0.023336 0.226569
v -0.151389 0.025753 0.226569
v -0.151389 0.028199 0.226569
v -0.151389 0.030655 0.226569
v -0.151389 0.033102 0.226569
v -0.151389 0.035524 0.226569
v -0.151389 0.037902 0.226569
v -0.151389 0.040219 0.226569
v -0.151389 0.042455 0.226569
v -0.151389 0.044595 0.226569
v -0.151389 0.046619 0.226569
v -0.150940 0.050082 0.225897
v -0.149697 0.052730 0.224038
v -0.147821 0.054708 0.221229
v -0.145467 0.056159 0.217707
v -0.142795 0.057229 0.213708
v -0.139963 0.058064 0.209469
v -0.137128 0.058808 0.205227
v -0.134449 0.059607 0.201218
v -0.132085 0.060605 0.197679
v -0.130192 0.061948 0.194846
v -0.128930 0.063780 0.192957
v -0.128456 0.066247 0.192248
v -0.128901 0.069028 0.192915
v -0.130181 0.071788 0.194829
v -0.132128 0.074650 0.197744
v -0.134577 0.077739 0.201409
v -0.137362 0.081177 0.205577
v -0.140317 0.085089 0.209999
v -0.143275 0.089599 0.214426
v -0.146071 0.094830 0.218611
v -0.148539 0.100906 0.222304
v -0.150512 0.107951 0.225257
v -0.151825 0.116088 0.227222
v -0.152311 0.125441 0.227950
v -0.151498 0.135711 0.226733
v -0.149216 0.146462 0.223318
v -0.145758 0.157608 0.218142
v -0.141413 0.169065 0.211639
v -0.136473 0.180747 0.204246
v -0.131229 0.192570 0.196399
v -0.125973 0.204449 0.188532
v -0.120994 0.216300 0.181081
v -0.116585 0.228037 0.174482
v -0.113037 0.239577 0.169171
v -0.110639 0.250833 0.165584
v -0.109685 0.261722 0.164155
v -0.109499 0.271464 0.163876
v -0.109204 0.279451 0.163435
v -0.108788 0.285857 0.162812
v -0.108237 0.290853 0.161987
v -0.107537 0.294614 0.160941
v -0.106676 0.297311 0.159653
v -0.105641 0.299118 0.158103
v -0.104418 0.300206 0.156272
v -0.102993 0.300750 0.154140
v -0.101354 0.300922 0.151687
v -0.099487 0.300895 0.148893
v -0.097380 0.300841 0.145739
v -0.093259 0.301657 0.139572
v -0.089862 0.303949 0.134489
v -0.087194 0.307423 0.130495
v -0.085258 0.311782 0.127387
v -0.084060 0.316732 0.124384
v -0.083604 0.321979 0.121054
v -0.083895 0.327228 0.117098
v -0.084936 0.332183 0.112330
v -0.086734 0.336551 0.106722
v -0.089291 0.340035 0.100620
v -0.092614 0.342342 0.095391
v -0.096706 0.343177 0.094923
v -0.005605 0.000182 0.013531
v -0.011916 0.000383 0.028768
v -0.019949 0.000636 0.048160
v -0.029239 0.000923 0.070590
v -0.039325 0.001227 0.094940
v -0.049743 0.001531 0.120090
v -0.060029 0.001817 0.144924
v -0.069721 0.002070 0.168321
v -0.078354 0.002272 0.189164
v -0.085467 0.002405 0.206335
v -0.090595 0.002454 0.218715
v -0.092537 0.002644 0.223403
v -0.094373 0.003188 0.227837
v -0.096092 0.004041 0.231987
v -0.097681 0.005162 0.235823
v -0.099129 0.006508 0.239318
v -0.100422 0.008037 0.242441
v -0.101550 0.009705 0.245164
v -0.102500 0.011471 0.247457
v -0.103260 0.013291 0.249292
v -0.103818 0.015124 0.250638
v -0.104161 0.016926 0.251467
v -0.104278 0.020964 0.251750
v -0.104278 0.023336 0.251750
v -0.104278 0.025753 0.251750
v -0.104278 0.028199 0.251750
v -0.104278 0.030655 0.251750
v -0.104278 0.033102 0.251750
v -0.104278 0.035524 0.251750
v -0.104278 0.037902 0.251750
v -0.104278 0.040219 0.251750
v -0.104278 0.042455 0.251750
v -0.104278 0.044595 0.251750
v -0.104278 0.046619 0.251750
v -0.103969 0.050082 0.251003
v -0.103113 0.052730 0.248938
v -0.101821 0.054708 0.245817
v -0.100199 0.056159 0.241903
v -0.098359 0.057229 0.237460
v -0.096408 0.058064 0.232749
v -0.094455 0.058808 0.228036
v -0.092610 0.059607 0.223581
v -0.090981 0.060605 0.219649
v -0.089678 0.061948 0.216501
v -0.088808 0.063780 0.214402
v -0.088482 0.066247 0.213615
v -0.088789 0.069028 0.214355
v -0.089670 0.071788 0.216483
v -0.091011 0.074650 0.219721
v -0.092698 0.077739 0.223794
v -0.094616 0.081177 0.228425
v -0.096652 0.085089 0.233338
v -0.098689 0.089599 0.238258
v -0.100615 0.094830 0.242907
v -0.102315 0.100906 0.247011
v -0.103674 0.107951 0.250292
v -0.104579 0.116088 0.252475
v -0.104914 0.125441 0.253284
v -0.104353 0.135711 0.251932
v -0.102782 0.146462 0.248138
v -0.100400 0.157608 0.242386
v -0.097407 0.169065 0.235161
v -0.094004 0.180747 0.226946
v -0.090392 0.192570 0.218226
v -0.086771 0.204449 0.209485
v -0.083342 0.216300 0.201206
v -0.080305 0.228037 0.193874
v -0.077861 0.239577 0.187973
v -0.076210 0.250833 0.183987
v -0.075552 0.261722 0.182399
v -0.075424 0.271464 0.182090
v -0.075221 0.279451 0.181600
v -0.074934 0.285857 0.180907
v -0.074555 0.290853 0.179991
v -0.074073 0.294614 0.178828
v -0.073480 0.297311 0.177396
v -0.072767 0.299118 0.175674
v -0.071924 0.300206 0.173640
v -0.070943 0.300750 0.171271
v -0.069814 0.300922 0.168545
v -0.068528 0.300895 0.165441
v -0.067076 0.300841 0.161936
v -0.064238 0.301657 0.155084
v -0.061898 0.303949 0.149436
v -0.060060 0.307423 0.144998
v -0.058727 0.311782 0.141544
v -0.057902 0.316732 0.138208
v -0.057587 0.321979 0.134508
v -0.057788 0.327228 0.130112
v -0.058505 0.332183 0.124814
v -0.059743 0.336551 0.118583
v -0.061505 0.340035 0.111803
v -0.063794 0.342342 0.105992
v -0.066612 0.343177 0.105473
v -0.002857 0.000182 0.014365
v -0.006075 0.000383 0.030540
v -0.010170 0.000636 0.051127
v -0.014906 0.000923 0.074938
v -0.020048 0.001227 0.100788
v -0.025359 0.001531 0.127487
v -0.030603 0.001817 0.153850
v -0.035543 0.002070 0.178689
v -0.039945 0.002272 0.200816
v -0.043571 0.002405 0.219044
v -0.046185 0.002454 0.232187
v -0.047175 0.002644 0.237164
v -0.048111 0.003188 0.241870
v -0.048987 0.004041 0.246276
v -0.049797 0.005162 0.250349
v -0.050535 0.006508 0.254059
v -0.051195 0.008037 0.257374
v -0.051770 0.009705 0.260265
v -0.052254 0.011471 0.262699
v -0.052642 0.013291 0.264647
v -0.052926 0.015124 0.266076
v -0.053161 0.018656 0.267257
v -0.053161 0.020964 0.267257
v -0.053161 0.023336 0.267257
v -0.053161 0.025753 0.267257
v -0.053161 0.028199 0.267257
v -0.053161 0.030655 0.267257
v -0.053161 0.033102 0.267257
v -0.053161 0.035524 0.267257
v -0.053161 0.037902 0.267257
v -0.053161 0.040219 0.267257
v -0.053161 0.042455 0.267257
v -0.053161 0.044595 0.267257
v -0.053161 0.046619 0.267257
v -0.053003 0.050082 0.266464
v -0.052567 0.052730 0.264271
v -0.051908 0.054708 0.260958
v -0.051081 0.056159 0.256803
v -0.050143 0.057229 0.252086
v -0.049148 0.058064 0.247085
v -0.048153 0.058808 0.242081
v -0.047212 0.059607 0.237352
v -0.046382 0.060605 0.233178
v -0.045717 0.061948 0.229837
v -0.045274 0.063780 0.227608
v -0.045108 0.066247 0.226772
v -0.045264 0.069028 0.227558
v -0.045713 0.071788 0.229817
v -0.046397 0.074650 0.233254
v -0.047257 0.077739 0.237578
v -0.048235 0.081177 0.242494
v -0.049273 0.085089 0.247710
v -0.050311 0.089599 0.252933
v -0.051293 0.094830 0.257869
v -0.052160 0.100906 0.262225
v -0.052853 0.107951 0.265709
v -0.053314 0.116088 0.268026
v -0.053485 0.125441 0.268885
v -0.053199 0.135711 0.267449
v -0.052398 0.146462 0.263422
v -0.051183 0.157608 0.257316
v -0.049658 0.169065 0.249646
v -0.047923 0.180747 0.240925
v -0.046082 0.192570 0.231668
v -0.044236 0.204449 0.222388
v -0.042488 0.216300 0.213600
v -0.040939 0.228037 0.205816
v -0.039693 0.239577 0.199551
v -0.038851 0.250833 0.195319
v -0.038516 0.261722 0.193634
v -0.038451 0.271464 0.193305
v -0.038347 0.279451 0.192785
v -0.038201 0.285857 0.192050
v -0.038008 0.290853 0.191077
v -0.037762 0.294614 0.189843
v -0.037460 0.297311 0.188323
v -0.037096 0.299118 0.186495
v -0.036667 0.300206 0.184335
v -0.036166 0.300750 0.181820
v -0.035591 0.300922 0.178927
v -0.034935 0.300895 0.175631
v -0.034195 0.300841 0.171911
v -0.032748 0.301657 0.164637
v -0.031555 0.303949 0.158640
v -0.030618 0.307423 0.153929
v -0.029939 0.311782 0.150263
v -0.029518 0.316732 0.146721
v -0.029358 0.321979 0.142792
v -0.029460 0.327228 0.138126
v -0.029826 0.332183 0.132502
v -0.030457 0.336551 0.125887
v -0.031355 0.340035 0.118689
v -0.032522 0.342342 0.112521
v 0.000000 0.000182 0.014646
v 0.000000 0.000383 0.031138
v 0.000000 0.000636 0.052128
v 0.000000 0.000923 0.076406
v 0.000000 0.001227 0.102762
v 0.000000 0.001531 0.129985
v 0.000000 0.001817 0.156864
v 0.000000 0.002070 0.182189
v 0.000000 0.002272 0.204750
v 0.000000 0.002405 0.223335
v 0.000000 0.002454 0.236735
v 0.000000 0.002644 0.241810
v 0.000000 0.003188 0.246609
v 0.000000 0.004041 0.251100
v 0.000000 0.005162 0.255253
v 0.000000 0.006508 0.259036
v 0.000000 0.008037 0.262417
v 0.000000 0.009705 0.265364
v 0.000000 0.011471 0.267846
v 0.000000 0.013291 0.269832
v 0.000000 0.015124 0.271289
v 0.000000 0.018656 0.272493
v 0.000000 0.020964 0.272493
v 0.000000 0.023336 0.272493
v 0.000000 0.025753 0.272493
v 0.000000 0.028199 0.272493
v 0.000000 0.030655 0.272493
v 0.000000 0.033102 0.272493
v 0.000000 0.035524 0.272493
v 0.000000 0.037902 0.272493
v 0.000000 0.040219 0.272493
v 0.000000 0.042455 0.272493
v 0.000000 0.044595 0.272493
v 0.000000 0.046619 0.272493
v -0.000000 0.050082 0.271684
v -0.000000 0.052730 0.269448
v -0.000000 0.054708 0.266070
v -0.000000 0.056159 0.261834
v -0.000000 0.057229 0.257024
v -0.000000 0.058064 0.251926
v -0.000000 0.058808 0.246824
v -0.000000 0.059607 0.242002
v -0.000000 0.060605 0.237746
v -0.000000 0.061948 0.234339
v -0.000000 0.063780 0.232067
v -0.000000 0.066247 0.231215
v -0.000000 0.069028 0.232016
v -0.000000 0.071788 0.234319
v -0.000000 0.074650 0.237824
v -0.000000 0.077739 0.242232
v -0.000000 0.081177 0.247245
v -0.000000 0.085089 0.252563
v -0.000000 0.089599 0.257888
v -0.000000 0.094830 0.262921
v -0.000000 0.100906 0.267362
v -0.000000 0.107951 0.270914
v -0.000000 0.116088 0.273277
v -0.000000 0.125441 0.274153
v -0.000000 0.135711 0.272689
v -0.000000 0.146462 0.268582
v -0.000000 0.157608 0.262357
v -0.000000 0.169065 0.254536
v -0.000000 0.180747 0.245645
v -0.000000 0.192570 0.236207
v -0.000000 0.204449 0.226745
v -0.000000 0.216300 0.217784
v -0.000000 0.228037 0.209848
v -0.000000 0.239577 0.203461
v -0.000000 0.250833 0.199146
v -0.000000 0.261722 0.197427
v -0.000000 0.271464 0.197092
v -0.000000 0.279451 0.196562
v -0.000000 0.285857 0.195813
v -0.000000 0.290853 0.194821
v -0.000000 0.294614 0.193562
v -0.000000 0.297311 0.192012
v -0.000000 0.299118 0.190149
v -0.000000 0.300206 0.187947
v -0.000000 0.300750 0.185382
v -0.000000 0.300922 0.182432
v -0.000000 0.300895 0.179072
v -0.000000 0.300841 0.175279
v -0.000000 0.301657 0.167862
v -0.000000 0.303949 0.161748
v -0.000000 0.307423 0.156945
v -0.000000 0.311782 0.153207
v -0.000000 0.316732 0.149595
v -0.000000 0.321979 0.145590
v -0.000000 0.327228 0.140832
v -0.000000 0.332183 0.135098
v -0.000000 0.336551 0.128353
v -0.000000 0.340035 0.121015
v -0.000000 0.342342 0.114725
v 0.002857 0.000182 0.014365
v 0.006075 0.000383 0.030540
v 0.010170 0.000636 0.051127
v 0.014906 0.000923 0.074938
v 0.020048 0.001227 0.100788
v 0.025359 0.001531 0.127487
v 0.030603 0.001817 0.153850
v 0.035543 0.002070 0.178689
v 0.039945 0.002272 0.200816
v 0.043571 0.002405 0.219044
v 0.046185 0.002454 0.232187
v 0.047175 0.002644 0.237164
v 0.048111 0.003188 0.241870
v 0.048987 0.004041 0.246276
v 0.049797 0.005162 0.250349
v 0.050535 0.006508 0.254059
v 0.051195 0.008037 0.257374
v 0.051770 0.009705 0.260265
v 0.052254 0.011471 0.262699
v 0.052642 0.013291 0.264647
v 0.052926 0.015124 0.266076
v 0.053101 0.016926 0.266956
v 0.053161 0.020964 0.267257
v 0.053161 0.023336 0.267257
v 0.053161 0.025753 0.267257
v 0.053161 0.028199 0.267257
v 0.053161 0.030655 0.267257
v 0.053161 0.033102 0.267257
v 0.053161 0.035524 0.267257
v 0.053161 0.037902 0.267257
v 0.053161 0.040219 0.267257
v 0.053161 0.042455 0.267257
v 0.053161 0.044595 0.267257
v 0.053161 0.046619 0.267257
v 0.053003 0.050082 0.266464
v 0.052567 0.052730 0.264271
v 0.051908 0.054708 0.260958
v 0.051081 0.056159 0.256803
v 0.050143 0.057229 0.252086
v 0.049148 0.058064 0.247085
v 0.048153 0.058808 0.242081
v 0.047212 0.059607 0.237352
v 0.046382 0.060605 0.233178
v 0.045717 0.061948 0.229837
v 0.045274 0.063780 0.227608
v 0.045108 0.066247 0.226772
v 0.045264 0.069028 0.227558
v 0.045713 0.071788 0.229817
v 0.046397 0.074650 0.233254
v 0.047257 0.077739 0.237578
v 0.048235 0.081177 0.242494
v 0.049273 0.085089 0.247710
v 0.050311 0.089599 0.252933
v 0.051293 0.094830 0.257869
v 0.052160 0.100906 0.262225
v 0.052853 0.107951 0.265709
v 0.053314 0.116088 0.268026
v 0.053485 0.125441 0.268885
v 0.053199 0.135711 0.267449
v 0.052398 0.146462 0.263422
v 0.051183 0.157608 0.257316
v 0.049658 0.169065 0.249646
v 0.047923 0.180747 0.240925
v 0.046082 0.192570 0.231668
v 0.044236 0.204449 0.222388
v 0.042488 0.216300 0.213600
v 0.040939 0.228037 0.205816
v 0.039693 0.239577 0.199551
v 0.038851 0.250833 0.195319
v 0.038516 0.261722 0.193634
v 0.038451 0.271464 0.193305
v 0.038347 0.279451 0.192785
v 0.038201 0.285857 0.192050
v 0.038008 0.290853 0.191077
v 0.037762 0.294614 0.189843
v 0.037460 0.297311 0.188323
v 0.037096 0.299118 0.186495
v 0.036667 0.300206 0.184335
v 0.036166 0.300750 0.181820
v 0.035591 0.300922 0.178927
v 0.034935 0.300895 0.175631
v 0.034195 0.300841 0.171911
v 0.032748 0.301657 0.164637
v 0.031555 0.303949 0.158640
v 0.030618 0.307423 0.153929
v 0.029939 0.311782 0.150263
v 0.029518 0.316732 0.146721
v 0.029358 0.321979 0.142792
v 0.029460 0.327228 0.138126
v 0.029826 0.332183 0.132502
v 0.030457 0.336551 0.125887
v 0.031355 0.340035 0.118689
v 0.032522 0.342342 0.112521
v 0.005605 0.000182 0.013531
v 0.011916 0.000383 0.028768
v 0.019949 0.000636 0.048160
v 0.029239 0.000923 0.070590
v 0.039325 0.001227 0.094940
v 0.049743 0.001531 0.120090
v 0.060029 0.001817 0.144924
v 0.069721 0.002070 0.168321
v 0.078354 0.002272 0.189164
v 0.085467 0.002405 0.206335
v 0.090595 0.002454 0.218715
v 0.092537 0.002644 0.223403
v 0.094373 0.003188 0.227837
v 0.096092 0.004041 0.231987
v 0.097681 0.005162 0.235823
v 0.099129 0.006508 0.239318
v 0.100423 0.008037 0.242441
v 0.101550 0.009705 0.245164
v 0.102500 0.011471 0.247457
v 0.103260 0.013291 0.249292
v 0.103818 0.015124 0.250638
v 0.104161 0.016926 0.251467
v 0.104278 0.020964 0.251750
v 0.104278 0.023336 0.251750
v 0.104278 0.025753 0.251750
v 0.104278 0.028199 0.251750
v 0.104278 0.030655 0.251750
v 0.104278 0.033102 0.251750
v 0.104278 0.035524 0.251750
v 0.104278 0.037902 0.251750
v 0.104278 0.040219 0.251750
v 0.104278 0.042455 0.251750
v 0.104278 0.044595 0.251750
v 0.104278 0.046619 0.251750
v 0.103969 0.050082 0.251003
v 0.103113 0.052730 0.248938
v 0.101821 0.054708 0.245817
v 0.100200 0.056159 0.241903
v 0.098359 0.057229 0.237459
v 0.096408 0.058064 0.232749
v 0.094455 0.058808 0.228036
v 0.092610 0.059607 0.223581
v 0.090981 0.060605 0.219649
v 0.089678 0.061948 0.216501
v 0.088808 0.063780 0.214402
v 0.088482 0.066247 0.213615
v 0.088789 0.069028 0.214355
v 0.089670 0.071788 0.216483
v 0.091011 0.074650 0.219721
v 0.092698 0.077739 0.223794
v 0.094617 0.081177 0.228425
v 0.096652 0.085089 0.233338
v 0.098690 0.089599 0.238257
v 0.100615 0.094830 0.242907
v 0.102315 0.100906 0.247011
v 0.103674 0.107951 0.250292
v 0.104579 0.116088 0.252475
v 0.104914 0.125441 0.253284
v 0.104354 0.135711 0.251932
v 0.102782 0.146462 0.248138
v 0.100400 0.157608 0.242386
v 0.097407 0.169065 0.235161
v 0.094004 0.180747 0.226946
v 0.090392 0.192570 0.218226
v 0.086772 0.204449 0.209485
v 0.083342 0.216300 0.201206
v 0.080305 0.228037 0.193874
v 0.077861 0.239577 0.187973
v 0.076210 0.250833 0.183987
v 0.075552 0.261722 0.182399
v 0.075424 0.271464 0.182090
v 0.075221 0.279451 0.181600
v 0.074934 0.285857 0.180907
v 0.074555 0.290853 0.179991
v 0.074073 0.294614 0.178828
v 0.073480 0.297311 0.177396
v 0.072767 0.299118 0.175674
v 0.071924 0.300206 0.173640
v 0.070943 0.300750 0.171271
v 0.069814 0.300922 0.168545
v 0.068528 0.300895 0.165441
v 0.067076 0.300841 0.161936
v 0.064238 0.301657 0.155084
v 0.061898 0.303949 0.149436
v 0.060060 0.307423 0.144998
v 0.058727 0.311782 0.141544
v 0.057902 0.316732 0.138208
v 0.057587 0.321979 0.134508
v 0.057788 0.327228 0.130112
v 0.058505 0.332183 0.124814
v 0.059743 0.336551 0.118583
v 0.061505 0.340035 0.111803
v 0.063794 0.342342 0.105992
v 0.066612 0.343177 0.105473
v 0.008137 0.000182 0.012178
v 0.017299 0.000383 0.025890
v 0.028961 0.000636 0.043343
v 0.042449 0.000923 0.063530
v 0.057092 0.001227 0.085444
v 0.072216 0.001531 0.108079
v 0.087149 0.001817 0.130428
v 0.101219 0.002070 0.151485
v 0.113753 0.002272 0.170243
v 0.124079 0.002405 0.185697
v 0.131523 0.002454 0.196838
v 0.134342 0.002644 0.201058
v 0.137009 0.003188 0.205048
v 0.139504 0.004041 0.208782
v 0.141811 0.005162 0.212235
v 0.143913 0.006508 0.215381
v 0.145791 0.008037 0.218191
v 0.147428 0.009705 0.220642
v 0.148807 0.011471 0.222706
v 0.149910 0.013291 0.224357
v 0.150720 0.015124 0.225568
v 0.151389 0.018656 0.226569
v 0.151389 0.020964 0.226569
v 0.151389 0.023336 0.226569
v 0.151389 0.025753 0.226569
v 0.151389 0.028199 0.226569
v 0.151389 0.030655 0.226569
v 0.151389 0.033102 0.226569
v 0.151389 0.035524 0.226569
v 0.151389 0.037902 0.226569
v 0.151389 0.040219 0.226569
v 0.151389 0.042455 0.226569
v 0.151389 0.044595 0.226569
v 0.151389 0.046619 0.226569
v 0.150940 0.050082 0.225897
v 0.149698 0.052730 0.224038
v 0.147821 0.054708 0.221229
v 0.145467 0.056159 0.217707
v 0.142795 0.057229 0.213708
v 0.139963 0.058064 0.209469
v 0.137128 0.058808 0.205227
v 0.134449 0.059607 0.201218
v 0.132085 0.060605 0.197678
v 0.130192 0.061948 0.194846
v 0.128930 0.063780 0.192957
v 0.128456 0.066247 0.192248
v 0.128902 0.069028 0.192915
v 0.130181 0.071788 0.194829
v 0.132128 0.074650 0.197744
v 0.134577 0.077739 0.201409
v 0.137362 0.081177 0.205577
v 0.140317 0.085089 0.209999
v 0.143275 0.089599 0.214426
v 0.146071 0.094830 0.218611
v 0.148539 0.100906 0.222304
v 0.150512 0.107951 0.225257
v 0.151825 0.116088 0.227222
v 0.152311 0.125441 0.227950
v 0.151498 0.135711 0.226733
v 0.149216 0.146462 0.223318
v 0.145758 0.157608 0.218142
v 0.141413 0.169065 0.211639
v 0.136473 0.180747 0.204246
v 0.131229 0.192570 0.196399
v 0.125973 0.204449 0.188532
v 0.120994 0.216300 0.181081
v 0.116585 0.228037 0.174482
v 0.113037 0.239577 0.169171
v 0.110640 0.250833 0.165584
v 0.109685 0.261722 0.164155
v 0.109499 0.271464 0.163876
v 0.109204 0.279451 0.163435
v 0.108788 0.285857 0.162812
v 0.108237 0.290853 0.161987
v 0.107537 0.294614 0.160941
v 0.106676 0.297311 0.159653
v 0.105641 0.299118 0.158103
v 0.104418 0.300206 0.156272
v 0.102993 0.300750 0.154140
v 0.101354 0.300922 0.151687
v 0.099487 0.300895 0.148893
v 0.097380 0.300841 0.145739
v 0.093259 0.301657 0.139572
v 0.089862 0.303949 0.134488
v 0.087194 0.307423 0.130495
v 0.085258 0.311782 0.127387
v 0.084060 0.316732 0.124384
v 0.083604 0.321979 0.121054
v 0.083895 0.327228 0.117097
v 0.084936 0.332183 0.112330
v 0.086734 0.336551 0.106722
v 0.089291 0.340035 0.100620
v 0.092614 0.342342 0.095391
v 0.096706 0.343177 0.094923
v 0.010356 0.000182 0.010356
v 0.022018 0.000383 0.022018
v 0.036860 0.000636 0.036860
v 0.054028 0.000923 0.054028
v 0.072664 0.001227 0.072664
v 0.091913 0.001531 0.091913
v 0.110920 0.001817 0.110920
v 0.128827 0.002070 0.128827
v 0.144780 0.002272 0.144780
v 0.157922 0.002405 0.157922
v 0.167397 0.002454 0.167397
v 0.170985 0.002644 0.170985
v 0.174379 0.003188 0.174379
v 0.177555 0.004041 0.177555
v 0.180491 0.005162 0.180491
v 0.183166 0.006508 0.183166
v 0.185557 0.008037 0.185557
v 0.187641 0.009705 0.187641
v 0.189396 0.011471 0.189396
v 0.190800 0.013291 0.190800
v 0.191830 0.015124 0.191830
v 0.192465 0.016926 0.192465
v 0.192681 0.020964 0.192681
v 0.192681 0.023336 0.192681
v 0.192681 0.025753 0.192681
v 0.192681 0.028199 0.192681
v 0.192681 0.030655 0.192681
v 0.192681 0.033102 0.192681
v 0.192681 0.035524 0.192681
v 0.192681 0.037902 0.192681
v 0.192681 0.040219 0.192681
v 0.192681 0.042455 0.192681
v 0.192681 0.044595 0.192681
v 0.192681 0.046619 0.192681
v 0.192110 0.050082 0.192110
v 0.190529 0.052730 0.190529
v 0.188140 0.054708 0.188140
v 0.185145 0.056159 0.185144
v 0.181744 0.057229 0.181744
v 0.178139 0.058064 0.178139
v 0.174531 0.058808 0.174531
v 0.171122 0.059607 0.171121
v 0.168112 0.060605 0.168112
v 0.165703 0.061948 0.165703
v 0.164097 0.063780 0.164096
v 0.163494 0.066247 0.163493
v 0.164061 0.069028 0.164060
v 0.165689 0.071788 0.165689
v 0.168167 0.074650 0.168167
v 0.171284 0.077739 0.171284
v 0.174829 0.081177 0.174829
v 0.178589 0.085089 0.178589
v 0.182354 0.089599 0.182354
v 0.185913 0.094830 0.185913
v 0.189054 0.100906 0.189054
v 0.191565 0.107951 0.191565
v 0.193236 0.116088 0.193236
v 0.193855 0.125441 0.193855
v 0.192820 0.135711 0.192820
v 0.189916 0.146462 0.189916
v 0.185514 0.157608 0.185514
v 0.179984 0.169065 0.179984
v 0.173697 0.180747 0.173697
v 0.167023 0.192570 0.167023
v 0.160333 0.204449 0.160333
v 0.153997 0.216300 0.153997
v 0.148385 0.228037 0.148385
v 0.143869 0.239577 0.143868
v 0.140817 0.250833 0.140817
v 0.139602 0.261722 0.139602
v 0.139365 0.271464 0.139365
v 0.138990 0.279451 0.138990
v 0.138461 0.285857 0.138460
v 0.137759 0.290853 0.137759
v 0.136869 0.294614 0.136869
v 0.135773 0.297311 0.135773
v 0.134455 0.299118 0.134455
v 0.132898 0.300206 0.132898
v 0.131085 0.300750 0.131085
v 0.128999 0.300922 0.128999
v 0.126623 0.300895 0.126623
v 0.123941 0.300841 0.123941
v 0.118696 0.301657 0.118696
v 0.114373 0.303949 0.114373
v 0.110977 0.307423 0.110977
v 0.108513 0.311782 0.108333
v 0.106988 0.316732 0.105780
v 0.106408 0.321979 0.102948
v 0.106778 0.327228 0.099583
v 0.108103 0.332183 0.095529
v 0.110391 0.336551 0.090759
v 0.113646 0.340035 0.085570
v 0.117875 0.342342 0.081123
v 0.123084 0.343177 0.080725
v 0.012178 0.000182 0.008137
v 0.025890 0.000383 0.017299
v 0.043343 0.000636 0.028961
v 0.063530 0.000923 0.042449
v 0.085444 0.001227 0.057092
v 0.108079 0.001531 0.072216
v 0.130428 0.001817 0.087149
v 0.151485 0.002070 0.101219
v 0.170243 0.002272 0.113753
v 0.185697 0.002405 0.124079
v 0.196838 0.002454 0.131523
v 0.201058 0.002644 0.134342
v 0.205048 0.003188 0.137009
v 0.208782 0.004041 0.139504
v 0.212235 0.005162 0.141811
v 0.215381 0.006508 0.143913
v 0.218192 0.008037 0.145791
v 0.220642 0.009705 0.147428
v 0.222706 0.011471 0.148807
v 0.224357 0.013291 0.149910
v 0.225568 0.015124 0.150720
v 0.226315 0.016926 0.151219
v 0.226569 0.020964 0.151389
v 0.226569 0.023336 0.151389
v 0.226569 0.025753 0.151389
v 0.226569 0.028199 0.151389
v 0.226569 0.030655 0.151389
v 0.226569 0.033102 0.151389
v 0.226569 0.035524 0.151389
v 0.226569 0.037902 0.151389
v 0.226569 0.040219 0.151389
v 0.226569 0.042455 0.151389
v 0.226569 0.044595 0.151389
v 0.226569 0.046619 0.151389
v 0.225897 0.050082 0.150940
v 0.224038 0.052730 0.149697
v 0.221229 0.054708 0.147821
v 0.217707 0.056159 0.145467
v 0.213708 0.057229 0.142795
v 0.209469 0.058064 0.139963
v 0.205227 0.058808 0.137128
v 0.201218 0.059607 0.134449
v 0.197679 0.060605 0.132085
v 0.194846 0.061948 0.130192
v 0.192957 0.063780 0.128930
v 0.192248 0.066247 0.128456
v 0.192915 0.069028 0.128901
v 0.194829 0.071788 0.130181
v 0.197744 0.074650 0.132128
v 0.201409 0.077739 0.134577
v 0.205577 0.081177 0.137362
v 0.209999 0.085089 0.140317
v 0.214426 0.089599 0.143275
v 0.218611 0.094830 0.146071
v 0.222304 0.100906 0.148539
v 0.225257 0.107951 0.150512
v 0.227222 0.116088 0.151825
v 0.227950 0.125441 0.152311
v 0.226733 0.135711 0.151498
v 0.223318 0.146462 0.149216
v 0.218142 0.157608 0.145758
v 0.211639 0.169065 0.141413
v 0.204246 0.180747 0.136473
v 0.196399 0.192570 0.131229
v 0.188532 0.204449 0.125973
v 0.181081 0.216300 0.120994
v 0.174482 0.228037 0.116585
v 0.169171 0.239577 0.113037
v 0.165584 0.250833 0.110640
v 0.164155 0.261722 0.109685
v 0.163876 0.271464 0.109499
v 0.163435 0.279451 0.109204
v 0.162812 0.285857 0.108788
v 0.161987 0.290853 0.108237
v 0.160941 0.294614 0.107537
v 0.159653 0.297311 0.106676
v 0.158103 0.299118 0.105641
v 0.156272 0.300206 0.104418
v 0.154140 0.300750 0.102993
v 0.151687 0.300922 0.101354
v 0.148893 0.300895 0.099487
v 0.145739 0.300841 0.097380
v 0.139572 0.301657 0.093259
v 0.134489 0.303949 0.089862
v 0.130495 0.307423 0.087194
v 0.127598 0.311782 0.085117
v 0.125805 0.316732 0.083111
v 0.125122 0.321979 0.080885
v 0.125557 0.327228 0.078242
v 0.127116 0.332183 0.075057
v 0.129806 0.336551 0.071309
v 0.133634 0.340035 0.067232
v 0.138607 0.342342 0.063738
v 0.144731 0.343177 0.063425
v 0.013531 0.000182 0.005605
v 0.028768 0.000383 0.011916
v 0.048160 0.000636 0.019949
v 0.070590 0.000923 0.029239
v 0.094940 0.001227 0.039325
v 0.120090 0.001531 0.049743
v 0.144924 0.001818 0.060029
v 0.168321 0.002070 0.069721
v 0.189164 0.002272 0.078354
v 0.206335 0.002405 0.085467
v 0.218715 0.002454 0.090595
v 0.223403 0.002644 0.092537
v 0.227837 0.003188 0.094373
v 0.231987 0.004041 0.096092
v 0.235823 0.005162 0.097681
v 0.239318 0.006508 0.099129
v 0.242441 0.008037 0.100423
v 0.245164 0.009705 0.101550
v 0.247457 0.011471 0.102500
v 0.249292 0.013291 0.103260
v 0.250638 0.015124 0.103818
v 0.251467 0.016926 0.104161
v 0.251750 0.020964 0.104278
v 0.251750 0.023336 0.104278
v 0.251750 0.025753 0.104278
v 0.251750 0.028199 0.104278
v 0.251750 0.030655 0.104278
v 0.251750 0.033102 0.104278
v 0.251750 0.035524 0.104278
v 0.251750 0.037902 0.104278
v 0.251750 0.040219 0.104278
v 0.251750 0.042455 0.104278
v 0.251750 0.044595 0.104278
v 0.251750 0.046619 0.104278
v 0.251003 0.050082 0.103969
v 0.248938 0.052730 0.103113
v 0.245817 0.054708 0.101821
v 0.241903 0.056159 0.100199
v 0.237459 0.057229 0.098359
v 0.232749 0.058064 0.096408
v 0.228036 0.058808 0.094455
v 0.223581 0.059607 0.092610
v 0.219649 0.060605 0.090981
v 0.216501 0.061948 0.089678
v 0.214402 0.063780 0.088808
v 0.213615 0.066247 0.088482
v 0.214355 0.069028 0.088789
v 0.216483 0.071788 0.089670
v 0.219721 0.074650 0.091011
v 0.223794 0.077739 0.092698
v 0.228425 0.081177 0.094617
v 0.233338 0.085089 0.096652
v 0.238257 0.089599 0.098689
v 0.242907 0.094830 0.100615
v 0.247011 0.100906 0.102315
v 0.250292 0.107951 0.103674
v 0.252475 0.116088 0.104579
v 0.253284 0.125441 0.104914
v 0.251932 0.135711 0.104354
v 0.248138 0.146462 0.102782
v 0.242386 0.157608 0.100400
v 0.235161 0.169065 0.097407
v 0.226946 0.180747 0.094004
v 0.218226 0.192570 0.090392
v 0.209485 0.204449 0.086772
v 0.201206 0.216300 0.083342
v 0.193874 0.228037 0.080305
v 0.187973 0.239577 0.077861
v 0.183987 0.250833 0.076210
v 0.182399 0.261722 0.075552
v 0.182090 0.271464 0.075424
v 0.181600 0.279451 0.075221
v 0.180907 0.285857 0.074934
v 0.179991 0.290853 0.074555
v 0.178828 0.294614 0.074073
v 0.177396 0.297311 0.073480
v 0.175674 0.299118 0.072767
v 0.173640 0.300206 0.071924
v 0.171271 0.300750 0.070943
v 0.168545 0.300922 0.069814
v 0.165441 0.300895 0.068528
v 0.161936 0.300841 0.067076
v 0.155084 0.301657 0.064238
v 0.149436 0.303949 0.061898
v 0.144998 0.307423 0.060060
v 0.141779 0.311782 0.058630
v 0.139787 0.316732 0.057248
v 0.139028 0.321979 0.055715
v 0.139512 0.327228 0.053894
v 0.141244 0.332183 0.051700
v 0.144233 0.336551 0.049119
v 0.148486 0.340035 0.046310
v 0.154011 0.342342 0.043903
v 0.160816 0.343177 0.043688
v 0.014365 0.000182 0.002857
v 0.030540 0.000383 0.006075
v 0.051127 0.000636 0.010170
v 0.074938 0.000923 0.014906
v 0.100788 0.001227 0.020048
v 0.127487 0.001531 0.025359
v 0.153850 0.001818 0.030603
v 0.178689 0.002070 0.035543
v 0.200816 0.002272 0.039945
v 0.219044 0.002405 0.043571
v 0.232187 0.002454 0.046185
v 0.237164 0.002644 0.047175
v 0.241870 0.003187 0.048111
v 0.246276 0.004041 0.048987
v 0.250349 0.005162 0.049797
v 0.254059 0.006508 0.050535
v 0.257374 0.008037 0.051195
v 0.260265 0.009705 0.051770
v 0.262699 0.011471 0.052254
v 0.264647 0.013291 0.052641
v 0.266076 0.015124 0.052926
v 0.266956 0.016926 0.053101
v 0.267257 0.020964 0.053161
v 0.267257 0.023336 0.053161
v 0.267257 0.025753 0.053161
v 0.267257 0.028199 0.053161
v 0.267257 0.030655 0.053161
v 0.267257 0.033102 0.053161
v 0.267257 0.035524 0.053161
v 0.267257 0.037902 0.053161
v 0.267257 0.040219 0.053161
v 0.267257 0.042455 0.053161
v 0.267257 0.044595 0.053161
v 0.267257 0.046619 0.053161
v 0.266464 0.050082 0.053003
v 0.264271 0.052730 0.052567
v 0.260958 0.054708 0.051908
v 0.256803 0.056159 0.051081
v 0.252086 0.057229 0.050143
v 0.247085 0.058064 0.049148
v 0.242081 0.058808 0.048153
v 0.237352 0.059607 0.047212
v 0.233178 0.060605 0.046382
v 0.229837 0.061948 0.045717
v 0.227608 0.063780 0.045274
v 0.226772 0.066247 0.045108
v 0.227558 0.069028 0.045264
v 0.229817 0.071788 0.045713
v 0.233254 0.074650 0.046397
v 0.237578 0.077739 0.047257
v 0.242494 0.081177 0.048235
v 0.247710 0.085089 0.049273
v 0.252933 0.089599 0.050311
v 0.257869 0.094830 0.051293
v 0.262225 0.100906 0.052160
v 0.265709 0.107951 0.052853
v 0.268026 0.116088 0.053314
v 0.268885 0.125441 0.053485
v 0.267449 0.135711 0.053199
v 0.263422 0.146462 0.052398
v 0.257316 0.157608 0.051183
v 0.249646 0.169065 0.049658
v 0.240925 0.180747 0.047923
v 0.231668 0.192570 0.046082
v 0.222388 0.204449 0.044236
v 0.213600 0.216300 0.042488
v 0.205816 0.228037 0.040939
v 0.199551 0.239577 0.039693
v 0.195319 0.250833 0.038851
v 0.193634 0.261722 0.038516
v 0.193305 0.271464 0.038451
v 0.192785 0.279451 0.038347
v 0.192050 0.285857 0.038201
v 0.191077 0.290853 0.038008
v 0.189843 0.294614 0.037762
v 0.188323 0.297311 0.037460
v 0.186495 0.299118 0.037096
v 0.184335 0.300206 0.036667
v 0.181820 0.300750 0.036166
v 0.178927 0.300922 0.035591
v 0.175631 0.300895 0.034935
v 0.171911 0.300841 0.034195
v 0.164637 0.301657 0.032748
v 0.158640 0.303949 0.031555
v 0.153929 0.307423 0.030618
v 0.150512 0.311782 0.029889
v 0.148397 0.316732 0.029185
v 0.147592 0.321979 0.028403
v 0.148105 0.327228 0.027475
v 0.149944 0.332183 0.026356
v 0.153117 0.336551 0.025040
v 0.157632 0.340035 0.023609
v 0.163498 0.342342 0.022382
v 0.170722 0.343177 0.022272
v 0.000000 -0.003761 -0.194862
v 0.000000 -0.000082 -0.194862
v 0.038016 -0.003761 -0.191118
v 0.038016 -0.000082 -0.191118
v 0.074571 -0.003761 -0.180029
v 0.074571 -0.000082 -0.180029
v 0.108260 -0.003761 -0.162022
v 0.108260 -0.000082 -0.162022
v 0.137788 -0.003761 -0.137788
v 0.137788 -0.000082 -0.137788
v 0.162022 -0.003761 -0.108260
v 0.162022 -0.000082 -0.108260
v 0.180029 -0.003761 -0.074571
v 0.180029 -0.000082 -0.074571
v 0.191118 -0.003761 -0.038016
v 0.191118 -0.000082 -0.038016
v 0.194862 -0.003761 0.000000
v 0.194862 -0.000082 0.000000
v 0.191118 -0.003761 0.038016
v 0.191118 -0.000082 0.038016
v 0.180029 -0.003761 0.074571
v 0.180029 -0.000082 0.074571
v 0.162022 -0.003761 0.108260
v 0.162022 -0.000082 0.108260
v 0.137788 -0.003761 0.137788
v 0.137788 -0.000082 0.137788
v 0.108260 -0.003761 0.162022
v 0.108260 -0.000082 0.162022
v 0.074571 -0.003761 0.180029
v 0.074571 -0.000082 0.180029
v 0.038016 -0.003761 0.191118
v 0.038016 -0.000082 0.191118
v 0.000000 -0.003761 0.194862
v 0.000000 -0.000082 0.194862
v -0.038016 -0.003761 0.191118
v -0.038016 -0.000082 0.191118
v -0.074571 -0.003761 0.180029
v -0.074571 -0.000082 0.180029
v -0.108260 -0.003761 0.162022
v -0.108260 -0.000082 0.162022
v -0.137788 -0.003761 0.137788
v -0.137788 -0.000082 0.137788
v -0.162022 -0.003761 0.108260
v -0.162022 -0.000082 0.108260
v -0.180029 -0.003761 0.074571
v -0.180029 -0.000082 0.074571
v -0.191118 -0.003761 0.038016
v -0.191118 -0.000082 0.038016
v -0.194862 -0.003761 0.000000
v -0.194862 -0.000082 0.000000
v -0.191118 -0.003761 -0.038016
v -0.191118 -0.000082 -0.038016
v -0.180029 -0.003761 -0.074571
v -0.180029 -0.000082 -0.074571
v -0.162022 -0.003761 -0.108260
v -0.162022 -0.000082 -0.108260
v -0.137788 -0.003761 -0.137788
v -0.137788 -0.000082 -0.137788
v -0.108260 -0.003761 -0.162022
v -0.108260 -0.000082 -0.162022
v -0.074571 -0.003761 -0.180029
v -0.074571 -0.000082 -0.180029
v -0.038016 -0.003761 -0.191118
v -0.038016 -0.000082 -0.191118
vn -0.9997 -0.0254 -0.0000
vn -0.9999 -0.0128 -0.0000
vn -0.9997 -0.0174 -0.0164
vn -0.9994 -0.0304 -0.0178
vn -1.0000 0.0037 -0.0000
vn -0.9999 -0.0005 -0.0151
vn -0.9997 0.0236 -0.0000
vn -0.9997 0.0198 -0.0140
vn -0.7173 0.0124 0.6967
vn -0.7177 -0.0024 0.6964
vn -0.7178 -0.0148 0.6961
vn -0.7178 -0.0242 0.6959
vn -0.9990 -0.0393 -0.0191
vn -0.7176 -0.0307 0.6958
vn -0.9994 -0.0342 -0.0000
vn 0.4806 0.8769 -0.0069
vn 0.4302 0.9025 -0.0227
vn 0.2234 0.9746 -0.0176
vn 0.8837 0.4681 0.0024
vn 0.8838 0.4679 0.0024
vn 1.0000 0.0050 -0.0077
vn 0.9933 0.1138 -0.0190
vn 0.9357 -0.3528 -0.0000
vn 0.8897 -0.4565 -0.0000
vn 0.8896 -0.4566 -0.0042
vn 0.6656 -0.2950 0.6855
vn 0.7545 -0.0612 0.6535
vn 0.5152 0.6175 0.5944
vn -0.0114 0.9995 -0.0284
vn -0.2928 0.9562 -0.0055
vn 0.1984 0.9799 -0.0184
vn -0.1738 0.7656 0.6194
vn -0.3002 0.9539 -0.0000
vn -0.1594 0.9872 -0.0000
vn -0.9993 -0.0381 -0.0001
vn -0.9988 -0.0437 -0.0201
vn -0.6606 0.0812 0.7463
vn -0.5595 0.4496 0.6963
vn -0.6037 0.7972 -0.0000
vn -0.5685 0.8227 -0.0000
vn -0.5650 0.8251 -0.0072
vn -0.6044 0.7966 -0.0081
vn -0.4907 0.8713 -0.0000
vn -0.4883 0.8726 -0.0062
vn -0.3379 0.6596 0.6714
vn -0.3924 0.6225 0.6771
vn -0.4199 0.6001 0.6809
vn -0.6227 0.7824 -0.0085
vn -0.4329 0.5891 0.6824
vn -0.6207 0.7841 -0.0000
vn 0.3911 -0.9203 0.0027
vn 0.7230 -0.6908 -0.0030
vn 0.7218 -0.6921 -0.0050
vn 0.7225 -0.6913 -0.0050
vn 0.7578 -0.6524 -0.0102
vn 0.7318 -0.6808 0.0321
vn 0.7716 -0.6057 0.1943
vn 0.4654 -0.8849 -0.0191
vn 0.6863 -0.5882 0.4279
vn 0.5322 -0.5786 0.6180
vn 0.4693 -0.8830 -0.0000
vn 0.8045 -0.5940 -0.0000
vn 0.7640 -0.6452 -0.0000
vn 0.7666 -0.6421 -0.0069
vn 0.8060 -0.5919 -0.0057
vn 0.7523 -0.6588 -0.0000
vn 0.7518 -0.6594 -0.0078
vn 0.7578 -0.6525 -0.0000
vn 0.7560 -0.6546 -0.0083
vn 0.5517 -0.4314 0.7138
vn 0.5482 -0.4329 0.7156
vn 0.5627 -0.4212 0.7113
vn 0.5959 -0.3846 0.7050
vn 0.4905 -0.8715 -0.0000
vn 0.4938 -0.8696 -0.0000
vn 0.4909 -0.8711 -0.0170
vn 0.4875 -0.8730 -0.0164
vn 0.4887 -0.8725 -0.0000
vn 0.4857 -0.8739 -0.0177
vn 0.3833 -0.5845 0.7152
vn 0.3587 -0.6043 0.7114
vn 0.3614 -0.6004 0.7134
vn 0.3591 -0.6024 0.7129
vn 0.4764 -0.8791 -0.0159
vn 0.3510 -0.6076 0.7124
vn 0.4795 -0.8775 -0.0000
vn 0.9990 -0.0457 -0.0001
vn 0.9603 0.2790 -0.0000
vn 0.9592 0.2826 -0.0068
vn 0.9594 0.2821 -0.0064
vn 0.9487 0.3112 0.0551
vn 0.9114 0.3293 0.2468
vn 0.9998 -0.0001 -0.0212
vn 0.8518 0.2458 0.4627
vn 0.7612 0.1049 0.6400
vn 0.7164 0.0143 0.6976
vn 1.0000 0.0057 -0.0000
vn 0.4490 -0.8935 -0.0000
vn 0.4554 -0.8903 -0.0000
vn 0.4517 -0.8920 -0.0147
vn 0.4451 -0.8954 -0.0139
vn 0.4660 -0.8848 -0.0000
vn 0.4626 -0.8864 -0.0153
vn 0.3405 -0.6127 0.7131
vn 0.3321 -0.6162 0.7142
vn 0.3268 -0.6178 0.7152
vn 0.4424 -0.8967 -0.0132
vn 0.3245 -0.6180 0.7161
vn 0.4464 -0.8948 -0.0000
vn 1.0000 0.0061 -0.0000
vn 1.0000 0.0091 -0.0000
vn 0.9997 0.0055 -0.0219
vn 0.9998 0.0028 -0.0207
vn 0.9999 0.0118 0.0001
vn 0.9997 0.0082 -0.0233
vn 0.7202 0.0040 0.6938
vn 0.7194 0.0022 0.6946
vn 0.7187 0.0005 0.6953
vn 0.9998 -0.0002 -0.0195
vn 0.7182 -0.0015 0.6958
vn 1.0000 0.0028 -0.0000
vn -0.3850 0.9229 -0.0000
vn -0.3822 0.9241 -0.0000
vn -0.3879 0.9215 -0.0201
vn -0.3908 0.9202 -0.0218
vn -0.3781 0.9258 -0.0000
vn -0.3836 0.9233 -0.0185
vn -0.3727 0.9280 -0.0000
vn -0.3779 0.9257 -0.0167
vn -0.2647 0.6848 0.6790
vn -0.2691 0.6838 0.6782
vn -0.2726 0.6832 0.6775
vn -0.2749 0.6829 0.6768
vn -0.3932 0.9192 -0.0234
vn -0.2770 0.6831 0.6758
vn -0.3874 0.9219 -0.0000
vn 0.4431 -0.8965 -0.0000
vn 0.4447 -0.8957 -0.0000
vn 0.4405 -0.8977 -0.0115
vn 0.4387 -0.8986 -0.0107
vn 0.4456 -0.8952 -0.0000
vn 0.4416 -0.8971 -0.0124
vn 0.3236 -0.6179 0.7166
vn 0.3224 -0.6179 0.7171
vn 0.3208 -0.6185 0.7173
vn 0.4385 -0.8987 -0.0099
vn 0.3206 -0.6180 0.7179
vn 0.4430 -0.8965 -0.0000
vn 0.9993 -0.0364 -0.0000
vn 0.9999 -0.0162 -0.0000
vn 0.9997 -0.0189 -0.0176
vn 0.9991 -0.0393 -0.0168
vn 1.0000 -0.0036 -0.0000
vn 0.9998 -0.0064 -0.0185
vn 0.7182 -0.0059 0.6958
vn 0.7184 -0.0150 0.6954
vn 0.7184 -0.0297 0.6950
vn 0.9976 -0.0679 -0.0159
vn 0.7177 -0.0504 0.6945
vn 0.9979 -0.0648 -0.0000
vn 0.5794 -0.8151 -0.0000
vn 0.4953 -0.8687 -0.0000
vn 0.4992 -0.8664 -0.0081
vn 0.5804 -0.8143 -0.0064
vn 0.4553 -0.8904 -0.0000
vn 0.4530 -0.8915 -0.0096
vn 0.3339 -0.6149 0.7144
vn 0.3718 -0.5991 0.7091
vn 0.4363 -0.5609 0.7036
vn 0.7264 -0.6873 -0.0042
vn 0.5520 -0.4800 0.6818
vn 0.7264 -0.6873 -0.0000
vn -0.9990 0.0452 -0.0000
vn -0.9978 0.0669 -0.0000
vn -0.9979 0.0639 -0.0121
vn -0.9990 0.0419 -0.0130
vn -0.9961 0.0877 -0.0000
vn -0.9963 0.0850 -0.0115
vn -0.9941 0.1082 -0.0000
vn -0.9944 0.1050 -0.0106
vn -0.7064 0.0749 0.7038
vn -0.7135 0.0596 0.6981
vn -0.7149 0.0443 0.6978
vn -0.7163 0.0285 0.6972
vn 0.9884 -0.1521 -0.0000
vn 0.9919 -0.1272 -0.0000
vn 0.9913 -0.1309 -0.0139
vn 0.9877 -0.1560 -0.0127
vn 0.9953 -0.0971 -0.0000
vn 0.9948 -0.1005 -0.0150
vn 0.7152 -0.0740 0.6950
vn 0.7115 -0.0959 0.6961
vn 0.7075 -0.1137 0.6975
vn 0.9849 -0.1728 -0.0115
vn 0.7036 -0.1252 0.6995
vn 0.9856 -0.1690 -0.0000
vn 0.9136 0.4065 -0.0000
vn 0.8938 0.4481 -0.0188
vn 0.9113 0.4117 -0.0072
vn 0.9761 -0.2175 -0.0000
vn 0.9113 -0.4117 -0.0000
vn 0.9105 -0.4135 -0.0085
vn 0.9709 -0.2388 -0.0160
vn 0.6911 -0.2822 0.6653
vn 0.7716 0.1304 0.6227
vn 0.5395 0.5585 0.6301
vn 0.3249 0.9457 -0.0051
vn 0.4916 0.8707 -0.0130
vn 0.2367 0.7292 0.6421
vn 0.3252 0.9457 -0.0000
vn 0.4984 0.8669 -0.0000
vn 0.9963 -0.0858 -0.0000
vn 0.9889 -0.1487 -0.0000
vn 0.9893 -0.1456 -0.0090
vn 0.9965 -0.0837 -0.0073
vn 0.9853 -0.1710 -0.0000
vn 0.9849 -0.1729 -0.0105
vn 0.7031 -0.1241 0.7002
vn 0.7016 -0.1185 0.7027
vn 0.7094 -0.1022 0.6973
vn 0.7183 -0.0560 0.6935
vn 0.9981 0.0617 -0.0054
vn 0.7325 0.0445 0.6793
vn 0.9981 0.0618 -0.0000
vn 0.7561 0.6544 -0.0069
vn 0.7217 0.6919 -0.0222
vn 0.7526 0.6584 -0.0085
vn 0.9965 0.0841 -0.0015
vn 0.9966 0.0821 -0.0065
vn 0.9984 0.0422 -0.0387
vn 0.7670 -0.6417 -0.0000
vn 0.6889 -0.7248 -0.0000
vn 0.6889 -0.7249 -0.0045
vn 0.7640 -0.6451 -0.0110
vn 0.5208 -0.5070 0.6868
vn 0.7768 -0.2271 0.5873
vn 0.5761 0.5390 0.6145
vn 0.7181 0.6955 -0.0237
vn 0.0989 0.9951 -0.0049
vn 0.2314 0.9728 -0.0123
vn 0.0712 0.7544 0.6525
vn 0.1358 0.9907 0.0017
vn 0.3085 0.9512 0.0033
vn -0.1211 0.9926 -0.0000
vn -0.0662 0.9978 -0.0000
vn -0.0603 0.9981 -0.0087
vn -0.1235 0.9923 -0.0101
vn 0.0560 0.9984 -0.0000
vn 0.0584 0.9983 -0.0073
vn 0.0485 0.7427 0.6679
vn -0.0389 0.7382 0.6734
vn -0.0850 0.7301 0.6781
vn -0.1485 0.9889 -0.0104
vn -0.1037 0.7251 0.6808
vn -0.1427 0.9898 -0.0000
vn 0.0126 0.9999 -0.0000
vn -0.0442 0.9986 -0.0273
vn 0.0050 0.9999 -0.0108
vn 0.8130 0.5823 -0.0000
vn 0.9235 0.3836 -0.0000
vn 0.9251 0.3795 -0.0111
vn 0.8310 0.5559 -0.0230
vn 0.7063 0.2731 0.6531
vn 0.3641 0.7195 0.5914
vn -0.2717 0.7244 0.6336
vn -0.7057 0.7085 -0.0060
vn -0.6121 0.7907 -0.0144
vn -0.5244 0.5230 0.6719
vn -0.7054 0.7088 -0.0000
vn -0.6039 0.7970 -0.0000
vn -0.2646 0.9644 -0.0000
vn -0.2071 0.9783 -0.0000
vn -0.2044 0.9789 -0.0081
vn -0.2672 0.9636 -0.0094
vn -0.1067 0.9943 -0.0000
vn -0.1055 0.9944 -0.0066
vn -0.0690 0.7378 0.6715
vn -0.1402 0.7234 0.6761
vn -0.1853 0.7113 0.6781
vn -0.3080 0.9513 -0.0102
vn -0.2147 0.7018 0.6792
vn -0.3036 0.9528 -0.0000
vn -0.2255 0.9743 -0.0000
vn -0.1909 0.9816 -0.0000
vn -0.1970 0.9803 -0.0161
vn -0.2309 0.9728 -0.0168
vn -0.1690 0.9856 -0.0000
vn -0.1756 0.9843 -0.0152
vn -0.1601 0.9871 -0.0000
vn -0.1669 0.9859 -0.0142
vn -0.1174 0.7239 0.6798
vn -0.1238 0.7247 0.6778
vn -0.1388 0.7238 0.6759
vn -0.1626 0.7203 0.6744
vn -0.2724 0.9620 -0.0174
vn -0.1916 0.7137 0.6738
vn -0.2678 0.9635 -0.0000
vn -0.8853 0.4651 -0.0000
vn -0.8680 0.4966 -0.0000
vn -0.8661 0.4997 -0.0095
vn -0.8861 0.4634 -0.0109
vn -0.8263 0.5633 -0.0000
vn -0.8248 0.5654 -0.0079
vn -0.5935 0.4125 0.6911
vn -0.6214 0.3610 0.6953
vn -0.6344 0.3323 0.6980
vn -0.8947 0.4465 -0.0119
vn -0.6402 0.3187 0.6990
vn -0.8929 0.4503 -0.0000
vn 0.5674 -0.8235 -0.0000
vn 0.5253 -0.8509 -0.0000
vn 0.5279 -0.8493 -0.0078
vn 0.5687 -0.8225 -0.0063
vn 0.5282 -0.8491 -0.0000
vn 0.5260 -0.8504 -0.0090
vn 0.5573 -0.8303 -0.0000
vn 0.5533 -0.8329 -0.0098
vn 0.4060 -0.5731 0.7118
vn 0.3855 -0.5821 0.7160
vn 0.3887 -0.5803 0.7156
vn 0.4234 -0.5632 0.7096
vn -0.3218 0.9468 0.0004
vn -0.3074 0.9514 -0.0179
vn -0.3246 0.9457 -0.0183
vn -0.2152 0.7046 0.6762
vn -0.0689 0.6744 0.7351
vn 0.1940 0.6783 0.7088
vn -0.9698 0.2440 -0.0000
vn -0.9664 0.2569 -0.0000
vn -0.9674 0.2524 -0.0198
vn -0.9707 0.2396 -0.0211
vn -0.9583 0.2857 0.0001
vn -0.9594 0.2813 -0.0184
vn -0.9442 0.3294 0.0001
vn -0.9454 0.3253 -0.0172
vn -0.6838 0.2328 0.6915
vn -0.6843 0.1992 0.7015
vn -0.6978 0.1797 0.6934
vn -0.6988 0.1702 0.6947
vn -0.9703 0.2409 -0.0225
vn -0.6996 0.1715 0.6937
vn -0.9694 0.2454 -0.0000
vn 0.9450 -0.3271 0.0001
vn 0.9957 -0.0924 -0.0005
vn 0.8322 -0.5523 -0.0494
vn 0.9399 -0.3393 -0.0382
vn 0.9842 -0.1766 -0.0108
vn 0.9787 -0.2050 -0.0116
vn 0.9763 -0.2156 -0.0177
vn 0.9764 -0.2132 0.0344
vn 0.9724 -0.0459 0.2289
vn 0.8973 -0.0932 0.4315
vn 0.7667 -0.1866 0.6143
vn 0.6758 -0.2697 0.6860
vn 0.6962 -0.2543 0.6713
vn 0.9593 -0.2808 -0.0310
vn 0.6958 -0.2051 0.6883
vn 0.9612 -0.2757 -0.0000
vn -0.2424 0.9702 -0.0002
vn -0.9655 0.2602 -0.0001
vn -0.9663 0.2560 -0.0249
vn -0.2025 0.9029 0.3792
vn -0.9674 0.2533 -0.0000
vn -0.9682 0.2489 -0.0240
vn -0.6990 0.1775 0.6927
vn -0.6448 0.2414 0.7252
vn -0.4737 0.4516 0.7560
vn -0.3191 0.7097 0.6281
vn 0.9550 -0.2966 -0.0000
vn 0.9590 -0.2836 -0.0000
vn 0.9574 -0.2876 -0.0262
vn 0.9534 -0.3006 -0.0246
vn 0.9616 -0.2744 -0.0000
vn 0.9600 -0.2786 -0.0281
vn 0.6943 -0.2026 0.6905
vn 0.6919 -0.2089 0.6911
vn 0.6886 -0.2182 0.6916
vn 0.9479 -0.3177 -0.0231
vn 0.6845 -0.2306 0.6915
vn 0.9495 -0.3137 -0.0000
vn 0.9177 -0.3974 0.0001
vn 0.9317 -0.3632 -0.0000
vn 0.9299 -0.3674 -0.0202
vn 0.9157 -0.4015 -0.0191
vn 0.9420 -0.3355 -0.0000
vn 0.9403 -0.3397 -0.0216
vn 0.6786 -0.2464 0.6920
vn 0.6707 -0.2664 0.6923
vn 0.6634 -0.2723 0.6970
vn 0.6648 -0.2815 0.6920
vn 0.8970 -0.4417 -0.0177
vn 0.6532 -0.2889 0.6999
vn 0.6514 -0.3008 0.6966
vn 0.8990 -0.4379 -0.0000
vn 0.8331 -0.5531 -0.0000
vn 0.8544 -0.5196 -0.0000
vn 0.8523 -0.5228 -0.0151
vn 0.8310 -0.5560 -0.0140
vn 0.8770 -0.4804 -0.0000
vn 0.8750 -0.4839 -0.0163
vn 0.6352 -0.3312 0.6978
vn 0.6184 -0.3590 0.6991
vn 0.6027 -0.3828 0.7002
vn 0.8125 -0.5828 -0.0128
vn 0.5874 -0.4008 0.7031
vn 0.8147 -0.5799 -0.0000
vn 0.7706 -0.6374 -0.0000
vn 0.7844 -0.6203 -0.0000
vn 0.7823 -0.6228 -0.0105
vn 0.7685 -0.6397 -0.0092
vn 0.7988 -0.6016 0.0001
vn 0.7967 -0.6043 -0.0117
vn 0.5793 -0.4039 0.7080
vn 0.5788 -0.4067 0.7069
vn 0.5714 -0.4079 0.7121
vn 0.5712 -0.4090 0.7116
vn 0.5610 -0.4211 0.7127
vn -0.1577 0.9875 -0.0000
vn -0.1547 0.9880 -0.0000
vn -0.1613 0.9868 -0.0122
vn -0.1644 0.9863 -0.0132
vn -0.1502 0.9886 -0.0000
vn -0.1565 0.9876 -0.0112
vn -0.1098 0.7240 0.6810
vn -0.1133 0.7239 0.6805
vn -0.1156 0.7237 0.6803
vn -0.9264 0.3766 -0.0000
vn -0.9106 0.4134 -0.0000
vn -0.9125 0.4088 -0.0147
vn -0.9282 0.3718 -0.0161
vn -0.8994 0.4371 -0.0000
vn -0.9014 0.4327 -0.0132
vn -0.6466 0.3092 0.6973
vn -0.6499 0.2896 0.7027
vn -0.6706 0.2659 0.6925
vn -0.6424 0.7664 -0.0000
vn -0.6367 0.7711 -0.0000
vn -0.6391 0.7691 -0.0105
vn -0.6449 0.7641 -0.0117
vn -0.6300 0.7766 -0.0000
vn -0.6322 0.7748 -0.0094
vn -0.4397 0.5837 0.6826
vn -0.4448 0.5801 0.6824
vn -0.4495 0.5771 0.6819
vn -0.6505 0.7594 -0.0129
vn -0.4538 0.5741 0.6815
vn -0.6476 0.7620 -0.0000
vn -0.7212 0.6927 -0.0000
vn -0.6951 0.7189 -0.0000
vn -0.7009 0.7129 -0.0243
vn -0.7266 0.6866 -0.0266
vn -0.6769 0.7360 -0.0000
vn -0.6827 0.7304 -0.0220
vn -0.6675 0.7446 -0.0000
vn -0.6728 0.7396 -0.0198
vn -0.4824 0.5440 0.6866
vn -0.4906 0.5381 0.6853
vn -0.5057 0.5275 0.6827
vn -0.5259 0.5104 0.6804
vn -0.7558 0.6541 -0.0287
vn -0.5481 0.4883 0.6790
vn -0.7511 0.6602 -0.0000
vn 0.7899 -0.6132 0.0001
vn 0.9394 -0.3429 0.0001
vn 0.9389 -0.3441 -0.0081
vn 0.9368 -0.3496 -0.0161
vn 0.7805 -0.6241 -0.0364
vn 0.9434 -0.3304 0.0302
vn 0.9242 -0.3133 0.2182
vn 0.8311 -0.3377 0.4418
vn 0.8024 -0.3763 0.4633
vn 0.7023 -0.3410 0.6249
vn 0.8050 -0.5925 -0.0301
vn 0.6112 -0.3619 0.7038
vn 0.5993 -0.3807 0.7042
vn 0.8088 -0.5881 -0.0000
vn -0.7881 0.6155 -0.0002
vn -0.7874 0.6165 -0.0001
vn -0.7912 0.6106 -0.0329
vn -0.7918 0.6097 -0.0348
vn -0.7754 0.6315 -0.0000
vn -0.7795 0.6257 -0.0308
vn -0.5646 0.4677 0.6801
vn -0.5720 0.4563 0.6816
vn -0.5726 0.4490 0.6859
vn -0.4842 0.4780 0.7329
vn 0.7423 -0.6701 -0.0000
vn 0.7692 -0.6390 -0.0000
vn 0.7664 -0.6418 -0.0271
vn 0.7395 -0.6726 -0.0263
vn 0.7931 -0.6091 -0.0000
vn 0.7900 -0.6124 -0.0280
vn 0.5899 -0.3971 0.7031
vn 0.5729 -0.4194 0.7042
vn 0.5535 -0.4428 0.7053
vn 0.7105 -0.7033 -0.0257
vn 0.5323 -0.4660 0.7067
vn 0.7133 -0.7009 -0.0000
vn 0.6502 -0.7597 -0.0000
vn 0.6641 -0.7477 -0.0000
vn 0.6610 -0.7500 -0.0241
vn 0.6471 -0.7621 -0.0230
vn 0.6858 -0.7278 -0.0000
vn 0.6829 -0.7301 -0.0250
vn 0.5116 -0.4856 0.7089
vn 0.4948 -0.4996 0.7110
vn 0.4835 -0.5072 0.7134
vn 0.6414 -0.7669 -0.0217
vn 0.4783 -0.5092 0.7155
vn 0.6446 -0.7645 -0.0000
vn 0.9413 0.3376 -0.0000
vn 0.9382 0.3461 -0.0000
vn 0.9394 0.3423 -0.0194
vn 0.9424 0.3340 -0.0178
vn 0.7727 0.6348 -0.0000
vn 0.7729 0.6345 -0.0045
vn 0.7529 0.6556 0.0570
vn 0.7285 0.6348 0.2576
vn -0.8335 0.5525 -0.0008
vn 0.7137 0.5251 0.4636
vn 0.6798 0.3734 0.6313
vn 0.6671 0.2604 0.6979
vn 0.6776 0.2382 0.6957
vn 0.9480 0.3179 -0.0166
vn 0.6818 0.2268 0.6955
vn 0.9470 0.3213 -0.0000
vn 0.6414 -0.7672 -0.0000
vn 0.6427 -0.7661 -0.0000
vn 0.6393 -0.7687 -0.0190
vn 0.6377 -0.7701 -0.0176
vn 0.6435 -0.7654 -0.0000
vn 0.6402 -0.7679 -0.0204
vn 0.4768 -0.5093 0.7164
vn 0.4755 -0.5096 0.7171
vn 0.4737 -0.5102 0.7179
vn 0.6350 -0.7724 -0.0161
vn 0.4687 -0.5134 0.7189
vn 0.6389 -0.7693 -0.0000
vn 0.9716 0.2368 -0.0000
vn 0.9627 0.2707 -0.0000
vn 0.9634 0.2676 -0.0146
vn 0.9722 0.2339 -0.0138
vn 0.9544 0.2986 -0.0000
vn 0.9552 0.2954 -0.0156
vn 0.6870 0.2107 0.6955
vn 0.6929 0.1908 0.6954
vn 0.6993 0.1666 0.6951
vn 0.9809 0.1940 -0.0131
vn 0.7057 0.1381 0.6949
vn 0.9805 0.1967 -0.0000
vn 0.5920 -0.8060 -0.0000
vn 0.6171 -0.7869 -0.0000
vn 0.6128 -0.7901 -0.0127
vn 0.5877 -0.8090 -0.0111
vn 0.6320 -0.7749 -0.0000
vn 0.6279 -0.7782 -0.0144
vn 0.4597 -0.5316 0.7114
vn 0.4488 -0.5409 0.7113
vn 0.4308 -0.5555 0.7112
vn 0.9949 0.1011 -0.0000
vn 0.9924 0.1231 -0.0000
vn 0.9926 0.1205 -0.0116
vn 0.9951 0.0985 -0.0108
vn 0.9877 0.1562 -0.0000
vn 0.9881 0.1535 -0.0124
vn 0.7098 0.1089 0.6959
vn 0.7116 0.0851 0.6975
vn 0.7115 0.0691 0.6993
vn 0.9959 0.0894 -0.0101
vn 0.7100 0.0626 0.7014
vn 0.9958 0.0919 -0.0000
vn 0.9797 0.2003 -0.0000
vn 0.9916 0.1293 -0.0000
vn 0.9909 0.1343 -0.0088
vn 0.9791 0.2031 -0.0070
vn 0.9951 0.0989 -0.0000
vn 0.9951 0.0981 -0.0096
vn 0.7110 0.0699 0.6997
vn 0.7113 0.0978 0.6961
vn 0.6852 0.1470 0.7134
vn 0.9349 0.3549 -0.0052
vn 0.6876 0.2588 0.6783
vn 0.9349 0.3550 -0.0000
vn -0.6627 0.7489 -0.0000
vn -0.6580 0.7530 -0.0000
vn -0.6620 0.7494 -0.0159
vn -0.6673 0.7446 -0.0176
vn -0.6529 0.7575 -0.0000
vn -0.6562 0.7544 -0.0143
vn -0.4555 0.5688 0.6848
vn -0.4626 0.5615 0.6861
vn -0.4675 0.5583 0.6854
vn -0.4696 0.5531 0.6881
vn -0.4765 0.5460 0.6891
vn -0.3644 0.9312 -0.0000
vn -0.3514 0.9362 -0.0000
vn -0.3562 0.9343 -0.0132
vn -0.3694 0.9291 -0.0150
vn -0.3318 0.9433 -0.0000
vn -0.3365 0.9416 -0.0116
vn -0.2349 0.6948 0.6797
vn -0.2489 0.6899 0.6797
vn -0.2584 0.6867 0.6795
vn -0.3018 0.9534 -0.0000
vn -0.3505 0.9362 -0.0261
vn -0.3077 0.9514 -0.0102
vn 0.5152 0.8571 0.0035
vn 0.7302 0.6833 0.0018
vn 0.7590 0.6510 -0.0109
vn 0.6090 0.7929 -0.0225
vn 0.5874 0.4795 0.6520
vn 0.1196 0.7959 0.5935
vn -0.3940 0.4968 0.7732
vn -0.8905 0.4549 -0.0057
vn -0.8236 0.5671 -0.0140
vn -0.6107 0.3085 0.7293
vn -0.8801 0.4748 0.0014
vn -0.7913 0.6114 0.0028
vn -0.4503 0.8929 -0.0000
vn -0.4172 0.9088 -0.0000
vn -0.4227 0.9059 -0.0266
vn -0.4555 0.8898 -0.0280
vn -0.3960 0.9182 -0.0000
vn -0.4017 0.9154 -0.0251
vn -0.2838 0.6826 0.6735
vn -0.2995 0.6782 0.6711
vn -0.3237 0.6689 0.6692
vn -0.4953 0.8682 -0.0291
vn -0.3523 0.6544 0.6690
vn -0.4905 0.8715 -0.0000
vn -0.9909 0.1344 -0.0000
vn -0.9831 0.1830 0.0004
vn -0.9829 0.1839 -0.0089
vn -0.9910 0.1337 -0.0098
vn -0.9628 0.2701 0.0004
vn -0.9628 0.2700 -0.0075
vn -0.6957 0.1991 0.6902
vn -0.7068 0.1335 0.6947
vn -0.7098 0.0955 0.6979
vn -0.5446 0.8387 -0.0001
vn -0.5428 0.8398 -0.0000
vn -0.5476 0.8361 -0.0318
vn -0.5498 0.8346 -0.0333
vn -0.5246 0.8513 -0.0000
vn -0.5292 0.8479 -0.0304
vn -0.3627 0.6423 0.6752
vn -0.3713 0.6525 0.6606
vn -0.3837 0.6433 0.6625
vn -0.2633 0.6511 0.7118
vn -0.0101 0.7152 0.6989
vn 0.0013 0.0702 -0.9975
vn -0.0846 0.1429 -0.9861
vn -0.0836 0.1527 -0.9847
vn 0.0004 0.0773 -0.9970
vn -0.0000 -0.9963 -0.0860
vn -0.0000 -0.9964 -0.0853
vn -0.0000 -1.0000 -0.0000
vn -0.6064 0.4205 -0.6749
vn -0.3686 0.2724 -0.8888
vn -0.4555 0.2557 -0.8527
vn -0.6455 0.3599 -0.6736
vn -0.0000 -0.9963 -0.0864
vn 0.9542 -0.2903 -0.0724
vn 0.7064 0.7046 -0.0677
vn 0.6971 0.7169 -0.0012
vn 0.9556 -0.2946 -0.0000
vn -0.0000 -0.9966 -0.0823
vn -0.8342 -0.5405 -0.1090
vn -0.8350 -0.5502 -0.0004
vn -0.8666 -0.4989 -0.0007
vn -0.8609 -0.4821 -0.1626
vn -0.0024 0.0386 -0.9993
vn -0.0852 0.0724 -0.9937
vn -0.0854 0.0449 -0.9953
vn -0.0017 0.0257 -0.9997
vn -0.0010 0.0112 -0.9999
vn -0.0826 0.0176 -0.9964
vn -0.0703 -0.0127 -0.9974
vn -0.0002 0.0014 -1.0000
vn 0.0006 -0.0851 -0.9964
vn 0.4691 -0.5037 -0.7254
vn 0.4622 -0.5221 -0.7168
vn 0.4522 -0.5321 -0.7158
vn 0.4348 -0.5474 -0.7151
vn 0.4101 -0.5662 -0.7150
vn 0.3877 -0.5778 -0.7182
vn 0.3852 -0.5782 -0.7193
vn 0.4200 -0.5645 -0.7107
vn 0.5191 -0.5029 -0.6911
vn 0.7167 -0.1821 -0.6731
vn 0.6505 0.5124 -0.5606
vn 0.1293 0.7655 -0.6303
vn -0.0714 0.7359 -0.6733
vn -0.1404 0.7193 -0.6804
vn -0.1800 0.7083 -0.6825
vn -0.2069 0.6998 -0.6838
vn -0.2263 0.6927 -0.6848
vn -0.2397 0.6875 -0.6855
vn -0.2487 0.6839 -0.6859
vn -0.2543 0.6815 -0.6862
vn -0.2581 0.6802 -0.6861
vn -0.2610 0.6792 -0.6860
vn -0.2629 0.6785 -0.6860
vn -0.2647 0.6781 -0.6856
vn -0.2713 0.6771 -0.6841
vn -0.2868 0.6723 -0.6825
vn -0.3107 0.6628 -0.6813
vn -0.3392 0.6487 -0.6813
vn -0.3578 0.6298 -0.6894
vn 0.1393 0.0420 -0.9894
vn 0.4251 -0.5609 -0.7104
vn 0.3591 -0.5942 -0.7197
vn 0.3626 -0.5921 -0.7197
vn 0.3605 -0.5942 -0.7190
vn 0.3529 -0.5994 -0.7184
vn 0.3431 -0.6045 -0.7189
vn 0.3352 -0.6081 -0.7196
vn 0.3303 -0.6099 -0.7204
vn 0.3282 -0.6103 -0.7209
vn 0.3277 -0.6105 -0.7211
vn 0.3269 -0.6106 -0.7213
vn 0.3258 -0.6113 -0.7212
vn 0.3257 -0.6111 -0.7214
vn 0.3359 -0.6091 -0.7185
vn 0.3670 -0.5971 -0.7133
vn 0.4325 -0.5632 -0.7041
vn 0.5488 -0.4759 -0.6873
vn 0.6948 -0.2720 -0.6658
vn 0.7626 0.1181 -0.6360
vn 0.5563 0.5413 -0.6305
vn 0.2374 0.7229 -0.6489
vn 0.0429 0.7418 -0.6693
vn -0.0424 0.7334 -0.6785
vn -0.0800 0.7260 -0.6830
vn -0.0946 0.7220 -0.6854
vn -0.0997 0.7209 -0.6858
vn -0.1027 0.7205 -0.6858
vn -0.1048 0.7201 -0.6859
vn -0.1065 0.7199 -0.6858
vn -0.1129 0.7205 -0.6842
vn -0.1284 0.7193 -0.6827
vn -0.1528 0.7157 -0.6815
vn -0.1825 0.7090 -0.6812
vn -0.2072 0.7000 -0.6834
vn -0.0625 0.6681 -0.7414
vn 0.1132 -0.0739 -0.9908
vn 0.9853 -0.1706 -0.0000
vn 0.9826 -0.1629 -0.0892
vn 0.5138 0.8552 -0.0689
vn 0.4826 0.8758 -0.0002
vn 0.4973 0.8674 -0.0165
vn -0.8887 0.4585 -0.0000
vn -0.8888 0.4584 -0.0000
vn -0.9604 0.2786 -0.0000
vn 0.5989 0.8008 -0.0000
vn -0.5058 0.8626 -0.0098
vn -0.5056 0.8627 -0.0098
vn 1.0000 -0.0071 -0.0000
vn 0.9978 0.0661 -0.0000
vn -0.9969 0.0790 -0.0000
vn -0.9969 0.0789 -0.0000
vn -0.9800 -0.1990 -0.0000
vn -0.8815 0.4619 -0.0976
vn -0.9538 0.2809 -0.1069
vn -0.8716 0.2646 -0.4127
vn -0.8129 0.4379 -0.3839
vn 0.0205 -0.9953 -0.0948
vn 0.0204 -0.9998 -0.0000
vn 0.1023 -0.9948 -0.0000
vn 0.1024 -0.9901 -0.0958
vn -0.8427 -0.5238 -0.1246
vn -0.8497 -0.5273 -0.0000
vn -0.5793 -0.8151 0.0001
vn -0.5727 -0.8108 -0.1209
vn -0.1966 -0.9805 0.0001
vn -0.1969 -0.9804 -0.0000
vn -0.0000 -0.0000 -1.0000
vn -0.0587 -0.0354 -0.9976
vn -0.0400 -0.0553 -0.9977
vn 0.2733 -0.9619 -0.0000
vn 0.2724 -0.9573 -0.0969
vn 0.0001 0.0001 -1.0000
vn -0.0188 -0.0750 -0.9970
vn 0.0012 -0.1003 -0.9950
vn -0.0000 0.0001 -1.0000
vn -0.7628 0.6466 -0.0000
vn -0.7909 0.6119 -0.0000
vn -0.7909 0.6120 -0.0000
vn 0.8449 0.5350 -0.0000
vn 0.8441 0.5361 -0.0000
vn -0.1795 0.9837 -0.0131
vn -0.1841 0.9828 -0.0132
vn -0.0201 0.1498 -0.9885
vn -0.0026 0.0006 -1.0000
vn -0.0864 0.0760 -0.9934
vn 0.0374 0.1014 -0.9941
vn 0.3528 0.9357 -0.0000
vn 0.3515 0.9311 -0.0976
vn 0.2789 0.9538 -0.1117
vn 0.2349 0.9708 0.0483
vn 0.0882 0.9961 -0.0000
vn -0.1982 0.1935 -0.9609
vn -0.1078 0.2862 -0.9521
vn 0.4220 -0.9015 -0.0964
vn 0.4229 -0.9062 -0.0000
vn 0.5756 -0.8178 -0.0000
vn 0.5749 -0.8126 -0.0959
vn -0.7489 0.6627 -0.0000
vn -0.7471 0.6638 -0.0344
vn -0.8057 0.5906 -0.0444
vn -0.8059 0.5921 -0.0000
vn -0.0047 0.0021 -1.0000
vn -0.0005 0.0017 -1.0000
vn -0.0022 0.0016 -1.0000
vn -0.0021 0.0016 -1.0000
vn -0.6314 0.7754 -0.0000
vn -0.6293 0.7772 -0.0000
vn -0.6449 0.7636 -0.0330
vn -0.7783 -0.6094 -0.1514
vn -0.7778 -0.6188 0.1106
vn -0.8366 -0.5382 0.1027
vn -0.8406 -0.5218 -0.1453
vn 0.8057 -0.5923 -0.0000
vn 0.8055 -0.5855 -0.0916
vn -0.9298 0.3681 -0.0000
vn -0.9235 0.3689 -0.1052
vn -0.9250 0.3691 -0.0901
vn 0.2693 -0.9569 -0.1085
vn 0.2708 -0.9626 -0.0000
vn 0.2698 -0.9587 -0.0904
vn -0.0067 0.0007 -1.0000
vn -0.0028 0.0064 -1.0000
vn -0.0110 0.0093 -0.9999
vn -0.2948 0.2795 -0.9138
vn -0.0530 -0.0724 -0.9960
vn -0.1276 0.0775 -0.9888
vn -0.7279 0.6857 -0.0000
vn -0.7267 0.6843 -0.0601
vn -0.7211 0.6903 -0.0586
vn -0.7223 0.6916 -0.0000
vn 0.8720 -0.4895 -0.0000
vn 0.8702 -0.4852 -0.0855
vn -0.7525 0.6563 -0.0547
vn -0.7533 0.6577 -0.0000
vn -0.9919 -0.0897 -0.0904
vn -0.9959 -0.0903 -0.0000
vn -0.9912 -0.0896 -0.0979
vn 0.8325 -0.5540 -0.0000
vn 0.8314 -0.5491 -0.0852
vn 0.0728 -0.0364 -0.9967
vn 0.1025 -0.0209 -0.9945
vn -0.1634 0.1021 0.9813
vn -0.0375 0.2753 0.9606
vn -0.0987 0.3017 0.9483
vn -0.2190 0.1711 0.9606
vn -0.0985 -0.9913 -0.0877
vn -0.0985 -0.9907 -0.0943
vn -0.0980 -0.9952 -0.0000
vn 0.0527 -0.0667 -0.9964
vn 0.0404 -0.0838 -0.9957
vn 0.0566 -0.0636 -0.9964
vn -0.0873 -0.0114 -0.9961
vn -0.4449 0.8910 0.0902
vn -0.4423 0.8918 -0.0958
vn -0.6000 0.7913 -0.1176
vn -0.5940 0.7988 0.0952
vn 0.0086 -0.0960 -0.9953
vn 0.0247 -0.0886 -0.9958
vn -0.1705 0.9854 -0.0000
vn 0.1700 0.9854 -0.0000
vn 0.8399 0.5342 -0.0958
vn -0.1667 0.9817 -0.0921
vn -0.5799 0.8147 -0.0000
vn -0.5825 0.8128 -0.0000
vn 0.0853 0.0531 -0.9949
vn -0.6764 0.2021 -0.7083
vn -0.6883 0.1840 -0.7017
vn -0.6891 0.1745 -0.7033
vn -0.6894 0.1756 -0.7028
vn -0.6882 0.1814 -0.7024
vn -0.6300 0.2465 -0.7364
vn 0.5957 0.7971 -0.0992
vn -0.4807 0.8718 -0.0937
vn -0.5138 0.8579 -0.0001
vn 0.0615 0.0813 -0.9948
vn -0.7021 0.0771 -0.7079
vn -0.7083 0.0631 -0.7031
vn -0.7097 0.0483 -0.7028
vn -0.7108 0.0329 -0.7026
vn -0.7115 0.0177 -0.7025
vn -0.7115 0.0037 -0.7027
vn -0.7112 -0.0080 -0.7029
vn -0.7108 -0.0169 -0.7031
vn -0.7098 -0.0231 -0.7040
vn -0.6672 0.0591 -0.7426
vn 0.1063 0.0341 -0.9937
vn -0.4583 0.5522 -0.6965
vn -0.4655 0.5460 -0.6965
vn -0.4702 0.5448 -0.6944
vn -0.4769 0.5391 -0.6942
vn -0.4910 0.5285 -0.6925
vn -0.5107 0.5113 -0.6912
vn -0.5328 0.4888 -0.6907
vn -0.5493 0.4677 -0.6925
vn -0.5560 0.4556 -0.6952
vn -0.5578 0.4529 -0.6955
vn -0.4585 0.4796 -0.7482
vn -0.8149 0.5796 -0.0000
vn -0.8108 0.5788 -0.0874
vn -0.8341 0.5441 -0.0909
vn -0.8397 0.5431 -0.0000
vn -0.3706 0.6374 -0.6756
vn -0.2518 0.6434 -0.7229
vn -0.8086 -0.5034 -0.3047
vn -0.8057 -0.4361 -0.4009
vn -0.8346 -0.5509 -0.0000
vn -0.8663 -0.4995 -0.0000
vn -0.9813 -0.0496 -0.1860
vn -0.9982 -0.0603 -0.0009
vn -0.9985 0.0551 -0.0005
vn -0.9891 0.0625 -0.1331
vn 0.0067 -0.0852 -0.9963
vn 0.9958 -0.0042 -0.0911
vn 0.9935 0.0673 -0.0915
vn -0.7584 0.6467 -0.0809
vn 0.5973 -0.3778 -0.7075
vn -0.0016 0.0559 -0.9984
vn 0.5708 -0.4019 -0.7160
vn 0.5705 -0.4039 -0.7151
vn 0.5610 -0.4167 -0.7153
vn 0.5517 -0.4277 -0.7160
vn 0.5466 -0.4309 -0.7180
vn 0.5576 -0.4232 -0.7141
vn 0.5918 -0.3894 -0.7058
vn 0.6641 -0.2936 -0.6876
vn 0.7795 0.1313 -0.6125
vn 0.3133 0.7456 -0.5881
vn -0.2118 0.7243 -0.6562
vn -0.3414 0.6549 -0.6742
vn -0.3933 0.6167 -0.6819
vn -0.4165 0.5972 -0.6855
vn -0.4278 0.5875 -0.6869
vn -0.4341 0.5822 -0.6874
vn -0.4387 0.5784 -0.6877
vn -0.4427 0.5753 -0.6877
vn -0.4466 0.5727 -0.6874
vn -0.4484 0.5683 -0.6898
vn 0.1100 0.0526 -0.9925
vn -0.1890 -0.9762 -0.1062
vn -0.8496 -0.5274 -0.0000
vn -0.5795 -0.8150 -0.0000
vn -0.9904 0.0808 -0.1125
vn -0.9735 -0.1943 -0.1206
vn -0.7838 0.6150 -0.0860
vn 0.6953 0.7187 -0.0090
vn 0.3348 0.9359 -0.1096
vn 0.3377 0.9369 0.0900
vn -0.5110 0.8596 -0.0000
vn -0.4256 0.9049 -0.0000
vn -0.5346 0.8451 -0.0000
vn -0.1595 0.9872 -0.0000
vn -0.5899 0.8075 -0.0000
vn -0.3588 0.0557 -0.9318
vn -0.4638 0.2446 -0.8515
vn -0.3223 0.3870 -0.8639
vn -0.5812 -0.1700 -0.7958
vn -0.6773 0.0290 -0.7351
vn -0.5896 0.4614 -0.6629
vn -0.4496 0.6032 -0.6588
vn -0.8616 0.2329 -0.4510
vn -0.9547 -0.2506 -0.1607
vn -0.8718 -0.1786 -0.4562
vn -0.7839 -0.3983 -0.4763
vn -0.9688 0.1916 -0.1575
vn -0.5517 0.7497 -0.3654
vn -0.6999 0.5958 -0.3940
vn -0.7972 0.5861 -0.1449
vn -0.2149 0.4988 -0.8397
vn -0.1242 0.6313 -0.7655
vn -0.0211 0.4864 -0.8735
vn -0.3274 0.7139 -0.6191
vn -0.1011 0.8576 -0.5043
vn 0.1082 0.7225 -0.6828
vn -0.2676 0.9570 -0.1122
vn -0.2572 0.9081 -0.3304
vn -0.4042 0.8473 -0.3446
vn -0.0641 0.9904 -0.1223
vn 0.2392 0.8875 -0.3939
vn 0.0789 0.9345 -0.3471
vn 0.1479 0.9824 -0.1136
vn 0.1626 0.9830 0.0853
vn 0.1098 0.9516 0.2870
vn 0.2679 0.9045 0.3319
vn -0.0597 0.9949 0.0814
vn -0.0750 0.9633 0.2577
vn 0.0282 0.8324 0.5534
vn 0.1585 0.7590 0.6315
vn -0.2087 0.8151 0.5404
vn -0.4104 0.8511 0.3275
vn -0.2753 0.9206 0.2768
vn -0.2756 0.9572 0.0883
vn -0.3399 0.7121 0.6144
vn 0.0066 0.5160 0.8565
vn -0.1051 0.6312 0.7685
vn -0.2090 0.4923 0.8450
vn -0.8108 -0.4277 0.3996
vn -0.9100 -0.1562 0.3841
vn -0.9652 -0.2324 0.1201
vn -0.6796 -0.2420 0.6925
vn -0.7993 0.2061 0.5645
vn -0.9756 0.1794 0.1264
vn -0.3558 0.3799 0.8538
vn -0.5740 0.1936 0.7956
vn -0.4474 -0.0191 0.8941
vn -0.4909 0.5894 0.6416
vn -0.8180 0.5642 0.1119
vn -0.7731 0.5166 0.3681
vn -0.5698 0.7360 0.3654
vn -0.0001 -0.9392 -0.3433
vn -0.0000 -0.9400 -0.3411
vn -0.0003 -0.7495 -0.6620
vn -0.0000 -0.7519 -0.6593
vn -0.0003 -0.4243 -0.9055
vn -0.0000 -0.4267 -0.9044
vn 0.4093 0.0372 -0.9116
vn 0.4065 0.0279 -0.9132
vn 0.7298 0.0566 -0.6813
vn 0.7310 0.0172 -0.6821
vn 0.9303 0.0664 -0.3607
vn 0.9326 0.0049 -0.3608
vn -0.1361 0.1249 -0.9828
vn -0.3279 0.3167 -0.8901
vn -0.5882 0.4754 -0.6542
vn -0.7750 0.5191 -0.3604
vn -0.7536 0.5591 -0.3457
vn -0.1433 -0.1240 -0.9819
vn -0.3333 -0.4257 -0.8413
vn -0.0005 -0.7479 -0.6638
vn -0.0002 -0.9387 -0.3448
vn -0.7831 -0.0070 -0.6219
vn -0.8754 -0.0248 -0.4827
vn -0.8949 0.0732 -0.4401
vn -0.7516 0.0825 -0.6545
vn -0.8104 0.4517 -0.3732
vn -0.4201 -0.1768 -0.8901
vn -0.0158 0.0505 -0.9986
vn -0.3226 0.1024 -0.9410
vn -0.2536 0.1255 -0.9591
vn -0.2022 0.1319 -0.9704
vn -0.8695 0.4865 -0.0859
vn -0.8730 0.4877 -0.0000
vn 0.7398 -0.6705 -0.0558
vn 0.7664 -0.6065 -0.2118
vn 0.9332 -0.1379 -0.3318
vn 0.6824 -0.5779 -0.4476
vn 0.7623 -0.0889 -0.6411
vn 0.4519 -0.0199 -0.8919
vn -0.0000 -0.9480 -0.3184
vn -0.0000 -0.7830 -0.6220
vn 0.3011 -0.3308 -0.8944
vn -0.3205 0.3484 -0.8809
vn -0.5665 0.5314 -0.6298
vn -0.7108 0.6247 -0.3232
vn 0.0130 0.7013 -0.7127
vn 0.2802 0.7762 -0.5649
vn 0.4665 0.8297 -0.3064
vn -0.6429 0.2011 -0.7391
vn -0.6151 0.3419 -0.7104
vn 0.4126 0.0469 -0.9097
vn 0.6845 -0.3495 -0.6397
vn -0.3349 0.1120 -0.9356
vn -0.3264 0.1929 -0.9254
vn -0.7293 0.5917 -0.3436
vn -0.5718 0.4839 -0.6625
vn -0.3117 0.2889 -0.9052
vn -0.0811 0.1123 -0.9904
vn -0.8734 -0.1698 -0.4564
vn -0.8995 0.0775 -0.4299
vn 0.0187 -0.9276 -0.3730
vn -0.1655 -0.8955 -0.4131
vn 0.0132 -0.7171 -0.6968
vn -0.1241 -0.6574 -0.7433
vn 0.0060 -0.3913 -0.9202
vn -0.0681 -0.3299 -0.9416
vn -0.7502 -0.4669 -0.4682
vn -0.5105 -0.7265 -0.4599
vn -0.3560 -0.5068 -0.7851
vn -0.5201 -0.3219 -0.7911
vn 0.6769 0.2708 -0.6844
vn 0.8816 -0.0849 -0.4643
vn 0.7585 -0.1654 -0.6303
vn 0.3807 0.1492 -0.9126
vn 0.8636 0.3490 -0.3639
vn 0.9658 -0.1113 -0.2341
vn 0.9247 0.3691 -0.0927
vn 0.9908 -0.1282 -0.0443
vn -0.3335 0.0360 -0.9421
vn -0.3006 -0.0583 -0.9520
vn -0.6523 0.0603 -0.7555
vn -0.6128 -0.1188 -0.7813
vn 0.6691 -0.2438 -0.7020
vn 0.1024 0.0392 -0.9940
vn 0.2522 0.6703 -0.6979
vn 0.7066 0.5265 -0.4728
vn 0.6711 0.3752 -0.6394
vn 0.1402 0.3749 -0.9164
vn 0.3272 0.8666 -0.3767
vn 0.7276 0.6351 -0.2592
vn 0.7519 0.6568 -0.0570
vn 0.0583 0.3795 -0.9234
vn 0.1541 0.6699 -0.7263
vn 0.2326 0.8814 -0.4112
vn -0.2531 -0.1551 -0.9549
vn -0.1735 -0.2450 -0.9539
vn 0.6600 0.2651 -0.7029
vn 0.7296 0.6769 -0.0971
vn 0.9516 0.3029 -0.0526
vn 0.9229 0.2954 -0.2469
vn 0.6788 0.6299 -0.3774
vn 0.8565 0.2479 -0.4526
vn 0.5294 0.4864 -0.6951
vn 0.7599 0.1253 -0.6378
vn 0.3003 0.2709 -0.9146
vn 0.7079 0.0245 -0.7059
vn 0.0778 0.0697 -0.9945
vn 0.0367 -0.3819 -0.9235
vn 0.0713 -0.7082 -0.7024
vn 0.0951 -0.9212 -0.3774
vn 0.2529 -0.8888 -0.3823
vn 0.1920 -0.6787 -0.7089
vn 0.1011 -0.3608 -0.9271
vn 0.5374 -0.7523 -0.3812
vn 0.3936 -0.8370 -0.3801
vn 0.4114 -0.5705 -0.7109
vn 0.3013 -0.6399 -0.7069
vn 0.2170 -0.2947 -0.9306
vn 0.1609 -0.3407 -0.9263
vn -0.6336 0.7456 -0.2068
vn -0.7325 0.6563 -0.1808
vn -0.6147 0.7179 -0.3266
vn -0.7280 0.6162 -0.3004
vn -0.6123 0.7141 -0.3393
vn -0.4144 0.4833 -0.7712
vn -0.3705 0.2348 -0.8987
vn -0.7909 0.5778 -0.2016
vn -0.6778 0.4918 -0.5465
vn -0.5326 0.4002 -0.7458
vn 0.3115 -0.2023 -0.9285
vn 0.5886 -0.4063 -0.6989
vn 0.7579 -0.5383 -0.3686
vn -0.7346 0.6387 -0.2290
vn -0.6511 0.5643 -0.5075
vn -0.5688 0.4974 -0.6550
vn 0.3818 -0.1735 -0.9078
vn 0.6646 -0.3440 -0.6633
vn 0.8254 -0.4490 -0.3423
vn -0.7053 0.6633 -0.2502
vn -0.6172 0.5791 -0.5326
vn -0.1851 -0.2637 -0.9467
vn -0.4317 0.2059 -0.8782
vn -0.7651 -0.0675 -0.6403
vn -0.7004 -0.0615 -0.7111
vn -0.9407 -0.0843 -0.3285
vn -0.9195 -0.0822 -0.3844
vn 0.2561 -0.9088 -0.3294
vn 0.2429 -0.8611 -0.4466
vn 0.2082 -0.7368 -0.6433
vn 0.1678 -0.5925 -0.7879
vn -0.0954 -0.0540 -0.9940
vn -0.7033 0.6730 -0.2289
vn -0.6335 0.6055 -0.4817
vn -0.0960 -0.9421 -0.3214
vn -0.0949 -0.9274 -0.3619
vn -0.0816 -0.7644 -0.6395
vn -0.0781 -0.7242 -0.6851
vn -0.2775 -0.1363 -0.9510
vn 0.1887 -0.3280 -0.9256
vn -0.7195 0.3046 -0.6242
vn -0.5869 0.2565 -0.7679
vn -0.8772 0.3574 -0.3207
vn -0.8334 0.3437 -0.4329
vn 0.6623 -0.4088 -0.6279
vn 0.7954 -0.5130 -0.3228
vn -0.3698 -0.0826 0.9254
vn -0.6056 -0.3266 0.7257
vn -0.7486 -0.5222 0.4085
vn -0.5216 -0.2345 -0.8203
vn -0.7149 -0.4677 -0.5198
vn 0.0952 0.5210 0.8482
vn 0.2332 0.7397 0.6312
vn 0.3429 0.8724 0.3482
vn 1.0000 -0.0024 -0.0000
vn 0.7340 0.6792 -0.0000
vn 0.9279 0.3729 -0.0000
vn 0.9293 0.3693 0.0001
vn 0.7346 0.0332 -0.6777
vn 0.9336 0.0158 -0.3580
vn 0.9959 0.0021 -0.0905
vn 0.7835 0.4967 -0.3734
vn 0.6075 0.3837 -0.6955
vn 0.3322 0.2085 -0.9199
vn 0.5528 0.7394 -0.3843
vn 0.4238 0.5656 -0.7075
vn 0.2325 0.3091 -0.9222
vn 0.5784 -0.3971 -0.7126
vn 0.5776 -0.3998 -0.7117
vn 0.6587 -0.2632 -0.7049
vn 0.6596 -0.2720 -0.7007
vn 0.6490 -0.2800 -0.7074
vn 0.7001 -0.1191 -0.7040
vn 0.6990 -0.1204 -0.7049
vn 0.6975 -0.1171 -0.7069
vn -0.6704 0.1921 -0.7167
vn -0.7054 0.1344 -0.6960
vn -0.7056 0.0964 -0.7020
vn -0.8729 0.4879 -0.0000
vn -0.9982 -0.0597 -0.0000
vn -0.9984 0.0561 -0.0000
vn -0.7526 0.0166 -0.6583
vn -0.6719 0.0959 -0.7344
vn -0.6927 0.0756 -0.7173
vn -0.7598 -0.4506 -0.4687
vn -0.7447 -0.3841 -0.5458
vn -0.8466 -0.1469 -0.5115
vn -0.9586 -0.1867 -0.2149
vn -0.8172 -0.2952 -0.4950
vn -0.9141 -0.3469 -0.2100
vn -0.9299 -0.3678 -0.0000
vn -0.9300 -0.3675 -0.0010
vn -0.9791 -0.2036 -0.0000
vn -0.9790 -0.2038 -0.0011
vn -0.8917 0.1887 -0.4114
vn -0.7114 0.1690 -0.6821
vn -0.8572 0.3295 -0.3958
vn -0.6708 0.2679 -0.6916
vn -0.5778 0.1592 -0.8005
vn -0.5061 0.2157 -0.8350
vn -0.7629 -0.0966 -0.6393
vn -0.7755 -0.1215 -0.6195
vn -0.7402 -0.2323 -0.6309
vn -0.7539 -0.2569 -0.6047
vn -0.9813 0.1924 -0.0003
vn -0.9752 0.1953 -0.1041
vn -0.9353 0.3540 -0.0002
vn -0.9308 0.3541 -0.0909
vn -0.9350 0.3545 -0.0000
vn -0.9811 0.1933 -0.0000
vn 0.0010 0.0698 0.9976
vn 0.0001 0.0774 0.9970
vn -0.0836 0.1527 0.9847
vn -0.0846 0.1429 0.9861
vn -0.0000 -0.9963 0.0860
vn -0.0000 -0.9964 0.0853
vn -0.6064 0.4205 0.6749
vn -0.6455 0.3599 0.6736
vn -0.4555 0.2557 0.8527
vn -0.3686 0.2724 0.8888
vn -0.0000 -0.9963 0.0864
vn 0.9543 -0.2902 0.0716
vn 0.9556 -0.2945 0.0003
vn 0.6952 0.7187 -0.0086
vn 0.6846 0.7287 -0.0201
vn 0.6934 0.7199 -0.0315
vn 0.7041 0.7086 0.0466
vn -0.0000 -0.9966 0.0823
vn -0.8342 -0.5405 0.1090
vn -0.8609 -0.4821 0.1626
vn -0.8666 -0.4989 0.0007
vn -0.8350 -0.5502 0.0004
vn -0.0024 0.0386 0.9993
vn -0.0017 0.0256 0.9997
vn -0.0854 0.0449 0.9953
vn -0.0852 0.0724 0.9937
vn -0.0010 0.0112 0.9999
vn -0.0002 0.0014 1.0000
vn -0.0703 -0.0127 0.9974
vn -0.0826 0.0176 0.9964
vn 0.0003 -0.0850 0.9964
vn 0.1124 -0.0737 0.9909
vn 0.1424 0.0414 0.9889
vn 0.9852 -0.1714 -0.0000
vn 0.4979 0.8671 -0.0165
vn 0.4752 0.8790 -0.0383
vn 0.5097 0.8598 0.0310
vn 0.9831 -0.1642 0.0815
vn -0.5053 0.8629 -0.0098
vn -0.8815 0.4619 0.0976
vn -0.8129 0.4379 0.3839
vn -0.8716 0.2646 0.4127
vn -0.9538 0.2809 0.1069
vn 0.0205 -0.9953 0.0948
vn 0.1024 -0.9901 0.0958
vn -0.8427 -0.5238 0.1246
vn -0.5727 -0.8108 0.1209
vn -0.5793 -0.8151 -0.0001
vn -0.1966 -0.9805 -0.0001
vn -0.0000 -0.0000 1.0000
vn -0.0400 -0.0553 0.9977
vn -0.0587 -0.0354 0.9976
vn 0.2724 -0.9573 0.0969
vn 0.0012 -0.1003 0.9950
vn -0.0188 -0.0750 0.9970
vn -0.1839 0.9829 -0.0132
vn 0.8449 0.5349 -0.0000
vn -0.0201 0.1498 0.9885
vn -0.0862 0.0765 0.9933
vn 0.0001 -0.0000 1.0000
vn 0.0379 0.1021 0.9940
vn 0.2349 0.9708 -0.0483
vn 0.2789 0.9538 0.1117
vn 0.3515 0.9311 0.0976
vn -0.1078 0.2862 0.9521
vn -0.1982 0.1935 0.9609
vn 0.4220 -0.9015 0.0964
vn 0.5749 -0.8126 0.0959
vn -0.8057 0.5906 0.0444
vn -0.7471 0.6638 0.0344
vn -0.0031 -0.0005 1.0000
vn -0.0024 0.0010 1.0000
vn 0.0003 0.0003 1.0000
vn -0.6449 0.7636 0.0330
vn -0.7783 -0.6094 0.1514
vn -0.8406 -0.5218 0.1453
vn -0.8366 -0.5382 -0.1027
vn -0.7778 -0.6188 -0.1106
vn 0.8055 -0.5855 0.0916
vn -0.9250 0.3691 0.0901
vn -0.9235 0.3689 0.1052
vn 0.2693 -0.9569 0.1085
vn 0.2698 -0.9587 0.0904
vn -0.0033 0.0017 1.0000
vn -0.2332 0.2256 0.9459
vn -0.0103 0.0089 0.9999
vn 0.0006 0.0074 1.0000
vn -0.1314 0.0776 0.9883
vn -0.0539 -0.0734 0.9958
vn -0.7211 0.6903 0.0586
vn -0.7267 0.6843 0.0601
vn 0.8702 -0.4852 0.0855
vn -0.7525 0.6563 0.0547
vn -0.9919 -0.0897 0.0904
vn -0.9912 -0.0896 0.0979
vn 0.8314 -0.5491 0.0852
vn 0.1025 -0.0209 0.9945
vn 0.0728 -0.0364 0.9967
vn -0.1634 0.1021 -0.9813
vn -0.2190 0.1711 -0.9606
vn -0.0987 0.3017 -0.9483
vn -0.0375 0.2753 -0.9606
vn -0.0985 -0.9913 0.0877
vn -0.0985 -0.9907 0.0943
vn 0.0527 -0.0667 0.9964
vn 0.0404 -0.0838 0.9957
vn -0.0873 -0.0114 0.9961
vn 0.0566 -0.0636 0.9964
vn -0.4449 0.8910 -0.0902
vn -0.5940 0.7988 -0.0952
vn -0.6000 0.7913 0.1176
vn -0.4423 0.8918 0.0958
vn 0.0247 -0.0886 0.9958
vn 0.0086 -0.0960 0.9953
vn -0.1531 0.9825 0.1056
vn 0.8397 0.5331 0.1034
vn 0.0837 0.0521 0.9951
vn -0.4822 0.8710 0.0937
vn 0.5957 0.7971 0.0992
vn 0.0680 0.0940 0.9932
vn 0.1073 0.0341 0.9936
vn 0.1099 0.0213 0.9937
vn -0.8341 0.5441 0.0909
vn -0.8108 0.5788 0.0874
vn -0.8086 -0.5034 0.3047
vn -0.8057 -0.4361 0.4009
vn -0.9813 -0.0496 0.1860
vn -0.9891 0.0625 0.1331
vn -0.9985 0.0551 0.0005
vn -0.9982 -0.0603 0.0009
vn 0.0067 -0.0852 0.9963
vn 0.9935 0.0673 0.0915
vn 0.9958 -0.0042 0.0911
vn -0.7584 0.6467 0.0809
vn 0.1153 0.0696 0.9909
vn 0.1102 0.0533 0.9925
vn -0.0019 0.0566 0.9984
vn -0.1890 -0.9762 0.1062
vn -0.9904 0.0808 0.1125
vn -0.9735 -0.1943 0.1206
vn -0.7838 0.6150 0.0860
vn 0.3377 0.9369 -0.0900
vn 0.3348 0.9359 0.1096
vn -0.3223 0.3870 0.8639
vn -0.4398 0.2398 0.8655
vn -0.3588 0.0557 0.9318
vn -0.6840 0.0494 0.7278
vn -0.5812 -0.1700 0.7958
vn -0.4496 0.6032 0.6588
vn -0.5834 0.4589 0.6701
vn -0.7839 -0.3983 0.4763
vn -0.8718 -0.1786 0.4562
vn -0.9547 -0.2506 0.1607
vn -0.8693 0.2284 0.4384
vn -0.9688 0.1916 0.1575
vn -0.7972 0.5861 0.1449
vn -0.7072 0.5655 0.4243
vn -0.5517 0.7497 0.3654
vn -0.0166 0.4672 0.8840
vn -0.1208 0.5936 0.7957
vn -0.2172 0.4815 0.8491
vn -0.2245 0.7903 0.5701
vn -0.3446 0.7006 0.6248
vn 0.1301 0.7092 0.6929
vn 0.0070 0.7979 0.6028
vn -0.4138 0.8458 0.3367
vn -0.2840 0.9096 0.3033
vn -0.2762 0.9557 0.1014
vn -0.0888 0.9506 0.2973
vn -0.0610 0.9933 0.0985
vn 0.1596 0.9817 0.1036
vn 0.0967 0.9365 0.3371
vn 0.2505 0.8861 0.3899
vn 0.2564 0.9057 -0.3375
vn 0.0964 0.9498 -0.2975
vn 0.1518 0.9838 -0.0953
vn -0.0892 0.8819 -0.4629
vn -0.0608 0.9928 -0.1035
vn 0.1376 0.7707 -0.6221
vn -0.2677 0.9586 -0.0972
vn -0.2462 0.9213 -0.3009
vn -0.4015 0.8532 -0.3330
vn -0.3206 0.7263 -0.6080
vn -0.2059 0.5127 -0.8335
vn -0.1043 0.6684 -0.7364
vn 0.0027 0.5353 -0.8447
vn -0.9609 -0.2577 -0.1014
vn -0.9097 -0.1782 -0.3750
vn -0.8061 -0.4529 -0.3809
vn -0.7621 -0.0293 -0.6468
vn -0.6625 -0.2677 -0.6996
vn -0.9792 0.1793 -0.0947
vn -0.9122 0.1989 -0.3582
vn -0.4310 -0.0211 -0.9021
vn -0.5583 0.1953 -0.8063
vn -0.3391 0.3781 -0.8614
vn -0.6599 0.4201 -0.6229
vn -0.4657 0.6079 -0.6431
vn -0.5602 0.7511 -0.3493
vn -0.7614 0.5429 -0.3542
vn -0.8091 0.5798 -0.0959
vn -0.0000 -0.9400 0.3411
vn -0.0001 -0.9392 0.3433
vn -0.0000 -0.7519 0.6593
vn -0.0003 -0.7495 0.6620
vn -0.0000 -0.4267 0.9044
vn -0.0003 -0.4243 0.9055
vn 0.4087 0.0386 0.9119
vn 0.4074 0.0279 0.9128
vn 0.7298 0.0566 0.6813
vn 0.7310 0.0172 0.6821
vn 0.9303 0.0664 0.3607
vn 0.9326 0.0049 0.3608
vn 0.7305 0.0334 0.6821
vn 0.4070 0.0471 0.9122
vn -0.3279 0.3167 0.8900
vn -0.1361 0.1249 0.9828
vn -0.5882 0.4754 0.6542
vn -0.7536 0.5591 0.3457
vn -0.7750 0.5191 0.3604
vn -0.1433 -0.1240 0.9819
vn -0.3333 -0.4257 0.8413
vn -0.0005 -0.7479 0.6638
vn -0.0002 -0.9387 0.3448
vn -0.7831 -0.0070 0.6219
vn -0.7516 0.0825 0.6545
vn -0.8949 0.0732 0.4401
vn -0.8754 -0.0248 0.4827
vn -0.8104 0.4517 0.3732
vn -0.2022 0.1319 0.9704
vn -0.2536 0.1255 0.9591
vn -0.3226 0.1024 0.9410
vn -0.0158 0.0505 0.9986
vn -0.4201 -0.1768 0.8901
vn -0.8695 0.4865 0.0859
vn 0.9362 -0.1388 0.3229
vn 0.7626 -0.0888 0.6407
vn 0.4563 -0.0208 0.8896
vn -0.0000 -0.9480 0.3184
vn -0.0000 -0.7830 0.6220
vn 0.2844 -0.3218 0.9031
vn -0.3205 0.3484 0.8809
vn -0.5665 0.5314 0.6298
vn -0.7108 0.6247 0.3232
vn 0.2751 0.7882 0.5506
vn 0.4639 0.8412 0.2779
vn -0.6151 0.3419 0.7104
vn -0.6429 0.2011 0.7391
vn -0.3264 0.1928 0.9254
vn -0.3349 0.1120 0.9356
vn -0.7293 0.5917 0.3436
vn -0.5718 0.4839 0.6625
vn -0.3117 0.2889 0.9052
vn -0.0811 0.1123 0.9904
vn -0.8995 0.0775 0.4299
vn -0.8734 -0.1698 0.4564
vn 0.0187 -0.9276 0.3730
vn -0.1655 -0.8955 0.4131
vn 0.0132 -0.7171 0.6968
vn -0.1241 -0.6574 0.7433
vn 0.0060 -0.3913 0.9202
vn -0.0681 -0.3299 0.9416
vn -0.7502 -0.4669 0.4682
vn -0.5201 -0.3219 0.7911
vn -0.3560 -0.5068 0.7851
vn -0.5105 -0.7265 0.4599
vn 0.6768 0.2708 0.6845
vn 0.3807 0.1492 0.9126
vn 0.8601 0.3472 0.3738
vn 0.9225 0.3720 0.1028
vn -0.3335 0.0360 0.9421
vn -0.3006 -0.0583 0.9520
vn -0.6523 0.0603 0.7555
vn -0.6128 -0.1188 0.7813
vn 0.1024 0.0392 0.9940
vn 0.2522 0.6703 0.6979
vn 0.1402 0.3748 0.9164
vn 0.3272 0.8666 0.3767
vn 0.0583 0.3795 0.9234
vn 0.1541 0.6699 0.7263
vn 0.2326 0.8814 0.4112
vn -0.2531 -0.1551 0.9549
vn -0.1735 -0.2450 0.9539
vn 0.7303 0.6763 0.0964
vn 0.6787 0.6299 0.3776
vn 0.5250 0.4842 0.7000
vn 0.2884 0.2627 0.9208
vn 0.0736 0.0656 0.9951
vn 0.0367 -0.3819 0.9235
vn 0.0713 -0.7082 0.7024
vn 0.0951 -0.9212 0.3774
vn 0.2529 -0.8888 0.3823
vn 0.1920 -0.6787 0.7089
vn 0.1011 -0.3608 0.9271
vn 0.3935 -0.8370 0.3801
vn 0.5374 -0.7523 0.3812
vn 0.3013 -0.6399 0.7069
vn 0.4114 -0.5705 0.7109
vn 0.1609 -0.3407 0.9263
vn 0.2170 -0.2947 0.9306
vn -0.7383 0.6584 0.1466
vn -0.6388 0.7542 0.1517
vn -0.6740 0.6062 0.4223
vn -0.5686 0.6632 0.4867
vn -0.5926 0.4876 0.6411
vn -0.3851 0.2630 0.8846
vn -0.7935 0.5789 0.1878
vn -0.6971 0.5058 0.5082
vn -0.5724 0.4294 0.6985
vn 0.3115 -0.2023 0.9285
vn 0.5886 -0.4064 0.6989
vn 0.7579 -0.5383 0.3686
vn -0.7346 0.6387 0.2290
vn -0.6266 0.5424 0.5596
vn -0.5036 0.4360 0.7458
vn 0.3818 -0.1735 0.9078
vn 0.6646 -0.3440 0.6633
vn 0.8254 -0.4490 0.3423
vn -0.7053 0.6633 0.2502
vn -0.5860 0.5499 0.5952
vn -0.3947 0.1793 0.9012
vn -0.1851 -0.2637 0.9467
vn -0.7027 0.2665 0.6597
vn -0.7651 -0.0675 0.6403
vn -0.9195 -0.0822 0.3844
vn -0.9407 -0.0843 0.3285
vn 0.2429 -0.8611 0.4466
vn 0.2561 -0.9088 0.3294
vn 0.1678 -0.5925 0.7879
vn 0.2082 -0.7367 0.6433
vn -0.0954 -0.0540 0.9940
vn -0.7033 0.6730 0.2289
vn -0.0949 -0.9274 0.3619
vn -0.0960 -0.9421 0.3214
vn -0.0781 -0.7242 0.6851
vn -0.0816 -0.7644 0.6395
vn 0.1887 -0.3280 0.9256
vn -0.2775 -0.1363 0.9510
vn -0.5869 0.2565 0.7679
vn -0.7195 0.3046 0.6242
vn -0.8334 0.3437 0.4329
vn -0.8772 0.3574 0.3207
vn 0.6623 -0.4088 0.6279
vn 0.7954 -0.5130 0.3228
vn -0.3698 -0.0826 -0.9254
vn -0.6056 -0.3266 -0.7257
vn -0.7486 -0.5222 -0.4085
vn -0.5216 -0.2345 0.8203
vn -0.7149 -0.4677 0.5198
vn 0.0952 0.5210 -0.8482
vn 0.2332 0.7397 -0.6312
vn 0.3429 0.8724 -0.3482
vn 0.7345 0.6786 0.0003
vn 0.9336 0.0158 0.3579
vn 0.9959 0.0021 0.0904
vn 0.7810 0.4958 0.3798
vn 0.6074 0.3836 0.6956
vn 0.3306 0.2074 0.9207
vn 0.5469 0.7321 0.4061
vn 0.4137 0.5529 0.7233
vn 0.2375 0.3194 0.9174
vn -0.7526 0.0166 0.6583
vn -0.6927 0.0756 0.7173
vn -0.6719 0.0959 0.7344
vn -0.7598 -0.4506 0.4687
vn -0.7447 -0.3841 0.5457
vn -0.9586 -0.1867 0.2149
vn -0.8466 -0.1469 0.5115
vn -0.9141 -0.3469 0.2100
vn -0.8172 -0.2952 0.4950
vn -0.9300 -0.3675 0.0010
vn -0.9790 -0.2038 0.0011
vn -0.7114 0.1690 0.6821
vn -0.8917 0.1887 0.4114
vn -0.6708 0.2679 0.6916
vn -0.8572 0.3295 0.3958
vn -0.5778 0.1592 0.8005
vn -0.5061 0.2157 0.8350
vn -0.7755 -0.1215 0.6195
vn -0.7629 -0.0966 0.6393
vn -0.7539 -0.2569 0.6047
vn -0.7402 -0.2323 0.6309
vn -0.9752 0.1953 0.1041
vn -0.9813 0.1924 0.0003
vn -0.9308 0.3541 0.0909
vn -0.9353 0.3540 0.0002
vn 0.3663 0.7005 -0.6125
vn 0.6972 0.2885 -0.6562
vn -0.4637 0.7926 0.3960
vn 0.7066 0.0884 -0.7021
vn 0.7045 0.1122 -0.7008
vn 0.4971 0.6737 0.5468
vn 0.7979 -0.2129 0.5640
vn 0.6740 0.2296 -0.7021
vn 0.6683 0.2407 -0.7038
vn -0.4612 0.4505 -0.7644
vn -0.6480 0.2837 -0.7068
vn -0.6613 0.2701 -0.6998
vn -0.6760 0.2366 -0.6979
vn 0.7074 0.0929 -0.7007
vn 0.7069 0.0710 -0.7038
vn -0.2412 0.7323 -0.6368
vn 0.5849 -0.3841 -0.7144
vn 0.5944 -0.3664 -0.7158
vn -0.6575 0.3728 -0.6548
vn -0.1000 0.4889 -0.8666
vn -0.4575 0.5580 -0.6923
vn 0.6855 -0.1933 -0.7020
vn 0.6859 -0.1943 -0.7013
vn 0.6827 0.1399 -0.7172
vn 0.6846 0.2594 -0.6812
vn 0.5532 0.5559 -0.6204
vn 0.7059 0.0660 -0.7052
vn 0.7069 0.0726 -0.7036
vn 0.7119 -0.0253 -0.7018
vn 0.7115 -0.0109 -0.7026
vn -0.4766 0.7989 -0.3668
vn 0.7158 -0.0601 -0.6957
vn 0.7046 -0.1041 -0.7019
vn 0.5086 -0.4734 -0.7191
vn 0.5287 -0.4538 -0.7173
vn -0.2320 0.5889 -0.7742
vn 0.0229 0.7496 -0.6614
vn 0.7720 0.6356 0.0046
vn 0.2360 0.6600 -0.7133
vn 0.2586 0.9658 -0.0205
vn 0.2786 0.9558 0.0938
vn 0.7067 -0.0898 -0.7018
vn 0.7097 -0.0684 -0.7012
vn -0.5248 0.5695 -0.6327
vn -0.5904 0.2898 -0.7533
vn 0.4760 -0.4981 -0.7248
vn 0.4770 -0.4977 -0.7244
vn 0.6837 -0.1999 -0.7018
vn 0.2802 0.9554 -0.0937
vn 0.2329 0.9725 -0.0003
vn 0.2590 0.9657 -0.0205
vn -0.6331 0.3218 -0.7040
vn -0.6288 0.3327 -0.7028
vn 0.7292 0.0457 -0.6828
vn 0.6674 0.6947 0.2684
vn 0.9233 -0.2696 0.2737
vn 0.6323 -0.3229 -0.7043
vn 0.6473 -0.2918 -0.7042
vn 0.5494 -0.4306 -0.7161
vn 0.5683 -0.4069 -0.7152
vn -0.5945 0.4070 -0.6935
vn -0.5199 0.5227 -0.6756
vn 0.2267 0.8984 0.3761
vn 0.0119 0.7655 0.6433
vn 0.8361 -0.3151 -0.4491
vn 0.9264 -0.2933 -0.2362
vn 0.9486 -0.3124 -0.0498
vn -0.4546 0.5617 -0.6913
vn -0.3084 0.7036 -0.6402
vn 0.7105 0.0027 -0.7037
vn 0.7105 0.0051 -0.7036
vn 0.7117 -0.0455 -0.7010
vn 0.4925 -0.4875 -0.7210
vn 0.6853 -0.2340 -0.6896
vn 0.6811 -0.2093 -0.7016
vn 0.6778 -0.2217 -0.7010
vn 0.6728 -0.2373 -0.7007
vn 0.6653 -0.2570 -0.7009
vn -0.6190 0.3562 -0.7000
vn -0.6388 0.3130 -0.7028
vn -0.6479 0.2967 -0.7016
vn 0.7107 0.0073 -0.7034
vn 0.7107 0.0090 -0.7035
vn -0.1897 0.9096 -0.3696
vn 0.6160 -0.3512 -0.7051
vn 0.7109 -0.0019 -0.7033
vn 0.2594 0.9656 -0.0205
vn 0.4985 0.6764 -0.5422
vn 0.6655 0.6894 -0.2860
vn 0.9231 -0.2696 -0.2742
vn 0.8082 -0.2186 -0.5468
vn 0.6931 0.1697 -0.7006
vn 0.6861 0.1938 -0.7012
vn 0.2260 0.8955 -0.3833
vn 0.6009 -0.3755 -0.7056
vn 0.5859 -0.3935 -0.7084
vn -0.2467 0.5976 0.7629
vn 0.6999 0.1412 -0.7001
vn -0.3018 0.9533 0.0081
vn 0.5968 -0.3603 -0.7170
vn 0.4818 -0.4954 -0.7228
vn 0.4753 -0.4985 -0.7250
vn 0.4742 -0.4993 -0.7251
vn 0.4723 -0.5005 -0.7256
vn 0.7034 -0.1073 -0.7027
vn 0.6798 0.2136 -0.7017
vn 0.0002 1.0000 -0.0002
vn -0.0108 0.9999 -0.0000
vn -0.0106 0.9999 0.0021
vn -0.0100 0.9999 0.0041
vn -0.0090 0.9999 0.0060
vn -0.0076 0.9999 0.0076
vn -0.0060 0.9999 0.0090
vn -0.0041 0.9999 0.0100
vn -0.0021 0.9999 0.0106
vn -0.0000 0.9999 0.0108
vn 0.0021 0.9999 0.0107
vn 0.0042 0.9999 0.0101
vn 0.0061 0.9999 0.0091
vn 0.0077 0.9999 0.0077
vn 0.0091 0.9999 0.0061
vn 0.0101 0.9999 0.0042
vn 0.0108 0.9999 0.0021
vn 0.0110 0.9999 -0.0000
vn 0.0108 0.9999 -0.0021
vn 0.0102 0.9999 -0.0042
vn 0.0092 0.9999 -0.0061
vn 0.0078 0.9999 -0.0078
vn 0.0061 0.9999 -0.0092
vn 0.0042 0.9999 -0.0102
vn 0.0021 0.9999 -0.0108
vn -0.0000 0.9999 -0.0110
vn -0.0021 0.9999 -0.0108
vn -0.0042 0.9999 -0.0101
vn -0.0061 0.9999 -0.0091
vn -0.0077 0.9999 -0.0077
vn -0.0091 0.9999 -0.0060
vn -0.0101 0.9999 -0.0042
vn -0.0107 0.9999 -0.0021
vn -0.0121 0.9999 -0.0000
vn -0.0119 0.9999 0.0024
vn -0.0112 0.9999 0.0046
vn -0.0101 0.9999 0.0067
vn -0.0086 0.9999 0.0086
vn -0.0067 0.9999 0.0101
vn -0.0046 0.9999 0.0112
vn -0.0024 0.9999 0.0119
vn -0.0000 0.9999 0.0121
vn 0.0024 0.9999 0.0119
vn 0.0046 0.9999 0.0112
vn 0.0067 0.9999 0.0101
vn 0.0086 0.9999 0.0086
vn 0.0101 0.9999 0.0067
vn 0.0112 0.9999 0.0046
vn 0.0119 0.9999 0.0024
vn 0.0121 0.9999 -0.0000
vn 0.0119 0.9999 -0.0024
vn 0.0112 0.9999 -0.0046
vn 0.0101 0.9999 -0.0067
vn 0.0086 0.9999 -0.0086
vn 0.0067 0.9999 -0.0101
vn 0.0046 0.9999 -0.0112
vn 0.0024 0.9999 -0.0119
vn -0.0000 0.9999 -0.0121
vn -0.0024 0.9999 -0.0119
vn -0.0046 0.9999 -0.0112
vn -0.0067 0.9999 -0.0101
vn -0.0086 0.9999 -0.0086
vn -0.0101 0.9999 -0.0067
vn -0.0112 0.9999 -0.0046
vn -0.0119 0.9999 -0.0024
vn -0.0119 0.9999 -0.0000
vn -0.0117 0.9999 0.0023
vn -0.0110 0.9999 0.0046
vn -0.0099 0.9999 0.0066
vn -0.0084 0.9999 0.0084
vn -0.0066 0.9999 0.0099
vn -0.0046 0.9999 0.0110
vn -0.0023 0.9999 0.0117
vn -0.0000 0.9999 0.0119
vn 0.0023 0.9999 0.0117
vn 0.0046 0.9999 0.0110
vn 0.0066 0.9999 0.0099
vn 0.0084 0.9999 0.0084
vn 0.0099 0.9999 0.0066
vn 0.0110 0.9999 0.0046
vn 0.0117 0.9999 0.0023
vn 0.0119 0.9999 -0.0000
vn 0.0117 0.9999 -0.0023
vn 0.0110 0.9999 -0.0046
vn 0.0099 0.9999 -0.0066
vn 0.0084 0.9999 -0.0084
vn 0.0066 0.9999 -0.0099
vn 0.0046 0.9999 -0.0110
vn 0.0023 0.9999 -0.0117
vn -0.0000 0.9999 -0.0119
vn -0.0023 0.9999 -0.0117
vn -0.0046 0.9999 -0.0110
vn -0.0066 0.9999 -0.0099
vn -0.0084 0.9999 -0.0084
vn -0.0099 0.9999 -0.0066
vn -0.0110 0.9999 -0.0046
vn -0.0117 0.9999 -0.0023
vn -0.0117 0.9999 -0.0000
vn -0.0114 0.9999 0.0023
vn -0.0108 0.9999 0.0045
vn -0.0097 0.9999 0.0065
vn -0.0082 0.9999 0.0082
vn -0.0065 0.9999 0.0097
vn -0.0045 0.9999 0.0108
vn -0.0023 0.9999 0.0114
vn -0.0000 0.9999 0.0117
vn 0.0023 0.9999 0.0114
vn 0.0045 0.9999 0.0108
vn 0.0065 0.9999 0.0097
vn 0.0082 0.9999 0.0082
vn 0.0097 0.9999 0.0065
vn 0.0108 0.9999 0.0045
vn 0.0114 0.9999 0.0023
vn 0.0117 0.9999 -0.0000
vn 0.0114 0.9999 -0.0023
vn 0.0108 0.9999 -0.0045
vn 0.0097 0.9999 -0.0065
vn 0.0082 0.9999 -0.0082
vn 0.0065 0.9999 -0.0097
vn 0.0045 0.9999 -0.0108
vn 0.0023 0.9999 -0.0114
vn -0.0000 0.9999 -0.0117
vn -0.0023 0.9999 -0.0114
vn -0.0045 0.9999 -0.0108
vn -0.0065 0.9999 -0.0097
vn -0.0082 0.9999 -0.0082
vn -0.0097 0.9999 -0.0065
vn -0.0108 0.9999 -0.0045
vn -0.0114 0.9999 -0.0023
vn -0.0113 0.9999 -0.0000
vn -0.0111 0.9999 0.0022
vn -0.0105 0.9999 0.0043
vn -0.0094 0.9999 0.0063
vn -0.0080 0.9999 0.0080
vn -0.0063 0.9999 0.0094
vn -0.0043 0.9999 0.0105
vn -0.0022 0.9999 0.0111
vn -0.0000 0.9999 0.0113
vn 0.0022 0.9999 0.0111
vn 0.0043 0.9999 0.0105
vn 0.0063 0.9999 0.0094
vn 0.0080 0.9999 0.0080
vn 0.0094 0.9999 0.0063
vn 0.0105 0.9999 0.0043
vn 0.0111 0.9999 0.0022
vn 0.0113 0.9999 -0.0000
vn 0.0111 0.9999 -0.0022
vn 0.0105 0.9999 -0.0043
vn 0.0094 0.9999 -0.0063
vn 0.0080 0.9999 -0.0080
vn 0.0063 0.9999 -0.0094
vn 0.0043 0.9999 -0.0105
vn 0.0022 0.9999 -0.0111
vn -0.0000 0.9999 -0.0113
vn -0.0022 0.9999 -0.0111
vn -0.0043 0.9999 -0.0105
vn -0.0063 0.9999 -0.0094
vn -0.0080 0.9999 -0.0080
vn -0.0094 0.9999 -0.0063
vn -0.0105 0.9999 -0.0043
vn -0.0111 0.9999 -0.0022
vn -0.0109 0.9999 -0.0000
vn -0.0107 0.9999 0.0021
vn -0.0101 0.9999 0.0042
vn -0.0091 0.9999 0.0061
vn -0.0077 0.9999 0.0077
vn -0.0061 0.9999 0.0091
vn -0.0042 0.9999 0.0101
vn -0.0021 0.9999 0.0107
vn -0.0000 0.9999 0.0109
vn 0.0107 0.9999 0.0021
vn 0.0109 0.9999 -0.0000
vn 0.0107 0.9999 -0.0021
vn 0.0101 0.9999 -0.0042
vn 0.0091 0.9999 -0.0061
vn 0.0077 0.9999 -0.0077
vn 0.0061 0.9999 -0.0091
vn 0.0042 0.9999 -0.0101
vn 0.0021 0.9999 -0.0107
vn -0.0000 0.9999 -0.0109
vn -0.0021 0.9999 -0.0107
vn -0.0091 0.9999 -0.0061
vn -0.0103 0.9999 -0.0000
vn -0.0101 0.9999 0.0020
vn -0.0095 0.9999 0.0039
vn -0.0086 0.9999 0.0057
vn -0.0073 0.9999 0.0073
vn -0.0057 0.9999 0.0086
vn -0.0039 0.9999 0.0095
vn -0.0020 0.9999 0.0101
vn -0.0000 0.9999 0.0103
vn 0.0020 0.9999 0.0101
vn 0.0039 0.9999 0.0095
vn 0.0057 0.9999 0.0086
vn 0.0073 0.9999 0.0073
vn 0.0086 0.9999 0.0057
vn 0.0095 0.9999 0.0039
vn 0.0101 0.9999 0.0020
vn 0.0103 0.9999 -0.0000
vn 0.0101 0.9999 -0.0020
vn 0.0095 0.9999 -0.0039
vn 0.0086 0.9999 -0.0057
vn 0.0073 0.9999 -0.0073
vn 0.0057 0.9999 -0.0086
vn 0.0039 0.9999 -0.0095
vn 0.0020 0.9999 -0.0101
vn -0.0000 0.9999 -0.0103
vn -0.0020 0.9999 -0.0101
vn -0.0039 0.9999 -0.0095
vn -0.0057 0.9999 -0.0086
vn -0.0073 0.9999 -0.0073
vn -0.0086 0.9999 -0.0057
vn -0.0095 0.9999 -0.0039
vn -0.0101 0.9999 -0.0020
vn -0.0094 1.0000 -0.0000
vn -0.0092 1.0000 0.0018
vn -0.0087 1.0000 0.0036
vn -0.0078 1.0000 0.0052
vn -0.0067 1.0000 0.0067
vn -0.0052 1.0000 0.0078
vn -0.0036 1.0000 0.0087
vn -0.0018 1.0000 0.0092
vn -0.0000 1.0000 0.0094
vn 0.0018 1.0000 0.0092
vn 0.0036 1.0000 0.0087
vn 0.0052 1.0000 0.0078
vn 0.0067 1.0000 0.0067
vn 0.0078 1.0000 0.0052
vn 0.0087 1.0000 0.0036
vn 0.0092 1.0000 0.0018
vn 0.0094 1.0000 -0.0000
vn 0.0092 1.0000 -0.0018
vn 0.0087 1.0000 -0.0036
vn 0.0078 1.0000 -0.0052
vn 0.0067 1.0000 -0.0067
vn 0.0052 1.0000 -0.0078
vn 0.0036 1.0000 -0.0087
vn 0.0018 1.0000 -0.0092
vn -0.0000 1.0000 -0.0094
vn -0.0018 1.0000 -0.0092
vn -0.0036 1.0000 -0.0087
vn -0.0052 1.0000 -0.0078
vn -0.0067 1.0000 -0.0067
vn -0.0078 1.0000 -0.0052
vn -0.0087 1.0000 -0.0036
vn -0.0092 1.0000 -0.0018
vn -0.0080 1.0000 -0.0000
vn -0.0078 1.0000 0.0016
vn -0.0074 1.0000 0.0031
vn -0.0067 1.0000 0.0045
vn -0.0056 1.0000 0.0056
vn -0.0045 1.0000 0.0067
vn -0.0031 1.0000 0.0074
vn -0.0016 1.0000 0.0079
vn -0.0000 1.0000 0.0081
vn 0.0016 1.0000 0.0078
vn 0.0031 1.0000 0.0074
vn 0.0045 1.0000 0.0067
vn 0.0057 1.0000 0.0057
vn 0.0067 1.0000 0.0045
vn 0.0074 1.0000 0.0031
vn 0.0079 1.0000 0.0016
vn 0.0080 1.0000 -0.0000
vn 0.0079 1.0000 -0.0016
vn 0.0073 1.0000 -0.0030
vn 0.0066 1.0000 -0.0044
vn 0.0056 1.0000 -0.0056
vn 0.0044 1.0000 -0.0066
vn 0.0031 1.0000 -0.0074
vn 0.0016 1.0000 -0.0078
vn -0.0000 1.0000 -0.0079
vn -0.0015 1.0000 -0.0077
vn -0.0031 1.0000 -0.0074
vn -0.0043 1.0000 -0.0065
vn -0.0055 1.0000 -0.0055
vn -0.0065 1.0000 -0.0044
vn -0.0075 1.0000 -0.0031
vn -0.0078 1.0000 -0.0016
vn 0.0081 -1.0000 -0.0000
vn 0.0079 -1.0000 -0.0016
vn 0.0052 -1.0000 -0.0010
vn 0.0053 -1.0000 -0.0000
vn 0.0075 -1.0000 -0.0031
vn 0.0049 -1.0000 -0.0020
vn 0.0066 -1.0000 -0.0044
vn 0.0044 -1.0000 -0.0029
vn 0.0057 -1.0000 -0.0057
vn 0.0037 -1.0000 -0.0037
vn 0.0044 -1.0000 -0.0066
vn 0.0029 -1.0000 -0.0044
vn 0.0031 -1.0000 -0.0074
vn 0.0020 -1.0000 -0.0049
vn 0.0016 -1.0000 -0.0079
vn 0.0010 -1.0000 -0.0052
vn -0.0000 -1.0000 -0.0079
vn -0.0000 -1.0000 -0.0053
vn -0.0016 -1.0000 -0.0079
vn -0.0010 -1.0000 -0.0052
vn -0.0031 -1.0000 -0.0074
vn -0.0020 -1.0000 -0.0049
vn -0.0045 -1.0000 -0.0067
vn -0.0029 -1.0000 -0.0044
vn -0.0056 -1.0000 -0.0056
vn -0.0037 -1.0000 -0.0037
vn -0.0067 -1.0000 -0.0045
vn -0.0044 -1.0000 -0.0029
vn -0.0074 -1.0000 -0.0031
vn -0.0049 -1.0000 -0.0020
vn -0.0079 -1.0000 -0.0016
vn -0.0052 -1.0000 -0.0010
vn -0.0081 -1.0000 -0.0000
vn -0.0053 -1.0000 -0.0000
vn -0.0077 -1.0000 0.0015
vn -0.0052 -1.0000 0.0010
vn -0.0073 -1.0000 0.0030
vn -0.0049 -1.0000 0.0020
vn -0.0065 -1.0000 0.0044
vn -0.0044 -1.0000 0.0029
vn -0.0056 -1.0000 0.0056
vn -0.0037 -1.0000 0.0037
vn -0.0044 -1.0000 0.0066
vn -0.0029 -1.0000 0.0044
vn -0.0030 -1.0000 0.0073
vn -0.0020 -1.0000 0.0049
vn -0.0016 -1.0000 0.0078
vn -0.0010 -1.0000 0.0052
vn -0.0000 -1.0000 0.0080
vn -0.0000 -1.0000 0.0053
vn 0.0016 -1.0000 0.0079
vn 0.0010 -1.0000 0.0052
vn 0.0030 -1.0000 0.0073
vn 0.0020 -1.0000 0.0049
vn 0.0045 -1.0000 0.0067
vn 0.0029 -1.0000 0.0044
vn 0.0057 -1.0000 0.0057
vn 0.0037 -1.0000 0.0037
vn 0.0067 -1.0000 0.0045
vn 0.0044 -1.0000 0.0029
vn 0.0073 -1.0000 0.0030
vn 0.0049 -1.0000 0.0020
vn 0.0078 -1.0000 0.0016
vn 0.0052 -1.0000 0.0010
vn 0.0212 -0.9998 -0.0042
vn 0.0216 -0.9998 -0.0000
vn 0.0200 -0.9998 -0.0083
vn 0.0180 -0.9998 -0.0120
vn 0.0153 -0.9998 -0.0153
vn 0.0120 -0.9998 -0.0180
vn 0.0083 -0.9998 -0.0200
vn 0.0042 -0.9998 -0.0212
vn -0.0000 -0.9998 -0.0216
vn -0.0042 -0.9998 -0.0212
vn -0.0083 -0.9998 -0.0200
vn -0.0120 -0.9998 -0.0180
vn -0.0153 -0.9998 -0.0153
vn -0.0180 -0.9998 -0.0120
vn -0.0200 -0.9998 -0.0083
vn -0.0212 -0.9998 -0.0042
vn -0.0216 -0.9998 -0.0000
vn -0.0212 -0.9998 0.0042
vn -0.0200 -0.9998 0.0083
vn -0.0180 -0.9998 0.0120
vn -0.0153 -0.9998 0.0153
vn -0.0120 -0.9998 0.0180
vn -0.0083 -0.9998 0.0200
vn -0.0042 -0.9998 0.0212
vn -0.0000 -0.9998 0.0216
vn 0.0042 -0.9998 0.0212
vn 0.0083 -0.9998 0.0200
vn 0.0120 -0.9998 0.0180
vn 0.0153 -0.9998 0.0153
vn 0.0180 -0.9998 0.0120
vn 0.0200 -0.9998 0.0083
vn 0.0212 -0.9998 0.0042
vn 0.0759 -0.9970 -0.0151
vn 0.0774 -0.9970 -0.0000
vn 0.0715 -0.9970 -0.0296
vn 0.0644 -0.9970 -0.0430
vn 0.0547 -0.9970 -0.0547
vn 0.0430 -0.9970 -0.0644
vn 0.0296 -0.9970 -0.0715
vn 0.0151 -0.9970 -0.0759
vn -0.0000 -0.9970 -0.0774
vn -0.0151 -0.9970 -0.0759
vn -0.0296 -0.9970 -0.0715
vn -0.0430 -0.9970 -0.0644
vn -0.0547 -0.9970 -0.0547
vn -0.0644 -0.9970 -0.0430
vn -0.0715 -0.9970 -0.0296
vn -0.0759 -0.9970 -0.0151
vn -0.0774 -0.9970 -0.0000
vn -0.0759 -0.9970 0.0151
vn -0.0715 -0.9970 0.0296
vn -0.0644 -0.9970 0.0430
vn -0.0547 -0.9970 0.0547
vn -0.0430 -0.9970 0.0644
vn -0.0296 -0.9970 0.0715
vn -0.0151 -0.9970 0.0759
vn -0.0000 -0.9970 0.0774
vn 0.0151 -0.9970 0.0759
vn 0.0296 -0.9970 0.0715
vn 0.0430 -0.9970 0.0644
vn 0.0547 -0.9970 0.0547
vn 0.0644 -0.9970 0.0430
vn 0.0715 -0.9970 0.0296
vn 0.0759 -0.9970 0.0151
vn 0.1491 -0.9884 -0.0296
vn 0.1520 -0.9884 -0.0000
vn 0.1404 -0.9884 -0.0582
vn 0.1264 -0.9884 -0.0844
vn 0.1075 -0.9884 -0.1075
vn 0.0844 -0.9884 -0.1264
vn 0.0582 -0.9884 -0.1404
vn 0.0296 -0.9884 -0.1491
vn -0.0000 -0.9884 -0.1520
vn -0.0296 -0.9884 -0.1491
vn -0.0582 -0.9884 -0.1404
vn -0.0844 -0.9884 -0.1264
vn -0.1075 -0.9884 -0.1075
vn -0.1264 -0.9884 -0.0844
vn -0.1404 -0.9884 -0.0582
vn -0.1491 -0.9884 -0.0296
vn -0.1520 -0.9884 -0.0000
vn -0.1491 -0.9884 0.0296
vn -0.1404 -0.9884 0.0582
vn -0.1264 -0.9884 0.0844
vn -0.1075 -0.9884 0.1075
vn -0.0844 -0.9884 0.1264
vn -0.0582 -0.9884 0.1404
vn -0.0296 -0.9884 0.1491
vn -0.0000 -0.9884 0.1520
vn 0.0296 -0.9884 0.1491
vn 0.0582 -0.9884 0.1404
vn 0.0844 -0.9884 0.1264
vn 0.1075 -0.9884 0.1075
vn 0.1264 -0.9884 0.0844
vn 0.1404 -0.9884 0.0582
vn 0.1491 -0.9884 0.0296
vn 0.2217 -0.9741 -0.0441
vn 0.2261 -0.9741 -0.0000
vn 0.2088 -0.9741 -0.0865
vn 0.1880 -0.9741 -0.1256
vn 0.1598 -0.9741 -0.1598
vn 0.1256 -0.9741 -0.1880
vn 0.0865 -0.9741 -0.2089
vn 0.0441 -0.9741 -0.2217
vn -0.0000 -0.9741 -0.2261
vn -0.0441 -0.9741 -0.2217
vn -0.0865 -0.9741 -0.2088
vn -0.1256 -0.9741 -0.1880
vn -0.1598 -0.9741 -0.1598
vn -0.1880 -0.9741 -0.1256
vn -0.2088 -0.9741 -0.0865
vn -0.2217 -0.9741 -0.0441
vn -0.2261 -0.9741 -0.0000
vn -0.2217 -0.9741 0.0441
vn -0.2088 -0.9741 0.0865
vn -0.1880 -0.9741 0.1256
vn -0.1598 -0.9741 0.1598
vn -0.1256 -0.9741 0.1880
vn -0.0865 -0.9741 0.2088
vn -0.0441 -0.9741 0.2217
vn -0.0000 -0.9741 0.2261
vn 0.0441 -0.9741 0.2217
vn 0.0865 -0.9741 0.2088
vn 0.1256 -0.9741 0.1880
vn 0.1598 -0.9741 0.1598
vn 0.1880 -0.9741 0.1256
vn 0.2088 -0.9741 0.0865
vn 0.2217 -0.9741 0.0441
vn 0.2946 -0.9538 -0.0586
vn 0.3004 -0.9538 -0.0000
vn 0.2775 -0.9538 -0.1150
vn 0.2498 -0.9538 -0.1669
vn 0.2124 -0.9538 -0.2124
vn 0.1669 -0.9538 -0.2498
vn 0.1150 -0.9538 -0.2775
vn 0.0586 -0.9538 -0.2946
vn -0.0000 -0.9538 -0.3004
vn -0.0586 -0.9538 -0.2946
vn -0.1150 -0.9538 -0.2775
vn -0.1669 -0.9538 -0.2498
vn -0.2124 -0.9538 -0.2124
vn -0.2498 -0.9538 -0.1669
vn -0.2775 -0.9538 -0.1150
vn -0.2946 -0.9538 -0.0586
vn -0.3004 -0.9538 -0.0000
vn -0.2946 -0.9538 0.0586
vn -0.2775 -0.9538 0.1150
vn -0.2498 -0.9538 0.1669
vn -0.2124 -0.9538 0.2124
vn -0.1669 -0.9538 0.2498
vn -0.1150 -0.9538 0.2775
vn -0.0586 -0.9538 0.2946
vn -0.0000 -0.9538 0.3004
vn 0.0586 -0.9538 0.2946
vn 0.1150 -0.9538 0.2775
vn 0.1669 -0.9538 0.2498
vn 0.2124 -0.9538 0.2124
vn 0.2498 -0.9538 0.1669
vn 0.2775 -0.9538 0.1150
vn 0.2946 -0.9538 0.0586
vn 0.3689 -0.9266 -0.0734
vn 0.3762 -0.9266 -0.0000
vn 0.3475 -0.9266 -0.1440
vn 0.3128 -0.9266 -0.2090
vn 0.2660 -0.9266 -0.2660
vn 0.2090 -0.9266 -0.3128
vn 0.1440 -0.9266 -0.3475
vn 0.0734 -0.9266 -0.3689
vn -0.0000 -0.9266 -0.3762
vn -0.0734 -0.9266 -0.3689
vn -0.1440 -0.9266 -0.3475
vn -0.2090 -0.9266 -0.3128
vn -0.2660 -0.9266 -0.2660
vn -0.3128 -0.9266 -0.2090
vn -0.3475 -0.9266 -0.1440
vn -0.3689 -0.9266 -0.0734
vn -0.3762 -0.9266 -0.0000
vn -0.3689 -0.9266 0.0734
vn -0.3475 -0.9266 0.1440
vn -0.3128 -0.9266 0.2090
vn -0.2660 -0.9266 0.2660
vn -0.2090 -0.9266 0.3128
vn -0.1440 -0.9266 0.3475
vn -0.0734 -0.9266 0.3689
vn -0.0000 -0.9266 0.3762
vn 0.0734 -0.9266 0.3689
vn 0.1440 -0.9266 0.3475
vn 0.2090 -0.9266 0.3128
vn 0.2660 -0.9266 0.2660
vn 0.3128 -0.9266 0.2090
vn 0.3475 -0.9266 0.1440
vn 0.3689 -0.9266 0.0734
vn 0.4463 -0.8905 -0.0888
vn 0.4550 -0.8905 -0.0000
vn 0.4204 -0.8905 -0.1741
vn 0.3783 -0.8905 -0.2528
vn 0.3217 -0.8905 -0.3217
vn 0.2528 -0.8905 -0.3783
vn 0.1741 -0.8905 -0.4204
vn 0.0888 -0.8905 -0.4463
vn -0.0000 -0.8905 -0.4550
vn -0.0888 -0.8905 -0.4463
vn -0.1741 -0.8905 -0.4204
vn -0.2528 -0.8905 -0.3783
vn -0.3217 -0.8905 -0.3217
vn -0.3783 -0.8905 -0.2528
vn -0.4204 -0.8905 -0.1741
vn -0.4463 -0.8905 -0.0888
vn -0.4550 -0.8905 -0.0000
vn -0.4463 -0.8905 0.0888
vn -0.4204 -0.8905 0.1741
vn -0.3783 -0.8905 0.2528
vn -0.3218 -0.8905 0.3218
vn -0.2528 -0.8905 0.3783
vn -0.1741 -0.8905 0.4204
vn -0.0888 -0.8905 0.4463
vn -0.0000 -0.8905 0.4550
vn 0.0888 -0.8905 0.4463
vn 0.1741 -0.8905 0.4204
vn 0.2528 -0.8905 0.3783
vn 0.3218 -0.8905 0.3218
vn 0.3783 -0.8905 0.2528
vn 0.4204 -0.8905 0.1741
vn 0.4463 -0.8905 0.0888
vn 0.5288 -0.8422 -0.1052
vn 0.5392 -0.8422 -0.0000
vn 0.4981 -0.8422 -0.2063
vn 0.4483 -0.8422 -0.2995
vn 0.3812 -0.8422 -0.3812
vn 0.2995 -0.8422 -0.4483
vn 0.2063 -0.8422 -0.4981
vn 0.1052 -0.8422 -0.5288
vn -0.0000 -0.8422 -0.5392
vn -0.1052 -0.8422 -0.5288
vn -0.2063 -0.8422 -0.4981
vn -0.2995 -0.8422 -0.4483
vn -0.3812 -0.8422 -0.3812
vn -0.4483 -0.8422 -0.2995
vn -0.4981 -0.8422 -0.2063
vn -0.5288 -0.8422 -0.1052
vn -0.5392 -0.8422 -0.0000
vn -0.5288 -0.8422 0.1052
vn -0.4981 -0.8422 0.2063
vn -0.4483 -0.8422 0.2995
vn -0.3812 -0.8422 0.3812
vn -0.2995 -0.8422 0.4483
vn -0.2063 -0.8422 0.4981
vn -0.1052 -0.8422 0.5288
vn -0.0000 -0.8422 0.5392
vn 0.1052 -0.8422 0.5288
vn 0.2063 -0.8422 0.4981
vn 0.2995 -0.8422 0.4483
vn 0.3812 -0.8422 0.3812
vn 0.4483 -0.8422 0.2995
vn 0.4981 -0.8422 0.2063
vn 0.5288 -0.8422 0.1052
vn 0.6191 -0.7756 -0.1232
vn 0.6313 -0.7756 -0.0000
vn 0.5832 -0.7756 -0.2416
vn 0.5249 -0.7756 -0.3507
vn 0.4464 -0.7756 -0.4464
vn 0.3507 -0.7756 -0.5249
vn 0.2416 -0.7756 -0.5832
vn 0.1232 -0.7756 -0.6191
vn -0.0000 -0.7756 -0.6313
vn -0.1232 -0.7756 -0.6191
vn -0.2416 -0.7756 -0.5832
vn -0.3507 -0.7756 -0.5249
vn -0.4464 -0.7756 -0.4464
vn -0.5249 -0.7756 -0.3507
vn -0.5832 -0.7756 -0.2416
vn -0.6191 -0.7756 -0.1232
vn -0.6313 -0.7756 -0.0000
vn -0.6191 -0.7756 0.1232
vn -0.5832 -0.7756 0.2416
vn -0.5249 -0.7756 0.3507
vn -0.4464 -0.7756 0.4464
vn -0.3507 -0.7756 0.5249
vn -0.2416 -0.7756 0.5832
vn -0.1232 -0.7756 0.6191
vn -0.0000 -0.7756 0.6313
vn 0.1232 -0.7756 0.6191
vn 0.2416 -0.7756 0.5832
vn 0.3507 -0.7756 0.5249
vn 0.4464 -0.7756 0.4464
vn 0.5249 -0.7756 0.3507
vn 0.5832 -0.7756 0.2416
vn 0.6191 -0.7756 0.1232
vn 0.7197 -0.6794 -0.1432
vn 0.7338 -0.6794 -0.0000
vn 0.6779 -0.6794 -0.2808
vn 0.6101 -0.6794 -0.4077
vn 0.5189 -0.6794 -0.5189
vn 0.4077 -0.6794 -0.6101
vn 0.2808 -0.6794 -0.6779
vn 0.1432 -0.6794 -0.7197
vn -0.0000 -0.6794 -0.7338
vn -0.1432 -0.6794 -0.7197
vn -0.2808 -0.6794 -0.6779
vn -0.4077 -0.6794 -0.6101
vn -0.5189 -0.6794 -0.5189
vn -0.6101 -0.6794 -0.4077
vn -0.6779 -0.6794 -0.2808
vn -0.7197 -0.6794 -0.1432
vn -0.7338 -0.6794 -0.0000
vn -0.7197 -0.6794 0.1432
vn -0.6779 -0.6794 0.2808
vn -0.6101 -0.6794 0.4077
vn -0.5189 -0.6794 0.5189
vn -0.4077 -0.6794 0.6101
vn -0.2808 -0.6794 0.6779
vn -0.1432 -0.6794 0.7197
vn -0.0000 -0.6794 0.7338
vn 0.1432 -0.6794 0.7197
vn 0.2808 -0.6794 0.6779
vn 0.4077 -0.6794 0.6101
vn 0.5189 -0.6794 0.5189
vn 0.6101 -0.6794 0.4077
vn 0.6779 -0.6794 0.2808
vn 0.7197 -0.6794 0.1432
vn 0.8292 -0.5341 -0.1649
vn 0.8454 -0.5341 -0.0000
vn 0.7811 -0.5341 -0.3235
vn 0.7029 -0.5341 -0.4697
vn 0.5978 -0.5341 -0.5978
vn 0.4697 -0.5341 -0.7029
vn 0.3235 -0.5341 -0.7811
vn 0.1649 -0.5341 -0.8292
vn -0.0017 -0.5151 -0.8571
vn -0.1694 -0.4961 -0.8516
vn -0.3323 -0.4958 -0.8024
vn -0.4824 -0.4961 -0.7219
vn -0.6048 -0.5151 -0.6073
vn -0.7029 -0.5341 -0.4697
vn -0.7811 -0.5341 -0.3235
vn -0.8292 -0.5341 -0.1649
vn -0.8571 -0.5151 0.0017
vn -0.8571 -0.4857 0.1718
vn -0.8129 -0.4751 0.3367
vn -0.7316 -0.4751 0.4889
vn -0.6222 -0.4751 0.6222
vn -0.4867 -0.4857 0.7261
vn -0.3323 -0.4958 0.8024
vn -0.1693 -0.4857 0.8576
vn -0.0013 -0.4857 0.8741
vn 0.1655 -0.5151 0.8410
vn 0.3296 -0.5151 0.7912
vn 0.4824 -0.4961 0.7219
vn 0.6048 -0.5151 0.6073
vn 0.7029 -0.5341 0.4697
vn 0.7811 -0.5341 0.3235
vn 0.8292 -0.5341 0.1649
vn 0.9464 -0.2626 -0.1882
vn 0.9649 -0.2626 -0.0000
vn 0.8915 -0.2626 -0.3693
vn 0.8023 -0.2626 -0.5361
vn 0.6823 -0.2626 -0.6823
vn 0.5361 -0.2626 -0.8023
vn 0.3693 -0.2626 -0.8915
vn 0.1882 -0.2626 -0.9464
vn -0.0012 -0.2368 -0.9716
vn -0.1909 -0.2052 -0.9599
vn -0.3741 -0.2109 -0.9031
vn -0.5437 -0.2052 -0.8138
vn -0.6862 -0.2368 -0.6878
vn -0.8023 -0.2626 -0.5361
vn -0.8915 -0.2626 -0.3693
vn -0.9464 -0.2626 -0.1882
vn -0.9716 -0.2368 0.0012
vn -0.9640 -0.1836 0.1924
vn -0.9117 -0.1619 0.3776
vn -0.8205 -0.1619 0.5482
vn -0.6978 -0.1619 0.6978
vn -0.5467 -0.1836 0.8170
vn -0.3741 -0.2109 0.9031
vn -0.1911 -0.1836 0.9642
vn -0.0007 -0.1836 0.9830
vn 0.1884 -0.2368 0.9531
vn 0.3729 -0.2368 0.8972
vn 0.5437 -0.2052 0.8138
vn 0.6862 -0.2368 0.6878
vn 0.8023 -0.2626 0.5361
vn 0.8915 -0.2626 0.3693
vn 0.9464 -0.2626 0.1882
vn 0.9801 -0.0377 -0.1950
vn 0.9993 -0.0377 -0.0000
vn 0.9232 -0.0377 -0.3824
vn 0.8309 -0.0377 -0.5552
vn 0.7066 -0.0377 -0.7066
vn 0.5552 -0.0377 -0.8309
vn 0.3824 -0.0377 -0.9232
vn 0.1950 -0.0377 -0.9801
vn 0.0005 -0.0309 -0.9995
vn -0.1950 -0.0241 -0.9805
vn -0.3826 -0.0240 -0.9236
vn -0.5554 -0.0241 -0.8312
vn -0.7071 -0.0309 -0.7064
vn -0.8309 -0.0377 -0.5552
vn -0.9232 -0.0377 -0.3824
vn -0.9801 -0.0377 -0.1950
vn -0.9995 -0.0309 -0.0005
vn -0.9808 -0.0121 0.1946
vn -0.9239 -0.0000 0.3827
vn -0.8315 -0.0000 0.5556
vn -0.7071 -0.0000 0.7071
vn -0.5551 -0.0121 0.8317
vn -0.3826 -0.0240 0.9236
vn -0.1956 -0.0121 0.9806
vn 0.0005 -0.0121 0.9999
vn 0.1955 -0.0309 0.9802
vn 0.3821 -0.0309 0.9236
vn 0.5554 -0.0241 0.8312
vn 0.7071 -0.0309 0.7064
vn 0.8309 -0.0377 0.5552
vn 0.9232 -0.0377 0.3824
vn 0.9801 -0.0377 0.1950
vn 0.9808 -0.0000 -0.1951
vn 1.0000 -0.0000 -0.0000
vn 0.9239 -0.0000 -0.3827
vn 0.8315 -0.0000 -0.5556
vn 0.7071 -0.0000 -0.7071
vn 0.5556 -0.0000 -0.8315
vn 0.3827 -0.0000 -0.9239
vn 0.1951 -0.0000 -0.9808
vn -0.1951 -0.0000 -0.9808
vn -0.3827 -0.0000 -0.9239
vn -0.5556 -0.0000 -0.8315
vn -0.7071 -0.0000 -0.7071
vn -0.8315 -0.0000 -0.5556
vn -0.9239 -0.0000 -0.3827
vn -0.9808 -0.0000 -0.1951
vn -1.0000 -0.0000 -0.0000
vn -0.9808 -0.0000 0.1951
vn -0.5556 -0.0000 0.8315
vn -0.3827 -0.0000 0.9239
vn -0.1951 -0.0000 0.9808
vn 0.1951 -0.0000 0.9808
vn 0.3827 -0.0000 0.9239
vn 0.5556 -0.0000 0.8315
vn 0.7071 -0.0000 0.7071
vn 0.8315 -0.0000 0.5556
vn 0.9239 -0.0000 0.3827
vn 0.9808 -0.0000 0.1951
vn 0.9744 0.1136 -0.1938
vn 0.9935 0.1136 -0.0000
vn 0.9179 0.1136 -0.3802
vn 0.8261 0.1136 -0.5520
vn 0.7025 0.1136 -0.7025
vn 0.5520 0.1136 -0.8261
vn 0.3802 0.1136 -0.9179
vn 0.1938 0.1136 -0.9744
vn -0.0000 0.1136 -0.9935
vn -0.1938 0.1136 -0.9744
vn -0.3802 0.1136 -0.9179
vn -0.5520 0.1136 -0.8261
vn -0.7025 0.1136 -0.7025
vn -0.8261 0.1136 -0.5520
vn -0.9179 0.1136 -0.3802
vn -0.9744 0.1136 -0.1938
vn -0.9935 0.1136 -0.0000
vn -0.9744 0.1136 0.1938
vn -0.9179 0.1136 0.3802
vn -0.8261 0.1136 0.5520
vn -0.7025 0.1136 0.7025
vn -0.5520 0.1136 0.8261
vn -0.3802 0.1136 0.9179
vn -0.1938 0.1136 0.9744
vn -0.0000 0.1136 0.9935
vn 0.1938 0.1136 0.9744
vn 0.3802 0.1136 0.9179
vn 0.5520 0.1136 0.8261
vn 0.7025 0.1136 0.7025
vn 0.8261 0.1136 0.5520
vn 0.9179 0.1136 0.3802
vn 0.9744 0.1136 0.1938
vn 0.8793 0.4429 -0.1749
vn 0.8966 0.4429 -0.0000
vn 0.8283 0.4429 -0.3431
vn 0.7455 0.4429 -0.4981
vn 0.6340 0.4429 -0.6340
vn 0.4981 0.4429 -0.7455
vn 0.3431 0.4429 -0.8283
vn 0.1749 0.4429 -0.8793
vn -0.0000 0.4429 -0.8966
vn -0.1749 0.4429 -0.8793
vn -0.3431 0.4429 -0.8283
vn -0.4981 0.4429 -0.7455
vn -0.6340 0.4429 -0.6340
vn -0.7455 0.4429 -0.4981
vn -0.8283 0.4429 -0.3431
vn -0.8793 0.4429 -0.1749
vn -0.8966 0.4429 -0.0000
vn -0.8793 0.4429 0.1749
vn -0.8283 0.4429 0.3431
vn -0.7455 0.4429 0.4981
vn -0.6340 0.4429 0.6340
vn -0.4981 0.4429 0.7455
vn -0.3431 0.4429 0.8283
vn -0.1749 0.4429 0.8793
vn -0.0000 0.4429 0.8966
vn 0.1749 0.4429 0.8793
vn 0.3431 0.4429 0.8283
vn 0.4981 0.4429 0.7455
vn 0.6340 0.4429 0.6340
vn 0.7455 0.4429 0.4981
vn 0.8283 0.4429 0.3431
vn 0.8793 0.4429 0.1749
vn 0.6375 0.7600 -0.1268
vn 0.6500 0.7600 -0.0000
vn 0.6005 0.7600 -0.2487
vn 0.5404 0.7599 -0.3611
vn 0.4596 0.7599 -0.4596
vn 0.3611 0.7599 -0.5404
vn 0.2487 0.7599 -0.6005
vn 0.1268 0.7599 -0.6375
vn -0.0000 0.7599 -0.6500
vn -0.1268 0.7599 -0.6375
vn -0.2487 0.7599 -0.6005
vn -0.3611 0.7599 -0.5404
vn -0.4596 0.7599 -0.4596
vn -0.5404 0.7599 -0.3611
vn -0.6005 0.7599 -0.2487
vn -0.6375 0.7600 -0.1268
vn -0.6500 0.7600 -0.0000
vn -0.6375 0.7600 0.1268
vn -0.6005 0.7600 0.2487
vn -0.5404 0.7600 0.3611
vn -0.4596 0.7600 0.4596
vn -0.3611 0.7600 0.5404
vn -0.2487 0.7600 0.6005
vn -0.1268 0.7600 0.6375
vn -0.0000 0.7600 0.6500
vn 0.1268 0.7600 0.6375
vn 0.2487 0.7600 0.6005
vn 0.3611 0.7600 0.5404
vn 0.4596 0.7600 0.4596
vn 0.5404 0.7600 0.3611
vn 0.6005 0.7600 0.2487
vn 0.6375 0.7600 0.1268
vn 0.4137 0.9067 -0.0823
vn 0.4218 0.9067 -0.0000
vn 0.3897 0.9067 -0.1614
vn 0.3507 0.9067 -0.2343
vn 0.2982 0.9067 -0.2982
vn 0.2343 0.9067 -0.3507
vn 0.1614 0.9067 -0.3897
vn 0.0823 0.9067 -0.4137
vn -0.0000 0.9067 -0.4218
vn -0.0823 0.9067 -0.4137
vn -0.1614 0.9067 -0.3897
vn -0.2343 0.9067 -0.3507
vn -0.2982 0.9067 -0.2982
vn -0.3507 0.9067 -0.2343
vn -0.3897 0.9067 -0.1614
vn -0.4137 0.9067 -0.0823
vn -0.4218 0.9067 -0.0000
vn -0.4137 0.9067 0.0823
vn -0.3897 0.9067 0.1614
vn -0.3507 0.9067 0.2343
vn -0.2982 0.9067 0.2982
vn -0.2343 0.9067 0.3507
vn -0.1614 0.9067 0.3897
vn -0.0823 0.9067 0.4137
vn -0.0000 0.9067 0.4218
vn 0.0823 0.9067 0.4137
vn 0.1614 0.9067 0.3897
vn 0.2343 0.9067 0.3507
vn 0.2982 0.9067 0.2982
vn 0.3507 0.9067 0.2343
vn 0.3897 0.9067 0.1614
vn 0.4137 0.9067 0.0823
vn 0.2690 0.9616 -0.0535
vn 0.2743 0.9616 -0.0000
vn 0.2534 0.9616 -0.1050
vn 0.2281 0.9616 -0.1524
vn 0.1940 0.9616 -0.1940
vn 0.1524 0.9616 -0.2281
vn 0.1050 0.9616 -0.2534
vn 0.0535 0.9616 -0.2690
vn -0.0000 0.9616 -0.2743
vn -0.0535 0.9616 -0.2690
vn -0.1050 0.9616 -0.2534
vn -0.1524 0.9616 -0.2281
vn -0.1940 0.9616 -0.1940
vn -0.2281 0.9616 -0.1524
vn -0.2534 0.9616 -0.1050
vn -0.2690 0.9616 -0.0535
vn -0.2743 0.9616 -0.0000
vn -0.2690 0.9616 0.0535
vn -0.2534 0.9616 0.1050
vn -0.2281 0.9616 0.1524
vn -0.1940 0.9616 0.1940
vn -0.1524 0.9616 0.2281
vn -0.1050 0.9616 0.2534
vn -0.0535 0.9616 0.2690
vn -0.0000 0.9616 0.2743
vn 0.0535 0.9616 0.2690
vn 0.1050 0.9616 0.2534
vn 0.1524 0.9616 0.2281
vn 0.1940 0.9616 0.1940
vn 0.2281 0.9616 0.1524
vn 0.2534 0.9616 0.1050
vn 0.2690 0.9616 0.0535
vn 0.1875 0.9815 -0.0373
vn 0.1912 0.9815 -0.0000
vn 0.1767 0.9815 -0.0732
vn 0.1590 0.9815 -0.1062
vn 0.1352 0.9815 -0.1352
vn 0.1062 0.9815 -0.1590
vn 0.0732 0.9815 -0.1767
vn 0.0373 0.9815 -0.1875
vn -0.0000 0.9815 -0.1912
vn -0.0373 0.9815 -0.1875
vn -0.0732 0.9815 -0.1767
vn -0.1062 0.9815 -0.1590
vn -0.1352 0.9815 -0.1352
vn -0.1590 0.9815 -0.1062
vn -0.1767 0.9815 -0.0732
vn -0.1875 0.9815 -0.0373
vn -0.1912 0.9815 -0.0000
vn -0.1875 0.9815 0.0373
vn -0.1767 0.9815 0.0732
vn -0.1590 0.9815 0.1062
vn -0.1352 0.9815 0.1352
vn -0.1062 0.9815 0.1590
vn -0.0732 0.9815 0.1767
vn -0.0373 0.9815 0.1875
vn -0.0000 0.9815 0.1912
vn 0.0373 0.9815 0.1875
vn 0.0732 0.9815 0.1767
vn 0.1062 0.9815 0.1590
vn 0.1352 0.9815 0.1352
vn 0.1590 0.9815 0.1062
vn 0.1767 0.9815 0.0732
vn 0.1875 0.9815 0.0373
vn 0.1506 0.9881 -0.0299
vn 0.1535 0.9881 -0.0000
vn 0.1418 0.9881 -0.0587
vn 0.1276 0.9881 -0.0853
vn 0.1085 0.9881 -0.1085
vn 0.0853 0.9881 -0.1276
vn 0.0587 0.9881 -0.1418
vn 0.0299 0.9881 -0.1506
vn -0.0000 0.9881 -0.1535
vn -0.0299 0.9881 -0.1506
vn -0.0587 0.9881 -0.1418
vn -0.0853 0.9881 -0.1276
vn -0.1085 0.9881 -0.1085
vn -0.1276 0.9881 -0.0853
vn -0.1418 0.9881 -0.0587
vn -0.1506 0.9881 -0.0299
vn -0.1535 0.9881 -0.0000
vn -0.1506 0.9881 0.0299
vn -0.1418 0.9881 0.0587
vn -0.1276 0.9881 0.0853
vn -0.1085 0.9881 0.1085
vn -0.0853 0.9881 0.1276
vn -0.0587 0.9881 0.1418
vn -0.0299 0.9881 0.1506
vn -0.0000 0.9881 0.1535
vn 0.0299 0.9881 0.1506
vn 0.0587 0.9881 0.1418
vn 0.0853 0.9881 0.1276
vn 0.1085 0.9881 0.1085
vn 0.1276 0.9881 0.0853
vn 0.1418 0.9881 0.0587
vn 0.1506 0.9881 0.0299
vn 0.1503 0.9882 -0.0299
vn 0.1533 0.9882 -0.0000
vn 0.1416 0.9882 -0.0587
vn 0.1275 0.9882 -0.0852
vn 0.1084 0.9882 -0.1084
vn 0.0852 0.9882 -0.1275
vn 0.0587 0.9882 -0.1416
vn 0.0299 0.9882 -0.1503
vn -0.0000 0.9882 -0.1533
vn -0.0299 0.9882 -0.1503
vn -0.0587 0.9882 -0.1416
vn -0.0852 0.9882 -0.1275
vn -0.1084 0.9882 -0.1084
vn -0.1275 0.9882 -0.0852
vn -0.1416 0.9882 -0.0587
vn -0.1503 0.9882 -0.0299
vn -0.1533 0.9882 -0.0000
vn -0.1503 0.9882 0.0299
vn -0.1416 0.9882 0.0587
vn -0.1275 0.9882 0.0852
vn -0.1084 0.9882 0.1084
vn -0.0852 0.9882 0.1275
vn -0.0587 0.9882 0.1416
vn -0.0299 0.9882 0.1503
vn -0.0000 0.9882 0.1533
vn 0.0299 0.9882 0.1503
vn 0.0587 0.9882 0.1416
vn 0.0852 0.9882 0.1275
vn 0.1084 0.9882 0.1084
vn 0.1275 0.9882 0.0852
vn 0.1416 0.9882 0.0587
vn 0.1503 0.9882 0.0299
vn 0.1903 0.9810 -0.0378
vn 0.1940 0.9810 -0.0000
vn 0.1792 0.9810 -0.0742
vn 0.1613 0.9810 -0.1078
vn 0.1372 0.9810 -0.1372
vn 0.1078 0.9810 -0.1613
vn 0.0742 0.9810 -0.1792
vn 0.0378 0.9810 -0.1903
vn -0.0000 0.9810 -0.1940
vn -0.0378 0.9810 -0.1903
vn -0.0742 0.9810 -0.1792
vn -0.1078 0.9810 -0.1613
vn -0.1372 0.9810 -0.1372
vn -0.1613 0.9810 -0.1078
vn -0.1792 0.9810 -0.0742
vn -0.1903 0.9810 -0.0378
vn -0.1940 0.9810 -0.0000
vn -0.1903 0.9810 0.0378
vn -0.1792 0.9810 0.0742
vn -0.1613 0.9810 0.1078
vn -0.1372 0.9810 0.1372
vn -0.1078 0.9810 0.1613
vn -0.0742 0.9810 0.1792
vn -0.0378 0.9810 0.1903
vn -0.0000 0.9810 0.1940
vn 0.0378 0.9810 0.1903
vn 0.0742 0.9810 0.1792
vn 0.1078 0.9810 0.1613
vn 0.1372 0.9810 0.1372
vn 0.1613 0.9810 0.1078
vn 0.1792 0.9810 0.0742
vn 0.1903 0.9810 0.0378
vn 0.2885 0.9558 -0.0574
vn 0.2942 0.9558 -0.0000
vn 0.2718 0.9558 -0.1126
vn 0.2446 0.9558 -0.1634
vn 0.2080 0.9558 -0.2080
vn 0.1634 0.9558 -0.2446
vn 0.1126 0.9558 -0.2718
vn 0.0574 0.9558 -0.2885
vn -0.0000 0.9558 -0.2942
vn -0.0574 0.9558 -0.2885
vn -0.1126 0.9558 -0.2718
vn -0.1634 0.9558 -0.2446
vn -0.2080 0.9558 -0.2080
vn -0.2446 0.9558 -0.1634
vn -0.2718 0.9558 -0.1126
vn -0.2885 0.9558 -0.0574
vn -0.2942 0.9558 -0.0000
vn -0.2885 0.9558 0.0574
vn -0.2718 0.9558 0.1126
vn -0.2446 0.9558 0.1634
vn -0.2080 0.9558 0.2080
vn -0.1634 0.9558 0.2446
vn -0.1126 0.9558 0.2718
vn -0.0574 0.9558 0.2885
vn -0.0000 0.9558 0.2942
vn 0.0574 0.9558 0.2885
vn 0.1126 0.9558 0.2718
vn 0.1634 0.9558 0.2446
vn 0.2080 0.9558 0.2080
vn 0.2446 0.9558 0.1634
vn 0.2718 0.9558 0.1126
vn 0.2885 0.9558 0.0574
vn 0.4864 0.8684 -0.0967
vn 0.4959 0.8684 -0.0000
vn 0.4582 0.8684 -0.1898
vn 0.4123 0.8684 -0.2755
vn 0.3507 0.8684 -0.3507
vn 0.2755 0.8684 -0.4123
vn 0.1898 0.8684 -0.4582
vn 0.0967 0.8684 -0.4864
vn -0.0000 0.8684 -0.4959
vn -0.0967 0.8684 -0.4864
vn -0.1898 0.8684 -0.4582
vn -0.2755 0.8684 -0.4123
vn -0.3507 0.8684 -0.3507
vn -0.4123 0.8684 -0.2755
vn -0.4582 0.8684 -0.1898
vn -0.4864 0.8684 -0.0967
vn -0.4959 0.8684 -0.0000
vn -0.4864 0.8684 0.0967
vn -0.4582 0.8684 0.1898
vn -0.4123 0.8684 0.2755
vn -0.3507 0.8684 0.3507
vn -0.2755 0.8684 0.4123
vn -0.1898 0.8684 0.4582
vn -0.0967 0.8684 0.4864
vn -0.0000 0.8684 0.4959
vn 0.0967 0.8684 0.4864
vn 0.1898 0.8684 0.4582
vn 0.2755 0.8684 0.4123
vn 0.3507 0.8684 0.3507
vn 0.4123 0.8684 0.2755
vn 0.4582 0.8684 0.1898
vn 0.4864 0.8684 0.0967
vn 0.6157 0.7784 -0.1225
vn 0.6278 0.7784 -0.0000
vn 0.5800 0.7784 -0.2402
vn 0.5220 0.7784 -0.3488
vn 0.4439 0.7784 -0.4439
vn 0.3488 0.7784 -0.5220
vn 0.2402 0.7784 -0.5800
vn 0.1225 0.7784 -0.6157
vn -0.0000 0.7784 -0.6278
vn -0.1225 0.7784 -0.6157
vn -0.2402 0.7784 -0.5800
vn -0.3488 0.7784 -0.5220
vn -0.4439 0.7784 -0.4439
vn -0.5220 0.7784 -0.3488
vn -0.5800 0.7784 -0.2402
vn -0.6157 0.7784 -0.1225
vn -0.6278 0.7784 -0.0000
vn -0.6157 0.7784 0.1225
vn -0.5800 0.7784 0.2402
vn -0.5220 0.7784 0.3488
vn -0.4439 0.7784 0.4439
vn -0.3488 0.7784 0.5220
vn -0.2402 0.7784 0.5800
vn -0.1225 0.7784 0.6157
vn -0.0000 0.7784 0.6278
vn 0.1225 0.7784 0.6157
vn 0.2402 0.7784 0.5800
vn 0.3488 0.7784 0.5220
vn 0.4439 0.7784 0.4439
vn 0.5220 0.7784 0.3488
vn 0.5800 0.7784 0.2402
vn 0.6157 0.7784 0.1225
vn 0.9451 0.3267 -0.0000
vn 0.9270 0.3267 -0.1844
vn 0.8732 0.3267 -0.3617
vn 0.7858 0.3267 -0.5251
vn 0.6683 0.3267 -0.6683
vn 0.5251 0.3267 -0.7858
vn 0.3617 0.3267 -0.8732
vn 0.1844 0.3267 -0.9270
vn -0.0000 0.3267 -0.9451
vn -0.1844 0.3267 -0.9270
vn -0.3617 0.3267 -0.8732
vn -0.5251 0.3267 -0.7858
vn -0.6683 0.3267 -0.6683
vn -0.7858 0.3267 -0.5251
vn -0.8732 0.3267 -0.3617
vn -0.9270 0.3267 -0.1844
vn -0.9451 0.3267 -0.0000
vn -0.9270 0.3267 0.1844
vn -0.8732 0.3267 0.3617
vn -0.7858 0.3267 0.5251
vn -0.6683 0.3267 0.6683
vn -0.5251 0.3267 0.7858
vn -0.3617 0.3267 0.8732
vn -0.1844 0.3267 0.9270
vn -0.0000 0.3267 0.9451
vn 0.1844 0.3267 0.9270
vn 0.3617 0.3267 0.8732
vn 0.5251 0.3267 0.7858
vn 0.6683 0.3267 0.6683
vn 0.7858 0.3267 0.5251
vn 0.8732 0.3267 0.3617
vn 0.9270 0.3267 0.1844
vn 0.9609 -0.2770 -0.0000
vn 0.9424 -0.2770 -0.1875
vn 0.8635 -0.4743 -0.1718
vn 0.8804 -0.4743 -0.0000
vn 0.8877 -0.2770 -0.3677
vn 0.8134 -0.4743 -0.3369
vn 0.7989 -0.2770 -0.5338
vn 0.7320 -0.4743 -0.4891
vn 0.6794 -0.2770 -0.6794
vn 0.6225 -0.4743 -0.6225
vn 0.5338 -0.2770 -0.7989
vn 0.4891 -0.4743 -0.7320
vn 0.3677 -0.2770 -0.8877
vn 0.3369 -0.4743 -0.8134
vn 0.1875 -0.2770 -0.9424
vn 0.1718 -0.4743 -0.8635
vn -0.0000 -0.2770 -0.9609
vn -0.0000 -0.4743 -0.8804
vn -0.1875 -0.2770 -0.9424
vn -0.1718 -0.4743 -0.8634
vn -0.3677 -0.2770 -0.8877
vn -0.3369 -0.4743 -0.8134
vn -0.5338 -0.2770 -0.7989
vn -0.4891 -0.4743 -0.7320
vn -0.6794 -0.2770 -0.6794
vn -0.6225 -0.4743 -0.6225
vn -0.7989 -0.2770 -0.5338
vn -0.7320 -0.4743 -0.4891
vn -0.8877 -0.2770 -0.3677
vn -0.8134 -0.4743 -0.3369
vn -0.9424 -0.2770 -0.1875
vn -0.8634 -0.4743 -0.1718
vn -0.9609 -0.2770 -0.0000
vn -0.8804 -0.4743 -0.0000
vn -0.9424 -0.2770 0.1875
vn -0.8635 -0.4743 0.1718
vn -0.8877 -0.2770 0.3677
vn -0.8134 -0.4743 0.3369
vn -0.7989 -0.2770 0.5338
vn -0.7320 -0.4743 0.4891
vn -0.6794 -0.2770 0.6794
vn -0.6225 -0.4743 0.6225
vn -0.5338 -0.2770 0.7989
vn -0.4891 -0.4743 0.7320
vn -0.3677 -0.2770 0.8877
vn -0.3369 -0.4743 0.8134
vn -0.1875 -0.2770 0.9424
vn -0.1718 -0.4743 0.8634
vn -0.0000 -0.2770 0.9609
vn -0.0000 -0.4743 0.8804
vn 0.1875 -0.2770 0.9424
vn 0.1718 -0.4743 0.8634
vn 0.3677 -0.2770 0.8877
vn 0.3369 -0.4743 0.8134
vn 0.5338 -0.2770 0.7989
vn 0.4891 -0.4743 0.7320
vn 0.6794 -0.2770 0.6794
vn 0.6225 -0.4743 0.6225
vn 0.7989 -0.2770 0.5338
vn 0.7320 -0.4743 0.4891
vn 0.8877 -0.2770 0.3677
vn 0.8134 -0.4743 0.3369
vn 0.9424 -0.2770 0.1875
vn 0.8634 -0.4743 0.1718
vn 0.6869 -0.7138 -0.1366
vn 0.7003 -0.7138 -0.0000
vn 0.6470 -0.7138 -0.2680
vn 0.5823 -0.7138 -0.3891
vn 0.4952 -0.7138 -0.4952
vn 0.3891 -0.7138 -0.5823
vn 0.2680 -0.7138 -0.6470
vn 0.1366 -0.7138 -0.6869
vn -0.0000 -0.7138 -0.7003
vn -0.1366 -0.7138 -0.6869
vn -0.2680 -0.7138 -0.6470
vn -0.3891 -0.7138 -0.5823
vn -0.4952 -0.7138 -0.4952
vn -0.5823 -0.7138 -0.3891
vn -0.6470 -0.7138 -0.2680
vn -0.6869 -0.7138 -0.1366
vn -0.7003 -0.7138 -0.0000
vn -0.6869 -0.7138 0.1366
vn -0.6470 -0.7138 0.2680
vn -0.5823 -0.7138 0.3891
vn -0.4952 -0.7138 0.4952
vn -0.3891 -0.7138 0.5823
vn -0.2680 -0.7138 0.6470
vn -0.1366 -0.7138 0.6869
vn -0.0000 -0.7138 0.7003
vn 0.1366 -0.7138 0.6869
vn 0.2680 -0.7138 0.6470
vn 0.3891 -0.7138 0.5823
vn 0.4952 -0.7138 0.4952
vn 0.5823 -0.7138 0.3891
vn 0.6470 -0.7138 0.2680
vn 0.6869 -0.7138 0.1366
vn 0.5905 -0.7984 -0.1175
vn 0.6021 -0.7984 -0.0000
vn 0.5563 -0.7984 -0.2304
vn 0.5006 -0.7984 -0.3345
vn 0.4258 -0.7984 -0.4258
vn 0.3345 -0.7984 -0.5006
vn 0.2304 -0.7984 -0.5563
vn 0.1175 -0.7984 -0.5905
vn -0.0000 -0.7984 -0.6021
vn -0.1175 -0.7984 -0.5905
vn -0.2304 -0.7984 -0.5563
vn -0.3345 -0.7984 -0.5006
vn -0.4258 -0.7984 -0.4258
vn -0.5006 -0.7984 -0.3345
vn -0.5563 -0.7984 -0.2304
vn -0.5905 -0.7984 -0.1175
vn -0.6021 -0.7984 -0.0000
vn -0.5905 -0.7984 0.1175
vn -0.5563 -0.7984 0.2304
vn -0.5006 -0.7984 0.3345
vn -0.4258 -0.7984 0.4258
vn -0.3345 -0.7984 0.5006
vn -0.2304 -0.7984 0.5563
vn -0.1175 -0.7984 0.5905
vn -0.0000 -0.7984 0.6021
vn 0.1175 -0.7984 0.5905
vn 0.2304 -0.7984 0.5563
vn 0.3345 -0.7984 0.5006
vn 0.4258 -0.7984 0.4258
vn 0.5006 -0.7984 0.3345
vn 0.5563 -0.7984 0.2304
vn 0.5905 -0.7984 0.1175
vn 0.5586 -0.8220 -0.1111
vn 0.5695 -0.8220 -0.0000
vn 0.5262 -0.8220 -0.2180
vn 0.4736 -0.8220 -0.3164
vn 0.4027 -0.8220 -0.4027
vn 0.3164 -0.8220 -0.4736
vn 0.2180 -0.8220 -0.5262
vn 0.1111 -0.8220 -0.5586
vn -0.0000 -0.8220 -0.5695
vn -0.1111 -0.8220 -0.5586
vn -0.2180 -0.8220 -0.5262
vn -0.3164 -0.8220 -0.4736
vn -0.4027 -0.8220 -0.4027
vn -0.4736 -0.8220 -0.3164
vn -0.5262 -0.8220 -0.2180
vn -0.5586 -0.8220 -0.1111
vn -0.5695 -0.8220 -0.0000
vn -0.5586 -0.8220 0.1111
vn -0.5262 -0.8220 0.2180
vn -0.4736 -0.8220 0.3164
vn -0.4027 -0.8220 0.4027
vn -0.3164 -0.8220 0.4736
vn -0.2180 -0.8220 0.5262
vn -0.1111 -0.8220 0.5586
vn -0.0000 -0.8220 0.5695
vn 0.1111 -0.8220 0.5586
vn 0.2180 -0.8220 0.5262
vn 0.3164 -0.8220 0.4736
vn 0.4027 -0.8220 0.4027
vn 0.4736 -0.8220 0.3164
vn 0.5262 -0.8220 0.2180
vn 0.5586 -0.8220 0.1111
vn 0.5687 -0.8147 -0.1131
vn 0.5799 -0.8147 -0.0000
vn 0.5357 -0.8147 -0.2219
vn 0.4822 -0.8147 -0.3222
vn 0.4100 -0.8147 -0.4100
vn 0.3222 -0.8147 -0.4822
vn 0.2219 -0.8147 -0.5357
vn 0.1131 -0.8147 -0.5687
vn -0.0000 -0.8147 -0.5799
vn -0.1131 -0.8147 -0.5687
vn -0.2219 -0.8147 -0.5357
vn -0.3222 -0.8147 -0.4822
vn -0.4100 -0.8147 -0.4100
vn -0.4822 -0.8147 -0.3222
vn -0.5357 -0.8147 -0.2219
vn -0.5687 -0.8147 -0.1131
vn -0.5799 -0.8147 -0.0000
vn -0.5687 -0.8147 0.1131
vn -0.5357 -0.8147 0.2219
vn -0.4822 -0.8147 0.3222
vn -0.4100 -0.8147 0.4100
vn -0.3222 -0.8147 0.4822
vn -0.2219 -0.8147 0.5357
vn -0.1131 -0.8147 0.5687
vn -0.0000 -0.8147 0.5799
vn 0.1131 -0.8147 0.5687
vn 0.2219 -0.8147 0.5357
vn 0.3222 -0.8147 0.4822
vn 0.4100 -0.8147 0.4100
vn 0.4822 -0.8147 0.3222
vn 0.5357 -0.8147 0.2219
vn 0.5687 -0.8147 0.1131
vn 0.6092 -0.7837 -0.1212
vn 0.6211 -0.7837 -0.0000
vn 0.5738 -0.7837 -0.2377
vn 0.5164 -0.7837 -0.3451
vn 0.4392 -0.7837 -0.4392
vn 0.3451 -0.7837 -0.5164
vn 0.2377 -0.7837 -0.5738
vn 0.1212 -0.7837 -0.6092
vn -0.0000 -0.7837 -0.6211
vn -0.1212 -0.7837 -0.6092
vn -0.2377 -0.7837 -0.5738
vn -0.3451 -0.7837 -0.5164
vn -0.4392 -0.7837 -0.4392
vn -0.5164 -0.7837 -0.3451
vn -0.5738 -0.7837 -0.2377
vn -0.6092 -0.7837 -0.1212
vn -0.6211 -0.7837 -0.0000
vn -0.6092 -0.7837 0.1212
vn -0.5738 -0.7837 0.2377
vn -0.5164 -0.7837 0.3451
vn -0.4392 -0.7837 0.4392
vn -0.3451 -0.7837 0.5164
vn -0.2377 -0.7837 0.5738
vn -0.1212 -0.7837 0.6092
vn -0.0000 -0.7837 0.6211
vn 0.1212 -0.7837 0.6092
vn 0.2377 -0.7837 0.5738
vn 0.3451 -0.7837 0.5164
vn 0.4392 -0.7837 0.4392
vn 0.5164 -0.7837 0.3451
vn 0.5738 -0.7837 0.2377
vn 0.6092 -0.7837 0.1212
vn 0.6728 -0.7276 -0.1338
vn 0.6860 -0.7276 -0.0000
vn 0.6338 -0.7276 -0.2625
vn 0.5704 -0.7276 -0.3811
vn 0.4851 -0.7276 -0.4851
vn 0.3811 -0.7276 -0.5704
vn 0.2625 -0.7276 -0.6338
vn 0.1338 -0.7276 -0.6728
vn -0.0000 -0.7276 -0.6860
vn -0.1338 -0.7276 -0.6728
vn -0.2625 -0.7276 -0.6338
vn -0.3811 -0.7276 -0.5704
vn -0.4851 -0.7276 -0.4851
vn -0.5704 -0.7276 -0.3811
vn -0.6338 -0.7276 -0.2625
vn -0.6728 -0.7276 -0.1338
vn -0.6860 -0.7276 -0.0000
vn -0.6728 -0.7276 0.1338
vn -0.6338 -0.7276 0.2625
vn -0.5704 -0.7276 0.3811
vn -0.4851 -0.7276 0.4851
vn -0.3811 -0.7276 0.5704
vn -0.2625 -0.7276 0.6338
vn -0.1338 -0.7276 0.6728
vn -0.0000 -0.7276 0.6860
vn 0.1338 -0.7276 0.6728
vn 0.2625 -0.7276 0.6338
vn 0.3811 -0.7276 0.5704
vn 0.4851 -0.7276 0.4851
vn 0.5704 -0.7276 0.3811
vn 0.6338 -0.7276 0.2625
vn 0.6728 -0.7276 0.1338
vn 0.7527 -0.6411 -0.1497
vn 0.7674 -0.6411 -0.0000
vn 0.7090 -0.6411 -0.2937
vn 0.6381 -0.6411 -0.4264
vn 0.5427 -0.6411 -0.5427
vn 0.4264 -0.6411 -0.6381
vn 0.2937 -0.6411 -0.7090
vn 0.1497 -0.6411 -0.7527
vn -0.0000 -0.6411 -0.7674
vn -0.1497 -0.6411 -0.7527
vn -0.2937 -0.6411 -0.7090
vn -0.4264 -0.6411 -0.6381
vn -0.5427 -0.6411 -0.5427
vn -0.6381 -0.6411 -0.4264
vn -0.7090 -0.6411 -0.2937
vn -0.7527 -0.6411 -0.1497
vn -0.7674 -0.6411 -0.0000
vn -0.7527 -0.6411 0.1497
vn -0.7090 -0.6411 0.2937
vn -0.6381 -0.6411 0.4264
vn -0.5427 -0.6411 0.5427
vn -0.4264 -0.6411 0.6381
vn -0.2937 -0.6411 0.7090
vn -0.1497 -0.6411 0.7527
vn -0.0000 -0.6411 0.7674
vn 0.1497 -0.6411 0.7527
vn 0.2937 -0.6411 0.7090
vn 0.4264 -0.6411 0.6381
vn 0.5427 -0.6411 0.5427
vn 0.6381 -0.6411 0.4264
vn 0.7090 -0.6411 0.2937
vn 0.7527 -0.6411 0.1497
vn 0.8379 -0.5197 -0.1667
vn 0.8544 -0.5197 -0.0000
vn 0.7893 -0.5197 -0.3270
vn 0.7104 -0.5197 -0.4747
vn 0.6041 -0.5197 -0.6041
vn 0.4747 -0.5197 -0.7104
vn 0.3270 -0.5197 -0.7893
vn 0.1667 -0.5197 -0.8379
vn -0.0000 -0.5197 -0.8544
vn -0.1667 -0.5197 -0.8379
vn -0.3270 -0.5197 -0.7893
vn -0.4747 -0.5197 -0.7104
vn -0.6041 -0.5197 -0.6041
vn -0.7104 -0.5197 -0.4747
vn -0.7893 -0.5197 -0.3270
vn -0.8379 -0.5197 -0.1667
vn -0.8544 -0.5197 -0.0000
vn -0.8379 -0.5197 0.1667
vn -0.7893 -0.5197 0.3270
vn -0.7104 -0.5197 0.4747
vn -0.6041 -0.5197 0.6041
vn -0.4747 -0.5197 0.7104
vn -0.3270 -0.5197 0.7893
vn -0.1667 -0.5197 0.8379
vn -0.0000 -0.5197 0.8544
vn 0.1667 -0.5197 0.8379
vn 0.3270 -0.5197 0.7893
vn 0.4747 -0.5197 0.7104
vn 0.6041 -0.5197 0.6041
vn 0.7104 -0.5197 0.4747
vn 0.7893 -0.5197 0.3270
vn 0.8379 -0.5197 0.1667
vn 0.9134 -0.3642 -0.1817
vn 0.9313 -0.3642 -0.0000
vn 0.8604 -0.3642 -0.3564
vn 0.7744 -0.3642 -0.5174
vn 0.6586 -0.3642 -0.6586
vn 0.5174 -0.3642 -0.7744
vn 0.3564 -0.3642 -0.8604
vn 0.1817 -0.3642 -0.9134
vn -0.0000 -0.3642 -0.9313
vn -0.1817 -0.3642 -0.9134
vn -0.3564 -0.3642 -0.8604
vn -0.5174 -0.3642 -0.7744
vn -0.6586 -0.3642 -0.6586
vn -0.7744 -0.3642 -0.5174
vn -0.8604 -0.3642 -0.3564
vn -0.9134 -0.3642 -0.1817
vn -0.9313 -0.3642 -0.0000
vn -0.9134 -0.3642 0.1817
vn -0.8604 -0.3642 0.3564
vn -0.7744 -0.3642 0.5174
vn -0.6586 -0.3642 0.6586
vn -0.5174 -0.3642 0.7744
vn -0.3564 -0.3642 0.8604
vn -0.1817 -0.3642 0.9134
vn -0.0000 -0.3642 0.9313
vn 0.1817 -0.3642 0.9134
vn 0.3564 -0.3642 0.8604
vn 0.5174 -0.3642 0.7744
vn 0.6586 -0.3642 0.6586
vn 0.7744 -0.3642 0.5174
vn 0.8604 -0.3642 0.3564
vn 0.9134 -0.3642 0.1817
vn 0.9637 -0.1858 -0.1917
vn 0.9826 -0.1858 -0.0000
vn 0.9078 -0.1858 -0.3760
vn 0.8170 -0.1858 -0.5459
vn 0.6948 -0.1858 -0.6948
vn 0.5459 -0.1858 -0.8170
vn 0.3760 -0.1858 -0.9078
vn 0.1917 -0.1858 -0.9637
vn -0.0000 -0.1858 -0.9826
vn -0.1917 -0.1858 -0.9637
vn -0.3760 -0.1858 -0.9078
vn -0.5459 -0.1858 -0.8170
vn -0.6948 -0.1858 -0.6948
vn -0.8170 -0.1858 -0.5459
vn -0.9078 -0.1858 -0.3760
vn -0.9637 -0.1858 -0.1917
vn -0.9826 -0.1858 -0.0000
vn -0.9637 -0.1858 0.1917
vn -0.9078 -0.1858 0.3760
vn -0.8170 -0.1858 0.5459
vn -0.6948 -0.1858 0.6948
vn -0.5459 -0.1858 0.8170
vn -0.3760 -0.1858 0.9078
vn -0.1917 -0.1858 0.9637
vn -0.0000 -0.1858 0.9826
vn 0.1917 -0.1858 0.9637
vn 0.3760 -0.1858 0.9078
vn 0.5459 -0.1858 0.8170
vn 0.6948 -0.1858 0.6948
vn 0.8170 -0.1858 0.5459
vn 0.9078 -0.1858 0.3760
vn 0.9637 -0.1858 0.1917
vn 0.9805 0.0239 -0.1950
vn 0.9997 0.0239 -0.0000
vn 0.9236 0.0239 -0.3826
vn 0.8312 0.0239 -0.5554
vn 0.7069 0.0239 -0.7069
vn 0.5554 0.0239 -0.8312
vn 0.3826 0.0239 -0.9236
vn 0.1950 0.0239 -0.9805
vn -0.0000 0.0239 -0.9997
vn -0.1950 0.0239 -0.9805
vn -0.3826 0.0239 -0.9236
vn -0.5554 0.0239 -0.8312
vn -0.7069 0.0239 -0.7069
vn -0.8312 0.0239 -0.5554
vn -0.9236 0.0239 -0.3826
vn -0.9805 0.0239 -0.1950
vn -0.9997 0.0239 -0.0000
vn -0.9805 0.0239 0.1950
vn -0.9236 0.0239 0.3826
vn -0.8312 0.0239 0.5554
vn -0.7069 0.0239 0.7069
vn -0.5554 0.0239 0.8312
vn -0.3826 0.0239 0.9236
vn -0.1950 0.0239 0.9805
vn -0.0000 0.0239 0.9997
vn 0.1950 0.0239 0.9805
vn 0.3826 0.0239 0.9236
vn 0.5554 0.0239 0.8312
vn 0.7069 0.0239 0.7069
vn 0.8312 0.0239 0.5554
vn 0.9236 0.0239 0.3826
vn 0.9805 0.0239 0.1950
vn 0.9499 0.2489 -0.1890
vn 0.9685 0.2489 -0.0000
vn 0.8948 0.2489 -0.3706
vn 0.8053 0.2489 -0.5381
vn 0.6849 0.2489 -0.6849
vn 0.5381 0.2489 -0.8053
vn 0.3706 0.2489 -0.8948
vn 0.1890 0.2489 -0.9499
vn -0.0000 0.2489 -0.9685
vn -0.1890 0.2489 -0.9499
vn -0.3706 0.2489 -0.8948
vn -0.5381 0.2489 -0.8053
vn -0.6849 0.2489 -0.6849
vn -0.8053 0.2489 -0.5381
vn -0.8948 0.2489 -0.3706
vn -0.9499 0.2489 -0.1890
vn -0.9685 0.2489 -0.0000
vn -0.9499 0.2489 0.1890
vn -0.8948 0.2489 0.3706
vn -0.8053 0.2489 0.5381
vn -0.6849 0.2489 0.6849
vn -0.5381 0.2489 0.8053
vn -0.3706 0.2489 0.8948
vn -0.1890 0.2489 0.9499
vn -0.0000 0.2489 0.9685
vn 0.1890 0.2489 0.9499
vn 0.3706 0.2489 0.8948
vn 0.5381 0.2489 0.8053
vn 0.6849 0.2489 0.6849
vn 0.8053 0.2489 0.5381
vn 0.8948 0.2489 0.3706
vn 0.9499 0.2489 0.1890
vn 0.8893 0.4216 -0.1769
vn 0.9068 0.4216 -0.0000
vn 0.8377 0.4216 -0.3470
vn 0.7540 0.4216 -0.5038
vn 0.6412 0.4216 -0.6412
vn 0.5038 0.4216 -0.7540
vn 0.3470 0.4216 -0.8377
vn 0.1769 0.4216 -0.8893
vn -0.0000 0.4216 -0.9068
vn -0.1769 0.4216 -0.8893
vn -0.3470 0.4216 -0.8377
vn -0.5038 0.4216 -0.7540
vn -0.6412 0.4216 -0.6412
vn -0.7540 0.4216 -0.5038
vn -0.8377 0.4216 -0.3470
vn -0.8893 0.4216 -0.1769
vn -0.9068 0.4216 -0.0000
vn -0.8893 0.4216 0.1769
vn -0.8377 0.4216 0.3470
vn -0.7540 0.4216 0.5038
vn -0.6412 0.4216 0.6412
vn -0.5038 0.4216 0.7540
vn -0.3470 0.4216 0.8377
vn -0.1769 0.4216 0.8893
vn -0.0000 0.4216 0.9068
vn 0.1769 0.4216 0.8893
vn 0.3470 0.4216 0.8377
vn 0.5038 0.4216 0.7540
vn 0.6412 0.4216 0.6412
vn 0.7540 0.4216 0.5038
vn 0.8377 0.4216 0.3470
vn 0.8893 0.4216 0.1769
vn 0.8348 0.5250 -0.1660
vn 0.8511 0.5250 -0.0000
vn 0.7863 0.5250 -0.3257
vn 0.7077 0.5250 -0.4728
vn 0.6018 0.5250 -0.6018
vn 0.4728 0.5250 -0.7077
vn 0.3257 0.5250 -0.7863
vn 0.1660 0.5250 -0.8348
vn -0.0000 0.5250 -0.8511
vn -0.1660 0.5250 -0.8348
vn -0.3257 0.5250 -0.7863
vn -0.4728 0.5250 -0.7077
vn -0.6018 0.5250 -0.6018
vn -0.7077 0.5250 -0.4728
vn -0.7863 0.5250 -0.3257
vn -0.8348 0.5250 -0.1660
vn -0.8511 0.5250 -0.0000
vn -0.8348 0.5250 0.1660
vn -0.7863 0.5250 0.3257
vn -0.7077 0.5250 0.4728
vn -0.6018 0.5250 0.6018
vn -0.4728 0.5250 0.7077
vn -0.3257 0.5250 0.7863
vn -0.1660 0.5250 0.8348
vn -0.0000 0.5250 0.8511
vn 0.1660 0.5250 0.8348
vn 0.3257 0.5250 0.7863
vn 0.4728 0.5250 0.7077
vn 0.6018 0.5250 0.6018
vn 0.7077 0.5250 0.4728
vn 0.7863 0.5250 0.3257
vn 0.8348 0.5250 0.1660
vn 0.7961 0.5841 -0.1583
vn 0.8116 0.5841 -0.0000
vn 0.7499 0.5841 -0.3106
vn 0.6749 0.5841 -0.4509
vn 0.5739 0.5841 -0.5739
vn 0.4509 0.5841 -0.6749
vn 0.3106 0.5841 -0.7499
vn 0.1583 0.5841 -0.7961
vn -0.0000 0.5841 -0.8116
vn -0.1583 0.5841 -0.7961
vn -0.3106 0.5841 -0.7499
vn -0.4509 0.5841 -0.6749
vn -0.5739 0.5841 -0.5739
vn -0.6749 0.5841 -0.4509
vn -0.7499 0.5841 -0.3106
vn -0.7961 0.5841 -0.1583
vn -0.8116 0.5841 -0.0000
vn -0.7961 0.5841 0.1583
vn -0.7499 0.5841 0.3106
vn -0.6749 0.5841 0.4509
vn -0.5739 0.5841 0.5739
vn -0.4509 0.5841 0.6749
vn -0.3106 0.5841 0.7499
vn -0.1583 0.5841 0.7961
vn -0.0000 0.5841 0.8116
vn 0.1583 0.5841 0.7961
vn 0.3106 0.5841 0.7499
vn 0.4509 0.5841 0.6749
vn 0.5739 0.5841 0.5739
vn 0.6749 0.5841 0.4509
vn 0.7499 0.5841 0.3106
vn 0.7961 0.5841 0.1583
vn 0.7738 0.6145 -0.1539
vn 0.7890 0.6145 -0.0000
vn 0.7289 0.6145 -0.3019
vn 0.6560 0.6145 -0.4383
vn 0.5579 0.6145 -0.5579
vn 0.4383 0.6145 -0.6560
vn 0.3019 0.6145 -0.7289
vn 0.1539 0.6145 -0.7738
vn -0.0000 0.6145 -0.7890
vn -0.1539 0.6145 -0.7738
vn -0.3019 0.6145 -0.7289
vn -0.4383 0.6145 -0.6560
vn -0.5579 0.6145 -0.5579
vn -0.6560 0.6145 -0.4383
vn -0.7289 0.6145 -0.3019
vn -0.7738 0.6145 -0.1539
vn -0.7890 0.6145 -0.0000
vn -0.7738 0.6145 0.1539
vn -0.7289 0.6145 0.3019
vn -0.6560 0.6145 0.4383
vn -0.5579 0.6145 0.5579
vn -0.4383 0.6145 0.6560
vn -0.3019 0.6145 0.7289
vn -0.1539 0.6145 0.7738
vn -0.0000 0.6145 0.7890
vn 0.1539 0.6145 0.7738
vn 0.3019 0.6145 0.7289
vn 0.4383 0.6145 0.6560
vn 0.5579 0.6145 0.5579
vn 0.6560 0.6145 0.4383
vn 0.7289 0.6145 0.3019
vn 0.7738 0.6145 0.1539
vn 0.7668 0.6235 -0.1525
vn 0.7818 0.6235 -0.0000
vn 0.7223 0.6235 -0.2992
vn 0.6501 0.6235 -0.4344
vn 0.5529 0.6235 -0.5529
vn 0.4344 0.6235 -0.6501
vn 0.2992 0.6235 -0.7223
vn 0.1525 0.6235 -0.7668
vn -0.0000 0.6235 -0.7818
vn -0.1525 0.6235 -0.7668
vn -0.2992 0.6235 -0.7223
vn -0.4344 0.6235 -0.6501
vn -0.5529 0.6235 -0.5529
vn -0.6501 0.6235 -0.4344
vn -0.7223 0.6235 -0.2992
vn -0.7668 0.6235 -0.1525
vn -0.7818 0.6235 -0.0000
vn -0.7668 0.6235 0.1525
vn -0.7223 0.6235 0.2992
vn -0.6501 0.6235 0.4344
vn -0.5529 0.6235 0.5529
vn -0.4344 0.6235 0.6501
vn -0.2992 0.6235 0.7223
vn -0.1525 0.6235 0.7668
vn -0.0000 0.6235 0.7818
vn 0.1525 0.6235 0.7668
vn 0.2992 0.6235 0.7223
vn 0.4344 0.6235 0.6501
vn 0.5529 0.6235 0.5529
vn 0.6501 0.6235 0.4344
vn 0.7223 0.6235 0.2992
vn 0.7668 0.6235 0.1525
vn 0.7745 0.6135 -0.1541
vn 0.7897 0.6135 -0.0000
vn 0.7296 0.6135 -0.3022
vn 0.6566 0.6135 -0.4387
vn 0.5584 0.6135 -0.5584
vn 0.4387 0.6135 -0.6566
vn 0.3022 0.6135 -0.7296
vn 0.1541 0.6135 -0.7745
vn -0.0000 0.6135 -0.7897
vn -0.1541 0.6135 -0.7745
vn -0.3022 0.6135 -0.7296
vn -0.4387 0.6135 -0.6566
vn -0.5584 0.6135 -0.5584
vn -0.6566 0.6135 -0.4387
vn -0.7296 0.6135 -0.3022
vn -0.7745 0.6135 -0.1541
vn -0.7897 0.6135 -0.0000
vn -0.7745 0.6135 0.1541
vn -0.7296 0.6135 0.3022
vn -0.6566 0.6135 0.4387
vn -0.5584 0.6135 0.5584
vn -0.4387 0.6135 0.6566
vn -0.3022 0.6135 0.7296
vn -0.1541 0.6135 0.7745
vn -0.0000 0.6135 0.7897
vn 0.1541 0.6135 0.7745
vn 0.3022 0.6135 0.7296
vn 0.4387 0.6135 0.6566
vn 0.5584 0.6135 0.5584
vn 0.6566 0.6135 0.4387
vn 0.7296 0.6135 0.3022
vn 0.7745 0.6135 0.1541
vn 0.7971 0.5826 -0.1586
vn 0.8128 0.5826 -0.0000
vn 0.7509 0.5826 -0.3110
vn 0.6758 0.5826 -0.4515
vn 0.5747 0.5826 -0.5747
vn 0.4515 0.5826 -0.6758
vn 0.3110 0.5826 -0.7509
vn 0.1586 0.5826 -0.7971
vn -0.0000 0.5826 -0.8128
vn -0.1586 0.5826 -0.7971
vn -0.3110 0.5826 -0.7509
vn -0.4515 0.5826 -0.6758
vn -0.5747 0.5826 -0.5747
vn -0.6758 0.5826 -0.4515
vn -0.7509 0.5826 -0.3110
vn -0.7971 0.5826 -0.1586
vn -0.8128 0.5826 -0.0000
vn -0.7971 0.5826 0.1586
vn -0.7509 0.5826 0.3110
vn -0.6758 0.5826 0.4515
vn -0.5747 0.5826 0.5747
vn -0.4515 0.5826 0.6758
vn -0.3110 0.5826 0.7509
vn -0.1586 0.5826 0.7971
vn -0.0000 0.5826 0.8128
vn 0.1586 0.5826 0.7971
vn 0.3110 0.5826 0.7509
vn 0.4515 0.5826 0.6758
vn 0.5747 0.5826 0.5747
vn 0.6758 0.5826 0.4515
vn 0.7509 0.5826 0.3110
vn 0.7971 0.5826 0.1586
vn 0.8354 0.5240 -0.1662
vn 0.8517 0.5240 -0.0000
vn 0.7869 0.5240 -0.3259
vn 0.7082 0.5240 -0.4732
vn 0.6023 0.5240 -0.6023
vn 0.4732 0.5240 -0.7082
vn 0.3259 0.5240 -0.7869
vn 0.1662 0.5240 -0.8354
vn -0.0000 0.5240 -0.8517
vn -0.1662 0.5240 -0.8354
vn -0.3259 0.5240 -0.7869
vn -0.4732 0.5240 -0.7082
vn -0.6023 0.5240 -0.6023
vn -0.7082 0.5240 -0.4732
vn -0.7869 0.5240 -0.3259
vn -0.8354 0.5240 -0.1662
vn -0.8517 0.5240 -0.0000
vn -0.8354 0.5240 0.1662
vn -0.7869 0.5240 0.3259
vn -0.7082 0.5240 0.4732
vn -0.6023 0.5240 0.6023
vn -0.4732 0.5240 0.7082
vn -0.3259 0.5240 0.7869
vn -0.1662 0.5240 0.8354
vn -0.0000 0.5240 0.8517
vn 0.1662 0.5240 0.8354
vn 0.3259 0.5240 0.7869
vn 0.4732 0.5240 0.7082
vn 0.6023 0.5240 0.6023
vn 0.7082 0.5240 0.4732
vn 0.7869 0.5240 0.3259
vn 0.8354 0.5240 0.1662
vn 0.8883 0.4238 -0.1767
vn 0.9058 0.4238 -0.0000
vn 0.8368 0.4238 -0.3466
vn 0.7531 0.4238 -0.5032
vn 0.6405 0.4238 -0.6405
vn 0.5032 0.4238 -0.7531
vn 0.3466 0.4238 -0.8368
vn 0.1767 0.4238 -0.8883
vn -0.0000 0.4238 -0.9058
vn -0.1767 0.4238 -0.8883
vn -0.3466 0.4238 -0.8368
vn -0.5032 0.4238 -0.7531
vn -0.6405 0.4238 -0.6405
vn -0.7531 0.4238 -0.5032
vn -0.8368 0.4238 -0.3466
vn -0.8883 0.4238 -0.1767
vn -0.9058 0.4238 -0.0000
vn -0.8883 0.4238 0.1767
vn -0.8368 0.4238 0.3466
vn -0.7531 0.4238 0.5032
vn -0.6405 0.4238 0.6405
vn -0.5032 0.4238 0.7531
vn -0.3466 0.4238 0.8368
vn -0.1767 0.4238 0.8883
vn -0.0000 0.4238 0.9058
vn 0.1767 0.4238 0.8883
vn 0.3466 0.4238 0.8368
vn 0.5032 0.4238 0.7531
vn 0.6405 0.4238 0.6405
vn 0.7531 0.4238 0.5032
vn 0.8368 0.4238 0.3466
vn 0.8883 0.4238 0.1767
vn 0.9471 0.2600 -0.1884
vn 0.9656 0.2600 -0.0000
vn 0.8921 0.2600 -0.3695
vn 0.8029 0.2600 -0.5365
vn 0.6828 0.2600 -0.6828
vn 0.5365 0.2600 -0.8029
vn 0.3695 0.2600 -0.8921
vn 0.1884 0.2600 -0.9471
vn -0.0000 0.2600 -0.9656
vn -0.1884 0.2600 -0.9471
vn -0.3695 0.2600 -0.8921
vn -0.5365 0.2600 -0.8029
vn -0.6828 0.2600 -0.6828
vn -0.8029 0.2600 -0.5365
vn -0.8921 0.2600 -0.3695
vn -0.9471 0.2600 -0.1884
vn -0.9656 0.2600 -0.0000
vn -0.9471 0.2600 0.1884
vn -0.8921 0.2600 0.3695
vn -0.8029 0.2600 0.5365
vn -0.6828 0.2600 0.6828
vn -0.5365 0.2600 0.8029
vn -0.3695 0.2600 0.8921
vn -0.1884 0.2600 0.9471
vn -0.0000 0.2600 0.9656
vn 0.1884 0.2600 0.9471
vn 0.3695 0.2600 0.8921
vn 0.5365 0.2600 0.8029
vn 0.6828 0.2600 0.6828
vn 0.8029 0.2600 0.5365
vn 0.8921 0.2600 0.3695
vn 0.9471 0.2600 0.1884
vn 0.9763 0.0957 -0.1942
vn 0.9954 0.0957 -0.0000
vn 0.9196 0.0957 -0.3809
vn 0.8277 0.0957 -0.5530
vn 0.7039 0.0957 -0.7039
vn 0.5530 0.0957 -0.8277
vn 0.3809 0.0957 -0.9196
vn 0.1942 0.0957 -0.9763
vn -0.0000 0.0957 -0.9954
vn -0.1942 0.0957 -0.9763
vn -0.3809 0.0957 -0.9196
vn -0.5530 0.0957 -0.8277
vn -0.7039 0.0957 -0.7039
vn -0.8277 0.0957 -0.5530
vn -0.9196 0.0957 -0.3809
vn -0.9763 0.0957 -0.1942
vn -0.9954 0.0957 -0.0000
vn -0.9763 0.0957 0.1942
vn -0.9196 0.0957 0.3809
vn -0.8277 0.0957 0.5530
vn -0.7039 0.0957 0.7039
vn -0.5530 0.0957 0.8277
vn -0.3809 0.0957 0.9196
vn -0.1942 0.0957 0.9763
vn -0.0000 0.0957 0.9954
vn 0.1942 0.0957 0.9763
vn 0.3809 0.0957 0.9196
vn 0.5530 0.0957 0.8277
vn 0.7039 0.0957 0.7039
vn 0.8277 0.0957 0.5530
vn 0.9196 0.0957 0.3809
vn 0.9763 0.0957 0.1942
vn 0.9795 0.0503 -0.1948
vn 0.9987 0.0503 -0.0000
vn 0.9227 0.0503 -0.3822
vn 0.8304 0.0503 -0.5549
vn 0.7062 0.0503 -0.7062
vn 0.5549 0.0503 -0.8304
vn 0.3822 0.0503 -0.9227
vn 0.1948 0.0503 -0.9795
vn -0.0000 0.0503 -0.9987
vn -0.1948 0.0503 -0.9795
vn -0.3822 0.0503 -0.9227
vn -0.5549 0.0503 -0.8304
vn -0.7062 0.0503 -0.7062
vn -0.8304 0.0503 -0.5549
vn -0.9227 0.0503 -0.3822
vn -0.9795 0.0503 -0.1948
vn -0.9987 0.0503 -0.0000
vn -0.9795 0.0503 0.1948
vn -0.9227 0.0503 0.3822
vn -0.8304 0.0503 0.5549
vn -0.7062 0.0503 0.7062
vn -0.5549 0.0503 0.8304
vn -0.3822 0.0503 0.9227
vn -0.1948 0.0503 0.9795
vn -0.0000 0.0503 0.9987
vn 0.1948 0.0503 0.9795
vn 0.3822 0.0503 0.9227
vn 0.5549 0.0503 0.8304
vn 0.7062 0.0503 0.7062
vn 0.8304 0.0503 0.5549
vn 0.9227 0.0503 0.3822
vn 0.9795 0.0503 0.1948
vn 0.9767 0.0911 -0.1943
vn 0.9958 0.0911 -0.0000
vn 0.9200 0.0911 -0.3811
vn 0.8280 0.0911 -0.5533
vn 0.7042 0.0911 -0.7042
vn 0.5533 0.0911 -0.8280
vn 0.3811 0.0911 -0.9200
vn 0.1943 0.0911 -0.9767
vn -0.0000 0.0911 -0.9958
vn -0.1943 0.0911 -0.9767
vn -0.3811 0.0911 -0.9200
vn -0.5533 0.0911 -0.8280
vn -0.7042 0.0911 -0.7042
vn -0.8280 0.0911 -0.5533
vn -0.9200 0.0911 -0.3811
vn -0.9767 0.0911 -0.1943
vn -0.9958 0.0911 -0.0000
vn -0.9767 0.0911 0.1943
vn -0.9200 0.0911 0.3811
vn -0.8280 0.0911 0.5533
vn -0.7042 0.0911 0.7042
vn -0.5533 0.0911 0.8280
vn -0.3811 0.0911 0.9200
vn -0.1943 0.0911 0.9767
vn -0.0000 0.0911 0.9958
vn 0.1943 0.0911 0.9767
vn 0.3811 0.0911 0.9200
vn 0.5533 0.0911 0.8280
vn 0.7042 0.0911 0.7042
vn 0.8280 0.0911 0.5533
vn 0.9200 0.0911 0.3811
vn 0.9767 0.0911 0.1943
vn 0.9689 0.1552 -0.1927
vn 0.9879 0.1552 -0.0000
vn 0.9127 0.1552 -0.3780
vn 0.8214 0.1552 -0.5488
vn 0.6985 0.1552 -0.6985
vn 0.5488 0.1552 -0.8214
vn 0.3780 0.1552 -0.9127
vn 0.1927 0.1552 -0.9689
vn -0.0000 0.1552 -0.9879
vn -0.1927 0.1552 -0.9689
vn -0.3780 0.1552 -0.9127
vn -0.5488 0.1552 -0.8214
vn -0.6985 0.1552 -0.6985
vn -0.8214 0.1552 -0.5488
vn -0.9127 0.1552 -0.3780
vn -0.9689 0.1552 -0.1927
vn -0.9879 0.1552 -0.0000
vn -0.9689 0.1552 0.1927
vn -0.9127 0.1552 0.3780
vn -0.8214 0.1552 0.5488
vn -0.6985 0.1552 0.6985
vn -0.5488 0.1552 0.8214
vn -0.3780 0.1552 0.9127
vn -0.1927 0.1552 0.9689
vn -0.0000 0.1552 0.9879
vn 0.1927 0.1552 0.9689
vn 0.3780 0.1552 0.9127
vn 0.5488 0.1552 0.8214
vn 0.6985 0.1552 0.6985
vn 0.8214 0.1552 0.5488
vn 0.9127 0.1552 0.3780
vn 0.9689 0.1552 0.1927
vn 0.9482 0.2556 -0.1886
vn 0.9668 0.2556 -0.0000
vn 0.8932 0.2556 -0.3700
vn 0.8038 0.2556 -0.5371
vn 0.6836 0.2556 -0.6836
vn 0.5371 0.2556 -0.8038
vn 0.3700 0.2556 -0.8932
vn 0.1886 0.2556 -0.9482
vn -0.0000 0.2556 -0.9668
vn -0.1886 0.2556 -0.9482
vn -0.3700 0.2556 -0.8932
vn -0.5371 0.2556 -0.8038
vn -0.6836 0.2556 -0.6836
vn -0.8038 0.2556 -0.5371
vn -0.8932 0.2556 -0.3700
vn -0.9482 0.2556 -0.1886
vn -0.9668 0.2556 -0.0000
vn -0.9482 0.2556 0.1886
vn -0.8932 0.2556 0.3700
vn -0.8038 0.2556 0.5371
vn -0.6836 0.2556 0.6836
vn -0.5371 0.2556 0.8038
vn -0.3700 0.2556 0.8932
vn -0.1886 0.2556 0.9482
vn -0.0000 0.2556 0.9668
vn 0.1886 0.2556 0.9482
vn 0.3700 0.2556 0.8932
vn 0.5371 0.2556 0.8038
vn 0.6836 0.2556 0.6836
vn 0.8038 0.2556 0.5371
vn 0.8932 0.2556 0.3700
vn 0.9482 0.2556 0.1886
vn 0.8957 0.4075 -0.1782
vn 0.9132 0.4075 -0.0000
vn 0.8437 0.4075 -0.3495
vn 0.7593 0.4075 -0.5073
vn 0.6457 0.4075 -0.6457
vn 0.5073 0.4075 -0.7593
vn 0.3495 0.4075 -0.8437
vn 0.1782 0.4075 -0.8957
vn -0.0000 0.4075 -0.9132
vn -0.1782 0.4075 -0.8957
vn -0.3495 0.4075 -0.8437
vn -0.5073 0.4075 -0.7593
vn -0.6457 0.4075 -0.6457
vn -0.7593 0.4075 -0.5073
vn -0.8437 0.4075 -0.3495
vn -0.8957 0.4075 -0.1782
vn -0.9132 0.4075 -0.0000
vn -0.8957 0.4075 0.1782
vn -0.8437 0.4075 0.3495
vn -0.7593 0.4075 0.5073
vn -0.6457 0.4075 0.6457
vn -0.5073 0.4075 0.7593
vn -0.3495 0.4075 0.8437
vn -0.1782 0.4075 0.8957
vn -0.0000 0.4075 0.9132
vn 0.1782 0.4075 0.8957
vn 0.3495 0.4075 0.8437
vn 0.5073 0.4075 0.7593
vn 0.6457 0.4075 0.6457
vn 0.7593 0.4075 0.5073
vn 0.8437 0.4075 0.3495
vn 0.8957 0.4075 0.1782
vn 0.7773 0.6099 -0.1546
vn 0.7925 0.6099 -0.0000
vn 0.7322 0.6099 -0.3033
vn 0.6589 0.6099 -0.4403
vn 0.5604 0.6099 -0.5604
vn 0.4403 0.6099 -0.6589
vn 0.3033 0.6099 -0.7322
vn 0.1546 0.6099 -0.7773
vn -0.0000 0.6099 -0.7925
vn -0.1546 0.6099 -0.7773
vn -0.3033 0.6099 -0.7322
vn -0.4403 0.6099 -0.6589
vn -0.5604 0.6099 -0.5604
vn -0.6589 0.6099 -0.4403
vn -0.7322 0.6099 -0.3033
vn -0.7773 0.6099 -0.1546
vn -0.7925 0.6099 -0.0000
vn -0.7773 0.6099 0.1546
vn -0.7322 0.6099 0.3033
vn -0.6589 0.6099 0.4403
vn -0.5604 0.6099 0.5604
vn -0.4403 0.6099 0.6589
vn -0.3033 0.6099 0.7322
vn -0.1546 0.6099 0.7773
vn -0.0000 0.6099 0.7925
vn 0.1546 0.6099 0.7773
vn 0.3033 0.6099 0.7322
vn 0.4403 0.6099 0.6589
vn 0.5604 0.6099 0.5604
vn 0.6589 0.6099 0.4403
vn 0.7322 0.6099 0.3033
vn 0.7773 0.6099 0.1546
vn 0.5717 0.8125 -0.1137
vn 0.5829 0.8125 -0.0000
vn 0.5386 0.8125 -0.2231
vn 0.4847 0.8125 -0.3239
vn 0.4122 0.8125 -0.4122
vn 0.3239 0.8125 -0.4847
vn 0.2231 0.8125 -0.5386
vn 0.1137 0.8125 -0.5717
vn -0.0000 0.8125 -0.5829
vn -0.1137 0.8125 -0.5717
vn -0.2231 0.8125 -0.5386
vn -0.3239 0.8125 -0.4847
vn -0.4122 0.8125 -0.4122
vn -0.4847 0.8125 -0.3239
vn -0.5386 0.8125 -0.2231
vn -0.5717 0.8125 -0.1137
vn -0.5829 0.8125 -0.0000
vn -0.5717 0.8125 0.1137
vn -0.5386 0.8125 0.2231
vn -0.4847 0.8125 0.3239
vn -0.4122 0.8125 0.4122
vn -0.3239 0.8125 0.4847
vn -0.2231 0.8125 0.5386
vn -0.1137 0.8125 0.5717
vn -0.0000 0.8125 0.5829
vn 0.1137 0.8125 0.5717
vn 0.2231 0.8125 0.5386
vn 0.3239 0.8125 0.4847
vn 0.4122 0.8125 0.4122
vn 0.4847 0.8125 0.3239
vn 0.5386 0.8125 0.2231
vn 0.5717 0.8125 0.1137
vn 0.3284 0.9423 -0.0653
vn 0.3348 0.9423 -0.0000
vn 0.3094 0.9423 -0.1281
vn 0.2784 0.9423 -0.1860
vn 0.2368 0.9423 -0.2368
vn 0.1860 0.9423 -0.2784
vn 0.1281 0.9423 -0.3094
vn 0.0653 0.9423 -0.3284
vn -0.0000 0.9423 -0.3348
vn -0.0653 0.9423 -0.3284
vn -0.1281 0.9423 -0.3094
vn -0.1860 0.9423 -0.2784
vn -0.2368 0.9423 -0.2368
vn -0.2784 0.9423 -0.1860
vn -0.3094 0.9423 -0.1281
vn -0.3284 0.9423 -0.0653
vn -0.3348 0.9423 -0.0000
vn -0.3284 0.9423 0.0653
vn -0.3094 0.9423 0.1281
vn -0.2784 0.9423 0.1860
vn -0.2368 0.9423 0.2368
vn -0.1860 0.9423 0.2784
vn -0.1281 0.9423 0.3094
vn -0.0653 0.9423 0.3284
vn -0.0000 0.9423 0.3348
vn 0.0653 0.9423 0.3284
vn 0.1281 0.9423 0.3094
vn 0.1860 0.9423 0.2784
vn 0.2368 0.9423 0.2368
vn 0.2784 0.9423 0.1860
vn 0.3094 0.9423 0.1281
vn 0.3284 0.9423 0.0653
vn 0.1352 0.9905 -0.0269
vn 0.1378 0.9905 -0.0000
vn 0.1273 0.9905 -0.0527
vn 0.1146 0.9905 -0.0766
vn 0.0974 0.9905 -0.0974
vn 0.0766 0.9905 -0.1146
vn 0.0527 0.9905 -0.1273
vn 0.0269 0.9905 -0.1352
vn -0.0000 0.9905 -0.1378
vn -0.0269 0.9905 -0.1352
vn -0.0527 0.9905 -0.1273
vn -0.0766 0.9905 -0.1146
vn -0.0974 0.9905 -0.0974
vn -0.1146 0.9905 -0.0766
vn -0.1273 0.9905 -0.0527
vn -0.1352 0.9905 -0.0269
vn -0.1378 0.9905 -0.0000
vn -0.1352 0.9905 0.0269
vn -0.1273 0.9905 0.0527
vn -0.1146 0.9905 0.0766
vn -0.0974 0.9905 0.0974
vn -0.0766 0.9905 0.1146
vn -0.0527 0.9905 0.1273
vn -0.0269 0.9905 0.1352
vn -0.0000 0.9905 0.1378
vn 0.0269 0.9905 0.1352
vn 0.0527 0.9905 0.1273
vn 0.0766 0.9905 0.1146
vn 0.0974 0.9905 0.0974
vn 0.1146 0.9905 0.0766
vn 0.1273 0.9905 0.0527
vn 0.1352 0.9905 0.0269
vn 0.0265 0.9996 -0.0053
vn 0.0271 0.9996 -0.0000
vn 0.0250 0.9996 -0.0104
vn 0.0225 0.9996 -0.0150
vn 0.0191 0.9996 -0.0191
vn 0.0150 0.9996 -0.0225
vn 0.0104 0.9996 -0.0250
vn 0.0053 0.9996 -0.0265
vn -0.0000 0.9996 -0.0271
vn -0.0053 0.9996 -0.0265
vn -0.0104 0.9996 -0.0250
vn -0.0150 0.9996 -0.0225
vn -0.0191 0.9996 -0.0191
vn -0.0225 0.9996 -0.0150
vn -0.0250 0.9996 -0.0104
vn -0.0265 0.9996 -0.0053
vn -0.0270 0.9996 -0.0000
vn -0.0265 0.9996 0.0053
vn -0.0250 0.9996 0.0104
vn -0.0225 0.9996 0.0150
vn -0.0191 0.9996 0.0191
vn -0.0150 0.9996 0.0225
vn -0.0104 0.9996 0.0250
vn -0.0053 0.9996 0.0265
vn -0.0000 0.9996 0.0271
vn 0.0053 0.9996 0.0265
vn 0.0104 0.9996 0.0250
vn 0.0150 0.9996 0.0225
vn 0.0191 0.9996 0.0191
vn 0.0225 0.9996 0.0150
vn 0.0250 0.9996 0.0104
vn 0.0265 0.9996 0.0053
vn -0.0108 0.9999 0.0022
vn -0.0110 0.9999 -0.0000
vn -0.0102 0.9999 0.0042
vn -0.0092 0.9999 0.0061
vn -0.0078 0.9999 0.0078
vn -0.0061 0.9999 0.0092
vn -0.0042 0.9999 0.0102
vn -0.0022 0.9999 0.0108
vn -0.0000 0.9999 0.0110
vn 0.0022 0.9999 0.0108
vn 0.0042 0.9999 0.0102
vn 0.0061 0.9999 0.0092
vn 0.0078 0.9999 0.0078
vn 0.0092 0.9999 0.0061
vn 0.0102 0.9999 0.0042
vn 0.0108 0.9999 0.0022
vn 0.0108 0.9999 -0.0022
vn 0.0022 0.9999 -0.0108
vn -0.0022 0.9999 -0.0108
vn -0.0042 0.9999 -0.0102
vn -0.0061 0.9999 -0.0092
vn -0.0078 0.9999 -0.0078
vn -0.0092 0.9999 -0.0061
vn -0.0102 0.9999 -0.0042
vn -0.0108 0.9999 -0.0022
vn 0.0430 0.9990 -0.0086
vn 0.0438 0.9990 -0.0000
vn 0.0405 0.9990 -0.0168
vn 0.0364 0.9990 -0.0243
vn 0.0310 0.9990 -0.0310
vn 0.0244 0.9990 -0.0364
vn 0.0168 0.9990 -0.0405
vn 0.0086 0.9990 -0.0430
vn -0.0000 0.9990 -0.0438
vn -0.0086 0.9990 -0.0430
vn -0.0168 0.9990 -0.0405
vn -0.0243 0.9990 -0.0364
vn -0.0310 0.9990 -0.0310
vn -0.0364 0.9990 -0.0244
vn -0.0405 0.9990 -0.0168
vn -0.0430 0.9990 -0.0086
vn -0.0438 0.9990 -0.0000
vn -0.0430 0.9990 0.0086
vn -0.0405 0.9990 0.0168
vn -0.0364 0.9990 0.0243
vn -0.0310 0.9990 0.0310
vn -0.0244 0.9990 0.0364
vn -0.0168 0.9990 0.0405
vn -0.0086 0.9990 0.0430
vn -0.0000 0.9990 0.0438
vn 0.0086 0.9990 0.0430
vn 0.0168 0.9990 0.0405
vn 0.0243 0.9990 0.0364
vn 0.0310 0.9990 0.0310
vn 0.0364 0.9990 0.0243
vn 0.0405 0.9990 0.0168
vn 0.0430 0.9990 0.0086
vn 0.2204 0.9744 -0.0438
vn 0.2247 0.9744 -0.0000
vn 0.2076 0.9744 -0.0860
vn 0.1868 0.9744 -0.1248
vn 0.1589 0.9744 -0.1589
vn 0.1248 0.9744 -0.1868
vn 0.0860 0.9744 -0.2076
vn 0.0438 0.9744 -0.2204
vn -0.0000 0.9744 -0.2247
vn -0.0438 0.9744 -0.2204
vn -0.0860 0.9744 -0.2076
vn -0.1248 0.9744 -0.1868
vn -0.1589 0.9744 -0.1589
vn -0.1868 0.9744 -0.1248
vn -0.2076 0.9744 -0.0860
vn -0.2204 0.9744 -0.0438
vn -0.2247 0.9744 -0.0000
vn -0.2204 0.9744 0.0438
vn -0.2076 0.9744 0.0860
vn -0.1868 0.9744 0.1248
vn -0.1589 0.9744 0.1589
vn -0.1248 0.9744 0.1868
vn -0.0860 0.9744 0.2076
vn -0.0438 0.9744 0.2204
vn -0.0000 0.9744 0.2247
vn 0.0438 0.9744 0.2204
vn 0.0860 0.9744 0.2076
vn 0.1248 0.9744 0.1868
vn 0.1589 0.9744 0.1589
vn 0.1868 0.9744 0.1248
vn 0.2076 0.9744 0.0860
vn 0.2204 0.9744 0.0438
vn 0.4573 0.8847 -0.0910
vn 0.4662 0.8847 -0.0000
vn 0.4307 0.8847 -0.1784
vn 0.3876 0.8847 -0.2590
vn 0.3297 0.8847 -0.3297
vn 0.2590 0.8847 -0.3876
vn 0.1784 0.8847 -0.4307
vn 0.0910 0.8847 -0.4573
vn -0.0000 0.8847 -0.4662
vn -0.0910 0.8847 -0.4573
vn -0.1784 0.8847 -0.4307
vn -0.2590 0.8847 -0.3876
vn -0.3297 0.8847 -0.3297
vn -0.3876 0.8847 -0.2590
vn -0.4307 0.8847 -0.1784
vn -0.4573 0.8847 -0.0910
vn -0.4662 0.8847 -0.0000
vn -0.4573 0.8847 0.0910
vn -0.4307 0.8847 0.1784
vn -0.3876 0.8847 0.2590
vn -0.3297 0.8847 0.3297
vn -0.2590 0.8847 0.3876
vn -0.1784 0.8847 0.4307
vn -0.0910 0.8847 0.4573
vn -0.0000 0.8847 0.4662
vn 0.0910 0.8847 0.4573
vn 0.1784 0.8847 0.4307
vn 0.2590 0.8847 0.3876
vn 0.3297 0.8847 0.3297
vn 0.3876 0.8847 0.2590
vn 0.4307 0.8847 0.1784
vn 0.4573 0.8847 0.0910
vn 0.6716 0.7287 -0.1338
vn 0.6853 0.7283 -0.0000
vn 0.6313 0.7300 -0.2620
vn 0.5664 0.7318 -0.3791
vn 0.4799 0.7339 -0.4807
vn 0.3756 0.7360 -0.5632
vn 0.2580 0.7378 -0.6238
vn 0.1312 0.7389 -0.6609
vn -0.0000 0.7393 -0.6733
vn -0.1312 0.7389 -0.6609
vn -0.2580 0.7378 -0.6238
vn -0.3757 0.7360 -0.5632
vn -0.4799 0.7339 -0.4807
vn -0.5664 0.7318 -0.3791
vn -0.6313 0.7300 -0.2620
vn -0.6716 0.7287 -0.1338
vn -0.6853 0.7283 -0.0000
vn -0.6716 0.7287 0.1338
vn -0.6313 0.7300 0.2620
vn -0.5664 0.7318 0.3791
vn -0.4799 0.7339 0.4807
vn -0.3757 0.7360 0.5632
vn -0.2580 0.7378 0.6238
vn -0.1312 0.7389 0.6609
vn -0.0000 0.7393 0.6733
vn 0.1312 0.7389 0.6609
vn 0.2580 0.7378 0.6238
vn 0.3756 0.7360 0.5632
vn 0.4799 0.7339 0.4807
vn 0.5664 0.7318 0.3791
vn 0.6313 0.7300 0.2620
vn 0.6716 0.7287 0.1338
vn 0.8340 0.5257 -0.1676
vn 0.8535 0.5211 -0.0000
vn 0.7775 0.5382 -0.3252
vn 0.6891 0.5560 -0.4648
vn 0.5755 0.5757 -0.5808
vn 0.4442 0.5940 -0.6707
vn 0.3015 0.6086 -0.7340
vn 0.1522 0.6178 -0.7714
vn -0.0000 0.6210 -0.7838
vn -0.1522 0.6178 -0.7714
vn -0.3015 0.6086 -0.7340
vn -0.4442 0.5940 -0.6707
vn -0.5755 0.5757 -0.5808
vn -0.6891 0.5560 -0.4648
vn -0.7775 0.5382 -0.3252
vn -0.8340 0.5257 -0.1676
vn -0.8535 0.5211 -0.0000
vn -0.8340 0.5257 0.1676
vn -0.7775 0.5382 0.3252
vn -0.6891 0.5560 0.4648
vn -0.5755 0.5757 0.5808
vn -0.4442 0.5940 0.6707
vn -0.3015 0.6086 0.7340
vn -0.1522 0.6178 0.7714
vn -0.0000 0.6210 0.7838
vn 0.1522 0.6178 0.7714
vn 0.3015 0.6086 0.7340
vn 0.4442 0.5940 0.6707
vn 0.5755 0.5757 0.5808
vn 0.6891 0.5560 0.4648
vn 0.7775 0.5382 0.3252
vn 0.8340 0.5257 0.1676
vn 0.9344 0.3011 -0.1903
vn 0.9584 0.2854 -0.0000
vn 0.8646 0.3440 -0.3663
vn 0.7557 0.4034 -0.5159
vn 0.6193 0.4660 -0.6319
vn 0.4681 0.5210 -0.7138
vn 0.3117 0.5622 -0.7660
vn 0.1553 0.5872 -0.7944
vn -0.0000 0.5956 -0.8033
vn -0.1553 0.5872 -0.7944
vn -0.3117 0.5622 -0.7660
vn -0.4681 0.5210 -0.7138
vn -0.6193 0.4660 -0.6319
vn -0.7557 0.4034 -0.5159
vn -0.8646 0.3440 -0.3663
vn -0.9344 0.3011 -0.1903
vn -0.9584 0.2854 -0.0000
vn -0.9344 0.3011 0.1903
vn -0.8646 0.3440 0.3663
vn -0.7557 0.4034 0.5159
vn -0.6193 0.4660 0.6319
vn -0.4681 0.5210 0.7138
vn -0.3117 0.5622 0.7660
vn -0.1553 0.5872 0.7944
vn -0.0000 0.5956 0.8033
vn 0.1553 0.5872 0.7944
vn 0.3117 0.5622 0.7660
vn 0.4681 0.5210 0.7138
vn 0.6193 0.4660 0.6319
vn 0.7557 0.4034 0.5159
vn 0.8646 0.3440 0.3663
vn 0.9344 0.3011 0.1903
vn 0.9766 0.0687 -0.2040
vn 0.9993 0.0361 -0.0000
vn 0.9056 0.1586 -0.3933
vn 0.7865 0.2824 -0.5493
vn 0.6324 0.4076 -0.6588
vn 0.4653 0.5102 -0.7233
vn 0.3020 0.5814 -0.7555
vn 0.1478 0.6220 -0.7690
vn -0.0000 0.6351 -0.7725
vn -0.1478 0.6220 -0.7690
vn -0.3020 0.5814 -0.7555
vn -0.4653 0.5102 -0.7233
vn -0.6324 0.4076 -0.6588
vn -0.7865 0.2824 -0.5493
vn -0.9056 0.1586 -0.3933
vn -0.9766 0.0687 -0.2040
vn -0.9993 0.0361 -0.0000
vn -0.9766 0.0687 0.2040
vn -0.9056 0.1586 0.3933
vn -0.7865 0.2824 0.5493
vn -0.6324 0.4076 0.6588
vn -0.4653 0.5102 0.7233
vn -0.3020 0.5814 0.7555
vn -0.1478 0.6220 0.7690
vn -0.0000 0.6351 0.7725
vn 0.1478 0.6220 0.7690
vn 0.3020 0.5814 0.7555
vn 0.4653 0.5102 0.7233
vn 0.6324 0.4076 0.6588
vn 0.7865 0.2824 0.5493
vn 0.9056 0.1586 0.3933
vn 0.9766 0.0687 0.2040
vn 0.9632 -0.1681 -0.2099
vn 0.9758 -0.2187 -0.0000
vn 0.9109 -0.0210 -0.4121
vn 0.7949 0.1893 -0.5765
vn 0.6250 0.3951 -0.6732
vn 0.4427 0.5486 -0.7093
vn 0.2768 0.6442 -0.7130
vn 0.1321 0.6942 -0.7075
vn -0.0000 0.7096 -0.7046
vn -0.1321 0.6942 -0.7075
vn -0.2768 0.6442 -0.7130
vn -0.4427 0.5486 -0.7093
vn -0.6250 0.3951 -0.6732
vn -0.7949 0.1893 -0.5765
vn -0.9109 -0.0210 -0.4121
vn -0.9632 -0.1681 -0.2099
vn -0.9758 -0.2187 -0.0000
vn -0.9632 -0.1681 0.2099
vn -0.9109 -0.0210 0.4121
vn -0.7949 0.1893 0.5765
vn -0.6250 0.3951 0.6732
vn -0.4427 0.5486 0.7093
vn -0.2768 0.6442 0.7130
vn -0.1321 0.6942 0.7075
vn -0.0000 0.7096 0.7046
vn 0.1321 0.6942 0.7075
vn 0.2768 0.6442 0.7130
vn 0.4427 0.5486 0.7093
vn 0.6250 0.3951 0.6732
vn 0.7949 0.1893 0.5765
vn 0.9109 -0.0210 0.4121
vn 0.9632 -0.1681 0.2099
vn 0.8893 -0.4085 -0.2057
vn 0.8827 -0.4700 -0.0000
vn 0.8819 -0.2068 -0.4236
vn 0.7886 0.1164 -0.6038
vn 0.6010 0.4234 -0.6779
vn 0.4015 0.6229 -0.6714
vn 0.2385 0.7298 -0.6407
vn 0.1103 0.7798 -0.6163
vn -0.0000 0.7943 -0.6075
vn -0.1103 0.7798 -0.6163
vn -0.2385 0.7298 -0.6407
vn -0.4015 0.6229 -0.6714
vn -0.6010 0.4234 -0.6779
vn -0.7886 0.1164 -0.6038
vn -0.8819 -0.2068 -0.4236
vn -0.8893 -0.4085 -0.2057
vn -0.8827 -0.4700 -0.0000
vn -0.8893 -0.4085 0.2057
vn -0.8819 -0.2068 0.4236
vn -0.7886 0.1164 0.6038
vn -0.6010 0.4234 0.6779
vn -0.4015 0.6229 0.6714
vn -0.2385 0.7298 0.6407
vn -0.1103 0.7798 0.6163
vn -0.0000 0.7943 0.6075
vn 0.1103 0.7798 0.6163
vn 0.2385 0.7298 0.6407
vn 0.4015 0.6229 0.6714
vn 0.6010 0.4234 0.6779
vn 0.7886 0.1164 0.6038
vn 0.8819 -0.2068 0.4236
vn 0.8893 -0.4085 0.2057
vn 0.7426 -0.6439 -0.1845
vn 0.7160 -0.6981 -0.0000
vn 0.8036 -0.4245 -0.4171
vn 0.7715 0.0378 -0.6351
vn 0.5635 0.4780 -0.6738
vn 0.3449 0.7137 -0.6097
vn 0.1916 0.8159 -0.5455
vn 0.0855 0.8575 -0.5073
vn -0.0000 0.8689 -0.4950
vn -0.0855 0.8575 -0.5073
vn -0.1916 0.8159 -0.5455
vn -0.3449 0.7137 -0.6097
vn -0.5635 0.4780 -0.6738
vn -0.7715 0.0378 -0.6351
vn -0.8036 -0.4245 -0.4171
vn -0.7426 -0.6439 -0.1845
vn -0.7160 -0.6981 -0.0000
vn -0.7426 -0.6439 0.1845
vn -0.8036 -0.4245 0.4171
vn -0.7715 0.0378 0.6351
vn -0.5635 0.4780 0.6738
vn -0.3449 0.7137 0.6097
vn -0.1916 0.8159 0.5455
vn -0.0855 0.8575 0.5073
vn -0.0000 0.8689 0.4950
vn 0.0855 0.8575 0.5073
vn 0.1916 0.8159 0.5455
vn 0.3449 0.7137 0.6097
vn 0.5635 0.4780 0.6738
vn 0.7715 0.0378 0.6351
vn 0.8036 -0.4245 0.4171
vn 0.7426 -0.6439 0.1845
vn 0.5157 -0.8459 -0.1364
vn 0.4872 -0.8733 -0.0000
vn 0.6134 -0.7118 -0.3422
vn 0.7414 -0.4372 -0.5091
vn 0.5331 0.4917 -0.6885
vn 0.6648 0.0244 -0.7467
vn 0.2877 0.7849 -0.5487
vn 0.1545 0.8686 -0.4708
vn 0.0635 0.9016 -0.4278
vn -0.0000 0.9108 -0.4128
vn -0.0635 0.9016 -0.4278
vn -0.1545 0.8686 -0.4708
vn -0.2877 0.7849 -0.5487
vn -0.5331 0.4917 -0.6885
vn -0.6648 0.0244 -0.7467
vn -0.6134 -0.7118 -0.3422
vn -0.7414 -0.4372 -0.5091
vn -0.5157 -0.8459 -0.1364
vn -0.4872 -0.8733 -0.0000
vn -0.5157 -0.8459 0.1364
vn -0.6134 -0.7118 0.3422
vn -0.7414 -0.4372 0.5091
vn -0.5331 0.4917 0.6885
vn -0.6648 0.0244 0.7467
vn -0.2877 0.7849 0.5488
vn -0.1473 0.8787 0.4540
vn -0.0634 0.9109 0.4077
vn -0.0000 0.9191 0.3939
vn 0.0633 0.9109 0.4077
vn 0.1473 0.8787 0.4540
vn 0.2877 0.7849 0.5487
vn 0.5331 0.4917 0.6885
vn 0.6648 0.0244 0.7467
vn 0.6134 -0.7118 0.3422
vn 0.7414 -0.4372 0.5091
vn 0.5157 -0.8459 0.1364
vn 0.2423 -0.9681 -0.0644
vn 0.2315 -0.9728 -0.0000
vn 0.2808 -0.9473 -0.1543
vn 0.5497 -0.7289 -0.4081
vn 0.6593 -0.0214 -0.7515
vn 0.3249 0.7428 -0.5854
vn 0.3646 0.6974 -0.6170
vn 0.1525 0.8815 -0.4468
vn 0.0741 0.9062 -0.4164
vn -0.0000 0.9211 -0.3894
vn -0.0337 0.8957 -0.4433
vn -0.1525 0.8815 -0.4468
vn -0.1160 0.8807 -0.4592
vn -0.3249 0.7428 -0.5854
vn -0.3646 0.6974 -0.6170
vn -0.6593 -0.0214 -0.7515
vn -0.2809 -0.9473 -0.1544
vn -0.5497 -0.7289 -0.4081
vn -0.2423 -0.9681 -0.0644
vn -0.2315 -0.9728 -0.0000
vn -0.2423 -0.9681 0.0644
vn -0.2808 -0.9473 0.1543
vn -0.5497 -0.7289 0.4081
vn -0.6593 -0.0214 0.7515
vn -0.3249 0.7428 0.5854
vn -0.3646 0.6974 0.6170
vn -0.1460 0.8904 0.4311
vn -0.0592 0.9283 0.3670
vn -0.0000 0.9370 0.3493
vn 0.0403 0.9230 0.3827
vn 0.1460 0.8904 0.4311
vn 0.0966 0.9113 0.4002
vn 0.3249 0.7428 0.5854
vn 0.3646 0.6974 0.6170
vn 0.6593 -0.0213 0.7515
vn 0.2808 -0.9473 0.1543
vn 0.5497 -0.7288 0.4081
vn 0.2423 -0.9681 0.0644
vn 0.1159 -0.9928 -0.0313
vn 0.1138 -0.9935 -0.0000
vn 0.1229 -0.9900 -0.0690
vn -0.2807 0.9473 0.1542
vn -0.1229 0.9900 0.0690
vn -0.1366 0.9830 0.1230
vn -0.1488 0.9746 0.1673
vn -0.1613 0.9633 0.2147
vn -0.1894 0.9262 0.3259
vn -0.2050 0.8946 0.3971
vn -0.2532 0.6893 0.6788
vn -0.2584 0.6443 0.7197
vn -0.1949 0.0484 0.9796
vn 0.1949 0.0484 0.9796
vn 0.2584 0.6444 0.7197
vn 0.2051 0.8946 0.3971
vn 0.2532 0.6893 0.6788
vn 0.1614 0.9633 0.2147
vn 0.1894 0.9262 0.3259
vn -0.1894 -0.9263 -0.3258
vn -0.1488 -0.9746 -0.1673
vn -0.1366 -0.9830 -0.1230
vn -0.1613 -0.9633 -0.2146
vn -0.2807 -0.9473 -0.1543
vn -0.1229 -0.9900 -0.0690
vn 0.2807 0.9473 0.1543
vn 0.1229 0.9900 0.0690
vn 0.1159 0.9928 0.0313
vn 0.2422 0.9681 0.0644
vn 0.1138 0.9935 -0.0000
vn 0.2315 0.9728 -0.0000
vn -0.1159 -0.9928 0.0313
vn -0.1138 -0.9935 -0.0000
vn -0.1229 -0.9900 0.0690
vn -0.1488 -0.9746 0.1672
vn -0.1366 -0.9830 0.1230
vn 0.1488 0.9746 -0.1673
vn 0.1366 0.9830 -0.1230
vn 0.1613 0.9633 -0.2147
vn 0.1894 0.9262 -0.3259
vn 0.2051 0.8946 -0.3971
vn 0.2532 0.6892 -0.6789
vn 0.2584 0.6443 -0.7198
vn 0.2037 0.0807 -0.9757
vn -0.2037 0.0806 -0.9757
vn -0.2584 0.6444 -0.7197
vn -0.2050 0.8946 -0.3971
vn -0.2532 0.6893 -0.6788
vn -0.1613 0.9633 -0.2147
vn -0.1894 0.9263 -0.3259
vn -0.1366 0.9830 -0.1231
vn -0.1488 0.9746 -0.1673
vn 0.1488 -0.9746 0.1672
vn 0.1229 -0.9900 0.0690
vn 0.1366 -0.9830 0.1230
vn 0.1159 -0.9928 0.0313
vn 0.9239 -0.0000 0.3826
vn 0.3826 -0.0000 0.9239
vn -0.8315 -0.0000 -0.5555
vn 0.8314 -0.0000 0.5556
vn -0.0000 1.0000 -0.0000
vt 0.935658 7.199348
vt 0.935658 7.124371
vt -0.431871 7.127132
vt -0.431871 7.202587
vt 0.935658 7.050151
vt -0.431871 7.052458
vt 0.935658 6.976087
vt -0.431871 6.978003
vt -0.477356 6.978233
vt -0.477356 7.052735
vt -0.477356 7.127465
vt -0.477356 7.202977
vt -0.431871 7.279376
vt -0.477356 7.279821
vt 0.935658 7.275681
vt 1.806389 0.935660
vt 1.796890 -0.313929
vt 1.812275 -0.250226
vt 0.935660 3.649476
vt 0.935660 3.679528
vt -0.250226 3.684509
vt -0.313929 3.664503
vt 0.935660 3.710943
vt -0.177056 3.713346
vt -0.520407 3.715458
vt -0.522192 3.689032
vt -0.523572 3.668152
vt 1.801001 -0.523572
vt 1.838587 -0.177056
vt 1.841652 -0.523702
vt 1.835172 0.935659
vt 0.935658 7.354269
vt -0.431872 7.358357
vt -0.477356 7.315840
vt -0.466512 7.358732
vt 1.988529 0.935660
vt 1.926741 0.935660
vt 1.925346 -0.372899
vt 1.986169 -0.424498
vt 1.875406 0.935660
vt 1.875938 -0.257598
vt 1.875282 -0.522518
vt 1.924597 -0.520281
vt 1.985573 -0.517119
vt 2.055403 -0.431870
vt 2.054782 -0.513288
vt 2.058282 0.935660
vt 2.692323 0.935660
vt 2.704603 0.917087
vt 2.703288 0.522644
vt 2.702008 0.128033
vt 2.692652 -0.424498
vt 2.698291 -0.581073
vt 2.692274 -0.613292
vt 2.639785 -0.431869
vt 2.674813 -0.641500
vt 2.639798 -0.664130
vt 2.639761 0.935660
vt 0.935660 3.751280
vt 0.935660 3.800551
vt -0.372900 3.797970
vt -0.257597 3.750683
vt 0.935660 3.858698
vt -0.424499 3.855138
vt 0.935660 3.923952
vt -0.431870 3.919937
vt -0.506493 3.919143
vt -0.510844 3.854308
vt -0.514819 3.796798
vt -0.518096 3.749225
vt 2.485294 0.935660
vt 2.536201 0.935660
vt 2.535862 -0.431869
vt 2.484951 -0.431869
vt 2.587599 0.935660
vt 2.587372 -0.431870
vt 2.618377 -0.669933
vt 2.587228 -0.671080
vt 2.535645 -0.673032
vt 2.484731 -0.674963
vt 2.434336 -0.431869
vt 2.434165 -0.676847
vt 2.434599 0.935660
vt 0.935658 6.937654
vt 0.935658 6.966135
vt 0.855977 6.964916
vt 0.522644 6.959862
vt 0.189311 6.955117
vt -0.414796 6.944428
vt -0.434108 6.938091
vt -0.431871 6.824956
vt -0.456836 6.914555
vt -0.472023 6.877779
vt -0.477356 6.823696
vt 0.935658 6.835414
vt 2.282349 0.935660
vt 2.333136 0.935660
vt 2.333188 -0.431869
vt 2.282608 -0.431869
vt 2.383891 0.935660
vt 2.383765 -0.431870
vt 2.383682 -0.678665
vt 2.333223 -0.680428
vt 2.282780 -0.682153
vt 2.232025 -0.431869
vt 2.232346 -0.683861
vt 2.231544 0.935660
vt 0.935658 6.543509
vt 0.935658 6.638676
vt -0.431871 6.628745
vt -0.431871 6.534099
vt 0.935658 6.735417
vt -0.431871 6.725127
vt -0.477356 6.723888
vt -0.477356 6.627548
vt -0.477356 6.532966
vt -0.431871 6.439490
vt -0.477356 6.438438
vt 0.935658 6.448230
vt 2.395617 0.935660
vt 2.324921 0.935660
vt 2.320724 -0.431869
vt 2.391463 -0.431869
vt 2.250266 0.935660
vt 2.246136 -0.431870
vt 2.169671 0.935660
vt 2.165775 -0.431869
vt 2.163718 -0.631330
vt 2.243980 -0.628915
vt 2.318559 -0.626643
vt 2.389346 -0.624467
vt 2.460281 -0.431869
vt 2.458239 -0.622338
vt 2.464332 0.935660
vt 2.078142 0.935660
vt 2.129641 0.935660
vt 2.130522 -0.431869
vt 2.079133 -0.431869
vt 2.180701 0.935660
vt 2.181400 -0.431870
vt 2.181869 -0.685566
vt 2.131117 -0.687270
vt 2.079806 -0.688565
vt 2.026982 -0.431869
vt 2.027663 -0.689872
vt 2.025987 0.935660
vt 0.935658 6.159670
vt 0.935658 6.254976
vt -0.431871 6.247900
vt -0.431871 6.153483
vt 0.935658 6.351698
vt -0.431871 6.343754
vt -0.477356 6.342797
vt -0.477356 6.247047
vt -0.477356 6.152739
vt -0.431871 6.062058
vt -0.477356 6.061417
vt 0.935659 6.067390
vt 1.884270 0.935659
vt 1.925131 0.935660
vt 1.926396 -0.372899
vt 1.886660 -0.257597
vt 1.973742 0.935660
vt 1.974691 -0.424499
vt 1.975330 -0.691192
vt 1.927163 -0.692511
vt 1.888249 -0.693785
vt 1.858054 -0.177056
vt 1.863969 -0.694806
vt 1.853713 0.935659
vt 0.935658 6.901531
vt 0.935658 6.825651
vt -0.431871 6.827061
vt -0.431871 6.903152
vt 0.935658 6.747571
vt -0.431871 6.748824
vt 0.935658 6.666407
vt -0.431871 6.667531
vt -0.477356 6.659337
vt -0.477356 6.748975
vt -0.477356 6.827230
vt -0.477356 6.903348
vt 0.935658 5.808775
vt 0.935658 5.893592
vt -0.431871 5.889720
vt -0.431871 5.805476
vt 0.935658 5.979149
vt -0.431871 5.974594
vt -0.477356 5.974046
vt -0.477356 5.889254
vt -0.477356 5.805079
vt -0.431871 5.719909
vt -0.477356 5.719566
vt 0.935659 5.722749
vt 0.935660 1.050836
vt 0.935660 1.070010
vt -0.313929 1.072038
vt -0.250226 1.053452
vt 0.935660 1.093240
vt -0.250226 1.094342
vt 0.935659 1.118278
vt -0.177056 1.117567
vt -0.694806 1.116516
vt -0.695845 1.096696
vt -0.697020 1.074277
vt -0.697968 1.056189
vt 1.865497 -0.177056
vt 1.844961 -0.250226
vt 1.853744 -0.697968
vt 1.871376 -0.698514
vt 1.861142 0.935659
vt 1.838591 0.935660
vt 0.935658 5.478712
vt 0.935659 5.551560
vt -0.372901 5.550380
vt -0.257598 5.480181
vt 0.935658 5.635101
vt -0.424500 5.632737
vt -0.477356 5.632393
vt -0.477356 5.583957
vt -0.477356 5.549846
vt -0.477356 5.479813
vt -0.177057 5.425982
vt -0.477356 5.430344
vt 0.935658 5.420401
vt 0.935660 2.054084
vt -0.313929 2.072345
vt -0.250226 2.057555
vt 0.935660 2.090605
vt -0.250226 2.092915
vt 0.935659 2.116679
vt -0.177056 2.117035
vt -0.642355 2.117378
vt -0.643458 2.096334
vt -0.645304 2.061121
vt 1.542445 -0.177056
vt 1.515208 -0.250226
vt 1.524820 -0.645304
vt 1.548675 -0.645621
vt 1.537332 0.935659
vt 1.507400 0.935660
vt 1.999417 0.935660
vt 1.944912 0.935659
vt 1.944929 -0.372899
vt 1.998628 -0.424498
vt 1.897516 0.935660
vt 1.899317 -0.257597
vt 1.899890 -0.698711
vt 1.944533 -0.698669
vt 1.998012 -0.698363
vt 2.054205 -0.431869
vt 2.053503 -0.697920
vt 2.055202 0.935660
vt 1.964204 0.935659
vt 1.941450 0.935659
vt 1.945202 -0.313931
vt 1.967171 -0.250227
vt 0.935659 5.358131
vt 0.935659 5.379552
vt -0.250228 5.388735
vt -0.313931 5.368675
vt -0.477356 5.395360
vt -0.477356 5.373638
vt 1.946969 -0.477356
vt 1.969607 -0.477356
vt 1.994114 -0.177057
vt 1.994664 -0.477356
vt 1.993309 0.935659
vt 1.720242 0.935660
vt 1.644961 0.935659
vt 1.644746 -0.372899
vt 1.719000 -0.424498
vt 1.583483 0.935660
vt 1.585408 -0.257597
vt 1.585708 -0.645528
vt 1.644167 -0.645007
vt 1.718236 -0.643484
vt 1.803769 -0.431869
vt 1.802797 -0.641463
vt 1.805522 0.935660
vt 2.380191 0.935660
vt 2.334687 0.935660
vt 2.334636 -0.431869
vt 2.380319 -0.431869
vt 2.289970 0.935660
vt 2.289712 -0.431870
vt 2.245649 0.935660
vt 2.245167 -0.431869
vt 2.244830 -0.696128
vt 2.289530 -0.695386
vt 2.334599 -0.694600
vt 2.380405 -0.693725
vt 2.427139 -0.431869
vt 2.427321 -0.692719
vt 2.426876 0.935660
vt 0.935658 5.562078
vt 0.935658 5.487493
vt -0.372901 5.490649
vt -0.424499 5.564690
vt 0.935658 5.424667
vt -0.257598 5.429653
vt 0.935659 5.379931
vt -0.177057 5.387743
vt -0.477356 5.393879
vt -0.477356 5.431695
vt -0.477356 5.491373
vt -0.477356 5.565045
vt -0.431870 5.642303
vt -0.477356 5.642645
vt 0.935659 5.639464
vt 1.559715 0.935659
vt 1.614193 0.935660
vt 1.616034 -0.372899
vt 1.563102 -0.257597
vt 1.680756 0.935660
vt 1.682200 -0.424499
vt 1.754129 0.935660
vt 1.755881 -0.431869
vt 1.756816 -0.633427
vt 1.682979 -0.636499
vt 1.616999 -0.639159
vt 1.565207 -0.641117
vt 1.526370 -0.177056
vt 1.533567 -0.642355
vt 1.520463 0.935659
vt 2.526253 0.935660
vt 2.475245 0.935660
vt 2.475588 -0.431870
vt 2.526593 -0.431869
vt 2.475823 -0.691549
vt 2.508345 -0.690720
vt 2.526820 -0.685341
vt 0.935658 6.118677
vt 0.935658 6.047421
vt -0.431871 6.054498
vt -0.431871 6.126621
vt 0.935658 5.978189
vt -0.431871 5.984375
vt 0.935659 5.911014
vt -0.431871 5.916344
vt -0.477357 5.916986
vt -0.477356 5.982286
vt -0.477356 6.055349
vt -0.477356 6.127578
vt -0.431871 6.200657
vt -0.477356 6.201710
vt 0.935659 6.191920
vt 0.935659 5.508849
vt 0.935659 5.618725
vt -0.372899 5.594282
vt -0.424498 5.486241
vt 0.855977 5.631955
vt 0.522644 5.623928
vt 0.189310 5.616245
vt -0.356455 5.603665
vt 2.775972 -0.372899
vt 2.783565 -0.356455
vt 2.784854 -0.407324
vt 2.778620 -0.440238
vt -0.440238 5.589930
vt -0.456844 5.573789
vt -0.472025 5.542540
vt -0.477356 5.506808
vt -0.477356 5.483080
vt -0.431870 5.360390
vt -0.477356 5.357851
vt 0.935659 5.381467
vt 0.935658 6.433592
vt 0.935658 6.347296
vt -0.431871 6.357232
vt -0.438084 6.444050
vt 0.935658 6.267497
vt -0.431871 6.276906
vt -0.477356 6.278039
vt -0.477356 6.358428
vt -0.472024 6.403054
vt -0.456840 6.429707
vt 0.935660 5.031816
vt 0.935660 5.142020
vt -0.431869 5.123739
vt -0.431870 5.014917
vt 0.935660 5.258119
vt -0.431870 5.238458
vt -0.477356 5.236090
vt -0.477356 5.121537
vt -0.477356 5.012881
vt -0.431870 4.910675
vt -0.477356 4.908811
vt 0.935660 4.926149
vt 0.935660 4.631270
vt 0.935660 4.725503
vt -0.431869 4.713045
vt -0.431870 4.620288
vt 0.935660 4.823972
vt -0.431870 4.809996
vt -0.477700 4.808300
vt -0.478167 4.711518
vt -0.478289 4.686401
vt -0.478541 4.618931
vt -0.431870 4.532191
vt -0.479584 4.574441
vt -0.480662 4.530949
vt 0.935660 4.541804
vt 0.935660 4.298514
vt 0.935660 4.376686
vt -0.431869 4.369320
vt -0.431870 4.292025
vt 0.935660 4.457308
vt -0.431870 4.448903
vt -0.482721 4.447772
vt -0.484686 4.368290
vt -0.486855 4.291080
vt -0.431869 4.215596
vt -0.489747 4.214710
vt 0.935660 4.221373
vt 0.935660 3.994259
vt 0.935660 4.068149
vt -0.431869 4.063389
vt -0.431870 3.989884
vt 0.935660 4.144294
vt -0.431870 4.139083
vt -0.490549 4.193552
vt -0.493098 4.138238
vt -0.495314 4.093088
vt -0.497273 4.062565
vt -0.501996 3.989072
vt 2.201180 0.935660
vt 2.155456 0.935660
vt 2.154576 -0.431869
vt 2.200483 -0.431869
vt 2.107216 0.935660
vt 2.106225 -0.431870
vt 2.105528 -0.697470
vt 2.153958 -0.697035
vt 2.199994 -0.696611
vt 0.935658 5.845554
vt 0.935658 5.779963
vt -0.431871 5.783835
vt -0.431871 5.850108
vt 0.935659 5.712008
vt -0.431871 5.715305
vt -0.477356 5.715703
vt -0.477356 5.784302
vt -0.477356 5.850657
vt 2.285837 0.935660
vt 2.209883 0.935660
vt 2.205879 -0.431869
vt 2.281238 -0.431870
vt 2.133050 0.935660
vt 2.129637 -0.431870
vt 2.128937 -0.509260
vt 2.205102 -0.505169
vt 2.280395 -0.501060
vt 2.352818 -0.431869
vt 2.351931 -0.497097
vt 2.357960 0.935660
vt 0.935660 4.413983
vt 0.935660 4.360073
vt -0.431869 4.372530
vt -0.431870 4.427960
vt 2.708852 0.935660
vt 2.653726 0.935660
vt 2.646435 -0.431870
vt 2.700978 -0.431869
vt 2.598383 0.935660
vt 2.591594 -0.431869
vt 2.590598 -0.487292
vt 2.645389 -0.486050
vt 2.699876 -0.484765
vt -0.484765 4.374275
vt -0.483404 4.429867
vt -0.431870 4.487738
vt -0.481933 4.489789
vt 0.935660 4.472264
vt 0.935660 3.456935
vt 0.935659 3.519953
vt 0.871674 3.518362
vt 0.522644 3.509681
vt 0.173270 3.500992
vt -0.391395 3.487958
vt -0.424498 3.432463
vt -0.457396 3.482150
vt -0.486240 3.473884
vt -0.511585 3.455335
vt -0.522357 3.439766
vt -0.530893 3.425566
vt -0.431870 3.329749
vt -0.538988 3.392091
vt -0.544901 3.322919
vt 0.935660 3.352571
vt 0.935660 4.681432
vt 0.935660 4.605767
vt -0.431869 4.624049
vt -0.431870 4.701091
vt 0.935660 4.536083
vt -0.431870 4.552983
vt -0.480327 4.555151
vt -0.478576 4.626310
vt -0.477800 4.657831
vt -0.477544 4.703468
vt 0.935660 3.082002
vt 0.935660 3.163930
vt -0.431870 3.143841
vt -0.431870 3.063084
vt 0.935660 3.253753
vt -0.431870 3.232381
vt -0.553234 3.225514
vt -0.560823 3.136982
vt -0.567759 3.056277
vt -0.431870 2.989069
vt -0.574130 2.982363
vt 0.935660 3.006874
vt 2.417193 0.935660
vt 2.488698 0.935660
vt 2.492545 -0.431869
vt 2.421132 -0.431870
vt 2.559921 0.935660
vt 2.563707 -0.431870
vt 2.630727 0.935660
vt 2.634500 -0.431870
vt 2.635922 -0.574130
vt 2.565192 -0.580027
vt 2.494111 -0.585567
vt 2.422792 -0.591011
vt 2.349598 -0.431870
vt 2.351362 -0.596436
vt 2.345549 0.935660
vt 0.935658 7.474250
vt 0.935658 7.565721
vt -0.431871 7.561340
vt -0.431871 7.470160
vt 0.935658 7.660587
vt 0.742574 7.659128
vt 0.522644 7.657461
vt 0.189311 7.654936
vt -0.407265 7.650444
vt -0.434088 7.642108
vt 1.045277 0.935658
vt 1.046267 0.855977
vt 1.047657 0.742574
vt -0.456827 7.618395
vt -0.472021 7.583391
vt -0.477356 7.542574
vt -0.477356 7.469667
vt -0.431871 7.380411
vt -0.477356 7.379966
vt 0.935658 7.384109
vt 2.129085 0.935660
vt 2.201780 0.935660
vt 2.205977 -0.431869
vt 2.133215 -0.431869
vt 2.273826 0.935660
vt 2.277979 -0.431870
vt 2.279847 -0.601842
vt 2.207927 -0.607266
vt 2.135193 -0.612729
vt 2.059312 -0.431869
vt 2.050476 -0.619055
vt 2.055417 0.935660
vt 0.935658 7.117794
vt 0.935658 7.205378
vt -0.431871 7.202616
vt -0.431871 7.115488
vt 0.935658 7.294370
vt -0.431872 7.291129
vt -0.477356 7.290739
vt -0.477356 7.202284
vt -0.477356 7.115211
vt -0.431871 7.030364
vt -0.477356 7.030133
vt 0.935658 7.032280
vt 1.829381 0.935660
vt 1.905064 0.935660
vt 1.907957 -0.431869
vt 1.831674 -0.431869
vt 1.980601 0.935660
vt 1.984059 -0.431870
vt 1.985804 -0.622410
vt 1.909446 -0.626280
vt 1.832875 -0.629989
vt 0.935658 6.784323
vt 0.935658 6.867012
vt -0.431871 6.865603
vt -0.431871 6.783068
vt 0.935658 6.949112
vt -0.431871 6.947489
vt -0.477356 6.947294
vt -0.477356 6.865434
vt -0.477356 6.782917
vt -0.431871 6.698253
vt -0.477356 6.698117
vt 0.935658 6.699377
vt 0.935658 6.457693
vt 0.935658 6.529112
vt -0.372901 6.529264
vt -0.257598 6.460320
vt 0.935658 6.612145
vt -0.424500 6.611273
vt -0.477356 6.611138
vt -0.477356 6.529114
vt -0.477356 6.457170
vt -0.177058 6.408962
vt -0.477356 6.413984
vt 0.935658 6.402542
vt 2.542621 0.935660
vt 2.485072 0.935660
vt 2.479090 -0.431869
vt 2.536257 -0.431870
vt 2.424073 0.935660
vt 2.418482 -0.431870
vt 2.391489 -0.494879
vt 2.417566 -0.493749
vt 2.478149 -0.491239
vt 2.505482 -0.490117
vt 2.535293 -0.489084
vt 2.082050 0.935660
vt 1.989894 0.935660
vt 1.987002 -0.431869
vt 2.078590 -0.431869
vt 1.896590 0.935660
vt 1.894297 -0.431870
vt 1.893040 -0.639104
vt 1.985435 -0.636542
vt 2.076741 -0.633907
vt 1.392431 0.935658
vt 1.371164 0.935658
vt 1.371460 -0.313931
vt 1.392013 -0.250228
vt 1.350487 0.935658
vt 1.351449 -0.250228
vt 0.935658 6.367052
vt -0.250228 6.376709
vt -0.477356 6.383514
vt 1.351694 -0.477356
vt 1.371599 -0.477356
vt 1.392145 -0.477356
vt -0.177058 6.394668
vt -0.250228 6.369064
vt -0.477356 6.375902
vt -0.477356 6.400291
vt 0.935658 6.387506
vt 0.935658 6.359131
vt 2.670985 0.935660
vt 2.601544 0.935660
vt 2.597697 -0.431869
vt 2.667199 -0.431869
vt 2.532771 0.935660
vt 2.528831 -0.431870
vt 2.526866 -0.620205
vt 2.595801 -0.617990
vt 2.665357 -0.615611
vt 2.737654 -0.431869
vt 2.735845 -0.612987
vt 2.741428 0.935660
vt 0.935658 6.582839
vt 0.935658 6.503757
vt -0.372901 6.505608
vt -0.424500 6.583961
vt 0.935658 6.436940
vt -0.257599 6.440861
vt -0.477356 6.442163
vt -0.477356 6.505951
vt -0.477356 6.584108
vt 2.969408 0.935660
vt 2.888817 0.935660
vt 2.884820 -0.431869
vt 2.965087 -0.431869
vt 2.813477 0.935660
vt 2.809644 -0.431870
vt 2.760125 -0.612007
vt 2.807845 -0.609283
vt 2.882989 -0.604824
vt 2.938787 -0.601571
vt 2.963232 -0.594081
vt 1.419478 2.442424
vt -0.993412 2.801701
vt -0.498738 3.439766
vt 1.458857 3.439766
vt -1.124920 1.669733
vt 1.419478 1.669730
vt 1.419478 0.933776
vt -1.124920 0.933776
vt -1.549045 2.044969
vt -1.549045 2.000081
vt -1.698726 1.754155
vt -1.720728 1.769820
vt -1.549045 0.933776
vt -1.549045 1.669735
vt 1.669725 0.737506
vt 1.646963 1.166817
vt 0.925366 1.159963
vt 0.933776 0.737506
vt 2.446139 1.669725
vt 2.446139 0.933776
vt 1.669735 0.737506
vt 0.933776 1.028120
vt 1.669735 1.027501
vt 1.508721 4.193466
vt 0.170198 4.193220
vt 0.232777 4.350405
vt 1.557536 4.432963
vt 1.559021 4.536977
vt 0.252429 4.455122
vt 0.248792 4.598070
vt 1.443514 5.181647
vt 1.419478 0.812287
vt 2.035295 2.480631
vt 1.982451 2.437264
vt 1.906620 2.376437
vt 1.830620 2.318529
vt 1.755081 2.265407
vt 1.681549 2.218628
vt 1.615245 2.178538
vt 1.561846 2.145031
vt 1.524455 2.116920
vt 1.503714 2.092072
vt 1.499551 2.071095
vt 1.540803 2.049333
vt 1.584702 2.051186
vt 1.644837 2.061756
vt 1.719555 2.080510
vt 1.804559 2.106103
vt 1.895334 2.136929
vt 1.988315 2.171087
vt 2.080168 2.206609
vt 2.167559 2.241527
vt 2.248034 2.274306
vt 2.322659 2.305155
vt 2.393385 2.334716
vt 2.462162 2.363631
vt 2.530666 2.392673
vt 2.599494 2.423140
vt 2.668975 2.456456
vt 2.739431 2.494049
vt 2.811459 2.537017
vt 2.934144 2.536399
vt 2.639774 1.537584
vt 2.587470 1.508676
vt 2.536008 1.479550
vt 2.485098 1.450665
vt 2.434448 1.422513
vt 2.383818 1.395452
vt 2.333166 1.369309
vt 2.282498 1.343779
vt 2.231823 1.318556
vt 2.181108 1.293373
vt 2.130153 1.268123
vt 2.078720 1.242733
vt 2.026568 1.217133
vt 1.974301 1.191364
vt 1.925906 1.165938
vt 1.885878 1.141429
vt 1.856851 1.117764
vt 1.839567 1.093989
vt 1.834556 1.071320
vt 1.842930 1.052618
vt 1.864306 1.040304
vt 1.898736 1.035495
vt 1.944922 1.036848
vt 1.998948 1.042619
vt 2.054613 1.050477
vt 2.106630 1.058365
vt 2.154937 1.065948
vt 2.200769 1.073331
vt 2.245365 1.080611
vt 2.289818 1.088000
vt 2.334656 1.096146
vt 2.380265 1.105808
vt 2.427030 1.117746
vt 2.475446 1.132484
vt 2.504052 1.142016
vt 2.402291 0.812102
vt 0.897881 2.540611
vt 1.574123 2.540611
vt 1.564787 2.662280
vt 0.935660 2.650854
vt 0.894838 2.651595
vt 0.857466 4.191750
vt 0.522644 4.191701
vt 0.522644 4.347716
vt 0.856364 4.347644
vt 1.809409 0.522644
vt 1.809422 0.855977
vt 1.480944 0.855977
vt 1.477849 0.522644
vt 0.522644 4.194034
vt 0.859013 4.194025
vt 0.855978 4.674521
vt 0.522644 4.674510
vt 0.856060 4.450135
vt 0.522644 4.450138
vt 0.522644 4.561631
vt 0.855977 4.561547
vt 1.458452 4.191900
vt 1.454642 4.347420
vt 1.481516 4.347417
vt 1.485335 4.192163
vt -0.239531 1.452678
vt -0.239531 0.855977
vt -0.486060 0.855977
vt -0.486060 1.452677
vt 1.452679 4.655567
vt 0.855977 4.655473
vt 0.855977 4.740058
vt 1.452679 4.740010
vt -0.037165 0.855977
vt -0.036996 0.522644
vt -0.239531 0.522644
vt 1.414460 5.284925
vt 0.210855 4.695860
vt 0.112431 4.805498
vt 1.137149 5.991207
vt -0.670253 0.855977
vt -0.670253 1.452706
vt 1.061454 6.058368
vt 0.014589 4.845531
vt -0.218156 4.846068
vt 0.217167 6.229557
vt 0.873488 3.439766
vt 0.522644 3.439766
vt 0.522644 4.100102
vt 0.858520 4.099958
vt 0.522644 6.224018
vt 0.855977 6.224005
vt 0.855977 6.438166
vt 0.522644 6.442049
vt -0.154701 7.878315
vt -0.359184 6.285357
vt -0.944461 5.944151
vt -0.784531 7.503935
vt 0.837859 7.705564
vt 0.865370 0.855977
vt 0.865370 1.452546
vt -0.065239 1.452502
vt -0.065239 0.926780
vt 0.003706 0.855977
vt -1.482996 8.343708
vt -1.342597 8.427164
vt -0.921605 1.453574
vt -0.921605 0.856102
vt -1.137705 0.856610
vt -1.137705 1.455531
vt 0.855977 6.941351
vt 1.452490 6.941351
vt 1.452537 6.191455
vt 0.855977 6.191455
vt -1.471313 6.923613
vt -1.159350 5.778337
vt -1.516280 5.327724
vt -1.949823 6.159502
vt -0.922752 0.855977
vt -0.869288 0.927145
vt -0.869288 1.452428
vt -1.476145 1.452490
vt -1.476145 0.855977
vt 1.452428 7.453554
vt 0.927145 7.453554
vt 1.130630 8.293594
vt 1.248906 8.293594
vt -1.299029 0.857690
vt -1.299029 1.459184
vt 0.856419 4.532489
vt 1.454810 4.532489
vt 1.470428 4.030231
vt 0.861262 4.030231
vt -1.984777 1.454810
vt -1.984777 0.856419
vt -2.644859 0.856665
vt -2.644859 1.455688
vt -2.225114 5.839081
vt -1.750529 4.930106
vt -1.867718 4.638097
vt -2.504042 5.535251
vt -2.582783 4.436944
vt -2.664842 5.341892
vt 0.855977 5.560300
vt 1.452599 5.560300
vt 1.452619 5.333341
vt 0.855977 5.333341
vt 1.459184 4.374203
vt 0.857690 4.374203
vt 0.860430 4.145223
vt 1.467865 4.145223
vt 1.452572 5.862205
vt 0.855977 5.862205
vt 1.455688 4.346803
vt 0.856665 4.346803
vt 0.863361 3.965385
vt 1.476861 3.965385
vt -1.341596 4.426614
vt -1.457516 4.179900
vt -0.808428 7.489729
vt -0.137811 7.888355
vt -1.326357 8.436817
vt -1.505975 8.330050
vt 0.522644 5.560300
vt 0.522644 5.333341
vt -2.183632 1.470428
vt -1.525345 1.476861
vt -1.525345 0.863361
vt -2.183632 0.861262
vt -1.167117 4.583809
vt 0.522644 6.191455
vt 0.522644 5.862205
vt 0.522644 4.532489
vt 0.522644 4.030231
vt -0.935975 4.704858
vt 0.522644 6.941351
vt -1.552090 4.038321
vt -2.084421 4.090760
vt -1.389672 1.142465
vt -1.389672 1.236155
vt -1.551148 1.236155
vt -1.551148 1.142465
vt -0.480280 4.838147
vt -0.685507 4.804909
vt 0.865370 0.522644
vt -0.065239 0.786014
vt -0.065239 0.522644
vt 1.452603 6.223963
vt 1.452597 6.443260
vt -0.869288 0.522644
vt -0.869288 0.786014
vt -1.476145 0.522644
vt 2.524518 6.179920
vt 2.289632 5.990541
vt 2.306152 6.050459
vt 2.324305 6.122086
vt 2.342566 6.195670
vt 2.362022 6.271536
vt 2.383280 6.351561
vt 1.809465 1.452577
vt 1.476885 1.452566
vt 1.481684 0.935658
vt 1.770542 7.131569
vt 1.463571 6.666889
vt 1.471515 6.748108
vt 1.477560 6.826258
vt 1.481794 6.902227
vt 1.484307 6.976910
vt 1.485214 7.051142
vt 1.484750 7.125556
vt 1.483177 7.200739
vt 1.480755 7.277267
vt 1.479649 7.310591
vt 2.975641 4.193649
vt 2.516521 4.193592
vt 2.539834 4.214454
vt 2.595419 4.264039
vt 2.650549 4.313936
vt 2.705428 4.365490
vt 2.759961 4.420047
vt 2.814059 4.478961
vt 2.867984 4.543378
vt 2.923414 4.613634
vt 2.960615 4.661189
vt 2.978155 4.684309
vt 0.894565 2.737506
vt 1.566405 2.737506
vt 1.617266 2.085494
vt 0.913037 2.085494
vt 0.522644 2.540611
vt 0.522644 2.658356
vt 1.419478 0.522644
vt 2.446139 0.522644
vt 2.886723 2.585157
vt 2.937788 2.618420
vt 1.702763 0.743319
vt 1.702763 1.027394
vt 0.522644 0.737506
vt 0.522644 1.028240
vt 1.655151 1.291019
vt 0.928034 1.290453
vt 0.919018 1.515740
vt 1.632526 1.514467
vt -1.124920 0.812858
vt 1.463398 4.193998
vt 1.452782 4.674555
vt 1.506699 3.439766
vt 2.987668 3.439766
vt 1.495512 4.093450
vt 2.115306 4.093091
vt 2.094197 4.066037
vt 2.034481 3.992303
vt 1.975111 3.922143
vt 1.918004 3.857075
vt 1.867472 3.799320
vt 1.828031 3.750966
vt 1.802238 3.712304
vt 1.790903 3.682183
vt 1.809536 3.652735
vt 1.837117 3.657170
vt 1.875688 3.675848
vt 1.926069 3.708557
vt 1.987441 3.753712
vt 2.056970 3.807995
vt 2.131505 3.867914
vt 2.208082 3.930700
vt 2.283782 3.993759
vt 2.355678 4.054503
vt 2.400342 4.092926
vt 2.975001 4.092594
vt 0.522644 2.737506
vt 0.522644 2.085494
vt -1.525345 0.522644
vt -2.183632 0.522644
vt 0.522644 4.346803
vt -1.984778 0.522644
vt -2.644859 0.522644
vt 0.522644 4.145223
vt 0.522644 3.965385
vt 0.522644 4.374203
vt -1.137705 0.522644
vt -1.299029 0.522644
vt -0.921605 0.522644
vt -0.670253 0.522644
vt -0.486060 0.522644
vt -0.037684 1.452678
vt 0.522644 4.655443
vt 0.522644 4.740073
vt 1.453380 4.450129
vt 1.452707 4.561287
vt 1.461897 4.099516
vt 0.522644 1.163886
vt -1.124920 0.522644
vt -1.549045 0.522644
vt -1.266006 1.246831
vt -1.266006 1.132427
vt -0.137811 0.855977
vt -0.808428 0.855977
vt -0.070764 0.899685
vt -0.086495 0.876715
vt -0.110039 0.861366
vt -0.831718 0.861394
vt -0.851462 0.876821
vt -0.864655 0.899910
vt -1.515700 8.325384
vt -1.533833 8.343496
vt -1.504015 8.361820
vt -1.543073 8.309427
vt -1.557348 8.328972
vt -1.549385 8.357512
vt -1.524348 8.375681
vt -1.573689 8.343008
vt 1.245981 8.316916
vt 1.270876 8.321873
vt 1.275578 8.298264
vt 1.242530 8.342131
vt 1.266925 8.343008
vt 1.291019 8.328972
vt 1.298282 8.309427
vt -1.540899 1.263916
vt -1.560536 1.265268
vt -1.570761 1.239080
vt -1.524348 1.289426
vt -1.549385 1.287196
vt 1.239080 8.365397
vt 1.265268 8.362619
vt 1.287196 8.357512
vt -1.358781 8.448150
vt -1.336156 8.466691
vt -1.319982 8.452614
vt -1.373410 8.465401
vt -1.332245 8.484593
vt -1.297485 8.472656
vt -1.361821 1.238604
vt -1.356315 1.264931
vt -1.384257 1.263916
vt -1.328540 1.241493
vt -1.332245 1.281471
vt -1.373410 1.289426
vt -1.278531 1.272695
vt -1.305243 1.269183
vt -1.294894 1.244382
vt -1.297485 1.295510
vt -1.294894 1.134730
vt -1.303468 1.109692
vt -1.276721 1.106220
vt -1.328540 1.137446
vt -1.328617 1.112733
vt -1.312713 1.089252
vt -1.291953 1.083164
vt -1.344558 1.091869
vt -1.380532 1.114704
vt -1.353677 1.113793
vt -1.361821 1.140162
vt -1.365290 1.089194
vt -1.309383 8.458308
vt -1.328291 8.471093
vt -1.346266 8.455589
vt -1.291953 8.475124
vt -1.312713 8.483535
vt -1.344558 8.481427
vt -1.365290 8.470228
vt -1.328291 1.078421
vt 1.103595 8.296478
vt 1.107733 8.320778
vt 1.135334 8.316809
vt 1.080590 8.304419
vt 1.096830 8.339933
vt 1.139234 8.341986
vt -1.523187 8.350489
vt -1.547328 8.336807
vt -1.529101 8.316208
vt -1.537817 8.367763
vt -1.566881 8.339933
vt -1.548744 8.304419
vt -1.570836 1.141739
vt -1.567192 1.112937
vt -1.547635 1.114530
vt 1.141739 8.365290
vt 1.112937 8.360169
vt 1.114530 8.379241
vt 1.088959 8.367763
vt -1.124920 1.702762
vt 1.419478 1.702760
vt -1.124920 1.730763
vt 1.419478 1.730762
vt 1.419478 0.759409
vt -1.124920 0.759576
vt -1.124920 0.784022
vt 1.419478 0.783670
vt 3.006035 4.668309
vt 3.000999 4.193785
vt 3.027276 4.671597
vt 3.022496 4.193883
vt 1.479592 4.673805
vt 1.490555 4.193953
vt 1.513648 4.193883
vt 1.502339 4.671597
vt -1.549045 1.947132
vt -1.043738 2.777135
vt -1.086403 2.756309
vt 1.620374 2.756309
vt 1.678636 2.044969
vt 1.649634 2.074962
vt 1.596106 2.742393
vt -1.549045 0.813860
vt -1.549045 0.784641
vt -1.549045 0.759870
vt -1.549045 1.730764
vt -1.549045 1.702763
vt 1.715304 1.302088
vt 1.687711 1.294246
vt 1.665514 1.508129
vt 1.695130 1.493291
vt 1.678636 1.769820
vt 1.649634 1.779831
vt -1.694309 1.039264
vt -1.730493 1.122171
vt -1.757560 1.222843
vt -1.768258 1.314305
vt -1.762469 1.452424
vt -1.752264 1.548236
vt -1.724382 1.650426
vt -1.686296 1.731611
vt 1.617266 1.783585
vt 0.913037 1.783401
vt 1.625655 1.568685
vt 1.665114 1.564824
vt 1.604641 2.540290
vt 1.685927 1.557972
vt 1.630831 2.539377
vt 2.982149 2.539377
vt 2.679542 1.557972
vt 2.960125 2.538011
vt 2.442801 1.702757
vt 2.433296 1.730761
vt 2.433296 0.759355
vt 2.419071 0.783556
vt -0.529903 3.439766
vt -0.556324 3.439766
vt 1.558733 3.439766
vt 1.534976 3.439766
vt 2.964456 2.636046
vt 2.987025 2.650251
vt 1.621841 2.650251
vt 1.595225 2.659438
vt 1.504366 4.347977
vt 1.507989 4.192520
vt 3.000415 4.091961
vt 2.999974 3.455196
vt 0.113309 4.192520
vt 0.175593 4.347977
vt 0.201802 4.349024
vt 0.139432 4.192897
vt 1.488914 4.098740
vt 1.511681 4.097562
vt 0.076639 4.096071
vt 0.051962 4.097562
vt 0.106014 4.094597
vt 1.479481 4.563830
vt 1.480197 4.450504
vt -0.237904 1.479453
vt -0.034235 1.479453
vt -0.233271 1.502151
vt -0.023152 1.502151
vt -0.226336 4.820072
vt -0.006079 4.820062
vt -0.023152 4.798464
vt -0.233271 4.798033
vt 0.137182 4.658730
vt 0.059284 4.744955
vt 0.071756 4.759152
vt 0.154427 4.667492
vt 2.608966 6.119689
vt 2.764845 5.599995
vt 2.752486 5.567982
vt 2.591411 6.105606
vt 1.479453 4.744955
vt 1.479453 4.658730
vt 1.479407 6.129189
vt 1.479411 5.616460
vt 1.502132 5.599995
vt 1.502129 6.119689
vt 1.452604 6.132570
vt 1.452611 5.621532
vt 0.221310 4.453214
vt 0.218023 4.583754
vt 0.194930 4.451589
vt 0.191936 4.571722
vt 2.737679 5.530920
vt 2.570639 6.089211
vt 1.502176 4.571722
vt 1.502968 4.451589
vt 0.857312 7.751823
vt 1.064082 7.624835
vt 1.077171 7.589958
vt 0.848387 7.730599
vt 0.863276 1.479371
vt 1.055056 1.479375
vt 1.064082 1.502114
vt 0.857312 1.502112
vt 1.051655 1.452552
vt -0.120465 7.898666
vt -0.091442 7.915918
vt -0.091442 1.502100
vt -0.072049 1.479344
vt 0.180306 4.680523
vt 0.090409 4.780421
vt 1.086720 7.563847
vt 1.452580 7.122881
vt 1.452584 6.958383
vt 1.479395 6.950498
vt 1.479392 7.118267
vt 1.497485 6.933299
vt 1.502122 7.105234
vt 1.874199 7.105234
vt 2.010391 6.933299
vt 2.010857 6.891407
vt 1.861365 7.085812
vt 2.010887 6.848551
vt 1.846135 7.063021
vt -0.482492 4.811716
vt -0.484367 4.789309
vt -0.484367 1.502151
vt -0.485620 1.479452
vt -0.671414 1.479473
vt -0.674721 1.502154
vt -0.674721 4.757456
vt -0.679669 4.779228
vt -1.139944 1.482297
vt -0.922699 1.480318
vt -1.146320 1.504784
vt -0.925814 1.502870
vt -0.925814 4.656024
vt -1.146320 4.539498
vt -1.155862 4.559828
vt -0.930476 4.678429
vt -0.862836 1.479298
vt -1.475549 1.479337
vt -0.844463 1.502078
vt -1.471313 1.517304
vt -0.816966 1.517299
vt -0.816966 7.484653
vt 1.479337 6.939163
vt 1.479366 6.189022
vt 1.517304 6.923613
vt 1.502110 6.182096
vt -1.961599 6.182096
vt -1.325307 4.406557
vt -1.311497 4.389554
vt -1.311497 1.508526
vt -1.302269 1.486033
vt 1.479387 5.859353
vt 1.502120 5.851233
vt -2.231459 5.851233
vt -1.437672 4.166630
vt -1.420849 4.155379
vt 1.517744 4.155379
vt 1.508526 4.389554
vt 1.486033 4.378192
vt 1.494991 4.147862
vt 1.479404 5.557211
vt 1.502128 5.548415
vt -2.510859 5.548415
vt -2.606539 4.402448
vt -2.691429 5.338620
vt -2.626677 4.373204
vt -2.713969 5.335846
vt 1.502134 5.335846
vt 1.504935 4.373204
vt 1.482464 4.353664
vt 1.479416 5.333992
vt -2.640134 1.482464
vt -1.975867 1.481539
vt -2.626677 1.504935
vt -1.950492 1.503945
vt -1.950492 4.563420
vt -1.912515 4.597682
vt -2.176080 1.497597
vt -1.527381 1.504059
vt -2.154574 1.520306
vt -1.533179 1.526476
vt -1.533179 3.986747
vt -2.154574 4.047960
vt -2.122387 4.067597
vt -1.541855 4.010409
vt 1.503945 4.563420
vt 1.520306 4.047960
vt 1.497597 4.034839
vt 1.481539 4.540527
vt 1.526476 3.986747
vt 1.504059 3.970937
vt -1.537817 1.088959
vt -0.831718 7.475885
vt -0.851462 7.464149
vt 0.876821 7.464149
vt 0.899910 7.456307
vt -0.844463 7.468309
vt -0.862836 7.457389
vt -1.560947 8.298264
vt 1.479298 7.457389
vt -0.110039 7.904863
vt -0.086495 7.918858
vt 0.054825 0.855977
vt 0.054811 0.522644
vt 0.522644 4.090798
vt 0.860352 4.090838
vt 1.885662 0.522644
vt 1.885671 0.855977
vt 0.522644 6.132626
vt 0.855977 6.132612
vt 3.021960 4.091500
vt 1.494841 4.091176
vt 1.518039 4.091500
vt 1.467566 4.090961
vt 0.059284 1.479453
vt 0.054868 1.452679
vt 1.502151 4.667492
vt 0.071756 1.502151
vt 1.479406 6.220581
vt 1.502129 6.211042
vt 2.545006 6.196778
vt 2.562396 6.211042
vt 1.806533 1.479391
vt 1.885699 1.452580
vt 1.882731 1.479392
vt 1.798084 1.502122
vt 1.874199 1.502122
vt 1.785433 7.154566
vt 1.798084 7.174045
vt 2.190953 4.193551
vt 2.152941 4.141998
vt 2.467052 4.684896
vt 2.442945 4.626547
vt 2.418673 4.573037
vt 1.963131 5.721530
vt 1.947524 5.634081
vt 1.938215 5.579982
vt 1.421861 6.421623
vt 1.441713 6.504587
vt 1.453647 6.583323
vt 0.522644 1.783340
vt 0.522644 1.290269
vt 0.522644 1.516154
vt 1.733633 1.314305
vt 1.716687 1.473939
vt 1.726879 1.452424
vt 1.730764 0.759870
vt 1.730764 1.031321
vt 1.749473 0.784641
vt 1.749473 1.039264
vt 1.695237 1.205409
vt 1.662443 1.202992
vt 1.700747 1.107734
vt 1.667781 1.106538
vt 0.522644 1.106807
vt 0.933007 1.106772
vt 0.522644 1.202716
vt 0.930906 1.202793
vt 1.657574 1.600536
vt 1.686883 1.587555
vt 1.651762 1.699986
vt 1.680846 1.688772
vt -1.770568 1.473939
vt -1.790346 1.493291
vt -1.782992 1.587555
vt -1.761782 1.569465
vt -1.757510 1.688772
vt -1.735486 1.672031
vt 1.741553 1.222843
vt 1.723034 1.212185
vt 1.747351 1.122171
vt 1.728692 1.113078
vt 0.916028 1.606302
vt 1.624896 1.605690
vt 0.913838 1.704273
vt 1.619310 1.704195
vt 0.522644 1.704298
vt 0.522644 1.606501
vt -1.124920 -0.624446
vt -1.124920 0.111511
vt 1.419478 0.111511
vt 1.419478 -0.624442
vt -1.549045 -0.624447
vt -1.549045 0.111511
vt -0.624438 0.737506
vt 0.111511 0.737506
vt 0.120078 1.167841
vt -0.431869 1.173265
vt -0.499893 1.175685
vt -0.606988 1.179108
vt 2.446139 0.111511
vt 2.446139 -0.624438
vt -0.624447 0.737506
vt -0.624447 1.027501
vt 0.111511 1.028120
vt 2.508345 1.155935
vt 2.475823 1.144920
vt 2.427321 1.129683
vt 2.380405 1.117174
vt 2.334599 1.106882
vt 2.289530 1.098067
vt 2.244830 1.089990
vt 2.199994 1.082012
vt 2.153958 1.073931
vt 2.105528 1.065650
vt 2.053503 1.057068
vt 1.998012 1.048622
vt 1.944533 1.042807
vt 1.899890 1.042006
vt 1.871376 1.045768
vt 1.853744 1.056189
vt 1.844536 1.074277
vt 1.849944 1.096696
vt 1.863969 1.116516
vt 1.888249 1.136001
vt 1.927163 1.160293
vt 1.975330 1.185462
vt 2.027663 1.210630
vt 2.079806 1.235556
vt 2.131117 1.260269
vt 2.181869 1.284853
vt 2.232346 1.309370
vt 2.282780 1.333934
vt 2.333223 1.358827
vt 2.383682 1.384373
vt 2.434165 1.410894
vt 2.484731 1.438577
vt 2.535645 1.467059
vt 2.587228 1.495842
vt 2.618377 1.512664
vt 2.760125 2.525602
vt 2.735845 2.510970
vt 2.665357 2.472410
vt 2.595801 2.438108
vt 2.526866 2.406642
vt 2.458239 2.376587
vt 2.389346 2.346653
vt 2.318559 2.316081
vt 2.243980 2.284244
vt 2.163718 2.250514
vt 2.076741 2.214698
vt 1.985435 2.178327
vt 1.893040 2.143364
vt 1.802797 2.111774
vt 1.718236 2.085558
vt 1.644167 2.066756
vt 1.585708 2.056838
vt 1.548675 2.055059
vt 1.524820 2.061121
vt 1.516263 2.096334
vt 1.533567 2.117378
vt 1.565207 2.141000
vt 1.616999 2.173982
vt 1.682979 2.213689
vt 1.756816 2.259819
vt 1.832875 2.312202
vt 1.909446 2.369337
vt 1.985804 2.429350
vt 2.050476 2.481574
vt 0.147406 2.540611
vt 0.150822 2.665175
vt -0.431870 2.676595
vt -0.517965 2.682282
vt -0.528836 2.540611
vt 0.187822 4.191750
vt 0.188923 4.347644
vt 1.474718 0.189311
vt 1.809422 0.189311
vt 0.189310 4.674521
vt 0.186275 4.194025
vt 0.189228 4.450135
vt 0.189310 4.561547
vt -0.413164 4.191900
vt -0.440047 4.192163
vt -0.436229 4.347417
vt -0.409355 4.347420
vt -0.239531 -0.407391
vt -0.486060 -0.407390
vt -0.486060 0.189310
vt -0.239531 0.189310
vt -0.407392 4.655567
vt -0.407391 4.740010
vt 0.189310 4.740058
vt 0.189310 4.655473
vt -0.037165 0.189310
vt -0.670253 -0.407418
vt -0.670253 0.189310
vt 0.171799 3.439766
vt 0.186767 4.099958
vt 0.189311 6.445933
vt 0.189311 6.224005
vt 0.865370 0.189311
vt 0.003706 0.189311
vt -0.065239 0.118507
vt -0.065239 -0.407215
vt 0.865370 -0.407259
vt -0.921605 -0.408286
vt -1.137705 -0.410243
vt -1.137705 0.188677
vt -0.921605 0.189185
vt 0.189310 6.941351
vt 0.189310 6.191455
vt -0.407250 6.191455
vt -0.407203 6.941351
vt -1.468318 6.912618
vt -0.922752 0.189310
vt -1.476145 0.189310
vt -1.476145 -0.407203
vt -0.869288 -0.407141
vt -0.869288 0.118143
vt -0.407141 7.453554
vt -0.203618 8.293594
vt -0.085343 8.293594
vt 0.118143 7.453554
vt -1.299029 -0.413896
vt -1.299029 0.187597
vt 0.188868 4.532489
vt 0.184025 4.030231
vt -0.425141 4.030231
vt -0.409523 4.532489
vt -1.984777 -0.409523
vt -2.644859 -0.410401
vt -2.644859 0.188622
vt -1.984777 0.188868
vt -2.496001 5.519722
vt 0.189310 5.560300
vt 0.189310 5.333341
vt -0.407332 5.333341
vt -0.407312 5.560300
vt -0.413896 4.374203
vt -0.422578 4.145223
vt 0.184857 4.145223
vt 0.187597 4.374203
vt 0.189310 5.862205
vt -0.407285 5.862205
vt -0.410401 4.346803
vt 0.188622 4.346803
vt -0.431573 3.965385
vt 0.181926 3.965385
vt -2.183632 -0.425141
vt -2.183632 0.184025
vt -1.525345 0.181926
vt -1.525345 -0.431573
vt -1.389672 -0.097178
vt -1.551148 -0.097178
vt -1.551148 -0.190868
vt -1.389672 -0.190868
vt -0.065239 0.259273
vt -0.407310 6.452961
vt -0.407315 6.223963
vt -0.869288 0.259273
vt 2.374293 6.358428
vt 2.353568 6.278039
vt 2.334593 6.201710
vt 2.316777 6.127578
vt 2.299045 6.055349
vt 2.279422 5.982286
vt 1.468694 -0.407279
vt 1.809465 -0.407290
vt 1.471120 7.315840
vt 1.472765 7.279821
vt 1.475839 7.202977
vt 1.478018 7.127465
vt 1.479029 7.052735
vt 1.478604 6.978233
vt 1.476511 6.903348
vt 1.472655 6.827230
vt 1.466975 6.748975
vt 1.458528 6.659337
vt 2.980980 4.664502
vt 2.939972 4.657831
vt 2.916009 4.626310
vt 2.861086 4.555151
vt 2.807629 4.489789
vt 2.753982 4.429867
vt 2.699876 4.374275
vt 2.645389 4.321708
vt 2.590598 4.270864
vt 2.535293 4.220451
vt 2.505482 4.193590
vt 0.150723 2.737506
vt 0.132250 2.085494
vt -0.571978 2.085494
vt -0.521117 2.737506
vt 2.938787 2.640914
vt 2.882989 2.603927
vt 2.807845 2.554856
vt -0.657476 0.743319
vt -0.657476 1.027394
vt -0.609863 1.291019
vt -0.587239 1.514467
vt 0.126269 1.515740
vt 0.117253 1.290453
vt -0.407494 4.674555
vt -0.418110 4.193998
vt -0.461412 3.439766
vt 2.974269 3.439766
vt 2.391489 4.092931
vt 2.351931 4.058714
vt 2.280395 3.997598
vt 2.205102 3.934242
vt 2.128937 3.871205
vt 2.054782 3.811048
vt 1.985573 3.756609
vt 1.924597 3.711854
vt 1.875282 3.680506
vt 1.841652 3.664253
vt 1.801001 3.668152
vt 1.799242 3.689032
vt 1.809220 3.715458
vt 1.831680 3.749225
vt 1.869756 3.796798
vt 1.919942 3.854308
vt 1.977263 3.919143
vt 2.037001 3.989072
vt 2.097117 4.062565
vt 2.121064 4.093088
vt -0.037684 -0.407391
vt -0.408093 4.450129
vt -0.407419 4.561287
vt -0.416610 4.099516
vt -1.266006 -0.087139
vt -1.266006 -0.201543
vt -0.808428 0.189310
vt -0.137811 0.189310
vt -0.110039 0.183921
vt -0.086495 0.168573
vt -0.070764 0.145602
vt -0.864655 0.145377
vt -0.851462 0.168466
vt -0.831718 0.183893
vt -0.230291 8.298264
vt -0.225589 8.321873
vt -0.200693 8.316916
vt -0.221638 8.343008
vt -0.197243 8.342131
vt -0.252995 8.309427
vt -0.245732 8.328972
vt -1.570761 -0.193793
vt -1.560536 -0.219980
vt -1.540899 -0.218629
vt -1.549385 -0.241909
vt -1.524348 -0.244138
vt -0.193793 8.365397
vt -0.219980 8.362619
vt -0.241909 8.357512
vt -1.349822 8.478367
vt -1.316898 8.481457
vt -1.384257 -0.218629
vt -1.356315 -0.219643
vt -1.361821 -0.193317
vt -1.330328 -0.220793
vt -1.328540 -0.196206
vt -1.373410 -0.244138
vt -1.349822 -0.241518
vt -1.294894 -0.199094
vt -1.305243 -0.223896
vt -1.278531 -0.227408
vt -1.316898 -0.244164
vt -1.297485 -0.250223
vt -1.276721 -0.060933
vt -1.303468 -0.064404
vt -1.294894 -0.089442
vt -1.328634 -0.051970
vt -1.328540 -0.092159
vt -1.291953 -0.037877
vt -1.361821 -0.094875
vt -1.353677 -0.068506
vt -1.380532 -0.069417
vt -1.365290 -0.043907
vt -1.309383 -0.021481
vt -1.328291 -0.033134
vt -1.346266 -0.024532
vt -0.090046 8.316809
vt -0.062445 8.320778
vt -0.058308 8.296478
vt -0.043479 8.326151
vt -0.035303 8.304419
vt -0.093947 8.341986
vt -0.067023 8.341232
vt -1.558029 8.351582
vt -1.562417 8.326151
vt -0.031180 8.336807
vt -0.046839 8.351582
vt -1.547635 -0.069242
vt -1.567192 -0.067650
vt -1.570836 -0.096451
vt -0.096451 8.365290
vt -0.067650 8.360169
vt -1.537817 -0.043672
vt -1.558029 -0.046839
vt 1.419478 -0.657473
vt -1.124920 -0.657475
vt 1.419478 -0.685475
vt -1.124920 -0.685476
vt -0.434305 4.673805
vt -0.457051 4.671597
vt -0.468361 4.193883
vt -0.445267 4.193953
vt 2.996080 3.425566
vt 3.008714 3.439766
vt 3.021752 3.455335
vt -0.575086 2.756309
vt -0.550818 2.742393
vt -0.604347 2.074962
vt -0.633349 2.044969
vt -1.549045 -0.685476
vt -1.549045 -0.657476
vt -0.670017 1.302088
vt -0.649843 1.493291
vt -0.620227 1.508129
vt -0.642424 1.294246
vt -0.604347 1.779831
vt -0.633349 1.769820
vt -0.571978 1.783585
vt 0.132250 1.783401
vt -0.559353 2.540290
vt -0.613292 1.552350
vt -0.581073 1.555387
vt -0.585544 2.539377
vt -0.641500 1.542635
vt 2.639798 1.524594
vt 2.674813 1.542635
vt 2.442801 -0.657470
vt 2.433296 -0.685473
vt -0.513446 3.439766
vt -0.489689 3.439766
vt 2.963232 2.657395
vt 2.988006 2.672542
vt -0.548251 2.680777
vt -0.574746 2.672542
vt -0.462702 4.192520
vt -0.459078 4.347977
vt -0.443626 4.098740
vt -0.466393 4.097562
vt -0.434910 4.450504
vt -0.434194 4.563830
vt -0.237904 -0.434165
vt -0.034235 -0.434166
vt -0.233271 -0.456864
vt -0.023152 -0.456864
vt 2.760109 5.542540
vt 2.772705 5.573789
vt -0.434166 4.658730
vt -0.434166 4.744955
vt -0.434120 6.129189
vt -0.456842 6.119689
vt -0.407317 6.132570
vt -0.407324 5.599373
vt 2.744893 5.506808
vt -0.457680 4.451589
vt -0.456889 4.571722
vt 1.087853 7.583391
vt 1.074568 7.618395
vt 0.863276 -0.434084
vt 0.857312 -0.456825
vt 1.074568 -0.456827
vt 1.065138 -0.434088
vt 1.061807 -0.407265
vt -0.072049 -0.434057
vt -0.091442 -0.456812
vt 1.102701 7.542574
vt -0.407293 7.122881
vt -0.434105 7.118267
vt -0.456835 7.105234
vt 2.021336 6.877779
vt 2.020951 6.914555
vt 2.021056 6.823696
vt -0.484367 -0.456864
vt -0.485620 -0.434165
vt -0.671414 -0.434185
vt -0.674721 -0.456867
vt -0.922699 -0.435031
vt -1.139944 -0.437010
vt -0.925814 -0.457583
vt -1.146320 -0.459497
vt -1.475549 -0.434049
vt -0.862836 -0.434011
vt -1.473853 -0.456809
vt -0.844463 -0.456790
vt -1.468318 -0.477356
vt -0.816966 -0.472011
vt -0.434078 6.189022
vt -0.434049 6.939163
vt -0.456823 6.182096
vt -0.456809 6.932936
vt -1.473853 6.932936
vt -1.311497 -0.463239
vt -1.302269 -0.440746
vt -0.434100 5.859353
vt -0.456833 5.851233
vt -0.472457 4.155379
vt -0.449703 4.147862
vt -0.440746 4.378192
vt -0.463239 4.389554
vt -0.434117 5.557211
vt -0.456841 5.548415
vt -0.456847 5.335846
vt -0.434129 5.333992
vt -0.437177 4.353664
vt -0.459647 4.373204
vt -1.975867 -0.436251
vt -2.640134 -0.437177
vt -1.950492 -0.458658
vt -2.626677 -0.459647
vt -1.527381 -0.458772
vt -2.176080 -0.452309
vt -1.533179 -0.481189
vt -2.154574 -0.475018
vt -0.458658 4.563420
vt -0.436251 4.540527
vt -0.452309 4.034839
vt -0.475018 4.047960
vt -0.481189 3.986747
vt -0.458772 3.970937
vt 0.168466 7.464149
vt 0.145377 7.456307
vt -0.434011 7.457389
vt 0.054825 0.189310
vt 0.184935 4.090838
vt 1.885671 0.189311
vt 0.189311 6.132612
vt -0.472752 4.091500
vt -0.449553 4.091176
vt -0.422278 4.090961
vt 0.054868 -0.407391
vt 0.059284 -0.434166
vt -0.456864 4.667492
vt 0.071756 -0.456864
vt -0.434119 6.220581
vt -0.456842 6.211042
vt 1.806533 -0.434103
vt 1.882731 -0.434105
vt 1.885699 -0.407293
vt 1.798084 -0.456834
vt 1.874199 -0.456835
vt 2.156260 4.138238
vt 2.197393 4.193552
vt 2.427307 4.574441
vt 2.448002 4.618931
vt 2.476290 4.686401
vt 1.943153 5.583957
vt 1.951438 5.632393
vt 1.967509 5.719566
vt 1.449837 6.584108
vt 1.437880 6.505951
vt 1.423633 6.442163
vt 1.409200 6.400291
vt -0.688346 1.314305
vt -0.681591 1.452424
vt -0.671400 1.473939
vt -0.685476 0.759870
vt -0.685476 1.031321
vt -0.704185 0.784641
vt -0.704185 1.039264
vt -0.617155 1.202992
vt -0.649950 1.205409
vt -0.622494 1.106538
vt -0.655459 1.107734
vt 0.112280 1.106772
vt 0.114382 1.202793
vt -0.641595 1.587555
vt -0.612287 1.600536
vt -0.635558 1.688772
vt -0.606474 1.699986
vt -0.677747 1.212185
vt -0.696266 1.222843
vt -0.683405 1.113078
vt -0.702063 1.122171
vt -0.579609 1.605690
vt 0.129260 1.606302
vt -0.574023 1.704195
vt 0.131449 1.704273
vt 1.522644 5.363085
vt 1.522644 5.384097
vt 2.208082 1.550675
vt 2.131505 1.554751
vt 1.926069 1.565783
vt 1.875688 1.568113
vt -0.434096 7.394419
vt -0.407279 7.400764
vt 0.189311 7.397068
vt 0.522644 7.395147
vt 0.855977 7.393248
vt 0.935658 7.392794
vt 2.462162 1.668330
vt 2.393385 1.670400
vt 2.478149 4.169158
vt 2.417566 4.115677
vt 1.522643 6.866407
vt 1.522644 6.948416
vt 2.561007 1.173542
vt 2.526820 1.162327
vt 2.056970 1.558771
vt 1.987441 1.562593
vt 2.026568 1.734819
vt 2.078720 1.733477
vt 2.427030 1.738680
vt 2.380265 1.739653
vt 1.522643 7.382521
vt 1.522643 7.472494
vt -0.424498 1.558968
vt 0.128033 1.567448
vt 2.394636 6.392326
vt 2.224649 5.810619
vt 2.240442 5.847509
vt 2.265338 5.913301
vt 1.755081 1.678411
vt 1.830620 1.674934
vt 1.524455 1.687667
vt 1.561846 1.686193
vt 1.522644 6.529181
vt 1.522644 6.611769
vt 1.050372 0.522644
vt 2.167559 1.677099
vt 2.080168 1.679627
vt 1.547084 3.992303
vt 1.542347 4.066037
vt 1.965672 1.522644
vt 1.943213 1.522644
vt 1.597044 3.243417
vt 1.588641 3.341674
vt 1.522644 6.391284
vt 1.522643 6.360666
vt 1.982283 5.805079
vt 1.994896 5.889254
vt 2.005123 5.974046
vt 2.012741 6.061417
vt 2.017675 6.152739
vt 2.020440 6.247047
vt 2.021693 6.342797
vt 2.022090 6.438438
vt 2.022181 6.532966
vt 2.022053 6.627548
vt 2.021687 6.723888
vt 1.392145 6.375902
vt 1.469399 7.358732
vt 2.539834 1.534587
vt 2.516521 1.535389
vt 2.482443 1.536755
vt 2.886723 1.651661
vt 2.811459 1.656080
vt 1.742463 1.071320
vt 1.741275 1.093989
vt 1.525914 4.543378
vt 1.527496 4.478961
vt 2.988006 -0.574746
vt 3.003026 -0.548251
vt 3.008238 -0.517965
vt 3.007989 -0.431870
vt 1.468694 -0.434096
vt 1.469399 -0.466512
vt 1.522644 5.249680
vt 1.522644 5.372420
vt 1.319860 6.458984
vt 1.333452 6.405930
vt 1.350962 6.371832
vt 1.381540 6.360666
vt 1.522643 6.698895
vt 1.522644 6.783785
vt 1.522644 6.157015
vt 1.522643 6.251940
vt 1.555954 3.857075
vt 1.551596 3.922143
vt 1.565926 3.712304
vt 1.563279 3.750966
vt 1.906620 1.671186
vt 1.476876 1.479384
vt 1.522644 5.479435
vt 1.522644 5.551031
vt 0.855977 7.122916
vt 2.561827 1.624091
vt 2.632609 1.618128
vt 2.999841 4.711714
vt 3.018286 4.734544
vt 1.540610 4.093091
vt 1.538211 4.141998
vt 2.130153 1.732128
vt 1.522643 7.200739
vt 1.522643 7.125556
vt 2.283782 1.546583
vt 2.587470 1.715644
vt 2.639774 1.709965
vt 1.520736 7.563847
vt 1.517308 7.589958
vt 1.502114 7.624835
vt 1.479375 7.648296
vt 1.452552 7.656674
vt 1.128679 7.659128
vt 2.532584 1.728333
vt 2.504052 1.736818
vt 2.475446 1.737539
vt 1.522644 5.990541
vt 1.522644 5.913301
vt 1.522643 6.826258
vt 1.522644 6.748108
vt 0.189310 4.760122
vt -0.407339 4.773918
vt 2.705428 1.530276
vt 2.650549 1.531535
vt 1.522643 5.891930
vt 1.522643 5.977194
vt 1.502118 7.371025
vt 1.517309 7.343343
vt 1.522643 7.310591
vt 1.522643 7.277267
vt 2.275982 1.646170
vt 2.347636 1.640687
vt 1.522643 6.122086
vt 1.522643 6.050459
vt 1.522644 5.134173
vt 2.054613 1.743553
vt 1.998948 1.743965
vt 1.452656 4.754816
vt 0.935660 4.743428
vt 0.855977 4.745119
vt 1.522644 5.640683
vt 1.522644 5.563206
vt 2.595419 1.532753
vt 1.528941 4.420047
vt 3.007489 0.150822
vt 3.007190 0.522644
vt 3.006894 0.894838
vt 3.006862 0.935660
vt 2.485098 1.719568
vt 2.536008 1.717614
vt 1.522643 6.271536
vt 1.522643 6.195670
vt 2.679542 1.685927
vt 2.692500 1.665114
vt 1.522644 5.423346
vt -0.633711 1.178352
vt -0.657470 0.743185
vt 2.386386 6.403054
vt 1.527858 4.453669
vt 1.525779 4.537656
vt 1.569855 3.652735
vt 1.567960 3.682183
vt 2.322659 1.672519
vt 2.248034 1.674736
vt 1.618128 2.997988
vt 1.611695 3.072650
vt 2.668975 1.661773
vt 2.599494 1.664096
vt 1.988315 1.682218
vt 1.895334 1.684739
vt 1.604698 3.154102
vt 1.054487 0.189311
vt 1.522644 5.427120
vt 1.522644 5.384052
vt -0.434142 4.769071
vt -0.456885 4.754922
vt 1.577141 3.439766
vt 1.573279 3.455196
vt 1.555303 3.481039
vt 1.530034 3.499022
vt 1.501314 3.505886
vt 2.333166 1.725125
vt 2.383818 1.723328
vt 2.421605 4.110989
vt 2.482443 4.163873
vt 2.402099 6.419321
vt 2.434448 1.721479
vt 2.530666 1.666254
vt 1.452566 7.395739
vt 1.479384 7.389397
vt 1.522643 6.444479
vt 1.522643 6.539471
vt 2.355678 1.542643
vt 1.522644 6.065102
vt 2.135193 2.550931
vt 2.207927 2.610851
vt 2.279847 2.670360
vt 2.351362 2.729679
vt 2.422792 2.789233
vt 2.494111 2.850245
vt 2.565192 2.914142
vt 2.635922 2.982363
vt 2.706308 3.056277
vt 2.776903 3.136982
vt 2.848397 3.225514
vt 2.921466 3.322919
vt 2.972151 3.392091
vt 2.490650 1.629699
vt 1.944922 1.744268
vt 1.898736 1.744340
vt 1.993734 1.522644
vt 2.581228 -0.499893
vt 2.580482 -0.431869
vt 2.561007 -0.662221
vt 2.576967 -0.633711
vt 2.581293 -0.606988
vt 2.724574 5.499092
vt 2.687423 5.372420
vt 2.652795 5.249680
vt 2.619269 5.134173
vt 2.586077 5.024562
vt 2.552449 4.919507
vt 2.517679 4.817970
vt 2.481311 4.720149
vt 1.933399 5.551031
vt 1.923944 5.479435
vt 1.921604 5.423346
vt 1.928136 5.384097
vt 1.943213 5.363085
vt 1.965672 5.362816
vt 1.993734 5.384052
vt 2.026590 5.427120
vt 2.063936 5.488909
vt 2.103980 5.563206
vt 2.143503 5.640683
vt 2.179640 5.713423
vt 2.211914 5.781625
vt 1.522644 6.976910
vt 1.522644 6.902227
vt 1.837117 1.569474
vt 1.522643 6.351561
vt 1.522643 6.634413
vt 1.522643 6.731001
vt 0.522644 1.571597
vt 3.021760 3.481039
vt 1.856851 1.740028
vt 1.885878 1.738788
vt 1.479403 6.437265
vt 1.529840 4.373486
vt 1.522643 6.848551
vt 1.517311 6.891407
vt 1.522644 6.371832
vt 1.522643 6.405930
vt 1.522643 6.348288
vt 0.522644 7.122928
vt 0.189311 7.122916
vt 1.522644 5.488909
vt 1.743443 1.052618
vt 0.522644 4.752414
vt 0.917087 1.575865
vt 1.522644 5.847509
vt 1.522644 5.810619
vt 1.522644 5.781625
vt 2.394105 6.429707
vt 2.282498 1.726889
vt 2.759961 1.528941
vt 2.763654 0.935660
vt 1.925906 1.737503
vt 1.974301 1.736170
vt 1.559946 3.799320
vt 1.522644 6.421623
vt 1.522643 7.051142
vt 2.213072 4.214710
vt 2.266462 4.291080
vt 2.316410 4.368290
vt 2.363154 4.447772
vt 2.406931 4.530949
vt 1.523812 4.626547
vt 1.523594 4.684896
vt 1.523423 4.720149
vt 1.478346 7.343343
vt 1.708281 1.159775
vt 1.679719 1.165152
vt 1.702757 0.743185
vt 1.730761 0.759355
vt 2.289818 1.741238
vt 2.245365 1.741940
vt 1.522643 7.116804
vt 1.522643 7.204192
vt 1.522644 5.634081
vt 1.522644 5.721530
vt 1.479462 4.749847
vt 1.502213 4.734544
vt 1.517456 4.711714
vt 1.522886 4.684309
vt 2.739431 1.659204
vt 2.402195 4.537656
vt 2.358689 4.453669
vt 2.312191 4.373486
vt 2.262495 4.295684
vt 2.209395 4.218842
vt 1.804559 1.687059
vt 2.154937 1.742741
vt 2.106630 1.743139
vt 2.576381 0.925366
vt 2.578495 1.646963
vt 2.572897 1.679719
vt 2.556762 1.708281
vt 2.702390 1.625655
vt -0.472119 4.732288
vt 3.015375 4.754922
vt 2.996905 4.732288
vt 1.502127 6.419321
vt 1.522643 6.666889
vt 3.007362 1.564787
vt 3.002090 1.595225
vt 2.987025 1.621841
vt 2.964456 1.640620
vt 1.864306 1.744088
vt 1.842930 1.743443
vt 1.477349 1.502118
vt 1.522643 6.458984
vt 1.615245 1.684201
vt 2.532584 1.151641
vt 1.047657 1.128679
vt 1.522644 5.713423
vt 1.982451 1.667274
vt 1.522644 5.499092
vt 1.522644 5.530920
vt 1.517313 5.567982
vt 1.522643 7.031458
vt 2.259055 5.916986
vt 2.234588 5.850657
vt 2.206515 5.784302
vt 1.719555 1.689047
vt 1.644837 1.690557
vt 2.200769 1.742354
vt 1.522952 4.817970
vt 1.584702 1.691111
vt 1.381540 1.522643
vt 1.524902 4.573037
vt 1.688969 2.092072
vt 1.687667 2.116920
vt 1.540803 1.691209
vt 1.499551 1.690069
vt 2.421605 1.539254
vt 2.400342 1.540152
vt 2.973367 3.419459
vt 2.917487 3.341674
vt 2.844779 3.243417
vt 2.773498 3.154102
vt 2.702991 3.072650
vt 2.632609 2.997988
vt 2.561827 2.928984
vt 2.490650 2.864267
vt 2.419209 2.802411
vt 2.347636 2.741990
vt 2.275982 2.681780
vt 2.203978 2.621374
vt 2.131264 2.560564
vt 2.057488 2.499146
vt 1.522644 5.579982
vt 2.556762 1.159775
vt 1.522644 5.024562
vt 1.522644 6.583323
vt 1.522643 6.504587
vt 2.181108 1.730379
vt 2.231823 1.728634
vt 2.334656 1.740491
vt 1.522644 4.919507
vt 2.035295 1.664493
vt 2.057488 1.662806
vt 1.535846 4.193551
vt 1.534887 4.218842
vt 1.809536 1.569855
vt 2.974374 4.703468
vt 1.740028 1.117764
vt 2.203978 1.651671
vt 1.681549 1.681517
vt 2.419209 1.635187
vt 1.522644 5.807359
vt 1.517312 6.392326
vt 1.350962 1.522644
vt 1.581995 3.419459
vt 1.371599 6.368124
vt 1.351694 6.383514
vt 1.336155 6.413984
vt 1.324951 6.457170
vt 1.313003 6.529114
vt 1.304094 6.611138
vt 1.296543 6.698117
vt 1.289024 6.782917
vt 1.280359 6.865434
vt 1.269426 6.947294
vt 1.255106 7.030133
vt 1.236560 7.115211
vt 1.214082 7.202284
vt 1.188249 7.290739
vt 1.159641 7.379966
vt 1.128801 7.469667
vt -0.662221 1.173542
vt -0.685473 0.759355
vt 1.524185 4.613634
vt 1.477349 7.371025
vt 1.522643 7.292978
vt 1.523016 4.661189
vt 1.531978 4.295684
vt 2.486764 4.711518
vt 2.523568 4.808300
vt 2.558800 4.908811
vt 2.592921 5.012881
vt 2.626652 5.121537
vt 2.660794 5.236090
vt 2.696150 5.357851
vt 2.734293 5.483080
vt 2.174729 5.715703
vt 2.139125 5.642645
vt 2.100122 5.565045
vt 2.060397 5.491373
vt 2.023594 5.431695
vt 1.994664 5.393879
vt 1.969607 5.374764
vt 1.946969 5.373638
vt 1.932462 5.395360
vt 1.926661 5.430344
vt 1.928702 5.479813
vt 1.937393 5.549846
vt 2.578810 0.120078
vt 2.577591 0.522644
vt 2.131264 1.657210
vt 2.937788 1.648733
vt 1.120122 7.472494
vt 1.151652 7.382521
vt 1.180912 7.292978
vt 1.207347 7.204192
vt 1.230375 7.116804
vt 1.249405 7.031458
vt 1.264144 6.948416
vt 1.275453 6.866407
vt 1.284484 6.783785
vt 1.292387 6.698895
vt 1.300280 6.611769
vt 1.309134 6.529181
vt 2.012106 6.731001
vt 2.013067 6.634413
vt 2.013726 6.539471
vt 2.014118 6.444479
vt 2.014164 6.348288
vt 2.013332 6.251940
vt 2.010979 6.157015
vt 2.006457 6.065102
vt 1.999268 5.977194
vt 1.989497 5.891930
vt 1.977375 5.807359
vt 1.411433 6.391284
vt 1.690069 2.071095
vt 0.408862 0.520061
vt 0.562631 0.522644
vt 0.559727 0.552131
vt 0.551126 0.580485
vt 0.537159 0.606615
vt 0.518362 0.629519
vt 0.495458 0.648316
vt 0.469328 0.662283
vt 0.440974 0.670884
vt 0.411487 0.673788
vt 0.382001 0.670884
vt 0.353647 0.662283
vt 0.327516 0.648316
vt 0.304613 0.629519
vt 0.285816 0.606615
vt 0.271849 0.580485
vt 0.263248 0.552131
vt 0.260343 0.522644
vt 0.263248 0.493158
vt 0.271849 0.464804
vt 0.285816 0.438673
vt 0.304613 0.415769
vt 0.327516 0.396973
vt 0.353647 0.383005
vt 0.382001 0.374404
vt 0.411487 0.371500
vt 0.440974 0.374404
vt 0.469328 0.383005
vt 0.495459 0.396973
vt 0.518362 0.415769
vt 0.537159 0.438673
vt 0.551126 0.464804
vt 0.559727 0.493158
vt 0.732823 0.522644
vt 0.726649 0.585334
vt 0.708363 0.645614
vt 0.678668 0.701169
vt 0.638706 0.749863
vt 0.590012 0.789825
vt 0.534457 0.819520
vt 0.474177 0.837806
vt 0.411487 0.843980
vt 0.348798 0.837806
vt 0.288518 0.819520
vt 0.232963 0.789825
vt 0.184269 0.749863
vt 0.144307 0.701169
vt 0.114612 0.645614
vt 0.096326 0.585334
vt 0.090152 0.522644
vt 0.096326 0.459955
vt 0.114612 0.399674
vt 0.144307 0.344120
vt 0.184269 0.295426
vt 0.232963 0.255463
vt 0.288518 0.225769
vt 0.348798 0.207483
vt 0.411487 0.201309
vt 0.474177 0.207483
vt 0.534457 0.225769
vt 0.590012 0.255463
vt 0.638706 0.295426
vt 0.678668 0.344120
vt 0.708363 0.399674
vt 0.726649 0.459955
vt 0.949438 0.522644
vt 0.939102 0.627593
vt 0.908489 0.728509
vt 0.858777 0.821514
vt 0.791876 0.903033
vt 0.710357 0.969934
vt 0.617352 1.019646
vt 0.516436 1.050259
vt 0.411487 1.060595
vt 0.306538 1.050258
vt 0.205623 1.019646
vt 0.112618 0.969934
vt 0.031099 0.903033
vt -0.035802 0.821514
vt -0.085514 0.728509
vt -0.116127 0.627593
vt -0.126463 0.522644
vt -0.116127 0.417695
vt -0.085514 0.316779
vt -0.035802 0.223775
vt 0.031099 0.142256
vt 0.112618 0.075354
vt 0.205623 0.025642
vt 0.306538 -0.004970
vt 0.411487 -0.015307
vt 0.516436 -0.004970
vt 0.617352 0.025643
vt 0.710357 0.075355
vt 0.791876 0.142256
vt 0.858777 0.223775
vt 0.908489 0.316779
vt 0.939102 0.417695
vt 1.199985 0.522644
vt 1.184834 0.676472
vt 1.139964 0.824389
vt 1.067099 0.960710
vt 0.969039 1.080196
vt 0.849553 1.178256
vt 0.713232 1.251121
vt 0.565316 1.295991
vt 0.411487 1.311141
vt 0.257659 1.295991
vt 0.109743 1.251121
vt -0.026578 1.178256
vt -0.146064 1.080196
vt -0.244124 0.960710
vt -0.316989 0.824389
vt -0.361859 0.676472
vt -0.377010 0.522644
vt -0.361859 0.368816
vt -0.316989 0.220899
vt -0.244124 0.084579
vt -0.146064 -0.034908
vt -0.026578 -0.132967
vt 0.109743 -0.205832
vt 0.257659 -0.250702
vt 0.411487 -0.265853
vt 0.565316 -0.250702
vt 0.713232 -0.205832
vt 0.849553 -0.132967
vt 0.969039 -0.034907
vt 1.067099 0.084579
vt 1.139964 0.220899
vt 1.184834 0.368816
vt 1.471970 0.522644
vt 1.451593 0.729534
vt 1.391246 0.928473
vt 1.293247 1.111817
vt 1.161362 1.272519
vt 1.000660 1.404404
vt 0.817317 1.502403
vt 0.618377 1.562750
vt 0.411487 1.583127
vt 0.204597 1.562750
vt 0.005658 1.502403
vt -0.177685 1.404403
vt -0.338387 1.272519
vt -0.470272 1.111817
vt -0.568271 0.928473
vt -0.628618 0.729534
vt -0.648995 0.522644
vt -0.628618 0.315754
vt -0.568271 0.116815
vt -0.470272 -0.066528
vt -0.338387 -0.227230
vt -0.177685 -0.359115
vt 0.005659 -0.457114
vt 0.204597 -0.517462
vt 0.411487 -0.537839
vt 0.618377 -0.517462
vt 0.817317 -0.457114
vt 1.000660 -0.359115
vt 1.161362 -0.227230
vt 1.293247 -0.066528
vt 1.391246 0.116815
vt 1.451593 0.315754
vt 1.752903 0.522644
vt 1.727128 0.784341
vt 1.650794 1.035982
vt 1.526834 1.267895
vt 1.360011 1.471168
vt 1.156738 1.637990
vt 0.924825 1.761950
vt 0.673185 1.838285
vt 0.411487 1.864060
vt 0.149790 1.838285
vt -0.101850 1.761950
vt -0.333763 1.637990
vt -0.537036 1.471168
vt -0.703859 1.267895
vt -0.827819 1.035982
vt -0.904153 0.784341
vt -0.929928 0.522644
vt -0.904153 0.260947
vt -0.827819 0.009307
vt -0.703859 -0.222606
vt -0.537036 -0.425880
vt -0.333763 -0.592702
vt -0.101850 -0.716662
vt 0.149790 -0.792996
vt 0.411487 -0.818771
vt 0.673185 -0.792996
vt 0.924825 -0.716662
vt 1.156738 -0.592702
vt 1.360012 -0.425879
vt 1.526834 -0.222606
vt 1.650794 0.009307
vt 1.727128 0.260947
vt 2.030290 0.522644
vt 1.999185 0.838457
vt 1.907066 1.142133
vt 1.757473 1.422003
vt 1.556154 1.667310
vt 1.310846 1.868629
vt 1.030976 2.018223
vt 0.727300 2.110342
vt 0.411487 2.141447
vt 0.095675 2.110342
vt -0.208002 2.018223
vt -0.487871 1.868629
vt -0.733179 1.667310
vt -0.934498 1.422003
vt -1.084091 1.142133
vt -1.176210 0.838457
vt -1.207315 0.522644
vt -1.176210 0.206831
vt -1.084091 -0.096845
vt -0.934498 -0.376714
vt -0.733178 -0.622022
vt -0.487871 -0.823341
vt -0.208001 -0.972934
vt 0.095675 -1.065053
vt 0.411487 -1.096158
vt 0.727300 -1.065053
vt 1.030977 -0.972934
vt 1.310846 -0.823341
vt 1.556154 -0.622022
vt 1.757473 -0.376714
vt 1.907066 -0.096845
vt 1.999185 0.206832
vt 2.291640 0.522644
vt 2.255513 0.889444
vt 2.148521 1.242147
vt 1.974777 1.567201
vt 1.740956 1.852113
vt 1.456044 2.085934
vt 1.130991 2.259678
vt 0.778287 2.366670
vt 0.411487 2.402797
vt 0.044688 2.366670
vt -0.308016 2.259678
vt -0.633069 2.085934
vt -0.917981 1.852113
vt -1.151802 1.567201
vt -1.325547 1.242147
vt -1.432538 0.889444
vt -1.468665 0.522644
vt -1.432538 0.155844
vt -1.325547 -0.196859
vt -1.151802 -0.521913
vt -0.917981 -0.806824
vt -0.633069 -1.040645
vt -0.308015 -1.214390
vt 0.044688 -1.321381
vt 0.411487 -1.357508
vt 0.778287 -1.321381
vt 1.130991 -1.214390
vt 1.456044 -1.040645
vt 1.740956 -0.806824
vt 1.974777 -0.521913
vt 2.148522 -0.196859
vt 2.255513 0.155845
vt 2.524460 0.522644
vt 2.483860 0.934865
vt 2.363619 1.331244
vt 2.168360 1.696549
vt 1.905585 2.016741
vt 1.585392 2.279517
vt 1.220087 2.474776
vt 0.823708 2.595016
vt 0.411487 2.635617
vt -0.000733 2.595016
vt -0.397112 2.474776
vt -0.762417 2.279517
vt -1.082610 2.016741
vt -1.345385 1.696549
vt -1.540645 1.331244
vt -1.660885 0.934865
vt -1.701485 0.522644
vt -1.660885 0.110423
vt -1.540644 -0.285955
vt -1.345385 -0.651260
vt -1.082609 -0.971453
vt -0.762417 -1.234228
vt -0.397111 -1.429488
vt -0.000733 -1.549728
vt 0.411487 -1.590328
vt 0.823708 -1.549728
vt 1.220087 -1.429487
vt 1.585392 -1.234228
vt 1.905585 -0.971452
vt 2.168360 -0.651260
vt 2.363620 -0.285955
vt 2.483860 0.110424
vt 2.671972 0.972283
vt 2.716258 0.522644
vt 2.540817 1.404642
vt 2.327834 1.803106
vt 2.041206 2.152363
vt 1.691949 2.438991
vt 1.293485 2.651974
vt 0.861126 2.783129
vt 0.411487 2.827415
vt -0.038151 2.783129
vt -0.470510 2.651974
vt -0.868975 2.438991
vt -1.218231 2.152363
vt -1.504859 1.803106
vt -1.717843 1.404641
vt -1.848998 0.972283
vt -1.893283 0.522644
vt -1.848998 0.073005
vt -1.717843 -0.359353
vt -1.504859 -0.757818
vt -1.218231 -1.107075
vt -0.868974 -1.393703
vt -0.470509 -1.606686
vt -0.038151 -1.737841
vt 0.411487 -1.782126
vt 0.861126 -1.737841
vt 1.293485 -1.606686
vt 1.691950 -1.393702
vt 2.041207 -1.107074
vt 2.327834 -0.757818
vt 2.540818 -0.359353
vt 2.671973 0.073006
vt 2.807600 0.999261
vt 2.854542 0.522644
vt 2.668576 1.457561
vt 2.442813 1.879933
vt 2.138988 2.250145
vt 1.768776 2.553970
vt 1.346404 2.779733
vt 0.888104 2.918757
vt 0.411487 2.965699
vt -0.065129 2.918757
vt -0.523429 2.779733
vt -0.945801 2.553970
vt -1.316013 2.250145
vt -1.619839 1.879933
vt -1.845601 1.457561
vt -1.984625 0.999261
vt -2.031568 0.522644
vt -1.984625 0.046027
vt -1.845601 -0.412272
vt -1.619838 -0.834645
vt -1.316013 -1.204857
vt -0.945801 -1.508682
vt -0.523428 -1.734444
vt -0.065129 -1.873468
vt 0.411487 -1.920411
vt 0.888104 -1.873468
vt 1.346404 -1.734444
vt 1.768777 -1.508681
vt 2.138989 -1.204856
vt 2.442813 -0.834645
vt 2.668576 -0.412272
vt 2.807600 0.046028
vt 2.858961 1.009477
vt 2.906910 0.522644
vt 2.716957 1.477601
vt 2.486356 1.909027
vt 2.176018 2.287175
vt 1.797870 2.597513
vt 1.366444 2.828114
vt 0.898320 2.970119
vt 0.411487 3.018067
vt -0.075345 2.970118
vt -0.543470 2.828114
vt -0.974896 2.597512
vt -1.353043 2.287175
vt -1.663381 1.909027
vt -1.893983 1.477601
vt -2.035987 1.009477
vt -2.083935 0.522644
vt -2.035987 0.035811
vt -1.893983 -0.432313
vt -1.663381 -0.863739
vt -1.353043 -1.241886
vt -0.974895 -1.552224
vt -0.543469 -1.782826
vt -0.075346 -1.924830
vt 0.411487 -1.972779
vt 0.898321 -1.924830
vt 1.366445 -1.782826
vt 1.797871 -1.552224
vt 2.176019 -1.241886
vt 2.486356 -0.863739
vt 2.716958 -0.432313
vt 2.858962 0.035812
vt 2.907533 1.019139
vt 2.956434 0.522644
vt 2.762711 1.496553
vt 2.527533 1.936541
vt 2.211036 2.322193
vt 1.825384 2.638690
vt 1.385396 2.873868
vt 0.907982 3.018691
vt 0.411487 3.067591
vt -0.085007 3.018690
vt -0.562422 2.873868
vt -1.002409 2.638690
vt -1.388062 2.322193
vt -1.704558 1.936541
vt -1.939737 1.496553
vt -2.084559 1.019139
vt -2.133459 0.522644
vt -2.084559 0.026149
vt -1.939737 -0.451265
vt -1.704558 -0.891253
vt -1.388061 -1.276905
vt -1.002409 -1.593402
vt -0.562421 -1.828580
vt -0.085007 -1.973402
vt 0.411487 -2.022302
vt 0.907982 -1.973402
vt 1.385397 -1.828580
vt 1.825384 -1.593401
vt 2.211037 -1.276904
vt 2.527533 -0.891253
vt 2.762712 -0.451265
vt 2.907534 0.026150
vt 2.952996 1.028182
vt 3.002787 0.522644
vt 2.805536 1.514292
vt 2.566074 1.962293
vt 2.243813 2.354970
vt 1.851136 2.677232
vt 1.403135 2.916693
vt 0.917025 3.064153
vt 0.411487 3.113944
vt -0.094050 3.064153
vt -0.580160 2.916693
vt -1.028162 2.677231
vt -1.420838 2.354970
vt -1.743100 1.962293
vt -1.982562 1.514291
vt -2.130022 1.028182
vt -2.179812 0.522644
vt -2.130021 0.017106
vt -1.982561 -0.469003
vt -1.743100 -0.917005
vt -1.420838 -1.309682
vt -1.028161 -1.631943
vt -0.580159 -1.871405
vt -0.094050 -2.018864
vt 0.411487 -2.068655
vt 0.917025 -2.018864
vt 1.403135 -1.871404
vt 1.851137 -1.631943
vt 2.243814 -1.309681
vt 2.566074 -0.917005
vt 2.805536 -0.469003
vt 2.952996 0.017107
vt 2.995030 1.036543
vt 3.045645 0.522644
vt 2.845131 1.530693
vt 2.601709 1.986104
vt 2.274118 2.385274
vt 1.874947 2.712866
vt 1.419536 2.956288
vt 0.925386 3.106187
vt 0.411487 3.156801
vt -0.102411 3.106187
vt -0.596561 2.956288
vt -1.051972 2.712866
vt -1.451143 2.385274
vt -1.778734 1.986103
vt -2.022157 1.530692
vt -2.172055 1.036543
vt -2.222670 0.522644
vt -2.172055 0.008745
vt -2.022156 -0.485404
vt -1.778734 -0.940815
vt -1.451142 -1.339986
vt -1.051971 -1.667578
vt -0.596560 -1.911000
vt -0.102411 -2.060898
vt 0.411487 -2.111513
vt 0.925386 -2.060898
vt 1.419536 -1.910999
vt 1.874947 -1.667577
vt 2.274118 -1.339985
vt 2.601709 -0.940815
vt 2.845131 -0.485404
vt 2.995030 0.008746
vt 3.033315 1.044158
vt 3.084680 0.522644
vt 2.881195 1.545631
vt 2.634166 2.007791
vt 2.301720 2.412877
vt 1.896634 2.745323
vt 1.434474 2.992352
vt 0.933001 3.144473
vt 0.411487 3.195837
vt -0.110027 3.144472
vt -0.611499 2.992352
vt -1.073659 2.745323
vt -1.478745 2.412877
vt -1.811191 2.007791
vt -2.058221 1.545630
vt -2.210341 1.044158
vt -2.261705 0.522644
vt -2.210340 0.001130
vt -2.058221 -0.500342
vt -1.811191 -0.962502
vt -1.478745 -1.367589
vt -1.073658 -1.700035
vt -0.611498 -1.947064
vt -0.110027 -2.099184
vt 0.411487 -2.150548
vt 0.933002 -2.099184
vt 1.434474 -1.947063
vt 1.896634 -1.700034
vt 2.301721 -1.367588
vt 2.634166 -0.962502
vt 2.881196 -0.500342
vt 3.033316 0.001130
vt 3.067533 1.050965
vt 3.119568 0.522644
vt 2.913428 1.558982
vt 2.663174 2.027173
vt 2.326390 2.437546
vt 1.916016 2.774331
vt 1.447825 3.024585
vt 0.939808 3.178690
vt 0.411487 3.230725
vt -0.116833 3.178690
vt -0.624850 3.024585
vt -1.093042 2.774331
vt -1.503415 2.437546
vt -1.840199 2.027173
vt -2.090453 1.558981
vt -2.244558 1.050965
vt -2.296593 0.522644
vt -2.244558 -0.005676
vt -2.090453 -0.513693
vt -1.840199 -0.981885
vt -1.503414 -1.392258
vt -1.093041 -1.729043
vt -0.624849 -1.979296
vt -0.116833 -2.133401
vt 0.411487 -2.185436
vt 0.939808 -2.133401
vt 1.447825 -1.979296
vt 1.916017 -1.729042
vt 2.326390 -1.392257
vt 2.663174 -0.981885
vt 2.913428 -0.513693
vt 3.067533 -0.005676
vt 3.097363 1.056898
vt 3.149982 0.522644
vt 2.941527 1.570621
vt 2.688462 2.044071
vt 2.347896 2.459053
vt 1.932914 2.799620
vt 1.459464 3.052684
vt 0.945741 3.208520
vt 0.411487 3.261139
vt -0.122766 3.208519
vt -0.636489 3.052684
vt -1.109939 2.799619
vt -1.524921 2.459053
vt -1.865488 2.044070
vt -2.118552 1.570621
vt -2.274388 1.056898
vt -2.327008 0.522644
vt -2.274388 -0.011610
vt -2.118552 -0.525332
vt -1.865488 -0.998782
vt -1.524920 -1.413764
vt -1.109938 -1.754332
vt -0.636488 -2.007396
vt -0.122767 -2.163231
vt 0.411487 -2.215851
vt 0.945742 -2.163231
vt 1.459465 -2.007395
vt 1.932914 -1.754331
vt 2.347896 -1.413763
vt 2.688462 -0.998782
vt 2.941527 -0.525332
vt 3.097363 -0.011609
vt 3.122486 1.061895
vt 3.175597 0.522644
vt 2.965192 1.580423
vt 2.709761 2.058301
vt 2.366008 2.477165
vt 1.947145 2.820918
vt 1.469266 3.076349
vt 0.950738 3.233643
vt 0.411487 3.286754
vt -0.127764 3.233643
vt -0.646292 3.076349
vt -1.124170 2.820918
vt -1.543033 2.477165
vt -1.886786 2.058301
vt -2.142218 1.580423
vt -2.299511 1.061895
vt -2.352623 0.522644
vt -2.299511 -0.016607
vt -2.142217 -0.535135
vt -1.886786 -1.013013
vt -1.543033 -1.431877
vt -1.124169 -1.775630
vt -0.646291 -2.031061
vt -0.127764 -2.188354
vt 0.411487 -2.241466
vt 0.950739 -2.188354
vt 1.469267 -2.031060
vt 1.947145 -1.775629
vt 2.366009 -1.431876
vt 2.709761 -1.013013
vt 2.965192 -0.535135
vt 3.122486 -0.016607
vt 3.142582 1.065893
vt 3.196088 0.522644
vt 2.984122 1.588265
vt 2.726798 2.069685
vt 2.380497 2.491654
vt 1.958528 2.837955
vt 1.477108 3.095279
vt 0.954736 3.253739
vt 0.411487 3.307245
vt -0.131761 3.253739
vt -0.654133 3.095279
vt -1.135554 2.837955
vt -1.557522 2.491654
vt -1.903823 2.069685
vt -2.161148 1.588264
vt -2.319607 1.065893
vt -2.373113 0.522644
vt -2.319607 -0.020605
vt -2.161148 -0.542976
vt -1.903823 -1.024397
vt -1.557522 -1.446366
vt -1.135553 -1.792667
vt -0.654132 -2.049991
vt -0.131761 -2.208451
vt 0.411487 -2.261956
vt 0.954736 -2.208451
vt 1.477108 -2.049990
vt 1.958529 -1.792666
vt 2.380498 -1.446365
vt 2.726798 -1.024397
vt 2.984123 -0.542976
vt 3.142582 -0.020604
vt 0.522644 -2.663587
vt 1.065893 -2.663587
vt 1.068827 -2.644674
vt 0.522644 -2.644674
vt 1.588265 -2.663587
vt 1.594020 -2.644674
vt 2.069685 -2.663586
vt 2.078041 -2.644673
vt 2.391131 2.502288
vt 2.739302 2.078041
vt 1.966883 2.850459
vt 1.958528 -2.663586
vt 1.477108 -2.663586
vt 1.482863 -2.644673
vt 1.966883 -2.644673
vt 0.954736 -2.663586
vt 0.957670 -2.644673
vt 0.411487 -2.663586
vt 0.411487 -2.644673
vt -0.131761 -2.663586
vt -0.134695 -2.644673
vt -0.654133 -2.663586
vt -0.659888 -2.644673
vt -1.135554 -2.663586
vt -1.143909 -2.644673
vt -1.568156 2.502288
vt -1.143909 2.850459
vt -1.916328 2.078040
vt 2.069685 -2.663586
vt 1.588264 -2.663587
vt 1.594019 -2.644674
vt 2.078040 -2.644673
vt 0.522644 -2.663587
vt 0.522644 -2.644674
vt -0.020605 -2.663587
vt -0.023539 -2.644674
vt -0.542976 -2.663587
vt -0.548731 -2.644674
vt -1.024397 -2.663587
vt -1.032752 -2.644674
vt -1.568156 -1.457000
vt -1.916327 -1.032752
vt -1.143908 -1.805171
vt -1.135553 -2.663587
vt -0.654132 -2.663587
vt -0.659887 -2.644674
vt -1.143908 -2.644674
vt -0.131761 -2.663587
vt -0.134695 -2.644674
vt 0.411487 -2.663587
vt 0.411487 -2.644674
vt 0.954736 -2.663587
vt 0.957670 -2.644674
vt 1.477108 -2.663587
vt 1.482863 -2.644674
vt 1.958529 -2.663587
vt 1.966884 -2.644674
vt 2.391132 -1.456999
vt 1.966884 -1.805170
vt 2.739302 -1.032752
vt -0.020604 -2.663587
vt -0.023538 -2.644674
vt 1.070634 -2.626074
vt 0.522644 -2.626074
vt 1.597564 -2.626074
vt 2.083186 -2.626074
vt 2.502288 -2.644673
vt 2.508837 -2.626074
vt 2.391131 -2.644673
vt 1.972029 -2.626074
vt 2.397681 -2.626074
vt 1.486408 -2.626074
vt 0.959477 -2.626074
vt 0.411487 -2.626074
vt -0.137119 -2.608228
vt -0.663433 -2.626074
vt -1.150810 -2.608228
vt -1.568156 -2.644673
vt -1.574706 -2.626074
vt 2.083186 -2.626074
vt 1.597564 -2.626074
vt 1.070634 -2.626074
vt 0.522644 -2.626074
vt -0.025962 -2.608229
vt -0.553485 -2.608229
vt -1.039653 -2.608229
vt -1.457000 -2.644674
vt -1.465783 -2.608229
vt -1.568156 -2.644674
vt -1.150809 -2.608229
vt -1.576940 -2.608229
vt -0.663432 -2.626075
vt -0.137119 -2.608229
vt 0.411487 -2.608229
vt 0.959477 -2.626075
vt 1.486408 -2.626075
vt 1.973785 -2.608229
vt 2.391132 -2.644674
vt 2.397681 -2.626075
vt -1.456999 -2.644674
vt -1.037898 -2.626075
vt -1.463548 -2.626075
vt -0.552276 -2.626074
vt -0.025345 -2.626074
vt 1.071250 -2.584409
vt 0.522644 -2.584409
vt 1.598773 -2.584409
vt 2.084942 -2.584409
vt 2.511072 -2.584409
vt 1.973785 -2.584409
vt 2.399915 -2.584409
vt 1.487617 -2.584409
vt 0.960093 -2.584409
vt 0.411487 -2.584409
vt -0.137119 -2.584409
vt -0.664642 -2.584409
vt -1.150810 -2.584409
vt -1.576940 -2.584409
vt 2.084941 -2.584409
vt 1.598773 -2.584409
vt 0.522644 -2.584409
vt -0.025962 -2.584409
vt -0.553485 -2.584409
vt -1.039653 -2.584409
vt -1.465783 -2.584409
vt -1.150809 -2.584409
vt -1.576940 -2.584409
vt -0.664641 -2.584409
vt -0.137119 -2.584409
vt 0.411487 -2.584409
vt 0.960093 -2.584409
vt 1.487617 -2.584409
vt 1.973785 -2.584409
vt 2.399915 -2.584409
vt -1.465782 -2.584409
vt -0.025961 -2.584409
vt 1.071250 -2.559932
vt 0.522644 -2.559932
vt 1.598773 -2.559932
vt 2.084942 -2.559932
vt 2.511072 -2.559932
vt 1.973785 -2.559932
vt 2.399915 -2.559932
vt 1.487617 -2.559932
vt 0.960093 -2.559932
vt 0.411487 -2.559932
vt -0.137119 -2.559932
vt -0.664642 -2.559932
vt -1.150810 -2.559932
vt -1.576940 -2.559932
vt 2.084941 -2.559932
vt 1.598773 -2.559932
vt 0.522644 -2.559932
vt -0.025962 -2.559932
vt -0.553485 -2.559932
vt -1.039653 -2.559932
vt -1.465783 -2.559932
vt -1.150809 -2.559932
vt -1.576940 -2.559932
vt -0.664641 -2.559932
vt -0.137119 -2.559932
vt 0.411487 -2.559932
vt 0.960093 -2.559932
vt 1.487617 -2.559932
vt 1.973785 -2.559932
vt 2.399915 -2.559932
vt -1.465782 -2.559932
vt -0.025961 -2.559932
vt 1.071250 -2.534982
vt 0.522644 -2.534982
vt 1.598773 -2.534982
vt 2.084942 -2.534982
vt 2.511072 -2.534982
vt 1.973785 -2.534982
vt 2.399915 -2.534982
vt 1.487617 -2.534982
vt 0.960093 -2.534982
vt 0.411487 -2.534982
vt -0.137119 -2.534982
vt -0.664642 -2.534982
vt -1.150810 -2.534982
vt -1.576940 -2.534982
vt 2.084941 -2.534982
vt 1.598773 -2.534982
vt 0.522644 -2.534982
vt -0.025962 -2.534982
vt -0.553485 -2.534982
vt -1.039653 -2.534982
vt -1.465783 -2.534982
vt -1.150809 -2.534982
vt -1.576940 -2.534982
vt -0.664641 -2.534982
vt -0.137119 -2.534982
vt 0.411487 -2.534982
vt 0.960093 -2.534982
vt 1.487617 -2.534982
vt 1.973785 -2.534982
vt 2.399915 -2.534982
vt -1.465782 -2.534982
vt -0.025961 -2.534982
vt 1.071250 -2.509744
vt 0.522644 -2.509744
vt 1.598773 -2.509743
vt 2.084942 -2.509743
vt 2.511072 -2.509743
vt 1.973785 -2.509743
vt 2.399915 -2.509743
vt 1.487617 -2.509743
vt 0.960093 -2.509743
vt 0.411487 -2.509743
vt -0.137119 -2.509743
vt -0.664642 -2.509743
vt -1.150810 -2.509743
vt -1.576940 -2.509743
vt 2.084941 -2.509743
vt 1.598773 -2.509743
vt 0.522644 -2.509744
vt -0.025962 -2.509744
vt -0.553485 -2.509744
vt -1.039653 -2.509744
vt -1.465783 -2.509744
vt -1.150809 -2.509744
vt -1.576940 -2.509744
vt -0.664641 -2.509744
vt -0.137119 -2.509744
vt 0.411487 -2.509744
vt 0.960093 -2.509744
vt 1.487617 -2.509744
vt 1.973785 -2.509744
vt 2.399915 -2.509744
vt -1.465782 -2.509744
vt -0.025961 -2.509744
vt 1.071250 -2.484402
vt 0.522644 -2.484402
vt 1.598773 -2.484402
vt 2.084942 -2.484402
vt 2.511072 -2.484402
vt 1.973785 -2.484402
vt 2.399915 -2.484402
vt 1.487617 -2.484402
vt 0.960093 -2.484402
vt 0.411487 -2.484402
vt -0.137118 -2.484402
vt -0.664642 -2.484402
vt -1.150810 -2.484402
vt -1.576940 -2.484402
vt 2.084941 -2.484402
vt 1.598773 -2.484402
vt 0.522644 -2.484402
vt -0.025962 -2.484402
vt -0.553485 -2.484402
vt -1.039653 -2.484402
vt -1.465783 -2.484402
vt -1.150809 -2.484402
vt -1.576940 -2.484402
vt -0.664641 -2.484402
vt -0.137119 -2.484402
vt 0.411487 -2.484402
vt 0.960093 -2.484402
vt 1.487617 -2.484402
vt 1.973785 -2.484402
vt 2.399915 -2.484402
vt -1.465782 -2.484402
vt -0.025961 -2.484402
vt 1.071250 -2.459143
vt 0.522644 -2.459143
vt 1.598773 -2.459142
vt 2.084942 -2.459142
vt 2.511072 -2.459142
vt 1.973785 -2.459142
vt 2.399915 -2.459142
vt 1.487617 -2.459142
vt 0.960093 -2.459142
vt 0.411487 -2.459142
vt -0.137118 -2.459142
vt -0.664642 -2.459142
vt -1.150810 -2.459142
vt -1.576940 -2.459142
vt 2.084941 -2.459142
vt 1.598773 -2.459142
vt 0.522644 -2.459143
vt -0.025962 -2.459143
vt -0.553485 -2.459143
vt -1.039653 -2.459143
vt -1.465783 -2.459143
vt -1.150809 -2.459143
vt -1.576940 -2.459143
vt -0.664641 -2.459143
vt -0.137119 -2.459143
vt 0.411487 -2.459143
vt 0.960093 -2.459143
vt 1.487617 -2.459143
vt 1.973785 -2.459143
vt 2.399915 -2.459143
vt -1.465782 -2.459143
vt -0.025961 -2.459143
vt 1.071250 -2.434150
vt 0.522644 -2.434150
vt 1.598773 -2.434150
vt 2.084942 -2.434150
vt 2.511072 -2.434150
vt 1.973785 -2.434150
vt 2.399915 -2.434150
vt 1.487617 -2.434149
vt 0.960093 -2.434149
vt 0.411487 -2.434149
vt -0.137118 -2.434149
vt -0.664642 -2.434149
vt -1.150810 -2.434150
vt -1.576940 -2.434150
vt 2.084941 -2.434150
vt 1.598773 -2.434150
vt 0.522644 -2.434150
vt -0.025962 -2.434150
vt -0.553485 -2.434150
vt -1.039653 -2.434150
vt -1.465783 -2.434150
vt -1.150809 -2.434150
vt -1.576940 -2.434150
vt -0.664641 -2.434150
vt -0.137119 -2.434150
vt 0.411487 -2.434150
vt 0.960093 -2.434150
vt 1.487617 -2.434150
vt 1.973785 -2.434150
vt 2.399915 -2.434150
vt -1.465782 -2.434150
vt -0.025961 -2.434150
vt 1.071250 -2.409608
vt 0.522644 -2.409608
vt 1.598773 -2.409608
vt 2.084942 -2.409608
vt 2.511072 -2.409608
vt 1.973785 -2.409608
vt 2.399915 -2.409608
vt 1.487617 -2.409608
vt 0.960093 -2.409608
vt 0.411487 -2.409608
vt -0.137118 -2.409608
vt -0.664642 -2.409608
vt -1.150810 -2.409608
vt -1.576940 -2.409608
vt 2.084941 -2.409608
vt 1.598773 -2.409608
vt 0.522644 -2.409608
vt -0.025962 -2.409608
vt -0.553485 -2.409608
vt -1.039653 -2.409608
vt -1.465783 -2.409608
vt -1.150809 -2.409608
vt -1.576940 -2.409608
vt -0.664641 -2.409608
vt -0.137119 -2.409608
vt 0.411487 -2.409608
vt 0.960093 -2.409608
vt 1.487617 -2.409608
vt 1.973785 -2.409608
vt 2.399915 -2.409608
vt -1.465782 -2.409608
vt -0.025961 -2.409608
vt 1.071250 -2.385704
vt 0.522644 -2.385704
vt 1.598773 -2.385704
vt 2.084942 -2.385704
vt 2.511072 -2.385704
vt 1.973785 -2.385704
vt 2.399915 -2.385704
vt 1.487617 -2.385704
vt 0.960093 -2.385704
vt 0.411487 -2.385704
vt -0.137118 -2.385704
vt -0.664642 -2.385704
vt -1.150810 -2.385704
vt -1.576940 -2.385704
vt 2.084941 -2.385704
vt 1.598773 -2.385704
vt 0.522644 -2.385704
vt -0.025962 -2.385704
vt -0.553485 -2.385704
vt -1.039653 -2.385704
vt -1.465783 -2.385704
vt -1.150809 -2.385704
vt -1.576940 -2.385704
vt -0.664641 -2.385704
vt -0.137119 -2.385704
vt 0.411487 -2.385704
vt 0.960093 -2.385704
vt 1.487617 -2.385704
vt 1.973785 -2.385704
vt 2.399915 -2.385704
vt -1.465782 -2.385704
vt -0.025961 -2.385704
vt 1.071250 -2.362620
vt 0.522644 -2.362620
vt 1.598773 -2.362620
vt 2.084942 -2.362620
vt 2.511072 -2.362620
vt 1.973785 -2.362620
vt 2.399915 -2.362620
vt 1.487617 -2.362620
vt 0.960093 -2.362620
vt 0.411487 -2.362620
vt -0.137118 -2.362620
vt -0.664642 -2.362620
vt -1.150810 -2.362620
vt -1.576940 -2.362620
vt 2.084941 -2.362620
vt 1.598773 -2.362620
vt 0.522644 -2.362620
vt -0.025962 -2.362620
vt -0.553485 -2.362621
vt -1.039653 -2.362621
vt -1.465783 -2.362621
vt -1.150809 -2.362621
vt -1.576940 -2.362621
vt -0.664641 -2.362621
vt -0.137119 -2.362621
vt 0.411487 -2.362621
vt 0.960093 -2.362621
vt 1.487617 -2.362621
vt 1.973785 -2.362621
vt 2.399915 -2.362621
vt -1.465782 -2.362621
vt -0.025961 -2.362620
vt 1.071250 -2.340544
vt 0.522644 -2.340544
vt 1.598773 -2.340544
vt 2.084942 -2.340544
vt 2.511072 -2.340544
vt 1.973785 -2.340544
vt 2.399915 -2.340544
vt 1.487617 -2.340544
vt 0.960093 -2.340544
vt 0.411487 -2.340544
vt -0.137118 -2.340544
vt -0.664642 -2.340544
vt -1.150810 -2.340544
vt -1.576940 -2.340544
vt 2.084941 -2.340544
vt 1.598773 -2.340544
vt 0.522644 -2.340544
vt -0.025962 -2.340544
vt -0.553485 -2.340544
vt -1.039653 -2.340544
vt -1.465783 -2.340544
vt -1.150809 -2.340544
vt -1.576940 -2.340544
vt -0.664641 -2.340544
vt -0.137119 -2.340544
vt 0.411487 -2.340544
vt 0.960093 -2.340544
vt 1.487617 -2.340544
vt 1.973785 -2.340544
vt 2.399915 -2.340544
vt -1.465782 -2.340544
vt -0.025961 -2.340544
vt 1.071250 -2.319658
vt 0.522644 -2.319658
vt 1.598773 -2.319658
vt 2.084942 -2.319658
vt 2.511072 -2.319658
vt 1.973785 -2.319658
vt 2.399915 -2.319658
vt 1.487617 -2.319658
vt 0.960093 -2.319658
vt 0.411487 -2.319658
vt -0.137118 -2.319658
vt -0.664642 -2.319658
vt -1.150810 -2.319658
vt -1.576940 -2.319658
vt 2.084941 -2.319658
vt 1.598773 -2.319658
vt 0.522644 -2.319658
vt -0.025962 -2.319658
vt -0.553485 -2.319658
vt -1.039653 -2.319658
vt -1.465783 -2.319658
vt -1.150809 -2.319658
vt -1.576940 -2.319658
vt -0.664641 -2.319658
vt -0.137119 -2.319658
vt 0.411487 -2.319658
vt 0.960093 -2.319658
vt 1.487617 -2.319658
vt 1.973785 -2.319658
vt 2.399915 -2.319658
vt -1.465782 -2.319658
vt -0.025961 -2.319658
vt 1.069623 -2.283911
vt 0.522644 -2.283911
vt 1.595581 -2.283911
vt 2.080306 -2.283911
vt 2.505172 -2.283911
vt 1.969149 -2.283911
vt 2.394015 -2.283911
vt 1.484424 -2.283911
vt 0.958465 -2.283911
vt 0.411487 -2.283911
vt -0.135491 -2.283911
vt -0.661449 -2.283911
vt -1.146175 -2.283911
vt -1.571040 -2.283911
vt 2.080306 -2.283911
vt 1.595580 -2.283911
vt 0.522644 -2.283911
vt -0.024334 -2.283911
vt -0.550292 -2.283911
vt -1.035018 -2.283911
vt -1.459884 -2.283911
vt -1.146174 -2.283911
vt -1.571040 -2.283911
vt -0.661448 -2.283911
vt -0.135491 -2.283911
vt 0.411487 -2.283911
vt 0.958466 -2.283911
vt 1.484424 -2.283911
vt 1.969150 -2.283911
vt 2.394016 -2.283911
vt -1.459883 -2.283911
vt -0.024334 -2.283911
vt 1.065121 -2.256585
vt 0.522644 -2.256585
vt 1.586751 -2.256585
vt 2.067488 -2.256585
vt 2.742693 2.080306
vt 2.394015 2.505172
vt 2.377701 2.488858
vt 2.723510 2.067488
vt 1.969149 2.853850
vt 1.956331 2.834667
vt 1.475594 -2.256585
vt 1.956331 -2.256585
vt 0.953964 -2.256585
vt 0.411487 -2.256585
vt -0.130990 -2.256585
vt -0.652620 -2.256585
vt -1.133357 -2.256585
vt -1.146175 2.853850
vt -1.571040 2.505172
vt -1.554726 2.488858
vt -1.133357 2.834666
vt -1.919719 2.080306
vt -1.900535 2.067488
vt 1.586751 -2.256585
vt 1.065121 -2.256585
vt 0.522644 -2.256585
vt -0.019833 -2.256585
vt -0.541463 -2.256585
vt -1.022200 -2.256585
vt -1.919719 -1.035018
vt -1.571040 -1.459884
vt -1.554726 -1.443569
vt -1.900535 -1.022200
vt -1.146174 -1.808562
vt -1.133356 -1.789379
vt -0.652619 -2.256585
vt -1.133356 -2.256585
vt -0.130990 -2.256585
vt 0.411487 -2.256585
vt 0.953965 -2.256585
vt 1.475595 -2.256585
vt 1.956332 -2.256585
vt 1.969150 -1.808561
vt 2.394016 -1.459883
vt 2.377702 -1.443568
vt 1.956332 -1.789378
vt 2.742693 -1.035018
vt 2.723510 -1.022200
vt -0.019833 -2.256585
vt 3.192133 0.522644
vt 3.138704 1.065121
vt 3.104511 1.058320
vt 3.157270 0.522644
vt 2.980469 1.586751
vt 2.948260 1.573410
vt 2.694522 2.048119
vt 2.353049 2.464206
vt 1.936962 2.805679
vt 1.475594 3.091626
vt 1.462253 3.059417
vt 0.953964 3.249861
vt 0.947163 3.215668
vt 0.411487 3.303290
vt 0.411487 3.268427
vt -0.130990 3.249861
vt -0.124188 3.215667
vt -0.652620 3.091626
vt -0.639278 3.059417
vt -1.113988 2.805679
vt -1.530074 2.464206
vt -1.871547 2.048119
vt -2.157495 1.586751
vt -2.125285 1.573409
vt -2.315729 1.065121
vt -2.281536 1.058320
vt -2.369158 0.522644
vt -2.334295 0.522644
vt -2.315729 -0.019833
vt -2.281536 -0.013032
vt -2.157494 -0.541463
vt -2.125285 -0.528121
vt -1.871547 -1.002831
vt -1.530074 -1.418918
vt -1.113987 -1.760391
vt -0.652619 -2.046338
vt -0.639277 -2.014129
vt -0.130990 -2.204572
vt -0.124188 -2.170379
vt 0.411487 -2.258001
vt 0.411487 -2.223138
vt 0.953965 -2.204572
vt 0.947163 -2.170379
vt 1.475595 -2.046337
vt 1.462253 -2.014128
vt 1.936963 -1.760390
vt 2.353050 -1.418917
vt 2.694522 -1.002831
vt 2.980469 -0.541463
vt 2.948260 -0.528121
vt 3.138704 -0.019833
vt 3.104511 -0.013031
vt 3.061634 1.049791
vt 3.113553 0.522644
vt 2.907871 1.556680
vt 2.658173 2.023832
vt 2.322136 2.433293
vt 1.912675 2.769330
vt 1.445523 3.019027
vt 0.938634 3.172791
vt 0.411487 3.224710
vt -0.115659 3.172791
vt -0.622548 3.019027
vt -1.089700 2.769330
vt -1.499161 2.433293
vt -1.835198 2.023831
vt -2.084896 1.556680
vt -2.238659 1.049791
vt -2.290578 0.522644
vt -2.238659 -0.004503
vt -2.084896 -0.511391
vt -1.835198 -0.978543
vt -1.499161 -1.388005
vt -1.089699 -1.724042
vt -0.622548 -1.973739
vt -0.115660 -2.127502
vt 0.411487 -2.179421
vt 0.938635 -2.127502
vt 1.445524 -1.973739
vt 1.912675 -1.724041
vt 2.322137 -1.388004
vt 2.658173 -0.978543
vt 2.907871 -0.511392
vt 3.061634 -0.004502
vt 3.012954 1.040108
vt 3.063920 0.522644
vt 2.862015 1.537686
vt 2.616904 1.996257
vt 2.287040 2.398197
vt 1.885100 2.728061
vt 1.426529 2.973172
vt 0.928951 3.124111
vt 0.411487 3.175077
vt -0.105977 3.124111
vt -0.603555 2.973172
vt -1.062126 2.728061
vt -1.464066 2.398197
vt -1.793930 1.996257
vt -2.039041 1.537686
vt -2.189980 1.040108
vt -2.240945 0.522644
vt -2.189979 0.005180
vt -2.039041 -0.492398
vt -1.793930 -0.950969
vt -1.464065 -1.352909
vt -1.062124 -1.682773
vt -0.603554 -1.927884
vt -0.105977 -2.078822
vt 0.411487 -2.129788
vt 0.928952 -2.078822
vt 1.426530 -1.927884
vt 1.885101 -1.682772
vt 2.287041 -1.352908
vt 2.616904 -0.950969
vt 2.862015 -0.492398
vt 3.012954 0.005181
vt 2.961353 1.029844
vt 3.011308 0.522644
vt 2.813408 1.517552
vt 2.573159 1.967027
vt 2.249838 2.360995
vt 1.855870 2.684316
vt 1.406396 2.924565
vt 0.918687 3.072510
vt 0.411487 3.122465
vt -0.095712 3.072510
vt -0.583421 2.924565
vt -1.032896 2.684316
vt -1.426863 2.360995
vt -1.750185 1.967027
vt -1.990434 1.517552
vt -2.138378 1.029844
vt -2.188333 0.522644
vt -2.138378 0.015444
vt -1.990433 -0.472264
vt -1.750184 -0.921739
vt -1.426863 -1.315707
vt -1.032895 -1.639028
vt -0.583420 -1.879277
vt -0.095713 -2.027221
vt 0.411487 -2.077176
vt 0.918687 -2.027221
vt 1.406396 -1.879276
vt 1.855871 -1.639027
vt 2.249839 -1.315706
vt 2.573159 -0.921739
vt 2.813408 -0.472264
vt 2.961353 0.015445
vt 2.909711 1.019572
vt 2.958654 0.522644
vt 2.764762 1.497403
vt 2.529379 1.937774
vt 2.212606 2.323763
vt 1.826617 2.640536
vt 1.386246 2.875919
vt 0.908415 3.020868
vt 0.411487 3.069811
vt -0.085440 3.020868
vt -0.563271 2.875919
vt -1.003643 2.640536
vt -1.389631 2.323763
vt -1.706404 1.937774
vt -1.941788 1.497402
vt -2.086736 1.019572
vt -2.135679 0.522644
vt -2.086736 0.025716
vt -1.941788 -0.452114
vt -1.706404 -0.892486
vt -1.389631 -1.278475
vt -1.003642 -1.595248
vt -0.563270 -1.830631
vt -0.085440 -1.975579
vt 0.411487 -2.024522
vt 0.908415 -1.975579
vt 1.386246 -1.830631
vt 1.826618 -1.595247
vt 2.212607 -1.278474
vt 2.529379 -0.892486
vt 2.764763 -0.452114
vt 2.909711 0.025717
vt 2.860909 1.009865
vt 2.908896 0.522644
vt 2.718792 1.478361
vt 2.488007 1.910130
vt 2.177422 2.288579
vt 1.798973 2.599164
vt 1.367204 2.829949
vt 0.898708 2.972066
vt 0.411487 3.020053
vt -0.075733 2.972066
vt -0.544230 2.829949
vt -0.975999 2.599164
vt -1.354447 2.288579
vt -1.665032 1.910130
vt -1.895818 1.478361
vt -2.037935 1.009865
vt -2.085922 0.522644
vt -2.037934 0.035424
vt -1.895818 -0.433073
vt -1.665032 -0.864842
vt -1.354447 -1.243291
vt -0.975998 -1.553876
vt -0.544229 -1.784661
vt -0.075733 -1.926777
vt 0.411487 -1.974765
vt 0.898708 -1.926777
vt 1.367205 -1.784660
vt 1.798974 -1.553875
vt 2.177423 -1.243290
vt 2.488007 -0.864842
vt 2.718792 -0.433073
vt 2.860909 0.035424
vt 2.817828 1.001295
vt 2.864972 0.522644
vt 2.678211 1.461552
vt 2.451485 1.885727
vt 2.146363 2.257520
vt 1.774570 2.562642
vt 1.350395 2.789368
vt 0.890138 2.928986
vt 0.411487 2.976129
vt -0.067164 2.928985
vt -0.527421 2.789368
vt -0.951596 2.562642
vt -1.323388 2.257520
vt -1.628510 1.885727
vt -1.855237 1.461552
vt -1.994854 1.001295
vt -2.041997 0.522644
vt -1.994854 0.043993
vt -1.855237 -0.416263
vt -1.628510 -0.840439
vt -1.323388 -1.212231
vt -0.951595 -1.517354
vt -0.527420 -1.744080
vt -0.067164 -1.883697
vt 0.411487 -1.930840
vt 0.890139 -1.883697
vt 1.350395 -1.744079
vt 1.774571 -1.517353
vt 2.146363 -1.212230
vt 2.451485 -0.840439
vt 2.678211 -0.416264
vt 2.817829 0.043993
vt 2.783350 0.994437
vt 2.829818 0.522644
vt 2.645733 1.448099
vt 2.422256 1.866197
vt 2.121505 2.232662
vt 1.755040 2.533412
vt 1.336942 2.756890
vt 0.883280 2.894507
vt 0.411487 2.940974
vt -0.060305 2.894507
vt -0.513968 2.756890
vt -0.932065 2.533412
vt -1.298530 2.232662
vt -1.599281 1.866196
vt -1.822758 1.448099
vt -1.960375 0.994437
vt -2.006843 0.522644
vt -1.960375 0.050851
vt -1.822758 -0.402811
vt -1.599281 -0.820908
vt -1.298530 -1.187374
vt -0.932064 -1.488124
vt -0.513967 -1.711602
vt -0.060306 -1.849218
vt 0.411487 -1.895686
vt 0.883280 -1.849218
vt 1.336943 -1.711601
vt 1.755040 -1.488123
vt 2.121506 -1.187373
vt 2.422256 -0.820908
vt 2.645733 -0.402811
vt 2.783350 0.050852
vt 2.760354 0.989863
vt 2.806371 0.522644
vt 2.624072 1.439127
vt 2.402761 1.853171
vt 2.104926 2.216083
vt 1.742014 2.513917
vt 1.327970 2.735229
vt 0.878706 2.871511
vt 0.411487 2.917528
vt -0.055731 2.871511
vt -0.504995 2.735229
vt -0.919039 2.513917
vt -1.281951 2.216083
vt -1.579786 1.853170
vt -1.801097 1.439126
vt -1.937380 0.989863
vt -1.983397 0.522644
vt -1.937380 0.055425
vt -1.801097 -0.393838
vt -1.579786 -0.807882
vt -1.281951 -1.170795
vt -0.919038 -1.468629
vt -0.504994 -1.689940
vt -0.055731 -1.826223
vt 0.411487 -1.872240
vt 0.878706 -1.826223
vt 1.327970 -1.689940
vt 1.742014 -1.468629
vt 2.104927 -1.170794
vt 2.402761 -0.807882
vt 2.624072 -0.393838
vt 2.760355 0.055426
vt 0.522644 -2.142552
vt 0.989863 -2.142552
vt 0.988146 -2.117093
vt 0.522644 -2.117093
vt 1.439127 -2.142552
vt 1.435759 -2.117093
vt 1.853171 -2.142552
vt 1.848281 -2.117093
vt 2.216083 -2.142552
vt 2.209860 -2.117093
vt 2.104926 -2.142552
vt 1.742014 -2.142552
vt 1.737124 -2.117093
vt 2.098703 -2.117093
vt 1.327970 -2.142552
vt 1.324602 -2.117093
vt 0.878706 -2.142552
vt 0.876989 -2.117093
vt 0.411487 -2.142552
vt 0.411487 -2.117093
vt -0.055731 -2.142552
vt -0.054014 -2.117093
vt -0.504995 -2.142552
vt -0.501627 -2.117093
vt -0.919039 -2.142552
vt -0.914150 -2.117093
vt -1.281951 -2.142552
vt -1.275728 -2.117093
vt 1.853170 -2.142552
vt 1.439126 -2.142552
vt 1.435759 -2.117093
vt 0.989863 -2.142552
vt 0.988146 -2.117093
vt 0.522644 -2.142552
vt 0.522644 -2.117093
vt 0.055425 -2.142552
vt 0.057142 -2.117093
vt -0.393838 -2.142552
vt -0.390470 -2.117093
vt -0.807882 -2.142552
vt -0.802993 -2.117093
vt -1.170795 -2.142552
vt -1.164572 -2.117093
vt -1.281951 -2.142552
vt -0.919038 -2.142552
vt -0.914149 -2.117093
vt -1.275728 -2.117093
vt -0.504994 -2.142552
vt -0.501627 -2.117093
vt -0.055731 -2.142552
vt -0.054015 -2.117093
vt 0.411487 -2.142552
vt 0.878706 -2.142552
vt 0.876989 -2.117093
vt 1.327970 -2.142552
vt 1.324602 -2.117093
vt 1.742014 -2.142552
vt 1.737125 -2.117093
vt 2.104927 -2.142552
vt 2.098704 -2.117093
vt -1.170794 -2.142552
vt -1.164571 -2.117093
vt -0.393838 -2.142552
vt -0.390471 -2.117093
vt 0.055426 -2.142552
vt 0.057142 -2.117093
vt 0.989760 -2.088394
vt 0.522644 -2.088394
vt 1.438925 -2.088394
vt 1.852878 -2.088394
vt 2.215711 -2.088394
vt 1.741721 -2.088394
vt 2.104554 -2.088394
vt 1.327769 -2.088394
vt 0.878603 -2.088394
vt 0.411487 -2.088394
vt -0.055629 -2.088394
vt -0.504794 -2.088394
vt -0.918747 -2.088394
vt -1.281579 -2.088394
vt 1.438925 -2.088394
vt 0.989760 -2.088394
vt 0.522644 -2.088394
vt 0.055528 -2.088394
vt -0.393637 -2.088394
vt -0.807590 -2.088394
vt -1.170423 -2.088394
vt -0.918746 -2.088394
vt -1.281579 -2.088394
vt -0.504793 -2.088394
vt -0.055629 -2.088394
vt 0.411487 -2.088394
vt 0.878604 -2.088394
vt 1.327769 -2.088394
vt 1.741722 -2.088394
vt 2.104555 -2.088394
vt -1.170422 -2.088394
vt -0.393637 -2.088394
vt 0.055528 -2.088394
vt 0.994396 -2.059915
vt 0.522644 -2.059915
vt 1.448019 -2.059915
vt 1.866081 -2.059915
vt 2.402323 1.852878
vt 2.104554 2.215711
vt 2.121358 2.232514
vt 2.422082 1.866081
vt 1.741721 2.513480
vt 1.754924 2.533239
vt 1.336863 -2.059915
vt 1.754924 -2.059915
vt 0.883239 -2.059915
vt 0.411487 -2.059915
vt -0.060265 -2.059915
vt -0.513888 -2.059915
vt -0.931949 -2.059915
vt -0.918747 2.513480
vt -1.281579 2.215711
vt -1.298383 2.232514
vt -0.931949 2.533239
vt -1.579348 1.852878
vt -1.599108 1.866081
vt 1.448019 -2.059915
vt 1.866081 -2.059915
vt 0.994396 -2.059915
vt 0.522644 -2.059915
vt 0.050892 -2.059915
vt -0.402731 -2.059915
vt -0.820792 -2.059915
vt -1.579348 -0.807590
vt -1.281579 -1.170423
vt -1.298383 -1.187226
vt -1.599107 -0.820792
vt -0.918746 -1.468192
vt -0.931948 -1.487951
vt -0.513887 -2.059915
vt -0.931948 -2.059915
vt -0.060265 -2.059915
vt 0.411487 -2.059915
vt 0.883240 -2.059915
vt 1.336863 -2.059915
vt 1.754924 -2.059915
vt 1.741722 -1.468191
vt 2.104555 -1.170422
vt 2.121358 -1.187225
vt 1.754924 -1.487950
vt 2.402323 -0.807590
vt 2.422082 -0.820792
vt -0.402731 -2.059915
vt 0.050892 -2.059915
vt 2.829609 0.522644
vt 2.783145 0.994396
vt 2.818620 1.001453
vt 2.865779 0.522644
vt 2.645540 1.448019
vt 2.678957 1.461861
vt 2.452156 1.886176
vt 2.146934 2.258090
vt 1.775019 2.563313
vt 1.336863 2.756697
vt 1.350704 2.790114
vt 0.883239 2.894303
vt 0.890296 2.929777
vt 0.411487 2.940766
vt 0.411487 2.976936
vt -0.060265 2.894302
vt -0.067321 2.929777
vt -0.513888 2.756697
vt -0.527729 2.790114
vt -0.952044 2.563313
vt -1.323959 2.258090
vt -1.629182 1.886176
vt -1.822566 1.448019
vt -1.855983 1.461861
vt -1.960171 0.994396
vt -1.995646 1.001453
vt -2.006634 0.522644
vt -2.042804 0.522644
vt -1.960171 0.050892
vt -1.995646 0.043835
vt -1.822566 -0.402731
vt -1.855982 -0.416572
vt -1.629181 -0.840887
vt -1.323959 -1.212802
vt -0.952043 -1.518025
vt -0.513887 -1.711409
vt -0.527729 -1.744826
vt -0.060265 -1.849014
vt -0.067321 -1.884489
vt 0.411487 -1.895478
vt 0.411487 -1.931647
vt 0.883240 -1.849014
vt 0.890296 -1.884489
vt 1.336863 -1.711409
vt 1.350704 -1.744825
vt 1.775019 -1.518024
vt 2.146934 -1.212801
vt 2.452156 -0.840887
vt 2.645541 -0.402731
vt 2.678957 -0.416573
vt 2.783146 0.050892
vt 2.818620 0.043836
vt 2.863238 1.010328
vt 2.911270 0.522644
vt 2.720986 1.479270
vt 2.489981 1.911449
vt 2.179101 2.290258
vt 1.800292 2.601138
vt 1.368113 2.832143
vt 0.899171 2.974395
vt 0.411487 3.022427
vt -0.076196 2.974395
vt -0.545138 2.832143
vt -0.977318 2.601138
vt -1.356126 2.290258
vt -1.667006 1.911449
vt -1.898011 1.479270
vt -2.040263 1.010328
vt -2.088296 0.522644
vt -2.040263 0.034960
vt -1.898011 -0.433981
vt -1.667006 -0.866161
vt -1.356126 -1.244970
vt -0.977317 -1.555850
vt -0.545138 -1.786855
vt -0.076196 -1.929106
vt 0.411487 -1.977139
vt 0.899171 -1.929106
vt 1.368113 -1.786854
vt 1.800293 -1.555849
vt 2.179101 -1.244969
vt 2.489981 -0.866161
vt 2.720986 -0.433981
vt 2.863238 0.034961
vt 2.913973 1.020419
vt 2.963000 0.522644
vt 2.768777 1.499066
vt 2.532992 1.940189
vt 2.215679 2.326836
vt 1.829031 2.644149
vt 1.387909 2.879934
vt 0.909263 3.025130
vt 0.411487 3.074157
vt -0.086288 3.025130
vt -0.564934 2.879934
vt -1.006057 2.644149
vt -1.392704 2.326836
vt -1.710018 1.940188
vt -1.945803 1.499065
vt -2.090998 1.020420
vt -2.140025 0.522644
vt -2.090998 0.024869
vt -1.945802 -0.453777
vt -1.710017 -0.894900
vt -1.392704 -1.281548
vt -1.006056 -1.598861
vt -0.564933 -1.834646
vt -0.086288 -1.979841
vt 0.411487 -2.028868
vt 0.909263 -1.979841
vt 1.387909 -1.834646
vt 1.829032 -1.598860
vt 2.215680 -1.281547
vt 2.532992 -0.894900
vt 2.768777 -0.453777
vt 2.913973 0.024869
vt 2.967801 1.031126
vt 3.017882 0.522644
vt 2.819482 1.520068
vt 2.578625 1.970680
vt 2.254487 2.365644
vt 1.859523 2.689782
vt 1.408911 2.930639
vt 0.919970 3.078958
vt 0.411487 3.129039
vt -0.096995 3.078958
vt -0.585937 2.930639
vt -1.036548 2.689782
vt -1.431512 2.365644
vt -1.755651 1.970679
vt -1.996507 1.520068
vt -2.144826 1.031127
vt -2.194907 0.522644
vt -2.144826 0.014161
vt -1.996507 -0.474780
vt -1.755651 -0.925391
vt -1.431512 -1.320355
vt -1.036547 -1.644494
vt -0.585936 -1.885351
vt -0.096995 -2.033669
vt 0.411487 -2.083750
vt 0.919970 -2.033669
vt 1.408912 -1.885350
vt 1.859523 -1.644493
vt 2.254488 -1.320354
vt 2.578625 -0.925391
vt 2.819482 -0.474780
vt 2.967801 0.014162
vt 3.021696 1.041847
vt 3.072833 0.522644
vt 2.870250 1.541097
vt 2.624316 2.001209
vt 2.293343 2.404500
vt 1.890052 2.735473
vt 1.429940 2.981407
vt 0.930690 3.132854
vt 0.411487 3.183990
vt -0.107715 3.132853
vt -0.606966 2.981407
vt -1.067078 2.735472
vt -1.470368 2.404500
vt -1.801341 2.001209
vt -2.047276 1.541097
vt -2.198722 1.041847
vt -2.249859 0.522644
vt -2.198722 0.003441
vt -2.047276 -0.495809
vt -1.801341 -0.955921
vt -1.470368 -1.359212
vt -1.067077 -1.690185
vt -0.606965 -1.936119
vt -0.107716 -2.087565
vt 0.411487 -2.138702
vt 0.930690 -2.087565
vt 1.429941 -1.936119
vt 1.890053 -1.690184
vt 2.293344 -1.359211
vt 2.624316 -0.955921
vt 2.870250 -0.495809
vt 3.021697 0.003441
vt 0.522644 -1.876108
vt 1.041847 -1.876108
vt 1.051979 -1.822126
vt 0.522644 -1.822126
vt 2.918233 1.560973
vt 3.072635 1.051979
vt 2.667499 2.030063
vt 2.330068 2.441225
vt 1.918906 2.778656
vt 1.449816 3.029390
vt 0.940822 3.183792
vt 0.930690 -1.876107
vt 0.411487 -1.876107
vt 0.411487 -1.822125
vt 0.940822 -1.822125
vt -0.107715 -1.876107
vt -0.117848 -1.822125
vt -0.626841 3.029390
vt -0.117848 3.183792
vt -1.095932 2.778656
vt -1.507093 2.441225
vt -1.844525 2.030063
vt -2.095259 1.560972
vt -2.249660 1.051979
vt 1.041847 -1.876108
vt 0.522644 -1.876108
vt 0.522644 -1.822126
vt 1.051979 -1.822126
vt 0.003441 -1.876108
vt -0.006691 -1.822126
vt -2.095259 -0.515684
vt -2.249660 -0.006691
vt -1.844525 -0.984775
vt -1.507093 -1.395936
vt -1.095931 -1.733368
vt -0.626840 -1.984102
vt -0.117848 -2.138503
vt -0.107716 -1.876108
vt 0.411487 -1.876108
vt 0.411487 -1.822126
vt -0.117848 -1.822126
vt 0.930690 -1.876108
vt 0.940823 -1.822126
vt 1.449816 -1.984102
vt 0.940823 -2.138503
vt 1.918907 -1.733367
vt 2.330069 -1.395936
vt 2.667499 -0.984775
vt 2.918234 -0.515684
vt 3.072635 -0.006691
vt 0.003441 -1.876108
vt -0.006691 -1.822126
vt 1.060922 -1.759424
vt 0.522644 -1.759424
vt 1.560973 -1.822125
vt 1.578514 -1.759424
vt 2.030063 -1.822125
vt 2.055529 -1.759424
vt 2.441225 -1.822125
vt 2.473637 -1.759424
vt 2.330068 -1.822125
vt 1.918906 -1.822125
vt 1.944372 -1.759424
vt 2.362480 -1.759424
vt 1.449816 -1.822125
vt 1.467357 -1.759424
vt 0.949765 -1.759424
vt 0.411487 -1.759424
vt -0.126790 -1.759424
vt -0.626841 -1.822125
vt -0.644382 -1.759424
vt -1.095932 -1.822125
vt -1.121398 -1.759424
vt -1.507093 -1.822125
vt -1.539505 -1.759424
vt 2.030063 -1.822125
vt 1.560972 -1.822125
vt 1.578514 -1.759424
vt 1.060922 -1.759424
vt 0.522644 -1.759424
vt -0.015634 -1.759424
vt -0.515684 -1.822126
vt -0.533225 -1.759424
vt -0.984775 -1.822126
vt -1.010241 -1.759424
vt -1.395936 -1.822126
vt -1.428348 -1.759424
vt -1.507093 -1.822126
vt -1.095931 -1.822126
vt -1.121397 -1.759424
vt -1.539505 -1.759424
vt -0.626840 -1.822126
vt -0.644381 -1.759424
vt -0.126790 -1.759424
vt 0.411487 -1.759424
vt 0.949765 -1.759424
vt 1.449816 -1.822126
vt 1.467357 -1.759424
vt 1.918907 -1.822126
vt 1.944373 -1.759424
vt 2.330069 -1.822126
vt 2.362481 -1.759424
vt -1.395936 -1.822126
vt -1.428348 -1.759424
vt -0.515684 -1.822126
vt -0.533225 -1.759424
vt -0.015633 -1.759424
vt 1.068073 -1.686726
vt 0.522644 -1.686726
vt 1.592541 -1.686726
vt 2.075893 -1.686726
vt 2.499555 -1.686726
vt 1.964736 -1.686726
vt 2.388398 -1.686726
vt 1.481384 -1.686726
vt 0.956916 -1.686726
vt 0.411487 -1.686726
vt -0.133941 -1.686726
vt -0.658409 -1.686726
vt -1.141762 -1.686726
vt -1.565423 -1.686726
vt 2.075893 -1.686726
vt 1.592540 -1.686726
vt 1.068073 -1.686726
vt 0.522644 -1.686726
vt -0.022785 -1.686726
vt -0.547252 -1.686726
vt -1.030605 -1.686726
vt -1.454267 -1.686726
vt -1.141761 -1.686726
vt -1.565423 -1.686726
vt -0.658408 -1.686726
vt -0.133941 -1.686726
vt 0.411487 -1.686726
vt 0.956916 -1.686726
vt 1.481384 -1.686726
vt 1.964737 -1.686726
vt 2.388399 -1.686726
vt -1.454266 -1.686726
vt -0.547252 -1.686726
vt -0.022784 -1.686726
vt 1.072830 -1.602754
vt 0.522644 -1.602754
vt 1.601873 -1.602754
vt 2.089442 -1.602754
vt 2.516799 -1.602754
vt 1.978285 -1.602754
vt 2.405642 -1.602754
vt 1.490716 -1.602754
vt 0.961673 -1.602754
vt 0.411487 -1.602754
vt -0.138699 -1.602754
vt -0.667741 -1.602754
vt -1.155310 -1.602754
vt -1.582668 -1.602754
vt 2.089441 -1.602754
vt 1.601873 -1.602754
vt 1.072830 -1.602754
vt 0.522644 -1.602754
vt -0.027542 -1.602754
vt -0.556584 -1.602754
vt -1.044153 -1.602754
vt -1.471511 -1.602754
vt -1.155309 -1.602754
vt -1.582667 -1.602754
vt -0.667741 -1.602754
vt -0.138699 -1.602754
vt 0.411487 -1.602754
vt 0.961674 -1.602754
vt 1.490716 -1.602754
vt 1.978285 -1.602754
vt 2.405643 -1.602754
vt -1.471510 -1.602754
vt -0.556585 -1.602754
vt -0.027542 -1.602754
vt 1.074593 -1.506231
vt 0.522644 -1.506231
vt 1.605330 -1.506231
vt 2.094461 -1.506231
vt 2.523188 -1.506231
vt 1.983304 -1.506231
vt 2.412031 -1.506231
vt 1.494174 -1.506231
vt 0.963436 -1.506231
vt 0.411487 -1.506231
vt -0.140461 -1.506231
vt -0.671199 -1.506231
vt -1.160329 -1.506231
vt -1.589056 -1.506231
vt 1.605330 -1.506231
vt 1.074593 -1.506231
vt 0.522644 -1.506231
vt -0.029305 -1.506231
vt -0.560042 -1.506231
vt -1.049172 -1.506231
vt -1.477899 -1.506231
vt -1.160329 -1.506231
vt -1.589056 -1.506231
vt -0.671198 -1.506231
vt -0.140462 -1.506231
vt 0.411487 -1.506231
vt 0.963436 -1.506231
vt 1.494174 -1.506231
vt 1.983305 -1.506231
vt 2.412031 -1.506231
vt -1.049173 -1.506231
vt -1.477898 -1.506231
vt -0.560042 -1.506231
vt -0.029304 -1.506231
vt 1.071645 -1.400240
vt 0.522644 -1.400240
vt 1.599549 -1.400240
vt 2.086068 -1.400239
vt 2.512505 -1.400239
vt 1.974911 -1.400239
vt 2.401348 -1.400239
vt 1.488392 -1.400239
vt 0.960489 -1.400239
vt 0.411487 -1.400239
vt -0.137514 -1.400239
vt -0.665418 -1.400239
vt -1.151936 -1.400239
vt -1.578373 -1.400239
vt 1.599549 -1.400240
vt 1.071646 -1.400240
vt 0.522644 -1.400240
vt -0.026357 -1.400240
vt -0.554261 -1.400240
vt -1.040779 -1.400240
vt -1.467217 -1.400240
vt -1.151936 -1.400240
vt -1.578373 -1.400240
vt -0.665417 -1.400240
vt -0.137514 -1.400240
vt 0.411487 -1.400240
vt 0.960489 -1.400240
vt 1.488393 -1.400240
vt 1.974911 -1.400240
vt 2.401349 -1.400240
vt -1.040780 -1.400240
vt -1.467216 -1.400240
vt -0.554261 -1.400240
vt -0.026357 -1.400240
vt 1.063378 -1.289295
vt 0.522644 -1.289295
vt 1.583331 -1.289295
vt 2.062522 -1.289295
vt 2.482538 -1.289295
vt 1.951366 -1.289295
vt 2.371381 -1.289295
vt 1.472174 -1.289295
vt 0.952221 -1.289295
vt 0.411487 -1.289295
vt -0.129246 -1.289295
vt -0.649199 -1.289295
vt -1.128391 -1.289295
vt -1.548406 -1.289295
vt 2.062523 -1.289295
vt 2.482538 -1.289295
vt 1.583331 -1.289295
vt 1.063378 -1.289295
vt 0.522644 -1.289295
vt -0.018090 -1.289295
vt -0.538043 -1.289295
vt -1.017234 -1.289295
vt -1.437250 -1.289295
vt -1.128391 -1.289295
vt -1.548406 -1.289295
vt -0.649199 -1.289295
vt -0.129246 -1.289295
vt 0.411487 -1.289295
vt 0.952221 -1.289295
vt 1.472175 -1.289295
vt 1.951366 -1.289295
vt 2.371382 -1.289295
vt -1.017235 -1.289295
vt -1.437249 -1.289295
vt -0.538043 -1.289295
vt -0.018089 -1.289295
vt 1.050844 -1.174271
vt 0.522644 -1.174271
vt 1.558745 -1.174271
vt 2.026830 -1.174271
vt 2.437109 -1.174271
vt 1.915673 -1.174271
vt 2.325953 -1.174271
vt 1.447588 -1.174271
vt 0.939687 -1.174271
vt 0.411487 -1.174271
vt -0.116712 -1.174271
vt -0.624614 -1.174271
vt -1.092698 -1.174271
vt -1.502977 -1.174271
vt 2.437109 -1.174271
vt 1.558745 -1.174271
vt 1.050844 -1.174271
vt -0.005556 -1.174271
vt -0.513457 -1.174271
vt -0.981542 -1.174271
vt -1.391821 -1.174271
vt -1.092698 -1.174271
vt -1.502977 -1.174271
vt -0.624613 -1.174271
vt -0.116713 -1.174271
vt 0.411487 -1.174271
vt 0.939687 -1.174271
vt 1.447589 -1.174271
vt 1.915673 -1.174271
vt 2.325953 -1.174271
vt -0.981542 -1.174271
vt -1.391820 -1.174271
vt -0.513457 -1.174271
vt -0.005555 -1.174271
vt 1.035099 -1.056043
vt 0.522644 -1.056043
vt 1.527861 -1.056043
vt 1.981992 -1.056043
vt 2.380042 -1.056043
vt 1.870836 -1.056043
vt 2.268886 -1.056043
vt 1.416704 -1.056043
vt 0.923942 -1.056043
vt 0.411487 -1.056043
vt -0.100967 -1.056043
vt -0.593729 -1.056043
vt -1.047861 -1.056043
vt -1.445911 -1.056043
vt 1.981992 -1.056043
vt 2.380043 -1.056043
vt 1.527861 -1.056043
vt 1.035099 -1.056043
vt 0.010189 -1.056043
vt -0.482572 -1.056043
vt -0.936704 -1.056043
vt -1.334754 -1.056043
vt -1.047860 -1.056043
vt -0.593728 -1.056043
vt -0.100968 -1.056043
vt 0.411487 -1.056043
vt 0.923943 -1.056043
vt 1.416704 -1.056043
vt 1.870836 -1.056043
vt 2.268886 -1.056043
vt -0.936705 -1.056043
vt -1.334754 -1.056043
vt -0.482573 -1.056043
vt 0.010189 -1.056043
vt 1.017198 -0.935486
vt 0.522644 -0.935486
vt 1.492747 -0.935486
vt 1.931015 -0.935486
vt 2.315160 -0.935486
vt 1.819858 -0.935486
vt 2.204004 -0.935486
vt 1.381590 -0.935486
vt 0.906041 -0.935486
vt 0.411487 -0.935486
vt -0.083067 -0.935486
vt -0.558615 -0.935486
vt -0.996884 -0.935486
vt -1.381029 -0.935486
vt 1.931015 -0.935486
vt 1.492747 -0.935486
vt 1.017198 -0.935486
vt 0.028090 -0.935486
vt -0.447458 -0.935486
vt -0.885727 -0.935486
vt -1.269872 -0.935486
vt -0.996883 -0.935486
vt -1.381029 -0.935486
vt -0.558615 -0.935486
vt -0.083067 -0.935486
vt 0.411487 -0.935486
vt 0.906042 -0.935486
vt 1.381591 -0.935486
vt 1.819859 -0.935486
vt 2.204004 -0.935486
vt -0.885727 -0.935486
vt -1.269871 -0.935486
vt -0.447459 -0.935486
vt 0.028090 -0.935486
vt 0.998196 -0.813474
vt 0.522644 -0.813474
vt 1.455473 -0.813474
vt 1.876901 -0.813474
vt 2.519263 1.931015
vt 2.204004 2.315160
vt 2.135130 2.246286
vt 2.438276 1.876901
vt 1.819858 2.630420
vt 1.765744 2.549433
vt 1.344316 -0.813474
vt 1.765744 -0.813474
vt 0.887039 -0.813474
vt 0.411487 -0.813474
vt -0.064064 -0.813474
vt -0.521341 -0.813474
vt -0.942770 -0.813474
vt -0.996884 2.630420
vt -1.381029 2.315160
vt -1.312155 2.246286
vt -0.942770 2.549433
vt -1.696289 1.931015
vt -1.615302 1.876901
vt 1.455472 -0.813474
vt 1.876901 -0.813474
vt 0.998196 -0.813474
vt 0.522644 -0.813474
vt 0.047092 -0.813474
vt -0.410184 -0.813474
vt -0.831613 -0.813474
vt -1.696289 -0.885727
vt -1.381029 -1.269872
vt -1.312155 -1.200998
vt -1.615301 -0.831613
vt -0.996883 -1.585132
vt -0.942769 -1.504145
vt -0.521340 -0.813474
vt -0.942769 -0.813474
vt -0.064065 -0.813474
vt 0.411487 -0.813474
vt 0.887039 -0.813474
vt 1.344316 -0.813474
vt 1.765745 -0.813474
vt 1.819859 -1.585131
vt 2.204004 -1.269871
vt 2.135130 -1.200998
vt 1.765745 -1.504144
vt 2.519263 -0.885727
vt 2.438276 -0.831613
vt -0.410184 -0.813474
vt -0.831613 -0.813474
vt 0.047092 -0.813474
vt 0.979147 -0.690883
vt 0.522644 -0.690883
vt 1.418107 -0.690883
vt 1.822654 -0.690883
vt 2.066087 2.177243
vt 2.357090 1.822654
vt 1.711498 2.468247
vt 1.306950 -0.690883
vt 1.711498 -0.690883
vt 0.867990 -0.690883
vt 0.411487 -0.690883
vt -0.045015 -0.690883
vt -0.483975 -0.690883
vt -0.888523 -0.690883
vt -1.243112 2.177244
vt -0.888523 2.468247
vt -1.534116 1.822655
vt 1.418107 -0.690883
vt 1.822655 -0.690883
vt 0.979147 -0.690883
vt 0.522644 -0.690883
vt 0.066141 -0.690883
vt -0.372818 -0.690883
vt -0.777366 -0.690883
vt -1.243112 -1.131955
vt -1.534116 -0.777366
vt -0.888523 -1.422959
vt -0.483975 -0.690883
vt -0.888523 -0.690883
vt -0.045016 -0.690883
vt 0.411487 -0.690883
vt 0.867990 -0.690883
vt 1.306951 -0.690883
vt 1.711498 -0.690883
vt 2.066087 -1.131955
vt 1.711498 -1.422959
vt 2.357090 -0.777367
vt -0.372819 -0.690883
vt -0.777367 -0.690883
vt 0.066141 -0.690883
vt 0.961106 -0.568586
vt 0.522644 -0.568586
vt 1.382719 -0.568586
vt 1.771279 -0.568586
vt 2.177243 -0.690883
vt 2.111855 -0.568586
vt 2.066087 -0.690883
vt 1.660123 -0.568586
vt 2.000699 -0.568586
vt 1.271562 -0.568586
vt 0.849950 -0.568586
vt 0.411487 -0.568586
vt -0.026975 -0.568586
vt -0.448587 -0.568586
vt -0.837148 -0.568586
vt -1.243112 -0.690883
vt -1.177723 -0.568586
vt 2.177244 -0.690883
vt 1.771279 -0.568586
vt 2.111855 -0.568586
vt 1.382719 -0.568586
vt 0.961107 -0.568586
vt 0.522644 -0.568586
vt 0.084182 -0.568586
vt -0.337430 -0.568586
vt -0.725991 -0.568586
vt -1.131955 -0.690883
vt -1.066567 -0.568586
vt -0.837147 -0.568586
vt -0.448587 -0.568586
vt -0.026975 -0.568586
vt 0.411487 -0.568586
vt 0.849950 -0.568586
vt 1.271563 -0.568586
vt 1.660123 -0.568586
vt 2.066087 -0.690883
vt 2.000699 -0.568586
vt -1.131955 -0.690883
vt -0.725991 -0.568586
vt -1.066566 -0.568586
vt -0.337431 -0.568586
vt 0.084182 -0.568586
vt 0.945129 -0.447459
vt 0.522644 -0.447459
vt 1.351378 -0.447459
vt 1.725779 -0.447459
vt 2.053944 -0.447459
vt 1.614622 -0.447459
vt 1.942788 -0.447459
vt 1.240221 -0.447459
vt 0.833972 -0.447459
vt 0.411487 -0.447459
vt -0.010997 -0.447459
vt -0.417246 -0.447459
vt -0.791647 -0.447459
vt -1.119812 -0.447459
vt 2.053945 -0.447459
vt 1.351378 -0.447459
vt 0.945129 -0.447459
vt 0.522644 -0.447459
vt 0.100159 -0.447459
vt -0.306089 -0.447459
vt -0.680491 -0.447459
vt -1.008656 -0.447459
vt -0.791647 -0.447459
vt -0.417246 -0.447459
vt -0.010998 -0.447459
vt 0.411487 -0.447459
vt 0.833972 -0.447459
vt 1.240221 -0.447459
vt 1.614623 -0.447459
vt 1.942788 -0.447459
vt -0.680491 -0.447459
vt -1.008656 -0.447459
vt -0.306090 -0.447459
vt 0.100159 -0.447459
vt 0.932269 -0.328375
vt 0.522644 -0.328375
vt 1.326152 -0.328375
vt 1.689157 -0.328375
vt 2.007334 -0.328375
vt 1.578001 -0.328375
vt 1.896177 -0.328375
vt 1.214996 -0.328375
vt 0.821112 -0.328375
vt 0.411487 -0.328375
vt 0.001863 -0.328375
vt -0.392021 -0.328375
vt -0.755026 -0.328375
vt -1.073202 -0.328375
vt 2.007334 -0.328375
vt 0.932269 -0.328375
vt 0.522644 -0.328375
vt 0.113019 -0.328375
vt -0.280864 -0.328375
vt -0.643869 -0.328375
vt -0.962046 -0.328375
vt -0.755026 -0.328375
vt -1.073202 -0.328375
vt -0.392020 -0.328375
vt 0.001862 -0.328375
vt 0.411487 -0.328375
vt 0.821113 -0.328375
vt 1.578001 -0.328375
vt 1.896178 -0.328375
vt -0.643869 -0.328375
vt -0.962045 -0.328375
vt -0.280864 -0.328375
vt 0.113019 -0.328375
vt 0.923582 -0.212211
vt 0.522644 -0.212211
vt 1.309112 -0.212211
vt 1.664419 -0.212211
vt 1.975847 -0.212211
vt 1.553262 -0.212211
vt 1.864691 -0.212211
vt 1.197956 -0.212211
vt 0.812425 -0.212211
vt 0.411487 -0.212211
vt 0.010550 -0.212211
vt -0.374981 -0.212211
vt -0.730287 -0.212211
vt -1.041716 -0.212211
vt 1.975848 -0.212211
vt 0.923582 -0.212211
vt 0.522644 -0.212211
vt 0.121706 -0.212211
vt -0.263824 -0.212211
vt -0.619130 -0.212211
vt -0.930559 -0.212211
vt -0.730287 -0.212211
vt -1.041716 -0.212211
vt -0.374980 -0.212211
vt 0.010549 -0.212211
vt 0.411487 -0.212211
vt 0.812425 -0.212211
vt 1.553262 -0.212211
vt 1.864691 -0.212211
vt -0.619131 -0.212211
vt -0.930559 -0.212211
vt -0.263824 -0.212211
vt 0.121706 -0.212211
vt 0.920122 -0.099840
vt 0.522644 -0.099840
vt 1.302326 -0.099840
vt 1.654567 -0.099840
vt 1.963308 -0.099840
vt 1.543410 -0.099840
vt 1.852152 -0.099840
vt 1.191169 -0.099840
vt 0.808966 -0.099840
vt 0.411487 -0.099840
vt 0.014009 -0.099840
vt -0.368194 -0.099840
vt -0.720435 -0.099840
vt -1.029176 -0.099840
vt 1.654567 -0.099840
vt 1.963308 -0.099840
vt 0.920123 -0.099840
vt 0.522644 -0.099840
vt 0.125166 -0.099840
vt -0.257037 -0.099840
vt -0.609278 -0.099840
vt -0.918020 -0.099840
vt -0.720435 -0.099840
vt -0.368194 -0.099840
vt 0.014009 -0.099840
vt 0.411487 -0.099840
vt 0.808966 -0.099840
vt 1.543410 -0.099840
vt 1.852152 -0.099840
vt -0.609279 -0.099840
vt -0.918019 -0.099840
vt -0.257038 -0.099840
vt 0.125166 -0.099840
vt 0.919448 0.000695
vt 0.522644 0.000695
vt 1.301002 0.000695
vt 1.652645 0.000695
vt 1.960863 0.000695
vt 1.541489 0.000695
vt 1.849706 0.000695
vt 1.189846 0.000695
vt 0.808291 0.000695
vt 0.411487 0.000695
vt 0.014684 0.000695
vt -0.366871 0.000695
vt -0.718514 0.000695
vt -1.026731 0.000695
vt 1.652645 0.000695
vt 1.960863 0.000695
vt 0.919448 0.000695
vt 0.522644 0.000695
vt 0.125840 0.000695
vt -0.255714 0.000695
vt -0.607357 0.000695
vt -0.915574 0.000695
vt -0.718513 0.000695
vt -0.366870 0.000695
vt 0.014684 0.000695
vt 0.411487 0.000695
vt 0.808291 0.000695
vt 1.541489 0.000695
vt 1.849706 0.000695
vt -0.607357 0.000695
vt -0.915574 0.000695
vt -0.255714 0.000695
vt 0.125841 0.000695
vt 0.918380 0.083122
vt 0.522644 0.083122
vt 1.298908 0.083122
vt 1.649605 0.083122
vt 1.956993 0.083122
vt 1.538448 0.083122
vt 1.845837 0.083122
vt 1.187752 0.083122
vt 0.807223 0.083122
vt 0.411487 0.083122
vt 0.015752 0.083122
vt -0.364777 0.083122
vt -0.715474 0.083122
vt -1.022861 0.083122
vt 1.649605 0.083122
vt 1.956993 0.083122
vt 1.298908 0.083122
vt 0.918380 0.083122
vt 0.522644 0.083122
vt 0.126908 0.083122
vt -0.253620 0.083122
vt -0.604317 0.083122
vt -0.911705 0.083122
vt -0.715473 0.083122
vt -0.364776 0.083122
vt 0.015751 0.083122
vt 0.411487 0.083122
vt 1.538448 0.083122
vt 1.845837 0.083122
vt -0.604317 0.083122
vt -0.911705 0.083122
vt -0.253620 0.083122
vt 0.126908 0.083122
vt 0.916872 0.149227
vt 0.522644 0.149227
vt 1.295949 0.149227
vt 1.645309 0.149227
vt 1.951526 0.149227
vt 1.534153 0.149227
vt 1.840369 0.149227
vt 1.184793 0.149227
vt 0.805715 0.149227
vt 0.411487 0.149227
vt 0.017260 0.149227
vt -0.361818 0.149227
vt -0.711178 0.149227
vt -1.017394 0.149227
vt 1.645309 0.149227
vt 1.951526 0.149227
vt 0.916872 0.149227
vt 0.522644 0.149227
vt 0.128416 0.149227
vt -0.250661 0.149227
vt -0.600021 0.149227
vt -0.906237 0.149227
vt -0.711177 0.149227
vt -0.361817 0.149227
vt 0.017260 0.149227
vt 0.411487 0.149227
vt 0.805715 0.149227
vt 1.534153 0.149227
vt 1.840369 0.149227
vt -0.600021 0.149227
vt -0.906237 0.149227
vt -0.250661 0.149227
vt 0.128417 0.149227
vt 0.914874 0.200791
vt 0.522644 0.200791
vt 1.292031 0.200791
vt 1.639621 0.200791
vt 1.944286 0.200791
vt 1.528464 0.200791
vt 1.833130 0.200791
vt 1.180875 0.200791
vt 0.803717 0.200791
vt 0.411487 0.200791
vt 0.019257 0.200791
vt -0.357900 0.200791
vt -0.705490 0.200791
vt -1.010154 0.200791
vt 1.639621 0.200791
vt 1.944286 0.200791
vt 0.914874 0.200791
vt 0.522644 0.200791
vt 0.130414 0.200791
vt -0.246743 0.200791
vt -0.594333 0.200791
vt -0.898998 0.200791
vt -0.705489 0.200791
vt -0.357899 0.200791
vt 0.019257 0.200791
vt 0.411487 0.200791
vt 0.803718 0.200791
vt 1.528465 0.200791
vt 1.833130 0.200791
vt -0.594333 0.200791
vt -0.898997 0.200791
vt -0.246743 0.200791
vt 0.130414 0.200791
vt 0.912340 0.239598
vt 0.522644 0.239598
vt 1.287060 0.239598
vt 1.632404 0.239598
vt 1.935100 0.239598
vt 1.521247 0.239598
vt 1.823944 0.239598
vt 1.175903 0.239598
vt 0.801183 0.239598
vt 0.411487 0.239598
vt 0.021792 0.239598
vt -0.352928 0.239598
vt -0.698272 0.239598
vt -1.000968 0.239598
vt 1.632404 0.239598
vt 1.935100 0.239598
vt 0.912340 0.239598
vt 0.522644 0.239598
vt 0.132948 0.239598
vt -0.241771 0.239598
vt -0.587115 0.239598
vt -0.889812 0.239598
vt -0.698272 0.239598
vt -0.352928 0.239598
vt 0.021791 0.239598
vt 0.411487 0.239598
vt 0.801183 0.239598
vt 1.521247 0.239598
vt 1.823944 0.239598
vt -0.587116 0.239598
vt -0.889812 0.239598
vt -0.241772 0.239598
vt 0.132948 0.239598
vt 0.909220 0.267431
vt 0.522644 0.267431
vt 1.280941 0.267431
vt 1.623520 0.267431
vt 1.923794 0.267431
vt 1.512364 0.267431
vt 1.812638 0.267431
vt 1.169784 0.267431
vt 0.798064 0.267431
vt 0.411487 0.267431
vt 0.024911 0.267431
vt -0.346810 0.267431
vt -0.689389 0.267431
vt -0.989662 0.267431
vt 1.623521 0.267431
vt 1.923794 0.267431
vt 1.280941 0.267431
vt 0.909221 0.267431
vt 0.522644 0.267431
vt 0.136068 0.267431
vt -0.235653 0.267431
vt -0.578232 0.267431
vt -0.878506 0.267431
vt -0.689389 0.267431
vt -0.346809 0.267431
vt 0.024911 0.267431
vt 0.411487 0.267431
vt 0.798064 0.267431
vt 1.169785 0.267431
vt 1.512364 0.267431
vt 1.812638 0.267431
vt -0.578233 0.267431
vt -0.878505 0.267431
vt -0.235653 0.267431
vt 0.136068 0.267431
vt 2.393013 0.522644
vt 2.354938 0.909220
vt 2.336074 0.905468
vt 2.373779 0.522644
vt 2.242178 1.280941
vt 2.224408 1.273580
vt 2.059066 1.623520
vt 2.043073 1.612835
vt 1.812638 1.923794
vt 1.799037 1.910193
vt 1.512364 2.170222
vt 1.501678 2.154230
vt 1.169784 2.353335
vt 1.162424 2.335565
vt 0.798064 2.466095
vt 0.794311 2.447231
vt 0.411487 2.504169
vt 0.411487 2.484936
vt 0.024911 2.466095
vt 0.028664 2.447231
vt -0.346810 2.353335
vt -0.339449 2.335565
vt -0.689389 2.170222
vt -0.678703 2.154230
vt -0.989662 1.923794
vt -0.976062 1.910194
vt -1.236091 1.623521
vt -1.220098 1.612835
vt -1.419203 1.280941
vt -1.401434 1.273580
vt -1.531964 0.909221
vt -1.513099 0.905468
vt -1.570038 0.522644
vt -1.550804 0.522644
vt -1.531963 0.136068
vt -1.513099 0.139820
vt -1.419203 -0.235653
vt -1.401433 -0.228292
vt -1.236091 -0.578232
vt -1.220098 -0.567546
vt -0.989662 -0.878506
vt -0.976062 -0.864905
vt -0.689389 -1.124934
vt -0.678703 -1.108942
vt -0.346809 -1.308047
vt -0.339449 -1.290277
vt 0.024911 -1.420807
vt 0.028663 -1.401942
vt 0.411487 -1.458881
vt 0.411487 -1.439647
vt 0.798064 -1.420807
vt 0.794312 -1.401942
vt 1.169785 -1.308046
vt 1.162424 -1.290276
vt 1.512364 -1.124934
vt 1.501678 -1.108941
vt 1.812638 -0.878505
vt 1.799037 -0.864905
vt 2.059065 -0.578233
vt 2.043073 -0.567547
vt 2.242178 -0.235653
vt 2.224408 -0.228292
vt 2.354939 0.136068
vt 2.336074 0.139820
vt 2.313786 0.901035
vt 2.351054 0.522644
vt 2.203413 1.264884
vt 2.024178 1.600209
vt 1.782968 1.894125
vt 1.489053 2.135335
vt 1.153728 2.314570
vt 0.789878 2.424942
vt 0.411487 2.462211
vt 0.033097 2.424942
vt -0.330753 2.314570
vt -0.666078 2.135335
vt -0.959993 1.894125
vt -1.201203 1.600210
vt -1.380438 1.264884
vt -1.490811 0.901035
vt -1.528079 0.522644
vt -1.490811 0.144253
vt -1.380438 -0.219596
vt -1.201203 -0.554921
vt -0.959993 -0.848837
vt -0.666078 -1.090047
vt -0.330752 -1.269282
vt 0.033097 -1.379654
vt 0.411487 -1.416922
vt 0.789878 -1.379654
vt 1.153728 -1.269282
vt 1.489053 -1.090046
vt 1.782968 -0.848836
vt 2.024178 -0.554922
vt 2.203413 -0.219596
vt 2.313786 0.144253
vt 2.287832 0.895872
vt 2.324592 0.522644
vt 2.178966 1.254758
vt 2.002176 1.585508
vt 1.764257 1.875413
vt 1.474351 2.113333
vt 1.143601 2.290123
vt 0.784716 2.398989
vt 0.411487 2.435749
vt 0.038259 2.398989
vt -0.320626 2.290123
vt -0.651377 2.113333
vt -0.941282 1.875414
vt -1.179201 1.585508
vt -1.355991 1.254758
vt -1.464858 0.895872
vt -1.501617 0.522644
vt -1.464857 0.149416
vt -1.355991 -0.209469
vt -1.179201 -0.540220
vt -0.941282 -0.830125
vt -0.651376 -1.068045
vt -0.320626 -1.244835
vt 0.038259 -1.353701
vt 0.411487 -1.390461
vt 0.784716 -1.353701
vt 1.143601 -1.244834
vt 1.474352 -1.068044
vt 1.764257 -0.830125
vt 2.002176 -0.540220
vt 2.178966 -0.209470
vt 2.287833 0.149416
vt 2.257972 0.889933
vt 2.294147 0.522644
vt 2.150838 1.243107
vt 1.976862 1.568594
vt 1.742729 1.853886
vt 1.457437 2.088019
vt 1.131950 2.261995
vt 0.778776 2.369129
vt 0.411487 2.405304
vt 0.044199 2.369129
vt -0.308975 2.261995
vt -0.634462 2.088018
vt -0.919754 1.853886
vt -1.153887 1.568594
vt -1.327864 1.243107
vt -1.434998 0.889933
vt -1.471172 0.522644
vt -1.434997 0.155355
vt -1.327863 -0.197818
vt -1.153887 -0.523306
vt -0.919754 -0.808597
vt -0.634462 -1.042731
vt -0.308975 -1.216707
vt 0.044198 -1.323841
vt 0.411487 -1.360016
vt 0.778776 -1.323841
vt 1.131950 -1.216707
vt 1.457438 -1.042730
vt 1.742729 -0.808597
vt 1.976862 -0.523306
vt 2.150838 -0.197819
vt 2.257973 0.155355
vt 2.223964 0.883168
vt 2.259473 0.522644
vt 2.118804 1.229838
vt 1.948031 1.549330
vt 1.718211 1.829367
vt 1.438173 2.059188
vt 1.118681 2.229960
vt 0.772011 2.335121
vt 0.411487 2.370630
vt 0.050963 2.335121
vt -0.295706 2.229960
vt -0.615198 2.059188
vt -0.895235 1.829367
vt -1.125056 1.549330
vt -1.295829 1.229837
vt -1.400990 0.883168
vt -1.436498 0.522644
vt -1.400990 0.162120
vt -1.295828 -0.184549
vt -1.125056 -0.504042
vt -0.895235 -0.784079
vt -0.615198 -1.013900
vt -0.295706 -1.184672
vt 0.050963 -1.289833
vt 0.411487 -1.325341
vt 0.772012 -1.289833
vt 1.118681 -1.184672
vt 1.438173 -1.013899
vt 1.718211 -0.784079
vt 1.948031 -0.504042
vt 2.118804 -0.184549
vt 2.223965 0.162120
vt 2.185567 0.875530
vt 2.220323 0.522644
vt 2.082633 1.214855
vt 1.915479 1.527579
vt 1.690527 1.801684
vt 1.416423 2.026636
vt 1.103699 2.193790
vt 0.764374 2.296723
vt 0.411487 2.331480
vt 0.058601 2.296723
vt -0.280724 2.193790
vt -0.593448 2.026636
vt -0.867552 1.801684
vt -1.092504 1.527579
vt -1.259659 1.214855
vt -1.362592 0.875530
vt -1.397348 0.522644
vt -1.362592 0.169758
vt -1.259659 -0.169567
vt -1.092504 -0.482291
vt -0.867552 -0.756396
vt -0.593447 -0.981348
vt -0.280724 -1.148502
vt 0.058601 -1.251435
vt 0.411487 -1.286191
vt 0.764374 -1.251435
vt 1.103699 -1.148502
vt 1.416423 -0.981347
vt 1.690528 -0.756395
vt 1.915479 -0.482291
vt 2.082633 -0.169567
vt 2.185567 0.169758
vt 2.110499 0.860598
vt 2.143785 0.522644
vt 2.011922 1.185566
vt 1.851840 1.485057
vt 1.636407 1.747563
vt 1.373900 1.962997
vt 1.074409 2.123078
vt 0.749442 2.221656
vt 0.411487 2.254942
vt 0.073533 2.221656
vt -0.251434 2.123078
vt -0.550926 1.962997
vt -0.813432 1.747564
vt -1.028865 1.485057
vt -1.188947 1.185566
vt -1.287524 0.860599
vt -1.320810 0.522644
vt -1.287524 0.184689
vt -1.188947 -0.140277
vt -1.028865 -0.439769
vt -0.813432 -0.702275
vt -0.550925 -0.917709
vt -0.251434 -1.077790
vt 0.073533 -1.176368
vt 0.411487 -1.209653
vt 0.749442 -1.176368
vt 1.074409 -1.077790
vt 1.373901 -0.917708
vt 1.636407 -0.702275
vt 1.851840 -0.439769
vt 2.011922 -0.140278
vt 2.110499 0.184690
vt 2.048617 0.848289
vt 2.080690 0.522644
vt 1.953629 1.161420
vt 1.799379 1.450003
vt 1.591792 1.702949
vt 1.338847 1.910535
vt 1.050264 2.064786
vt 0.737133 2.159773
vt 0.411487 2.191847
vt 0.085842 2.159773
vt -0.227289 2.064786
vt -0.515872 1.910535
vt -0.768817 1.702949
vt -0.976404 1.450003
vt -1.130655 1.161420
vt -1.225642 0.848289
vt -1.257715 0.522644
vt -1.225642 0.196999
vt -1.130655 -0.116132
vt -0.976403 -0.404715
vt -0.768817 -0.657660
vt -0.515872 -0.865247
vt -0.227288 -1.019498
vt 0.085842 -1.114485
vt 0.411487 -1.146558
vt 0.737133 -1.114485
vt 1.050264 -1.019498
vt 1.338847 -0.865247
vt 1.591792 -0.657660
vt 1.799379 -0.404715
vt 1.953630 -0.116132
vt 2.048617 0.196999
vt 2.000002 0.838619
vt 2.031123 0.522644
vt 1.907836 1.142452
vt 1.758165 1.422465
vt 1.556743 1.667899
vt 1.311309 1.869322
vt 1.031295 2.018992
vt 0.727463 2.111159
vt 0.411487 2.142280
vt 0.095512 2.111159
vt -0.208320 2.018992
vt -0.488334 1.869322
vt -0.733768 1.667900
vt -0.935190 1.422466
vt -1.084861 1.142452
vt -1.177027 0.838619
vt -1.208148 0.522644
vt -1.177027 0.206669
vt -1.084861 -0.097163
vt -0.935190 -0.377177
vt -0.733768 -0.622611
vt -0.488334 -0.824034
vt -0.208320 -0.973704
vt 0.095512 -1.065871
vt 0.411487 -1.096992
vt 0.727463 -1.065871
vt 1.031295 -0.973704
vt 1.311309 -0.824033
vt 1.556743 -0.622611
vt 1.758165 -0.377177
vt 1.907836 -0.097164
vt 2.000002 0.206669
vt 0.522644 0.371781
vt 0.838619 0.371781
vt 0.831093 0.416767
vt 0.522644 0.416767
vt 1.142452 0.371781
vt 1.127689 0.416767
vt 1.422465 0.371781
vt 1.401033 0.416767
vt 1.531320 1.640621
vt 1.728271 1.401033
vt 1.291334 1.837246
vt 1.311309 0.371781
vt 1.031295 0.371781
vt 1.017536 0.416767
vt 1.291334 0.416767
vt 0.727463 0.371781
vt 0.720448 0.416767
vt 0.411487 0.371781
vt 0.411487 0.416767
vt 0.095512 0.371781
vt 0.102527 0.416767
vt -0.208320 0.371781
vt -0.194561 0.416767
vt -0.488334 0.371781
vt -0.468359 0.416767
vt -0.708345 1.640621
vt -0.468359 1.837246
vt -0.905296 1.401033
vt 1.422466 0.371781
vt 1.127689 0.416767
vt 0.838619 0.371781
vt 0.831093 0.416767
vt 0.522644 0.371781
vt 0.522644 0.416767
vt 0.206669 0.371781
vt 0.214195 0.416767
vt -0.097163 0.371781
vt -0.082400 0.416767
vt -0.377177 0.371781
vt -0.355745 0.416767
vt -0.708345 -0.595333
vt -0.905296 -0.355745
vt -0.468359 -0.791958
vt -0.488334 0.371781
vt -0.208320 0.371781
vt -0.194561 0.416767
vt -0.468359 0.416767
vt 0.095512 0.371781
vt 0.102526 0.416767
vt 0.411487 0.371781
vt 0.411487 0.416767
vt 0.727463 0.371781
vt 0.720448 0.416767
vt 1.311309 0.371781
vt 1.291334 0.416767
vt 1.531320 -0.595332
vt 1.291334 -0.791957
vt 1.728271 -0.355745
vt -0.377177 0.371781
vt -0.097164 0.371781
vt -0.082401 0.416767
vt -0.355745 0.416767
vt 0.206669 0.371781
vt 0.214195 0.416767
vt 0.823822 0.467855
vt 0.522644 0.467855
vt 1.113426 0.467855
vt 1.380327 0.467855
vt 1.640621 0.416767
vt 1.614267 0.467855
vt 1.531320 0.416767
vt 1.278970 0.467855
vt 1.515583 0.467855
vt 1.009019 0.467855
vt 0.716107 0.467855
vt 0.411487 0.467855
vt 0.106868 0.467855
vt -0.186045 0.467855
vt -0.455995 0.467855
vt -0.708345 0.416767
vt -0.692608 0.467855
vt 1.640621 0.416767
vt 1.380327 0.467855
vt 1.614267 0.467855
vt 0.823822 0.467855
vt 0.522644 0.467855
vt 0.221466 0.467855
vt -0.068138 0.467855
vt -0.335039 0.467855
vt -0.595333 0.416767
vt -0.568979 0.467855
vt -0.455994 0.467855
vt -0.186044 0.467855
vt 0.106868 0.467855
vt 0.411487 0.467855
vt 1.009020 0.467855
vt 1.531320 0.416767
vt 1.515583 0.467855
vt -0.595332 0.416767
vt -0.335039 0.467855
vt -0.568979 0.467855
vt -0.068138 0.467855
vt 0.221466 0.467855
vt 0.815758 0.522002
vt 0.522644 0.522002
vt 1.097609 0.522002
vt 1.357363 0.522002
vt 1.585041 0.522002
vt 1.274262 0.522002
vt 1.509592 0.522002
vt 1.005777 0.522002
vt 0.714454 0.522002
vt 0.411488 0.522002
vt 0.108521 0.522002
vt -0.182802 0.522002
vt -0.451288 0.522002
vt -0.686617 0.522002
vt 1.357364 0.522002
vt 1.585041 0.522002
vt 1.097609 0.522002
vt 0.815759 0.522002
vt 0.522644 0.522002
vt 0.229530 0.522002
vt -0.052321 0.522002
vt -0.312075 0.522002
vt -0.539753 0.522002
vt -0.451287 0.522002
vt -0.182802 0.522002
vt 0.108521 0.522002
vt 0.411487 0.522002
vt 1.509592 0.522002
vt -0.312076 0.522002
vt -0.539752 0.522002
vt -0.052321 0.522002
vt 0.229530 0.522002
vt 0.806179 0.576166
vt 0.522644 0.576166
vt 1.078819 0.576166
vt 1.330084 0.576166
vt 1.550321 0.576166
vt 1.277260 0.576166
vt 1.513407 0.576166
vt 1.007842 0.576166
vt 0.715506 0.576166
vt 0.411488 0.576166
vt 0.107469 0.576166
vt -0.184867 0.576166
vt -0.454285 0.576166
vt -0.690432 0.576166
vt 1.330085 0.576166
vt 1.550321 0.576166
vt 0.806180 0.576166
vt 0.522644 0.576166
vt 0.239109 0.576166
vt -0.033530 0.576166
vt -0.284796 0.576166
vt -0.505033 0.576166
vt -0.454285 0.576166
vt -0.690432 0.576166
vt -0.184867 0.576166
vt 0.107468 0.576166
vt 0.411487 0.576166
vt 0.715506 0.576166
vt 1.277260 0.576166
vt 1.513407 0.576166
vt -0.284796 0.576166
vt -0.505032 0.576166
vt -0.033530 0.576166
vt 0.239109 0.576166
vt 0.794635 0.627305
vt 0.522644 0.627305
vt 1.056175 0.627305
vt 1.297210 0.627305
vt 1.508480 0.627305
vt 1.288010 0.627305
vt 1.527089 0.627305
vt 1.015247 0.627305
vt 1.007842 1.865369
vt 0.715506 1.948073
vt 0.719281 1.890038
vt 1.015247 1.810701
vt 0.411488 1.975998
vt 0.411488 1.916826
vt 0.107469 1.948073
vt 0.103694 1.890038
vt -0.184867 1.865369
vt -0.192272 1.810701
vt -0.465035 0.627305
vt -0.192272 0.627305
vt -0.704114 0.627305
vt 1.297210 0.627305
vt 1.508480 0.627305
vt 0.794636 0.627305
vt 0.522644 0.627305
vt 0.250653 0.627305
vt -0.010887 0.627305
vt -0.251922 0.627305
vt -0.463192 0.627305
vt -0.465035 0.627305
vt -0.192271 0.627305
vt -0.184867 -0.820080
vt 0.107468 -0.902784
vt 0.103693 -0.844749
vt -0.192271 -0.765412
vt 0.411487 -0.930710
vt 0.411487 -0.871538
vt 0.715506 -0.902784
vt 0.719281 -0.844749
vt 1.007842 -0.820080
vt 1.015247 -0.765412
vt 1.527089 0.627305
vt -0.251922 0.627305
vt -0.463192 0.627305
vt -0.010887 0.627305
vt 0.250653 0.627305
vt 0.781055 0.672375
vt 0.522644 0.672375
vt 1.029537 0.672375
vt 1.258538 0.672375
vt 1.459260 0.672375
vt 1.306559 0.672375
vt 1.550697 0.672375
vt 1.288010 1.681864
vt 1.028023 1.746391
vt 1.306559 1.623988
vt 0.725795 1.821767
vt 0.411488 1.847218
vt 0.097180 1.821767
vt -0.205048 1.746391
vt -0.465035 1.681864
vt -0.483584 1.623988
vt -0.727722 0.672375
vt -0.483584 0.672375
vt 1.459260 0.672375
vt 0.781056 0.672375
vt 0.522644 0.672375
vt 0.264233 0.672375
vt 0.015752 0.672375
vt -0.213250 0.672375
vt -0.413972 0.672375
vt -0.483584 0.672375
vt -0.465035 -0.636577
vt -0.205048 -0.701102
vt -0.483584 -0.578700
vt 0.097180 -0.776479
vt 0.411487 -0.801930
vt 0.725795 -0.776479
vt 1.028023 -0.701102
vt 1.288010 -0.636576
vt 1.306559 -0.578699
vt 1.550697 0.672375
vt 1.306559 0.672375
vt -0.213250 0.672375
vt -0.413971 0.672375
vt 0.015751 0.672375
vt 0.264233 0.672375
vt 2.022573 0.522644
vt 1.991616 0.781055
vt 2.038214 0.766281
vt 2.070083 0.522644
vt 1.899936 1.029537
vt 1.943830 1.000556
vt 1.216465 0.708335
vt 1.000556 0.708335
vt 1.751056 0.672375
vt 1.584292 0.708335
vt 1.790560 0.708335
vt 1.550697 1.459260
vt 1.332954 1.561021
vt 1.584292 1.405710
vt 1.046205 1.676427
vt 0.735063 1.747493
vt 0.411488 1.771489
vt 0.087912 1.747493
vt -0.223230 1.676427
vt -0.509979 1.561021
vt -0.727722 1.459260
vt -0.761317 1.405711
vt -0.928081 0.672375
vt -0.967585 0.708335
vt -0.761317 0.708335
vt 1.216465 0.708335
vt -1.076962 1.029537
vt -1.168642 0.781056
vt -1.215239 0.766282
vt -1.120856 1.000556
vt -1.199598 0.522644
vt -1.247108 0.522644
vt -1.168641 0.264233
vt -1.215239 0.279006
vt -1.076961 0.015752
vt -1.120855 0.044732
vt -0.171177 0.708335
vt 0.044732 0.708335
vt -0.928081 0.672375
vt -0.761317 0.708335
vt -0.967585 0.708335
vt -0.727722 -0.413972
vt -0.509979 -0.515733
vt -0.761317 -0.360424
vt -0.223229 -0.631137
vt 0.087911 -0.702204
vt 0.411487 -0.726201
vt 0.735063 -0.702204
vt 1.046205 -0.631138
vt 1.332954 -0.515733
vt 1.550697 -0.413971
vt 1.584292 -0.360422
vt 1.751056 0.672375
vt 1.790559 0.708335
vt 1.584292 0.708335
vt 0.044732 0.708335
vt -0.171177 0.708335
vt 1.899937 0.015751
vt 1.991617 0.264233
vt 2.038214 0.279007
vt 1.943830 0.044732
vt 2.098747 0.753619
vt 2.131802 0.522644
vt 2.000851 0.975718
vt 1.790560 1.216465
vt 1.841877 1.180405
vt 1.627934 0.732142
vt 1.841877 0.732142
vt 1.367243 1.507053
vt 1.627934 1.359815
vt 1.069823 1.616461
vt 0.761933 1.678142
vt 0.411488 1.706583
vt 0.061042 1.678142
vt -0.246848 1.616461
vt -0.544268 1.507053
vt -0.804958 1.359816
vt -1.018902 0.732142
vt -0.804958 0.732142
vt -0.967585 1.216465
vt -1.177876 0.975718
vt -1.018902 1.180405
vt -1.275772 0.753619
vt -1.308827 0.522644
vt -1.275772 0.291669
vt -1.177876 0.069571
vt -0.967585 -0.171177
vt -1.018902 -0.135117
vt -0.804958 0.732142
vt -1.018902 0.732142
vt -0.544268 -0.461765
vt -0.804958 -0.314528
vt -0.246848 -0.571172
vt 0.075870 -0.638545
vt 0.411487 -0.661294
vt 0.747104 -0.638545
vt 1.069823 -0.571172
vt 1.367243 -0.461765
vt 1.627934 -0.314526
vt 1.841877 0.732142
vt 1.627934 0.732142
vt 1.790559 -0.171177
vt 2.000851 0.069570
vt 1.841877 -0.135117
vt 2.098747 0.291669
vt 2.173297 0.752487
vt 2.207813 0.522644
vt 2.071076 0.973497
vt 1.905078 1.177181
vt 1.681682 1.355711
vt 1.409473 1.502228
vt 1.367243 0.732142
vt 1.409473 0.740753
vt 1.098912 0.740753
vt 1.069823 0.732142
vt 0.761933 0.740753
vt 0.061042 0.740753
vt -0.275937 0.740753
vt -0.246848 0.732142
vt -0.586498 0.740753
vt -0.544268 0.732142
vt -0.586498 1.502228
vt -0.858707 1.355712
vt -1.082103 1.177181
vt -1.248101 0.973497
vt -1.350323 0.752487
vt -1.384838 0.522644
vt -1.350323 0.292801
vt -1.248101 0.071791
vt -1.082103 -0.131893
vt -0.858707 -0.310423
vt -0.586497 -0.456940
vt -0.544268 0.732142
vt -0.586497 0.740753
vt -0.275936 0.740753
vt -0.246848 0.732142
vt 0.075870 0.732142
vt 0.747104 0.732142
vt 1.409473 0.740753
vt 1.409473 -0.456939
vt 1.681682 -0.310423
vt 1.905078 -0.131893
vt 2.071076 0.071791
vt 2.173298 0.292801
vt 0.411487 -2.839565
vt 0.411487 -2.801594
vt 0.803801 -2.801594
vt 0.803801 -2.839565
vt 1.181039 -2.801594
vt 1.181039 -2.839565
vt 1.528703 -2.801594
vt 1.528703 -2.839565
vt 1.833433 -2.801594
vt 1.833433 -2.839565
vt 1.944590 -2.839565
vt 1.944590 -2.801594
vt 1.639860 -2.801594
vt 1.639860 -2.839565
vt 1.292196 -2.801594
vt 1.292196 -2.839565
vt 0.914958 -2.801594
vt 0.914958 -2.839565
vt 0.522644 -2.801594
vt 0.522644 -2.839565
vt 0.130330 -2.801594
vt 0.130330 -2.839565
vt -0.246907 -2.801594
vt -0.246907 -2.839565
vt -0.594571 -2.839565
vt -0.594571 -2.801594
vt -0.899301 -2.839565
vt -0.899301 -2.801594
vt 0.019174 -2.801594
vt 0.019174 -2.839565
vt -0.358064 -2.801594
vt -0.358064 -2.839565
vt -0.705728 -2.801594
vt -0.705728 -2.839565
vt -1.010458 -2.801594
vt -1.010458 -2.839565
vt 0.803801 2.494939
vt 0.411487 2.533579
vt 0.019174 2.494939
vt -0.358064 2.380505
vt -0.705728 2.194675
vt -1.010458 1.944590
vt -1.260543 1.639860
vt -1.446374 1.292196
vt -1.560807 0.914958
vt -1.599447 0.522644
vt -1.560807 0.130330
vt -1.446374 -0.246907
vt -1.260543 -0.594571
vt -1.010458 -0.899301
vt -0.705728 -1.149387
vt -0.358064 -1.335217
vt 0.019174 -1.449651
vt 0.411487 -1.488290
vt 0.803801 -1.449651
vt 1.181039 -1.335217
vt 1.528703 -1.149387
vt 1.833433 -0.899301
vt 2.083518 -0.594571
vt 2.269349 -0.246907
vt 2.383782 0.130330
vt 2.422422 0.522644
vt 2.383782 0.914958
vt 2.269349 1.292196
vt 2.083518 1.639860
vt 1.833433 1.944590
vt 1.528703 2.194675
vt 1.181039 2.380505
s 1
usemtl Velvet
f 4742/5782/777 4743/5783/777 4745/5784/2505 4744/5785/2505
f 4744/5785/2505 4745/5784/2505 4747/5786/2504 4746/5787/2504
f 4746/5787/2504 4747/5786/2504 4749/5788/2503 4748/5789/2503
f 4748/5789/2503 4749/5788/2503 4751/5790/2502 4750/5791/2502
f 4750/5792/2502 4751/5793/2502 4753/5794/2501 4752/5795/2501
f 4752/5795/2501 4753/5794/2501 4755/5796/2500 4754/5797/2500
f 4754/5797/2500 4755/5796/2500 4757/5798/2498 4756/5799/2498
f 4756/5799/2498 4757/5798/2498 4759/5800/2499 4758/5801/2499
f 4758/5801/2499 4759/5800/2499 4761/5802/2524 4760/5803/2524
f 4760/5803/2524 4761/5802/2524 4763/5804/4536 4762/5805/4536
f 4762/5805/2511 4764/5806/2510 4765/5807/2510 4763/5804/2511
f 4764/5806/2510 4766/5808/2509 4767/5809/2509 4765/5807/2510
f 4766/5791/2509 4768/5789/2508 4769/5788/2508 4767/5790/2509
f 4768/5789/2508 4770/5787/2507 4771/5786/2507 4769/5788/2508
f 4770/5787/4537 4771/5786/4537 4773/5784/2518 4772/5785/2518
f 4772/5785/2518 4773/5784/2518 4775/5783/1297 4774/5782/1297
f 4774/5782/1297 4775/5783/1297 4777/5810/2517 4776/5811/2517
f 4776/5811/2517 4777/5810/2517 4779/5812/2516 4778/5813/2516
f 4778/5813/2516 4779/5812/2516 4781/5814/2515 4780/5815/2515
f 4780/5815/2515 4781/5814/2515 4783/5816/2486 4782/5817/2486
f 4782/5808/2486 4783/5809/2486 4785/5807/2485 4784/5806/2485
f 4784/5806/2485 4785/5807/2485 4787/5804/2484 4786/5805/2484
f 4786/5805/2484 4787/5804/2484 4789/5802/2514 4788/5803/2514
f 4788/5803/2514 4789/5802/2514 4791/5800/2513 4790/5801/2513
f 4790/5801/2513 4791/5800/2513 4793/5798/2512 4792/5799/2512
f 4792/5799/2512 4793/5798/2512 4795/5796/2511 4794/5797/2511
f 4794/5797/2511 4795/5796/2511 4797/5794/4538 4796/5795/4538
f 4796/5795/4539 4798/5792/2521 4799/5793/2521 4797/5794/4539
f 4798/5817/2509 4799/5816/2509 4801/5814/2508 4800/5815/2508
f 4800/5815/2508 4801/5814/2508 4803/5812/2507 4802/5813/2507
f 4745/5818/4540 4743/5819/4540 4805/5820/4540 4803/5821/4540 4801/5822/4540 4799/5823/4540 4797/5824/4540 4795/5825/4540 4793/5826/4540 4791/5827/4540 4789/5828/4540 4787/5829/4540 4785/5830/4540 4783/5831/4540 4781/5832/4540 4779/5833/4540 4777/5834/4540 4775/5835/4540 4773/5836/4540 4771/5837/4540 4769/5838/4540 4767/5839/4540 4765/5840/4540 4763/5841/4540 4761/5842/4540 4759/5843/4540 4757/5844/4540 4755/5845/4540 4753/5846/4540 4751/5847/4540 4749/5848/4540 4747/5849/4540
f 4802/5813/2507 4803/5812/2507 4805/5810/2506 4804/5811/2506
f 4804/5811/2506 4805/5810/2506 4743/5783/777 4742/5782/777
f 4742/5819/657 4744/5818/657 4746/5849/657 4748/5848/657 4750/5847/657 4752/5846/657 4754/5845/657 4756/5844/657 4758/5843/657 4760/5842/657 4762/5841/657 4764/5840/657 4766/5839/657 4768/5838/657 4770/5837/657 4772/5836/657 4774/5835/657 4776/5834/657 4778/5833/657 4780/5832/657 4782/5831/657 4784/5830/657 4786/5829/657 4788/5828/657 4790/5827/657 4792/5826/657 4794/5825/657 4796/5824/657 4798/5823/657 4800/5822/657 4802/5821/657 4804/5820/657
usemtl Plastic
f 97/1/1 98/2/2 101/3/3 100/4/4
f 98/2/2 99/5/5 102/6/6 101/3/3
f 99/5/5 1/7/7 2/8/8 102/6/6
f 102/6/6 2/8/8 1703/9/9 1723/10/10
f 101/3/3 102/6/6 1723/10/10 1717/11/11
f 100/4/4 101/3/3 1717/11/11 1704/12/12
f 3/13/13 100/4/4 1704/12/12 1705/14/14
f 4/15/15 97/1/1 100/4/4 3/13/13
f 103/16/16 106/17/17 105/18/18
f 103/19/19 104/20/20 107/21/21 106/22/22
f 104/20/23 5/23/24 6/24/25 107/21/21
f 107/21/21 6/24/25 1466/25/26 1467/26/27
f 106/22/22 107/21/21 1467/26/27 1470/27/28
f 105/18/18 106/17/17 1470/28/29
f 7/29/30 105/18/31 1470/28/28 1465/30/32
f 8/31/33 103/16/34 105/18/31 7/29/30
f 108/32/35 4/15/15 3/13/13 109/33/36
f 109/33/36 3/13/13 1705/14/14 1706/34/37 1720/35/38
f 110/36/39 111/37/40 114/38/41 113/39/42
f 111/37/40 112/40/43 115/41/44 114/38/41
f 112/40/43 8/31/33 7/29/30 115/41/44
f 115/41/44 7/29/30 1465/30/32 1469/42/45
f 114/38/41 115/41/44 1469/42/45 1471/43/46
f 113/39/42 114/38/41 1471/43/46 1473/44/47
f 9/45/48 113/39/42 1473/44/47 1495/46/49
f 10/47/50 110/36/39 113/39/42 9/45/48
f 116/48/51 1321/49/52 1320/50/53 1319/51/54 117/52/55
f 117/52/55 1329/53/56 1331/54/57
f 11/55/58 117/52/55 1331/54/57 1330/56/59 1347/57/60
f 12/58/61 116/48/51 117/52/55 11/55/58
f 118/59/62 119/60/63 122/61/64 121/62/65
f 119/60/63 120/63/66 123/64/67 122/61/64
f 120/63/66 13/65/68 14/66/69 123/64/67
f 123/64/67 14/66/69 1497/67/70 1474/68/71
f 122/61/64 123/64/67 1474/68/71 1472/69/72
f 121/62/65 122/61/64 1472/69/72 1468/70/73
f 6/24/25 121/62/65 1468/70/73 1466/25/26
f 5/23/24 118/59/62 121/62/65 6/24/25
f 124/71/74 125/72/75 128/73/76 127/74/77
f 125/72/75 126/75/78 129/76/79 128/73/76
f 126/75/78 12/58/61 11/55/58 129/76/79
f 129/76/79 11/55/58 1347/57/60 1346/77/80 1350/78/81
f 128/73/76 129/76/79 1350/78/81 1349/79/82
f 127/74/77 128/73/76 1349/79/82 1341/80/83
f 15/81/84 127/74/77 1341/80/83 1343/82/85
f 16/83/86 124/71/74 127/74/77 15/81/84
f 130/84/87 1670/85/88 1692/86/89 1693/87/89 1694/88/90 1695/89/91 1700/90/92
f 17/91/93 1700/90/92 1701/92/94 1702/93/95 1714/94/96
f 18/95/97 130/84/87 1700/90/92 17/91/93
f 131/96/98 132/97/99 135/98/100 134/99/101
f 132/97/99 133/100/102 136/101/103 135/98/100
f 133/100/102 16/83/86 15/81/84 136/101/103
f 136/101/103 15/81/84 1343/82/85 1342/102/104
f 135/98/100 136/101/103 1342/102/104 1273/103/105
f 134/99/101 135/98/100 1273/103/105 1283/104/106
f 19/105/107 134/99/101 1283/104/106 1271/106/108
f 20/107/109 131/96/98 134/99/101 19/105/107
f 137/108/110 138/109/111 141/110/112 140/111/113
f 138/109/111 139/112/114 142/113/115 141/110/112
f 139/112/114 18/95/97 17/91/93 142/113/115
f 142/113/115 17/91/93 1714/94/96 1661/114/116
f 141/110/112 142/113/115 1661/114/116 1660/115/117
f 140/111/113 141/110/112 1660/115/117 1647/116/118
f 21/117/119 140/111/113 1647/116/118 1645/118/120
f 22/119/121 137/108/110 140/111/113 21/117/119
f 143/120/122 144/121/123 147/122/124 146/123/125
f 144/121/123 145/124/126 148/125/127 147/122/124
f 145/124/126 23/126/128 24/127/129 148/125/127
f 148/125/127 24/127/129 1344/128/130 1338/129/131
f 147/122/124 148/125/127 1338/129/131 1335/130/132
f 146/123/125 147/122/124 1335/130/132 1353/131/133
f 25/132/134 146/123/125 1353/131/133 1352/133/135
f 26/134/136 143/120/122 146/123/125 25/132/134
f 149/135/137 150/136/138 153/137/139 152/138/140
f 150/136/138 151/139/141 154/140/142 153/137/139
f 151/139/141 20/107/109 19/105/107 154/140/142
f 154/140/142 19/105/107 1271/106/108 1285/141/143
f 153/137/139 154/140/142 1285/141/143 1284/142/144
f 152/138/140 153/137/139 1284/142/144 1279/143/145
f 27/144/146 152/138/140 1279/143/145 1275/145/147
f 28/146/148 149/135/137 152/138/140 27/144/146
f 155/147/149 156/148/150 159/149/151 158/150/152
f 156/148/150 157/151/153 160/152/154 159/149/151
f 157/151/153 22/119/121 21/117/119 160/152/154
f 160/152/154 21/117/119 1645/118/120 1656/153/155
f 159/149/151 160/152/154 1656/153/155 1646/154/156
f 158/150/152 159/149/151 1646/154/156 1657/155/157
f 29/156/158 158/150/152 1657/155/157 1638/157/159
f 30/158/160 155/147/149 158/150/152 29/156/158
f 161/159/161 162/160/162 165/161/163 164/162/164
f 162/160/162 163/163/165 166/164/166 165/161/163
f 163/163/165 28/146/148 27/144/146 166/164/166
f 166/164/166 27/144/146 1275/145/147 1262/165/167
f 165/161/163 166/164/166 1262/165/167 1260/166/168
f 164/162/164 165/161/163 1260/166/168 1256/167/169
f 31/168/170 164/162/164 1256/167/169 1253/169/171
f 32/170/172 161/159/161 164/162/164 31/168/170
f 167/171/173 168/172/174 171/173/175 170/174/176
f 168/172/174 169/175/177 172/176/178 171/173/175
f 169/175/177 33/177/179 34/178/180 172/176/178
f 172/176/178 34/178/180 1641/179/181 1718/180/182
f 171/173/175 172/176/178 1718/180/182 1716/181/183
f 170/174/176 171/173/175 1716/181/183 1711/182/184
f 2/8/8 170/174/176 1711/182/184 1703/9/9
f 1/7/7 167/171/173 170/174/176 2/8/8
f 173/183/185 174/184/186 177/185/187 176/186/188
f 174/184/186 175/187/189 178/188/190 177/185/187
f 175/187/189 30/158/160 29/156/158 178/188/190
f 178/188/190 29/156/158 1638/157/159 1639/189/191
f 177/185/187 178/188/190 1639/189/191 1643/190/192
f 176/186/188 177/185/187 1643/190/192 1640/191/193
f 35/192/194 176/186/188 1640/191/193 1585/193/195
f 36/194/196 173/183/185 176/186/188 35/192/194
f 179/195/197 180/196/197 183/197/198 182/198/199
f 180/196/200 181/199/201 184/200/202 183/197/203
f 181/199/201 32/201/172 31/202/170 184/200/202
f 184/200/202 31/202/170 1253/203/171 1254/204/204
f 183/197/203 184/200/202 1254/204/204 1258/205/205
f 182/198/199 183/197/198 1258/205/205 1255/206/206
f 37/207/207 182/208/208 1255/209/206 1252/210/209
f 38/211/210 179/212/211 182/208/208 37/207/207
f 185/213/212 186/214/213 189/215/214 188/216/215
f 186/214/213 187/217/216 190/218/217 189/215/214
f 187/217/216 36/194/196 35/192/194 190/218/217
f 190/218/217 35/192/194 1585/193/195 1571/219/218
f 189/215/214 190/218/217 1571/219/218 1564/220/219 1563/221/220
f 188/216/215 189/215/214 1563/221/220 1557/222/221
f 39/223/222 188/216/215 1557/222/221 1552/224/223
f 40/225/224 185/213/212 188/216/215 39/223/222
f 191/226/225 194/227/226 193/228/227
f 191/226/228 192/229/228 195/230/229 194/227/230
f 192/229/231 41/231/232 42/232/233 195/230/234
f 195/230/234 42/232/233 1322/233/235 1325/234/236
f 194/227/230 195/230/229 1325/234/236 1324/235/237
f 193/228/227 194/227/226 1324/235/238
f 43/236/239 193/237/240 1324/238/237 1323/239/241
f 44/240/242 191/241/243 193/237/240 43/236/239
f 196/242/244 197/243/245 200/244/246 199/245/247
f 197/243/245 198/246/248 201/247/249 200/244/246
f 198/246/248 38/211/210 37/207/207 201/247/249
f 201/247/249 37/207/207 1252/210/209 1257/248/250
f 200/244/246 201/247/249 1257/248/250 1259/249/251
f 199/245/247 200/244/246 1259/249/251 1261/250/252
f 45/251/253 199/245/247 1261/250/252 1272/252/254
f 46/253/255 196/242/244 199/245/247 45/251/253
f 202/254/256 203/255/256 206/256/257 205/257/258
f 203/258/259 204/259/260 207/260/261 206/261/262
f 204/259/260 40/225/224 39/223/222 207/260/261
f 207/260/261 39/223/222 1552/224/223 1554/262/263
f 206/261/262 207/260/261 1554/262/263 1562/263/264
f 205/257/258 206/256/257 1562/264/264 1553/265/265
f 47/266/266 205/257/267 1553/265/265 1551/267/268
f 48/268/269 202/254/270 205/257/267 47/266/266
f 208/269/271 209/270/272 212/271/273 211/272/274
f 209/270/272 210/273/275 213/274/276 212/271/273
f 210/273/275 44/240/242 43/236/239 213/274/276
f 213/274/276 43/236/239 1323/239/241 1326/275/277
f 212/271/273 213/274/276 1326/275/277 1328/276/278
f 211/272/274 212/271/273 1328/276/278 1332/277/279
f 49/278/280 211/272/274 1332/277/279 1345/279/281
f 50/280/282 208/269/271 211/272/274 49/278/280
f 214/281/283 215/282/284 218/283/285 217/284/286
f 215/282/284 216/285/287 219/286/288 218/283/285
f 216/285/287 51/287/289 52/288/290 219/286/288
f 219/286/288 52/288/290 1274/289/291 1268/290/292
f 218/283/285 219/286/288 1268/290/292 1267/291/293
f 217/284/286 218/283/285 1267/291/293 1282/292/294
f 53/293/295 217/284/286 1282/292/294 1280/294/296
f 54/295/297 214/281/283 217/284/286 53/293/295
f 220/296/298 221/297/299 224/298/300 223/299/301
f 221/297/299 222/300/302 225/301/303 224/298/300
f 222/300/302 48/302/269 47/303/266 225/301/303
f 225/301/303 47/303/266 1551/304/268 1556/305/304
f 224/298/300 225/301/303 1556/305/304 1565/306/305
f 223/299/301 224/298/300 1565/306/305 1567/307/306
f 55/308/307 223/299/301 1567/307/306 1584/309/308
f 56/310/309 220/296/298 223/299/301 55/308/307
f 226/311/310 227/312/311 230/313/312 229/314/313
f 227/312/311 228/315/314 231/316/315 230/313/312
f 228/315/314 57/317/316 58/318/317 231/316/315
f 231/316/315 58/318/317 1351/319/318 1334/320/319
f 230/313/312 231/316/315 1334/320/319 1333/321/320
f 229/314/313 230/313/312 1333/321/320 1327/322/321
f 42/323/233 229/314/313 1327/322/321 1322/324/235
f 41/325/232 226/311/310 229/314/313 42/323/233
f 232/326/322 233/327/282 235/328/323 234/329/324
f 233/327/282 54/295/297 53/293/295 235/328/323
f 235/328/323 53/293/295 1280/294/296 1270/330/325
f 234/329/324 235/328/323 1270/330/325 1269/331/326 1264/332/327
f 236/333/328 237/334/329 240/335/330 239/336/331
f 237/334/329 238/337/332 241/338/333 240/335/330
f 238/337/332 59/339/334 60/340/335 241/338/333
f 241/338/333 60/340/335 1648/341/336 1655/342/337
f 240/335/330 241/338/333 1655/342/337 1644/343/338
f 239/336/331 240/335/330 1644/343/338 1650/344/339
f 61/345/340 239/336/331 1650/344/339 1649/346/341
f 62/347/342 236/333/328 239/336/331 61/345/340
f 242/348/343 243/349/344 245/350/345 244/351/346
f 243/349/344 1543/352/347 1548/353/348 1549/354/348 1550/355/349 245/350/345
f 245/356/345 1550/357/349 1555/358/350 1558/359/351
f 244/351/346 245/350/345 1558/360/351 1559/361/352 1560/362/353 1561/363/354 1566/364/355
f 63/365/356 244/351/346 1566/364/355 1576/366/357
f 64/367/358 242/348/343 244/351/346 63/365/356
f 246/368/359 247/369/360 249/370/361 1654/371/362
f 247/369/360 248/372/363 250/373/364 249/370/361
f 248/372/363 62/347/342 61/345/340 250/373/364
f 250/373/364 61/345/340 1649/346/341 1659/374/365
f 249/370/361 250/373/364 1659/374/365 1653/375/366
f 1654/371/362 249/370/361 1653/375/366 1652/376/367 1651/377/368
f 251/378/369 252/379/370 255/380/371 254/381/372
f 252/379/370 253/382/373 256/383/374 255/380/371
f 253/382/373 64/367/358 63/365/356 256/383/374
f 256/383/374 63/365/356 1576/366/357 1573/384/375
f 255/380/371 256/383/374 1573/384/375 1569/385/376
f 254/381/372 255/380/371 1569/385/376 1577/386/377
f 65/387/378 254/381/372 1577/386/377 1582/388/379
f 66/389/380 251/378/369 254/381/372 65/387/378
f 257/390/381 258/391/382 261/392/383 260/393/384
f 258/391/382 259/394/385 262/395/386 261/392/383
f 259/394/385 66/389/380 65/387/378 262/395/386
f 262/395/386 65/387/378 1582/388/379 1570/396/387
f 261/392/383 262/395/386 1570/396/387 1575/397/388
f 260/393/384 261/392/383 1575/397/388 1574/398/389 1500/399/390
f 67/400/391 260/393/384 1500/399/390 1501/401/392 1498/402/393
f 68/403/394 257/390/381 260/393/384 67/400/391
f 263/404/395 264/405/396 267/406/397 266/407/398
f 264/405/396 265/408/399 268/409/400 267/406/397
f 265/408/399 68/403/394 67/400/391 268/409/400
f 268/409/400 67/400/391 1498/402/393 1485/410/401
f 267/406/397 268/409/400 1485/410/401 1484/411/402
f 266/407/398 267/406/397 1484/411/402 1494/412/403
f 69/413/404 266/407/398 1494/412/403 1483/414/405
f 70/415/406 263/404/395 266/407/398 69/413/404
f 269/416/407 270/417/408 273/418/409 272/419/410
f 270/417/408 271/420/411 274/421/412 273/418/409
f 271/420/411 70/415/406 69/413/404 274/421/412
f 274/421/412 69/413/404 1483/414/405 1486/422/413 1477/423/414
f 273/418/409 274/421/412 1477/423/414 1478/424/415 1476/425/416
f 272/419/410 273/418/409 1476/425/416 1496/426/417
f 14/66/69 272/419/410 1496/426/417 1497/67/70
f 13/65/68 269/416/407 272/419/410 14/66/69
f 275/427/418 276/428/419 279/429/420 278/430/421
f 276/428/419 277/431/422 280/432/423 279/429/420
f 277/431/422 46/253/255 45/251/253 280/432/423
f 280/432/423 45/251/253 1272/252/254 1266/433/424
f 279/429/420 280/432/423 1266/433/424 1265/434/425
f 278/430/421 279/429/420 1265/434/425 1281/435/426
f 52/288/290 278/430/421 1281/435/426 1274/289/291
f 51/287/289 275/427/418 278/430/421 52/288/290
f 281/436/427 282/437/428 285/438/429 284/439/430
f 282/437/428 283/440/431 286/441/432 285/438/429
f 283/440/431 56/310/309 55/308/307 286/441/432
f 286/441/432 55/308/307 1584/309/308 1583/442/433
f 285/438/429 286/441/432 1583/442/433 1586/443/434
f 284/439/430 285/438/429 1586/443/434 1637/444/435
f 60/340/335 284/439/430 1637/444/435 1648/341/336
f 59/339/334 281/436/427 284/439/430 60/340/335
f 287/445/436 288/446/437 291/447/438 290/448/439
f 288/446/437 289/449/440 292/450/441 291/447/438
f 289/449/440 10/47/50 9/45/48 292/450/441
f 292/450/441 9/45/48 1495/46/49 1492/451/442
f 291/447/438 292/450/441 1492/451/442 1491/452/443
f 290/448/439 291/447/438 1491/452/443 1475/453/444
f 71/454/445 290/448/439 1475/453/444 1480/455/446
f 72/456/447 287/445/436 290/448/439 71/454/445
f 293/457/448 294/458/449 297/459/450 296/460/451
f 294/461/449 295/462/452 298/463/453 297/464/450
f 295/462/452 73/465/454 74/466/455 298/463/453
f 298/463/453 74/466/455 1481/467/456 1493/468/457
f 297/464/450 298/463/453 1493/468/457 1479/469/458
f 296/460/451 297/459/450 1479/470/458 1502/471/459
f 75/472/460 296/460/451 1502/471/459 1499/473/461
f 76/474/462 293/457/448 296/460/451 75/472/460
f 299/475/463 1363/476/464 1389/477/465 1390/478/465 1391/479/465 1394/480/466 300/481/467
f 300/481/467 1394/480/466 1397/482/468 1398/483/469 1395/484/470 1396/485/471 1399/486/472
f 77/487/473 300/481/467 1399/486/472 1400/488/474 1426/489/475
f 78/490/476 299/475/463 300/481/467 77/487/473
f 301/491/477 302/492/478 305/493/479 304/494/480
f 302/492/478 303/495/481 306/496/482 305/493/479
f 303/495/481 76/474/462 75/472/460 306/496/482
f 306/496/482 75/472/460 1499/473/461 1503/497/483
f 305/493/479 306/496/482 1503/497/483 1568/498/484
f 304/494/480 305/493/479 1568/498/484 1572/499/485 1581/500/486
f 307/501/487 308/502/488 311/503/489 310/504/490
f 308/502/488 309/505/491 312/506/492 311/503/489
f 309/505/491 78/490/476 77/487/473 312/506/492
f 312/506/492 77/487/473 1426/489/475 1423/507/493
f 311/503/489 312/506/492 1423/507/493 1425/508/494
f 310/504/490 311/503/489 1425/508/494 1422/509/495
f 79/510/496 310/504/490 1422/509/495 1420/511/497
f 80/512/498 307/501/487 310/504/490 79/510/496
f 313/513/499 314/514/500 317/515/501 316/516/502
f 314/514/500 315/517/503 318/518/504 317/515/501
f 315/517/503 80/519/498 79/520/496 318/518/504
f 318/518/504 79/520/496 1420/521/497 1411/522/505
f 317/515/501 318/518/504 1411/522/505 1409/523/506
f 316/516/502 317/515/501 1409/523/506 1421/524/507
f 81/525/508 316/516/502 1421/524/507 1424/526/509
f 82/527/510 313/513/499 316/516/502 81/525/508
f 319/528/511 320/529/512 322/530/513 321/531/514
f 320/529/512 1727/532/515 1733/533/516 1732/534/516 1731/535/516 1734/536/517 1736/537/518 322/530/513
f 1727/538/515 1735/539/519 1733/540/516
f 322/530/513 1736/537/518 1737/541/520 1738/542/521 1724/543/522
f 321/531/514 322/530/513 1724/543/522 1712/544/523
f 83/545/524 321/531/514 1712/544/523 1707/546/525
f 84/547/526 319/528/511 321/531/514 83/545/524
f 323/548/527 324/549/528 327/550/529 326/551/530
f 324/549/528 325/552/531 328/553/532 327/550/529
f 325/552/531 82/527/510 81/525/508 328/553/532
f 328/553/532 81/525/508 1424/526/509 1403/554/533
f 327/550/529 328/553/532 1403/554/533 1408/555/534
f 326/551/530 327/550/529 1408/555/534 1414/556/535
f 85/557/536 326/551/530 1414/556/535 1410/558/537
f 86/559/538 323/548/527 326/551/530 85/557/536
f 329/560/539 330/561/540 333/562/541 332/563/542
f 330/561/540 331/564/543 334/565/544 333/562/541
f 331/564/543 84/547/526 83/545/524 334/565/544
f 334/565/544 83/545/524 1707/546/525 1715/566/545
f 333/562/541 334/565/544 1715/566/545 1713/567/546
f 332/563/542 333/562/541 1713/567/546 1710/568/547
f 87/569/548 332/563/542 1710/568/547 1708/570/549
f 88/571/550 329/560/539 332/563/542 87/569/548
f 335/572/551 336/573/552 339/574/553 338/575/554
f 336/573/552 337/576/555 340/577/556 339/574/553
f 337/576/555 86/559/538 85/557/536 340/577/556
f 340/577/556 85/557/536 1410/558/537 1406/578/557
f 339/574/553 340/577/556 1406/578/557 1336/579/558
f 338/575/554 339/574/553 1336/579/558 1348/580/559
f 58/318/317 338/575/554 1348/580/559 1351/319/318
f 57/317/316 335/572/551 338/575/554 58/318/317
f 341/581/560 342/582/561 345/583/562 344/584/563
f 342/582/561 343/585/564 346/586/565 345/583/562
f 343/585/564 88/571/550 87/569/548 346/586/565
f 346/586/565 87/569/548 1708/570/549 1722/587/566
f 345/583/562 346/586/565 1722/587/566 1721/588/567
f 344/584/563 345/583/562 1721/588/567 1709/589/568
f 89/590/569 344/584/563 1709/589/568 1658/591/570
f 90/592/571 341/581/560 344/584/563 89/590/569
f 347/593/572 348/594/573 351/595/574 350/596/575
f 348/594/573 349/597/576 352/598/577 351/595/574
f 349/597/576 90/592/571 89/590/569 352/598/577
f 352/598/577 89/590/569 1658/591/570 1636/599/578
f 351/595/574 352/598/577 1636/599/578 1634/600/579
f 350/596/575 351/595/574 1634/600/579 1631/601/580
f 91/602/581 350/596/575 1631/601/580 1628/603/582
f 92/604/583 347/593/572 350/596/575 91/602/581
f 353/605/584 354/606/585 357/607/586 356/608/587
f 354/606/585 355/609/588 358/610/589 357/607/586
f 355/609/588 72/456/447 71/454/445 358/610/589
f 358/610/589 71/454/445 1480/455/446 1489/611/590 1490/612/591
f 357/607/586 358/610/589 1490/612/591 1487/613/592
f 356/608/587 357/607/586 1487/613/592 1488/614/593 1482/615/594
f 74/466/455 356/608/587 1482/615/594 1481/467/456
f 73/465/454 353/605/584 356/608/587 74/466/455
f 359/616/595 360/617/596 363/618/597 362/619/598
f 360/617/596 361/620/599 364/621/600 363/618/597
f 361/620/599 50/280/282 49/278/280 364/621/600
f 364/621/600 49/278/280 1345/279/281 1339/622/601
f 363/618/597 364/621/600 1339/622/601 1337/623/602
f 362/619/598 363/618/597 1337/623/602 1340/624/603
f 24/127/129 362/619/598 1340/624/603 1344/128/130
f 23/126/128 359/616/595 362/619/598 24/127/129
f 365/625/604 366/626/604 369/627/605 368/628/606
f 366/626/607 367/629/608 370/630/609 369/627/610
f 367/631/608 92/604/583 91/602/581 370/632/609
f 370/632/609 91/602/581 1628/603/582 1630/633/611
f 369/627/610 370/630/609 1630/634/611 1633/635/612
f 368/628/606 369/627/605 1633/635/612 1629/636/613
f 93/637/614 368/638/615 1629/639/613 1627/640/616
f 94/641/617 365/642/618 368/638/615 93/637/614
f 371/643/619 372/644/620 375/645/621 374/646/622
f 372/644/620 373/647/623 376/648/624 375/645/621
f 373/647/623 26/134/136 25/132/134 376/648/624
f 376/648/624 25/132/134 1352/133/135 1407/649/625
f 375/645/621 376/648/624 1407/649/625 1404/650/626
f 374/646/622 375/645/621 1404/650/626 1412/651/627
f 95/652/628 374/646/622 1412/651/627 1415/653/629
f 96/654/630 371/643/619 374/646/622 95/652/628
f 377/655/631 378/656/632 381/657/633 380/658/634
f 378/656/632 379/659/635 382/660/636 381/657/633
f 379/659/635 94/641/617 93/637/614 382/660/636
f 382/660/636 93/637/614 1627/640/616 1632/661/637
f 381/657/633 382/660/636 1632/661/637 1635/662/638
f 380/658/634 381/657/633 1635/662/638 1642/663/639
f 34/178/180 380/658/634 1642/663/639 1641/179/181
f 33/177/179 377/655/631 380/658/634 34/178/180
f 383/664/640 384/665/641 387/666/642 386/667/643
f 384/665/641 385/668/644 388/669/645 387/666/642
f 385/668/644 96/654/630 95/652/628 388/669/645
f 388/669/645 95/652/628 1415/653/629 1416/670/646 1405/671/647
f 387/666/642 388/669/645 1405/671/647 1401/672/648
f 386/667/643 387/666/642 1401/672/648 1402/673/649 1413/674/650
f 389/675/651 455/676/652 485/677/653 390/678/654
f 449/679/655 460/680/656 399/681/657 397/682/657
f 472/683/658 471/684/659 813/685/660 817/686/661
f 449/679/655 397/682/657 400/687/657 464/688/662
f 475/689/663 1225/690/664 1248/691/665 402/692/666
f 399/681/657 460/680/656 475/693/667 402/694/657
f 464/695/668 400/692/669 798/696/670 781/697/671
f 661/698/672 701/699/673 722/700/674 664/701/675
f 663/702/676 721/703/677 754/704/678 668/705/679
f 459/706/680 389/675/651 1386/707/681 1383/708/682 1308/709/683 1288/710/684 1287/711/685 1309/712/686 1312/713/687 1313/714/688 1315/715/689 1318/716/690 1317/717/691 1316/718/692 1314/719/693 1311/720/694 1310/721/695 1286/722/696 1292/723/697 1305/724/698 1307/725/699 1306/726/700 1293/727/701 1303/728/702 1289/729/703 1291/730/704 1299/731/705 1377/732/706 1372/733/707 1374/734/708 1364/735/709 479/736/710 1295/737/711 1300/738/712 1302/739/713 1301/740/714 1290/741/715 1294/742/716 1304/743/717 1234/744/718 1232/745/719 1229/746/720 1235/747/721 1224/748/722 1231/749/723 1238/750/724 1240/751/725 1242/752/726 1247/753/727 1244/754/728 1241/755/729 1245/756/730 1246/757/731 1243/758/732 1239/759/733 1237/760/734 1222/761/735 1220/762/736 1233/763/737 1216/764/738 1217/765/739 1219/766/740 1230/767/741 1223/768/742 1221/769/743 1218/770/744 1228/771/745 474/772/746
f 403/773/747 480/774/748 1355/775/749 1356/776/750 1387/777/751
f 669/778/752 684/779/753 689/780/754 674/781/754
f 694/782/755 679/783/755 1698/784/756 1699/785/757
f 687/786/758 672/787/758 675/788/759 690/789/759
f 673/790/760 688/791/761 696/792/762 681/793/762
f 700/794/763 719/795/764 724/796/765 704/797/766
f 489/798/767 405/799/768 407/800/769 499/801/770
f 756/802/771 680/803/772 677/804/773 733/805/774
f 676/806/775 691/807/776 430/808/768 405/799/768
f 667/809/777 753/810/778 736/811/779 666/812/777
f 499/801/770 407/800/769 408/813/780 509/814/781
f 665/815/782 735/816/783 490/817/784 391/818/785
f 404/819/786 429/820/786 685/821/787 670/822/788
f 698/823/789 683/824/790 1623/825/791 1624/826/792
f 504/827/793 392/828/777 393/829/794 515/830/795
f 495/831/796 391/818/785 392/828/777 504/827/793
f 406/832/797 494/833/798 505/834/799 579/835/800 582/836/801
f 504/827/793 515/830/795 593/837/802 611/838/803
f 520/839/804 409/840/805 411/841/806 527/842/807
f 410/843/808 524/844/809 533/845/810 412/846/811
f 525/847/812 394/848/813 395/849/814 532/850/815
f 515/830/795 393/829/794 394/848/813 525/847/812
f 588/851/816 587/852/817 514/853/818 524/854/809 410/855/808
f 514/856/819 587/857/820 645/858/821 594/859/822
f 527/842/807 411/841/806 417/860/823 550/861/824
f 414/862/825 542/863/826 574/864/827 421/865/825
f 542/866/828 414/867/829 418/868/829 560/869/830
f 556/870/831 396/871/832 541/872/833 547/873/834
f 547/873/834 541/872/833 559/874/835 565/875/836
f 415/876/837 546/877/838 564/878/839 419/879/840
f 550/880/824 417/881/823 413/882/841 536/883/842
f 412/846/811 533/845/810 555/884/843 416/885/844
f 532/850/815 395/849/814 396/871/832 556/870/831
f 560/886/845 418/887/846 419/879/846 564/878/847
f 536/883/842 413/882/841 420/888/848 570/889/849
f 396/871/832 551/890/850 537/891/851 541/872/833
f 586/892/852 580/893/853 629/894/854 646/895/855
f 416/885/844 555/884/843 546/877/838 415/876/837
f 442/896/837 415/876/837 419/879/840 446/897/840
f 574/898/856 570/899/857 420/900/858 421/901/858
f 395/849/814 528/902/859 551/890/850 396/871/832
f 439/903/811 412/846/811 416/885/844 443/904/844
f 443/904/844 416/885/844 415/876/837 442/896/837
f 441/905/825 414/862/825 421/865/825 448/906/825
f 394/848/813 519/907/860 528/902/859 395/849/814
f 437/908/808 410/843/808 412/846/811 439/903/811
f 541/872/833 537/891/851 569/909/861 575/910/862
f 628/911/863 612/912/864 595/913/865 647/914/866
f 392/828/777 500/915/867 510/916/868 393/829/794
f 431/917/797 406/832/797 582/836/801 581/918/869 433/919/870
f 393/829/794 510/916/868 519/907/860 394/848/813
f 683/824/790 765/920/871 1611/921/872 246/368/359 1623/825/791
f 435/922/873 589/923/874 588/851/816 410/855/808 437/924/808
f 391/818/785 490/817/784 500/915/867 392/828/777
f 764/925/875 1608/926/876 1604/927/877 1606/928/878 1591/929/879 1590/930/880 1602/931/881
f 679/783/755 745/932/882 1679/933/883 1680/934/884 1698/784/756
f 744/935/885 1597/936/886 1662/937/887 1678/938/888 1674/939/889 1672/940/890 1671/941/891 1673/942/892 1675/943/893 1676/944/894 1677/945/895
f 710/946/896 1454/947/897 1452/948/898 1428/949/899 1429/950/900 1439/951/901 1446/952/902 1427/953/903 1430/954/904 1514/955/905 1518/956/906 1517/957/907
f 398/958/908 454/959/909 470/960/910 401/961/911
f 428/962/747 403/773/747 1387/777/751 1388/963/751
f 424/964/657 399/681/657 402/694/657 427/965/657
f 479/736/710 1364/735/709 1365/966/912 1367/967/913
f 466/968/914 464/695/668 781/697/671 778/969/915
f 400/692/669 425/970/916 790/971/917 798/696/670
f 782/972/918 797/973/919 793/974/920 810/975/921
f 450/976/922 455/676/652 389/675/651 459/706/680
f 672/787/758 711/977/923 729/978/924 675/788/759
f 454/959/909 398/958/908 404/819/786 484/979/925
f 1370/980/926 390/678/654 662/981/927 1450/982/928 1451/983/929 1444/984/930 1453/985/931 1455/986/932 1458/987/933 1460/988/934 1463/989/935 1462/990/936 1461/991/937 1464/992/938 1459/993/939 1457/994/940 1456/995/941 1442/996/942 1447/997/943 1440/998/944 1436/999/945 1438/1000/946 1449/1001/947 709/1002/948
f 423/1003/908 398/958/908 401/961/911 426/1004/911
f 421/901/858 420/900/858 447/1005/858 448/1006/858
f 418/887/846 445/1007/846 446/897/846 419/879/846
f 414/867/829 441/1008/829 445/1009/829 418/868/829
f 413/882/841 440/1010/841 447/1011/848 420/888/848
f 417/881/823 444/1012/823 440/1010/841 413/882/841
f 411/841/806 438/1013/806 444/1014/823 417/860/823
f 409/840/805 436/1015/805 438/1013/806 411/841/806
f 408/813/780 434/1016/780 436/1015/805 409/840/805
f 407/800/769 432/1017/769 434/1016/780 408/813/780
f 405/799/768 430/808/768 432/1017/769 407/800/769
f 734/1018/949 676/806/775 405/799/768 489/798/767
f 680/803/772 695/1019/950 692/1020/951 677/804/773
f 720/1021/952 673/790/760 681/793/762 755/1022/953
f 700/794/763 669/778/752 674/781/754 719/795/764
f 484/979/925 404/819/786 670/822/788 699/1023/954
f 402/692/666 1248/691/665 1250/1024/955 427/970/666
f 398/958/908 423/1003/908 429/820/786 404/819/786
f 397/682/657 422/1025/657 425/1026/657 400/687/657
f 397/682/657 399/681/657 424/964/657 422/1025/657
f 509/814/781 408/813/780 409/840/805 520/839/804
f 579/835/800 505/834/799 613/1027/956 627/1028/957
f 433/919/958 581/918/869 580/1029/959 586/1030/960 589/923/874 435/922/873
f 579/835/800 583/1031/961 584/1032/961 585/1033/961 580/1029/959 581/918/869 582/836/801
f 586/1030/960 590/1034/962 591/1035/962 592/1036/962 587/852/817 588/851/816 589/923/874
f 593/837/802 596/1037/963 599/1038/964 598/1039/965
f 596/1037/963 597/1040/966 600/1041/967 599/1038/964
f 598/1039/965 599/1038/964 610/1042/968 607/1043/969
f 599/1038/964 600/1041/967 605/1044/970 610/1042/968
f 594/859/822 601/1045/971 604/1046/972 603/1047/973
f 601/1045/971 602/1048/974 605/1049/970 604/1046/972
f 603/1047/973 604/1046/972 600/1050/967 597/1051/966
f 604/1046/972 605/1049/970 600/1050/967
f 595/913/865 606/1052/975 609/1053/976 608/1054/977
f 606/1052/975 607/1055/969 610/1056/968 609/1053/976
f 608/1057/977 609/1058/976 605/1049/970 602/1048/974
f 609/1058/976 610/1059/968 605/1049/970
f 611/838/803 614/1060/978 617/1061/979 616/1062/980
f 614/1060/978 615/1063/981 618/1064/982 617/1061/979
f 616/1062/980 617/1061/979 618/1064/982 624/1065/983
f 612/912/864 619/1066/984 622/1067/985 621/1068/986
f 619/1066/984 620/1069/987 618/1070/982 622/1067/985
f 621/1068/986 622/1067/985 618/1070/982 615/1071/981
f 613/1027/956 623/1072/988 626/1073/989 625/1074/990
f 623/1072/988 624/1075/983 618/1070/982 626/1073/989
f 625/1074/990 626/1073/989 618/1070/982 620/1069/987
f 627/1028/957 630/1076/991 633/1077/992 632/1078/993
f 630/1076/991 631/1079/994 634/1080/995 633/1077/992
f 632/1078/993 633/1077/992 644/1081/996 641/1082/997
f 633/1077/992 634/1080/995 639/1083/998 644/1081/996
f 628/911/863 635/1084/999 638/1085/1000 637/1086/1001
f 635/1084/999 636/1087/1002 639/1083/998 638/1085/1000
f 637/1086/1001 638/1085/1000 634/1080/995 631/1079/994
f 638/1085/1000 639/1083/998 634/1080/995
f 629/894/854 640/1088/1003 643/1089/1004 642/1090/1005
f 640/1088/1003 641/1091/997 644/1092/996 643/1089/1004
f 642/1090/1005 643/1089/1004 639/1093/998 636/1094/1002
f 643/1095/1004 644/1081/996 639/1083/998
f 645/858/821 648/1096/1006 651/1097/1007 650/1098/1008
f 648/1096/1006 649/1099/1009 652/1100/1010 651/1097/1007
f 650/1098/1008 651/1097/1007 652/1100/1010 658/1101/1011
f 646/895/855 653/1102/1012 656/1103/1013 655/1104/1014
f 653/1102/1012 654/1105/1015 652/1106/1010 656/1103/1013
f 655/1104/1014 656/1103/1013 652/1106/1010 649/1107/1009
f 647/914/866 657/1108/1016 660/1109/1017 659/1110/1018
f 657/1111/1016 658/1101/1011 652/1100/1010 660/1112/1017
f 659/1113/1018 660/1112/1017 652/1100/1010 654/1114/1015
f 460/680/656 449/679/655 451/1115/1019 463/1116/1020
f 463/1116/1020 451/1115/1019 452/1117/1021 462/1118/1022
f 462/1119/1022 452/1120/1021 453/1121/1023 461/1122/1024
f 461/1122/1024 453/1121/1023 450/976/922 459/706/680
f 730/1123/1025 713/1124/1026 710/946/896 1517/957/907
f 731/1125/1027 715/1126/1028 713/1124/1026 730/1123/1025
f 732/1127/1029 717/1128/1030 715/1129/1028 731/1130/1027
f 455/676/652 469/1131/1031 471/684/659 458/1132/1032
f 458/1132/1032 471/684/659 472/683/658 457/1133/1033
f 457/1134/1033 472/1135/658 473/1136/1034 456/1137/1035
f 456/1137/1035 473/1136/1034 470/960/910 454/959/909
f 465/1138/1036 450/976/922 453/1121/1023 468/1139/1037
f 468/1139/1037 453/1121/1023 452/1120/1021 467/1140/1038
f 467/1141/1038 452/1117/1021 451/1115/1019 466/1142/1039
f 466/1142/1039 451/1115/1019 449/679/655 464/688/662
f 774/1143/1040 777/1144/1041 821/1145/1042 818/1146/1043
f 473/1136/1034 472/1135/658 817/1147/661 822/1148/1044
f 469/1131/1031 465/1138/1036 802/1149/1045 804/1150/1046 803/1151/1046 801/1152/1046 805/1153/1046 807/1154/1047 808/1155/1048 806/1156/1049
f 470/960/910 473/1136/1034 822/1148/1044 809/1157/1050
f 777/1144/1041 782/972/918 810/975/921 821/1145/1042
f 401/961/911 470/960/910 809/1157/1050 794/1158/1051
f 471/684/659 469/1131/1031 806/1156/1049 813/685/660
f 480/774/748 1296/1159/1052 1297/1160/1053 483/1161/1054
f 483/1161/1054 1297/1160/1053 1298/1162/1055 482/1163/1056
f 482/1164/1056 1298/1165/1055 1295/737/711 481/1166/1057
f 481/1166/1057 1295/737/711 479/736/710
f 475/693/667 460/680/656 463/1116/1020 478/1167/1058
f 478/1167/1058 463/1116/1020 462/1118/1022 477/1168/1059
f 477/1169/1059 462/1119/1022 461/1122/1024 476/1170/1060
f 476/1170/1060 461/1122/1024 459/706/680 474/772/746
f 485/677/653 455/676/652 458/1132/1032 488/1171/1061
f 488/1171/1061 458/1132/1032 457/1133/1033 487/1172/1062
f 487/1173/1062 457/1134/1033 456/1137/1035 486/1174/1063
f 486/1174/1063 456/1137/1035 454/959/909 484/979/925
f 479/736/710 1367/967/913 1366/1175/1064 481/1166/1057
f 481/1166/1057 1366/1175/1064 1358/1176/1065 482/1164/1056
f 482/1163/1056 1358/1177/1065 1357/1178/1066 483/1161/1054
f 483/1161/1054 1357/1178/1066 1355/775/749 480/774/748
f 704/797/766 724/796/765 726/1179/1067 706/1180/1068
f 1370/980/926 709/1002/948 714/1181/1069 1359/1182/1070
f 706/1183/1068 726/1184/1067 728/1185/1071 708/1186/1072
f 708/1186/1072 728/1185/1071 722/700/674 701/699/673
f 703/1187/1073 486/1174/1063 484/979/925 699/1023/954
f 705/1188/1074 487/1173/1062 486/1174/1063 703/1187/1073
f 707/1189/1075 488/1171/1061 487/1172/1062 705/1190/1074
f 702/1191/1076 485/677/653 488/1171/1061 707/1189/1075
f 720/1021/952 755/1022/953 762/1192/1077 723/1193/1078
f 729/978/924 711/977/923 717/1128/1030 732/1127/1029
f 491/1194/1079 737/1195/1080 734/1018/949 489/798/767
f 492/1196/1081 739/1197/1082 737/1195/1080 491/1194/1079
f 493/1198/1083 741/1199/1084 739/1200/1082 492/1201/1081
f 761/1202/1085 738/1203/1086 740/1204/1087 759/1205/1088
f 769/1206/1089 1532/1207/1090 1531/1208/1091 767/1209/1092
f 756/802/771 733/805/774 738/1210/1086 761/1211/1085
f 771/1212/1093 1530/1213/1094 1532/1214/1090 769/1215/1089
f 766/1216/1095 1529/1217/1096 1530/1213/1094 771/1212/1093
f 727/1218/1097 758/1219/1098 754/704/678 721/703/677
f 725/1220/1099 760/1221/1100 758/1219/1098 727/1218/1097
f 767/1209/1092 1531/1208/1091 1526/1222/1101 763/1223/1102
f 723/1193/1078 762/1192/1077 760/1224/1100 725/1225/1099
f 497/1226/1103 1729/1227/1104 1725/1228/1105 498/1229/1106
f 496/1230/1107 1730/1231/1108 1729/1232/1104 497/1233/1103
f 494/833/798 1728/1234/1109 1730/1231/1108 496/1230/1107
f 495/831/796 504/827/793 506/1235/1110 498/1229/1106
f 498/1229/1106 506/1235/1110 507/1236/1111 497/1226/1103
f 497/1233/1103 507/1237/1111 508/1238/1112 496/1230/1107
f 496/1230/1107 508/1238/1112 505/834/799 494/833/798
f 757/1239/1113 742/1240/1114 736/811/779 753/810/778
f 498/1229/1106 1725/1228/1105 1691/1241/1115 495/831/796
f 759/1205/1088 740/1204/1087 742/1240/1114 757/1239/1113
f 490/817/784 735/816/783 741/1199/1084 493/1198/1083
f 746/1242/1116 1668/1243/1117 1667/1244/1118 751/1245/1119
f 751/1245/1119 1667/1244/1118 1666/1246/1120 749/1247/1121
f 749/1248/1121 1666/1249/1120 1669/1250/1122 747/1251/1123
f 747/1251/1123 1669/1250/1122 1665/1252/1124 743/1253/1125
f 500/915/867 490/817/784 493/1198/1083 503/1254/1126
f 503/1254/1126 493/1198/1083 492/1201/1081 502/1255/1127
f 502/1256/1127 492/1196/1081 491/1194/1079 501/1257/1128
f 501/1257/1128 491/1194/1079 489/798/767 499/801/770
f 499/801/770 509/814/781 511/1258/1129 501/1257/1128
f 501/1257/1128 511/1258/1129 512/1259/1130 502/1256/1127
f 502/1255/1127 512/1260/1130 513/1261/1131 503/1254/1126
f 503/1254/1126 513/1261/1131 510/916/868 500/915/867
f 520/839/804 527/842/807 529/1262/1132 523/1263/1133
f 523/1263/1133 529/1262/1132 530/1264/1134 522/1265/1135
f 522/1266/1135 530/1267/1134 531/1268/1136 521/1269/1137
f 521/1269/1137 531/1268/1136 528/902/859 519/907/860
f 519/907/860 510/916/868 513/1261/1131 521/1269/1137
f 521/1269/1137 513/1261/1131 512/1260/1130 522/1266/1135
f 522/1265/1135 512/1259/1130 511/1258/1129 523/1263/1133
f 523/1263/1133 511/1258/1129 509/814/781 520/839/804
f 524/854/809 514/853/818 516/1270/1138 526/1271/1139
f 526/1271/1139 516/1270/1138 517/1272/1140 525/1273/1141
f 525/1273/1141 517/1272/1140 518/1274/1142
f 525/847/1143 518/1275/1144 515/830/795
f 533/845/810 524/844/809 526/1276/1139 535/1277/1145
f 535/1277/1145 526/1276/1139 525/1278/1141 534/1279/1146
f 534/1280/1146 525/847/1141 532/850/1147
f 551/890/850 528/902/859 531/1268/1136 554/1281/1148
f 554/1281/1148 531/1268/1136 530/1267/1134 553/1282/1149
f 553/1283/1149 530/1264/1134 529/1262/1132 552/1284/1150
f 552/1284/1150 529/1262/1132 527/842/807 550/861/824
f 555/884/843 533/845/810 535/1277/1145 558/1285/1151
f 558/1285/1151 535/1277/1145 534/1279/1146 557/1286/1152
f 557/1287/1152 534/1280/1146 556/870/1153
f 556/870/1153 534/1280/1146 532/850/1147
f 537/891/851 551/890/850 554/1281/1148 540/1288/1154
f 540/1288/1154 554/1281/1148 553/1282/1149 539/1289/1155
f 539/1290/1155 553/1291/1149 552/1292/1150 538/1293/1156
f 538/1293/1156 552/1292/1150 550/880/824 536/883/842
f 546/877/838 555/884/843 558/1285/1151 549/1294/1157
f 549/1294/1157 558/1285/1151 557/1286/1152 548/1295/1158
f 548/1296/1158 557/1287/1152 556/870/1153 547/873/834
f 565/875/836 559/874/835 561/1297/1159 568/1298/1160
f 568/1298/1160 561/1297/1159 562/1299/1161 567/1300/1162
f 567/1301/1162 562/1302/1161 563/1303/1163 566/1304/1164
f 566/1304/1164 563/1303/1163 560/886/845 564/878/847
f 542/866/828 560/869/830 563/1305/1165 545/1306/1166
f 545/1306/1166 563/1305/1165 562/1307/1167 544/1308/1168
f 544/1309/1168 562/1299/1167 561/1297/1159 543/1310/1169
f 543/1310/1169 561/1297/1159 559/874/835 541/872/833
f 564/878/839 546/877/838 549/1294/1157 566/1304/1170
f 566/1304/1170 549/1294/1157 548/1295/1158 567/1301/1171
f 567/1300/1171 548/1296/1158 547/873/834 568/1298/1160
f 568/1298/1160 547/873/834 565/875/836
f 570/899/857 574/898/856 576/1311/1172 573/1312/1173
f 573/1312/1173 576/1311/1172 577/1313/1174 572/1314/1175
f 572/1315/1175 577/1316/1174 578/1317/1176 571/1318/1177
f 571/1318/1177 578/1317/1176 575/910/862 569/909/861
f 541/872/833 575/910/862 578/1317/1176 543/1310/1169
f 543/1310/1169 578/1317/1176 577/1316/1178 544/1309/1179
f 544/1319/1179 577/1320/1178 576/1321/1180 545/1322/1181
f 545/1322/1181 576/1321/1180 574/864/827 542/863/826
f 569/909/861 537/891/851 540/1288/1154 571/1318/1177
f 571/1318/1177 540/1288/1154 539/1289/1155 572/1315/1182
f 572/1323/1182 539/1290/1155 538/1293/1156 573/1324/1183
f 573/1324/1183 538/1293/1156 536/883/842 570/889/849
f 595/913/865 612/912/864 621/1068/986 606/1052/975
f 606/1052/975 621/1068/986 615/1071/981 607/1055/969
f 607/1043/969 615/1063/981 614/1060/978 598/1039/965
f 598/1039/965 614/1060/978 611/838/803 593/837/802
f 612/912/864 628/911/863 637/1086/1001 619/1066/984
f 619/1066/984 637/1086/1001 631/1079/994 620/1069/987
f 620/1069/987 631/1079/994 630/1076/991 625/1074/990
f 625/1074/990 630/1076/991 627/1028/957 613/1027/956
f 594/859/822 645/858/821 650/1098/1008 601/1045/971
f 601/1045/971 650/1098/1008 658/1101/1011 602/1048/974
f 602/1048/974 658/1101/1011 657/1111/1016 608/1057/977
f 608/1054/977 657/1108/1016 647/914/866 595/913/865
f 628/911/863 647/914/866 659/1110/1018 635/1084/999
f 635/1084/999 659/1110/1018 654/1325/1015 636/1087/1002
f 636/1094/1002 654/1105/1015 653/1102/1012 642/1090/1005
f 642/1090/1005 653/1102/1012 646/895/855 629/894/854
f 586/892/852 646/895/855 655/1104/1014 590/1326/1184
f 590/1326/1184 655/1104/1014 649/1107/1009 591/1327/1185
f 591/1328/1185 649/1099/1009 648/1096/1006 592/1329/1186
f 592/1329/1186 648/1096/1006 645/858/821 587/857/820
f 593/837/802 515/830/795 518/1275/1144 596/1037/963
f 596/1037/963 518/1275/1144 517/1330/1187 597/1040/966
f 597/1040/966 517/1330/1187 516/1331/1188 603/1332/973
f 603/1047/973 516/1333/1188 514/856/819 594/859/822
f 504/827/793 611/838/803 616/1062/980 506/1235/1110
f 506/1235/1110 616/1062/980 624/1065/983 507/1236/1111
f 507/1237/1111 624/1075/983 623/1072/988 508/1238/1112
f 508/1238/1112 623/1072/988 613/1027/956 505/834/799
f 629/894/854 580/893/853 585/1334/1189 640/1088/1003
f 640/1088/1003 585/1334/1189 584/1335/1190 641/1091/997
f 641/1082/997 584/1032/1190 583/1031/1191 632/1078/993
f 632/1078/993 583/1031/1191 579/835/800 627/1028/957
f 455/676/652 450/976/922 465/1138/1036 469/1131/1031
f 684/779/753 669/778/752 670/822/788 685/821/787
f 688/791/761 673/790/760 674/781/754 689/780/754
f 691/807/776 676/806/775 677/1336/773 692/1337/951
f 695/1019/950 680/803/772 681/793/762 696/792/762
f 672/787/758 687/786/758 686/1338/1192 671/1339/1192
f 679/783/755 694/782/755 693/1340/1193 678/1341/1193
f 683/824/790 698/823/789 697/1342/1194 682/1343/1195
f 710/946/896 713/1124/1026 714/1181/1069 709/1002/948
f 713/1124/1026 715/1126/1028 716/1344/1196 714/1181/1069
f 715/1129/1028 717/1128/1030 718/1345/1197 716/1346/1196
f 717/1128/1030 711/977/923 712/1347/1198 718/1345/1197
f 708/1186/1072 701/699/673 702/1191/1076 707/1189/1075
f 706/1183/1068 708/1186/1072 707/1189/1075 705/1190/1074
f 704/797/766 706/1180/1068 705/1188/1074 703/1187/1073
f 700/794/763 704/797/766 703/1187/1073 699/1023/954
f 720/1021/952 723/1193/1078 724/796/765 719/795/764
f 723/1193/1078 725/1225/1099 726/1179/1067 724/796/765
f 725/1220/1099 727/1218/1097 728/1185/1071 726/1184/1067
f 727/1218/1097 721/703/677 722/700/674 728/1185/1071
f 762/1192/1077 755/1022/953 756/802/771 761/1211/1085
f 734/1018/949 737/1195/1080 738/1348/1086 733/1349/774
f 760/1224/1100 762/1192/1077 761/1211/1085 759/1350/1088
f 737/1195/1080 739/1197/1082 740/1351/1087 738/1348/1086
f 758/1219/1098 760/1221/1100 759/1205/1088 757/1239/1113
f 739/1200/1082 741/1199/1084 742/1240/1114 740/1204/1087
f 754/704/678 758/1219/1098 757/1239/1113 753/810/778
f 741/1199/1084 735/816/783 736/811/779 742/1240/1114
f 772/1352/1199 765/920/871 766/1216/1095 771/1212/1093
f 770/1353/1200 772/1352/1199 771/1212/1093 769/1215/1089
f 768/1354/1201 770/1355/1200 769/1206/1089 767/1209/1092
f 764/925/875 768/1354/1201 767/1209/1092 763/1223/1102
f 752/1356/1202 745/932/882 746/1357/1116 751/1358/1119
f 750/1359/1203 752/1356/1202 751/1358/1119 749/1360/1121
f 748/1361/1204 750/1362/1203 749/1248/1121 747/1251/1123
f 744/935/885 748/1361/1204 747/1251/1123 743/1253/1125
f 669/778/752 700/794/763 699/1023/954 670/822/788
f 662/981/927 702/1191/1076 701/699/673 661/698/672
f 721/703/677 663/702/676 664/701/675 722/700/674
f 673/790/760 720/1021/952 719/795/764 674/781/754
f 661/698/672 1435/1363/1205 1437/1364/1206 1450/982/928 662/981/927
f 663/702/676 1520/1365/1207 1506/1366/1208 1433/1367/1209 664/701/675
f 671/1339/1192 712/1347/1198 711/977/923 672/787/758
f 680/803/772 756/802/771 755/1022/953 681/793/762
f 753/810/778 667/809/777 668/705/679 754/704/678
f 667/809/777 1522/1368/1210 1528/1369/1211 1535/1370/1212 668/705/679
f 765/920/871 683/824/790 682/1343/1195 766/1216/1095
f 733/1349/774 677/1336/773 676/806/775 734/1018/949
f 735/816/783 665/815/782 666/812/777 736/811/779
f 743/1253/1125 1618/1371/1213 1615/1372/1214 1614/1373/1215 1597/936/886 744/935/885
f 678/1341/1193 746/1357/1116 745/932/882 679/783/755
f 390/678/654 485/677/653 702/1191/1076 662/981/927
f 426/1004/911 401/961/911 794/1158/1051 785/1374/1216
f 797/973/919 789/1375/1217 786/1376/1218 793/974/920
f 801/1377/1219 814/1378/1220 805/1379/1221
f 467/1380/1222 466/968/914 778/969/915 773/1381/1223
f 468/1382/1037 467/1380/1222 773/1381/1223 802/1383/1045
f 465/1138/1036 468/1139/1037 802/1149/1045
f 782/972/918 777/1144/1041 779/1384/1224 784/1385/1225
f 784/1385/1225 779/1384/1224 780/1386/1226 783/1387/1227
f 783/1387/1227 780/1386/1226 778/969/915 781/697/671
f 798/696/670 790/971/917 792/1388/1228 800/1389/1229
f 800/1389/1229 792/1388/1228 791/1390/1230 799/1391/1231
f 799/1391/1231 791/1390/1230 789/1375/1217 797/973/919
f 818/1146/1043 821/1145/1042 823/1392/1232 820/1393/1233
f 820/1393/1233 823/1392/1232 824/1394/1234 819/1395/1235
f 819/1395/1235 824/1394/1234 822/1148/1044 817/1147/661
f 814/1396/1220 818/1397/1043 820/1398/1233 816/1399/1236
f 816/1399/1236 820/1398/1233 819/1400/1235 815/1401/1237
f 815/1401/1237 819/1400/1235 817/686/661 813/685/660
f 774/1143/1040 801/1377/1219 803/1402/1238 776/1403/1239
f 776/1403/1239 803/1402/1238 804/1404/1240 775/1405/1241
f 775/1405/1241 804/1404/1240 802/1383/1045 773/1381/1223
f 810/975/921 793/974/920 795/1406/1242 812/1407/1243
f 812/1407/1243 795/1406/1242 796/1408/1244 811/1409/1245
f 811/1409/1245 796/1408/1244 794/1158/1051 809/1157/1050
f 785/1374/1216 794/1158/1051 796/1408/1244 787/1410/1246
f 787/1410/1246 796/1408/1244 795/1406/1242 788/1411/1247
f 788/1411/1247 795/1406/1242 793/974/920 786/1376/1218
f 805/1153/1221 814/1396/1220 816/1399/1236 807/1154/1047
f 807/1154/1047 816/1399/1236 815/1401/1237 808/1155/1048
f 808/1155/1048 815/1401/1237 813/685/660 806/1156/1049
f 821/1145/1042 810/975/921 812/1407/1243 823/1392/1232
f 823/1392/1232 812/1407/1243 811/1409/1245 824/1394/1234
f 824/1394/1234 811/1409/1245 809/1157/1050 822/1148/1044
f 777/1144/1041 774/1143/1040 776/1403/1239 779/1384/1224
f 779/1384/1224 776/1403/1239 775/1405/1241 780/1386/1226
f 780/1386/1226 775/1405/1241 773/1381/1223 778/969/915
f 797/973/919 782/972/918 784/1385/1225 799/1391/1231
f 799/1391/1231 784/1385/1225 783/1387/1227 800/1389/1229
f 800/1389/1229 783/1387/1227 781/697/671 798/696/670
f 801/1377/1219 774/1143/1040 818/1146/1043 814/1378/1220
f 825/675/1248 826/678/1249 895/677/1250 864/676/1251
f 858/1412/1252 833/1413/657 835/1414/657 869/1415/1253
f 881/683/1254 1208/686/1255 1204/685/1256 880/684/1257
f 858/1412/1252 873/1416/1258 836/1417/657 833/1413/657
f 884/1418/1259 838/1419/1260 1249/1420/1261 1251/1421/1262 1277/1422/1263 1276/1423/1264
f 835/1414/657 838/1424/657 884/1425/1265 869/1415/1253
f 873/1426/1266 1180/1427/1267 1189/1428/1268 836/1419/1269
f 1074/698/1270 1077/701/1271 1120/700/1272 1099/699/1273
f 1076/702/1274 1081/705/1275 1153/704/1276 1119/703/1277
f 868/706/1278 883/772/1279 1269/1429/326 1270/1430/325 1280/1431/296 1282/1432/294 1267/1433/293 1268/1434/292 1274/1435/291 1281/1436/426 1265/1437/425 1266/1438/424 1272/1439/254 1261/1440/252 1259/1441/251 1257/1442/250 1252/1443/209 1255/1444/206 1258/1445/205 1254/1446/204 1253/1447/171 1256/1448/169 1260/1449/168 1262/1450/167 1275/1451/147 1279/1452/145 1284/1453/144 1285/1454/143 1271/1455/108 1283/1456/106 1273/1457/105 1342/1458/104 1343/1459/85 1341/1460/83 1349/1461/82 1350/1462/81 1346/1463/80 888/736/1280 1416/1464/646 1415/1465/629 1412/1466/627 1404/1467/626 1407/1468/625 1352/1469/135 1353/1470/133 1335/1471/132 1338/1472/131 1344/1473/130 1340/1474/603 1337/1475/602 1339/1476/601 1345/1477/281 1332/1478/279 1328/1479/278 1326/1480/277 1323/1481/241 1324/1482/237 1325/1483/236 1322/1484/235 1327/1485/321 1333/1486/320 1334/1487/319 1351/1488/318 1348/1489/559 1336/1490/558 1406/1491/557 1410/1492/537 825/675/1248
f 839/1493/1281 1392/1494/1282 1393/1495/1283 1418/1496/1284 889/1497/1285
f 1082/1498/752 1087/1499/754 689/780/754 684/779/753
f 694/782/755 1699/785/757 1696/1500/1286 1092/1501/755
f 687/786/758 690/789/759 1088/1502/759 1085/1503/758
f 1086/1504/760 1094/1505/762 696/792/762 688/791/761
f 1098/1506/1287 1102/1507/1288 1122/1508/1289 1117/1509/1290
f 899/1510/1291 909/1511/1292 843/1512/769 841/1513/768
f 1155/1514/1293 1132/1515/1294 1090/1516/1295 1093/1517/772
f 1089/1518/1296 841/1513/768 430/808/768 691/807/776
f 1080/809/1297 1079/812/1297 1135/811/1298 1152/810/1299
f 909/1511/1292 919/1519/1300 844/1520/780 843/1512/769
f 1078/815/1297 827/818/1297 900/817/1301 1134/816/1302
f 840/1521/786 1083/1522/788 685/821/787 429/820/786
f 698/823/789 1624/826/792 1625/1523/1303 1096/1524/1304
f 914/827/1305 925/830/1306 829/829/1307 828/828/1297
f 905/831/1308 914/827/1305 828/828/1297 827/818/1297
f 842/1525/797 993/1526/801 990/1527/1309 915/1528/1310 904/1529/1311
f 914/827/1305 1022/838/1312 1004/837/1313 925/830/1306
f 930/1530/1314 938/1531/1315 847/1532/806 845/1533/805
f 846/1534/808 848/1535/811 944/1536/1316 935/1537/1317
f 934/1538/1297 943/850/1318 831/849/1319 830/848/1320
f 925/830/1306 934/1538/1297 830/848/1320 829/829/1307
f 999/1539/816 846/1540/808 935/1541/1317 924/1542/1321 998/1543/817
f 924/1544/1322 1005/1545/1323 1056/1546/1324 998/1547/1325
f 938/1531/1315 961/1548/1326 853/1549/823 847/1532/806
f 850/1550/825 857/1551/825 985/1552/1327 953/1553/1328
f 953/1554/1329 971/1555/1330 854/1556/829 850/1557/829
f 967/870/1331 957/1558/1332 952/872/1333 832/871/1334
f 957/1558/1332 976/875/1335 970/874/1336 952/872/1333
f 851/1559/837 855/1560/840 975/1561/1337 958/1562/1338
f 961/1563/1326 947/1564/1339 849/1565/841 853/1566/823
f 848/1535/811 852/1567/844 966/1568/1340 944/1536/1316
f 943/850/1318 967/870/1331 832/871/1334 831/849/1319
f 971/1569/1341 975/1561/1342 855/1560/846 854/1570/846
f 947/1564/1339 981/1571/1343 856/1572/848 849/1565/841
f 832/871/1334 952/872/1333 948/891/1344 962/890/1345
f 997/892/1346 1057/895/1347 1042/894/1348 991/893/1349
f 852/1567/844 851/1559/837 958/1562/1338 966/1568/1340
f 442/896/837 446/897/840 855/1560/840 851/1559/837
f 985/1573/1350 857/1574/858 856/1575/858 981/1576/1351
f 831/849/1319 832/871/1334 962/890/1345 939/902/1352
f 439/903/811 443/904/844 852/1567/844 848/1535/811
f 443/904/844 442/896/837 851/1559/837 852/1567/844
f 441/905/825 448/906/825 857/1551/825 850/1550/825
f 830/848/1320 831/849/1319 939/902/1352 929/907/1353
f 437/908/808 439/903/811 848/1535/811 846/1534/808
f 952/872/1333 986/910/1354 980/909/1355 948/891/1344
f 1041/1577/1356 1058/1578/1357 1006/1579/1358 1023/1580/1359
f 828/828/1297 829/829/1307 920/916/1360 910/915/1361
f 431/917/797 433/919/870 992/1581/869 993/1526/801 842/1525/797
f 829/829/1307 830/848/1320 929/907/1353 920/916/1360
f 1096/1524/1304 1625/1523/1303 1626/1582/1362 1164/1583/1363
f 435/922/873 437/924/808 846/1540/808 999/1539/816 1000/1584/874
f 827/818/1297 828/828/1297 910/915/1361 900/817/1301
f 1163/925/1364 1653/1585/366 1659/1586/365 1649/1587/341 1650/1588/339 1644/1589/338 1655/1590/337
f 1092/1501/755 1696/1500/1286 1697/1591/1365 1144/1592/1366
f 1143/935/1367 1706/1593/37 1705/1594/14 1704/1595/12 1717/1596/11 1723/1597/10 1703/1598/9 1711/1599/184 1716/1600/183 1718/1601/182 1641/1602/181
f 1108/946/1368 1127/1603/1369 1572/1604/485 1568/1605/484 1503/1606/483 1499/1607/461 1502/1608/459 1479/1609/458 1493/1610/457 1481/1611/456 1482/1612/594 1488/1613/593
f 834/1614/908 837/1615/911 879/1616/1370 863/1617/1371
f 428/962/747 1388/963/751 1392/1494/1282 839/1493/1281
f 424/964/657 427/965/657 838/1424/657 835/1414/657
f 888/736/1280 1402/1618/649 1401/1619/648 1405/1620/647 1416/1464/646
f 875/1621/1372 1177/1622/1373 1180/1427/1267 873/1426/1266
f 836/1419/1269 1189/1428/1268 790/971/917 425/970/916
f 1181/1623/1374 1201/1624/1375 1184/1625/1376 1188/1626/1377
f 859/976/1378 868/706/1278 825/675/1248 864/676/1251
f 1085/1503/758 1088/1502/759 1128/1627/1379 1109/1628/1380
f 863/1617/1371 894/1629/1381 840/1521/786 834/1614/908
f 893/1630/1382 1107/1002/1383 1489/1631/590 1480/1632/446 1475/1633/444 1491/1634/443 1492/1635/442 1495/1636/49 1473/1637/47 1471/1638/46 1469/1639/45 1465/1640/32 1470/1641/28 1467/1642/27 1466/1643/26 1468/1644/73 1472/1645/72 1474/1646/71 1497/1647/70 1496/1648/417 1476/1649/416 1478/1650/415 1075/981/1384 826/678/1249
f 423/1003/908 426/1004/911 837/1615/911 834/1614/908
f 857/1574/858 448/1006/858 447/1005/858 856/1575/858
f 854/1570/846 855/1560/846 446/897/846 445/1007/846
f 850/1557/829 854/1556/829 445/1009/829 441/1008/829
f 849/1565/841 856/1572/848 447/1011/848 440/1010/841
f 853/1566/823 849/1565/841 440/1010/841 444/1012/823
f 847/1532/806 853/1549/823 444/1014/823 438/1013/806
f 845/1533/805 847/1532/806 438/1013/806 436/1015/805
f 844/1520/780 845/1533/805 436/1015/805 434/1016/780
f 843/1512/769 844/1520/780 434/1016/780 432/1017/769
f 841/1513/768 843/1512/769 432/1017/769 430/808/768
f 1133/1651/1385 899/1510/1291 841/1513/768 1089/1518/1296
f 1093/1517/772 1090/1516/1295 692/1020/951 695/1019/950
f 1118/1652/1386 1154/1653/1387 1094/1505/762 1086/1504/760
f 1098/1506/1287 1117/1509/1290 1087/1499/754 1082/1498/752
f 894/1629/1381 1097/1654/1388 1083/1522/788 840/1521/786
f 838/1419/1260 427/970/666 1250/1024/955 1249/1420/1261
f 834/1614/908 840/1521/786 429/820/786 423/1003/908
f 833/1413/657 836/1417/657 425/1026/657 422/1025/657
f 833/1413/657 422/1025/657 424/964/657 835/1414/657
f 919/1519/1300 930/1530/1314 845/1533/805 844/1520/780
f 990/1527/1309 1040/1655/1389 1024/1656/1390 915/1528/1310
f 433/919/958 435/922/873 1000/1584/874 997/1657/960 991/1658/959 992/1581/869
f 990/1527/1309 993/1526/801 992/1581/869 991/1658/959 996/1659/961 995/1660/961 994/1661/961
f 997/1657/960 1000/1584/874 999/1539/816 998/1543/817 1003/1662/962 1002/1663/962 1001/1664/962
f 1004/837/1313 1009/1039/1391 1010/1038/1392 1007/1037/1393
f 1007/1037/1393 1010/1038/1392 1011/1041/1394 1008/1040/1395
f 1009/1039/1391 1018/1043/1396 1021/1042/1397 1010/1038/1392
f 1010/1038/1392 1021/1042/1397 1011/1041/1394
f 1005/1545/1323 1014/1665/1398 1015/1666/1399 1012/1667/1400
f 1012/1667/1400 1015/1666/1399 1016/1668/1401 1013/1669/1402
f 1014/1665/1398 1008/1670/1395 1011/1671/1394 1015/1666/1399
f 1015/1666/1399 1011/1671/1394 1016/1668/1401
f 1006/1579/1358 1019/1672/1403 1020/1673/1404 1017/1674/1405
f 1017/1674/1405 1020/1673/1404 1021/1675/1397 1018/1676/1396
f 1019/1677/1403 1013/1669/1402 1016/1668/1401 1020/1678/1404
f 1020/1678/1404 1016/1668/1401 1011/1671/1394 1021/1679/1397
f 1022/838/1312 1027/1062/1406 1028/1061/1407 1025/1060/1408
f 1025/1060/1408 1028/1061/1407 1029/1680/1409 1026/1063/1410
f 1027/1062/1406 1036/1065/1411 1039/1681/1412 1028/1061/1407
f 1028/1061/1407 1039/1681/1412 1029/1680/1409
f 1023/1580/1359 1032/1682/1413 1033/1683/1414 1030/1684/1415
f 1030/1684/1415 1033/1683/1414 1034/1685/1416 1031/1686/1417
f 1032/1682/1413 1026/1687/1410 1029/1688/1409 1033/1683/1414
f 1033/1683/1414 1029/1688/1409 1034/1685/1416
f 1024/1656/1390 1037/1689/1418 1038/1690/1419 1035/1691/1420
f 1035/1691/1420 1038/1690/1419 1039/1692/1412 1036/1693/1411
f 1037/1689/1418 1031/1686/1417 1034/1685/1416 1038/1690/1419
f 1038/1690/1419 1034/1685/1416 1029/1688/1409 1039/1692/1412
f 1040/1655/1389 1045/1694/1421 1046/1695/1422 1043/1696/1423
f 1043/1696/1423 1046/1695/1422 1047/1697/1424 1044/1698/1425
f 1045/1694/1421 1053/1699/1426 1047/1697/1424 1046/1695/1422
f 1041/1577/1356 1050/1700/1427 1051/1701/1428 1048/1702/1429
f 1048/1702/1429 1051/1701/1428 1047/1697/1424 1049/1703/1430
f 1050/1700/1427 1044/1698/1425 1047/1697/1424 1051/1701/1428
f 1042/894/1348 1054/1090/1431 1055/1089/1432 1052/1088/1433
f 1052/1704/1433 1055/1705/1432 1047/1697/1424 1053/1699/1426
f 1054/1706/1431 1049/1703/1430 1047/1697/1424 1055/1705/1432
f 1056/1546/1324 1061/1707/1434 1062/1708/1435 1059/1709/1436
f 1059/1709/1436 1062/1708/1435 1063/1710/1437 1060/1711/1438
f 1061/1707/1434 1070/1712/1439 1073/1713/1440 1062/1708/1435
f 1062/1708/1435 1073/1713/1440 1063/1710/1437
f 1057/895/1347 1066/1104/1441 1067/1103/1442 1064/1102/1443
f 1064/1102/1443 1067/1103/1442 1068/1714/1444 1065/1105/1445
f 1066/1104/1441 1060/1107/1438 1063/1715/1437 1067/1103/1442
f 1067/1716/1442 1063/1710/1437 1073/1713/1440 1068/1717/1444
f 1058/1578/1357 1071/1718/1446 1072/1719/1447 1069/1720/1448
f 1069/1721/1448 1072/1722/1447 1073/1713/1440 1070/1712/1439
f 1071/1718/1446 1065/1723/1445 1068/1724/1444 1072/1719/1447
f 1072/1722/1447 1068/1717/1444 1073/1713/1440
f 869/1415/1253 872/1725/1449 860/1726/1450 858/1412/1252
f 872/1725/1449 871/1727/1451 861/1728/1452 860/1726/1450
f 871/1119/1451 870/1122/1453 862/1121/1454 861/1120/1452
f 870/1122/1453 868/706/1278 859/976/1378 862/1121/1454
f 1129/1123/1455 1127/1603/1369 1108/946/1368 1111/1124/1456
f 1130/1125/1457 1129/1123/1455 1111/1124/1456 1113/1126/1458
f 1131/1729/1459 1130/1730/1457 1113/1731/1458 1115/1732/1460
f 1399/1733/472 1396/1734/471 1395/1735/470 1114/1344/1461 1112/1181/1462
f 864/676/1251 867/1132/1463 880/684/1257 878/1131/1464
f 867/1132/1463 866/1133/1465 881/683/1254 880/684/1257
f 866/1736/1465 865/1737/1466 882/1738/1467 881/1739/1254
f 865/1737/1466 863/1617/1371 879/1616/1370 882/1738/1467
f 874/1138/1468 877/1139/1469 862/1121/1454 859/976/1378
f 877/1139/1469 876/1140/1470 861/1120/1452 862/1121/1454
f 876/1740/1470 875/1741/1471 860/1726/1450 861/1728/1452
f 875/1741/1471 873/1416/1258 858/1412/1252 860/1726/1450
f 1173/1742/1472 1209/1743/1473 1212/1744/1474 1176/1745/1475
f 882/1738/1467 1213/1746/1476 1208/1747/1255 881/1739/1254
f 878/1131/1464 1197/1156/1477 1199/1155/1478 1198/1154/1479 1196/1153/1480 1192/1152/1480 1194/1151/1480 1195/1150/1480 1193/1149/1481 874/1138/1468
f 879/1616/1370 1200/1748/1482 1213/1746/1476 882/1738/1467
f 1176/1745/1475 1212/1744/1474 1201/1624/1375 1181/1623/1374
f 837/1615/911 1185/1749/1051 1200/1748/1482 879/1616/1370
f 880/684/1257 1204/685/1256 1197/1156/1477 878/1131/1464
f 889/1497/1285 892/1750/1483 1331/1751/57 1329/1752/56
f 892/1750/1483 891/1753/1484 1330/1754/59 1331/1751/57
f 891/1164/1484 890/1166/1485 1347/1755/60 1330/1756/59
f 890/1166/1485 888/736/1280 1346/1463/80 1347/1755/60
f 884/1425/1265 887/1757/1486 872/1725/1449 869/1415/1253
f 887/1757/1486 886/1758/1487 871/1727/1451 872/1725/1449
f 886/1169/1487 885/1170/1488 870/1122/1453 871/1119/1451
f 885/1170/1488 883/772/1279 868/706/1278 870/1122/1453
f 895/677/1250 898/1171/1489 867/1132/1463 864/676/1251
f 898/1171/1489 897/1172/1490 866/1133/1465 867/1132/1463
f 897/1759/1490 896/1760/1491 865/1737/1466 866/1736/1465
f 896/1760/1491 894/1629/1381 863/1617/1371 865/1737/1466
f 888/736/1280 890/1166/1485 1413/1761/650 1402/1618/649
f 890/1166/1485 891/1164/1484 1419/1762/1492 1413/1761/650
f 891/1753/1484 892/1750/1483 1417/1763/1493 1419/1764/1492
f 892/1750/1483 889/1497/1285 1418/1496/1284 1417/1763/1493
f 1102/1507/1288 1104/1765/1494 1124/1766/1495 1122/1508/1289
f 893/1630/1382 1399/1733/472 1112/1181/1462 1107/1002/1383
f 1104/1183/1494 1106/1186/1496 1126/1185/1497 1124/1184/1495
f 1106/1186/1496 1099/699/1273 1120/700/1272 1126/1185/1497
f 1101/1767/1498 1097/1654/1388 894/1629/1381 896/1760/1491
f 1103/1768/1499 1101/1767/1498 896/1760/1491 897/1759/1490
f 1105/1189/1500 1103/1190/1499 897/1172/1490 898/1171/1489
f 1100/1191/1501 1105/1189/1500 898/1171/1489 895/677/1250
f 1118/1652/1386 1121/1769/1502 1161/1770/1503 1154/1653/1387
f 1128/1627/1379 1131/1729/1459 1115/1732/1460 1109/1628/1380
f 901/1771/1504 899/1510/1291 1133/1651/1385 1136/1772/1505
f 902/1773/1506 901/1771/1504 1136/1772/1505 1138/1774/1507
f 903/1198/1508 902/1201/1506 1138/1200/1507 1140/1199/1509
f 1160/1202/1510 1158/1205/1511 1139/1204/1512 1137/1203/1513
f 1168/1206/1514 1166/1209/1515 1560/1775/353 1559/1776/352
f 1155/1514/1293 1160/1777/1510 1137/1778/1513 1132/1515/1294
f 1170/1779/1516 1168/1780/1514 1559/361/352 1558/360/351
f 1165/1781/1517 1170/1779/1516 1558/360/351 1555/1782/350
f 1125/1218/1518 1119/703/1277 1153/704/1276 1157/1219/1519
f 1123/1220/1520 1125/1218/1518 1157/1219/1519 1159/1221/1521
f 1166/1209/1515 1162/1223/1522 1561/1783/354 1560/1775/353
f 1121/1769/1502 1123/1784/1520 1159/1785/1521 1161/1770/1503
f 907/1226/1523 908/1229/1524 1738/1786/521 1737/1787/520
f 906/1788/1525 907/1789/1523 1737/1790/520 1736/1791/518
f 904/1529/1311 906/1788/1525 1736/1791/518 1734/1792/517
f 905/831/1308 908/1229/1524 916/1235/1526 914/827/1305
f 908/1229/1524 907/1226/1523 917/1236/1527 916/1235/1526
f 907/1789/1523 906/1788/1525 918/1793/1528 917/1794/1527
f 906/1788/1525 904/1529/1311 915/1528/1310 918/1793/1528
f 1156/1239/1529 1152/810/1299 1135/811/1298 1141/1240/1530
f 908/1229/1524 905/831/1308 1724/1795/522 1738/1786/521
f 1158/1205/1511 1156/1239/1529 1141/1240/1530 1139/1204/1512
f 900/817/1301 903/1198/1508 1140/1199/1509 1134/816/1302
f 1145/1796/1531 1150/1797/1532 1700/90/92 1695/89/91
f 1150/1797/1532 1148/1798/1533 1701/92/94 1700/90/92
f 1148/1248/1533 1146/1251/1534 1702/1799/95 1701/1800/94
f 1146/1251/1534 1142/1253/1535 1714/1801/96 1702/1799/95
f 910/915/1361 913/1254/1536 903/1198/1508 900/817/1301
f 913/1254/1536 912/1255/1537 902/1201/1506 903/1198/1508
f 912/1802/1537 911/1803/1538 901/1771/1504 902/1773/1506
f 911/1803/1538 909/1511/1292 899/1510/1291 901/1771/1504
f 909/1511/1292 911/1803/1538 921/1804/1539 919/1519/1300
f 911/1803/1538 912/1802/1537 922/1805/1540 921/1804/1539
f 912/1255/1537 913/1254/1536 923/1261/1541 922/1260/1540
f 913/1254/1536 910/915/1361 920/916/1360 923/1261/1541
f 930/1530/1314 933/1806/1542 940/1807/1543 938/1531/1315
f 933/1806/1542 932/1808/1544 941/1809/1545 940/1807/1543
f 932/1266/1544 931/1269/1546 942/1268/1547 941/1267/1545
f 931/1269/1546 929/907/1353 939/902/1352 942/1268/1547
f 929/907/1353 931/1269/1546 923/1261/1541 920/916/1360
f 931/1269/1546 932/1266/1544 922/1260/1540 923/1261/1541
f 932/1808/1544 933/1806/1542 921/1804/1539 922/1805/1540
f 933/1806/1542 930/1530/1314 919/1519/1300 921/1804/1539
f 935/1541/1317 937/1810/1548 926/1811/1549 924/1542/1321
f 937/1810/1548 936/1812/1550 927/1813/1551 926/1811/1549
f 936/1812/1550 934/1814/1552 928/1815/1553 927/1813/1551
f 934/1538/1552 925/830/1306 928/1275/1553
f 944/1536/1316 946/1816/1554 937/1817/1548 935/1537/1317
f 946/1816/1554 945/1818/1555 936/1819/1550 937/1817/1548
f 945/1280/1555 943/850/1556 934/1538/1552 936/1820/1550
f 962/890/1345 965/1281/1557 942/1268/1547 939/902/1352
f 965/1281/1557 964/1282/1558 941/1267/1545 942/1268/1547
f 964/1821/1558 963/1822/1559 940/1807/1543 941/1809/1545
f 963/1822/1559 961/1548/1326 938/1531/1315 940/1807/1543
f 966/1568/1340 969/1823/1560 946/1816/1554 944/1536/1316
f 969/1823/1560 968/1824/1561 945/1818/1555 946/1816/1554
f 968/1287/1561 967/870/1562 943/850/1556 945/1280/1555
f 948/891/1344 951/1288/1563 965/1281/1557 962/890/1345
f 951/1288/1563 950/1289/1564 964/1282/1558 965/1281/1557
f 950/1825/1564 949/1826/1565 963/1827/1559 964/1828/1558
f 949/1826/1565 947/1564/1339 961/1563/1326 963/1827/1559
f 958/1562/1338 960/1829/1566 969/1823/1560 966/1568/1340
f 960/1829/1566 959/1830/1567 968/1824/1561 969/1823/1560
f 959/1296/1567 957/1558/1332 967/870/1562 968/1287/1561
f 976/875/1335 979/1298/1568 972/1297/1569 970/874/1336
f 979/1298/1568 978/1300/1570 973/1299/1571 972/1297/1569
f 978/1831/1570 977/1832/1572 974/1833/1573 973/1834/1571
f 977/1832/1572 975/1561/1342 971/1569/1341 974/1833/1573
f 953/1554/1329 956/1835/1574 974/1836/1575 971/1555/1330
f 956/1835/1574 955/1837/1576 973/1838/1577 974/1836/1575
f 955/1309/1576 954/1310/1578 972/1297/1569 973/1299/1577
f 954/1310/1578 952/872/1333 970/874/1336 972/1297/1569
f 975/1561/1337 977/1832/1579 960/1829/1566 958/1562/1338
f 977/1832/1579 978/1831/1570 959/1830/1567 960/1829/1566
f 978/1300/1570 979/1298/1568 957/1558/1332 959/1296/1567
f 979/1298/1568 976/875/1335 957/1558/1332
f 981/1576/1351 984/1839/1580 987/1840/1581 985/1573/1350
f 984/1839/1580 983/1841/1582 988/1842/1583 987/1840/1581
f 983/1315/1582 982/1318/1584 989/1317/1585 988/1316/1583
f 982/1318/1584 980/909/1355 986/910/1354 989/1317/1585
f 952/872/1333 954/1310/1578 989/1317/1585 986/910/1354
f 954/1310/1578 955/1309/1586 988/1316/1587 989/1317/1585
f 955/1843/1586 956/1844/1588 987/1845/1589 988/1846/1587
f 956/1844/1588 953/1553/1328 985/1552/1327 987/1845/1589
f 980/909/1355 982/1318/1584 951/1288/1563 948/891/1344
f 982/1318/1584 983/1315/1590 950/1289/1564 951/1288/1563
f 983/1847/1590 984/1848/1591 949/1826/1565 950/1825/1564
f 984/1848/1591 981/1571/1343 947/1564/1339 949/1826/1565
f 1006/1579/1358 1017/1674/1405 1032/1682/1413 1023/1580/1359
f 1017/1674/1405 1018/1676/1396 1026/1687/1410 1032/1682/1413
f 1018/1043/1396 1009/1039/1391 1025/1060/1408 1026/1063/1410
f 1009/1039/1391 1004/837/1313 1022/838/1312 1025/1060/1408
f 1023/1580/1359 1030/1684/1415 1050/1700/1427 1041/1577/1356
f 1030/1684/1415 1031/1686/1417 1044/1698/1425 1050/1700/1427
f 1031/1686/1417 1037/1689/1418 1043/1696/1423 1044/1698/1425
f 1037/1689/1418 1024/1656/1390 1040/1655/1389 1043/1696/1423
f 1005/1545/1323 1012/1667/1400 1061/1707/1434 1056/1546/1324
f 1012/1667/1400 1013/1669/1402 1070/1712/1439 1061/1707/1434
f 1013/1669/1402 1019/1677/1403 1069/1721/1448 1070/1712/1439
f 1019/1672/1403 1006/1579/1358 1058/1578/1357 1069/1720/1448
f 1041/1577/1356 1048/1702/1429 1071/1718/1446 1058/1578/1357
f 1048/1702/1429 1049/1703/1430 1065/1723/1445 1071/1718/1446
f 1049/1094/1430 1054/1090/1431 1064/1102/1443 1065/1105/1445
f 1054/1090/1431 1042/894/1348 1057/895/1347 1064/1102/1443
f 997/892/1346 1001/1326/1592 1066/1104/1441 1057/895/1347
f 1001/1326/1592 1002/1327/1593 1060/1107/1438 1066/1104/1441
f 1002/1849/1593 1003/1850/1594 1059/1709/1436 1060/1711/1438
f 1003/1850/1594 998/1547/1325 1056/1546/1324 1059/1709/1436
f 1004/837/1313 1007/1037/1393 928/1275/1553 925/830/1306
f 1007/1037/1393 1008/1040/1395 927/1330/1595 928/1275/1553
f 1008/1040/1395 1014/1332/1398 926/1331/1596 927/1330/1595
f 1014/1665/1398 1005/1545/1323 924/1544/1322 926/1851/1596
f 914/827/1305 916/1235/1526 1027/1062/1406 1022/838/1312
f 916/1235/1526 917/1236/1527 1036/1065/1411 1027/1062/1406
f 917/1794/1527 918/1793/1528 1035/1691/1420 1036/1693/1411
f 918/1793/1528 915/1528/1310 1024/1656/1390 1035/1691/1420
f 1042/894/1348 1052/1088/1433 996/1334/1597 991/893/1349
f 1052/1088/1433 1053/1091/1426 995/1335/1598 996/1334/1597
f 1053/1699/1426 1045/1694/1421 994/1661/1599 995/1660/1598
f 1045/1694/1421 1040/1655/1389 990/1527/1309 994/1661/1599
f 864/676/1251 878/1131/1464 874/1138/1468 859/976/1378
f 684/779/753 685/821/787 1083/1522/788 1082/1498/752
f 688/791/761 689/780/754 1087/1499/754 1086/1504/760
f 691/807/776 692/1337/951 1090/1852/1295 1089/1518/1296
f 695/1019/950 696/792/762 1094/1505/762 1093/1517/772
f 1085/1503/758 1084/1853/1192 686/1338/1192 687/786/758
f 1092/1501/755 1091/1854/1600 693/1340/1193 694/782/755
f 1096/1524/1304 1095/1855/1194 697/1342/1194 698/823/789
f 1108/946/1368 1107/1002/1383 1112/1181/1462 1111/1124/1456
f 1111/1124/1456 1112/1181/1462 1114/1344/1461 1113/1126/1458
f 1113/1731/1458 1114/1856/1461 1116/1857/1601 1115/1732/1460
f 1115/1732/1460 1116/1857/1601 1110/1858/1602 1109/1628/1380
f 1106/1186/1496 1105/1189/1500 1100/1191/1501 1099/699/1273
f 1104/1183/1494 1103/1190/1499 1105/1189/1500 1106/1186/1496
f 1102/1507/1288 1101/1767/1498 1103/1768/1499 1104/1765/1494
f 1098/1506/1287 1097/1654/1388 1101/1767/1498 1102/1507/1288
f 1118/1652/1386 1117/1509/1290 1122/1508/1289 1121/1769/1502
f 1121/1769/1502 1122/1508/1289 1124/1766/1495 1123/1784/1520
f 1123/1220/1520 1124/1184/1495 1126/1185/1497 1125/1218/1518
f 1125/1218/1518 1126/1185/1497 1120/700/1272 1119/703/1277
f 1161/1770/1503 1160/1777/1510 1155/1514/1293 1154/1653/1387
f 1133/1651/1385 1132/1859/1294 1137/1860/1513 1136/1772/1505
f 1159/1785/1521 1158/1861/1511 1160/1777/1510 1161/1770/1503
f 1136/1772/1505 1137/1860/1513 1139/1862/1512 1138/1774/1507
f 1157/1219/1519 1156/1239/1529 1158/1205/1511 1159/1221/1521
f 1138/1200/1507 1139/1204/1512 1141/1240/1530 1140/1199/1509
f 1153/704/1276 1152/810/1299 1156/1239/1529 1157/1219/1519
f 1140/1199/1509 1141/1240/1530 1135/811/1298 1134/816/1302
f 1171/1863/1603 1170/1779/1516 1165/1781/1517 1164/1583/1363
f 1169/1864/1604 1168/1780/1514 1170/1779/1516 1171/1863/1603
f 1167/1354/1605 1166/1209/1515 1168/1206/1514 1169/1355/1604
f 1163/925/1364 1162/1223/1522 1166/1209/1515 1167/1354/1605
f 1151/1865/1606 1150/1866/1532 1145/1867/1531 1144/1592/1366
f 1149/1868/1607 1148/1869/1533 1150/1866/1532 1151/1865/1606
f 1147/1361/1608 1146/1251/1534 1148/1248/1533 1149/1362/1607
f 1143/935/1367 1142/1253/1535 1146/1251/1534 1147/1361/1608
f 1082/1498/752 1083/1522/788 1097/1654/1388 1098/1506/1287
f 1075/981/1384 1074/698/1270 1099/699/1273 1100/1191/1501
f 1119/703/1277 1120/700/1272 1077/701/1271 1076/702/1274
f 1086/1504/760 1087/1499/754 1117/1509/1290 1118/1652/1386
f 1074/698/1270 1075/981/1384 1478/1650/415 1477/1870/414 1486/1871/413
f 1076/702/1274 1077/701/1271 1501/1872/392 1500/1873/390 1574/1874/389
f 1084/1853/1192 1085/1503/758 1109/1628/1380 1110/1858/1602
f 1093/1517/772 1094/1505/762 1154/1653/1387 1155/1514/1293
f 1152/810/1299 1153/704/1276 1081/705/1275 1080/809/1297
f 1080/809/1297 1081/705/1275 1564/1875/219 1571/1876/218 1585/1877/195
f 1164/1583/1363 1165/1781/1517 1095/1855/1194 1096/1524/1304
f 1132/1859/1294 1133/1651/1385 1089/1518/1296 1090/1852/1295
f 1134/816/1302 1135/811/1298 1079/812/1297 1078/815/1297
f 1142/1253/1535 1143/935/1367 1641/1602/181 1642/1878/639 1635/1879/638 1632/1880/637 1627/1881/616
f 1091/1854/1600 1092/1501/755 1144/1592/1366 1145/1867/1531
f 826/678/1249 1075/981/1384 1100/1191/1501 895/677/1250
f 426/1004/911 785/1374/1216 1185/1749/1051 837/1615/911
f 1188/1626/1377 1184/1625/1376 786/1376/1218 789/1375/1217
f 1192/1882/1609 1196/1883/1610 1205/1884/1611
f 876/1885/1612 1172/1886/1613 1177/1622/1373 875/1621/1372
f 877/1887/1469 1193/1888/1481 1172/1886/1613 876/1885/1612
f 874/1138/1468 1193/1149/1481 877/1139/1469
f 1181/1623/1374 1183/1889/1614 1178/1890/1615 1176/1745/1475
f 1183/1889/1614 1182/1891/1616 1179/1892/1617 1178/1890/1615
f 1182/1891/1616 1180/1427/1267 1177/1622/1373 1179/1892/1617
f 1189/1428/1268 1191/1893/1618 792/1388/1228 790/971/917
f 1191/1893/1618 1190/1894/1619 791/1390/1230 792/1388/1228
f 1190/1894/1619 1188/1626/1377 789/1375/1217 791/1390/1230
f 1209/1743/1473 1211/1895/1620 1214/1896/1621 1212/1744/1474
f 1211/1895/1620 1210/1897/1622 1215/1898/1623 1214/1896/1621
f 1210/1897/1622 1208/1747/1255 1213/1746/1476 1215/1898/1623
f 1205/1396/1611 1207/1399/1624 1211/1398/1620 1209/1397/1473
f 1207/1399/1624 1206/1401/1625 1210/1400/1622 1211/1398/1620
f 1206/1401/1625 1204/685/1256 1208/686/1255 1210/1400/1622
f 1173/1742/1472 1175/1899/1626 1194/1900/1627 1192/1882/1609
f 1175/1899/1626 1174/1901/1628 1195/1902/1629 1194/1900/1627
f 1174/1901/1628 1172/1886/1613 1193/1888/1481 1195/1902/1629
f 1201/1624/1375 1203/1903/1630 1186/1904/1631 1184/1625/1376
f 1203/1903/1630 1202/1905/1632 1187/1906/1633 1186/1904/1631
f 1202/1905/1632 1200/1748/1482 1185/1749/1051 1187/1906/1633
f 785/1374/1216 787/1410/1246 1187/1906/1633 1185/1749/1051
f 787/1410/1246 788/1411/1247 1186/1904/1631 1187/1906/1633
f 788/1411/1247 786/1376/1218 1184/1625/1376 1186/1904/1631
f 1196/1153/1610 1198/1154/1479 1207/1399/1624 1205/1396/1611
f 1198/1154/1479 1199/1155/1478 1206/1401/1625 1207/1399/1624
f 1199/1155/1478 1197/1156/1477 1204/685/1256 1206/1401/1625
f 1212/1744/1474 1214/1896/1621 1203/1903/1630 1201/1624/1375
f 1214/1896/1621 1215/1898/1623 1202/1905/1632 1203/1903/1630
f 1215/1898/1623 1213/1746/1476 1200/1748/1482 1202/1905/1632
f 1176/1745/1475 1178/1890/1615 1175/1899/1626 1173/1742/1472
f 1178/1890/1615 1179/1892/1617 1174/1901/1628 1175/1899/1626
f 1179/1892/1617 1177/1622/1373 1172/1886/1613 1174/1901/1628
f 1188/1626/1377 1190/1894/1619 1183/1889/1614 1181/1623/1374
f 1190/1894/1619 1191/1893/1618 1182/1891/1616 1183/1889/1614
f 1191/1893/1618 1189/1428/1268 1180/1427/1267 1182/1891/1616
f 1192/1882/1609 1205/1884/1611 1209/1743/1473 1173/1742/1472
f 1536/1907/1634 1540/1908/1635 204/259/260 203/258/259
f 1440/1909/944 1447/1910/943 289/449/440 288/446/437
f 1457/1911/940 1459/1912/939 112/40/43 111/37/40
f 1719/1913/1636 1697/1914/1365 1696/1915/1286 1699/1916/757 1698/1917/756 1680/1918/884 108/32/35 109/33/36
f 1291/1919/704 1289/1920/703 143/120/122 26/134/136
f 1488/1613/593 1487/1921/592 1490/1922/591 1489/1631/590 1107/1002/1383 1108/946/1368
f 1686/1923/1637 1684/1924/1638 343/585/564 342/582/561
f 1263/1925/1639 1264/1926/327 885/1170/1488 886/1169/1640
f 1442/1927/942 1456/1928/941 110/36/39 10/47/50
f 1231/1929/723 1224/1930/722 149/135/137 28/146/148
f 1221/1931/743 1223/1932/742 214/281/283 54/295/297
f 1688/1933/1641 1690/1934/1642 319/528/511 84/547/526
f 1329/1752/56 117/1935/55 1319/1936/54 839/1493/1281 889/1497/1285
f 1602/931/881 1601/1937/1643 768/1354/1201 764/925/875
f 1603/1938/1644 1594/1939/1645 1588/1940/1646 1608/926/876 764/925/875 763/1223/1102
f 1287/1941/685 1288/1942/684 335/572/551 57/317/316
f 1315/1943/689 1313/1944/688 226/311/310 41/325/232
f 1616/1945/1647 1613/1946/1648 349/597/576 348/594/573
f 1732/1947/516 1733/540/516 1735/539/519 406/832/797 431/917/797
f 1306/1948/700 1307/1949/699 359/616/595 23/126/128
f 1444/1950/930 1451/1951/929 270/417/408 269/416/407
f 1539/1952/1649 1536/1953/1634 203/255/256 202/254/256
f 1368/1954/1650 1369/1955/1651 78/490/476 309/505/491
f 1621/1956/1652 1620/1957/1653 365/642/618 94/641/617
f 1585/1877/195 1640/1958/193 1643/1959/192 1639/1960/191 1638/1961/159 1657/1962/157 1646/1963/156 1656/1964/155 1645/1965/120 1647/1966/118 1660/1967/117 1661/1968/116 1714/1801/96 1142/1253/1535 1627/1881/616 1629/1969/613 1079/812/1297 1080/809/1297
f 1720/1970/38 1706/1593/37 1143/935/1367 1147/1361/1608
f 1452/1971/898 1454/1972/897 1443/1973/1654 354/606/585 353/605/584
f 1365/1974/912 1364/1975/709 385/668/644 384/665/641
f 1241/1976/729 1244/1977/728 181/199/201 180/196/200
f 1430/1978/904 1427/1979/903 76/474/462 303/495/481
f 1413/674/650 1419/1980/1492 1417/1981/1493 1418/1982/1284 1393/1983/1283 386/667/643
f 1719/1984/1636 1720/1985/38 1149/1868/1607 1151/1865/1606
f 1505/1986/1655 1515/1987/1656 64/367/358 253/382/373
f 1456/1928/941 1457/1911/940 111/37/40 110/36/39
f 1617/1988/1657 1622/1989/1658 1619/1990/1659 1620/1991/1653 666/812/777 665/815/782
f 1592/1992/1660 1683/1993/1661 341/581/560 90/592/571
f 1612/1994/1662 1610/1995/1663 156/148/150 155/147/149
f 1455/1996/932 1453/1997/931 13/65/68 120/63/66
f 1463/1998/935 1460/1999/934 118/59/62 5/23/24
f 1288/1942/684 1308/2000/683 336/573/552 335/572/551
f 1682/2001/1664 1679/933/883 745/932/882 752/1356/1202
f 1538/2002/1665 1534/2003/1666 186/214/213 185/213/212
f 1555/1782/350 1550/355/349 1549/354/348 1095/1855/1194 1165/1781/1517
f 1692/86/89 1670/85/88 1668/1243/1117 746/1242/1116 678/2004/1193
f 1378/2005/1667 1376/2006/1668 80/519/498 315/517/503
f 1511/2007/1669 1512/2008/1670 731/1125/1027 730/1123/1025
f 1451/1951/929 1450/2009/928 1437/2010/1206 271/420/411 270/417/408
f 1224/1930/722 1235/2011/721 150/136/138 149/135/137
f 1675/2012/893 1673/2013/892 98/2/2 97/1/1
f 1436/2014/945 1440/1909/944 288/446/437 287/445/436
f 1300/2015/712 1295/2016/711 12/58/61 126/75/78
f 1691/2017/1115 1725/2018/1105 1729/2019/1104 1730/2020/1108 1728/2021/1109 1726/2022/1671 1727/532/515 320/529/512
f 1236/2023/1672 1228/2024/745 1218/2025/744 233/327/282 232/326/322
f 1608/2026/876 1588/2027/1646 59/339/334 238/337/332
f 1678/2028/888 1662/2029/887 169/175/177 168/172/174
f 1545/2030/1673 1546/2031/1674 1128/1627/1379 1088/1502/759
f 1439/2032/901 1429/2033/900 295/462/452 294/461/449
f 1607/2034/1675 1589/2035/1676 175/187/189 174/184/186
f 1681/2036/1677 1663/2037/1678 1677/2038/895 1676/2039/894 4/15/15 108/32/35
f 1381/2040/1679 1382/2041/1680 82/527/510 325/552/531
f 1606/2042/878 1604/2043/877 237/334/329 236/333/328
f 1697/1591/1365 1719/1984/1636 1151/1865/1606 1144/1592/1366
f 1519/2044/1681 1505/1986/1655 253/382/373 252/379/370
f 1222/2045/735 1237/2046/734 196/242/244 46/253/255
f 1510/2047/1682 1513/2048/1683 1547/2049/1684 675/788/759 729/978/924
f 1521/2050/1685 1527/2051/1686 220/296/298 56/310/309
f 1428/2052/899 1452/1971/898 353/605/584 73/465/454
f 1427/1979/903 1446/2053/902 293/457/448 76/474/462
f 1393/1983/1283 1392/2054/1282 1388/2055/751 1387/2056/751 1356/2057/750 383/664/640 386/667/643
f 1301/2058/714 1302/2059/713 125/72/75 124/71/74
f 1590/2060/880 1591/2061/879 62/347/342 248/372/363
f 1295/2016/711 1298/2062/1055 1297/2063/1053 116/48/51 12/58/61
f 1540/1908/1635 1542/2064/1687 40/225/224 204/259/260
f 1276/1423/1264 1278/2065/1688 887/2066/1689 884/1418/1259
f 1652/2067/367 1653/1585/366 1163/925/1364 1167/1354/1605
f 1429/2033/900 1428/2052/899 73/465/454 295/462/452
f 1431/2068/1690 1432/2069/1691 68/403/394 265/408/399
f 1461/2070/937 1462/2071/936 104/20/20 103/19/19
f 1303/2072/702 1293/2073/701 145/124/126 144/121/123
f 1376/2074/1668 1373/2075/1692 307/501/487 80/512/498
f 1372/2076/707 1377/2077/706 372/644/620 371/643/619
f 1305/2078/698 1292/2079/697 361/620/599 360/617/596
f 1375/2080/1693 1368/1954/1650 309/505/491 308/502/488
f 1543/352/347 243/349/344 1529/1217/1096 766/1216/1095 682/1343/1195
f 1734/1792/517 1731/2081/516 842/1525/797 904/1529/1311
f 1537/2082/1694 1541/2083/1695 48/302/269 222/300/302
f 1578/2084/1696 1579/2085/1697 1130/1730/1457 1131/1729/1459
f 1370/2086/926 1359/2087/1070 1360/2088/1698 1361/2089/1699 1362/2090/1700 1363/476/464 299/475/463
f 1304/2091/717 1294/2092/716 133/100/102 132/97/99
f 1449/1001/947 1441/2093/1701 1443/2094/1654 1454/947/897 710/946/896 709/1002/948
f 1601/1937/1643 1600/2095/1702 770/1355/1200 768/1354/1201
f 1294/2092/716 1290/2096/715 16/83/86 133/100/102
f 1377/2077/706 1299/2097/705 373/647/623 372/644/620
f 1680/1918/884 1679/2098/883 1682/2099/1664 1681/2036/1677 108/32/35
f 1593/2100/1703 1609/2101/1704 137/108/110 22/119/121
f 1390/478/465 1389/477/465 671/1339/1192 686/1338/1192
f 1438/2102/946 1436/2014/945 287/445/436 72/456/447
f 1589/2035/1676 1587/2103/1705 30/158/160 175/187/189
f 1410/1492/537 1414/2104/535 1408/2105/534 1403/2106/533 1424/2107/509 1421/2108/507 1409/2109/506 1411/2110/505 1420/2111/497 1422/2112/495 1425/2113/494 1423/2114/493 1426/2115/475 1400/2116/474 893/1630/1382 826/678/1249 825/675/1248
f 1302/2059/713 1300/2015/712 126/75/78 125/72/75
f 1379/2117/1706 1378/2005/1667 315/517/503 314/514/500
f 1239/2118/733 1243/2119/732 198/246/248 197/243/245
f 1541/2120/1695 1539/1952/1649 202/254/270 48/268/269
f 1277/2121/1263 1251/2122/1262 234/329/324 1264/332/327 1263/2123/1639 1278/2124/1688 1276/2125/1264
f 1526/1222/1101 1525/2126/1707 1515/2127/1656 1505/2128/1655 1519/2129/1681 1507/2130/1708 1504/2131/1709 1508/2132/1710 1516/2133/1711 1520/1365/1207 663/702/676 668/705/679 1535/1370/1212 1534/2134/1666 1538/2135/1665 1542/2136/1687 1540/2137/1635 1536/2138/1634 1539/2139/1649 1541/2140/1695 1537/2141/1694 1533/2142/1712 1527/2143/1686 1521/2144/1685 1524/2145/1713 1523/2146/1714 1603/1938/1644 763/1223/1102
f 1672/2147/890 1674/2148/889 167/171/173 1/7/7
f 1459/1912/939 1464/2149/938 8/31/33 112/40/43
f 1602/2150/881 1590/2060/880 248/372/363 247/369/360
f 1598/2151/1715 1605/2152/1716 139/112/114 138/109/111
f 1319/1936/54 1320/2153/53 428/962/747 839/1493/1281
f 1360/2154/1698 1359/1182/1070 714/1181/1069 716/1344/1196
f 1247/2155/727 1242/2156/726 161/159/161 32/170/172
f 246/368/359 1611/921/872 1599/2157/1717
f 1690/1934/1642 1691/2017/1115 320/529/512 319/528/511
f 1445/2158/1718 1431/2068/1690 265/408/399 264/405/396
f 1665/2159/1124 1669/2160/1122 1666/1246/1120 130/84/87 18/95/97
f 1307/1949/699 1305/2078/698 360/617/596 359/616/595
f 1542/2064/1687 1538/2002/1665 185/213/212 40/225/224
f 1395/484/470 1398/483/469 1116/1857/1601 1114/1856/1461
f 1290/2096/715 1301/2058/714 124/71/74 16/83/86
f 1619/2161/1659 1622/2162/1658 92/604/583 367/631/608
f 1610/1995/1663 1595/2163/1719 157/151/153 156/148/150
f 1694/88/90 1693/87/89 693/2164/1193 1091/2165/1600
f 1654/371/362 1651/377/368 1169/1864/1604 1171/1863/1603
f 1527/2051/1686 1533/2166/1712 221/297/299 220/296/298
f 1245/2167/730 1241/1976/729 180/196/197 179/195/197
f 1731/2081/516 1732/1947/516 431/917/797 842/1525/797
f 1547/2049/1684 1544/2168/1720 690/789/759 675/788/759
f 1321/2169/52 1296/1159/1052 480/774/748 403/773/747
f 1594/2170/1645 1603/2171/1644 1523/2172/1714 282/437/428 281/436/427
f 1651/2173/368 1652/2067/367 1167/1354/1605 1169/1355/1604
f 1666/1246/1120 1667/1244/1118 1668/1243/1117 1670/85/88 130/84/87
f 1234/2174/718 1304/2091/717 132/97/99 131/96/98
f 1720/1970/38 1147/1361/1608 1149/1362/1607
f 1446/2175/902 1439/2032/901 294/461/449 293/2176/448
f 1548/353/348 1543/352/347 682/1343/1195 697/1342/1194
f 1240/2177/725 1238/2178/724 163/163/165 162/160/162
f 1458/2179/933 1455/1996/932 120/63/66 119/60/63
f 1618/2180/1213 1621/1956/1652 94/641/617 379/659/635
f 1462/2071/936 1463/1998/935 5/23/24 104/20/23
f 1591/2061/879 1606/2042/878 236/333/328 62/347/342
f 1671/2181/891 1672/2147/890 1/7/7 99/5/5
f 1486/1871/413 1483/2182/405 1494/2183/403 1484/2184/402 1485/2185/401 1498/2186/393 1501/1872/392 1077/701/1271 1074/698/1270
f 1373/2075/1692 1375/2080/1693 308/502/488 307/501/487
f 1506/2187/1208 1520/2188/1207 1516/2189/1711 258/391/382 257/390/381
f 1599/2157/1717 1611/921/872 765/920/871 772/1352/1199
f 1453/1997/931 1444/1950/930 269/416/407 13/65/68
f 1677/945/895 1663/2190/1678 748/1361/1204 744/935/885
f 1673/2013/892 1671/2181/891 99/5/5 98/2/2
f 1226/2191/1721 1227/2192/1722 478/2193/1723 477/2194/1724
f 1219/2195/740 1217/2196/739 51/287/289 216/285/287
f 1685/2197/1725 1687/2198/1726 330/561/540 329/560/539
f 1528/2199/1211 1522/2200/1210 36/194/196 187/217/216
f 1513/2048/1683 1510/2047/1682 1509/2201/1727 1512/2202/1670 1511/2203/1669 1517/2204/907 301/491/477
f 1364/1975/709 1374/2205/708 96/654/630 385/668/644
f 1433/1367/1209 1432/2206/1691 1431/2207/1690 1445/2208/1718 1448/2209/1728 1434/2210/1729 1435/1363/1205 661/698/672 664/701/675
f 1546/2031/1674 1578/2084/1696 1131/1729/1459 1128/1627/1379
f 1460/1999/934 1458/2179/933 119/60/63 118/59/62
f 1695/89/91 1694/88/90 1091/2165/1600 1145/1796/1531
f 1299/2097/705 1291/1919/704 26/134/136 373/647/623
f 1292/2079/697 1286/2211/696 50/280/282 361/620/599
f 1233/2212/737 1220/2213/736 277/431/422 276/428/419
f 1289/1920/703 1303/2072/702 144/121/123 143/120/122
f 1595/2163/1719 1593/2100/1703 22/119/121 157/151/153
f 1227/2192/1722 1225/690/664 475/689/663 478/2193/1723
f 1248/2214/665 1225/2215/664 1227/2216/1722 1226/2217/1721 1236/2023/1672 232/326/322
f 1297/2063/1053 1296/2218/1052 1321/49/52 116/48/51
f 1581/500/486 1580/2219/1730 1579/2085/1697 1578/2084/1696 304/494/480
f 1588/2027/1646 1594/2170/1645 281/436/427 59/339/334
f 1579/2220/1697 1580/2221/1730 1129/1123/1455 1130/1125/1457
f 1654/371/362 1626/1582/1362 1625/1523/1303 1624/826/792 1623/825/791 246/368/359
f 1676/2039/894 1675/2012/893 97/1/1 4/15/15
f 1398/483/469 1397/482/468 1110/1858/1602 1116/1857/1601
f 1600/2222/1702 1599/2157/1717 772/1352/1199 770/1353/1200
f 1662/2029/887 1597/2223/886 33/177/179 169/175/177
f 1509/2201/1727 1510/2047/1682 729/978/924 732/1127/1029
f 1356/2057/750 1355/2224/749 1357/2225/1066 1358/2226/1065 1366/2227/1064 383/664/640
f 1532/1214/1090 1530/1213/1094 1529/1217/1096 243/349/344
f 1246/2228/731 1245/2229/730 179/212/211 38/211/210
f 1681/2230/1677 1682/2001/1664 752/1356/1202 750/1359/1203
f 1622/2162/1658 1617/2231/1657 347/593/572 92/604/583
f 1313/1944/688 1312/2232/687 227/312/311 226/311/310
f 1228/771/745 1236/2233/1672 476/1170/1060 474/772/746
f 1693/87/89 1692/86/89 678/2004/1193 693/2164/1193
f 1735/539/519 1727/538/515 1726/2234/1671 1728/1234/1109 494/833/798 406/832/797
f 1524/2235/1713 1521/2050/1685 56/310/309 283/440/431
f 1605/2152/1716 1665/2159/1124 18/95/97 139/112/114
f 1447/1910/943 1442/1927/942 10/47/50 289/449/440
f 1308/2000/683 1383/2236/682 337/576/555 336/573/552
f 1391/479/465 1390/478/465 686/1338/1192 1084/1853/1192
f 1525/2237/1707 1526/2238/1101 1531/2239/1091 1532/1214/1090 243/349/344 242/348/343
f 1720/35/38 1719/1913/1636 109/33/36
f 1220/2213/736 1222/2045/735 46/253/255 277/431/422
f 1684/1924/1638 1664/2240/1731 88/571/550 343/585/564
f 1655/1590/337 1648/2241/336 1637/2242/435 1586/2243/434 1162/1223/1522 1163/925/1364
f 1517/957/907 1511/2007/1669 730/1123/1025
f 1310/2244/695 1311/2245/694 209/270/272 208/269/271
f 1217/2196/739 1216/2246/738 275/427/418 51/287/289
f 1516/2189/1711 1508/2247/1710 259/394/385 258/391/382
f 1683/1993/1661 1686/1923/1637 342/582/561 341/581/560
f 1311/2245/694 1314/2248/693 210/273/275 209/270/272
f 1361/2089/1699 1360/2088/1698 716/1346/1196 718/1345/1197
f 1620/2249/1732 366/626/604 365/625/604
f 1432/2069/1691 1433/2250/1209 1506/2187/1208 257/390/381 68/403/394
f 1318/2251/690 1315/2252/689 41/231/232 192/229/231
f 1316/2253/692 1317/2254/691 191/241/243 44/240/242
f 1441/2255/1701 1449/2256/947 1438/2102/946 72/456/447 355/609/588
f 1443/1973/1654 1441/2255/1701 355/609/588 354/606/585
f 1664/2240/1731 1685/2197/1725 329/560/539 88/571/550
f 1371/2257/1733 1369/2258/1651 1368/2259/1650 1375/2260/1693 1373/2261/1692 1376/2262/1668 1378/2263/1667 1379/2264/1706 1354/2265/1734 1382/2266/1680 1381/2267/1679 1380/2268/1735 1384/2269/1736 1385/2270/1737 1386/707/681 389/675/651 390/678/654 1370/980/926
f 1534/2003/1666 1535/2271/1212 1528/2199/1211 187/217/216 186/214/213
f 1549/354/348 1548/353/348 697/1342/1194 1095/1855/1194
f 1236/2233/1672 1226/2272/1721 477/1169/1724 476/1170/1060
f 1216/2246/738 1233/2212/737 276/428/419 275/427/418
f 1544/2168/1720 1545/2030/1673 1088/1502/759 690/789/759
f 1507/2273/1708 1519/2044/1681 252/379/370 251/378/369
f 1614/2274/1215 1615/2275/1214 378/656/632 377/655/631
f 1229/2276/720 1232/2277/719 20/107/109 151/139/141
f 1230/2278/741 1219/2195/740 216/285/287 215/282/284
f 1508/2247/1710 1504/2279/1709 66/389/380 259/394/385
f 1383/2236/682 1386/2280/681 1385/2281/1737 86/559/538 337/576/555
f 1437/2010/1206 1435/2282/1205 1434/2283/1729 70/415/406 271/420/411
f 1464/2149/938 1461/2284/937 103/16/34 8/31/33
f 1626/1582/1362 1654/371/362 1171/1863/1603 1164/1583/1363
f 1320/2153/53 1321/2169/52 403/773/747 428/962/747
f 1581/2285/486 1572/1604/485 1127/1603/1369
f 1244/1977/728 1247/2286/727 32/201/172 181/199/201
f 1380/2287/1735 1381/2040/1679 325/552/531 324/549/528
f 1232/2277/719 1234/2174/718 131/96/98 20/107/109
f 1597/2223/886 1614/2274/1215 377/655/631 33/177/179
f 1312/2232/687 1309/2288/686 228/315/314 227/312/311
f 1314/2248/693 1316/2253/692 44/240/242 210/273/275
f 1354/2289/1734 1379/2117/1706 314/514/500 313/513/499
f 1522/2200/1210 1596/2290/1738 173/183/185 36/194/196
f 1599/2157/1717 1600/2222/1702 1601/2291/1643 1602/2150/881 247/369/360 246/368/359
f 1504/2279/1709 1507/2273/1708 251/378/369 66/389/380
f 1286/2211/696 1310/2244/695 208/269/271 50/280/282
f 1620/2249/1653 1619/2292/1659 367/629/608 366/626/607
f 1242/2156/726 1240/2177/725 162/160/162 161/159/161
f 1578/2084/1696 1546/2031/1674 1545/2030/1673 1544/2168/1720 1547/2049/1684 1513/2048/1683 301/491/477 304/494/480
f 1369/1955/1651 1371/2293/1733 1370/2086/926 299/475/463 78/490/476
f 1223/1932/742 1230/2278/741 215/282/284 214/281/283
f 1674/2148/889 1678/2028/888 168/172/174 167/171/173
f 1617/2231/1657 1616/1945/1647 348/594/573 347/593/572
f 1374/2205/708 1372/2076/707 371/643/619 96/654/630
f 1629/1969/613 1633/2294/612 1630/2295/611 1628/2296/582 1631/2297/580 1078/815/1297 1079/812/1297
f 1243/2119/732 1246/2228/731 38/211/210 198/246/248
f 1238/2178/724 1231/1929/723 28/146/148 163/163/165
f 1631/2297/580 1634/2298/579 1636/2299/578 1658/2300/570 1709/2301/568 1721/2302/567 1722/2303/566 1708/2304/549 1710/2305/547 1713/2306/546 1715/2307/545 1707/2308/525 1712/2309/523 1724/1795/522 905/831/1308 827/818/1297 1078/815/1297
f 1278/2065/1688 1263/2310/1639 886/2311/1640 887/2066/1689
f 1580/2221/1730 1581/2285/486 1127/1603/1369 1129/1123/1455
f 1514/2312/905 1430/1978/904 303/495/481 302/492/478
f 1615/2275/1214 1618/2180/1213 379/659/635 378/656/632
f 1663/2190/1678 1681/2313/1677 750/1362/1203 748/1361/1204
f 1362/2090/1700 1361/2089/1699 718/1345/1197 712/1347/1198
f 1689/2314/1739 1688/1933/1641 84/547/526 331/564/543
f 1604/2043/877 1608/2026/876 238/337/332 237/334/329
f 1523/2172/1714 1524/2235/1713 283/440/431 282/437/428
f 1237/2046/734 1239/2118/733 197/243/245 196/242/244
f 1264/1926/327 1269/1429/326 883/772/1279 885/1170/1488
f 1515/1987/1656 1525/2237/1707 242/348/343 64/367/358
f 1517/2204/907 1518/2315/906 1514/2312/905 302/492/478 301/491/477
f 1587/2103/1705 1612/1994/1662 155/147/149 30/158/160
f 1235/2011/721 1229/2276/720 151/139/141 150/136/138
f 1687/2198/1726 1689/2314/1739 331/564/543 330/561/540
f 1389/477/465 1363/476/464 1362/2090/1700 712/1347/1198 671/1339/1192
f 1613/1946/1648 1592/1992/1660 90/592/571 349/597/576
f 1448/2316/1728 1445/2158/1718 264/405/396 263/404/395
f 1434/2283/1729 1448/2316/1728 263/404/395 70/415/406
f 1574/1874/389 1575/2317/388 1570/2318/387 1582/2319/379 1577/2320/377 1569/2321/376 1573/2322/375 1576/2323/357 1566/2324/355 1561/1783/354 1162/1223/1522 1586/2243/434 1583/2325/433 1584/2326/308 1567/2327/306 1565/2328/305 1556/2329/304 1551/2330/268 1553/2331/265 1562/2332/264 1554/2333/263 1552/2334/223 1557/2335/221 1563/2336/220 1564/1875/219 1081/705/1275 1076/702/1274
f 1382/2041/1680 1354/2289/1734 313/513/499 82/527/510
f 1218/2025/744 1221/1931/743 54/295/297 233/327/282
f 1251/2122/1262 1249/2337/1261 1250/2338/955 1248/2214/665 232/326/322 234/329/324
f 1609/2101/1704 1598/2151/1715 138/109/111 137/108/110
f 1384/2339/1736 1380/2287/1735 324/549/528 323/548/527
f 1533/2166/1712 1537/2082/1694 222/300/302 221/297/299
f 1385/2281/1737 1384/2339/1736 323/548/527 86/559/538
f 1397/482/468 1394/480/466 1391/479/465 1084/1853/1192 1110/1858/1602
f 1512/2202/1670 1509/2201/1727 732/1127/1029 731/1130/1027
f 1400/2116/474 1399/1733/472 893/1630/1382
f 1366/2227/1064 1367/2340/913 1365/1974/912 384/665/641 383/664/640
f 1596/2290/1738 1607/2034/1675 174/184/186 173/183/185
f 1293/2073/701 1306/1948/700 23/126/128 145/124/126
f 1309/2288/686 1287/1941/685 57/317/316 228/315/314
f 1691/1241/1115 1690/2341/1642 1688/2342/1641 1689/2343/1739 1687/2344/1726 1685/2345/1725 1664/2346/1731 1684/2347/1638 1686/2348/1637 1683/2349/1661 1592/2350/1660 1613/2351/1648 1616/2352/1647 1617/1988/1657 665/815/782 391/818/785 495/831/796
f 1665/1252/1124 1605/2353/1716 1598/2354/1715 1609/2355/1704 1593/2356/1703 1595/2357/1719 1610/2358/1663 1612/2359/1662 1587/2360/1705 1589/2361/1676 1607/2362/1675 1596/2363/1738 1522/1368/1210 667/809/777 666/812/777 1620/1991/1653 1621/2364/1652 1618/1371/1213 743/1253/1125
f 1317/2365/691 1318/2251/690 192/229/228 191/226/228
f 1739/2366/1740 1740/2367/1741 1834/2368/1742
f 1739/2366/1740 1834/2368/1742 1928/2369/1743
f 1739/2366/1740 1928/2369/1743 2022/2370/1744
f 1739/2366/1740 2022/2370/1744 2116/2371/1745
f 1739/2366/1740 2116/2371/1745 2210/2372/1746
f 1739/2366/1740 2210/2372/1746 2304/2373/1747
f 1739/2366/1740 2304/2373/1747 2398/2374/1748
f 1739/2366/1740 2398/2374/1748 2491/2375/1749
f 1739/2366/1740 2491/2375/1749 2584/2376/1750
f 1739/2366/1740 2584/2376/1750 2677/2377/1751
f 1739/2366/1740 2677/2377/1751 2771/2378/1752
f 1739/2366/1740 2771/2378/1752 2865/2379/1753
f 1739/2366/1740 2865/2379/1753 2959/2380/1754
f 1739/2366/1740 2959/2380/1754 3053/2381/1755
f 1739/2366/1740 3053/2381/1755 3147/2382/1756
f 1739/2366/1740 3147/2382/1756 3241/2383/1757
f 1739/2366/1740 3241/2383/1757 3335/2384/1758
f 1739/2366/1740 3335/2384/1758 3429/2385/1759
f 1739/2366/1740 3429/2385/1759 3523/2386/1760
f 1739/2366/1740 3523/2386/1760 3617/2387/1761
f 1739/2366/1740 3617/2387/1761 3711/2388/1762
f 1739/2366/1740 3711/2388/1762 3805/2389/1763
f 1739/2366/1740 3805/2389/1763 3899/2390/1764
f 1739/2366/1740 3899/2390/1764 3992/2391/1765
f 1739/2366/1740 3992/2391/1765 4085/2392/1766
f 1739/2366/1740 4085/2392/1766 4178/2393/1767
f 1739/2366/1740 4178/2393/1767 4272/2394/1768
f 1739/2366/1740 4272/2394/1768 4366/2395/1769
f 1739/2366/1740 4366/2395/1769 4460/2396/1770
f 1739/2366/1740 4460/2396/1770 4554/2397/1771
f 1739/2366/1740 4554/2397/1771 4648/2398/1772
f 1739/2366/1740 4648/2398/1772 1740/2367/1741
f 1740/2367/1741 1741/2399/1773 1835/2400/1774 1834/2368/1742
f 1834/2368/1742 1835/2400/1774 1929/2401/1775 1928/2369/1743
f 1928/2369/1743 1929/2401/1775 2023/2402/1776 2022/2370/1744
f 2022/2370/1744 2023/2402/1776 2117/2403/1777 2116/2371/1745
f 2116/2371/1745 2117/2403/1777 2211/2404/1778 2210/2372/1746
f 2210/2372/1746 2211/2404/1778 2305/2405/1779 2304/2373/1747
f 2304/2373/1747 2305/2405/1779 2399/2406/1780 2398/2374/1748
f 2398/2374/1748 2399/2406/1780 2492/2407/1781 2491/2375/1749
f 2491/2375/1749 2492/2407/1781 2585/2408/1782 2584/2376/1750
f 2584/2376/1750 2585/2408/1782 2678/2409/1783 2677/2377/1751
f 2677/2377/1751 2678/2409/1783 2772/2410/1784 2771/2378/1752
f 2771/2378/1752 2772/2410/1784 2866/2411/1785 2865/2379/1753
f 2865/2379/1753 2866/2411/1785 2960/2412/1786 2959/2380/1754
f 2959/2380/1754 2960/2412/1786 3054/2413/1787 3053/2381/1755
f 3053/2381/1755 3054/2413/1787 3148/2414/1788 3147/2382/1756
f 3147/2382/1756 3148/2414/1788 3242/2415/1789 3241/2383/1757
f 3241/2383/1757 3242/2415/1789 3336/2416/1790 3335/2384/1758
f 3335/2384/1758 3336/2416/1790 3430/2417/1791 3429/2385/1759
f 3429/2385/1759 3430/2417/1791 3524/2418/1792 3523/2386/1760
f 3523/2386/1760 3524/2418/1792 3618/2419/1793 3617/2387/1761
f 3617/2387/1761 3618/2419/1793 3712/2420/1794 3711/2388/1762
f 3711/2388/1762 3712/2420/1794 3806/2421/1795 3805/2389/1763
f 3805/2389/1763 3806/2421/1795 3900/2422/1796 3899/2390/1764
f 3899/2390/1764 3900/2422/1796 3993/2423/1797 3992/2391/1765
f 3992/2391/1765 3993/2423/1797 4086/2424/1798 4085/2392/1766
f 4085/2392/1766 4086/2424/1798 4179/2425/1799 4178/2393/1767
f 4178/2393/1767 4179/2425/1799 4273/2426/1800 4272/2394/1768
f 4272/2394/1768 4273/2426/1800 4367/2427/1801 4366/2395/1769
f 4366/2395/1769 4367/2427/1801 4461/2428/1802 4460/2396/1770
f 4460/2396/1770 4461/2428/1802 4555/2429/1803 4554/2397/1771
f 4554/2397/1771 4555/2429/1803 4649/2430/1804 4648/2398/1772
f 4648/2398/1772 4649/2430/1804 1741/2399/1773 1740/2367/1741
f 1741/2399/1773 1742/2431/1805 1836/2432/1806 1835/2400/1774
f 1835/2400/1774 1836/2432/1806 1930/2433/1807 1929/2401/1775
f 1929/2401/1775 1930/2433/1807 2024/2434/1808 2023/2402/1776
f 2023/2402/1776 2024/2434/1808 2118/2435/1809 2117/2403/1777
f 2117/2403/1777 2118/2435/1809 2212/2436/1810 2211/2404/1778
f 2211/2404/1778 2212/2436/1810 2306/2437/1811 2305/2405/1779
f 2305/2405/1779 2306/2437/1811 2400/2438/1812 2399/2406/1780
f 2399/2406/1780 2400/2438/1812 2493/2439/1813 2492/2407/1781
f 2492/2407/1781 2493/2439/1813 2586/2440/1814 2585/2408/1782
f 2585/2408/1782 2586/2440/1814 2679/2441/1815 2678/2409/1783
f 2678/2409/1783 2679/2441/1815 2773/2442/1816 2772/2410/1784
f 2772/2410/1784 2773/2442/1816 2867/2443/1817 2866/2411/1785
f 2866/2411/1785 2867/2443/1817 2961/2444/1818 2960/2412/1786
f 2960/2412/1786 2961/2444/1818 3055/2445/1819 3054/2413/1787
f 3054/2413/1787 3055/2445/1819 3149/2446/1820 3148/2414/1788
f 3148/2414/1788 3149/2446/1820 3243/2447/1821 3242/2415/1789
f 3242/2415/1789 3243/2447/1821 3337/2448/1822 3336/2416/1790
f 3336/2416/1790 3337/2448/1822 3431/2449/1823 3430/2417/1791
f 3430/2417/1791 3431/2449/1823 3525/2450/1824 3524/2418/1792
f 3524/2418/1792 3525/2450/1824 3619/2451/1825 3618/2419/1793
f 3618/2419/1793 3619/2451/1825 3713/2452/1826 3712/2420/1794
f 3712/2420/1794 3713/2452/1826 3807/2453/1827 3806/2421/1795
f 3806/2421/1795 3807/2453/1827 3901/2454/1828 3900/2422/1796
f 3900/2422/1796 3901/2454/1828 3994/2455/1829 3993/2423/1797
f 3993/2423/1797 3994/2455/1829 4087/2456/1830 4086/2424/1798
f 4086/2424/1798 4087/2456/1830 4180/2457/1831 4179/2425/1799
f 4179/2425/1799 4180/2457/1831 4274/2458/1832 4273/2426/1800
f 4273/2426/1800 4274/2458/1832 4368/2459/1833 4367/2427/1801
f 4367/2427/1801 4368/2459/1833 4462/2460/1834 4461/2428/1802
f 4461/2428/1802 4462/2460/1834 4556/2461/1835 4555/2429/1803
f 4555/2429/1803 4556/2461/1835 4650/2462/1836 4649/2430/1804
f 4649/2430/1804 4650/2462/1836 1742/2431/1805 1741/2399/1773
f 1742/2431/1805 1743/2463/1837 1837/2464/1838 1836/2432/1806
f 1836/2432/1806 1837/2464/1838 1931/2465/1839 1930/2433/1807
f 1930/2433/1807 1931/2465/1839 2025/2466/1840 2024/2434/1808
f 2024/2434/1808 2025/2466/1840 2119/2467/1841 2118/2435/1809
f 2118/2435/1809 2119/2467/1841 2213/2468/1842 2212/2436/1810
f 2212/2436/1810 2213/2468/1842 2307/2469/1843 2306/2437/1811
f 2306/2437/1811 2307/2469/1843 2401/2470/1844 2400/2438/1812
f 2400/2438/1812 2401/2470/1844 2494/2471/1845 2493/2439/1813
f 2493/2439/1813 2494/2471/1845 2587/2472/1846 2586/2440/1814
f 2586/2440/1814 2587/2472/1846 2680/2473/1847 2679/2441/1815
f 2679/2441/1815 2680/2473/1847 2774/2474/1848 2773/2442/1816
f 2773/2442/1816 2774/2474/1848 2868/2475/1849 2867/2443/1817
f 2867/2443/1817 2868/2475/1849 2962/2476/1850 2961/2444/1818
f 2961/2444/1818 2962/2476/1850 3056/2477/1851 3055/2445/1819
f 3055/2445/1819 3056/2477/1851 3150/2478/1852 3149/2446/1820
f 3149/2446/1820 3150/2478/1852 3244/2479/1853 3243/2447/1821
f 3243/2447/1821 3244/2479/1853 3338/2480/1854 3337/2448/1822
f 3337/2448/1822 3338/2480/1854 3432/2481/1855 3431/2449/1823
f 3431/2449/1823 3432/2481/1855 3526/2482/1856 3525/2450/1824
f 3525/2450/1824 3526/2482/1856 3620/2483/1857 3619/2451/1825
f 3619/2451/1825 3620/2483/1857 3714/2484/1858 3713/2452/1826
f 3713/2452/1826 3714/2484/1858 3808/2485/1859 3807/2453/1827
f 3807/2453/1827 3808/2485/1859 3902/2486/1860 3901/2454/1828
f 3901/2454/1828 3902/2486/1860 3995/2487/1861 3994/2455/1829
f 3994/2455/1829 3995/2487/1861 4088/2488/1862 4087/2456/1830
f 4087/2456/1830 4088/2488/1862 4181/2489/1863 4180/2457/1831
f 4180/2457/1831 4181/2489/1863 4275/2490/1864 4274/2458/1832
f 4274/2458/1832 4275/2490/1864 4369/2491/1865 4368/2459/1833
f 4368/2459/1833 4369/2491/1865 4463/2492/1866 4462/2460/1834
f 4462/2460/1834 4463/2492/1866 4557/2493/1867 4556/2461/1835
f 4556/2461/1835 4557/2493/1867 4651/2494/1868 4650/2462/1836
f 4650/2462/1836 4651/2494/1868 1743/2463/1837 1742/2431/1805
f 1743/2463/1837 1744/2495/1869 1838/2496/1870 1837/2464/1838
f 1837/2464/1838 1838/2496/1870 1932/2497/1871 1931/2465/1839
f 1931/2465/1839 1932/2497/1871 2026/2498/1872 2025/2466/1840
f 2025/2466/1840 2026/2498/1872 2120/2499/1873 2119/2467/1841
f 2119/2467/1841 2120/2499/1873 2214/2500/1874 2213/2468/1842
f 2213/2468/1842 2214/2500/1874 2308/2501/1875 2307/2469/1843
f 2307/2469/1843 2308/2501/1875 2402/2502/1876 2401/2470/1844
f 2401/2470/1844 2402/2502/1876 2495/2503/1877 2494/2471/1845
f 2494/2471/1845 2495/2503/1877 2588/2504/1878 2587/2472/1846
f 2587/2472/1846 2588/2504/1878 2681/2505/1879 2680/2473/1847
f 2680/2473/1847 2681/2505/1879 2775/2506/1880 2774/2474/1848
f 2774/2474/1848 2775/2506/1880 2869/2507/1881 2868/2475/1849
f 2868/2475/1849 2869/2507/1881 2963/2508/1882 2962/2476/1850
f 2962/2476/1850 2963/2508/1882 3057/2509/1883 3056/2477/1851
f 3056/2477/1851 3057/2509/1883 3151/2510/1884 3150/2478/1852
f 3150/2478/1852 3151/2510/1884 3245/2511/1885 3244/2479/1853
f 3244/2479/1853 3245/2511/1885 3339/2512/1886 3338/2480/1854
f 3338/2480/1854 3339/2512/1886 3433/2513/1887 3432/2481/1855
f 3432/2481/1855 3433/2513/1887 3527/2514/1888 3526/2482/1856
f 3526/2482/1856 3527/2514/1888 3621/2515/1889 3620/2483/1857
f 3620/2483/1857 3621/2515/1889 3715/2516/1890 3714/2484/1858
f 3714/2484/1858 3715/2516/1890 3809/2517/1891 3808/2485/1859
f 3808/2485/1859 3809/2517/1891 3903/2518/1892 3902/2486/1860
f 3902/2486/1860 3903/2518/1892 3996/2519/1893 3995/2487/1861
f 3995/2487/1861 3996/2519/1893 4089/2520/1894 4088/2488/1862
f 4088/2488/1862 4089/2520/1894 4182/2521/1895 4181/2489/1863
f 4181/2489/1863 4182/2521/1895 4276/2522/1896 4275/2490/1864
f 4275/2490/1864 4276/2522/1896 4370/2523/1897 4369/2491/1865
f 4369/2491/1865 4370/2523/1897 4464/2524/1898 4463/2492/1866
f 4463/2492/1866 4464/2524/1898 4558/2525/1899 4557/2493/1867
f 4557/2493/1867 4558/2525/1899 4652/2526/1900 4651/2494/1868
f 4651/2494/1868 4652/2526/1900 1744/2495/1869 1743/2463/1837
f 1744/2495/1869 1745/2527/1901 1839/2528/1902 1838/2496/1870
f 1838/2496/1870 1839/2528/1902 1933/2529/1903 1932/2497/1871
f 1932/2497/1871 1933/2529/1903 2027/2530/1904 2026/2498/1872
f 2026/2498/1872 2027/2530/1904 2121/2531/1905 2120/2499/1873
f 2120/2499/1873 2121/2531/1905 2215/2532/1906 2214/2500/1874
f 2214/2500/1874 2215/2532/1906 2309/2533/1907 2308/2501/1875
f 2308/2501/1875 2309/2533/1907 2403/2534/1908 2402/2502/1876
f 2402/2502/1876 2403/2534/1908 2496/2535/1909 2495/2503/1877
f 2495/2503/1877 2496/2535/1909 2589/2536/1750 2588/2504/1878
f 2588/2504/1878 2589/2536/1750 2682/2537/1751 2681/2505/1879
f 2681/2505/1879 2682/2537/1751 2776/2538/1752 2775/2506/1880
f 2775/2506/1880 2776/2538/1752 2870/2539/1753 2869/2507/1881
f 2869/2507/1881 2870/2539/1753 2964/2540/1754 2963/2508/1882
f 2963/2508/1882 2964/2540/1754 3058/2541/1755 3057/2509/1883
f 3057/2509/1883 3058/2541/1755 3152/2542/1910 3151/2510/1884
f 3151/2510/1884 3152/2542/1910 3246/2543/1911 3245/2511/1885
f 3245/2511/1885 3246/2543/1911 3340/2544/1912 3339/2512/1886
f 3339/2512/1886 3340/2544/1912 3434/2545/1913 3433/2513/1887
f 3433/2513/1887 3434/2545/1913 3528/2546/1914 3527/2514/1888
f 3527/2514/1888 3528/2546/1914 3622/2547/1915 3621/2515/1889
f 3621/2515/1889 3622/2547/1915 3716/2548/1916 3715/2516/1890
f 3715/2516/1890 3716/2548/1916 3810/2549/1917 3809/2517/1891
f 3809/2517/1891 3810/2549/1917 3904/2550/1918 3903/2518/1892
f 3903/2518/1892 3904/2550/1918 3997/2551/1919 3996/2519/1893
f 3996/2519/1893 3997/2551/1919 4090/2552/1920 4089/2520/1894
f 4089/2520/1894 4090/2552/1920 4183/2553/1767 4182/2521/1895
f 4182/2521/1895 4183/2553/1767 4277/2554/1768 4276/2522/1896
f 4276/2522/1896 4277/2554/1768 4371/2555/1769 4370/2523/1897
f 4370/2523/1897 4371/2555/1769 4465/2556/1921 4464/2524/1898
f 4464/2524/1898 4465/2556/1921 4559/2557/1771 4558/2525/1899
f 4558/2525/1899 4559/2557/1771 4653/2558/1772 4652/2526/1900
f 4652/2526/1900 4653/2558/1772 1745/2527/1901 1744/2495/1869
f 1745/2527/1901 1746/2559/1922 1840/2560/1923 1839/2528/1902
f 1839/2528/1902 1840/2560/1923 1934/2561/1924 1933/2529/1903
f 1933/2529/1903 1934/2561/1924 2028/2562/1925 2027/2530/1904
f 2027/2530/1904 2028/2562/1925 2122/2563/1926 2121/2531/1905
f 2121/2531/1905 2122/2563/1926 2216/2564/1927 2215/2532/1906
f 2215/2532/1906 2216/2564/1927 2310/2565/1928 2309/2533/1907
f 2309/2533/1907 2310/2565/1928 2404/2566/1929 2403/2534/1908
f 2403/2534/1908 2404/2566/1929 2497/2567/1930 2496/2535/1909
f 2496/2535/1909 2497/2567/1930 2590/2568/1931 2589/2536/1750
f 2589/2536/1750 2590/2568/1931 2683/2569/1932 2682/2537/1751
f 2682/2537/1751 2683/2569/1932 2777/2570/1933 2776/2538/1752
f 2776/2538/1752 2777/2570/1933 2871/2571/1934 2870/2539/1753
f 2870/2539/1753 2871/2571/1934 2965/2572/1935 2964/2540/1754
f 2964/2540/1754 2965/2572/1935 3059/2573/1936 3058/2541/1755
f 3058/2541/1755 3059/2573/1936 3153/2574/1937 3152/2542/1910
f 3152/2542/1910 3153/2574/1937 3247/2575/1938 3246/2543/1911
f 3246/2543/1911 3247/2575/1938 3341/2576/1939 3340/2544/1912
f 3340/2544/1912 3341/2576/1939 3435/2577/1940 3434/2545/1913
f 3434/2545/1913 3435/2577/1940 3529/2578/1941 3528/2546/1914
f 3528/2546/1914 3529/2578/1941 3623/2579/1942 3622/2547/1915
f 3622/2547/1915 3623/2579/1942 3717/2580/1943 3716/2548/1916
f 3716/2548/1916 3717/2580/1943 3811/2581/1944 3810/2549/1917
f 3810/2549/1917 3811/2581/1944 3905/2582/1945 3904/2550/1918
f 3904/2550/1918 3905/2582/1945 3998/2583/1946 3997/2551/1919
f 3997/2551/1919 3998/2583/1946 4091/2584/1947 4090/2552/1920
f 4090/2552/1920 4091/2584/1947 4184/2585/1948 4183/2553/1767
f 4183/2553/1767 4184/2585/1948 4278/2586/1949 4277/2554/1768
f 4277/2554/1768 4278/2586/1949 4372/2587/1950 4371/2555/1769
f 4371/2555/1769 4372/2587/1950 4466/2588/1951 4465/2556/1921
f 4465/2556/1921 4466/2588/1951 4560/2589/1952 4559/2557/1771
f 4559/2557/1771 4560/2589/1952 4654/2590/1953 4653/2558/1772
f 4653/2558/1772 4654/2590/1953 1746/2559/1922 1745/2527/1901
f 1746/2559/1922 1747/2591/1954 1841/2592/1955 1840/2560/1923
f 1840/2560/1923 1841/2592/1955 1935/2593/1956 1934/2561/1924
f 1934/2561/1924 1935/2593/1956 2029/2594/1957 2028/2562/1925
f 2028/2562/1925 2029/2594/1957 2123/2595/1958 2122/2563/1926
f 2122/2563/1926 2123/2595/1958 2217/2596/1959 2216/2564/1927
f 2216/2564/1927 2217/2596/1959 2311/2597/1960 2310/2565/1928
f 2310/2565/1928 2311/2597/1960 2405/2598/1961 2404/2566/1929
f 2404/2566/1929 2405/2598/1961 2498/2599/1962 2497/2567/1930
f 2497/2567/1930 2498/2599/1962 2591/2600/1963 2590/2568/1931
f 2590/2568/1931 2591/2600/1963 2684/2601/1964 2683/2569/1932
f 2683/2569/1932 2684/2601/1964 2778/2602/1965 2777/2570/1933
f 2777/2570/1933 2778/2602/1965 2872/2603/1966 2871/2571/1934
f 2871/2571/1934 2872/2603/1966 2966/2604/1967 2965/2572/1935
f 2965/2572/1935 2966/2604/1967 3060/2605/1968 3059/2573/1936
f 3059/2573/1936 3060/2605/1968 3154/2606/1969 3153/2574/1937
f 3153/2574/1937 3154/2606/1969 3248/2607/1970 3247/2575/1938
f 3247/2575/1938 3248/2607/1970 3342/2608/1971 3341/2576/1939
f 3341/2576/1939 3342/2608/1971 3436/2609/1972 3435/2577/1940
f 3435/2577/1940 3436/2609/1972 3530/2610/1973 3529/2578/1941
f 3529/2578/1941 3530/2610/1973 3624/2611/1974 3623/2579/1942
f 3623/2579/1942 3624/2611/1974 3718/2612/1975 3717/2580/1943
f 3717/2580/1943 3718/2612/1975 3812/2613/1976 3811/2581/1944
f 3811/2581/1944 3812/2613/1976 3906/2614/1977 3905/2582/1945
f 3905/2582/1945 3906/2614/1977 3999/2615/1978 3998/2583/1946
f 3998/2583/1946 3999/2615/1978 4092/2616/1979 4091/2584/1947
f 4091/2584/1947 4092/2616/1979 4185/2617/1980 4184/2585/1948
f 4184/2585/1948 4185/2617/1980 4279/2618/1981 4278/2586/1949
f 4278/2586/1949 4279/2618/1981 4373/2619/1982 4372/2587/1950
f 4372/2587/1950 4373/2619/1982 4467/2620/1983 4466/2588/1951
f 4466/2588/1951 4467/2620/1983 4561/2621/1984 4560/2589/1952
f 4560/2589/1952 4561/2621/1984 4655/2622/1985 4654/2590/1953
f 4654/2590/1953 4655/2622/1985 1747/2591/1954 1746/2559/1922
f 1747/2591/1954 1748/2623/1986 1842/2624/1987 1841/2592/1955
f 1841/2592/1955 1842/2624/1987 1936/2625/1988 1935/2593/1956
f 1935/2593/1956 1936/2625/1988 2030/2626/1989 2029/2594/1957
f 2029/2594/1957 2030/2626/1989 2124/2627/1990 2123/2595/1958
f 2123/2595/1958 2124/2627/1990 2218/2628/1991 2217/2596/1959
f 2217/2596/1959 2218/2628/1991 2312/2629/1992 2311/2597/1960
f 2311/2597/1960 2312/2629/1992 2406/2630/1993 2405/2598/1961
f 2405/2598/1961 2406/2630/1993 2499/2631/1994 2498/2599/1962
f 2498/2599/1962 2499/2631/1994 2592/2632/1995 2591/2600/1963
f 2591/2600/1963 2592/2632/1995 2685/2633/1996 2684/2601/1964
f 2684/2601/1964 2685/2633/1996 2779/2634/1997 2778/2602/1965
f 2778/2602/1965 2779/2634/1997 2873/2635/1998 2872/2603/1966
f 2872/2603/1966 2873/2635/1998 2967/2636/1999 2966/2604/1967
f 2966/2604/1967 2967/2636/1999 3061/2637/2000 3060/2605/1968
f 3060/2605/1968 3061/2637/2000 3155/2638/2001 3154/2606/1969
f 3154/2606/1969 3155/2638/2001 3249/2639/2002 3248/2607/1970
f 3248/2607/1970 3249/2639/2002 3343/2640/2003 3342/2608/1971
f 3342/2608/1971 3343/2640/2003 3437/2641/2004 3436/2609/1972
f 3436/2609/1972 3437/2641/2004 3531/2642/2005 3530/2610/1973
f 3530/2610/1973 3531/2642/2005 3625/2643/2006 3624/2611/1974
f 3624/2611/1974 3625/2643/2006 3719/2644/2007 3718/2612/1975
f 3718/2612/1975 3719/2644/2007 3813/2645/2008 3812/2613/1976
f 3812/2613/1976 3813/2645/2008 3907/2646/2009 3906/2614/1977
f 3906/2614/1977 3907/2646/2009 4000/2647/2010 3999/2615/1978
f 3999/2615/1978 4000/2647/2010 4093/2648/2011 4092/2616/1979
f 4092/2616/1979 4093/2648/2011 4186/2649/2012 4185/2617/1980
f 4185/2617/1980 4186/2649/2012 4280/2650/2013 4279/2618/1981
f 4279/2618/1981 4280/2650/2013 4374/2651/2014 4373/2619/1982
f 4373/2619/1982 4374/2651/2014 4468/2652/2015 4467/2620/1983
f 4467/2620/1983 4468/2652/2015 4562/2653/2016 4561/2621/1984
f 4561/2621/1984 4562/2653/2016 4656/2654/2017 4655/2622/1985
f 4655/2622/1985 4656/2654/2017 1748/2623/1986 1747/2591/1954
f 1748/2623/2018 1842/2624/2019 1843/2655/2020 1749/2656/2021
f 1842/2624/2019 1936/2625/2022 1937/2657/2023 1843/2655/2020
f 1936/2625/2022 2030/2626/2024 2031/2658/2025 1937/2657/2023
f 2030/2626/2024 2124/2627/2026 2125/2659/2027 2031/2658/2025
f 2124/2627/2026 2218/2628/2028 2219/2660/2029 2125/2659/2027
f 2218/2628/2028 2312/2629/2030 2313/2661/2031 2219/2660/2029
f 2312/2629/2030 2406/2630/2032 2407/2662/2033 2313/2661/2031
f 2406/2630/2032 2499/2631/2034 2500/2663/2035 2407/2662/2033
f 2499/2631/2034 2592/2632/2036 2593/2664/2037 2500/2663/2035
f 2592/2632/2036 2685/2633/2038 2686/2665/2039 2593/2664/2037
f 2685/2633/2038 2779/2634/2040 2780/2666/2041 2686/2665/2039
f 2779/2634/2040 2873/2635/2042 2874/2667/2043 2780/2666/2041
f 2873/2635/2042 2967/2636/2044 2968/2668/2045 2874/2667/2043
f 2967/2636/2044 3061/2637/2046 3062/2669/2047 2968/2668/2045
f 3061/2637/2046 3155/2638/2048 3156/2670/2049 3062/2669/2047
f 3155/2638/2048 3249/2639/2050 3250/2671/2051 3156/2670/2049
f 3249/2639/2050 3343/2640/2052 3344/2672/2053 3250/2671/2051
f 3343/2640/2052 3437/2641/2054 3438/2673/2055 3344/2672/2053
f 3437/2641/2054 3531/2642/2056 3532/2674/2057 3438/2673/2055
f 3531/2642/2056 3625/2643/2058 3626/2675/2059 3532/2674/2057
f 3625/2643/2058 3719/2644/2060 3720/2676/2061 3626/2675/2059
f 3719/2644/2060 3813/2645/2062 3814/2677/2063 3720/2676/2061
f 3813/2645/2062 3907/2646/2064 3908/2678/2065 3814/2677/2063
f 3907/2646/2064 4000/2647/2066 4001/2679/2067 3908/2678/2065
f 4000/2647/2066 4093/2648/2068 4094/2680/2069 4001/2679/2067
f 4093/2648/2068 4186/2649/2070 4187/2681/2071 4094/2680/2069
f 4186/2649/2070 4280/2650/2072 4281/2682/2073 4187/2681/2071
f 4280/2650/2072 4374/2651/2074 4375/2683/2075 4281/2682/2073
f 4374/2651/2074 4468/2652/2076 4469/2684/2077 4375/2683/2075
f 4468/2652/2076 4562/2653/2078 4563/2685/2079 4469/2684/2077
f 4562/2653/2078 4656/2654/2080 4657/2686/2081 4563/2685/2079
f 4656/2654/2080 1748/2623/2018 1749/2656/2021 4657/2686/2081
f 1749/2656/2021 1843/2655/2020 1844/2687/2082 1750/2688/2083
f 1843/2655/2020 1937/2657/2023 1938/2689/2084 1844/2687/2082
f 1937/2657/2023 2031/2658/2025 2032/2690/2085 1938/2689/2084
f 2031/2658/2025 2125/2659/2027 2126/2691/2086 2032/2690/2085
f 2125/2659/2027 2219/2660/2029 2220/2692/2087 2126/2691/2086
f 2219/2660/2029 2313/2661/2031 2314/2693/2088 2220/2692/2087
f 2313/2661/2031 2407/2662/2033 2408/2694/2089 2314/2693/2088
f 2407/2662/2033 2500/2663/2035 2501/2695/2090 2408/2694/2089
f 2500/2663/2035 2593/2664/2037 2594/2696/2091 2501/2695/2090
f 2593/2664/2037 2686/2665/2039 2687/2697/2092 2594/2696/2091
f 2686/2665/2039 2780/2666/2041 2781/2698/2093 2687/2697/2092
f 2780/2666/2041 2874/2667/2043 2875/2699/2094 2781/2698/2093
f 2874/2667/2043 2968/2668/2045 2969/2700/2095 2875/2699/2094
f 2968/2668/2045 3062/2669/2047 3063/2701/2096 2969/2700/2095
f 3062/2669/2047 3156/2670/2049 3157/2702/2097 3063/2701/2096
f 3156/2670/2049 3250/2671/2051 3251/2703/2098 3157/2702/2097
f 3250/2671/2051 3344/2672/2053 3345/2704/2099 3251/2703/2098
f 3344/2672/2053 3438/2673/2055 3439/2705/2100 3345/2704/2099
f 3438/2673/2055 3532/2674/2057 3533/2706/2101 3439/2705/2100
f 3532/2674/2057 3626/2675/2059 3627/2707/2102 3533/2706/2101
f 3626/2675/2059 3720/2676/2061 3721/2708/2103 3627/2707/2102
f 3720/2676/2061 3814/2677/2063 3815/2709/2104 3721/2708/2103
f 3814/2677/2063 3908/2678/2065 3909/2710/2105 3815/2709/2104
f 3908/2678/2065 4001/2679/2067 4002/2711/2106 3909/2710/2105
f 4001/2679/2067 4094/2680/2069 4095/2712/2107 4002/2711/2106
f 4094/2680/2069 4187/2681/2071 4188/2713/2108 4095/2712/2107
f 4187/2681/2071 4281/2682/2073 4282/2714/2109 4188/2713/2108
f 4281/2682/2073 4375/2683/2075 4376/2715/2110 4282/2714/2109
f 4375/2683/2075 4469/2684/2077 4470/2716/2111 4376/2715/2110
f 4469/2684/2077 4563/2685/2079 4564/2717/2112 4470/2716/2111
f 4563/2685/2079 4657/2686/2081 4658/2718/2113 4564/2717/2112
f 4657/2686/2081 1749/2656/2021 1750/2688/2083 4658/2718/2113
f 1750/2688/2083 1844/2687/2082 1845/2719/2114 1751/2720/2115
f 1844/2687/2082 1938/2689/2084 1939/2721/2116 1845/2719/2114
f 1938/2689/2084 2032/2690/2085 2033/2722/2117 1939/2721/2116
f 2032/2690/2085 2126/2691/2086 2127/2723/2118 2033/2722/2117
f 2126/2691/2086 2220/2692/2087 2221/2724/2119 2127/2723/2118
f 2220/2692/2087 2314/2693/2088 2315/2725/2120 2221/2724/2119
f 2314/2693/2088 2408/2694/2089 2409/2726/2121 2315/2725/2120
f 2408/2694/2089 2501/2695/2090 2502/2727/2122 2409/2726/2121
f 2501/2695/2090 2594/2696/2091 2595/2728/2123 2502/2727/2122
f 2594/2696/2091 2687/2697/2092 2688/2729/2124 2595/2728/2123
f 2687/2697/2092 2781/2698/2093 2782/2730/2125 2688/2729/2124
f 2781/2698/2093 2875/2699/2094 2876/2731/2126 2782/2730/2125
f 2875/2699/2094 2969/2700/2095 2970/2732/2127 2876/2731/2126
f 2969/2700/2095 3063/2701/2096 3064/2733/2128 2970/2732/2127
f 3063/2701/2096 3157/2702/2097 3158/2734/2129 3064/2733/2128
f 3157/2702/2097 3251/2703/2098 3252/2735/2130 3158/2734/2129
f 3251/2703/2098 3345/2704/2099 3346/2736/2131 3252/2735/2130
f 3345/2704/2099 3439/2705/2100 3440/2737/2132 3346/2736/2131
f 3439/2705/2100 3533/2706/2101 3534/2738/2133 3440/2737/2132
f 3533/2706/2101 3627/2707/2102 3628/2739/2134 3534/2738/2133
f 3627/2707/2102 3721/2708/2103 3722/2740/2135 3628/2739/2134
f 3721/2708/2103 3815/2709/2104 3816/2741/2136 3722/2740/2135
f 3815/2709/2104 3909/2710/2105 3910/2742/2137 3816/2741/2136
f 3909/2710/2105 4002/2711/2106 4003/2743/2138 3910/2742/2137
f 4002/2711/2106 4095/2712/2107 4096/2744/2139 4003/2743/2138
f 4095/2712/2107 4188/2713/2108 4189/2745/2140 4096/2744/2139
f 4188/2713/2108 4282/2714/2109 4283/2746/2141 4189/2745/2140
f 4282/2714/2109 4376/2715/2110 4377/2747/2142 4283/2746/2141
f 4376/2715/2110 4470/2716/2111 4471/2748/2143 4377/2747/2142
f 4470/2716/2111 4564/2717/2112 4565/2749/2144 4471/2748/2143
f 4564/2717/2112 4658/2718/2113 4659/2750/2145 4565/2749/2144
f 4658/2718/2113 1750/2688/2083 1751/2720/2115 4659/2750/2145
f 1751/2720/2115 1845/2719/2114 1846/2751/2146 1752/2752/2147
f 1845/2719/2114 1939/2721/2116 1940/2753/2148 1846/2751/2146
f 1939/2721/2116 2033/2722/2117 2034/2754/2149 1940/2753/2148
f 2033/2722/2117 2127/2723/2118 2128/2755/2150 2034/2754/2149
f 2127/2723/2118 2221/2724/2119 2222/2756/2151 2128/2755/2150
f 2221/2724/2119 2315/2725/2120 2316/2757/2152 2222/2756/2151
f 2315/2725/2120 2409/2726/2121 2410/2758/2153 2316/2757/2152
f 2409/2726/2121 2502/2727/2122 2503/2759/2154 2410/2758/2153
f 2502/2727/2122 2595/2728/2123 2596/2760/2155 2503/2759/2154
f 2595/2728/2123 2688/2729/2124 2689/2761/2156 2596/2760/2155
f 2688/2729/2124 2782/2730/2125 2783/2762/2157 2689/2761/2156
f 2782/2730/2125 2876/2731/2126 2877/2763/2158 2783/2762/2157
f 2876/2731/2126 2970/2732/2127 2971/2764/2159 2877/2763/2158
f 2970/2732/2127 3064/2733/2128 3065/2765/2160 2971/2764/2159
f 3064/2733/2128 3158/2734/2129 3159/2766/2161 3065/2765/2160
f 3158/2734/2129 3252/2735/2130 3253/2767/2162 3159/2766/2161
f 3252/2735/2130 3346/2736/2131 3347/2768/2163 3253/2767/2162
f 3346/2736/2131 3440/2737/2132 3441/2769/2164 3347/2768/2163
f 3440/2737/2132 3534/2738/2133 3535/2770/2165 3441/2769/2164
f 3534/2738/2133 3628/2739/2134 3629/2771/2166 3535/2770/2165
f 3628/2739/2134 3722/2740/2135 3723/2772/2167 3629/2771/2166
f 3722/2740/2135 3816/2741/2136 3817/2773/2168 3723/2772/2167
f 3816/2741/2136 3910/2742/2137 3911/2774/2169 3817/2773/2168
f 3910/2742/2137 4003/2743/2138 4004/2775/2170 3911/2774/2169
f 4003/2743/2138 4096/2744/2139 4097/2776/2171 4004/2775/2170
f 4096/2744/2139 4189/2745/2140 4190/2777/2172 4097/2776/2171
f 4189/2745/2140 4283/2746/2141 4284/2778/2173 4190/2777/2172
f 4283/2746/2141 4377/2747/2142 4378/2779/2174 4284/2778/2173
f 4377/2747/2142 4471/2748/2143 4472/2780/2175 4378/2779/2174
f 4471/2748/2143 4565/2749/2144 4566/2781/2176 4472/2780/2175
f 4565/2749/2144 4659/2750/2145 4660/2782/2177 4566/2781/2176
f 4659/2750/2145 1751/2720/2115 1752/2752/2147 4660/2782/2177
f 1752/2752/2147 1846/2751/2146 1847/2783/2178 1753/2784/2179
f 1846/2751/2146 1940/2753/2148 1941/2785/2180 1847/2783/2178
f 1940/2753/2148 2034/2754/2149 2035/2786/2181 1941/2785/2180
f 2034/2754/2149 2128/2755/2150 2129/2787/2182 2035/2786/2181
f 2128/2755/2150 2222/2756/2151 2223/2788/2183 2129/2787/2182
f 2222/2756/2151 2316/2757/2152 2317/2789/2184 2223/2788/2183
f 2316/2757/2152 2410/2758/2153 2411/2790/2185 2317/2789/2184
f 2410/2758/2153 2503/2759/2154 2504/2791/2186 2411/2790/2185
f 2503/2759/2154 2596/2760/2155 2597/2792/2187 2504/2791/2186
f 2596/2760/2155 2689/2761/2156 2690/2793/2188 2597/2792/2187
f 2689/2761/2156 2783/2762/2157 2784/2794/2189 2690/2793/2188
f 2783/2762/2157 2877/2763/2158 2878/2795/2190 2784/2794/2189
f 2877/2763/2158 2971/2764/2159 2972/2796/2191 2878/2795/2190
f 2971/2764/2159 3065/2765/2160 3066/2797/2192 2972/2796/2191
f 3065/2765/2160 3159/2766/2161 3160/2798/2193 3066/2797/2192
f 3159/2766/2161 3253/2767/2162 3254/2799/2194 3160/2798/2193
f 3253/2767/2162 3347/2768/2163 3348/2800/2195 3254/2799/2194
f 3347/2768/2163 3441/2769/2164 3442/2801/2196 3348/2800/2195
f 3441/2769/2164 3535/2770/2165 3536/2802/2197 3442/2801/2196
f 3535/2770/2165 3629/2771/2166 3630/2803/2198 3536/2802/2197
f 3629/2771/2166 3723/2772/2167 3724/2804/2199 3630/2803/2198
f 3723/2772/2167 3817/2773/2168 3818/2805/2200 3724/2804/2199
f 3817/2773/2168 3911/2774/2169 3912/2806/2201 3818/2805/2200
f 3911/2774/2169 4004/2775/2170 4005/2807/2202 3912/2806/2201
f 4004/2775/2170 4097/2776/2171 4098/2808/2203 4005/2807/2202
f 4097/2776/2171 4190/2777/2172 4191/2809/2204 4098/2808/2203
f 4190/2777/2172 4284/2778/2173 4285/2810/2205 4191/2809/2204
f 4284/2778/2173 4378/2779/2174 4379/2811/2206 4285/2810/2205
f 4378/2779/2174 4472/2780/2175 4473/2812/2207 4379/2811/2206
f 4472/2780/2175 4566/2781/2176 4567/2813/2208 4473/2812/2207
f 4566/2781/2176 4660/2782/2177 4661/2814/2209 4567/2813/2208
f 4660/2782/2177 1752/2752/2147 1753/2784/2179 4661/2814/2209
f 1753/2784/2179 1847/2783/2178 1848/2815/2210 1754/2816/2211
f 1847/2783/2178 1941/2785/2180 1942/2817/2212 1848/2815/2210
f 1941/2785/2180 2035/2786/2181 2036/2818/2213 1942/2817/2212
f 2035/2786/2181 2129/2787/2182 2130/2819/2214 2036/2818/2213
f 2129/2787/2182 2223/2788/2183 2224/2820/2215 2130/2819/2214
f 2223/2788/2183 2317/2789/2184 2318/2821/2216 2224/2820/2215
f 2317/2789/2184 2411/2790/2185 2412/2822/2217 2318/2821/2216
f 2411/2790/2185 2504/2791/2186 2505/2823/2218 2412/2822/2217
f 2504/2791/2186 2597/2792/2187 2598/2824/2219 2505/2823/2218
f 2597/2792/2187 2690/2793/2188 2691/2825/2220 2598/2824/2219
f 2690/2793/2188 2784/2794/2189 2785/2826/2221 2691/2825/2220
f 2784/2794/2189 2878/2795/2190 2879/2827/2222 2785/2826/2221
f 2878/2795/2190 2972/2796/2191 2973/2828/2223 2879/2827/2222
f 2972/2796/2191 3066/2797/2192 3067/2829/2224 2973/2828/2223
f 3066/2797/2192 3160/2798/2193 3161/2830/2225 3067/2829/2224
f 3160/2798/2193 3254/2799/2194 3255/2831/2226 3161/2830/2225
f 3254/2799/2194 3348/2800/2195 3349/2832/2227 3255/2831/2226
f 3348/2800/2195 3442/2801/2196 3443/2833/2228 3349/2832/2227
f 3442/2801/2196 3536/2802/2197 3537/2834/2229 3443/2833/2228
f 3536/2802/2197 3630/2803/2198 3631/2835/2230 3537/2834/2229
f 3630/2803/2198 3724/2804/2199 3725/2836/2231 3631/2835/2230
f 3724/2804/2199 3818/2805/2200 3819/2837/2232 3725/2836/2231
f 3818/2805/2200 3912/2806/2201 3913/2838/2233 3819/2837/2232
f 3912/2806/2201 4005/2807/2202 4006/2839/2234 3913/2838/2233
f 4005/2807/2202 4098/2808/2203 4099/2840/2235 4006/2839/2234
f 4098/2808/2203 4191/2809/2204 4192/2841/2236 4099/2840/2235
f 4191/2809/2204 4285/2810/2205 4286/2842/2237 4192/2841/2236
f 4285/2810/2205 4379/2811/2206 4380/2843/2238 4286/2842/2237
f 4379/2811/2206 4473/2812/2207 4474/2844/2239 4380/2843/2238
f 4473/2812/2207 4567/2813/2208 4568/2845/2240 4474/2844/2239
f 4567/2813/2208 4661/2814/2209 4662/2846/2241 4568/2845/2240
f 4661/2814/2209 1753/2784/2179 1754/2816/2211 4662/2846/2241
f 1754/2816/2211 1848/2815/2210 1849/2847/2242 1755/2848/2243
f 1848/2815/2210 1942/2817/2212 1943/2849/2244 1849/2847/2242
f 1942/2817/2212 2036/2818/2213 2037/2850/2245 1943/2849/2244
f 2036/2818/2213 2130/2819/2214 2131/2851/2246 2037/2850/2245
f 2130/2819/2214 2224/2820/2215 2225/2852/2247 2131/2851/2246
f 2224/2820/2215 2318/2821/2216 2319/2853/2248 2225/2852/2247
f 2318/2821/2216 2412/2822/2217 2413/2854/2249 2319/2853/2248
f 2412/2822/2217 2505/2823/2218 2506/2855/2250 2413/2854/2249
f 2505/2823/2218 2598/2824/2219 2599/2856/2251 2506/2855/2250
f 2598/2824/2219 2691/2825/2220 2692/2857/2252 2599/2856/2251
f 2691/2825/2220 2785/2826/2221 2786/2858/2253 2692/2857/2252
f 2785/2826/2221 2879/2827/2222 2880/2859/2254 2786/2858/2253
f 2879/2827/2222 2973/2828/2223 2974/2860/2255 2880/2859/2254
f 2973/2828/2223 3067/2829/2224 3068/2861/2256 2974/2860/2255
f 3067/2829/2224 3161/2830/2225 3162/2862/2257 3068/2861/2256
f 3161/2830/2225 3255/2831/2226 3256/2863/2258 3162/2862/2257
f 3255/2831/2226 3349/2832/2227 3350/2864/2259 3256/2863/2258
f 3349/2832/2227 3443/2833/2228 3444/2865/2260 3350/2864/2259
f 3443/2833/2228 3537/2834/2229 3538/2866/2261 3444/2865/2260
f 3537/2834/2229 3631/2835/2230 3632/2867/2262 3538/2866/2261
f 3631/2835/2230 3725/2836/2231 3726/2868/2263 3632/2867/2262
f 3725/2836/2231 3819/2837/2232 3820/2869/2264 3726/2868/2263
f 3819/2837/2232 3913/2838/2233 3914/2870/2265 3820/2869/2264
f 3913/2838/2233 4006/2839/2234 4007/2871/2266 3914/2870/2265
f 4006/2839/2234 4099/2840/2235 4100/2872/2267 4007/2871/2266
f 4099/2840/2235 4192/2841/2236 4193/2873/2268 4100/2872/2267
f 4192/2841/2236 4286/2842/2237 4287/2874/2269 4193/2873/2268
f 4286/2842/2237 4380/2843/2238 4381/2875/2270 4287/2874/2269
f 4380/2843/2238 4474/2844/2239 4475/2876/2271 4381/2875/2270
f 4474/2844/2239 4568/2845/2240 4569/2877/2272 4475/2876/2271
f 4568/2845/2240 4662/2846/2241 4663/2878/2273 4569/2877/2272
f 4662/2846/2241 1754/2816/2211 1755/2848/2243 4663/2878/2273
f 1755/2848/2243 1849/2847/2242 1850/2879/2274 1756/2880/2275
f 1849/2847/2242 1943/2849/2244 1944/2881/2276 1850/2879/2274
f 1943/2849/2244 2037/2850/2245 2038/2882/2277 1944/2881/2276
f 2037/2850/2245 2131/2851/2246 2132/2883/2278 2038/2882/2277
f 2131/2851/2246 2225/2852/2247 2226/2884/2279 2132/2883/2278
f 2225/2852/2247 2319/2853/2248 2320/2885/2280 2226/2884/2279
f 2319/2853/2248 2413/2854/2249 2414/2886/2281 2320/2885/2280
f 2413/2854/2249 2506/2855/2250 2507/2887/2282 2414/2886/2281
f 2506/2855/2250 2599/2856/2251 2600/2888/2283 2507/2887/2282
f 2599/2856/2251 2692/2857/2252 2693/2889/2284 2600/2888/2283
f 2692/2857/2252 2786/2858/2253 2787/2890/2285 2693/2889/2284
f 2786/2858/2253 2880/2859/2254 2881/2891/2286 2787/2890/2285
f 2880/2859/2254 2974/2860/2255 2975/2892/2287 2881/2891/2286
f 2974/2860/2255 3068/2861/2256 3069/2893/2288 2975/2892/2287
f 3068/2861/2256 3162/2862/2257 3163/2894/2289 3069/2893/2288
f 3162/2862/2257 3256/2863/2258 3257/2895/2290 3163/2894/2289
f 3256/2863/2258 3350/2864/2259 3351/2896/2291 3257/2895/2290
f 3350/2864/2259 3444/2865/2260 3445/2897/2292 3351/2896/2291
f 3444/2865/2260 3538/2866/2261 3539/2898/2293 3445/2897/2292
f 3538/2866/2261 3632/2867/2262 3633/2899/2294 3539/2898/2293
f 3632/2867/2262 3726/2868/2263 3727/2900/2295 3633/2899/2294
f 3726/2868/2263 3820/2869/2264 3821/2901/2296 3727/2900/2295
f 3820/2869/2264 3914/2870/2265 3915/2902/2297 3821/2901/2296
f 3914/2870/2265 4007/2871/2266 4008/2903/2298 3915/2902/2297
f 4007/2871/2266 4100/2872/2267 4101/2904/2299 4008/2903/2298
f 4100/2872/2267 4193/2873/2268 4194/2905/2300 4101/2904/2299
f 4193/2873/2268 4287/2874/2269 4288/2906/2301 4194/2905/2300
f 4287/2874/2269 4381/2875/2270 4382/2907/2302 4288/2906/2301
f 4381/2875/2270 4475/2876/2271 4476/2908/2303 4382/2907/2302
f 4475/2876/2271 4569/2877/2272 4570/2909/2304 4476/2908/2303
f 4569/2877/2272 4663/2878/2273 4664/2910/2305 4570/2909/2304
f 4663/2878/2273 1755/2848/2243 1756/2880/2275 4664/2910/2305
f 1756/2880/2275 1850/2879/2274 1851/2911/2306 1757/2912/2307
f 1850/2879/2274 1944/2881/2276 1945/2913/2308 1851/2911/2306
f 1944/2881/2276 2038/2882/2277 2039/2914/2309 1945/2913/2308
f 2038/2882/2277 2132/2883/2278 2133/2915/2310 2039/2914/2309
f 2132/2883/2278 2226/2884/2279 2227/2916/2311 2133/2915/2310
f 2226/2884/2279 2320/2885/2280 2321/2917/2312 2227/2916/2311
f 2320/2885/2280 2414/2886/2281 2415/2918/2313 2321/2917/2312
f 2414/2886/2281 2507/2887/2282 2508/2919/2314 2415/2918/2313
f 2507/2887/2282 2600/2888/2283 2601/2920/2315 2508/2919/2314
f 2600/2888/2283 2693/2889/2284 2694/2921/2316 2601/2920/2315
f 2693/2889/2284 2787/2890/2285 2788/2922/2317 2694/2921/2316
f 2787/2890/2285 2881/2891/2286 2882/2923/2318 2788/2922/2317
f 2881/2891/2286 2975/2892/2287 2976/2924/2319 2882/2923/2318
f 2975/2892/2287 3069/2893/2288 3070/2925/2320 2976/2924/2319
f 3069/2893/2288 3163/2894/2289 3164/2926/2321 3070/2925/2320
f 3163/2894/2289 3257/2895/2290 3258/2927/2322 3164/2926/2321
f 3257/2895/2290 3351/2896/2291 3352/2928/2323 3258/2927/2322
f 3351/2896/2291 3445/2897/2292 3446/2929/2324 3352/2928/2323
f 3445/2897/2292 3539/2898/2293 3540/2930/2325 3446/2929/2324
f 3539/2898/2293 3633/2899/2294 3634/2931/2326 3540/2930/2325
f 3633/2899/2294 3727/2900/2295 3728/2932/2327 3634/2931/2326
f 3727/2900/2295 3821/2901/2296 3822/2933/2328 3728/2932/2327
f 3821/2901/2296 3915/2902/2297 3916/2934/2329 3822/2933/2328
f 3915/2902/2297 4008/2903/2298 4009/2935/2330 3916/2934/2329
f 4008/2903/2298 4101/2904/2299 4102/2936/2331 4009/2935/2330
f 4101/2904/2299 4194/2905/2300 4195/2937/2332 4102/2936/2331
f 4194/2905/2300 4288/2906/2301 4289/2938/2333 4195/2937/2332
f 4288/2906/2301 4382/2907/2302 4383/2939/2334 4289/2938/2333
f 4382/2907/2302 4476/2908/2303 4477/2940/2335 4383/2939/2334
f 4476/2908/2303 4570/2909/2304 4571/2941/2336 4477/2940/2335
f 4570/2909/2304 4664/2910/2305 4665/2942/2337 4571/2941/2336
f 4664/2910/2305 1756/2880/2275 1757/2912/2307 4665/2942/2337
f 1757/2912/2307 1851/2911/2306 1852/2943/2338 1758/2944/2339
f 1851/2911/2306 1945/2913/2308 1946/2945/2340 1852/2943/2338
f 1945/2913/2308 2039/2914/2309 2040/2946/2341 1946/2945/2340
f 2039/2914/2309 2133/2915/2310 2134/2947/2342 2040/2946/2341
f 2133/2915/2310 2227/2916/2311 2228/2948/2343 2134/2947/2342
f 2227/2916/2311 2321/2917/2312 2322/2949/2344 2228/2948/2343
f 2321/2917/2312 2415/2918/2313 2416/2950/2345 2322/2949/2344
f 2415/2918/2313 2508/2919/2314 2509/2951/2346 2416/2950/2345
f 2508/2919/2314 2601/2920/2315 2602/2952/2347 2509/2951/2346
f 2601/2920/2315 2694/2921/2316 2695/2953/2348 2602/2952/2347
f 2694/2921/2316 2788/2922/2317 2789/2954/2349 2695/2953/2348
f 2788/2922/2317 2882/2923/2318 2883/2955/2350 2789/2954/2349
f 2882/2923/2318 2976/2924/2319 2977/2956/2351 2883/2955/2350
f 2976/2924/2319 3070/2925/2320 3071/2957/2352 2977/2956/2351
f 3070/2925/2320 3164/2926/2321 3165/2958/2353 3071/2957/2352
f 3164/2926/2321 3258/2927/2322 3259/2959/2354 3165/2958/2353
f 3258/2927/2322 3352/2928/2323 3353/2960/2355 3259/2959/2354
f 3352/2928/2323 3446/2929/2324 3447/2961/2356 3353/2960/2355
f 3446/2929/2324 3540/2930/2325 3541/2962/2357 3447/2961/2356
f 3540/2930/2325 3634/2931/2326 3635/2963/2358 3541/2962/2357
f 3634/2931/2326 3728/2932/2327 3729/2964/2359 3635/2963/2358
f 3728/2932/2327 3822/2933/2328 3823/2965/2360 3729/2964/2359
f 3822/2933/2328 3916/2934/2329 3917/2966/2361 3823/2965/2360
f 3916/2934/2329 4009/2935/2330 4010/2967/2362 3917/2966/2361
f 4009/2935/2330 4102/2936/2331 4103/2968/2363 4010/2967/2362
f 4102/2936/2331 4195/2937/2332 4196/2969/2364 4103/2968/2363
f 4195/2937/2332 4289/2938/2333 4290/2970/2365 4196/2969/2364
f 4289/2938/2333 4383/2939/2334 4384/2971/2366 4290/2970/2365
f 4383/2939/2334 4477/2940/2335 4478/2972/2367 4384/2971/2366
f 4477/2940/2335 4571/2941/2336 4572/2973/2368 4478/2972/2367
f 4571/2941/2336 4665/2942/2337 4666/2974/2369 4572/2973/2368
f 4665/2942/2337 1757/2912/2307 1758/2944/2339 4666/2974/2369
f 1758/2944/2339 1852/2943/2338 1853/2975/2370 1759/2976/2371
f 1852/2943/2338 1946/2945/2340 1947/2977/2372 1853/2975/2370
f 1946/2945/2340 2040/2946/2341 2041/2978/2373 1947/2977/2372
f 2040/2946/2341 2134/2947/2342 2135/2979/2374 2041/2978/2373
f 2134/2947/2342 2228/2948/2343 2229/2980/2375 2135/2979/2374
f 2228/2948/2343 2322/2949/2344 2323/2981/2376 2229/2980/2375
f 2322/2949/2344 2416/2950/2345 2417/2982/2377 2323/2981/2376
f 2416/2950/2345 2509/2951/2346 2510/2983/2378 2417/2982/2377
f 2509/2951/2346 2602/2952/2347 2603/2984/2379 2510/2983/2378
f 2602/2952/2347 2695/2953/2348 2696/2985/2380 2603/2984/2379
f 2695/2953/2348 2789/2954/2349 2790/2986/2381 2696/2985/2380
f 2789/2954/2349 2883/2955/2350 2884/2987/2382 2790/2986/2381
f 2883/2955/2350 2977/2956/2351 2978/2988/2383 2884/2987/2382
f 2977/2956/2351 3071/2957/2352 3072/2989/2384 2978/2988/2383
f 3071/2957/2352 3165/2958/2353 3166/2990/2385 3072/2989/2384
f 3165/2958/2353 3259/2959/2354 3260/2991/2386 3166/2990/2385
f 3259/2959/2354 3353/2960/2355 3354/2992/2387 3260/2991/2386
f 3353/2960/2355 3447/2961/2356 3448/2993/2388 3354/2992/2387
f 3447/2961/2356 3541/2962/2357 3542/2994/2389 3448/2993/2388
f 3541/2962/2357 3635/2963/2358 3636/2995/2390 3542/2994/2389
f 3635/2963/2358 3729/2964/2359 3730/2996/2391 3636/2995/2390
f 3729/2964/2359 3823/2965/2360 3824/2997/2392 3730/2996/2391
f 3823/2965/2360 3917/2966/2361 3918/2998/2393 3824/2997/2392
f 3917/2966/2361 4010/2967/2362 4011/2999/2394 3918/2998/2393
f 4010/2967/2362 4103/2968/2363 4104/3000/2395 4011/2999/2394
f 4103/2968/2363 4196/2969/2364 4197/3001/2396 4104/3000/2395
f 4196/2969/2364 4290/2970/2365 4291/3002/2397 4197/3001/2396
f 4290/2970/2365 4384/2971/2366 4385/3003/2398 4291/3002/2397
f 4384/2971/2366 4478/2972/2367 4479/3004/2399 4385/3003/2398
f 4478/2972/2367 4572/2973/2368 4573/3005/2400 4479/3004/2399
f 4572/2973/2368 4666/2974/2369 4667/3006/2401 4573/3005/2400
f 4666/2974/2369 1758/2944/2339 1759/2976/2371 4667/3006/2401
f 1759/3007/2371 1853/3008/2370 1854/3009/2402 1760/3010/2403
f 1853/3008/2370 1947/3011/2372 1948/3012/2404 1854/3009/2402
f 1947/3011/2372 2041/3013/2373 2042/3014/2405 1948/3012/2404
f 2041/2978/2373 2135/2979/2374 2136/3015/2406 2042/3016/2405
f 2135/2979/2374 2229/2980/2375 2230/3017/2407 2136/3015/2406
f 2229/3018/2375 2323/3019/2376 2324/3020/2408 2230/3021/2407
f 2323/3019/2376 2417/3022/2377 2418/3023/2409 2324/3020/2408
f 2417/3022/2377 2510/3024/2378 2511/3025/2410 2418/3023/2409
f 2510/3024/2378 2603/3026/2379 2604/3027/2411 2511/3025/2410
f 2603/3026/2379 2696/3028/2380 2697/3029/2412 2604/3027/2411
f 2696/3028/2380 2790/3030/2381 2791/3031/2413 2697/3029/2412
f 2790/2986/2381 2884/2987/2382 2885/3032/2414 2791/3033/2413
f 2884/2987/2382 2978/2988/2383 2979/3034/2415 2885/3032/2414
f 2978/3035/2383 3072/3036/2384 3073/3037/2416 2979/3038/2415
f 3072/3036/2384 3166/3008/2385 3167/3009/2417 3073/3037/2416
f 3166/3008/2385 3260/3039/2386 3261/3040/2418 3167/3009/2417
f 3260/3039/2386 3354/3041/2387 3355/3042/2419 3261/3040/2418
f 3354/3041/2387 3448/3043/2388 3449/3044/2420 3355/3042/2419
f 3448/3043/2388 3542/3045/2389 3543/3046/2421 3449/3044/2420
f 3542/2994/2389 3636/2995/2390 3637/3047/2422 3543/3048/2421
f 3636/2995/2390 3730/2996/2391 3731/3049/2423 3637/3047/2422
f 3730/3050/2391 3824/3051/2392 3825/3052/2424 3731/3053/2423
f 3824/3051/2392 3918/3054/2393 3919/3055/2425 3825/3052/2424
f 3918/3054/2393 4011/3056/2394 4012/3057/2426 3919/3055/2425
f 4011/3056/2394 4104/3058/2395 4105/3059/2427 4012/3057/2426
f 4104/3058/2395 4197/3060/2396 4198/3061/2428 4105/3059/2427
f 4197/3060/2396 4291/3062/2397 4292/3063/2429 4198/3061/2428
f 4291/3002/2397 4385/3003/2398 4386/3064/2430 4292/3065/2429
f 4385/3003/2398 4479/3004/2399 4480/3066/2431 4386/3064/2430
f 4479/3045/2399 4573/3043/2400 4574/3044/2432 4480/3046/2431
f 4573/3043/2400 4667/3067/2401 4668/3068/2433 4574/3044/2432
f 4667/3067/2401 1759/3007/2371 1760/3010/2403 4668/3068/2433
f 1760/3010/2403 1854/3009/2402 1855/3069/2434 1761/3070/2435
f 1854/3009/2402 1948/3012/2404 1949/3071/2436 1855/3069/2434
f 1948/3012/2404 2042/3014/2405 2043/3072/2437 1949/3071/2436
f 2042/3014/2405 2136/3073/2406 2137/3074/2438 2043/3072/2437
f 2136/3075/2406 2230/3021/2407 2231/3076/2439 2137/3077/2438
f 2230/3021/2407 2324/3020/2408 2325/3078/2440 2231/3076/2439
f 2324/3020/2408 2418/3023/2409 2419/3079/2441 2325/3078/2440
f 2418/3023/2409 2511/3025/2410 2512/3080/2442 2419/3079/2441
f 2511/3025/2410 2604/3027/2411 2605/3081/2443 2512/3080/2442
f 2604/3027/2411 2697/3029/2412 2698/3082/2444 2605/3081/2443
f 2697/3029/2412 2791/3031/2413 2792/3083/2445 2698/3082/2444
f 2791/3031/2413 2885/3084/2414 2886/3085/2446 2792/3083/2445
f 2885/3073/2414 2979/3038/2415 2980/3086/2447 2886/3074/2446
f 2979/3038/2415 3073/3037/2416 3074/3087/2448 2980/3086/2447
f 3073/3037/2416 3167/3009/2417 3168/3088/2449 3074/3087/2448
f 3167/3009/2417 3261/3040/2418 3262/3089/2450 3168/3088/2449
f 3261/3040/2418 3355/3042/2419 3356/3090/2451 3262/3089/2450
f 3355/3042/2419 3449/3044/2420 3450/3091/2452 3356/3090/2451
f 3449/3044/2420 3543/3046/2421 3544/3092/2453 3450/3091/2452
f 3543/3046/2421 3637/3093/2422 3638/3094/2454 3544/3092/2453
f 3637/3095/2422 3731/3053/2423 3732/3096/2455 3638/3097/2454
f 3731/3053/2423 3825/3052/2424 3826/3098/2456 3732/3096/2455
f 3825/3052/2424 3919/3055/2425 3920/3099/2457 3826/3098/2456
f 3919/3055/2425 4012/3057/2426 4013/3100/2458 3920/3099/2457
f 4012/3057/2426 4105/3059/2427 4106/3101/2459 4013/3100/2458
f 4105/3059/2427 4198/3061/2428 4199/3102/2460 4106/3101/2459
f 4198/3061/2428 4292/3063/2429 4293/3103/2461 4199/3102/2460
f 4292/3063/2429 4386/3104/2430 4387/3105/2462 4293/3103/2461
f 4386/3106/2430 4480/3046/2431 4481/3107/2463 4387/3108/2462
f 4480/3046/2431 4574/3044/2432 4575/3109/2464 4481/3107/2463
f 4574/3044/2432 4668/3068/2433 4669/3110/2465 4575/3109/2464
f 4668/3068/2433 1760/3010/2403 1761/3070/2435 4669/3110/2465
f 1761/3070/2435 1855/3069/2434 1856/3111/2466 1762/3112/2467
f 1855/3069/2434 1949/3071/2436 1950/3113/2468 1856/3111/2466
f 1949/3071/2436 2043/3072/2437 2044/3114/2469 1950/3113/2468
f 2043/3072/2437 2137/3074/2438 2138/3115/2470 2044/3114/2469
f 2137/3077/2438 2231/3076/2439 2232/3116/2471 2138/3117/2470
f 2231/3076/2439 2325/3078/2440 2326/3118/2472 2232/3116/2471
f 2325/3078/2440 2419/3079/2441 2420/3119/2473 2326/3118/2472
f 2419/3079/2441 2512/3080/2442 2513/3120/2474 2420/3119/2473
f 2512/3080/2442 2605/3081/2443 2606/3121/2475 2513/3120/2474
f 2605/3081/2443 2698/3082/2444 2699/3122/2476 2606/3121/2475
f 2698/3082/2444 2792/3083/2445 2793/3123/2477 2699/3122/2476
f 2792/3083/2445 2886/3085/2446 2887/3124/2478 2793/3123/2477
f 2886/3074/2446 2980/3086/2447 2981/3125/2479 2887/3115/2478
f 2980/3086/2447 3074/3087/2448 3075/3126/2480 2981/3125/2479
f 3074/3087/2448 3168/3088/2449 3169/3111/2481 3075/3126/2480
f 3168/3088/2449 3262/3089/2450 3263/3127/2482 3169/3111/2481
f 3262/3089/2450 3356/3090/2451 3357/3128/2483 3263/3127/2482
f 3356/3090/2451 3450/3091/2452 3451/3129/2484 3357/3128/2483
f 3450/3091/2452 3544/3092/2453 3545/3130/2485 3451/3129/2484
f 3544/3092/2453 3638/3094/2454 3639/3131/2486 3545/3130/2485
f 3638/3097/2454 3732/3096/2455 3733/3132/2487 3639/3133/2486
f 3732/3096/2455 3826/3098/2456 3827/3134/2488 3733/3132/2487
f 3826/3098/2456 3920/3099/2457 3921/3135/2489 3827/3134/2488
f 3920/3099/2457 4013/3100/2458 4014/3136/2490 3921/3135/2489
f 4013/3100/2458 4106/3101/2459 4107/3137/2491 4014/3136/2490
f 4106/3101/2459 4199/3102/2460 4200/3138/2492 4107/3137/2491
f 4199/3102/2460 4293/3103/2461 4294/3139/2493 4200/3138/2492
f 4293/3103/2461 4387/3105/2462 4388/3140/2494 4294/3139/2493
f 4387/3108/2462 4481/3107/2463 4482/3130/2495 4388/3141/2494
f 4481/3107/2463 4575/3109/2464 4576/3129/2496 4482/3130/2495
f 4575/3109/2464 4669/3110/2465 4670/3142/2497 4576/3129/2496
f 4669/3110/2465 1761/3070/2435 1762/3112/2467 4670/3142/2497
f 1762/3112/2467 1856/3111/2466 1857/3143/2498 1763/3144/2499
f 1856/3111/2466 1950/3113/2468 1951/3145/2500 1857/3143/2498
f 1950/3113/2468 2044/3114/2469 2045/3146/2501 1951/3145/2500
f 2044/3114/2469 2138/3115/2470 2139/3147/2502 2045/3146/2501
f 2138/3117/2470 2232/3116/2471 2233/3148/2503 2139/3149/2502
f 2232/3116/2471 2326/3118/2472 2327/3150/2504 2233/3148/2503
f 2326/3118/2472 2420/3119/2473 2421/3151/2505 2327/3150/2504
f 2420/3119/2473 2513/3120/2474 2514/3152/777 2421/3151/2505
f 2513/3120/2474 2606/3121/2475 2607/3153/2506 2514/3152/777
f 2606/3121/2475 2699/3122/2476 2700/3154/2507 2607/3153/2506
f 2699/3122/2476 2793/3123/2477 2794/3155/2508 2700/3154/2507
f 2793/3123/2477 2887/3124/2478 2888/3156/2509 2794/3155/2508
f 2887/3115/2478 2981/3125/2479 2982/3157/2510 2888/3147/2509
f 2981/3125/2479 3075/3126/2480 3076/3158/2511 2982/3157/2510
f 3075/3126/2480 3169/3111/2481 3170/3143/2512 3076/3158/2511
f 3169/3111/2481 3263/3127/2482 3264/3159/2513 3170/3143/2512
f 3263/3127/2482 3357/3128/2483 3358/3160/2514 3264/3159/2513
f 3357/3128/2483 3451/3129/2484 3452/3161/2484 3358/3160/2514
f 3451/3129/2484 3545/3130/2485 3546/3162/2485 3452/3161/2484
f 3545/3130/2485 3639/3131/2486 3640/3163/2486 3546/3162/2485
f 3639/3133/2486 3733/3132/2487 3734/3164/2515 3640/3165/2486
f 3733/3132/2487 3827/3134/2488 3828/3166/2516 3734/3164/2515
f 3827/3134/2488 3921/3135/2489 3922/3167/2517 3828/3166/2516
f 3921/3135/2489 4014/3136/2490 4015/3168/1297 3922/3167/2517
f 4014/3136/2490 4107/3137/2491 4108/3169/2518 4015/3168/1297
f 4107/3137/2491 4200/3138/2492 4201/3170/2519 4108/3169/2518
f 4200/3138/2492 4294/3139/2493 4295/3171/2520 4201/3170/2519
f 4294/3139/2493 4388/3140/2494 4389/3172/2521 4295/3171/2520
f 4388/3141/2494 4482/3130/2495 4483/3162/2522 4389/3173/2521
f 4482/3130/2495 4576/3129/2496 4577/3161/2523 4483/3162/2522
f 4576/3129/2496 4670/3142/2497 4671/3174/2524 4577/3161/2523
f 4670/3142/2497 1762/3112/2467 1763/3144/2499 4671/3174/2524
f 1763/3144/2499 1857/3143/2498 1858/3175/2498 1764/3176/2499
f 1857/3143/2498 1951/3145/2500 1952/3177/2500 1858/3175/2498
f 1951/3145/2500 2045/3146/2501 2046/3178/2501 1952/3177/2500
f 2045/3146/2501 2139/3147/2502 2140/3179/2502 2046/3178/2501
f 2139/3149/2502 2233/3148/2503 2234/3180/2503 2140/3181/2502
f 2233/3148/2503 2327/3150/2504 2328/3182/2504 2234/3180/2503
f 2327/3150/2504 2421/3151/2505 2422/3183/2505 2328/3182/2504
f 2421/3151/2505 2514/3152/777 2515/3184/777 2422/3183/2505
f 2514/3152/777 2607/3153/2506 2608/3185/2506 2515/3184/777
f 2607/3153/2506 2700/3154/2507 2701/3186/2507 2608/3185/2506
f 2700/3154/2507 2794/3155/2508 2795/3187/2508 2701/3186/2507
f 2794/3155/2508 2888/3156/2509 2889/3188/2509 2795/3187/2508
f 2888/3147/2509 2982/3157/2510 2983/3189/2510 2889/3179/2509
f 2982/3157/2510 3076/3158/2511 3077/3190/2511 2983/3189/2510
f 3076/3158/2511 3170/3143/2512 3171/3175/2512 3077/3190/2511
f 3170/3143/2512 3264/3159/2513 3265/3191/2513 3171/3175/2512
f 3264/3159/2513 3358/3160/2514 3359/3192/2514 3265/3191/2513
f 3358/3160/2514 3452/3161/2484 3453/3193/2484 3359/3192/2514
f 3452/3161/2484 3546/3162/2485 3547/3194/2485 3453/3193/2484
f 3546/3162/2485 3640/3163/2486 3641/3195/2486 3547/3194/2485
f 3640/3165/2486 3734/3164/2515 3735/3196/2515 3641/3197/2486
f 3734/3164/2515 3828/3166/2516 3829/3198/2516 3735/3196/2515
f 3828/3166/2516 3922/3167/2517 3923/3199/2517 3829/3198/2516
f 3922/3167/2517 4015/3168/1297 4016/3200/1297 3923/3199/2517
f 4015/3168/1297 4108/3169/2518 4109/3201/2518 4016/3200/1297
f 4108/3169/2518 4201/3170/2519 4202/3202/2519 4109/3201/2518
f 4201/3170/2519 4295/3171/2520 4296/3203/2520 4202/3202/2519
f 4295/3171/2520 4389/3172/2521 4390/3204/2521 4296/3203/2520
f 4389/3173/2521 4483/3162/2522 4484/3194/2522 4390/3205/2521
f 4483/3162/2522 4577/3161/2523 4578/3193/2523 4484/3194/2522
f 4577/3161/2523 4671/3174/2524 4672/3206/2524 4578/3193/2523
f 4671/3174/2524 1763/3144/2499 1764/3176/2499 4672/3206/2524
f 1764/3176/2499 1858/3175/2498 1859/3207/2498 1765/3208/2499
f 1858/3175/2498 1952/3177/2500 1953/3209/2500 1859/3207/2498
f 1952/3177/2500 2046/3178/2501 2047/3210/2501 1953/3209/2500
f 2046/3178/2501 2140/3179/2502 2141/3211/2502 2047/3210/2501
f 2140/3181/2502 2234/3180/2503 2235/3212/2503 2141/3213/2502
f 2234/3180/2503 2328/3182/2504 2329/3214/2504 2235/3212/2503
f 2328/3182/2504 2422/3183/2505 2423/3215/2505 2329/3214/2504
f 2422/3183/2505 2515/3184/777 2516/3216/777 2423/3215/2505
f 2515/3184/777 2608/3185/2506 2609/3217/2506 2516/3216/777
f 2608/3185/2506 2701/3186/2507 2702/3218/2507 2609/3217/2506
f 2701/3186/2507 2795/3187/2508 2796/3219/2508 2702/3218/2507
f 2795/3187/2508 2889/3188/2509 2890/3220/2509 2796/3219/2508
f 2889/3179/2509 2983/3189/2510 2984/3221/2510 2890/3211/2509
f 2983/3189/2510 3077/3190/2511 3078/3222/2511 2984/3221/2510
f 3077/3190/2511 3171/3175/2512 3172/3207/2512 3078/3222/2511
f 3171/3175/2512 3265/3191/2513 3266/3223/2513 3172/3207/2512
f 3265/3191/2513 3359/3192/2514 3360/3224/2514 3266/3223/2513
f 3359/3192/2514 3453/3193/2484 3454/3225/2484 3360/3224/2514
f 3453/3193/2484 3547/3194/2485 3548/3226/2485 3454/3225/2484
f 3547/3194/2485 3641/3195/2486 3642/3227/2486 3548/3226/2485
f 3641/3197/2486 3735/3196/2515 3736/3228/2515 3642/3229/2486
f 3735/3196/2515 3829/3198/2516 3830/3230/2516 3736/3228/2515
f 3829/3198/2516 3923/3199/2517 3924/3231/2517 3830/3230/2516
f 3923/3199/2517 4016/3200/1297 4017/3232/1297 3924/3231/2517
f 4016/3200/1297 4109/3201/2518 4110/3233/2518 4017/3232/1297
f 4109/3201/2518 4202/3202/2519 4203/3234/2519 4110/3233/2518
f 4202/3202/2519 4296/3203/2520 4297/3235/2520 4203/3234/2519
f 4296/3203/2520 4390/3204/2521 4391/3236/2521 4297/3235/2520
f 4390/3205/2521 4484/3194/2522 4485/3226/2522 4391/3237/2521
f 4484/3194/2522 4578/3193/2523 4579/3225/2523 4485/3226/2522
f 4578/3193/2523 4672/3206/2524 4673/3238/2524 4579/3225/2523
f 4672/3206/2524 1764/3176/2499 1765/3208/2499 4673/3238/2524
f 1765/3208/2499 1859/3207/2498 1860/3239/2498 1766/3240/2499
f 1859/3207/2498 1953/3209/2500 1954/3241/2500 1860/3239/2498
f 1953/3209/2500 2047/3210/2501 2048/3242/2501 1954/3241/2500
f 2047/3210/2501 2141/3211/2502 2142/3243/2502 2048/3242/2501
f 2141/3213/2502 2235/3212/2503 2236/3244/2503 2142/3245/2502
f 2235/3212/2503 2329/3214/2504 2330/3246/2504 2236/3244/2503
f 2329/3214/2504 2423/3215/2505 2424/3247/2505 2330/3246/2504
f 2423/3215/2505 2516/3216/777 2517/3248/777 2424/3247/2505
f 2516/3216/777 2609/3217/2506 2610/3249/2506 2517/3248/777
f 2609/3217/2506 2702/3218/2507 2703/3250/2507 2610/3249/2506
f 2702/3218/2507 2796/3219/2508 2797/3251/2508 2703/3250/2507
f 2796/3219/2508 2890/3220/2509 2891/3252/2509 2797/3251/2508
f 2890/3211/2509 2984/3221/2510 2985/3253/2510 2891/3243/2509
f 2984/3221/2510 3078/3222/2511 3079/3254/2511 2985/3253/2510
f 3078/3222/2511 3172/3207/2512 3173/3239/2512 3079/3254/2511
f 3172/3207/2512 3266/3223/2513 3267/3255/2513 3173/3239/2512
f 3266/3223/2513 3360/3224/2514 3361/3256/2514 3267/3255/2513
f 3360/3224/2514 3454/3225/2484 3455/3257/2484 3361/3256/2514
f 3454/3225/2484 3548/3226/2485 3549/3258/2485 3455/3257/2484
f 3548/3226/2485 3642/3227/2486 3643/3259/2486 3549/3258/2485
f 3642/3229/2486 3736/3228/2515 3737/3260/2515 3643/3261/2486
f 3736/3228/2515 3830/3230/2516 3831/3262/2516 3737/3260/2515
f 3830/3230/2516 3924/3231/2517 3925/3263/2517 3831/3262/2516
f 3924/3231/2517 4017/3232/1297 4018/3264/1297 3925/3263/2517
f 4017/3232/1297 4110/3233/2518 4111/3265/2518 4018/3264/1297
f 4110/3233/2518 4203/3234/2519 4204/3266/2519 4111/3265/2518
f 4203/3234/2519 4297/3235/2520 4298/3267/2520 4204/3266/2519
f 4297/3235/2520 4391/3236/2521 4392/3268/2521 4298/3267/2520
f 4391/3237/2521 4485/3226/2522 4486/3258/2522 4392/3269/2521
f 4485/3226/2522 4579/3225/2523 4580/3257/2523 4486/3258/2522
f 4579/3225/2523 4673/3238/2524 4674/3270/2524 4580/3257/2523
f 4673/3238/2524 1765/3208/2499 1766/3240/2499 4674/3270/2524
f 1766/3240/2499 1860/3239/2498 1861/3271/2498 1767/3272/2499
f 1860/3239/2498 1954/3241/2500 1955/3273/2500 1861/3271/2498
f 1954/3241/2500 2048/3242/2501 2049/3274/2501 1955/3273/2500
f 2048/3242/2501 2142/3243/2502 2143/3275/2502 2049/3274/2501
f 2142/3245/2502 2236/3244/2503 2237/3276/2503 2143/3277/2502
f 2236/3244/2503 2330/3246/2504 2331/3278/2504 2237/3276/2503
f 2330/3246/2504 2424/3247/2505 2425/3279/2505 2331/3278/2504
f 2424/3247/2505 2517/3248/777 2518/3280/777 2425/3279/2505
f 2517/3248/777 2610/3249/2506 2611/3281/2506 2518/3280/777
f 2610/3249/2506 2703/3250/2507 2704/3282/2507 2611/3281/2506
f 2703/3250/2507 2797/3251/2508 2798/3283/2508 2704/3282/2507
f 2797/3251/2508 2891/3252/2509 2892/3284/2509 2798/3283/2508
f 2891/3243/2509 2985/3253/2510 2986/3285/2510 2892/3275/2509
f 2985/3253/2510 3079/3254/2511 3080/3286/2511 2986/3285/2510
f 3079/3254/2511 3173/3239/2512 3174/3271/2512 3080/3286/2511
f 3173/3239/2512 3267/3255/2513 3268/3287/2513 3174/3271/2512
f 3267/3255/2513 3361/3256/2514 3362/3288/2514 3268/3287/2513
f 3361/3256/2514 3455/3257/2484 3456/3289/2484 3362/3288/2514
f 3455/3257/2484 3549/3258/2485 3550/3290/2485 3456/3289/2484
f 3549/3258/2485 3643/3259/2486 3644/3291/2486 3550/3290/2485
f 3643/3261/2486 3737/3260/2515 3738/3292/2515 3644/3293/2486
f 3737/3260/2515 3831/3262/2516 3832/3294/2516 3738/3292/2515
f 3831/3262/2516 3925/3263/2517 3926/3295/2517 3832/3294/2516
f 3925/3263/2517 4018/3264/1297 4019/3296/1297 3926/3295/2517
f 4018/3264/1297 4111/3265/2518 4112/3297/2518 4019/3296/1297
f 4111/3265/2518 4204/3266/2519 4205/3298/2519 4112/3297/2518
f 4204/3266/2519 4298/3267/2520 4299/3299/2520 4205/3298/2519
f 4298/3267/2520 4392/3268/2521 4393/3300/2521 4299/3299/2520
f 4392/3269/2521 4486/3258/2522 4487/3290/2522 4393/3301/2521
f 4486/3258/2522 4580/3257/2523 4581/3289/2523 4487/3290/2522
f 4580/3257/2523 4674/3270/2524 4675/3302/2524 4581/3289/2523
f 4674/3270/2524 1766/3240/2499 1767/3272/2499 4675/3302/2524
f 1767/3272/2499 1861/3271/2498 1862/3303/2498 1768/3304/2499
f 1861/3271/2498 1955/3273/2500 1956/3305/2500 1862/3303/2498
f 1955/3273/2500 2049/3274/2501 2050/3306/2501 1956/3305/2500
f 2049/3274/2501 2143/3275/2502 2144/3307/2502 2050/3306/2501
f 2143/3277/2502 2237/3276/2503 2238/3308/2503 2144/3309/2502
f 2237/3276/2503 2331/3278/2504 2332/3310/2504 2238/3308/2503
f 2331/3278/2504 2425/3279/2505 2426/3311/2505 2332/3310/2504
f 2425/3279/2505 2518/3280/777 2519/3312/777 2426/3311/2505
f 2518/3280/777 2611/3281/2506 2612/3313/2506 2519/3312/777
f 2611/3281/2506 2704/3282/2507 2705/3314/2507 2612/3313/2506
f 2704/3282/2507 2798/3283/2508 2799/3315/2508 2705/3314/2507
f 2798/3283/2508 2892/3284/2509 2893/3316/2509 2799/3315/2508
f 2892/3275/2509 2986/3285/2510 2987/3317/2510 2893/3307/2509
f 2986/3285/2510 3080/3286/2511 3081/3318/2511 2987/3317/2510
f 3080/3286/2511 3174/3271/2512 3175/3303/2512 3081/3318/2511
f 3174/3271/2512 3268/3287/2513 3269/3319/2513 3175/3303/2512
f 3268/3287/2513 3362/3288/2514 3363/3320/2514 3269/3319/2513
f 3362/3288/2514 3456/3289/2484 3457/3321/2484 3363/3320/2514
f 3456/3289/2484 3550/3290/2485 3551/3322/2485 3457/3321/2484
f 3550/3290/2485 3644/3291/2486 3645/3323/2486 3551/3322/2485
f 3644/3293/2486 3738/3292/2515 3739/3324/2515 3645/3325/2486
f 3738/3292/2515 3832/3294/2516 3833/3326/2516 3739/3324/2515
f 3832/3294/2516 3926/3295/2517 3927/3327/2517 3833/3326/2516
f 3926/3295/2517 4019/3296/1297 4020/3328/1297 3927/3327/2517
f 4019/3296/1297 4112/3297/2518 4113/3329/2518 4020/3328/1297
f 4112/3297/2518 4205/3298/2519 4206/3330/2519 4113/3329/2518
f 4205/3298/2519 4299/3299/2520 4300/3331/2520 4206/3330/2519
f 4299/3299/2520 4393/3300/2521 4394/3332/2521 4300/3331/2520
f 4393/3301/2521 4487/3290/2522 4488/3322/2522 4394/3333/2521
f 4487/3290/2522 4581/3289/2523 4582/3321/2523 4488/3322/2522
f 4581/3289/2523 4675/3302/2524 4676/3334/2524 4582/3321/2523
f 4675/3302/2524 1767/3272/2499 1768/3304/2499 4676/3334/2524
f 1768/3304/2499 1862/3303/2498 1863/3335/2498 1769/3336/2499
f 1862/3303/2498 1956/3305/2500 1957/3337/2500 1863/3335/2498
f 1956/3305/2500 2050/3306/2501 2051/3338/2501 1957/3337/2500
f 2050/3306/2501 2144/3307/2502 2145/3339/2502 2051/3338/2501
f 2144/3309/2502 2238/3308/2503 2239/3340/2503 2145/3341/2502
f 2238/3308/2503 2332/3310/2504 2333/3342/2504 2239/3340/2503
f 2332/3310/2504 2426/3311/2505 2427/3343/2505 2333/3342/2504
f 2426/3311/2505 2519/3312/777 2520/3344/777 2427/3343/2505
f 2519/3312/777 2612/3313/2506 2613/3345/2506 2520/3344/777
f 2612/3313/2506 2705/3314/2507 2706/3346/2507 2613/3345/2506
f 2705/3314/2507 2799/3315/2508 2800/3347/2508 2706/3346/2507
f 2799/3315/2508 2893/3316/2509 2894/3348/2509 2800/3347/2508
f 2893/3307/2509 2987/3317/2510 2988/3349/2510 2894/3339/2509
f 2987/3317/2510 3081/3318/2511 3082/3350/2511 2988/3349/2510
f 3081/3318/2511 3175/3303/2512 3176/3335/2512 3082/3350/2511
f 3175/3303/2512 3269/3319/2513 3270/3351/2513 3176/3335/2512
f 3269/3319/2513 3363/3320/2514 3364/3352/2514 3270/3351/2513
f 3363/3320/2514 3457/3321/2484 3458/3353/2484 3364/3352/2514
f 3457/3321/2484 3551/3322/2485 3552/3354/2485 3458/3353/2484
f 3551/3322/2485 3645/3323/2486 3646/3355/2486 3552/3354/2485
f 3645/3325/2486 3739/3324/2515 3740/3356/2515 3646/3357/2486
f 3739/3324/2515 3833/3326/2516 3834/3358/2516 3740/3356/2515
f 3833/3326/2516 3927/3327/2517 3928/3359/2517 3834/3358/2516
f 3927/3327/2517 4020/3328/1297 4021/3360/1297 3928/3359/2517
f 4020/3328/1297 4113/3329/2518 4114/3361/2518 4021/3360/1297
f 4113/3329/2518 4206/3330/2519 4207/3362/2519 4114/3361/2518
f 4206/3330/2519 4300/3331/2520 4301/3363/2520 4207/3362/2519
f 4300/3331/2520 4394/3332/2521 4395/3364/2521 4301/3363/2520
f 4394/3333/2521 4488/3322/2522 4489/3354/2522 4395/3365/2521
f 4488/3322/2522 4582/3321/2523 4583/3353/2523 4489/3354/2522
f 4582/3321/2523 4676/3334/2524 4677/3366/2524 4583/3353/2523
f 4676/3334/2524 1768/3304/2499 1769/3336/2499 4677/3366/2524
f 1769/3336/2499 1863/3335/2498 1864/3367/2498 1770/3368/2499
f 1863/3335/2498 1957/3337/2500 1958/3369/2500 1864/3367/2498
f 1957/3337/2500 2051/3338/2501 2052/3370/2501 1958/3369/2500
f 2051/3338/2501 2145/3339/2502 2146/3371/2502 2052/3370/2501
f 2145/3341/2502 2239/3340/2503 2240/3372/2503 2146/3373/2502
f 2239/3340/2503 2333/3342/2504 2334/3374/2504 2240/3372/2503
f 2333/3342/2504 2427/3343/2505 2428/3375/2505 2334/3374/2504
f 2427/3343/2505 2520/3344/777 2521/3376/777 2428/3375/2505
f 2520/3344/777 2613/3345/2506 2614/3377/2506 2521/3376/777
f 2613/3345/2506 2706/3346/2507 2707/3378/2507 2614/3377/2506
f 2706/3346/2507 2800/3347/2508 2801/3379/2508 2707/3378/2507
f 2800/3347/2508 2894/3348/2509 2895/3380/2509 2801/3379/2508
f 2894/3339/2509 2988/3349/2510 2989/3381/2510 2895/3371/2509
f 2988/3349/2510 3082/3350/2511 3083/3382/2511 2989/3381/2510
f 3082/3350/2511 3176/3335/2512 3177/3367/2512 3083/3382/2511
f 3176/3335/2512 3270/3351/2513 3271/3383/2513 3177/3367/2512
f 3270/3351/2513 3364/3352/2514 3365/3384/2514 3271/3383/2513
f 3364/3352/2514 3458/3353/2484 3459/3385/2484 3365/3384/2514
f 3458/3353/2484 3552/3354/2485 3553/3386/2485 3459/3385/2484
f 3552/3354/2485 3646/3355/2486 3647/3387/2486 3553/3386/2485
f 3646/3357/2486 3740/3356/2515 3741/3388/2515 3647/3389/2486
f 3740/3356/2515 3834/3358/2516 3835/3390/2516 3741/3388/2515
f 3834/3358/2516 3928/3359/2517 3929/3391/2517 3835/3390/2516
f 3928/3359/2517 4021/3360/1297 4022/3392/1297 3929/3391/2517
f 4021/3360/1297 4114/3361/2518 4115/3393/2518 4022/3392/1297
f 4114/3361/2518 4207/3362/2519 4208/3394/2519 4115/3393/2518
f 4207/3362/2519 4301/3363/2520 4302/3395/2520 4208/3394/2519
f 4301/3363/2520 4395/3364/2521 4396/3396/2521 4302/3395/2520
f 4395/3365/2521 4489/3354/2522 4490/3386/2522 4396/3397/2521
f 4489/3354/2522 4583/3353/2523 4584/3385/2523 4490/3386/2522
f 4583/3353/2523 4677/3366/2524 4678/3398/2524 4584/3385/2523
f 4677/3366/2524 1769/3336/2499 1770/3368/2499 4678/3398/2524
f 1770/3368/2499 1864/3367/2498 1865/3399/2498 1771/3400/2499
f 1864/3367/2498 1958/3369/2500 1959/3401/2500 1865/3399/2498
f 1958/3369/2500 2052/3370/2501 2053/3402/2501 1959/3401/2500
f 2052/3370/2501 2146/3371/2502 2147/3403/2502 2053/3402/2501
f 2146/3373/2502 2240/3372/2503 2241/3404/2503 2147/3405/2502
f 2240/3372/2503 2334/3374/2504 2335/3406/2504 2241/3404/2503
f 2334/3374/2504 2428/3375/2505 2429/3407/2505 2335/3406/2504
f 2428/3375/2505 2521/3376/777 2522/3408/777 2429/3407/2505
f 2521/3376/777 2614/3377/2506 2615/3409/2506 2522/3408/777
f 2614/3377/2506 2707/3378/2507 2708/3410/2507 2615/3409/2506
f 2707/3378/2507 2801/3379/2508 2802/3411/2508 2708/3410/2507
f 2801/3379/2508 2895/3380/2509 2896/3412/2509 2802/3411/2508
f 2895/3371/2509 2989/3381/2510 2990/3413/2510 2896/3403/2509
f 2989/3381/2510 3083/3382/2511 3084/3414/2511 2990/3413/2510
f 3083/3382/2511 3177/3367/2512 3178/3399/2512 3084/3414/2511
f 3177/3367/2512 3271/3383/2513 3272/3415/2513 3178/3399/2512
f 3271/3383/2513 3365/3384/2514 3366/3416/2514 3272/3415/2513
f 3365/3384/2514 3459/3385/2484 3460/3417/2484 3366/3416/2514
f 3459/3385/2484 3553/3386/2485 3554/3418/2485 3460/3417/2484
f 3553/3386/2485 3647/3387/2486 3648/3419/2486 3554/3418/2485
f 3647/3389/2486 3741/3388/2515 3742/3420/2515 3648/3421/2486
f 3741/3388/2515 3835/3390/2516 3836/3422/2516 3742/3420/2515
f 3835/3390/2516 3929/3391/2517 3930/3423/2517 3836/3422/2516
f 3929/3391/2517 4022/3392/1297 4023/3424/1297 3930/3423/2517
f 4022/3392/1297 4115/3393/2518 4116/3425/2518 4023/3424/1297
f 4115/3393/2518 4208/3394/2519 4209/3426/2519 4116/3425/2518
f 4208/3394/2519 4302/3395/2520 4303/3427/2520 4209/3426/2519
f 4302/3395/2520 4396/3396/2521 4397/3428/2521 4303/3427/2520
f 4396/3397/2521 4490/3386/2522 4491/3418/2522 4397/3429/2521
f 4490/3386/2522 4584/3385/2523 4585/3417/2523 4491/3418/2522
f 4584/3385/2523 4678/3398/2524 4679/3430/2524 4585/3417/2523
f 4678/3398/2524 1770/3368/2499 1771/3400/2499 4679/3430/2524
f 1771/3400/2499 1865/3399/2498 1866/3431/2498 1772/3432/2499
f 1865/3399/2498 1959/3401/2500 1960/3433/2500 1866/3431/2498
f 1959/3401/2500 2053/3402/2501 2054/3434/2501 1960/3433/2500
f 2053/3402/2501 2147/3403/2502 2148/3435/2502 2054/3434/2501
f 2147/3405/2502 2241/3404/2503 2242/3436/2503 2148/3437/2502
f 2241/3404/2503 2335/3406/2504 2336/3438/2504 2242/3436/2503
f 2335/3406/2504 2429/3407/2505 2430/3439/2505 2336/3438/2504
f 2429/3407/2505 2522/3408/777 2523/3440/777 2430/3439/2505
f 2522/3408/777 2615/3409/2506 2616/3441/2506 2523/3440/777
f 2615/3409/2506 2708/3410/2507 2709/3442/2507 2616/3441/2506
f 2708/3410/2507 2802/3411/2508 2803/3443/2508 2709/3442/2507
f 2802/3411/2508 2896/3412/2509 2897/3444/2509 2803/3443/2508
f 2896/3403/2509 2990/3413/2510 2991/3445/2510 2897/3435/2509
f 2990/3413/2510 3084/3414/2511 3085/3446/2511 2991/3445/2510
f 3084/3414/2511 3178/3399/2512 3179/3431/2512 3085/3446/2511
f 3178/3399/2512 3272/3415/2513 3273/3447/2513 3179/3431/2512
f 3272/3415/2513 3366/3416/2514 3367/3448/2514 3273/3447/2513
f 3366/3416/2514 3460/3417/2484 3461/3449/2484 3367/3448/2514
f 3460/3417/2484 3554/3418/2485 3555/3450/2485 3461/3449/2484
f 3554/3418/2485 3648/3419/2486 3649/3451/2486 3555/3450/2485
f 3648/3421/2486 3742/3420/2515 3743/3452/2515 3649/3453/2486
f 3742/3420/2515 3836/3422/2516 3837/3454/2516 3743/3452/2515
f 3836/3422/2516 3930/3423/2517 3931/3455/2517 3837/3454/2516
f 3930/3423/2517 4023/3424/1297 4024/3456/1297 3931/3455/2517
f 4023/3424/1297 4116/3425/2518 4117/3457/2518 4024/3456/1297
f 4116/3425/2518 4209/3426/2519 4210/3458/2519 4117/3457/2518
f 4209/3426/2519 4303/3427/2520 4304/3459/2520 4210/3458/2519
f 4303/3427/2520 4397/3428/2521 4398/3460/2521 4304/3459/2520
f 4397/3429/2521 4491/3418/2522 4492/3450/2522 4398/3461/2521
f 4491/3418/2522 4585/3417/2523 4586/3449/2523 4492/3450/2522
f 4585/3417/2523 4679/3430/2524 4680/3462/2524 4586/3449/2523
f 4679/3430/2524 1771/3400/2499 1772/3432/2499 4680/3462/2524
f 1772/3432/2499 1866/3431/2498 1867/3463/2525 1773/3464/2526
f 1866/3431/2498 1960/3433/2500 1961/3465/2527 1867/3463/2525
f 1960/3433/2500 2054/3434/2501 2055/3466/2528 1961/3465/2527
f 2054/3434/2501 2148/3435/2502 2149/3467/2529 2055/3466/2528
f 2148/3437/2502 2242/3436/2503 2243/3468/2530 2149/3469/2529
f 2242/3436/2503 2336/3438/2504 2337/3470/2531 2243/3468/2530
f 2336/3438/2504 2430/3439/2505 2431/3471/2532 2337/3470/2531
f 2430/3439/2505 2523/3440/777 2524/3472/2533 2431/3471/2532
f 2523/3440/777 2616/3441/2506 2617/3473/2534 2524/3472/2533
f 2616/3441/2506 2709/3442/2507 2710/3474/2535 2617/3473/2534
f 2709/3442/2507 2803/3443/2508 2804/3475/2536 2710/3474/2535
f 2803/3443/2508 2897/3444/2509 2898/3476/2537 2804/3475/2536
f 2897/3435/2509 2991/3445/2510 2992/3477/2538 2898/3467/2537
f 2991/3445/2510 3085/3446/2511 3086/3478/2539 2992/3477/2538
f 3085/3446/2511 3179/3431/2512 3180/3463/2540 3086/3478/2539
f 3179/3431/2512 3273/3447/2513 3274/3479/2541 3180/3463/2540
f 3273/3447/2513 3367/3448/2514 3368/3480/2542 3274/3479/2541
f 3367/3448/2514 3461/3449/2484 3462/3481/2543 3368/3480/2542
f 3461/3449/2484 3555/3450/2485 3556/3482/2544 3462/3481/2543
f 3555/3450/2485 3649/3451/2486 3650/3483/2545 3556/3482/2544
f 3649/3453/2486 3743/3452/2515 3744/3484/2546 3650/3485/2545
f 3743/3452/2515 3837/3454/2516 3838/3486/2547 3744/3484/2546
f 3837/3454/2516 3931/3455/2517 3932/3487/2548 3838/3486/2547
f 3931/3455/2517 4024/3456/1297 4025/3488/2549 3932/3487/2548
f 4024/3456/1297 4117/3457/2518 4118/3489/2550 4025/3488/2549
f 4117/3457/2518 4210/3458/2519 4211/3490/2551 4118/3489/2550
f 4210/3458/2519 4304/3459/2520 4305/3491/2552 4211/3490/2551
f 4304/3459/2520 4398/3460/2521 4399/3492/2553 4305/3491/2552
f 4398/3461/2521 4492/3450/2522 4493/3482/2554 4399/3493/2553
f 4492/3450/2522 4586/3449/2523 4587/3481/2555 4493/3482/2554
f 4586/3449/2523 4680/3462/2524 4681/3494/2556 4587/3481/2555
f 4680/3462/2524 1772/3432/2499 1773/3464/2526 4681/3494/2556
f 1773/3464/2526 1867/3463/2525 1868/3495/2557 1774/3496/2558
f 1867/3463/2525 1961/3465/2527 1962/3497/2559 1868/3495/2557
f 1961/3465/2527 2055/3466/2528 2056/3498/2560 1962/3497/2559
f 2055/3466/2528 2149/3467/2529 2150/3499/2561 2056/3498/2560
f 2149/3469/2529 2243/3468/2530 2244/3500/2562 2150/3501/2561
f 2243/3468/2530 2337/3470/2531 2338/3502/2563 2244/3500/2562
f 2337/3470/2531 2431/3471/2532 2432/3503/2564 2338/3502/2563
f 2431/3471/2532 2524/3472/2533 2525/3504/2565 2432/3503/2564
f 2524/3472/2533 2617/3473/2534 2618/3505/2566 2525/3504/2565
f 2617/3473/2534 2710/3474/2535 2711/3506/2567 2618/3505/2566
f 2710/3474/2535 2804/3475/2536 2805/3507/2568 2711/3506/2567
f 2804/3475/2536 2898/3476/2537 2899/3508/2569 2805/3507/2568
f 2898/3467/2537 2992/3477/2538 2993/3509/2570 2899/3499/2569
f 2992/3477/2538 3086/3478/2539 3087/3510/2571 2993/3509/2570
f 3086/3478/2539 3180/3463/2540 3181/3495/2572 3087/3510/2571
f 3180/3463/2540 3274/3479/2541 3275/3511/2573 3181/3495/2572
f 3274/3479/2541 3368/3480/2542 3369/3512/2574 3275/3511/2573
f 3368/3480/2542 3462/3481/2543 3463/3513/2575 3369/3512/2574
f 3462/3481/2543 3556/3482/2544 3557/3514/2576 3463/3513/2575
f 3556/3482/2544 3650/3483/2545 3651/3515/2577 3557/3514/2576
f 3650/3485/2545 3744/3484/2546 3745/3516/2578 3651/3517/2577
f 3744/3484/2546 3838/3486/2547 3839/3518/2579 3745/3516/2578
f 3838/3486/2547 3932/3487/2548 3933/3519/2580 3839/3518/2579
f 3932/3487/2548 4025/3488/2549 4026/3520/2581 3933/3519/2580
f 4025/3488/2549 4118/3489/2550 4119/3521/2582 4026/3520/2581
f 4118/3489/2550 4211/3490/2551 4212/3522/2583 4119/3521/2582
f 4211/3490/2551 4305/3491/2552 4306/3523/2584 4212/3522/2583
f 4305/3491/2552 4399/3492/2553 4400/3524/2585 4306/3523/2584
f 4399/3493/2553 4493/3482/2554 4494/3514/2586 4400/3525/2585
f 4493/3482/2554 4587/3481/2555 4588/3513/2587 4494/3514/2586
f 4587/3481/2555 4681/3494/2556 4682/3526/2588 4588/3513/2587
f 4681/3494/2556 1773/3464/2526 1774/3496/2558 4682/3526/2588
f 1774/3496/2558 1868/3495/2557 1869/3527/2589 1775/3528/2590
f 1868/3495/2557 1962/3497/2559 1963/3529/2591 1869/3527/2589
f 1962/3497/2559 2056/3498/2560 2057/3530/2592 1963/3529/2591
f 2056/3531/2560 2150/3532/2561 2151/3533/2593 2057/3534/2592
f 2150/3532/2561 2244/3535/2562 2245/3536/2594 2151/3533/2593
f 2244/3500/2562 2338/3502/2563 2339/3537/2595 2245/3538/2594
f 2338/3502/2563 2432/3503/2564 2433/3539/2596 2339/3537/2595
f 2432/3503/2564 2525/3504/2565 2526/3540/2597 2433/3539/2596
f 2525/3504/2565 2618/3505/2566 2619/3541/2598 2526/3540/2597
f 2618/3505/2566 2711/3506/2567 2712/3542/2599 2619/3541/2598
f 2711/3506/2567 2805/3507/2568 2806/3543/2600 2712/3542/2599
f 2805/3544/2568 2899/3545/2569 2900/3546/2601 2806/3547/2600
f 2899/3545/2569 2993/3548/2570 2994/3549/2602 2900/3546/2601
f 2993/3509/2570 3087/3510/2571 3088/3550/2603 2994/3530/2602
f 3087/3510/2571 3181/3495/2572 3182/3551/2604 3088/3550/2603
f 3181/3495/2572 3275/3511/2573 3276/3552/2605 3182/3551/2604
f 3275/3511/2573 3369/3512/2574 3370/3553/2606 3276/3552/2605
f 3369/3512/2574 3463/3513/2575 3464/3554/2607 3370/3553/2606
f 3463/3513/2575 3557/3514/2576 3558/3555/2608 3464/3554/2607
f 3557/3556/2576 3651/3557/2577 3652/3558/2609 3558/3559/2608
f 3651/3557/2577 3745/3560/2578 3746/3561/2610 3652/3558/2609
f 3745/3516/2578 3839/3518/2579 3840/3562/2611 3746/3563/2610
f 3839/3518/2579 3933/3519/2580 3934/3564/2612 3840/3562/2611
f 3933/3519/2580 4026/3520/2581 4027/3565/2613 3934/3564/2612
f 4026/3520/2581 4119/3521/2582 4120/3566/2614 4027/3565/2613
f 4119/3521/2582 4212/3522/2583 4213/3567/2615 4120/3566/2614
f 4212/3522/2583 4306/3523/2584 4307/3568/2616 4213/3567/2615
f 4306/3569/2584 4400/3570/2585 4401/3571/2617 4307/3572/2616
f 4400/3570/2585 4494/3573/2586 4495/3574/2618 4401/3571/2617
f 4494/3514/2586 4588/3513/2587 4589/3554/2619 4495/3555/2618
f 4588/3513/2587 4682/3526/2588 4683/3575/2620 4589/3554/2619
f 4682/3526/2588 1774/3496/2558 1775/3528/2590 4683/3575/2620
f 1775/3576/2590 1869/3577/2589 1870/3578/2621 1776/3579/2622
f 1869/3577/2589 1963/3580/2591 1964/3581/2623 1870/3578/2621
f 1963/3580/2591 2057/3534/2592 2058/3582/2624 1964/3581/2623
f 2057/3534/2592 2151/3533/2593 2152/3583/2625 2058/3582/2624
f 2151/3533/2593 2245/3536/2594 2246/3584/2626 2152/3583/2625
f 2245/3536/2594 2339/3585/2595 2340/3586/2627 2246/3584/2626
f 2339/3585/2595 2433/3587/2596 2434/3588/2628 2340/3586/2627
f 2433/3587/2596 2526/3589/2597 2527/3590/2629 2434/3588/2628
f 2526/3589/2597 2619/3591/2598 2620/3592/2630 2527/3590/2629
f 2619/3591/2598 2712/3593/2599 2713/3594/2631 2620/3592/2630
f 2712/3593/2599 2806/3547/2600 2807/3595/2632 2713/3594/2631
f 2806/3547/2600 2900/3546/2601 2901/3596/2633 2807/3595/2632
f 2900/3546/2601 2994/3549/2602 2995/3597/2634 2901/3596/2633
f 2994/3549/2602 3088/3598/2603 3089/3599/2635 2995/3597/2634
f 3088/3598/2603 3182/3600/2604 3183/3601/2636 3089/3599/2635
f 3182/3600/2604 3276/3602/2605 3277/3603/2637 3183/3601/2636
f 3276/3602/2605 3370/3604/2606 3371/3605/2638 3277/3603/2637
f 3370/3604/2606 3464/3606/2607 3465/3607/2639 3371/3605/2638
f 3464/3606/2607 3558/3559/2608 3559/3608/2640 3465/3607/2639
f 3558/3559/2608 3652/3558/2609 3653/3609/2641 3559/3608/2640
f 3652/3558/2609 3746/3561/2610 3747/3610/2642 3653/3609/2641
f 3746/3561/2610 3840/3611/2611 3841/3612/2643 3747/3610/2642
f 3840/3611/2611 3934/3613/2612 3935/3614/2644 3841/3612/2643
f 3934/3613/2612 4027/3615/2613 4028/3616/2645 3935/3614/2644
f 4027/3615/2613 4120/3617/2614 4121/3618/2646 4028/3616/2645
f 4120/3617/2614 4213/3619/2615 4214/3620/2647 4121/3618/2646
f 4213/3619/2615 4307/3572/2616 4308/3621/2648 4214/3620/2647
f 4307/3572/2616 4401/3571/2617 4402/3622/2649 4308/3621/2648
f 4401/3571/2617 4495/3574/2618 4496/3623/2650 4402/3622/2649
f 4495/3574/2618 4589/3624/2619 4590/3625/2651 4496/3623/2650
f 4589/3624/2619 4683/3626/2620 4684/3627/2652 4590/3625/2651
f 4683/3626/2620 1775/3576/2590 1776/3579/2622 4684/3627/2652
f 1776/3579/2622 1870/3578/2621 1871/3628/2653 1777/3629/2654
f 1870/3578/2621 1964/3581/2623 1965/3630/2655 1871/3628/2653
f 1964/3581/2623 2058/3582/2624 2059/3631/2656 1965/3630/2655
f 2058/3582/2624 2152/3583/2625 2153/3632/2657 2059/3631/2656
f 2152/3583/2625 2246/3584/2626 2247/3633/2658 2153/3632/2657
f 2246/3584/2626 2340/3586/2627 2341/3634/2659 2247/3633/2658
f 2340/3586/2627 2434/3588/2628 2435/3635/2660 2341/3634/2659
f 2434/3588/2628 2527/3590/2629 2528/3636/2661 2435/3635/2660
f 2527/3590/2629 2620/3592/2630 2621/3637/2662 2528/3636/2661
f 2620/3592/2630 2713/3594/2631 2714/3638/2663 2621/3637/2662
f 2713/3594/2631 2807/3595/2632 2808/3639/2664 2714/3638/2663
f 2807/3595/2632 2901/3596/2633 2902/3640/2665 2808/3639/2664
f 2901/3596/2633 2995/3597/2634 2996/3641/2666 2902/3640/2665
f 2995/3597/2634 3089/3599/2635 3090/3642/2667 2996/3641/2666
f 3089/3599/2635 3183/3601/2636 3184/3643/2668 3090/3642/2667
f 3183/3601/2636 3277/3603/2637 3278/3644/2669 3184/3643/2668
f 3277/3603/2637 3371/3605/2638 3372/3645/2670 3278/3644/2669
f 3371/3605/2638 3465/3607/2639 3466/3646/2671 3372/3645/2670
f 3465/3607/2639 3559/3608/2640 3560/3647/2672 3466/3646/2671
f 3559/3608/2640 3653/3609/2641 3654/3648/2673 3560/3647/2672
f 3653/3609/2641 3747/3610/2642 3748/3649/2674 3654/3648/2673
f 3747/3610/2642 3841/3612/2643 3842/3650/2675 3748/3649/2674
f 3841/3612/2643 3935/3614/2644 3936/3651/2676 3842/3650/2675
f 3935/3614/2644 4028/3616/2645 4029/3652/2677 3936/3651/2676
f 4028/3616/2645 4121/3618/2646 4122/3653/2678 4029/3652/2677
f 4121/3618/2646 4214/3620/2647 4215/3654/2679 4122/3653/2678
f 4214/3620/2647 4308/3621/2648 4309/3655/2680 4215/3654/2679
f 4308/3621/2648 4402/3622/2649 4403/3656/2681 4309/3655/2680
f 4402/3622/2649 4496/3623/2650 4497/3657/2682 4403/3656/2681
f 4496/3623/2650 4590/3625/2651 4591/3658/2683 4497/3657/2682
f 4590/3625/2651 4684/3627/2652 4685/3659/2684 4591/3658/2683
f 4684/3627/2652 1776/3579/2622 1777/3629/2654 4685/3659/2684
f 1777/3629/2654 1871/3628/2653 1872/3660/2685 1778/3661/2686
f 1871/3628/2653 1965/3630/2655 1966/3662/2687 1872/3660/2685
f 1965/3630/2655 2059/3631/2656 2060/3663/2688 1966/3662/2687
f 2059/3631/2656 2153/3632/2657 2154/3664/2689 2060/3663/2688
f 2153/3632/2657 2247/3633/2658 2248/3665/2690 2154/3664/2689
f 2247/3633/2658 2341/3634/2659 2342/3666/2691 2248/3665/2690
f 2341/3634/2659 2435/3635/2660 2436/3667/2692 2342/3666/2691
f 2435/3635/2660 2528/3636/2661 2529/3668/2693 2436/3667/2692
f 2528/3636/2661 2621/3637/2662 2622/3669/2694 2529/3668/2693
f 2621/3637/2662 2714/3638/2663 2715/3670/2695 2622/3669/2694
f 2714/3638/2663 2808/3639/2664 2809/3671/2696 2715/3670/2695
f 2808/3639/2664 2902/3640/2665 2903/3672/2697 2809/3671/2696
f 2902/3640/2665 2996/3641/2666 2997/3673/2698 2903/3672/2697
f 2996/3641/2666 3090/3642/2667 3091/3674/2699 2997/3673/2698
f 3090/3642/2667 3184/3643/2668 3185/3675/2700 3091/3674/2699
f 3184/3643/2668 3278/3644/2669 3279/3676/2701 3185/3675/2700
f 3278/3644/2669 3372/3645/2670 3373/3677/2702 3279/3676/2701
f 3372/3645/2670 3466/3646/2671 3467/3678/2703 3373/3677/2702
f 3466/3646/2671 3560/3647/2672 3561/3679/2704 3467/3678/2703
f 3560/3647/2672 3654/3648/2673 3655/3680/2705 3561/3679/2704
f 3654/3648/2673 3748/3649/2674 3749/3681/2706 3655/3680/2705
f 3748/3649/2674 3842/3650/2675 3843/3682/2707 3749/3681/2706
f 3842/3650/2675 3936/3651/2676 3937/3683/2708 3843/3682/2707
f 3936/3651/2676 4029/3652/2677 4030/3684/2709 3937/3683/2708
f 4029/3652/2677 4122/3653/2678 4123/3685/2710 4030/3684/2709
f 4122/3653/2678 4215/3654/2679 4216/3686/2711 4123/3685/2710
f 4215/3654/2679 4309/3655/2680 4310/3687/2712 4216/3686/2711
f 4309/3655/2680 4403/3656/2681 4404/3688/2713 4310/3687/2712
f 4403/3656/2681 4497/3657/2682 4498/3689/2714 4404/3688/2713
f 4497/3657/2682 4591/3658/2683 4592/3690/2715 4498/3689/2714
f 4591/3658/2683 4685/3659/2684 4686/3691/2716 4592/3690/2715
f 4685/3659/2684 1777/3629/2654 1778/3661/2686 4686/3691/2716
f 1778/3661/2686 1872/3660/2685 1873/3692/2717 1779/3693/2718
f 1872/3660/2685 1966/3662/2687 1967/3694/2719 1873/3692/2717
f 1966/3662/2687 2060/3663/2688 2061/3695/2720 1967/3694/2719
f 2060/3663/2688 2154/3664/2689 2155/3696/2721 2061/3695/2720
f 2154/3664/2689 2248/3665/2690 2249/3697/2722 2155/3696/2721
f 2248/3665/2690 2342/3666/2691 2343/3698/2723 2249/3697/2722
f 2342/3666/2691 2436/3667/2692 2437/3699/2724 2343/3698/2723
f 2436/3667/2692 2529/3668/2693 2530/3700/2725 2437/3699/2724
f 2529/3668/2693 2622/3669/2694 2623/3701/2726 2530/3700/2725
f 2622/3669/2694 2715/3670/2695 2716/3702/2727 2623/3701/2726
f 2715/3670/2695 2809/3671/2696 2810/3703/2728 2716/3702/2727
f 2809/3671/2696 2903/3672/2697 2904/3704/2729 2810/3703/2728
f 2903/3672/2697 2997/3673/2698 2998/3705/2730 2904/3704/2729
f 2997/3673/2698 3091/3674/2699 3092/3706/2731 2998/3705/2730
f 3091/3674/2699 3185/3675/2700 3186/3707/2732 3092/3706/2731
f 3185/3675/2700 3279/3676/2701 3280/3708/2733 3186/3707/2732
f 3279/3676/2701 3373/3677/2702 3374/3709/2734 3280/3708/2733
f 3373/3677/2702 3467/3678/2703 3468/3710/2735 3374/3709/2734
f 3467/3678/2703 3561/3679/2704 3562/3711/2736 3468/3710/2735
f 3561/3679/2704 3655/3680/2705 3656/3712/2737 3562/3711/2736
f 3655/3680/2705 3749/3681/2706 3750/3713/2738 3656/3712/2737
f 3749/3681/2706 3843/3682/2707 3844/3714/2739 3750/3713/2738
f 3843/3682/2707 3937/3683/2708 3938/3715/2740 3844/3714/2739
f 3937/3683/2708 4030/3684/2709 4031/3716/2741 3938/3715/2740
f 4030/3684/2709 4123/3685/2710 4124/3717/2742 4031/3716/2741
f 4123/3685/2710 4216/3686/2711 4217/3718/2743 4124/3717/2742
f 4216/3686/2711 4310/3687/2712 4311/3719/2744 4217/3718/2743
f 4310/3687/2712 4404/3688/2713 4405/3720/2745 4311/3719/2744
f 4404/3688/2713 4498/3689/2714 4499/3721/2746 4405/3720/2745
f 4498/3689/2714 4592/3690/2715 4593/3722/2747 4499/3721/2746
f 4592/3690/2715 4686/3691/2716 4687/3723/2748 4593/3722/2747
f 4686/3691/2716 1778/3661/2686 1779/3693/2718 4687/3723/2748
f 1779/3693/2718 1873/3692/2717 1874/3724/2749 1780/3725/2750
f 1873/3692/2717 1967/3694/2719 1968/3726/2751 1874/3724/2749
f 1967/3694/2719 2061/3695/2720 2062/3727/2752 1968/3726/2751
f 2061/3695/2720 2155/3696/2721 2156/3728/2753 2062/3727/2752
f 2155/3696/2721 2249/3697/2722 2250/3729/2754 2156/3728/2753
f 2249/3697/2722 2343/3698/2723 2344/3730/2755 2250/3729/2754
f 2343/3698/2723 2437/3699/2724 2438/3731/2756 2344/3730/2755
f 2437/3699/2724 2530/3700/2725 2531/3732/2757 2438/3731/2756
f 2530/3700/2725 2623/3701/2726 2624/3733/2758 2531/3732/2757
f 2623/3701/2726 2716/3702/2727 2717/3734/2759 2624/3733/2758
f 2716/3702/2727 2810/3703/2728 2811/3735/2760 2717/3734/2759
f 2810/3703/2728 2904/3704/2729 2905/3736/2761 2811/3735/2760
f 2904/3704/2729 2998/3705/2730 2999/3737/2762 2905/3736/2761
f 2998/3705/2730 3092/3706/2731 3093/3738/2763 2999/3737/2762
f 3092/3706/2731 3186/3707/2732 3187/3739/2764 3093/3738/2763
f 3186/3707/2732 3280/3708/2733 3281/3740/2765 3187/3739/2764
f 3280/3708/2733 3374/3709/2734 3375/3741/2766 3281/3740/2765
f 3374/3709/2734 3468/3710/2735 3469/3742/2767 3375/3741/2766
f 3468/3710/2735 3562/3711/2736 3563/3743/2768 3469/3742/2767
f 3562/3711/2736 3656/3712/2737 3657/3744/2769 3563/3743/2768
f 3656/3712/2737 3750/3713/2738 3751/3745/2770 3657/3744/2769
f 3750/3713/2738 3844/3714/2739 3845/3746/2771 3751/3745/2770
f 3844/3714/2739 3938/3715/2740 3939/3747/2772 3845/3746/2771
f 3938/3715/2740 4031/3716/2741 4032/3748/2773 3939/3747/2772
f 4031/3716/2741 4124/3717/2742 4125/3749/2774 4032/3748/2773
f 4124/3717/2742 4217/3718/2743 4218/3750/2775 4125/3749/2774
f 4217/3718/2743 4311/3719/2744 4312/3751/2776 4218/3750/2775
f 4311/3719/2744 4405/3720/2745 4406/3752/2777 4312/3751/2776
f 4405/3720/2745 4499/3721/2746 4500/3753/2778 4406/3752/2777
f 4499/3721/2746 4593/3722/2747 4594/3754/2779 4500/3753/2778
f 4593/3722/2747 4687/3723/2748 4688/3755/2780 4594/3754/2779
f 4687/3723/2748 1779/3693/2718 1780/3725/2750 4688/3755/2780
f 1780/3725/2750 1874/3724/2749 1875/3756/2781 1781/3757/2782
f 1874/3724/2749 1968/3726/2751 1969/3758/2783 1875/3756/2781
f 1968/3726/2751 2062/3727/2752 2063/3759/2784 1969/3758/2783
f 2062/3727/2752 2156/3728/2753 2157/3760/2785 2063/3759/2784
f 2156/3728/2753 2250/3729/2754 2251/3761/2786 2157/3760/2785
f 2250/3729/2754 2344/3730/2755 2345/3762/2787 2251/3761/2786
f 2344/3730/2755 2438/3731/2756 2439/3763/2788 2345/3762/2787
f 2438/3731/2756 2531/3732/2757 2532/3764/2789 2439/3763/2788
f 2531/3732/2757 2624/3733/2758 2625/3765/2790 2532/3764/2789
f 2624/3733/2758 2717/3734/2759 2718/3766/2791 2625/3765/2790
f 2717/3734/2759 2811/3735/2760 2812/3767/2792 2718/3766/2791
f 2811/3735/2760 2905/3736/2761 2906/3768/2793 2812/3767/2792
f 2905/3736/2761 2999/3737/2762 3000/3769/2794 2906/3768/2793
f 2999/3737/2762 3093/3738/2763 3094/3770/2795 3000/3769/2794
f 3093/3738/2763 3187/3739/2764 3188/3771/2796 3094/3770/2795
f 3187/3739/2764 3281/3740/2765 3282/3772/2797 3188/3771/2796
f 3281/3740/2765 3375/3741/2766 3376/3773/2798 3282/3772/2797
f 3375/3741/2766 3469/3742/2767 3470/3774/2799 3376/3773/2798
f 3469/3742/2767 3563/3743/2768 3564/3775/2800 3470/3774/2799
f 3563/3743/2768 3657/3744/2769 3658/3776/2801 3564/3775/2800
f 3657/3744/2769 3751/3745/2770 3752/3777/2802 3658/3776/2801
f 3751/3745/2770 3845/3746/2771 3846/3778/2803 3752/3777/2802
f 3845/3746/2771 3939/3747/2772 3940/3779/2804 3846/3778/2803
f 3939/3747/2772 4032/3748/2773 4033/3780/2805 3940/3779/2804
f 4032/3748/2773 4125/3749/2774 4126/3781/2806 4033/3780/2805
f 4125/3749/2774 4218/3750/2775 4219/3782/2807 4126/3781/2806
f 4218/3750/2775 4312/3751/2776 4313/3783/2808 4219/3782/2807
f 4312/3751/2776 4406/3752/2777 4407/3784/2809 4313/3783/2808
f 4406/3752/2777 4500/3753/2778 4501/3785/2810 4407/3784/2809
f 4500/3753/2778 4594/3754/2779 4595/3786/2811 4501/3785/2810
f 4594/3754/2779 4688/3755/2780 4689/3787/2812 4595/3786/2811
f 4688/3755/2780 1780/3725/2750 1781/3757/2782 4689/3787/2812
f 1781/3757/2782 1875/3756/2781 1876/3788/2813 1782/3789/2814
f 1875/3756/2781 1969/3758/2783 1970/3790/2815 1876/3788/2813
f 1969/3758/2783 2063/3759/2784 2064/3791/2816 1970/3790/2815
f 2063/3759/2784 2157/3760/2785 2158/3792/2817 2064/3791/2816
f 2157/3760/2785 2251/3761/2786 2252/3793/2818 2158/3792/2817
f 2251/3761/2786 2345/3762/2787 2346/3794/2819 2252/3793/2818
f 2345/3762/2787 2439/3763/2788 2440/3795/2820 2346/3794/2819
f 2439/3763/2788 2532/3764/2789 2533/3796/2821 2440/3795/2820
f 2532/3764/2789 2625/3765/2790 2626/3797/2822 2533/3796/2821
f 2625/3765/2790 2718/3766/2791 2719/3798/2823 2626/3797/2822
f 2718/3766/2791 2812/3767/2792 2813/3799/2824 2719/3798/2823
f 2812/3767/2792 2906/3768/2793 2907/3800/2825 2813/3799/2824
f 2906/3768/2793 3000/3769/2794 3001/3801/2826 2907/3800/2825
f 3000/3769/2794 3094/3770/2795 3095/3802/2827 3001/3801/2826
f 3094/3770/2795 3188/3771/2796 3189/3803/2828 3095/3802/2827
f 3188/3771/2796 3282/3772/2797 3283/3804/2829 3189/3803/2828
f 3282/3772/2797 3376/3773/2798 3377/3805/2830 3283/3804/2829
f 3376/3773/2798 3470/3774/2799 3471/3806/2831 3377/3805/2830
f 3470/3774/2799 3564/3775/2800 3565/3807/2832 3471/3806/2831
f 3564/3775/2800 3658/3776/2801 3659/3808/2833 3565/3807/2832
f 3658/3776/2801 3752/3777/2802 3753/3809/2834 3659/3808/2833
f 3752/3777/2802 3846/3778/2803 3847/3810/2835 3753/3809/2834
f 3846/3778/2803 3940/3779/2804 3941/3811/2836 3847/3810/2835
f 3940/3779/2804 4033/3780/2805 4034/3812/2837 3941/3811/2836
f 4033/3780/2805 4126/3781/2806 4127/3813/2838 4034/3812/2837
f 4126/3781/2806 4219/3782/2807 4220/3814/2839 4127/3813/2838
f 4219/3782/2807 4313/3783/2808 4314/3815/2840 4220/3814/2839
f 4313/3783/2808 4407/3784/2809 4408/3816/2841 4314/3815/2840
f 4407/3784/2809 4501/3785/2810 4502/3817/2842 4408/3816/2841
f 4501/3785/2810 4595/3786/2811 4596/3818/2843 4502/3817/2842
f 4595/3786/2811 4689/3787/2812 4690/3819/2844 4596/3818/2843
f 4689/3787/2812 1781/3757/2782 1782/3789/2814 4690/3819/2844
f 1782/3789/2814 1876/3788/2813 1877/3820/2845 1783/3821/2846
f 1876/3788/2813 1970/3790/2815 1971/3822/2847 1877/3820/2845
f 1970/3790/2815 2064/3791/2816 2065/3823/2848 1971/3822/2847
f 2064/3791/2816 2158/3792/2817 2159/3824/2849 2065/3823/2848
f 2158/3792/2817 2252/3793/2818 2253/3825/2850 2159/3824/2849
f 2252/3793/2818 2346/3794/2819 2347/3826/2851 2253/3825/2850
f 2346/3794/2819 2440/3795/2820 2441/3827/2852 2347/3826/2851
f 2440/3795/2820 2533/3796/2821 2534/3828/2853 2441/3827/2852
f 2533/3796/2821 2626/3797/2822 2627/3829/2854 2534/3828/2853
f 2626/3797/2822 2719/3798/2823 2720/3830/2855 2627/3829/2854
f 2719/3798/2823 2813/3799/2824 2814/3831/2856 2720/3830/2855
f 2813/3799/2824 2907/3800/2825 2908/3832/2857 2814/3831/2856
f 2907/3800/2825 3001/3801/2826 3002/3833/2858 2908/3832/2857
f 3001/3801/2826 3095/3802/2827 3096/3834/2859 3002/3833/2858
f 3095/3802/2827 3189/3803/2828 3190/3835/2860 3096/3834/2859
f 3189/3803/2828 3283/3804/2829 3284/3836/2861 3190/3835/2860
f 3283/3804/2829 3377/3805/2830 3378/3837/2862 3284/3836/2861
f 3377/3805/2830 3471/3806/2831 3472/3838/2863 3378/3837/2862
f 3471/3806/2831 3565/3807/2832 3566/3839/2864 3472/3838/2863
f 3565/3807/2832 3659/3808/2833 3660/3840/2865 3566/3839/2864
f 3659/3808/2833 3753/3809/2834 3754/3841/2866 3660/3840/2865
f 3753/3809/2834 3847/3810/2835 3848/3842/2867 3754/3841/2866
f 3847/3810/2835 3941/3811/2836 3942/3843/2868 3848/3842/2867
f 3941/3811/2836 4034/3812/2837 4035/3844/2869 3942/3843/2868
f 4034/3812/2837 4127/3813/2838 4128/3845/2870 4035/3844/2869
f 4127/3813/2838 4220/3814/2839 4221/3846/2871 4128/3845/2870
f 4220/3814/2839 4314/3815/2840 4315/3847/2872 4221/3846/2871
f 4314/3815/2840 4408/3816/2841 4409/3848/2873 4315/3847/2872
f 4408/3816/2841 4502/3817/2842 4503/3849/2874 4409/3848/2873
f 4502/3817/2842 4596/3818/2843 4597/3850/2875 4503/3849/2874
f 4596/3818/2843 4690/3819/2844 4691/3851/2876 4597/3850/2875
f 4690/3819/2844 1782/3789/2814 1783/3821/2846 4691/3851/2876
f 1783/3821/2846 1877/3820/2845 1878/3852/2877 1784/3853/2878
f 1877/3820/2845 1971/3822/2847 1972/3854/2879 1878/3852/2877
f 1971/3822/2847 2065/3823/2848 2066/3855/2880 1972/3854/2879
f 2065/3823/2848 2159/3824/2849 2160/3856/2881 2066/3855/2880
f 2159/3824/2849 2253/3825/2850 2254/3857/2882 2160/3856/2881
f 2253/3825/2850 2347/3826/2851 2348/3858/2883 2254/3857/2882
f 2347/3826/2851 2441/3827/2852 2442/3859/2884 2348/3858/2883
f 2441/3827/2852 2534/3828/2853 2535/3860/2885 2442/3859/2884
f 2534/3828/2853 2627/3829/2854 2628/3861/2886 2535/3860/2885
f 2627/3829/2854 2720/3830/2855 2721/3862/2887 2628/3861/2886
f 2720/3830/2855 2814/3831/2856 2815/3863/2888 2721/3862/2887
f 2814/3831/2856 2908/3832/2857 2909/3864/2889 2815/3863/2888
f 2908/3832/2857 3002/3833/2858 3003/3865/2890 2909/3864/2889
f 3002/3833/2858 3096/3834/2859 3097/3866/2891 3003/3865/2890
f 3096/3834/2859 3190/3835/2860 3191/3867/2892 3097/3866/2891
f 3190/3835/2860 3284/3836/2861 3285/3868/2893 3191/3867/2892
f 3284/3836/2861 3378/3837/2862 3379/3869/2894 3285/3868/2893
f 3378/3837/2862 3472/3838/2863 3473/3870/2895 3379/3869/2894
f 3472/3838/2863 3566/3839/2864 3567/3871/2896 3473/3870/2895
f 3566/3839/2864 3660/3840/2865 3661/3872/2897 3567/3871/2896
f 3660/3840/2865 3754/3841/2866 3755/3873/2898 3661/3872/2897
f 3754/3841/2866 3848/3842/2867 3849/3874/2899 3755/3873/2898
f 3848/3842/2867 3942/3843/2868 3943/3875/2900 3849/3874/2899
f 3942/3843/2868 4035/3844/2869 4036/3876/2901 3943/3875/2900
f 4035/3844/2869 4128/3845/2870 4129/3877/2902 4036/3876/2901
f 4128/3845/2870 4221/3846/2871 4222/3878/2903 4129/3877/2902
f 4221/3846/2871 4315/3847/2872 4316/3879/2904 4222/3878/2903
f 4315/3847/2872 4409/3848/2873 4410/3880/2905 4316/3879/2904
f 4409/3848/2873 4503/3849/2874 4504/3881/2906 4410/3880/2905
f 4503/3849/2874 4597/3850/2875 4598/3882/2907 4504/3881/2906
f 4597/3850/2875 4691/3851/2876 4692/3883/2908 4598/3882/2907
f 4691/3851/2876 1783/3821/2846 1784/3853/2878 4692/3883/2908
f 1784/3884/2909 1878/3885/2910 1879/3886/2910 1785/3887/2909
f 1878/3885/2910 1972/3888/2911 1973/3889/2911 1879/3886/2910
f 1972/3888/2911 2066/3890/2912 2067/3891/2912 1973/3889/2911
f 2066/3890/2912 2160/3892/2913 2161/3893/2913 2067/3891/2912
f 2160/3894/2913 2254/3895/2914 2255/3896/2914 2161/3897/2913
f 2254/3895/2914 2348/3898/2915 2349/3899/2915 2255/3896/2914
f 2348/3898/2915 2442/3900/2916 2443/3901/2916 2349/3899/2915
f 2442/3900/2916 2535/3902/2917 2536/3903/2917 2443/3901/2916
f 2535/3902/2917 2628/3904/2918 2629/3905/2918 2536/3903/2917
f 2628/3904/2918 2721/3906/2919 2722/3907/2919 2629/3905/2918
f 2721/3906/2919 2815/3908/2920 2816/3909/2920 2722/3907/2919
f 2815/3908/2920 2909/3910/2921 2910/3911/2921 2816/3909/2920
f 2909/3892/2921 3003/3912/2922 3004/3891/2922 2910/3893/2921
f 3003/3912/2922 3097/3913/2923 3098/3914/2923 3004/3891/2922
f 3097/3913/2923 3191/3915/2924 3192/3916/2924 3098/3914/2923
f 3191/3915/2924 3285/3917/2925 3286/3918/2925 3192/3916/2924
f 3285/3917/2925 3379/3919/2926 3380/3920/2926 3286/3918/2925
f 3379/3919/2926 3473/3921/2927 3474/3922/2927 3380/3920/2926
f 3473/3921/2927 3567/3923/2928 3568/3924/2928 3474/3922/2927
f 3567/3923/2928 3661/3925/2929 3662/3926/2929 3568/3924/2928
f 3661/3927/2929 3755/3928/2930 3756/3929/2930 3662/3930/2929
f 3755/3928/2930 3849/3931/2931 3850/3932/2931 3756/3929/2930
f 3849/3931/2931 3943/3933/2932 3944/3934/2932 3850/3932/2931
f 3943/3933/2932 4036/3935/2933 4037/3903/2933 3944/3934/2932
f 4036/3935/2933 4129/3936/2934 4130/3937/2934 4037/3903/2933
f 4129/3936/2934 4222/3938/2935 4223/3939/2935 4130/3937/2934
f 4222/3938/2935 4316/3940/2936 4317/3941/2936 4223/3939/2935
f 4316/3940/2936 4410/3942/2937 4411/3943/2937 4317/3941/2936
f 4410/3944/2937 4504/3923/2938 4505/3924/2938 4411/3945/2937
f 4504/3923/2938 4598/3946/2939 4599/3947/2939 4505/3924/2938
f 4598/3946/2939 4692/3948/2940 4693/3949/2940 4599/3947/2939
f 4692/3948/2940 1784/3884/2909 1785/3887/2909 4693/3949/2940
f 1785/3887/2941 1879/3886/2942 1880/3950/2943 1786/3951/2944
f 1879/3886/2942 1973/3889/2945 1974/3952/2946 1880/3950/2943
f 1973/3889/2945 2067/3891/2947 2068/3953/2948 1974/3952/2946
f 2067/3891/2947 2161/3893/2949 2162/3954/2950 2068/3953/2948
f 2161/3897/2949 2255/3896/2951 2256/3955/2952 2162/3956/2950
f 2255/3896/2951 2349/3899/2953 2350/3957/2954 2256/3955/2952
f 2349/3899/2953 2443/3901/2955 2444/3958/2956 2350/3957/2954
f 2443/3901/2955 2536/3903/2957 2537/3959/2958 2444/3958/2956
f 2536/3903/2957 2629/3905/2959 2630/3960/2960 2537/3959/2958
f 2629/3905/2959 2722/3907/2961 2723/3961/2962 2630/3960/2960
f 2722/3907/2961 2816/3909/2963 2817/3962/2964 2723/3961/2962
f 2816/3909/2963 2910/3911/2965 2911/3963/2966 2817/3962/2964
f 2910/3893/2965 3004/3891/2967 3005/3953/2968 2911/3954/2966
f 3004/3891/2967 3098/3914/2969 3099/3964/2970 3005/3953/2968
f 3098/3914/2969 3192/3916/2971 3193/3965/2972 3099/3964/2970
f 3192/3916/2971 3286/3918/2973 3287/3966/2974 3193/3965/2972
f 3286/3918/2973 3380/3920/2975 3381/3967/2976 3287/3966/2974
f 3380/3920/2975 3474/3922/2977 3475/3968/2978 3381/3967/2976
f 3474/3922/2977 3568/3924/2979 3569/3969/2980 3475/3968/2978
f 3568/3924/2979 3662/3926/2981 3663/3970/2982 3569/3969/2980
f 3662/3930/2981 3756/3929/2983 3757/3971/2984 3663/3972/2982
f 3756/3929/2983 3850/3932/2985 3851/3973/2986 3757/3971/2984
f 3850/3932/2985 3944/3934/2987 3945/3974/2988 3851/3973/2986
f 3944/3934/2987 4037/3903/2989 4038/3975/2990 3945/3974/2988
f 4037/3903/2989 4130/3937/2991 4131/3976/2992 4038/3975/2990
f 4130/3937/2991 4223/3939/2993 4224/3977/2994 4131/3976/2992
f 4223/3939/2993 4317/3941/2995 4318/3978/2996 4224/3977/2994
f 4317/3941/2995 4411/3943/2997 4412/3979/2998 4318/3978/2996
f 4411/3945/2997 4505/3924/2999 4506/3969/3000 4412/3980/2998
f 4505/3924/2999 4599/3947/3001 4600/3981/3002 4506/3969/3000
f 4599/3947/3001 4693/3949/3003 4694/3982/3004 4600/3981/3002
f 4693/3949/3003 1785/3887/2941 1786/3951/2944 4694/3982/3004
f 1786/3951/2944 1880/3950/2943 1881/3983/3005 1787/3984/3006
f 1880/3950/2943 1974/3952/2946 1975/3985/3007 1881/3983/3005
f 1974/3952/2946 2068/3953/2948 2069/3986/3008 1975/3985/3007
f 2068/3987/2948 2162/3988/2950 2163/3989/3009 2069/3990/3008
f 2162/3988/2950 2256/3991/2952 2257/3992/3010 2163/3989/3009
f 2256/3955/2952 2350/3957/2954 2351/3993/3011 2257/3994/3010
f 2350/3957/2954 2444/3958/2956 2445/3995/3012 2351/3993/3011
f 2444/3958/2956 2537/3959/2958 2538/3996/3013 2445/3995/3012
f 2537/3959/2958 2630/3960/2960 2631/3997/3014 2538/3996/3013
f 2630/3960/2960 2723/3961/2962 2724/3998/3015 2631/3997/3014
f 2723/3961/2962 2817/3962/2964 2818/3999/3016 2724/3998/3015
f 2817/4000/2964 2911/4001/2966 2912/4002/3017 2818/4003/3016
f 2911/4001/2966 3005/4004/2968 3006/4005/3018 2912/4002/3017
f 3005/3953/2968 3099/3964/2970 3100/4006/3019 3006/4007/3018
f 3099/3964/2970 3193/3965/2972 3194/4008/3020 3100/4006/3019
f 3193/3965/2972 3287/3966/2974 3288/4009/3021 3194/4008/3020
f 3287/3966/2974 3381/3967/2976 3382/4010/3022 3288/4009/3021
f 3381/3967/2976 3475/3968/2978 3476/4011/3023 3382/4010/3022
f 3475/3968/2978 3569/3969/2980 3570/4012/3024 3476/4011/3023
f 3569/4013/2980 3663/4014/2982 3664/4015/3025 3570/4016/3024
f 3663/4014/2982 3757/4017/2984 3758/4018/3026 3664/4015/3025
f 3757/3971/2984 3851/3973/2986 3852/4019/3027 3758/4020/3026
f 3851/3973/2986 3945/3974/2988 3946/4021/3028 3852/4019/3027
f 3945/3974/2988 4038/3975/2990 4039/4022/3029 3946/4021/3028
f 4038/3975/2990 4131/3976/2992 4132/4023/3030 4039/4022/3029
f 4131/3976/2992 4224/3977/2994 4225/4024/3031 4132/4023/3030
f 4224/3977/2994 4318/3978/2996 4319/4025/3032 4225/4024/3031
f 4318/4026/2996 4412/4027/2998 4413/4028/3033 4319/4029/3032
f 4412/4027/2998 4506/4030/3000 4507/4031/3034 4413/4028/3033
f 4506/3969/3000 4600/3981/3002 4601/4032/3035 4507/4012/3034
f 4600/3981/3002 4694/3982/3004 4695/4033/3036 4601/4032/3035
f 4694/3982/3004 1786/3951/2944 1787/3984/3006 4695/4033/3036
f 1787/4034/3006 1881/4035/3005 1882/4036/3037 1788/4037/3038
f 1881/4035/3005 1975/4038/3007 1976/4039/3039 1882/4036/3037
f 1975/4038/3007 2069/3990/3008 2070/4040/3040 1976/4039/3039
f 2069/3990/3008 2163/3989/3009 2164/4041/3041 2070/4040/3040
f 2163/3989/3009 2257/3992/3010 2258/4042/3042 2164/4041/3041
f 2257/3992/3010 2351/4043/3011 2352/4044/3043 2258/4042/3042
f 2351/4043/3011 2445/4045/3012 2446/4046/3044 2352/4044/3043
f 2445/4045/3012 2538/4047/3013 2539/4048/3045 2446/4046/3044
f 2538/4047/3013 2631/4049/3014 2632/4050/3046 2539/4048/3045
f 2631/4049/3014 2724/4051/3015 2725/4052/3047 2632/4050/3046
f 2724/4051/3015 2818/4003/3016 2819/4053/3048 2725/4052/3047
f 2818/4003/3016 2912/4002/3017 2913/4054/3049 2819/4053/3048
f 2912/4002/3017 3006/4005/3018 3007/4055/3050 2913/4054/3049
f 3006/4005/3018 3100/4056/3019 3101/4057/3051 3007/4055/3050
f 3100/4056/3019 3194/4058/3020 3195/4059/3052 3101/4057/3051
f 3194/4058/3020 3288/4060/3021 3289/4061/3053 3195/4059/3052
f 3288/4060/3021 3382/4062/3022 3383/4063/3054 3289/4061/3053
f 3382/4062/3022 3476/4064/3023 3477/4065/3055 3383/4063/3054
f 3476/4064/3023 3570/4016/3024 3571/4066/3056 3477/4065/3055
f 3570/4016/3024 3664/4015/3025 3665/4067/3057 3571/4066/3056
f 3664/4015/3025 3758/4018/3026 3759/4068/3058 3665/4067/3057
f 3758/4018/3026 3852/4069/3027 3853/4070/3059 3759/4068/3058
f 3852/4069/3027 3946/4071/3028 3947/4072/3060 3853/4070/3059
f 3946/4071/3028 4039/4073/3029 4040/4074/3061 3947/4072/3060
f 4039/4073/3029 4132/4075/3030 4133/4076/3062 4040/4074/3061
f 4132/4075/3030 4225/4077/3031 4226/4078/3063 4133/4076/3062
f 4225/4077/3031 4319/4029/3032 4320/4079/3064 4226/4078/3063
f 4319/4029/3032 4413/4028/3033 4414/4080/3065 4320/4079/3064
f 4413/4028/3033 4507/4031/3034 4508/4081/3066 4414/4080/3065
f 4507/4031/3034 4601/4082/3035 4602/4083/3067 4508/4081/3066
f 4601/4082/3035 4695/4084/3036 4696/4085/3068 4602/4083/3067
f 4695/4084/3036 1787/4034/3006 1788/4037/3038 4696/4085/3068
f 1788/4037/3038 1882/4036/3037 1883/4086/3069 1789/4087/3070
f 1882/4036/3037 1976/4039/3039 1977/4088/3071 1883/4086/3069
f 1976/4039/3039 2070/4040/3040 2071/4089/3072 1977/4088/3071
f 2070/4040/3040 2164/4041/3041 2165/4090/3073 2071/4089/3072
f 2164/4041/3041 2258/4042/3042 2259/4091/3074 2165/4090/3073
f 2258/4042/3042 2352/4044/3043 2353/4092/3075 2259/4091/3074
f 2352/4044/3043 2446/4046/3044 2447/4093/3076 2353/4092/3075
f 2446/4046/3044 2539/4048/3045 2540/4094/3077 2447/4093/3076
f 2539/4048/3045 2632/4050/3046 2633/4095/3078 2540/4094/3077
f 2632/4050/3046 2725/4052/3047 2726/4096/3079 2633/4095/3078
f 2725/4052/3047 2819/4053/3048 2820/4097/3080 2726/4096/3079
f 2819/4053/3048 2913/4054/3049 2914/4098/3081 2820/4097/3080
f 2913/4054/3049 3007/4055/3050 3008/4099/3082 2914/4098/3081
f 3007/4055/3050 3101/4057/3051 3102/4100/3083 3008/4099/3082
f 3101/4057/3051 3195/4059/3052 3196/4101/3084 3102/4100/3083
f 3195/4059/3052 3289/4061/3053 3290/4102/3085 3196/4101/3084
f 3289/4061/3053 3383/4063/3054 3384/4103/3086 3290/4102/3085
f 3383/4063/3054 3477/4065/3055 3478/4104/3087 3384/4103/3086
f 3477/4065/3055 3571/4066/3056 3572/4105/3088 3478/4104/3087
f 3571/4066/3056 3665/4067/3057 3666/4106/3089 3572/4105/3088
f 3665/4067/3057 3759/4068/3058 3760/4107/3090 3666/4106/3089
f 3759/4068/3058 3853/4070/3059 3854/4108/3091 3760/4107/3090
f 3853/4070/3059 3947/4072/3060 3948/4109/3092 3854/4108/3091
f 3947/4072/3060 4040/4074/3061 4041/4110/3093 3948/4109/3092
f 4040/4074/3061 4133/4076/3062 4134/4111/3094 4041/4110/3093
f 4133/4076/3062 4226/4078/3063 4227/4112/3095 4134/4111/3094
f 4226/4078/3063 4320/4079/3064 4321/4113/3096 4227/4112/3095
f 4320/4079/3064 4414/4080/3065 4415/4114/3097 4321/4113/3096
f 4414/4080/3065 4508/4081/3066 4509/4115/3098 4415/4114/3097
f 4508/4081/3066 4602/4083/3067 4603/4116/3099 4509/4115/3098
f 4602/4083/3067 4696/4085/3068 4697/4117/3100 4603/4116/3099
f 4696/4085/3068 1788/4037/3038 1789/4087/3070 4697/4117/3100
f 1789/4087/3070 1883/4086/3069 1884/4118/3101 1790/4119/3102
f 1883/4086/3069 1977/4088/3071 1978/4120/3103 1884/4118/3101
f 1977/4088/3071 2071/4089/3072 2072/4121/3104 1978/4120/3103
f 2071/4089/3072 2165/4090/3073 2166/4122/3105 2072/4121/3104
f 2165/4090/3073 2259/4091/3074 2260/4123/3106 2166/4122/3105
f 2259/4091/3074 2353/4092/3075 2354/4124/3107 2260/4123/3106
f 2353/4092/3075 2447/4093/3076 2448/4125/3108 2354/4124/3107
f 2447/4093/3076 2540/4094/3077 2541/4126/3109 2448/4125/3108
f 2540/4094/3077 2633/4095/3078 2634/4127/3110 2541/4126/3109
f 2633/4095/3078 2726/4096/3079 2727/4128/3111 2634/4127/3110
f 2726/4096/3079 2820/4097/3080 2821/4129/3112 2727/4128/3111
f 2820/4097/3080 2914/4098/3081 2915/4130/3113 2821/4129/3112
f 2914/4098/3081 3008/4099/3082 3009/4131/3114 2915/4130/3113
f 3008/4099/3082 3102/4100/3083 3103/4132/3115 3009/4131/3114
f 3102/4100/3083 3196/4101/3084 3197/4133/3116 3103/4132/3115
f 3196/4101/3084 3290/4102/3085 3291/4134/3117 3197/4133/3116
f 3290/4102/3085 3384/4103/3086 3385/4135/3118 3291/4134/3117
f 3384/4103/3086 3478/4104/3087 3479/4136/3119 3385/4135/3118
f 3478/4104/3087 3572/4105/3088 3573/4137/3120 3479/4136/3119
f 3572/4105/3088 3666/4106/3089 3667/4138/3121 3573/4137/3120
f 3666/4106/3089 3760/4107/3090 3761/4139/3122 3667/4138/3121
f 3760/4107/3090 3854/4108/3091 3855/4140/3123 3761/4139/3122
f 3854/4108/3091 3948/4109/3092 3949/4141/3124 3855/4140/3123
f 3948/4109/3092 4041/4110/3093 4042/4142/3125 3949/4141/3124
f 4041/4110/3093 4134/4111/3094 4135/4143/3126 4042/4142/3125
f 4134/4111/3094 4227/4112/3095 4228/4144/3127 4135/4143/3126
f 4227/4112/3095 4321/4113/3096 4322/4145/3128 4228/4144/3127
f 4321/4113/3096 4415/4114/3097 4416/4146/3129 4322/4145/3128
f 4415/4114/3097 4509/4115/3098 4510/4147/3130 4416/4146/3129
f 4509/4115/3098 4603/4116/3099 4604/4148/3131 4510/4147/3130
f 4603/4116/3099 4697/4117/3100 4698/4149/3132 4604/4148/3131
f 4697/4117/3100 1789/4087/3070 1790/4119/3102 4698/4149/3132
f 1790/4119/3102 1884/4118/3101 1885/4150/3133 1791/4151/3134
f 1884/4118/3101 1978/4120/3103 1979/4152/3135 1885/4150/3133
f 1978/4120/3103 2072/4121/3104 2073/4153/3136 1979/4152/3135
f 2072/4121/3104 2166/4122/3105 2167/4154/3137 2073/4153/3136
f 2166/4122/3105 2260/4123/3106 2261/4155/3138 2167/4154/3137
f 2260/4123/3106 2354/4124/3107 2355/4156/3139 2261/4155/3138
f 2354/4124/3107 2448/4125/3108 2449/4157/3140 2355/4156/3139
f 2448/4125/3108 2541/4126/3109 2542/4158/3141 2449/4157/3140
f 2541/4126/3109 2634/4127/3110 2635/4159/3142 2542/4158/3141
f 2634/4127/3110 2727/4128/3111 2728/4160/3143 2635/4159/3142
f 2727/4128/3111 2821/4129/3112 2822/4161/3144 2728/4160/3143
f 2821/4129/3112 2915/4130/3113 2916/4162/3145 2822/4161/3144
f 2915/4130/3113 3009/4131/3114 3010/4163/3146 2916/4162/3145
f 3009/4131/3114 3103/4132/3115 3104/4164/3147 3010/4163/3146
f 3103/4132/3115 3197/4133/3116 3198/4165/3148 3104/4164/3147
f 3197/4133/3116 3291/4134/3117 3292/4166/3149 3198/4165/3148
f 3291/4134/3117 3385/4135/3118 3386/4167/3150 3292/4166/3149
f 3385/4135/3118 3479/4136/3119 3480/4168/3151 3386/4167/3150
f 3479/4136/3119 3573/4137/3120 3574/4169/3152 3480/4168/3151
f 3573/4137/3120 3667/4138/3121 3668/4170/3153 3574/4169/3152
f 3667/4138/3121 3761/4139/3122 3762/4171/3154 3668/4170/3153
f 3761/4139/3122 3855/4140/3123 3856/4172/3155 3762/4171/3154
f 3855/4140/3123 3949/4141/3124 3950/4173/3156 3856/4172/3155
f 3949/4141/3124 4042/4142/3125 4043/4174/3157 3950/4173/3156
f 4042/4142/3125 4135/4143/3126 4136/4175/3158 4043/4174/3157
f 4135/4143/3126 4228/4144/3127 4229/4176/3159 4136/4175/3158
f 4228/4144/3127 4322/4145/3128 4323/4177/3160 4229/4176/3159
f 4322/4145/3128 4416/4146/3129 4417/4178/3161 4323/4177/3160
f 4416/4146/3129 4510/4147/3130 4511/4179/3162 4417/4178/3161
f 4510/4147/3130 4604/4148/3131 4605/4180/3163 4511/4179/3162
f 4604/4148/3131 4698/4149/3132 4699/4181/3164 4605/4180/3163
f 4698/4149/3132 1790/4119/3102 1791/4151/3134 4699/4181/3164
f 1791/4151/3134 1885/4150/3133 1886/4182/3165 1792/4183/3166
f 1885/4150/3133 1979/4152/3135 1980/4184/3167 1886/4182/3165
f 1979/4152/3135 2073/4153/3136 2074/4185/3168 1980/4184/3167
f 2073/4153/3136 2167/4154/3137 2168/4186/3169 2074/4185/3168
f 2167/4154/3137 2261/4155/3138 2262/4187/3170 2168/4186/3169
f 2261/4155/3138 2355/4156/3139 2356/4188/3171 2262/4187/3170
f 2355/4156/3139 2449/4157/3140 2450/4189/3172 2356/4188/3171
f 2449/4157/3140 2542/4158/3141 2543/4190/3173 2450/4189/3172
f 2542/4158/3141 2635/4159/3142 2636/4191/3174 2543/4190/3173
f 2635/4159/3142 2728/4160/3143 2729/4192/3175 2636/4191/3174
f 2728/4160/3143 2822/4161/3144 2823/4193/3176 2729/4192/3175
f 2822/4161/3144 2916/4162/3145 2917/4194/3177 2823/4193/3176
f 2916/4162/3145 3010/4163/3146 3011/4195/3178 2917/4194/3177
f 3010/4163/3146 3104/4164/3147 3105/4196/3179 3011/4195/3178
f 3104/4164/3147 3198/4165/3148 3199/4197/3180 3105/4196/3179
f 3198/4165/3148 3292/4166/3149 3293/4198/3181 3199/4197/3180
f 3292/4166/3149 3386/4167/3150 3387/4199/3182 3293/4198/3181
f 3386/4167/3150 3480/4168/3151 3481/4200/3183 3387/4199/3182
f 3480/4168/3151 3574/4169/3152 3575/4201/3184 3481/4200/3183
f 3574/4169/3152 3668/4170/3153 3669/4202/3185 3575/4201/3184
f 3668/4170/3153 3762/4171/3154 3763/4203/3186 3669/4202/3185
f 3762/4171/3154 3856/4172/3155 3857/4204/3187 3763/4203/3186
f 3856/4172/3155 3950/4173/3156 3951/4205/3188 3857/4204/3187
f 3950/4173/3156 4043/4174/3157 4044/4206/3189 3951/4205/3188
f 4043/4174/3157 4136/4175/3158 4137/4207/3190 4044/4206/3189
f 4136/4175/3158 4229/4176/3159 4230/4208/3191 4137/4207/3190
f 4229/4176/3159 4323/4177/3160 4324/4209/3192 4230/4208/3191
f 4323/4177/3160 4417/4178/3161 4418/4210/3193 4324/4209/3192
f 4417/4178/3161 4511/4179/3162 4512/4211/3194 4418/4210/3193
f 4511/4179/3162 4605/4180/3163 4606/4212/3195 4512/4211/3194
f 4605/4180/3163 4699/4181/3164 4700/4213/3196 4606/4212/3195
f 4699/4181/3164 1791/4151/3134 1792/4183/3166 4700/4213/3196
f 1792/4214/3166 1886/4215/3165 1887/4216/3197 1793/4217/3198
f 1886/4182/3165 1980/4184/3167 1981/4218/3199 1887/4219/3197
f 1980/4184/3167 2074/4185/3168 2075/4220/3200 1981/4218/3199
f 2074/4185/3168 2168/4186/3169 2169/4221/3201 2075/4220/3200
f 2168/4186/3169 2262/4187/3170 2263/4222/3202 2169/4221/3201
f 2262/4187/3170 2356/4188/3171 2357/4223/3203 2263/4222/3202
f 2356/4188/3171 2450/4189/3172 2451/4224/3204 2357/4223/3203
f 2450/4225/3172 2543/4226/3173 2544/4227/3205 2451/4228/3204
f 2543/4226/3173 2636/4229/3174 2637/4230/3206 2544/4227/3205
f 2636/4191/3174 2729/4192/3175 2730/4231/3207 2637/4232/3206
f 2729/4192/3175 2823/4193/3176 2824/4233/3208 2730/4231/3207
f 2823/4193/3176 2917/4194/3177 2918/4234/3209 2824/4233/3208
f 2917/4194/3177 3011/4195/3178 3012/4235/3210 2918/4234/3209
f 3011/4195/3178 3105/4196/3179 3106/4236/3211 3012/4235/3210
f 3105/4196/3179 3199/4197/3180 3200/4237/3212 3106/4236/3211
f 3199/4238/3180 3293/4239/3181 3294/4240/3213 3200/4241/3212
f 3293/4239/3181 3387/4242/3182 3388/4243/3214 3294/4240/3213
f 3387/4199/3182 3481/4200/3183 3482/4244/3215 3388/4245/3214
f 3481/4200/3183 3575/4201/3184 3576/4246/3216 3482/4244/3215
f 3575/4201/3184 3669/4202/3185 3670/4247/3217 3576/4246/3216
f 3669/4202/3185 3763/4203/3186 3764/4248/3218 3670/4247/3217
f 3763/4203/3186 3857/4204/3187 3858/4249/3219 3764/4248/3218
f 3857/4204/3187 3951/4205/3188 3952/4250/3220 3858/4249/3219
f 3951/4251/3188 4044/4252/3189 4045/4253/3221 3952/4254/3220
f 4044/4252/3189 4137/4255/3190 4138/4256/3222 4045/4253/3221
f 4137/4207/3190 4230/4208/3191 4231/4257/3223 4138/4258/3222
f 4230/4208/3191 4324/4209/3192 4325/4259/3224 4231/4257/3223
f 4324/4209/3192 4418/4210/3193 4419/4260/3225 4325/4259/3224
f 4418/4210/3193 4512/4211/3194 4513/4261/3226 4419/4260/3225
f 4512/4211/3194 4606/4212/3195 4607/4262/3227 4513/4261/3226
f 4606/4212/3195 4700/4213/3196 4701/4263/3228 4607/4262/3227
f 4700/4264/3196 1792/4214/3166 1793/4217/3198 4701/4265/3228
f 1793/4217/3198 1887/4216/3197 1888/4266/3229 1794/4267/3230
f 1887/4216/3197 1981/4268/3199 1982/4269/3231 1888/4266/3229
f 1981/4268/3199 2075/4270/3200 2076/4271/3232 1982/4269/3231
f 2075/4270/3200 2169/4272/3201 2170/4273/3233 2076/4271/3232
f 2169/4274/3201 2263/4275/3202 2264/4276/3234 2170/4277/3233
f 2263/4275/3202 2357/4278/3203 2358/4279/3235 2264/4276/3234
f 2357/4278/3203 2451/4228/3204 2452/4280/3236 2358/4279/3235
f 2451/4228/3204 2544/4227/3205 2545/4281/3237 2452/4280/3236
f 2544/4227/3205 2637/4230/3206 2638/4282/3238 2545/4281/3237
f 2637/4230/3206 2730/4283/3207 2731/4284/3239 2638/4282/3238
f 2730/4283/3207 2824/4285/3208 2825/4286/3240 2731/4284/3239
f 2824/4285/3208 2918/4287/3209 2919/4288/3241 2825/4286/3240
f 2918/4272/3209 3012/4289/3210 3013/4271/3242 2919/4273/3241
f 3012/4289/3210 3106/4290/3211 3107/4291/3243 3013/4271/3242
f 3106/4290/3211 3200/4241/3212 3201/4292/3244 3107/4291/3243
f 3200/4241/3212 3294/4240/3213 3295/4293/3245 3201/4292/3244
f 3294/4240/3213 3388/4243/3214 3389/4294/3246 3295/4293/3245
f 3388/4243/3214 3482/4295/3215 3483/4296/3247 3389/4294/3246
f 3482/4295/3215 3576/4297/3216 3577/4298/3248 3483/4296/3247
f 3576/4297/3216 3670/4299/3217 3671/4300/3249 3577/4298/3248
f 3670/4301/3217 3764/4302/3218 3765/4303/3250 3671/4304/3249
f 3764/4302/3218 3858/4305/3219 3859/4306/3251 3765/4303/3250
f 3858/4305/3219 3952/4254/3220 3953/4307/3252 3859/4306/3251
f 3952/4254/3220 4045/4253/3221 4046/4308/3253 3953/4307/3252
f 4045/4253/3221 4138/4256/3222 4139/4309/3254 4046/4308/3253
f 4138/4256/3222 4231/4310/3223 4232/4311/3255 4139/4309/3254
f 4231/4310/3223 4325/4312/3224 4326/4313/3256 4232/4311/3255
f 4325/4312/3224 4419/4314/3225 4420/4315/3257 4326/4313/3256
f 4419/4316/3225 4513/4297/3226 4514/4298/3258 4420/4317/3257
f 4513/4297/3226 4607/4318/3227 4608/4319/3259 4514/4298/3258
f 4607/4318/3227 4701/4265/3228 4702/4320/3260 4608/4319/3259
f 4701/4265/3228 1793/4217/3198 1794/4267/3230 4702/4320/3260
f 1794/4267/3230 1888/4266/3229 1889/4321/3261 1795/4322/3262
f 1888/4266/3229 1982/4269/3231 1983/4323/3263 1889/4321/3261
f 1982/4269/3231 2076/4271/3232 2077/4324/3264 1983/4323/3263
f 2076/4271/3232 2170/4273/3233 2171/4325/3265 2077/4324/3264
f 2170/4277/3233 2264/4276/3234 2265/4326/3266 2171/4327/3265
f 2264/4276/3234 2358/4279/3235 2359/4328/3267 2265/4326/3266
f 2358/4279/3235 2452/4280/3236 2453/4329/3268 2359/4328/3267
f 2452/4280/3236 2545/4281/3237 2546/4330/3269 2453/4329/3268
f 2545/4281/3237 2638/4282/3238 2639/4331/3270 2546/4330/3269
f 2638/4282/3238 2731/4284/3239 2732/4332/3271 2639/4331/3270
f 2731/4284/3239 2825/4286/3240 2826/4333/3272 2732/4332/3271
f 2825/4286/3240 2919/4288/3241 2920/4334/3273 2826/4333/3272
f 2919/4273/3241 3013/4271/3242 3014/4335/3274 2920/4325/3273
f 3013/4271/3242 3107/4291/3243 3108/4336/3275 3014/4335/3274
f 3107/4291/3243 3201/4292/3244 3202/4337/3276 3108/4336/3275
f 3201/4292/3244 3295/4293/3245 3296/4338/3277 3202/4337/3276
f 3295/4293/3245 3389/4294/3246 3390/4339/3278 3296/4338/3277
f 3389/4294/3246 3483/4296/3247 3484/4340/3279 3390/4339/3278
f 3483/4296/3247 3577/4298/3248 3578/4341/3280 3484/4340/3279
f 3577/4298/3248 3671/4300/3249 3672/4342/3281 3578/4341/3280
f 3671/4304/3249 3765/4303/3250 3766/4343/3282 3672/4344/3281
f 3765/4303/3250 3859/4306/3251 3860/4345/3283 3766/4343/3282
f 3859/4306/3251 3953/4307/3252 3954/4346/3284 3860/4345/3283
f 3953/4307/3252 4046/4308/3253 4047/4347/3285 3954/4346/3284
f 4046/4308/3253 4139/4309/3254 4140/4348/3286 4047/4347/3285
f 4139/4309/3254 4232/4311/3255 4233/4349/3287 4140/4348/3286
f 4232/4311/3255 4326/4313/3256 4327/4350/3288 4233/4349/3287
f 4326/4313/3256 4420/4315/3257 4421/4351/3289 4327/4350/3288
f 4420/4317/3257 4514/4298/3258 4515/4341/3290 4421/4352/3289
f 4514/4298/3258 4608/4319/3259 4609/4353/3291 4515/4341/3290
f 4608/4319/3259 4702/4320/3260 4703/4354/3292 4609/4353/3291
f 4702/4320/3260 1794/4267/3230 1795/4322/3262 4703/4354/3292
f 1795/4322/3262 1889/4321/3261 1890/4355/3293 1796/4356/3294
f 1889/4321/3261 1983/4323/3263 1984/4357/3295 1890/4355/3293
f 1983/4323/3263 2077/4324/3264 2078/4358/3296 1984/4357/3295
f 2077/4324/3264 2171/4325/3265 2172/4359/3297 2078/4358/3296
f 2171/4327/3265 2265/4326/3266 2266/4360/3298 2172/4361/3297
f 2265/4326/3266 2359/4328/3267 2360/4362/3299 2266/4360/3298
f 2359/4328/3267 2453/4329/3268 2454/4363/3300 2360/4362/3299
f 2453/4329/3268 2546/4330/3269 2547/4364/3301 2454/4363/3300
f 2546/4330/3269 2639/4331/3270 2640/4365/3302 2547/4364/3301
f 2639/4331/3270 2732/4332/3271 2733/4366/3303 2640/4365/3302
f 2732/4332/3271 2826/4333/3272 2827/4367/3304 2733/4366/3303
f 2826/4333/3272 2920/4334/3273 2921/4368/3305 2827/4367/3304
f 2920/4325/3273 3014/4335/3274 3015/4369/3306 2921/4359/3305
f 3014/4335/3274 3108/4336/3275 3109/4370/3307 3015/4369/3306
f 3108/4336/3275 3202/4337/3276 3203/4371/3308 3109/4370/3307
f 3202/4337/3276 3296/4338/3277 3297/4372/3309 3203/4371/3308
f 3296/4338/3277 3390/4339/3278 3391/4373/3310 3297/4372/3309
f 3390/4339/3278 3484/4340/3279 3485/4374/3311 3391/4373/3310
f 3484/4340/3279 3578/4341/3280 3579/4375/3312 3485/4374/3311
f 3578/4341/3280 3672/4342/3281 3673/4376/3313 3579/4375/3312
f 3672/4344/3281 3766/4343/3282 3767/4377/3314 3673/4378/3313
f 3766/4343/3282 3860/4345/3283 3861/4379/3315 3767/4377/3314
f 3860/4345/3283 3954/4346/3284 3955/4380/3316 3861/4379/3315
f 3954/4346/3284 4047/4347/3285 4048/4381/3317 3955/4380/3316
f 4047/4347/3285 4140/4348/3286 4141/4382/3318 4048/4381/3317
f 4140/4348/3286 4233/4349/3287 4234/4383/3319 4141/4382/3318
f 4233/4349/3287 4327/4350/3288 4328/4384/3320 4234/4383/3319
f 4327/4350/3288 4421/4351/3289 4422/4385/3321 4328/4384/3320
f 4421/4352/3289 4515/4341/3290 4516/4375/3322 4422/4386/3321
f 4515/4341/3290 4609/4353/3291 4610/4387/3323 4516/4375/3322
f 4609/4353/3291 4703/4354/3292 4704/4388/3324 4610/4387/3323
f 4703/4354/3292 1795/4322/3262 1796/4356/3294 4704/4388/3324
f 1796/4356/3294 1890/4355/3293 1891/4389/3325 1797/4390/3326
f 1890/4355/3293 1984/4357/3295 1985/4391/3327 1891/4389/3325
f 1984/4357/3295 2078/4358/3296 2079/4392/3328 1985/4391/3327
f 2078/4358/3296 2172/4359/3297 2173/4393/3329 2079/4392/3328
f 2172/4361/3297 2266/4360/3298 2267/4394/3330 2173/4395/3329
f 2266/4360/3298 2360/4362/3299 2361/4396/3331 2267/4394/3330
f 2360/4362/3299 2454/4363/3300 2455/4397/3332 2361/4396/3331
f 2454/4363/3300 2547/4364/3301 2548/4398/3333 2455/4397/3332
f 2547/4364/3301 2640/4365/3302 2641/4399/3334 2548/4398/3333
f 2640/4365/3302 2733/4366/3303 2734/4400/3335 2641/4399/3334
f 2733/4366/3303 2827/4367/3304 2828/4401/3336 2734/4400/3335
f 2827/4367/3304 2921/4368/3305 2922/4402/3337 2828/4401/3336
f 2921/4359/3305 3015/4369/3306 3016/4392/3338 2922/4393/3337
f 3015/4369/3306 3109/4370/3307 3110/4403/3339 3016/4392/3338
f 3109/4370/3307 3203/4371/3308 3204/4404/3340 3110/4403/3339
f 3203/4371/3308 3297/4372/3309 3298/4405/3341 3204/4404/3340
f 3297/4372/3309 3391/4373/3310 3392/4406/3342 3298/4405/3341
f 3391/4373/3310 3485/4374/3311 3486/4407/3343 3392/4406/3342
f 3485/4374/3311 3579/4375/3312 3580/4408/3344 3486/4407/3343
f 3579/4375/3312 3673/4376/3313 3674/4409/3345 3580/4408/3344
f 3673/4378/3313 3767/4377/3314 3768/4410/3346 3674/4411/3345
f 3767/4377/3314 3861/4379/3315 3862/4412/3347 3768/4410/3346
f 3861/4379/3315 3955/4380/3316 3956/4413/3348 3862/4412/3347
f 3955/4380/3316 4048/4381/3317 4049/4414/3349 3956/4413/3348
f 4048/4381/3317 4141/4382/3318 4142/4415/3350 4049/4414/3349
f 4141/4382/3318 4234/4383/3319 4235/4416/3351 4142/4415/3350
f 4234/4383/3319 4328/4384/3320 4329/4417/3352 4235/4416/3351
f 4328/4384/3320 4422/4385/3321 4423/4418/3353 4329/4417/3352
f 4422/4386/3321 4516/4375/3322 4517/4419/3354 4423/4420/3353
f 4516/4375/3322 4610/4387/3323 4611/4421/3355 4517/4419/3354
f 4610/4387/3323 4704/4388/3324 4705/4422/3356 4611/4421/3355
f 4704/4388/3324 1796/4356/3294 1797/4390/3326 4705/4422/3356
f 1797/4390/3326 1891/4389/3325 1892/4423/3357 1798/4424/3358
f 1891/4389/3325 1985/4391/3327 1986/4425/3359 1892/4423/3357
f 1985/4391/3327 2079/4392/3328 2080/4426/3360 1986/4425/3359
f 2079/4392/3328 2173/4393/3329 2174/4427/3361 2080/4426/3360
f 2173/4395/3329 2267/4394/3330 2268/4428/3362 2174/4429/3361
f 2267/4394/3330 2361/4396/3331 2362/4430/3363 2268/4428/3362
f 2361/4396/3331 2455/4397/3332 2456/4431/3364 2362/4430/3363
f 2455/4397/3332 2548/4398/3333 2549/4432/3365 2456/4431/3364
f 2548/4398/3333 2641/4399/3334 2642/4433/3366 2549/4432/3365
f 2641/4399/3334 2734/4400/3335 2735/4434/3367 2642/4433/3366
f 2734/4400/3335 2828/4401/3336 2829/4435/3368 2735/4434/3367
f 2828/4401/3336 2922/4402/3337 2923/4436/3369 2829/4435/3368
f 2922/4393/3337 3016/4392/3338 3017/4426/3370 2923/4427/3369
f 3016/4392/3338 3110/4403/3339 3111/4437/3371 3017/4426/3370
f 3110/4403/3339 3204/4404/3340 3205/4438/3372 3111/4437/3371
f 3204/4404/3340 3298/4405/3341 3299/4439/3373 3205/4438/3372
f 3298/4405/3341 3392/4406/3342 3393/4440/3374 3299/4439/3373
f 3392/4406/3342 3486/4407/3343 3487/4441/3375 3393/4440/3374
f 3486/4407/3343 3580/4408/3344 3581/4442/3376 3487/4441/3375
f 3580/4408/3344 3674/4409/3345 3675/4443/3377 3581/4442/3376
f 3674/4411/3345 3768/4410/3346 3769/4444/3378 3675/4445/3377
f 3768/4410/3346 3862/4412/3347 3863/4446/3379 3769/4444/3378
f 3862/4412/3347 3956/4413/3348 3957/4447/3380 3863/4446/3379
f 3956/4413/3348 4049/4414/3349 4050/4448/3381 3957/4447/3380
f 4049/4414/3349 4142/4415/3350 4143/4449/3382 4050/4448/3381
f 4142/4415/3350 4235/4416/3351 4236/4450/3383 4143/4449/3382
f 4235/4416/3351 4329/4417/3352 4330/4451/3384 4236/4450/3383
f 4329/4417/3352 4423/4418/3353 4424/4452/3385 4330/4451/3384
f 4423/4420/3353 4517/4419/3354 4518/4453/3386 4424/4454/3385
f 4517/4419/3354 4611/4421/3355 4612/4455/3387 4518/4453/3386
f 4611/4421/3355 4705/4422/3356 4706/4456/3388 4612/4455/3387
f 4705/4422/3356 1797/4390/3326 1798/4424/3358 4706/4456/3388
f 1798/4424/3358 1892/4423/3357 1893/4457/3389 1799/4458/3390
f 1892/4423/3357 1986/4425/3359 1987/4459/3391 1893/4457/3389
f 1986/4425/3359 2080/4426/3360 2081/4460/3392 1987/4459/3391
f 2080/4426/3360 2174/4427/3361 2175/4461/3393 2081/4460/3392
f 2174/4429/3361 2268/4428/3362 2269/4462/3394 2175/4463/3393
f 2268/4428/3362 2362/4430/3363 2363/4464/3395 2269/4462/3394
f 2362/4430/3363 2456/4431/3364 2457/4465/3396 2363/4464/3395
f 2456/4431/3364 2549/4432/3365 2550/4466/3397 2457/4465/3396
f 2549/4432/3365 2642/4433/3366 2643/4467/3398 2550/4466/3397
f 2642/4433/3366 2735/4434/3367 2736/4468/3399 2643/4467/3398
f 2735/4434/3367 2829/4435/3368 2830/4469/3400 2736/4468/3399
f 2829/4435/3368 2923/4436/3369 2924/4470/3401 2830/4469/3400
f 2923/4427/3369 3017/4426/3370 3018/4471/3402 2924/4472/3401
f 3017/4426/3370 3111/4437/3371 3112/4473/3403 3018/4471/3402
f 3111/4437/3371 3205/4438/3372 3206/4474/3404 3112/4473/3403
f 3205/4438/3372 3299/4439/3373 3300/4475/3405 3206/4474/3404
f 3299/4439/3373 3393/4440/3374 3394/4476/3406 3300/4475/3405
f 3393/4440/3374 3487/4441/3375 3488/4477/3407 3394/4476/3406
f 3487/4441/3375 3581/4442/3376 3582/4478/3408 3488/4477/3407
f 3581/4442/3376 3675/4443/3377 3676/4479/3409 3582/4478/3408
f 3675/4445/3377 3769/4444/3378 3770/4480/3410 3676/4481/3409
f 3769/4444/3378 3863/4446/3379 3864/4482/3411 3770/4480/3410
f 3863/4446/3379 3957/4447/3380 3958/4483/3412 3864/4482/3411
f 3957/4447/3380 4050/4448/3381 4051/4484/3413 3958/4483/3412
f 4050/4448/3381 4143/4449/3382 4144/4485/3414 4051/4484/3413
f 4143/4449/3382 4236/4450/3383 4237/4486/3415 4144/4485/3414
f 4236/4450/3383 4330/4451/3384 4331/4487/3416 4237/4486/3415
f 4330/4451/3384 4424/4452/3385 4425/4488/3417 4331/4487/3416
f 4424/4454/3385 4518/4453/3386 4519/4489/3418 4425/4490/3417
f 4518/4453/3386 4612/4455/3387 4613/4491/3419 4519/4489/3418
f 4612/4455/3387 4706/4456/3388 4707/4492/3420 4613/4491/3419
f 4706/4456/3388 1798/4424/3358 1799/4458/3390 4707/4492/3420
f 1799/4458/3390 1893/4457/3389 1894/4493/3421 1800/4494/3422
f 1893/4457/3389 1987/4459/3391 1988/4495/3423 1894/4493/3421
f 1987/4459/3391 2081/4460/3392 2082/4496/3424 1988/4495/3423
f 2081/4460/3392 2175/4461/3393 2176/4497/3425 2082/4496/3424
f 2175/4463/3393 2269/4462/3394 2270/4498/3426 2176/4499/3425
f 2269/4462/3394 2363/4464/3395 2364/4500/3427 2270/4498/3426
f 2363/4464/3395 2457/4465/3396 2458/4501/3428 2364/4500/3427
f 2457/4465/3396 2550/4466/3397 2551/4502/3429 2458/4501/3428
f 2550/4466/3397 2643/4467/3398 2644/4503/3430 2551/4502/3429
f 2643/4467/3398 2736/4468/3399 2737/4504/3431 2644/4503/3430
f 2736/4468/3399 2830/4469/3400 2831/4505/3432 2737/4504/3431
f 2830/4469/3400 2924/4470/3401 2925/4506/3433 2831/4505/3432
f 2924/4472/3401 3018/4471/3402 3019/4496/3434 2925/4507/3433
f 3018/4471/3402 3112/4473/3403 3113/4508/3435 3019/4496/3434
f 3112/4473/3403 3206/4474/3404 3207/4509/3436 3113/4508/3435
f 3206/4474/3404 3300/4475/3405 3301/4494/3437 3207/4509/3436
f 3300/4475/3405 3394/4476/3406 3395/4510/3438 3301/4494/3437
f 3394/4476/3406 3488/4477/3407 3489/4511/3439 3395/4510/3438
f 3488/4477/3407 3582/4478/3408 3583/4512/3440 3489/4511/3439
f 3582/4478/3408 3676/4479/3409 3677/4513/3441 3583/4512/3440
f 3676/4481/3409 3770/4480/3410 3771/4514/3442 3677/4515/3441
f 3770/4480/3410 3864/4482/3411 3865/4516/3443 3771/4514/3442
f 3864/4482/3411 3958/4483/3412 3959/4517/3444 3865/4516/3443
f 3958/4483/3412 4051/4484/3413 4052/4518/3445 3959/4517/3444
f 4051/4484/3413 4144/4485/3414 4145/4519/3446 4052/4518/3445
f 4144/4485/3414 4237/4486/3415 4238/4520/3447 4145/4519/3446
f 4237/4486/3415 4331/4487/3416 4332/4521/3448 4238/4520/3447
f 4331/4487/3416 4425/4488/3417 4426/4522/3449 4332/4521/3448
f 4425/4490/3417 4519/4489/3418 4520/4523/3450 4426/4524/3449
f 4519/4489/3418 4613/4491/3419 4614/4525/3451 4520/4523/3450
f 4613/4491/3419 4707/4492/3420 4708/4526/3452 4614/4525/3451
f 4707/4492/3420 1799/4458/3390 1800/4494/3422 4708/4526/3452
f 1800/4494/3422 1894/4493/3421 1895/4527/3453 1801/4528/3454
f 1894/4493/3421 1988/4495/3423 1989/4529/3455 1895/4527/3453
f 1988/4495/3423 2082/4496/3424 2083/4530/3456 1989/4529/3455
f 2082/4496/3424 2176/4497/3425 2177/4531/3457 2083/4530/3456
f 2176/4499/3425 2270/4498/3426 2271/4532/3458 2177/4533/3457
f 2270/4498/3426 2364/4500/3427 2365/4534/3459 2271/4532/3458
f 2364/4500/3427 2458/4501/3428 2459/4535/3460 2365/4534/3459
f 2458/4501/3428 2551/4502/3429 2552/4536/3461 2459/4535/3460
f 2551/4502/3429 2644/4503/3430 2645/4537/3462 2552/4536/3461
f 2644/4503/3430 2737/4504/3431 2738/4538/3463 2645/4537/3462
f 2737/4504/3431 2831/4505/3432 2832/4539/3464 2738/4538/3463
f 2831/4505/3432 2925/4506/3433 2926/4540/3465 2832/4539/3464
f 2925/4507/3433 3019/4496/3434 3020/4541/3466 2926/4542/3465
f 3019/4496/3434 3113/4508/3435 3114/4543/3467 3020/4541/3466
f 3113/4508/3435 3207/4509/3436 3208/4544/3468 3114/4543/3467
f 3207/4509/3436 3301/4494/3437 3302/4528/3469 3208/4544/3468
f 3301/4494/3437 3395/4510/3438 3396/4545/3470 3302/4528/3469
f 3395/4510/3438 3489/4511/3439 3490/4546/3471 3396/4545/3470
f 3489/4511/3439 3583/4512/3440 3584/4547/3472 3490/4546/3471
f 3583/4512/3440 3677/4513/3441 3678/4548/3473 3584/4547/3472
f 3677/4515/3441 3771/4514/3442 3772/4549/3474 3678/4540/3473
f 3771/4514/3442 3865/4516/3443 3866/4550/3475 3772/4549/3474
f 3865/4516/3443 3959/4517/3444 3960/4551/3476 3866/4550/3475
f 3959/4517/3444 4052/4518/3445 4053/4552/3477 3960/4551/3476
f 4052/4518/3445 4145/4519/3446 4146/4553/3478 4053/4552/3477
f 4145/4519/3446 4238/4520/3447 4239/4554/3479 4146/4553/3478
f 4238/4520/3447 4332/4521/3448 4333/4555/3480 4239/4554/3479
f 4332/4521/3448 4426/4522/3449 4427/4556/3481 4333/4555/3480
f 4426/4524/3449 4520/4523/3450 4521/4557/3482 4427/4558/3481
f 4520/4523/3450 4614/4525/3451 4615/4559/3483 4521/4557/3482
f 4614/4525/3451 4708/4526/3452 4709/4560/3484 4615/4559/3483
f 4708/4526/3452 1800/4494/3422 1801/4528/3454 4709/4560/3484
f 1801/4528/3454 1895/4527/3453 1896/4561/3485 1802/4562/3486
f 1895/4527/3453 1989/4529/3455 1990/4563/3487 1896/4561/3485
f 1989/4529/3455 2083/4530/3456 2084/4564/3488 1990/4563/3487
f 2083/4530/3456 2177/4531/3457 2178/4565/3489 2084/4564/3488
f 2177/4533/3457 2271/4532/3458 2272/4566/3490 2178/4567/3489
f 2271/4532/3458 2365/4534/3459 2366/4568/3491 2272/4566/3490
f 2365/4534/3459 2459/4535/3460 2460/4569/3492 2366/4568/3491
f 2459/4535/3460 2552/4536/3461 2553/4570/3493 2460/4569/3492
f 2552/4536/3461 2645/4537/3462 2646/4571/3494 2553/4570/3493
f 2645/4537/3462 2738/4538/3463 2739/4572/3495 2646/4571/3494
f 2738/4538/3463 2832/4539/3464 2833/4573/3496 2739/4572/3495
f 2832/4539/3464 2926/4540/3465 2927/4574/3497 2833/4573/3496
f 2926/4542/3465 3020/4541/3466 3021/4575/3498 2927/4565/3497
f 3020/4541/3466 3114/4543/3467 3115/4576/3499 3021/4575/3498
f 3114/4543/3467 3208/4544/3468 3209/4577/3500 3115/4576/3499
f 3208/4544/3468 3302/4528/3469 3303/4562/3501 3209/4577/3500
f 3302/4528/3469 3396/4545/3470 3397/4578/3502 3303/4562/3501
f 3396/4545/3470 3490/4546/3471 3491/4579/3503 3397/4578/3502
f 3490/4546/3471 3584/4547/3472 3585/4580/3504 3491/4579/3503
f 3584/4547/3472 3678/4548/3473 3679/4581/3505 3585/4580/3504
f 3678/4540/3473 3772/4549/3474 3773/4582/3506 3679/4583/3505
f 3772/4549/3474 3866/4550/3475 3867/4584/3507 3773/4582/3506
f 3866/4550/3475 3960/4551/3476 3961/4585/3508 3867/4584/3507
f 3960/4551/3476 4053/4552/3477 4054/4586/3509 3961/4585/3508
f 4053/4552/3477 4146/4553/3478 4147/4587/3510 4054/4586/3509
f 4146/4553/3478 4239/4554/3479 4240/4588/3511 4147/4587/3510
f 4239/4554/3479 4333/4555/3480 4334/4589/3512 4240/4588/3511
f 4333/4555/3480 4427/4556/3481 4428/4590/3513 4334/4589/3512
f 4427/4558/3481 4521/4557/3482 4522/4591/3514 4428/4592/3513
f 4521/4557/3482 4615/4559/3483 4616/4593/3515 4522/4591/3514
f 4615/4559/3483 4709/4560/3484 4710/4594/3516 4616/4593/3515
f 4709/4560/3484 1801/4528/3454 1802/4562/3486 4710/4594/3516
f 1802/4562/3486 1896/4561/3485 1897/4595/3517 1803/4596/3518
f 1896/4561/3485 1990/4563/3487 1991/4597/3519 1897/4595/3517
f 1990/4563/3487 2084/4564/3488 2085/4598/3520 1991/4597/3519
f 2084/4599/3488 2178/4600/3489 2179/4601/3521 2085/4602/3520
f 2178/4600/3489 2272/4603/3490 2273/4604/3522 2179/4601/3521
f 2272/4566/3490 2366/4568/3491 2367/4605/3523 2273/4606/3522
f 2366/4568/3491 2460/4569/3492 2461/4607/3524 2367/4605/3523
f 2460/4569/3492 2553/4570/3493 2554/4608/3525 2461/4607/3524
f 2553/4570/3493 2646/4571/3494 2647/4609/3526 2554/4608/3525
f 2646/4571/3494 2739/4572/3495 2740/4610/3527 2647/4609/3526
f 2739/4572/3495 2833/4573/3496 2834/4611/3528 2740/4610/3527
f 2833/4612/3496 2927/4613/3497 2928/4614/3529 2834/4615/3528
f 2927/4613/3497 3021/4616/3498 3022/4617/3530 2928/4614/3529
f 3021/4575/3498 3115/4576/3499 3116/4618/3531 3022/4619/3530
f 3115/4576/3499 3209/4577/3500 3210/4620/3532 3116/4618/3531
f 3209/4577/3500 3303/4562/3501 3304/4621/3533 3210/4620/3532
f 3303/4562/3501 3397/4578/3502 3398/4622/3534 3304/4621/3533
f 3397/4578/3502 3491/4579/3503 3492/4623/3535 3398/4622/3534
f 3491/4579/3503 3585/4580/3504 3586/4624/3536 3492/4623/3535
f 3585/4625/3504 3679/4626/3505 3680/4627/3537 3586/4628/3536
f 3679/4626/3505 3773/4629/3506 3774/4630/3538 3680/4627/3537
f 3773/4582/3506 3867/4584/3507 3868/4631/3539 3774/4632/3538
f 3867/4584/3507 3961/4585/3508 3962/4633/3540 3868/4631/3539
f 3961/4585/3508 4054/4586/3509 4055/4634/3541 3962/4633/3540
f 4054/4586/3509 4147/4587/3510 4148/4635/3542 4055/4634/3541
f 4147/4587/3510 4240/4588/3511 4241/4636/3543 4148/4635/3542
f 4240/4588/3511 4334/4589/3512 4335/4637/3544 4241/4636/3543
f 4334/4638/3512 4428/4639/3513 4429/4640/3545 4335/4641/3544
f 4428/4639/3513 4522/4642/3514 4523/4643/3546 4429/4640/3545
f 4522/4591/3514 4616/4593/3515 4617/4644/3547 4523/4645/3546
f 4616/4593/3515 4710/4594/3516 4711/4646/3548 4617/4644/3547
f 4710/4594/3516 1802/4562/3486 1803/4596/3518 4711/4646/3548
f 1803/4596/3518 1897/4595/3517 1898/4647/3549 1804/4648/3550
f 1897/4595/3517 1991/4597/3519 1992/4649/3551 1898/4647/3549
f 1991/4597/3519 2085/4598/3520 2086/4650/3552 1992/4649/3551
f 2085/4602/3520 2179/4601/3521 2180/4651/3553 2086/4652/3552
f 2179/4601/3521 2273/4604/3522 2274/4653/3554 2180/4651/3553
f 2273/4606/3522 2367/4605/3523 2368/4654/3555 2274/4655/3554
f 2367/4605/3523 2461/4607/3524 2462/4656/3556 2368/4654/3555
f 2461/4607/3524 2554/4608/3525 2555/4657/3557 2462/4656/3556
f 2554/4608/3525 2647/4609/3526 2648/4658/3558 2555/4657/3557
f 2647/4609/3526 2740/4610/3527 2741/4659/3559 2648/4658/3558
f 2740/4610/3527 2834/4611/3528 2835/4660/3560 2741/4659/3559
f 2834/4615/3528 2928/4614/3529 2929/4661/3561 2835/4662/3560
f 2928/4614/3529 3022/4617/3530 3023/4663/3562 2929/4661/3561
f 3022/4619/3530 3116/4618/3531 3117/4664/3563 3023/4665/3562
f 3116/4618/3531 3210/4620/3532 3211/4666/3564 3117/4664/3563
f 3210/4620/3532 3304/4621/3533 3305/4667/3565 3211/4666/3564
f 3304/4621/3533 3398/4622/3534 3399/4668/3566 3305/4667/3565
f 3398/4622/3534 3492/4623/3535 3493/4669/3567 3399/4668/3566
f 3492/4623/3535 3586/4624/3536 3587/4670/3568 3493/4669/3567
f 3586/4628/3536 3680/4627/3537 3681/4671/3569 3587/4672/3568
f 3680/4627/3537 3774/4630/3538 3775/4673/3570 3681/4671/3569
f 3774/4632/3538 3868/4631/3539 3869/4674/3571 3775/4675/3570
f 3868/4631/3539 3962/4633/3540 3963/4676/3572 3869/4674/3571
f 3962/4633/3540 4055/4634/3541 4056/4677/3573 3963/4676/3572
f 4055/4634/3541 4148/4635/3542 4149/4678/3574 4056/4677/3573
f 4148/4635/3542 4241/4636/3543 4242/4679/3575 4149/4678/3574
f 4241/4636/3543 4335/4637/3544 4336/4680/3576 4242/4679/3575
f 4335/4641/3544 4429/4640/3545 4430/4681/3577 4336/4682/3576
f 4429/4640/3545 4523/4643/3546 4524/4683/3578 4430/4681/3577
f 4523/4645/3546 4617/4644/3547 4618/4684/3579 4524/4685/3578
f 4617/4644/3547 4711/4646/3548 4712/4686/3580 4618/4684/3579
f 4711/4646/3548 1803/4596/3518 1804/4648/3550 4712/4686/3580
f 1804/4648/3550 1898/4647/3549 1899/4687/3581 1805/4688/3582
f 1898/4647/3549 1992/4649/3551 1993/4689/3583 1899/4687/3581
f 1992/4649/3551 2086/4650/3552 2087/4690/3584 1993/4689/3583
f 2086/4650/3552 2180/4691/3553 2181/4692/3585 2087/4690/3584
f 2180/4693/3553 2274/4655/3554 2275/4694/3586 2181/4695/3585
f 2274/4655/3554 2368/4654/3555 2369/4696/3587 2275/4694/3586
f 2368/4654/3555 2462/4656/3556 2463/4697/3588 2369/4696/3587
f 2462/4656/3556 2555/4657/3557 2556/4698/3589 2463/4697/3588
f 2555/4657/3557 2648/4658/3558 2649/4699/3590 2556/4698/3589
f 2648/4658/3558 2741/4659/3559 2742/4700/3591 2649/4699/3590
f 2741/4659/3559 2835/4660/3560 2836/4701/3592 2742/4700/3591
f 2835/4660/3560 2929/4702/3561 2930/4703/3593 2836/4701/3592
f 2929/4704/3561 3023/4665/3562 3024/4705/3594 2930/4706/3593
f 3023/4665/3562 3117/4664/3563 3118/4707/3595 3024/4705/3594
f 3117/4664/3563 3211/4666/3564 3212/4708/3596 3118/4707/3595
f 3211/4666/3564 3305/4667/3565 3306/4709/3597 3212/4708/3596
f 3305/4667/3565 3399/4668/3566 3400/4710/3598 3306/4709/3597
f 3399/4668/3566 3493/4669/3567 3494/4711/3599 3400/4710/3598
f 3493/4669/3567 3587/4670/3568 3588/4712/3600 3494/4711/3599
f 3587/4670/3568 3681/4713/3569 3682/4714/3601 3588/4712/3600
f 3681/4702/3569 3775/4675/3570 3776/4715/3602 3682/4703/3601
f 3775/4675/3570 3869/4674/3571 3870/4716/3603 3776/4715/3602
f 3869/4674/3571 3963/4676/3572 3964/4717/3604 3870/4716/3603
f 3963/4676/3572 4056/4677/3573 4057/4718/3605 3964/4717/3604
f 4056/4677/3573 4149/4678/3574 4150/4719/3606 4057/4718/3605
f 4149/4678/3574 4242/4679/3575 4243/4720/3607 4150/4719/3606
f 4242/4679/3575 4336/4680/3576 4337/4721/3608 4243/4720/3607
f 4336/4680/3576 4430/4722/3577 4431/4723/3609 4337/4721/3608
f 4430/4724/3577 4524/4685/3578 4525/4725/3610 4431/4726/3609
f 4524/4685/3578 4618/4684/3579 4619/4727/3611 4525/4725/3610
f 4618/4684/3579 4712/4686/3580 4713/4728/3612 4619/4727/3611
f 4712/4686/3580 1804/4648/3550 1805/4688/3582 4713/4728/3612
f 1805/4688/3582 1899/4687/3581 1900/4729/3613 1806/4730/3614
f 1899/4687/3581 1993/4689/3583 1994/4731/3615 1900/4729/3613
f 1993/4689/3583 2087/4690/3584 2088/4732/3616 1994/4731/3615
f 2087/4690/3584 2181/4692/3585 2182/4733/3617 2088/4732/3616
f 2181/4695/3585 2275/4694/3586 2276/4734/3618 2182/4735/3617
f 2275/4694/3586 2369/4696/3587 2370/4736/3619 2276/4734/3618
f 2369/4696/3587 2463/4697/3588 2464/4737/3620 2370/4736/3619
f 2463/4697/3588 2556/4698/3589 2557/4738/3621 2464/4737/3620
f 2556/4698/3589 2649/4699/3590 2650/4739/3622 2557/4738/3621
f 2649/4699/3590 2742/4700/3591 2743/4740/3623 2650/4739/3622
f 2742/4700/3591 2836/4701/3592 2837/4741/3624 2743/4740/3623
f 2836/4701/3592 2930/4703/3593 2931/4742/3625 2837/4741/3624
f 2930/4706/3593 3024/4705/3594 3025/4732/3626 2931/4743/3625
f 3024/4705/3594 3118/4707/3595 3119/4744/3627 3025/4732/3626
f 3118/4707/3595 3212/4708/3596 3213/4745/3628 3119/4744/3627
f 3212/4708/3596 3306/4709/3597 3307/4746/3629 3213/4745/3628
f 3306/4709/3597 3400/4710/3598 3401/4747/3630 3307/4746/3629
f 3400/4710/3598 3494/4711/3599 3495/4748/3631 3401/4747/3630
f 3494/4711/3599 3588/4712/3600 3589/4749/3632 3495/4748/3631
f 3588/4712/3600 3682/4714/3601 3683/4750/3633 3589/4749/3632
f 3682/4703/3601 3776/4715/3602 3777/4751/3634 3683/4742/3633
f 3776/4715/3602 3870/4716/3603 3871/4752/3635 3777/4751/3634
f 3870/4716/3603 3964/4717/3604 3965/4753/3636 3871/4752/3635
f 3964/4717/3604 4057/4718/3605 4058/4754/3637 3965/4753/3636
f 4057/4718/3605 4150/4719/3606 4151/4755/3638 4058/4754/3637
f 4150/4719/3606 4243/4720/3607 4244/4756/3639 4151/4755/3638
f 4243/4720/3607 4337/4721/3608 4338/4757/3640 4244/4756/3639
f 4337/4721/3608 4431/4723/3609 4432/4758/3641 4338/4757/3640
f 4431/4726/3609 4525/4725/3610 4526/4759/3642 4432/4760/3641
f 4525/4725/3610 4619/4727/3611 4620/4761/3643 4526/4759/3642
f 4619/4727/3611 4713/4728/3612 4714/4762/3644 4620/4761/3643
f 4713/4728/3612 1805/4688/3582 1806/4730/3614 4714/4762/3644
f 1806/4730/3614 1900/4729/3613 1901/4763/3645 1807/4764/3646
f 1900/4729/3613 1994/4731/3615 1995/4765/3647 1901/4763/3645
f 1994/4731/3615 2088/4732/3616 2089/4766/3648 1995/4765/3647
f 2088/4732/3616 2182/4733/3617 2183/4767/3649 2089/4766/3648
f 2182/4735/3617 2276/4734/3618 2277/4768/3650 2183/4769/3649
f 2276/4734/3618 2370/4736/3619 2371/4770/3651 2277/4768/3650
f 2370/4736/3619 2464/4737/3620 2465/4771/3652 2371/4770/3651
f 2464/4737/3620 2557/4738/3621 2558/4772/3653 2465/4771/3652
f 2557/4738/3621 2650/4739/3622 2651/4773/3654 2558/4772/3653
f 2650/4739/3622 2743/4740/3623 2744/4774/3655 2651/4773/3654
f 2743/4740/3623 2837/4741/3624 2838/4775/3656 2744/4774/3655
f 2837/4741/3624 2931/4742/3625 2932/4776/3657 2838/4775/3656
f 2931/4743/3625 3025/4732/3626 3026/4766/3658 2932/4777/3657
f 3025/4732/3626 3119/4744/3627 3120/4765/3659 3026/4766/3658
f 3119/4744/3627 3213/4745/3628 3214/4778/3660 3120/4765/3659
f 3213/4745/3628 3307/4746/3629 3308/4779/3661 3214/4778/3660
f 3307/4746/3629 3401/4747/3630 3402/4780/3662 3308/4779/3661
f 3401/4747/3630 3495/4748/3631 3496/4781/3663 3402/4780/3662
f 3495/4748/3631 3589/4749/3632 3590/4782/3664 3496/4781/3663
f 3589/4749/3632 3683/4750/3633 3684/4783/3665 3590/4782/3664
f 3683/4742/3633 3777/4751/3634 3778/4784/3666 3684/4785/3665
f 3777/4751/3634 3871/4752/3635 3872/4786/3667 3778/4784/3666
f 3871/4752/3635 3965/4753/3636 3966/4787/3668 3872/4786/3667
f 3965/4753/3636 4058/4754/3637 4059/4788/3669 3966/4787/3668
f 4058/4754/3637 4151/4755/3638 4152/4789/3670 4059/4788/3669
f 4151/4755/3638 4244/4756/3639 4245/4770/3671 4152/4789/3670
f 4244/4756/3639 4338/4757/3640 4339/4790/3672 4245/4770/3671
f 4338/4757/3640 4432/4758/3641 4433/4791/3673 4339/4790/3672
f 4432/4760/3641 4526/4759/3642 4527/4792/3674 4433/4793/3673
f 4526/4759/3642 4620/4761/3643 4621/4794/3675 4527/4792/3674
f 4620/4761/3643 4714/4762/3644 4715/4795/3676 4621/4794/3675
f 4714/4762/3644 1806/4730/3614 1807/4764/3646 4715/4795/3676
f 1807/4764/3646 1901/4763/3645 1902/4796/3677 1808/4797/3678
f 1901/4763/3645 1995/4765/3647 1996/4798/3679 1902/4796/3677
f 1995/4765/3647 2089/4766/3648 2090/4799/3680 1996/4798/3679
f 2089/4766/3648 2183/4767/3649 2184/4800/3681 2090/4799/3680
f 2183/4769/3649 2277/4768/3650 2278/4801/3682 2184/4802/3681
f 2277/4768/3650 2371/4770/3651 2372/4803/3683 2278/4801/3682
f 2371/4770/3651 2465/4771/3652 2466/4804/3684 2372/4803/3683
f 2465/4771/3652 2558/4772/3653 2559/4805/3685 2466/4804/3684
f 2558/4772/3653 2651/4773/3654 2652/4806/3686 2559/4805/3685
f 2651/4773/3654 2744/4774/3655 2745/4807/3687 2652/4806/3686
f 2744/4774/3655 2838/4775/3656 2839/4808/3688 2745/4807/3687
f 2838/4775/3656 2932/4776/3657 2933/4809/3689 2839/4808/3688
f 2932/4777/3657 3026/4766/3658 3027/4799/3690 2933/4810/3689
f 3026/4766/3658 3120/4765/3659 3121/4798/3691 3027/4799/3690
f 3120/4765/3659 3214/4778/3660 3215/4811/3692 3121/4798/3691
f 3214/4778/3660 3308/4779/3661 3309/4812/3693 3215/4811/3692
f 3308/4779/3661 3402/4780/3662 3403/4813/3694 3309/4812/3693
f 3402/4780/3662 3496/4781/3663 3497/4814/3695 3403/4813/3694
f 3496/4781/3663 3590/4782/3664 3591/4815/3696 3497/4814/3695
f 3590/4782/3664 3684/4783/3665 3685/4816/3697 3591/4815/3696
f 3684/4785/3665 3778/4784/3666 3779/4817/3698 3685/4818/3697
f 3778/4784/3666 3872/4786/3667 3873/4819/3699 3779/4817/3698
f 3872/4786/3667 3966/4787/3668 3967/4820/3700 3873/4819/3699
f 3966/4787/3668 4059/4788/3669 4060/4821/3701 3967/4820/3700
f 4059/4788/3669 4152/4789/3670 4153/4822/3702 4060/4821/3701
f 4152/4789/3670 4245/4770/3671 4246/4803/3703 4153/4822/3702
f 4245/4770/3671 4339/4790/3672 4340/4823/3704 4246/4803/3703
f 4339/4790/3672 4433/4791/3673 4434/4824/3705 4340/4823/3704
f 4433/4793/3673 4527/4792/3674 4528/4825/3706 4434/4826/3705
f 4527/4792/3674 4621/4794/3675 4622/4827/3707 4528/4825/3706
f 4621/4794/3675 4715/4795/3676 4716/4828/3708 4622/4827/3707
f 4715/4795/3676 1807/4764/3646 1808/4797/3678 4716/4828/3708
f 1808/4797/3678 1902/4796/3677 1903/4829/3709 1809/4830/3710
f 1902/4796/3677 1996/4798/3679 1997/4831/3711 1903/4829/3709
f 1996/4798/3679 2090/4799/3680 2091/4832/3712 1997/4831/3711
f 2090/4799/3680 2184/4800/3681 2185/4833/3713 2091/4832/3712
f 2184/4802/3681 2278/4801/3682 2279/4834/3714 2185/4835/3713
f 2278/4801/3682 2372/4803/3683 2373/4836/3715 2279/4834/3714
f 2372/4803/3683 2466/4804/3684 2467/4837/3716 2373/4836/3715
f 2466/4804/3684 2559/4805/3685 2560/4838/3717 2467/4837/3716
f 2559/4805/3685 2652/4806/3686 2653/4839/3718 2560/4838/3717
f 2652/4806/3686 2745/4807/3687 2746/4840/3719 2653/4839/3718
f 2745/4807/3687 2839/4808/3688 2840/4841/3720 2746/4840/3719
f 2839/4808/3688 2933/4809/3689 2934/4842/3721 2840/4841/3720
f 2933/4810/3689 3027/4799/3690 3028/4843/3722 2934/4844/3721
f 3027/4799/3690 3121/4798/3691 3122/4831/3723 3028/4843/3722
f 3121/4798/3691 3215/4811/3692 3216/4845/3724 3122/4831/3723
f 3215/4811/3692 3309/4812/3693 3310/4846/3725 3216/4845/3724
f 3309/4812/3693 3403/4813/3694 3404/4847/3726 3310/4846/3725
f 3403/4813/3694 3497/4814/3695 3498/4848/3727 3404/4847/3726
f 3497/4814/3695 3591/4815/3696 3592/4849/3728 3498/4848/3727
f 3591/4815/3696 3685/4816/3697 3686/4850/3729 3592/4849/3728
f 3685/4818/3697 3779/4817/3698 3780/4851/3730 3686/4842/3729
f 3779/4817/3698 3873/4819/3699 3874/4852/3731 3780/4851/3730
f 3873/4819/3699 3967/4820/3700 3968/4853/3732 3874/4852/3731
f 3967/4820/3700 4060/4821/3701 4061/4854/3733 3968/4853/3732
f 4060/4821/3701 4153/4822/3702 4154/4855/3734 4061/4854/3733
f 4153/4822/3702 4246/4803/3703 4247/4836/3735 4154/4855/3734
f 4246/4803/3703 4340/4823/3704 4341/4856/3736 4247/4836/3735
f 4340/4823/3704 4434/4824/3705 4435/4857/3737 4341/4856/3736
f 4434/4826/3705 4528/4825/3706 4529/4858/3738 4435/4859/3737
f 4528/4825/3706 4622/4827/3707 4623/4860/3739 4529/4858/3738
f 4622/4827/3707 4716/4828/3708 4717/4861/3740 4623/4860/3739
f 4716/4828/3708 1808/4797/3678 1809/4830/3710 4717/4861/3740
f 1809/4830/3710 1903/4829/3709 1904/4862/3741 1810/4863/3742
f 1903/4829/3709 1997/4831/3711 1998/4864/3743 1904/4862/3741
f 1997/4831/3711 2091/4832/3712 2092/4865/3744 1998/4864/3743
f 2091/4832/3712 2185/4833/3713 2186/4866/3745 2092/4865/3744
f 2185/4835/3713 2279/4834/3714 2280/4867/3746 2186/4868/3745
f 2279/4834/3714 2373/4836/3715 2374/4869/3747 2280/4867/3746
f 2373/4836/3715 2467/4837/3716 2468/4870/3748 2374/4869/3747
f 2467/4837/3716 2560/4838/3717 2561/4871/3749 2468/4870/3748
f 2560/4838/3717 2653/4839/3718 2654/4872/3750 2561/4871/3749
f 2653/4839/3718 2746/4840/3719 2747/4873/3751 2654/4872/3750
f 2746/4840/3719 2840/4841/3720 2841/4874/3752 2747/4873/3751
f 2840/4841/3720 2934/4842/3721 2935/4875/3753 2841/4874/3752
f 2934/4844/3721 3028/4843/3722 3029/4876/3754 2935/4877/3753
f 3028/4843/3722 3122/4831/3723 3123/4864/3755 3029/4876/3754
f 3122/4831/3723 3216/4845/3724 3217/4878/3756 3123/4864/3755
f 3216/4845/3724 3310/4846/3725 3311/4879/3757 3217/4878/3756
f 3310/4846/3725 3404/4847/3726 3405/4880/3758 3311/4879/3757
f 3404/4847/3726 3498/4848/3727 3499/4881/3759 3405/4880/3758
f 3498/4848/3727 3592/4849/3728 3593/4882/3760 3499/4881/3759
f 3592/4849/3728 3686/4850/3729 3687/4883/3761 3593/4882/3760
f 3686/4842/3729 3780/4851/3730 3781/4884/3762 3687/4875/3761
f 3780/4851/3730 3874/4852/3731 3875/4885/3763 3781/4884/3762
f 3874/4852/3731 3968/4853/3732 3969/4886/3764 3875/4885/3763
f 3968/4853/3732 4061/4854/3733 4062/4887/3765 3969/4886/3764
f 4061/4854/3733 4154/4855/3734 4155/4888/3766 4062/4887/3765
f 4154/4855/3734 4247/4836/3735 4248/4869/3767 4155/4888/3766
f 4247/4836/3735 4341/4856/3736 4342/4889/3768 4248/4869/3767
f 4341/4856/3736 4435/4857/3737 4436/4890/3769 4342/4889/3768
f 4435/4859/3737 4529/4858/3738 4530/4891/3770 4436/4892/3769
f 4529/4858/3738 4623/4860/3739 4624/4893/3771 4530/4891/3770
f 4623/4860/3739 4717/4861/3740 4718/4894/3772 4624/4893/3771
f 4717/4861/3740 1809/4830/3710 1810/4863/3742 4718/4894/3772
f 1810/4863/3742 1904/4862/3741 1905/4895/3773 1811/4896/3774
f 1904/4862/3741 1998/4864/3743 1999/4897/3775 1905/4895/3773
f 1998/4864/3743 2092/4865/3744 2093/4898/3776 1999/4897/3775
f 2092/4865/3744 2186/4866/3745 2187/4899/3777 2093/4898/3776
f 2186/4868/3745 2280/4867/3746 2281/4900/3778 2187/4901/3777
f 2280/4867/3746 2374/4869/3747 2375/4902/3779 2281/4900/3778
f 2374/4869/3747 2468/4870/3748 2469/4903/3780 2375/4902/3779
f 2468/4870/3748 2561/4871/3749 2562/4904/3781 2469/4903/3780
f 2561/4871/3749 2654/4872/3750 2655/4905/3782 2562/4904/3781
f 2654/4872/3750 2747/4873/3751 2748/4906/3783 2655/4905/3782
f 2747/4873/3751 2841/4874/3752 2842/4907/3784 2748/4906/3783
f 2841/4874/3752 2935/4875/3753 2936/4908/3785 2842/4907/3784
f 2935/4877/3753 3029/4876/3754 3030/4909/3786 2936/4910/3785
f 3029/4876/3754 3123/4864/3755 3124/4911/3787 3030/4909/3786
f 3123/4864/3755 3217/4878/3756 3218/4912/3788 3124/4911/3787
f 3217/4878/3756 3311/4879/3757 3312/4913/3789 3218/4912/3788
f 3311/4879/3757 3405/4880/3758 3406/4914/3790 3312/4913/3789
f 3405/4880/3758 3499/4881/3759 3500/4915/3791 3406/4914/3790
f 3499/4881/3759 3593/4882/3760 3594/4916/3792 3500/4915/3791
f 3593/4882/3760 3687/4883/3761 3688/4917/3793 3594/4916/3792
f 3687/4875/3761 3781/4884/3762 3782/4918/3794 3688/4908/3793
f 3781/4884/3762 3875/4885/3763 3876/4919/3795 3782/4918/3794
f 3875/4885/3763 3969/4886/3764 3970/4920/3796 3876/4919/3795
f 3969/4886/3764 4062/4887/3765 4063/4921/3797 3970/4920/3796
f 4062/4887/3765 4155/4888/3766 4156/4903/3798 4063/4921/3797
f 4155/4888/3766 4248/4869/3767 4249/4902/3799 4156/4903/3798
f 4248/4869/3767 4342/4889/3768 4343/4922/3800 4249/4902/3799
f 4342/4889/3768 4436/4890/3769 4437/4923/3801 4343/4922/3800
f 4436/4892/3769 4530/4891/3770 4531/4924/3802 4437/4925/3801
f 4530/4891/3770 4624/4893/3771 4625/4926/3803 4531/4924/3802
f 4624/4893/3771 4718/4894/3772 4719/4927/3804 4625/4926/3803
f 4718/4894/3772 1810/4863/3742 1811/4896/3774 4719/4927/3804
f 1811/4896/3774 1905/4895/3773 1906/4928/3805 1812/4929/3806
f 1905/4895/3773 1999/4897/3775 2000/4930/3807 1906/4928/3805
f 1999/4897/3775 2093/4898/3776 2094/4931/3808 2000/4930/3807
f 2093/4898/3776 2187/4899/3777 2188/4932/3809 2094/4931/3808
f 2187/4901/3777 2281/4900/3778 2282/4933/3810 2188/4934/3809
f 2281/4900/3778 2375/4902/3779 2376/4935/3811 2282/4933/3810
f 2375/4902/3779 2469/4903/3780 2470/4936/3812 2376/4935/3811
f 2469/4903/3780 2562/4904/3781 2563/4937/3813 2470/4936/3812
f 2562/4904/3781 2655/4905/3782 2656/4938/3814 2563/4937/3813
f 2655/4905/3782 2748/4906/3783 2749/4939/3815 2656/4938/3814
f 2748/4906/3783 2842/4907/3784 2843/4940/3816 2749/4939/3815
f 2842/4907/3784 2936/4908/3785 2937/4941/3817 2843/4940/3816
f 2936/4910/3785 3030/4909/3786 3031/4942/3818 2937/4943/3817
f 3030/4909/3786 3124/4911/3787 3125/4930/3819 3031/4942/3818
f 3124/4911/3787 3218/4912/3788 3219/4944/3820 3125/4930/3819
f 3218/4912/3788 3312/4913/3789 3313/4945/3821 3219/4944/3820
f 3312/4913/3789 3406/4914/3790 3407/4946/3822 3313/4945/3821
f 3406/4914/3790 3500/4915/3791 3501/4947/3823 3407/4946/3822
f 3500/4915/3791 3594/4916/3792 3595/4948/3824 3501/4947/3823
f 3594/4916/3792 3688/4917/3793 3689/4949/3825 3595/4948/3824
f 3688/4908/3793 3782/4918/3794 3783/4950/3826 3689/4941/3825
f 3782/4918/3794 3876/4919/3795 3877/4951/3827 3783/4950/3826
f 3876/4919/3795 3970/4920/3796 3971/4952/3828 3877/4951/3827
f 3970/4920/3796 4063/4921/3797 4064/4953/3829 3971/4952/3828
f 4063/4921/3797 4156/4903/3798 4157/4954/3830 4064/4953/3829
f 4156/4903/3798 4249/4902/3799 4250/4935/3831 4157/4954/3830
f 4249/4902/3799 4343/4922/3800 4344/4955/3832 4250/4935/3831
f 4343/4922/3800 4437/4923/3801 4438/4956/3833 4344/4955/3832
f 4437/4925/3801 4531/4924/3802 4532/4957/3834 4438/4958/3833
f 4531/4924/3802 4625/4926/3803 4626/4959/3835 4532/4957/3834
f 4625/4926/3803 4719/4927/3804 4720/4960/3836 4626/4959/3835
f 4719/4927/3804 1811/4896/3774 1812/4929/3806 4720/4960/3836
f 1812/4929/3806 1906/4928/3805 1907/4961/3837 1813/4962/3838
f 1906/4928/3805 2000/4930/3807 2001/4963/3839 1907/4961/3837
f 2000/4930/3807 2094/4931/3808 2095/4964/3840 2001/4963/3839
f 2094/4931/3808 2188/4932/3809 2189/4965/3841 2095/4964/3840
f 2188/4934/3809 2282/4933/3810 2283/4966/3842 2189/4967/3841
f 2282/4933/3810 2376/4935/3811 2377/4968/3843 2283/4966/3842
f 2376/4935/3811 2470/4936/3812 2471/4969/3844 2377/4968/3843
f 2470/4936/3812 2563/4937/3813 2564/4970/3845 2471/4969/3844
f 2563/4937/3813 2656/4938/3814 2657/4971/3846 2564/4970/3845
f 2656/4938/3814 2749/4939/3815 2750/4972/3847 2657/4971/3846
f 2749/4939/3815 2843/4940/3816 2844/4973/3848 2750/4972/3847
f 2843/4940/3816 2937/4941/3817 2938/4974/3849 2844/4973/3848
f 2937/4943/3817 3031/4942/3818 3032/4975/3850 2938/4976/3849
f 3031/4942/3818 3125/4930/3819 3126/4963/3851 3032/4975/3850
f 3125/4930/3819 3219/4944/3820 3220/4977/3852 3126/4963/3851
f 3219/4944/3820 3313/4945/3821 3314/4978/3853 3220/4977/3852
f 3313/4945/3821 3407/4946/3822 3408/4979/3854 3314/4978/3853
f 3407/4946/3822 3501/4947/3823 3502/4980/3855 3408/4979/3854
f 3501/4947/3823 3595/4948/3824 3596/4981/3856 3502/4980/3855
f 3595/4948/3824 3689/4949/3825 3690/4982/3857 3596/4981/3856
f 3689/4941/3825 3783/4950/3826 3784/4983/3858 3690/4974/3857
f 3783/4950/3826 3877/4951/3827 3878/4984/3859 3784/4983/3858
f 3877/4951/3827 3971/4952/3828 3972/4985/3860 3878/4984/3859
f 3971/4952/3828 4064/4953/3829 4065/4986/3861 3972/4985/3860
f 4064/4953/3829 4157/4954/3830 4158/4987/3862 4065/4986/3861
f 4157/4954/3830 4250/4935/3831 4251/4968/3863 4158/4987/3862
f 4250/4935/3831 4344/4955/3832 4345/4988/3864 4251/4968/3863
f 4344/4955/3832 4438/4956/3833 4439/4989/3865 4345/4988/3864
f 4438/4958/3833 4532/4957/3834 4533/4990/3866 4439/4991/3865
f 4532/4957/3834 4626/4959/3835 4627/4992/3867 4533/4990/3866
f 4626/4959/3835 4720/4960/3836 4721/4993/3868 4627/4992/3867
f 4720/4960/3836 1812/4929/3806 1813/4962/3838 4721/4993/3868
f 1813/4962/3838 1907/4961/3837 1908/4994/3869 1814/4995/3870
f 1907/4961/3837 2001/4963/3839 2002/4996/3871 1908/4994/3869
f 2001/4963/3839 2095/4964/3840 2096/4997/3872 2002/4996/3871
f 2095/4964/3840 2189/4965/3841 2190/4998/3873 2096/4997/3872
f 2189/4967/3841 2283/4966/3842 2284/4999/3874 2190/5000/3873
f 2283/4966/3842 2377/4968/3843 2378/5001/3875 2284/4999/3874
f 2377/4968/3843 2471/4969/3844 2472/5002/3876 2378/5001/3875
f 2471/4969/3844 2564/4970/3845 2565/5003/3877 2472/5002/3876
f 2564/4970/3845 2657/4971/3846 2658/5004/3878 2565/5003/3877
f 2657/4971/3846 2750/4972/3847 2751/5005/3879 2658/5004/3878
f 2750/4972/3847 2844/4973/3848 2845/5006/3880 2751/5005/3879
f 2844/4973/3848 2938/4974/3849 2939/5007/3881 2845/5006/3880
f 2938/4976/3849 3032/4975/3850 3033/5008/3882 2939/5009/3881
f 3032/4975/3850 3126/4963/3851 3127/4996/3883 3033/5008/3882
f 3126/4963/3851 3220/4977/3852 3221/5010/3884 3127/4996/3883
f 3220/4977/3852 3314/4978/3853 3315/5011/3885 3221/5010/3884
f 3314/4978/3853 3408/4979/3854 3409/5012/3886 3315/5011/3885
f 3408/4979/3854 3502/4980/3855 3503/5013/3887 3409/5012/3886
f 3502/4980/3855 3596/4981/3856 3597/5014/3888 3503/5013/3887
f 3596/4981/3856 3690/4982/3857 3691/5015/3889 3597/5014/3888
f 3690/4974/3857 3784/4983/3858 3785/5016/3890 3691/5007/3889
f 3784/4983/3858 3878/4984/3859 3879/5017/3891 3785/5016/3890
f 3878/4984/3859 3972/4985/3860 3973/5018/3892 3879/5017/3891
f 3972/4985/3860 4065/4986/3861 4066/5019/3893 3973/5018/3892
f 4065/4986/3861 4158/4987/3862 4159/5020/3894 4066/5019/3893
f 4158/4987/3862 4251/4968/3863 4252/5001/3895 4159/5020/3894
f 4251/4968/3863 4345/4988/3864 4346/5021/3896 4252/5001/3895
f 4345/4988/3864 4439/4989/3865 4440/5022/3897 4346/5021/3896
f 4439/4991/3865 4533/4990/3866 4534/5023/3898 4440/5024/3897
f 4533/4990/3866 4627/4992/3867 4628/5025/3899 4534/5023/3898
f 4627/4992/3867 4721/4993/3868 4722/5026/3900 4628/5025/3899
f 4721/4993/3868 1813/4962/3838 1814/4995/3870 4722/5026/3900
f 1814/4995/3870 1908/4994/3869 1909/5027/3901 1815/5028/3902
f 1908/4994/3869 2002/4996/3871 2003/5029/3903 1909/5027/3901
f 2002/4996/3871 2096/4997/3872 2097/5030/3904 2003/5029/3903
f 2096/4997/3872 2190/4998/3873 2191/5031/3905 2097/5030/3904
f 2190/5000/3873 2284/4999/3874 2285/5032/3906 2191/5033/3905
f 2284/4999/3874 2378/5001/3875 2379/5034/3907 2285/5032/3906
f 2378/5001/3875 2472/5002/3876 2473/5035/3908 2379/5034/3907
f 2472/5002/3876 2565/5003/3877 2566/5036/3909 2473/5035/3908
f 2565/5003/3877 2658/5004/3878 2659/5037/3910 2566/5036/3909
f 2658/5004/3878 2751/5005/3879 2752/5038/3911 2659/5037/3910
f 2751/5005/3879 2845/5006/3880 2846/5039/3912 2752/5038/3911
f 2845/5006/3880 2939/5007/3881 2940/5040/3913 2846/5039/3912
f 2939/5009/3881 3033/5008/3882 3034/5041/3914 2940/5042/3913
f 3033/5008/3882 3127/4996/3883 3128/5043/3915 3034/5041/3914
f 3127/4996/3883 3221/5010/3884 3222/5044/3916 3128/5043/3915
f 3221/5010/3884 3315/5011/3885 3316/5045/3917 3222/5044/3916
f 3315/5011/3885 3409/5012/3886 3410/5046/3918 3316/5045/3917
f 3409/5012/3886 3503/5013/3887 3504/5047/3919 3410/5046/3918
f 3503/5013/3887 3597/5014/3888 3598/5048/3920 3504/5047/3919
f 3597/5014/3888 3691/5015/3889 3692/5049/3921 3598/5048/3920
f 3691/5007/3889 3785/5016/3890 3786/5050/3922 3692/5040/3921
f 3785/5016/3890 3879/5017/3891 3880/5051/3923 3786/5050/3922
f 3879/5017/3891 3973/5018/3892 3974/5052/3924 3880/5051/3923
f 3973/5018/3892 4066/5019/3893 4067/5053/3925 3974/5052/3924
f 4066/5019/3893 4159/5020/3894 4160/5054/3926 4067/5053/3925
f 4159/5020/3894 4252/5001/3895 4253/5055/3927 4160/5054/3926
f 4252/5001/3895 4346/5021/3896 4347/5056/3928 4253/5055/3927
f 4346/5021/3896 4440/5022/3897 4441/5057/3929 4347/5056/3928
f 4440/5024/3897 4534/5023/3898 4535/5058/3930 4441/5059/3929
f 4534/5023/3898 4628/5025/3899 4629/5060/3931 4535/5058/3930
f 4628/5025/3899 4722/5026/3900 4723/5061/3932 4629/5060/3931
f 4722/5026/3900 1814/4995/3870 1815/5028/3902 4723/5061/3932
f 1815/5062/3902 1909/5063/3901 1910/5064/3933 1816/5065/3934
f 1909/5063/3901 2003/5066/3903 2004/5067/3935 1910/5064/3933
f 2003/5066/3903 2097/5068/3904 2098/5069/3936 2004/5067/3935
f 2097/5068/3904 2191/5070/3905 2192/5071/3937 2098/5069/3936
f 2191/5070/3905 2285/5072/3906 2286/5073/3938 2192/5071/3937
f 2285/5072/3906 2379/5074/3907 2380/5075/3939 2286/5073/3938
f 2379/5074/3907 2473/5076/3908 2474/5077/3940 2380/5075/3939
f 2473/5076/3908 2566/5078/3909 2567/5079/3941 2474/5077/3940
f 2566/5078/3909 2659/5080/3910 2660/5081/3942 2567/5079/3941
f 2659/5080/3910 2752/5082/3911 2753/5083/3943 2660/5081/3942
f 2752/5082/3911 2846/5084/3912 2847/5085/3944 2753/5083/3943
f 2846/5084/3912 2940/5086/3913 2941/5087/3945 2847/5085/3944
f 2940/5086/3913 3034/5088/3914 3035/5089/3946 2941/5087/3945
f 3034/5088/3914 3128/5090/3915 3129/5091/3947 3035/5089/3946
f 3128/5090/3915 3222/5092/3916 3223/5093/3948 3129/5091/3947
f 3222/5092/3916 3316/5094/3917 3317/5095/3949 3223/5093/3948
f 3316/5094/3917 3410/5096/3918 3411/5097/3950 3317/5095/3949
f 3410/5096/3918 3504/5098/3919 3505/5099/3951 3411/5097/3950
f 3504/5098/3919 3598/5100/3920 3599/5101/3952 3505/5099/3951
f 3598/5100/3920 3692/5102/3921 3693/5103/3953 3599/5101/3952
f 3692/5102/3921 3786/5104/3922 3787/5105/3954 3693/5103/3953
f 3786/5104/3922 3880/5106/3923 3881/5107/3955 3787/5105/3954
f 3880/5106/3923 3974/5108/3924 3975/5109/3956 3881/5107/3955
f 3974/5108/3924 4067/5110/3925 4068/5111/3957 3975/5109/3956
f 4067/5110/3925 4160/5112/3926 4161/5113/3958 4068/5111/3957
f 4160/5112/3926 4253/5114/3927 4254/5115/3959 4161/5113/3958
f 4253/5114/3927 4347/5116/3928 4348/5117/3960 4254/5115/3959
f 4347/5116/3928 4441/5118/3929 4442/5119/3961 4348/5117/3960
f 4441/5118/3929 4535/5120/3930 4536/5121/3962 4442/5119/3961
f 4535/5120/3930 4629/5122/3931 4630/5123/3963 4536/5121/3962
f 4629/5122/3931 4723/5124/3932 4724/5125/3964 4630/5123/3963
f 4723/5124/3932 1815/5062/3902 1816/5065/3934 4724/5125/3964
f 1816/5065/3934 1910/5064/3933 1911/5126/3965 1817/5127/3966
f 1910/5064/3933 2004/5067/3935 2005/5128/3967 1911/5126/3965
f 2004/5067/3935 2098/5069/3936 2099/5129/3968 2005/5128/3967
f 2098/5069/3936 2192/5071/3937 2193/5130/3969 2099/5129/3968
f 2192/5071/3937 2286/5073/3938 2287/5131/3970 2193/5130/3969
f 2286/5073/3938 2380/5075/3939 2381/5132/3971 2287/5131/3970
f 2380/5075/3939 2474/5077/3940 2475/5133/3972 2381/5132/3971
f 2474/5077/3940 2567/5079/3941 2568/5134/3973 2475/5133/3972
f 2567/5079/3941 2660/5081/3942 2661/5135/3974 2568/5134/3973
f 2660/5081/3942 2753/5083/3943 2754/5136/3975 2661/5135/3974
f 2753/5083/3943 2847/5085/3944 2848/5137/3976 2754/5136/3975
f 2847/5085/3944 2941/5087/3945 2942/5138/3977 2848/5137/3976
f 2941/5087/3945 3035/5089/3946 3036/5139/3978 2942/5138/3977
f 3035/5089/3946 3129/5091/3947 3130/5140/3979 3036/5139/3978
f 3129/5091/3947 3223/5093/3948 3224/5141/3980 3130/5140/3979
f 3223/5093/3948 3317/5095/3949 3318/5142/3981 3224/5141/3980
f 3317/5095/3949 3411/5097/3950 3412/5143/3982 3318/5142/3981
f 3411/5097/3950 3505/5099/3951 3506/5144/3983 3412/5143/3982
f 3505/5099/3951 3599/5101/3952 3600/5145/3984 3506/5144/3983
f 3599/5101/3952 3693/5103/3953 3694/5146/3985 3600/5145/3984
f 3693/5103/3953 3787/5105/3954 3788/5147/3986 3694/5146/3985
f 3787/5105/3954 3881/5107/3955 3882/5148/3987 3788/5147/3986
f 3881/5107/3955 3975/5109/3956 3976/5149/3988 3882/5148/3987
f 3975/5109/3956 4068/5111/3957 4069/5150/3989 3976/5149/3988
f 4068/5111/3957 4161/5113/3958 4162/5151/3990 4069/5150/3989
f 4161/5113/3958 4254/5115/3959 4255/5152/3991 4162/5151/3990
f 4254/5115/3959 4348/5117/3960 4349/5153/3992 4255/5152/3991
f 4348/5117/3960 4442/5119/3961 4443/5154/3993 4349/5153/3992
f 4442/5119/3961 4536/5121/3962 4537/5155/3994 4443/5154/3993
f 4536/5121/3962 4630/5123/3963 4631/5156/3995 4537/5155/3994
f 4630/5123/3963 4724/5125/3964 4725/5157/3996 4631/5156/3995
f 4724/5125/3964 1816/5065/3934 1817/5127/3966 4725/5157/3996
f 1817/5127/3966 1911/5126/3965 1912/5158/3997 1818/5159/3998
f 1911/5126/3965 2005/5128/3967 2006/5160/3999 1912/5158/3997
f 2005/5128/3967 2099/5129/3968 2100/5161/4000 2006/5160/3999
f 2099/5129/3968 2193/5130/3969 2194/5162/4001 2100/5161/4000
f 2193/5130/3969 2287/5131/3970 2288/5163/4002 2194/5162/4001
f 2287/5131/3970 2381/5132/3971 2382/5164/4003 2288/5163/4002
f 2381/5132/3971 2475/5133/3972 2476/5165/4004 2382/5164/4003
f 2475/5133/3972 2568/5134/3973 2569/5166/4005 2476/5165/4004
f 2568/5134/3973 2661/5135/3974 2662/5167/4006 2569/5166/4005
f 2661/5135/3974 2754/5136/3975 2755/5168/4007 2662/5167/4006
f 2754/5136/3975 2848/5137/3976 2849/5169/4008 2755/5168/4007
f 2848/5137/3976 2942/5138/3977 2943/5170/4009 2849/5169/4008
f 2942/5138/3977 3036/5139/3978 3037/5171/4010 2943/5170/4009
f 3036/5139/3978 3130/5140/3979 3131/5172/4011 3037/5171/4010
f 3130/5140/3979 3224/5141/3980 3225/5173/4012 3131/5172/4011
f 3224/5141/3980 3318/5142/3981 3319/5174/4013 3225/5173/4012
f 3318/5142/3981 3412/5143/3982 3413/5175/4014 3319/5174/4013
f 3412/5143/3982 3506/5144/3983 3507/5176/4015 3413/5175/4014
f 3506/5144/3983 3600/5145/3984 3601/5177/4016 3507/5176/4015
f 3600/5145/3984 3694/5146/3985 3695/5178/4017 3601/5177/4016
f 3694/5146/3985 3788/5147/3986 3789/5179/4018 3695/5178/4017
f 3788/5147/3986 3882/5148/3987 3883/5180/4019 3789/5179/4018
f 3882/5148/3987 3976/5149/3988 3977/5181/4020 3883/5180/4019
f 3976/5149/3988 4069/5150/3989 4070/5182/4021 3977/5181/4020
f 4069/5150/3989 4162/5151/3990 4163/5183/4022 4070/5182/4021
f 4162/5151/3990 4255/5152/3991 4256/5184/4023 4163/5183/4022
f 4255/5152/3991 4349/5153/3992 4350/5185/4024 4256/5184/4023
f 4349/5153/3992 4443/5154/3993 4444/5186/4025 4350/5185/4024
f 4443/5154/3993 4537/5155/3994 4538/5187/4026 4444/5186/4025
f 4537/5155/3994 4631/5156/3995 4632/5188/4027 4538/5187/4026
f 4631/5156/3995 4725/5157/3996 4726/5189/4028 4632/5188/4027
f 4725/5157/3996 1817/5127/3966 1818/5159/3998 4726/5189/4028
f 1818/5159/3998 1912/5158/3997 1913/5190/4029 1819/5191/4030
f 1912/5158/3997 2006/5160/3999 2007/5192/4031 1913/5190/4029
f 2006/5160/3999 2100/5161/4000 2101/5193/4032 2007/5192/4031
f 2100/5161/4000 2194/5162/4001 2195/5194/4033 2101/5193/4032
f 2194/5162/4001 2288/5163/4002 2289/5195/4034 2195/5194/4033
f 2288/5163/4002 2382/5164/4003 2383/5196/4035 2289/5195/4034
f 2382/5164/4003 2476/5165/4004 2477/5197/4036 2383/5196/4035
f 2476/5165/4004 2569/5166/4005 2570/5198/4037 2477/5197/4036
f 2569/5166/4005 2662/5167/4006 2663/5199/4038 2570/5198/4037
f 2662/5167/4006 2755/5168/4007 2756/5200/4039 2663/5199/4038
f 2755/5168/4007 2849/5169/4008 2850/5201/4040 2756/5200/4039
f 2849/5169/4008 2943/5170/4009 2944/5202/4041 2850/5201/4040
f 2943/5170/4009 3037/5171/4010 3038/5203/4042 2944/5202/4041
f 3037/5171/4010 3131/5172/4011 3132/5204/4043 3038/5203/4042
f 3131/5172/4011 3225/5173/4012 3226/5205/4044 3132/5204/4043
f 3225/5173/4012 3319/5174/4013 3320/5206/4045 3226/5205/4044
f 3319/5174/4013 3413/5175/4014 3414/5207/4046 3320/5206/4045
f 3413/5175/4014 3507/5176/4015 3508/5208/4047 3414/5207/4046
f 3507/5176/4015 3601/5177/4016 3602/5209/4048 3508/5208/4047
f 3601/5177/4016 3695/5178/4017 3696/5210/4049 3602/5209/4048
f 3695/5178/4017 3789/5179/4018 3790/5211/4050 3696/5210/4049
f 3789/5179/4018 3883/5180/4019 3884/5212/4051 3790/5211/4050
f 3883/5180/4019 3977/5181/4020 3978/5213/4052 3884/5212/4051
f 3977/5181/4020 4070/5182/4021 4071/5214/4053 3978/5213/4052
f 4070/5182/4021 4163/5183/4022 4164/5215/4054 4071/5214/4053
f 4163/5183/4022 4256/5184/4023 4257/5216/4055 4164/5215/4054
f 4256/5184/4023 4350/5185/4024 4351/5217/4056 4257/5216/4055
f 4350/5185/4024 4444/5186/4025 4445/5218/4057 4351/5217/4056
f 4444/5186/4025 4538/5187/4026 4539/5219/4058 4445/5218/4057
f 4538/5187/4026 4632/5188/4027 4633/5220/4059 4539/5219/4058
f 4632/5188/4027 4726/5189/4028 4727/5221/4060 4633/5220/4059
f 4726/5189/4028 1818/5159/3998 1819/5191/4030 4727/5221/4060
f 1819/5191/4030 1913/5190/4029 1914/5222/4061 1820/5223/4062
f 1913/5190/4029 2007/5192/4031 2008/5224/4063 1914/5222/4061
f 2007/5192/4031 2101/5193/4032 2102/5225/4064 2008/5224/4063
f 2101/5193/4032 2195/5194/4033 2196/5226/4065 2102/5225/4064
f 2195/5194/4033 2289/5195/4034 2290/5227/4066 2196/5226/4065
f 2289/5195/4034 2383/5196/4035 2384/5228/4067 2290/5227/4066
f 2383/5196/4035 2477/5197/4036 2478/5229/4068 2384/5228/4067
f 2477/5197/4036 2570/5198/4037 2571/5230/4069 2478/5229/4068
f 2570/5198/4037 2663/5199/4038 2664/5231/4070 2571/5230/4069
f 2663/5199/4038 2756/5200/4039 2757/5232/4071 2664/5231/4070
f 2756/5200/4039 2850/5201/4040 2851/5233/4072 2757/5232/4071
f 2850/5201/4040 2944/5202/4041 2945/5234/4073 2851/5233/4072
f 2944/5202/4041 3038/5203/4042 3039/5235/4074 2945/5234/4073
f 3038/5203/4042 3132/5204/4043 3133/5236/4075 3039/5235/4074
f 3132/5204/4043 3226/5205/4044 3227/5237/4076 3133/5236/4075
f 3226/5205/4044 3320/5206/4045 3321/5238/1757 3227/5237/4076
f 3320/5206/4045 3414/5207/4046 3415/5239/4077 3321/5238/1757
f 3414/5207/4046 3508/5208/4047 3509/5240/1759 3415/5239/4077
f 3508/5208/4047 3602/5209/4048 3603/5241/1760 3509/5240/1759
f 3602/5209/4048 3696/5210/4049 3697/5242/1761 3603/5241/1760
f 3696/5210/4049 3790/5211/4050 3791/5243/1762 3697/5242/1761
f 3790/5211/4050 3884/5212/4051 3885/5244/1763 3791/5243/1762
f 3884/5212/4051 3978/5213/4052 3979/5245/4078 3885/5244/1763
f 3978/5213/4052 4071/5214/4053 4072/5246/1765 3979/5245/4078
f 4071/5214/4053 4164/5215/4054 4165/5247/4079 4072/5246/1765
f 4164/5215/4054 4257/5216/4055 4258/5248/4080 4165/5247/4079
f 4257/5216/4055 4351/5217/4056 4352/5249/4081 4258/5248/4080
f 4351/5217/4056 4445/5218/4057 4446/5250/4082 4352/5249/4081
f 4445/5218/4057 4539/5219/4058 4540/5251/4083 4446/5250/4082
f 4539/5219/4058 4633/5220/4059 4634/5252/4084 4540/5251/4083
f 4633/5220/4059 4727/5221/4060 4728/5253/4085 4634/5252/4084
f 4727/5221/4060 1819/5191/4030 1820/5223/4062 4728/5253/4085
f 1820/5223/4062 1914/5222/4061 1915/5254/4086 1821/5255/4087
f 1914/5222/4061 2008/5224/4063 2009/5256/4088 1915/5254/4086
f 2008/5224/4063 2102/5225/4064 2103/5257/4089 2009/5256/4088
f 2102/5225/4064 2196/5226/4065 2197/5258/4090 2103/5257/4089
f 2196/5226/4065 2290/5227/4066 2291/5259/4091 2197/5258/4090
f 2290/5227/4066 2384/5228/4067 2385/5260/4092 2291/5259/4091
f 2384/5228/4067 2478/5229/4068 2479/5261/4093 2385/5260/4092
f 2478/5229/4068 2571/5230/4069 2572/5262/4094 2479/5261/4093
f 2571/5230/4069 2664/5231/4070 2665/5263/4095 2572/5262/4094
f 2664/5231/4070 2757/5232/4071 2758/5264/4096 2665/5263/4095
f 2757/5232/4071 2851/5233/4072 2852/5265/4097 2758/5264/4096
f 2851/5233/4072 2945/5234/4073 2946/5266/4098 2852/5265/4097
f 2945/5234/4073 3039/5235/4074 3040/5267/4099 2946/5266/4098
f 3039/5235/4074 3133/5236/4075 3134/5268/4100 3040/5267/4099
f 3133/5236/4075 3227/5237/4076 3228/5269/4101 3134/5268/4100
f 3227/5237/4076 3321/5238/1757 3322/5270/4102 3228/5269/4101
f 3321/5238/1757 3415/5239/4077 3416/5271/4103 3322/5270/4102
f 3415/5239/4077 3509/5240/1759 3510/5272/4104 3416/5271/4103
f 3509/5240/1759 3603/5241/1760 3604/5273/4105 3510/5272/4104
f 3603/5241/1760 3697/5242/1761 3698/5274/4106 3604/5273/4105
f 3697/5242/1761 3791/5243/1762 3792/5275/4107 3698/5274/4106
f 3791/5243/1762 3885/5244/1763 3886/5276/4108 3792/5275/4107
f 3885/5244/1763 3979/5245/4078 3980/5277/4109 3886/5276/4108
f 3979/5245/4078 4072/5246/1765 4073/5278/4110 3980/5277/4109
f 4072/5246/1765 4165/5247/4079 4166/5279/4111 4073/5278/4110
f 4165/5247/4079 4258/5248/4080 4259/5280/4112 4166/5279/4111
f 4258/5248/4080 4352/5249/4081 4353/5281/4113 4259/5280/4112
f 4352/5249/4081 4446/5250/4082 4447/5282/4114 4353/5281/4113
f 4446/5250/4082 4540/5251/4083 4541/5283/4115 4447/5282/4114
f 4540/5251/4083 4634/5252/4084 4635/5284/4116 4541/5283/4115
f 4634/5252/4084 4728/5253/4085 4729/5285/4117 4635/5284/4116
f 4728/5253/4085 1820/5223/4062 1821/5255/4087 4729/5285/4117
f 1821/5255/4087 1915/5254/4086 1916/5286/4118 1822/5287/4119
f 1915/5254/4086 2009/5256/4088 2010/5288/4120 1916/5286/4118
f 2009/5256/4088 2103/5257/4089 2104/5289/4121 2010/5288/4120
f 2103/5257/4089 2197/5258/4090 2198/5290/4122 2104/5289/4121
f 2197/5258/4090 2291/5259/4091 2292/5291/4123 2198/5290/4122
f 2291/5259/4091 2385/5260/4092 2386/5292/4124 2292/5291/4123
f 2385/5260/4092 2479/5261/4093 2480/5293/4125 2386/5292/4124
f 2479/5261/4093 2572/5262/4094 2573/5294/4126 2480/5293/4125
f 2572/5262/4094 2665/5263/4095 2666/5295/4127 2573/5294/4126
f 2665/5263/4095 2758/5264/4096 2759/5296/4128 2666/5295/4127
f 2758/5264/4096 2852/5265/4097 2853/5297/4129 2759/5296/4128
f 2852/5265/4097 2946/5266/4098 2947/5298/4130 2853/5297/4129
f 2946/5266/4098 3040/5267/4099 3041/5299/4131 2947/5298/4130
f 3040/5267/4099 3134/5268/4100 3135/5300/4132 3041/5299/4131
f 3134/5268/4100 3228/5269/4101 3229/5301/4133 3135/5300/4132
f 3228/5269/4101 3322/5270/4102 3323/5302/4134 3229/5301/4133
f 3322/5270/4102 3416/5271/4103 3417/5303/4135 3323/5302/4134
f 3416/5271/4103 3510/5272/4104 3511/5304/4136 3417/5303/4135
f 3510/5272/4104 3604/5273/4105 3605/5305/4137 3511/5304/4136
f 3604/5273/4105 3698/5274/4106 3699/5306/4138 3605/5305/4137
f 3698/5274/4106 3792/5275/4107 3793/5307/4139 3699/5306/4138
f 3792/5275/4107 3886/5276/4108 3887/5308/4140 3793/5307/4139
f 3886/5276/4108 3980/5277/4109 3981/5309/4141 3887/5308/4140
f 3980/5277/4109 4073/5278/4110 4074/5310/4142 3981/5309/4141
f 4073/5278/4110 4166/5279/4111 4167/5311/4143 4074/5310/4142
f 4166/5279/4111 4259/5280/4112 4260/5312/4144 4167/5311/4143
f 4259/5280/4112 4353/5281/4113 4354/5313/4145 4260/5312/4144
f 4353/5281/4113 4447/5282/4114 4448/5314/4146 4354/5313/4145
f 4447/5282/4114 4541/5283/4115 4542/5315/4147 4448/5314/4146
f 4541/5283/4115 4635/5284/4116 4636/5316/4148 4542/5315/4147
f 4635/5284/4116 4729/5285/4117 4730/5317/4149 4636/5316/4148
f 4729/5285/4117 1821/5255/4087 1822/5287/4119 4730/5317/4149
f 1822/5287/4119 1916/5286/4118 1917/5318/4150 1823/5319/4151
f 1916/5286/4118 2010/5288/4120 2011/5320/4152 1917/5318/4150
f 2010/5288/4120 2104/5289/4121 2105/5321/4153 2011/5320/4152
f 2104/5289/4121 2198/5290/4122 2199/5322/4154 2105/5321/4153
f 2198/5290/4122 2292/5291/4123 2293/5323/4155 2199/5322/4154
f 2292/5291/4123 2386/5292/4124 2387/5324/4156 2293/5323/4155
f 2386/5292/4124 2480/5293/4125 2481/5325/4157 2387/5324/4156
f 2480/5293/4125 2573/5294/4126 2574/5326/4158 2481/5325/4157
f 2573/5294/4126 2666/5295/4127 2667/5327/4159 2574/5326/4158
f 2666/5295/4127 2759/5296/4128 2760/5328/4160 2667/5327/4159
f 2759/5296/4128 2853/5297/4129 2854/5329/4161 2760/5328/4160
f 2853/5297/4129 2947/5298/4130 2948/5330/4162 2854/5329/4161
f 2947/5298/4130 3041/5299/4131 3042/5331/4163 2948/5330/4162
f 3041/5299/4131 3135/5300/4132 3136/5332/4164 3042/5331/4163
f 3135/5300/4132 3229/5301/4133 3230/5333/4165 3136/5332/4164
f 3229/5301/4133 3323/5302/4134 3324/5334/4166 3230/5333/4165
f 3323/5302/4134 3417/5303/4135 3418/5335/4167 3324/5334/4166
f 3417/5303/4135 3511/5304/4136 3512/5336/4168 3418/5335/4167
f 3511/5304/4136 3605/5305/4137 3606/5337/4169 3512/5336/4168
f 3605/5305/4137 3699/5306/4138 3700/5338/4170 3606/5337/4169
f 3699/5306/4138 3793/5307/4139 3794/5339/4171 3700/5338/4170
f 3793/5307/4139 3887/5308/4140 3888/5340/4172 3794/5339/4171
f 3887/5308/4140 3981/5309/4141 3982/5341/4173 3888/5340/4172
f 3981/5309/4141 4074/5310/4142 4075/5342/4174 3982/5341/4173
f 4074/5310/4142 4167/5311/4143 4168/5343/4175 4075/5342/4174
f 4167/5311/4143 4260/5312/4144 4261/5344/4176 4168/5343/4175
f 4260/5312/4144 4354/5313/4145 4355/5345/4177 4261/5344/4176
f 4354/5313/4145 4448/5314/4146 4449/5346/4178 4355/5345/4177
f 4448/5314/4146 4542/5315/4147 4543/5347/4179 4449/5346/4178
f 4542/5315/4147 4636/5316/4148 4637/5348/4180 4543/5347/4179
f 4636/5316/4148 4730/5317/4149 4731/5349/4181 4637/5348/4180
f 4730/5317/4149 1822/5287/4119 1823/5319/4151 4731/5349/4181
f 1823/5319/4151 1917/5318/4150 1918/5350/4182 1824/5351/4183
f 1917/5318/4150 2011/5320/4152 2012/5352/4184 1918/5350/4182
f 2011/5320/4152 2105/5321/4153 2106/5353/4185 2012/5352/4184
f 2105/5321/4153 2199/5322/4154 2200/5354/4186 2106/5353/4185
f 2199/5322/4154 2293/5323/4155 2294/5355/4187 2200/5354/4186
f 2293/5323/4155 2387/5324/4156 2388/5356/4188 2294/5355/4187
f 2387/5324/4156 2481/5325/4157 2482/5357/4189 2388/5356/4188
f 2481/5325/4157 2574/5326/4158 2575/5358/4190 2482/5357/4189
f 2574/5326/4158 2667/5327/4159 2668/5359/4191 2575/5358/4190
f 2667/5327/4159 2760/5328/4160 2761/5360/4192 2668/5359/4191
f 2760/5328/4160 2854/5329/4161 2855/5361/4193 2761/5360/4192
f 2854/5329/4161 2948/5330/4162 2949/5362/4194 2855/5361/4193
f 2948/5330/4162 3042/5331/4163 3043/5363/4195 2949/5362/4194
f 3042/5331/4163 3136/5332/4164 3137/5364/4196 3043/5363/4195
f 3136/5332/4164 3230/5333/4165 3231/5365/4197 3137/5364/4196
f 3230/5333/4165 3324/5334/4166 3325/5366/4198 3231/5365/4197
f 3324/5334/4166 3418/5335/4167 3419/5367/4199 3325/5366/4198
f 3418/5335/4167 3512/5336/4168 3513/5368/4200 3419/5367/4199
f 3512/5336/4168 3606/5337/4169 3607/5369/4201 3513/5368/4200
f 3606/5337/4169 3700/5338/4170 3701/5370/4202 3607/5369/4201
f 3700/5338/4170 3794/5339/4171 3795/5371/4203 3701/5370/4202
f 3794/5339/4171 3888/5340/4172 3889/5372/4204 3795/5371/4203
f 3888/5340/4172 3982/5341/4173 3983/5373/4205 3889/5372/4204
f 3982/5341/4173 4075/5342/4174 4076/5374/4206 3983/5373/4205
f 4075/5342/4174 4168/5343/4175 4169/5375/4207 4076/5374/4206
f 4168/5343/4175 4261/5344/4176 4262/5376/4208 4169/5375/4207
f 4261/5344/4176 4355/5345/4177 4356/5377/4209 4262/5376/4208
f 4355/5345/4177 4449/5346/4178 4450/5378/4210 4356/5377/4209
f 4449/5346/4178 4543/5347/4179 4544/5379/4211 4450/5378/4210
f 4543/5347/4179 4637/5348/4180 4638/5380/4212 4544/5379/4211
f 4637/5348/4180 4731/5349/4181 4732/5381/4213 4638/5380/4212
f 4731/5349/4181 1823/5319/4151 1824/5351/4183 4732/5381/4213
f 1824/5382/4183 1918/5383/4182 1919/5384/4214 1825/5385/4215
f 1918/5383/4182 2012/5386/4184 2013/5387/4216 1919/5384/4214
f 2012/5386/4184 2106/5388/4185 2107/5389/4217 2013/5387/4216
f 2106/5353/4185 2200/5354/4186 2201/5390/4218 2107/5391/4217
f 2200/5354/4186 2294/5355/4187 2295/5392/4219 2201/5390/4218
f 2294/5393/4187 2388/5394/4188 2389/5395/4220 2295/5396/4219
f 2388/5394/4188 2482/5397/4189 2483/5398/4221 2389/5395/4220
f 2482/5397/4189 2575/5399/4190 2576/5400/4222 2483/5398/4221
f 2575/5399/4190 2668/5401/4191 2669/5402/4223 2576/5400/4222
f 2668/5401/4191 2761/5403/4192 2762/5404/4224 2669/5402/4223
f 2761/5403/4192 2855/5405/4193 2856/5406/4225 2762/5404/4224
f 2855/5361/4193 2949/5362/4194 2950/5407/4226 2856/5408/4225
f 2949/5362/4194 3043/5363/4195 3044/5409/4227 2950/5407/4226
f 3043/5410/4195 3137/5386/4196 3138/5411/4228 3044/5389/4227
f 3137/5386/4196 3231/5412/4197 3232/5413/4229 3138/5411/4228
f 3231/5412/4197 3325/5414/4198 3326/5415/4230 3232/5413/4229
f 3325/5414/4198 3419/5416/4199 3420/5417/4231 3326/5415/4230
f 3419/5416/4199 3513/5418/4200 3514/5419/4232 3420/5417/4231
f 3513/5418/4200 3607/5420/4201 3608/5421/4233 3514/5419/4232
f 3607/5369/4201 3701/5370/4202 3702/5422/4234 3608/5423/4233
f 3701/5370/4202 3795/5371/4203 3796/5424/4235 3702/5422/4234
f 3795/5425/4203 3889/5426/4204 3890/5427/4236 3796/5428/4235
f 3889/5426/4204 3983/5429/4205 3984/5430/4237 3890/5427/4236
f 3983/5429/4205 4076/5431/4206 4077/5432/4238 3984/5430/4237
f 4076/5431/4206 4169/5433/4207 4170/5434/4239 4077/5432/4238
f 4169/5433/4207 4262/5394/4208 4263/5395/4240 4170/5434/4239
f 4262/5394/4208 4356/5435/4209 4357/5436/4241 4263/5395/4240
f 4356/5377/4209 4450/5378/4210 4451/5437/4242 4357/5438/4241
f 4450/5378/4210 4544/5379/4211 4545/5439/4243 4451/5437/4242
f 4544/5440/4211 4638/5441/4212 4639/5442/4244 4545/5443/4243
f 4638/5441/4212 4732/5444/4213 4733/5445/4245 4639/5442/4244
f 4732/5444/4213 1824/5382/4183 1825/5385/4215 4733/5445/4245
f 1825/5385/4215 1919/5384/4214 1920/5446/4246 1826/5447/4247
f 1919/5384/4214 2013/5387/4216 2014/5448/4248 1920/5446/4246
f 2013/5387/4216 2107/5389/4217 2108/5449/4249 2014/5448/4248
f 2107/5389/4217 2201/5450/4218 2202/5451/4250 2108/5449/4249
f 2201/5452/4218 2295/5396/4219 2296/5453/4251 2202/5454/4250
f 2295/5396/4219 2389/5395/4220 2390/5455/4252 2296/5453/4251
f 2389/5395/4220 2483/5398/4221 2484/5456/4253 2390/5455/4252
f 2483/5398/4221 2576/5400/4222 2577/5457/4254 2484/5456/4253
f 2576/5400/4222 2669/5402/4223 2670/5458/4255 2577/5457/4254
f 2669/5402/4223 2762/5404/4224 2763/5459/4256 2670/5458/4255
f 2762/5404/4224 2856/5406/4225 2857/5460/4257 2763/5459/4256
f 2856/5406/4225 2950/5461/4226 2951/5462/4258 2857/5460/4257
f 2950/5463/4226 3044/5389/4227 3045/5464/4259 2951/5465/4258
f 3044/5389/4227 3138/5411/4228 3139/5448/4260 3045/5464/4259
f 3138/5411/4228 3232/5413/4229 3233/5466/4261 3139/5448/4260
f 3232/5413/4229 3326/5415/4230 3327/5467/4262 3233/5466/4261
f 3326/5415/4230 3420/5417/4231 3421/5468/4263 3327/5467/4262
f 3420/5417/4231 3514/5419/4232 3515/5469/4264 3421/5468/4263
f 3514/5419/4232 3608/5421/4233 3609/5470/4265 3515/5469/4264
f 3608/5421/4233 3702/5471/4234 3703/5472/4266 3609/5470/4265
f 3702/5461/4234 3796/5428/4235 3797/5473/4267 3703/5462/4266
f 3796/5428/4235 3890/5427/4236 3891/5474/4268 3797/5473/4267
f 3890/5427/4236 3984/5430/4237 3985/5475/4269 3891/5474/4268
f 3984/5430/4237 4077/5432/4238 4078/5476/4270 3985/5475/4269
f 4077/5432/4238 4170/5434/4239 4171/5456/4271 4078/5476/4270
f 4170/5434/4239 4263/5395/4240 4264/5477/4272 4171/5456/4271
f 4263/5395/4240 4357/5436/4241 4358/5453/4273 4264/5477/4272
f 4357/5436/4241 4451/5478/4242 4452/5479/4274 4358/5453/4273
f 4451/5480/4242 4545/5443/4243 4546/5481/4275 4452/5482/4274
f 4545/5443/4243 4639/5442/4244 4640/5483/4276 4546/5481/4275
f 4639/5442/4244 4733/5445/4245 4734/5484/4277 4640/5483/4276
f 4733/5445/4245 1825/5385/4215 1826/5447/4247 4734/5484/4277
f 1826/5447/4247 1920/5446/4246 1921/5485/4278 1827/5486/4279
f 1920/5446/4246 2014/5448/4248 2015/5487/4280 1921/5485/4278
f 2014/5448/4248 2108/5449/4249 2109/5488/4281 2015/5487/4280
f 2108/5449/4249 2202/5451/4250 2203/5489/4282 2109/5488/4281
f 2202/5454/4250 2296/5453/4251 2297/5490/4283 2203/5491/4282
f 2296/5453/4251 2390/5455/4252 2391/5492/4284 2297/5490/4283
f 2390/5455/4252 2484/5456/4253 2485/5493/4285 2391/5492/4284
f 2484/5456/4253 2577/5457/4254 2578/5494/4286 2485/5493/4285
f 2577/5457/4254 2670/5458/4255 2671/5495/4287 2578/5494/4286
f 2670/5458/4255 2763/5459/4256 2764/5496/4288 2671/5495/4287
f 2763/5459/4256 2857/5460/4257 2858/5497/4289 2764/5496/4288
f 2857/5460/4257 2951/5462/4258 2952/5498/4290 2858/5497/4289
f 2951/5465/4258 3045/5464/4259 3046/5499/4291 2952/5500/4290
f 3045/5464/4259 3139/5448/4260 3140/5501/4292 3046/5499/4291
f 3139/5448/4260 3233/5466/4261 3234/5502/4293 3140/5501/4292
f 3233/5466/4261 3327/5467/4262 3328/5503/4294 3234/5502/4293
f 3327/5467/4262 3421/5468/4263 3422/5504/4295 3328/5503/4294
f 3421/5468/4263 3515/5469/4264 3516/5505/4296 3422/5504/4295
f 3515/5469/4264 3609/5470/4265 3610/5506/4297 3516/5505/4296
f 3609/5470/4265 3703/5472/4266 3704/5507/4298 3610/5506/4297
f 3703/5462/4266 3797/5473/4267 3798/5508/4299 3704/5498/4298
f 3797/5473/4267 3891/5474/4268 3892/5509/4300 3798/5508/4299
f 3891/5474/4268 3985/5475/4269 3986/5510/4301 3892/5509/4300
f 3985/5475/4269 4078/5476/4270 4079/5511/4302 3986/5510/4301
f 4078/5476/4270 4171/5456/4271 4172/5493/4303 4079/5511/4302
f 4171/5456/4271 4264/5477/4272 4265/5492/4304 4172/5493/4303
f 4264/5477/4272 4358/5453/4273 4359/5490/4305 4265/5492/4304
f 4358/5453/4273 4452/5479/4274 4453/5512/4306 4359/5490/4305
f 4452/5482/4274 4546/5481/4275 4547/5513/4307 4453/5514/4306
f 4546/5481/4275 4640/5483/4276 4641/5515/4308 4547/5513/4307
f 4640/5483/4276 4734/5484/4277 4735/5516/4309 4641/5515/4308
f 4734/5484/4277 1826/5447/4247 1827/5486/4279 4735/5516/4309
f 1827/5486/4279 1921/5485/4278 1922/5517/4310 1828/5518/4311
f 1921/5485/4278 2015/5487/4280 2016/5519/4312 1922/5517/4310
f 2015/5487/4280 2109/5488/4281 2110/5520/4313 2016/5519/4312
f 2109/5488/4281 2203/5489/4282 2204/5521/4314 2110/5520/4313
f 2203/5491/4282 2297/5490/4283 2298/5522/4315 2204/5523/4314
f 2297/5490/4283 2391/5492/4284 2392/5524/4316 2298/5522/4315
f 2391/5492/4284 2485/5493/4285 2486/5525/4317 2392/5524/4316
f 2485/5493/4285 2578/5494/4286 2579/5526/4318 2486/5525/4317
f 2578/5494/4286 2671/5495/4287 2672/5527/4319 2579/5526/4318
f 2671/5495/4287 2764/5496/4288 2765/5528/4320 2672/5527/4319
f 2764/5496/4288 2858/5497/4289 2859/5529/4321 2765/5528/4320
f 2858/5497/4289 2952/5498/4290 2953/5530/4322 2859/5529/4321
f 2952/5500/4290 3046/5499/4291 3047/5531/4323 2953/5532/4322
f 3046/5499/4291 3140/5501/4292 3141/5519/4324 3047/5531/4323
f 3140/5501/4292 3234/5502/4293 3235/5533/4325 3141/5519/4324
f 3234/5502/4293 3328/5503/4294 3329/5534/4326 3235/5533/4325
f 3328/5503/4294 3422/5504/4295 3423/5535/4327 3329/5534/4326
f 3422/5504/4295 3516/5505/4296 3517/5536/4328 3423/5535/4327
f 3516/5505/4296 3610/5506/4297 3611/5537/4329 3517/5536/4328
f 3610/5506/4297 3704/5507/4298 3705/5538/4330 3611/5537/4329
f 3704/5498/4298 3798/5508/4299 3799/5539/4331 3705/5540/4330
f 3798/5508/4299 3892/5509/4300 3893/5541/4332 3799/5539/4331
f 3892/5509/4300 3986/5510/4301 3987/5542/4333 3893/5541/4332
f 3986/5510/4301 4079/5511/4302 4080/5543/4334 3987/5542/4333
f 4079/5511/4302 4172/5493/4303 4173/5544/4335 4080/5543/4334
f 4172/5493/4303 4265/5492/4304 4266/5524/4336 4173/5544/4335
f 4265/5492/4304 4359/5490/4305 4360/5545/4337 4266/5524/4336
f 4359/5490/4305 4453/5512/4306 4454/5546/4338 4360/5545/4337
f 4453/5514/4306 4547/5513/4307 4548/5547/4339 4454/5548/4338
f 4547/5513/4307 4641/5515/4308 4642/5549/4340 4548/5547/4339
f 4641/5515/4308 4735/5516/4309 4736/5550/4341 4642/5549/4340
f 4735/5516/4309 1827/5486/4279 1828/5518/4311 4736/5550/4341
f 1828/5518/4311 1922/5517/4310 1923/5551/4342 1829/5552/4343
f 1922/5517/4310 2016/5519/4312 2017/5553/4344 1923/5551/4342
f 2016/5519/4312 2110/5520/4313 2111/5554/4345 2017/5553/4344
f 2110/5520/4313 2204/5521/4314 2205/5555/4346 2111/5554/4345
f 2204/5523/4314 2298/5522/4315 2299/5556/4347 2205/5557/4346
f 2298/5522/4315 2392/5524/4316 2393/5558/4348 2299/5556/4347
f 2392/5559/4316 2486/5560/4317 2487/5561/4349 2393/5562/4348
f 2486/5560/4317 2579/5563/4318 2580/5564/4350 2487/5561/4349
f 2579/5563/4318 2672/5565/4319 2673/5566/4351 2580/5564/4350
f 2672/5565/4319 2765/5567/4320 2766/5568/4352 2673/5566/4351
f 2765/5528/4320 2859/5529/4321 2860/5569/4353 2766/5570/4352
f 2859/5529/4321 2953/5530/4322 2954/5571/4354 2860/5569/4353
f 2953/5532/4322 3047/5531/4323 3048/5572/4355 2954/5573/4354
f 3047/5531/4323 3141/5519/4324 3142/5553/4356 3048/5572/4355
f 3141/5519/4324 3235/5533/4325 3236/5574/4357 3142/5553/4356
f 3235/5533/4325 3329/5534/4326 3330/5575/4358 3236/5574/4357
f 3329/5534/4326 3423/5535/4327 3424/5576/4359 3330/5575/4358
f 3423/5535/4327 3517/5536/4328 3518/5577/4360 3424/5576/4359
f 3517/5536/4328 3611/5537/4329 3612/5578/4361 3518/5577/4360
f 3611/5537/4329 3705/5538/4330 3706/5579/4362 3612/5578/4361
f 3705/5540/4330 3799/5539/4331 3800/5580/4363 3706/5571/4362
f 3799/5539/4331 3893/5541/4332 3894/5581/4364 3800/5580/4363
f 3893/5582/4332 3987/5583/4333 3988/5584/4365 3894/5585/4364
f 3987/5583/4333 4080/5586/4334 4081/5587/4366 3988/5584/4365
f 4080/5586/4334 4173/5588/4335 4174/5589/4367 4081/5587/4366
f 4173/5588/4335 4266/5590/4336 4267/5591/4368 4174/5589/4367
f 4266/5524/4336 4360/5545/4337 4361/5556/4369 4267/5558/4368
f 4360/5545/4337 4454/5546/4338 4455/5592/4370 4361/5556/4369
f 4454/5548/4338 4548/5547/4339 4549/5593/4371 4455/5594/4370
f 4548/5547/4339 4642/5549/4340 4643/5595/4372 4549/5593/4371
f 4642/5549/4340 4736/5550/4341 4737/5596/4373 4643/5595/4372
f 4736/5550/4341 1828/5518/4311 1829/5552/4343 4737/5596/4373
f 1829/5552/4343 1923/5551/4342 1924/5597/4374 1830/5598/4375
f 1923/5551/4342 2017/5553/4344 2018/5599/4376 1924/5597/4374
f 2017/5553/4344 2111/5554/4345 2112/5600/4377 2018/5599/4376
f 2111/5554/4345 2205/5555/4346 2206/5601/4378 2112/5600/4377
f 2205/5557/4346 2299/5556/4347 2300/5602/4379 2206/5603/4378
f 2299/5604/4347 2393/5562/4348 2394/5605/4380 2300/5606/4379
f 2393/5562/4348 2487/5561/4349 2488/5607/4381 2394/5605/4380
f 2487/5561/4349 2580/5564/4350 2581/5608/4382 2488/5607/4381
f 2580/5564/4350 2673/5566/4351 2674/5609/4383 2581/5608/4382
f 2673/5566/4351 2766/5568/4352 2767/5610/4384 2674/5609/4383
f 2766/5568/4352 2860/5611/4353 2861/5612/4385 2767/5610/4384
f 2860/5569/4353 2954/5571/4354 2955/5613/4386 2861/5614/4385
f 2954/5573/4354 3048/5572/4355 3049/5600/4387 2955/5615/4386
f 3048/5572/4355 3142/5553/4356 3143/5599/4388 3049/5600/4387
f 3142/5553/4356 3236/5574/4357 3237/5616/4389 3143/5599/4388
f 3236/5574/4357 3330/5575/4358 3331/5617/4390 3237/5616/4389
f 3330/5575/4358 3424/5576/4359 3425/5618/4391 3331/5617/4390
f 3424/5576/4359 3518/5577/4360 3519/5619/4392 3425/5618/4391
f 3518/5577/4360 3612/5578/4361 3613/5620/4393 3519/5619/4392
f 3612/5578/4361 3706/5579/4362 3707/5621/4394 3613/5620/4393
f 3706/5571/4362 3800/5580/4363 3801/5622/4395 3707/5613/4394
f 3800/5623/4363 3894/5585/4364 3895/5624/4396 3801/5625/4395
f 3894/5585/4364 3988/5584/4365 3989/5626/4397 3895/5624/4396
f 3988/5584/4365 4081/5587/4366 4082/5627/4398 3989/5626/4397
f 4081/5587/4366 4174/5589/4367 4175/5628/4399 4082/5627/4398
f 4174/5589/4367 4267/5591/4368 4268/5629/4400 4175/5628/4399
f 4267/5591/4368 4361/5630/4369 4362/5631/4401 4268/5629/4400
f 4361/5556/4369 4455/5592/4370 4456/5632/4402 4362/5633/4401
f 4455/5594/4370 4549/5593/4371 4550/5634/4403 4456/5635/4402
f 4549/5593/4371 4643/5595/4372 4644/5636/4404 4550/5634/4403
f 4643/5595/4372 4737/5596/4373 4738/5637/4405 4644/5636/4404
f 4737/5596/4373 1829/5552/4343 1830/5598/4375 4738/5637/4405
f 1830/5638/4375 1924/5639/4374 1925/5640/4406 1831/5641/4407
f 1924/5639/4374 2018/5642/4376 2019/5643/4408 1925/5640/4406
f 2018/5599/4376 2112/5600/4377 2113/5644/4409 2019/5645/4408
f 2112/5646/4377 2206/5603/4378 2207/5647/4410 2113/5648/4411
f 2206/5649/4378 2300/5606/4379 2301/5650/4412 2207/5651/4410
f 2300/5606/4379 2394/5605/4380 2395/5652/4413 2301/5650/4412
f 2394/5605/4380 2488/5607/4381 2489/5653/4414 2395/5652/4413
f 2488/5607/4381 2581/5608/4382 2582/5654/4415 2489/5653/4414
f 2581/5608/4382 2674/5609/4383 2675/5655/4416 2582/5654/4415
f 2674/5609/4383 2767/5610/4384 2768/5656/4417 2675/5655/4416
f 2767/5610/4384 2861/5612/4385 2862/5657/4418 2768/5656/4417
f 2861/5612/4385 2955/5658/4386 2956/5659/4419 2862/5657/4418
f 2955/5613/4386 3049/5660/4387 3050/5661/4420 2956/5662/4419
f 3049/5600/4387 3143/5599/4388 3144/5645/4421 3050/5663/4422
f 3143/5664/4388 3237/5665/4389 3238/5666/4423 3144/5667/4421
f 3237/5665/4389 3331/5668/4390 3332/5669/4424 3238/5666/4423
f 3331/5668/4390 3425/5670/4391 3426/5671/4425 3332/5669/4424
f 3425/5670/4391 3519/5672/4392 3520/5673/4426 3426/5671/4425
f 3519/5619/4392 3613/5620/4393 3614/5674/4427 3520/5675/4426
f 3613/5676/4393 3707/5613/4394 3708/5677/4428 3614/5678/4429
f 3707/5679/4394 3801/5625/4395 3802/5680/4430 3708/5681/4428
f 3801/5625/4395 3895/5624/4396 3896/5682/4431 3802/5680/4430
f 3895/5624/4396 3989/5626/4397 3990/5683/4432 3896/5682/4431
f 3989/5626/4397 4082/5627/4398 4083/5684/4433 3990/5683/4432
f 4082/5627/4398 4175/5628/4399 4176/5685/4434 4083/5684/4433
f 4175/5628/4399 4268/5629/4400 4269/5686/4435 4176/5685/4434
f 4268/5629/4400 4362/5631/4401 4363/5687/4436 4269/5686/4435
f 4362/5631/4401 4456/5688/4402 4457/5689/4437 4363/5687/4436
f 4456/5632/4402 4550/5690/4403 4551/5691/4438 4457/5692/4437
f 4550/5634/4403 4644/5636/4404 4645/5693/4439 4551/5694/4440
f 4644/5695/4404 4738/5696/4405 4739/5697/4441 4645/5698/4439
f 4738/5696/4405 1830/5638/4375 1831/5641/4407 4739/5697/4441
f 1831/5641/4407 1925/5640/4406 1926/5699/4442 1832/5700/4443
f 1925/5640/4406 2019/5643/4408 2020/5701/4444 1926/5699/4442
f 2019/5643/4408 2113/5702/4409 2114/5703/4445 2020/5701/4444
f 2113/5648/4411 2207/5647/4410 2208/5704/4446 2114/5705/4446
f 2207/5651/4410 2301/5650/4412 2302/5706/4447 2208/5707/4448
f 2301/5650/4412 2395/5652/4413 2396/5708/4449 2302/5706/4447
f 2395/5652/4413 2489/5653/4414 2490/5709/4450 2396/5708/4449
f 2489/5653/4414 2582/5654/4415 2583/5710/4451 2490/5709/4450
f 2582/5654/4415 2675/5655/4416 2676/5711/4452 2583/5710/4451
f 2675/5655/4416 2768/5656/4417 2769/5712/4453 2676/5711/4454
f 2768/5656/4417 2862/5657/4418 2863/5713/4455 2769/5712/4453
f 2862/5657/4418 2956/5659/4419 2957/5714/4456 2863/5713/4455
f 2956/5662/4419 3050/5661/4420 3051/5715/4457 2957/5716/4457
f 3050/5717/4422 3144/5667/4421 3145/5718/4458 3051/5719/4459
f 3144/5667/4421 3238/5666/4423 3239/5720/4460 3145/5718/4458
f 3238/5666/4423 3332/5669/4424 3333/5721/4461 3239/5720/4460
f 3332/5669/4424 3426/5671/4425 3427/5722/4462 3333/5721/4461
f 3426/5671/4425 3520/5673/4426 3521/5723/4463 3427/5722/4462
f 3520/5673/4426 3614/5724/4427 3615/5725/4464 3521/5723/4463
f 3614/5678/4429 3708/5677/4428 3709/5726/4465 3615/5727/4465
f 3708/5681/4428 3802/5680/4430 3803/5728/4466 3709/5729/4467
f 3802/5680/4430 3896/5682/4431 3897/5730/4468 3803/5728/4466
f 3896/5682/4431 3990/5683/4432 3991/5731/4469 3897/5730/4468
f 3990/5683/4432 4083/5684/4433 4084/5732/4470 3991/5731/4469
f 4083/5684/4433 4176/5685/4434 4177/5733/4471 4084/5732/4470
f 4176/5685/4434 4269/5686/4435 4270/5734/4472 4177/5733/4473
f 4269/5686/4435 4363/5687/4436 4364/5735/4474 4270/5734/4472
f 4363/5687/4436 4457/5689/4437 4458/5736/4475 4364/5735/4474
f 4457/5692/4437 4551/5691/4438 4552/5737/4476 4458/5738/4476
f 4551/5739/4440 4645/5698/4439 4646/5740/4477 4552/5741/4478
f 4645/5698/4439 4739/5697/4441 4740/5742/4479 4646/5740/4477
f 4739/5697/4441 1831/5641/4407 1832/5700/4443 4740/5742/4479
f 1832/5700/4443 1926/5699/4442 1927/5743/4480 1833/5744/4481
f 1926/5699/4442 2020/5701/4444 2021/5745/4482 1927/5743/4480
f 2020/5701/4483 2021/5745/4484 2115/5746/4485 2114/5703/4486
f 2114/5703/4486 2115/5746/4485 2209/5747/4487 2208/5707/4488
f 2208/5707/4488 2209/5747/4487 2303/5748/4489 2302/5706/4490
f 2302/5749/4490 2303/5750/4489 2397/5751/4491 2396/5752/4491
f 2396/5752/4492 2397/5751/4492 2490/5753/4492
f 2676/5754/4493 2770/5755/4493 2769/5756/4493
f 2769/5756/4494 2770/5755/4494 2864/5757/4495 2863/5758/4496
f 2863/5713/4496 2864/5759/4495 2958/5760/4497 2957/5714/4498
f 2957/5714/4499 3051/5719/4500 3052/5761/4501 2958/5760/4502
f 3051/5719/4500 3145/5718/4503 3146/5762/4504 3052/5761/4501
f 3145/5718/4505 3146/5762/4506 3240/5763/4507 3239/5720/4508
f 3239/5720/4508 3240/5763/4507 3334/5764/4509 3333/5721/4510
f 3333/5721/4461 3427/5722/4462 3428/5765/4511 3334/5764/4512
f 3427/5722/4462 3521/5723/4463 3522/5766/4513 3428/5765/4511
f 3521/5723/4463 3615/5725/4514 3616/5767/4515 3522/5766/4513
f 3615/5725/4516 3616/5767/4517 3710/5768/4518 3709/5729/4519
f 3709/5729/4519 3710/5768/4518 3804/5769/4520 3803/5728/4521
f 3803/5770/4521 3804/5771/4520 3898/5772/4522 3897/5773/4522
f 3897/5773/4523 3898/5772/4523 3991/5774/4523
f 4177/5775/4524 4271/5751/4524 4270/5752/4524
f 4270/5752/4525 4271/5751/4525 4365/5776/4526 4364/5749/4527
f 4364/5735/4527 4365/5777/4526 4459/5778/4528 4458/5736/4529
f 4458/5736/4529 4459/5778/4528 4553/5779/4530 4552/5741/4531
f 4552/5741/4532 4646/5740/4477 4647/5780/4533 4553/5779/4534
f 4646/5740/4477 4740/5742/4479 4741/5781/4535 4647/5780/4533
f 4740/5742/4479 1832/5700/4443 1833/5744/4481 4741/5781/4535
