# Blender 4.1.1
# www.blender.org
mtllib bishop.mtl
o Bishop
v 0.000000 -0.003761 -0.194862
v 0.000000 -0.000082 -0.194862
v 0.038016 -0.003761 -0.191118
v 0.038016 -0.000082 -0.191118
v 0.074571 -0.003761 -0.180029
v 0.074571 -0.000082 -0.180029
v 0.108260 -0.003761 -0.162022
v 0.108260 -0.000082 -0.162022
v 0.137788 -0.003761 -0.137788
v 0.137788 -0.000082 -0.137788
v 0.162022 -0.003761 -0.108260
v 0.162022 -0.000082 -0.108260
v 0.180029 -0.003761 -0.074571
v 0.180029 -0.000082 -0.074571
v 0.191118 -0.003761 -0.038016
v 0.191118 -0.000082 -0.038016
v 0.194862 -0.003761 0.000000
v 0.194862 -0.000082 -0.000000
v 0.191118 -0.003761 0.038016
v 0.191118 -0.000082 0.038016
v 0.180029 -0.003761 0.074571
v 0.180029 -0.000082 0.074571
v 0.162022 -0.003761 0.108260
v 0.162022 -0.000082 0.108260
v 0.137788 -0.003761 0.137788
v 0.137788 -0.000082 0.137788
v 0.108260 -0.003761 0.162022
v 0.108260 -0.000082 0.162022
v 0.074571 -0.003761 0.180029
v 0.074571 -0.000082 0.180029
v 0.038016 -0.003761 0.191118
v 0.038016 -0.000082 0.191118
v 0.000000 -0.003761 0.194862
v 0.000000 -0.000082 0.194862
v -0.038016 -0.003761 0.191118
v -0.038016 -0.000082 0.191118
v -0.074571 -0.003761 0.180029
v -0.074571 -0.000082 0.180029
v -0.108260 -0.003761 0.162022
v -0.108260 -0.000082 0.162022
v -0.137788 -0.003761 0.137788
v -0.137788 -0.000082 0.137788
v -0.162022 -0.003761 0.108260
v -0.162022 -0.000082 0.108260
v -0.180029 -0.003761 0.074571
v -0.180029 -0.000082 0.074571
v -0.191118 -0.003761 0.038016
v -0.191118 -0.000082 0.038016
v -0.194862 -0.003761 0.000000
v -0.194862 -0.000082 -0.000000
v -0.191118 -0.003761 -0.038016
v -0.191118 -0.000082 -0.038016
v -0.180029 -0.003761 -0.074571
v -0.180029 -0.000082 -0.074571
v -0.162022 -0.003761 -0.108260
v -0.162022 -0.000082 -0.108260
v -0.137788 -0.003761 -0.137788
v -0.137788 -0.000082 -0.137788
v -0.108260 -0.003761 -0.162022
v -0.108260 -0.000082 -0.162022
v -0.074571 -0.003761 -0.180029
v -0.074571 -0.000082 -0.180029
v -0.038016 -0.003761 -0.191118
v -0.038016 -0.000082 -0.191118
v 0.000000 0.000000 -0.000000
v 0.003712 0.000048 -0.000000
v 0.014077 0.000182 -0.000000
v 0.029938 0.000383 -0.000000
v 0.050137 0.000636 -0.000000
v 0.073517 0.000923 -0.000000
v 0.098922 0.001227 -0.000000
v 0.125193 0.001531 -0.000000
v 0.151175 0.001817 -0.000000
v 0.175709 0.002070 -0.000000
v 0.197638 0.002272 -0.000000
v 0.215806 0.002405 -0.000000
v 0.229055 0.002454 -0.000000
v 0.234129 0.002644 -0.000000
v 0.238928 0.003188 -0.000000
v 0.243420 0.004041 -0.000000
v 0.247573 0.005162 -0.000000
v 0.251355 0.006508 -0.000000
v 0.254736 0.008037 -0.000000
v 0.257683 0.009705 -0.000000
v 0.260165 0.011471 -0.000000
v 0.262151 0.013291 -0.000000
v 0.263608 0.015124 -0.000000
v 0.264506 0.016926 -0.000000
v 0.264812 0.018656 -0.000000
v 0.264812 0.020964 -0.000000
v 0.264812 0.023336 -0.000000
v 0.264812 0.025753 -0.000000
v 0.264812 0.028199 -0.000000
v 0.264812 0.030655 -0.000000
v 0.264812 0.033102 -0.000000
v 0.264812 0.035524 -0.000000
v 0.264812 0.037902 -0.000000
v 0.264812 0.040219 -0.000000
v 0.264812 0.042455 -0.000000
v 0.264812 0.044595 -0.000000
v 0.264812 0.046618 -0.000000
v 0.264003 0.050082 -0.000000
v 0.261768 0.052730 -0.000000
v 0.258389 0.054708 -0.000000
v 0.254153 0.056159 -0.000000
v 0.249344 0.057229 -0.000000
v 0.244245 0.058064 -0.000000
v 0.239143 0.058808 -0.000000
v 0.234322 0.059607 -0.000000
v 0.230065 0.060605 -0.000000
v 0.226659 0.061948 -0.000000
v 0.224387 0.063780 -0.000000
v 0.223534 0.066247 -0.000000
v 0.224373 0.069016 -0.000000
v 0.226778 0.071743 -0.000000
v 0.230438 0.074554 -0.000000
v 0.235040 0.077580 -0.000000
v 0.240271 0.080946 -0.000000
v 0.245821 0.084783 -0.000000
v 0.251377 0.089216 -0.000000
v 0.256626 0.094376 -0.000000
v 0.261257 0.100388 -0.000000
v 0.264957 0.107383 -0.000000
v 0.267415 0.115486 -0.000000
v 0.268317 0.124827 -0.000000
v 0.266529 0.139243 -0.000000
v 0.261528 0.152379 -0.000000
v 0.253952 0.164476 -0.000000
v 0.244442 0.175773 -0.000000
v 0.233637 0.186513 -0.000000
v 0.222176 0.196936 -0.000000
v 0.210700 0.207283 -0.000000
v 0.199847 0.217794 -0.000000
v 0.190257 0.228712 -0.000000
v 0.182570 0.240275 -0.000000
v 0.177425 0.252726 -0.000000
v 0.175462 0.266305 -0.000000
v 0.175357 0.274480 -0.000000
v 0.175184 0.281270 -0.000000
v 0.174857 0.286803 -0.000000
v 0.174290 0.291207 -0.000000
v 0.173395 0.294610 -0.000000
v 0.172087 0.297141 -0.000000
v 0.170279 0.298928 -0.000000
v 0.167885 0.300098 -0.000000
v 0.164818 0.300781 -0.000000
v 0.160992 0.301104 -0.000000
v 0.156320 0.301196 -0.000000
v 0.150717 0.301184 -0.000000
v 0.145214 0.305815 -0.000000
v 0.136914 0.319185 -0.000000
v 0.126734 0.340472 -0.000000
v 0.115594 0.368852 -0.000000
v 0.104412 0.403503 -0.000000
v 0.094107 0.443603 -0.000000
v 0.085597 0.488329 -0.000000
v 0.079802 0.536858 -0.000000
v 0.077639 0.588367 -0.000000
v 0.080028 0.642034 -0.000000
v 0.087888 0.697036 -0.000000
v 0.102135 0.752551 -0.000000
v 0.105471 0.752551 -0.000000
v 0.109296 0.752551 -0.000000
v 0.113489 0.752551 -0.000000
v 0.117932 0.752551 -0.000000
v 0.122505 0.752551 -0.000000
v 0.127087 0.752551 -0.000000
v 0.131559 0.752551 -0.000000
v 0.135800 0.752551 -0.000000
v 0.139692 0.752551 -0.000000
v 0.143113 0.752551 -0.000000
v 0.145945 0.752551 -0.000000
v 0.148067 0.752551 -0.000000
v 0.153553 0.753416 -0.000000
v 0.158041 0.755810 -0.000000
v 0.161532 0.759425 -0.000000
v 0.164025 0.763957 -0.000000
v 0.165521 0.769100 -0.000000
v 0.166020 0.774549 -0.000000
v 0.165521 0.779997 -0.000000
v 0.164025 0.785140 -0.000000
v 0.161532 0.789672 -0.000000
v 0.158041 0.793288 -0.000000
v 0.153553 0.795681 -0.000000
v 0.148067 0.796547 -0.000000
v 0.145573 0.796547 -0.000000
v 0.144032 0.796547 -0.000000
v 0.143203 0.796547 -0.000000
v 0.142846 0.796547 -0.000000
v 0.142718 0.796547 -0.000000
v 0.142581 0.796547 -0.000000
v 0.142191 0.796547 -0.000000
v 0.141309 0.796547 -0.000000
v 0.139694 0.796547 -0.000000
v 0.137104 0.796547 -0.000000
v 0.133299 0.796547 -0.000000
v 0.128038 0.796547 -0.000000
v 0.128038 0.798902 -0.000000
v 0.128038 0.800555 -0.000000
v 0.128038 0.801728 -0.000000
v 0.128038 0.802646 -0.000000
v 0.128038 0.803533 -0.000000
v 0.128038 0.804614 -0.000000
v 0.128038 0.806112 -0.000000
v 0.128038 0.808251 -0.000000
v 0.128038 0.811255 -0.000000
v 0.128038 0.815350 -0.000000
v 0.128038 0.820757 -0.000000
v 0.128038 0.827703 -0.000000
v 0.125094 0.827703 -0.000000
v 0.122164 0.827703 -0.000000
v 0.119238 0.827703 -0.000000
v 0.116308 0.827703 -0.000000
v 0.113367 0.827703 -0.000000
v 0.110406 0.827703 -0.000000
v 0.107415 0.827703 -0.000000
v 0.104389 0.827703 -0.000000
v 0.101316 0.827703 -0.000000
v 0.098191 0.827703 -0.000000
v 0.095003 0.827703 -0.000000
v 0.091746 0.827703 -0.000000
v 0.091762 0.831154 -0.000000
v 0.091807 0.835791 -0.000000
v 0.091874 0.841385 -0.000000
v 0.091959 0.847708 -0.000000
v 0.092055 0.854532 -0.000000
v 0.092157 0.861626 -0.000000
v 0.092258 0.868763 -0.000000
v 0.092355 0.875715 -0.000000
v 0.092439 0.882252 -0.000000
v 0.092507 0.888146 -0.000000
v 0.092551 0.893168 -0.000000
v 0.092568 0.897090 -0.000000
v 0.096928 0.897411 -0.000000
v 0.100413 0.898299 -0.000000
v 0.103057 0.899641 -0.000000
v 0.104894 0.901323 -0.000000
v 0.105956 0.903232 -0.000000
v 0.106278 0.905254 -0.000000
v 0.105891 0.907277 -0.000000
v 0.104831 0.909185 -0.000000
v 0.103130 0.910867 -0.000000
v 0.100821 0.912209 -0.000000
v 0.097938 0.913098 -0.000000
v 0.094515 0.913419 -0.000000
v 0.099001 0.925694 -0.000000
v 0.107800 0.943311 -0.000000
v 0.119034 0.965621 -0.000000
v 0.130825 0.991974 -0.000000
v 0.141294 1.021722 -0.000000
v 0.148563 1.054214 -0.000000
v 0.150754 1.088800 -0.000000
v 0.145990 1.124832 -0.000000
v 0.132391 1.161659 -0.000000
v 0.108079 1.198633 -0.000000
v 0.019806 1.270420 -0.000000
v 0.019892 1.281574 -0.000000
v 0.023496 1.284720 -0.000000
v 0.026101 1.287911 -0.000000
v 0.027982 1.291181 -0.000000
v 0.029258 1.294601 -0.000000
v 0.029940 1.298245 -0.000000
v 0.029944 1.302172 -0.000000
v 0.029097 1.306409 -0.000000
v 0.027125 1.310925 -0.000000
v 0.023647 1.315584 -0.000000
v 0.018183 1.320050 -0.000000
v 0.010258 1.323635 -0.000000
v -0.000164 1.325132 0.000000
v 0.000000 0.000000 -0.000000
v 0.003641 0.000048 -0.000724
v 0.013807 0.000182 -0.002746
v 0.029362 0.000383 -0.005841
v 0.049173 0.000636 -0.009781
v 0.072105 0.000923 -0.014343
v 0.097021 0.001227 -0.019299
v 0.122788 0.001531 -0.024424
v 0.148270 0.001817 -0.029493
v 0.172332 0.002070 -0.034279
v 0.193841 0.002272 -0.038557
v 0.211659 0.002405 -0.042102
v 0.224653 0.002454 -0.044686
v 0.229630 0.002644 -0.045676
v 0.234337 0.003188 -0.046613
v 0.238742 0.004041 -0.047489
v 0.242816 0.005162 -0.048299
v 0.246525 0.006508 -0.049037
v 0.249841 0.008037 -0.049697
v 0.252732 0.009705 -0.050271
v 0.255166 0.011471 -0.050756
v 0.257114 0.013291 -0.051143
v 0.258543 0.015124 -0.051427
v 0.259423 0.016926 -0.051602
v 0.259723 0.018656 -0.051662
v 0.259723 0.020964 -0.051662
v 0.259723 0.023336 -0.051662
v 0.259723 0.025753 -0.051662
v 0.259723 0.028199 -0.051662
v 0.259723 0.030655 -0.051662
v 0.259723 0.033102 -0.051662
v 0.259723 0.035524 -0.051662
v 0.259723 0.037902 -0.051662
v 0.259723 0.040219 -0.051662
v 0.259723 0.042455 -0.051662
v 0.259723 0.044595 -0.051662
v 0.259723 0.046618 -0.051662
v 0.258931 0.050082 -0.051504
v 0.256738 0.052730 -0.051068
v 0.253424 0.054708 -0.050409
v 0.249270 0.056159 -0.049583
v 0.244552 0.057229 -0.048645
v 0.239552 0.058064 -0.047650
v 0.234548 0.058808 -0.046655
v 0.229819 0.059607 -0.045714
v 0.225645 0.060605 -0.044883
v 0.222304 0.061948 -0.044219
v 0.220075 0.063780 -0.043776
v 0.219239 0.066247 -0.043609
v 0.220062 0.069016 -0.043773
v 0.222421 0.071743 -0.044242
v 0.226010 0.074554 -0.044956
v 0.230523 0.077580 -0.045854
v 0.235655 0.080946 -0.046875
v 0.241098 0.084783 -0.047957
v 0.246547 0.089216 -0.049041
v 0.251695 0.094376 -0.050065
v 0.256237 0.100388 -0.050969
v 0.259866 0.107383 -0.051691
v 0.262276 0.115486 -0.052170
v 0.263162 0.124827 -0.052346
v 0.261408 0.139243 -0.051997
v 0.256503 0.152379 -0.051022
v 0.249073 0.164476 -0.049544
v 0.239745 0.175773 -0.047688
v 0.229148 0.186513 -0.045580
v 0.217907 0.196936 -0.043344
v 0.206651 0.207283 -0.041105
v 0.196007 0.217794 -0.038988
v 0.186601 0.228712 -0.037117
v 0.179062 0.240275 -0.035618
v 0.174016 0.252726 -0.034614
v 0.172090 0.266305 -0.034231
v 0.171988 0.274480 -0.034210
v 0.171818 0.281270 -0.034177
v 0.171498 0.286803 -0.034113
v 0.170941 0.291207 -0.034002
v 0.170063 0.294610 -0.033828
v 0.168780 0.297141 -0.033573
v 0.167007 0.298928 -0.033220
v 0.164659 0.300098 -0.032753
v 0.161651 0.300781 -0.032154
v 0.157898 0.301104 -0.031408
v 0.153317 0.301196 -0.030497
v 0.147821 0.301184 -0.029403
v 0.142424 0.305815 -0.028330
v 0.134283 0.319185 -0.026711
v 0.124299 0.340472 -0.024725
v 0.113373 0.368852 -0.022551
v 0.102406 0.403503 -0.020370
v 0.092299 0.443603 -0.018359
v 0.083953 0.488329 -0.016699
v 0.078269 0.536858 -0.015569
v 0.076148 0.588367 -0.015147
v 0.078491 0.642034 -0.015613
v 0.086199 0.697036 -0.017146
v 0.100173 0.752551 -0.019926
v 0.103444 0.752551 -0.020576
v 0.107196 0.752551 -0.021323
v 0.111309 0.752551 -0.022141
v 0.115666 0.752551 -0.023008
v 0.120151 0.752551 -0.023900
v 0.124645 0.752551 -0.024793
v 0.129031 0.752551 -0.025666
v 0.133191 0.752551 -0.026493
v 0.137008 0.752551 -0.027253
v 0.140363 0.752551 -0.027920
v 0.143141 0.752551 -0.028472
v 0.145222 0.752551 -0.028887
v 0.150602 0.753416 -0.029957
v 0.155004 0.755810 -0.030832
v 0.158428 0.759425 -0.031513
v 0.160873 0.763957 -0.032000
v 0.162341 0.769100 -0.032292
v 0.162830 0.774549 -0.032389
v 0.162341 0.779997 -0.032292
v 0.160873 0.785140 -0.032000
v 0.158428 0.789672 -0.031513
v 0.155004 0.793288 -0.030832
v 0.150602 0.795681 -0.029957
v 0.145222 0.796547 -0.028887
v 0.142776 0.796547 -0.028400
v 0.141264 0.796547 -0.028099
v 0.140452 0.796547 -0.027938
v 0.140101 0.796547 -0.027868
v 0.139976 0.796547 -0.027843
v 0.139841 0.796547 -0.027816
v 0.139459 0.796547 -0.027740
v 0.138594 0.796547 -0.027568
v 0.137010 0.796547 -0.027253
v 0.134470 0.796547 -0.026748
v 0.130738 0.796547 -0.026005
v 0.125578 0.796547 -0.024979
v 0.125578 0.798902 -0.024979
v 0.125578 0.800555 -0.024979
v 0.125578 0.801728 -0.024979
v 0.125578 0.802646 -0.024979
v 0.125578 0.803533 -0.024979
v 0.125578 0.804614 -0.024979
v 0.125578 0.806112 -0.024979
v 0.125578 0.808251 -0.024979
v 0.125578 0.811255 -0.024979
v 0.125578 0.815350 -0.024979
v 0.125578 0.820757 -0.024979
v 0.125578 0.827703 -0.024979
v 0.122691 0.827703 -0.024405
v 0.119816 0.827703 -0.023833
v 0.116947 0.827703 -0.023262
v 0.114074 0.827703 -0.022691
v 0.111189 0.827703 -0.022117
v 0.108284 0.827703 -0.021539
v 0.105351 0.827703 -0.020956
v 0.102383 0.827703 -0.020365
v 0.099370 0.827703 -0.019766
v 0.096304 0.827703 -0.019156
v 0.093178 0.827703 -0.018534
v 0.089983 0.827703 -0.017899
v 0.089999 0.831154 -0.017902
v 0.090043 0.835791 -0.017911
v 0.090109 0.841385 -0.017924
v 0.090192 0.847708 -0.017940
v 0.090286 0.854532 -0.017959
v 0.090386 0.861626 -0.017979
v 0.090486 0.868763 -0.017999
v 0.090580 0.875715 -0.018018
v 0.090663 0.882252 -0.018034
v 0.090729 0.888146 -0.018047
v 0.090773 0.893168 -0.018056
v 0.090789 0.897090 -0.018059
v 0.095065 0.897411 -0.018910
v 0.098484 0.898299 -0.019590
v 0.101077 0.899641 -0.020106
v 0.102879 0.901323 -0.020464
v 0.103920 0.903232 -0.020671
v 0.104236 0.905254 -0.020734
v 0.103857 0.907277 -0.020658
v 0.102817 0.909185 -0.020452
v 0.101148 0.910867 -0.020120
v 0.098884 0.912209 -0.019669
v 0.096056 0.913098 -0.019107
v 0.092699 0.913419 -0.018439
v 0.097099 0.925694 -0.019314
v 0.105729 0.943311 -0.021031
v 0.116747 0.965621 -0.023223
v 0.128311 0.991974 -0.025523
v 0.138579 1.021722 -0.027565
v 0.145709 1.054214 -0.028983
v 0.147858 1.088800 -0.029411
v 0.143185 1.124832 -0.028481
v 0.129847 1.161659 -0.025828
v 0.106002 1.198633 -0.021085
v 0.019425 1.270420 -0.003864
v 0.019510 1.281574 -0.003881
v 0.023044 1.284720 -0.004584
v 0.025600 1.287911 -0.005092
v 0.027444 1.291181 -0.005459
v 0.028696 1.294601 -0.005708
v 0.029365 1.298245 -0.005841
v 0.029369 1.302172 -0.005842
v 0.028538 1.306409 -0.005677
v 0.026604 1.310925 -0.005292
v 0.023193 1.315584 -0.004613
v 0.017834 1.320050 -0.003547
v 0.010061 1.323635 -0.002001
v -0.000160 1.325132 0.000032
v 0.000000 0.000000 -0.000000
v 0.003430 0.000048 -0.001421
v 0.013006 0.000182 -0.005387
v 0.027659 0.000383 -0.011457
v 0.046320 0.000636 -0.019187
v 0.067921 0.000923 -0.028134
v 0.091392 0.001227 -0.037856
v 0.115664 0.001531 -0.047909
v 0.139667 0.001817 -0.057852
v 0.162334 0.002070 -0.067241
v 0.182594 0.002272 -0.075633
v 0.199379 0.002405 -0.082585
v 0.211619 0.002454 -0.087655
v 0.216307 0.002644 -0.089597
v 0.220741 0.003188 -0.091434
v 0.224890 0.004041 -0.093153
v 0.228727 0.005162 -0.094742
v 0.232222 0.006508 -0.096189
v 0.235345 0.008037 -0.097483
v 0.238068 0.009705 -0.098611
v 0.240361 0.011471 -0.099561
v 0.242196 0.013291 -0.100321
v 0.243542 0.015124 -0.100878
v 0.244371 0.016926 -0.101222
v 0.244654 0.018656 -0.101339
v 0.244654 0.020964 -0.101339
v 0.244654 0.023336 -0.101339
v 0.244654 0.025753 -0.101339
v 0.244654 0.028199 -0.101339
v 0.244654 0.030655 -0.101339
v 0.244654 0.033102 -0.101339
v 0.244654 0.035524 -0.101339
v 0.244654 0.037902 -0.101339
v 0.244654 0.040219 -0.101339
v 0.244654 0.042455 -0.101339
v 0.244654 0.044595 -0.101339
v 0.244654 0.046618 -0.101339
v 0.243907 0.050082 -0.101030
v 0.241842 0.052730 -0.100174
v 0.238721 0.054708 -0.098881
v 0.234807 0.056159 -0.097260
v 0.230363 0.057229 -0.095420
v 0.225653 0.058064 -0.093469
v 0.220939 0.058808 -0.091516
v 0.216485 0.059607 -0.089671
v 0.212553 0.060605 -0.088042
v 0.209405 0.061948 -0.086739
v 0.207306 0.063780 -0.085869
v 0.206518 0.066247 -0.085543
v 0.207293 0.069016 -0.085864
v 0.209516 0.071743 -0.086784
v 0.212897 0.074554 -0.088185
v 0.217148 0.077580 -0.089946
v 0.221982 0.080946 -0.091948
v 0.227109 0.084783 -0.094072
v 0.232242 0.089216 -0.096198
v 0.237092 0.094376 -0.098207
v 0.241370 0.100388 -0.099979
v 0.244788 0.107383 -0.101395
v 0.247059 0.115486 -0.102335
v 0.247893 0.124827 -0.102681
v 0.246241 0.139243 -0.101996
v 0.241620 0.152379 -0.100082
v 0.234621 0.164476 -0.097183
v 0.225835 0.175773 -0.093544
v 0.215852 0.186513 -0.089409
v 0.205264 0.196936 -0.085023
v 0.194661 0.207283 -0.080631
v 0.184634 0.217794 -0.076478
v 0.175774 0.228712 -0.072808
v 0.168672 0.240275 -0.069866
v 0.163919 0.252726 -0.067898
v 0.162106 0.266305 -0.067146
v 0.162009 0.274480 -0.067106
v 0.161849 0.281270 -0.067040
v 0.161547 0.286803 -0.066915
v 0.161023 0.291207 -0.066698
v 0.160196 0.294610 -0.066355
v 0.158988 0.297141 -0.065855
v 0.157317 0.298928 -0.065163
v 0.155105 0.300098 -0.064247
v 0.152272 0.300781 -0.063073
v 0.148737 0.301104 -0.061609
v 0.144421 0.301196 -0.059821
v 0.139244 0.301184 -0.057677
v 0.134161 0.305815 -0.055571
v 0.126492 0.319185 -0.052395
v 0.117087 0.340472 -0.048499
v 0.106795 0.368852 -0.044236
v 0.096464 0.403503 -0.039957
v 0.086943 0.443603 -0.036013
v 0.079082 0.488329 -0.032757
v 0.073727 0.536858 -0.030539
v 0.071729 0.588367 -0.029711
v 0.073937 0.642034 -0.030626
v 0.081198 0.697036 -0.033633
v 0.094361 0.752551 -0.039086
v 0.097443 0.752551 -0.040362
v 0.100976 0.752551 -0.041826
v 0.104851 0.752551 -0.043431
v 0.108955 0.752551 -0.045131
v 0.113180 0.752551 -0.046881
v 0.117413 0.752551 -0.048634
v 0.121544 0.752551 -0.050345
v 0.125463 0.752551 -0.051969
v 0.129058 0.752551 -0.053458
v 0.132219 0.752551 -0.054767
v 0.134836 0.752551 -0.055851
v 0.136796 0.752551 -0.056663
v 0.141864 0.753416 -0.058762
v 0.146011 0.755810 -0.060480
v 0.149236 0.759425 -0.061816
v 0.151539 0.763957 -0.062770
v 0.152922 0.769100 -0.063342
v 0.153382 0.774549 -0.063533
v 0.152922 0.779997 -0.063342
v 0.151539 0.785140 -0.062770
v 0.149236 0.789672 -0.061816
v 0.146011 0.793288 -0.060480
v 0.141864 0.795681 -0.058762
v 0.136796 0.796547 -0.056663
v 0.134492 0.796547 -0.055708
v 0.133068 0.796547 -0.055119
v 0.132302 0.796547 -0.054802
v 0.131972 0.796547 -0.054665
v 0.131855 0.796547 -0.054616
v 0.131727 0.796547 -0.054563
v 0.131368 0.796547 -0.054414
v 0.130553 0.796547 -0.054077
v 0.129061 0.796547 -0.053459
v 0.126668 0.796547 -0.052468
v 0.123153 0.796547 -0.051012
v 0.118292 0.796547 -0.048998
v 0.118292 0.798902 -0.048998
v 0.118292 0.800555 -0.048998
v 0.118292 0.801728 -0.048998
v 0.118292 0.802646 -0.048998
v 0.118292 0.803533 -0.048998
v 0.118292 0.804614 -0.048998
v 0.118292 0.806112 -0.048998
v 0.118292 0.808251 -0.048998
v 0.118292 0.811255 -0.048998
v 0.118292 0.815350 -0.048998
v 0.118292 0.820757 -0.048998
v 0.118292 0.827703 -0.048998
v 0.115572 0.827703 -0.047872
v 0.112865 0.827703 -0.046750
v 0.110161 0.827703 -0.045630
v 0.107455 0.827703 -0.044509
v 0.104738 0.827703 -0.043384
v 0.102001 0.827703 -0.042250
v 0.099239 0.827703 -0.041106
v 0.096442 0.827703 -0.039948
v 0.093604 0.827703 -0.038772
v 0.090716 0.827703 -0.037576
v 0.087772 0.827703 -0.036356
v 0.084762 0.827703 -0.035110
v 0.084777 0.831154 -0.035116
v 0.084818 0.835791 -0.035133
v 0.084881 0.841385 -0.035159
v 0.084959 0.847708 -0.035191
v 0.085048 0.854532 -0.035228
v 0.085142 0.861626 -0.035267
v 0.085236 0.868763 -0.035306
v 0.085324 0.875715 -0.035343
v 0.085403 0.882252 -0.035375
v 0.085465 0.888146 -0.035401
v 0.085506 0.893168 -0.035418
v 0.085521 0.897090 -0.035424
v 0.089549 0.897411 -0.037093
v 0.092770 0.898299 -0.038426
v 0.095213 0.899641 -0.039438
v 0.096910 0.901323 -0.040141
v 0.097891 0.903232 -0.040548
v 0.098188 0.905254 -0.040671
v 0.097831 0.907277 -0.040523
v 0.096851 0.909185 -0.040117
v 0.095279 0.910867 -0.039466
v 0.093146 0.912209 -0.038583
v 0.090483 0.913098 -0.037479
v 0.087320 0.913419 -0.036169
v 0.091465 0.925694 -0.037886
v 0.099595 0.943311 -0.041253
v 0.109973 0.965621 -0.045553
v 0.120867 0.991974 -0.050065
v 0.130539 1.021722 -0.054071
v 0.137255 1.054214 -0.056853
v 0.139279 1.088800 -0.057691
v 0.134877 1.124832 -0.055868
v 0.122313 1.161659 -0.050664
v 0.099852 1.198633 -0.041360
v 0.018298 1.270420 -0.007580
v 0.018378 1.281574 -0.007612
v 0.021707 1.284720 -0.008992
v 0.024115 1.287911 -0.009989
v 0.025852 1.291181 -0.010708
v 0.027031 1.294601 -0.011197
v 0.027661 1.298245 -0.011458
v 0.027665 1.302172 -0.011459
v 0.026882 1.306409 -0.011135
v 0.025060 1.310925 -0.010380
v 0.021848 1.315584 -0.009049
v 0.016799 1.320051 -0.006958
v 0.009477 1.323635 -0.003925
v -0.000151 1.325132 0.000063
v 0.000000 0.000000 -0.000000
v 0.003087 0.000048 -0.002062
v 0.011705 0.000182 -0.007821
v 0.024892 0.000383 -0.016633
v 0.041687 0.000636 -0.027855
v 0.061127 0.000923 -0.040844
v 0.082251 0.001227 -0.054958
v 0.104094 0.001531 -0.069554
v 0.125697 0.001817 -0.083988
v 0.146096 0.002070 -0.097619
v 0.164330 0.002272 -0.109802
v 0.179436 0.002405 -0.119895
v 0.190452 0.002454 -0.127256
v 0.194671 0.002644 -0.130075
v 0.198661 0.003188 -0.132741
v 0.202396 0.004041 -0.135237
v 0.205849 0.005162 -0.137544
v 0.208994 0.006508 -0.139645
v 0.211805 0.008037 -0.141524
v 0.214256 0.009705 -0.143161
v 0.216319 0.011471 -0.144540
v 0.217970 0.013291 -0.145643
v 0.219182 0.015124 -0.146453
v 0.219928 0.016926 -0.146951
v 0.220183 0.018656 -0.147122
v 0.220183 0.020964 -0.147122
v 0.220183 0.023336 -0.147122
v 0.220183 0.025753 -0.147122
v 0.220183 0.028199 -0.147122
v 0.220183 0.030655 -0.147122
v 0.220183 0.033102 -0.147122
v 0.220183 0.035524 -0.147122
v 0.220183 0.037902 -0.147122
v 0.220183 0.040219 -0.147122
v 0.220183 0.042455 -0.147122
v 0.220183 0.044595 -0.147122
v 0.220183 0.046618 -0.147122
v 0.219511 0.050082 -0.146672
v 0.217652 0.052730 -0.145430
v 0.214843 0.054708 -0.143553
v 0.211321 0.056159 -0.141200
v 0.207322 0.057229 -0.138528
v 0.203083 0.058064 -0.135695
v 0.198840 0.058808 -0.132861
v 0.194831 0.059607 -0.130182
v 0.191292 0.060605 -0.127817
v 0.188460 0.061948 -0.125925
v 0.186571 0.063780 -0.124663
v 0.185862 0.066247 -0.124189
v 0.186559 0.069016 -0.124655
v 0.188559 0.071743 -0.125991
v 0.191602 0.074554 -0.128024
v 0.195428 0.077580 -0.130581
v 0.199778 0.080946 -0.133488
v 0.204393 0.084783 -0.136571
v 0.209012 0.089216 -0.139658
v 0.213377 0.094376 -0.142574
v 0.217227 0.100388 -0.145147
v 0.220304 0.107383 -0.147202
v 0.222347 0.115486 -0.148568
v 0.223098 0.124827 -0.149069
v 0.221611 0.139243 -0.148076
v 0.217452 0.152379 -0.145297
v 0.211153 0.164476 -0.141088
v 0.203246 0.175773 -0.135805
v 0.194262 0.186513 -0.129802
v 0.184733 0.196936 -0.123434
v 0.175190 0.207283 -0.117058
v 0.166166 0.217794 -0.111029
v 0.158193 0.228712 -0.105701
v 0.151801 0.240275 -0.101430
v 0.147523 0.252726 -0.098572
v 0.145891 0.266305 -0.097481
v 0.145804 0.274480 -0.097423
v 0.145661 0.281270 -0.097327
v 0.145389 0.286803 -0.097146
v 0.144917 0.291207 -0.096830
v 0.144173 0.294610 -0.096333
v 0.143085 0.297141 -0.095606
v 0.141582 0.298928 -0.094602
v 0.139591 0.300098 -0.093272
v 0.137041 0.300781 -0.091568
v 0.133860 0.301104 -0.089442
v 0.129976 0.301196 -0.086847
v 0.125317 0.301184 -0.083734
v 0.120741 0.305815 -0.080677
v 0.113840 0.319185 -0.076065
v 0.105376 0.340472 -0.070410
v 0.096113 0.368852 -0.064221
v 0.086815 0.403503 -0.058008
v 0.078247 0.443603 -0.052283
v 0.071172 0.488329 -0.047555
v 0.066353 0.536858 -0.044336
v 0.064555 0.588367 -0.043134
v 0.066541 0.642034 -0.044461
v 0.073076 0.697036 -0.048828
v 0.084923 0.752551 -0.056743
v 0.087696 0.752551 -0.058597
v 0.090876 0.752551 -0.060721
v 0.094363 0.752551 -0.063051
v 0.098057 0.752551 -0.065520
v 0.101859 0.752551 -0.068060
v 0.105669 0.752551 -0.070606
v 0.109387 0.752551 -0.073090
v 0.112914 0.752551 -0.075447
v 0.116149 0.752551 -0.077609
v 0.118994 0.752551 -0.079509
v 0.121349 0.752551 -0.081083
v 0.123113 0.752551 -0.082262
v 0.127674 0.753416 -0.085309
v 0.131406 0.755810 -0.087803
v 0.134309 0.759425 -0.089742
v 0.136382 0.763957 -0.091128
v 0.137626 0.769100 -0.091959
v 0.138041 0.774549 -0.092236
v 0.137626 0.779997 -0.091959
v 0.136382 0.785140 -0.091128
v 0.134309 0.789672 -0.089742
v 0.131406 0.793288 -0.087803
v 0.127674 0.795681 -0.085309
v 0.123113 0.796547 -0.082262
v 0.121040 0.796547 -0.080876
v 0.119758 0.796547 -0.080020
v 0.119069 0.796547 -0.079559
v 0.118772 0.796547 -0.079361
v 0.118666 0.796547 -0.079290
v 0.118552 0.796547 -0.079214
v 0.118228 0.796547 -0.078997
v 0.117495 0.796547 -0.078507
v 0.116151 0.796547 -0.077610
v 0.113998 0.796547 -0.076171
v 0.110834 0.796547 -0.074057
v 0.106460 0.796547 -0.071134
v 0.106460 0.798902 -0.071134
v 0.106460 0.800555 -0.071134
v 0.106460 0.801728 -0.071134
v 0.106460 0.802646 -0.071134
v 0.106460 0.803533 -0.071134
v 0.106460 0.804614 -0.071134
v 0.106460 0.806112 -0.071134
v 0.106460 0.808251 -0.071134
v 0.106460 0.811255 -0.071134
v 0.106460 0.815350 -0.071134
v 0.106460 0.820757 -0.071134
v 0.106460 0.827703 -0.071134
v 0.104012 0.827703 -0.069499
v 0.101575 0.827703 -0.067871
v 0.099143 0.827703 -0.066245
v 0.096707 0.827703 -0.064618
v 0.094261 0.827703 -0.062983
v 0.091799 0.827703 -0.061338
v 0.089313 0.827703 -0.059677
v 0.086796 0.827703 -0.057995
v 0.084242 0.827703 -0.056288
v 0.081643 0.827703 -0.054552
v 0.078992 0.827703 -0.052781
v 0.076284 0.827703 -0.050971
v 0.076297 0.831154 -0.050980
v 0.076335 0.835791 -0.051005
v 0.076391 0.841385 -0.051043
v 0.076461 0.847709 -0.051090
v 0.076541 0.854532 -0.051143
v 0.076626 0.861626 -0.051200
v 0.076710 0.868763 -0.051256
v 0.076790 0.875715 -0.051309
v 0.076860 0.882252 -0.051357
v 0.076917 0.888146 -0.051394
v 0.076954 0.893168 -0.051419
v 0.076967 0.897090 -0.051428
v 0.080592 0.897411 -0.053850
v 0.083490 0.898299 -0.055787
v 0.085689 0.899641 -0.057256
v 0.087216 0.901323 -0.058276
v 0.088100 0.903232 -0.058866
v 0.088367 0.905254 -0.059045
v 0.088046 0.907276 -0.058830
v 0.087164 0.909185 -0.058241
v 0.085749 0.910867 -0.057296
v 0.083830 0.912209 -0.056013
v 0.081433 0.913098 -0.054412
v 0.078586 0.913419 -0.052510
v 0.082316 0.925694 -0.055002
v 0.089633 0.943311 -0.059891
v 0.098974 0.965621 -0.066132
v 0.108777 0.991974 -0.072683
v 0.117482 1.021722 -0.078499
v 0.123526 1.054214 -0.082537
v 0.125348 1.088800 -0.083755
v 0.121386 1.124832 -0.081108
v 0.110079 1.161659 -0.073552
v 0.089864 1.198633 -0.060046
v 0.016468 1.270420 -0.011004
v 0.016539 1.281574 -0.011051
v 0.019536 1.284720 -0.013054
v 0.021703 1.287911 -0.014501
v 0.023266 1.291181 -0.015546
v 0.024327 1.294601 -0.016255
v 0.024894 1.298245 -0.016634
v 0.024898 1.302172 -0.016636
v 0.024193 1.306409 -0.016165
v 0.022554 1.310925 -0.015070
v 0.019662 1.315584 -0.013138
v 0.015119 1.320051 -0.010102
v 0.008529 1.323635 -0.005699
v -0.000136 1.325132 0.000091
v 0.000000 0.000000 -0.000000
v 0.002625 0.000048 -0.002625
v 0.009954 0.000182 -0.009954
v 0.021169 0.000383 -0.021169
v 0.035452 0.000636 -0.035452
v 0.051985 0.000923 -0.051985
v 0.069948 0.001227 -0.069948
v 0.088525 0.001531 -0.088525
v 0.106897 0.001817 -0.106897
v 0.124245 0.002070 -0.124245
v 0.139751 0.002272 -0.139751
v 0.152598 0.002405 -0.152598
v 0.161966 0.002454 -0.161966
v 0.165554 0.002644 -0.165554
v 0.168948 0.003188 -0.168948
v 0.172124 0.004041 -0.172124
v 0.175060 0.005162 -0.175060
v 0.177735 0.006508 -0.177735
v 0.180125 0.008037 -0.180125
v 0.182209 0.009705 -0.182209
v 0.183965 0.011471 -0.183965
v 0.185369 0.013291 -0.185369
v 0.186399 0.015124 -0.186399
v 0.187034 0.016926 -0.187034
v 0.187250 0.018656 -0.187250
v 0.187250 0.020964 -0.187250
v 0.187250 0.023336 -0.187250
v 0.187250 0.025753 -0.187250
v 0.187250 0.028199 -0.187250
v 0.187250 0.030655 -0.187250
v 0.187250 0.033102 -0.187250
v 0.187250 0.035524 -0.187250
v 0.187250 0.037902 -0.187250
v 0.187250 0.040219 -0.187250
v 0.187250 0.042455 -0.187250
v 0.187250 0.044595 -0.187250
v 0.187250 0.046618 -0.187250
v 0.186678 0.050082 -0.186678
v 0.185098 0.052730 -0.185098
v 0.182709 0.054708 -0.182709
v 0.179713 0.056159 -0.179713
v 0.176313 0.057229 -0.176313
v 0.172708 0.058064 -0.172708
v 0.169100 0.058808 -0.169100
v 0.165690 0.059607 -0.165690
v 0.162681 0.060605 -0.162681
v 0.160272 0.061948 -0.160272
v 0.158665 0.063780 -0.158665
v 0.158062 0.066247 -0.158062
v 0.158656 0.069016 -0.158656
v 0.160356 0.071743 -0.160356
v 0.162944 0.074554 -0.162944
v 0.166198 0.077580 -0.166198
v 0.169898 0.080946 -0.169898
v 0.173822 0.084783 -0.173822
v 0.177750 0.089216 -0.177750
v 0.181462 0.094376 -0.181462
v 0.184737 0.100388 -0.184737
v 0.187353 0.107383 -0.187353
v 0.189091 0.115486 -0.189091
v 0.189729 0.124827 -0.189729
v 0.188465 0.139243 -0.188465
v 0.184928 0.152379 -0.184928
v 0.179571 0.164476 -0.179571
v 0.172847 0.175773 -0.172847
v 0.165206 0.186513 -0.165206
v 0.157102 0.196936 -0.157102
v 0.148987 0.207283 -0.148987
v 0.141313 0.217794 -0.141313
v 0.134532 0.228712 -0.134532
v 0.129096 0.240275 -0.129096
v 0.125458 0.252726 -0.125458
v 0.124070 0.266305 -0.124070
v 0.123996 0.274480 -0.123996
v 0.123874 0.281270 -0.123874
v 0.123643 0.286803 -0.123643
v 0.123242 0.291207 -0.123242
v 0.122609 0.294610 -0.122609
v 0.121684 0.297141 -0.121684
v 0.120405 0.298928 -0.120405
v 0.118712 0.300098 -0.118712
v 0.116544 0.300781 -0.116544
v 0.113838 0.301104 -0.113838
v 0.110535 0.301196 -0.110535
v 0.106573 0.301184 -0.106573
v 0.102682 0.305815 -0.102682
v 0.096813 0.319185 -0.096813
v 0.089615 0.340472 -0.089615
v 0.081737 0.368852 -0.081737
v 0.073830 0.403503 -0.073830
v 0.066544 0.443603 -0.066544
v 0.060526 0.488329 -0.060526
v 0.056429 0.536858 -0.056429
v 0.054899 0.588367 -0.054899
v 0.056589 0.642034 -0.056589
v 0.062146 0.697036 -0.062146
v 0.072221 0.752551 -0.072221
v 0.074579 0.752551 -0.074579
v 0.077284 0.752551 -0.077284
v 0.080249 0.752551 -0.080249
v 0.083391 0.752551 -0.083391
v 0.086624 0.752551 -0.086624
v 0.089864 0.752551 -0.089864
v 0.093026 0.752551 -0.093026
v 0.096025 0.752551 -0.096025
v 0.098777 0.752551 -0.098777
v 0.101196 0.752551 -0.101196
v 0.103199 0.752551 -0.103199
v 0.104699 0.752551 -0.104699
v 0.108578 0.753416 -0.108578
v 0.111752 0.755810 -0.111752
v 0.114220 0.759425 -0.114220
v 0.115983 0.763957 -0.115983
v 0.117041 0.769100 -0.117041
v 0.117394 0.774549 -0.117394
v 0.117041 0.779997 -0.117041
v 0.115983 0.785140 -0.115983
v 0.114220 0.789672 -0.114220
v 0.111752 0.793288 -0.111752
v 0.108578 0.795681 -0.108578
v 0.104699 0.796547 -0.104699
v 0.102936 0.796547 -0.102936
v 0.101846 0.796547 -0.101846
v 0.101260 0.796547 -0.101260
v 0.101007 0.796547 -0.101007
v 0.100917 0.796547 -0.100917
v 0.100820 0.796547 -0.100820
v 0.100544 0.796547 -0.100545
v 0.099921 0.796547 -0.099921
v 0.098779 0.796547 -0.098779
v 0.096948 0.796547 -0.096948
v 0.094257 0.796547 -0.094257
v 0.090537 0.796547 -0.090537
v 0.090537 0.798902 -0.090537
v 0.090537 0.800555 -0.090537
v 0.090537 0.801728 -0.090537
v 0.090537 0.802646 -0.090537
v 0.090537 0.803533 -0.090537
v 0.090537 0.804614 -0.090537
v 0.090537 0.806112 -0.090537
v 0.090537 0.808251 -0.090537
v 0.090537 0.811255 -0.090537
v 0.090537 0.815350 -0.090537
v 0.090537 0.820757 -0.090537
v 0.090537 0.827703 -0.090537
v 0.088455 0.827703 -0.088455
v 0.086383 0.827703 -0.086383
v 0.084314 0.827703 -0.084314
v 0.082242 0.827703 -0.082243
v 0.080163 0.827703 -0.080163
v 0.078069 0.827703 -0.078069
v 0.075954 0.827703 -0.075954
v 0.073814 0.827703 -0.073814
v 0.071642 0.827703 -0.071642
v 0.069431 0.827703 -0.069431
v 0.067178 0.827703 -0.067178
v 0.064874 0.827703 -0.064874
v 0.064886 0.831154 -0.064886
v 0.064917 0.835791 -0.064917
v 0.064965 0.841385 -0.064965
v 0.065025 0.847709 -0.065025
v 0.065093 0.854532 -0.065093
v 0.065165 0.861626 -0.065165
v 0.065237 0.868763 -0.065237
v 0.065305 0.875715 -0.065305
v 0.065364 0.882252 -0.065364
v 0.065412 0.888146 -0.065412
v 0.065444 0.893168 -0.065444
v 0.065455 0.897090 -0.065455
v 0.068538 0.897411 -0.068538
v 0.071003 0.898299 -0.071003
v 0.072873 0.899641 -0.072873
v 0.074171 0.901323 -0.074171
v 0.074923 0.903232 -0.074923
v 0.075150 0.905254 -0.075150
v 0.074877 0.907276 -0.074877
v 0.074127 0.909185 -0.074127
v 0.072924 0.910867 -0.072924
v 0.071291 0.912209 -0.071291
v 0.069253 0.913098 -0.069253
v 0.066832 0.913419 -0.066832
v 0.070004 0.925694 -0.070004
v 0.076226 0.943311 -0.076226
v 0.084170 0.965621 -0.084170
v 0.092507 0.991974 -0.092507
v 0.099910 1.021722 -0.099910
v 0.105050 1.054214 -0.105050
v 0.106600 1.088800 -0.106600
v 0.103230 1.124832 -0.103230
v 0.093614 1.161659 -0.093614
v 0.014005 1.270420 -0.014005
v 0.014066 1.281574 -0.014066
v 0.016614 1.284720 -0.016614
v 0.018457 1.287911 -0.018457
v 0.019786 1.291181 -0.019786
v 0.020689 1.294601 -0.020689
v 0.021171 1.298245 -0.021171
v 0.021174 1.302172 -0.021174
v 0.020575 1.306409 -0.020575
v 0.019180 1.310925 -0.019180
v 0.016722 1.315584 -0.016721
v 0.012858 1.320051 -0.012857
v 0.007254 1.323635 -0.007253
v -0.000116 1.325132 0.000116
v 0.000000 0.000000 -0.000000
v 0.002062 0.000048 -0.003087
v 0.007821 0.000182 -0.011705
v 0.016633 0.000383 -0.024892
v 0.027855 0.000636 -0.041687
v 0.040844 0.000923 -0.061127
v 0.054958 0.001227 -0.082251
v 0.069554 0.001531 -0.104094
v 0.083988 0.001817 -0.125697
v 0.097618 0.002070 -0.146096
v 0.109802 0.002272 -0.164330
v 0.119895 0.002405 -0.179436
v 0.127256 0.002454 -0.190452
v 0.130075 0.002644 -0.194671
v 0.132741 0.003188 -0.198661
v 0.135237 0.004041 -0.202396
v 0.137544 0.005162 -0.205849
v 0.139645 0.006508 -0.208994
v 0.141524 0.008037 -0.211805
v 0.143161 0.009705 -0.214256
v 0.144540 0.011471 -0.216319
v 0.145643 0.013291 -0.217970
v 0.146453 0.015124 -0.219182
v 0.146951 0.016926 -0.219928
v 0.147122 0.018656 -0.220183
v 0.147122 0.020964 -0.220183
v 0.147122 0.023336 -0.220183
v 0.147122 0.025753 -0.220183
v 0.147122 0.028199 -0.220183
v 0.147122 0.030655 -0.220183
v 0.147122 0.033102 -0.220183
v 0.147122 0.035524 -0.220183
v 0.147122 0.037902 -0.220183
v 0.147122 0.040219 -0.220183
v 0.147122 0.042455 -0.220183
v 0.147122 0.044595 -0.220183
v 0.147122 0.046618 -0.220183
v 0.146672 0.050082 -0.219511
v 0.145430 0.052730 -0.217652
v 0.143553 0.054708 -0.214843
v 0.141200 0.056159 -0.211321
v 0.138528 0.057229 -0.207322
v 0.135695 0.058064 -0.203083
v 0.132861 0.058808 -0.198840
v 0.130182 0.059607 -0.194831
v 0.127817 0.060605 -0.191292
v 0.125925 0.061948 -0.188460
v 0.124663 0.063780 -0.186571
v 0.124189 0.066247 -0.185862
v 0.124655 0.069016 -0.186559
v 0.125991 0.071743 -0.188559
v 0.128024 0.074554 -0.191602
v 0.130581 0.077580 -0.195428
v 0.133488 0.080946 -0.199778
v 0.136571 0.084783 -0.204393
v 0.139657 0.089216 -0.209012
v 0.142574 0.094376 -0.213377
v 0.145147 0.100388 -0.217227
v 0.147202 0.107382 -0.220304
v 0.148568 0.115486 -0.222347
v 0.149069 0.124827 -0.223098
v 0.148076 0.139243 -0.221611
v 0.145297 0.152379 -0.217452
v 0.141088 0.164476 -0.211154
v 0.135805 0.175773 -0.203246
v 0.129802 0.186513 -0.194262
v 0.123434 0.196936 -0.184733
v 0.117058 0.207283 -0.175190
v 0.111029 0.217794 -0.166166
v 0.105701 0.228712 -0.158193
v 0.101430 0.240275 -0.151801
v 0.098572 0.252726 -0.147523
v 0.097481 0.266305 -0.145891
v 0.097423 0.274480 -0.145804
v 0.097327 0.281270 -0.145661
v 0.097146 0.286803 -0.145389
v 0.096830 0.291207 -0.144917
v 0.096333 0.294610 -0.144173
v 0.095606 0.297141 -0.143085
v 0.094602 0.298928 -0.141582
v 0.093272 0.300098 -0.139591
v 0.091568 0.300781 -0.137041
v 0.089442 0.301104 -0.133860
v 0.086847 0.301196 -0.129976
v 0.083734 0.301184 -0.125317
v 0.080677 0.305815 -0.120741
v 0.076065 0.319185 -0.113840
v 0.070410 0.340471 -0.105376
v 0.064221 0.368852 -0.096113
v 0.058008 0.403503 -0.086815
v 0.052283 0.443603 -0.078247
v 0.047555 0.488329 -0.071172
v 0.044336 0.536858 -0.066353
v 0.043134 0.588367 -0.064555
v 0.044461 0.642034 -0.066541
v 0.048828 0.697036 -0.073076
v 0.056743 0.752551 -0.084923
v 0.058597 0.752551 -0.087696
v 0.060721 0.752551 -0.090876
v 0.063051 0.752551 -0.094363
v 0.065520 0.752551 -0.098057
v 0.068060 0.752551 -0.101859
v 0.070606 0.752551 -0.105669
v 0.073090 0.752551 -0.109387
v 0.075447 0.752551 -0.112914
v 0.077609 0.752551 -0.116149
v 0.079509 0.752551 -0.118994
v 0.081083 0.752551 -0.121349
v 0.082262 0.752551 -0.123113
v 0.085309 0.753416 -0.127674
v 0.087803 0.755810 -0.131406
v 0.089742 0.759425 -0.134309
v 0.091128 0.763957 -0.136382
v 0.091959 0.769100 -0.137626
v 0.092236 0.774549 -0.138041
v 0.091959 0.779997 -0.137626
v 0.091127 0.785140 -0.136382
v 0.089742 0.789672 -0.134309
v 0.087803 0.793288 -0.131406
v 0.085309 0.795681 -0.127675
v 0.082262 0.796547 -0.123113
v 0.080876 0.796547 -0.121040
v 0.080020 0.796547 -0.119758
v 0.079559 0.796547 -0.119069
v 0.079361 0.796547 -0.118772
v 0.079290 0.796547 -0.118666
v 0.079214 0.796547 -0.118552
v 0.078997 0.796547 -0.118228
v 0.078507 0.796547 -0.117495
v 0.077610 0.796547 -0.116152
v 0.076171 0.796547 -0.113998
v 0.074057 0.796547 -0.110834
v 0.071134 0.796547 -0.106460
v 0.071134 0.798902 -0.106460
v 0.071134 0.800555 -0.106460
v 0.071134 0.801728 -0.106460
v 0.071134 0.802646 -0.106460
v 0.071134 0.803533 -0.106460
v 0.071134 0.804614 -0.106460
v 0.071134 0.806112 -0.106460
v 0.071134 0.808251 -0.106460
v 0.071134 0.811255 -0.106460
v 0.071134 0.815350 -0.106460
v 0.071134 0.820757 -0.106460
v 0.071134 0.827703 -0.106460
v 0.069499 0.827703 -0.104012
v 0.067871 0.827703 -0.101575
v 0.066245 0.827703 -0.099143
v 0.064617 0.827703 -0.096707
v 0.062983 0.827703 -0.094261
v 0.061338 0.827703 -0.091799
v 0.059677 0.827703 -0.089313
v 0.057995 0.827703 -0.086796
v 0.056288 0.827703 -0.084242
v 0.054552 0.827703 -0.081643
v 0.052781 0.827703 -0.078993
v 0.050971 0.827703 -0.076284
v 0.050980 0.831154 -0.076297
v 0.051005 0.835791 -0.076335
v 0.051043 0.841385 -0.076391
v 0.051090 0.847708 -0.076461
v 0.051143 0.854532 -0.076541
v 0.051200 0.861626 -0.076626
v 0.051256 0.868763 -0.076710
v 0.051309 0.875715 -0.076790
v 0.051356 0.882252 -0.076860
v 0.051394 0.888146 -0.076917
v 0.051419 0.893168 -0.076954
v 0.051428 0.897090 -0.076967
v 0.053850 0.897411 -0.080592
v 0.055787 0.898299 -0.083490
v 0.057256 0.899641 -0.085689
v 0.058276 0.901323 -0.087216
v 0.058866 0.903232 -0.088100
v 0.059045 0.905254 -0.088367
v 0.058830 0.907276 -0.088046
v 0.058241 0.909185 -0.087164
v 0.057296 0.910867 -0.085749
v 0.056013 0.912209 -0.083830
v 0.054412 0.913098 -0.081433
v 0.052510 0.913419 -0.078586
v 0.055002 0.925694 -0.082316
v 0.059891 0.943311 -0.089633
v 0.066132 0.965621 -0.098974
v 0.072683 0.991974 -0.108777
v 0.078499 1.021722 -0.117482
v 0.082537 1.054214 -0.123526
v 0.083755 1.088800 -0.125348
v 0.081108 1.124832 -0.121386
v 0.073552 1.161659 -0.110079
v 0.039544 1.235103 -0.059182
v 0.011004 1.270420 -0.016468
v 0.011051 1.281574 -0.016540
v 0.013054 1.284720 -0.019536
v 0.014501 1.287911 -0.021703
v 0.015546 1.291181 -0.023266
v 0.016255 1.294601 -0.024327
v 0.016634 1.298245 -0.024895
v 0.016636 1.302172 -0.024898
v 0.016166 1.306409 -0.024193
v 0.015070 1.310925 -0.022554
v 0.013138 1.315584 -0.019662
v 0.010102 1.320051 -0.015119
v 0.005699 1.323635 -0.008529
v -0.000091 1.325132 0.000136
v 0.000000 0.000000 -0.000000
v 0.001421 0.000048 -0.003430
v 0.005387 0.000182 -0.013006
v 0.011457 0.000383 -0.027659
v 0.019187 0.000636 -0.046320
v 0.028134 0.000923 -0.067921
v 0.037856 0.001227 -0.091392
v 0.047909 0.001531 -0.115664
v 0.057852 0.001817 -0.139667
v 0.067241 0.002070 -0.162334
v 0.075633 0.002272 -0.182594
v 0.082585 0.002405 -0.199379
v 0.087655 0.002454 -0.211619
v 0.089597 0.002644 -0.216307
v 0.091434 0.003188 -0.220741
v 0.093153 0.004041 -0.224890
v 0.094742 0.005162 -0.228727
v 0.096189 0.006508 -0.232222
v 0.097483 0.008037 -0.235345
v 0.098611 0.009705 -0.238068
v 0.099561 0.011471 -0.240361
v 0.100321 0.013291 -0.242196
v 0.100878 0.015124 -0.243542
v 0.101222 0.016926 -0.244371
v 0.101339 0.018656 -0.244654
v 0.101339 0.020964 -0.244654
v 0.101339 0.023336 -0.244654
v 0.101339 0.025753 -0.244654
v 0.101339 0.028199 -0.244654
v 0.101339 0.030655 -0.244654
v 0.101339 0.033102 -0.244654
v 0.101339 0.035524 -0.244654
v 0.101339 0.037902 -0.244654
v 0.101339 0.040219 -0.244654
v 0.101339 0.042455 -0.244654
v 0.101339 0.044595 -0.244654
v 0.101339 0.046618 -0.244654
v 0.101030 0.050082 -0.243907
v 0.100174 0.052731 -0.241842
v 0.098881 0.054707 -0.238721
v 0.097260 0.056159 -0.234807
v 0.095420 0.057229 -0.230363
v 0.093469 0.058064 -0.225653
v 0.091516 0.058808 -0.220939
v 0.089671 0.059607 -0.216485
v 0.088042 0.060605 -0.212553
v 0.086739 0.061948 -0.209405
v 0.085869 0.063780 -0.207306
v 0.085543 0.066247 -0.206518
v 0.085864 0.069016 -0.207293
v 0.086784 0.071743 -0.209516
v 0.088185 0.074554 -0.212897
v 0.089946 0.077580 -0.217148
v 0.091948 0.080946 -0.221982
v 0.094072 0.084783 -0.227109
v 0.096198 0.089216 -0.232242
v 0.098207 0.094376 -0.237092
v 0.099979 0.100388 -0.241370
v 0.101395 0.107382 -0.244788
v 0.102335 0.115486 -0.247059
v 0.102681 0.124827 -0.247893
v 0.101996 0.139243 -0.246241
v 0.100082 0.152379 -0.241620
v 0.097183 0.164476 -0.234621
v 0.093544 0.175773 -0.225835
v 0.089409 0.186513 -0.215852
v 0.085023 0.196936 -0.205264
v 0.080631 0.207283 -0.194661
v 0.076478 0.217794 -0.184634
v 0.072808 0.228712 -0.175774
v 0.069866 0.240275 -0.168672
v 0.067898 0.252726 -0.163919
v 0.067146 0.266305 -0.162106
v 0.067106 0.274480 -0.162009
v 0.067040 0.281270 -0.161849
v 0.066915 0.286803 -0.161547
v 0.066698 0.291207 -0.161023
v 0.066355 0.294610 -0.160196
v 0.065855 0.297141 -0.158988
v 0.065163 0.298928 -0.157317
v 0.064247 0.300098 -0.155105
v 0.063073 0.300781 -0.152272
v 0.061609 0.301104 -0.148737
v 0.059821 0.301196 -0.144421
v 0.057677 0.301184 -0.139244
v 0.055571 0.305815 -0.134161
v 0.052395 0.319185 -0.126492
v 0.048499 0.340471 -0.117087
v 0.044236 0.368852 -0.106795
v 0.039957 0.403503 -0.096464
v 0.036013 0.443603 -0.086943
v 0.032757 0.488329 -0.079082
v 0.030539 0.536858 -0.073727
v 0.029711 0.588367 -0.071730
v 0.030626 0.642034 -0.073937
v 0.033633 0.697036 -0.081198
v 0.039086 0.752551 -0.094361
v 0.040362 0.752551 -0.097443
v 0.041826 0.752551 -0.100976
v 0.043431 0.752551 -0.104851
v 0.045131 0.752551 -0.108955
v 0.046881 0.752551 -0.113180
v 0.048634 0.752551 -0.117413
v 0.050345 0.752551 -0.121544
v 0.051969 0.752551 -0.125463
v 0.053458 0.752551 -0.129058
v 0.054767 0.752551 -0.132219
v 0.055851 0.752551 -0.134836
v 0.056663 0.752551 -0.136796
v 0.058762 0.753416 -0.141864
v 0.060480 0.755810 -0.146011
v 0.061816 0.759425 -0.149236
v 0.062770 0.763957 -0.151540
v 0.063342 0.769100 -0.152922
v 0.063533 0.774549 -0.153382
v 0.063342 0.779997 -0.152922
v 0.062770 0.785140 -0.151540
v 0.061816 0.789672 -0.149236
v 0.060480 0.793288 -0.146011
v 0.058762 0.795681 -0.141864
v 0.056663 0.796547 -0.136796
v 0.055708 0.796547 -0.134492
v 0.055119 0.796547 -0.133068
v 0.054802 0.796547 -0.132303
v 0.054665 0.796547 -0.131972
v 0.054616 0.796547 -0.131855
v 0.054563 0.796547 -0.131727
v 0.054414 0.796547 -0.131368
v 0.054077 0.796547 -0.130553
v 0.053459 0.796547 -0.129061
v 0.052468 0.796547 -0.126668
v 0.051012 0.796547 -0.123153
v 0.048998 0.796547 -0.118292
v 0.048998 0.798902 -0.118292
v 0.048998 0.800555 -0.118292
v 0.048998 0.801728 -0.118292
v 0.048998 0.802646 -0.118292
v 0.048998 0.803533 -0.118292
v 0.048998 0.804614 -0.118292
v 0.048998 0.806112 -0.118292
v 0.048998 0.808251 -0.118292
v 0.048998 0.811255 -0.118292
v 0.048998 0.815350 -0.118292
v 0.048998 0.820757 -0.118292
v 0.048998 0.827703 -0.118292
v 0.047872 0.827703 -0.115572
v 0.046750 0.827703 -0.112865
v 0.045630 0.827703 -0.110161
v 0.044509 0.827703 -0.107455
v 0.043384 0.827703 -0.104738
v 0.042250 0.827703 -0.102001
v 0.041106 0.827703 -0.099239
v 0.039948 0.827703 -0.096442
v 0.038772 0.827703 -0.093604
v 0.037576 0.827703 -0.090717
v 0.036356 0.827703 -0.087772
v 0.035110 0.827703 -0.084762
v 0.035116 0.831154 -0.084777
v 0.035133 0.835791 -0.084818
v 0.035159 0.841385 -0.084881
v 0.035191 0.847708 -0.084959
v 0.035228 0.854532 -0.085048
v 0.035267 0.861626 -0.085142
v 0.035306 0.868763 -0.085236
v 0.035343 0.875715 -0.085325
v 0.035375 0.882252 -0.085403
v 0.035401 0.888146 -0.085465
v 0.035418 0.893168 -0.085506
v 0.035424 0.897090 -0.085521
v 0.037093 0.897411 -0.089549
v 0.038426 0.898299 -0.092770
v 0.039438 0.899641 -0.095213
v 0.040141 0.901323 -0.096910
v 0.040548 0.903232 -0.097891
v 0.040671 0.905254 -0.098188
v 0.040523 0.907276 -0.097831
v 0.040117 0.909185 -0.096851
v 0.039466 0.910867 -0.095279
v 0.038583 0.912209 -0.093146
v 0.037479 0.913098 -0.090483
v 0.036169 0.913419 -0.087320
v 0.037886 0.925694 -0.091465
v 0.041253 0.943311 -0.099595
v 0.045553 0.965621 -0.109974
v 0.050065 0.991974 -0.120867
v 0.054071 1.021722 -0.130539
v 0.056853 1.054214 -0.137255
v 0.057691 1.088800 -0.139279
v 0.055868 1.124832 -0.134877
v 0.027238 1.235103 -0.065759
v 0.007580 1.270420 -0.018298
v 0.007612 1.281574 -0.018378
v 0.008992 1.284720 -0.021708
v 0.009989 1.287911 -0.024115
v 0.010708 1.291181 -0.025852
v 0.011197 1.294601 -0.027031
v 0.011458 1.298245 -0.027662
v 0.011459 1.302172 -0.027666
v 0.011135 1.306409 -0.026882
v 0.010380 1.310926 -0.025060
v 0.009050 1.315584 -0.021848
v 0.006959 1.320051 -0.016799
v 0.003926 1.323635 -0.009477
v -0.000062 1.325132 0.000152
v 0.000000 0.000000 -0.000000
v 0.000724 0.000048 -0.003641
v 0.002746 0.000182 -0.013807
v 0.005841 0.000383 -0.029362
v 0.009781 0.000636 -0.049173
v 0.014343 0.000923 -0.072105
v 0.019299 0.001227 -0.097021
v 0.024424 0.001531 -0.122788
v 0.029493 0.001817 -0.148270
v 0.034279 0.002070 -0.172332
v 0.038557 0.002272 -0.193841
v 0.042102 0.002405 -0.211659
v 0.044686 0.002454 -0.224653
v 0.045676 0.002644 -0.229630
v 0.046613 0.003188 -0.234337
v 0.047489 0.004041 -0.238742
v 0.048299 0.005162 -0.242816
v 0.049037 0.006508 -0.246525
v 0.049696 0.008037 -0.249841
v 0.050271 0.009705 -0.252732
v 0.050756 0.011471 -0.255166
v 0.051143 0.013291 -0.257114
v 0.051427 0.015124 -0.258543
v 0.051602 0.016926 -0.259423
v 0.051662 0.018656 -0.259723
v 0.051662 0.020964 -0.259723
v 0.051662 0.023336 -0.259723
v 0.051662 0.025753 -0.259723
v 0.051662 0.028199 -0.259723
v 0.051662 0.030655 -0.259723
v 0.051662 0.033102 -0.259723
v 0.051662 0.035524 -0.259723
v 0.051662 0.037902 -0.259723
v 0.051662 0.040219 -0.259724
v 0.051662 0.042456 -0.259723
v 0.051662 0.044595 -0.259723
v 0.051662 0.046618 -0.259723
v 0.051504 0.050082 -0.258931
v 0.051068 0.052731 -0.256738
v 0.050409 0.054707 -0.253424
v 0.049583 0.056159 -0.249270
v 0.048644 0.057229 -0.244552
v 0.047650 0.058064 -0.239552
v 0.046654 0.058808 -0.234548
v 0.045714 0.059607 -0.229819
v 0.044883 0.060605 -0.225645
v 0.044219 0.061948 -0.222304
v 0.043776 0.063780 -0.220075
v 0.043609 0.066247 -0.219239
v 0.043773 0.069016 -0.220062
v 0.044242 0.071743 -0.222421
v 0.044956 0.074554 -0.226010
v 0.045854 0.077580 -0.230523
v 0.046875 0.080946 -0.235655
v 0.047957 0.084783 -0.241098
v 0.049041 0.089216 -0.246547
v 0.050065 0.094376 -0.251695
v 0.050969 0.100388 -0.256237
v 0.051691 0.107382 -0.259866
v 0.052170 0.115486 -0.262276
v 0.052346 0.124827 -0.263162
v 0.051997 0.139243 -0.261408
v 0.051022 0.152379 -0.256503
v 0.049544 0.164475 -0.249073
v 0.047688 0.175773 -0.239745
v 0.045580 0.186513 -0.229148
v 0.043344 0.196936 -0.217907
v 0.041105 0.207283 -0.206651
v 0.038988 0.217794 -0.196007
v 0.037117 0.228712 -0.186601
v 0.035618 0.240275 -0.179062
v 0.034614 0.252726 -0.174016
v 0.034231 0.266305 -0.172090
v 0.034210 0.274480 -0.171988
v 0.034177 0.281270 -0.171818
v 0.034113 0.286803 -0.171498
v 0.034002 0.291207 -0.170941
v 0.033828 0.294610 -0.170063
v 0.033573 0.297141 -0.168780
v 0.033220 0.298928 -0.167007
v 0.032753 0.300098 -0.164659
v 0.032154 0.300781 -0.161651
v 0.031408 0.301104 -0.157898
v 0.030497 0.301196 -0.153317
v 0.029403 0.301184 -0.147821
v 0.028330 0.305815 -0.142424
v 0.026711 0.319185 -0.134283
v 0.024725 0.340471 -0.124299
v 0.022551 0.368852 -0.113373
v 0.020370 0.403503 -0.102406
v 0.018359 0.443603 -0.092299
v 0.016699 0.488329 -0.083953
v 0.015569 0.536858 -0.078269
v 0.015147 0.588367 -0.076148
v 0.015613 0.642034 -0.078491
v 0.017146 0.697036 -0.086199
v 0.019926 0.752551 -0.100173
v 0.020576 0.752551 -0.103445
v 0.021323 0.752551 -0.107196
v 0.022141 0.752551 -0.111309
v 0.023008 0.752551 -0.115666
v 0.023900 0.752551 -0.120151
v 0.024793 0.752551 -0.124645
v 0.025666 0.752551 -0.129031
v 0.026493 0.752551 -0.133191
v 0.027253 0.752551 -0.137008
v 0.027920 0.752551 -0.140363
v 0.028472 0.752551 -0.143141
v 0.028887 0.752551 -0.145222
v 0.029957 0.753416 -0.150602
v 0.030832 0.755810 -0.155004
v 0.031513 0.759425 -0.158428
v 0.032000 0.763957 -0.160874
v 0.032292 0.769100 -0.162341
v 0.032389 0.774549 -0.162830
v 0.032292 0.779997 -0.162341
v 0.032000 0.785140 -0.160874
v 0.031513 0.789672 -0.158428
v 0.030832 0.793288 -0.155004
v 0.029957 0.795681 -0.150602
v 0.028887 0.796547 -0.145222
v 0.028400 0.796547 -0.142776
v 0.028099 0.796547 -0.141265
v 0.027938 0.796547 -0.140452
v 0.027868 0.796547 -0.140101
v 0.027843 0.796547 -0.139976
v 0.027816 0.796547 -0.139841
v 0.027740 0.796547 -0.139459
v 0.027568 0.796547 -0.138594
v 0.027253 0.796547 -0.137010
v 0.026748 0.796547 -0.134470
v 0.026005 0.796547 -0.130738
v 0.024979 0.796547 -0.125578
v 0.024979 0.798902 -0.125578
v 0.024979 0.800555 -0.125578
v 0.024979 0.801728 -0.125578
v 0.024979 0.802646 -0.125578
v 0.024979 0.803533 -0.125578
v 0.024979 0.804614 -0.125578
v 0.024979 0.806112 -0.125578
v 0.024979 0.808251 -0.125578
v 0.024979 0.811255 -0.125578
v 0.024979 0.815350 -0.125578
v 0.024979 0.820757 -0.125578
v 0.024979 0.827703 -0.125578
v 0.024405 0.827703 -0.122691
v 0.023833 0.827703 -0.119816
v 0.023262 0.827703 -0.116947
v 0.022691 0.827703 -0.114074
v 0.022117 0.827703 -0.111189
v 0.021539 0.827703 -0.108284
v 0.020956 0.827703 -0.105352
v 0.020365 0.827703 -0.102383
v 0.019766 0.827703 -0.099370
v 0.019156 0.827703 -0.096304
v 0.018534 0.827703 -0.093178
v 0.017899 0.827703 -0.089983
v 0.017902 0.831154 -0.089999
v 0.017911 0.835791 -0.090043
v 0.017924 0.841385 -0.090109
v 0.017940 0.847709 -0.090192
v 0.017959 0.854532 -0.090286
v 0.017979 0.861626 -0.090386
v 0.017999 0.868763 -0.090486
v 0.018018 0.875715 -0.090580
v 0.018034 0.882252 -0.090663
v 0.018047 0.888146 -0.090729
v 0.018056 0.893168 -0.090773
v 0.018059 0.897090 -0.090789
v 0.018910 0.897411 -0.095065
v 0.019590 0.898299 -0.098484
v 0.020106 0.899641 -0.101077
v 0.020464 0.901323 -0.102879
v 0.020671 0.903232 -0.103921
v 0.020734 0.905254 -0.104236
v 0.020658 0.907276 -0.103857
v 0.020452 0.909185 -0.102817
v 0.020120 0.910867 -0.101148
v 0.019669 0.912209 -0.098884
v 0.019107 0.913098 -0.096056
v 0.018439 0.913419 -0.092699
v 0.019314 0.925694 -0.097099
v 0.021031 0.943311 -0.105729
v 0.023223 0.965621 -0.116747
v 0.025523 0.991974 -0.128311
v 0.027565 1.021722 -0.138579
v 0.028983 1.054214 -0.145709
v 0.029411 1.088800 -0.147858
v 0.021085 1.198633 -0.106002
v 0.013886 1.235103 -0.069809
v 0.003864 1.270420 -0.019426
v 0.003881 1.281574 -0.019510
v 0.004584 1.284720 -0.023045
v 0.005092 1.287911 -0.025601
v 0.005459 1.291181 -0.027445
v 0.005708 1.294601 -0.028696
v 0.005841 1.298245 -0.029365
v 0.005842 1.302172 -0.029370
v 0.005677 1.306409 -0.028538
v 0.005292 1.310926 -0.026604
v 0.004614 1.315584 -0.023193
v 0.003548 1.320051 -0.017834
v 0.002002 1.323635 -0.010061
v -0.000031 1.325132 0.000161
v 0.000000 0.000000 -0.000000
v -0.000000 0.000048 -0.003712
v -0.000000 0.000182 -0.014077
v -0.000000 0.000383 -0.029938
v -0.000000 0.000636 -0.050137
v -0.000000 0.000923 -0.073517
v -0.000000 0.001227 -0.098922
v -0.000000 0.001531 -0.125193
v -0.000000 0.001817 -0.151175
v -0.000000 0.002070 -0.175709
v -0.000000 0.002272 -0.197638
v -0.000000 0.002405 -0.215806
v -0.000000 0.002454 -0.229055
v -0.000000 0.002644 -0.234129
v -0.000000 0.003188 -0.238928
v -0.000000 0.004041 -0.243420
v -0.000000 0.005162 -0.247573
v -0.000000 0.006508 -0.251355
v -0.000000 0.008037 -0.254736
v -0.000000 0.009705 -0.257683
v -0.000000 0.011471 -0.260165
v -0.000000 0.013291 -0.262151
v -0.000000 0.015124 -0.263608
v -0.000000 0.016926 -0.264506
v -0.000000 0.018656 -0.264812
v -0.000000 0.020964 -0.264812
v -0.000000 0.023336 -0.264812
v -0.000000 0.025753 -0.264812
v -0.000000 0.028199 -0.264812
v -0.000000 0.030655 -0.264812
v -0.000000 0.033102 -0.264812
v -0.000000 0.035524 -0.264812
v -0.000000 0.037902 -0.264812
v -0.000000 0.040219 -0.264812
v -0.000000 0.042456 -0.264812
v -0.000000 0.044595 -0.264812
v -0.000000 0.046618 -0.264812
v -0.000000 0.050082 -0.264003
v -0.000000 0.052731 -0.261768
v -0.000000 0.054707 -0.258389
v -0.000000 0.056159 -0.254153
v -0.000000 0.057229 -0.249344
v -0.000000 0.058064 -0.244245
v -0.000000 0.058808 -0.239143
v -0.000000 0.059607 -0.234322
v -0.000000 0.060605 -0.230065
v -0.000000 0.061948 -0.226659
v -0.000000 0.063780 -0.224387
v -0.000000 0.066247 -0.223534
v -0.000000 0.069016 -0.224373
v -0.000000 0.071743 -0.226778
v -0.000000 0.074554 -0.230438
v -0.000000 0.077580 -0.235040
v -0.000000 0.080946 -0.240272
v -0.000000 0.084783 -0.245821
v -0.000000 0.089216 -0.251377
v -0.000000 0.094376 -0.256626
v -0.000000 0.100388 -0.261257
v -0.000000 0.107382 -0.264957
v -0.000000 0.115486 -0.267415
v -0.000000 0.124827 -0.268317
v -0.000000 0.139243 -0.266529
v -0.000000 0.152379 -0.261528
v 0.000000 0.164475 -0.253952
v 0.000000 0.175773 -0.244442
v 0.000000 0.186513 -0.233637
v 0.000000 0.196936 -0.222176
v 0.000000 0.207283 -0.210700
v 0.000000 0.217794 -0.199847
v 0.000000 0.228712 -0.190257
v 0.000000 0.240275 -0.182570
v 0.000000 0.252726 -0.177425
v 0.000000 0.266305 -0.175462
v 0.000000 0.274480 -0.175357
v 0.000000 0.281270 -0.175184
v 0.000000 0.286803 -0.174857
v 0.000000 0.291207 -0.174290
v 0.000000 0.294610 -0.173395
v 0.000000 0.297141 -0.172087
v 0.000000 0.298928 -0.170279
v 0.000000 0.300098 -0.167885
v 0.000000 0.300781 -0.164818
v 0.000000 0.301104 -0.160992
v 0.000000 0.301196 -0.156320
v 0.000000 0.301184 -0.150717
v 0.000000 0.305815 -0.145214
v 0.000000 0.319185 -0.136914
v 0.000000 0.340471 -0.126734
v 0.000000 0.368852 -0.115594
v 0.000000 0.403503 -0.104412
v 0.000000 0.443603 -0.094107
v 0.000000 0.488329 -0.085597
v 0.000000 0.536858 -0.079802
v 0.000000 0.588367 -0.077639
v 0.000000 0.642034 -0.080028
v 0.000000 0.697036 -0.087888
v 0.000000 0.752551 -0.102136
v 0.000000 0.752551 -0.105471
v 0.000000 0.752551 -0.109296
v 0.000000 0.752551 -0.113489
v 0.000000 0.752551 -0.117933
v 0.000000 0.752551 -0.122505
v 0.000000 0.752551 -0.127087
v 0.000000 0.752551 -0.131559
v 0.000000 0.752551 -0.135800
v 0.000000 0.752551 -0.139692
v 0.000000 0.752551 -0.143113
v 0.000000 0.752551 -0.145945
v 0.000000 0.752551 -0.148067
v 0.000000 0.753416 -0.153553
v 0.000000 0.755810 -0.158041
v 0.000000 0.759425 -0.161532
v 0.000000 0.763957 -0.164025
v 0.000000 0.769100 -0.165521
v 0.000000 0.774549 -0.166020
v 0.000000 0.779997 -0.165521
v 0.000000 0.785140 -0.164025
v 0.000000 0.789672 -0.161532
v 0.000000 0.793288 -0.158041
v 0.000000 0.795681 -0.153553
v 0.000000 0.796547 -0.148067
v 0.000000 0.796547 -0.145573
v 0.000000 0.796547 -0.144032
v 0.000000 0.796547 -0.143203
v 0.000000 0.796547 -0.142846
v 0.000000 0.796547 -0.142719
v 0.000000 0.796547 -0.142581
v 0.000000 0.796547 -0.142191
v 0.000000 0.796547 -0.141310
v 0.000000 0.796547 -0.139694
v 0.000000 0.796547 -0.137105
v 0.000000 0.796547 -0.133299
v 0.000000 0.796547 -0.128038
v 0.000000 0.798902 -0.128038
v 0.000000 0.800555 -0.128038
v 0.000000 0.801728 -0.128038
v 0.000000 0.802646 -0.128038
v 0.000000 0.803533 -0.128038
v 0.000000 0.804614 -0.128038
v 0.000000 0.806112 -0.128038
v 0.000000 0.808251 -0.128038
v 0.000000 0.811255 -0.128038
v 0.000000 0.815350 -0.128038
v 0.000000 0.820757 -0.128038
v 0.000000 0.827703 -0.128038
v 0.000000 0.827703 -0.125094
v 0.000000 0.827703 -0.122164
v 0.000000 0.827703 -0.119238
v 0.000000 0.827703 -0.116308
v 0.000000 0.827703 -0.113367
v 0.000000 0.827703 -0.110406
v 0.000000 0.827703 -0.107416
v 0.000000 0.827703 -0.104389
v 0.000000 0.827703 -0.101317
v 0.000000 0.827703 -0.098191
v 0.000000 0.827703 -0.095004
v 0.000000 0.827703 -0.091746
v 0.000000 0.831154 -0.091762
v 0.000000 0.835791 -0.091807
v 0.000000 0.841385 -0.091874
v 0.000000 0.847709 -0.091959
v 0.000000 0.854532 -0.092055
v 0.000000 0.861626 -0.092157
v 0.000000 0.868763 -0.092259
v 0.000000 0.875715 -0.092355
v 0.000000 0.882252 -0.092439
v 0.000000 0.888146 -0.092507
v 0.000000 0.893168 -0.092551
v 0.000000 0.897090 -0.092568
v 0.000000 0.897411 -0.096928
v 0.000000 0.898299 -0.100413
v 0.000000 0.899641 -0.103058
v 0.000000 0.901323 -0.104894
v 0.000000 0.903232 -0.105956
v 0.000000 0.905254 -0.106278
v 0.000000 0.907276 -0.105892
v 0.000000 0.909185 -0.104831
v 0.000000 0.910867 -0.103130
v 0.000000 0.912209 -0.100821
v 0.000000 0.913098 -0.097938
v 0.000000 0.913419 -0.094515
v 0.000000 0.925694 -0.099001
v 0.000000 0.943311 -0.107801
v 0.000000 0.965621 -0.119035
v 0.000000 0.991974 -0.130825
v 0.000000 1.021722 -0.141294
v 0.000000 1.161659 -0.132391
v 0.000000 1.198633 -0.108079
v 0.000000 1.235103 -0.071177
v 0.000000 1.270420 -0.019806
v -0.000000 1.281574 -0.019892
v -0.000000 1.284720 -0.023497
v -0.000000 1.287911 -0.026102
v -0.000000 1.291181 -0.027982
v -0.000000 1.294601 -0.029259
v 0.000000 1.298245 -0.029941
v 0.000000 1.302172 -0.029945
v 0.000000 1.306409 -0.029098
v 0.000000 1.310926 -0.027125
v 0.000000 1.315584 -0.023648
v 0.000000 1.320051 -0.018184
v 0.000001 1.323635 -0.010258
v 0.000001 1.325132 0.000164
v 0.000000 0.000000 -0.000000
v -0.000724 0.000048 -0.003641
v -0.002746 0.000182 -0.013807
v -0.005841 0.000383 -0.029362
v -0.009781 0.000636 -0.049173
v -0.014343 0.000923 -0.072105
v -0.019299 0.001227 -0.097021
v -0.024424 0.001531 -0.122788
v -0.029493 0.001817 -0.148270
v -0.034279 0.002070 -0.172332
v -0.038557 0.002272 -0.193841
v -0.042102 0.002405 -0.211659
v -0.044686 0.002454 -0.224653
v -0.045676 0.002644 -0.229630
v -0.046613 0.003188 -0.234337
v -0.047489 0.004041 -0.238742
v -0.048299 0.005162 -0.242816
v -0.049037 0.006508 -0.246525
v -0.049697 0.008037 -0.249841
v -0.050271 0.009705 -0.252732
v -0.050756 0.011471 -0.255166
v -0.051143 0.013291 -0.257114
v -0.051427 0.015124 -0.258543
v -0.051602 0.016926 -0.259423
v -0.051662 0.018656 -0.259723
v -0.051662 0.020964 -0.259723
v -0.051662 0.023336 -0.259723
v -0.051662 0.025753 -0.259723
v -0.051662 0.028199 -0.259723
v -0.051662 0.030655 -0.259723
v -0.051662 0.033102 -0.259723
v -0.051662 0.035524 -0.259723
v -0.051662 0.037902 -0.259723
v -0.051662 0.040219 -0.259723
v -0.051662 0.042456 -0.259723
v -0.051662 0.044595 -0.259723
v -0.051662 0.046618 -0.259723
v -0.051504 0.050082 -0.258931
v -0.051068 0.052731 -0.256738
v -0.050409 0.054707 -0.253424
v -0.049583 0.056159 -0.249270
v -0.048645 0.057229 -0.244552
v -0.047650 0.058064 -0.239552
v -0.046655 0.058808 -0.234548
v -0.045714 0.059607 -0.229819
v -0.044883 0.060605 -0.225645
v -0.044219 0.061948 -0.222304
v -0.043776 0.063780 -0.220075
v -0.043609 0.066247 -0.219239
v -0.043773 0.069016 -0.220062
v -0.044242 0.071743 -0.222421
v -0.044956 0.074554 -0.226010
v -0.045854 0.077580 -0.230523
v -0.046875 0.080946 -0.235655
v -0.047957 0.084783 -0.241098
v -0.049041 0.089216 -0.246547
v -0.050065 0.094376 -0.251695
v -0.050969 0.100388 -0.256237
v -0.051691 0.107382 -0.259866
v -0.052170 0.115486 -0.262276
v -0.052346 0.124827 -0.263162
v -0.051997 0.139243 -0.261408
v -0.051022 0.152379 -0.256503
v -0.049544 0.164475 -0.249073
v -0.047688 0.175773 -0.239745
v -0.045580 0.186513 -0.229148
v -0.043344 0.196936 -0.217907
v -0.041105 0.207283 -0.206651
v -0.038988 0.217794 -0.196007
v -0.037117 0.228712 -0.186601
v -0.035618 0.240275 -0.179062
v -0.034614 0.252726 -0.174016
v -0.034231 0.266305 -0.172090
v -0.034210 0.274480 -0.171988
v -0.034177 0.281270 -0.171818
v -0.034113 0.286803 -0.171498
v -0.034002 0.291207 -0.170941
v -0.033828 0.294610 -0.170063
v -0.033572 0.297141 -0.168780
v -0.033220 0.298928 -0.167007
v -0.032753 0.300098 -0.164659
v -0.032154 0.300781 -0.161651
v -0.031408 0.301104 -0.157898
v -0.030497 0.301196 -0.153317
v -0.029403 0.301184 -0.147821
v -0.028330 0.305815 -0.142424
v -0.026711 0.319185 -0.134283
v -0.024725 0.340471 -0.124299
v -0.022551 0.368852 -0.113373
v -0.020370 0.403503 -0.102406
v -0.018359 0.443603 -0.092299
v -0.016699 0.488329 -0.083953
v -0.015569 0.536858 -0.078269
v -0.015147 0.588367 -0.076148
v -0.015613 0.642034 -0.078491
v -0.017146 0.697036 -0.086199
v -0.019926 0.752551 -0.100173
v -0.020576 0.752551 -0.103445
v -0.021322 0.752551 -0.107196
v -0.022141 0.752551 -0.111309
v -0.023007 0.752551 -0.115666
v -0.023899 0.752551 -0.120151
v -0.024793 0.752551 -0.124645
v -0.025666 0.752551 -0.129031
v -0.026493 0.752551 -0.133191
v -0.027252 0.752551 -0.137008
v -0.027920 0.752551 -0.140363
v -0.028472 0.752551 -0.143141
v -0.028886 0.752551 -0.145222
v -0.029957 0.753416 -0.150602
v -0.030832 0.755810 -0.155004
v -0.031513 0.759425 -0.158428
v -0.032000 0.763957 -0.160874
v -0.032292 0.769100 -0.162341
v -0.032389 0.774549 -0.162830
v -0.032292 0.779997 -0.162341
v -0.032000 0.785140 -0.160874
v -0.031513 0.789672 -0.158428
v -0.030832 0.793288 -0.155004
v -0.029957 0.795681 -0.150602
v -0.028886 0.796547 -0.145222
v -0.028400 0.796547 -0.142776
v -0.028099 0.796547 -0.141265
v -0.027937 0.796547 -0.140452
v -0.027868 0.796547 -0.140101
v -0.027843 0.796547 -0.139976
v -0.027816 0.796547 -0.139841
v -0.027740 0.796547 -0.139459
v -0.027568 0.796547 -0.138594
v -0.027253 0.796547 -0.137010
v -0.026748 0.796547 -0.134470
v -0.026005 0.796547 -0.130738
v -0.024979 0.796547 -0.125578
v -0.024979 0.798902 -0.125578
v -0.024979 0.800555 -0.125578
v -0.024979 0.801728 -0.125578
v -0.024979 0.802646 -0.125578
v -0.024979 0.803533 -0.125578
v -0.024979 0.804614 -0.125578
v -0.024979 0.806112 -0.125578
v -0.024979 0.808251 -0.125578
v -0.024979 0.811255 -0.125578
v -0.024979 0.815350 -0.125578
v -0.024979 0.820757 -0.125578
v -0.024979 0.827703 -0.125578
v -0.024405 0.827703 -0.122691
v -0.023833 0.827703 -0.119816
v -0.023262 0.827703 -0.116947
v -0.022691 0.827703 -0.114074
v -0.022117 0.827703 -0.111189
v -0.021539 0.827703 -0.108284
v -0.020956 0.827703 -0.105352
v -0.020365 0.827703 -0.102383
v -0.019766 0.827703 -0.099370
v -0.019156 0.827703 -0.096304
v -0.018534 0.827703 -0.093178
v -0.017899 0.827703 -0.089983
v -0.017902 0.831154 -0.089999
v -0.017911 0.835791 -0.090043
v -0.017924 0.841385 -0.090109
v -0.017940 0.847709 -0.090192
v -0.017959 0.854532 -0.090286
v -0.017979 0.861626 -0.090386
v -0.017999 0.868763 -0.090486
v -0.018017 0.875715 -0.090580
v -0.018034 0.882252 -0.090663
v -0.018047 0.888146 -0.090729
v -0.018056 0.893168 -0.090773
v -0.018059 0.897090 -0.090789
v -0.018910 0.897411 -0.095065
v -0.019590 0.898299 -0.098484
v -0.020105 0.899641 -0.101077
v -0.020464 0.901323 -0.102879
v -0.020671 0.903232 -0.103921
v -0.020734 0.905254 -0.104236
v -0.020658 0.907276 -0.103857
v -0.020451 0.909185 -0.102817
v -0.020120 0.910867 -0.101148
v -0.019669 0.912209 -0.098884
v -0.019107 0.913098 -0.096056
v -0.018439 0.913419 -0.092699
v -0.019314 0.925694 -0.097099
v -0.021031 0.943311 -0.105729
v -0.023222 0.965621 -0.116747
v -0.025523 0.991974 -0.128311
v -0.027565 1.021722 -0.138579
v -0.029411 1.088800 -0.147858
v -0.028481 1.124832 -0.143185
v -0.025828 1.161659 -0.129847
v -0.021085 1.198633 -0.106002
v -0.013886 1.235103 -0.069809
v -0.003864 1.270420 -0.019426
v -0.003881 1.281574 -0.019510
v -0.004584 1.284720 -0.023045
v -0.005092 1.287911 -0.025601
v -0.005459 1.291181 -0.027445
v -0.005708 1.294601 -0.028697
v -0.005841 1.298245 -0.029366
v -0.005842 1.302172 -0.029370
v -0.005677 1.306409 -0.028539
v -0.005292 1.310926 -0.026604
v -0.004613 1.315584 -0.023194
v -0.003547 1.320051 -0.017834
v -0.002001 1.323635 -0.010061
v 0.000033 1.325132 0.000161
v 0.000000 0.000000 -0.000000
v -0.001421 0.000048 -0.003430
v -0.005387 0.000182 -0.013006
v -0.011457 0.000383 -0.027659
v -0.019187 0.000636 -0.046320
v -0.028134 0.000923 -0.067921
v -0.037856 0.001227 -0.091392
v -0.047909 0.001531 -0.115664
v -0.057852 0.001817 -0.139667
v -0.067241 0.002070 -0.162334
v -0.075633 0.002272 -0.182594
v -0.082585 0.002405 -0.199379
v -0.087655 0.002454 -0.211619
v -0.089597 0.002644 -0.216307
v -0.091434 0.003188 -0.220741
v -0.093153 0.004041 -0.224890
v -0.094742 0.005162 -0.228727
v -0.096189 0.006508 -0.232222
v -0.097483 0.008037 -0.235345
v -0.098611 0.009705 -0.238068
v -0.099561 0.011471 -0.240361
v -0.100321 0.013291 -0.242196
v -0.100878 0.015124 -0.243542
v -0.101222 0.016926 -0.244371
v -0.101339 0.018656 -0.244654
v -0.101339 0.020964 -0.244654
v -0.101339 0.023336 -0.244654
v -0.101339 0.025753 -0.244654
v -0.101339 0.028199 -0.244654
v -0.101339 0.030655 -0.244654
v -0.101339 0.033102 -0.244654
v -0.101339 0.035524 -0.244654
v -0.101339 0.037902 -0.244654
v -0.101339 0.040219 -0.244654
v -0.101339 0.042456 -0.244654
v -0.101339 0.044595 -0.244654
v -0.101339 0.046618 -0.244654
v -0.101030 0.050082 -0.243907
v -0.100174 0.052731 -0.241842
v -0.098881 0.054707 -0.238721
v -0.097260 0.056159 -0.234807
v -0.095420 0.057229 -0.230363
v -0.093469 0.058064 -0.225653
v -0.091516 0.058808 -0.220939
v -0.089671 0.059607 -0.216485
v -0.088042 0.060605 -0.212553
v -0.086739 0.061948 -0.209405
v -0.085869 0.063780 -0.207306
v -0.085543 0.066247 -0.206518
v -0.085864 0.069016 -0.207294
v -0.086784 0.071742 -0.209516
v -0.088185 0.074554 -0.212897
v -0.089946 0.077580 -0.217148
v -0.091948 0.080946 -0.221982
v -0.094072 0.084783 -0.227109
v -0.096198 0.089216 -0.232242
v -0.098207 0.094376 -0.237092
v -0.099979 0.100388 -0.241370
v -0.101395 0.107383 -0.244788
v -0.102335 0.115486 -0.247059
v -0.102681 0.124827 -0.247893
v -0.101996 0.139243 -0.246241
v -0.100082 0.152379 -0.241620
v -0.097183 0.164475 -0.234621
v -0.093544 0.175773 -0.225835
v -0.089409 0.186513 -0.215852
v -0.085023 0.196936 -0.205264
v -0.080631 0.207283 -0.194661
v -0.076478 0.217794 -0.184634
v -0.072808 0.228712 -0.175774
v -0.069866 0.240275 -0.168672
v -0.067898 0.252726 -0.163919
v -0.067146 0.266305 -0.162106
v -0.067106 0.274480 -0.162009
v -0.067040 0.281270 -0.161849
v -0.066915 0.286803 -0.161547
v -0.066698 0.291207 -0.161023
v -0.066355 0.294610 -0.160196
v -0.065855 0.297141 -0.158988
v -0.065163 0.298928 -0.157317
v -0.064247 0.300098 -0.155105
v -0.063073 0.300781 -0.152272
v -0.061609 0.301104 -0.148737
v -0.059821 0.301196 -0.144421
v -0.057677 0.301184 -0.139244
v -0.055571 0.305815 -0.134161
v -0.052395 0.319185 -0.126492
v -0.048499 0.340471 -0.117087
v -0.044236 0.368852 -0.106795
v -0.039957 0.403503 -0.096464
v -0.036013 0.443603 -0.086944
v -0.032757 0.488329 -0.079082
v -0.030539 0.536858 -0.073727
v -0.029711 0.588367 -0.071730
v -0.030625 0.642034 -0.073937
v -0.033633 0.697036 -0.081198
v -0.039086 0.752551 -0.094361
v -0.040362 0.752551 -0.097443
v -0.041826 0.752551 -0.100976
v -0.043430 0.752551 -0.104851
v -0.045131 0.752551 -0.108955
v -0.046881 0.752551 -0.113180
v -0.048634 0.752551 -0.117413
v -0.050345 0.752551 -0.121544
v -0.051968 0.752551 -0.125463
v -0.053458 0.752551 -0.129058
v -0.054767 0.752551 -0.132219
v -0.055851 0.752551 -0.134836
v -0.056663 0.752551 -0.136796
v -0.058762 0.753416 -0.141864
v -0.060480 0.755810 -0.146011
v -0.061815 0.759425 -0.149236
v -0.062770 0.763957 -0.151540
v -0.063342 0.769100 -0.152922
v -0.063533 0.774549 -0.153382
v -0.063342 0.779997 -0.152922
v -0.062770 0.785140 -0.151540
v -0.061815 0.789672 -0.149236
v -0.060480 0.793288 -0.146011
v -0.058762 0.795681 -0.141864
v -0.056663 0.796547 -0.136796
v -0.055708 0.796547 -0.134492
v -0.055119 0.796547 -0.133068
v -0.054801 0.796547 -0.132303
v -0.054665 0.796547 -0.131972
v -0.054616 0.796547 -0.131855
v -0.054563 0.796547 -0.131727
v -0.054414 0.796547 -0.131368
v -0.054077 0.796547 -0.130553
v -0.053459 0.796547 -0.129061
v -0.052468 0.796547 -0.126668
v -0.051011 0.796547 -0.123153
v -0.048998 0.796547 -0.118292
v -0.048998 0.798902 -0.118292
v -0.048998 0.800555 -0.118292
v -0.048998 0.801728 -0.118292
v -0.048998 0.802646 -0.118292
v -0.048998 0.803533 -0.118292
v -0.048998 0.804614 -0.118292
v -0.048998 0.806112 -0.118292
v -0.048998 0.808251 -0.118292
v -0.048998 0.811255 -0.118292
v -0.048998 0.815350 -0.118292
v -0.048998 0.820757 -0.118292
v -0.048998 0.827703 -0.118292
v -0.047871 0.827703 -0.115572
v -0.046750 0.827703 -0.112865
v -0.045630 0.827703 -0.110161
v -0.044509 0.827703 -0.107455
v -0.043384 0.827703 -0.104738
v -0.042250 0.827703 -0.102001
v -0.041106 0.827703 -0.099239
v -0.039948 0.827703 -0.096443
v -0.038772 0.827703 -0.093604
v -0.037576 0.827703 -0.090717
v -0.036356 0.827703 -0.087772
v -0.035110 0.827703 -0.084762
v -0.035116 0.831154 -0.084777
v -0.035133 0.835791 -0.084818
v -0.035159 0.841385 -0.084881
v -0.035191 0.847709 -0.084959
v -0.035228 0.854532 -0.085048
v -0.035267 0.861626 -0.085142
v -0.035306 0.868763 -0.085236
v -0.035343 0.875715 -0.085325
v -0.035375 0.882252 -0.085403
v -0.035401 0.888146 -0.085465
v -0.035418 0.893168 -0.085506
v -0.035424 0.897090 -0.085521
v -0.037093 0.897411 -0.089550
v -0.038426 0.898299 -0.092770
v -0.039438 0.899641 -0.095213
v -0.040141 0.901323 -0.096910
v -0.040548 0.903232 -0.097891
v -0.040671 0.905254 -0.098188
v -0.040523 0.907277 -0.097831
v -0.040117 0.909185 -0.096851
v -0.039466 0.910867 -0.095279
v -0.038582 0.912209 -0.093147
v -0.037479 0.913098 -0.090483
v -0.036169 0.913419 -0.087320
v -0.037886 0.925694 -0.091465
v -0.041253 0.943311 -0.099595
v -0.045552 0.965621 -0.109974
v -0.050065 0.991974 -0.120867
v -0.054071 1.021722 -0.130539
v -0.056853 1.054214 -0.137255
v -0.057691 1.088800 -0.139279
v -0.055868 1.124832 -0.134877
v -0.050664 1.161659 -0.122313
v -0.041360 1.198633 -0.099852
v -0.027238 1.235103 -0.065759
v -0.007579 1.270420 -0.018299
v -0.007612 1.281574 -0.018378
v -0.008992 1.284719 -0.021708
v -0.009989 1.287911 -0.024115
v -0.010708 1.291181 -0.025853
v -0.011197 1.294601 -0.027032
v -0.011458 1.298245 -0.027662
v -0.011460 1.302172 -0.027666
v -0.011135 1.306409 -0.026883
v -0.010380 1.310926 -0.025061
v -0.009049 1.315584 -0.021848
v -0.006958 1.320051 -0.016800
v -0.003925 1.323635 -0.009477
v 0.000063 1.325132 0.000151
v 0.000000 0.000000 -0.000000
v -0.002062 0.000048 -0.003087
v -0.007821 0.000182 -0.011705
v -0.016633 0.000383 -0.024892
v -0.027855 0.000636 -0.041687
v -0.040844 0.000923 -0.061127
v -0.054958 0.001227 -0.082250
v -0.069554 0.001531 -0.104094
v -0.083988 0.001817 -0.125697
v -0.097619 0.002070 -0.146096
v -0.109802 0.002272 -0.164330
v -0.119895 0.002405 -0.179436
v -0.127256 0.002454 -0.190452
v -0.130075 0.002644 -0.194671
v -0.132741 0.003188 -0.198661
v -0.135237 0.004041 -0.202396
v -0.137544 0.005162 -0.205849
v -0.139646 0.006508 -0.208994
v -0.141524 0.008037 -0.211805
v -0.143161 0.009705 -0.214256
v -0.144540 0.011471 -0.216319
v -0.145643 0.013291 -0.217970
v -0.146453 0.015124 -0.219182
v -0.146951 0.016926 -0.219928
v -0.147122 0.018656 -0.220183
v -0.147122 0.020964 -0.220183
v -0.147122 0.023336 -0.220183
v -0.147122 0.025753 -0.220183
v -0.147122 0.028199 -0.220183
v -0.147122 0.030655 -0.220183
v -0.147122 0.033102 -0.220183
v -0.147122 0.035524 -0.220183
v -0.147122 0.037902 -0.220183
v -0.147122 0.040219 -0.220183
v -0.147122 0.042456 -0.220183
v -0.147122 0.044595 -0.220183
v -0.147122 0.046618 -0.220183
v -0.146672 0.050082 -0.219511
v -0.145430 0.052731 -0.217652
v -0.143553 0.054708 -0.214843
v -0.141200 0.056159 -0.211321
v -0.138528 0.057229 -0.207322
v -0.135695 0.058064 -0.203083
v -0.132861 0.058809 -0.198840
v -0.130182 0.059607 -0.194831
v -0.127817 0.060605 -0.191292
v -0.125925 0.061948 -0.188460
v -0.124663 0.063780 -0.186571
v -0.124189 0.066247 -0.185862
v -0.124655 0.069016 -0.186559
v -0.125991 0.071742 -0.188559
v -0.128024 0.074554 -0.191602
v -0.130581 0.077580 -0.195428
v -0.133488 0.080946 -0.199778
v -0.136571 0.084783 -0.204393
v -0.139658 0.089216 -0.209012
v -0.142574 0.094376 -0.213377
v -0.145147 0.100388 -0.217227
v -0.147202 0.107382 -0.220304
v -0.148568 0.115486 -0.222347
v -0.149069 0.124827 -0.223098
v -0.148076 0.139243 -0.221611
v -0.145297 0.152379 -0.217452
v -0.141088 0.164475 -0.211153
v -0.135805 0.175773 -0.203246
v -0.129802 0.186513 -0.194262
v -0.123434 0.196936 -0.184733
v -0.117058 0.207283 -0.175190
v -0.111029 0.217794 -0.166166
v -0.105701 0.228712 -0.158193
v -0.101430 0.240275 -0.151801
v -0.098572 0.252726 -0.147523
v -0.097481 0.266305 -0.145891
v -0.097423 0.274480 -0.145804
v -0.097327 0.281270 -0.145661
v -0.097146 0.286803 -0.145389
v -0.096830 0.291207 -0.144917
v -0.096333 0.294610 -0.144173
v -0.095606 0.297141 -0.143085
v -0.094602 0.298928 -0.141582
v -0.093272 0.300098 -0.139591
v -0.091568 0.300781 -0.137041
v -0.089442 0.301104 -0.133860
v -0.086847 0.301196 -0.129976
v -0.083734 0.301184 -0.125317
v -0.080677 0.305815 -0.120741
v -0.076065 0.319185 -0.113840
v -0.070410 0.340471 -0.105376
v -0.064221 0.368852 -0.096113
v -0.058008 0.403503 -0.086815
v -0.052283 0.443603 -0.078247
v -0.047555 0.488329 -0.071172
v -0.044336 0.536858 -0.066353
v -0.043134 0.588367 -0.064555
v -0.044461 0.642034 -0.066541
v -0.048828 0.697036 -0.073076
v -0.056743 0.752551 -0.084923
v -0.058597 0.752551 -0.087696
v -0.060721 0.752551 -0.090876
v -0.063051 0.752551 -0.094363
v -0.065520 0.752551 -0.098057
v -0.068060 0.752551 -0.101859
v -0.070606 0.752551 -0.105669
v -0.073090 0.752551 -0.109387
v -0.075446 0.752551 -0.112914
v -0.077608 0.752551 -0.116149
v -0.079509 0.752551 -0.118994
v -0.081083 0.752551 -0.121349
v -0.082262 0.752551 -0.123113
v -0.085309 0.753416 -0.127675
v -0.087803 0.755810 -0.131406
v -0.089742 0.759425 -0.134309
v -0.091127 0.763957 -0.136382
v -0.091959 0.769100 -0.137626
v -0.092236 0.774549 -0.138041
v -0.091959 0.779997 -0.137626
v -0.091127 0.785140 -0.136382
v -0.089742 0.789672 -0.134309
v -0.087803 0.793288 -0.131406
v -0.085309 0.795681 -0.127675
v -0.082262 0.796547 -0.123113
v -0.080876 0.796547 -0.121040
v -0.080020 0.796547 -0.119758
v -0.079559 0.796547 -0.119069
v -0.079361 0.796547 -0.118772
v -0.079290 0.796547 -0.118666
v -0.079214 0.796547 -0.118552
v -0.078997 0.796547 -0.118228
v -0.078507 0.796547 -0.117495
v -0.077610 0.796547 -0.116152
v -0.076171 0.796547 -0.113998
v -0.074057 0.796547 -0.110835
v -0.071134 0.796547 -0.106460
v -0.071134 0.798902 -0.106460
v -0.071134 0.800555 -0.106460
v -0.071134 0.801728 -0.106460
v -0.071134 0.802646 -0.106460
v -0.071134 0.803533 -0.106460
v -0.071134 0.804614 -0.106460
v -0.071134 0.806112 -0.106460
v -0.071134 0.808251 -0.106460
v -0.071134 0.811255 -0.106460
v -0.071134 0.815350 -0.106460
v -0.071134 0.820757 -0.106460
v -0.071134 0.827703 -0.106460
v -0.069499 0.827703 -0.104012
v -0.067870 0.827703 -0.101576
v -0.066245 0.827703 -0.099143
v -0.064617 0.827703 -0.096707
v -0.062983 0.827703 -0.094261
v -0.061338 0.827703 -0.091799
v -0.059677 0.827703 -0.089313
v -0.057995 0.827703 -0.086796
v -0.056288 0.827703 -0.084242
v -0.054552 0.827703 -0.081643
v -0.052781 0.827703 -0.078993
v -0.050971 0.827703 -0.076284
v -0.050980 0.831154 -0.076297
v -0.051005 0.835791 -0.076335
v -0.051043 0.841385 -0.076391
v -0.051090 0.847709 -0.076461
v -0.051143 0.854532 -0.076541
v -0.051199 0.861626 -0.076626
v -0.051256 0.868763 -0.076710
v -0.051309 0.875715 -0.076790
v -0.051356 0.882252 -0.076860
v -0.051394 0.888146 -0.076917
v -0.051419 0.893168 -0.076954
v -0.051428 0.897090 -0.076967
v -0.053850 0.897411 -0.080592
v -0.055786 0.898299 -0.083491
v -0.057256 0.899641 -0.085689
v -0.058276 0.901323 -0.087216
v -0.058866 0.903232 -0.088100
v -0.059045 0.905254 -0.088367
v -0.058830 0.907276 -0.088046
v -0.058241 0.909185 -0.087164
v -0.057296 0.910867 -0.085749
v -0.056013 0.912209 -0.083830
v -0.054411 0.913098 -0.081433
v -0.052510 0.913419 -0.078586
v -0.055002 0.925694 -0.082317
v -0.059891 0.943311 -0.089633
v -0.066132 0.965621 -0.098974
v -0.072682 0.991974 -0.108777
v -0.078499 1.021722 -0.117482
v -0.082537 1.054214 -0.123526
v -0.083755 1.088800 -0.125348
v -0.081107 1.124832 -0.121386
v -0.073552 1.161659 -0.110079
v -0.060045 1.198633 -0.089865
v -0.039544 1.235103 -0.059182
v -0.011004 1.270420 -0.016468
v -0.011052 1.281574 -0.016540
v -0.013054 1.284719 -0.019537
v -0.014502 1.287911 -0.021703
v -0.015546 1.291181 -0.023267
v -0.016255 1.294601 -0.024328
v -0.016634 1.298245 -0.024895
v -0.016637 1.302172 -0.024899
v -0.016166 1.306409 -0.024194
v -0.015070 1.310926 -0.022554
v -0.013138 1.315585 -0.019663
v -0.010102 1.320051 -0.015119
v -0.005699 1.323635 -0.008529
v 0.000092 1.325132 0.000136
v 0.000000 0.000000 -0.000000
v -0.002625 0.000048 -0.002625
v -0.009954 0.000182 -0.009954
v -0.021169 0.000383 -0.021169
v -0.035452 0.000636 -0.035452
v -0.051985 0.000923 -0.051985
v -0.069948 0.001227 -0.069948
v -0.088525 0.001531 -0.088525
v -0.106897 0.001817 -0.106897
v -0.124245 0.002070 -0.124245
v -0.139751 0.002272 -0.139751
v -0.152598 0.002405 -0.152598
v -0.161966 0.002454 -0.161966
v -0.165554 0.002644 -0.165554
v -0.168948 0.003188 -0.168948
v -0.172124 0.004041 -0.172124
v -0.175060 0.005162 -0.175060
v -0.177735 0.006508 -0.177735
v -0.180125 0.008037 -0.180125
v -0.182209 0.009705 -0.182209
v -0.183965 0.011471 -0.183965
v -0.185369 0.013291 -0.185369
v -0.186399 0.015124 -0.186399
v -0.187034 0.016926 -0.187034
v -0.187250 0.018656 -0.187250
v -0.187250 0.020964 -0.187250
v -0.187250 0.023336 -0.187250
v -0.187250 0.025753 -0.187250
v -0.187250 0.028199 -0.187250
v -0.187250 0.030655 -0.187250
v -0.187250 0.033102 -0.187250
v -0.187250 0.035524 -0.187250
v -0.187250 0.037902 -0.187250
v -0.187250 0.040219 -0.187250
v -0.187250 0.042456 -0.187250
v -0.187250 0.044595 -0.187250
v -0.187250 0.046618 -0.187250
v -0.186678 0.050082 -0.186678
v -0.185098 0.052730 -0.185098
v -0.182709 0.054708 -0.182709
v -0.179713 0.056159 -0.179713
v -0.176313 0.057229 -0.176313
v -0.172708 0.058064 -0.172708
v -0.169100 0.058809 -0.169100
v -0.165690 0.059607 -0.165690
v -0.162681 0.060605 -0.162681
v -0.160272 0.061948 -0.160272
v -0.158665 0.063780 -0.158665
v -0.158062 0.066247 -0.158062
v -0.158656 0.069016 -0.158656
v -0.160356 0.071742 -0.160356
v -0.162944 0.074554 -0.162944
v -0.166198 0.077580 -0.166198
v -0.169898 0.080946 -0.169898
v -0.173822 0.084783 -0.173822
v -0.177750 0.089216 -0.177750
v -0.181462 0.094376 -0.181462
v -0.184736 0.100388 -0.184737
v -0.187353 0.107383 -0.187353
v -0.189091 0.115486 -0.189091
v -0.189729 0.124827 -0.189729
v -0.188465 0.139243 -0.188465
v -0.184928 0.152379 -0.184928
v -0.179571 0.164475 -0.179571
v -0.172847 0.175773 -0.172847
v -0.165206 0.186513 -0.165206
v -0.157102 0.196936 -0.157102
v -0.148987 0.207283 -0.148987
v -0.141313 0.217794 -0.141313
v -0.134532 0.228712 -0.134532
v -0.129096 0.240275 -0.129096
v -0.125458 0.252726 -0.125458
v -0.124070 0.266305 -0.124070
v -0.123996 0.274480 -0.123996
v -0.123874 0.281270 -0.123874
v -0.123643 0.286803 -0.123643
v -0.123242 0.291207 -0.123242
v -0.122609 0.294610 -0.122609
v -0.121684 0.297141 -0.121684
v -0.120405 0.298928 -0.120405
v -0.118712 0.300098 -0.118712
v -0.116544 0.300781 -0.116544
v -0.113838 0.301104 -0.113838
v -0.110535 0.301196 -0.110535
v -0.106573 0.301184 -0.106573
v -0.102682 0.305815 -0.102682
v -0.096813 0.319185 -0.096813
v -0.089614 0.340472 -0.089615
v -0.081737 0.368852 -0.081737
v -0.073830 0.403503 -0.073830
v -0.066544 0.443603 -0.066544
v -0.060526 0.488329 -0.060527
v -0.056428 0.536858 -0.056429
v -0.054899 0.588367 -0.054899
v -0.056589 0.642034 -0.056589
v -0.062146 0.697036 -0.062146
v -0.072221 0.752551 -0.072221
v -0.074579 0.752551 -0.074579
v -0.077284 0.752551 -0.077284
v -0.080249 0.752551 -0.080249
v -0.083391 0.752551 -0.083391
v -0.086624 0.752551 -0.086624
v -0.089864 0.752551 -0.089864
v -0.093026 0.752551 -0.093026
v -0.096025 0.752551 -0.096025
v -0.098777 0.752551 -0.098777
v -0.101196 0.752551 -0.101196
v -0.103199 0.752551 -0.103199
v -0.104699 0.752551 -0.104699
v -0.108578 0.753416 -0.108578
v -0.111752 0.755810 -0.111752
v -0.114220 0.759425 -0.114220
v -0.115983 0.763957 -0.115983
v -0.117041 0.769100 -0.117041
v -0.117394 0.774549 -0.117394
v -0.117041 0.779997 -0.117041
v -0.115983 0.785140 -0.115983
v -0.114220 0.789672 -0.114220
v -0.111752 0.793288 -0.111752
v -0.108578 0.795681 -0.108578
v -0.104699 0.796547 -0.104699
v -0.102936 0.796547 -0.102936
v -0.101846 0.796547 -0.101846
v -0.101260 0.796547 -0.101260
v -0.101007 0.796547 -0.101007
v -0.100917 0.796547 -0.100917
v -0.100820 0.796547 -0.100820
v -0.100544 0.796547 -0.100545
v -0.099921 0.796547 -0.099921
v -0.098779 0.796547 -0.098779
v -0.096947 0.796547 -0.096948
v -0.094257 0.796547 -0.094257
v -0.090537 0.796547 -0.090537
v -0.090537 0.798902 -0.090537
v -0.090537 0.800555 -0.090537
v -0.090537 0.801728 -0.090537
v -0.090537 0.802646 -0.090537
v -0.090537 0.803533 -0.090537
v -0.090537 0.804614 -0.090537
v -0.090537 0.806112 -0.090537
v -0.090537 0.808251 -0.090537
v -0.090537 0.811255 -0.090537
v -0.090537 0.815350 -0.090537
v -0.090537 0.820757 -0.090537
v -0.090537 0.827703 -0.090537
v -0.088455 0.827703 -0.088455
v -0.086383 0.827703 -0.086383
v -0.084314 0.827703 -0.084314
v -0.082242 0.827703 -0.082243
v -0.080163 0.827703 -0.080163
v -0.078068 0.827703 -0.078069
v -0.075954 0.827703 -0.075954
v -0.073814 0.827703 -0.073814
v -0.071641 0.827703 -0.071642
v -0.069431 0.827703 -0.069432
v -0.067178 0.827703 -0.067178
v -0.064874 0.827703 -0.064874
v -0.064885 0.831154 -0.064886
v -0.064917 0.835791 -0.064917
v -0.064965 0.841385 -0.064965
v -0.065025 0.847708 -0.065025
v -0.065093 0.854532 -0.065093
v -0.065165 0.861626 -0.065165
v -0.065237 0.868763 -0.065237
v -0.065304 0.875715 -0.065305
v -0.065364 0.882252 -0.065364
v -0.065412 0.888146 -0.065412
v -0.065444 0.893168 -0.065444
v -0.065455 0.897090 -0.065455
v -0.068538 0.897411 -0.068538
v -0.071003 0.898299 -0.071003
v -0.072873 0.899641 -0.072873
v -0.074171 0.901323 -0.074171
v -0.074922 0.903232 -0.074923
v -0.075150 0.905254 -0.075150
v -0.074877 0.907276 -0.074877
v -0.074127 0.909185 -0.074127
v -0.072924 0.910867 -0.072924
v -0.071291 0.912209 -0.071291
v -0.069253 0.913098 -0.069253
v -0.066832 0.913419 -0.066832
v -0.070004 0.925694 -0.070004
v -0.076226 0.943311 -0.076227
v -0.084170 0.965621 -0.084170
v -0.092507 0.991974 -0.092507
v -0.099910 1.021722 -0.099910
v -0.105050 1.054214 -0.105050
v -0.106599 1.088800 -0.106600
v -0.103230 1.124832 -0.103230
v -0.093614 1.161659 -0.093614
v -0.076423 1.198633 -0.076424
v -0.050330 1.235103 -0.050330
v -0.014005 1.270420 -0.014005
v -0.014066 1.281574 -0.014066
v -0.016615 1.284719 -0.016615
v -0.018457 1.287911 -0.018457
v -0.019787 1.291181 -0.019787
v -0.020689 1.294601 -0.020689
v -0.021172 1.298245 -0.021172
v -0.021175 1.302172 -0.021175
v -0.020575 1.306409 -0.020576
v -0.019181 1.310926 -0.019181
v -0.016722 1.315585 -0.016722
v -0.012857 1.320051 -0.012858
v -0.007253 1.323635 -0.007254
v 0.000117 1.325132 0.000116
v 0.000000 0.000000 -0.000000
v -0.003087 0.000048 -0.002062
v -0.011705 0.000182 -0.007821
v -0.024892 0.000383 -0.016633
v -0.041687 0.000636 -0.027855
v -0.061127 0.000923 -0.040844
v -0.082251 0.001227 -0.054958
v -0.104094 0.001531 -0.069554
v -0.125697 0.001817 -0.083988
v -0.146096 0.002070 -0.097618
v -0.164330 0.002272 -0.109802
v -0.179436 0.002405 -0.119895
v -0.190452 0.002454 -0.127256
v -0.194671 0.002644 -0.130075
v -0.198661 0.003188 -0.132741
v -0.202396 0.004041 -0.135237
v -0.205849 0.005162 -0.137544
v -0.208994 0.006508 -0.139645
v -0.211805 0.008037 -0.141524
v -0.214256 0.009705 -0.143161
v -0.216319 0.011471 -0.144540
v -0.217970 0.013291 -0.145643
v -0.219182 0.015124 -0.146453
v -0.219928 0.016926 -0.146951
v -0.220183 0.018656 -0.147122
v -0.220183 0.020964 -0.147122
v -0.220183 0.023336 -0.147121
v -0.220183 0.025753 -0.147122
v -0.220183 0.028199 -0.147122
v -0.220183 0.030655 -0.147122
v -0.220183 0.033102 -0.147122
v -0.220183 0.035524 -0.147122
v -0.220183 0.037902 -0.147122
v -0.220183 0.040219 -0.147122
v -0.220183 0.042455 -0.147122
v -0.220183 0.044595 -0.147122
v -0.220183 0.046618 -0.147122
v -0.219511 0.050082 -0.146672
v -0.217652 0.052730 -0.145430
v -0.214843 0.054708 -0.143553
v -0.211321 0.056159 -0.141200
v -0.207322 0.057229 -0.138528
v -0.203083 0.058064 -0.135695
v -0.198840 0.058809 -0.132861
v -0.194831 0.059607 -0.130182
v -0.191292 0.060605 -0.127817
v -0.188460 0.061948 -0.125925
v -0.186571 0.063780 -0.124663
v -0.185862 0.066247 -0.124189
v -0.186559 0.069016 -0.124655
v -0.188559 0.071742 -0.125991
v -0.191602 0.074554 -0.128024
v -0.195428 0.077580 -0.130581
v -0.199778 0.080946 -0.133488
v -0.204393 0.084783 -0.136571
v -0.209012 0.089216 -0.139657
v -0.213377 0.094376 -0.142574
v -0.217227 0.100388 -0.145147
v -0.220304 0.107383 -0.147202
v -0.222347 0.115486 -0.148568
v -0.223098 0.124827 -0.149069
v -0.221611 0.139243 -0.148076
v -0.217452 0.152379 -0.145297
v -0.211153 0.164475 -0.141088
v -0.203246 0.175773 -0.135805
v -0.194262 0.186513 -0.129802
v -0.184733 0.196936 -0.123434
v -0.175190 0.207283 -0.117058
v -0.166166 0.217794 -0.111029
v -0.158193 0.228712 -0.105701
v -0.151801 0.240275 -0.101430
v -0.147523 0.252726 -0.098572
v -0.145891 0.266305 -0.097481
v -0.145804 0.274480 -0.097423
v -0.145660 0.281270 -0.097327
v -0.145389 0.286803 -0.097146
v -0.144917 0.291207 -0.096830
v -0.144173 0.294610 -0.096333
v -0.143085 0.297141 -0.095606
v -0.141582 0.298928 -0.094602
v -0.139591 0.300098 -0.093272
v -0.137041 0.300781 -0.091568
v -0.133860 0.301104 -0.089442
v -0.129976 0.301196 -0.086847
v -0.125317 0.301184 -0.083734
v -0.120741 0.305815 -0.080677
v -0.113840 0.319185 -0.076065
v -0.105376 0.340472 -0.070410
v -0.096113 0.368852 -0.064221
v -0.086815 0.403503 -0.058008
v -0.078247 0.443603 -0.052283
v -0.071172 0.488329 -0.047555
v -0.066353 0.536858 -0.044336
v -0.064555 0.588367 -0.043134
v -0.066541 0.642034 -0.044461
v -0.073076 0.697036 -0.048828
v -0.084923 0.752551 -0.056744
v -0.087696 0.752551 -0.058597
v -0.090876 0.752551 -0.060722
v -0.094363 0.752551 -0.063051
v -0.098057 0.752551 -0.065520
v -0.101859 0.752551 -0.068060
v -0.105669 0.752551 -0.070606
v -0.109387 0.752551 -0.073090
v -0.112914 0.752551 -0.075447
v -0.116149 0.752551 -0.077609
v -0.118994 0.752551 -0.079510
v -0.121349 0.752551 -0.081083
v -0.123113 0.752551 -0.082262
v -0.127674 0.753416 -0.085309
v -0.131406 0.755810 -0.087803
v -0.134309 0.759425 -0.089742
v -0.136382 0.763957 -0.091128
v -0.137626 0.769100 -0.091959
v -0.138040 0.774549 -0.092236
v -0.137626 0.779997 -0.091959
v -0.136382 0.785140 -0.091128
v -0.134309 0.789672 -0.089742
v -0.131406 0.793288 -0.087803
v -0.127674 0.795681 -0.085309
v -0.123113 0.796547 -0.082262
v -0.121039 0.796547 -0.080876
v -0.119758 0.796547 -0.080020
v -0.119069 0.796547 -0.079560
v -0.118772 0.796547 -0.079361
v -0.118666 0.796547 -0.079290
v -0.118551 0.796547 -0.079214
v -0.118228 0.796547 -0.078997
v -0.117495 0.796547 -0.078507
v -0.116151 0.796547 -0.077610
v -0.113998 0.796547 -0.076171
v -0.110834 0.796547 -0.074057
v -0.106460 0.796547 -0.071134
v -0.106460 0.798902 -0.071134
v -0.106460 0.800555 -0.071134
v -0.106460 0.801728 -0.071134
v -0.106460 0.802646 -0.071134
v -0.106460 0.803533 -0.071134
v -0.106460 0.804614 -0.071134
v -0.106460 0.806112 -0.071134
v -0.106460 0.808251 -0.071134
v -0.106460 0.811255 -0.071134
v -0.106460 0.815350 -0.071134
v -0.106460 0.820757 -0.071134
v -0.106460 0.827703 -0.071134
v -0.104012 0.827703 -0.069499
v -0.101575 0.827703 -0.067871
v -0.099143 0.827703 -0.066245
v -0.096707 0.827703 -0.064618
v -0.094261 0.827703 -0.062983
v -0.091799 0.827703 -0.061338
v -0.089313 0.827703 -0.059677
v -0.086796 0.827703 -0.057995
v -0.084241 0.827703 -0.056289
v -0.081643 0.827703 -0.054552
v -0.078992 0.827703 -0.052781
v -0.076284 0.827703 -0.050971
v -0.076297 0.831154 -0.050980
v -0.076334 0.835791 -0.051005
v -0.076391 0.841385 -0.051043
v -0.076461 0.847709 -0.051090
v -0.076541 0.854532 -0.051143
v -0.076625 0.861626 -0.051200
v -0.076710 0.868763 -0.051256
v -0.076790 0.875715 -0.051310
v -0.076860 0.882252 -0.051357
v -0.076916 0.888146 -0.051394
v -0.076954 0.893168 -0.051419
v -0.076967 0.897090 -0.051428
v -0.080592 0.897411 -0.053850
v -0.083490 0.898299 -0.055787
v -0.085689 0.899641 -0.057256
v -0.087216 0.901323 -0.058276
v -0.088099 0.903232 -0.058866
v -0.088367 0.905254 -0.059045
v -0.088045 0.907276 -0.058830
v -0.087164 0.909185 -0.058241
v -0.085749 0.910867 -0.057296
v -0.083830 0.912209 -0.056013
v -0.081433 0.913098 -0.054412
v -0.078586 0.913419 -0.052510
v -0.082316 0.925694 -0.055002
v -0.089633 0.943311 -0.059891
v -0.098973 0.965621 -0.066132
v -0.108777 0.991974 -0.072683
v -0.117482 1.021722 -0.078499
v -0.123526 1.054214 -0.082537
v -0.125348 1.088800 -0.083755
v -0.121386 1.124832 -0.081108
v -0.110079 1.161659 -0.073552
v -0.089864 1.198633 -0.060046
v -0.059181 1.235103 -0.039544
v -0.016468 1.270420 -0.011004
v -0.016540 1.281574 -0.011052
v -0.019537 1.284719 -0.013054
v -0.021703 1.287911 -0.014502
v -0.023267 1.291181 -0.015547
v -0.024328 1.294601 -0.016256
v -0.024895 1.298245 -0.016635
v -0.024899 1.302172 -0.016637
v -0.024194 1.306409 -0.016166
v -0.022554 1.310926 -0.015071
v -0.019663 1.315585 -0.013139
v -0.015119 1.320051 -0.010103
v -0.008529 1.323635 -0.005699
v 0.000137 1.325132 0.000091
v 0.000000 0.000000 -0.000000
v -0.003430 0.000048 -0.001421
v -0.013006 0.000182 -0.005387
v -0.027659 0.000383 -0.011457
v -0.046320 0.000636 -0.019187
v -0.067921 0.000923 -0.028134
v -0.091392 0.001227 -0.037856
v -0.115664 0.001531 -0.047909
v -0.139667 0.001817 -0.057852
v -0.162334 0.002070 -0.067241
v -0.182594 0.002272 -0.075633
v -0.199379 0.002405 -0.082585
v -0.211619 0.002454 -0.087655
v -0.216307 0.002644 -0.089597
v -0.220741 0.003188 -0.091434
v -0.224891 0.004041 -0.093153
v -0.228727 0.005162 -0.094742
v -0.232222 0.006508 -0.096189
v -0.235345 0.008037 -0.097483
v -0.238068 0.009705 -0.098611
v -0.240361 0.011471 -0.099561
v -0.242196 0.013291 -0.100321
v -0.243542 0.015124 -0.100878
v -0.244371 0.016926 -0.101222
v -0.244654 0.018656 -0.101339
v -0.244654 0.020964 -0.101339
v -0.244654 0.023336 -0.101339
v -0.244654 0.025753 -0.101339
v -0.244654 0.028199 -0.101339
v -0.244654 0.030655 -0.101339
v -0.244654 0.033102 -0.101339
v -0.244654 0.035524 -0.101339
v -0.244654 0.037902 -0.101339
v -0.244654 0.040219 -0.101339
v -0.244654 0.042455 -0.101339
v -0.244654 0.044595 -0.101339
v -0.244654 0.046618 -0.101339
v -0.243907 0.050082 -0.101030
v -0.241842 0.052730 -0.100174
v -0.238721 0.054708 -0.098881
v -0.234807 0.056159 -0.097260
v -0.230363 0.057229 -0.095420
v -0.225653 0.058064 -0.093469
v -0.220939 0.058809 -0.091516
v -0.216485 0.059607 -0.089671
v -0.212553 0.060605 -0.088042
v -0.209405 0.061948 -0.086739
v -0.207306 0.063780 -0.085869
v -0.206518 0.066247 -0.085543
v -0.207294 0.069016 -0.085864
v -0.209516 0.071742 -0.086784
v -0.212897 0.074554 -0.088185
v -0.217148 0.077580 -0.089946
v -0.221982 0.080946 -0.091948
v -0.227109 0.084783 -0.094072
v -0.232242 0.089216 -0.096198
v -0.237092 0.094376 -0.098207
v -0.241370 0.100388 -0.099979
v -0.244788 0.107383 -0.101395
v -0.247059 0.115486 -0.102335
v -0.247893 0.124827 -0.102681
v -0.246241 0.139243 -0.101996
v -0.241620 0.152379 -0.100082
v -0.234621 0.164476 -0.097183
v -0.225835 0.175773 -0.093544
v -0.215852 0.186513 -0.089409
v -0.205264 0.196936 -0.085023
v -0.194661 0.207283 -0.080631
v -0.184634 0.217794 -0.076478
v -0.175774 0.228712 -0.072808
v -0.168672 0.240275 -0.069866
v -0.163919 0.252726 -0.067898
v -0.162106 0.266305 -0.067146
v -0.162009 0.274480 -0.067106
v -0.161849 0.281270 -0.067040
v -0.161547 0.286803 -0.066915
v -0.161023 0.291207 -0.066698
v -0.160196 0.294610 -0.066355
v -0.158988 0.297141 -0.065855
v -0.157317 0.298928 -0.065163
v -0.155105 0.300098 -0.064247
v -0.152272 0.300781 -0.063073
v -0.148737 0.301104 -0.061609
v -0.144421 0.301196 -0.059821
v -0.139244 0.301184 -0.057677
v -0.134161 0.305815 -0.055571
v -0.126492 0.319185 -0.052395
v -0.117087 0.340472 -0.048499
v -0.106795 0.368852 -0.044236
v -0.096464 0.403503 -0.039957
v -0.086943 0.443603 -0.036013
v -0.079082 0.488329 -0.032757
v -0.073727 0.536858 -0.030539
v -0.071729 0.588367 -0.029711
v -0.073937 0.642034 -0.030626
v -0.081197 0.697036 -0.033633
v -0.094361 0.752551 -0.039086
v -0.097443 0.752551 -0.040362
v -0.100976 0.752551 -0.041826
v -0.104851 0.752551 -0.043431
v -0.108955 0.752551 -0.045131
v -0.113180 0.752551 -0.046881
v -0.117413 0.752551 -0.048634
v -0.121544 0.752551 -0.050345
v -0.125463 0.752551 -0.051969
v -0.129058 0.752551 -0.053458
v -0.132219 0.752551 -0.054767
v -0.134836 0.752551 -0.055851
v -0.136796 0.752551 -0.056663
v -0.141864 0.753416 -0.058762
v -0.146011 0.755810 -0.060480
v -0.149236 0.759425 -0.061816
v -0.151539 0.763957 -0.062770
v -0.152922 0.769100 -0.063342
v -0.153382 0.774549 -0.063533
v -0.152922 0.779997 -0.063342
v -0.151539 0.785140 -0.062770
v -0.149236 0.789672 -0.061816
v -0.146011 0.793288 -0.060480
v -0.141864 0.795681 -0.058762
v -0.136796 0.796547 -0.056663
v -0.134492 0.796547 -0.055709
v -0.133068 0.796547 -0.055119
v -0.132302 0.796547 -0.054802
v -0.131972 0.796547 -0.054665
v -0.131855 0.796547 -0.054616
v -0.131727 0.796547 -0.054563
v -0.131368 0.796547 -0.054414
v -0.130553 0.796547 -0.054077
v -0.129061 0.796547 -0.053459
v -0.126668 0.796547 -0.052468
v -0.123153 0.796547 -0.051012
v -0.118292 0.796547 -0.048998
v -0.118292 0.798902 -0.048998
v -0.118292 0.800555 -0.048998
v -0.118292 0.801728 -0.048998
v -0.118292 0.802646 -0.048998
v -0.118292 0.803533 -0.048998
v -0.118292 0.804614 -0.048998
v -0.118292 0.806112 -0.048998
v -0.118292 0.808251 -0.048998
v -0.118292 0.811255 -0.048998
v -0.118292 0.815350 -0.048998
v -0.118292 0.820757 -0.048998
v -0.118292 0.827703 -0.048998
v -0.115572 0.827703 -0.047872
v -0.112865 0.827703 -0.046750
v -0.110161 0.827703 -0.045630
v -0.107455 0.827703 -0.044509
v -0.104737 0.827703 -0.043384
v -0.102001 0.827703 -0.042250
v -0.099239 0.827703 -0.041106
v -0.096442 0.827703 -0.039948
v -0.093604 0.827703 -0.038772
v -0.090716 0.827703 -0.037576
v -0.087772 0.827703 -0.036356
v -0.084762 0.827703 -0.035110
v -0.084777 0.831154 -0.035116
v -0.084818 0.835791 -0.035133
v -0.084881 0.841385 -0.035159
v -0.084959 0.847709 -0.035191
v -0.085048 0.854532 -0.035228
v -0.085142 0.861626 -0.035267
v -0.085236 0.868763 -0.035306
v -0.085324 0.875715 -0.035343
v -0.085403 0.882252 -0.035375
v -0.085465 0.888146 -0.035401
v -0.085506 0.893168 -0.035418
v -0.085521 0.897090 -0.035424
v -0.089549 0.897411 -0.037093
v -0.092770 0.898299 -0.038427
v -0.095213 0.899641 -0.039439
v -0.096910 0.901323 -0.040141
v -0.097891 0.903232 -0.040548
v -0.098188 0.905254 -0.040671
v -0.097831 0.907276 -0.040523
v -0.096851 0.909185 -0.040117
v -0.095279 0.910867 -0.039466
v -0.093146 0.912209 -0.038583
v -0.090483 0.913098 -0.037479
v -0.087320 0.913419 -0.036169
v -0.091465 0.925694 -0.037886
v -0.099595 0.943311 -0.041254
v -0.109973 0.965621 -0.045553
v -0.120867 0.991974 -0.050065
v -0.130539 1.021722 -0.054071
v -0.137255 1.054214 -0.056853
v -0.139279 1.088800 -0.057691
v -0.134877 1.124832 -0.055868
v -0.122313 1.161659 -0.050664
v -0.099852 1.198633 -0.041360
v -0.065759 1.235103 -0.027238
v -0.018298 1.270420 -0.007580
v -0.018378 1.281574 -0.007613
v -0.021708 1.284719 -0.008992
v -0.024116 1.287911 -0.009989
v -0.025853 1.291181 -0.010709
v -0.027032 1.294601 -0.011197
v -0.027662 1.298245 -0.011458
v -0.027666 1.302172 -0.011460
v -0.026883 1.306409 -0.011136
v -0.025061 1.310926 -0.010381
v -0.021848 1.315585 -0.009050
v -0.016799 1.320051 -0.006959
v -0.009477 1.323635 -0.003926
v 0.000152 1.325132 0.000062
v 0.000000 0.000000 -0.000000
v -0.003641 0.000048 -0.000724
v -0.013807 0.000182 -0.002746
v -0.029362 0.000383 -0.005841
v -0.049173 0.000636 -0.009781
v -0.072105 0.000923 -0.014343
v -0.097021 0.001227 -0.019299
v -0.122788 0.001531 -0.024424
v -0.148270 0.001817 -0.029493
v -0.172332 0.002070 -0.034279
v -0.193841 0.002272 -0.038557
v -0.211659 0.002405 -0.042102
v -0.224653 0.002454 -0.044686
v -0.229630 0.002644 -0.045676
v -0.234337 0.003188 -0.046613
v -0.238742 0.004041 -0.047489
v -0.242816 0.005162 -0.048299
v -0.246525 0.006508 -0.049037
v -0.249841 0.008037 -0.049697
v -0.252732 0.009705 -0.050271
v -0.255166 0.011471 -0.050756
v -0.257114 0.013291 -0.051143
v -0.258543 0.015124 -0.051427
v -0.259423 0.016926 -0.051602
v -0.259723 0.018656 -0.051662
v -0.259723 0.020964 -0.051662
v -0.259723 0.023336 -0.051662
v -0.259723 0.025753 -0.051662
v -0.259723 0.028199 -0.051662
v -0.259723 0.030655 -0.051662
v -0.259723 0.033102 -0.051662
v -0.259723 0.035524 -0.051662
v -0.259723 0.037902 -0.051662
v -0.259723 0.040219 -0.051662
v -0.259723 0.042455 -0.051662
v -0.259723 0.044595 -0.051662
v -0.259723 0.046618 -0.051662
v -0.258931 0.050082 -0.051504
v -0.256738 0.052730 -0.051068
v -0.253424 0.054708 -0.050409
v -0.249270 0.056159 -0.049583
v -0.244552 0.057229 -0.048645
v -0.239552 0.058064 -0.047650
v -0.234548 0.058809 -0.046655
v -0.229819 0.059607 -0.045714
v -0.225645 0.060605 -0.044884
v -0.222304 0.061948 -0.044219
v -0.220075 0.063780 -0.043776
v -0.219239 0.066247 -0.043609
v -0.220062 0.069016 -0.043773
v -0.222421 0.071742 -0.044242
v -0.226010 0.074554 -0.044956
v -0.230523 0.077580 -0.045854
v -0.235655 0.080946 -0.046875
v -0.241098 0.084783 -0.047957
v -0.246547 0.089216 -0.049041
v -0.251695 0.094376 -0.050065
v -0.256237 0.100388 -0.050969
v -0.259866 0.107383 -0.051691
v -0.262276 0.115486 -0.052170
v -0.263162 0.124827 -0.052346
v -0.261408 0.139243 -0.051997
v -0.256503 0.152379 -0.051022
v -0.249073 0.164476 -0.049544
v -0.239745 0.175773 -0.047688
v -0.229148 0.186513 -0.045580
v -0.217907 0.196936 -0.043344
v -0.206651 0.207283 -0.041105
v -0.196007 0.217794 -0.038988
v -0.186601 0.228712 -0.037117
v -0.179062 0.240275 -0.035618
v -0.174016 0.252726 -0.034614
v -0.172090 0.266305 -0.034231
v -0.171988 0.274480 -0.034211
v -0.171818 0.281270 -0.034177
v -0.171498 0.286803 -0.034113
v -0.170941 0.291207 -0.034002
v -0.170063 0.294610 -0.033828
v -0.168780 0.297141 -0.033573
v -0.167007 0.298928 -0.033220
v -0.164659 0.300098 -0.032753
v -0.161651 0.300781 -0.032154
v -0.157898 0.301104 -0.031408
v -0.153317 0.301196 -0.030497
v -0.147821 0.301184 -0.029403
v -0.142424 0.305815 -0.028330
v -0.134283 0.319185 -0.026711
v -0.124299 0.340472 -0.024725
v -0.113373 0.368852 -0.022551
v -0.102406 0.403503 -0.020370
v -0.092299 0.443603 -0.018359
v -0.083953 0.488329 -0.016699
v -0.078269 0.536858 -0.015569
v -0.076148 0.588367 -0.015147
v -0.078491 0.642034 -0.015613
v -0.086199 0.697036 -0.017146
v -0.100173 0.752551 -0.019926
v -0.103444 0.752551 -0.020577
v -0.107196 0.752551 -0.021323
v -0.111309 0.752551 -0.022141
v -0.115666 0.752551 -0.023008
v -0.120151 0.752551 -0.023900
v -0.124645 0.752551 -0.024794
v -0.129031 0.752551 -0.025666
v -0.133191 0.752551 -0.026493
v -0.137007 0.752551 -0.027253
v -0.140363 0.752551 -0.027920
v -0.143141 0.752551 -0.028473
v -0.145222 0.752551 -0.028887
v -0.150602 0.753416 -0.029957
v -0.155004 0.755810 -0.030832
v -0.158428 0.759425 -0.031513
v -0.160873 0.763957 -0.032000
v -0.162341 0.769100 -0.032292
v -0.162830 0.774549 -0.032389
v -0.162341 0.779997 -0.032292
v -0.160873 0.785140 -0.032000
v -0.158428 0.789672 -0.031513
v -0.155004 0.793288 -0.030832
v -0.150602 0.795681 -0.029957
v -0.145222 0.796547 -0.028887
v -0.142776 0.796547 -0.028400
v -0.141264 0.796547 -0.028099
v -0.140452 0.796547 -0.027938
v -0.140101 0.796547 -0.027868
v -0.139976 0.796547 -0.027843
v -0.139841 0.796547 -0.027816
v -0.139459 0.796547 -0.027740
v -0.138594 0.796547 -0.027568
v -0.137010 0.796547 -0.027253
v -0.134470 0.796547 -0.026748
v -0.130738 0.796547 -0.026006
v -0.125578 0.796547 -0.024979
v -0.125578 0.798902 -0.024979
v -0.125578 0.800555 -0.024979
v -0.125578 0.801728 -0.024979
v -0.125578 0.802646 -0.024979
v -0.125578 0.803533 -0.024979
v -0.125578 0.804614 -0.024979
v -0.125578 0.806112 -0.024979
v -0.125578 0.808251 -0.024979
v -0.125578 0.811255 -0.024979
v -0.125578 0.815350 -0.024979
v -0.125578 0.820757 -0.024979
v -0.125578 0.827703 -0.024979
v -0.122691 0.827703 -0.024405
v -0.119816 0.827703 -0.023833
v -0.116947 0.827703 -0.023262
v -0.114074 0.827703 -0.022691
v -0.111189 0.827703 -0.022117
v -0.108284 0.827703 -0.021539
v -0.105351 0.827703 -0.020956
v -0.102383 0.827703 -0.020365
v -0.099370 0.827703 -0.019766
v -0.096304 0.827703 -0.019156
v -0.093178 0.827703 -0.018534
v -0.089983 0.827703 -0.017899
v -0.089999 0.831154 -0.017902
v -0.090043 0.835791 -0.017911
v -0.090109 0.841385 -0.017924
v -0.090192 0.847709 -0.017940
v -0.090286 0.854532 -0.017959
v -0.090386 0.861626 -0.017979
v -0.090486 0.868763 -0.017999
v -0.090580 0.875715 -0.018018
v -0.090663 0.882252 -0.018034
v -0.090729 0.888146 -0.018047
v -0.090773 0.893168 -0.018056
v -0.090789 0.897090 -0.018059
v -0.095065 0.897411 -0.018910
v -0.098484 0.898299 -0.019590
v -0.101077 0.899641 -0.020106
v -0.102879 0.901323 -0.020464
v -0.103920 0.903232 -0.020671
v -0.104236 0.905254 -0.020734
v -0.103857 0.907276 -0.020659
v -0.102817 0.909185 -0.020452
v -0.101148 0.910867 -0.020120
v -0.098884 0.912209 -0.019669
v -0.096056 0.913098 -0.019107
v -0.092699 0.913419 -0.018439
v -0.097099 0.925694 -0.019314
v -0.105729 0.943311 -0.021031
v -0.116747 0.965621 -0.023223
v -0.128311 0.991974 -0.025523
v -0.138579 1.021722 -0.027565
v -0.145709 1.054214 -0.028983
v -0.147858 1.088800 -0.029411
v -0.143185 1.124832 -0.028481
v -0.129847 1.161659 -0.025828
v -0.106002 1.198633 -0.021085
v -0.069809 1.235103 -0.013886
v -0.019425 1.270420 -0.003864
v -0.019510 1.281574 -0.003881
v -0.023045 1.284719 -0.004584
v -0.025601 1.287911 -0.005093
v -0.027445 1.291181 -0.005459
v -0.028697 1.294601 -0.005708
v -0.029366 1.298245 -0.005841
v -0.029370 1.302172 -0.005842
v -0.028539 1.306409 -0.005677
v -0.026605 1.310926 -0.005292
v -0.023194 1.315585 -0.004614
v -0.017834 1.320051 -0.003548
v -0.010060 1.323635 -0.002002
v 0.000161 1.325132 0.000032
v 0.000000 0.000000 -0.000000
v -0.003712 0.000048 0.000000
v -0.014077 0.000182 0.000000
v -0.029938 0.000383 0.000000
v -0.050137 0.000636 0.000000
v -0.073517 0.000923 0.000000
v -0.098922 0.001227 0.000000
v -0.125193 0.001531 0.000000
v -0.151175 0.001817 0.000000
v -0.175709 0.002070 0.000000
v -0.197638 0.002272 0.000000
v -0.215806 0.002405 0.000000
v -0.229055 0.002454 0.000000
v -0.234129 0.002644 0.000000
v -0.238928 0.003188 0.000000
v -0.243420 0.004041 0.000000
v -0.247573 0.005162 0.000000
v -0.251355 0.006508 0.000000
v -0.254736 0.008037 0.000000
v -0.257683 0.009705 0.000000
v -0.260165 0.011471 0.000000
v -0.262151 0.013291 0.000000
v -0.263608 0.015124 0.000000
v -0.264506 0.016926 0.000000
v -0.264812 0.018656 0.000000
v -0.264812 0.020964 0.000000
v -0.264812 0.023336 0.000000
v -0.264812 0.025753 0.000000
v -0.264812 0.028199 0.000000
v -0.264812 0.030655 0.000000
v -0.264812 0.033102 0.000000
v -0.264812 0.035524 0.000000
v -0.264812 0.037902 0.000000
v -0.264812 0.040219 0.000000
v -0.264812 0.042455 0.000000
v -0.264812 0.044595 0.000000
v -0.264812 0.046618 0.000000
v -0.264003 0.050082 0.000000
v -0.261768 0.052730 0.000000
v -0.258389 0.054708 0.000000
v -0.254153 0.056159 0.000000
v -0.249344 0.057229 0.000000
v -0.244245 0.058064 0.000000
v -0.239143 0.058809 0.000000
v -0.234322 0.059607 0.000000
v -0.230065 0.060605 0.000000
v -0.226659 0.061948 0.000000
v -0.224387 0.063780 0.000000
v -0.223534 0.066247 0.000000
v -0.224373 0.069016 0.000000
v -0.226778 0.071742 0.000000
v -0.230438 0.074554 0.000000
v -0.235040 0.077580 0.000000
v -0.240271 0.080946 0.000000
v -0.245821 0.084783 0.000000
v -0.251377 0.089216 0.000000
v -0.256626 0.094376 0.000000
v -0.261257 0.100388 0.000000
v -0.264957 0.107383 0.000000
v -0.267415 0.115486 0.000000
v -0.268317 0.124827 -0.000000
v -0.266529 0.139243 -0.000000
v -0.261528 0.152379 -0.000000
v -0.253952 0.164476 -0.000000
v -0.244442 0.175773 -0.000000
v -0.233637 0.186513 -0.000000
v -0.222176 0.196936 -0.000000
v -0.210700 0.207283 -0.000000
v -0.199847 0.217794 -0.000000
v -0.190257 0.228712 -0.000000
v -0.182570 0.240275 -0.000000
v -0.177425 0.252726 -0.000000
v -0.175462 0.266305 -0.000000
v -0.175357 0.274480 -0.000000
v -0.175184 0.281270 -0.000000
v -0.174857 0.286803 -0.000000
v -0.174290 0.291207 -0.000000
v -0.173395 0.294610 -0.000000
v -0.172087 0.297141 -0.000000
v -0.170279 0.298928 -0.000000
v -0.167885 0.300098 -0.000000
v -0.164818 0.300781 -0.000000
v -0.160992 0.301104 -0.000000
v -0.156320 0.301196 -0.000000
v -0.150717 0.301184 -0.000000
v -0.145214 0.305815 -0.000000
v -0.136914 0.319185 -0.000000
v -0.126734 0.340472 -0.000000
v -0.115594 0.368852 -0.000000
v -0.104412 0.403503 -0.000000
v -0.094107 0.443603 -0.000000
v -0.085597 0.488329 -0.000000
v -0.079802 0.536858 -0.000000
v -0.077639 0.588367 -0.000000
v -0.080028 0.642034 -0.000000
v -0.087888 0.697036 -0.000000
v -0.102135 0.752551 -0.000000
v -0.105471 0.752551 -0.000000
v -0.109296 0.752551 -0.000000
v -0.113489 0.752551 -0.000000
v -0.117932 0.752551 -0.000000
v -0.122505 0.752551 -0.000000
v -0.127087 0.752551 -0.000000
v -0.131559 0.752551 -0.000000
v -0.135800 0.752551 -0.000000
v -0.139692 0.752551 -0.000000
v -0.143113 0.752551 -0.000000
v -0.145945 0.752551 -0.000000
v -0.148067 0.752551 -0.000000
v -0.153553 0.753416 -0.000000
v -0.158041 0.755810 -0.000000
v -0.161532 0.759425 -0.000000
v -0.164025 0.763957 -0.000000
v -0.165521 0.769100 -0.000000
v -0.166020 0.774549 -0.000000
v -0.165521 0.779997 -0.000000
v -0.164025 0.785140 -0.000000
v -0.161532 0.789672 -0.000000
v -0.158041 0.793288 -0.000000
v -0.153553 0.795681 -0.000000
v -0.148067 0.796547 -0.000000
v -0.145573 0.796547 -0.000000
v -0.144032 0.796547 -0.000000
v -0.143203 0.796547 -0.000000
v -0.142846 0.796547 -0.000000
v -0.142718 0.796547 -0.000000
v -0.142581 0.796547 -0.000000
v -0.142191 0.796547 -0.000000
v -0.141309 0.796547 -0.000000
v -0.139694 0.796547 -0.000000
v -0.137104 0.796547 -0.000000
v -0.133299 0.796547 -0.000000
v -0.128038 0.796547 -0.000000
v -0.128038 0.798902 -0.000000
v -0.128038 0.800555 -0.000000
v -0.128038 0.801728 -0.000000
v -0.128038 0.802646 -0.000000
v -0.128038 0.803533 -0.000000
v -0.128038 0.804614 -0.000000
v -0.128038 0.806112 -0.000000
v -0.128038 0.808251 -0.000000
v -0.128038 0.811255 -0.000000
v -0.128038 0.815350 -0.000000
v -0.128038 0.820757 -0.000000
v -0.128038 0.827703 -0.000000
v -0.125094 0.827703 -0.000000
v -0.122164 0.827703 -0.000000
v -0.119238 0.827703 -0.000000
v -0.116308 0.827703 -0.000000
v -0.113367 0.827703 -0.000000
v -0.110406 0.827703 -0.000000
v -0.107415 0.827703 -0.000000
v -0.104389 0.827703 -0.000000
v -0.101316 0.827703 -0.000000
v -0.098191 0.827703 -0.000000
v -0.095003 0.827703 -0.000000
v -0.091746 0.827703 -0.000000
v -0.091762 0.831154 -0.000000
v -0.091807 0.835791 -0.000000
v -0.091874 0.841385 -0.000000
v -0.091959 0.847709 -0.000000
v -0.092055 0.854532 -0.000000
v -0.092157 0.861626 -0.000000
v -0.092258 0.868763 -0.000000
v -0.092355 0.875715 -0.000000
v -0.092439 0.882252 -0.000000
v -0.092507 0.888146 -0.000000
v -0.092551 0.893168 -0.000000
v -0.092568 0.897090 -0.000000
v -0.096928 0.897411 -0.000000
v -0.100413 0.898299 -0.000000
v -0.103057 0.899641 -0.000000
v -0.104894 0.901323 -0.000000
v -0.105956 0.903232 -0.000000
v -0.106278 0.905254 -0.000000
v -0.105891 0.907276 -0.000000
v -0.104831 0.909185 -0.000000
v -0.103130 0.910867 -0.000000
v -0.100821 0.912209 -0.000000
v -0.097938 0.913098 -0.000000
v -0.094515 0.913419 -0.000000
v -0.099001 0.925694 -0.000000
v -0.107800 0.943311 -0.000000
v -0.119034 0.965621 -0.000000
v -0.130825 0.991974 -0.000000
v -0.141294 1.021722 -0.000000
v -0.148563 1.054214 -0.000000
v -0.150754 1.088800 -0.000000
v -0.145990 1.124832 -0.000000
v -0.132391 1.161659 -0.000000
v -0.108079 1.198633 -0.000000
v -0.071177 1.235103 -0.000000
v -0.019806 1.270420 -0.000000
v -0.019893 1.281574 -0.000000
v -0.023497 1.284719 -0.000000
v -0.026103 1.287911 -0.000000
v -0.027983 1.291181 -0.000000
v -0.029259 1.294601 -0.000000
v -0.029941 1.298245 -0.000000
v -0.029946 1.302172 -0.000000
v -0.029098 1.306409 -0.000000
v -0.027126 1.310926 -0.000000
v -0.023648 1.315585 -0.000000
v -0.018183 1.320051 -0.000000
v -0.010258 1.323635 -0.000000
v 0.000165 1.325132 -0.000000
v 0.000000 0.000000 -0.000000
v -0.003641 0.000048 0.000724
v -0.013807 0.000182 0.002746
v -0.029362 0.000383 0.005841
v -0.049173 0.000636 0.009781
v -0.072105 0.000923 0.014343
v -0.097021 0.001227 0.019299
v -0.122788 0.001531 0.024424
v -0.148270 0.001817 0.029493
v -0.172332 0.002070 0.034279
v -0.193841 0.002272 0.038557
v -0.211659 0.002405 0.042102
v -0.224653 0.002454 0.044686
v -0.229630 0.002644 0.045676
v -0.234337 0.003188 0.046613
v -0.238742 0.004041 0.047489
v -0.242816 0.005162 0.048299
v -0.246525 0.006508 0.049037
v -0.249841 0.008037 0.049697
v -0.252732 0.009705 0.050272
v -0.255166 0.011471 0.050756
v -0.257114 0.013291 0.051143
v -0.258543 0.015124 0.051427
v -0.259423 0.016926 0.051603
v -0.259723 0.018656 0.051662
v -0.259723 0.020964 0.051662
v -0.259723 0.023336 0.051662
v -0.259723 0.025753 0.051662
v -0.259723 0.028199 0.051662
v -0.259723 0.030655 0.051662
v -0.259723 0.033102 0.051662
v -0.259723 0.035524 0.051662
v -0.259723 0.037902 0.051662
v -0.259723 0.040219 0.051662
v -0.259723 0.042455 0.051662
v -0.259723 0.044595 0.051662
v -0.259723 0.046618 0.051662
v -0.258931 0.050082 0.051505
v -0.256738 0.052730 0.051068
v -0.253424 0.054708 0.050409
v -0.249270 0.056159 0.049583
v -0.244552 0.057229 0.048645
v -0.239552 0.058064 0.047650
v -0.234548 0.058809 0.046655
v -0.229819 0.059607 0.045714
v -0.225645 0.060605 0.044884
v -0.222304 0.061948 0.044219
v -0.220075 0.063780 0.043776
v -0.219239 0.066247 0.043609
v -0.220062 0.069016 0.043773
v -0.222421 0.071742 0.044242
v -0.226010 0.074554 0.044956
v -0.230523 0.077580 0.045854
v -0.235655 0.080946 0.046875
v -0.241098 0.084783 0.047957
v -0.246547 0.089216 0.049041
v -0.251695 0.094376 0.050065
v -0.256237 0.100388 0.050969
v -0.259866 0.107383 0.051691
v -0.262276 0.115486 0.052170
v -0.263162 0.124827 0.052346
v -0.261408 0.139243 0.051997
v -0.256503 0.152379 0.051022
v -0.249073 0.164476 0.049544
v -0.239745 0.175773 0.047688
v -0.229148 0.186513 0.045580
v -0.217907 0.196936 0.043344
v -0.206651 0.207283 0.041105
v -0.196007 0.217794 0.038988
v -0.186601 0.228712 0.037117
v -0.179062 0.240275 0.035618
v -0.174016 0.252726 0.034614
v -0.172090 0.266305 0.034231
v -0.171988 0.274480 0.034210
v -0.171818 0.281270 0.034177
v -0.171498 0.286803 0.034113
v -0.170941 0.291207 0.034002
v -0.170063 0.294610 0.033828
v -0.168780 0.297141 0.033572
v -0.167007 0.298928 0.033220
v -0.164659 0.300098 0.032753
v -0.161651 0.300781 0.032154
v -0.157898 0.301104 0.031408
v -0.153317 0.301196 0.030497
v -0.147821 0.301184 0.029403
v -0.142424 0.305815 0.028330
v -0.134283 0.319185 0.026711
v -0.124299 0.340472 0.024725
v -0.113373 0.368852 0.022551
v -0.102406 0.403503 0.020370
v -0.092299 0.443603 0.018359
v -0.083953 0.488329 0.016699
v -0.078269 0.536858 0.015568
v -0.076148 0.588367 0.015147
v -0.078491 0.642034 0.015613
v -0.086199 0.697036 0.017146
v -0.100173 0.752551 0.019926
v -0.103444 0.752551 0.020576
v -0.107196 0.752551 0.021322
v -0.111309 0.752551 0.022141
v -0.115666 0.752551 0.023007
v -0.120151 0.752551 0.023899
v -0.124645 0.752551 0.024793
v -0.129031 0.752551 0.025666
v -0.133191 0.752551 0.026493
v -0.137008 0.752551 0.027252
v -0.140363 0.752551 0.027920
v -0.143141 0.752551 0.028472
v -0.145222 0.752551 0.028886
v -0.150602 0.753416 0.029957
v -0.155004 0.755810 0.030832
v -0.158428 0.759425 0.031513
v -0.160873 0.763957 0.032000
v -0.162341 0.769100 0.032291
v -0.162830 0.774549 0.032389
v -0.162341 0.779997 0.032291
v -0.160873 0.785140 0.032000
v -0.158428 0.789672 0.031513
v -0.155004 0.793288 0.030832
v -0.150602 0.795681 0.029957
v -0.145222 0.796547 0.028886
v -0.142776 0.796547 0.028400
v -0.141264 0.796547 0.028099
v -0.140452 0.796547 0.027937
v -0.140101 0.796547 0.027868
v -0.139976 0.796547 0.027843
v -0.139841 0.796547 0.027816
v -0.139459 0.796547 0.027740
v -0.138594 0.796547 0.027568
v -0.137010 0.796547 0.027253
v -0.134470 0.796547 0.026748
v -0.130738 0.796547 0.026005
v -0.125578 0.796547 0.024979
v -0.125578 0.798902 0.024979
v -0.125578 0.800555 0.024979
v -0.125578 0.801728 0.024979
v -0.125578 0.802646 0.024979
v -0.125578 0.803533 0.024979
v -0.125578 0.804614 0.024979
v -0.125578 0.806112 0.024979
v -0.125578 0.808251 0.024979
v -0.125578 0.811255 0.024979
v -0.125578 0.815350 0.024979
v -0.125578 0.820757 0.024979
v -0.125578 0.827703 0.024979
v -0.122691 0.827703 0.024405
v -0.119816 0.827703 0.023833
v -0.116947 0.827703 0.023262
v -0.114074 0.827703 0.022691
v -0.111189 0.827703 0.022117
v -0.108284 0.827703 0.021539
v -0.105351 0.827703 0.020956
v -0.102383 0.827703 0.020365
v -0.099370 0.827703 0.019766
v -0.096304 0.827703 0.019156
v -0.093178 0.827703 0.018534
v -0.089983 0.827703 0.017899
v -0.089999 0.831154 0.017902
v -0.090043 0.835791 0.017910
v -0.090109 0.841385 0.017924
v -0.090192 0.847709 0.017940
v -0.090286 0.854532 0.017959
v -0.090386 0.861626 0.017979
v -0.090486 0.868763 0.017999
v -0.090580 0.875715 0.018017
v -0.090663 0.882252 0.018034
v -0.090729 0.888146 0.018047
v -0.090773 0.893168 0.018056
v -0.090789 0.897090 0.018059
v -0.095065 0.897411 0.018909
v -0.098484 0.898299 0.019589
v -0.101077 0.899641 0.020105
v -0.102879 0.901323 0.020464
v -0.103920 0.903232 0.020671
v -0.104236 0.905254 0.020734
v -0.103857 0.907276 0.020658
v -0.102817 0.909185 0.020451
v -0.101148 0.910867 0.020119
v -0.098884 0.912209 0.019669
v -0.096056 0.913098 0.019107
v -0.092699 0.913419 0.018439
v -0.097099 0.925694 0.019314
v -0.105729 0.943311 0.021031
v -0.116747 0.965621 0.023222
v -0.128311 0.991974 0.025523
v -0.138579 1.021722 0.027565
v -0.145709 1.054214 0.028983
v -0.147858 1.088800 0.029411
v -0.143185 1.124832 0.028481
v -0.129847 1.161659 0.025828
v -0.106002 1.198633 0.021085
v -0.069809 1.235103 0.013886
v -0.019425 1.270420 0.003864
v -0.019510 1.281574 0.003881
v -0.023045 1.284719 0.004584
v -0.025601 1.287911 0.005092
v -0.027445 1.291181 0.005459
v -0.028697 1.294601 0.005708
v -0.029366 1.298245 0.005841
v -0.029370 1.302172 0.005842
v -0.028539 1.306409 0.005677
v -0.026605 1.310926 0.005292
v -0.023194 1.315585 0.004613
v -0.017834 1.320051 0.003547
v -0.010061 1.323635 0.002001
v 0.000161 1.325132 -0.000032
v 0.000000 0.000000 -0.000000
v -0.003430 0.000048 0.001421
v -0.013006 0.000182 0.005387
v -0.027659 0.000383 0.011457
v -0.046320 0.000636 0.019187
v -0.067921 0.000923 0.028134
v -0.091392 0.001227 0.037856
v -0.115664 0.001531 0.047909
v -0.139667 0.001817 0.057852
v -0.162334 0.002070 0.067241
v -0.182594 0.002272 0.075633
v -0.199379 0.002405 0.082585
v -0.211619 0.002454 0.087655
v -0.216307 0.002644 0.089597
v -0.220741 0.003188 0.091434
v -0.224890 0.004041 0.093153
v -0.228727 0.005162 0.094742
v -0.232222 0.006508 0.096189
v -0.235345 0.008037 0.097483
v -0.238068 0.009705 0.098611
v -0.240361 0.011471 0.099561
v -0.242196 0.013291 0.100321
v -0.243542 0.015124 0.100878
v -0.244371 0.016926 0.101222
v -0.244654 0.018656 0.101339
v -0.244654 0.020964 0.101339
v -0.244654 0.023336 0.101339
v -0.244654 0.025753 0.101339
v -0.244654 0.028199 0.101339
v -0.244654 0.030655 0.101339
v -0.244654 0.033102 0.101339
v -0.244654 0.035524 0.101339
v -0.244654 0.037902 0.101339
v -0.244654 0.040219 0.101339
v -0.244654 0.042455 0.101339
v -0.244654 0.044595 0.101339
v -0.244654 0.046618 0.101339
v -0.243907 0.050082 0.101030
v -0.241842 0.052730 0.100174
v -0.238721 0.054708 0.098881
v -0.234807 0.056159 0.097260
v -0.230363 0.057229 0.095420
v -0.225653 0.058064 0.093469
v -0.220939 0.058809 0.091516
v -0.216485 0.059607 0.089671
v -0.212553 0.060605 0.088042
v -0.209405 0.061948 0.086739
v -0.207306 0.063780 0.085869
v -0.206518 0.066247 0.085543
v -0.207293 0.069016 0.085864
v -0.209516 0.071742 0.086784
v -0.212897 0.074554 0.088185
v -0.217148 0.077580 0.089946
v -0.221982 0.080946 0.091948
v -0.227109 0.084783 0.094072
v -0.232242 0.089216 0.096198
v -0.237092 0.094376 0.098207
v -0.241370 0.100388 0.099979
v -0.244788 0.107383 0.101395
v -0.247059 0.115486 0.102335
v -0.247893 0.124827 0.102681
v -0.246241 0.139243 0.101996
v -0.241620 0.152379 0.100082
v -0.234621 0.164476 0.097183
v -0.225835 0.175773 0.093544
v -0.215852 0.186513 0.089409
v -0.205264 0.196936 0.085023
v -0.194661 0.207283 0.080631
v -0.184634 0.217794 0.076478
v -0.175774 0.228712 0.072808
v -0.168672 0.240275 0.069866
v -0.163919 0.252726 0.067897
v -0.162106 0.266305 0.067146
v -0.162009 0.274480 0.067106
v -0.161849 0.281270 0.067040
v -0.161547 0.286803 0.066915
v -0.161023 0.291207 0.066698
v -0.160196 0.294610 0.066355
v -0.158988 0.297141 0.065855
v -0.157317 0.298928 0.065163
v -0.155105 0.300098 0.064247
v -0.152272 0.300781 0.063073
v -0.148737 0.301104 0.061609
v -0.144421 0.301196 0.059821
v -0.139244 0.301184 0.057677
v -0.134161 0.305815 0.055571
v -0.126492 0.319185 0.052395
v -0.117087 0.340472 0.048499
v -0.106795 0.368852 0.044236
v -0.096464 0.403503 0.039957
v -0.086943 0.443603 0.036013
v -0.079082 0.488329 0.032757
v -0.073727 0.536858 0.030539
v -0.071729 0.588367 0.029711
v -0.073937 0.642034 0.030625
v -0.081198 0.697036 0.033633
v -0.094361 0.752551 0.039085
v -0.097443 0.752551 0.040362
v -0.100976 0.752551 0.041825
v -0.104851 0.752551 0.043430
v -0.108955 0.752551 0.045131
v -0.113180 0.752551 0.046880
v -0.117413 0.752551 0.048634
v -0.121544 0.752551 0.050345
v -0.125463 0.752551 0.051968
v -0.129058 0.752551 0.053458
v -0.132219 0.752551 0.054767
v -0.134836 0.752551 0.055851
v -0.136796 0.752551 0.056663
v -0.141864 0.753416 0.058762
v -0.146011 0.755810 0.060479
v -0.149236 0.759425 0.061815
v -0.151539 0.763957 0.062770
v -0.152922 0.769100 0.063342
v -0.153382 0.774549 0.063533
v -0.152922 0.779997 0.063342
v -0.151539 0.785140 0.062770
v -0.149236 0.789672 0.061815
v -0.146011 0.793288 0.060479
v -0.141864 0.795681 0.058762
v -0.136796 0.796547 0.056663
v -0.134492 0.796547 0.055708
v -0.133068 0.796547 0.055118
v -0.132302 0.796547 0.054801
v -0.131972 0.796547 0.054665
v -0.131855 0.796547 0.054616
v -0.131727 0.796547 0.054563
v -0.131368 0.796547 0.054414
v -0.130553 0.796547 0.054077
v -0.129061 0.796547 0.053458
v -0.126668 0.796547 0.052467
v -0.123153 0.796547 0.051011
v -0.118292 0.796547 0.048998
v -0.118292 0.798902 0.048998
v -0.118292 0.800555 0.048998
v -0.118292 0.801728 0.048998
v -0.118292 0.802646 0.048998
v -0.118292 0.803533 0.048998
v -0.118292 0.804614 0.048998
v -0.118292 0.806112 0.048998
v -0.118292 0.808251 0.048998
v -0.118292 0.811255 0.048998
v -0.118292 0.815350 0.048998
v -0.118292 0.820757 0.048998
v -0.118292 0.827703 0.048998
v -0.115572 0.827703 0.047871
v -0.112865 0.827703 0.046750
v -0.110161 0.827703 0.045630
v -0.107455 0.827703 0.044509
v -0.104738 0.827703 0.043384
v -0.102001 0.827703 0.042250
v -0.099239 0.827703 0.041106
v -0.096442 0.827703 0.039948
v -0.093604 0.827703 0.038772
v -0.090716 0.827703 0.037576
v -0.087772 0.827703 0.036356
v -0.084762 0.827703 0.035109
v -0.084777 0.831154 0.035116
v -0.084818 0.835791 0.035133
v -0.084881 0.841385 0.035159
v -0.084959 0.847709 0.035191
v -0.085048 0.854532 0.035228
v -0.085142 0.861626 0.035267
v -0.085236 0.868763 0.035306
v -0.085324 0.875715 0.035342
v -0.085403 0.882252 0.035375
v -0.085465 0.888146 0.035401
v -0.085506 0.893168 0.035418
v -0.085521 0.897090 0.035424
v -0.089549 0.897411 0.037092
v -0.092770 0.898299 0.038426
v -0.095213 0.899641 0.039438
v -0.096910 0.901323 0.040141
v -0.097891 0.903232 0.040548
v -0.098188 0.905254 0.040671
v -0.097831 0.907276 0.040523
v -0.096851 0.909185 0.040117
v -0.095279 0.910867 0.039466
v -0.093146 0.912209 0.038582
v -0.090483 0.913098 0.037479
v -0.087320 0.913419 0.036169
v -0.091465 0.925694 0.037886
v -0.099595 0.943311 0.041253
v -0.109973 0.965621 0.045552
v -0.120867 0.991974 0.050064
v -0.130539 1.021722 0.054071
v -0.137255 1.054214 0.056853
v -0.139279 1.088800 0.057691
v -0.134877 1.124832 0.055868
v -0.122313 1.161659 0.050663
v -0.099852 1.198633 0.041360
v -0.065759 1.235103 0.027238
v -0.018298 1.270420 0.007579
v -0.018378 1.281574 0.007612
v -0.021708 1.284719 0.008992
v -0.024116 1.287911 0.009989
v -0.025853 1.291181 0.010708
v -0.027032 1.294601 0.011197
v -0.027662 1.298245 0.011458
v -0.027666 1.302172 0.011459
v -0.026883 1.306409 0.011135
v -0.025061 1.310926 0.010380
v -0.021848 1.315585 0.009050
v -0.016799 1.320051 0.006958
v -0.009477 1.323635 0.003925
v 0.000152 1.325132 -0.000063
v 0.000000 0.000000 -0.000000
v -0.003087 0.000048 0.002062
v -0.011705 0.000182 0.007821
v -0.024892 0.000383 0.016633
v -0.041687 0.000636 0.027855
v -0.061127 0.000923 0.040844
v -0.082250 0.001227 0.054958
v -0.104094 0.001531 0.069554
v -0.125697 0.001817 0.083988
v -0.146096 0.002070 0.097619
v -0.164330 0.002272 0.109802
v -0.179436 0.002405 0.119895
v -0.190452 0.002454 0.127256
v -0.194671 0.002644 0.130075
v -0.198661 0.003188 0.132741
v -0.202396 0.004041 0.135237
v -0.205849 0.005162 0.137544
v -0.208994 0.006508 0.139646
v -0.211805 0.008037 0.141524
v -0.214256 0.009705 0.143161
v -0.216319 0.011471 0.144540
v -0.217970 0.013291 0.145643
v -0.219182 0.015124 0.146453
v -0.219928 0.016926 0.146951
v -0.220183 0.018656 0.147122
v -0.220183 0.020964 0.147122
v -0.220183 0.023336 0.147122
v -0.220183 0.025753 0.147122
v -0.220183 0.028199 0.147122
v -0.220183 0.030655 0.147122
v -0.220183 0.033102 0.147122
v -0.220183 0.035524 0.147122
v -0.220183 0.037902 0.147122
v -0.220183 0.040219 0.147122
v -0.220183 0.042455 0.147122
v -0.220183 0.044595 0.147122
v -0.220183 0.046618 0.147122
v -0.219511 0.050082 0.146672
v -0.217652 0.052730 0.145430
v -0.214843 0.054708 0.143553
v -0.211321 0.056159 0.141200
v -0.207322 0.057229 0.138528
v -0.203083 0.058064 0.135695
v -0.198840 0.058809 0.132861
v -0.194831 0.059607 0.130182
v -0.191292 0.060605 0.127817
v -0.188460 0.061948 0.125925
v -0.186571 0.063780 0.124663
v -0.185862 0.066247 0.124189
v -0.186559 0.069016 0.124655
v -0.188559 0.071742 0.125991
v -0.191602 0.074554 0.128024
v -0.195428 0.077580 0.130581
v -0.199778 0.080946 0.133488
v -0.204393 0.084783 0.136571
v -0.209012 0.089216 0.139657
v -0.213377 0.094376 0.142574
v -0.217227 0.100388 0.145147
v -0.220304 0.107383 0.147202
v -0.222347 0.115486 0.148568
v -0.223098 0.124827 0.149069
v -0.221611 0.139243 0.148076
v -0.217452 0.152379 0.145297
v -0.211153 0.164475 0.141088
v -0.203246 0.175773 0.135805
v -0.194262 0.186513 0.129802
v -0.184733 0.196936 0.123434
v -0.175190 0.207283 0.117058
v -0.166166 0.217794 0.111029
v -0.158193 0.228712 0.105701
v -0.151801 0.240275 0.101430
v -0.147523 0.252726 0.098572
v -0.145891 0.266305 0.097481
v -0.145804 0.274480 0.097423
v -0.145661 0.281270 0.097327
v -0.145389 0.286803 0.097146
v -0.144917 0.291207 0.096830
v -0.144173 0.294610 0.096333
v -0.143085 0.297141 0.095606
v -0.141582 0.298928 0.094602
v -0.139591 0.300098 0.093272
v -0.137041 0.300781 0.091568
v -0.133860 0.301104 0.089442
v -0.129976 0.301196 0.086847
v -0.125317 0.301184 0.083734
v -0.120741 0.305815 0.080677
v -0.113840 0.319185 0.076065
v -0.105376 0.340472 0.070410
v -0.096113 0.368852 0.064220
v -0.086815 0.403503 0.058008
v -0.078247 0.443603 0.052283
v -0.071172 0.488329 0.047555
v -0.066353 0.536858 0.044335
v -0.064555 0.588367 0.043134
v -0.066541 0.642034 0.044461
v -0.073076 0.697036 0.048828
v -0.084923 0.752551 0.056743
v -0.087696 0.752551 0.058596
v -0.090876 0.752551 0.060721
v -0.094363 0.752551 0.063051
v -0.098057 0.752551 0.065520
v -0.101859 0.752551 0.068060
v -0.105669 0.752551 0.070606
v -0.109387 0.752551 0.073090
v -0.112914 0.752551 0.075446
v -0.116149 0.752551 0.077608
v -0.118994 0.752551 0.079509
v -0.121349 0.752551 0.081083
v -0.123113 0.752551 0.082262
v -0.127674 0.753416 0.085309
v -0.131406 0.755810 0.087803
v -0.134309 0.759425 0.089742
v -0.136382 0.763957 0.091127
v -0.137626 0.769100 0.091959
v -0.138040 0.774549 0.092236
v -0.137626 0.779997 0.091959
v -0.136382 0.785140 0.091127
v -0.134309 0.789672 0.089742
v -0.131406 0.793288 0.087803
v -0.127674 0.795681 0.085309
v -0.123113 0.796547 0.082262
v -0.121040 0.796547 0.080876
v -0.119758 0.796547 0.080020
v -0.119069 0.796547 0.079559
v -0.118772 0.796547 0.079361
v -0.118666 0.796547 0.079290
v -0.118552 0.796547 0.079213
v -0.118228 0.796547 0.078997
v -0.117495 0.796547 0.078507
v -0.116151 0.796547 0.077610
v -0.113998 0.796547 0.076171
v -0.110834 0.796547 0.074057
v -0.106460 0.796547 0.071134
v -0.106460 0.798902 0.071134
v -0.106460 0.800555 0.071134
v -0.106460 0.801728 0.071134
v -0.106460 0.802646 0.071134
v -0.106460 0.803533 0.071134
v -0.106460 0.804614 0.071134
v -0.106460 0.806112 0.071134
v -0.106460 0.808251 0.071134
v -0.106460 0.811255 0.071134
v -0.106460 0.815350 0.071134
v -0.106460 0.820757 0.071134
v -0.106460 0.827703 0.071134
v -0.104012 0.827703 0.069499
v -0.101575 0.827703 0.067870
v -0.099143 0.827703 0.066245
v -0.096707 0.827703 0.064617
v -0.094261 0.827703 0.062983
v -0.091799 0.827703 0.061338
v -0.089313 0.827703 0.059677
v -0.086796 0.827703 0.057995
v -0.084242 0.827703 0.056288
v -0.081643 0.827703 0.054552
v -0.078992 0.827703 0.052781
v -0.076284 0.827703 0.050971
v -0.076297 0.831154 0.050980
v -0.076335 0.835791 0.051005
v -0.076391 0.841385 0.051042
v -0.076461 0.847708 0.051089
v -0.076541 0.854532 0.051143
v -0.076626 0.861626 0.051199
v -0.076710 0.868763 0.051256
v -0.076790 0.875715 0.051309
v -0.076860 0.882252 0.051356
v -0.076917 0.888146 0.051394
v -0.076954 0.893168 0.051419
v -0.076967 0.897090 0.051428
v -0.080592 0.897411 0.053850
v -0.083490 0.898299 0.055786
v -0.085689 0.899641 0.057256
v -0.087216 0.901323 0.058276
v -0.088100 0.903232 0.058866
v -0.088367 0.905254 0.059045
v -0.088046 0.907276 0.058830
v -0.087164 0.909185 0.058241
v -0.085749 0.910867 0.057296
v -0.083830 0.912209 0.056013
v -0.081433 0.913098 0.054411
v -0.078586 0.913419 0.052509
v -0.082316 0.925694 0.055002
v -0.089633 0.943311 0.059891
v -0.098974 0.965621 0.066132
v -0.108777 0.991974 0.072682
v -0.117482 1.021722 0.078499
v -0.123526 1.054214 0.082537
v -0.125348 1.088800 0.083755
v -0.121386 1.124832 0.081107
v -0.110079 1.161659 0.073552
v -0.089864 1.198633 0.060045
v -0.059181 1.235103 0.039544
v -0.016468 1.270420 0.011003
v -0.016540 1.281574 0.011051
v -0.019537 1.284719 0.013054
v -0.021703 1.287911 0.014501
v -0.023267 1.291181 0.015546
v -0.024328 1.294601 0.016255
v -0.024895 1.298245 0.016634
v -0.024899 1.302172 0.016637
v -0.024194 1.306409 0.016166
v -0.022554 1.310926 0.015070
v -0.019663 1.315585 0.013138
v -0.015119 1.320051 0.010102
v -0.008529 1.323635 0.005699
v 0.000137 1.325132 -0.000091
v 0.000000 0.000000 -0.000000
v -0.002625 0.000048 0.002625
v -0.009954 0.000182 0.009954
v -0.021169 0.000383 0.021169
v -0.035452 0.000636 0.035452
v -0.051985 0.000923 0.051985
v -0.069948 0.001227 0.069948
v -0.088525 0.001531 0.088525
v -0.106897 0.001817 0.106897
v -0.124245 0.002070 0.124245
v -0.139751 0.002272 0.139751
v -0.152598 0.002405 0.152598
v -0.161966 0.002454 0.161966
v -0.165554 0.002644 0.165554
v -0.168948 0.003188 0.168948
v -0.172124 0.004041 0.172124
v -0.175060 0.005162 0.175060
v -0.177735 0.006508 0.177735
v -0.180125 0.008037 0.180126
v -0.182209 0.009705 0.182209
v -0.183965 0.011471 0.183965
v -0.185369 0.013291 0.185369
v -0.186399 0.015124 0.186399
v -0.187034 0.016926 0.187034
v -0.187250 0.018656 0.187250
v -0.187250 0.020964 0.187250
v -0.187250 0.023336 0.187250
v -0.187250 0.025753 0.187250
v -0.187250 0.028199 0.187250
v -0.187250 0.030655 0.187250
v -0.187250 0.033102 0.187250
v -0.187250 0.035524 0.187250
v -0.187250 0.037902 0.187250
v -0.187250 0.040219 0.187250
v -0.187250 0.042456 0.187250
v -0.187250 0.044595 0.187250
v -0.187250 0.046618 0.187250
v -0.186678 0.050082 0.186678
v -0.185098 0.052730 0.185098
v -0.182709 0.054708 0.182709
v -0.179713 0.056159 0.179713
v -0.176312 0.057229 0.176313
v -0.172708 0.058064 0.172708
v -0.169100 0.058809 0.169100
v -0.165690 0.059607 0.165690
v -0.162681 0.060605 0.162681
v -0.160272 0.061948 0.160272
v -0.158665 0.063780 0.158665
v -0.158062 0.066247 0.158062
v -0.158656 0.069016 0.158656
v -0.160356 0.071742 0.160356
v -0.162944 0.074554 0.162944
v -0.166198 0.077580 0.166198
v -0.169898 0.080946 0.169898
v -0.173822 0.084783 0.173822
v -0.177750 0.089216 0.177750
v -0.181462 0.094376 0.181462
v -0.184736 0.100388 0.184737
v -0.187353 0.107383 0.187353
v -0.189091 0.115486 0.189091
v -0.189729 0.124827 0.189729
v -0.188465 0.139243 0.188465
v -0.184928 0.152379 0.184928
v -0.179571 0.164475 0.179571
v -0.172847 0.175773 0.172847
v -0.165206 0.186513 0.165206
v -0.157102 0.196936 0.157102
v -0.148987 0.207283 0.148987
v -0.141313 0.217794 0.141313
v -0.134532 0.228712 0.134532
v -0.129096 0.240275 0.129096
v -0.125458 0.252726 0.125458
v -0.124070 0.266305 0.124070
v -0.123996 0.274480 0.123996
v -0.123874 0.281270 0.123874
v -0.123643 0.286803 0.123643
v -0.123242 0.291207 0.123242
v -0.122609 0.294610 0.122609
v -0.121684 0.297141 0.121684
v -0.120405 0.298928 0.120405
v -0.118712 0.300098 0.118712
v -0.116544 0.300781 0.116544
v -0.113838 0.301104 0.113838
v -0.110535 0.301196 0.110535
v -0.106573 0.301184 0.106573
v -0.102682 0.305815 0.102682
v -0.096813 0.319185 0.096813
v -0.089615 0.340472 0.089614
v -0.081737 0.368852 0.081737
v -0.073830 0.403503 0.073830
v -0.066544 0.443603 0.066544
v -0.060526 0.488329 0.060526
v -0.056429 0.536858 0.056428
v -0.054899 0.588367 0.054899
v -0.056589 0.642034 0.056589
v -0.062146 0.697036 0.062146
v -0.072221 0.752551 0.072221
v -0.074579 0.752551 0.074579
v -0.077284 0.752551 0.077284
v -0.080249 0.752551 0.080249
v -0.083391 0.752551 0.083391
v -0.086624 0.752551 0.086624
v -0.089864 0.752551 0.089864
v -0.093026 0.752551 0.093026
v -0.096025 0.752551 0.096025
v -0.098777 0.752551 0.098777
v -0.101196 0.752551 0.101196
v -0.103199 0.752551 0.103199
v -0.104699 0.752551 0.104699
v -0.108578 0.753416 0.108578
v -0.111752 0.755810 0.111752
v -0.114220 0.759425 0.114220
v -0.115983 0.763957 0.115983
v -0.117041 0.769100 0.117041
v -0.117394 0.774549 0.117394
v -0.117041 0.779997 0.117041
v -0.115983 0.785140 0.115983
v -0.114220 0.789672 0.114220
v -0.111752 0.793288 0.111752
v -0.108578 0.795681 0.108578
v -0.104699 0.796547 0.104699
v -0.102936 0.796547 0.102936
v -0.101846 0.796547 0.101846
v -0.101260 0.796547 0.101260
v -0.101007 0.796547 0.101007
v -0.100917 0.796547 0.100917
v -0.100820 0.796547 0.100820
v -0.100544 0.796547 0.100544
v -0.099921 0.796547 0.099921
v -0.098779 0.796547 0.098779
v -0.096947 0.796547 0.096947
v -0.094257 0.796547 0.094257
v -0.090537 0.796547 0.090536
v -0.090537 0.798902 0.090536
v -0.090537 0.800555 0.090536
v -0.090537 0.801728 0.090536
v -0.090537 0.802646 0.090536
v -0.090537 0.803533 0.090536
v -0.090537 0.804614 0.090536
v -0.090537 0.806112 0.090536
v -0.090537 0.808251 0.090536
v -0.090537 0.811255 0.090536
v -0.090537 0.815350 0.090536
v -0.090537 0.820757 0.090536
v -0.090537 0.827703 0.090536
v -0.088455 0.827703 0.088455
v -0.086383 0.827703 0.086383
v -0.084314 0.827703 0.084314
v -0.082242 0.827703 0.082242
v -0.080163 0.827703 0.080162
v -0.078068 0.827703 0.078068
v -0.075954 0.827703 0.075954
v -0.073814 0.827703 0.073814
v -0.071642 0.827703 0.071641
v -0.069431 0.827703 0.069431
v -0.067178 0.827703 0.067177
v -0.064874 0.827703 0.064874
v -0.064886 0.831154 0.064885
v -0.064917 0.835791 0.064917
v -0.064965 0.841385 0.064965
v -0.065025 0.847708 0.065025
v -0.065093 0.854532 0.065093
v -0.065165 0.861626 0.065164
v -0.065237 0.868763 0.065236
v -0.065305 0.875715 0.065304
v -0.065364 0.882252 0.065364
v -0.065412 0.888146 0.065412
v -0.065444 0.893168 0.065444
v -0.065455 0.897090 0.065455
v -0.068538 0.897411 0.068538
v -0.071003 0.898299 0.071003
v -0.072873 0.899641 0.072873
v -0.074171 0.901323 0.074171
v -0.074922 0.903232 0.074922
v -0.075150 0.905254 0.075150
v -0.074877 0.907276 0.074876
v -0.074127 0.909185 0.074127
v -0.072924 0.910867 0.072924
v -0.071291 0.912209 0.071291
v -0.069253 0.913098 0.069253
v -0.066832 0.913419 0.066832
v -0.070004 0.925694 0.070004
v -0.076226 0.943311 0.076226
v -0.084170 0.965621 0.084170
v -0.092507 0.991974 0.092507
v -0.099910 1.021722 0.099910
v -0.105050 1.054214 0.105050
v -0.106600 1.088800 0.106599
v -0.103230 1.124832 0.103230
v -0.093614 1.161659 0.093614
v -0.076423 1.198633 0.076423
v -0.050330 1.235103 0.050329
v -0.014005 1.270420 0.014005
v -0.014066 1.281574 0.014066
v -0.016615 1.284719 0.016614
v -0.018457 1.287911 0.018457
v -0.019787 1.291181 0.019786
v -0.020689 1.294601 0.020689
v -0.021172 1.298245 0.021171
v -0.021175 1.302172 0.021174
v -0.020575 1.306409 0.020575
v -0.019181 1.310926 0.019181
v -0.016722 1.315585 0.016722
v -0.012858 1.320051 0.012858
v -0.007253 1.323635 0.007253
v 0.000116 1.325132 -0.000116
v 0.000000 0.000000 -0.000000
v -0.002062 0.000048 0.003087
v -0.007821 0.000182 0.011705
v -0.016633 0.000383 0.024892
v -0.027855 0.000636 0.041687
v -0.040844 0.000923 0.061127
v -0.054958 0.001227 0.082251
v -0.069554 0.001531 0.104095
v -0.083988 0.001817 0.125697
v -0.097618 0.002070 0.146096
v -0.109802 0.002272 0.164330
v -0.119895 0.002405 0.179436
v -0.127256 0.002454 0.190452
v -0.130075 0.002644 0.194671
v -0.132741 0.003188 0.198661
v -0.135237 0.004041 0.202396
v -0.137544 0.005162 0.205849
v -0.139645 0.006508 0.208994
v -0.141524 0.008037 0.211805
v -0.143161 0.009705 0.214256
v -0.144540 0.011471 0.216320
v -0.145643 0.013291 0.217970
v -0.146453 0.015124 0.219182
v -0.146951 0.016926 0.219928
v -0.147121 0.018656 0.220183
v -0.147121 0.020964 0.220183
v -0.147121 0.023336 0.220183
v -0.147121 0.025753 0.220183
v -0.147121 0.028199 0.220183
v -0.147121 0.030655 0.220183
v -0.147121 0.033102 0.220183
v -0.147121 0.035524 0.220183
v -0.147121 0.037902 0.220183
v -0.147121 0.040219 0.220183
v -0.147121 0.042456 0.220183
v -0.147121 0.044595 0.220183
v -0.147121 0.046618 0.220183
v -0.146672 0.050082 0.219511
v -0.145430 0.052731 0.217652
v -0.143553 0.054708 0.214843
v -0.141200 0.056159 0.211321
v -0.138528 0.057229 0.207322
v -0.135695 0.058064 0.203083
v -0.132861 0.058809 0.198840
v -0.130182 0.059607 0.194831
v -0.127817 0.060605 0.191292
v -0.125925 0.061948 0.188460
v -0.124663 0.063780 0.186571
v -0.124189 0.066247 0.185862
v -0.124655 0.069016 0.186559
v -0.125991 0.071742 0.188559
v -0.128024 0.074554 0.191602
v -0.130581 0.077580 0.195428
v -0.133488 0.080946 0.199778
v -0.136571 0.084783 0.204393
v -0.139657 0.089217 0.209012
v -0.142574 0.094376 0.213377
v -0.145146 0.100388 0.217227
v -0.147202 0.107383 0.220304
v -0.148568 0.115486 0.222347
v -0.149069 0.124827 0.223098
v -0.148076 0.139243 0.221611
v -0.145297 0.152379 0.217452
v -0.141088 0.164475 0.211153
v -0.135805 0.175773 0.203246
v -0.129802 0.186513 0.194262
v -0.123434 0.196936 0.184733
v -0.117058 0.207283 0.175190
v -0.111029 0.217794 0.166166
v -0.105701 0.228712 0.158193
v -0.101430 0.240275 0.151801
v -0.098572 0.252726 0.147523
v -0.097481 0.266305 0.145891
v -0.097423 0.274480 0.145804
v -0.097327 0.281270 0.145660
v -0.097146 0.286803 0.145389
v -0.096830 0.291207 0.144917
v -0.096333 0.294610 0.144173
v -0.095606 0.297141 0.143085
v -0.094602 0.298928 0.141582
v -0.093272 0.300098 0.139591
v -0.091568 0.300781 0.137041
v -0.089442 0.301104 0.133860
v -0.086847 0.301196 0.129976
v -0.083734 0.301184 0.125317
v -0.080677 0.305815 0.120741
v -0.076065 0.319185 0.113840
v -0.070410 0.340472 0.105375
v -0.064221 0.368852 0.096113
v -0.058008 0.403503 0.086815
v -0.052283 0.443603 0.078247
v -0.047555 0.488329 0.071172
v -0.044336 0.536858 0.066353
v -0.043134 0.588367 0.064555
v -0.044461 0.642034 0.066541
v -0.048828 0.697036 0.073076
v -0.056743 0.752551 0.084922
v -0.058597 0.752551 0.087696
v -0.060721 0.752551 0.090876
v -0.063051 0.752551 0.094363
v -0.065520 0.752551 0.098057
v -0.068060 0.752551 0.101859
v -0.070606 0.752551 0.105669
v -0.073090 0.752551 0.109387
v -0.075447 0.752551 0.112914
v -0.077609 0.752551 0.116149
v -0.079509 0.752551 0.118994
v -0.081083 0.752551 0.121349
v -0.082262 0.752551 0.123113
v -0.085309 0.753416 0.127674
v -0.087803 0.755810 0.131406
v -0.089742 0.759425 0.134309
v -0.091127 0.763957 0.136382
v -0.091959 0.769100 0.137626
v -0.092236 0.774549 0.138040
v -0.091959 0.779997 0.137626
v -0.091127 0.785140 0.136382
v -0.089742 0.789672 0.134309
v -0.087803 0.793288 0.131406
v -0.085309 0.795681 0.127674
v -0.082262 0.796547 0.123113
v -0.080876 0.796547 0.121039
v -0.080020 0.796547 0.119758
v -0.079559 0.796547 0.119069
v -0.079361 0.796547 0.118772
v -0.079290 0.796547 0.118666
v -0.079214 0.796547 0.118551
v -0.078997 0.796547 0.118228
v -0.078507 0.796547 0.117494
v -0.077610 0.796547 0.116151
v -0.076171 0.796547 0.113998
v -0.074057 0.796547 0.110834
v -0.071134 0.796547 0.106460
v -0.071134 0.798902 0.106460
v -0.071134 0.800555 0.106460
v -0.071134 0.801728 0.106460
v -0.071134 0.802646 0.106460
v -0.071134 0.803533 0.106460
v -0.071134 0.804614 0.106460
v -0.071134 0.806112 0.106460
v -0.071134 0.808251 0.106460
v -0.071134 0.811255 0.106460
v -0.071134 0.815350 0.106460
v -0.071134 0.820757 0.106460
v -0.071134 0.827703 0.106460
v -0.069499 0.827703 0.104012
v -0.067871 0.827703 0.101575
v -0.066245 0.827703 0.099143
v -0.064617 0.827703 0.096707
v -0.062983 0.827703 0.094261
v -0.061338 0.827703 0.091799
v -0.059677 0.827703 0.089313
v -0.057995 0.827703 0.086796
v -0.056288 0.827703 0.084241
v -0.054552 0.827703 0.081643
v -0.052781 0.827703 0.078992
v -0.050971 0.827703 0.076284
v -0.050980 0.831154 0.076297
v -0.051005 0.835791 0.076334
v -0.051043 0.841385 0.076391
v -0.051090 0.847709 0.076461
v -0.051143 0.854532 0.076541
v -0.051200 0.861626 0.076625
v -0.051256 0.868763 0.076710
v -0.051309 0.875715 0.076790
v -0.051356 0.882252 0.076860
v -0.051394 0.888146 0.076916
v -0.051419 0.893168 0.076954
v -0.051428 0.897090 0.076967
v -0.053850 0.897411 0.080592
v -0.055787 0.898299 0.083490
v -0.057256 0.899641 0.085689
v -0.058276 0.901323 0.087216
v -0.058866 0.903232 0.088099
v -0.059045 0.905254 0.088367
v -0.058830 0.907276 0.088045
v -0.058241 0.909185 0.087164
v -0.057296 0.910867 0.085749
v -0.056013 0.912209 0.083829
v -0.054412 0.913098 0.081432
v -0.052510 0.913419 0.078586
v -0.055002 0.925694 0.082316
v -0.059891 0.943311 0.089633
v -0.066132 0.965621 0.098973
v -0.072682 0.991974 0.108777
v -0.078499 1.021722 0.117482
v -0.082537 1.054214 0.123526
v -0.083755 1.088800 0.125348
v -0.081108 1.124832 0.121386
v -0.073552 1.161659 0.110079
v -0.060046 1.198633 0.089864
v -0.039544 1.235103 0.059181
v -0.011004 1.270420 0.016468
v -0.011052 1.281574 0.016540
v -0.013054 1.284719 0.019536
v -0.014502 1.287911 0.021703
v -0.015546 1.291181 0.023266
v -0.016255 1.294601 0.024328
v -0.016634 1.298245 0.024895
v -0.016637 1.302172 0.024899
v -0.016166 1.306409 0.024194
v -0.015070 1.310926 0.022554
v -0.013138 1.315585 0.019662
v -0.010102 1.320051 0.015119
v -0.005699 1.323635 0.008529
v 0.000091 1.325132 -0.000137
v 0.000000 0.000000 -0.000000
v -0.001421 0.000048 0.003430
v -0.005387 0.000182 0.013006
v -0.011457 0.000383 0.027659
v -0.019187 0.000636 0.046320
v -0.028134 0.000923 0.067921
v -0.037856 0.001227 0.091392
v -0.047909 0.001531 0.115664
v -0.057852 0.001817 0.139667
v -0.067241 0.002070 0.162334
v -0.075633 0.002272 0.182594
v -0.082585 0.002405 0.199379
v -0.087655 0.002454 0.211619
v -0.089597 0.002644 0.216307
v -0.091434 0.003188 0.220741
v -0.093153 0.004041 0.224891
v -0.094742 0.005162 0.228727
v -0.096189 0.006508 0.232222
v -0.097483 0.008037 0.235345
v -0.098611 0.009705 0.238068
v -0.099561 0.011471 0.240361
v -0.100321 0.013291 0.242196
v -0.100878 0.015124 0.243542
v -0.101222 0.016926 0.244371
v -0.101339 0.018656 0.244654
v -0.101339 0.020964 0.244654
v -0.101339 0.023336 0.244654
v -0.101339 0.025753 0.244654
v -0.101339 0.028199 0.244654
v -0.101339 0.030655 0.244654
v -0.101339 0.033102 0.244654
v -0.101339 0.035524 0.244654
v -0.101339 0.037902 0.244654
v -0.101339 0.040219 0.244654
v -0.101339 0.042456 0.244654
v -0.101339 0.044595 0.244654
v -0.101339 0.046618 0.244654
v -0.101030 0.050082 0.243907
v -0.100174 0.052731 0.241842
v -0.098881 0.054708 0.238721
v -0.097260 0.056159 0.234807
v -0.095420 0.057229 0.230363
v -0.093469 0.058064 0.225653
v -0.091516 0.058808 0.220939
v -0.089671 0.059607 0.216485
v -0.088042 0.060605 0.212553
v -0.086738 0.061948 0.209405
v -0.085869 0.063780 0.207306
v -0.085543 0.066247 0.206518
v -0.085864 0.069016 0.207294
v -0.086784 0.071743 0.209516
v -0.088185 0.074554 0.212897
v -0.089946 0.077580 0.217148
v -0.091948 0.080946 0.221982
v -0.094072 0.084783 0.227109
v -0.096198 0.089217 0.232242
v -0.098206 0.094376 0.237092
v -0.099979 0.100388 0.241370
v -0.101395 0.107383 0.244788
v -0.102335 0.115486 0.247059
v -0.102680 0.124827 0.247893
v -0.101996 0.139243 0.246241
v -0.100082 0.152379 0.241620
v -0.097183 0.164475 0.234621
v -0.093544 0.175773 0.225835
v -0.089409 0.186513 0.215852
v -0.085023 0.196936 0.205264
v -0.080631 0.207283 0.194661
v -0.076478 0.217794 0.184634
v -0.072808 0.228712 0.175774
v -0.069866 0.240275 0.168672
v -0.067898 0.252726 0.163919
v -0.067146 0.266305 0.162106
v -0.067106 0.274480 0.162009
v -0.067040 0.281270 0.161849
v -0.066915 0.286803 0.161547
v -0.066698 0.291207 0.161023
v -0.066355 0.294610 0.160196
v -0.065855 0.297141 0.158988
v -0.065163 0.298928 0.157317
v -0.064247 0.300098 0.155105
v -0.063073 0.300781 0.152272
v -0.061609 0.301104 0.148737
v -0.059821 0.301196 0.144421
v -0.057677 0.301184 0.139244
v -0.055571 0.305815 0.134161
v -0.052395 0.319185 0.126492
v -0.048499 0.340471 0.117087
v -0.044236 0.368852 0.106795
v -0.039957 0.403503 0.096464
v -0.036013 0.443603 0.086943
v -0.032757 0.488329 0.079082
v -0.030539 0.536858 0.073727
v -0.029711 0.588367 0.071729
v -0.030626 0.642034 0.073936
v -0.033633 0.697036 0.081197
v -0.039086 0.752551 0.094361
v -0.040362 0.752551 0.097442
v -0.041826 0.752551 0.100976
v -0.043431 0.752551 0.104850
v -0.045131 0.752551 0.108955
v -0.046881 0.752551 0.113180
v -0.048634 0.752551 0.117413
v -0.050345 0.752551 0.121544
v -0.051968 0.752551 0.125463
v -0.053458 0.752551 0.129058
v -0.054767 0.752551 0.132219
v -0.055851 0.752551 0.134836
v -0.056663 0.752551 0.136796
v -0.058762 0.753416 0.141864
v -0.060480 0.755810 0.146011
v -0.061815 0.759425 0.149236
v -0.062770 0.763957 0.151539
v -0.063342 0.769100 0.152922
v -0.063533 0.774549 0.153382
v -0.063342 0.779997 0.152922
v -0.062770 0.785140 0.151539
v -0.061815 0.789672 0.149236
v -0.060480 0.793288 0.146011
v -0.058762 0.795681 0.141864
v -0.056663 0.796547 0.136796
v -0.055708 0.796547 0.134492
v -0.055119 0.796547 0.133068
v -0.054801 0.796547 0.132302
v -0.054665 0.796547 0.131972
v -0.054616 0.796547 0.131855
v -0.054563 0.796547 0.131727
v -0.054414 0.796547 0.131368
v -0.054077 0.796547 0.130553
v -0.053459 0.796547 0.129060
v -0.052468 0.796547 0.126668
v -0.051011 0.796547 0.123152
v -0.048998 0.796547 0.118292
v -0.048998 0.798902 0.118292
v -0.048998 0.800555 0.118292
v -0.048998 0.801728 0.118292
v -0.048998 0.802646 0.118292
v -0.048998 0.803533 0.118292
v -0.048998 0.804614 0.118292
v -0.048998 0.806112 0.118292
v -0.048998 0.808251 0.118292
v -0.048998 0.811255 0.118292
v -0.048998 0.815350 0.118292
v -0.048998 0.820757 0.118292
v -0.048998 0.827703 0.118292
v -0.047872 0.827703 0.115572
v -0.046750 0.827703 0.112864
v -0.045630 0.827703 0.110161
v -0.044509 0.827703 0.107455
v -0.043384 0.827703 0.104737
v -0.042250 0.827703 0.102001
v -0.041106 0.827703 0.099239
v -0.039948 0.827703 0.096442
v -0.038772 0.827703 0.093604
v -0.037576 0.827703 0.090716
v -0.036356 0.827703 0.087772
v -0.035110 0.827703 0.084762
v -0.035116 0.831154 0.084777
v -0.035133 0.835791 0.084818
v -0.035159 0.841385 0.084881
v -0.035191 0.847709 0.084959
v -0.035228 0.854532 0.085048
v -0.035267 0.861626 0.085142
v -0.035306 0.868763 0.085236
v -0.035343 0.875715 0.085324
v -0.035375 0.882252 0.085403
v -0.035401 0.888146 0.085465
v -0.035418 0.893168 0.085506
v -0.035424 0.897090 0.085521
v -0.037093 0.897411 0.089549
v -0.038426 0.898299 0.092769
v -0.039438 0.899641 0.095213
v -0.040141 0.901323 0.096909
v -0.040548 0.903232 0.097891
v -0.040671 0.905254 0.098188
v -0.040523 0.907277 0.097831
v -0.040117 0.909185 0.096851
v -0.039466 0.910867 0.095279
v -0.038583 0.912209 0.093146
v -0.037479 0.913098 0.090483
v -0.036169 0.913419 0.087320
v -0.037886 0.925694 0.091465
v -0.041253 0.943311 0.099594
v -0.045553 0.965621 0.109973
v -0.050065 0.991974 0.120866
v -0.054071 1.021722 0.130539
v -0.056853 1.054214 0.137254
v -0.057691 1.088800 0.139279
v -0.055868 1.124832 0.134877
v -0.050664 1.161659 0.122313
v -0.041360 1.198633 0.099852
v -0.027238 1.235103 0.065759
v -0.007580 1.270420 0.018298
v -0.007613 1.281574 0.018378
v -0.008992 1.284719 0.021708
v -0.009989 1.287911 0.024115
v -0.010709 1.291181 0.025852
v -0.011197 1.294601 0.027031
v -0.011458 1.298245 0.027662
v -0.011460 1.302172 0.027666
v -0.011135 1.306409 0.026883
v -0.010380 1.310926 0.025061
v -0.009050 1.315584 0.021848
v -0.006958 1.320051 0.016799
v -0.003925 1.323635 0.009477
v 0.000063 1.325132 -0.000152
v 0.000000 0.000000 -0.000000
v -0.000724 0.000048 0.003641
v -0.002746 0.000182 0.013807
v -0.005841 0.000383 0.029362
v -0.009781 0.000636 0.049173
v -0.014343 0.000923 0.072105
v -0.019299 0.001227 0.097021
v -0.024424 0.001531 0.122788
v -0.029493 0.001817 0.148270
v -0.034279 0.002070 0.172332
v -0.038557 0.002272 0.193841
v -0.042102 0.002405 0.211659
v -0.044686 0.002454 0.224653
v -0.045676 0.002644 0.229630
v -0.046613 0.003188 0.234337
v -0.047489 0.004041 0.238742
v -0.048299 0.005162 0.242816
v -0.049037 0.006508 0.246525
v -0.049697 0.008037 0.249841
v -0.050271 0.009705 0.252732
v -0.050756 0.011471 0.255166
v -0.051143 0.013291 0.257114
v -0.051427 0.015124 0.258543
v -0.051602 0.016926 0.259423
v -0.051662 0.018656 0.259723
v -0.051662 0.020964 0.259723
v -0.051662 0.023336 0.259723
v -0.051662 0.025753 0.259723
v -0.051662 0.028199 0.259723
v -0.051662 0.030655 0.259723
v -0.051662 0.033102 0.259723
v -0.051662 0.035524 0.259723
v -0.051662 0.037902 0.259723
v -0.051662 0.040219 0.259723
v -0.051662 0.042456 0.259723
v -0.051662 0.044595 0.259723
v -0.051662 0.046618 0.259723
v -0.051505 0.050082 0.258931
v -0.051068 0.052731 0.256738
v -0.050409 0.054708 0.253424
v -0.049583 0.056159 0.249270
v -0.048645 0.057229 0.244552
v -0.047650 0.058064 0.239552
v -0.046655 0.058808 0.234548
v -0.045714 0.059607 0.229819
v -0.044884 0.060605 0.225645
v -0.044219 0.061948 0.222304
v -0.043776 0.063780 0.220075
v -0.043609 0.066247 0.219239
v -0.043773 0.069016 0.220062
v -0.044242 0.071743 0.222421
v -0.044956 0.074554 0.226010
v -0.045854 0.077580 0.230523
v -0.046875 0.080946 0.235655
v -0.047957 0.084783 0.241098
v -0.049041 0.089216 0.246547
v -0.050065 0.094376 0.251695
v -0.050969 0.100388 0.256237
v -0.051691 0.107383 0.259866
v -0.052170 0.115486 0.262276
v -0.052346 0.124827 0.263162
v -0.051997 0.139243 0.261408
v -0.051022 0.152379 0.256503
v -0.049544 0.164475 0.249072
v -0.047688 0.175773 0.239745
v -0.045580 0.186513 0.229147
v -0.043344 0.196936 0.217907
v -0.041105 0.207283 0.206651
v -0.038988 0.217794 0.196007
v -0.037117 0.228712 0.186601
v -0.035618 0.240275 0.179062
v -0.034614 0.252726 0.174016
v -0.034231 0.266305 0.172090
v -0.034210 0.274480 0.171988
v -0.034177 0.281270 0.171818
v -0.034113 0.286803 0.171498
v -0.034002 0.291207 0.170941
v -0.033828 0.294610 0.170063
v -0.033573 0.297141 0.168780
v -0.033220 0.298928 0.167007
v -0.032753 0.300098 0.164659
v -0.032154 0.300781 0.161651
v -0.031408 0.301104 0.157898
v -0.030497 0.301196 0.153317
v -0.029403 0.301184 0.147821
v -0.028330 0.305815 0.142424
v -0.026711 0.319185 0.134283
v -0.024725 0.340471 0.124299
v -0.022551 0.368852 0.113373
v -0.020370 0.403503 0.102406
v -0.018359 0.443603 0.092299
v -0.016699 0.488329 0.083953
v -0.015569 0.536858 0.078268
v -0.015147 0.588367 0.076148
v -0.015613 0.642034 0.078491
v -0.017146 0.697036 0.086199
v -0.019926 0.752551 0.100173
v -0.020576 0.752551 0.103444
v -0.021323 0.752551 0.107195
v -0.022141 0.752551 0.111309
v -0.023008 0.752551 0.115666
v -0.023900 0.752551 0.120151
v -0.024793 0.752551 0.124645
v -0.025666 0.752551 0.129031
v -0.026493 0.752551 0.133191
v -0.027253 0.752551 0.137007
v -0.027920 0.752551 0.140363
v -0.028473 0.752551 0.143141
v -0.028887 0.752551 0.145222
v -0.029957 0.753416 0.150602
v -0.030832 0.755810 0.155004
v -0.031513 0.759425 0.158428
v -0.032000 0.763957 0.160873
v -0.032292 0.769100 0.162341
v -0.032389 0.774549 0.162830
v -0.032292 0.779997 0.162341
v -0.032000 0.785140 0.160873
v -0.031513 0.789672 0.158428
v -0.030832 0.793288 0.155004
v -0.029957 0.795681 0.150602
v -0.028887 0.796547 0.145222
v -0.028400 0.796547 0.142776
v -0.028099 0.796547 0.141264
v -0.027938 0.796547 0.140451
v -0.027868 0.796547 0.140101
v -0.027843 0.796547 0.139976
v -0.027816 0.796547 0.139841
v -0.027740 0.796547 0.139459
v -0.027568 0.796547 0.138594
v -0.027253 0.796547 0.137010
v -0.026748 0.796547 0.134470
v -0.026005 0.796547 0.130738
v -0.024979 0.796547 0.125578
v -0.024979 0.798902 0.125578
v -0.024979 0.800555 0.125578
v -0.024979 0.801728 0.125578
v -0.024979 0.802646 0.125578
v -0.024979 0.803533 0.125578
v -0.024979 0.804614 0.125578
v -0.024979 0.806112 0.125578
v -0.024979 0.808251 0.125578
v -0.024979 0.811255 0.125578
v -0.024979 0.815350 0.125578
v -0.024979 0.820757 0.125578
v -0.024979 0.827703 0.125578
v -0.024405 0.827703 0.122691
v -0.023833 0.827703 0.119816
v -0.023262 0.827703 0.116947
v -0.022691 0.827703 0.114073
v -0.022117 0.827703 0.111189
v -0.021539 0.827703 0.108284
v -0.020956 0.827703 0.105351
v -0.020365 0.827703 0.102383
v -0.019766 0.827703 0.099370
v -0.019156 0.827703 0.096304
v -0.018534 0.827703 0.093178
v -0.017899 0.827703 0.089983
v -0.017902 0.831154 0.089999
v -0.017911 0.835791 0.090043
v -0.017924 0.841385 0.090109
v -0.017940 0.847709 0.090192
v -0.017959 0.854532 0.090286
v -0.017979 0.861626 0.090386
v -0.017999 0.868763 0.090486
v -0.018018 0.875715 0.090580
v -0.018034 0.882252 0.090663
v -0.018047 0.888146 0.090729
v -0.018056 0.893168 0.090773
v -0.018059 0.897090 0.090789
v -0.018910 0.897411 0.095065
v -0.019590 0.898299 0.098484
v -0.020106 0.899641 0.101077
v -0.020464 0.901323 0.102878
v -0.020671 0.903232 0.103920
v -0.020734 0.905254 0.104235
v -0.020658 0.907276 0.103857
v -0.020452 0.909185 0.102817
v -0.020120 0.910867 0.101148
v -0.019669 0.912209 0.098884
v -0.019107 0.913098 0.096056
v -0.018439 0.913419 0.092698
v -0.019314 0.925694 0.097099
v -0.021031 0.943311 0.105729
v -0.023223 0.965621 0.116747
v -0.025523 0.991974 0.128311
v -0.027565 1.021722 0.138579
v -0.029411 1.088800 0.147858
v -0.028481 1.124832 0.143184
v -0.025828 1.161659 0.129847
v -0.021085 1.198633 0.106002
v -0.013886 1.235103 0.069809
v -0.003864 1.270420 0.019425
v -0.003881 1.281574 0.019510
v -0.004584 1.284720 0.023045
v -0.005092 1.287911 0.025600
v -0.005459 1.291181 0.027444
v -0.005708 1.294601 0.028696
v -0.005841 1.298245 0.029365
v -0.005842 1.302172 0.029370
v -0.005677 1.306409 0.028538
v -0.005292 1.310926 0.026604
v -0.004613 1.315584 0.023193
v -0.003547 1.320051 0.017834
v -0.002001 1.323635 0.010061
v 0.000032 1.325132 -0.000161
v 0.000000 0.000000 -0.000000
v 0.000000 0.000048 0.003712
v 0.000000 0.000182 0.014077
v 0.000000 0.000383 0.029938
v 0.000000 0.000636 0.050137
v 0.000000 0.000923 0.073517
v 0.000000 0.001227 0.098922
v 0.000000 0.001531 0.125193
v 0.000000 0.001817 0.151175
v 0.000000 0.002070 0.175709
v 0.000000 0.002272 0.197638
v 0.000000 0.002405 0.215806
v 0.000000 0.002454 0.229055
v 0.000000 0.002644 0.234129
v 0.000000 0.003188 0.238928
v 0.000000 0.004041 0.243420
v 0.000000 0.005162 0.247573
v 0.000000 0.006508 0.251355
v 0.000000 0.008037 0.254736
v 0.000000 0.009705 0.257683
v 0.000000 0.011471 0.260165
v 0.000000 0.013291 0.262151
v 0.000000 0.015124 0.263608
v 0.000000 0.016926 0.264506
v 0.000000 0.018656 0.264812
v 0.000000 0.020964 0.264812
v 0.000000 0.023336 0.264812
v 0.000000 0.025753 0.264812
v 0.000000 0.028199 0.264812
v 0.000000 0.030655 0.264812
v 0.000000 0.033102 0.264812
v 0.000000 0.035524 0.264812
v 0.000000 0.037902 0.264812
v 0.000000 0.040219 0.264812
v 0.000000 0.042456 0.264812
v 0.000000 0.044595 0.264812
v 0.000000 0.046618 0.264812
v -0.000000 0.050082 0.264003
v -0.000000 0.052731 0.261768
v -0.000000 0.054708 0.258389
v -0.000000 0.056159 0.254153
v -0.000000 0.057229 0.249344
v -0.000000 0.058064 0.244245
v -0.000000 0.058808 0.239143
v -0.000000 0.059607 0.234322
v -0.000000 0.060605 0.230065
v -0.000000 0.061948 0.226659
v -0.000000 0.063780 0.224387
v -0.000000 0.066247 0.223534
v -0.000000 0.069016 0.224373
v -0.000000 0.071743 0.226778
v -0.000000 0.074554 0.230438
v -0.000000 0.077580 0.235040
v -0.000000 0.080946 0.240271
v -0.000000 0.084783 0.245821
v -0.000000 0.089216 0.251377
v -0.000000 0.094376 0.256626
v -0.000000 0.100388 0.261257
v -0.000000 0.107382 0.264957
v -0.000000 0.115486 0.267415
v -0.000000 0.124827 0.268317
v -0.000000 0.139243 0.266529
v -0.000000 0.152379 0.261528
v -0.000000 0.164475 0.253952
v -0.000000 0.175773 0.244442
v -0.000000 0.186513 0.233637
v -0.000000 0.196936 0.222176
v -0.000000 0.207283 0.210700
v -0.000000 0.217794 0.199847
v -0.000000 0.228712 0.190257
v -0.000000 0.240275 0.182570
v -0.000000 0.252726 0.177425
v -0.000000 0.266305 0.175462
v -0.000000 0.274480 0.175357
v -0.000000 0.281270 0.175184
v -0.000000 0.286803 0.174857
v -0.000000 0.291207 0.174290
v -0.000000 0.294610 0.173395
v -0.000000 0.297141 0.172087
v -0.000000 0.298928 0.170279
v -0.000000 0.300098 0.167885
v -0.000000 0.300781 0.164818
v -0.000000 0.301104 0.160992
v -0.000000 0.301196 0.156320
v -0.000000 0.301184 0.150717
v -0.000000 0.305815 0.145214
v -0.000000 0.319185 0.136914
v -0.000000 0.340471 0.126734
v -0.000000 0.368852 0.115594
v -0.000000 0.403503 0.104412
v -0.000000 0.443603 0.094107
v -0.000000 0.488329 0.085597
v -0.000000 0.536858 0.079802
v -0.000000 0.588367 0.077639
v -0.000000 0.642034 0.080028
v -0.000000 0.697036 0.087887
v -0.000000 0.752551 0.102135
v -0.000000 0.752551 0.105471
v -0.000000 0.752551 0.109296
v -0.000000 0.752551 0.113489
v -0.000000 0.752551 0.117932
v -0.000000 0.752551 0.122505
v -0.000000 0.752551 0.127087
v -0.000000 0.752551 0.131559
v -0.000000 0.752551 0.135800
v -0.000000 0.752551 0.139692
v -0.000000 0.752551 0.143113
v -0.000000 0.752551 0.145945
v -0.000000 0.752551 0.148067
v -0.000000 0.753416 0.153553
v -0.000000 0.755810 0.158041
v -0.000000 0.759425 0.161532
v -0.000000 0.763957 0.164025
v -0.000000 0.769100 0.165521
v -0.000000 0.774549 0.166020
v -0.000000 0.779997 0.165521
v -0.000000 0.785140 0.164025
v -0.000000 0.789672 0.161532
v -0.000000 0.793288 0.158041
v -0.000000 0.795681 0.153553
v -0.000000 0.796547 0.148067
v -0.000000 0.796547 0.145573
v -0.000000 0.796547 0.144032
v -0.000000 0.796547 0.143203
v -0.000000 0.796547 0.142846
v -0.000000 0.796547 0.142718
v -0.000000 0.796547 0.142581
v -0.000000 0.796547 0.142191
v -0.000000 0.796547 0.141309
v -0.000000 0.796547 0.139694
v -0.000000 0.796547 0.137104
v -0.000000 0.796547 0.133299
v -0.000000 0.796547 0.128038
v -0.000000 0.798902 0.128038
v -0.000000 0.800555 0.128038
v -0.000000 0.801728 0.128038
v -0.000000 0.802646 0.128038
v -0.000000 0.803533 0.128038
v -0.000000 0.804614 0.128038
v -0.000000 0.806112 0.128038
v -0.000000 0.808251 0.128038
v -0.000000 0.811255 0.128038
v -0.000000 0.815350 0.128038
v -0.000000 0.820757 0.128038
v -0.000000 0.827703 0.128038
v -0.000000 0.827703 0.125094
v -0.000000 0.827703 0.122164
v -0.000000 0.827703 0.119238
v -0.000000 0.827703 0.116308
v -0.000000 0.827703 0.113367
v -0.000000 0.827703 0.110405
v -0.000000 0.827703 0.107415
v -0.000000 0.827703 0.104388
v -0.000000 0.827703 0.101316
v -0.000000 0.827703 0.098191
v -0.000000 0.827703 0.095003
v -0.000000 0.827703 0.091746
v -0.000000 0.831154 0.091762
v -0.000000 0.835791 0.091807
v -0.000000 0.841385 0.091874
v -0.000000 0.847709 0.091959
v -0.000000 0.854532 0.092055
v -0.000000 0.861626 0.092157
v -0.000000 0.868763 0.092258
v -0.000000 0.875715 0.092354
v -0.000000 0.882252 0.092439
v -0.000000 0.888146 0.092507
v -0.000000 0.893168 0.092551
v -0.000000 0.897090 0.092567
v -0.000000 0.897411 0.096927
v -0.000000 0.898299 0.100413
v -0.000000 0.899641 0.103057
v -0.000000 0.901323 0.104894
v -0.000000 0.903232 0.105956
v -0.000000 0.905254 0.106278
v -0.000000 0.907276 0.105891
v -0.000000 0.909185 0.104831
v -0.000000 0.910867 0.103130
v -0.000000 0.912209 0.100821
v -0.000000 0.913098 0.097938
v -0.000000 0.913419 0.094515
v -0.000000 0.925694 0.099001
v -0.000000 0.943311 0.107800
v -0.000000 0.965621 0.119034
v -0.000000 0.991974 0.130825
v -0.000000 1.021722 0.141294
v -0.000000 1.161659 0.132390
v -0.000000 1.198633 0.108079
v -0.000000 1.235103 0.071177
v -0.000000 1.270420 0.019806
v -0.000000 1.281574 0.019892
v -0.000000 1.284720 0.023496
v -0.000000 1.287911 0.026102
v -0.000000 1.291181 0.027982
v -0.000000 1.294601 0.029258
v -0.000000 1.298245 0.029941
v -0.000000 1.302172 0.029945
v -0.000000 1.306409 0.029097
v -0.000000 1.310926 0.027125
v 0.000000 1.315584 0.023648
v 0.000000 1.320051 0.018183
v 0.000000 1.323635 0.010258
v 0.000000 1.325132 -0.000164
v 0.000000 0.000000 -0.000000
v 0.000724 0.000048 0.003641
v 0.002746 0.000182 0.013807
v 0.005841 0.000383 0.029362
v 0.009781 0.000636 0.049173
v 0.014343 0.000923 0.072105
v 0.019299 0.001227 0.097021
v 0.024424 0.001531 0.122788
v 0.029493 0.001817 0.148270
v 0.034279 0.002070 0.172332
v 0.038557 0.002272 0.193841
v 0.042102 0.002405 0.211659
v 0.044686 0.002454 0.224653
v 0.045676 0.002644 0.229630
v 0.046613 0.003188 0.234337
v 0.047489 0.004041 0.238742
v 0.048299 0.005162 0.242816
v 0.049037 0.006508 0.246525
v 0.049697 0.008037 0.249841
v 0.050272 0.009705 0.252732
v 0.050756 0.011471 0.255166
v 0.051143 0.013291 0.257114
v 0.051427 0.015124 0.258543
v 0.051603 0.016926 0.259423
v 0.051662 0.018656 0.259723
v 0.051662 0.020964 0.259723
v 0.051662 0.023336 0.259723
v 0.051662 0.025753 0.259723
v 0.051662 0.028199 0.259723
v 0.051662 0.030655 0.259723
v 0.051662 0.033102 0.259723
v 0.051662 0.035524 0.259723
v 0.051662 0.037902 0.259723
v 0.051662 0.040219 0.259723
v 0.051662 0.042456 0.259723
v 0.051662 0.044595 0.259723
v 0.051662 0.046618 0.259723
v 0.051504 0.050082 0.258931
v 0.051068 0.052731 0.256738
v 0.050409 0.054708 0.253424
v 0.049583 0.056159 0.249270
v 0.048645 0.057229 0.244552
v 0.047650 0.058064 0.239552
v 0.046655 0.058808 0.234548
v 0.045714 0.059607 0.229819
v 0.044884 0.060605 0.225645
v 0.044219 0.061948 0.222304
v 0.043776 0.063780 0.220075
v 0.043609 0.066247 0.219239
v 0.043773 0.069016 0.220062
v 0.044242 0.071743 0.222421
v 0.044956 0.074554 0.226010
v 0.045854 0.077580 0.230523
v 0.046875 0.080946 0.235655
v 0.047957 0.084783 0.241098
v 0.049041 0.089216 0.246547
v 0.050065 0.094376 0.251695
v 0.050969 0.100388 0.256237
v 0.051691 0.107382 0.259866
v 0.052170 0.115486 0.262276
v 0.052346 0.124827 0.263162
v 0.051997 0.139243 0.261408
v 0.051022 0.152379 0.256503
v 0.049544 0.164475 0.249072
v 0.047688 0.175773 0.239745
v 0.045580 0.186513 0.229147
v 0.043344 0.196936 0.217907
v 0.041105 0.207283 0.206651
v 0.038988 0.217794 0.196007
v 0.037117 0.228712 0.186601
v 0.035618 0.240275 0.179062
v 0.034614 0.252726 0.174016
v 0.034231 0.266305 0.172090
v 0.034210 0.274480 0.171988
v 0.034177 0.281270 0.171818
v 0.034113 0.286803 0.171498
v 0.034002 0.291207 0.170941
v 0.033828 0.294610 0.170063
v 0.033573 0.297141 0.168780
v 0.033220 0.298928 0.167007
v 0.032753 0.300098 0.164659
v 0.032154 0.300781 0.161651
v 0.031408 0.301104 0.157898
v 0.030497 0.301196 0.153317
v 0.029403 0.301184 0.147821
v 0.028330 0.305815 0.142424
v 0.026711 0.319185 0.134283
v 0.024725 0.340471 0.124299
v 0.022551 0.368852 0.113373
v 0.020370 0.403503 0.102406
v 0.018359 0.443603 0.092299
v 0.016699 0.488329 0.083953
v 0.015569 0.536858 0.078269
v 0.015147 0.588367 0.076148
v 0.015613 0.642034 0.078491
v 0.017146 0.697036 0.086199
v 0.019926 0.752551 0.100173
v 0.020576 0.752551 0.103444
v 0.021322 0.752551 0.107195
v 0.022141 0.752551 0.111309
v 0.023007 0.752551 0.115666
v 0.023899 0.752551 0.120151
v 0.024793 0.752551 0.124645
v 0.025666 0.752551 0.129031
v 0.026493 0.752551 0.133191
v 0.027252 0.752551 0.137007
v 0.027920 0.752551 0.140363
v 0.028472 0.752551 0.143141
v 0.028886 0.752551 0.145222
v 0.029957 0.753416 0.150602
v 0.030832 0.755810 0.155004
v 0.031513 0.759425 0.158428
v 0.032000 0.763957 0.160873
v 0.032292 0.769100 0.162341
v 0.032389 0.774549 0.162830
v 0.032292 0.779997 0.162341
v 0.032000 0.785140 0.160873
v 0.031513 0.789672 0.158428
v 0.030832 0.793288 0.155004
v 0.029957 0.795681 0.150602
v 0.028886 0.796547 0.145222
v 0.028400 0.796547 0.142776
v 0.028099 0.796547 0.141264
v 0.027938 0.796547 0.140451
v 0.027868 0.796547 0.140101
v 0.027843 0.796547 0.139976
v 0.027816 0.796547 0.139841
v 0.027740 0.796547 0.139459
v 0.027568 0.796547 0.138594
v 0.027253 0.796547 0.137010
v 0.026748 0.796547 0.134470
v 0.026005 0.796547 0.130738
v 0.024979 0.796547 0.125578
v 0.024979 0.798902 0.125578
v 0.024979 0.800555 0.125578
v 0.024979 0.801728 0.125578
v 0.024979 0.802646 0.125578
v 0.024979 0.803533 0.125578
v 0.024979 0.804614 0.125578
v 0.024979 0.806112 0.125578
v 0.024979 0.808251 0.125578
v 0.024979 0.811255 0.125578
v 0.024979 0.815350 0.125578
v 0.024979 0.820757 0.125578
v 0.024979 0.827703 0.125578
v 0.024405 0.827703 0.122691
v 0.023833 0.827703 0.119816
v 0.023262 0.827703 0.116947
v 0.022691 0.827703 0.114073
v 0.022117 0.827703 0.111189
v 0.021539 0.827703 0.108284
v 0.020956 0.827703 0.105351
v 0.020365 0.827703 0.102383
v 0.019766 0.827703 0.099370
v 0.019156 0.827703 0.096304
v 0.018534 0.827703 0.093178
v 0.017899 0.827703 0.089983
v 0.017902 0.831154 0.089999
v 0.017911 0.835791 0.090043
v 0.017924 0.841385 0.090109
v 0.017940 0.847709 0.090192
v 0.017959 0.854532 0.090286
v 0.017979 0.861626 0.090386
v 0.017999 0.868763 0.090486
v 0.018017 0.875715 0.090580
v 0.018034 0.882252 0.090663
v 0.018047 0.888146 0.090729
v 0.018056 0.893168 0.090773
v 0.018059 0.897090 0.090789
v 0.018910 0.897411 0.095065
v 0.019590 0.898299 0.098484
v 0.020105 0.899641 0.101077
v 0.020464 0.901323 0.102878
v 0.020671 0.903232 0.103920
v 0.020734 0.905254 0.104235
v 0.020658 0.907276 0.103857
v 0.020451 0.909185 0.102817
v 0.020120 0.910867 0.101148
v 0.019669 0.912209 0.098884
v 0.019107 0.913098 0.096056
v 0.018439 0.913419 0.092699
v 0.019314 0.925694 0.097099
v 0.021031 0.943311 0.105729
v 0.023222 0.965621 0.116747
v 0.025523 0.991974 0.128311
v 0.027565 1.021722 0.138579
v 0.028983 1.054214 0.145709
v 0.029411 1.088800 0.147858
v 0.021085 1.198633 0.106002
v 0.013886 1.235103 0.069809
v 0.003864 1.270420 0.019425
v 0.003881 1.281574 0.019510
v 0.004584 1.284720 0.023045
v 0.005092 1.287911 0.025600
v 0.005459 1.291181 0.027444
v 0.005708 1.294601 0.028696
v 0.005841 1.298245 0.029365
v 0.005842 1.302172 0.029369
v 0.005677 1.306409 0.028538
v 0.005292 1.310926 0.026604
v 0.004614 1.315584 0.023193
v 0.003548 1.320051 0.017834
v 0.002001 1.323635 0.010061
v -0.000032 1.325132 -0.000161
v 0.000000 0.000000 -0.000000
v 0.001421 0.000048 0.003430
v 0.005387 0.000182 0.013006
v 0.011457 0.000383 0.027659
v 0.019187 0.000636 0.046320
v 0.028134 0.000923 0.067921
v 0.037856 0.001227 0.091392
v 0.047909 0.001531 0.115664
v 0.057852 0.001817 0.139667
v 0.067241 0.002070 0.162334
v 0.075633 0.002272 0.182594
v 0.082585 0.002405 0.199379
v 0.087655 0.002454 0.211619
v 0.089597 0.002644 0.216307
v 0.091434 0.003188 0.220741
v 0.093153 0.004041 0.224890
v 0.094742 0.005162 0.228727
v 0.096190 0.006508 0.232222
v 0.097483 0.008037 0.235345
v 0.098611 0.009705 0.238068
v 0.099561 0.011471 0.240361
v 0.100321 0.013291 0.242196
v 0.100878 0.015124 0.243542
v 0.101222 0.016926 0.244371
v 0.101339 0.018656 0.244654
v 0.101339 0.020964 0.244654
v 0.101339 0.023336 0.244654
v 0.101339 0.025753 0.244654
v 0.101339 0.028199 0.244654
v 0.101339 0.030655 0.244654
v 0.101339 0.033102 0.244654
v 0.101339 0.035524 0.244654
v 0.101339 0.037902 0.244654
v 0.101339 0.040219 0.244654
v 0.101339 0.042455 0.244654
v 0.101339 0.044595 0.244654
v 0.101339 0.046618 0.244654
v 0.101030 0.050082 0.243907
v 0.100174 0.052730 0.241842
v 0.098881 0.054708 0.238721
v 0.097260 0.056159 0.234807
v 0.095420 0.057229 0.230363
v 0.093469 0.058064 0.225653
v 0.091516 0.058808 0.220939
v 0.089671 0.059607 0.216485
v 0.088042 0.060605 0.212552
v 0.086739 0.061948 0.209405
v 0.085869 0.063780 0.207306
v 0.085543 0.066247 0.206518
v 0.085864 0.069016 0.207293
v 0.086784 0.071743 0.209516
v 0.088185 0.074554 0.212897
v 0.089946 0.077580 0.217148
v 0.091948 0.080946 0.221982
v 0.094072 0.084783 0.227109
v 0.096198 0.089217 0.232242
v 0.098207 0.094376 0.237092
v 0.099979 0.100388 0.241370
v 0.101395 0.107382 0.244788
v 0.102335 0.115486 0.247059
v 0.102681 0.124827 0.247893
v 0.101996 0.139243 0.246241
v 0.100082 0.152379 0.241620
v 0.097183 0.164475 0.234621
v 0.093544 0.175773 0.225835
v 0.089409 0.186513 0.215852
v 0.085023 0.196936 0.205264
v 0.080631 0.207283 0.194661
v 0.076478 0.217794 0.184634
v 0.072808 0.228712 0.175774
v 0.069866 0.240275 0.168672
v 0.067898 0.252726 0.163919
v 0.067146 0.266305 0.162106
v 0.067106 0.274480 0.162009
v 0.067040 0.281270 0.161849
v 0.066915 0.286803 0.161547
v 0.066698 0.291207 0.161023
v 0.066355 0.294610 0.160196
v 0.065855 0.297141 0.158988
v 0.065163 0.298928 0.157317
v 0.064247 0.300098 0.155105
v 0.063073 0.300781 0.152272
v 0.061609 0.301104 0.148737
v 0.059821 0.301196 0.144421
v 0.057677 0.301184 0.139244
v 0.055571 0.305815 0.134160
v 0.052395 0.319185 0.126492
v 0.048499 0.340472 0.117087
v 0.044236 0.368852 0.106795
v 0.039957 0.403503 0.096464
v 0.036013 0.443603 0.086943
v 0.032757 0.488329 0.079082
v 0.030539 0.536858 0.073727
v 0.029711 0.588367 0.071729
v 0.030626 0.642034 0.073937
v 0.033633 0.697036 0.081197
v 0.039086 0.752551 0.094361
v 0.040362 0.752551 0.097442
v 0.041826 0.752551 0.100976
v 0.043430 0.752551 0.104850
v 0.045131 0.752551 0.108955
v 0.046881 0.752551 0.113180
v 0.048634 0.752551 0.117413
v 0.050345 0.752551 0.121544
v 0.051968 0.752551 0.125463
v 0.053458 0.752551 0.129058
v 0.054767 0.752551 0.132219
v 0.055851 0.752551 0.134836
v 0.056663 0.752551 0.136796
v 0.058762 0.753416 0.141864
v 0.060480 0.755810 0.146011
v 0.061815 0.759425 0.149236
v 0.062770 0.763957 0.151539
v 0.063342 0.769100 0.152922
v 0.063533 0.774549 0.153382
v 0.063342 0.779997 0.152922
v 0.062770 0.785140 0.151539
v 0.061815 0.789672 0.149236
v 0.060480 0.793288 0.146011
v 0.058762 0.795681 0.141864
v 0.056663 0.796547 0.136796
v 0.055708 0.796547 0.134492
v 0.055119 0.796547 0.133068
v 0.054801 0.796547 0.132302
v 0.054665 0.796547 0.131972
v 0.054616 0.796547 0.131855
v 0.054563 0.796547 0.131727
v 0.054414 0.796547 0.131368
v 0.054077 0.796547 0.130553
v 0.053459 0.796547 0.129060
v 0.052468 0.796547 0.126668
v 0.051011 0.796547 0.123152
v 0.048998 0.796547 0.118292
v 0.048998 0.798902 0.118292
v 0.048998 0.800555 0.118292
v 0.048998 0.801728 0.118292
v 0.048998 0.802646 0.118292
v 0.048998 0.803533 0.118292
v 0.048998 0.804614 0.118292
v 0.048998 0.806112 0.118292
v 0.048998 0.808251 0.118292
v 0.048998 0.811255 0.118292
v 0.048998 0.815350 0.118292
v 0.048998 0.820757 0.118292
v 0.048998 0.827703 0.118292
v 0.047872 0.827703 0.115572
v 0.046750 0.827703 0.112864
v 0.045630 0.827703 0.110161
v 0.044509 0.827703 0.107455
v 0.043384 0.827703 0.104737
v 0.042250 0.827703 0.102001
v 0.041106 0.827703 0.099239
v 0.039948 0.827703 0.096442
v 0.038772 0.827703 0.093604
v 0.037576 0.827703 0.090716
v 0.036356 0.827703 0.087772
v 0.035110 0.827703 0.084762
v 0.035116 0.831154 0.084777
v 0.035133 0.835791 0.084818
v 0.035159 0.841385 0.084881
v 0.035191 0.847709 0.084959
v 0.035228 0.854532 0.085048
v 0.035267 0.861626 0.085142
v 0.035306 0.868763 0.085236
v 0.035343 0.875715 0.085324
v 0.035375 0.882252 0.085403
v 0.035401 0.888146 0.085465
v 0.035418 0.893168 0.085506
v 0.035424 0.897090 0.085521
v 0.037093 0.897411 0.089549
v 0.038426 0.898299 0.092769
v 0.039438 0.899641 0.095213
v 0.040141 0.901323 0.096909
v 0.040548 0.903232 0.097891
v 0.040671 0.905254 0.098188
v 0.040523 0.907276 0.097831
v 0.040117 0.909185 0.096851
v 0.039466 0.910867 0.095279
v 0.038582 0.912209 0.093146
v 0.037479 0.913098 0.090483
v 0.036169 0.913419 0.087320
v 0.037886 0.925694 0.091465
v 0.041253 0.943311 0.099594
v 0.045552 0.965621 0.109973
v 0.050065 0.991974 0.120866
v 0.054071 1.021722 0.130539
v 0.056853 1.054214 0.137254
v 0.057691 1.088800 0.139279
v 0.055868 1.124832 0.134877
v 0.027238 1.235103 0.065759
v 0.007579 1.270420 0.018298
v 0.007612 1.281574 0.018378
v 0.008991 1.284720 0.021708
v 0.009989 1.287911 0.024115
v 0.010708 1.291181 0.025852
v 0.011197 1.294601 0.027031
v 0.011458 1.298245 0.027661
v 0.011459 1.302172 0.027665
v 0.011135 1.306409 0.026882
v 0.010380 1.310926 0.025060
v 0.009050 1.315584 0.021847
v 0.006959 1.320051 0.016799
v 0.003926 1.323635 0.009477
v -0.000063 1.325132 -0.000152
v 0.000000 0.000000 -0.000000
v 0.002062 0.000048 0.003087
v 0.007821 0.000182 0.011705
v 0.016633 0.000383 0.024892
v 0.027855 0.000636 0.041687
v 0.040844 0.000923 0.061127
v 0.054958 0.001227 0.082250
v 0.069554 0.001531 0.104094
v 0.083988 0.001817 0.125697
v 0.097619 0.002070 0.146096
v 0.109802 0.002272 0.164330
v 0.119895 0.002405 0.179436
v 0.127256 0.002454 0.190452
v 0.130075 0.002644 0.194671
v 0.132741 0.003188 0.198661
v 0.135237 0.004041 0.202396
v 0.137544 0.005162 0.205849
v 0.139646 0.006508 0.208994
v 0.141524 0.008037 0.211805
v 0.143161 0.009705 0.214256
v 0.144540 0.011471 0.216319
v 0.145643 0.013291 0.217970
v 0.146453 0.015124 0.219182
v 0.146951 0.016926 0.219928
v 0.147122 0.018656 0.220183
v 0.147122 0.020964 0.220183
v 0.147122 0.023336 0.220183
v 0.147122 0.025753 0.220183
v 0.147122 0.028199 0.220183
v 0.147122 0.030655 0.220183
v 0.147122 0.033102 0.220183
v 0.147122 0.035524 0.220183
v 0.147122 0.037902 0.220183
v 0.147122 0.040219 0.220183
v 0.147122 0.042455 0.220183
v 0.147122 0.044595 0.220183
v 0.147122 0.046618 0.220183
v 0.146672 0.050082 0.219511
v 0.145430 0.052730 0.217652
v 0.143553 0.054708 0.214843
v 0.141200 0.056159 0.211320
v 0.138528 0.057229 0.207322
v 0.135695 0.058064 0.203083
v 0.132861 0.058808 0.198840
v 0.130182 0.059607 0.194831
v 0.127817 0.060605 0.191292
v 0.125925 0.061948 0.188460
v 0.124663 0.063780 0.186571
v 0.124189 0.066247 0.185862
v 0.124655 0.069016 0.186559
v 0.125991 0.071743 0.188559
v 0.128024 0.074554 0.191602
v 0.130581 0.077580 0.195428
v 0.133488 0.080946 0.199778
v 0.136571 0.084783 0.204393
v 0.139658 0.089217 0.209012
v 0.142574 0.094376 0.213377
v 0.145147 0.100388 0.217227
v 0.147202 0.107382 0.220304
v 0.148568 0.115486 0.222347
v 0.149069 0.124827 0.223098
v 0.148076 0.139243 0.221611
v 0.145297 0.152379 0.217452
v 0.141088 0.164476 0.211153
v 0.135805 0.175773 0.203246
v 0.129802 0.186513 0.194262
v 0.123434 0.196936 0.184733
v 0.117058 0.207283 0.175190
v 0.111029 0.217794 0.166166
v 0.105701 0.228712 0.158193
v 0.101430 0.240275 0.151801
v 0.098572 0.252726 0.147523
v 0.097481 0.266305 0.145891
v 0.097423 0.274480 0.145804
v 0.097327 0.281270 0.145660
v 0.097146 0.286803 0.145389
v 0.096830 0.291207 0.144917
v 0.096333 0.294610 0.144173
v 0.095606 0.297141 0.143085
v 0.094602 0.298928 0.141582
v 0.093272 0.300098 0.139591
v 0.091568 0.300781 0.137041
v 0.089442 0.301104 0.133860
v 0.086847 0.301196 0.129976
v 0.083734 0.301184 0.125317
v 0.080677 0.305815 0.120741
v 0.076065 0.319185 0.113840
v 0.070410 0.340472 0.105375
v 0.064221 0.368852 0.096113
v 0.058008 0.403503 0.086815
v 0.052283 0.443603 0.078247
v 0.047555 0.488329 0.071172
v 0.044336 0.536858 0.066353
v 0.043134 0.588367 0.064555
v 0.044461 0.642034 0.066541
v 0.048828 0.697036 0.073076
v 0.056743 0.752551 0.084922
v 0.058597 0.752551 0.087696
v 0.060721 0.752551 0.090876
v 0.063051 0.752551 0.094363
v 0.065520 0.752551 0.098057
v 0.068060 0.752551 0.101859
v 0.070606 0.752551 0.105669
v 0.073090 0.752551 0.109387
v 0.075447 0.752551 0.112914
v 0.077608 0.752551 0.116149
v 0.079509 0.752551 0.118994
v 0.081083 0.752551 0.121349
v 0.082262 0.752551 0.123113
v 0.085309 0.753416 0.127674
v 0.087803 0.755810 0.131406
v 0.089742 0.759425 0.134309
v 0.091127 0.763957 0.136382
v 0.091959 0.769100 0.137626
v 0.092236 0.774549 0.138040
v 0.091959 0.779997 0.137626
v 0.091127 0.785140 0.136382
v 0.089742 0.789672 0.134309
v 0.087803 0.793288 0.131406
v 0.085309 0.795681 0.127674
v 0.082262 0.796547 0.123113
v 0.080876 0.796547 0.121039
v 0.080020 0.796547 0.119758
v 0.079559 0.796547 0.119069
v 0.079361 0.796547 0.118772
v 0.079290 0.796547 0.118666
v 0.079214 0.796547 0.118551
v 0.078997 0.796547 0.118228
v 0.078507 0.796547 0.117494
v 0.077610 0.796547 0.116151
v 0.076171 0.796547 0.113998
v 0.074057 0.796547 0.110834
v 0.071134 0.796547 0.106460
v 0.071134 0.798902 0.106460
v 0.071134 0.800555 0.106460
v 0.071134 0.801728 0.106460
v 0.071134 0.802646 0.106460
v 0.071134 0.803533 0.106460
v 0.071134 0.804614 0.106460
v 0.071134 0.806112 0.106460
v 0.071134 0.808251 0.106460
v 0.071134 0.811255 0.106460
v 0.071134 0.815350 0.106460
v 0.071134 0.820757 0.106460
v 0.071134 0.827703 0.106460
v 0.069499 0.827703 0.104012
v 0.067870 0.827703 0.101575
v 0.066245 0.827703 0.099143
v 0.064617 0.827703 0.096707
v 0.062983 0.827703 0.094261
v 0.061338 0.827703 0.091799
v 0.059677 0.827703 0.089313
v 0.057995 0.827703 0.086796
v 0.056288 0.827703 0.084241
v 0.054552 0.827703 0.081643
v 0.052781 0.827703 0.078992
v 0.050971 0.827703 0.076284
v 0.050980 0.831154 0.076297
v 0.051005 0.835791 0.076334
v 0.051043 0.841385 0.076391
v 0.051090 0.847708 0.076461
v 0.051143 0.854532 0.076541
v 0.051200 0.861626 0.076625
v 0.051256 0.868763 0.076710
v 0.051309 0.875715 0.076790
v 0.051356 0.882252 0.076860
v 0.051394 0.888146 0.076916
v 0.051419 0.893168 0.076954
v 0.051428 0.897090 0.076967
v 0.053850 0.897411 0.080592
v 0.055786 0.898299 0.083490
v 0.057256 0.899641 0.085689
v 0.058276 0.901323 0.087216
v 0.058866 0.903232 0.088099
v 0.059045 0.905254 0.088367
v 0.058830 0.907276 0.088045
v 0.058241 0.909185 0.087164
v 0.057296 0.910867 0.085749
v 0.056013 0.912209 0.083829
v 0.054411 0.913098 0.081432
v 0.052510 0.913419 0.078586
v 0.055002 0.925694 0.082316
v 0.059891 0.943311 0.089633
v 0.066132 0.965621 0.098973
v 0.072682 0.991974 0.108777
v 0.078499 1.021722 0.117482
v 0.082537 1.054214 0.123526
v 0.083755 1.088800 0.125348
v 0.081107 1.124832 0.121386
v 0.073552 1.161659 0.110079
v 0.039544 1.235103 0.059181
v 0.011004 1.270420 0.016468
v 0.011051 1.281574 0.016539
v 0.013054 1.284720 0.019536
v 0.014501 1.287911 0.021703
v 0.015546 1.291181 0.023266
v 0.016255 1.294601 0.024327
v 0.016634 1.298245 0.024894
v 0.016636 1.302172 0.024898
v 0.016165 1.306409 0.024193
v 0.015070 1.310925 0.022553
v 0.013138 1.315584 0.019662
v 0.010102 1.320051 0.015119
v 0.005699 1.323635 0.008529
v -0.000091 1.325132 -0.000137
v 0.000000 0.000000 -0.000000
v 0.002625 0.000048 0.002625
v 0.009954 0.000182 0.009954
v 0.021169 0.000383 0.021169
v 0.035452 0.000636 0.035452
v 0.051985 0.000923 0.051985
v 0.069948 0.001227 0.069948
v 0.088525 0.001531 0.088525
v 0.106897 0.001817 0.106897
v 0.124245 0.002070 0.124245
v 0.139751 0.002272 0.139751
v 0.152598 0.002405 0.152598
v 0.161966 0.002454 0.161966
v 0.165554 0.002644 0.165554
v 0.168948 0.003188 0.168948
v 0.172124 0.004041 0.172124
v 0.175060 0.005162 0.175060
v 0.177735 0.006508 0.177735
v 0.180126 0.008037 0.180125
v 0.182210 0.009705 0.182209
v 0.183965 0.011471 0.183965
v 0.185369 0.013291 0.185369
v 0.186399 0.015124 0.186399
v 0.187034 0.016926 0.187034
v 0.187250 0.018656 0.187250
v 0.187250 0.020964 0.187250
v 0.187250 0.023336 0.187250
v 0.187250 0.025753 0.187250
v 0.187250 0.028199 0.187250
v 0.187250 0.030655 0.187250
v 0.187250 0.033102 0.187250
v 0.187250 0.035524 0.187250
v 0.187250 0.037902 0.187250
v 0.187250 0.040219 0.187250
v 0.187250 0.042455 0.187250
v 0.187250 0.044595 0.187250
v 0.187250 0.046618 0.187250
v 0.186679 0.050082 0.186678
v 0.185098 0.052730 0.185098
v 0.182709 0.054708 0.182709
v 0.179713 0.056159 0.179713
v 0.176313 0.057229 0.176312
v 0.172708 0.058064 0.172707
v 0.169100 0.058808 0.169100
v 0.165690 0.059607 0.165690
v 0.162681 0.060605 0.162681
v 0.160272 0.061948 0.160272
v 0.158665 0.063780 0.158665
v 0.158062 0.066247 0.158062
v 0.158656 0.069016 0.158656
v 0.160356 0.071743 0.160356
v 0.162944 0.074554 0.162944
v 0.166198 0.077580 0.166198
v 0.169898 0.080946 0.169898
v 0.173822 0.084783 0.173822
v 0.177750 0.089216 0.177750
v 0.181462 0.094376 0.181462
v 0.184737 0.100388 0.184736
v 0.187353 0.107383 0.187353
v 0.189091 0.115486 0.189091
v 0.189729 0.124827 0.189729
v 0.188465 0.139243 0.188465
v 0.184928 0.152379 0.184928
v 0.179571 0.164476 0.179571
v 0.172847 0.175773 0.172847
v 0.165206 0.186513 0.165206
v 0.157102 0.196936 0.157102
v 0.148987 0.207283 0.148987
v 0.141313 0.217794 0.141313
v 0.134532 0.228712 0.134532
v 0.129096 0.240275 0.129096
v 0.125458 0.252726 0.125458
v 0.124070 0.266305 0.124070
v 0.123996 0.274480 0.123996
v 0.123874 0.281270 0.123874
v 0.123643 0.286803 0.123643
v 0.123242 0.291207 0.123241
v 0.122609 0.294610 0.122609
v 0.121684 0.297141 0.121684
v 0.120405 0.298928 0.120405
v 0.118712 0.300098 0.118712
v 0.116544 0.300781 0.116544
v 0.113838 0.301104 0.113838
v 0.110535 0.301196 0.110535
v 0.106573 0.301184 0.106573
v 0.102682 0.305815 0.102682
v 0.096813 0.319185 0.096813
v 0.089615 0.340472 0.089614
v 0.081737 0.368852 0.081737
v 0.073830 0.403503 0.073830
v 0.066544 0.443603 0.066544
v 0.060526 0.488329 0.060526
v 0.056428 0.536858 0.056428
v 0.054899 0.588367 0.054899
v 0.056589 0.642034 0.056589
v 0.062146 0.697036 0.062146
v 0.072221 0.752551 0.072221
v 0.074579 0.752551 0.074579
v 0.077284 0.752551 0.077284
v 0.080249 0.752551 0.080249
v 0.083391 0.752551 0.083391
v 0.086624 0.752551 0.086624
v 0.089864 0.752551 0.089864
v 0.093026 0.752551 0.093026
v 0.096025 0.752551 0.096025
v 0.098777 0.752551 0.098777
v 0.101196 0.752551 0.101196
v 0.103199 0.752551 0.103199
v 0.104699 0.752551 0.104699
v 0.108578 0.753416 0.108578
v 0.111752 0.755810 0.111752
v 0.114220 0.759425 0.114220
v 0.115983 0.763957 0.115983
v 0.117041 0.769100 0.117041
v 0.117394 0.774549 0.117394
v 0.117041 0.779997 0.117041
v 0.115983 0.785140 0.115983
v 0.114220 0.789672 0.114220
v 0.111752 0.793288 0.111752
v 0.108578 0.795681 0.108578
v 0.104699 0.796547 0.104699
v 0.102936 0.796547 0.102936
v 0.101846 0.796547 0.101846
v 0.101260 0.796547 0.101260
v 0.101007 0.796547 0.101007
v 0.100917 0.796547 0.100917
v 0.100820 0.796547 0.100820
v 0.100544 0.796547 0.100544
v 0.099921 0.796547 0.099921
v 0.098779 0.796547 0.098779
v 0.096947 0.796547 0.096947
v 0.094257 0.796547 0.094257
v 0.090537 0.796547 0.090536
v 0.090537 0.798902 0.090536
v 0.090537 0.800555 0.090536
v 0.090537 0.801728 0.090536
v 0.090537 0.802646 0.090536
v 0.090537 0.803533 0.090536
v 0.090537 0.804614 0.090536
v 0.090537 0.806112 0.090536
v 0.090537 0.808251 0.090536
v 0.090537 0.811255 0.090536
v 0.090537 0.815350 0.090536
v 0.090537 0.820757 0.090536
v 0.090537 0.827703 0.090536
v 0.088455 0.827703 0.088455
v 0.086383 0.827703 0.086383
v 0.084314 0.827703 0.084314
v 0.082242 0.827703 0.082242
v 0.080163 0.827703 0.080163
v 0.078068 0.827703 0.078068
v 0.075954 0.827703 0.075954
v 0.073814 0.827703 0.073814
v 0.071642 0.827703 0.071641
v 0.069431 0.827703 0.069431
v 0.067178 0.827703 0.067177
v 0.064874 0.827703 0.064874
v 0.064886 0.831154 0.064885
v 0.064917 0.835791 0.064917
v 0.064965 0.841385 0.064965
v 0.065025 0.847709 0.065025
v 0.065093 0.854532 0.065093
v 0.065165 0.861626 0.065165
v 0.065237 0.868763 0.065236
v 0.065304 0.875715 0.065304
v 0.065364 0.882252 0.065364
v 0.065412 0.888146 0.065412
v 0.065444 0.893168 0.065444
v 0.065455 0.897090 0.065455
v 0.068538 0.897411 0.068538
v 0.071003 0.898299 0.071003
v 0.072873 0.899641 0.072873
v 0.074171 0.901323 0.074171
v 0.074922 0.903232 0.074922
v 0.075150 0.905254 0.075150
v 0.074877 0.907276 0.074876
v 0.074127 0.909185 0.074127
v 0.072924 0.910867 0.072924
v 0.071291 0.912209 0.071291
v 0.069253 0.913098 0.069253
v 0.066832 0.913419 0.066832
v 0.070004 0.925694 0.070004
v 0.076226 0.943311 0.076226
v 0.084170 0.965621 0.084170
v 0.092507 0.991974 0.092507
v 0.099910 1.021722 0.099910
v 0.105050 1.054214 0.105050
v 0.106600 1.088800 0.106599
v 0.103230 1.124832 0.103230
v 0.093614 1.161659 0.093614
v 0.014005 1.270420 0.014005
v 0.014066 1.281574 0.014066
v 0.016614 1.284720 0.016614
v 0.018457 1.287911 0.018457
v 0.019786 1.291181 0.019786
v 0.020688 1.294601 0.020689
v 0.021171 1.298245 0.021171
v 0.021174 1.302172 0.021174
v 0.020575 1.306409 0.020575
v 0.019180 1.310925 0.019180
v 0.016721 1.315584 0.016721
v 0.012858 1.320051 0.012857
v 0.007254 1.323635 0.007253
v -0.000116 1.325132 -0.000116
v 0.000000 0.000000 -0.000000
v 0.003087 0.000048 0.002062
v 0.011705 0.000182 0.007821
v 0.024892 0.000383 0.016633
v 0.041687 0.000636 0.027855
v 0.061127 0.000923 0.040844
v 0.082251 0.001227 0.054958
v 0.104094 0.001531 0.069554
v 0.125697 0.001817 0.083988
v 0.146096 0.002070 0.097619
v 0.164330 0.002272 0.109802
v 0.179436 0.002405 0.119895
v 0.190452 0.002454 0.127256
v 0.194671 0.002644 0.130075
v 0.198661 0.003188 0.132741
v 0.202396 0.004041 0.135237
v 0.205849 0.005162 0.137544
v 0.208994 0.006508 0.139646
v 0.211805 0.008037 0.141524
v 0.214256 0.009705 0.143161
v 0.216319 0.011471 0.144540
v 0.217970 0.013291 0.145643
v 0.219182 0.015124 0.146453
v 0.219928 0.016926 0.146951
v 0.220183 0.018656 0.147122
v 0.220183 0.020964 0.147122
v 0.220183 0.023336 0.147122
v 0.220183 0.025753 0.147122
v 0.220183 0.028199 0.147122
v 0.220183 0.030655 0.147122
v 0.220183 0.033102 0.147122
v 0.220183 0.035524 0.147122
v 0.220183 0.037902 0.147122
v 0.220183 0.040219 0.147122
v 0.220183 0.042455 0.147122
v 0.220183 0.044595 0.147122
v 0.220183 0.046618 0.147122
v 0.219511 0.050082 0.146672
v 0.217652 0.052730 0.145430
v 0.214843 0.054708 0.143553
v 0.211321 0.056159 0.141200
v 0.207322 0.057229 0.138528
v 0.203083 0.058064 0.135695
v 0.198840 0.058808 0.132861
v 0.194831 0.059607 0.130182
v 0.191292 0.060605 0.127817
v 0.188460 0.061948 0.125925
v 0.186571 0.063780 0.124663
v 0.185862 0.066247 0.124189
v 0.186559 0.069016 0.124655
v 0.188559 0.071743 0.125991
v 0.191602 0.074554 0.128024
v 0.195428 0.077580 0.130581
v 0.199778 0.080946 0.133488
v 0.204393 0.084783 0.136571
v 0.209012 0.089216 0.139657
v 0.213377 0.094376 0.142574
v 0.217227 0.100388 0.145147
v 0.220304 0.107383 0.147202
v 0.222347 0.115486 0.148568
v 0.223098 0.124827 0.149069
v 0.221611 0.139243 0.148076
v 0.217452 0.152379 0.145297
v 0.211153 0.164476 0.141088
v 0.203246 0.175773 0.135805
v 0.194262 0.186513 0.129802
v 0.184733 0.196936 0.123434
v 0.175190 0.207283 0.117058
v 0.166166 0.217794 0.111029
v 0.158193 0.228712 0.105701
v 0.151801 0.240275 0.101430
v 0.147523 0.252726 0.098572
v 0.145891 0.266305 0.097481
v 0.145804 0.274480 0.097423
v 0.145661 0.281270 0.097327
v 0.145389 0.286803 0.097146
v 0.144917 0.291207 0.096830
v 0.144173 0.294610 0.096333
v 0.143085 0.297141 0.095606
v 0.141582 0.298928 0.094602
v 0.139591 0.300098 0.093272
v 0.137041 0.300781 0.091568
v 0.133860 0.301104 0.089442
v 0.129976 0.301196 0.086847
v 0.125317 0.301184 0.083734
v 0.120741 0.305815 0.080677
v 0.113840 0.319185 0.076065
v 0.105375 0.340472 0.070410
v 0.096113 0.368852 0.064221
v 0.086815 0.403503 0.058008
v 0.078247 0.443603 0.052283
v 0.071172 0.488329 0.047555
v 0.066353 0.536858 0.044336
v 0.064555 0.588367 0.043134
v 0.066541 0.642034 0.044461
v 0.073076 0.697036 0.048828
v 0.084923 0.752551 0.056743
v 0.087696 0.752551 0.058597
v 0.090876 0.752551 0.060721
v 0.094363 0.752551 0.063051
v 0.098057 0.752551 0.065520
v 0.101859 0.752551 0.068060
v 0.105669 0.752551 0.070606
v 0.109387 0.752551 0.073090
v 0.112914 0.752551 0.075446
v 0.116149 0.752551 0.077608
v 0.118994 0.752551 0.079509
v 0.121349 0.752551 0.081083
v 0.123113 0.752551 0.082262
v 0.127674 0.753416 0.085309
v 0.131406 0.755810 0.087803
v 0.134309 0.759425 0.089742
v 0.136382 0.763957 0.091127
v 0.137626 0.769100 0.091959
v 0.138040 0.774549 0.092236
v 0.137626 0.779997 0.091959
v 0.136382 0.785140 0.091127
v 0.134309 0.789672 0.089742
v 0.131406 0.793288 0.087803
v 0.127674 0.795681 0.085309
v 0.123113 0.796547 0.082262
v 0.121039 0.796547 0.080876
v 0.119758 0.796547 0.080020
v 0.119069 0.796547 0.079559
v 0.118772 0.796547 0.079361
v 0.118666 0.796547 0.079290
v 0.118551 0.796547 0.079214
v 0.118228 0.796547 0.078997
v 0.117495 0.796547 0.078507
v 0.116151 0.796547 0.077610
v 0.113998 0.796547 0.076171
v 0.110834 0.796547 0.074057
v 0.106460 0.796547 0.071134
v 0.106460 0.798902 0.071134
v 0.106460 0.800555 0.071134
v 0.106460 0.801728 0.071134
v 0.106460 0.802646 0.071134
v 0.106460 0.803533 0.071134
v 0.106460 0.804614 0.071134
v 0.106460 0.806112 0.071134
v 0.106460 0.808251 0.071134
v 0.106460 0.811255 0.071134
v 0.106460 0.815350 0.071134
v 0.106460 0.820757 0.071134
v 0.106460 0.827703 0.071134
v 0.104012 0.827703 0.069499
v 0.101575 0.827703 0.067870
v 0.099143 0.827703 0.066245
v 0.096707 0.827703 0.064617
v 0.094261 0.827703 0.062983
v 0.091799 0.827703 0.061338
v 0.089313 0.827703 0.059677
v 0.086796 0.827703 0.057995
v 0.084241 0.827703 0.056288
v 0.081643 0.827703 0.054552
v 0.078992 0.827703 0.052781
v 0.076284 0.827703 0.050971
v 0.076297 0.831154 0.050980
v 0.076334 0.835791 0.051005
v 0.076391 0.841385 0.051043
v 0.076461 0.847709 0.051090
v 0.076541 0.854532 0.051143
v 0.076625 0.861626 0.051199
v 0.076710 0.868763 0.051256
v 0.076790 0.875715 0.051309
v 0.076860 0.882252 0.051356
v 0.076916 0.888146 0.051394
v 0.076954 0.893168 0.051419
v 0.076967 0.897090 0.051428
v 0.080592 0.897411 0.053850
v 0.083490 0.898299 0.055786
v 0.085689 0.899641 0.057256
v 0.087216 0.901323 0.058276
v 0.088099 0.903232 0.058866
v 0.088367 0.905254 0.059045
v 0.088045 0.907276 0.058830
v 0.087164 0.909185 0.058241
v 0.085749 0.910867 0.057296
v 0.083830 0.912209 0.056013
v 0.081433 0.913098 0.054411
v 0.078586 0.913419 0.052509
v 0.082316 0.925694 0.055002
v 0.089633 0.943311 0.059891
v 0.098973 0.965621 0.066132
v 0.108777 0.991974 0.072682
v 0.117482 1.021722 0.078499
v 0.123526 1.054214 0.082537
v 0.125348 1.088800 0.083755
v 0.121386 1.124832 0.081107
v 0.110079 1.161659 0.073552
v 0.089864 1.198633 0.060045
v 0.016468 1.270420 0.011004
v 0.016539 1.281574 0.011051
v 0.019536 1.284720 0.013054
v 0.021703 1.287911 0.014501
v 0.023266 1.291181 0.015546
v 0.024327 1.294601 0.016255
v 0.024894 1.298245 0.016634
v 0.024898 1.302172 0.016636
v 0.024193 1.306409 0.016165
v 0.022553 1.310925 0.015070
v 0.019662 1.315584 0.013138
v 0.015119 1.320051 0.010102
v 0.008529 1.323635 0.005699
v -0.000136 1.325132 -0.000091
v 0.000000 0.000000 -0.000000
v 0.003430 0.000048 0.001421
v 0.013006 0.000182 0.005387
v 0.027659 0.000383 0.011457
v 0.046320 0.000636 0.019187
v 0.067921 0.000923 0.028134
v 0.091392 0.001227 0.037856
v 0.115664 0.001531 0.047909
v 0.139667 0.001817 0.057852
v 0.162334 0.002070 0.067241
v 0.182594 0.002272 0.075633
v 0.199379 0.002405 0.082585
v 0.211619 0.002454 0.087655
v 0.216307 0.002644 0.089597
v 0.220741 0.003188 0.091434
v 0.224890 0.004041 0.093153
v 0.228727 0.005162 0.094742
v 0.232222 0.006508 0.096189
v 0.235345 0.008037 0.097483
v 0.238068 0.009705 0.098611
v 0.240361 0.011471 0.099561
v 0.242196 0.013291 0.100321
v 0.243542 0.015124 0.100878
v 0.244371 0.016926 0.101222
v 0.244654 0.018656 0.101339
v 0.244654 0.020964 0.101339
v 0.244654 0.023336 0.101339
v 0.244654 0.025753 0.101339
v 0.244654 0.028199 0.101339
v 0.244654 0.030655 0.101339
v 0.244654 0.033102 0.101339
v 0.244654 0.035524 0.101339
v 0.244654 0.037902 0.101339
v 0.244654 0.040219 0.101339
v 0.244654 0.042455 0.101339
v 0.244654 0.044595 0.101339
v 0.244654 0.046618 0.101339
v 0.243907 0.050082 0.101030
v 0.241842 0.052730 0.100174
v 0.238721 0.054708 0.098881
v 0.234807 0.056159 0.097260
v 0.230363 0.057229 0.095420
v 0.225653 0.058064 0.093469
v 0.220939 0.058808 0.091516
v 0.216485 0.059607 0.089671
v 0.212553 0.060605 0.088042
v 0.209405 0.061948 0.086739
v 0.207306 0.063780 0.085869
v 0.206518 0.066247 0.085543
v 0.207293 0.069016 0.085864
v 0.209516 0.071743 0.086784
v 0.212897 0.074554 0.088185
v 0.217148 0.077580 0.089946
v 0.221982 0.080946 0.091948
v 0.227109 0.084783 0.094072
v 0.232242 0.089216 0.096198
v 0.237092 0.094376 0.098207
v 0.241370 0.100388 0.099979
v 0.244788 0.107383 0.101395
v 0.247059 0.115486 0.102335
v 0.247893 0.124827 0.102681
v 0.246241 0.139243 0.101996
v 0.241620 0.152379 0.100082
v 0.234621 0.164476 0.097183
v 0.225835 0.175773 0.093544
v 0.215852 0.186513 0.089409
v 0.205264 0.196936 0.085023
v 0.194661 0.207283 0.080631
v 0.184634 0.217794 0.076478
v 0.175774 0.228712 0.072808
v 0.168672 0.240275 0.069866
v 0.163919 0.252726 0.067898
v 0.162106 0.266305 0.067146
v 0.162009 0.274480 0.067106
v 0.161849 0.281270 0.067040
v 0.161547 0.286803 0.066915
v 0.161023 0.291207 0.066698
v 0.160196 0.294610 0.066355
v 0.158988 0.297141 0.065855
v 0.157317 0.298928 0.065163
v 0.155105 0.300098 0.064247
v 0.152272 0.300781 0.063073
v 0.148737 0.301104 0.061609
v 0.144421 0.301196 0.059821
v 0.139244 0.301184 0.057677
v 0.134161 0.305815 0.055571
v 0.126492 0.319185 0.052395
v 0.117087 0.340472 0.048499
v 0.106795 0.368852 0.044236
v 0.096464 0.403503 0.039957
v 0.086943 0.443603 0.036013
v 0.079082 0.488329 0.032757
v 0.073727 0.536858 0.030539
v 0.071729 0.588367 0.029711
v 0.073937 0.642034 0.030626
v 0.081197 0.697036 0.033633
v 0.094361 0.752551 0.039086
v 0.097443 0.752551 0.040362
v 0.100976 0.752551 0.041826
v 0.104851 0.752551 0.043430
v 0.108955 0.752551 0.045131
v 0.113180 0.752551 0.046881
v 0.117413 0.752551 0.048634
v 0.121544 0.752551 0.050345
v 0.125463 0.752551 0.051968
v 0.129058 0.752551 0.053458
v 0.132219 0.752551 0.054767
v 0.134836 0.752551 0.055851
v 0.136796 0.752551 0.056663
v 0.141864 0.753416 0.058762
v 0.146011 0.755810 0.060480
v 0.149236 0.759425 0.061815
v 0.151539 0.763957 0.062770
v 0.152922 0.769100 0.063342
v 0.153382 0.774549 0.063533
v 0.152922 0.779997 0.063342
v 0.151539 0.785140 0.062770
v 0.149236 0.789672 0.061815
v 0.146011 0.793288 0.060480
v 0.141864 0.795681 0.058762
v 0.136796 0.796547 0.056663
v 0.134492 0.796547 0.055708
v 0.133068 0.796547 0.055119
v 0.132302 0.796547 0.054801
v 0.131972 0.796547 0.054665
v 0.131855 0.796547 0.054616
v 0.131727 0.796547 0.054563
v 0.131368 0.796547 0.054414
v 0.130553 0.796547 0.054077
v 0.129061 0.796547 0.053459
v 0.126668 0.796547 0.052468
v 0.123153 0.796547 0.051011
v 0.118292 0.796547 0.048998
v 0.118292 0.798902 0.048998
v 0.118292 0.800555 0.048998
v 0.118292 0.801728 0.048998
v 0.118292 0.802646 0.048998
v 0.118292 0.803533 0.048998
v 0.118292 0.804614 0.048998
v 0.118292 0.806112 0.048998
v 0.118292 0.808251 0.048998
v 0.118292 0.811255 0.048998
v 0.118292 0.815350 0.048998
v 0.118292 0.820757 0.048998
v 0.118292 0.827703 0.048998
v 0.115572 0.827703 0.047871
v 0.112865 0.827703 0.046750
v 0.110161 0.827703 0.045630
v 0.107455 0.827703 0.044509
v 0.104737 0.827703 0.043384
v 0.102001 0.827703 0.042250
v 0.099239 0.827703 0.041106
v 0.096442 0.827703 0.039948
v 0.093604 0.827703 0.038772
v 0.090716 0.827703 0.037576
v 0.087772 0.827703 0.036356
v 0.084762 0.827703 0.035110
v 0.084777 0.831154 0.035116
v 0.084818 0.835791 0.035133
v 0.084881 0.841385 0.035159
v 0.084959 0.847708 0.035191
v 0.085048 0.854532 0.035228
v 0.085142 0.861626 0.035267
v 0.085236 0.868763 0.035306
v 0.085324 0.875715 0.035342
v 0.085403 0.882252 0.035375
v 0.085465 0.888146 0.035401
v 0.085506 0.893168 0.035418
v 0.085521 0.897090 0.035424
v 0.089549 0.897411 0.037093
v 0.092770 0.898299 0.038426
v 0.095213 0.899641 0.039438
v 0.096910 0.901323 0.040141
v 0.097891 0.903232 0.040548
v 0.098188 0.905254 0.040671
v 0.097831 0.907277 0.040523
v 0.096851 0.909185 0.040117
v 0.095279 0.910867 0.039466
v 0.093146 0.912209 0.038582
v 0.090483 0.913098 0.037479
v 0.087320 0.913419 0.036169
v 0.091465 0.925694 0.037886
v 0.099595 0.943311 0.041253
v 0.109973 0.965621 0.045552
v 0.120867 0.991974 0.050064
v 0.130539 1.021722 0.054071
v 0.137254 1.054214 0.056853
v 0.139279 1.088800 0.057691
v 0.134877 1.124832 0.055868
v 0.122313 1.161659 0.050664
v 0.099852 1.198633 0.041360
v 0.018298 1.270420 0.007579
v 0.018378 1.281574 0.007612
v 0.021707 1.284720 0.008991
v 0.024115 1.287911 0.009989
v 0.025852 1.291181 0.010708
v 0.027031 1.294601 0.011196
v 0.027661 1.298245 0.011458
v 0.027665 1.302172 0.011459
v 0.026882 1.306409 0.011135
v 0.025060 1.310925 0.010380
v 0.021847 1.315584 0.009049
v 0.016799 1.320051 0.006958
v 0.009477 1.323635 0.003925
v -0.000151 1.325132 -0.000063
v 0.000000 0.000000 -0.000000
v 0.003641 0.000048 0.000724
v 0.013807 0.000182 0.002746
v 0.029362 0.000383 0.005841
v 0.049173 0.000636 0.009781
v 0.072105 0.000923 0.014343
v 0.097021 0.001227 0.019299
v 0.122788 0.001531 0.024424
v 0.148270 0.001817 0.029493
v 0.172332 0.002070 0.034279
v 0.193841 0.002272 0.038557
v 0.211659 0.002405 0.042102
v 0.224653 0.002454 0.044686
v 0.229630 0.002644 0.045676
v 0.234337 0.003188 0.046613
v 0.238742 0.004041 0.047489
v 0.242816 0.005162 0.048299
v 0.246525 0.006508 0.049037
v 0.249841 0.008037 0.049696
v 0.252732 0.009705 0.050271
v 0.255166 0.011471 0.050756
v 0.257114 0.013291 0.051143
v 0.258543 0.015124 0.051427
v 0.259423 0.016926 0.051602
v 0.259723 0.018656 0.051662
v 0.259723 0.020964 0.051662
v 0.259723 0.023336 0.051662
v 0.259723 0.025753 0.051662
v 0.259723 0.028199 0.051662
v 0.259723 0.030655 0.051662
v 0.259723 0.033102 0.051662
v 0.259723 0.035524 0.051662
v 0.259723 0.037902 0.051662
v 0.259723 0.040219 0.051662
v 0.259723 0.042455 0.051662
v 0.259723 0.044595 0.051662
v 0.259723 0.046618 0.051662
v 0.258931 0.050082 0.051504
v 0.256738 0.052730 0.051068
v 0.253424 0.054708 0.050409
v 0.249270 0.056159 0.049583
v 0.244552 0.057229 0.048644
v 0.239552 0.058064 0.047650
v 0.234548 0.058808 0.046654
v 0.229819 0.059607 0.045714
v 0.225645 0.060605 0.044883
v 0.222304 0.061948 0.044219
v 0.220075 0.063780 0.043776
v 0.219239 0.066247 0.043609
v 0.220062 0.069016 0.043773
v 0.222421 0.071743 0.044242
v 0.226010 0.074554 0.044956
v 0.230523 0.077580 0.045854
v 0.235655 0.080946 0.046875
v 0.241098 0.084783 0.047957
v 0.246547 0.089216 0.049041
v 0.251695 0.094376 0.050065
v 0.256237 0.100388 0.050969
v 0.259866 0.107383 0.051691
v 0.262276 0.115486 0.052170
v 0.263162 0.124827 0.052346
v 0.261408 0.139243 0.051997
v 0.256503 0.152379 0.051022
v 0.249073 0.164476 0.049544
v 0.239745 0.175773 0.047688
v 0.229148 0.186513 0.045580
v 0.217907 0.196936 0.043344
v 0.206651 0.207283 0.041105
v 0.196007 0.217794 0.038988
v 0.186601 0.228712 0.037117
v 0.179062 0.240275 0.035618
v 0.174016 0.252726 0.034614
v 0.172090 0.266305 0.034231
v 0.171988 0.274480 0.034210
v 0.171818 0.281270 0.034177
v 0.171498 0.286803 0.034113
v 0.170941 0.291207 0.034002
v 0.170063 0.294610 0.033828
v 0.168780 0.297141 0.033572
v 0.167007 0.298928 0.033220
v 0.164659 0.300098 0.032753
v 0.161651 0.300781 0.032154
v 0.157898 0.301104 0.031408
v 0.153317 0.301196 0.030497
v 0.147821 0.301184 0.029403
v 0.142424 0.305815 0.028330
v 0.134283 0.319185 0.026711
v 0.124299 0.340472 0.024725
v 0.113373 0.368852 0.022551
v 0.102406 0.403503 0.020370
v 0.092299 0.443603 0.018359
v 0.083953 0.488329 0.016699
v 0.078269 0.536858 0.015569
v 0.076148 0.588367 0.015147
v 0.078491 0.642034 0.015613
v 0.086199 0.697036 0.017146
v 0.100173 0.752551 0.019926
v 0.103444 0.752551 0.020576
v 0.107196 0.752551 0.021322
v 0.111309 0.752551 0.022141
v 0.115666 0.752551 0.023007
v 0.120151 0.752551 0.023899
v 0.124645 0.752551 0.024793
v 0.129031 0.752551 0.025666
v 0.133191 0.752551 0.026493
v 0.137007 0.752551 0.027252
v 0.140363 0.752551 0.027920
v 0.143141 0.752551 0.028472
v 0.145222 0.752551 0.028886
v 0.150602 0.753416 0.029957
v 0.155004 0.755810 0.030832
v 0.158428 0.759425 0.031513
v 0.160873 0.763957 0.032000
v 0.162341 0.769100 0.032292
v 0.162830 0.774549 0.032389
v 0.162341 0.779997 0.032292
v 0.160873 0.785140 0.032000
v 0.158428 0.789672 0.031513
v 0.155004 0.793288 0.030832
v 0.150602 0.795681 0.029957
v 0.145222 0.796547 0.028886
v 0.142776 0.796547 0.028400
v 0.141264 0.796547 0.028099
v 0.140452 0.796547 0.027937
v 0.140101 0.796547 0.027868
v 0.139976 0.796547 0.027843
v 0.139841 0.796547 0.027816
v 0.139459 0.796547 0.027740
v 0.138594 0.796547 0.027568
v 0.137010 0.796547 0.027253
v 0.134470 0.796547 0.026748
v 0.130738 0.796547 0.026005
v 0.125578 0.796547 0.024979
v 0.125578 0.798902 0.024979
v 0.125578 0.800555 0.024979
v 0.125578 0.801728 0.024979
v 0.125578 0.802646 0.024979
v 0.125578 0.803533 0.024979
v 0.125578 0.804614 0.024979
v 0.125578 0.806112 0.024979
v 0.125578 0.808251 0.024979
v 0.125578 0.811255 0.024979
v 0.125578 0.815350 0.024979
v 0.125578 0.820757 0.024979
v 0.125578 0.827703 0.024979
v 0.122691 0.827703 0.024405
v 0.119816 0.827703 0.023833
v 0.116947 0.827703 0.023262
v 0.114074 0.827703 0.022691
v 0.111189 0.827703 0.022117
v 0.108284 0.827703 0.021539
v 0.105351 0.827703 0.020956
v 0.102383 0.827703 0.020365
v 0.099370 0.827703 0.019766
v 0.096304 0.827703 0.019156
v 0.093178 0.827703 0.018534
v 0.089983 0.827703 0.017899
v 0.089999 0.831154 0.017902
v 0.090043 0.835791 0.017911
v 0.090109 0.841385 0.017924
v 0.090192 0.847708 0.017940
v 0.090286 0.854532 0.017959
v 0.090386 0.861626 0.017979
v 0.090486 0.868763 0.017999
v 0.090580 0.875715 0.018017
v 0.090663 0.882252 0.018034
v 0.090729 0.888146 0.018047
v 0.090773 0.893168 0.018056
v 0.090789 0.897090 0.018059
v 0.095065 0.897411 0.018910
v 0.098484 0.898299 0.019590
v 0.101077 0.899641 0.020105
v 0.102879 0.901323 0.020464
v 0.103920 0.903232 0.020671
v 0.104236 0.905254 0.020734
v 0.103857 0.907277 0.020658
v 0.102817 0.909185 0.020451
v 0.101148 0.910867 0.020120
v 0.098884 0.912209 0.019669
v 0.096056 0.913098 0.019107
v 0.092699 0.913419 0.018439
v 0.097099 0.925694 0.019314
v 0.105729 0.943311 0.021031
v 0.116747 0.965621 0.023222
v 0.128311 0.991974 0.025523
v 0.138579 1.021722 0.027565
v 0.145709 1.054214 0.028983
v 0.147858 1.088800 0.029411
v 0.143185 1.124832 0.028481
v 0.129847 1.161659 0.025828
v 0.106002 1.198633 0.021085
v 0.019425 1.270420 0.003864
v 0.019510 1.281574 0.003881
v 0.023044 1.284720 0.004584
v 0.025600 1.287911 0.005092
v 0.027444 1.291181 0.005459
v 0.028696 1.294601 0.005708
v 0.029365 1.298245 0.005841
v 0.029369 1.302172 0.005842
v 0.028538 1.306409 0.005676
v 0.026604 1.310925 0.005292
v 0.023193 1.315584 0.004613
v 0.017834 1.320050 0.003547
v 0.010061 1.323635 0.002001
v -0.000161 1.325132 -0.000032
v 0.043578 1.257286 -0.000000
v 0.042740 1.257286 -0.008502
v 0.040261 1.257286 -0.016677
v 0.036234 1.257286 -0.024211
v 0.030814 1.257286 -0.030814
v 0.024211 1.257286 -0.036234
v 0.016677 1.257286 -0.040261
v 0.008502 1.257286 -0.042740
v 0.000000 1.257286 -0.043578
v -0.008501 1.257286 -0.042741
v -0.016676 1.257286 -0.040261
v -0.024210 1.257286 -0.036234
v -0.030814 1.257286 -0.030814
v -0.036233 1.257286 -0.024211
v -0.040260 1.257286 -0.016677
v -0.042740 1.257286 -0.008502
v -0.043578 1.257286 -0.000000
v -0.042740 1.257286 0.008501
v -0.040261 1.257286 0.016676
v -0.036234 1.257286 0.024210
v -0.030814 1.257286 0.030814
v -0.024211 1.257286 0.036233
v -0.016677 1.257286 0.040260
v -0.008502 1.257286 0.042740
v -0.000000 1.257286 0.043578
v 0.008502 1.257286 0.042740
v 0.016676 1.257286 0.040260
v 0.024210 1.257286 0.036233
v 0.030814 1.257286 0.030814
v 0.036233 1.257286 0.024210
v 0.040261 1.257286 0.016676
v 0.042740 1.257286 0.008502
v -0.010207 1.038890 0.144130
v -0.010207 1.038890 -0.144130
v -0.007211 1.037892 0.144201
v -0.007211 1.037892 -0.144202
v -0.019352 1.042883 0.144122
v -0.019352 1.042883 -0.144122
v -0.022121 1.044402 0.144189
v -0.022121 1.044402 -0.144189
v -0.004102 1.037453 0.144409
v -0.004102 1.037453 -0.144409
v -0.029008 1.054269 0.145705
v -0.029008 1.054269 -0.145705
v -0.028212 1.062884 0.146334
v -0.028212 1.062884 -0.146334
v -0.029046 1.060230 -0.146083
v 0.043729 1.227658 -0.065445
v 0.036517 1.211139 -0.088161
v 0.031057 1.198633 -0.102978
v 0.023350 1.180980 -0.117387
v 0.014914 1.161659 -0.130922
v 0.000000 1.127500 -0.145004
v -0.001165 1.124832 -0.145875
v -0.016897 1.088800 -0.149090
v -0.028990 1.054214 0.145706
v -0.028968 1.054148 0.145694
v -0.028990 1.054214 -0.145707
v -0.028982 1.054189 -0.145703
v -0.029082 1.060116 0.146068
v -0.029082 1.060116 -0.146068
v 0.007096 1.041295 0.144974
v 0.007096 1.041295 -0.144974
v 0.077129 1.198633 0.075563
v 0.053188 1.143797 0.128407
v 0.060987 1.161659 0.116795
v 0.044908 1.124832 0.138202
v 0.029398 1.089308 0.147792
v 0.029176 1.088800 0.147881
v 0.014075 1.054214 0.147177
v 0.010485 1.045989 0.145690
v 0.076787 1.197850 0.076787
v 0.067828 1.177329 0.101512
v 0.014075 1.054214 -0.147177
v 0.010485 1.045989 -0.145691
v -0.024556 1.046383 0.144393
v -0.024556 1.046383 -0.144393
v -0.028067 1.051413 0.145172
v -0.028067 1.051413 -0.145172
v 0.081480 1.208598 0.054443
v 0.084363 1.215201 0.034944
v 0.085951 1.218838 0.017097
v 0.086458 1.220000 -0.000000
v 0.085951 1.218838 -0.017097
v 0.084363 1.215201 -0.034944
v 0.081480 1.208598 -0.054443
v 0.077129 1.198633 -0.075563
v 0.076787 1.197850 -0.076788
v 0.067828 1.177329 -0.101512
v 0.060987 1.161659 -0.116795
v 0.053188 1.143797 -0.128407
v 0.044908 1.124832 -0.138202
v 0.029176 1.088800 -0.147881
v 0.029398 1.089308 -0.147792
v 0.009046 1.043469 0.145268
v 0.009046 1.043469 -0.145269
v -0.001001 1.037590 0.144745
v -0.001001 1.037590 -0.144746
v 0.000000 1.037828 -0.144897
v 0.001974 1.038297 0.144808
v 0.001974 1.038297 -0.144808
v -0.000000 1.037828 0.144897
v -0.026564 1.048750 0.144725
v -0.026564 1.048750 -0.144725
v -0.029057 1.060194 0.146080
v 0.050601 1.243397 0.033811
v 0.036517 1.211139 0.088160
v 0.031057 1.198633 0.102977
v 0.043729 1.227658 0.065445
v 0.046980 1.235103 0.053079
v 0.048091 1.237648 0.048091
v 0.052149 1.246943 0.021601
v 0.052996 1.248882 0.010541
v 0.053265 1.249499 -0.000000
v 0.052996 1.248882 -0.010542
v 0.052149 1.246943 -0.021601
v 0.046980 1.235103 -0.053079
v 0.050601 1.243397 -0.033811
v 0.048091 1.237648 -0.048091
v 0.014914 1.161659 0.130921
v -0.000000 1.127500 0.145004
v -0.001165 1.124832 0.145875
v -0.016897 1.088800 0.149090
v 0.023350 1.180980 0.117386
v 0.004708 1.039548 0.144818
v 0.004708 1.039548 -0.144819
v -0.029351 1.057207 0.145794
v -0.029351 1.057207 -0.145794
vn -0.0000 -0.0000 1.0000
vn -0.1951 -0.0000 0.9808
vn -0.3827 -0.0000 0.9239
vn -0.5556 -0.0000 0.8315
vn -0.7071 -0.0000 0.7071
vn -0.8315 -0.0000 0.5556
vn -0.9239 -0.0000 0.3827
vn -0.9808 -0.0000 0.1951
vn -1.0000 -0.0000 -0.0000
vn -0.9808 -0.0000 -0.1951
vn -0.9239 -0.0000 -0.3827
vn -0.8315 -0.0000 -0.5556
vn -0.7071 -0.0000 -0.7071
vn -0.5556 -0.0000 -0.8315
vn -0.3827 -0.0000 -0.9239
vn -0.1951 -0.0000 -0.9808
vn -0.0000 -0.0000 -1.0000
vn 0.1951 -0.0000 -0.9808
vn 0.3827 -0.0000 -0.9239
vn 0.5556 -0.0000 -0.8315
vn 0.7071 -0.0000 -0.7071
vn 0.8315 -0.0000 -0.5556
vn 0.9239 -0.0000 -0.3827
vn 0.9808 -0.0000 -0.1951
vn 1.0000 -0.0000 -0.0000
vn 0.9808 -0.0000 0.1951
vn 0.9239 -0.0000 0.3827
vn 0.8315 -0.0000 0.5556
vn 0.7071 -0.0000 0.7071
vn 0.5556 -0.0000 0.8315
vn 0.3827 -0.0000 0.9239
vn -0.0000 -1.0000 -0.0000
vn 0.1951 -0.0000 0.9808
vn 0.0130 -0.9999 -0.0000
vn 0.0127 -0.9999 -0.0025
vn 0.0129 -0.9999 -0.0000
vn 0.0120 -0.9999 -0.0050
vn 0.0119 -0.9999 -0.0049
vn 0.0108 -0.9999 -0.0072
vn 0.0107 -0.9999 -0.0072
vn 0.0092 -0.9999 -0.0092
vn 0.0091 -0.9999 -0.0091
vn 0.0072 -0.9999 -0.0108
vn 0.0072 -0.9999 -0.0107
vn 0.0050 -0.9999 -0.0120
vn 0.0049 -0.9999 -0.0119
vn 0.0025 -0.9999 -0.0127
vn -0.0000 -0.9999 -0.0130
vn -0.0000 -0.9999 -0.0129
vn -0.0025 -0.9999 -0.0127
vn -0.0050 -0.9999 -0.0120
vn -0.0049 -0.9999 -0.0119
vn -0.0072 -0.9999 -0.0108
vn -0.0072 -0.9999 -0.0107
vn -0.0092 -0.9999 -0.0092
vn -0.0091 -0.9999 -0.0091
vn -0.0108 -0.9999 -0.0072
vn -0.0107 -0.9999 -0.0072
vn -0.0120 -0.9999 -0.0050
vn -0.0119 -0.9999 -0.0049
vn -0.0127 -0.9999 -0.0025
vn -0.0130 -0.9999 -0.0000
vn -0.0129 -0.9999 -0.0000
vn -0.0127 -0.9999 0.0025
vn -0.0120 -0.9999 0.0050
vn -0.0119 -0.9999 0.0049
vn -0.0108 -0.9999 0.0072
vn -0.0107 -0.9999 0.0072
vn -0.0092 -0.9999 0.0092
vn -0.0091 -0.9999 0.0091
vn -0.0072 -0.9999 0.0108
vn -0.0072 -0.9999 0.0107
vn -0.0050 -0.9999 0.0120
vn -0.0049 -0.9999 0.0119
vn -0.0025 -0.9999 0.0127
vn -0.0000 -0.9999 0.0130
vn -0.0000 -0.9999 0.0129
vn 0.0025 -0.9999 0.0127
vn 0.0050 -0.9999 0.0120
vn 0.0049 -0.9999 0.0119
vn 0.0072 -0.9999 0.0108
vn 0.0072 -0.9999 0.0107
vn 0.0092 -0.9999 0.0092
vn 0.0091 -0.9999 0.0091
vn 0.0108 -0.9999 0.0072
vn 0.0107 -0.9999 0.0072
vn 0.0120 -0.9999 0.0050
vn 0.0119 -0.9999 0.0049
vn 0.0127 -0.9999 0.0025
vn 0.0125 -0.9999 -0.0025
vn 0.0128 -0.9999 -0.0000
vn 0.0118 -0.9999 -0.0049
vn 0.0106 -0.9999 -0.0071
vn 0.0090 -0.9999 -0.0090
vn 0.0071 -0.9999 -0.0106
vn 0.0049 -0.9999 -0.0118
vn 0.0025 -0.9999 -0.0125
vn -0.0000 -0.9999 -0.0128
vn -0.0025 -0.9999 -0.0125
vn -0.0049 -0.9999 -0.0118
vn -0.0071 -0.9999 -0.0106
vn -0.0090 -0.9999 -0.0090
vn -0.0106 -0.9999 -0.0071
vn -0.0118 -0.9999 -0.0049
vn -0.0125 -0.9999 -0.0025
vn -0.0128 -0.9999 -0.0000
vn -0.0125 -0.9999 0.0025
vn -0.0118 -0.9999 0.0049
vn -0.0106 -0.9999 0.0071
vn -0.0090 -0.9999 0.0090
vn -0.0071 -0.9999 0.0106
vn -0.0049 -0.9999 0.0118
vn -0.0025 -0.9999 0.0125
vn -0.0000 -0.9999 0.0128
vn 0.0025 -0.9999 0.0125
vn 0.0049 -0.9999 0.0118
vn 0.0071 -0.9999 0.0106
vn 0.0090 -0.9999 0.0090
vn 0.0106 -0.9999 0.0071
vn 0.0118 -0.9999 0.0049
vn 0.0125 -0.9999 0.0025
vn 0.0124 -0.9999 -0.0025
vn 0.0126 -0.9999 -0.0000
vn 0.0116 -0.9999 -0.0048
vn 0.0105 -0.9999 -0.0070
vn 0.0089 -0.9999 -0.0089
vn 0.0070 -0.9999 -0.0105
vn 0.0048 -0.9999 -0.0116
vn 0.0025 -0.9999 -0.0124
vn -0.0000 -0.9999 -0.0126
vn -0.0025 -0.9999 -0.0124
vn -0.0048 -0.9999 -0.0116
vn -0.0070 -0.9999 -0.0105
vn -0.0089 -0.9999 -0.0089
vn -0.0105 -0.9999 -0.0070
vn -0.0116 -0.9999 -0.0048
vn -0.0124 -0.9999 -0.0025
vn -0.0126 -0.9999 -0.0000
vn -0.0124 -0.9999 0.0025
vn -0.0116 -0.9999 0.0048
vn -0.0105 -0.9999 0.0070
vn -0.0089 -0.9999 0.0089
vn -0.0070 -0.9999 0.0105
vn -0.0048 -0.9999 0.0116
vn -0.0025 -0.9999 0.0124
vn -0.0000 -0.9999 0.0126
vn 0.0025 -0.9999 0.0124
vn 0.0048 -0.9999 0.0116
vn 0.0070 -0.9999 0.0105
vn 0.0089 -0.9999 0.0089
vn 0.0105 -0.9999 0.0070
vn 0.0116 -0.9999 0.0048
vn 0.0124 -0.9999 0.0025
vn 0.0121 -0.9999 -0.0024
vn 0.0124 -0.9999 -0.0000
vn 0.0114 -0.9999 -0.0047
vn 0.0103 -0.9999 -0.0069
vn 0.0088 -0.9999 -0.0088
vn 0.0069 -0.9999 -0.0103
vn 0.0047 -0.9999 -0.0114
vn 0.0024 -0.9999 -0.0121
vn -0.0000 -0.9999 -0.0124
vn -0.0024 -0.9999 -0.0121
vn -0.0047 -0.9999 -0.0114
vn -0.0069 -0.9999 -0.0103
vn -0.0088 -0.9999 -0.0088
vn -0.0103 -0.9999 -0.0069
vn -0.0114 -0.9999 -0.0047
vn -0.0121 -0.9999 -0.0024
vn -0.0124 -0.9999 -0.0000
vn -0.0121 -0.9999 0.0024
vn -0.0114 -0.9999 0.0047
vn -0.0103 -0.9999 0.0069
vn -0.0088 -0.9999 0.0088
vn -0.0069 -0.9999 0.0103
vn -0.0047 -0.9999 0.0114
vn -0.0024 -0.9999 0.0121
vn -0.0000 -0.9999 0.0124
vn 0.0024 -0.9999 0.0121
vn 0.0047 -0.9999 0.0114
vn 0.0069 -0.9999 0.0103
vn 0.0088 -0.9999 0.0088
vn 0.0103 -0.9999 0.0069
vn 0.0114 -0.9999 0.0047
vn 0.0121 -0.9999 0.0024
vn 0.0119 -0.9999 -0.0024
vn 0.0121 -0.9999 -0.0000
vn 0.0112 -0.9999 -0.0046
vn 0.0101 -0.9999 -0.0067
vn 0.0086 -0.9999 -0.0086
vn 0.0067 -0.9999 -0.0101
vn 0.0046 -0.9999 -0.0112
vn 0.0024 -0.9999 -0.0119
vn -0.0000 -0.9999 -0.0121
vn -0.0024 -0.9999 -0.0119
vn -0.0046 -0.9999 -0.0112
vn -0.0067 -0.9999 -0.0101
vn -0.0086 -0.9999 -0.0086
vn -0.0101 -0.9999 -0.0067
vn -0.0112 -0.9999 -0.0046
vn -0.0119 -0.9999 -0.0024
vn -0.0121 -0.9999 -0.0000
vn -0.0119 -0.9999 0.0024
vn -0.0112 -0.9999 0.0046
vn -0.0101 -0.9999 0.0067
vn -0.0086 -0.9999 0.0086
vn -0.0067 -0.9999 0.0101
vn -0.0046 -0.9999 0.0112
vn -0.0024 -0.9999 0.0119
vn -0.0000 -0.9999 0.0121
vn 0.0024 -0.9999 0.0119
vn 0.0046 -0.9999 0.0112
vn 0.0067 -0.9999 0.0101
vn 0.0086 -0.9999 0.0086
vn 0.0101 -0.9999 0.0067
vn 0.0112 -0.9999 0.0046
vn 0.0119 -0.9999 0.0024
vn 0.0115 -0.9999 -0.0023
vn 0.0118 -0.9999 -0.0000
vn 0.0109 -0.9999 -0.0045
vn 0.0098 -0.9999 -0.0065
vn 0.0083 -0.9999 -0.0083
vn 0.0065 -0.9999 -0.0098
vn 0.0045 -0.9999 -0.0109
vn 0.0023 -0.9999 -0.0115
vn -0.0000 -0.9999 -0.0118
vn -0.0023 -0.9999 -0.0115
vn -0.0045 -0.9999 -0.0109
vn -0.0065 -0.9999 -0.0098
vn -0.0083 -0.9999 -0.0083
vn -0.0098 -0.9999 -0.0065
vn -0.0109 -0.9999 -0.0045
vn -0.0115 -0.9999 -0.0023
vn -0.0118 -0.9999 -0.0000
vn -0.0115 -0.9999 0.0023
vn -0.0109 -0.9999 0.0045
vn -0.0098 -0.9999 0.0065
vn -0.0083 -0.9999 0.0083
vn -0.0065 -0.9999 0.0098
vn -0.0045 -0.9999 0.0109
vn -0.0023 -0.9999 0.0115
vn -0.0000 -0.9999 0.0118
vn 0.0023 -0.9999 0.0115
vn 0.0045 -0.9999 0.0109
vn 0.0065 -0.9999 0.0098
vn 0.0083 -0.9999 0.0083
vn 0.0098 -0.9999 0.0065
vn 0.0109 -0.9999 0.0045
vn 0.0115 -0.9999 0.0023
vn 0.0111 -0.9999 -0.0022
vn 0.0113 -0.9999 -0.0000
vn 0.0104 -0.9999 -0.0043
vn 0.0094 -0.9999 -0.0063
vn 0.0080 -0.9999 -0.0080
vn 0.0063 -0.9999 -0.0094
vn 0.0043 -0.9999 -0.0104
vn 0.0022 -0.9999 -0.0111
vn -0.0000 -0.9999 -0.0113
vn -0.0022 -0.9999 -0.0111
vn -0.0043 -0.9999 -0.0104
vn -0.0063 -0.9999 -0.0094
vn -0.0080 -0.9999 -0.0080
vn -0.0094 -0.9999 -0.0063
vn -0.0104 -0.9999 -0.0043
vn -0.0111 -0.9999 -0.0022
vn -0.0113 -0.9999 -0.0000
vn -0.0111 -0.9999 0.0022
vn -0.0104 -0.9999 0.0043
vn -0.0094 -0.9999 0.0063
vn -0.0080 -0.9999 0.0080
vn -0.0063 -0.9999 0.0094
vn -0.0043 -0.9999 0.0104
vn -0.0022 -0.9999 0.0111
vn -0.0000 -0.9999 0.0113
vn 0.0022 -0.9999 0.0111
vn 0.0043 -0.9999 0.0104
vn 0.0063 -0.9999 0.0094
vn 0.0080 -0.9999 0.0080
vn 0.0094 -0.9999 0.0063
vn 0.0104 -0.9999 0.0043
vn 0.0111 -0.9999 0.0022
vn 0.0104 -0.9999 -0.0021
vn 0.0106 -0.9999 -0.0000
vn 0.0098 -0.9999 -0.0041
vn 0.0089 -0.9999 -0.0059
vn 0.0075 -0.9999 -0.0075
vn 0.0059 -0.9999 -0.0089
vn 0.0041 -0.9999 -0.0098
vn 0.0021 -0.9999 -0.0104
vn -0.0000 -0.9999 -0.0106
vn -0.0021 -0.9999 -0.0104
vn -0.0041 -0.9999 -0.0098
vn -0.0059 -0.9999 -0.0089
vn -0.0075 -0.9999 -0.0075
vn -0.0089 -0.9999 -0.0059
vn -0.0098 -0.9999 -0.0041
vn -0.0104 -0.9999 -0.0021
vn -0.0106 -0.9999 -0.0000
vn -0.0104 -0.9999 0.0021
vn -0.0098 -0.9999 0.0041
vn -0.0089 -0.9999 0.0059
vn -0.0075 -0.9999 0.0075
vn -0.0059 -0.9999 0.0089
vn -0.0041 -0.9999 0.0098
vn -0.0021 -0.9999 0.0104
vn -0.0000 -0.9999 0.0106
vn 0.0021 -0.9999 0.0104
vn 0.0041 -0.9999 0.0098
vn 0.0059 -0.9999 0.0089
vn 0.0075 -0.9999 0.0075
vn 0.0089 -0.9999 0.0059
vn 0.0098 -0.9999 0.0041
vn 0.0104 -0.9999 0.0021
vn 0.0095 -1.0000 -0.0019
vn 0.0097 -1.0000 -0.0000
vn 0.0090 -1.0000 -0.0037
vn 0.0081 -1.0000 -0.0054
vn 0.0069 -1.0000 -0.0069
vn 0.0054 -1.0000 -0.0081
vn 0.0037 -1.0000 -0.0090
vn 0.0019 -1.0000 -0.0095
vn -0.0000 -1.0000 -0.0097
vn -0.0019 -1.0000 -0.0095
vn -0.0037 -1.0000 -0.0090
vn -0.0054 -1.0000 -0.0081
vn -0.0069 -1.0000 -0.0069
vn -0.0081 -1.0000 -0.0054
vn -0.0090 -1.0000 -0.0037
vn -0.0095 -1.0000 -0.0019
vn -0.0097 -1.0000 -0.0000
vn -0.0095 -1.0000 0.0019
vn -0.0090 -1.0000 0.0037
vn -0.0081 -1.0000 0.0054
vn -0.0069 -1.0000 0.0069
vn -0.0054 -1.0000 0.0081
vn -0.0037 -1.0000 0.0090
vn -0.0019 -1.0000 0.0095
vn -0.0000 -1.0000 0.0097
vn 0.0019 -1.0000 0.0095
vn 0.0037 -1.0000 0.0090
vn 0.0054 -1.0000 0.0081
vn 0.0069 -1.0000 0.0069
vn 0.0081 -1.0000 0.0054
vn 0.0090 -1.0000 0.0037
vn 0.0095 -1.0000 0.0019
vn 0.0081 -1.0000 -0.0016
vn 0.0082 -1.0000 -0.0000
vn 0.0076 -1.0000 -0.0031
vn 0.0068 -1.0000 -0.0046
vn 0.0058 -1.0000 -0.0058
vn 0.0046 -1.0000 -0.0068
vn 0.0031 -1.0000 -0.0076
vn 0.0016 -1.0000 -0.0081
vn -0.0000 -1.0000 -0.0082
vn -0.0016 -1.0000 -0.0081
vn -0.0031 -1.0000 -0.0076
vn -0.0046 -1.0000 -0.0068
vn -0.0058 -1.0000 -0.0058
vn -0.0068 -1.0000 -0.0046
vn -0.0076 -1.0000 -0.0031
vn -0.0081 -1.0000 -0.0016
vn -0.0082 -1.0000 -0.0000
vn -0.0081 -1.0000 0.0016
vn -0.0076 -1.0000 0.0031
vn -0.0068 -1.0000 0.0046
vn -0.0058 -1.0000 0.0058
vn -0.0046 -1.0000 0.0068
vn -0.0031 -1.0000 0.0076
vn -0.0016 -1.0000 0.0081
vn -0.0000 -1.0000 0.0082
vn 0.0016 -1.0000 0.0081
vn 0.0031 -1.0000 0.0076
vn 0.0046 -1.0000 0.0068
vn 0.0058 -1.0000 0.0058
vn 0.0068 -1.0000 0.0046
vn 0.0076 -1.0000 0.0031
vn 0.0081 -1.0000 0.0016
vn 0.0053 -1.0000 -0.0010
vn 0.0054 -1.0000 -0.0000
vn 0.0050 -1.0000 -0.0021
vn 0.0045 -1.0000 -0.0030
vn 0.0038 -1.0000 -0.0038
vn 0.0030 -1.0000 -0.0045
vn 0.0021 -1.0000 -0.0050
vn 0.0010 -1.0000 -0.0053
vn -0.0000 -1.0000 -0.0054
vn -0.0010 -1.0000 -0.0053
vn -0.0021 -1.0000 -0.0050
vn -0.0030 -1.0000 -0.0045
vn -0.0038 -1.0000 -0.0038
vn -0.0045 -1.0000 -0.0030
vn -0.0050 -1.0000 -0.0021
vn -0.0053 -1.0000 -0.0010
vn -0.0054 -1.0000 -0.0000
vn -0.0053 -1.0000 0.0010
vn -0.0050 -1.0000 0.0021
vn -0.0045 -1.0000 0.0030
vn -0.0038 -1.0000 0.0038
vn -0.0030 -1.0000 0.0045
vn -0.0021 -1.0000 0.0050
vn -0.0010 -1.0000 0.0053
vn -0.0000 -1.0000 0.0054
vn 0.0010 -1.0000 0.0053
vn 0.0021 -1.0000 0.0050
vn 0.0030 -1.0000 0.0045
vn 0.0038 -1.0000 0.0038
vn 0.0045 -1.0000 0.0030
vn 0.0050 -1.0000 0.0021
vn 0.0053 -1.0000 0.0010
vn 0.0212 -0.9998 -0.0042
vn 0.0216 -0.9998 -0.0000
vn 0.0200 -0.9998 -0.0083
vn 0.0180 -0.9998 -0.0120
vn 0.0153 -0.9998 -0.0153
vn 0.0120 -0.9998 -0.0180
vn 0.0083 -0.9998 -0.0200
vn 0.0042 -0.9998 -0.0212
vn -0.0000 -0.9998 -0.0216
vn -0.0042 -0.9998 -0.0212
vn -0.0083 -0.9998 -0.0200
vn -0.0120 -0.9998 -0.0180
vn -0.0153 -0.9998 -0.0153
vn -0.0180 -0.9998 -0.0120
vn -0.0200 -0.9998 -0.0083
vn -0.0212 -0.9998 -0.0042
vn -0.0216 -0.9998 -0.0000
vn -0.0212 -0.9998 0.0042
vn -0.0200 -0.9998 0.0083
vn -0.0180 -0.9998 0.0120
vn -0.0153 -0.9998 0.0153
vn -0.0120 -0.9998 0.0180
vn -0.0083 -0.9998 0.0200
vn -0.0042 -0.9998 0.0212
vn -0.0000 -0.9998 0.0216
vn 0.0042 -0.9998 0.0212
vn 0.0083 -0.9998 0.0200
vn 0.0120 -0.9998 0.0180
vn 0.0153 -0.9998 0.0153
vn 0.0180 -0.9998 0.0120
vn 0.0200 -0.9998 0.0083
vn 0.0212 -0.9998 0.0042
vn 0.0759 -0.9970 -0.0151
vn 0.0774 -0.9970 -0.0000
vn 0.0715 -0.9970 -0.0296
vn 0.0644 -0.9970 -0.0430
vn 0.0547 -0.9970 -0.0547
vn 0.0430 -0.9970 -0.0644
vn 0.0296 -0.9970 -0.0715
vn 0.0151 -0.9970 -0.0759
vn -0.0000 -0.9970 -0.0774
vn -0.0151 -0.9970 -0.0759
vn -0.0296 -0.9970 -0.0715
vn -0.0430 -0.9970 -0.0644
vn -0.0547 -0.9970 -0.0547
vn -0.0644 -0.9970 -0.0430
vn -0.0715 -0.9970 -0.0296
vn -0.0759 -0.9970 -0.0151
vn -0.0774 -0.9970 -0.0000
vn -0.0759 -0.9970 0.0151
vn -0.0715 -0.9970 0.0296
vn -0.0644 -0.9970 0.0430
vn -0.0547 -0.9970 0.0547
vn -0.0430 -0.9970 0.0644
vn -0.0296 -0.9970 0.0715
vn -0.0151 -0.9970 0.0759
vn -0.0000 -0.9970 0.0774
vn 0.0151 -0.9970 0.0759
vn 0.0296 -0.9970 0.0715
vn 0.0430 -0.9970 0.0644
vn 0.0547 -0.9970 0.0547
vn 0.0644 -0.9970 0.0430
vn 0.0715 -0.9970 0.0296
vn 0.0759 -0.9970 0.0151
vn 0.1491 -0.9884 -0.0296
vn 0.1520 -0.9884 -0.0000
vn 0.1404 -0.9884 -0.0582
vn 0.1264 -0.9884 -0.0844
vn 0.1075 -0.9884 -0.1075
vn 0.0844 -0.9884 -0.1264
vn 0.0582 -0.9884 -0.1404
vn 0.0296 -0.9884 -0.1491
vn -0.0000 -0.9884 -0.1520
vn -0.0296 -0.9884 -0.1491
vn -0.0582 -0.9884 -0.1404
vn -0.0844 -0.9884 -0.1264
vn -0.1075 -0.9884 -0.1075
vn -0.1264 -0.9884 -0.0844
vn -0.1404 -0.9884 -0.0582
vn -0.1491 -0.9884 -0.0296
vn -0.1520 -0.9884 -0.0000
vn -0.1491 -0.9884 0.0296
vn -0.1404 -0.9884 0.0582
vn -0.1264 -0.9884 0.0844
vn -0.1075 -0.9884 0.1075
vn -0.0844 -0.9884 0.1264
vn -0.0582 -0.9884 0.1404
vn -0.0296 -0.9884 0.1491
vn -0.0000 -0.9884 0.1520
vn 0.0296 -0.9884 0.1491
vn 0.0582 -0.9884 0.1404
vn 0.0844 -0.9884 0.1264
vn 0.1075 -0.9884 0.1075
vn 0.1264 -0.9884 0.0844
vn 0.1404 -0.9884 0.0582
vn 0.1491 -0.9884 0.0296
vn 0.2217 -0.9741 -0.0441
vn 0.2260 -0.9741 -0.0000
vn 0.2088 -0.9741 -0.0865
vn 0.1880 -0.9741 -0.1256
vn 0.1598 -0.9741 -0.1598
vn 0.1256 -0.9741 -0.1880
vn 0.0865 -0.9741 -0.2088
vn 0.0441 -0.9741 -0.2217
vn -0.0000 -0.9741 -0.2260
vn -0.0441 -0.9741 -0.2217
vn -0.0865 -0.9741 -0.2088
vn -0.1256 -0.9741 -0.1880
vn -0.1598 -0.9741 -0.1598
vn -0.1880 -0.9741 -0.1256
vn -0.2088 -0.9741 -0.0865
vn -0.2217 -0.9741 -0.0441
vn -0.2260 -0.9741 -0.0000
vn -0.2217 -0.9741 0.0441
vn -0.2088 -0.9741 0.0865
vn -0.1880 -0.9741 0.1256
vn -0.1598 -0.9741 0.1598
vn -0.1256 -0.9741 0.1880
vn -0.0865 -0.9741 0.2088
vn -0.0441 -0.9741 0.2217
vn -0.0000 -0.9741 0.2260
vn 0.0441 -0.9741 0.2217
vn 0.0865 -0.9741 0.2088
vn 0.1256 -0.9741 0.1880
vn 0.1598 -0.9741 0.1598
vn 0.1880 -0.9741 0.1256
vn 0.2088 -0.9741 0.0865
vn 0.2217 -0.9741 0.0441
vn 0.2946 -0.9538 -0.0586
vn 0.3004 -0.9538 -0.0000
vn 0.2775 -0.9538 -0.1150
vn 0.2498 -0.9538 -0.1669
vn 0.2124 -0.9538 -0.2124
vn 0.1669 -0.9538 -0.2498
vn 0.1150 -0.9538 -0.2775
vn 0.0586 -0.9538 -0.2946
vn -0.0000 -0.9538 -0.3004
vn -0.0586 -0.9538 -0.2946
vn -0.1150 -0.9538 -0.2775
vn -0.1669 -0.9538 -0.2498
vn -0.2124 -0.9538 -0.2124
vn -0.2498 -0.9538 -0.1669
vn -0.2775 -0.9538 -0.1150
vn -0.2946 -0.9538 -0.0586
vn -0.3004 -0.9538 -0.0000
vn -0.2946 -0.9538 0.0586
vn -0.2775 -0.9538 0.1150
vn -0.2498 -0.9538 0.1669
vn -0.2124 -0.9538 0.2124
vn -0.1669 -0.9538 0.2498
vn -0.1150 -0.9538 0.2775
vn -0.0586 -0.9538 0.2946
vn -0.0000 -0.9538 0.3004
vn 0.0586 -0.9538 0.2946
vn 0.1150 -0.9538 0.2775
vn 0.1669 -0.9538 0.2498
vn 0.2124 -0.9538 0.2124
vn 0.2498 -0.9538 0.1669
vn 0.2775 -0.9538 0.1150
vn 0.2946 -0.9538 0.0586
vn 0.3689 -0.9265 -0.0734
vn 0.3762 -0.9265 -0.0000
vn 0.3475 -0.9265 -0.1440
vn 0.3128 -0.9265 -0.2090
vn 0.2660 -0.9265 -0.2660
vn 0.2090 -0.9265 -0.3128
vn 0.1440 -0.9265 -0.3475
vn 0.0734 -0.9265 -0.3689
vn -0.0000 -0.9265 -0.3762
vn -0.0734 -0.9265 -0.3689
vn -0.1440 -0.9265 -0.3475
vn -0.2090 -0.9265 -0.3128
vn -0.2660 -0.9265 -0.2660
vn -0.3128 -0.9265 -0.2090
vn -0.3475 -0.9265 -0.1440
vn -0.3689 -0.9265 -0.0734
vn -0.3762 -0.9265 -0.0000
vn -0.3689 -0.9265 0.0734
vn -0.3475 -0.9265 0.1440
vn -0.3128 -0.9265 0.2090
vn -0.2660 -0.9265 0.2660
vn -0.2090 -0.9265 0.3128
vn -0.1440 -0.9265 0.3475
vn -0.0734 -0.9265 0.3689
vn -0.0000 -0.9265 0.3762
vn 0.0734 -0.9265 0.3689
vn 0.1440 -0.9265 0.3475
vn 0.2090 -0.9265 0.3128
vn 0.2660 -0.9265 0.2660
vn 0.3128 -0.9265 0.2090
vn 0.3475 -0.9265 0.1440
vn 0.3689 -0.9265 0.0734
vn 0.4463 -0.8905 -0.0888
vn 0.4550 -0.8905 -0.0000
vn 0.4204 -0.8905 -0.1741
vn 0.3783 -0.8905 -0.2528
vn 0.3218 -0.8905 -0.3218
vn 0.2528 -0.8905 -0.3783
vn 0.1741 -0.8905 -0.4204
vn 0.0888 -0.8905 -0.4463
vn -0.0000 -0.8905 -0.4550
vn -0.0888 -0.8905 -0.4463
vn -0.1741 -0.8905 -0.4204
vn -0.2528 -0.8905 -0.3783
vn -0.3218 -0.8905 -0.3218
vn -0.3783 -0.8905 -0.2528
vn -0.4204 -0.8905 -0.1741
vn -0.4463 -0.8905 -0.0888
vn -0.4550 -0.8905 -0.0000
vn -0.4463 -0.8905 0.0888
vn -0.4204 -0.8905 0.1741
vn -0.3783 -0.8905 0.2528
vn -0.3218 -0.8905 0.3218
vn -0.2528 -0.8905 0.3783
vn -0.1741 -0.8905 0.4204
vn -0.0888 -0.8905 0.4463
vn -0.0000 -0.8905 0.4550
vn 0.0888 -0.8905 0.4463
vn 0.1741 -0.8905 0.4204
vn 0.2528 -0.8905 0.3783
vn 0.3218 -0.8905 0.3218
vn 0.3783 -0.8905 0.2528
vn 0.4204 -0.8905 0.1741
vn 0.4463 -0.8905 0.0888
vn 0.5288 -0.8422 -0.1052
vn 0.5392 -0.8422 -0.0000
vn 0.4981 -0.8422 -0.2063
vn 0.4483 -0.8422 -0.2995
vn 0.3812 -0.8422 -0.3812
vn 0.2995 -0.8422 -0.4483
vn 0.2063 -0.8422 -0.4981
vn 0.1052 -0.8422 -0.5288
vn -0.0000 -0.8422 -0.5392
vn -0.1052 -0.8422 -0.5288
vn -0.2063 -0.8422 -0.4981
vn -0.2995 -0.8422 -0.4483
vn -0.3812 -0.8422 -0.3812
vn -0.4483 -0.8422 -0.2995
vn -0.4981 -0.8422 -0.2063
vn -0.5288 -0.8422 -0.1052
vn -0.5392 -0.8422 -0.0000
vn -0.5288 -0.8422 0.1052
vn -0.4981 -0.8422 0.2063
vn -0.4483 -0.8422 0.2995
vn -0.3812 -0.8422 0.3812
vn -0.2995 -0.8422 0.4483
vn -0.2063 -0.8422 0.4981
vn -0.1052 -0.8422 0.5288
vn -0.0000 -0.8422 0.5392
vn 0.1052 -0.8422 0.5288
vn 0.2063 -0.8422 0.4981
vn 0.2995 -0.8422 0.4483
vn 0.3812 -0.8422 0.3812
vn 0.4483 -0.8422 0.2995
vn 0.4981 -0.8422 0.2063
vn 0.5288 -0.8422 0.1052
vn 0.6191 -0.7756 -0.1232
vn 0.6313 -0.7756 -0.0000
vn 0.5832 -0.7756 -0.2416
vn 0.5249 -0.7756 -0.3507
vn 0.4464 -0.7756 -0.4464
vn 0.3507 -0.7756 -0.5249
vn 0.2416 -0.7756 -0.5832
vn 0.1232 -0.7756 -0.6191
vn -0.0000 -0.7756 -0.6313
vn -0.1232 -0.7756 -0.6191
vn -0.2416 -0.7756 -0.5832
vn -0.3507 -0.7756 -0.5249
vn -0.4464 -0.7756 -0.4464
vn -0.5249 -0.7756 -0.3507
vn -0.5832 -0.7756 -0.2416
vn -0.6191 -0.7756 -0.1232
vn -0.6313 -0.7756 -0.0000
vn -0.6191 -0.7756 0.1232
vn -0.5832 -0.7756 0.2416
vn -0.5249 -0.7756 0.3507
vn -0.4464 -0.7756 0.4464
vn -0.3507 -0.7756 0.5249
vn -0.2416 -0.7756 0.5832
vn -0.1232 -0.7756 0.6191
vn -0.0000 -0.7756 0.6313
vn 0.1232 -0.7756 0.6191
vn 0.2416 -0.7756 0.5832
vn 0.3507 -0.7756 0.5249
vn 0.4464 -0.7756 0.4464
vn 0.5249 -0.7756 0.3507
vn 0.5832 -0.7756 0.2416
vn 0.6191 -0.7756 0.1232
vn 0.7197 -0.6794 -0.1432
vn 0.7338 -0.6794 -0.0000
vn 0.6779 -0.6794 -0.2808
vn 0.6101 -0.6794 -0.4077
vn 0.5189 -0.6794 -0.5189
vn 0.4077 -0.6794 -0.6101
vn 0.2808 -0.6794 -0.6779
vn 0.1432 -0.6794 -0.7197
vn -0.0000 -0.6794 -0.7338
vn -0.1432 -0.6794 -0.7197
vn -0.2808 -0.6794 -0.6779
vn -0.4077 -0.6794 -0.6101
vn -0.5189 -0.6794 -0.5189
vn -0.6101 -0.6794 -0.4077
vn -0.6779 -0.6794 -0.2808
vn -0.7197 -0.6794 -0.1432
vn -0.7338 -0.6794 -0.0000
vn -0.7197 -0.6794 0.1432
vn -0.6779 -0.6794 0.2808
vn -0.6101 -0.6794 0.4077
vn -0.5189 -0.6794 0.5189
vn -0.4077 -0.6794 0.6101
vn -0.2808 -0.6794 0.6779
vn -0.1432 -0.6794 0.7197
vn -0.0000 -0.6794 0.7338
vn 0.1432 -0.6794 0.7197
vn 0.2808 -0.6794 0.6779
vn 0.4077 -0.6794 0.6101
vn 0.5189 -0.6794 0.5189
vn 0.6101 -0.6794 0.4077
vn 0.6779 -0.6794 0.2808
vn 0.7197 -0.6794 0.1432
vn 0.8292 -0.5341 -0.1649
vn 0.8454 -0.5341 -0.0000
vn 0.7811 -0.5341 -0.3235
vn 0.7029 -0.5341 -0.4697
vn 0.5978 -0.5341 -0.5978
vn 0.4697 -0.5341 -0.7029
vn 0.3235 -0.5341 -0.7811
vn 0.1649 -0.5341 -0.8292
vn -0.0000 -0.5341 -0.8454
vn -0.1649 -0.5341 -0.8292
vn -0.3235 -0.5341 -0.7811
vn -0.4697 -0.5341 -0.7029
vn -0.5978 -0.5341 -0.5978
vn -0.7029 -0.5341 -0.4697
vn -0.7811 -0.5341 -0.3235
vn -0.8292 -0.5341 -0.1649
vn -0.8454 -0.5341 -0.0000
vn -0.8292 -0.5341 0.1649
vn -0.7811 -0.5341 0.3235
vn -0.7030 -0.5341 0.4697
vn -0.5978 -0.5341 0.5978
vn -0.4697 -0.5341 0.7030
vn -0.3235 -0.5341 0.7811
vn -0.1649 -0.5341 0.8292
vn -0.0000 -0.5341 0.8454
vn 0.1649 -0.5341 0.8292
vn 0.3235 -0.5341 0.7811
vn 0.4697 -0.5341 0.7029
vn 0.5978 -0.5341 0.5978
vn 0.7029 -0.5341 0.4697
vn 0.7811 -0.5341 0.3235
vn 0.8292 -0.5341 0.1649
vn 0.9323 -0.3106 -0.1854
vn 0.9505 -0.3107 -0.0000
vn 0.8782 -0.3106 -0.3638
vn 0.7903 -0.3106 -0.5281
vn 0.6721 -0.3106 -0.6721
vn 0.5281 -0.3107 -0.7903
vn 0.3637 -0.3107 -0.8782
vn 0.1854 -0.3106 -0.9323
vn -0.0000 -0.3106 -0.9505
vn -0.1854 -0.3106 -0.9323
vn -0.3638 -0.3106 -0.8782
vn -0.5281 -0.3106 -0.7903
vn -0.6721 -0.3106 -0.6721
vn -0.7903 -0.3106 -0.5281
vn -0.8782 -0.3106 -0.3638
vn -0.9323 -0.3106 -0.1854
vn -0.9505 -0.3106 -0.0000
vn -0.9323 -0.3106 0.1854
vn -0.8782 -0.3106 0.3638
vn -0.7903 -0.3106 0.5281
vn -0.6721 -0.3106 0.6721
vn -0.5281 -0.3106 0.7903
vn -0.3638 -0.3106 0.8782
vn -0.1854 -0.3107 0.9323
vn -0.0000 -0.3107 0.9505
vn 0.1854 -0.3106 0.9323
vn 0.3638 -0.3106 0.8782
vn 0.5281 -0.3106 0.7903
vn 0.6721 -0.3106 0.6721
vn 0.7903 -0.3106 0.5281
vn 0.8782 -0.3106 0.3637
vn 0.9323 -0.3106 0.1854
vn 0.9771 -0.0870 -0.1944
vn 0.9962 -0.0870 -0.0000
vn 0.9204 -0.0870 -0.3812
vn 0.8283 -0.0870 -0.5535
vn 0.7044 -0.0870 -0.7044
vn 0.5535 -0.0870 -0.8283
vn 0.3812 -0.0870 -0.9204
vn 0.1944 -0.0870 -0.9771
vn -0.0000 -0.0870 -0.9962
vn -0.1944 -0.0870 -0.9771
vn -0.3812 -0.0870 -0.9204
vn -0.5535 -0.0870 -0.8283
vn -0.7044 -0.0870 -0.7044
vn -0.8283 -0.0870 -0.5535
vn -0.9204 -0.0870 -0.3812
vn -0.9771 -0.0870 -0.1943
vn -0.9962 -0.0870 -0.0000
vn -0.9771 -0.0870 0.1944
vn -0.9204 -0.0870 0.3812
vn -0.8283 -0.0870 0.5535
vn -0.7044 -0.0870 0.7044
vn -0.5535 -0.0870 0.8283
vn -0.3812 -0.0870 0.9204
vn -0.1944 -0.0870 0.9771
vn -0.0000 -0.0870 0.9962
vn 0.1944 -0.0870 0.9771
vn 0.3812 -0.0870 0.9204
vn 0.5535 -0.0870 0.8283
vn 0.7044 -0.0870 0.7044
vn 0.8283 -0.0870 0.5535
vn 0.9204 -0.0870 0.3812
vn 0.9771 -0.0870 0.1943
vn 0.9744 0.1136 -0.1938
vn 0.9935 0.1136 -0.0000
vn 0.9179 0.1136 -0.3802
vn 0.8261 0.1136 -0.5520
vn 0.7025 0.1136 -0.7025
vn 0.5520 0.1136 -0.8261
vn 0.3802 0.1136 -0.9179
vn 0.1938 0.1136 -0.9744
vn -0.0000 0.1136 -0.9935
vn -0.1938 0.1136 -0.9744
vn -0.3802 0.1136 -0.9179
vn -0.5520 0.1136 -0.8261
vn -0.7025 0.1136 -0.7025
vn -0.8261 0.1136 -0.5520
vn -0.9179 0.1136 -0.3802
vn -0.9744 0.1136 -0.1938
vn -0.9935 0.1136 -0.0000
vn -0.9744 0.1136 0.1938
vn -0.9179 0.1136 0.3802
vn -0.8261 0.1136 0.5520
vn -0.7025 0.1136 0.7025
vn -0.5520 0.1136 0.8261
vn -0.3802 0.1136 0.9179
vn -0.1938 0.1136 0.9744
vn -0.0000 0.1136 0.9935
vn 0.1938 0.1136 0.9744
vn 0.3802 0.1136 0.9179
vn 0.5520 0.1136 0.8261
vn 0.7025 0.1136 0.7025
vn 0.8261 0.1136 0.5520
vn 0.9179 0.1136 0.3802
vn 0.9744 0.1136 0.1938
vn 0.8794 0.4429 -0.1749
vn 0.8966 0.4429 -0.0000
vn 0.8283 0.4429 -0.3431
vn 0.7455 0.4429 -0.4981
vn 0.6340 0.4429 -0.6340
vn 0.4981 0.4429 -0.7455
vn 0.3431 0.4429 -0.8283
vn 0.1749 0.4429 -0.8794
vn -0.0000 0.4429 -0.8966
vn -0.1749 0.4429 -0.8794
vn -0.3431 0.4429 -0.8283
vn -0.4981 0.4429 -0.7455
vn -0.6340 0.4429 -0.6340
vn -0.7455 0.4429 -0.4981
vn -0.8283 0.4429 -0.3431
vn -0.8794 0.4429 -0.1749
vn -0.8966 0.4429 -0.0000
vn -0.8794 0.4429 0.1749
vn -0.8283 0.4429 0.3431
vn -0.7455 0.4429 0.4981
vn -0.6340 0.4429 0.6340
vn -0.4981 0.4429 0.7455
vn -0.3431 0.4429 0.8283
vn -0.1749 0.4429 0.8794
vn -0.0000 0.4429 0.8966
vn 0.1749 0.4429 0.8794
vn 0.3431 0.4429 0.8283
vn 0.4981 0.4429 0.7455
vn 0.6340 0.4429 0.6340
vn 0.7455 0.4429 0.4981
vn 0.8283 0.4429 0.3431
vn 0.8794 0.4429 0.1749
vn 0.6375 0.7600 -0.1268
vn 0.6500 0.7600 -0.0000
vn 0.6005 0.7600 -0.2487
vn 0.5404 0.7600 -0.3611
vn 0.4596 0.7600 -0.4596
vn 0.3611 0.7600 -0.5404
vn 0.2487 0.7600 -0.6005
vn 0.1268 0.7600 -0.6375
vn -0.0000 0.7600 -0.6500
vn -0.1268 0.7600 -0.6375
vn -0.2487 0.7600 -0.6005
vn -0.3611 0.7600 -0.5404
vn -0.4596 0.7600 -0.4596
vn -0.5404 0.7600 -0.3611
vn -0.6005 0.7600 -0.2487
vn -0.6375 0.7600 -0.1268
vn -0.6500 0.7600 -0.0000
vn -0.6375 0.7600 0.1268
vn -0.6005 0.7600 0.2487
vn -0.5404 0.7600 0.3611
vn -0.4596 0.7600 0.4596
vn -0.3611 0.7600 0.5404
vn -0.2487 0.7600 0.6005
vn -0.1268 0.7600 0.6375
vn -0.0000 0.7600 0.6500
vn 0.1268 0.7600 0.6375
vn 0.2487 0.7600 0.6005
vn 0.3611 0.7600 0.5404
vn 0.4596 0.7600 0.4596
vn 0.5404 0.7600 0.3611
vn 0.6005 0.7600 0.2487
vn 0.6375 0.7600 0.1268
vn 0.4137 0.9067 -0.0823
vn 0.4218 0.9067 -0.0000
vn 0.3897 0.9067 -0.1614
vn 0.3507 0.9067 -0.2343
vn 0.2982 0.9067 -0.2982
vn 0.2343 0.9067 -0.3507
vn 0.1614 0.9067 -0.3897
vn 0.0823 0.9067 -0.4137
vn -0.0000 0.9067 -0.4218
vn -0.0823 0.9067 -0.4137
vn -0.1614 0.9067 -0.3897
vn -0.2343 0.9067 -0.3507
vn -0.2982 0.9067 -0.2982
vn -0.3507 0.9067 -0.2343
vn -0.3897 0.9067 -0.1614
vn -0.4137 0.9067 -0.0823
vn -0.4218 0.9067 -0.0000
vn -0.4137 0.9067 0.0823
vn -0.3897 0.9067 0.1614
vn -0.3507 0.9067 0.2343
vn -0.2982 0.9067 0.2982
vn -0.2343 0.9067 0.3507
vn -0.1614 0.9067 0.3897
vn -0.0823 0.9067 0.4137
vn -0.0000 0.9067 0.4218
vn 0.0823 0.9067 0.4137
vn 0.1614 0.9067 0.3897
vn 0.2343 0.9067 0.3507
vn 0.2982 0.9067 0.2982
vn 0.3507 0.9067 0.2343
vn 0.3897 0.9067 0.1614
vn 0.4137 0.9067 0.0823
vn 0.2690 0.9616 -0.0535
vn 0.2743 0.9616 -0.0000
vn 0.2534 0.9616 -0.1050
vn 0.2281 0.9616 -0.1524
vn 0.1940 0.9616 -0.1940
vn 0.1524 0.9616 -0.2281
vn 0.1050 0.9616 -0.2534
vn 0.0535 0.9616 -0.2690
vn -0.0000 0.9616 -0.2743
vn -0.0535 0.9616 -0.2690
vn -0.1050 0.9616 -0.2534
vn -0.1524 0.9616 -0.2281
vn -0.1940 0.9616 -0.1940
vn -0.2281 0.9616 -0.1524
vn -0.2534 0.9616 -0.1050
vn -0.2690 0.9616 -0.0535
vn -0.2743 0.9616 -0.0000
vn -0.2690 0.9616 0.0535
vn -0.2534 0.9616 0.1050
vn -0.2281 0.9616 0.1524
vn -0.1940 0.9616 0.1940
vn -0.1524 0.9616 0.2281
vn -0.1050 0.9616 0.2534
vn -0.0535 0.9616 0.2690
vn -0.0000 0.9616 0.2743
vn 0.0535 0.9616 0.2690
vn 0.1050 0.9616 0.2534
vn 0.1524 0.9616 0.2281
vn 0.1940 0.9616 0.1940
vn 0.2281 0.9616 0.1524
vn 0.2534 0.9616 0.1050
vn 0.2690 0.9616 0.0535
vn 0.1875 0.9815 -0.0373
vn 0.1912 0.9815 -0.0000
vn 0.1767 0.9815 -0.0732
vn 0.1590 0.9815 -0.1062
vn 0.1352 0.9815 -0.1352
vn 0.1062 0.9815 -0.1590
vn 0.0732 0.9815 -0.1767
vn 0.0373 0.9815 -0.1876
vn -0.0000 0.9815 -0.1912
vn -0.0373 0.9815 -0.1875
vn -0.0732 0.9815 -0.1767
vn -0.1062 0.9815 -0.1590
vn -0.1352 0.9815 -0.1352
vn -0.1590 0.9815 -0.1062
vn -0.1767 0.9815 -0.0732
vn -0.1875 0.9815 -0.0373
vn -0.1912 0.9815 -0.0000
vn -0.1875 0.9815 0.0373
vn -0.1767 0.9815 0.0732
vn -0.1590 0.9815 0.1062
vn -0.1352 0.9815 0.1352
vn -0.1062 0.9815 0.1590
vn -0.0732 0.9815 0.1767
vn -0.0373 0.9815 0.1875
vn -0.0000 0.9815 0.1912
vn 0.0373 0.9815 0.1875
vn 0.0732 0.9815 0.1767
vn 0.1062 0.9815 0.1590
vn 0.1352 0.9815 0.1352
vn 0.1590 0.9815 0.1062
vn 0.1767 0.9815 0.0732
vn 0.1875 0.9815 0.0373
vn 0.1506 0.9881 -0.0299
vn 0.1535 0.9881 -0.0000
vn 0.1418 0.9881 -0.0587
vn 0.1276 0.9881 -0.0853
vn 0.1085 0.9881 -0.1085
vn 0.0853 0.9881 -0.1276
vn 0.0587 0.9881 -0.1418
vn 0.0299 0.9881 -0.1506
vn -0.0000 0.9881 -0.1535
vn -0.0299 0.9881 -0.1506
vn -0.0587 0.9881 -0.1418
vn -0.0853 0.9881 -0.1276
vn -0.1086 0.9881 -0.1086
vn -0.1276 0.9881 -0.0853
vn -0.1418 0.9881 -0.0587
vn -0.1506 0.9881 -0.0299
vn -0.1535 0.9881 -0.0000
vn -0.1506 0.9881 0.0299
vn -0.1418 0.9881 0.0587
vn -0.1276 0.9881 0.0853
vn -0.1086 0.9881 0.1086
vn -0.0853 0.9881 0.1276
vn -0.0587 0.9881 0.1418
vn -0.0299 0.9881 0.1506
vn -0.0000 0.9881 0.1535
vn 0.0299 0.9881 0.1506
vn 0.0587 0.9881 0.1418
vn 0.0853 0.9881 0.1276
vn 0.1085 0.9881 0.1085
vn 0.1276 0.9881 0.0853
vn 0.1418 0.9881 0.0587
vn 0.1506 0.9881 0.0299
vn 0.1503 0.9882 -0.0299
vn 0.1533 0.9882 -0.0000
vn 0.1416 0.9882 -0.0587
vn 0.1275 0.9882 -0.0852
vn 0.1084 0.9882 -0.1084
vn 0.0852 0.9882 -0.1275
vn 0.0587 0.9882 -0.1416
vn 0.0299 0.9882 -0.1504
vn -0.0000 0.9882 -0.1533
vn -0.0299 0.9882 -0.1503
vn -0.0587 0.9882 -0.1416
vn -0.0852 0.9882 -0.1275
vn -0.1084 0.9882 -0.1084
vn -0.1275 0.9882 -0.0852
vn -0.1416 0.9882 -0.0587
vn -0.1503 0.9882 -0.0299
vn -0.1533 0.9882 -0.0000
vn -0.1503 0.9882 0.0299
vn -0.1416 0.9882 0.0587
vn -0.1275 0.9882 0.0852
vn -0.1084 0.9882 0.1084
vn -0.0852 0.9882 0.1275
vn -0.0587 0.9882 0.1416
vn -0.0299 0.9882 0.1504
vn -0.0000 0.9882 0.1533
vn 0.0299 0.9882 0.1504
vn 0.0587 0.9882 0.1416
vn 0.0852 0.9882 0.1275
vn 0.1084 0.9882 0.1084
vn 0.1275 0.9882 0.0852
vn 0.1416 0.9882 0.0587
vn 0.1503 0.9882 0.0299
vn 0.1903 0.9810 -0.0378
vn 0.1940 0.9810 -0.0000
vn 0.1792 0.9810 -0.0742
vn 0.1613 0.9810 -0.1078
vn 0.1372 0.9810 -0.1372
vn 0.1078 0.9810 -0.1613
vn 0.0742 0.9810 -0.1792
vn 0.0378 0.9810 -0.1903
vn -0.0000 0.9810 -0.1940
vn -0.0378 0.9810 -0.1903
vn -0.0742 0.9810 -0.1792
vn -0.1078 0.9810 -0.1613
vn -0.1372 0.9810 -0.1372
vn -0.1613 0.9810 -0.1078
vn -0.1792 0.9810 -0.0742
vn -0.1902 0.9810 -0.0378
vn -0.1940 0.9810 -0.0000
vn -0.1902 0.9810 0.0378
vn -0.1792 0.9810 0.0742
vn -0.1613 0.9810 0.1078
vn -0.1372 0.9810 0.1372
vn -0.1078 0.9810 0.1613
vn -0.0742 0.9810 0.1792
vn -0.0378 0.9810 0.1903
vn -0.0000 0.9810 0.1940
vn 0.0378 0.9810 0.1903
vn 0.0742 0.9810 0.1792
vn 0.1078 0.9810 0.1613
vn 0.1372 0.9810 0.1372
vn 0.1613 0.9810 0.1078
vn 0.1792 0.9810 0.0742
vn 0.1903 0.9810 0.0378
vn 0.2885 0.9558 -0.0574
vn 0.2942 0.9558 -0.0000
vn 0.2718 0.9558 -0.1126
vn 0.2446 0.9558 -0.1634
vn 0.2080 0.9558 -0.2080
vn 0.1634 0.9558 -0.2446
vn 0.1126 0.9558 -0.2718
vn 0.0574 0.9558 -0.2885
vn -0.0000 0.9558 -0.2942
vn -0.0574 0.9558 -0.2885
vn -0.1126 0.9558 -0.2718
vn -0.1634 0.9558 -0.2446
vn -0.2080 0.9558 -0.2080
vn -0.2446 0.9558 -0.1634
vn -0.2718 0.9558 -0.1126
vn -0.2885 0.9558 -0.0574
vn -0.2942 0.9558 -0.0000
vn -0.2885 0.9558 0.0574
vn -0.2718 0.9558 0.1126
vn -0.2446 0.9558 0.1634
vn -0.2080 0.9558 0.2080
vn -0.1634 0.9558 0.2446
vn -0.1126 0.9558 0.2718
vn -0.0574 0.9558 0.2885
vn -0.0000 0.9558 0.2942
vn 0.0574 0.9558 0.2885
vn 0.1126 0.9558 0.2718
vn 0.1634 0.9558 0.2446
vn 0.2080 0.9558 0.2080
vn 0.2446 0.9558 0.1634
vn 0.2718 0.9558 0.1126
vn 0.2885 0.9558 0.0574
vn 0.4864 0.8684 -0.0967
vn 0.4959 0.8684 -0.0000
vn 0.4581 0.8684 -0.1898
vn 0.4123 0.8684 -0.2755
vn 0.3507 0.8684 -0.3507
vn 0.2755 0.8684 -0.4123
vn 0.1898 0.8684 -0.4581
vn 0.0967 0.8684 -0.4864
vn -0.0000 0.8684 -0.4959
vn -0.0967 0.8684 -0.4864
vn -0.1898 0.8684 -0.4582
vn -0.2755 0.8684 -0.4123
vn -0.3507 0.8684 -0.3507
vn -0.4123 0.8684 -0.2755
vn -0.4581 0.8684 -0.1898
vn -0.4864 0.8684 -0.0967
vn -0.4959 0.8684 -0.0000
vn -0.4864 0.8684 0.0967
vn -0.4581 0.8684 0.1898
vn -0.4123 0.8684 0.2755
vn -0.3507 0.8684 0.3507
vn -0.2755 0.8684 0.4123
vn -0.1898 0.8684 0.4582
vn -0.0967 0.8684 0.4864
vn -0.0000 0.8684 0.4959
vn 0.0967 0.8684 0.4864
vn 0.1898 0.8684 0.4581
vn 0.2755 0.8684 0.4123
vn 0.3507 0.8684 0.3507
vn 0.4123 0.8684 0.2755
vn 0.4581 0.8684 0.1898
vn 0.4864 0.8684 0.0967
vn 0.6157 0.7784 -0.1225
vn 0.6278 0.7784 -0.0000
vn 0.5800 0.7784 -0.2402
vn 0.5220 0.7784 -0.3488
vn 0.4439 0.7784 -0.4439
vn 0.3488 0.7784 -0.5220
vn 0.2402 0.7784 -0.5800
vn 0.1225 0.7784 -0.6157
vn -0.0000 0.7784 -0.6278
vn -0.1225 0.7784 -0.6157
vn -0.2403 0.7784 -0.5800
vn -0.3488 0.7784 -0.5220
vn -0.4439 0.7784 -0.4439
vn -0.5220 0.7784 -0.3488
vn -0.5800 0.7784 -0.2403
vn -0.6157 0.7784 -0.1225
vn -0.6278 0.7784 -0.0000
vn -0.6157 0.7784 0.1225
vn -0.5800 0.7784 0.2403
vn -0.5220 0.7784 0.3488
vn -0.4439 0.7784 0.4439
vn -0.3488 0.7784 0.5220
vn -0.2403 0.7784 0.5800
vn -0.1225 0.7784 0.6157
vn -0.0000 0.7784 0.6278
vn 0.1225 0.7784 0.6157
vn 0.2402 0.7784 0.5800
vn 0.3488 0.7784 0.5220
vn 0.4439 0.7784 0.4439
vn 0.5220 0.7784 0.3488
vn 0.5800 0.7784 0.2402
vn 0.6157 0.7784 0.1225
vn 0.9451 0.3267 -0.0000
vn 0.9270 0.3267 -0.1844
vn 0.8732 0.3267 -0.3617
vn 0.7858 0.3267 -0.5251
vn 0.6683 0.3267 -0.6683
vn 0.5251 0.3267 -0.7858
vn 0.3617 0.3267 -0.8732
vn 0.1844 0.3267 -0.9270
vn -0.0000 0.3267 -0.9451
vn -0.1844 0.3267 -0.9270
vn -0.3617 0.3267 -0.8732
vn -0.5251 0.3267 -0.7858
vn -0.6683 0.3267 -0.6683
vn -0.7858 0.3267 -0.5251
vn -0.8732 0.3267 -0.3617
vn -0.9270 0.3267 -0.1844
vn -0.9451 0.3267 -0.0000
vn -0.9270 0.3267 0.1844
vn -0.8732 0.3267 0.3617
vn -0.7858 0.3267 0.5251
vn -0.6683 0.3267 0.6683
vn -0.5251 0.3267 0.7858
vn -0.3617 0.3267 0.8732
vn -0.1844 0.3267 0.9270
vn -0.0000 0.3267 0.9451
vn 0.1844 0.3267 0.9270
vn 0.3617 0.3267 0.8732
vn 0.5251 0.3267 0.7858
vn 0.6683 0.3267 0.6683
vn 0.7858 0.3267 0.5251
vn 0.8732 0.3267 0.3617
vn 0.9270 0.3267 0.1844
vn 0.9570 -0.2900 -0.0000
vn 0.9387 -0.2900 -0.1867
vn 0.8535 -0.4926 -0.1698
vn 0.8702 -0.4926 -0.0000
vn 0.8842 -0.2900 -0.3662
vn 0.8040 -0.4926 -0.3330
vn 0.7958 -0.2900 -0.5317
vn 0.7236 -0.4926 -0.4835
vn 0.6767 -0.2900 -0.6767
vn 0.6153 -0.4926 -0.6153
vn 0.5317 -0.2900 -0.7957
vn 0.4835 -0.4926 -0.7236
vn 0.3662 -0.2900 -0.8842
vn 0.3330 -0.4926 -0.8040
vn 0.1867 -0.2900 -0.9386
vn 0.1698 -0.4926 -0.8535
vn -0.0000 -0.2900 -0.9570
vn -0.0000 -0.4926 -0.8702
vn -0.1867 -0.2900 -0.9386
vn -0.1698 -0.4927 -0.8535
vn -0.3662 -0.2900 -0.8842
vn -0.3330 -0.4927 -0.8040
vn -0.5317 -0.2900 -0.7957
vn -0.4835 -0.4927 -0.7236
vn -0.6767 -0.2900 -0.6767
vn -0.6153 -0.4927 -0.6153
vn -0.7957 -0.2900 -0.5317
vn -0.7236 -0.4927 -0.4835
vn -0.8842 -0.2900 -0.3662
vn -0.8040 -0.4927 -0.3330
vn -0.9386 -0.2900 -0.1867
vn -0.8535 -0.4927 -0.1698
vn -0.9570 -0.2900 -0.0000
vn -0.8702 -0.4927 -0.0000
vn -0.9386 -0.2900 0.1867
vn -0.8535 -0.4927 0.1698
vn -0.8842 -0.2900 0.3662
vn -0.8040 -0.4927 0.3330
vn -0.7957 -0.2900 0.5317
vn -0.7236 -0.4927 0.4835
vn -0.6767 -0.2900 0.6767
vn -0.6153 -0.4927 0.6153
vn -0.5317 -0.2900 0.7957
vn -0.4835 -0.4927 0.7236
vn -0.3662 -0.2900 0.8842
vn -0.3330 -0.4927 0.8040
vn -0.1867 -0.2900 0.9386
vn -0.1698 -0.4926 0.8535
vn -0.0000 -0.2900 0.9570
vn -0.0000 -0.4926 0.8702
vn 0.1867 -0.2900 0.9386
vn 0.1698 -0.4926 0.8535
vn 0.3662 -0.2900 0.8842
vn 0.3330 -0.4926 0.8040
vn 0.5317 -0.2900 0.7957
vn 0.4835 -0.4926 0.7236
vn 0.6767 -0.2900 0.6767
vn 0.6153 -0.4926 0.6153
vn 0.7958 -0.2900 0.5317
vn 0.7236 -0.4926 0.4835
vn 0.8842 -0.2900 0.3662
vn 0.8040 -0.4926 0.3330
vn 0.9386 -0.2900 0.1867
vn 0.8535 -0.4926 0.1698
vn 0.6664 -0.7337 -0.1326
vn 0.6795 -0.7337 -0.0000
vn 0.6278 -0.7337 -0.2600
vn 0.5650 -0.7337 -0.3775
vn 0.4805 -0.7337 -0.4805
vn 0.3775 -0.7337 -0.5650
vn 0.2600 -0.7337 -0.6278
vn 0.1326 -0.7337 -0.6664
vn -0.0000 -0.7337 -0.6795
vn -0.1326 -0.7337 -0.6665
vn -0.2600 -0.7337 -0.6278
vn -0.3775 -0.7337 -0.5650
vn -0.4805 -0.7337 -0.4805
vn -0.5650 -0.7337 -0.3775
vn -0.6278 -0.7337 -0.2600
vn -0.6665 -0.7337 -0.1326
vn -0.6795 -0.7337 -0.0000
vn -0.6665 -0.7337 0.1326
vn -0.6278 -0.7337 0.2600
vn -0.5650 -0.7337 0.3775
vn -0.4805 -0.7337 0.4805
vn -0.3775 -0.7337 0.5650
vn -0.2600 -0.7337 0.6278
vn -0.1326 -0.7337 0.6665
vn -0.0000 -0.7337 0.6795
vn 0.1326 -0.7337 0.6664
vn 0.2600 -0.7337 0.6278
vn 0.3775 -0.7337 0.5650
vn 0.4805 -0.7337 0.4805
vn 0.5650 -0.7337 0.3775
vn 0.6278 -0.7337 0.2600
vn 0.6664 -0.7337 0.1326
vn 0.5671 -0.8159 -0.1128
vn 0.5782 -0.8159 -0.0000
vn 0.5342 -0.8159 -0.2213
vn 0.4807 -0.8159 -0.3212
vn 0.4088 -0.8159 -0.4088
vn 0.3212 -0.8159 -0.4807
vn 0.2213 -0.8159 -0.5342
vn 0.1128 -0.8159 -0.5671
vn -0.0000 -0.8159 -0.5782
vn -0.1128 -0.8159 -0.5671
vn -0.2213 -0.8159 -0.5342
vn -0.3212 -0.8159 -0.4807
vn -0.4088 -0.8159 -0.4088
vn -0.4807 -0.8159 -0.3212
vn -0.5342 -0.8159 -0.2213
vn -0.5671 -0.8159 -0.1128
vn -0.5782 -0.8159 -0.0000
vn -0.5671 -0.8159 0.1128
vn -0.5342 -0.8159 0.2213
vn -0.4807 -0.8159 0.3212
vn -0.4088 -0.8159 0.4088
vn -0.3212 -0.8159 0.4807
vn -0.2213 -0.8159 0.5342
vn -0.1128 -0.8159 0.5671
vn -0.0000 -0.8159 0.5782
vn 0.1128 -0.8159 0.5671
vn 0.2213 -0.8159 0.5342
vn 0.3212 -0.8159 0.4807
vn 0.4088 -0.8159 0.4088
vn 0.4807 -0.8159 0.3212
vn 0.5342 -0.8159 0.2213
vn 0.5671 -0.8159 0.1128
vn 0.5346 -0.8384 -0.1063
vn 0.5450 -0.8384 -0.0000
vn 0.5035 -0.8384 -0.2086
vn 0.4532 -0.8384 -0.3028
vn 0.3854 -0.8384 -0.3854
vn 0.3028 -0.8384 -0.4532
vn 0.2086 -0.8384 -0.5035
vn 0.1063 -0.8384 -0.5346
vn -0.0000 -0.8384 -0.5450
vn -0.1063 -0.8384 -0.5346
vn -0.2086 -0.8384 -0.5035
vn -0.3028 -0.8384 -0.4532
vn -0.3854 -0.8384 -0.3854
vn -0.4532 -0.8384 -0.3028
vn -0.5035 -0.8384 -0.2086
vn -0.5346 -0.8384 -0.1063
vn -0.5450 -0.8384 -0.0000
vn -0.5346 -0.8384 0.1063
vn -0.5035 -0.8384 0.2086
vn -0.4532 -0.8384 0.3028
vn -0.3854 -0.8384 0.3854
vn -0.3028 -0.8384 0.4532
vn -0.2086 -0.8384 0.5035
vn -0.1063 -0.8384 0.5346
vn -0.0000 -0.8384 0.5450
vn 0.1063 -0.8384 0.5346
vn 0.2086 -0.8384 0.5035
vn 0.3028 -0.8384 0.4532
vn 0.3854 -0.8384 0.3854
vn 0.4532 -0.8384 0.3028
vn 0.5035 -0.8384 0.2086
vn 0.5346 -0.8384 0.1063
vn 0.5450 -0.8314 -0.1084
vn 0.5557 -0.8314 -0.0000
vn 0.5134 -0.8314 -0.2126
vn 0.4620 -0.8314 -0.3087
vn 0.3929 -0.8314 -0.3929
vn 0.3087 -0.8314 -0.4620
vn 0.2126 -0.8314 -0.5134
vn 0.1084 -0.8314 -0.5450
vn -0.0000 -0.8314 -0.5557
vn -0.1084 -0.8314 -0.5450
vn -0.2126 -0.8314 -0.5134
vn -0.3087 -0.8314 -0.4620
vn -0.3929 -0.8314 -0.3929
vn -0.4620 -0.8314 -0.3087
vn -0.5134 -0.8314 -0.2126
vn -0.5450 -0.8314 -0.1084
vn -0.5557 -0.8314 -0.0000
vn -0.5450 -0.8314 0.1084
vn -0.5134 -0.8314 0.2126
vn -0.4620 -0.8314 0.3087
vn -0.3929 -0.8314 0.3929
vn -0.3087 -0.8314 0.4620
vn -0.2126 -0.8314 0.5134
vn -0.1084 -0.8314 0.5450
vn -0.0000 -0.8314 0.5557
vn 0.1084 -0.8314 0.5450
vn 0.2126 -0.8314 0.5134
vn 0.3087 -0.8314 0.4620
vn 0.3929 -0.8314 0.3929
vn 0.4620 -0.8314 0.3087
vn 0.5134 -0.8314 0.2126
vn 0.5450 -0.8314 0.1084
vn 0.5864 -0.8015 -0.1167
vn 0.5979 -0.8015 -0.0000
vn 0.5524 -0.8015 -0.2288
vn 0.4972 -0.8015 -0.3322
vn 0.4228 -0.8015 -0.4228
vn 0.3322 -0.8015 -0.4972
vn 0.2288 -0.8015 -0.5524
vn 0.1167 -0.8015 -0.5864
vn -0.0000 -0.8015 -0.5979
vn -0.1167 -0.8015 -0.5864
vn -0.2288 -0.8015 -0.5524
vn -0.3322 -0.8015 -0.4972
vn -0.4228 -0.8015 -0.4228
vn -0.4972 -0.8016 -0.3322
vn -0.5524 -0.8015 -0.2288
vn -0.5864 -0.8015 -0.1167
vn -0.5979 -0.8015 -0.0000
vn -0.5864 -0.8015 0.1167
vn -0.5524 -0.8015 0.2288
vn -0.4972 -0.8015 0.3322
vn -0.4228 -0.8015 0.4228
vn -0.3322 -0.8015 0.4972
vn -0.2288 -0.8015 0.5524
vn -0.1166 -0.8015 0.5864
vn -0.0000 -0.8015 0.5979
vn 0.1167 -0.8015 0.5864
vn 0.2288 -0.8015 0.5524
vn 0.3322 -0.8015 0.4972
vn 0.4228 -0.8015 0.4228
vn 0.4972 -0.8015 0.3322
vn 0.5524 -0.8015 0.2288
vn 0.5864 -0.8015 0.1167
vn 0.6523 -0.7468 -0.1297
vn 0.6651 -0.7468 -0.0000
vn 0.6144 -0.7468 -0.2545
vn 0.5530 -0.7468 -0.3695
vn 0.4703 -0.7468 -0.4703
vn 0.3695 -0.7468 -0.5530
vn 0.2545 -0.7468 -0.6144
vn 0.1297 -0.7468 -0.6523
vn -0.0000 -0.7468 -0.6650
vn -0.1297 -0.7468 -0.6523
vn -0.2545 -0.7468 -0.6144
vn -0.3695 -0.7468 -0.5530
vn -0.4703 -0.7468 -0.4703
vn -0.5530 -0.7468 -0.3695
vn -0.6144 -0.7468 -0.2545
vn -0.6523 -0.7468 -0.1297
vn -0.6651 -0.7468 -0.0000
vn -0.6523 -0.7468 0.1297
vn -0.6144 -0.7468 0.2545
vn -0.5530 -0.7468 0.3695
vn -0.4703 -0.7468 0.4703
vn -0.3695 -0.7468 0.5530
vn -0.2545 -0.7468 0.6144
vn -0.1297 -0.7468 0.6523
vn -0.0000 -0.7468 0.6650
vn 0.1297 -0.7468 0.6523
vn 0.2545 -0.7468 0.6144
vn 0.3695 -0.7468 0.5530
vn 0.4703 -0.7468 0.4703
vn 0.5530 -0.7468 0.3695
vn 0.6144 -0.7468 0.2545
vn 0.6523 -0.7468 0.1297
vn 0.7359 -0.6611 -0.1464
vn 0.7503 -0.6611 -0.0000
vn 0.6932 -0.6611 -0.2871
vn 0.6238 -0.6611 -0.4168
vn 0.5305 -0.6611 -0.5305
vn 0.4168 -0.6611 -0.6238
vn 0.2871 -0.6611 -0.6932
vn 0.1464 -0.6611 -0.7359
vn -0.0000 -0.6611 -0.7503
vn -0.1464 -0.6611 -0.7359
vn -0.2871 -0.6611 -0.6932
vn -0.4168 -0.6611 -0.6238
vn -0.5305 -0.6611 -0.5305
vn -0.6238 -0.6611 -0.4168
vn -0.6932 -0.6611 -0.2871
vn -0.7359 -0.6611 -0.1464
vn -0.7503 -0.6611 -0.0000
vn -0.7359 -0.6611 0.1464
vn -0.6932 -0.6611 0.2871
vn -0.6238 -0.6611 0.4168
vn -0.5305 -0.6611 0.5305
vn -0.4168 -0.6611 0.6238
vn -0.2871 -0.6611 0.6932
vn -0.1464 -0.6611 0.7359
vn -0.0000 -0.6611 0.7503
vn 0.1464 -0.6611 0.7359
vn 0.2871 -0.6611 0.6932
vn 0.4168 -0.6611 0.6238
vn 0.5305 -0.6611 0.5305
vn 0.6238 -0.6611 0.4168
vn 0.6932 -0.6611 0.2871
vn 0.7359 -0.6611 0.1464
vn 0.8265 -0.5385 -0.1644
vn 0.8427 -0.5385 -0.0000
vn 0.7785 -0.5385 -0.3225
vn 0.7006 -0.5385 -0.4682
vn 0.5958 -0.5385 -0.5958
vn 0.4682 -0.5385 -0.7006
vn 0.3225 -0.5385 -0.7785
vn 0.1644 -0.5385 -0.8265
vn -0.0000 -0.5385 -0.8426
vn -0.1644 -0.5385 -0.8265
vn -0.3225 -0.5385 -0.7785
vn -0.4682 -0.5385 -0.7006
vn -0.5958 -0.5385 -0.5958
vn -0.7006 -0.5385 -0.4682
vn -0.7785 -0.5385 -0.3225
vn -0.8265 -0.5385 -0.1644
vn -0.8427 -0.5385 -0.0000
vn -0.8265 -0.5385 0.1644
vn -0.7785 -0.5385 0.3225
vn -0.7006 -0.5385 0.4682
vn -0.5958 -0.5385 0.5958
vn -0.4682 -0.5385 0.7006
vn -0.3225 -0.5385 0.7785
vn -0.1644 -0.5385 0.8265
vn -0.0000 -0.5385 0.8427
vn 0.1644 -0.5385 0.8265
vn 0.3225 -0.5385 0.7785
vn 0.4682 -0.5385 0.7006
vn 0.5958 -0.5385 0.5958
vn 0.7006 -0.5385 0.4682
vn 0.7785 -0.5385 0.3225
vn 0.8265 -0.5385 0.1644
vn 0.9078 -0.3786 -0.1806
vn 0.9256 -0.3786 -0.0000
vn 0.8551 -0.3786 -0.3542
vn 0.7696 -0.3786 -0.5142
vn 0.6545 -0.3786 -0.6545
vn 0.5142 -0.3786 -0.7696
vn 0.3542 -0.3786 -0.8551
vn 0.1806 -0.3786 -0.9078
vn -0.0000 -0.3786 -0.9256
vn -0.1806 -0.3786 -0.9078
vn -0.3542 -0.3786 -0.8551
vn -0.5142 -0.3786 -0.7696
vn -0.6545 -0.3786 -0.6545
vn -0.7696 -0.3786 -0.5142
vn -0.8551 -0.3786 -0.3542
vn -0.9078 -0.3786 -0.1806
vn -0.9256 -0.3786 -0.0000
vn -0.9078 -0.3786 0.1806
vn -0.8551 -0.3786 0.3542
vn -0.7696 -0.3786 0.5142
vn -0.6545 -0.3786 0.6545
vn -0.5142 -0.3786 0.7696
vn -0.3542 -0.3786 0.8551
vn -0.1806 -0.3786 0.9078
vn -0.0000 -0.3786 0.9256
vn 0.1806 -0.3786 0.9078
vn 0.3542 -0.3786 0.8551
vn 0.5142 -0.3786 0.7696
vn 0.6545 -0.3786 0.6545
vn 0.7696 -0.3786 0.5142
vn 0.8551 -0.3786 0.3542
vn 0.9078 -0.3786 0.1806
vn 0.9623 -0.1930 -0.1914
vn 0.9812 -0.1930 -0.0000
vn 0.9065 -0.1930 -0.3755
vn 0.8158 -0.1930 -0.5451
vn 0.6938 -0.1930 -0.6938
vn 0.5451 -0.1930 -0.8158
vn 0.3755 -0.1930 -0.9065
vn 0.1914 -0.1930 -0.9623
vn -0.0000 -0.1930 -0.9812
vn -0.1914 -0.1930 -0.9623
vn -0.3755 -0.1930 -0.9065
vn -0.5451 -0.1930 -0.8158
vn -0.6938 -0.1930 -0.6938
vn -0.8158 -0.1930 -0.5451
vn -0.9065 -0.1930 -0.3755
vn -0.9623 -0.1930 -0.1914
vn -0.9812 -0.1930 -0.0000
vn -0.9623 -0.1930 0.1914
vn -0.9065 -0.1930 0.3755
vn -0.8158 -0.1930 0.5451
vn -0.6938 -0.1930 0.6938
vn -0.5451 -0.1930 0.8158
vn -0.3755 -0.1930 0.9065
vn -0.1914 -0.1930 0.9623
vn -0.0000 -0.1930 0.9812
vn 0.1914 -0.1930 0.9623
vn 0.3755 -0.1930 0.9065
vn 0.5451 -0.1930 0.8158
vn 0.6938 -0.1930 0.6938
vn 0.8158 -0.1930 0.5451
vn 0.9065 -0.1930 0.3755
vn 0.9623 -0.1930 0.1914
vn 0.9807 0.0134 -0.1951
vn 0.9999 0.0134 -0.0000
vn 0.9238 0.0134 -0.3826
vn 0.8314 0.0134 -0.5555
vn 0.7070 0.0134 -0.7070
vn 0.5555 0.0134 -0.8314
vn 0.3826 0.0134 -0.9238
vn 0.1951 0.0134 -0.9807
vn -0.0000 0.0134 -0.9999
vn -0.1951 0.0134 -0.9807
vn -0.3826 0.0134 -0.9238
vn -0.5555 0.0134 -0.8314
vn -0.7070 0.0134 -0.7070
vn -0.8314 0.0134 -0.5555
vn -0.9238 0.0134 -0.3826
vn -0.9807 0.0134 -0.1951
vn -0.9999 0.0134 -0.0000
vn -0.9807 0.0134 0.1951
vn -0.9238 0.0134 0.3826
vn -0.8314 0.0134 0.5555
vn -0.7070 0.0134 0.7070
vn -0.5555 0.0134 0.8314
vn -0.3826 0.0134 0.9238
vn -0.1951 0.0134 0.9807
vn -0.0000 0.0134 0.9999
vn 0.1951 0.0134 0.9807
vn 0.3826 0.0134 0.9238
vn 0.5555 0.0134 0.8314
vn 0.7070 0.0134 0.7070
vn 0.8314 0.0134 0.5555
vn 0.9238 0.0134 0.3826
vn 0.9807 0.0134 0.1951
vn 0.9522 0.2395 -0.1894
vn 0.9709 0.2395 -0.0000
vn 0.8970 0.2395 -0.3715
vn 0.8073 0.2395 -0.5394
vn 0.6865 0.2395 -0.6865
vn 0.5394 0.2395 -0.8073
vn 0.3715 0.2395 -0.8970
vn 0.1894 0.2395 -0.9522
vn -0.0000 0.2395 -0.9709
vn -0.1894 0.2395 -0.9522
vn -0.3715 0.2395 -0.8970
vn -0.5394 0.2395 -0.8073
vn -0.6865 0.2395 -0.6865
vn -0.8073 0.2395 -0.5394
vn -0.8970 0.2395 -0.3715
vn -0.9522 0.2395 -0.1894
vn -0.9709 0.2395 -0.0000
vn -0.9522 0.2395 0.1894
vn -0.8970 0.2395 0.3715
vn -0.8073 0.2395 0.5394
vn -0.6865 0.2395 0.6865
vn -0.5394 0.2395 0.8073
vn -0.3715 0.2395 0.8970
vn -0.1894 0.2395 0.9522
vn -0.0000 0.2395 0.9709
vn 0.1894 0.2395 0.9522
vn 0.3715 0.2395 0.8970
vn 0.5394 0.2395 0.8073
vn 0.6865 0.2395 0.6865
vn 0.8073 0.2395 0.5394
vn 0.8970 0.2395 0.3715
vn 0.9522 0.2395 0.1894
vn 0.8793 0.4430 -0.1749
vn 0.8965 0.4430 -0.0000
vn 0.8283 0.4430 -0.3431
vn 0.7454 0.4430 -0.4981
vn 0.6339 0.4430 -0.6339
vn 0.4981 0.4430 -0.7454
vn 0.3431 0.4430 -0.8283
vn 0.1749 0.4430 -0.8793
vn -0.0000 0.4430 -0.8965
vn -0.1749 0.4430 -0.8793
vn -0.3431 0.4430 -0.8283
vn -0.4981 0.4430 -0.7454
vn -0.6339 0.4430 -0.6339
vn -0.7454 0.4430 -0.4981
vn -0.8283 0.4430 -0.3431
vn -0.8793 0.4430 -0.1749
vn -0.8965 0.4430 -0.0000
vn -0.8793 0.4430 0.1749
vn -0.8283 0.4430 0.3431
vn -0.7454 0.4430 0.4981
vn -0.6339 0.4430 0.6339
vn -0.4981 0.4430 0.7454
vn -0.3431 0.4430 0.8283
vn -0.1749 0.4430 0.8793
vn -0.0000 0.4430 0.8965
vn 0.1749 0.4430 0.8793
vn 0.3431 0.4430 0.8283
vn 0.4981 0.4430 0.7454
vn 0.6339 0.4430 0.6339
vn 0.7454 0.4430 0.4981
vn 0.8283 0.4430 0.3431
vn 0.8793 0.4430 0.1749
vn 0.7942 0.5868 -0.1580
vn 0.8098 0.5868 -0.0000
vn 0.7481 0.5868 -0.3099
vn 0.6733 0.5868 -0.4499
vn 0.5726 0.5868 -0.5726
vn 0.4499 0.5868 -0.6733
vn 0.3099 0.5868 -0.7481
vn 0.1580 0.5868 -0.7942
vn -0.0000 0.5868 -0.8098
vn -0.1580 0.5868 -0.7942
vn -0.3099 0.5868 -0.7481
vn -0.4499 0.5868 -0.6733
vn -0.5726 0.5868 -0.5726
vn -0.6733 0.5868 -0.4499
vn -0.7481 0.5868 -0.3099
vn -0.7942 0.5868 -0.1580
vn -0.8098 0.5868 -0.0000
vn -0.7942 0.5868 0.1580
vn -0.7481 0.5868 0.3099
vn -0.6733 0.5868 0.4499
vn -0.5726 0.5868 0.5726
vn -0.4499 0.5868 0.6733
vn -0.3099 0.5868 0.7481
vn -0.1580 0.5868 0.7942
vn -0.0000 0.5868 0.8098
vn 0.1580 0.5868 0.7942
vn 0.3099 0.5868 0.7481
vn 0.4499 0.5868 0.6733
vn 0.5726 0.5868 0.5726
vn 0.6733 0.5868 0.4499
vn 0.7481 0.5868 0.3099
vn 0.7942 0.5868 0.1580
vn 0.7228 0.6759 -0.1438
vn 0.7370 0.6759 -0.0000
vn 0.6809 0.6759 -0.2820
vn 0.6128 0.6759 -0.4094
vn 0.5211 0.6759 -0.5211
vn 0.4094 0.6759 -0.6128
vn 0.2820 0.6759 -0.6809
vn 0.1438 0.6759 -0.7228
vn -0.0000 0.6759 -0.7370
vn -0.1438 0.6759 -0.7228
vn -0.2820 0.6759 -0.6809
vn -0.4094 0.6759 -0.6128
vn -0.5211 0.6759 -0.5211
vn -0.6128 0.6759 -0.4094
vn -0.6809 0.6759 -0.2820
vn -0.7228 0.6759 -0.1438
vn -0.7370 0.6759 -0.0000
vn -0.7228 0.6759 0.1438
vn -0.6809 0.6759 0.2820
vn -0.6128 0.6759 0.4094
vn -0.5211 0.6759 0.5211
vn -0.4094 0.6759 0.6128
vn -0.2820 0.6759 0.6809
vn -0.1438 0.6759 0.7228
vn -0.0000 0.6759 0.7370
vn 0.1438 0.6759 0.7228
vn 0.2820 0.6759 0.6809
vn 0.4094 0.6759 0.6128
vn 0.5211 0.6759 0.5211
vn 0.6128 0.6759 0.4094
vn 0.6809 0.6759 0.2820
vn 0.7228 0.6759 0.1438
vn 0.6765 0.7240 -0.1346
vn 0.6898 0.7240 -0.0000
vn 0.6373 0.7240 -0.2640
vn 0.5735 0.7240 -0.3832
vn 0.4878 0.7240 -0.4878
vn 0.3832 0.7240 -0.5735
vn 0.2640 0.7240 -0.6373
vn 0.1346 0.7240 -0.6765
vn -0.0000 0.7240 -0.6898
vn -0.1346 0.7240 -0.6765
vn -0.2640 0.7240 -0.6373
vn -0.3832 0.7240 -0.5735
vn -0.4878 0.7240 -0.4878
vn -0.5735 0.7240 -0.3832
vn -0.6373 0.7240 -0.2640
vn -0.6765 0.7240 -0.1346
vn -0.6898 0.7240 -0.0000
vn -0.6765 0.7240 0.1346
vn -0.6373 0.7240 0.2640
vn -0.5735 0.7240 0.3832
vn -0.4878 0.7240 0.4878
vn -0.3832 0.7240 0.5735
vn -0.2640 0.7240 0.6373
vn -0.1346 0.7240 0.6765
vn -0.0000 0.7240 0.6898
vn 0.1346 0.7240 0.6765
vn 0.2640 0.7240 0.6373
vn 0.3832 0.7240 0.5735
vn 0.4878 0.7240 0.4878
vn 0.5735 0.7240 0.3832
vn 0.6373 0.7240 0.2640
vn 0.6765 0.7240 0.1346
vn 0.6584 0.7412 -0.1310
vn 0.6713 0.7412 -0.0000
vn 0.6202 0.7412 -0.2569
vn 0.5582 0.7412 -0.3729
vn 0.4747 0.7412 -0.4747
vn 0.3729 0.7412 -0.5582
vn 0.2569 0.7412 -0.6202
vn 0.1310 0.7412 -0.6584
vn -0.0000 0.7412 -0.6713
vn -0.1310 0.7412 -0.6584
vn -0.2569 0.7412 -0.6202
vn -0.3729 0.7412 -0.5582
vn -0.4747 0.7412 -0.4747
vn -0.5582 0.7412 -0.3729
vn -0.6202 0.7412 -0.2569
vn -0.6584 0.7412 -0.1310
vn -0.6713 0.7412 -0.0000
vn -0.6584 0.7412 0.1310
vn -0.6202 0.7412 0.2569
vn -0.5582 0.7412 0.3729
vn -0.4747 0.7412 0.4747
vn -0.3729 0.7412 0.5582
vn -0.2569 0.7412 0.6202
vn -0.1310 0.7412 0.6584
vn -0.0000 0.7412 0.6713
vn 0.1310 0.7412 0.6584
vn 0.2569 0.7412 0.6202
vn 0.3729 0.7412 0.5582
vn 0.4747 0.7412 0.4747
vn 0.5582 0.7412 0.3729
vn 0.6202 0.7412 0.2569
vn 0.6584 0.7412 0.1310
vn 0.6691 0.7312 -0.1331
vn 0.6822 0.7312 -0.0000
vn 0.6302 0.7312 -0.2611
vn 0.5672 0.7312 -0.3790
vn 0.4824 0.7312 -0.4824
vn 0.3790 0.7312 -0.5672
vn 0.2611 0.7312 -0.6302
vn 0.1331 0.7312 -0.6691
vn -0.0000 0.7312 -0.6822
vn -0.1331 0.7312 -0.6691
vn -0.2611 0.7312 -0.6302
vn -0.3790 0.7312 -0.5672
vn -0.4824 0.7312 -0.4824
vn -0.5672 0.7312 -0.3790
vn -0.6302 0.7312 -0.2611
vn -0.6691 0.7312 -0.1331
vn -0.6822 0.7312 -0.0000
vn -0.6691 0.7312 0.1331
vn -0.6302 0.7312 0.2611
vn -0.5672 0.7312 0.3790
vn -0.4824 0.7312 0.4824
vn -0.3790 0.7312 0.5672
vn -0.2611 0.7312 0.6302
vn -0.1331 0.7312 0.6691
vn -0.0000 0.7312 0.6822
vn 0.1331 0.7312 0.6691
vn 0.2611 0.7312 0.6302
vn 0.3790 0.7312 0.5672
vn 0.4824 0.7312 0.4824
vn 0.5672 0.7312 0.3790
vn 0.6302 0.7312 0.2611
vn 0.6691 0.7312 0.1331
vn 0.7090 0.6910 -0.1410
vn 0.7229 0.6910 -0.0000
vn 0.6679 0.6910 -0.2766
vn 0.6011 0.6910 -0.4016
vn 0.5112 0.6910 -0.5112
vn 0.4016 0.6910 -0.6011
vn 0.2766 0.6910 -0.6679
vn 0.1410 0.6910 -0.7090
vn -0.0000 0.6910 -0.7229
vn -0.1410 0.6910 -0.7090
vn -0.2766 0.6910 -0.6679
vn -0.4016 0.6910 -0.6011
vn -0.5112 0.6910 -0.5112
vn -0.6011 0.6910 -0.4016
vn -0.6679 0.6910 -0.2766
vn -0.7090 0.6910 -0.1410
vn -0.7229 0.6910 -0.0000
vn -0.7090 0.6910 0.1410
vn -0.6679 0.6910 0.2766
vn -0.6011 0.6910 0.4016
vn -0.5112 0.6910 0.5112
vn -0.4016 0.6910 0.6011
vn -0.2766 0.6910 0.6679
vn -0.1410 0.6910 0.7090
vn -0.0000 0.6910 0.7229
vn 0.1410 0.6910 0.7090
vn 0.2766 0.6910 0.6679
vn 0.4016 0.6910 0.6011
vn 0.5112 0.6910 0.5112
vn 0.6011 0.6910 0.4016
vn 0.6679 0.6910 0.2766
vn 0.7090 0.6910 0.1410
vn 0.7770 0.6102 -0.1546
vn 0.7923 0.6102 -0.0000
vn 0.7320 0.6102 -0.3032
vn 0.6587 0.6102 -0.4402
vn 0.5602 0.6102 -0.5602
vn 0.4402 0.6102 -0.6587
vn 0.3032 0.6102 -0.7320
vn 0.1546 0.6102 -0.7770
vn -0.0000 0.6102 -0.7923
vn -0.1546 0.6102 -0.7770
vn -0.3032 0.6102 -0.7320
vn -0.4402 0.6102 -0.6587
vn -0.5602 0.6102 -0.5602
vn -0.6587 0.6102 -0.4402
vn -0.7320 0.6102 -0.3032
vn -0.7770 0.6102 -0.1546
vn -0.7923 0.6102 -0.0000
vn -0.7770 0.6102 0.1546
vn -0.7320 0.6102 0.3032
vn -0.6587 0.6102 0.4402
vn -0.5602 0.6102 0.5602
vn -0.4402 0.6102 0.6587
vn -0.3032 0.6102 0.7320
vn -0.1546 0.6102 0.7770
vn -0.0000 0.6102 0.7923
vn 0.1546 0.6102 0.7770
vn 0.3032 0.6102 0.7320
vn 0.4402 0.6102 0.6587
vn 0.5602 0.6102 0.5602
vn 0.6587 0.6102 0.4402
vn 0.7320 0.6102 0.3032
vn 0.7770 0.6102 0.1546
vn 0.8644 0.4725 -0.1719
vn 0.8813 0.4725 -0.0000
vn 0.8142 0.4725 -0.3373
vn 0.7328 0.4725 -0.4896
vn 0.6232 0.4725 -0.6232
vn 0.4896 0.4725 -0.7328
vn 0.3373 0.4725 -0.8142
vn 0.1719 0.4725 -0.8644
vn -0.0000 0.4725 -0.8813
vn -0.1719 0.4725 -0.8644
vn -0.3373 0.4725 -0.8142
vn -0.4896 0.4725 -0.7328
vn -0.6232 0.4725 -0.6232
vn -0.7328 0.4725 -0.4896
vn -0.8142 0.4725 -0.3373
vn -0.8644 0.4725 -0.1719
vn -0.8813 0.4725 -0.0000
vn -0.8644 0.4725 0.1719
vn -0.8142 0.4725 0.3373
vn -0.7328 0.4725 0.4896
vn -0.6232 0.4725 0.6232
vn -0.4896 0.4725 0.7328
vn -0.3373 0.4725 0.8142
vn -0.1719 0.4725 0.8644
vn -0.0000 0.4725 0.8813
vn 0.1719 0.4725 0.8644
vn 0.3373 0.4725 0.8142
vn 0.4896 0.4725 0.7328
vn 0.6232 0.4725 0.6232
vn 0.7328 0.4725 0.4896
vn 0.8142 0.4725 0.3373
vn 0.8644 0.4725 0.1719
vn 0.9453 0.2665 -0.1880
vn 0.9638 0.2665 -0.0000
vn 0.8905 0.2665 -0.3688
vn 0.8014 0.2665 -0.5355
vn 0.6815 0.2665 -0.6815
vn 0.5355 0.2665 -0.8014
vn 0.3688 0.2665 -0.8905
vn 0.1880 0.2665 -0.9453
vn -0.0000 0.2665 -0.9638
vn -0.1880 0.2665 -0.9453
vn -0.3688 0.2665 -0.8905
vn -0.5355 0.2665 -0.8014
vn -0.6815 0.2665 -0.6815
vn -0.8014 0.2665 -0.5355
vn -0.8905 0.2665 -0.3688
vn -0.9453 0.2665 -0.1880
vn -0.9638 0.2665 -0.0000
vn -0.9453 0.2665 0.1880
vn -0.8905 0.2665 0.3688
vn -0.8014 0.2665 0.5355
vn -0.6815 0.2665 0.6815
vn -0.5355 0.2665 0.8014
vn -0.3688 0.2665 0.8905
vn -0.1880 0.2665 0.9453
vn -0.0000 0.2665 0.9638
vn 0.1880 0.2665 0.9453
vn 0.3688 0.2665 0.8905
vn 0.5355 0.2665 0.8014
vn 0.6815 0.2665 0.6815
vn 0.8014 0.2665 0.5355
vn 0.8905 0.2665 0.3688
vn 0.9453 0.2665 0.1880
vn 0.9778 0.0784 -0.1945
vn 0.9969 0.0784 -0.0000
vn 0.9210 0.0784 -0.3815
vn 0.8289 0.0784 -0.5539
vn 0.7049 0.0784 -0.7049
vn 0.5539 0.0784 -0.8289
vn 0.3815 0.0784 -0.9210
vn 0.1945 0.0784 -0.9778
vn -0.0000 0.0784 -0.9969
vn -0.1945 0.0784 -0.9778
vn -0.3815 0.0784 -0.9210
vn -0.5539 0.0784 -0.8289
vn -0.7049 0.0784 -0.7049
vn -0.8289 0.0784 -0.5539
vn -0.9210 0.0784 -0.3815
vn -0.9778 0.0784 -0.1945
vn -0.9969 0.0784 -0.0000
vn -0.9778 0.0784 0.1945
vn -0.9210 0.0784 0.3815
vn -0.8289 0.0784 0.5539
vn -0.7049 0.0784 0.7049
vn -0.5539 0.0784 0.8289
vn -0.3815 0.0784 0.9210
vn -0.1945 0.0784 0.9778
vn -0.0000 0.0784 0.9969
vn 0.1945 0.0784 0.9778
vn 0.3815 0.0784 0.9210
vn 0.5539 0.0784 0.8289
vn 0.7049 0.0784 0.7049
vn 0.8289 0.0784 0.5539
vn 0.9210 0.0784 0.3815
vn 0.9778 0.0784 0.1945
vn 0.9806 0.0191 -0.1951
vn 0.9998 0.0191 -0.0000
vn 0.9237 0.0191 -0.3826
vn 0.8313 0.0191 -0.5555
vn 0.7070 0.0191 -0.7070
vn 0.5555 0.0191 -0.8313
vn 0.3826 0.0191 -0.9237
vn 0.1951 0.0191 -0.9806
vn -0.0000 0.0191 -0.9998
vn -0.1951 0.0191 -0.9806
vn -0.3826 0.0191 -0.9237
vn -0.5555 0.0191 -0.8313
vn -0.7070 0.0191 -0.7070
vn -0.8313 0.0191 -0.5555
vn -0.9237 0.0191 -0.3826
vn -0.9806 0.0191 -0.1951
vn -0.9998 0.0191 -0.0000
vn -0.9806 0.0191 0.1951
vn -0.9237 0.0191 0.3826
vn -0.8313 0.0191 0.5555
vn -0.7070 0.0191 0.7070
vn -0.5555 0.0191 0.8313
vn -0.3826 0.0191 0.9237
vn -0.1951 0.0191 0.9806
vn -0.0000 0.0191 0.9998
vn 0.1951 0.0191 0.9806
vn 0.3826 0.0191 0.9237
vn 0.5555 0.0191 0.8313
vn 0.7070 0.0191 0.7070
vn 0.8313 0.0191 0.5555
vn 0.9237 0.0191 0.3826
vn 0.9806 0.0191 0.1951
vn 0.9799 0.0422 -0.1949
vn 0.9991 0.0422 -0.0000
vn 0.9231 0.0422 -0.3823
vn 0.8307 0.0422 -0.5551
vn 0.7065 0.0422 -0.7065
vn 0.5551 0.0422 -0.8307
vn 0.3823 0.0422 -0.9231
vn 0.1949 0.0422 -0.9799
vn -0.0000 0.0422 -0.9991
vn -0.1949 0.0422 -0.9799
vn -0.3823 0.0422 -0.9231
vn -0.5551 0.0422 -0.8307
vn -0.7065 0.0422 -0.7065
vn -0.8307 0.0422 -0.5551
vn -0.9231 0.0422 -0.3823
vn -0.9799 0.0422 -0.1949
vn -0.9991 0.0422 -0.0000
vn -0.9799 0.0422 0.1949
vn -0.9231 0.0422 0.3823
vn -0.8307 0.0422 0.5551
vn -0.7065 0.0422 0.7065
vn -0.5551 0.0422 0.8307
vn -0.3823 0.0422 0.9231
vn -0.1949 0.0422 0.9799
vn -0.0000 0.0422 0.9991
vn 0.1949 0.0422 0.9799
vn 0.3823 0.0422 0.9231
vn 0.5551 0.0422 0.8307
vn 0.7065 0.0422 0.7065
vn 0.8307 0.0422 0.5551
vn 0.9231 0.0422 0.3823
vn 0.9799 0.0422 0.1949
vn 0.9765 0.0933 -0.1942
vn 0.9956 0.0933 -0.0000
vn 0.9199 0.0933 -0.3810
vn 0.8278 0.0933 -0.5531
vn 0.7040 0.0933 -0.7040
vn 0.5531 0.0933 -0.8278
vn 0.3810 0.0933 -0.9199
vn 0.1942 0.0933 -0.9765
vn -0.0000 0.0933 -0.9956
vn -0.1942 0.0933 -0.9765
vn -0.3810 0.0933 -0.9199
vn -0.5531 0.0933 -0.8278
vn -0.7040 0.0933 -0.7040
vn -0.8278 0.0933 -0.5531
vn -0.9199 0.0933 -0.3810
vn -0.9765 0.0933 -0.1942
vn -0.9956 0.0933 -0.0000
vn -0.9765 0.0933 0.1942
vn -0.9199 0.0933 0.3810
vn -0.8278 0.0933 0.5531
vn -0.7040 0.0933 0.7040
vn -0.5531 0.0933 0.8278
vn -0.3810 0.0933 0.9199
vn -0.1942 0.0933 0.9765
vn -0.0000 0.0933 0.9956
vn 0.1942 0.0933 0.9765
vn 0.3810 0.0933 0.9199
vn 0.5531 0.0933 0.8278
vn 0.7040 0.0933 0.7040
vn 0.8278 0.0933 0.5531
vn 0.9199 0.0933 0.3810
vn 0.9765 0.0933 0.1942
vn 0.9628 0.1907 -0.1915
vn 0.9817 0.1907 -0.0000
vn 0.9069 0.1907 -0.3757
vn 0.8162 0.1907 -0.5454
vn 0.6941 0.1907 -0.6941
vn 0.5454 0.1907 -0.8162
vn 0.3757 0.1907 -0.9069
vn 0.1915 0.1907 -0.9628
vn -0.0000 0.1907 -0.9817
vn -0.1915 0.1907 -0.9628
vn -0.3757 0.1907 -0.9069
vn -0.5454 0.1907 -0.8162
vn -0.6941 0.1907 -0.6941
vn -0.8162 0.1907 -0.5454
vn -0.9069 0.1907 -0.3757
vn -0.9628 0.1907 -0.1915
vn -0.9817 0.1907 -0.0000
vn -0.9628 0.1907 0.1915
vn -0.9069 0.1907 0.3757
vn -0.8162 0.1907 0.5454
vn -0.6941 0.1907 0.6941
vn -0.5454 0.1907 0.8162
vn -0.3757 0.1907 0.9069
vn -0.1915 0.1907 0.9628
vn -0.0000 0.1907 0.9817
vn 0.1915 0.1907 0.9628
vn 0.3757 0.1907 0.9069
vn 0.5454 0.1907 0.8162
vn 0.6941 0.1907 0.6941
vn 0.8162 0.1907 0.5454
vn 0.9069 0.1907 0.3757
vn 0.9628 0.1907 0.1915
vn 0.9163 0.3566 -0.1823
vn 0.9343 0.3566 -0.0000
vn 0.8631 0.3566 -0.3575
vn 0.7768 0.3566 -0.5190
vn 0.6606 0.3566 -0.6606
vn 0.5190 0.3566 -0.7768
vn 0.3575 0.3566 -0.8631
vn 0.1823 0.3566 -0.9163
vn -0.0000 0.3566 -0.9343
vn -0.1823 0.3566 -0.9163
vn -0.3575 0.3566 -0.8631
vn -0.5190 0.3566 -0.7768
vn -0.6606 0.3566 -0.6606
vn -0.7768 0.3566 -0.5190
vn -0.8631 0.3566 -0.3575
vn -0.9163 0.3566 -0.1823
vn -0.9343 0.3566 -0.0000
vn -0.9163 0.3566 0.1823
vn -0.8631 0.3566 0.3575
vn -0.7768 0.3566 0.5190
vn -0.6606 0.3566 0.6606
vn -0.5190 0.3566 0.7768
vn -0.3575 0.3566 0.8631
vn -0.1823 0.3566 0.9163
vn -0.0000 0.3566 0.9343
vn 0.1823 0.3566 0.9163
vn 0.3575 0.3566 0.8631
vn 0.5190 0.3566 0.7768
vn 0.6606 0.3566 0.6606
vn 0.7768 0.3566 0.5190
vn 0.8631 0.3566 0.3575
vn 0.9163 0.3566 0.1823
vn 0.7934 0.5879 -0.1578
vn 0.8089 0.5879 -0.0000
vn 0.7474 0.5879 -0.3096
vn 0.6726 0.5879 -0.4494
vn 0.5720 0.5879 -0.5720
vn 0.4494 0.5879 -0.6726
vn 0.3096 0.5879 -0.7474
vn 0.1578 0.5879 -0.7934
vn -0.0000 0.5879 -0.8089
vn -0.1578 0.5879 -0.7934
vn -0.3096 0.5879 -0.7474
vn -0.4494 0.5879 -0.6726
vn -0.5720 0.5879 -0.5720
vn -0.6726 0.5879 -0.4494
vn -0.7474 0.5879 -0.3096
vn -0.7934 0.5879 -0.1578
vn -0.8089 0.5879 -0.0000
vn -0.7934 0.5879 0.1578
vn -0.7474 0.5879 0.3096
vn -0.6726 0.5879 0.4494
vn -0.5720 0.5879 0.5720
vn -0.4494 0.5879 0.6726
vn -0.3096 0.5879 0.7474
vn -0.1578 0.5879 0.7934
vn -0.0000 0.5879 0.8089
vn 0.1578 0.5879 0.7934
vn 0.3096 0.5879 0.7473
vn 0.4494 0.5879 0.6726
vn 0.5720 0.5879 0.5720
vn 0.6726 0.5879 0.4494
vn 0.7474 0.5879 0.3096
vn 0.7934 0.5879 0.1578
vn 0.5741 0.8108 -0.1142
vn 0.5853 0.8108 -0.0000
vn 0.5408 0.8108 -0.2240
vn 0.4867 0.8108 -0.3252
vn 0.4139 0.8108 -0.4139
vn 0.3252 0.8108 -0.4867
vn 0.2240 0.8108 -0.5408
vn 0.1142 0.8108 -0.5741
vn -0.0000 0.8108 -0.5853
vn -0.1142 0.8108 -0.5741
vn -0.2240 0.8108 -0.5408
vn -0.3252 0.8108 -0.4867
vn -0.4139 0.8108 -0.4139
vn -0.4867 0.8108 -0.3252
vn -0.5408 0.8108 -0.2240
vn -0.5741 0.8108 -0.1142
vn -0.5853 0.8108 -0.0000
vn -0.5741 0.8108 0.1142
vn -0.5408 0.8108 0.2240
vn -0.4867 0.8108 0.3252
vn -0.4139 0.8108 0.4139
vn -0.3252 0.8108 0.4867
vn -0.2240 0.8108 0.5408
vn -0.1142 0.8108 0.5741
vn -0.0000 0.8108 0.5853
vn 0.1142 0.8108 0.5741
vn 0.2240 0.8108 0.5408
vn 0.3252 0.8108 0.4867
vn 0.4139 0.8108 0.4139
vn 0.4867 0.8108 0.3252
vn 0.5408 0.8108 0.2240
vn 0.5741 0.8108 0.1142
vn 0.3306 0.9415 -0.0658
vn 0.3371 0.9415 -0.0000
vn 0.3114 0.9415 -0.1290
vn 0.2803 0.9415 -0.1873
vn 0.2384 0.9415 -0.2384
vn 0.1873 0.9415 -0.2803
vn 0.1290 0.9415 -0.3114
vn 0.0658 0.9415 -0.3306
vn -0.0000 0.9415 -0.3371
vn -0.0658 0.9415 -0.3306
vn -0.1290 0.9415 -0.3114
vn -0.1873 0.9415 -0.2803
vn -0.2384 0.9415 -0.2384
vn -0.2803 0.9415 -0.1873
vn -0.3114 0.9415 -0.1290
vn -0.3306 0.9415 -0.0658
vn -0.3371 0.9415 -0.0000
vn -0.3306 0.9415 0.0658
vn -0.3114 0.9415 0.1290
vn -0.2803 0.9415 0.1873
vn -0.2384 0.9415 0.2384
vn -0.1873 0.9415 0.2803
vn -0.1290 0.9415 0.3114
vn -0.0658 0.9415 0.3306
vn -0.0000 0.9415 0.3371
vn 0.0658 0.9415 0.3306
vn 0.1290 0.9415 0.3114
vn 0.1873 0.9415 0.2803
vn 0.2384 0.9415 0.2384
vn 0.2803 0.9415 0.1873
vn 0.3114 0.9415 0.1290
vn 0.3306 0.9415 0.0658
vn 0.1522 0.9879 -0.0303
vn 0.1552 0.9879 -0.0000
vn 0.1434 0.9879 -0.0594
vn 0.1290 0.9879 -0.0862
vn 0.1097 0.9879 -0.1097
vn 0.0862 0.9879 -0.1290
vn 0.0594 0.9879 -0.1434
vn 0.0303 0.9879 -0.1522
vn -0.0000 0.9879 -0.1552
vn -0.0303 0.9879 -0.1522
vn -0.0594 0.9879 -0.1434
vn -0.0862 0.9879 -0.1290
vn -0.1097 0.9879 -0.1097
vn -0.1290 0.9879 -0.0862
vn -0.1434 0.9879 -0.0594
vn -0.1522 0.9879 -0.0303
vn -0.1552 0.9879 -0.0000
vn -0.1522 0.9879 0.0303
vn -0.1434 0.9879 0.0594
vn -0.1290 0.9879 0.0862
vn -0.1097 0.9879 0.1097
vn -0.0862 0.9879 0.1290
vn -0.0594 0.9879 0.1434
vn -0.0303 0.9879 0.1522
vn -0.0000 0.9879 0.1552
vn 0.0303 0.9879 0.1522
vn 0.0594 0.9879 0.1434
vn 0.0862 0.9879 0.1290
vn 0.1097 0.9879 0.1097
vn 0.1290 0.9879 0.0862
vn 0.1434 0.9879 0.0594
vn 0.1522 0.9879 0.0303
vn 0.0529 0.9985 -0.0105
vn 0.0539 0.9985 -0.0000
vn 0.0498 0.9985 -0.0206
vn 0.0448 0.9985 -0.0299
vn 0.0381 0.9985 -0.0381
vn 0.0299 0.9985 -0.0448
vn 0.0206 0.9985 -0.0498
vn 0.0105 0.9985 -0.0529
vn -0.0000 0.9985 -0.0539
vn -0.0105 0.9985 -0.0529
vn -0.0206 0.9985 -0.0498
vn -0.0299 0.9985 -0.0448
vn -0.0381 0.9985 -0.0381
vn -0.0448 0.9985 -0.0299
vn -0.0498 0.9985 -0.0206
vn -0.0529 0.9985 -0.0105
vn -0.0539 0.9985 -0.0000
vn -0.0529 0.9985 0.0105
vn -0.0498 0.9985 0.0206
vn -0.0448 0.9985 0.0299
vn -0.0381 0.9985 0.0381
vn -0.0299 0.9985 0.0448
vn -0.0206 0.9985 0.0498
vn -0.0105 0.9985 0.0529
vn -0.0000 0.9985 0.0539
vn 0.0105 0.9985 0.0529
vn 0.0206 0.9985 0.0498
vn 0.0299 0.9985 0.0448
vn 0.0381 0.9985 0.0381
vn 0.0448 0.9985 0.0299
vn 0.0498 0.9985 0.0206
vn 0.0529 0.9985 0.0105
vn 0.0093 1.0000 -0.0018
vn 0.0094 1.0000 -0.0000
vn 0.0087 1.0000 -0.0036
vn 0.0078 1.0000 -0.0052
vn 0.0067 1.0000 -0.0067
vn 0.0052 1.0000 -0.0078
vn 0.0036 1.0000 -0.0087
vn 0.0018 1.0000 -0.0093
vn -0.0000 1.0000 -0.0094
vn -0.0018 1.0000 -0.0093
vn -0.0036 1.0000 -0.0087
vn -0.0052 1.0000 -0.0078
vn -0.0067 1.0000 -0.0067
vn -0.0078 1.0000 -0.0052
vn -0.0087 1.0000 -0.0036
vn -0.0092 1.0000 -0.0018
vn -0.0094 1.0000 -0.0000
vn -0.0093 1.0000 0.0018
vn -0.0087 1.0000 0.0036
vn -0.0078 1.0000 0.0052
vn -0.0067 1.0000 0.0067
vn -0.0052 1.0000 0.0078
vn -0.0036 1.0000 0.0087
vn -0.0018 1.0000 0.0093
vn -0.0000 1.0000 0.0094
vn 0.0018 1.0000 0.0093
vn 0.0036 1.0000 0.0087
vn 0.0052 1.0000 0.0078
vn 0.0067 1.0000 0.0067
vn 0.0078 1.0000 0.0052
vn 0.0087 1.0000 0.0036
vn 0.0092 1.0000 0.0018
vn -0.0020 1.0000 0.0004
vn -0.0021 1.0000 -0.0000
vn -0.0019 1.0000 0.0008
vn -0.0017 1.0000 0.0012
vn -0.0015 1.0000 0.0015
vn -0.0012 1.0000 0.0017
vn -0.0008 1.0000 0.0019
vn -0.0004 1.0000 0.0020
vn -0.0000 1.0000 0.0021
vn 0.0004 1.0000 0.0020
vn 0.0008 1.0000 0.0019
vn 0.0012 1.0000 0.0017
vn 0.0015 1.0000 0.0015
vn 0.0017 1.0000 0.0012
vn 0.0019 1.0000 0.0008
vn 0.0020 1.0000 0.0004
vn 0.0021 1.0000 -0.0000
vn 0.0020 1.0000 -0.0004
vn 0.0019 1.0000 -0.0008
vn 0.0017 1.0000 -0.0012
vn 0.0015 1.0000 -0.0015
vn 0.0012 1.0000 -0.0017
vn 0.0008 1.0000 -0.0019
vn 0.0004 1.0000 -0.0020
vn -0.0000 1.0000 -0.0021
vn -0.0004 1.0000 -0.0020
vn -0.0008 1.0000 -0.0019
vn -0.0012 1.0000 -0.0017
vn -0.0015 1.0000 -0.0015
vn -0.0017 1.0000 -0.0012
vn -0.0019 1.0000 -0.0008
vn -0.0020 1.0000 -0.0004
vn 0.6439 0.7651 -0.0000
vn 0.6315 0.7651 -0.1256
vn 0.7374 0.6593 -0.1467
vn 0.7519 0.6593 -0.0000
vn 0.5949 0.7651 -0.2464
vn 0.6946 0.6593 -0.2877
vn 0.5354 0.7651 -0.3577
vn 0.6252 0.6593 -0.4177
vn 0.4553 0.7651 -0.4553
vn 0.5317 0.6593 -0.5317
vn 0.3577 0.7651 -0.5354
vn 0.4177 0.6593 -0.6252
vn 0.2464 0.7651 -0.5949
vn 0.2877 0.6593 -0.6946
vn 0.1256 0.7651 -0.6315
vn 0.1467 0.6593 -0.7374
vn -0.0000 0.7651 -0.6439
vn -0.0000 0.6593 -0.7519
vn -0.1256 0.7651 -0.6315
vn -0.1467 0.6593 -0.7374
vn -0.2464 0.7651 -0.5949
vn -0.2877 0.6593 -0.6946
vn -0.3577 0.7651 -0.5354
vn -0.4177 0.6593 -0.6252
vn -0.4553 0.7651 -0.4553
vn -0.5317 0.6593 -0.5317
vn -0.5354 0.7651 -0.3577
vn -0.6252 0.6593 -0.4177
vn -0.5949 0.7651 -0.2464
vn -0.6946 0.6593 -0.2877
vn -0.6315 0.7651 -0.1256
vn -0.7374 0.6593 -0.1467
vn -0.6439 0.7651 -0.0000
vn -0.7519 0.6593 -0.0000
vn -0.6315 0.7651 0.1256
vn -0.7374 0.6593 0.1467
vn -0.5949 0.7651 0.2464
vn -0.6946 0.6593 0.2877
vn -0.5354 0.7651 0.3577
vn -0.6252 0.6593 0.4177
vn -0.4553 0.7651 0.4553
vn -0.5317 0.6593 0.5317
vn -0.3577 0.7651 0.5354
vn -0.4177 0.6593 0.6252
vn -0.2464 0.7651 0.5949
vn -0.2877 0.6593 0.6946
vn -0.1256 0.7651 0.6315
vn -0.1467 0.6593 0.7374
vn -0.0000 0.7651 0.6439
vn -0.0000 0.6593 0.7519
vn 0.1256 0.7651 0.6315
vn 0.1467 0.6593 0.7374
vn 0.2464 0.7651 0.5949
vn 0.2877 0.6593 0.6946
vn 0.3577 0.7651 0.5354
vn 0.4177 0.6593 0.6252
vn 0.4553 0.7651 0.4553
vn 0.5317 0.6593 0.5317
vn 0.5354 0.7651 0.3577
vn 0.6252 0.6593 0.4177
vn 0.5949 0.7651 0.2464
vn 0.6946 0.6593 0.2877
vn 0.6315 0.7651 0.1256
vn 0.7374 0.6593 0.1467
vn 0.8596 0.4816 -0.1710
vn 0.8764 0.4816 -0.0000
vn 0.8097 0.4816 -0.3354
vn 0.7287 0.4816 -0.4869
vn 0.6197 0.4816 -0.6197
vn 0.4869 0.4816 -0.7287
vn 0.3354 0.4816 -0.8097
vn 0.1710 0.4816 -0.8596
vn -0.0000 0.4816 -0.8764
vn -0.1710 0.4816 -0.8596
vn -0.3354 0.4816 -0.8097
vn -0.4869 0.4816 -0.7287
vn -0.6197 0.4816 -0.6197
vn -0.7287 0.4816 -0.4869
vn -0.8097 0.4816 -0.3354
vn -0.8596 0.4816 -0.1710
vn -0.8764 0.4816 -0.0000
vn -0.8596 0.4816 0.1710
vn -0.8097 0.4816 0.3354
vn -0.7287 0.4816 0.4869
vn -0.6197 0.4816 0.6197
vn -0.4869 0.4816 0.7287
vn -0.3354 0.4816 0.8097
vn -0.1710 0.4816 0.8596
vn -0.0000 0.4816 0.8764
vn 0.1710 0.4816 0.8596
vn 0.3354 0.4816 0.8097
vn 0.4869 0.4816 0.7287
vn 0.6197 0.4816 0.6197
vn 0.7287 0.4816 0.4869
vn 0.8097 0.4816 0.3354
vn 0.8596 0.4816 0.1710
vn 0.8991 0.3995 -0.1788
vn 0.9167 0.3995 -0.0000
vn 0.8470 0.3995 -0.3508
vn 0.7622 0.3995 -0.5093
vn 0.6482 0.3995 -0.6482
vn 0.5093 0.3995 -0.7622
vn 0.3508 0.3995 -0.8470
vn 0.1788 0.3995 -0.8991
vn -0.0000 0.3995 -0.9167
vn -0.1788 0.3995 -0.8991
vn -0.3508 0.3995 -0.8470
vn -0.5093 0.3995 -0.7622
vn -0.6482 0.3995 -0.6482
vn -0.7622 0.3995 -0.5093
vn -0.8470 0.3995 -0.3508
vn -0.8991 0.3995 -0.1788
vn -0.9167 0.3995 -0.0000
vn -0.8991 0.3995 0.1788
vn -0.8470 0.3995 0.3508
vn -0.7622 0.3995 0.5093
vn -0.6482 0.3995 0.6482
vn -0.5093 0.3995 0.7622
vn -0.3508 0.3995 0.8470
vn -0.1788 0.3995 0.8991
vn -0.0000 0.3995 0.9167
vn 0.1788 0.3995 0.8991
vn 0.3508 0.3995 0.8470
vn 0.5093 0.3995 0.7622
vn 0.6482 0.3995 0.6482
vn 0.7622 0.3995 0.5093
vn 0.8470 0.3995 0.3508
vn 0.8991 0.3995 0.1788
vn 0.9234 0.3370 -0.1837
vn 0.9415 0.3370 -0.0000
vn 0.8698 0.3370 -0.3603
vn 0.7828 0.3370 -0.5231
vn 0.6657 0.3370 -0.6657
vn 0.5231 0.3370 -0.7828
vn 0.3603 0.3370 -0.8698
vn 0.1837 0.3370 -0.9234
vn -0.0000 0.3370 -0.9415
vn -0.1837 0.3370 -0.9234
vn -0.3603 0.3370 -0.8698
vn -0.5231 0.3370 -0.7828
vn -0.6657 0.3370 -0.6657
vn -0.7828 0.3370 -0.5231
vn -0.8698 0.3370 -0.3603
vn -0.9234 0.3370 -0.1837
vn -0.9415 0.3370 -0.0000
vn -0.9234 0.3370 0.1837
vn -0.8698 0.3370 0.3603
vn -0.7828 0.3370 0.5231
vn -0.6657 0.3370 0.6657
vn -0.5231 0.3370 0.7828
vn -0.3603 0.3370 0.8698
vn -0.1837 0.3370 0.9234
vn -0.0000 0.3370 0.9415
vn 0.1837 0.3370 0.9234
vn 0.3603 0.3370 0.8698
vn 0.5231 0.3370 0.7828
vn 0.6657 0.3370 0.6657
vn 0.7828 0.3370 0.5231
vn 0.8698 0.3370 0.3603
vn 0.9234 0.3370 0.1837
vn 0.9419 0.2786 -0.1874
vn 0.9604 0.2786 -0.0000
vn 0.8873 0.2786 -0.3675
vn 0.7985 0.2786 -0.5336
vn 0.6791 0.2786 -0.6791
vn 0.5336 0.2786 -0.7985
vn 0.3675 0.2786 -0.8873
vn 0.1874 0.2786 -0.9419
vn -0.0000 0.2786 -0.9604
vn -0.1874 0.2786 -0.9419
vn -0.3675 0.2786 -0.8873
vn -0.5336 0.2786 -0.7985
vn -0.6791 0.2786 -0.6791
vn -0.7985 0.2786 -0.5336
vn -0.8873 0.2786 -0.3675
vn -0.9419 0.2786 -0.1874
vn -0.9604 0.2786 -0.0000
vn -0.9419 0.2786 0.1874
vn -0.8873 0.2786 0.3675
vn -0.7985 0.2786 0.5336
vn -0.6791 0.2786 0.6791
vn -0.5336 0.2786 0.7985
vn -0.3675 0.2786 0.8873
vn -0.1874 0.2786 0.9419
vn -0.0000 0.2786 0.9604
vn 0.1874 0.2786 0.9419
vn 0.3675 0.2786 0.8873
vn 0.5336 0.2786 0.7985
vn 0.6791 0.2786 0.6791
vn 0.7985 0.2786 0.5336
vn 0.8873 0.2786 0.3675
vn 0.9419 0.2786 0.1874
vn 0.9571 0.2184 -0.1904
vn 0.9759 0.2184 -0.0000
vn 0.9016 0.2184 -0.3734
vn 0.8114 0.2184 -0.5422
vn 0.6900 0.2184 -0.6900
vn 0.5422 0.2184 -0.8114
vn 0.3734 0.2184 -0.9016
vn 0.1904 0.2184 -0.9571
vn -0.0000 0.2184 -0.9759
vn -0.1904 0.2184 -0.9571
vn -0.3734 0.2184 -0.9016
vn -0.5422 0.2184 -0.8114
vn -0.6900 0.2184 -0.6900
vn -0.8114 0.2184 -0.5422
vn -0.9016 0.2184 -0.3734
vn -0.9571 0.2184 -0.1904
vn -0.9759 0.2184 -0.0000
vn -0.9571 0.2184 0.1904
vn -0.9016 0.2184 0.3734
vn -0.8114 0.2184 0.5422
vn -0.6900 0.2184 0.6900
vn -0.5422 0.2184 0.8114
vn -0.3734 0.2184 0.9016
vn -0.1904 0.2184 0.9571
vn -0.0000 0.2184 0.9759
vn 0.1904 0.2184 0.9571
vn 0.3734 0.2184 0.9016
vn 0.5422 0.2184 0.8114
vn 0.6900 0.2184 0.6900
vn 0.8114 0.2184 0.5422
vn 0.9016 0.2184 0.3734
vn 0.9571 0.2184 0.1904
vn 0.9692 0.1532 -0.1928
vn 0.9882 0.1532 -0.0000
vn 0.9130 0.1532 -0.3782
vn 0.8217 0.1532 -0.5490
vn 0.6988 0.1532 -0.6988
vn 0.5490 0.1532 -0.8217
vn 0.3782 0.1532 -0.9130
vn 0.1928 0.1532 -0.9692
vn -0.0000 0.1532 -0.9882
vn -0.1928 0.1532 -0.9692
vn -0.3782 0.1532 -0.9130
vn -0.5490 0.1532 -0.8217
vn -0.6988 0.1532 -0.6988
vn -0.8217 0.1532 -0.5490
vn -0.9130 0.1532 -0.3782
vn -0.9692 0.1532 -0.1928
vn -0.9882 0.1532 -0.0000
vn -0.9692 0.1532 0.1928
vn -0.9130 0.1532 0.3782
vn -0.8217 0.1532 0.5490
vn -0.6988 0.1532 0.6988
vn -0.5490 0.1532 0.8217
vn -0.3782 0.1532 0.9130
vn -0.1928 0.1532 0.9692
vn -0.0000 0.1532 0.9882
vn 0.1928 0.1532 0.9692
vn 0.3782 0.1532 0.9130
vn 0.5490 0.1532 0.8217
vn 0.6988 0.1532 0.6988
vn 0.8217 0.1532 0.5490
vn 0.9130 0.1532 0.3782
vn 0.9692 0.1532 0.1928
vn 0.9776 0.0805 -0.1945
vn 0.9968 0.0805 -0.0000
vn 0.9209 0.0805 -0.3814
vn 0.8288 0.0805 -0.5538
vn 0.7048 0.0805 -0.7048
vn 0.5538 0.0805 -0.8288
vn 0.3814 0.0805 -0.9209
vn 0.1945 0.0805 -0.9776
vn -0.0000 0.0805 -0.9968
vn -0.1945 0.0805 -0.9776
vn -0.3814 0.0805 -0.9209
vn -0.5538 0.0805 -0.8288
vn -0.7048 0.0805 -0.7048
vn -0.8288 0.0805 -0.5538
vn -0.9209 0.0805 -0.3814
vn -0.9776 0.0805 -0.1945
vn -0.9968 0.0805 -0.0000
vn -0.9776 0.0805 0.1945
vn -0.9209 0.0805 0.3814
vn -0.8288 0.0805 0.5538
vn -0.7048 0.0805 0.7048
vn -0.5538 0.0805 0.8288
vn -0.3814 0.0805 0.9209
vn -0.1945 0.0805 0.9776
vn -0.0000 0.0805 0.9968
vn 0.1945 0.0805 0.9776
vn 0.3814 0.0805 0.9209
vn 0.5538 0.0805 0.8288
vn 0.7048 0.0805 0.7048
vn 0.8288 0.0805 0.5538
vn 0.9209 0.0805 0.3814
vn 0.9776 0.0805 0.1945
vn 0.9808 -0.0013 -0.1951
vn 1.0000 -0.0013 -0.0000
vn 0.9239 -0.0013 -0.3827
vn 0.8315 -0.0013 -0.5556
vn 0.7071 -0.0013 -0.7071
vn 0.5556 -0.0013 -0.8315
vn 0.3827 -0.0013 -0.9239
vn 0.1951 -0.0013 -0.9808
vn -0.0000 -0.0013 -1.0000
vn -0.1951 -0.0013 -0.9808
vn -0.3827 -0.0013 -0.9239
vn -0.5556 -0.0013 -0.8315
vn -0.7071 -0.0013 -0.7071
vn -0.8315 -0.0013 -0.5556
vn -0.9239 -0.0013 -0.3827
vn -0.9808 -0.0013 -0.1951
vn -1.0000 -0.0013 -0.0000
vn -0.9808 -0.0013 0.1951
vn -0.9239 -0.0013 0.3827
vn -0.8315 -0.0013 0.5556
vn -0.7071 -0.0013 0.7071
vn -0.5556 -0.0013 0.8315
vn -0.3827 -0.0013 0.9239
vn -0.1951 -0.0013 0.9808
vn -0.0000 -0.0013 1.0000
vn 0.1951 -0.0013 0.9808
vn 0.3827 -0.0013 0.9239
vn 0.5556 -0.0013 0.8315
vn 0.7071 -0.0013 0.7071
vn 0.8315 -0.0013 0.5556
vn 0.9239 -0.0013 0.3827
vn 0.9808 -0.0013 0.1951
vn 0.9765 -0.0934 -0.1942
vn 0.9956 -0.0934 -0.0000
vn 0.9198 -0.0934 -0.3810
vn 0.8278 -0.0934 -0.5531
vn 0.7040 -0.0934 -0.7040
vn 0.5531 -0.0934 -0.8278
vn 0.3810 -0.0934 -0.9198
vn 0.1942 -0.0934 -0.9765
vn -0.0000 -0.0934 -0.9956
vn -0.1942 -0.0934 -0.9765
vn -0.3810 -0.0934 -0.9198
vn -0.5531 -0.0934 -0.8278
vn -0.7040 -0.0934 -0.7040
vn -0.8278 -0.0934 -0.5531
vn -0.9198 -0.0934 -0.3810
vn -0.9765 -0.0934 -0.1942
vn -0.9956 -0.0934 -0.0000
vn -0.9765 -0.0934 0.1942
vn -0.9198 -0.0934 0.3810
vn -0.8278 -0.0934 0.5531
vn -0.7040 -0.0934 0.7040
vn -0.5531 -0.0934 0.8278
vn -0.3810 -0.0934 0.9198
vn -0.1942 -0.0934 0.9765
vn -0.0000 -0.0934 0.9956
vn 0.1942 -0.0934 0.9765
vn 0.3810 -0.0934 0.9198
vn 0.5531 -0.0934 0.8278
vn 0.7040 -0.0934 0.7040
vn 0.8278 -0.0934 0.5531
vn 0.9198 -0.0934 0.3810
vn 0.9765 -0.0934 0.1942
vn 0.9618 -0.1960 -0.1913
vn 0.9806 -0.1960 -0.0000
vn 0.9060 -0.1960 -0.3753
vn 0.8153 -0.1960 -0.5448
vn 0.6934 -0.1960 -0.6934
vn 0.5448 -0.1960 -0.8153
vn 0.3753 -0.1960 -0.9060
vn 0.1913 -0.1960 -0.9618
vn -0.0000 -0.1960 -0.9806
vn -0.1913 -0.1960 -0.9618
vn -0.3753 -0.1960 -0.9060
vn -0.5448 -0.1960 -0.8153
vn -0.6934 -0.1960 -0.6934
vn -0.8153 -0.1960 -0.5448
vn -0.9060 -0.1960 -0.3753
vn -0.9618 -0.1960 -0.1913
vn -0.9806 -0.1960 -0.0000
vn -0.9618 -0.1960 0.1913
vn -0.9060 -0.1960 0.3753
vn -0.8153 -0.1960 0.5448
vn -0.6934 -0.1960 0.6934
vn -0.5448 -0.1960 0.8153
vn -0.3753 -0.1960 0.9060
vn -0.1913 -0.1960 0.9618
vn -0.0000 -0.1960 0.9806
vn 0.1913 -0.1960 0.9618
vn 0.3753 -0.1960 0.9060
vn 0.5448 -0.1960 0.8153
vn 0.6934 -0.1960 0.6934
vn 0.8153 -0.1960 0.5448
vn 0.9060 -0.1960 0.3753
vn 0.9618 -0.1960 0.1913
vn 0.9500 -0.2486 -0.1890
vn 0.9686 -0.2486 -0.0000
vn 0.8949 -0.2486 -0.3707
vn 0.8054 -0.2486 -0.5381
vn 0.6849 -0.2486 -0.6849
vn 0.5381 -0.2486 -0.8054
vn 0.3707 -0.2486 -0.8949
vn 0.1890 -0.2486 -0.9500
vn -0.0000 -0.2486 -0.9686
vn -0.1890 -0.2486 -0.9500
vn -0.3707 -0.2486 -0.8949
vn -0.5381 -0.2486 -0.8054
vn -0.6849 -0.2486 -0.6849
vn -0.8054 -0.2486 -0.5381
vn -0.8949 -0.2486 -0.3707
vn -0.9500 -0.2486 -0.1890
vn -0.9686 -0.2486 -0.0000
vn -0.9500 -0.2486 0.1890
vn -0.8949 -0.2486 0.3707
vn -0.8054 -0.2486 0.5381
vn -0.6849 -0.2486 0.6849
vn -0.5381 -0.2486 0.8054
vn -0.3707 -0.2486 0.8949
vn -0.1890 -0.2486 0.9500
vn -0.0000 -0.2486 0.9686
vn 0.1890 -0.2486 0.9500
vn 0.3707 -0.2486 0.8949
vn 0.5381 -0.2486 0.8054
vn 0.6849 -0.2486 0.6849
vn 0.8054 -0.2486 0.5381
vn 0.8949 -0.2486 0.3707
vn 0.9500 -0.2486 0.1890
vn 0.0814 -0.9965 -0.0162
vn 0.0830 -0.9965 -0.0000
vn 0.0767 -0.9965 -0.0318
vn 0.0690 -0.9965 -0.0461
vn 0.0587 -0.9965 -0.0587
vn 0.0461 -0.9965 -0.0690
vn 0.0318 -0.9965 -0.0767
vn 0.0162 -0.9965 -0.0814
vn -0.0000 -0.9965 -0.0830
vn -0.0162 -0.9965 -0.0814
vn -0.0318 -0.9965 -0.0767
vn -0.0461 -0.9965 -0.0690
vn -0.0587 -0.9965 -0.0587
vn -0.0690 -0.9965 -0.0461
vn -0.0767 -0.9965 -0.0318
vn -0.0814 -0.9965 -0.0162
vn -0.0830 -0.9965 -0.0000
vn -0.0814 -0.9965 0.0162
vn -0.0767 -0.9965 0.0318
vn -0.0690 -0.9965 0.0461
vn -0.0587 -0.9965 0.0587
vn -0.0461 -0.9965 0.0690
vn -0.0318 -0.9965 0.0767
vn -0.0162 -0.9965 0.0814
vn -0.0000 -0.9965 0.0830
vn 0.0162 -0.9965 0.0814
vn 0.0318 -0.9965 0.0767
vn 0.0461 -0.9965 0.0690
vn 0.0587 -0.9965 0.0587
vn 0.0690 -0.9965 0.0461
vn 0.0767 -0.9965 0.0318
vn 0.0814 -0.9965 0.0162
vn 0.3206 -0.9451 -0.0638
vn 0.3269 -0.9451 -0.0000
vn 0.3020 -0.9451 -0.1251
vn 0.2718 -0.9451 -0.1816
vn 0.2311 -0.9451 -0.2311
vn 0.1816 -0.9451 -0.2718
vn 0.1251 -0.9451 -0.3020
vn 0.0638 -0.9451 -0.3206
vn -0.0000 -0.9451 -0.3269
vn -0.0638 -0.9451 -0.3206
vn -0.1251 -0.9451 -0.3020
vn -0.1816 -0.9451 -0.2718
vn -0.2311 -0.9451 -0.2311
vn -0.2718 -0.9451 -0.1816
vn -0.3020 -0.9451 -0.1251
vn -0.3206 -0.9451 -0.0638
vn -0.3269 -0.9451 -0.0000
vn -0.3206 -0.9451 0.0638
vn -0.3020 -0.9451 0.1251
vn -0.2718 -0.9451 0.1816
vn -0.2311 -0.9451 0.2311
vn -0.1816 -0.9451 0.2718
vn -0.1251 -0.9451 0.3020
vn -0.0638 -0.9451 0.3206
vn -0.0000 -0.9451 0.3269
vn 0.0638 -0.9451 0.3206
vn 0.1251 -0.9451 0.3020
vn 0.1816 -0.9451 0.2718
vn 0.2311 -0.9451 0.2311
vn 0.2718 -0.9451 0.1816
vn 0.3020 -0.9451 0.1251
vn 0.3206 -0.9451 0.0638
vn 0.5968 -0.7936 -0.1187
vn 0.6085 -0.7936 -0.0000
vn 0.5621 -0.7936 -0.2328
vn 0.5059 -0.7936 -0.3380
vn 0.4302 -0.7936 -0.4302
vn 0.3380 -0.7936 -0.5059
vn 0.2328 -0.7936 -0.5621
vn 0.1187 -0.7936 -0.5968
vn -0.0000 -0.7936 -0.6085
vn -0.1187 -0.7936 -0.5968
vn -0.2328 -0.7936 -0.5621
vn -0.3380 -0.7936 -0.5059
vn -0.4302 -0.7936 -0.4302
vn -0.5059 -0.7936 -0.3380
vn -0.5621 -0.7936 -0.2328
vn -0.5968 -0.7936 -0.1187
vn -0.6085 -0.7936 -0.0000
vn -0.5968 -0.7936 0.1187
vn -0.5621 -0.7936 0.2328
vn -0.5059 -0.7936 0.3380
vn -0.4302 -0.7936 0.4302
vn -0.3380 -0.7936 0.5059
vn -0.2328 -0.7936 0.5621
vn -0.1187 -0.7936 0.5968
vn -0.0000 -0.7936 0.6085
vn 0.1187 -0.7936 0.5968
vn 0.2328 -0.7936 0.5621
vn 0.3380 -0.7936 0.5059
vn 0.4302 -0.7936 0.4302
vn 0.5059 -0.7936 0.3380
vn 0.5621 -0.7936 0.2328
vn 0.5968 -0.7936 0.1187
vn 0.7922 -0.5896 -0.1576
vn 0.8077 -0.5896 -0.0000
vn 0.7462 -0.5896 -0.3091
vn 0.6716 -0.5896 -0.4487
vn 0.5711 -0.5896 -0.5711
vn 0.4487 -0.5896 -0.6716
vn 0.3091 -0.5896 -0.7462
vn 0.1576 -0.5896 -0.7922
vn -0.0000 -0.5896 -0.8077
vn -0.1576 -0.5896 -0.7922
vn -0.3091 -0.5896 -0.7462
vn -0.4487 -0.5896 -0.6716
vn -0.5711 -0.5896 -0.5711
vn -0.6716 -0.5896 -0.4487
vn -0.7462 -0.5896 -0.3091
vn -0.7922 -0.5896 -0.1576
vn -0.8077 -0.5896 -0.0000
vn -0.7922 -0.5896 0.1576
vn -0.7462 -0.5896 0.3091
vn -0.6716 -0.5896 0.4487
vn -0.5711 -0.5896 0.5711
vn -0.4487 -0.5896 0.6716
vn -0.3091 -0.5896 0.7462
vn -0.1576 -0.5896 0.7922
vn -0.0000 -0.5896 0.8077
vn 0.1576 -0.5896 0.7922
vn 0.3091 -0.5896 0.7462
vn 0.4487 -0.5896 0.6716
vn 0.5711 -0.5896 0.5711
vn 0.6716 -0.5896 0.4487
vn 0.7462 -0.5896 0.3091
vn 0.7922 -0.5896 0.1576
vn 0.9070 -0.3806 -0.1804
vn 0.9247 -0.3806 -0.0000
vn 0.8544 -0.3806 -0.3539
vn 0.7689 -0.3806 -0.5138
vn 0.6539 -0.3806 -0.6539
vn 0.5138 -0.3806 -0.7689
vn 0.3539 -0.3806 -0.8544
vn 0.1804 -0.3806 -0.9070
vn -0.0000 -0.3806 -0.9247
vn -0.1804 -0.3806 -0.9070
vn -0.3539 -0.3806 -0.8544
vn -0.5138 -0.3806 -0.7689
vn -0.6539 -0.3806 -0.6539
vn -0.7689 -0.3806 -0.5138
vn -0.8544 -0.3806 -0.3539
vn -0.9070 -0.3806 -0.1804
vn -0.9247 -0.3806 -0.0000
vn -0.9070 -0.3806 0.1804
vn -0.8544 -0.3806 0.3539
vn -0.7689 -0.3806 0.5138
vn -0.6539 -0.3806 0.6539
vn -0.5138 -0.3806 0.7689
vn -0.3539 -0.3806 0.8544
vn -0.1804 -0.3806 0.9070
vn -0.0000 -0.3806 0.9247
vn 0.1804 -0.3806 0.9070
vn 0.3539 -0.3806 0.8544
vn 0.5138 -0.3806 0.7689
vn 0.6539 -0.3806 0.6539
vn 0.7689 -0.3806 0.5138
vn 0.8544 -0.3806 0.3539
vn 0.9070 -0.3806 0.1804
vn 0.9639 -0.1850 -0.1917
vn 0.9827 -0.1850 -0.0000
vn 0.9079 -0.1850 -0.3761
vn 0.8171 -0.1850 -0.5460
vn 0.6949 -0.1850 -0.6949
vn 0.5460 -0.1850 -0.8171
vn 0.3761 -0.1850 -0.9079
vn 0.1917 -0.1850 -0.9639
vn -0.0000 -0.1850 -0.9827
vn -0.1917 -0.1850 -0.9639
vn -0.3761 -0.1850 -0.9079
vn -0.5460 -0.1850 -0.8171
vn -0.6949 -0.1850 -0.6949
vn -0.8171 -0.1850 -0.5460
vn -0.9079 -0.1850 -0.3761
vn -0.9639 -0.1850 -0.1917
vn -0.9827 -0.1850 -0.0000
vn -0.9639 -0.1850 0.1917
vn -0.9079 -0.1850 0.3761
vn -0.8171 -0.1850 0.5460
vn -0.6949 -0.1850 0.6949
vn -0.5460 -0.1850 0.8171
vn -0.3761 -0.1850 0.9079
vn -0.1917 -0.1850 0.9639
vn -0.0000 -0.1850 0.9827
vn 0.1917 -0.1850 0.9639
vn 0.3761 -0.1850 0.9079
vn 0.5460 -0.1850 0.8171
vn 0.6949 -0.1850 0.6949
vn 0.8171 -0.1850 0.5460
vn 0.9079 -0.1850 0.3761
vn 0.9639 -0.1850 0.1917
vn 0.9639 0.1850 -0.1917
vn 0.9827 0.1850 -0.0000
vn 0.9079 0.1850 -0.3761
vn 0.8171 0.1850 -0.5460
vn 0.6949 0.1850 -0.6949
vn 0.5460 0.1850 -0.8171
vn 0.3761 0.1850 -0.9079
vn 0.1917 0.1850 -0.9639
vn -0.0000 0.1850 -0.9827
vn -0.1917 0.1850 -0.9639
vn -0.3761 0.1850 -0.9079
vn -0.5460 0.1850 -0.8171
vn -0.6949 0.1850 -0.6949
vn -0.8171 0.1850 -0.5460
vn -0.9079 0.1850 -0.3761
vn -0.9639 0.1850 -0.1917
vn -0.9827 0.1850 -0.0000
vn -0.9639 0.1850 0.1917
vn -0.9079 0.1850 0.3761
vn -0.8171 0.1850 0.5460
vn -0.6949 0.1850 0.6949
vn -0.5460 0.1850 0.8171
vn -0.3761 0.1850 0.9079
vn -0.1917 0.1850 0.9639
vn -0.0000 0.1850 0.9827
vn 0.1917 0.1850 0.9639
vn 0.3761 0.1850 0.9079
vn 0.5460 0.1850 0.8171
vn 0.6949 0.1850 0.6949
vn 0.8171 0.1850 0.5460
vn 0.9079 0.1850 0.3761
vn 0.9639 0.1850 0.1917
vn 0.9070 0.3806 -0.1804
vn 0.9247 0.3806 -0.0000
vn 0.8544 0.3806 -0.3539
vn 0.7689 0.3806 -0.5138
vn 0.6539 0.3806 -0.6539
vn 0.5138 0.3806 -0.7689
vn 0.3539 0.3806 -0.8544
vn 0.1804 0.3806 -0.9070
vn -0.0000 0.3806 -0.9247
vn -0.1804 0.3806 -0.9070
vn -0.3539 0.3806 -0.8544
vn -0.5138 0.3806 -0.7689
vn -0.6539 0.3806 -0.6539
vn -0.7689 0.3806 -0.5138
vn -0.8544 0.3806 -0.3539
vn -0.9070 0.3806 -0.1804
vn -0.9247 0.3806 -0.0000
vn -0.9070 0.3806 0.1804
vn -0.8544 0.3806 0.3539
vn -0.7689 0.3806 0.5138
vn -0.6539 0.3806 0.6539
vn -0.5138 0.3806 0.7689
vn -0.3539 0.3806 0.8544
vn -0.1804 0.3806 0.9070
vn -0.0000 0.3806 0.9247
vn 0.1804 0.3806 0.9070
vn 0.3539 0.3806 0.8544
vn 0.5138 0.3806 0.7689
vn 0.6539 0.3806 0.6539
vn 0.7689 0.3806 0.5138
vn 0.8544 0.3806 0.3539
vn 0.9070 0.3806 0.1804
vn 0.7922 0.5896 -0.1576
vn 0.8077 0.5896 -0.0000
vn 0.7462 0.5896 -0.3091
vn 0.6716 0.5896 -0.4487
vn 0.5711 0.5896 -0.5711
vn 0.4487 0.5896 -0.6716
vn 0.3091 0.5896 -0.7462
vn 0.1576 0.5896 -0.7922
vn -0.0000 0.5896 -0.8077
vn -0.1576 0.5896 -0.7922
vn -0.3091 0.5896 -0.7462
vn -0.4487 0.5896 -0.6716
vn -0.5711 0.5896 -0.5711
vn -0.6716 0.5896 -0.4487
vn -0.7462 0.5896 -0.3091
vn -0.7922 0.5896 -0.1576
vn -0.8077 0.5896 -0.0000
vn -0.7922 0.5896 0.1576
vn -0.7462 0.5896 0.3091
vn -0.6716 0.5896 0.4487
vn -0.5711 0.5896 0.5711
vn -0.4487 0.5896 0.6716
vn -0.3091 0.5896 0.7462
vn -0.1576 0.5896 0.7922
vn -0.0000 0.5896 0.8077
vn 0.1576 0.5896 0.7922
vn 0.3091 0.5896 0.7462
vn 0.4487 0.5896 0.6716
vn 0.5711 0.5896 0.5711
vn 0.6716 0.5896 0.4487
vn 0.7462 0.5896 0.3091
vn 0.7922 0.5896 0.1576
vn 0.5968 0.7936 -0.1187
vn 0.6085 0.7936 -0.0000
vn 0.5621 0.7936 -0.2328
vn 0.5059 0.7936 -0.3380
vn 0.4302 0.7936 -0.4302
vn 0.3380 0.7936 -0.5059
vn 0.2328 0.7936 -0.5621
vn 0.1187 0.7936 -0.5968
vn -0.0000 0.7936 -0.6085
vn -0.1187 0.7936 -0.5968
vn -0.2328 0.7936 -0.5621
vn -0.3380 0.7936 -0.5059
vn -0.4302 0.7936 -0.4302
vn -0.5059 0.7936 -0.3380
vn -0.5621 0.7936 -0.2328
vn -0.5968 0.7936 -0.1187
vn -0.6085 0.7936 -0.0000
vn -0.5968 0.7936 0.1187
vn -0.5621 0.7936 0.2328
vn -0.5059 0.7936 0.3380
vn -0.4302 0.7936 0.4302
vn -0.3380 0.7936 0.5059
vn -0.2328 0.7936 0.5621
vn -0.1187 0.7936 0.5968
vn -0.0000 0.7936 0.6085
vn 0.1187 0.7936 0.5968
vn 0.2328 0.7936 0.5621
vn 0.3380 0.7936 0.5059
vn 0.4302 0.7936 0.4302
vn 0.5059 0.7936 0.3380
vn 0.5621 0.7936 0.2328
vn 0.5968 0.7936 0.1187
vn 0.3206 0.9451 -0.0638
vn 0.3269 0.9451 -0.0000
vn 0.3020 0.9451 -0.1251
vn 0.2718 0.9451 -0.1816
vn 0.2311 0.9451 -0.2311
vn 0.1816 0.9451 -0.2718
vn 0.1251 0.9451 -0.3020
vn 0.0638 0.9451 -0.3206
vn -0.0000 0.9451 -0.3269
vn -0.0638 0.9451 -0.3206
vn -0.1251 0.9451 -0.3020
vn -0.1816 0.9451 -0.2718
vn -0.2311 0.9451 -0.2311
vn -0.2718 0.9451 -0.1816
vn -0.3020 0.9451 -0.1251
vn -0.3206 0.9451 -0.0638
vn -0.3269 0.9451 -0.0000
vn -0.3206 0.9451 0.0638
vn -0.3020 0.9451 0.1251
vn -0.2718 0.9451 0.1816
vn -0.2311 0.9451 0.2311
vn -0.1816 0.9451 0.2718
vn -0.1251 0.9451 0.3020
vn -0.0638 0.9451 0.3206
vn -0.0000 0.9451 0.3269
vn 0.0638 0.9451 0.3206
vn 0.1251 0.9451 0.3020
vn 0.1816 0.9451 0.2718
vn 0.2311 0.9451 0.2311
vn 0.2718 0.9451 0.1816
vn 0.3020 0.9451 0.1251
vn 0.3206 0.9451 0.0638
vn 0.0814 0.9965 -0.0162
vn 0.0830 0.9965 -0.0000
vn 0.0767 0.9965 -0.0318
vn 0.0690 0.9965 -0.0461
vn 0.0587 0.9965 -0.0587
vn 0.0461 0.9965 -0.0690
vn 0.0318 0.9965 -0.0767
vn 0.0162 0.9965 -0.0814
vn -0.0000 0.9965 -0.0830
vn -0.0162 0.9965 -0.0814
vn -0.0318 0.9965 -0.0767
vn -0.0461 0.9965 -0.0690
vn -0.0587 0.9965 -0.0587
vn -0.0690 0.9965 -0.0461
vn -0.0767 0.9965 -0.0318
vn -0.0814 0.9965 -0.0162
vn -0.0830 0.9965 -0.0000
vn -0.0814 0.9965 0.0162
vn -0.0767 0.9965 0.0318
vn -0.0690 0.9965 0.0461
vn -0.0587 0.9965 0.0587
vn -0.0461 0.9965 0.0690
vn -0.0318 0.9965 0.0767
vn -0.0162 0.9965 0.0814
vn -0.0000 0.9965 0.0830
vn 0.0162 0.9965 0.0814
vn 0.0318 0.9965 0.0767
vn 0.0461 0.9965 0.0690
vn 0.0587 0.9965 0.0587
vn 0.0690 0.9965 0.0461
vn 0.0767 0.9965 0.0318
vn 0.0814 0.9965 0.0162
vn -0.0000 1.0000 -0.0000
vn -0.0001 1.0000 -0.0000
vn 0.0001 1.0000 -0.0000
vn 0.0003 1.0000 -0.0000
vn -0.0000 1.0000 0.0001
vn -0.0000 1.0000 -0.0001
vn 1.0000 -0.0047 -0.0000
vn 0.9808 -0.0047 -0.1951
vn 0.9808 -0.0072 -0.1951
vn 1.0000 -0.0072 -0.0000
vn 0.9239 -0.0047 -0.3827
vn 0.9239 -0.0072 -0.3827
vn 0.8315 -0.0047 -0.5556
vn 0.8314 -0.0072 -0.5556
vn 0.7071 -0.0047 -0.7071
vn 0.7071 -0.0072 -0.7071
vn 0.5556 -0.0047 -0.8315
vn 0.5556 -0.0072 -0.8314
vn 0.3827 -0.0047 -0.9239
vn 0.3827 -0.0072 -0.9239
vn 0.1951 -0.0047 -0.9808
vn 0.1951 -0.0072 -0.9808
vn -0.0000 -0.0047 -1.0000
vn -0.0000 -0.0072 -1.0000
vn -0.1951 -0.0047 -0.9808
vn -0.1951 -0.0072 -0.9808
vn -0.3827 -0.0047 -0.9239
vn -0.3827 -0.0072 -0.9239
vn -0.5556 -0.0047 -0.8315
vn -0.5556 -0.0072 -0.8315
vn -0.7071 -0.0047 -0.7071
vn -0.7071 -0.0072 -0.7071
vn -0.8315 -0.0047 -0.5556
vn -0.8314 -0.0072 -0.5556
vn -0.9239 -0.0047 -0.3827
vn -0.9239 -0.0072 -0.3827
vn -0.9808 -0.0047 -0.1951
vn -0.9808 -0.0072 -0.1951
vn -1.0000 -0.0047 -0.0000
vn -1.0000 -0.0072 -0.0000
vn -0.9808 -0.0047 0.1951
vn -0.9808 -0.0072 0.1951
vn -0.9239 -0.0047 0.3827
vn -0.9239 -0.0072 0.3827
vn -0.8315 -0.0047 0.5556
vn -0.8314 -0.0072 0.5556
vn -0.7071 -0.0047 0.7071
vn -0.7071 -0.0072 0.7071
vn -0.5556 -0.0047 0.8315
vn -0.5556 -0.0072 0.8314
vn -0.3827 -0.0047 0.9239
vn -0.3827 -0.0072 0.9239
vn -0.1951 -0.0047 0.9808
vn -0.1951 -0.0072 0.9808
vn -0.0000 -0.0047 1.0000
vn -0.0000 -0.0072 1.0000
vn 0.1951 -0.0047 0.9808
vn 0.1951 -0.0072 0.9808
vn 0.3827 -0.0047 0.9239
vn 0.3827 -0.0072 0.9239
vn 0.5556 -0.0047 0.8315
vn 0.5556 -0.0072 0.8314
vn 0.7071 -0.0047 0.7071
vn 0.7071 -0.0072 0.7071
vn 0.8315 -0.0047 0.5556
vn 0.8314 -0.0072 0.5556
vn 0.9239 -0.0047 0.3827
vn 0.9239 -0.0072 0.3827
vn 0.9808 -0.0047 0.1951
vn 0.9808 -0.0072 0.1951
vn 0.9807 -0.0109 -0.1951
vn 0.9999 -0.0109 -0.0000
vn 0.9238 -0.0109 -0.3827
vn 0.8314 -0.0109 -0.5555
vn 0.7071 -0.0109 -0.7071
vn 0.5555 -0.0109 -0.8314
vn 0.3827 -0.0109 -0.9238
vn 0.1951 -0.0109 -0.9807
vn -0.0000 -0.0109 -0.9999
vn -0.1951 -0.0109 -0.9807
vn -0.3827 -0.0109 -0.9238
vn -0.5555 -0.0109 -0.8314
vn -0.7071 -0.0109 -0.7071
vn -0.8314 -0.0109 -0.5555
vn -0.9238 -0.0109 -0.3827
vn -0.9807 -0.0109 -0.1951
vn -0.9999 -0.0109 -0.0000
vn -0.9807 -0.0109 0.1951
vn -0.9238 -0.0109 0.3827
vn -0.8314 -0.0109 0.5555
vn -0.7071 -0.0109 0.7071
vn -0.5555 -0.0109 0.8314
vn -0.3827 -0.0109 0.9238
vn -0.1951 -0.0109 0.9807
vn -0.0000 -0.0109 0.9999
vn 0.1951 -0.0109 0.9807
vn 0.3827 -0.0109 0.9238
vn 0.5555 -0.0109 0.8314
vn 0.7071 -0.0109 0.7071
vn 0.8314 -0.0109 0.5555
vn 0.9238 -0.0109 0.3827
vn 0.9807 -0.0109 0.1951
vn 0.9807 -0.0127 -0.1951
vn 0.9999 -0.0127 -0.0000
vn 0.9238 -0.0127 -0.3827
vn 0.8314 -0.0127 -0.5555
vn 0.7070 -0.0127 -0.7071
vn 0.5555 -0.0127 -0.8314
vn 0.3827 -0.0127 -0.9238
vn 0.1951 -0.0127 -0.9807
vn -0.0000 -0.0127 -0.9999
vn -0.1951 -0.0127 -0.9807
vn -0.3827 -0.0127 -0.9238
vn -0.5555 -0.0127 -0.8314
vn -0.7070 -0.0127 -0.7071
vn -0.8314 -0.0127 -0.5555
vn -0.9238 -0.0127 -0.3827
vn -0.9807 -0.0127 -0.1951
vn -0.9999 -0.0127 -0.0000
vn -0.9807 -0.0127 0.1951
vn -0.9238 -0.0127 0.3827
vn -0.8314 -0.0127 0.5555
vn -0.7070 -0.0127 0.7070
vn -0.5555 -0.0127 0.8314
vn -0.3827 -0.0127 0.9238
vn -0.1951 -0.0127 0.9807
vn -0.0000 -0.0127 0.9999
vn 0.1951 -0.0127 0.9807
vn 0.3827 -0.0127 0.9238
vn 0.5555 -0.0127 0.8314
vn 0.7070 -0.0127 0.7071
vn 0.8314 -0.0127 0.5555
vn 0.9238 -0.0127 0.3827
vn 0.9807 -0.0127 0.1951
vn 0.9807 -0.0137 -0.1951
vn 0.9999 -0.0137 -0.0000
vn 0.9238 -0.0137 -0.3826
vn 0.8314 -0.0137 -0.5555
vn 0.7070 -0.0137 -0.7070
vn 0.5555 -0.0137 -0.8314
vn 0.3826 -0.0137 -0.9238
vn 0.1951 -0.0137 -0.9807
vn -0.0000 -0.0137 -0.9999
vn -0.1951 -0.0137 -0.9807
vn -0.3826 -0.0137 -0.9238
vn -0.5555 -0.0137 -0.8314
vn -0.7070 -0.0137 -0.7070
vn -0.8314 -0.0137 -0.5555
vn -0.9238 -0.0137 -0.3826
vn -0.9807 -0.0137 -0.1951
vn -0.9999 -0.0137 -0.0000
vn -0.9807 -0.0137 0.1951
vn -0.9238 -0.0137 0.3826
vn -0.8314 -0.0137 0.5555
vn -0.7070 -0.0137 0.7070
vn -0.5555 -0.0137 0.8314
vn -0.3826 -0.0137 0.9238
vn -0.1951 -0.0137 0.9807
vn -0.0000 -0.0137 0.9999
vn 0.1951 -0.0137 0.9807
vn 0.3826 -0.0137 0.9238
vn 0.5555 -0.0137 0.8314
vn 0.7070 -0.0137 0.7070
vn 0.8314 -0.0137 0.5555
vn 0.9238 -0.0137 0.3826
vn 0.9807 -0.0137 0.1951
vn 0.9807 -0.0142 -0.1951
vn 0.9999 -0.0142 -0.0000
vn 0.9238 -0.0142 -0.3826
vn 0.8314 -0.0142 -0.5555
vn 0.7070 -0.0142 -0.7070
vn 0.5555 -0.0142 -0.8314
vn 0.3826 -0.0142 -0.9238
vn 0.1951 -0.0142 -0.9807
vn -0.0000 -0.0142 -0.9999
vn -0.1951 -0.0142 -0.9807
vn -0.3826 -0.0142 -0.9238
vn -0.5555 -0.0142 -0.8314
vn -0.7070 -0.0142 -0.7070
vn -0.8314 -0.0142 -0.5555
vn -0.9238 -0.0142 -0.3826
vn -0.9807 -0.0142 -0.1951
vn -0.9999 -0.0142 -0.0000
vn -0.9807 -0.0142 0.1951
vn -0.9238 -0.0142 0.3826
vn -0.8314 -0.0142 0.5555
vn -0.7070 -0.0142 0.7070
vn -0.5555 -0.0142 0.8314
vn -0.3826 -0.0142 0.9238
vn -0.1951 -0.0142 0.9807
vn -0.0000 -0.0142 0.9999
vn 0.1951 -0.0142 0.9807
vn 0.3826 -0.0142 0.9238
vn 0.5555 -0.0142 0.8314
vn 0.7070 -0.0142 0.7070
vn 0.8314 -0.0142 0.5555
vn 0.9238 -0.0142 0.3826
vn 0.9807 -0.0142 0.1951
vn 0.9807 -0.0143 -0.1951
vn 0.9999 -0.0143 -0.0000
vn 0.9238 -0.0143 -0.3826
vn 0.8314 -0.0143 -0.5555
vn 0.7070 -0.0143 -0.7070
vn 0.5555 -0.0143 -0.8314
vn 0.3826 -0.0143 -0.9238
vn 0.1951 -0.0143 -0.9807
vn -0.0000 -0.0143 -0.9999
vn -0.1951 -0.0143 -0.9807
vn -0.3826 -0.0143 -0.9238
vn -0.5555 -0.0143 -0.8314
vn -0.7070 -0.0143 -0.7070
vn -0.8314 -0.0143 -0.5555
vn -0.9238 -0.0143 -0.3826
vn -0.9807 -0.0143 -0.1951
vn -0.9999 -0.0143 -0.0000
vn -0.9807 -0.0143 0.1951
vn -0.9238 -0.0143 0.3826
vn -0.8314 -0.0143 0.5555
vn -0.7070 -0.0143 0.7070
vn -0.5555 -0.0143 0.8314
vn -0.3826 -0.0143 0.9238
vn -0.1951 -0.0143 0.9807
vn -0.0000 -0.0143 0.9999
vn 0.1951 -0.0143 0.9807
vn 0.3826 -0.0143 0.9238
vn 0.5555 -0.0143 0.8314
vn 0.7070 -0.0143 0.7070
vn 0.8314 -0.0143 0.5555
vn 0.9238 -0.0143 0.3826
vn 0.9807 -0.0143 0.1951
vn 0.9807 -0.0140 -0.1951
vn 0.9999 -0.0140 -0.0000
vn 0.9238 -0.0140 -0.3826
vn 0.8314 -0.0140 -0.5555
vn 0.7070 -0.0140 -0.7070
vn 0.5555 -0.0140 -0.8314
vn 0.3826 -0.0140 -0.9238
vn 0.1951 -0.0140 -0.9807
vn -0.0000 -0.0140 -0.9999
vn -0.1951 -0.0140 -0.9807
vn -0.3826 -0.0140 -0.9238
vn -0.5555 -0.0140 -0.8314
vn -0.7070 -0.0140 -0.7070
vn -0.8314 -0.0140 -0.5555
vn -0.9238 -0.0140 -0.3826
vn -0.9807 -0.0140 -0.1951
vn -0.9999 -0.0140 -0.0000
vn -0.9807 -0.0140 0.1951
vn -0.9238 -0.0140 0.3826
vn -0.8314 -0.0140 0.5555
vn -0.7070 -0.0140 0.7070
vn -0.5555 -0.0140 0.8314
vn -0.3826 -0.0140 0.9238
vn -0.1951 -0.0140 0.9807
vn -0.0000 -0.0140 0.9999
vn 0.1951 -0.0140 0.9807
vn 0.3826 -0.0140 0.9238
vn 0.5555 -0.0140 0.8314
vn 0.7070 -0.0140 0.7070
vn 0.8314 -0.0140 0.5555
vn 0.9238 -0.0140 0.3826
vn 0.9807 -0.0140 0.1951
vn 0.9807 -0.0134 -0.1951
vn 0.9999 -0.0134 -0.0000
vn 0.9238 -0.0134 -0.3826
vn 0.8314 -0.0134 -0.5555
vn 0.7070 -0.0134 -0.7070
vn 0.5555 -0.0134 -0.8314
vn 0.3826 -0.0134 -0.9238
vn 0.1951 -0.0134 -0.9807
vn -0.0000 -0.0134 -0.9999
vn -0.1951 -0.0134 -0.9807
vn -0.3826 -0.0134 -0.9238
vn -0.5555 -0.0134 -0.8314
vn -0.7070 -0.0134 -0.7070
vn -0.8314 -0.0134 -0.5555
vn -0.9238 -0.0134 -0.3826
vn -0.9807 -0.0134 -0.1951
vn -0.9999 -0.0134 -0.0000
vn -0.9807 -0.0134 0.1951
vn -0.9238 -0.0134 0.3826
vn -0.8314 -0.0134 0.5555
vn -0.7070 -0.0134 0.7070
vn -0.5555 -0.0134 0.8314
vn -0.3826 -0.0134 0.9238
vn -0.1951 -0.0134 0.9807
vn -0.0000 -0.0134 0.9999
vn 0.1951 -0.0134 0.9807
vn 0.3826 -0.0134 0.9238
vn 0.5555 -0.0134 0.8314
vn 0.7070 -0.0134 0.7070
vn 0.8314 -0.0134 0.5555
vn 0.9238 -0.0134 0.3826
vn 0.9807 -0.0134 0.1951
vn 0.9807 -0.0122 -0.1951
vn 0.9999 -0.0122 -0.0000
vn 0.9238 -0.0122 -0.3827
vn 0.8314 -0.0122 -0.5555
vn 0.7071 -0.0122 -0.7071
vn 0.5555 -0.0122 -0.8314
vn 0.3827 -0.0122 -0.9238
vn 0.1951 -0.0122 -0.9807
vn -0.0000 -0.0122 -0.9999
vn -0.1951 -0.0122 -0.9807
vn -0.3827 -0.0122 -0.9238
vn -0.5555 -0.0122 -0.8314
vn -0.7071 -0.0122 -0.7071
vn -0.8314 -0.0122 -0.5555
vn -0.9238 -0.0122 -0.3827
vn -0.9807 -0.0122 -0.1951
vn -0.9999 -0.0122 -0.0000
vn -0.9807 -0.0122 0.1951
vn -0.9238 -0.0122 0.3827
vn -0.8314 -0.0122 0.5555
vn -0.7071 -0.0122 0.7071
vn -0.5555 -0.0122 0.8314
vn -0.3827 -0.0122 0.9238
vn -0.1951 -0.0122 0.9807
vn -0.0000 -0.0122 0.9999
vn 0.1951 -0.0122 0.9807
vn 0.3827 -0.0122 0.9238
vn 0.5555 -0.0122 0.8314
vn 0.7071 -0.0122 0.7071
vn 0.8314 -0.0122 0.5555
vn 0.9238 -0.0122 0.3827
vn 0.9807 -0.0122 0.1951
vn 0.9807 -0.0102 -0.1951
vn 0.9999 -0.0102 -0.0000
vn 0.9238 -0.0102 -0.3827
vn 0.8314 -0.0102 -0.5555
vn 0.7071 -0.0102 -0.7071
vn 0.5555 -0.0102 -0.8314
vn 0.3827 -0.0102 -0.9238
vn 0.1951 -0.0102 -0.9807
vn -0.0000 -0.0102 -0.9999
vn -0.1951 -0.0102 -0.9807
vn -0.3827 -0.0102 -0.9238
vn -0.5555 -0.0102 -0.8314
vn -0.7071 -0.0102 -0.7071
vn -0.8314 -0.0102 -0.5555
vn -0.9238 -0.0102 -0.3827
vn -0.9807 -0.0102 -0.1951
vn -0.9999 -0.0102 -0.0000
vn -0.9807 -0.0102 0.1951
vn -0.9238 -0.0102 0.3827
vn -0.8314 -0.0102 0.5555
vn -0.7071 -0.0102 0.7071
vn -0.5555 -0.0102 0.8314
vn -0.3827 -0.0102 0.9238
vn -0.1951 -0.0102 0.9807
vn -0.0000 -0.0102 0.9999
vn 0.1951 -0.0102 0.9807
vn 0.3827 -0.0102 0.9238
vn 0.5555 -0.0102 0.8314
vn 0.7071 -0.0102 0.7071
vn 0.8314 -0.0102 0.5555
vn 0.9238 -0.0102 0.3827
vn 0.9807 -0.0102 0.1951
vn 0.9808 -0.0065 -0.1951
vn 1.0000 -0.0065 -0.0000
vn 0.9239 -0.0065 -0.3827
vn 0.8315 -0.0065 -0.5556
vn 0.7071 -0.0065 -0.7071
vn 0.5556 -0.0065 -0.8315
vn 0.3827 -0.0065 -0.9239
vn 0.1951 -0.0065 -0.9808
vn -0.0000 -0.0065 -1.0000
vn -0.1951 -0.0065 -0.9808
vn -0.3827 -0.0065 -0.9239
vn -0.5556 -0.0065 -0.8315
vn -0.7071 -0.0065 -0.7071
vn -0.8315 -0.0065 -0.5556
vn -0.9239 -0.0065 -0.3827
vn -0.9808 -0.0065 -0.1951
vn -1.0000 -0.0065 -0.0000
vn -0.9808 -0.0065 0.1951
vn -0.9239 -0.0065 0.3827
vn -0.8315 -0.0065 0.5556
vn -0.7071 -0.0065 0.7071
vn -0.5556 -0.0065 0.8315
vn -0.3827 -0.0065 0.9239
vn -0.1951 -0.0065 0.9808
vn -0.0000 -0.0065 1.0000
vn 0.1951 -0.0065 0.9808
vn 0.3827 -0.0065 0.9239
vn 0.5556 -0.0065 0.8315
vn 0.7071 -0.0065 0.7071
vn 0.8315 -0.0065 0.5556
vn 0.9239 -0.0065 0.3827
vn 0.9808 -0.0065 0.1951
vn 0.9808 -0.0041 -0.1951
vn 1.0000 -0.0041 -0.0000
vn 0.9239 -0.0041 -0.3827
vn 0.8315 -0.0041 -0.5556
vn 0.7071 -0.0041 -0.7071
vn 0.5556 -0.0041 -0.8315
vn 0.3827 -0.0041 -0.9239
vn 0.1951 -0.0041 -0.9808
vn -0.0000 -0.0041 -1.0000
vn -0.1951 -0.0041 -0.9808
vn -0.3827 -0.0041 -0.9239
vn -0.5556 -0.0041 -0.8315
vn -0.7071 -0.0041 -0.7071
vn -0.8315 -0.0041 -0.5556
vn -0.9239 -0.0041 -0.3827
vn -0.9808 -0.0041 -0.1951
vn -1.0000 -0.0041 -0.0000
vn -0.9808 -0.0041 0.1951
vn -0.9239 -0.0041 0.3827
vn -0.8315 -0.0041 0.5556
vn -0.7071 -0.0041 0.7071
vn -0.5556 -0.0041 0.8315
vn -0.3827 -0.0041 0.9239
vn -0.1951 -0.0041 0.9808
vn -0.0000 -0.0041 1.0000
vn 0.1951 -0.0041 0.9808
vn 0.3827 -0.0041 0.9239
vn 0.5556 -0.0041 0.8315
vn 0.7071 -0.0041 0.7071
vn 0.8315 -0.0041 0.5556
vn 0.9239 -0.0041 0.3827
vn 0.9808 -0.0041 0.1951
vn 0.0735 -0.9973 -0.0000
vn 0.0721 -0.9973 -0.0143
vn 0.1630 -0.9861 -0.0324
vn 0.1662 -0.9861 -0.0000
vn 0.0679 -0.9973 -0.0281
vn 0.1535 -0.9861 -0.0636
vn 0.0611 -0.9973 -0.0408
vn 0.1382 -0.9861 -0.0923
vn 0.0520 -0.9973 -0.0520
vn 0.1175 -0.9861 -0.1175
vn 0.0408 -0.9973 -0.0611
vn 0.0923 -0.9861 -0.1382
vn 0.0281 -0.9973 -0.0679
vn 0.0636 -0.9861 -0.1535
vn 0.0143 -0.9973 -0.0721
vn 0.0324 -0.9861 -0.1630
vn -0.0000 -0.9973 -0.0735
vn -0.0000 -0.9861 -0.1662
vn -0.0143 -0.9973 -0.0721
vn -0.0324 -0.9861 -0.1630
vn -0.0281 -0.9973 -0.0679
vn -0.0636 -0.9861 -0.1535
vn -0.0408 -0.9973 -0.0611
vn -0.0923 -0.9861 -0.1382
vn -0.0520 -0.9973 -0.0520
vn -0.1175 -0.9861 -0.1175
vn -0.0611 -0.9973 -0.0408
vn -0.1382 -0.9861 -0.0923
vn -0.0679 -0.9973 -0.0281
vn -0.1535 -0.9861 -0.0636
vn -0.0721 -0.9973 -0.0143
vn -0.1630 -0.9861 -0.0324
vn -0.0735 -0.9973 -0.0000
vn -0.1662 -0.9861 -0.0000
vn -0.0721 -0.9973 0.0143
vn -0.1630 -0.9861 0.0324
vn -0.0679 -0.9973 0.0281
vn -0.1535 -0.9861 0.0636
vn -0.0611 -0.9973 0.0408
vn -0.1382 -0.9861 0.0923
vn -0.0520 -0.9973 0.0520
vn -0.1175 -0.9861 0.1175
vn -0.0408 -0.9973 0.0611
vn -0.0923 -0.9861 0.1382
vn -0.0281 -0.9973 0.0679
vn -0.0636 -0.9861 0.1535
vn -0.0143 -0.9973 0.0721
vn -0.0324 -0.9861 0.1630
vn -0.0000 -0.9973 0.0735
vn -0.0000 -0.9861 0.1662
vn 0.0143 -0.9973 0.0721
vn 0.0324 -0.9861 0.1630
vn 0.0281 -0.9973 0.0679
vn 0.0636 -0.9861 0.1535
vn 0.0408 -0.9973 0.0611
vn 0.0923 -0.9861 0.1382
vn 0.0520 -0.9973 0.0520
vn 0.1175 -0.9861 0.1175
vn 0.0611 -0.9973 0.0408
vn 0.1382 -0.9861 0.0923
vn 0.0679 -0.9973 0.0281
vn 0.1535 -0.9861 0.0636
vn 0.0721 -0.9973 0.0143
vn 0.1630 -0.9861 0.0324
vn 0.3510 -0.9338 -0.0698
vn 0.3578 -0.9338 -0.0000
vn 0.3306 -0.9338 -0.1369
vn 0.2975 -0.9338 -0.1988
vn 0.2530 -0.9338 -0.2530
vn 0.1988 -0.9338 -0.2975
vn 0.1369 -0.9338 -0.3306
vn 0.0698 -0.9338 -0.3510
vn -0.0000 -0.9338 -0.3578
vn -0.0698 -0.9338 -0.3510
vn -0.1369 -0.9338 -0.3306
vn -0.1988 -0.9338 -0.2975
vn -0.2530 -0.9338 -0.2530
vn -0.2975 -0.9338 -0.1988
vn -0.3306 -0.9338 -0.1369
vn -0.3510 -0.9338 -0.0698
vn -0.3579 -0.9338 -0.0000
vn -0.3510 -0.9338 0.0698
vn -0.3306 -0.9338 0.1369
vn -0.2975 -0.9338 0.1988
vn -0.2530 -0.9338 0.2530
vn -0.1988 -0.9338 0.2975
vn -0.1369 -0.9338 0.3306
vn -0.0698 -0.9338 0.3510
vn -0.0000 -0.9338 0.3578
vn 0.0698 -0.9338 0.3510
vn 0.1369 -0.9338 0.3306
vn 0.1988 -0.9338 0.2975
vn 0.2530 -0.9338 0.2530
vn 0.2975 -0.9338 0.1988
vn 0.3306 -0.9338 0.1369
vn 0.3510 -0.9338 0.0698
vn 0.5638 -0.8182 -0.1122
vn 0.5749 -0.8182 -0.0000
vn 0.5311 -0.8182 -0.2200
vn 0.4780 -0.8182 -0.3194
vn 0.4065 -0.8183 -0.4065
vn 0.3194 -0.8182 -0.4780
vn 0.2200 -0.8182 -0.5311
vn 0.1122 -0.8182 -0.5638
vn -0.0000 -0.8182 -0.5749
vn -0.1122 -0.8182 -0.5638
vn -0.2200 -0.8182 -0.5311
vn -0.3194 -0.8182 -0.4780
vn -0.4065 -0.8182 -0.4065
vn -0.4780 -0.8183 -0.3194
vn -0.5311 -0.8182 -0.2200
vn -0.5638 -0.8182 -0.1122
vn -0.5749 -0.8182 -0.0000
vn -0.5638 -0.8182 0.1122
vn -0.5311 -0.8182 0.2200
vn -0.4780 -0.8182 0.3194
vn -0.4065 -0.8182 0.4065
vn -0.3194 -0.8182 0.4780
vn -0.2200 -0.8182 0.5311
vn -0.1122 -0.8182 0.5638
vn -0.0000 -0.8182 0.5749
vn 0.1122 -0.8182 0.5638
vn 0.2200 -0.8182 0.5311
vn 0.3194 -0.8182 0.4780
vn 0.4065 -0.8182 0.4065
vn 0.4780 -0.8182 0.3194
vn 0.5311 -0.8182 0.2200
vn 0.5638 -0.8182 0.1122
vn 0.7733 -0.6151 -0.1538
vn 0.7885 -0.6150 -0.0000
vn 0.7285 -0.6150 -0.3017
vn 0.6556 -0.6150 -0.4381
vn 0.5575 -0.6151 -0.5575
vn 0.4381 -0.6151 -0.6556
vn 0.3017 -0.6151 -0.7285
vn 0.1538 -0.6150 -0.7733
vn -0.0000 -0.6150 -0.7885
vn -0.1538 -0.6150 -0.7733
vn -0.3017 -0.6150 -0.7285
vn -0.4381 -0.6150 -0.6556
vn -0.5575 -0.6150 -0.5575
vn -0.6556 -0.6151 -0.4381
vn -0.7285 -0.6151 -0.3017
vn -0.7733 -0.6150 -0.1538
vn -0.7885 -0.6151 -0.0000
vn -0.7733 -0.6151 0.1538
vn -0.7285 -0.6150 0.3017
vn -0.6556 -0.6150 0.4381
vn -0.5575 -0.6150 0.5575
vn -0.4381 -0.6150 0.6556
vn -0.3017 -0.6150 0.7285
vn -0.1538 -0.6150 0.7733
vn -0.0000 -0.6150 0.7885
vn 0.1538 -0.6150 0.7733
vn 0.3017 -0.6150 0.7285
vn 0.4381 -0.6151 0.6556
vn 0.5575 -0.6151 0.5575
vn 0.6556 -0.6151 0.4381
vn 0.7285 -0.6150 0.3017
vn 0.7733 -0.6150 0.1538
vn 0.9281 -0.3233 -0.1846
vn 0.9463 -0.3233 -0.0000
vn 0.8743 -0.3233 -0.3621
vn 0.7868 -0.3233 -0.5257
vn 0.6691 -0.3233 -0.6691
vn 0.5257 -0.3233 -0.7868
vn 0.3621 -0.3233 -0.8743
vn 0.1846 -0.3233 -0.9281
vn -0.0000 -0.3233 -0.9463
vn -0.1846 -0.3233 -0.9281
vn -0.3621 -0.3233 -0.8743
vn -0.5257 -0.3233 -0.7868
vn -0.6691 -0.3233 -0.6691
vn -0.7868 -0.3233 -0.5257
vn -0.8743 -0.3233 -0.3621
vn -0.9281 -0.3233 -0.1846
vn -0.9463 -0.3233 -0.0000
vn -0.9281 -0.3233 0.1846
vn -0.8743 -0.3233 0.3621
vn -0.7868 -0.3233 0.5257
vn -0.6691 -0.3233 0.6691
vn -0.5257 -0.3233 0.7868
vn -0.3621 -0.3233 0.8743
vn -0.1846 -0.3233 0.9281
vn -0.0000 -0.3233 0.9463
vn 0.1846 -0.3233 0.9281
vn 0.3621 -0.3233 0.8743
vn 0.5257 -0.3233 0.7868
vn 0.6691 -0.3233 0.6691
vn 0.7868 -0.3233 0.5257
vn 0.8743 -0.3233 0.3621
vn 0.9281 -0.3233 0.1846
vn 0.9807 0.0154 -0.1951
vn 0.9999 0.0154 -0.0000
vn 0.9238 0.0154 -0.3826
vn 0.8314 0.0154 -0.5555
vn 0.7070 0.0154 -0.7070
vn 0.5555 0.0154 -0.8314
vn 0.3826 0.0154 -0.9238
vn 0.1951 0.0154 -0.9807
vn -0.0000 0.0154 -0.9999
vn -0.1951 0.0154 -0.9807
vn -0.3826 0.0154 -0.9238
vn -0.5555 0.0154 -0.8314
vn -0.7070 0.0154 -0.7070
vn -0.8314 0.0154 -0.5555
vn -0.9238 0.0154 -0.3826
vn -0.9807 0.0154 -0.1951
vn -0.9999 0.0154 -0.0000
vn -0.9807 0.0154 0.1951
vn -0.9238 0.0154 0.3826
vn -0.8314 0.0154 0.5555
vn -0.7070 0.0154 0.7070
vn -0.5555 0.0154 0.8314
vn -0.3826 0.0154 0.9238
vn -0.1951 0.0154 0.9807
vn -0.0000 0.0154 0.9999
vn 0.1951 0.0154 0.9807
vn 0.3826 0.0154 0.9238
vn 0.5555 0.0154 0.8314
vn 0.7070 0.0154 0.7070
vn 0.8314 0.0154 0.5555
vn 0.9238 0.0154 0.3826
vn 0.9807 0.0154 0.1951
vn 0.9231 0.3378 -0.1836
vn 0.9412 0.3378 -0.0000
vn 0.8696 0.3378 -0.3602
vn 0.7826 0.3378 -0.5229
vn 0.6655 0.3378 -0.6655
vn 0.5229 0.3378 -0.7826
vn 0.3602 0.3378 -0.8696
vn 0.1836 0.3378 -0.9231
vn -0.0000 0.3378 -0.9412
vn -0.1836 0.3378 -0.9231
vn -0.3602 0.3378 -0.8696
vn -0.5229 0.3378 -0.7826
vn -0.6655 0.3378 -0.6655
vn -0.7826 0.3378 -0.5229
vn -0.8696 0.3378 -0.3602
vn -0.9231 0.3378 -0.1836
vn -0.9412 0.3378 -0.0000
vn -0.9231 0.3378 0.1836
vn -0.8696 0.3378 0.3602
vn -0.7826 0.3378 0.5229
vn -0.6655 0.3378 0.6655
vn -0.5229 0.3378 0.7826
vn -0.3602 0.3378 0.8696
vn -0.1836 0.3378 0.9231
vn -0.0000 0.3378 0.9412
vn 0.1836 0.3378 0.9231
vn 0.3602 0.3378 0.8696
vn 0.5229 0.3378 0.7826
vn 0.6655 0.3378 0.6655
vn 0.7826 0.3378 0.5229
vn 0.8696 0.3378 0.3602
vn 0.9231 0.3378 0.1836
vn 0.7844 0.6003 -0.1560
vn 0.7998 0.6003 -0.0000
vn 0.7389 0.6003 -0.3061
vn 0.6650 0.6003 -0.4444
vn 0.5656 0.6002 -0.5656
vn 0.4444 0.6002 -0.6650
vn 0.3061 0.6002 -0.7389
vn 0.1560 0.6002 -0.7844
vn -0.0000 0.6003 -0.7998
vn -0.1560 0.6003 -0.7844
vn -0.3061 0.6003 -0.7389
vn -0.4444 0.6002 -0.6650
vn -0.5656 0.6002 -0.5655
vn -0.6650 0.6002 -0.4443
vn -0.7389 0.6003 -0.3061
vn -0.7844 0.6003 -0.1560
vn -0.7998 0.6003 -0.0000
vn -0.7844 0.6003 0.1560
vn -0.7389 0.6002 0.3061
vn -0.6650 0.6003 0.4444
vn -0.5656 0.6003 0.5656
vn -0.4443 0.6003 0.6650
vn -0.3061 0.6003 0.7389
vn -0.1560 0.6003 0.7844
vn -0.0000 0.6003 0.7998
vn 0.1560 0.6002 0.7844
vn 0.3061 0.6002 0.7389
vn 0.4444 0.6002 0.6650
vn 0.5655 0.6003 0.5656
vn 0.6650 0.6003 0.4444
vn 0.7389 0.6003 0.3061
vn 0.7844 0.6002 0.1560
vn 0.6008 0.7904 -0.1195
vn 0.6126 0.7904 -0.0000
vn 0.5660 0.7904 -0.2344
vn 0.5093 0.7904 -0.3403
vn 0.4332 0.7904 -0.4332
vn 0.3403 0.7904 -0.5093
vn 0.2344 0.7904 -0.5659
vn 0.1195 0.7904 -0.6008
vn -0.0000 0.7904 -0.6126
vn -0.1195 0.7904 -0.6008
vn -0.2344 0.7904 -0.5660
vn -0.3403 0.7904 -0.5093
vn -0.4332 0.7904 -0.4332
vn -0.5093 0.7904 -0.3403
vn -0.5659 0.7904 -0.2344
vn -0.6008 0.7904 -0.1195
vn -0.6126 0.7904 -0.0000
vn -0.6008 0.7904 0.1195
vn -0.5659 0.7904 0.2344
vn -0.5093 0.7904 0.3403
vn -0.4332 0.7904 0.4332
vn -0.3403 0.7904 0.5093
vn -0.2344 0.7904 0.5660
vn -0.1195 0.7904 0.6008
vn -0.0000 0.7904 0.6126
vn 0.1195 0.7904 0.6008
vn 0.2344 0.7904 0.5659
vn 0.3403 0.7904 0.5093
vn 0.4331 0.7904 0.4332
vn 0.5093 0.7904 0.3403
vn 0.5659 0.7904 0.2344
vn 0.6008 0.7904 0.1195
vn 0.3992 0.9134 -0.0794
vn 0.4070 0.9134 -0.0000
vn 0.3760 0.9134 -0.1558
vn 0.3384 0.9134 -0.2261
vn 0.2878 0.9134 -0.2878
vn 0.2261 0.9134 -0.3384
vn 0.1558 0.9134 -0.3760
vn 0.0794 0.9134 -0.3992
vn -0.0000 0.9134 -0.4070
vn -0.0794 0.9134 -0.3992
vn -0.1558 0.9134 -0.3760
vn -0.2261 0.9134 -0.3384
vn -0.2878 0.9134 -0.2878
vn -0.3384 0.9134 -0.2261
vn -0.3760 0.9134 -0.1558
vn -0.3992 0.9134 -0.0794
vn -0.4070 0.9134 -0.0000
vn -0.3992 0.9134 0.0794
vn -0.3760 0.9134 0.1558
vn -0.3384 0.9134 0.2261
vn -0.2878 0.9134 0.2878
vn -0.2261 0.9134 0.3384
vn -0.1557 0.9134 0.3760
vn -0.0794 0.9134 0.3992
vn -0.0000 0.9134 0.4070
vn 0.0794 0.9134 0.3992
vn 0.1558 0.9134 0.3760
vn 0.2261 0.9134 0.3384
vn 0.2878 0.9134 0.2878
vn 0.3384 0.9134 0.2261
vn 0.3760 0.9134 0.1558
vn 0.3992 0.9134 0.0794
vn 0.1973 0.9796 -0.0392
vn 0.2011 0.9796 -0.0000
vn 0.1858 0.9796 -0.0770
vn 0.1672 0.9796 -0.1117
vn 0.1422 0.9796 -0.1422
vn 0.1117 0.9796 -0.1672
vn 0.0770 0.9796 -0.1858
vn 0.0392 0.9796 -0.1973
vn -0.0000 0.9796 -0.2011
vn -0.0392 0.9796 -0.1973
vn -0.0770 0.9796 -0.1858
vn -0.1117 0.9796 -0.1672
vn -0.1422 0.9796 -0.1422
vn -0.1672 0.9796 -0.1117
vn -0.1858 0.9796 -0.0770
vn -0.1973 0.9796 -0.0392
vn -0.2011 0.9796 -0.0000
vn -0.1973 0.9796 0.0392
vn -0.1858 0.9796 0.0770
vn -0.1672 0.9796 0.1117
vn -0.1422 0.9796 0.1422
vn -0.1117 0.9796 0.1672
vn -0.0770 0.9796 0.1858
vn -0.0392 0.9796 0.1973
vn -0.0000 0.9796 0.2011
vn 0.0392 0.9796 0.1973
vn 0.0770 0.9796 0.1858
vn 0.1117 0.9796 0.1672
vn 0.1422 0.9796 0.1422
vn 0.1672 0.9796 0.1117
vn 0.1858 0.9796 0.0770
vn 0.1973 0.9796 0.0392
vn 0.0916 0.9956 -0.0182
vn 0.0934 0.9956 -0.0000
vn 0.0863 0.9956 -0.0358
vn 0.0777 0.9956 -0.0519
vn 0.0661 0.9956 -0.0661
vn 0.0519 0.9956 -0.0777
vn 0.0358 0.9956 -0.0863
vn 0.0182 0.9956 -0.0916
vn -0.0000 0.9956 -0.0934
vn -0.0182 0.9956 -0.0916
vn -0.0358 0.9956 -0.0863
vn -0.0519 0.9956 -0.0777
vn -0.0661 0.9956 -0.0661
vn -0.0777 0.9956 -0.0519
vn -0.0863 0.9956 -0.0358
vn -0.0916 0.9956 -0.0182
vn -0.0934 0.9956 -0.0000
vn -0.0916 0.9956 0.0182
vn -0.0863 0.9956 0.0358
vn -0.0777 0.9956 0.0519
vn -0.0661 0.9956 0.0661
vn -0.0519 0.9956 0.0777
vn -0.0358 0.9956 0.0863
vn -0.0182 0.9956 0.0916
vn -0.0000 0.9956 0.0934
vn 0.0182 0.9956 0.0916
vn 0.0358 0.9956 0.0863
vn 0.0519 0.9956 0.0777
vn 0.0661 0.9956 0.0661
vn 0.0777 0.9956 0.0519
vn 0.0863 0.9956 0.0358
vn 0.0917 0.9956 0.0182
vn 0.9392 -0.3433 -0.0000
vn 0.9212 -0.3433 -0.1832
vn 0.9002 -0.3970 -0.1791
vn 0.9178 -0.3970 -0.0000
vn 0.8677 -0.3433 -0.3594
vn 0.8480 -0.3970 -0.3512
vn 0.7809 -0.3433 -0.5218
vn 0.7631 -0.3970 -0.5099
vn 0.6641 -0.3433 -0.6641
vn 0.6490 -0.3970 -0.6490
vn 0.5218 -0.3433 -0.7809
vn 0.5099 -0.3970 -0.7631
vn 0.3594 -0.3433 -0.8677
vn 0.3512 -0.3970 -0.8480
vn 0.1832 -0.3433 -0.9212
vn 0.1791 -0.3970 -0.9002
vn -0.0000 -0.3433 -0.9392
vn -0.0000 -0.3970 -0.9178
vn -0.1832 -0.3433 -0.9212
vn -0.1791 -0.3970 -0.9002
vn -0.3594 -0.3433 -0.8677
vn -0.3512 -0.3970 -0.8480
vn -0.5218 -0.3433 -0.7809
vn -0.5099 -0.3970 -0.7631
vn -0.6641 -0.3433 -0.6641
vn -0.6490 -0.3970 -0.6490
vn -0.7809 -0.3433 -0.5218
vn -0.7631 -0.3970 -0.5099
vn -0.8677 -0.3433 -0.3594
vn -0.8480 -0.3970 -0.3512
vn -0.9212 -0.3433 -0.1832
vn -0.9002 -0.3970 -0.1791
vn -0.9392 -0.3433 -0.0000
vn -0.9178 -0.3970 -0.0000
vn -0.9212 -0.3433 0.1832
vn -0.9002 -0.3970 0.1791
vn -0.8677 -0.3433 0.3594
vn -0.8480 -0.3970 0.3512
vn -0.7809 -0.3433 0.5218
vn -0.7631 -0.3970 0.5099
vn -0.6641 -0.3433 0.6641
vn -0.6490 -0.3970 0.6490
vn -0.5218 -0.3433 0.7809
vn -0.5099 -0.3970 0.7631
vn -0.3594 -0.3433 0.8677
vn -0.3512 -0.3970 0.8480
vn -0.1832 -0.3433 0.9212
vn -0.1791 -0.3970 0.9002
vn -0.0000 -0.3433 0.9392
vn -0.0000 -0.3970 0.9178
vn 0.1832 -0.3433 0.9212
vn 0.1791 -0.3970 0.9002
vn 0.3594 -0.3433 0.8677
vn 0.3512 -0.3970 0.8480
vn 0.5218 -0.3433 0.7809
vn 0.5099 -0.3970 0.7631
vn 0.6641 -0.3433 0.6641
vn 0.6490 -0.3970 0.6490
vn 0.7809 -0.3433 0.5218
vn 0.7631 -0.3970 0.5099
vn 0.8677 -0.3433 0.3594
vn 0.8480 -0.3970 0.3512
vn 0.9212 -0.3433 0.1832
vn 0.9002 -0.3970 0.1791
vn 0.8767 -0.4483 -0.1744
vn 0.8939 -0.4483 -0.0000
vn 0.8258 -0.4483 -0.3421
vn 0.7432 -0.4483 -0.4966
vn 0.6321 -0.4483 -0.6321
vn 0.4966 -0.4483 -0.7432
vn 0.3421 -0.4483 -0.8258
vn 0.1744 -0.4483 -0.8767
vn -0.0000 -0.4483 -0.8939
vn -0.1744 -0.4483 -0.8767
vn -0.3421 -0.4483 -0.8258
vn -0.4966 -0.4483 -0.7432
vn -0.6321 -0.4483 -0.6321
vn -0.7432 -0.4483 -0.4966
vn -0.8258 -0.4483 -0.3421
vn -0.8767 -0.4483 -0.1744
vn -0.8939 -0.4483 -0.0000
vn -0.8767 -0.4483 0.1744
vn -0.8258 -0.4483 0.3421
vn -0.7432 -0.4483 0.4966
vn -0.6321 -0.4483 0.6321
vn -0.4966 -0.4483 0.7432
vn -0.3421 -0.4483 0.8258
vn -0.1744 -0.4483 0.8767
vn -0.0000 -0.4483 0.8939
vn 0.1744 -0.4483 0.8767
vn 0.3421 -0.4483 0.8258
vn 0.4966 -0.4483 0.7432
vn 0.6321 -0.4483 0.6321
vn 0.7432 -0.4483 0.4966
vn 0.8258 -0.4483 0.3421
vn 0.8767 -0.4483 0.1744
vn 0.8861 -0.4286 -0.1763
vn 0.9035 -0.4286 -0.0000
vn 0.8347 -0.4286 -0.3457
vn 0.7512 -0.4286 -0.5019
vn 0.6389 -0.4286 -0.6389
vn 0.5019 -0.4286 -0.7512
vn 0.3457 -0.4286 -0.8347
vn 0.1763 -0.4286 -0.8861
vn -0.0000 -0.4286 -0.9035
vn -0.1763 -0.4286 -0.8861
vn -0.3457 -0.4286 -0.8347
vn -0.5019 -0.4286 -0.7512
vn -0.6389 -0.4286 -0.6389
vn -0.7512 -0.4286 -0.5019
vn -0.8347 -0.4286 -0.3457
vn -0.8861 -0.4286 -0.1763
vn -0.9035 -0.4286 -0.0000
vn -0.8861 -0.4286 0.1763
vn -0.8347 -0.4286 0.3457
vn -0.7512 -0.4286 0.5019
vn -0.6389 -0.4286 0.6389
vn -0.5019 -0.4286 0.7512
vn -0.3457 -0.4286 0.8347
vn -0.1763 -0.4286 0.8861
vn -0.0000 -0.4286 0.9035
vn 0.1763 -0.4286 0.8861
vn 0.3457 -0.4286 0.8347
vn 0.5019 -0.4286 0.7512
vn 0.6389 -0.4286 0.6389
vn 0.7512 -0.4286 0.5019
vn 0.8347 -0.4286 0.3457
vn 0.8861 -0.4286 0.1763
vn 0.9113 -0.3696 -0.1813
vn 0.9292 -0.3696 -0.0000
vn 0.8585 -0.3696 -0.3556
vn 0.7726 -0.3696 -0.5162
vn 0.6570 -0.3696 -0.6570
vn 0.5162 -0.3696 -0.7726
vn 0.3556 -0.3696 -0.8585
vn 0.1813 -0.3696 -0.9113
vn -0.0000 -0.3696 -0.9292
vn -0.1813 -0.3696 -0.9113
vn -0.3556 -0.3696 -0.8585
vn -0.5162 -0.3696 -0.7726
vn -0.6570 -0.3696 -0.6570
vn -0.7726 -0.3696 -0.5162
vn -0.8585 -0.3696 -0.3556
vn -0.9113 -0.3696 -0.1813
vn -0.9292 -0.3696 -0.0000
vn -0.9113 -0.3696 0.1813
vn -0.8585 -0.3696 0.3556
vn -0.7726 -0.3696 0.5162
vn -0.6570 -0.3696 0.6570
vn -0.5162 -0.3696 0.7726
vn -0.3556 -0.3696 0.8585
vn -0.1813 -0.3696 0.9113
vn -0.0000 -0.3696 0.9292
vn 0.1813 -0.3696 0.9113
vn 0.3556 -0.3696 0.8585
vn 0.5162 -0.3696 0.7726
vn 0.6570 -0.3696 0.6570
vn 0.7726 -0.3696 0.5162
vn 0.8585 -0.3696 0.3556
vn 0.9113 -0.3696 0.1813
vn 0.9431 -0.2747 -0.1876
vn 0.9615 -0.2747 -0.0000
vn 0.8883 -0.2747 -0.3680
vn 0.7995 -0.2747 -0.5342
vn 0.6799 -0.2747 -0.6799
vn 0.5342 -0.2747 -0.7995
vn 0.3680 -0.2747 -0.8883
vn 0.1876 -0.2747 -0.9431
vn -0.0000 -0.2747 -0.9615
vn -0.1876 -0.2747 -0.9431
vn -0.3680 -0.2747 -0.8883
vn -0.5342 -0.2747 -0.7995
vn -0.6799 -0.2747 -0.6799
vn -0.7995 -0.2747 -0.5342
vn -0.8883 -0.2747 -0.3680
vn -0.9431 -0.2747 -0.1876
vn -0.9615 -0.2747 -0.0000
vn -0.9431 -0.2747 0.1876
vn -0.8883 -0.2747 0.3680
vn -0.7995 -0.2747 0.5342
vn -0.6799 -0.2747 0.6799
vn -0.5342 -0.2747 0.7995
vn -0.3680 -0.2747 0.8884
vn -0.1876 -0.2747 0.9431
vn -0.0000 -0.2747 0.9615
vn 0.1876 -0.2747 0.9431
vn 0.3680 -0.2747 0.8883
vn 0.5342 -0.2747 0.7995
vn 0.6799 -0.2747 0.6799
vn 0.7995 -0.2747 0.5342
vn 0.8883 -0.2747 0.3680
vn 0.9431 -0.2747 0.1876
vn 0.9711 -0.1405 -0.1932
vn 0.9901 -0.1405 -0.0000
vn 0.9147 -0.1405 -0.3789
vn 0.8232 -0.1405 -0.5501
vn 0.7001 -0.1405 -0.7001
vn 0.5501 -0.1405 -0.8232
vn 0.3789 -0.1405 -0.9147
vn 0.1932 -0.1405 -0.9711
vn 0.0147 -0.2183 -0.9758
vn 0.0957 -0.2173 -0.9714
vn 0.0968 -0.1602 -0.9823
vn -0.2674 -0.2176 -0.9387
vn -0.0957 -0.2173 -0.9714
vn -0.3789 -0.1405 -0.9147
vn -0.2868 -0.1550 -0.9454
vn -0.5501 -0.1405 -0.8232
vn -0.7001 -0.1405 -0.7001
vn -0.8232 -0.1405 -0.5501
vn -0.9147 -0.1405 -0.3789
vn -0.9711 -0.1405 -0.1932
vn -0.9901 -0.1405 -0.0000
vn -0.9711 -0.1405 0.1932
vn -0.9147 -0.1405 0.3789
vn -0.8232 -0.1405 0.5501
vn -0.7001 -0.1405 0.7001
vn -0.5501 -0.1405 0.8232
vn -0.3789 -0.1405 0.9147
vn -0.2674 -0.2176 0.9387
vn -0.2868 -0.1546 0.9454
vn 0.0147 -0.2183 0.9758
vn -0.0957 -0.2173 0.9714
vn 0.1932 -0.1405 0.9711
vn 0.0967 -0.1602 0.9823
vn 0.0957 -0.2173 0.9714
vn 0.3789 -0.1405 0.9147
vn 0.5501 -0.1405 0.8232
vn 0.7001 -0.1405 0.7001
vn 0.8232 -0.1405 0.5501
vn 0.9147 -0.1405 0.3789
vn 0.9711 -0.1405 0.1932
vn 0.9802 0.0339 -0.1950
vn 0.9994 0.0339 -0.0000
vn 0.9233 0.0339 -0.3825
vn 0.8310 0.0339 -0.5553
vn 0.7067 0.0339 -0.7067
vn 0.5553 0.0339 -0.8310
vn 0.3825 0.0339 -0.9233
vn 0.1950 0.0339 -0.9802
vn 0.0980 0.0082 -0.9952
vn -0.5553 0.0339 -0.8310
vn -0.3825 0.0339 -0.9234
vn -0.7067 0.0339 -0.7067
vn -0.8310 0.0339 -0.5553
vn -0.9233 0.0339 -0.3825
vn -0.9802 0.0339 -0.1950
vn -0.9994 0.0339 -0.0000
vn -0.9802 0.0339 0.1950
vn -0.9233 0.0339 0.3825
vn -0.8310 0.0339 0.5553
vn -0.7067 0.0339 0.7067
vn -0.5553 0.0339 0.8310
vn -0.3825 0.0339 0.9233
vn -0.2897 -0.0629 0.9550
vn -0.2707 -0.0630 0.9606
vn -0.1950 0.0339 0.9802
vn 0.3825 0.0339 0.9233
vn 0.1950 0.0339 0.9802
vn 0.5553 0.0339 0.8310
vn 0.7067 0.0339 0.7067
vn 0.8310 0.0339 0.5553
vn 0.9233 0.0339 0.3825
vn 0.9802 0.0339 0.1950
vn 0.9524 0.2386 -0.1895
vn 0.9711 0.2386 -0.0000
vn 0.8972 0.2386 -0.3716
vn 0.8074 0.2386 -0.5395
vn 0.6867 0.2386 -0.6867
vn 0.5395 0.2386 -0.8074
vn 0.3716 0.2386 -0.8972
vn 0.2620 0.1308 -0.9562
vn 0.2840 0.2062 -0.9364
vn -0.1950 0.0339 -0.9802
vn -0.3716 0.2386 -0.8972
vn -0.1895 0.2386 -0.9524
vn -0.5395 0.2386 -0.8074
vn -0.6867 0.2386 -0.6867
vn -0.8074 0.2386 -0.5395
vn -0.8972 0.2386 -0.3716
vn -0.9524 0.2386 -0.1895
vn -0.9711 0.2386 -0.0000
vn -0.9524 0.2386 0.1895
vn -0.8972 0.2386 0.3716
vn -0.8074 0.2386 0.5395
vn -0.6867 0.2386 0.6867
vn -0.5395 0.2386 0.8074
vn -0.3716 0.2386 0.8972
vn -0.1895 0.2386 0.9524
vn -0.0978 0.0593 0.9934
vn -0.0945 0.2655 0.9595
vn 0.3716 0.2386 0.8972
vn 0.2840 0.2062 0.9364
vn 0.2620 0.1308 0.9562
vn 0.5395 0.2386 0.8074
vn 0.6867 0.2386 0.6867
vn 0.8074 0.2386 0.5395
vn 0.8972 0.2386 0.3716
vn 0.9524 0.2386 0.1895
vn 0.8769 0.4480 -0.1744
vn 0.8940 0.4480 -0.0000
vn 0.8260 0.4480 -0.3421
vn 0.7434 0.4480 -0.4967
vn 0.6322 0.4480 -0.6322
vn 0.4967 0.4480 -0.7434
vn 0.4150 0.3458 -0.8416
vn 0.4300 0.4096 -0.8045
vn -0.3421 0.4480 -0.8260
vn -0.1744 0.4480 -0.8769
vn -0.4967 0.4480 -0.7434
vn -0.6322 0.4480 -0.6322
vn -0.7434 0.4480 -0.4967
vn -0.8260 0.4480 -0.3421
vn -0.8769 0.4480 -0.1744
vn -0.8940 0.4480 -0.0000
vn -0.8769 0.4480 0.1744
vn -0.8260 0.4480 0.3421
vn -0.7434 0.4480 0.4967
vn -0.6322 0.4480 0.6322
vn -0.4967 0.4480 0.7434
vn -0.3421 0.4480 0.8260
vn -0.1744 0.4480 0.8769
vn -0.0695 0.3456 0.9358
vn -0.0000 0.4480 0.8940
vn 0.4967 0.4480 0.7434
vn 0.4300 0.4096 0.8045
vn 0.4150 0.3458 0.8416
vn 0.6322 0.4480 0.6322
vn 0.7434 0.4480 0.4967
vn 0.8260 0.4480 0.3421
vn 0.8769 0.4480 0.1744
vn 0.7612 0.6306 -0.1514
vn 0.7761 0.6306 -0.0000
vn 0.7170 0.6306 -0.2970
vn 0.6453 0.6306 -0.4312
vn 0.6185 0.5490 -0.5622
vn 0.6281 0.5829 -0.5154
vn 0.5027 0.5488 -0.6679
vn -0.0000 0.4480 -0.8940
vn -0.1514 0.6306 -0.7612
vn -0.0000 0.6306 -0.7761
vn -0.2970 0.6306 -0.7170
vn -0.4312 0.6306 -0.6453
vn -0.5488 0.6306 -0.5488
vn -0.6453 0.6306 -0.4312
vn -0.7170 0.6306 -0.2970
vn -0.7612 0.6306 -0.1514
vn -0.7761 0.6306 -0.0000
vn -0.7612 0.6306 0.1514
vn -0.7170 0.6306 0.2970
vn -0.6453 0.6306 0.4312
vn -0.5488 0.6306 0.5488
vn -0.4312 0.6306 0.6453
vn -0.2970 0.6306 0.7170
vn -0.1514 0.6306 0.7612
vn -0.0000 0.6306 0.7761
vn 0.0862 0.4757 0.8754
vn 0.1051 0.5485 0.8295
vn 0.1514 0.6306 0.7612
vn 0.6185 0.5490 0.5622
vn 0.5027 0.5488 0.6679
vn 0.6453 0.6306 0.4312
vn 0.6281 0.5829 0.5155
vn 0.7170 0.6306 0.2970
vn 0.7612 0.6306 0.1514
vn 0.6911 0.7112 -0.1287
vn 0.7029 0.7113 -0.0000
vn 0.6558 0.7112 -0.2534
vn 0.5980 0.7110 -0.3700
vn 0.1514 0.6306 -0.7612
vn -0.0000 0.7447 -0.6674
vn 0.1302 0.7447 -0.6545
vn -0.1302 0.7447 -0.6545
vn -0.2554 0.7447 -0.6166
vn -0.3708 0.7447 -0.5549
vn -0.4719 0.7447 -0.4719
vn -0.5549 0.7447 -0.3708
vn -0.6166 0.7447 -0.2554
vn -0.6545 0.7447 -0.1302
vn -0.6674 0.7447 -0.0000
vn -0.6545 0.7447 0.1302
vn -0.6166 0.7447 0.2554
vn -0.5549 0.7447 0.3708
vn -0.4719 0.7447 0.4719
vn -0.3708 0.7447 0.5549
vn -0.2554 0.7447 0.6166
vn -0.1302 0.7447 0.6545
vn -0.0000 0.7447 0.6674
vn 0.1302 0.7447 0.6545
vn 0.2187 0.6575 0.7210
vn 0.2276 0.7106 0.6658
vn 0.2554 0.7447 0.6166
vn 0.6558 0.7112 0.2534
vn 0.5980 0.7110 0.3700
vn 0.6911 0.7112 0.1287
vn 0.5608 0.8280 -0.0000
vn 0.5500 0.8280 -0.1094
vn 0.4743 0.8753 -0.0943
vn 0.4836 0.8753 -0.0000
vn 0.5181 0.8280 -0.2146
vn 0.4468 0.8753 -0.1851
vn 0.4663 0.8280 -0.3116
vn 0.4021 0.8753 -0.2687
vn 0.3965 0.8280 -0.3965
vn 0.3420 0.8753 -0.3420
vn 0.3116 0.8280 -0.4663
vn 0.2687 0.8753 -0.4021
vn 0.2146 0.8280 -0.5181
vn 0.1851 0.8753 -0.4468
vn 0.1094 0.8280 -0.5500
vn 0.0943 0.8753 -0.4743
vn -0.0000 0.8280 -0.5608
vn -0.0000 0.8753 -0.4836
vn -0.1094 0.8280 -0.5500
vn -0.0943 0.8753 -0.4743
vn -0.2146 0.8280 -0.5181
vn -0.1851 0.8753 -0.4468
vn -0.3116 0.8280 -0.4663
vn -0.2687 0.8753 -0.4021
vn -0.3965 0.8280 -0.3965
vn -0.3420 0.8753 -0.3420
vn -0.4663 0.8280 -0.3116
vn -0.4021 0.8753 -0.2687
vn -0.5181 0.8280 -0.2146
vn -0.4468 0.8753 -0.1851
vn -0.5500 0.8280 -0.1094
vn -0.4743 0.8753 -0.0943
vn -0.5608 0.8280 -0.0000
vn -0.4836 0.8753 -0.0000
vn -0.5500 0.8280 0.1094
vn -0.4743 0.8753 0.0943
vn -0.5181 0.8280 0.2146
vn -0.4468 0.8753 0.1851
vn -0.4663 0.8280 0.3116
vn -0.4021 0.8753 0.2687
vn -0.3965 0.8280 0.3965
vn -0.3420 0.8753 0.3420
vn -0.3116 0.8280 0.4663
vn -0.2687 0.8753 0.4021
vn -0.2146 0.8280 0.5181
vn -0.1851 0.8753 0.4468
vn -0.1094 0.8280 0.5500
vn -0.0943 0.8753 0.4743
vn -0.0000 0.8280 0.5608
vn -0.0000 0.8753 0.4836
vn 0.1094 0.8280 0.5500
vn 0.0943 0.8753 0.4743
vn 0.2146 0.8280 0.5181
vn 0.1851 0.8753 0.4468
vn 0.3116 0.8280 0.4663
vn 0.2687 0.8753 0.4021
vn 0.3965 0.8280 0.3965
vn 0.3420 0.8753 0.3420
vn 0.4663 0.8280 0.3116
vn 0.4021 0.8753 0.2687
vn 0.5181 0.8280 0.2146
vn 0.4468 0.8753 0.1851
vn 0.5500 0.8280 0.1094
vn 0.4743 0.8753 0.0943
vn 1.0000 -0.0077 -0.0000
vn 0.9808 -0.0077 -0.1951
vn 0.9239 -0.0077 -0.3827
vn 0.8314 -0.0077 -0.5555
vn 0.7071 -0.0077 -0.7071
vn 0.5556 -0.0077 -0.8314
vn 0.3827 -0.0077 -0.9238
vn 0.1951 -0.0077 -0.9808
vn -0.0000 -0.0077 -1.0000
vn -0.1951 -0.0077 -0.9808
vn -0.3827 -0.0077 -0.9239
vn -0.5555 -0.0077 -0.8314
vn -0.7071 -0.0077 -0.7071
vn -0.8314 -0.0077 -0.5556
vn -0.9238 -0.0078 -0.3827
vn -0.9808 -0.0078 -0.1951
vn -1.0000 -0.0078 -0.0000
vn -0.9808 -0.0078 0.1951
vn -0.9239 -0.0078 0.3827
vn -0.8314 -0.0077 0.5556
vn -0.7071 -0.0077 0.7071
vn -0.5556 -0.0077 0.8314
vn -0.3827 -0.0077 0.9239
vn -0.1951 -0.0077 0.9808
vn -0.0000 -0.0077 1.0000
vn 0.1951 -0.0077 0.9808
vn 0.3827 -0.0077 0.9239
vn 0.5556 -0.0077 0.8314
vn 0.7071 -0.0077 0.7071
vn 0.8314 -0.0077 0.5556
vn 0.9239 -0.0077 0.3827
vn 0.9808 -0.0077 0.1951
vn 0.6575 -0.7534 -0.0000
vn 0.6449 -0.7534 -0.1283
vn 0.7073 -0.6928 -0.1407
vn 0.7211 -0.6928 -0.0000
vn 0.6075 -0.7534 -0.2516
vn 0.6663 -0.6928 -0.2760
vn 0.5467 -0.7534 -0.3653
vn 0.5996 -0.6928 -0.4006
vn 0.4650 -0.7534 -0.4649
vn 0.5099 -0.6928 -0.5099
vn 0.3653 -0.7534 -0.5467
vn 0.4007 -0.6928 -0.5996
vn 0.2516 -0.7534 -0.6075
vn 0.2760 -0.6928 -0.6662
vn 0.1283 -0.7534 -0.6449
vn 0.1407 -0.6928 -0.7073
vn -0.0000 -0.7534 -0.6575
vn -0.0000 -0.6928 -0.7211
vn -0.1283 -0.7534 -0.6449
vn -0.1407 -0.6928 -0.7073
vn -0.2516 -0.7534 -0.6075
vn -0.2759 -0.6928 -0.6662
vn -0.3653 -0.7534 -0.5467
vn -0.4006 -0.6928 -0.5996
vn -0.4649 -0.7535 -0.4649
vn -0.5099 -0.6928 -0.5099
vn -0.5467 -0.7535 -0.3653
vn -0.5996 -0.6928 -0.4006
vn -0.6074 -0.7535 -0.2516
vn -0.6662 -0.6928 -0.2760
vn -0.6449 -0.7535 -0.1283
vn -0.7073 -0.6928 -0.1407
vn -0.6575 -0.7535 -0.0000
vn -0.7211 -0.6928 -0.0000
vn -0.6449 -0.7534 0.1283
vn -0.7073 -0.6928 0.1407
vn -0.6074 -0.7535 0.2516
vn -0.6662 -0.6928 0.2760
vn -0.5467 -0.7535 0.3653
vn -0.5996 -0.6928 0.4006
vn -0.4649 -0.7535 0.4649
vn -0.5099 -0.6928 0.5099
vn -0.3653 -0.7534 0.5467
vn -0.4006 -0.6928 0.5996
vn -0.2516 -0.7534 0.6075
vn -0.2759 -0.6928 0.6662
vn -0.1282 -0.7534 0.6449
vn -0.1407 -0.6928 0.7073
vn -0.0000 -0.7534 0.6575
vn -0.0000 -0.6928 0.7211
vn 0.1283 -0.7534 0.6449
vn 0.1407 -0.6928 0.7073
vn 0.2516 -0.7534 0.6075
vn 0.2760 -0.6928 0.6662
vn 0.3653 -0.7534 0.5467
vn 0.4007 -0.6928 0.5996
vn 0.4649 -0.7534 0.4649
vn 0.5099 -0.6928 0.5099
vn 0.5467 -0.7534 0.3653
vn 0.5996 -0.6928 0.4006
vn 0.6075 -0.7534 0.2516
vn 0.6662 -0.6928 0.2760
vn 0.6449 -0.7534 0.1283
vn 0.7073 -0.6928 0.1407
vn 0.8093 -0.5650 -0.1610
vn 0.8251 -0.5650 -0.0000
vn 0.7623 -0.5650 -0.3157
vn 0.6861 -0.5650 -0.4584
vn 0.5835 -0.5650 -0.5834
vn 0.4584 -0.5650 -0.6860
vn 0.3158 -0.5650 -0.7623
vn 0.1610 -0.5650 -0.8093
vn -0.0000 -0.5650 -0.8251
vn -0.1609 -0.5650 -0.8093
vn -0.3157 -0.5650 -0.7623
vn -0.4584 -0.5650 -0.6861
vn -0.5834 -0.5650 -0.5835
vn -0.6861 -0.5650 -0.4584
vn -0.7623 -0.5650 -0.3158
vn -0.8093 -0.5650 -0.1610
vn -0.8251 -0.5650 -0.0000
vn -0.8093 -0.5650 0.1610
vn -0.7623 -0.5650 0.3158
vn -0.6860 -0.5650 0.4584
vn -0.5834 -0.5650 0.5834
vn -0.4584 -0.5650 0.6861
vn -0.3157 -0.5650 0.7623
vn -0.1609 -0.5650 0.8093
vn -0.0000 -0.5650 0.8251
vn 0.1610 -0.5650 0.8093
vn 0.3158 -0.5650 0.7623
vn 0.4584 -0.5650 0.6860
vn 0.5835 -0.5650 0.5834
vn 0.6861 -0.5650 0.4584
vn 0.7623 -0.5650 0.3158
vn 0.8093 -0.5650 0.1610
vn 0.8885 -0.4235 -0.1767
vn 0.9059 -0.4235 -0.0000
vn 0.8369 -0.4235 -0.3467
vn 0.7532 -0.4235 -0.5033
vn 0.6406 -0.4235 -0.6406
vn 0.5033 -0.4235 -0.7532
vn 0.3467 -0.4235 -0.8369
vn 0.1768 -0.4235 -0.8885
vn -0.0000 -0.4235 -0.9059
vn -0.1767 -0.4235 -0.8885
vn -0.3466 -0.4235 -0.8369
vn -0.5033 -0.4235 -0.7532
vn -0.6406 -0.4235 -0.6406
vn -0.7532 -0.4235 -0.5033
vn -0.8369 -0.4235 -0.3467
vn -0.8885 -0.4235 -0.1767
vn -0.9059 -0.4235 -0.0000
vn -0.8885 -0.4235 0.1767
vn -0.8369 -0.4235 0.3467
vn -0.7532 -0.4235 0.5033
vn -0.6406 -0.4235 0.6406
vn -0.5033 -0.4235 0.7532
vn -0.3467 -0.4235 0.8369
vn -0.1767 -0.4235 0.8885
vn -0.0000 -0.4235 0.9059
vn 0.1767 -0.4235 0.8885
vn 0.3467 -0.4235 0.8369
vn 0.5033 -0.4235 0.7532
vn 0.6406 -0.4235 0.6406
vn 0.7532 -0.4235 0.5033
vn 0.8369 -0.4235 0.3467
vn 0.8885 -0.4235 0.1767
vn 0.9453 -0.2664 -0.1880
vn 0.9639 -0.2664 -0.0000
vn 0.8905 -0.2664 -0.3688
vn 0.8014 -0.2664 -0.5355
vn 0.6816 -0.2664 -0.6815
vn 0.5355 -0.2664 -0.8014
vn 0.3689 -0.2664 -0.8905
vn 0.1881 -0.2664 -0.9453
vn -0.0000 -0.2664 -0.9639
vn -0.1880 -0.2664 -0.9453
vn -0.3688 -0.2664 -0.8905
vn -0.5355 -0.2664 -0.8014
vn -0.6815 -0.2664 -0.6816
vn -0.8014 -0.2664 -0.5355
vn -0.8905 -0.2664 -0.3689
vn -0.9453 -0.2664 -0.1880
vn -0.9639 -0.2664 -0.0000
vn -0.9453 -0.2664 0.1880
vn -0.8905 -0.2664 0.3689
vn -0.8014 -0.2664 0.5355
vn -0.6815 -0.2664 0.6816
vn -0.5355 -0.2664 0.8014
vn -0.3688 -0.2664 0.8905
vn -0.1880 -0.2664 0.9453
vn -0.0000 -0.2664 0.9639
vn 0.1880 -0.2664 0.9453
vn 0.3689 -0.2664 0.8905
vn 0.5355 -0.2664 0.8014
vn 0.6816 -0.2664 0.6815
vn 0.8014 -0.2664 0.5355
vn 0.8905 -0.2664 0.3688
vn 0.9453 -0.2664 0.1880
vn 0.9766 -0.0924 -0.1942
vn 0.9957 -0.0924 -0.0000
vn 0.9199 -0.0924 -0.3810
vn 0.8279 -0.0924 -0.5532
vn 0.7041 -0.0924 -0.7041
vn 0.5532 -0.0924 -0.8279
vn 0.3811 -0.0924 -0.9199
vn 0.1943 -0.0924 -0.9766
vn -0.0000 -0.0924 -0.9957
vn -0.1942 -0.0924 -0.9766
vn -0.3810 -0.0924 -0.9199
vn -0.5532 -0.0924 -0.8279
vn -0.7041 -0.0924 -0.7041
vn -0.8279 -0.0924 -0.5532
vn -0.9199 -0.0924 -0.3811
vn -0.9766 -0.0924 -0.1943
vn -0.9957 -0.0924 -0.0000
vn -0.9766 -0.0924 0.1943
vn -0.9199 -0.0924 0.3810
vn -0.8279 -0.0924 0.5532
vn -0.7041 -0.0924 0.7041
vn -0.5532 -0.0924 0.8279
vn -0.3810 -0.0924 0.9199
vn -0.1942 -0.0924 0.9766
vn -0.0000 -0.0924 0.9957
vn 0.1943 -0.0924 0.9766
vn 0.3811 -0.0924 0.9199
vn 0.5532 -0.0924 0.8279
vn 0.7041 -0.0924 0.7041
vn 0.8279 -0.0924 0.5532
vn 0.9199 -0.0924 0.3810
vn 0.9766 -0.0924 0.1943
vn 0.9761 0.0974 -0.1942
vn 0.9952 0.0974 -0.0000
vn 0.9195 0.0974 -0.3809
vn 0.8275 0.0974 -0.5529
vn 0.7038 0.0974 -0.7037
vn 0.5529 0.0974 -0.8275
vn 0.3809 0.0974 -0.9195
vn 0.1942 0.0974 -0.9761
vn -0.0000 0.0974 -0.9952
vn -0.1941 0.0974 -0.9761
vn -0.3808 0.0974 -0.9195
vn -0.5529 0.0974 -0.8275
vn -0.7037 0.0974 -0.7038
vn -0.8275 0.0974 -0.5529
vn -0.9195 0.0974 -0.3809
vn -0.9761 0.0974 -0.1942
vn -0.9952 0.0974 -0.0000
vn -0.9761 0.0974 0.1942
vn -0.9195 0.0974 0.3809
vn -0.8275 0.0974 0.5529
vn -0.7037 0.0974 0.7037
vn -0.5529 0.0974 0.8275
vn -0.3808 0.0974 0.9195
vn -0.1941 0.0974 0.9761
vn -0.0000 0.0974 0.9952
vn 0.1942 0.0974 0.9761
vn 0.3809 0.0974 0.9195
vn 0.5529 0.0974 0.8275
vn 0.7038 0.0974 0.7037
vn 0.8275 0.0974 0.5529
vn 0.9195 0.0974 0.3809
vn 0.9761 0.0974 0.1942
vn 0.9362 0.2980 -0.1862
vn 0.9546 0.2980 -0.0000
vn 0.8819 0.2980 -0.3653
vn 0.7937 0.2980 -0.5303
vn 0.6750 0.2980 -0.6750
vn 0.5304 0.2980 -0.7937
vn 0.3653 0.2980 -0.8819
vn 0.1863 0.2980 -0.9362
vn -0.0000 0.2980 -0.9546
vn -0.1862 0.2980 -0.9362
vn -0.3653 0.2980 -0.8819
vn -0.5303 0.2980 -0.7937
vn -0.6750 0.2980 -0.6750
vn -0.7937 0.2980 -0.5303
vn -0.8819 0.2980 -0.3653
vn -0.9362 0.2980 -0.1862
vn -0.9546 0.2980 -0.0000
vn -0.9362 0.2980 0.1862
vn -0.8819 0.2980 0.3653
vn -0.7937 0.2980 0.5303
vn -0.6750 0.2980 0.6750
vn -0.5303 0.2980 0.7937
vn -0.3653 0.2980 0.8819
vn -0.1862 0.2980 0.9362
vn -0.0000 0.2980 0.9546
vn 0.1862 0.2980 0.9362
vn 0.3653 0.2980 0.8819
vn 0.5303 0.2980 0.7937
vn 0.6750 0.2980 0.6750
vn 0.7937 0.2980 0.5303
vn 0.8819 0.2980 0.3653
vn 0.9362 0.2980 0.1862
vn 0.8497 0.4994 -0.1690
vn 0.8664 0.4994 -0.0000
vn 0.8004 0.4994 -0.3315
vn 0.7204 0.4994 -0.4813
vn 0.6126 0.4994 -0.6126
vn 0.4814 0.4994 -0.7204
vn 0.3316 0.4994 -0.8004
vn 0.1691 0.4994 -0.8497
vn -0.0000 0.4994 -0.8664
vn -0.1690 0.4994 -0.8497
vn -0.3315 0.4994 -0.8004
vn -0.4813 0.4994 -0.7204
vn -0.6126 0.4994 -0.6126
vn -0.7204 0.4994 -0.4813
vn -0.8004 0.4994 -0.3316
vn -0.8497 0.4994 -0.1690
vn -0.8664 0.4994 -0.0000
vn -0.8497 0.4994 0.1690
vn -0.8004 0.4994 0.3315
vn -0.7204 0.4994 0.4813
vn -0.6126 0.4994 0.6126
vn -0.4813 0.4994 0.7204
vn -0.3315 0.4994 0.8004
vn -0.1690 0.4994 0.8497
vn -0.0000 0.4994 0.8664
vn 0.1690 0.4994 0.8497
vn 0.3316 0.4994 0.8004
vn 0.4813 0.4994 0.7204
vn 0.6126 0.4994 0.6126
vn 0.7204 0.4994 0.4813
vn 0.8004 0.4994 0.3315
vn 0.8497 0.4994 0.1690
vn 0.7122 0.6876 -0.1416
vn 0.7261 0.6876 -0.0000
vn 0.6708 0.6876 -0.2779
vn 0.6037 0.6876 -0.4034
vn 0.5135 0.6876 -0.5134
vn 0.4034 0.6876 -0.6037
vn 0.2779 0.6876 -0.6708
vn 0.1417 0.6876 -0.7121
vn -0.0000 0.6876 -0.7261
vn -0.1416 0.6876 -0.7121
vn -0.2778 0.6876 -0.6708
vn -0.4034 0.6876 -0.6037
vn -0.5134 0.6876 -0.5134
vn -0.6037 0.6876 -0.4034
vn -0.6708 0.6876 -0.2779
vn -0.7121 0.6876 -0.1417
vn -0.7261 0.6876 -0.0000
vn -0.7121 0.6876 0.1417
vn -0.6708 0.6876 0.2779
vn -0.6037 0.6876 0.4034
vn -0.5134 0.6876 0.5134
vn -0.4034 0.6876 0.6037
vn -0.2778 0.6876 0.6708
vn -0.1416 0.6876 0.7121
vn -0.0000 0.6876 0.7261
vn 0.1417 0.6876 0.7121
vn 0.2779 0.6876 0.6708
vn 0.4034 0.6876 0.6037
vn 0.5134 0.6876 0.5134
vn 0.6037 0.6876 0.4034
vn 0.6708 0.6876 0.2779
vn 0.7122 0.6876 0.1416
vn 0.5225 0.8463 -0.1039
vn 0.5328 0.8463 -0.0000
vn 0.4922 0.8463 -0.2039
vn 0.4430 0.8463 -0.2960
vn 0.3767 0.8463 -0.3767
vn 0.2960 0.8463 -0.4429
vn 0.2039 0.8463 -0.4922
vn 0.1040 0.8463 -0.5225
vn -0.0000 0.8463 -0.5327
vn -0.1039 0.8463 -0.5225
vn -0.2038 0.8463 -0.4922
vn -0.2960 0.8463 -0.4430
vn -0.3767 0.8463 -0.3767
vn -0.4429 0.8463 -0.2960
vn -0.4922 0.8463 -0.2039
vn -0.5225 0.8463 -0.1039
vn -0.5327 0.8463 -0.0000
vn -0.5225 0.8463 0.1039
vn -0.4922 0.8463 0.2039
vn -0.4429 0.8463 0.2960
vn -0.3767 0.8463 0.3767
vn -0.2960 0.8463 0.4430
vn -0.2039 0.8463 0.4922
vn -0.1039 0.8463 0.5225
vn -0.0000 0.8463 0.5327
vn 0.1040 0.8463 0.5225
vn 0.2039 0.8463 0.4922
vn 0.2960 0.8463 0.4429
vn 0.3767 0.8463 0.3767
vn 0.4430 0.8463 0.2960
vn 0.4922 0.8463 0.2039
vn 0.5225 0.8463 0.1039
vn 0.2824 0.9576 -0.0562
vn 0.2880 0.9576 -0.0000
vn 0.2661 0.9576 -0.1102
vn 0.2394 0.9576 -0.1600
vn 0.2036 0.9576 -0.2036
vn 0.1600 0.9576 -0.2394
vn 0.1102 0.9576 -0.2660
vn 0.0562 0.9576 -0.2824
vn 0.0001 0.9577 -0.2879
vn -0.0562 0.9576 -0.2824
vn -0.1102 0.9576 -0.2660
vn -0.1600 0.9577 -0.2394
vn -0.2036 0.9577 -0.2036
vn -0.2394 0.9577 -0.1600
vn -0.2660 0.9577 -0.1102
vn -0.2824 0.9577 -0.0562
vn -0.2879 0.9577 -0.0000
vn -0.2824 0.9577 0.0562
vn -0.2660 0.9577 0.1102
vn -0.2394 0.9577 0.1600
vn -0.2036 0.9577 0.2036
vn -0.1600 0.9577 0.2394
vn -0.1102 0.9576 0.2660
vn -0.0562 0.9577 0.2824
vn 0.0001 0.9577 0.2879
vn 0.0562 0.9576 0.2824
vn 0.1102 0.9576 0.2660
vn 0.1600 0.9576 0.2394
vn 0.2036 0.9576 0.2036
vn 0.2394 0.9576 0.1600
vn 0.2660 0.9576 0.1102
vn 0.2824 0.9576 0.0562
vn 0.1395 0.9898 -0.0277
vn 0.1422 0.9898 -0.0000
vn 0.1314 0.9898 -0.0544
vn 0.1182 0.9898 -0.0790
vn 0.1005 0.9898 -0.1005
vn 0.0791 0.9898 -0.1182
vn 0.0544 0.9898 -0.1313
vn 0.0278 0.9898 -0.1394
vn 0.0001 0.9898 -0.1421
vn -0.0277 0.9898 -0.1394
vn -0.0544 0.9898 -0.1313
vn -0.0790 0.9898 -0.1182
vn -0.1005 0.9898 -0.1005
vn -0.1182 0.9898 -0.0790
vn -0.1313 0.9898 -0.0544
vn -0.1394 0.9899 -0.0277
vn -0.1421 0.9898 -0.0000
vn -0.1394 0.9899 0.0277
vn -0.1313 0.9899 0.0544
vn -0.1182 0.9898 0.0790
vn -0.1005 0.9898 0.1005
vn -0.0790 0.9898 0.1182
vn -0.0545 0.9898 0.1313
vn -0.0277 0.9898 0.1394
vn 0.0001 0.9898 0.1421
vn 0.0278 0.9898 0.1394
vn 0.0544 0.9898 0.1313
vn 0.0790 0.9898 0.1182
vn 0.1006 0.9898 0.1005
vn 0.1182 0.9898 0.0790
vn 0.1314 0.9898 0.0544
vn 0.1394 0.9898 0.0278
vn 0.3708 0.7447 0.5549
vn 0.4112 0.7614 0.5011
vn 0.4232 0.7791 0.4624
vn 0.2554 0.7447 -0.6166
vn 0.3708 0.7447 -0.5549
vn 0.2264 0.9740 -0.0000
vn 0.3581 0.9337 -0.0000
vn -0.2707 -0.0630 -0.9606
vn -0.0979 0.0593 -0.9934
vn -0.0979 -0.0629 -0.9932
vn 0.2276 0.7106 -0.6658
vn 0.3585 0.7107 -0.6052
vn 0.4112 0.7614 -0.5011
vn 0.4232 0.7791 -0.4624
vn -0.0945 0.2655 -0.9595
vn 0.0862 0.4757 -0.8754
vn 0.1051 0.5485 -0.8295
vn 0.9765 0.2156 -0.0000
vn 0.9498 0.3130 -0.0000
vn 0.9187 0.3951 -0.0000
vn 0.9187 0.3950 -0.0000
vn -0.3241 0.9460 -0.0000
vn -0.2314 0.9729 -0.0000
vn -0.1459 0.9893 -0.0000
vn 0.3585 0.7107 0.6052
vn 0.6130 0.7794 0.1293
vn 0.5733 0.7794 0.2529
vn 0.0980 0.0082 0.9952
vn 0.5603 0.8283 -0.0000
vn 0.4412 0.8974 -0.0000
vn -0.8961 0.4439 -0.0000
vn -0.9165 0.4001 -0.0000
vn 0.9354 -0.3535 -0.0000
vn 0.9539 -0.3000 -0.0000
vn 0.9787 -0.2052 -0.0000
vn 0.9789 -0.2043 -0.0000
vn -0.0695 0.3456 -0.9358
vn 0.5090 0.7793 -0.3656
vn 0.5733 0.7794 -0.2529
vn -0.0978 -0.0629 0.9932
vn 0.0430 0.9991 -0.0000
vn 0.8247 0.5656 -0.0000
vn 0.7034 0.7108 -0.0000
vn 0.2187 0.6575 -0.7210
vn -0.2897 -0.0629 -0.9551
vn 1.0000 0.0079 -0.0000
vn -0.8158 0.5783 -0.0000
vn -0.6747 0.7381 -0.0000
vn -0.5073 0.8618 -0.0000
vn 0.6130 0.7794 -0.1293
vn 0.5090 0.7793 0.3656
vn 0.6265 0.7794 -0.0000
vn 0.9165 -0.4001 -0.0000
vt 1.000000 0.500000
vt 0.968750 0.500000
vt 0.968750 1.000000
vt 1.000000 1.000000
vt 0.937500 0.500000
vt 0.937500 1.000000
vt 0.906250 0.500000
vt 0.906250 1.000000
vt 0.875000 0.500000
vt 0.875000 1.000000
vt 0.843750 0.500000
vt 0.843750 1.000000
vt 0.812500 0.500000
vt 0.812500 1.000000
vt 0.781250 0.500000
vt 0.781250 1.000000
vt 0.750000 0.500000
vt 0.750000 1.000000
vt 0.718750 0.500000
vt 0.718750 1.000000
vt 0.687500 0.500000
vt 0.687500 1.000000
vt 0.656250 0.500000
vt 0.656250 1.000000
vt 0.625000 0.500000
vt 0.625000 1.000000
vt 0.593750 0.500000
vt 0.593750 1.000000
vt 0.562500 0.500000
vt 0.562500 1.000000
vt 0.531250 0.500000
vt 0.531250 1.000000
vt 0.500000 0.500000
vt 0.500000 1.000000
vt 0.468750 0.500000
vt 0.468750 1.000000
vt 0.437500 0.500000
vt 0.437500 1.000000
vt 0.406250 0.500000
vt 0.406250 1.000000
vt 0.375000 0.500000
vt 0.375000 1.000000
vt 0.343750 0.500000
vt 0.343750 1.000000
vt 0.312500 0.500000
vt 0.312500 1.000000
vt 0.281250 0.500000
vt 0.281250 1.000000
vt 0.250000 0.500000
vt 0.250000 1.000000
vt 0.218750 0.500000
vt 0.218750 1.000000
vt 0.187500 0.500000
vt 0.187500 1.000000
vt 0.156250 0.500000
vt 0.156250 1.000000
vt 0.125000 0.500000
vt 0.125000 1.000000
vt 0.093750 0.500000
vt 0.093750 1.000000
vt 0.062500 0.500000
vt 0.062500 1.000000
vt 0.296822 0.485388
vt 0.341844 0.471731
vt 0.383337 0.449553
vt 0.419706 0.419706
vt 0.449553 0.383337
vt 0.471731 0.341844
vt 0.485388 0.296822
vt 0.490000 0.250000
vt 0.485388 0.203178
vt 0.471731 0.158156
vt 0.449553 0.116663
vt 0.419706 0.080294
vt 0.383337 0.050447
vt 0.341844 0.028269
vt 0.296822 0.014612
vt 0.250000 0.010000
vt 0.203178 0.014612
vt 0.158156 0.028269
vt 0.116663 0.050447
vt 0.080294 0.080294
vt 0.050447 0.116663
vt 0.028269 0.158156
vt 0.014612 0.203178
vt 0.010000 0.250000
vt 0.014612 0.296822
vt 0.028269 0.341844
vt 0.050447 0.383337
vt 0.080294 0.419706
vt 0.116663 0.449553
vt 0.158156 0.471731
vt 0.203178 0.485388
vt 0.250000 0.490000
vt 0.031250 0.500000
vt 0.031250 1.000000
vt 0.000000 0.500000
vt 0.000000 1.000000
vt 0.750000 0.490000
vt 0.796822 0.485388
vt 0.841844 0.471731
vt 0.883337 0.449553
vt 0.919706 0.419706
vt 0.949553 0.383337
vt 0.971731 0.341844
vt 0.985388 0.296822
vt 0.990000 0.250000
vt 0.985388 0.203178
vt 0.971731 0.158156
vt 0.949553 0.116663
vt 0.919706 0.080294
vt 0.883337 0.050447
vt 0.841844 0.028269
vt 0.796822 0.014612
vt 0.750000 0.010000
vt 0.703178 0.014612
vt 0.658156 0.028269
vt 0.616663 0.050447
vt 0.580294 0.080294
vt 0.550447 0.116663
vt 0.528269 0.158156
vt 0.514612 0.203178
vt 0.510000 0.250000
vt 0.514612 0.296822
vt 0.528269 0.341844
vt 0.550447 0.383337
vt 0.580294 0.419706
vt 0.616663 0.449553
vt 0.658156 0.471731
vt 0.703178 0.485388
vt 0.031250 0.000000
vt 0.046875 0.000000
vt 0.031250 0.000048
vt 0.000000 0.000048
vt 0.078125 0.000000
vt 0.062500 0.000048
vt 0.109375 0.000000
vt 0.093750 0.000048
vt 0.140625 0.000000
vt 0.125000 0.000048
vt 0.171875 0.000000
vt 0.156250 0.000048
vt 0.203125 0.000000
vt 0.187500 0.000048
vt 0.234375 0.000000
vt 0.218750 0.000048
vt 0.265625 0.000000
vt 0.250000 0.000048
vt 0.296875 0.000000
vt 0.281250 0.000048
vt 0.328125 0.000000
vt 0.312500 0.000048
vt 0.359375 0.000000
vt 0.343750 0.000048
vt 0.390625 0.000000
vt 0.375000 0.000048
vt 0.421875 0.000000
vt 0.406250 0.000048
vt 0.453125 0.000000
vt 0.437500 0.000048
vt 0.484375 0.000000
vt 0.468750 0.000048
vt 0.515625 0.000000
vt 0.500000 0.000048
vt 0.546875 0.000000
vt 0.531250 0.000048
vt 0.578125 0.000000
vt 0.562500 0.000048
vt 0.609375 0.000000
vt 0.593750 0.000048
vt 0.640625 0.000000
vt 0.625000 0.000048
vt 0.671875 0.000000
vt 0.656250 0.000048
vt 0.703125 0.000000
vt 0.687500 0.000048
vt 0.734375 0.000000
vt 0.718750 0.000048
vt 0.765625 0.000000
vt 0.750000 0.000048
vt 0.796875 0.000000
vt 0.781250 0.000048
vt 0.828125 0.000000
vt 0.812500 0.000048
vt 0.859375 0.000000
vt 0.843750 0.000048
vt 0.890625 0.000000
vt 0.875000 0.000048
vt 0.921875 0.000000
vt 0.906250 0.000048
vt 0.953125 0.000000
vt 0.937500 0.000048
vt 0.984375 0.000000
vt 0.968750 0.000048
vt 1.000000 0.000000
vt 1.000000 0.000048
vt 0.031250 0.000182
vt 0.000000 0.000182
vt 0.062500 0.000182
vt 0.093750 0.000182
vt 0.125000 0.000182
vt 0.156250 0.000182
vt 0.187500 0.000182
vt 0.218750 0.000182
vt 0.250000 0.000182
vt 0.281250 0.000182
vt 0.312500 0.000182
vt 0.343750 0.000182
vt 0.375000 0.000182
vt 0.406250 0.000182
vt 0.437500 0.000182
vt 0.468750 0.000182
vt 0.500000 0.000182
vt 0.531250 0.000182
vt 0.562500 0.000182
vt 0.593750 0.000182
vt 0.625000 0.000182
vt 0.656250 0.000182
vt 0.687500 0.000182
vt 0.718750 0.000182
vt 0.750000 0.000182
vt 0.781250 0.000182
vt 0.812500 0.000182
vt 0.843750 0.000182
vt 0.875000 0.000182
vt 0.906250 0.000182
vt 0.937500 0.000182
vt 0.968750 0.000182
vt 1.000000 0.000182
vt 0.031250 0.000383
vt 0.000000 0.000383
vt 0.062500 0.000383
vt 0.093750 0.000383
vt 0.125000 0.000383
vt 0.156250 0.000383
vt 0.187500 0.000383
vt 0.218750 0.000383
vt 0.250000 0.000383
vt 0.281250 0.000383
vt 0.312500 0.000383
vt 0.343750 0.000383
vt 0.375000 0.000383
vt 0.406250 0.000383
vt 0.437500 0.000383
vt 0.468750 0.000383
vt 0.500000 0.000383
vt 0.531250 0.000383
vt 0.562500 0.000383
vt 0.593750 0.000383
vt 0.625000 0.000383
vt 0.656250 0.000383
vt 0.687500 0.000383
vt 0.718750 0.000383
vt 0.750000 0.000383
vt 0.781250 0.000383
vt 0.812500 0.000383
vt 0.843750 0.000383
vt 0.875000 0.000383
vt 0.906250 0.000383
vt 0.937500 0.000383
vt 0.968750 0.000383
vt 1.000000 0.000383
vt 0.031250 0.000636
vt 0.000000 0.000636
vt 0.062500 0.000636
vt 0.093750 0.000636
vt 0.125000 0.000636
vt 0.156250 0.000636
vt 0.187500 0.000636
vt 0.218750 0.000636
vt 0.250000 0.000636
vt 0.281250 0.000636
vt 0.312500 0.000636
vt 0.343750 0.000636
vt 0.375000 0.000636
vt 0.406250 0.000636
vt 0.437500 0.000636
vt 0.468750 0.000636
vt 0.500000 0.000636
vt 0.531250 0.000636
vt 0.562500 0.000636
vt 0.593750 0.000636
vt 0.625000 0.000636
vt 0.656250 0.000636
vt 0.687500 0.000636
vt 0.718750 0.000636
vt 0.750000 0.000636
vt 0.781250 0.000636
vt 0.812500 0.000636
vt 0.843750 0.000636
vt 0.875000 0.000636
vt 0.906250 0.000636
vt 0.937500 0.000636
vt 0.968750 0.000636
vt 1.000000 0.000636
vt 0.031250 0.000923
vt 0.000000 0.000923
vt 0.062500 0.000923
vt 0.093750 0.000923
vt 0.125000 0.000923
vt 0.156250 0.000923
vt 0.187500 0.000923
vt 0.218750 0.000923
vt 0.250000 0.000923
vt 0.281250 0.000923
vt 0.312500 0.000923
vt 0.343750 0.000923
vt 0.375000 0.000923
vt 0.406250 0.000923
vt 0.437500 0.000923
vt 0.468750 0.000923
vt 0.500000 0.000923
vt 0.531250 0.000923
vt 0.562500 0.000923
vt 0.593750 0.000923
vt 0.625000 0.000923
vt 0.656250 0.000923
vt 0.687500 0.000923
vt 0.718750 0.000923
vt 0.750000 0.000923
vt 0.781250 0.000923
vt 0.812500 0.000923
vt 0.843750 0.000923
vt 0.875000 0.000923
vt 0.906250 0.000923
vt 0.937500 0.000923
vt 0.968750 0.000923
vt 1.000000 0.000923
vt 0.031250 0.001227
vt 0.000000 0.001227
vt 0.062500 0.001227
vt 0.093750 0.001227
vt 0.125000 0.001227
vt 0.156250 0.001227
vt 0.187500 0.001227
vt 0.218750 0.001227
vt 0.250000 0.001227
vt 0.281250 0.001227
vt 0.312500 0.001227
vt 0.343750 0.001227
vt 0.375000 0.001227
vt 0.406250 0.001227
vt 0.437500 0.001227
vt 0.468750 0.001227
vt 0.500000 0.001227
vt 0.531250 0.001227
vt 0.562500 0.001227
vt 0.593750 0.001227
vt 0.625000 0.001227
vt 0.656250 0.001227
vt 0.687500 0.001227
vt 0.718750 0.001227
vt 0.750000 0.001227
vt 0.781250 0.001227
vt 0.812500 0.001227
vt 0.843750 0.001227
vt 0.875000 0.001227
vt 0.906250 0.001227
vt 0.937500 0.001227
vt 0.968750 0.001227
vt 1.000000 0.001227
vt 0.031250 0.001531
vt 0.000000 0.001531
vt 0.062500 0.001531
vt 0.093750 0.001531
vt 0.125000 0.001531
vt 0.156250 0.001531
vt 0.187500 0.001531
vt 0.218750 0.001531
vt 0.250000 0.001531
vt 0.281250 0.001531
vt 0.312500 0.001531
vt 0.343750 0.001531
vt 0.375000 0.001531
vt 0.406250 0.001531
vt 0.437500 0.001531
vt 0.468750 0.001531
vt 0.500000 0.001531
vt 0.531250 0.001531
vt 0.562500 0.001531
vt 0.593750 0.001531
vt 0.625000 0.001531
vt 0.656250 0.001531
vt 0.687500 0.001531
vt 0.718750 0.001531
vt 0.750000 0.001531
vt 0.781250 0.001531
vt 0.812500 0.001531
vt 0.843750 0.001531
vt 0.875000 0.001531
vt 0.906250 0.001531
vt 0.937500 0.001531
vt 0.968750 0.001531
vt 1.000000 0.001531
vt 0.031250 0.001818
vt 0.000000 0.001818
vt 0.062500 0.001818
vt 0.093750 0.001818
vt 0.125000 0.001818
vt 0.156250 0.001818
vt 0.187500 0.001818
vt 0.218750 0.001818
vt 0.250000 0.001818
vt 0.281250 0.001818
vt 0.312500 0.001818
vt 0.343750 0.001818
vt 0.375000 0.001818
vt 0.406250 0.001818
vt 0.437500 0.001818
vt 0.468750 0.001818
vt 0.500000 0.001818
vt 0.531250 0.001818
vt 0.562500 0.001818
vt 0.593750 0.001818
vt 0.625000 0.001818
vt 0.656250 0.001818
vt 0.687500 0.001818
vt 0.718750 0.001818
vt 0.750000 0.001818
vt 0.781250 0.001818
vt 0.812500 0.001818
vt 0.843750 0.001818
vt 0.875000 0.001818
vt 0.906250 0.001818
vt 0.937500 0.001818
vt 0.968750 0.001818
vt 1.000000 0.001818
vt 0.031250 0.002070
vt 0.000000 0.002070
vt 0.062500 0.002070
vt 0.093750 0.002070
vt 0.125000 0.002070
vt 0.156250 0.002070
vt 0.187500 0.002070
vt 0.218750 0.002070
vt 0.250000 0.002070
vt 0.281250 0.002070
vt 0.312500 0.002070
vt 0.343750 0.002070
vt 0.375000 0.002070
vt 0.406250 0.002070
vt 0.437500 0.002070
vt 0.468750 0.002070
vt 0.500000 0.002070
vt 0.531250 0.002070
vt 0.562500 0.002070
vt 0.593750 0.002070
vt 0.625000 0.002070
vt 0.656250 0.002070
vt 0.687500 0.002070
vt 0.718750 0.002070
vt 0.750000 0.002070
vt 0.781250 0.002070
vt 0.812500 0.002070
vt 0.843750 0.002070
vt 0.875000 0.002070
vt 0.906250 0.002070
vt 0.937500 0.002070
vt 0.968750 0.002070
vt 1.000000 0.002070
vt 0.031250 0.002272
vt 0.000000 0.002272
vt 0.062500 0.002272
vt 0.093750 0.002272
vt 0.125000 0.002272
vt 0.156250 0.002272
vt 0.187500 0.002272
vt 0.218750 0.002272
vt 0.250000 0.002272
vt 0.281250 0.002272
vt 0.312500 0.002272
vt 0.343750 0.002272
vt 0.375000 0.002272
vt 0.406250 0.002272
vt 0.437500 0.002272
vt 0.468750 0.002272
vt 0.500000 0.002272
vt 0.531250 0.002272
vt 0.562500 0.002272
vt 0.593750 0.002272
vt 0.625000 0.002272
vt 0.656250 0.002272
vt 0.687500 0.002272
vt 0.718750 0.002272
vt 0.750000 0.002272
vt 0.781250 0.002272
vt 0.812500 0.002272
vt 0.843750 0.002272
vt 0.875000 0.002272
vt 0.906250 0.002272
vt 0.937500 0.002272
vt 0.968750 0.002272
vt 1.000000 0.002272
vt 0.031250 0.002405
vt 0.000000 0.002405
vt 0.062500 0.002405
vt 0.093750 0.002405
vt 0.125000 0.002405
vt 0.156250 0.002405
vt 0.187500 0.002405
vt 0.218750 0.002405
vt 0.250000 0.002405
vt 0.281250 0.002405
vt 0.312500 0.002405
vt 0.343750 0.002405
vt 0.375000 0.002405
vt 0.406250 0.002405
vt 0.437500 0.002405
vt 0.468750 0.002405
vt 0.500000 0.002405
vt 0.531250 0.002405
vt 0.562500 0.002405
vt 0.593750 0.002405
vt 0.625000 0.002405
vt 0.656250 0.002405
vt 0.687500 0.002405
vt 0.718750 0.002405
vt 0.750000 0.002405
vt 0.781250 0.002405
vt 0.812500 0.002405
vt 0.843750 0.002405
vt 0.875000 0.002405
vt 0.906250 0.002405
vt 0.937500 0.002405
vt 0.968750 0.002405
vt 1.000000 0.002405
vt 0.031250 0.002454
vt 0.000000 0.002454
vt 0.062500 0.002454
vt 0.093750 0.002454
vt 0.125000 0.002454
vt 0.156250 0.002454
vt 0.187500 0.002454
vt 0.218750 0.002454
vt 0.250000 0.002454
vt 0.281250 0.002454
vt 0.312500 0.002454
vt 0.343750 0.002454
vt 0.375000 0.002454
vt 0.406250 0.002454
vt 0.437500 0.002454
vt 0.468750 0.002454
vt 0.500000 0.002454
vt 0.531250 0.002454
vt 0.562500 0.002454
vt 0.593750 0.002454
vt 0.625000 0.002454
vt 0.656250 0.002454
vt 0.687500 0.002454
vt 0.718750 0.002454
vt 0.750000 0.002454
vt 0.781250 0.002454
vt 0.812500 0.002454
vt 0.843750 0.002454
vt 0.875000 0.002454
vt 0.906250 0.002454
vt 0.937500 0.002454
vt 0.968750 0.002454
vt 1.000000 0.002454
vt 0.031250 0.002644
vt 0.000000 0.002644
vt 0.062500 0.002644
vt 0.093750 0.002644
vt 0.125000 0.002644
vt 0.156250 0.002644
vt 0.187500 0.002644
vt 0.218750 0.002644
vt 0.250000 0.002644
vt 0.281250 0.002644
vt 0.312500 0.002644
vt 0.343750 0.002644
vt 0.375000 0.002644
vt 0.406250 0.002644
vt 0.437500 0.002644
vt 0.468750 0.002644
vt 0.500000 0.002644
vt 0.531250 0.002644
vt 0.562500 0.002644
vt 0.593750 0.002644
vt 0.625000 0.002644
vt 0.656250 0.002644
vt 0.687500 0.002644
vt 0.718750 0.002644
vt 0.750000 0.002644
vt 0.781250 0.002644
vt 0.812500 0.002644
vt 0.843750 0.002644
vt 0.875000 0.002644
vt 0.906250 0.002644
vt 0.937500 0.002644
vt 0.968750 0.002644
vt 1.000000 0.002644
vt 0.031250 0.003187
vt 0.000000 0.003187
vt 0.062500 0.003187
vt 0.093750 0.003187
vt 0.125000 0.003187
vt 0.156250 0.003187
vt 0.187500 0.003187
vt 0.218750 0.003187
vt 0.250000 0.003187
vt 0.281250 0.003187
vt 0.312500 0.003187
vt 0.343750 0.003187
vt 0.375000 0.003187
vt 0.406250 0.003187
vt 0.437500 0.003187
vt 0.468750 0.003187
vt 0.500000 0.003187
vt 0.531250 0.003187
vt 0.562500 0.003187
vt 0.593750 0.003187
vt 0.625000 0.003187
vt 0.656250 0.003187
vt 0.687500 0.003187
vt 0.718750 0.003187
vt 0.750000 0.003187
vt 0.781250 0.003187
vt 0.812500 0.003187
vt 0.843750 0.003187
vt 0.875000 0.003187
vt 0.906250 0.003187
vt 0.937500 0.003187
vt 0.968750 0.003187
vt 1.000000 0.003187
vt 0.031250 0.004041
vt 0.000000 0.004041
vt 0.062500 0.004041
vt 0.093750 0.004041
vt 0.125000 0.004041
vt 0.156250 0.004041
vt 0.187500 0.004041
vt 0.218750 0.004041
vt 0.250000 0.004041
vt 0.281250 0.004041
vt 0.312500 0.004041
vt 0.343750 0.004041
vt 0.375000 0.004041
vt 0.406250 0.004041
vt 0.437500 0.004041
vt 0.468750 0.004041
vt 0.500000 0.004041
vt 0.531250 0.004041
vt 0.562500 0.004041
vt 0.593750 0.004041
vt 0.625000 0.004041
vt 0.656250 0.004041
vt 0.687500 0.004041
vt 0.718750 0.004041
vt 0.750000 0.004041
vt 0.781250 0.004041
vt 0.812500 0.004041
vt 0.843750 0.004041
vt 0.875000 0.004041
vt 0.906250 0.004041
vt 0.937500 0.004041
vt 0.968750 0.004041
vt 1.000000 0.004041
vt 0.031250 0.005162
vt 0.000000 0.005162
vt 0.062500 0.005162
vt 0.093750 0.005162
vt 0.125000 0.005162
vt 0.156250 0.005162
vt 0.187500 0.005162
vt 0.218750 0.005162
vt 0.250000 0.005162
vt 0.281250 0.005162
vt 0.312500 0.005162
vt 0.343750 0.005162
vt 0.375000 0.005162
vt 0.406250 0.005162
vt 0.437500 0.005162
vt 0.468750 0.005162
vt 0.500000 0.005162
vt 0.531250 0.005162
vt 0.562500 0.005162
vt 0.593750 0.005162
vt 0.625000 0.005162
vt 0.656250 0.005162
vt 0.687500 0.005162
vt 0.718750 0.005162
vt 0.750000 0.005162
vt 0.781250 0.005162
vt 0.812500 0.005162
vt 0.843750 0.005162
vt 0.875000 0.005162
vt 0.906250 0.005162
vt 0.937500 0.005162
vt 0.968750 0.005162
vt 1.000000 0.005162
vt 0.031250 0.006508
vt 0.000000 0.006508
vt 0.062500 0.006508
vt 0.093750 0.006508
vt 0.125000 0.006508
vt 0.156250 0.006508
vt 0.187500 0.006508
vt 0.218750 0.006508
vt 0.250000 0.006508
vt 0.281250 0.006508
vt 0.312500 0.006508
vt 0.343750 0.006508
vt 0.375000 0.006508
vt 0.406250 0.006508
vt 0.437500 0.006508
vt 0.468750 0.006508
vt 0.500000 0.006508
vt 0.531250 0.006508
vt 0.562500 0.006508
vt 0.593750 0.006508
vt 0.625000 0.006508
vt 0.656250 0.006508
vt 0.687500 0.006508
vt 0.718750 0.006508
vt 0.750000 0.006508
vt 0.781250 0.006508
vt 0.812500 0.006508
vt 0.843750 0.006508
vt 0.875000 0.006508
vt 0.906250 0.006508
vt 0.937500 0.006508
vt 0.968750 0.006508
vt 1.000000 0.006508
vt 0.031250 0.008037
vt 0.000000 0.008037
vt 0.062500 0.008037
vt 0.093750 0.008037
vt 0.125000 0.008037
vt 0.156250 0.008037
vt 0.187500 0.008037
vt 0.218750 0.008037
vt 0.250000 0.008037
vt 0.281250 0.008037
vt 0.312500 0.008037
vt 0.343750 0.008037
vt 0.375000 0.008037
vt 0.406250 0.008037
vt 0.437500 0.008037
vt 0.468750 0.008037
vt 0.500000 0.008037
vt 0.531250 0.008037
vt 0.562500 0.008037
vt 0.593750 0.008037
vt 0.625000 0.008037
vt 0.656250 0.008037
vt 0.687500 0.008037
vt 0.718750 0.008037
vt 0.750000 0.008037
vt 0.781250 0.008037
vt 0.812500 0.008037
vt 0.843750 0.008037
vt 0.875000 0.008037
vt 0.906250 0.008037
vt 0.937500 0.008037
vt 0.968750 0.008037
vt 1.000000 0.008037
vt 0.031250 0.009705
vt 0.000000 0.009705
vt 0.062500 0.009705
vt 0.093750 0.009705
vt 0.125000 0.009705
vt 0.156250 0.009705
vt 0.187500 0.009705
vt 0.218750 0.009705
vt 0.250000 0.009705
vt 0.281250 0.009705
vt 0.312500 0.009705
vt 0.343750 0.009705
vt 0.375000 0.009705
vt 0.406250 0.009705
vt 0.437500 0.009705
vt 0.468750 0.009705
vt 0.500000 0.009705
vt 0.531250 0.009705
vt 0.562500 0.009705
vt 0.593750 0.009705
vt 0.625000 0.009705
vt 0.656250 0.009705
vt 0.687500 0.009705
vt 0.718750 0.009705
vt 0.750000 0.009705
vt 0.781250 0.009705
vt 0.812500 0.009705
vt 0.843750 0.009705
vt 0.875000 0.009705
vt 0.906250 0.009705
vt 0.937500 0.009705
vt 0.968750 0.009705
vt 1.000000 0.009705
vt 0.031250 0.011471
vt 0.000000 0.011471
vt 0.062500 0.011471
vt 0.093750 0.011471
vt 0.125000 0.011471
vt 0.156250 0.011471
vt 0.187500 0.011471
vt 0.218750 0.011471
vt 0.250000 0.011471
vt 0.281250 0.011471
vt 0.312500 0.011471
vt 0.343750 0.011471
vt 0.375000 0.011471
vt 0.406250 0.011471
vt 0.437500 0.011471
vt 0.468750 0.011471
vt 0.500000 0.011471
vt 0.531250 0.011471
vt 0.562500 0.011471
vt 0.593750 0.011471
vt 0.625000 0.011471
vt 0.656250 0.011471
vt 0.687500 0.011471
vt 0.718750 0.011471
vt 0.750000 0.011471
vt 0.781250 0.011471
vt 0.812500 0.011471
vt 0.843750 0.011471
vt 0.875000 0.011471
vt 0.906250 0.011471
vt 0.937500 0.011471
vt 0.968750 0.011471
vt 1.000000 0.011471
vt 0.031250 0.013291
vt 0.000000 0.013291
vt 0.062500 0.013291
vt 0.093750 0.013291
vt 0.125000 0.013291
vt 0.156250 0.013291
vt 0.187500 0.013291
vt 0.218750 0.013291
vt 0.250000 0.013291
vt 0.281250 0.013291
vt 0.312500 0.013291
vt 0.343750 0.013291
vt 0.375000 0.013291
vt 0.406250 0.013291
vt 0.437500 0.013291
vt 0.468750 0.013291
vt 0.500000 0.013291
vt 0.531250 0.013291
vt 0.562500 0.013291
vt 0.593750 0.013291
vt 0.625000 0.013291
vt 0.656250 0.013291
vt 0.687500 0.013291
vt 0.718750 0.013291
vt 0.750000 0.013291
vt 0.781250 0.013291
vt 0.812500 0.013291
vt 0.843750 0.013291
vt 0.875000 0.013291
vt 0.906250 0.013291
vt 0.937500 0.013291
vt 0.968750 0.013291
vt 1.000000 0.013291
vt 0.031250 0.015124
vt 0.000000 0.015124
vt 0.062500 0.015124
vt 0.093750 0.015124
vt 0.125000 0.015124
vt 0.156250 0.015124
vt 0.187500 0.015124
vt 0.218750 0.015124
vt 0.250000 0.015124
vt 0.281250 0.015124
vt 0.312500 0.015124
vt 0.343750 0.015124
vt 0.375000 0.015124
vt 0.406250 0.015124
vt 0.437500 0.015124
vt 0.468750 0.015124
vt 0.500000 0.015124
vt 0.531250 0.015124
vt 0.562500 0.015124
vt 0.593750 0.015124
vt 0.625000 0.015124
vt 0.656250 0.015124
vt 0.687500 0.015124
vt 0.718750 0.015124
vt 0.750000 0.015124
vt 0.781250 0.015124
vt 0.812500 0.015124
vt 0.843750 0.015124
vt 0.875000 0.015124
vt 0.906250 0.015124
vt 0.937500 0.015124
vt 0.968750 0.015124
vt 1.000000 0.015124
vt 0.031250 0.016926
vt 0.000000 0.016926
vt 0.062500 0.016926
vt 0.093750 0.016926
vt 0.125000 0.016926
vt 0.156250 0.016926
vt 0.187500 0.016926
vt 0.218750 0.016926
vt 0.250000 0.016926
vt 0.281250 0.016926
vt 0.312500 0.016926
vt 0.343750 0.016926
vt 0.375000 0.016926
vt 0.406250 0.016926
vt 0.437500 0.016926
vt 0.468750 0.016926
vt 0.500000 0.016926
vt 0.531250 0.016926
vt 0.562500 0.016926
vt 0.593750 0.016926
vt 0.625000 0.016926
vt 0.656250 0.016926
vt 0.687500 0.016926
vt 0.718750 0.016926
vt 0.750000 0.016926
vt 0.781250 0.016926
vt 0.812500 0.016926
vt 0.843750 0.016926
vt 0.875000 0.016926
vt 0.906250 0.016926
vt 0.937500 0.016926
vt 0.968750 0.016926
vt 1.000000 0.016926
vt 0.031250 0.018656
vt 0.000000 0.018656
vt 0.062500 0.018656
vt 0.093750 0.018656
vt 0.125000 0.018656
vt 0.156250 0.018656
vt 0.187500 0.018656
vt 0.218750 0.018656
vt 0.250000 0.018656
vt 0.281250 0.018656
vt 0.312500 0.018656
vt 0.343750 0.018656
vt 0.375000 0.018656
vt 0.406250 0.018656
vt 0.437500 0.018656
vt 0.468750 0.018656
vt 0.500000 0.018656
vt 0.531250 0.018656
vt 0.562500 0.018656
vt 0.593750 0.018656
vt 0.625000 0.018656
vt 0.656250 0.018656
vt 0.687500 0.018656
vt 0.718750 0.018656
vt 0.750000 0.018656
vt 0.781250 0.018656
vt 0.812500 0.018656
vt 0.843750 0.018656
vt 0.875000 0.018656
vt 0.906250 0.018656
vt 0.937500 0.018656
vt 0.968750 0.018656
vt 1.000000 0.018656
vt 0.031250 0.020964
vt 0.000000 0.020964
vt 0.062500 0.020964
vt 0.093750 0.020964
vt 0.125000 0.020964
vt 0.156250 0.020964
vt 0.187500 0.020964
vt 0.218750 0.020964
vt 0.250000 0.020964
vt 0.281250 0.020964
vt 0.312500 0.020964
vt 0.343750 0.020964
vt 0.375000 0.020964
vt 0.406250 0.020964
vt 0.437500 0.020964
vt 0.468750 0.020964
vt 0.500000 0.020964
vt 0.531250 0.020964
vt 0.562500 0.020964
vt 0.593750 0.020964
vt 0.625000 0.020964
vt 0.656250 0.020964
vt 0.687500 0.020964
vt 0.718750 0.020964
vt 0.750000 0.020964
vt 0.781250 0.020964
vt 0.812500 0.020964
vt 0.843750 0.020964
vt 0.875000 0.020964
vt 0.906250 0.020964
vt 0.937500 0.020964
vt 0.968750 0.020964
vt 1.000000 0.020964
vt 0.031250 0.023336
vt 0.000000 0.023336
vt 0.062500 0.023336
vt 0.093750 0.023336
vt 0.125000 0.023336
vt 0.156250 0.023336
vt 0.187500 0.023336
vt 0.218750 0.023336
vt 0.250000 0.023336
vt 0.281250 0.023336
vt 0.312500 0.023336
vt 0.343750 0.023336
vt 0.375000 0.023336
vt 0.406250 0.023336
vt 0.437500 0.023336
vt 0.468750 0.023336
vt 0.500000 0.023336
vt 0.531250 0.023336
vt 0.562500 0.023336
vt 0.593750 0.023336
vt 0.625000 0.023336
vt 0.656250 0.023336
vt 0.687500 0.023336
vt 0.718750 0.023336
vt 0.750000 0.023336
vt 0.781250 0.023336
vt 0.812500 0.023336
vt 0.843750 0.023336
vt 0.875000 0.023336
vt 0.906250 0.023336
vt 0.937500 0.023336
vt 0.968750 0.023336
vt 1.000000 0.023336
vt 0.031250 0.025753
vt 0.000000 0.025753
vt 0.062500 0.025753
vt 0.093750 0.025753
vt 0.125000 0.025753
vt 0.156250 0.025753
vt 0.187500 0.025753
vt 0.218750 0.025753
vt 0.250000 0.025753
vt 0.281250 0.025753
vt 0.312500 0.025753
vt 0.343750 0.025753
vt 0.375000 0.025753
vt 0.406250 0.025753
vt 0.437500 0.025753
vt 0.468750 0.025753
vt 0.500000 0.025753
vt 0.531250 0.025753
vt 0.562500 0.025753
vt 0.593750 0.025753
vt 0.625000 0.025753
vt 0.656250 0.025753
vt 0.687500 0.025753
vt 0.718750 0.025753
vt 0.750000 0.025753
vt 0.781250 0.025753
vt 0.812500 0.025753
vt 0.843750 0.025753
vt 0.875000 0.025753
vt 0.906250 0.025753
vt 0.937500 0.025753
vt 0.968750 0.025753
vt 1.000000 0.025753
vt 0.031250 0.028199
vt 0.000000 0.028199
vt 0.062500 0.028199
vt 0.093750 0.028199
vt 0.125000 0.028199
vt 0.156250 0.028199
vt 0.187500 0.028199
vt 0.218750 0.028199
vt 0.250000 0.028199
vt 0.281250 0.028199
vt 0.312500 0.028199
vt 0.343750 0.028199
vt 0.375000 0.028199
vt 0.406250 0.028199
vt 0.437500 0.028199
vt 0.468750 0.028199
vt 0.500000 0.028199
vt 0.531250 0.028199
vt 0.562500 0.028199
vt 0.593750 0.028199
vt 0.625000 0.028199
vt 0.656250 0.028199
vt 0.687500 0.028199
vt 0.718750 0.028199
vt 0.750000 0.028199
vt 0.781250 0.028199
vt 0.812500 0.028199
vt 0.843750 0.028199
vt 0.875000 0.028199
vt 0.906250 0.028199
vt 0.937500 0.028199
vt 0.968750 0.028199
vt 1.000000 0.028199
vt 0.031250 0.030655
vt 0.000000 0.030655
vt 0.062500 0.030655
vt 0.093750 0.030655
vt 0.125000 0.030655
vt 0.156250 0.030655
vt 0.187500 0.030655
vt 0.218750 0.030655
vt 0.250000 0.030655
vt 0.281250 0.030655
vt 0.312500 0.030655
vt 0.343750 0.030655
vt 0.375000 0.030655
vt 0.406250 0.030655
vt 0.437500 0.030655
vt 0.468750 0.030655
vt 0.500000 0.030655
vt 0.531250 0.030655
vt 0.562500 0.030655
vt 0.593750 0.030655
vt 0.625000 0.030655
vt 0.656250 0.030655
vt 0.687500 0.030655
vt 0.718750 0.030655
vt 0.750000 0.030655
vt 0.781250 0.030655
vt 0.812500 0.030655
vt 0.843750 0.030655
vt 0.875000 0.030655
vt 0.906250 0.030655
vt 0.937500 0.030655
vt 0.968750 0.030655
vt 1.000000 0.030655
vt 0.031250 0.033102
vt 0.000000 0.033102
vt 0.062500 0.033102
vt 0.093750 0.033102
vt 0.125000 0.033102
vt 0.156250 0.033102
vt 0.187500 0.033102
vt 0.218750 0.033102
vt 0.250000 0.033102
vt 0.281250 0.033102
vt 0.312500 0.033102
vt 0.343750 0.033102
vt 0.375000 0.033102
vt 0.406250 0.033102
vt 0.437500 0.033102
vt 0.468750 0.033102
vt 0.500000 0.033102
vt 0.531250 0.033102
vt 0.562500 0.033102
vt 0.593750 0.033102
vt 0.625000 0.033102
vt 0.656250 0.033102
vt 0.687500 0.033102
vt 0.718750 0.033102
vt 0.750000 0.033102
vt 0.781250 0.033102
vt 0.812500 0.033102
vt 0.843750 0.033102
vt 0.875000 0.033102
vt 0.906250 0.033102
vt 0.937500 0.033102
vt 0.968750 0.033102
vt 1.000000 0.033102
vt 0.031250 0.035524
vt 0.000000 0.035524
vt 0.062500 0.035524
vt 0.093750 0.035524
vt 0.125000 0.035524
vt 0.156250 0.035524
vt 0.187500 0.035524
vt 0.218750 0.035524
vt 0.250000 0.035524
vt 0.281250 0.035524
vt 0.312500 0.035524
vt 0.343750 0.035524
vt 0.375000 0.035524
vt 0.406250 0.035524
vt 0.437500 0.035524
vt 0.468750 0.035524
vt 0.500000 0.035524
vt 0.531250 0.035524
vt 0.562500 0.035524
vt 0.593750 0.035524
vt 0.625000 0.035524
vt 0.656250 0.035524
vt 0.687500 0.035524
vt 0.718750 0.035524
vt 0.750000 0.035524
vt 0.781250 0.035524
vt 0.812500 0.035524
vt 0.843750 0.035524
vt 0.875000 0.035524
vt 0.906250 0.035524
vt 0.937500 0.035524
vt 0.968750 0.035524
vt 1.000000 0.035524
vt 0.031250 0.037902
vt 0.000000 0.037902
vt 0.062500 0.037902
vt 0.093750 0.037902
vt 0.125000 0.037902
vt 0.156250 0.037902
vt 0.187500 0.037902
vt 0.218750 0.037902
vt 0.250000 0.037902
vt 0.281250 0.037902
vt 0.312500 0.037902
vt 0.343750 0.037902
vt 0.375000 0.037902
vt 0.406250 0.037902
vt 0.437500 0.037902
vt 0.468750 0.037902
vt 0.500000 0.037902
vt 0.531250 0.037902
vt 0.562500 0.037902
vt 0.593750 0.037902
vt 0.625000 0.037902
vt 0.656250 0.037902
vt 0.687500 0.037902
vt 0.718750 0.037902
vt 0.750000 0.037902
vt 0.781250 0.037902
vt 0.812500 0.037902
vt 0.843750 0.037902
vt 0.875000 0.037902
vt 0.906250 0.037902
vt 0.937500 0.037902
vt 0.968750 0.037902
vt 1.000000 0.037902
vt 0.031250 0.040219
vt 0.000000 0.040219
vt 0.062500 0.040219
vt 0.093750 0.040219
vt 0.125000 0.040219
vt 0.156250 0.040219
vt 0.187500 0.040219
vt 0.218750 0.040219
vt 0.250000 0.040219
vt 0.281250 0.040219
vt 0.312500 0.040219
vt 0.343750 0.040219
vt 0.375000 0.040219
vt 0.406250 0.040219
vt 0.437500 0.040219
vt 0.468750 0.040219
vt 0.500000 0.040219
vt 0.531250 0.040219
vt 0.562500 0.040219
vt 0.593750 0.040219
vt 0.625000 0.040219
vt 0.656250 0.040219
vt 0.687500 0.040219
vt 0.718750 0.040219
vt 0.750000 0.040219
vt 0.781250 0.040219
vt 0.812500 0.040219
vt 0.843750 0.040219
vt 0.875000 0.040219
vt 0.906250 0.040219
vt 0.937500 0.040219
vt 0.968750 0.040219
vt 1.000000 0.040219
vt 0.031250 0.042455
vt 0.000000 0.042455
vt 0.062500 0.042455
vt 0.093750 0.042455
vt 0.125000 0.042455
vt 0.156250 0.042455
vt 0.187500 0.042455
vt 0.218750 0.042455
vt 0.250000 0.042455
vt 0.281250 0.042455
vt 0.312500 0.042455
vt 0.343750 0.042455
vt 0.375000 0.042455
vt 0.406250 0.042455
vt 0.437500 0.042455
vt 0.468750 0.042455
vt 0.500000 0.042455
vt 0.531250 0.042455
vt 0.562500 0.042455
vt 0.593750 0.042455
vt 0.625000 0.042455
vt 0.656250 0.042455
vt 0.687500 0.042455
vt 0.718750 0.042455
vt 0.750000 0.042455
vt 0.781250 0.042455
vt 0.812500 0.042455
vt 0.843750 0.042455
vt 0.875000 0.042455
vt 0.906250 0.042455
vt 0.937500 0.042455
vt 0.968750 0.042455
vt 1.000000 0.042455
vt 0.031250 0.044595
vt 0.000000 0.044595
vt 0.062500 0.044595
vt 0.093750 0.044595
vt 0.125000 0.044595
vt 0.156250 0.044595
vt 0.187500 0.044595
vt 0.218750 0.044595
vt 0.250000 0.044595
vt 0.281250 0.044595
vt 0.312500 0.044595
vt 0.343750 0.044595
vt 0.375000 0.044595
vt 0.406250 0.044595
vt 0.437500 0.044595
vt 0.468750 0.044595
vt 0.500000 0.044595
vt 0.531250 0.044595
vt 0.562500 0.044595
vt 0.593750 0.044595
vt 0.625000 0.044595
vt 0.656250 0.044595
vt 0.687500 0.044595
vt 0.718750 0.044595
vt 0.750000 0.044595
vt 0.781250 0.044595
vt 0.812500 0.044595
vt 0.843750 0.044595
vt 0.875000 0.044595
vt 0.906250 0.044595
vt 0.937500 0.044595
vt 0.968750 0.044595
vt 1.000000 0.044595
vt 0.031250 0.046619
vt 0.000000 0.046619
vt 0.062500 0.046619
vt 0.093750 0.046619
vt 0.125000 0.046619
vt 0.156250 0.046619
vt 0.187500 0.046619
vt 0.218750 0.046619
vt 0.250000 0.046619
vt 0.281250 0.046619
vt 0.312500 0.046619
vt 0.343750 0.046619
vt 0.375000 0.046619
vt 0.406250 0.046618
vt 0.437500 0.046619
vt 0.468750 0.046619
vt 0.500000 0.046619
vt 0.531250 0.046619
vt 0.562500 0.046619
vt 0.593750 0.046619
vt 0.625000 0.046619
vt 0.656250 0.046619
vt 0.687500 0.046619
vt 0.718750 0.046619
vt 0.750000 0.046619
vt 0.781250 0.046619
vt 0.812500 0.046619
vt 0.843750 0.046619
vt 0.875000 0.046619
vt 0.906250 0.046619
vt 0.937500 0.046619
vt 0.968750 0.046619
vt 1.000000 0.046619
vt 0.031250 0.050082
vt 0.000000 0.050082
vt 0.062500 0.050082
vt 0.093750 0.050082
vt 0.125000 0.050082
vt 0.156250 0.050082
vt 0.187500 0.050082
vt 0.218750 0.050082
vt 0.250000 0.050082
vt 0.281250 0.050082
vt 0.312500 0.050082
vt 0.343750 0.050082
vt 0.375000 0.050082
vt 0.406250 0.050082
vt 0.437500 0.050082
vt 0.468750 0.050082
vt 0.500000 0.050082
vt 0.531250 0.050082
vt 0.562500 0.050082
vt 0.593750 0.050082
vt 0.625000 0.050082
vt 0.656250 0.050082
vt 0.687500 0.050082
vt 0.718750 0.050082
vt 0.750000 0.050082
vt 0.781250 0.050082
vt 0.812500 0.050082
vt 0.843750 0.050082
vt 0.875000 0.050082
vt 0.906250 0.050082
vt 0.937500 0.050082
vt 0.968750 0.050082
vt 1.000000 0.050082
vt 0.031250 0.052730
vt 0.000000 0.052730
vt 0.062500 0.052730
vt 0.093750 0.052730
vt 0.125000 0.052730
vt 0.156250 0.052730
vt 0.187500 0.052730
vt 0.218750 0.052730
vt 0.250000 0.052730
vt 0.281250 0.052730
vt 0.312500 0.052730
vt 0.343750 0.052730
vt 0.375000 0.052730
vt 0.406250 0.052730
vt 0.437500 0.052730
vt 0.468750 0.052730
vt 0.500000 0.052730
vt 0.531250 0.052730
vt 0.562500 0.052730
vt 0.593750 0.052730
vt 0.625000 0.052730
vt 0.656250 0.052730
vt 0.687500 0.052730
vt 0.718750 0.052730
vt 0.750000 0.052730
vt 0.781250 0.052730
vt 0.812500 0.052730
vt 0.843750 0.052730
vt 0.875000 0.052730
vt 0.906250 0.052730
vt 0.937500 0.052730
vt 0.968750 0.052730
vt 1.000000 0.052730
vt 0.031250 0.054708
vt 0.000000 0.054708
vt 0.062500 0.054708
vt 0.093750 0.054708
vt 0.125000 0.054708
vt 0.156250 0.054708
vt 0.187500 0.054708
vt 0.218750 0.054708
vt 0.250000 0.054708
vt 0.281250 0.054708
vt 0.312500 0.054708
vt 0.343750 0.054708
vt 0.375000 0.054708
vt 0.406250 0.054708
vt 0.437500 0.054708
vt 0.468750 0.054708
vt 0.500000 0.054708
vt 0.531250 0.054708
vt 0.562500 0.054708
vt 0.593750 0.054708
vt 0.625000 0.054708
vt 0.656250 0.054708
vt 0.687500 0.054708
vt 0.718750 0.054708
vt 0.750000 0.054708
vt 0.781250 0.054708
vt 0.812500 0.054708
vt 0.843750 0.054708
vt 0.875000 0.054708
vt 0.906250 0.054708
vt 0.937500 0.054708
vt 0.968750 0.054708
vt 1.000000 0.054708
vt 0.031250 0.056159
vt 0.000000 0.056159
vt 0.062500 0.056159
vt 0.093750 0.056159
vt 0.125000 0.056159
vt 0.156250 0.056159
vt 0.187500 0.056159
vt 0.218750 0.056159
vt 0.250000 0.056159
vt 0.281250 0.056159
vt 0.312500 0.056159
vt 0.343750 0.056159
vt 0.375000 0.056159
vt 0.406250 0.056159
vt 0.437500 0.056159
vt 0.468750 0.056159
vt 0.500000 0.056159
vt 0.531250 0.056159
vt 0.562500 0.056159
vt 0.593750 0.056159
vt 0.625000 0.056159
vt 0.656250 0.056159
vt 0.687500 0.056159
vt 0.718750 0.056159
vt 0.750000 0.056159
vt 0.781250 0.056159
vt 0.812500 0.056159
vt 0.843750 0.056159
vt 0.875000 0.056159
vt 0.906250 0.056159
vt 0.937500 0.056159
vt 0.968750 0.056159
vt 1.000000 0.056159
vt 0.031250 0.057229
vt 0.000000 0.057229
vt 0.062500 0.057229
vt 0.093750 0.057229
vt 0.125000 0.057229
vt 0.156250 0.057229
vt 0.187500 0.057229
vt 0.218750 0.057229
vt 0.250000 0.057229
vt 0.281250 0.057229
vt 0.312500 0.057229
vt 0.343750 0.057229
vt 0.375000 0.057229
vt 0.406250 0.057229
vt 0.437500 0.057229
vt 0.468750 0.057229
vt 0.500000 0.057229
vt 0.531250 0.057229
vt 0.562500 0.057229
vt 0.593750 0.057229
vt 0.625000 0.057229
vt 0.656250 0.057229
vt 0.687500 0.057229
vt 0.718750 0.057229
vt 0.750000 0.057229
vt 0.781250 0.057229
vt 0.812500 0.057229
vt 0.843750 0.057229
vt 0.875000 0.057229
vt 0.906250 0.057229
vt 0.937500 0.057229
vt 0.968750 0.057229
vt 1.000000 0.057229
vt 0.031250 0.058064
vt 0.000000 0.058064
vt 0.062500 0.058064
vt 0.093750 0.058064
vt 0.125000 0.058064
vt 0.156250 0.058064
vt 0.187500 0.058064
vt 0.218750 0.058064
vt 0.250000 0.058064
vt 0.281250 0.058064
vt 0.312500 0.058064
vt 0.343750 0.058064
vt 0.375000 0.058064
vt 0.406250 0.058064
vt 0.437500 0.058064
vt 0.468750 0.058064
vt 0.500000 0.058064
vt 0.531250 0.058064
vt 0.562500 0.058064
vt 0.593750 0.058064
vt 0.625000 0.058064
vt 0.656250 0.058064
vt 0.687500 0.058064
vt 0.718750 0.058064
vt 0.750000 0.058064
vt 0.781250 0.058064
vt 0.812500 0.058064
vt 0.843750 0.058064
vt 0.875000 0.058064
vt 0.906250 0.058064
vt 0.937500 0.058064
vt 0.968750 0.058064
vt 1.000000 0.058064
vt 0.031250 0.058808
vt 0.000000 0.058808
vt 0.062500 0.058808
vt 0.093750 0.058808
vt 0.125000 0.058808
vt 0.156250 0.058808
vt 0.187500 0.058808
vt 0.218750 0.058808
vt 0.250000 0.058808
vt 0.281250 0.058808
vt 0.312500 0.058808
vt 0.343750 0.058808
vt 0.375000 0.058808
vt 0.406250 0.058808
vt 0.437500 0.058808
vt 0.468750 0.058808
vt 0.500000 0.058808
vt 0.531250 0.058808
vt 0.562500 0.058808
vt 0.593750 0.058808
vt 0.625000 0.058808
vt 0.656250 0.058808
vt 0.687500 0.058808
vt 0.718750 0.058808
vt 0.750000 0.058808
vt 0.781250 0.058808
vt 0.812500 0.058808
vt 0.843750 0.058808
vt 0.875000 0.058808
vt 0.906250 0.058808
vt 0.937500 0.058808
vt 0.968750 0.058808
vt 1.000000 0.058808
vt 0.031250 0.059607
vt 0.000000 0.059607
vt 0.062500 0.059607
vt 0.093750 0.059607
vt 0.125000 0.059607
vt 0.156250 0.059607
vt 0.187500 0.059607
vt 0.218750 0.059607
vt 0.250000 0.059607
vt 0.281250 0.059607
vt 0.312500 0.059607
vt 0.343750 0.059607
vt 0.375000 0.059607
vt 0.406250 0.059607
vt 0.437500 0.059607
vt 0.468750 0.059607
vt 0.500000 0.059607
vt 0.531250 0.059607
vt 0.562500 0.059607
vt 0.593750 0.059607
vt 0.625000 0.059607
vt 0.656250 0.059607
vt 0.687500 0.059607
vt 0.718750 0.059607
vt 0.750000 0.059607
vt 0.781250 0.059607
vt 0.812500 0.059607
vt 0.843750 0.059607
vt 0.875000 0.059607
vt 0.906250 0.059607
vt 0.937500 0.059607
vt 0.968750 0.059607
vt 1.000000 0.059607
vt 0.031250 0.060605
vt 0.000000 0.060605
vt 0.062500 0.060605
vt 0.093750 0.060605
vt 0.125000 0.060605
vt 0.156250 0.060605
vt 0.187500 0.060605
vt 0.218750 0.060605
vt 0.250000 0.060605
vt 0.281250 0.060605
vt 0.312500 0.060605
vt 0.343750 0.060605
vt 0.375000 0.060605
vt 0.406250 0.060605
vt 0.437500 0.060605
vt 0.468750 0.060605
vt 0.500000 0.060605
vt 0.531250 0.060605
vt 0.562500 0.060605
vt 0.593750 0.060605
vt 0.625000 0.060605
vt 0.656250 0.060605
vt 0.687500 0.060605
vt 0.718750 0.060605
vt 0.750000 0.060605
vt 0.781250 0.060605
vt 0.812500 0.060605
vt 0.843750 0.060605
vt 0.875000 0.060605
vt 0.906250 0.060605
vt 0.937500 0.060605
vt 0.968750 0.060605
vt 1.000000 0.060605
vt 0.031250 0.061948
vt 0.000000 0.061948
vt 0.062500 0.061948
vt 0.093750 0.061948
vt 0.125000 0.061948
vt 0.156250 0.061948
vt 0.187500 0.061948
vt 0.218750 0.061948
vt 0.250000 0.061948
vt 0.281250 0.061948
vt 0.312500 0.061948
vt 0.343750 0.061948
vt 0.375000 0.061948
vt 0.406250 0.061948
vt 0.437500 0.061948
vt 0.468750 0.061948
vt 0.500000 0.061948
vt 0.531250 0.061948
vt 0.562500 0.061948
vt 0.593750 0.061948
vt 0.625000 0.061948
vt 0.656250 0.061948
vt 0.687500 0.061948
vt 0.718750 0.061948
vt 0.750000 0.061948
vt 0.781250 0.061948
vt 0.812500 0.061948
vt 0.843750 0.061948
vt 0.875000 0.061948
vt 0.906250 0.061948
vt 0.937500 0.061948
vt 0.968750 0.061948
vt 1.000000 0.061948
vt 0.031250 0.063780
vt 0.000000 0.063780
vt 0.062500 0.063780
vt 0.093750 0.063780
vt 0.125000 0.063780
vt 0.156250 0.063780
vt 0.187500 0.063780
vt 0.218750 0.063780
vt 0.250000 0.063780
vt 0.281250 0.063780
vt 0.312500 0.063780
vt 0.343750 0.063780
vt 0.375000 0.063780
vt 0.406250 0.063780
vt 0.437500 0.063780
vt 0.468750 0.063780
vt 0.500000 0.063780
vt 0.531250 0.063780
vt 0.562500 0.063780
vt 0.593750 0.063780
vt 0.625000 0.063780
vt 0.656250 0.063780
vt 0.687500 0.063780
vt 0.718750 0.063780
vt 0.750000 0.063780
vt 0.781250 0.063780
vt 0.812500 0.063780
vt 0.843750 0.063780
vt 0.875000 0.063780
vt 0.906250 0.063780
vt 0.937500 0.063780
vt 0.968750 0.063780
vt 1.000000 0.063780
vt 0.031250 0.066247
vt 0.000000 0.066247
vt 0.062500 0.066247
vt 0.093750 0.066247
vt 0.125000 0.066247
vt 0.156250 0.066247
vt 0.187500 0.066247
vt 0.218750 0.066247
vt 0.250000 0.066247
vt 0.281250 0.066247
vt 0.312500 0.066247
vt 0.343750 0.066247
vt 0.375000 0.066247
vt 0.406250 0.066247
vt 0.437500 0.066247
vt 0.468750 0.066247
vt 0.500000 0.066247
vt 0.531250 0.066247
vt 0.562500 0.066247
vt 0.593750 0.066247
vt 0.625000 0.066247
vt 0.656250 0.066247
vt 0.687500 0.066247
vt 0.718750 0.066247
vt 0.750000 0.066247
vt 0.781250 0.066247
vt 0.812500 0.066247
vt 0.843750 0.066247
vt 0.875000 0.066247
vt 0.906250 0.066247
vt 0.937500 0.066247
vt 0.968750 0.066247
vt 1.000000 0.066247
vt 0.031250 0.069016
vt 0.000000 0.069016
vt 0.062500 0.069016
vt 0.093750 0.069016
vt 0.125000 0.069016
vt 0.156250 0.069016
vt 0.187500 0.069016
vt 0.218750 0.069016
vt 0.250000 0.069016
vt 0.281250 0.069016
vt 0.312500 0.069016
vt 0.343750 0.069016
vt 0.375000 0.069016
vt 0.406250 0.069016
vt 0.437500 0.069016
vt 0.468750 0.069016
vt 0.500000 0.069016
vt 0.531250 0.069016
vt 0.562500 0.069016
vt 0.593750 0.069016
vt 0.625000 0.069016
vt 0.656250 0.069016
vt 0.687500 0.069016
vt 0.718750 0.069016
vt 0.750000 0.069016
vt 0.781250 0.069016
vt 0.812500 0.069016
vt 0.843750 0.069016
vt 0.875000 0.069016
vt 0.906250 0.069016
vt 0.937500 0.069016
vt 0.968750 0.069016
vt 1.000000 0.069016
vt 0.031250 0.071743
vt 0.000000 0.071743
vt 0.062500 0.071743
vt 0.093750 0.071743
vt 0.125000 0.071743
vt 0.156250 0.071743
vt 0.187500 0.071743
vt 0.218750 0.071743
vt 0.250000 0.071743
vt 0.281250 0.071743
vt 0.312500 0.071743
vt 0.343750 0.071743
vt 0.375000 0.071743
vt 0.406250 0.071743
vt 0.437500 0.071743
vt 0.468750 0.071743
vt 0.500000 0.071743
vt 0.531250 0.071743
vt 0.562500 0.071743
vt 0.593750 0.071743
vt 0.625000 0.071743
vt 0.656250 0.071743
vt 0.687500 0.071743
vt 0.718750 0.071743
vt 0.750000 0.071743
vt 0.781250 0.071743
vt 0.812500 0.071743
vt 0.843750 0.071743
vt 0.875000 0.071743
vt 0.906250 0.071743
vt 0.937500 0.071743
vt 0.968750 0.071743
vt 1.000000 0.071743
vt 0.031250 0.074554
vt 0.000000 0.074554
vt 0.062500 0.074554
vt 0.093750 0.074554
vt 0.125000 0.074554
vt 0.156250 0.074554
vt 0.187500 0.074554
vt 0.218750 0.074554
vt 0.250000 0.074554
vt 0.281250 0.074554
vt 0.312500 0.074554
vt 0.343750 0.074554
vt 0.375000 0.074554
vt 0.406250 0.074554
vt 0.437500 0.074554
vt 0.468750 0.074554
vt 0.500000 0.074554
vt 0.531250 0.074554
vt 0.562500 0.074554
vt 0.593750 0.074554
vt 0.625000 0.074554
vt 0.656250 0.074554
vt 0.687500 0.074554
vt 0.718750 0.074554
vt 0.750000 0.074554
vt 0.781250 0.074554
vt 0.812500 0.074554
vt 0.843750 0.074554
vt 0.875000 0.074554
vt 0.906250 0.074554
vt 0.937500 0.074554
vt 0.968750 0.074554
vt 1.000000 0.074554
vt 0.031250 0.077580
vt 0.000000 0.077580
vt 0.062500 0.077580
vt 0.093750 0.077580
vt 0.125000 0.077580
vt 0.156250 0.077580
vt 0.187500 0.077580
vt 0.218750 0.077580
vt 0.250000 0.077580
vt 0.281250 0.077580
vt 0.312500 0.077580
vt 0.343750 0.077580
vt 0.375000 0.077580
vt 0.406250 0.077580
vt 0.437500 0.077580
vt 0.468750 0.077580
vt 0.500000 0.077580
vt 0.531250 0.077580
vt 0.562500 0.077580
vt 0.593750 0.077580
vt 0.625000 0.077580
vt 0.656250 0.077580
vt 0.687500 0.077580
vt 0.718750 0.077580
vt 0.750000 0.077580
vt 0.781250 0.077580
vt 0.812500 0.077580
vt 0.843750 0.077580
vt 0.875000 0.077580
vt 0.906250 0.077580
vt 0.937500 0.077580
vt 0.968750 0.077580
vt 1.000000 0.077580
vt 0.031250 0.080946
vt 0.000000 0.080946
vt 0.062500 0.080946
vt 0.093750 0.080946
vt 0.125000 0.080946
vt 0.156250 0.080946
vt 0.187500 0.080946
vt 0.218750 0.080946
vt 0.250000 0.080946
vt 0.281250 0.080946
vt 0.312500 0.080946
vt 0.343750 0.080946
vt 0.375000 0.080946
vt 0.406250 0.080946
vt 0.437500 0.080946
vt 0.468750 0.080946
vt 0.500000 0.080946
vt 0.531250 0.080946
vt 0.562500 0.080946
vt 0.593750 0.080946
vt 0.625000 0.080946
vt 0.656250 0.080946
vt 0.687500 0.080946
vt 0.718750 0.080946
vt 0.750000 0.080946
vt 0.781250 0.080946
vt 0.812500 0.080946
vt 0.843750 0.080946
vt 0.875000 0.080946
vt 0.906250 0.080946
vt 0.937500 0.080946
vt 0.968750 0.080946
vt 1.000000 0.080946
vt 0.031250 0.084783
vt 0.000000 0.084783
vt 0.062500 0.084783
vt 0.093750 0.084783
vt 0.125000 0.084783
vt 0.156250 0.084783
vt 0.187500 0.084783
vt 0.218750 0.084783
vt 0.250000 0.084783
vt 0.281250 0.084783
vt 0.312500 0.084783
vt 0.343750 0.084783
vt 0.375000 0.084783
vt 0.406250 0.084783
vt 0.437500 0.084783
vt 0.468750 0.084783
vt 0.500000 0.084783
vt 0.531250 0.084783
vt 0.562500 0.084783
vt 0.593750 0.084783
vt 0.625000 0.084783
vt 0.656250 0.084783
vt 0.687500 0.084783
vt 0.718750 0.084783
vt 0.750000 0.084783
vt 0.781250 0.084783
vt 0.812500 0.084783
vt 0.843750 0.084783
vt 0.875000 0.084783
vt 0.906250 0.084783
vt 0.937500 0.084783
vt 0.968750 0.084783
vt 1.000000 0.084783
vt 0.031250 0.089216
vt 0.000000 0.089216
vt 0.062500 0.089216
vt 0.093750 0.089216
vt 0.125000 0.089216
vt 0.156250 0.089216
vt 0.187500 0.089216
vt 0.218750 0.089216
vt 0.250000 0.089216
vt 0.281250 0.089216
vt 0.312500 0.089216
vt 0.343750 0.089216
vt 0.375000 0.089216
vt 0.406250 0.089216
vt 0.437500 0.089216
vt 0.468750 0.089216
vt 0.500000 0.089216
vt 0.531250 0.089216
vt 0.562500 0.089216
vt 0.593750 0.089216
vt 0.625000 0.089216
vt 0.656250 0.089216
vt 0.687500 0.089216
vt 0.718750 0.089216
vt 0.750000 0.089216
vt 0.781250 0.089216
vt 0.812500 0.089216
vt 0.843750 0.089216
vt 0.875000 0.089216
vt 0.906250 0.089216
vt 0.937500 0.089216
vt 0.968750 0.089216
vt 1.000000 0.089216
vt 0.031250 0.094376
vt 0.000000 0.094376
vt 0.062500 0.094376
vt 0.093750 0.094376
vt 0.125000 0.094376
vt 0.156250 0.094376
vt 0.187500 0.094376
vt 0.218750 0.094376
vt 0.250000 0.094376
vt 0.281250 0.094376
vt 0.312500 0.094376
vt 0.343750 0.094376
vt 0.375000 0.094376
vt 0.406250 0.094376
vt 0.437500 0.094376
vt 0.468750 0.094376
vt 0.500000 0.094376
vt 0.531250 0.094376
vt 0.562500 0.094376
vt 0.593750 0.094376
vt 0.625000 0.094376
vt 0.656250 0.094376
vt 0.687500 0.094376
vt 0.718750 0.094376
vt 0.750000 0.094376
vt 0.781250 0.094376
vt 0.812500 0.094376
vt 0.843750 0.094376
vt 0.875000 0.094376
vt 0.906250 0.094376
vt 0.937500 0.094376
vt 0.968750 0.094376
vt 1.000000 0.094376
vt 0.031250 0.100388
vt 0.000000 0.100388
vt 0.062500 0.100388
vt 0.093750 0.100388
vt 0.125000 0.100388
vt 0.156250 0.100388
vt 0.187500 0.100388
vt 0.218750 0.100388
vt 0.250000 0.100388
vt 0.281250 0.100388
vt 0.312500 0.100388
vt 0.343750 0.100388
vt 0.375000 0.100388
vt 0.406250 0.100388
vt 0.437500 0.100388
vt 0.468750 0.100388
vt 0.500000 0.100388
vt 0.531250 0.100388
vt 0.562500 0.100388
vt 0.593750 0.100388
vt 0.625000 0.100388
vt 0.656250 0.100388
vt 0.687500 0.100388
vt 0.718750 0.100388
vt 0.750000 0.100388
vt 0.781250 0.100388
vt 0.812500 0.100388
vt 0.843750 0.100388
vt 0.875000 0.100388
vt 0.906250 0.100388
vt 0.937500 0.100388
vt 0.968750 0.100388
vt 1.000000 0.100388
vt 0.031250 0.107383
vt 0.000000 0.107383
vt 0.062500 0.107383
vt 0.093750 0.107383
vt 0.125000 0.107383
vt 0.156250 0.107383
vt 0.187500 0.107383
vt 0.218750 0.107383
vt 0.250000 0.107383
vt 0.281250 0.107383
vt 0.312500 0.107383
vt 0.343750 0.107383
vt 0.375000 0.107383
vt 0.406250 0.107383
vt 0.437500 0.107383
vt 0.468750 0.107383
vt 0.500000 0.107383
vt 0.531250 0.107383
vt 0.562500 0.107383
vt 0.593750 0.107383
vt 0.625000 0.107383
vt 0.656250 0.107383
vt 0.687500 0.107383
vt 0.718750 0.107383
vt 0.750000 0.107383
vt 0.781250 0.107383
vt 0.812500 0.107383
vt 0.843750 0.107383
vt 0.875000 0.107383
vt 0.906250 0.107383
vt 0.937500 0.107383
vt 0.968750 0.107383
vt 1.000000 0.107383
vt 0.031250 0.115486
vt 0.000000 0.115486
vt 0.062500 0.115486
vt 0.093750 0.115486
vt 0.125000 0.115486
vt 0.156250 0.115486
vt 0.187500 0.115486
vt 0.218750 0.115486
vt 0.250000 0.115486
vt 0.281250 0.115486
vt 0.312500 0.115486
vt 0.343750 0.115486
vt 0.375000 0.115486
vt 0.406250 0.115486
vt 0.437500 0.115486
vt 0.468750 0.115486
vt 0.500000 0.115486
vt 0.531250 0.115486
vt 0.562500 0.115486
vt 0.593750 0.115486
vt 0.625000 0.115486
vt 0.656250 0.115486
vt 0.687500 0.115486
vt 0.718750 0.115486
vt 0.750000 0.115486
vt 0.781250 0.115486
vt 0.812500 0.115486
vt 0.843750 0.115486
vt 0.875000 0.115486
vt 0.906250 0.115486
vt 0.937500 0.115486
vt 0.968750 0.115486
vt 1.000000 0.115486
vt 0.031250 0.124827
vt 0.000000 0.124827
vt 0.062500 0.124827
vt 0.093750 0.124827
vt 0.125000 0.124827
vt 0.156250 0.124827
vt 0.187500 0.124827
vt 0.218750 0.124827
vt 0.250000 0.124827
vt 0.281250 0.124827
vt 0.312500 0.124827
vt 0.343750 0.124827
vt 0.375000 0.124827
vt 0.406250 0.124827
vt 0.437500 0.124827
vt 0.468750 0.124827
vt 0.500000 0.124827
vt 0.531250 0.124827
vt 0.562500 0.124827
vt 0.593750 0.124827
vt 0.625000 0.124827
vt 0.656250 0.124827
vt 0.687500 0.124827
vt 0.718750 0.124827
vt 0.750000 0.124827
vt 0.781250 0.124827
vt 0.812500 0.124827
vt 0.843750 0.124827
vt 0.875000 0.124827
vt 0.906250 0.124827
vt 0.937500 0.124827
vt 0.968750 0.124827
vt 1.000000 0.124827
vt 0.031250 0.139243
vt 0.000000 0.139243
vt 0.062500 0.139243
vt 0.093750 0.139243
vt 0.125000 0.139243
vt 0.156250 0.139243
vt 0.187500 0.139243
vt 0.218750 0.139243
vt 0.250000 0.139243
vt 0.281250 0.139243
vt 0.312500 0.139243
vt 0.343750 0.139243
vt 0.375000 0.139243
vt 0.406250 0.139243
vt 0.437500 0.139243
vt 0.468750 0.139243
vt 0.500000 0.139243
vt 0.531250 0.139243
vt 0.562500 0.139243
vt 0.593750 0.139243
vt 0.625000 0.139243
vt 0.656250 0.139243
vt 0.687500 0.139243
vt 0.718750 0.139243
vt 0.750000 0.139243
vt 0.781250 0.139243
vt 0.812500 0.139243
vt 0.843750 0.139243
vt 0.875000 0.139243
vt 0.906250 0.139243
vt 0.937500 0.139243
vt 0.968750 0.139243
vt 1.000000 0.139243
vt 0.031250 0.152379
vt 0.000000 0.152379
vt 0.062500 0.152379
vt 0.093750 0.152379
vt 0.125000 0.152379
vt 0.156250 0.152379
vt 0.187500 0.152379
vt 0.218750 0.152379
vt 0.250000 0.152379
vt 0.281250 0.152379
vt 0.312500 0.152379
vt 0.343750 0.152379
vt 0.375000 0.152379
vt 0.406250 0.152379
vt 0.437500 0.152379
vt 0.468750 0.152379
vt 0.500000 0.152379
vt 0.531250 0.152379
vt 0.562500 0.152379
vt 0.593750 0.152379
vt 0.625000 0.152379
vt 0.656250 0.152379
vt 0.687500 0.152379
vt 0.718750 0.152379
vt 0.750000 0.152379
vt 0.781250 0.152379
vt 0.812500 0.152379
vt 0.843750 0.152379
vt 0.875000 0.152379
vt 0.906250 0.152379
vt 0.937500 0.152379
vt 0.968750 0.152379
vt 1.000000 0.152379
vt 0.031250 0.164476
vt 0.000000 0.164476
vt 0.062500 0.164476
vt 0.093750 0.164476
vt 0.125000 0.164476
vt 0.156250 0.164476
vt 0.187500 0.164476
vt 0.218750 0.164476
vt 0.250000 0.164476
vt 0.281250 0.164476
vt 0.312500 0.164476
vt 0.343750 0.164476
vt 0.375000 0.164476
vt 0.406250 0.164476
vt 0.437500 0.164476
vt 0.468750 0.164476
vt 0.500000 0.164476
vt 0.531250 0.164476
vt 0.562500 0.164476
vt 0.593750 0.164476
vt 0.625000 0.164476
vt 0.656250 0.164476
vt 0.687500 0.164476
vt 0.718750 0.164476
vt 0.750000 0.164476
vt 0.781250 0.164476
vt 0.812500 0.164476
vt 0.843750 0.164476
vt 0.875000 0.164476
vt 0.906250 0.164476
vt 0.937500 0.164476
vt 0.968750 0.164476
vt 1.000000 0.164476
vt 0.031250 0.175773
vt 0.000000 0.175773
vt 0.062500 0.175773
vt 0.093750 0.175773
vt 0.125000 0.175773
vt 0.156250 0.175773
vt 0.187500 0.175773
vt 0.218750 0.175773
vt 0.250000 0.175773
vt 0.281250 0.175773
vt 0.312500 0.175773
vt 0.343750 0.175773
vt 0.375000 0.175773
vt 0.406250 0.175773
vt 0.437500 0.175773
vt 0.468750 0.175773
vt 0.500000 0.175773
vt 0.531250 0.175773
vt 0.562500 0.175773
vt 0.593750 0.175773
vt 0.625000 0.175773
vt 0.656250 0.175773
vt 0.687500 0.175773
vt 0.718750 0.175773
vt 0.750000 0.175773
vt 0.781250 0.175773
vt 0.812500 0.175773
vt 0.843750 0.175773
vt 0.875000 0.175773
vt 0.906250 0.175773
vt 0.937500 0.175773
vt 0.968750 0.175773
vt 1.000000 0.175773
vt 0.031250 0.186513
vt 0.000000 0.186513
vt 0.062500 0.186513
vt 0.093750 0.186513
vt 0.125000 0.186513
vt 0.156250 0.186513
vt 0.187500 0.186513
vt 0.218750 0.186513
vt 0.250000 0.186513
vt 0.281250 0.186513
vt 0.312500 0.186513
vt 0.343750 0.186513
vt 0.375000 0.186513
vt 0.406250 0.186513
vt 0.437500 0.186513
vt 0.468750 0.186513
vt 0.500000 0.186513
vt 0.531250 0.186513
vt 0.562500 0.186513
vt 0.593750 0.186513
vt 0.625000 0.186513
vt 0.656250 0.186513
vt 0.687500 0.186513
vt 0.718750 0.186513
vt 0.750000 0.186513
vt 0.781250 0.186513
vt 0.812500 0.186513
vt 0.843750 0.186513
vt 0.875000 0.186513
vt 0.906250 0.186513
vt 0.937500 0.186513
vt 0.968750 0.186513
vt 1.000000 0.186513
vt 0.031250 0.196936
vt 0.000000 0.196936
vt 0.062500 0.196936
vt 0.093750 0.196936
vt 0.125000 0.196936
vt 0.156250 0.196936
vt 0.187500 0.196936
vt 0.218750 0.196936
vt 0.250000 0.196936
vt 0.281250 0.196936
vt 0.312500 0.196936
vt 0.343750 0.196936
vt 0.375000 0.196936
vt 0.406250 0.196936
vt 0.437500 0.196936
vt 0.468750 0.196936
vt 0.500000 0.196936
vt 0.531250 0.196936
vt 0.562500 0.196936
vt 0.593750 0.196936
vt 0.625000 0.196936
vt 0.656250 0.196936
vt 0.687500 0.196936
vt 0.718750 0.196936
vt 0.750000 0.196936
vt 0.781250 0.196936
vt 0.812500 0.196936
vt 0.843750 0.196936
vt 0.875000 0.196936
vt 0.906250 0.196936
vt 0.937500 0.196936
vt 0.968750 0.196936
vt 1.000000 0.196936
vt 0.031250 0.207283
vt 0.000000 0.207283
vt 0.062500 0.207283
vt 0.093750 0.207283
vt 0.125000 0.207283
vt 0.156250 0.207283
vt 0.187500 0.207283
vt 0.218750 0.207283
vt 0.250000 0.207283
vt 0.281250 0.207283
vt 0.312500 0.207283
vt 0.343750 0.207283
vt 0.375000 0.207283
vt 0.406250 0.207283
vt 0.437500 0.207283
vt 0.468750 0.207283
vt 0.500000 0.207283
vt 0.531250 0.207283
vt 0.562500 0.207283
vt 0.593750 0.207283
vt 0.625000 0.207283
vt 0.656250 0.207283
vt 0.687500 0.207283
vt 0.718750 0.207283
vt 0.750000 0.207283
vt 0.781250 0.207283
vt 0.812500 0.207283
vt 0.843750 0.207283
vt 0.875000 0.207283
vt 0.906250 0.207283
vt 0.937500 0.207283
vt 0.968750 0.207283
vt 1.000000 0.207283
vt 0.031250 0.217794
vt 0.000000 0.217794
vt 0.062500 0.217794
vt 0.093750 0.217794
vt 0.125000 0.217794
vt 0.156250 0.217794
vt 0.187500 0.217794
vt 0.218750 0.217794
vt 0.250000 0.217794
vt 0.281250 0.217794
vt 0.312500 0.217794
vt 0.343750 0.217794
vt 0.375000 0.217794
vt 0.406250 0.217794
vt 0.437500 0.217794
vt 0.468750 0.217794
vt 0.500000 0.217794
vt 0.531250 0.217794
vt 0.562500 0.217794
vt 0.593750 0.217794
vt 0.625000 0.217794
vt 0.656250 0.217794
vt 0.687500 0.217794
vt 0.718750 0.217794
vt 0.750000 0.217794
vt 0.781250 0.217794
vt 0.812500 0.217794
vt 0.843750 0.217794
vt 0.875000 0.217794
vt 0.906250 0.217794
vt 0.937500 0.217794
vt 0.968750 0.217794
vt 1.000000 0.217794
vt 0.031250 0.228712
vt 0.000000 0.228712
vt 0.062500 0.228712
vt 0.093750 0.228712
vt 0.125000 0.228712
vt 0.156250 0.228712
vt 0.187500 0.228712
vt 0.218750 0.228712
vt 0.250000 0.228712
vt 0.281250 0.228712
vt 0.312500 0.228712
vt 0.343750 0.228712
vt 0.375000 0.228712
vt 0.406250 0.228712
vt 0.437500 0.228712
vt 0.468750 0.228712
vt 0.500000 0.228712
vt 0.531250 0.228712
vt 0.562500 0.228712
vt 0.593750 0.228712
vt 0.625000 0.228712
vt 0.656250 0.228712
vt 0.687500 0.228712
vt 0.718750 0.228712
vt 0.750000 0.228712
vt 0.781250 0.228712
vt 0.812500 0.228712
vt 0.843750 0.228712
vt 0.875000 0.228712
vt 0.906250 0.228712
vt 0.937500 0.228712
vt 0.968750 0.228712
vt 1.000000 0.228712
vt 0.031250 0.240275
vt 0.000000 0.240275
vt 0.062500 0.240275
vt 0.093750 0.240275
vt 0.125000 0.240275
vt 0.156250 0.240275
vt 0.187500 0.240275
vt 0.218750 0.240275
vt 0.250000 0.240275
vt 0.281250 0.240275
vt 0.312500 0.240275
vt 0.343750 0.240275
vt 0.375000 0.240275
vt 0.406250 0.240275
vt 0.437500 0.240275
vt 0.468750 0.240275
vt 0.500000 0.240275
vt 0.531250 0.240275
vt 0.562500 0.240275
vt 0.593750 0.240275
vt 0.625000 0.240275
vt 0.656250 0.240275
vt 0.687500 0.240275
vt 0.718750 0.240275
vt 0.750000 0.240275
vt 0.781250 0.240275
vt 0.812500 0.240275
vt 0.843750 0.240275
vt 0.875000 0.240275
vt 0.906250 0.240275
vt 0.937500 0.240275
vt 0.968750 0.240275
vt 1.000000 0.240275
vt 0.031250 0.252726
vt 0.000000 0.252726
vt 0.062500 0.252726
vt 0.093750 0.252726
vt 0.125000 0.252726
vt 0.156250 0.252726
vt 0.187500 0.252726
vt 0.218750 0.252726
vt 0.250000 0.252726
vt 0.281250 0.252726
vt 0.312500 0.252726
vt 0.343750 0.252726
vt 0.375000 0.252726
vt 0.406250 0.252726
vt 0.437500 0.252726
vt 0.468750 0.252726
vt 0.500000 0.252726
vt 0.531250 0.252726
vt 0.562500 0.252726
vt 0.593750 0.252726
vt 0.625000 0.252726
vt 0.656250 0.252726
vt 0.687500 0.252726
vt 0.718750 0.252726
vt 0.750000 0.252726
vt 0.781250 0.252726
vt 0.812500 0.252726
vt 0.843750 0.252726
vt 0.875000 0.252726
vt 0.906250 0.252726
vt 0.937500 0.252726
vt 0.968750 0.252726
vt 1.000000 0.252726
vt 0.031250 0.266305
vt 0.000000 0.266305
vt 0.062500 0.266305
vt 0.093750 0.266305
vt 0.125000 0.266305
vt 0.156250 0.266305
vt 0.187500 0.266305
vt 0.218750 0.266305
vt 0.250000 0.266305
vt 0.281250 0.266305
vt 0.312500 0.266305
vt 0.343750 0.266305
vt 0.375000 0.266305
vt 0.406250 0.266305
vt 0.437500 0.266305
vt 0.468750 0.266305
vt 0.500000 0.266305
vt 0.531250 0.266305
vt 0.562500 0.266305
vt 0.593750 0.266305
vt 0.625000 0.266305
vt 0.656250 0.266305
vt 0.687500 0.266305
vt 0.718750 0.266305
vt 0.750000 0.266305
vt 0.781250 0.266305
vt 0.812500 0.266305
vt 0.843750 0.266305
vt 0.875000 0.266305
vt 0.906250 0.266305
vt 0.937500 0.266305
vt 0.968750 0.266305
vt 1.000000 0.266305
vt 0.031250 0.274480
vt 0.000000 0.274480
vt 0.062500 0.274480
vt 0.093750 0.274480
vt 0.125000 0.274480
vt 0.156250 0.274480
vt 0.187500 0.274480
vt 0.218750 0.274480
vt 0.250000 0.274480
vt 0.281250 0.274480
vt 0.312500 0.274480
vt 0.343750 0.274480
vt 0.375000 0.274480
vt 0.406250 0.274480
vt 0.437500 0.274480
vt 0.468750 0.274480
vt 0.500000 0.274480
vt 0.531250 0.274480
vt 0.562500 0.274480
vt 0.593750 0.274480
vt 0.625000 0.274480
vt 0.656250 0.274480
vt 0.687500 0.274480
vt 0.718750 0.274480
vt 0.750000 0.274480
vt 0.781250 0.274480
vt 0.812500 0.274480
vt 0.843750 0.274480
vt 0.875000 0.274480
vt 0.906250 0.274480
vt 0.937500 0.274480
vt 0.968750 0.274480
vt 1.000000 0.274480
vt 0.031250 0.281270
vt 0.000000 0.281270
vt 0.062500 0.281270
vt 0.093750 0.281270
vt 0.125000 0.281270
vt 0.156250 0.281270
vt 0.187500 0.281270
vt 0.218750 0.281270
vt 0.250000 0.281270
vt 0.281250 0.281270
vt 0.312500 0.281270
vt 0.343750 0.281270
vt 0.375000 0.281270
vt 0.406250 0.281270
vt 0.437500 0.281270
vt 0.468750 0.281270
vt 0.500000 0.281270
vt 0.531250 0.281270
vt 0.562500 0.281270
vt 0.593750 0.281270
vt 0.625000 0.281270
vt 0.656250 0.281270
vt 0.687500 0.281270
vt 0.718750 0.281270
vt 0.750000 0.281270
vt 0.781250 0.281270
vt 0.812500 0.281270
vt 0.843750 0.281270
vt 0.875000 0.281270
vt 0.906250 0.281270
vt 0.937500 0.281270
vt 0.968750 0.281270
vt 1.000000 0.281270
vt 0.031250 0.286803
vt 0.000000 0.286803
vt 0.062500 0.286803
vt 0.093750 0.286803
vt 0.125000 0.286803
vt 0.156250 0.286803
vt 0.187500 0.286803
vt 0.218750 0.286803
vt 0.250000 0.286803
vt 0.281250 0.286803
vt 0.312500 0.286803
vt 0.343750 0.286803
vt 0.375000 0.286803
vt 0.406250 0.286803
vt 0.437500 0.286803
vt 0.468750 0.286803
vt 0.500000 0.286803
vt 0.531250 0.286803
vt 0.562500 0.286803
vt 0.593750 0.286803
vt 0.625000 0.286803
vt 0.656250 0.286803
vt 0.687500 0.286803
vt 0.718750 0.286803
vt 0.750000 0.286803
vt 0.781250 0.286803
vt 0.812500 0.286803
vt 0.843750 0.286803
vt 0.875000 0.286803
vt 0.906250 0.286803
vt 0.937500 0.286803
vt 0.968750 0.286803
vt 1.000000 0.286803
vt 0.031250 0.291207
vt 0.000000 0.291207
vt 0.062500 0.291207
vt 0.093750 0.291207
vt 0.125000 0.291207
vt 0.156250 0.291207
vt 0.187500 0.291207
vt 0.218750 0.291207
vt 0.250000 0.291207
vt 0.281250 0.291207
vt 0.312500 0.291207
vt 0.343750 0.291207
vt 0.375000 0.291207
vt 0.406250 0.291207
vt 0.437500 0.291207
vt 0.468750 0.291207
vt 0.500000 0.291207
vt 0.531250 0.291207
vt 0.562500 0.291207
vt 0.593750 0.291207
vt 0.625000 0.291207
vt 0.656250 0.291207
vt 0.687500 0.291207
vt 0.718750 0.291207
vt 0.750000 0.291207
vt 0.781250 0.291207
vt 0.812500 0.291207
vt 0.843750 0.291207
vt 0.875000 0.291207
vt 0.906250 0.291207
vt 0.937500 0.291207
vt 0.968750 0.291207
vt 1.000000 0.291207
vt 0.031250 0.294610
vt 0.000000 0.294610
vt 0.062500 0.294610
vt 0.093750 0.294610
vt 0.125000 0.294610
vt 0.156250 0.294610
vt 0.187500 0.294610
vt 0.218750 0.294610
vt 0.250000 0.294610
vt 0.281250 0.294610
vt 0.312500 0.294610
vt 0.343750 0.294610
vt 0.375000 0.294610
vt 0.406250 0.294610
vt 0.437500 0.294610
vt 0.468750 0.294610
vt 0.500000 0.294610
vt 0.531250 0.294610
vt 0.562500 0.294610
vt 0.593750 0.294610
vt 0.625000 0.294610
vt 0.656250 0.294610
vt 0.687500 0.294610
vt 0.718750 0.294610
vt 0.750000 0.294610
vt 0.781250 0.294610
vt 0.812500 0.294610
vt 0.843750 0.294610
vt 0.875000 0.294610
vt 0.906250 0.294610
vt 0.937500 0.294610
vt 0.968750 0.294610
vt 1.000000 0.294610
vt 0.031250 0.297141
vt 0.000000 0.297141
vt 0.062500 0.297141
vt 0.093750 0.297141
vt 0.125000 0.297141
vt 0.156250 0.297141
vt 0.187500 0.297141
vt 0.218750 0.297141
vt 0.250000 0.297141
vt 0.281250 0.297141
vt 0.312500 0.297141
vt 0.343750 0.297141
vt 0.375000 0.297141
vt 0.406250 0.297141
vt 0.437500 0.297141
vt 0.468750 0.297141
vt 0.500000 0.297141
vt 0.531250 0.297141
vt 0.562500 0.297141
vt 0.593750 0.297141
vt 0.625000 0.297141
vt 0.656250 0.297141
vt 0.687500 0.297141
vt 0.718750 0.297141
vt 0.750000 0.297141
vt 0.781250 0.297141
vt 0.812500 0.297141
vt 0.843750 0.297141
vt 0.875000 0.297141
vt 0.906250 0.297141
vt 0.937500 0.297141
vt 0.968750 0.297141
vt 1.000000 0.297141
vt 0.031250 0.298928
vt 0.000000 0.298928
vt 0.062500 0.298928
vt 0.093750 0.298928
vt 0.125000 0.298928
vt 0.156250 0.298928
vt 0.187500 0.298928
vt 0.218750 0.298928
vt 0.250000 0.298928
vt 0.281250 0.298928
vt 0.312500 0.298928
vt 0.343750 0.298928
vt 0.375000 0.298928
vt 0.406250 0.298928
vt 0.437500 0.298928
vt 0.468750 0.298928
vt 0.500000 0.298928
vt 0.531250 0.298928
vt 0.562500 0.298928
vt 0.593750 0.298928
vt 0.625000 0.298928
vt 0.656250 0.298928
vt 0.687500 0.298928
vt 0.718750 0.298928
vt 0.750000 0.298928
vt 0.781250 0.298928
vt 0.812500 0.298928
vt 0.843750 0.298928
vt 0.875000 0.298928
vt 0.906250 0.298928
vt 0.937500 0.298928
vt 0.968750 0.298928
vt 1.000000 0.298928
vt 0.031250 0.300098
vt 0.000000 0.300098
vt 0.062500 0.300098
vt 0.093750 0.300098
vt 0.125000 0.300098
vt 0.156250 0.300098
vt 0.187500 0.300098
vt 0.218750 0.300098
vt 0.250000 0.300098
vt 0.281250 0.300098
vt 0.312500 0.300098
vt 0.343750 0.300098
vt 0.375000 0.300098
vt 0.406250 0.300098
vt 0.437500 0.300098
vt 0.468750 0.300098
vt 0.500000 0.300098
vt 0.531250 0.300098
vt 0.562500 0.300098
vt 0.593750 0.300098
vt 0.625000 0.300098
vt 0.656250 0.300098
vt 0.687500 0.300098
vt 0.718750 0.300098
vt 0.750000 0.300098
vt 0.781250 0.300098
vt 0.812500 0.300098
vt 0.843750 0.300098
vt 0.875000 0.300098
vt 0.906250 0.300098
vt 0.937500 0.300098
vt 0.968750 0.300098
vt 1.000000 0.300098
vt 0.031250 0.300781
vt 0.000000 0.300781
vt 0.062500 0.300781
vt 0.093750 0.300781
vt 0.125000 0.300781
vt 0.156250 0.300781
vt 0.187500 0.300781
vt 0.218750 0.300781
vt 0.250000 0.300781
vt 0.281250 0.300781
vt 0.312500 0.300781
vt 0.343750 0.300781
vt 0.375000 0.300781
vt 0.406250 0.300781
vt 0.437500 0.300781
vt 0.468750 0.300781
vt 0.500000 0.300781
vt 0.531250 0.300781
vt 0.562500 0.300781
vt 0.593750 0.300781
vt 0.625000 0.300781
vt 0.656250 0.300781
vt 0.687500 0.300781
vt 0.718750 0.300781
vt 0.750000 0.300781
vt 0.781250 0.300781
vt 0.812500 0.300781
vt 0.843750 0.300781
vt 0.875000 0.300781
vt 0.906250 0.300781
vt 0.937500 0.300781
vt 0.968750 0.300781
vt 1.000000 0.300781
vt 0.031250 0.301104
vt 0.000000 0.301104
vt 0.062500 0.301104
vt 0.093750 0.301104
vt 0.125000 0.301104
vt 0.156250 0.301104
vt 0.187500 0.301104
vt 0.218750 0.301104
vt 0.250000 0.301104
vt 0.281250 0.301104
vt 0.312500 0.301104
vt 0.343750 0.301104
vt 0.375000 0.301104
vt 0.406250 0.301104
vt 0.437500 0.301104
vt 0.468750 0.301104
vt 0.500000 0.301104
vt 0.531250 0.301104
vt 0.562500 0.301104
vt 0.593750 0.301104
vt 0.625000 0.301104
vt 0.656250 0.301104
vt 0.687500 0.301104
vt 0.718750 0.301104
vt 0.750000 0.301104
vt 0.781250 0.301104
vt 0.812500 0.301104
vt 0.843750 0.301104
vt 0.875000 0.301104
vt 0.906250 0.301104
vt 0.937500 0.301104
vt 0.968750 0.301104
vt 1.000000 0.301104
vt 0.031250 0.301196
vt 0.000000 0.301196
vt 0.062500 0.301196
vt 0.093750 0.301196
vt 0.125000 0.301196
vt 0.156250 0.301196
vt 0.187500 0.301196
vt 0.218750 0.301196
vt 0.250000 0.301196
vt 0.281250 0.301196
vt 0.312500 0.301196
vt 0.343750 0.301196
vt 0.375000 0.301196
vt 0.406250 0.301196
vt 0.437500 0.301196
vt 0.468750 0.301196
vt 0.500000 0.301196
vt 0.531250 0.301196
vt 0.562500 0.301196
vt 0.593750 0.301196
vt 0.625000 0.301196
vt 0.656250 0.301196
vt 0.687500 0.301196
vt 0.718750 0.301196
vt 0.750000 0.301196
vt 0.781250 0.301196
vt 0.812500 0.301196
vt 0.843750 0.301196
vt 0.875000 0.301196
vt 0.906250 0.301196
vt 0.937500 0.301196
vt 0.968750 0.301196
vt 1.000000 0.301196
vt 0.031250 0.301184
vt 0.000000 0.301184
vt 0.062500 0.301184
vt 0.093750 0.301184
vt 0.125000 0.301184
vt 0.156250 0.301184
vt 0.187500 0.301184
vt 0.218750 0.301184
vt 0.250000 0.301184
vt 0.281250 0.301184
vt 0.312500 0.301184
vt 0.343750 0.301184
vt 0.375000 0.301184
vt 0.406250 0.301184
vt 0.437500 0.301184
vt 0.468750 0.301184
vt 0.500000 0.301184
vt 0.531250 0.301184
vt 0.562500 0.301184
vt 0.593750 0.301184
vt 0.625000 0.301184
vt 0.656250 0.301184
vt 0.687500 0.301184
vt 0.718750 0.301184
vt 0.750000 0.301184
vt 0.781250 0.301184
vt 0.812500 0.301184
vt 0.843750 0.301184
vt 0.875000 0.301184
vt 0.906250 0.301184
vt 0.937500 0.301184
vt 0.968750 0.301184
vt 1.000000 0.301184
vt 0.031250 0.305815
vt 0.000000 0.305815
vt 0.062500 0.305815
vt 0.093750 0.305815
vt 0.125000 0.305815
vt 0.156250 0.305815
vt 0.187500 0.305815
vt 0.218750 0.305815
vt 0.250000 0.305815
vt 0.281250 0.305815
vt 0.312500 0.305815
vt 0.343750 0.305815
vt 0.375000 0.305815
vt 0.406250 0.305815
vt 0.437500 0.305815
vt 0.468750 0.305815
vt 0.500000 0.305815
vt 0.531250 0.305815
vt 0.562500 0.305815
vt 0.593750 0.305815
vt 0.625000 0.305815
vt 0.656250 0.305815
vt 0.687500 0.305815
vt 0.718750 0.305815
vt 0.750000 0.305815
vt 0.781250 0.305815
vt 0.812500 0.305815
vt 0.843750 0.305815
vt 0.875000 0.305815
vt 0.906250 0.305815
vt 0.937500 0.305815
vt 0.968750 0.305815
vt 1.000000 0.305815
vt 0.031250 0.319185
vt 0.000000 0.319185
vt 0.062500 0.319185
vt 0.093750 0.319185
vt 0.125000 0.319185
vt 0.156250 0.319185
vt 0.187500 0.319185
vt 0.218750 0.319185
vt 0.250000 0.319185
vt 0.281250 0.319185
vt 0.312500 0.319185
vt 0.343750 0.319185
vt 0.375000 0.319185
vt 0.406250 0.319185
vt 0.437500 0.319185
vt 0.468750 0.319185
vt 0.500000 0.319185
vt 0.531250 0.319185
vt 0.562500 0.319185
vt 0.593750 0.319185
vt 0.625000 0.319185
vt 0.656250 0.319185
vt 0.687500 0.319185
vt 0.718750 0.319185
vt 0.750000 0.319185
vt 0.781250 0.319185
vt 0.812500 0.319185
vt 0.843750 0.319185
vt 0.875000 0.319185
vt 0.906250 0.319185
vt 0.937500 0.319185
vt 0.968750 0.319185
vt 1.000000 0.319185
vt 0.031250 0.340472
vt 0.000000 0.340472
vt 0.062500 0.340472
vt 0.093750 0.340472
vt 0.125000 0.340472
vt 0.156250 0.340472
vt 0.187500 0.340472
vt 0.218750 0.340472
vt 0.250000 0.340472
vt 0.281250 0.340472
vt 0.312500 0.340472
vt 0.343750 0.340472
vt 0.375000 0.340472
vt 0.406250 0.340472
vt 0.437500 0.340472
vt 0.468750 0.340472
vt 0.500000 0.340472
vt 0.531250 0.340472
vt 0.562500 0.340472
vt 0.593750 0.340472
vt 0.625000 0.340472
vt 0.656250 0.340472
vt 0.687500 0.340472
vt 0.718750 0.340472
vt 0.750000 0.340472
vt 0.781250 0.340472
vt 0.812500 0.340472
vt 0.843750 0.340472
vt 0.875000 0.340472
vt 0.906250 0.340472
vt 0.937500 0.340472
vt 0.968750 0.340472
vt 1.000000 0.340472
vt 0.031250 0.368852
vt 0.000000 0.368852
vt 0.062500 0.368852
vt 0.093750 0.368852
vt 0.125000 0.368852
vt 0.156250 0.368852
vt 0.187500 0.368852
vt 0.218750 0.368852
vt 0.250000 0.368852
vt 0.281250 0.368852
vt 0.312500 0.368852
vt 0.343750 0.368852
vt 0.375000 0.368852
vt 0.406250 0.368852
vt 0.437500 0.368852
vt 0.468750 0.368852
vt 0.500000 0.368852
vt 0.531250 0.368852
vt 0.562500 0.368852
vt 0.593750 0.368852
vt 0.625000 0.368852
vt 0.656250 0.368852
vt 0.687500 0.368852
vt 0.718750 0.368852
vt 0.750000 0.368852
vt 0.781250 0.368852
vt 0.812500 0.368852
vt 0.843750 0.368852
vt 0.875000 0.368852
vt 0.906250 0.368852
vt 0.937500 0.368852
vt 0.968750 0.368852
vt 1.000000 0.368852
vt 0.031250 0.403503
vt 0.000000 0.403503
vt 0.062500 0.403503
vt 0.093750 0.403503
vt 0.125000 0.403503
vt 0.156250 0.403503
vt 0.187500 0.403503
vt 0.218750 0.403503
vt 0.250000 0.403503
vt 0.281250 0.403503
vt 0.312500 0.403503
vt 0.343750 0.403503
vt 0.375000 0.403503
vt 0.406250 0.403503
vt 0.437500 0.403503
vt 0.468750 0.403503
vt 0.500000 0.403503
vt 0.531250 0.403503
vt 0.562500 0.403503
vt 0.593750 0.403503
vt 0.625000 0.403503
vt 0.656250 0.403503
vt 0.687500 0.403503
vt 0.718750 0.403503
vt 0.750000 0.403503
vt 0.781250 0.403503
vt 0.812500 0.403503
vt 0.843750 0.403503
vt 0.875000 0.403503
vt 0.906250 0.403503
vt 0.937500 0.403503
vt 0.968750 0.403503
vt 1.000000 0.403503
vt 0.031250 0.443603
vt 0.000000 0.443603
vt 0.062500 0.443603
vt 0.093750 0.443603
vt 0.125000 0.443603
vt 0.156250 0.443603
vt 0.187500 0.443603
vt 0.218750 0.443603
vt 0.250000 0.443603
vt 0.281250 0.443603
vt 0.312500 0.443603
vt 0.343750 0.443603
vt 0.375000 0.443603
vt 0.406250 0.443603
vt 0.437500 0.443603
vt 0.468750 0.443603
vt 0.500000 0.443603
vt 0.531250 0.443603
vt 0.562500 0.443603
vt 0.593750 0.443603
vt 0.625000 0.443603
vt 0.656250 0.443603
vt 0.687500 0.443603
vt 0.718750 0.443603
vt 0.750000 0.443603
vt 0.781250 0.443603
vt 0.812500 0.443603
vt 0.843750 0.443603
vt 0.875000 0.443603
vt 0.906250 0.443603
vt 0.937500 0.443603
vt 0.968750 0.443603
vt 1.000000 0.443603
vt 0.031250 0.488329
vt 0.000000 0.488329
vt 0.062500 0.488329
vt 0.093750 0.488329
vt 0.125000 0.488329
vt 0.156250 0.488329
vt 0.187500 0.488329
vt 0.218750 0.488329
vt 0.250000 0.488329
vt 0.281250 0.488329
vt 0.312500 0.488329
vt 0.343750 0.488329
vt 0.375000 0.488329
vt 0.406250 0.488329
vt 0.437500 0.488329
vt 0.468750 0.488329
vt 0.500000 0.488329
vt 0.531250 0.488329
vt 0.562500 0.488329
vt 0.593750 0.488329
vt 0.625000 0.488329
vt 0.656250 0.488329
vt 0.687500 0.488329
vt 0.718750 0.488329
vt 0.750000 0.488329
vt 0.781250 0.488329
vt 0.812500 0.488329
vt 0.843750 0.488329
vt 0.875000 0.488329
vt 0.906250 0.488329
vt 0.937500 0.488329
vt 0.968750 0.488329
vt 1.000000 0.488329
vt 0.031250 0.536858
vt 0.000000 0.536858
vt 0.062500 0.536858
vt 0.093750 0.536858
vt 0.125000 0.536858
vt 0.156250 0.536858
vt 0.187500 0.536858
vt 0.218750 0.536858
vt 0.250000 0.536858
vt 0.281250 0.536858
vt 0.312500 0.536858
vt 0.343750 0.536858
vt 0.375000 0.536858
vt 0.406250 0.536858
vt 0.437500 0.536858
vt 0.468750 0.536858
vt 0.500000 0.536858
vt 0.531250 0.536858
vt 0.562500 0.536858
vt 0.593750 0.536858
vt 0.625000 0.536858
vt 0.656250 0.536858
vt 0.687500 0.536858
vt 0.718750 0.536858
vt 0.750000 0.536858
vt 0.781250 0.536858
vt 0.812500 0.536858
vt 0.843750 0.536858
vt 0.875000 0.536858
vt 0.906250 0.536858
vt 0.937500 0.536858
vt 0.968750 0.536858
vt 1.000000 0.536858
vt 0.031250 0.588367
vt 0.000000 0.588367
vt 0.062500 0.588367
vt 0.093750 0.588367
vt 0.125000 0.588367
vt 0.156250 0.588367
vt 0.187500 0.588367
vt 0.218750 0.588367
vt 0.250000 0.588367
vt 0.281250 0.588367
vt 0.312500 0.588367
vt 0.343750 0.588367
vt 0.375000 0.588367
vt 0.406250 0.588367
vt 0.437500 0.588367
vt 0.468750 0.588367
vt 0.500000 0.588367
vt 0.531250 0.588367
vt 0.562500 0.588367
vt 0.593750 0.588367
vt 0.625000 0.588367
vt 0.656250 0.588367
vt 0.687500 0.588367
vt 0.718750 0.588367
vt 0.750000 0.588367
vt 0.781250 0.588367
vt 0.812500 0.588367
vt 0.843750 0.588367
vt 0.875000 0.588367
vt 0.906250 0.588367
vt 0.937500 0.588367
vt 0.968750 0.588367
vt 1.000000 0.588367
vt 0.031250 0.642034
vt 0.000000 0.642034
vt 0.062500 0.642034
vt 0.093750 0.642034
vt 0.125000 0.642034
vt 0.156250 0.642034
vt 0.187500 0.642034
vt 0.218750 0.642034
vt 0.250000 0.642034
vt 0.281250 0.642034
vt 0.312500 0.642034
vt 0.343750 0.642034
vt 0.375000 0.642034
vt 0.406250 0.642034
vt 0.437500 0.642034
vt 0.468750 0.642034
vt 0.500000 0.642034
vt 0.531250 0.642034
vt 0.562500 0.642034
vt 0.593750 0.642034
vt 0.625000 0.642034
vt 0.656250 0.642034
vt 0.687500 0.642034
vt 0.718750 0.642034
vt 0.750000 0.642034
vt 0.781250 0.642034
vt 0.812500 0.642034
vt 0.843750 0.642034
vt 0.875000 0.642034
vt 0.906250 0.642034
vt 0.937500 0.642034
vt 0.968750 0.642034
vt 1.000000 0.642034
vt 0.031250 0.697036
vt 0.000000 0.697036
vt 0.062500 0.697036
vt 0.093750 0.697036
vt 0.125000 0.697036
vt 0.156250 0.697036
vt 0.187500 0.697036
vt 0.218750 0.697036
vt 0.250000 0.697036
vt 0.281250 0.697036
vt 0.312500 0.697036
vt 0.343750 0.697036
vt 0.375000 0.697036
vt 0.406250 0.697036
vt 0.437500 0.697036
vt 0.468750 0.697036
vt 0.500000 0.697036
vt 0.531250 0.697036
vt 0.562500 0.697036
vt 0.593750 0.697036
vt 0.625000 0.697036
vt 0.656250 0.697036
vt 0.687500 0.697036
vt 0.718750 0.697036
vt 0.750000 0.697036
vt 0.781250 0.697036
vt 0.812500 0.697036
vt 0.843750 0.697036
vt 0.875000 0.697036
vt 0.906250 0.697036
vt 0.937500 0.697036
vt 0.968750 0.697036
vt 1.000000 0.697036
vt 0.031250 0.752551
vt 0.000000 0.752551
vt 0.062500 0.752551
vt 0.093750 0.752551
vt 0.125000 0.752551
vt 0.156250 0.752551
vt 0.187500 0.752551
vt 0.218750 0.752551
vt 0.250000 0.752551
vt 0.281250 0.752551
vt 0.312500 0.752551
vt 0.343750 0.752551
vt 0.375000 0.752551
vt 0.406250 0.752551
vt 0.437500 0.752551
vt 0.468750 0.752551
vt 0.500000 0.752551
vt 0.531250 0.752551
vt 0.562500 0.752551
vt 0.593750 0.752551
vt 0.625000 0.752551
vt 0.656250 0.752551
vt 0.687500 0.752551
vt 0.718750 0.752551
vt 0.750000 0.752551
vt 0.781250 0.752551
vt 0.812500 0.752551
vt 0.843750 0.752551
vt 0.875000 0.752551
vt 0.906250 0.752551
vt 0.937500 0.752551
vt 0.968750 0.752551
vt 1.000000 0.752551
vt 0.031250 0.752551
vt 0.062500 0.752551
vt 0.093750 0.752551
vt 0.125000 0.752551
vt 0.156250 0.752551
vt 0.187500 0.752551
vt 0.250000 0.752551
vt 0.281250 0.752551
vt 0.312500 0.752551
vt 0.343750 0.752551
vt 0.375000 0.752551
vt 0.406250 0.752551
vt 0.468750 0.752551
vt 0.500000 0.752551
vt 0.531250 0.752551
vt 0.562500 0.752551
vt 0.593750 0.752551
vt 0.687500 0.752551
vt 0.718750 0.752551
vt 0.750000 0.752551
vt 0.781250 0.752551
vt 0.812500 0.752551
vt 0.843750 0.752551
vt 0.906250 0.752551
vt 0.937500 0.752551
vt 0.968750 0.752551
vt 0.031250 0.752551
vt 0.093750 0.752551
vt 0.125000 0.752551
vt 0.156250 0.752551
vt 0.187500 0.752551
vt 0.218750 0.752551
vt 0.250000 0.752551
vt 0.312500 0.752551
vt 0.375000 0.752551
vt 0.406250 0.752551
vt 0.437500 0.752551
vt 0.468750 0.752551
vt 0.500000 0.752551
vt 0.562500 0.752551
vt 0.625000 0.752551
vt 0.656250 0.752551
vt 0.750000 0.752551
vt 0.812500 0.752551
vt 0.843750 0.752551
vt 0.875000 0.752551
vt 0.937500 0.752551
vt 0.968750 0.752551
vt 1.000000 0.752551
vt 0.062500 0.752551
vt 0.093750 0.752551
vt 0.187500 0.752551
vt 0.250000 0.752551
vt 0.281250 0.752551
vt 0.312500 0.752551
vt 0.375000 0.752551
vt 0.406250 0.752551
vt 0.437500 0.752551
vt 0.531250 0.752551
vt 0.562500 0.752551
vt 0.593750 0.752551
vt 0.687500 0.752551
vt 0.718750 0.752551
vt 0.750000 0.752551
vt 0.781250 0.752551
vt 0.968750 0.752551
vt 0.093750 0.752551
vt 0.125000 0.752551
vt 0.156250 0.752551
vt 0.187500 0.752551
vt 0.343750 0.752551
vt 0.468750 0.752551
vt 0.500000 0.752551
vt 0.531250 0.752551
vt 0.562500 0.752551
vt 0.593750 0.752551
vt 0.656250 0.752551
vt 0.687500 0.752551
vt 0.718750 0.752551
vt 0.781250 0.752551
vt 0.968750 0.752551
vt 0.031250 0.752551
vt 0.187500 0.752551
vt 0.250000 0.752551
vt 0.312500 0.752551
vt 0.343750 0.752551
vt 0.625000 0.752551
vt 0.718750 0.752551
vt 0.843750 0.752551
vt 0.875000 0.752551
vt 0.906250 0.752551
vt 0.937500 0.752551
vt 0.968750 0.752551
vt 0.250000 0.752551
vt 0.281250 0.752551
vt 0.375000 0.752551
vt 0.406250 0.752551
vt 0.437500 0.752551
vt 0.687500 0.752551
vt 0.750000 0.752551
vt 0.843750 0.752551
vt 0.875000 0.752551
vt 0.906250 0.752551
vt 0.000000 0.752551
vt 0.125000 0.752551
vt 0.250000 0.752551
vt 0.437500 0.752551
vt 0.468750 0.752551
vt 0.656250 0.752551
vt 0.687500 0.752551
vt 0.750000 0.752551
vt 0.781250 0.752551
vt 0.843750 0.752551
vt 0.875000 0.752551
vt 0.968750 0.752551
vt 0.062500 0.752551
vt 0.218750 0.752551
vt 0.281250 0.752551
vt 0.375000 0.752551
vt 0.406250 0.752551
vt 0.500000 0.752551
vt 0.531250 0.752551
vt 0.718750 0.752551
vt 0.031250 0.752551
vt 0.000000 0.752551
vt 0.218750 0.752551
vt 0.281250 0.752551
vt 0.343750 0.752551
vt 0.531250 0.752551
vt 0.593750 0.752551
vt 0.625000 0.752551
vt 0.718750 0.752551
vt 0.781250 0.752551
vt 0.843750 0.752551
vt 0.937500 0.752551
vt 0.562500 0.752551
vt 0.906250 0.752551
vt 0.937500 0.752551
vt 0.218750 0.752551
vt 0.250000 0.752551
vt 0.281250 0.752551
vt 0.375000 0.752551
vt 0.500000 0.752551
vt 0.531250 0.752551
vt 0.593750 0.752551
vt 0.656250 0.752551
vt 0.812500 0.752551
vt 0.843750 0.752551
vt 0.875000 0.752551
vt 0.343750 0.752551
vt 0.437500 0.752551
vt 0.656250 0.752551
vt 0.875000 0.752551
vt 0.031250 0.753416
vt 0.000000 0.753416
vt 0.062500 0.753416
vt 0.093750 0.753416
vt 0.125000 0.753417
vt 0.156250 0.753417
vt 0.187500 0.753417
vt 0.218750 0.753416
vt 0.250000 0.753417
vt 0.281250 0.753416
vt 0.312500 0.753417
vt 0.343750 0.753416
vt 0.375000 0.753416
vt 0.406250 0.753416
vt 0.437500 0.753416
vt 0.468750 0.753416
vt 0.500000 0.753416
vt 0.531250 0.753416
vt 0.562500 0.753416
vt 0.593750 0.753417
vt 0.625000 0.753416
vt 0.656250 0.753417
vt 0.687500 0.753416
vt 0.718750 0.753416
vt 0.750000 0.753417
vt 0.781250 0.753416
vt 0.812500 0.753416
vt 0.843750 0.753416
vt 0.875000 0.753416
vt 0.906250 0.753416
vt 0.937500 0.753416
vt 0.968750 0.753416
vt 1.000000 0.753417
vt 0.031250 0.755810
vt 0.000000 0.755810
vt 0.062500 0.755810
vt 0.093750 0.755810
vt 0.125000 0.755810
vt 0.156250 0.755810
vt 0.187500 0.755810
vt 0.218750 0.755810
vt 0.250000 0.755810
vt 0.281250 0.755810
vt 0.312500 0.755810
vt 0.343750 0.755810
vt 0.375000 0.755810
vt 0.406250 0.755810
vt 0.437500 0.755810
vt 0.468750 0.755810
vt 0.500000 0.755810
vt 0.531250 0.755810
vt 0.562500 0.755810
vt 0.593750 0.755810
vt 0.625000 0.755810
vt 0.656250 0.755810
vt 0.687500 0.755810
vt 0.718750 0.755810
vt 0.750000 0.755810
vt 0.781250 0.755810
vt 0.812500 0.755810
vt 0.843750 0.755810
vt 0.875000 0.755810
vt 0.906250 0.755810
vt 0.937500 0.755810
vt 0.968750 0.755810
vt 1.000000 0.755810
vt 0.031250 0.759425
vt 0.000000 0.759425
vt 0.062500 0.759425
vt 0.093750 0.759425
vt 0.125000 0.759425
vt 0.156250 0.759425
vt 0.187500 0.759425
vt 0.218750 0.759425
vt 0.250000 0.759425
vt 0.281250 0.759425
vt 0.312500 0.759425
vt 0.343750 0.759425
vt 0.375000 0.759425
vt 0.406250 0.759425
vt 0.437500 0.759425
vt 0.468750 0.759425
vt 0.500000 0.759425
vt 0.531250 0.759425
vt 0.562500 0.759425
vt 0.593750 0.759425
vt 0.625000 0.759425
vt 0.656250 0.759425
vt 0.687500 0.759425
vt 0.718750 0.759425
vt 0.750000 0.759425
vt 0.781250 0.759425
vt 0.812500 0.759425
vt 0.843750 0.759425
vt 0.875000 0.759425
vt 0.906250 0.759425
vt 0.937500 0.759425
vt 0.968750 0.759425
vt 1.000000 0.759425
vt 0.031250 0.763957
vt 0.000000 0.763957
vt 0.062500 0.763957
vt 0.093750 0.763957
vt 0.125000 0.763957
vt 0.156250 0.763957
vt 0.187500 0.763957
vt 0.218750 0.763957
vt 0.250000 0.763957
vt 0.281250 0.763957
vt 0.312500 0.763957
vt 0.343750 0.763957
vt 0.375000 0.763957
vt 0.406250 0.763957
vt 0.437500 0.763957
vt 0.468750 0.763957
vt 0.500000 0.763957
vt 0.531250 0.763957
vt 0.562500 0.763957
vt 0.593750 0.763957
vt 0.625000 0.763957
vt 0.656250 0.763957
vt 0.687500 0.763957
vt 0.718750 0.763957
vt 0.750000 0.763957
vt 0.781250 0.763957
vt 0.812500 0.763957
vt 0.843750 0.763957
vt 0.875000 0.763957
vt 0.906250 0.763957
vt 0.937500 0.763957
vt 0.968750 0.763957
vt 1.000000 0.763957
vt 0.031250 0.769100
vt 0.000000 0.769100
vt 0.062500 0.769100
vt 0.093750 0.769100
vt 0.125000 0.769100
vt 0.156250 0.769100
vt 0.187500 0.769100
vt 0.218750 0.769100
vt 0.250000 0.769100
vt 0.281250 0.769100
vt 0.312500 0.769100
vt 0.343750 0.769100
vt 0.375000 0.769100
vt 0.406250 0.769100
vt 0.437500 0.769100
vt 0.468750 0.769100
vt 0.500000 0.769100
vt 0.531250 0.769100
vt 0.562500 0.769100
vt 0.593750 0.769100
vt 0.625000 0.769100
vt 0.656250 0.769100
vt 0.687500 0.769100
vt 0.718750 0.769100
vt 0.750000 0.769100
vt 0.781250 0.769100
vt 0.812500 0.769100
vt 0.843750 0.769100
vt 0.875000 0.769100
vt 0.906250 0.769100
vt 0.937500 0.769100
vt 0.968750 0.769100
vt 1.000000 0.769100
vt 0.031250 0.774549
vt 0.000000 0.774549
vt 0.062500 0.774549
vt 0.093750 0.774549
vt 0.125000 0.774549
vt 0.156250 0.774549
vt 0.187500 0.774549
vt 0.218750 0.774549
vt 0.250000 0.774549
vt 0.281250 0.774549
vt 0.312500 0.774549
vt 0.343750 0.774549
vt 0.375000 0.774549
vt 0.406250 0.774549
vt 0.437500 0.774549
vt 0.468750 0.774549
vt 0.500000 0.774549
vt 0.531250 0.774549
vt 0.562500 0.774549
vt 0.593750 0.774549
vt 0.625000 0.774549
vt 0.656250 0.774549
vt 0.687500 0.774549
vt 0.718750 0.774549
vt 0.750000 0.774549
vt 0.781250 0.774549
vt 0.812500 0.774549
vt 0.843750 0.774549
vt 0.875000 0.774549
vt 0.906250 0.774549
vt 0.937500 0.774549
vt 0.968750 0.774549
vt 1.000000 0.774549
vt 0.031250 0.779997
vt 0.000000 0.779997
vt 0.062500 0.779997
vt 0.093750 0.779997
vt 0.125000 0.779997
vt 0.156250 0.779997
vt 0.187500 0.779997
vt 0.218750 0.779997
vt 0.250000 0.779997
vt 0.281250 0.779997
vt 0.312500 0.779997
vt 0.343750 0.779997
vt 0.375000 0.779997
vt 0.406250 0.779997
vt 0.437500 0.779997
vt 0.468750 0.779997
vt 0.500000 0.779997
vt 0.531250 0.779997
vt 0.562500 0.779997
vt 0.593750 0.779997
vt 0.625000 0.779997
vt 0.656250 0.779997
vt 0.687500 0.779997
vt 0.718750 0.779997
vt 0.750000 0.779997
vt 0.781250 0.779997
vt 0.812500 0.779997
vt 0.843750 0.779997
vt 0.875000 0.779997
vt 0.906250 0.779997
vt 0.937500 0.779997
vt 0.968750 0.779997
vt 1.000000 0.779997
vt 0.031250 0.785140
vt 0.000000 0.785140
vt 0.062500 0.785140
vt 0.093750 0.785140
vt 0.125000 0.785140
vt 0.156250 0.785140
vt 0.187500 0.785140
vt 0.218750 0.785140
vt 0.250000 0.785140
vt 0.281250 0.785140
vt 0.312500 0.785140
vt 0.343750 0.785140
vt 0.375000 0.785140
vt 0.406250 0.785140
vt 0.437500 0.785140
vt 0.468750 0.785140
vt 0.500000 0.785140
vt 0.531250 0.785140
vt 0.562500 0.785140
vt 0.593750 0.785140
vt 0.625000 0.785140
vt 0.656250 0.785140
vt 0.687500 0.785140
vt 0.718750 0.785140
vt 0.750000 0.785140
vt 0.781250 0.785140
vt 0.812500 0.785140
vt 0.843750 0.785140
vt 0.875000 0.785140
vt 0.906250 0.785140
vt 0.937500 0.785140
vt 0.968750 0.785140
vt 1.000000 0.785140
vt 0.031250 0.789672
vt 0.000000 0.789672
vt 0.062500 0.789672
vt 0.093750 0.789672
vt 0.125000 0.789672
vt 0.156250 0.789672
vt 0.187500 0.789672
vt 0.218750 0.789672
vt 0.250000 0.789672
vt 0.281250 0.789672
vt 0.312500 0.789672
vt 0.343750 0.789672
vt 0.375000 0.789672
vt 0.406250 0.789672
vt 0.437500 0.789672
vt 0.468750 0.789672
vt 0.500000 0.789672
vt 0.531250 0.789672
vt 0.562500 0.789672
vt 0.593750 0.789672
vt 0.625000 0.789672
vt 0.656250 0.789672
vt 0.687500 0.789672
vt 0.718750 0.789672
vt 0.750000 0.789672
vt 0.781250 0.789672
vt 0.812500 0.789672
vt 0.843750 0.789672
vt 0.875000 0.789672
vt 0.906250 0.789672
vt 0.937500 0.789672
vt 0.968750 0.789672
vt 1.000000 0.789672
vt 0.031250 0.793288
vt 0.000000 0.793288
vt 0.062500 0.793288
vt 0.093750 0.793288
vt 0.125000 0.793288
vt 0.156250 0.793288
vt 0.187500 0.793288
vt 0.218750 0.793288
vt 0.250000 0.793288
vt 0.281250 0.793288
vt 0.312500 0.793288
vt 0.343750 0.793288
vt 0.375000 0.793288
vt 0.406250 0.793288
vt 0.437500 0.793288
vt 0.468750 0.793288
vt 0.500000 0.793288
vt 0.531250 0.793288
vt 0.562500 0.793288
vt 0.593750 0.793288
vt 0.625000 0.793288
vt 0.656250 0.793288
vt 0.687500 0.793288
vt 0.718750 0.793288
vt 0.750000 0.793288
vt 0.781250 0.793288
vt 0.812500 0.793288
vt 0.843750 0.793288
vt 0.875000 0.793288
vt 0.906250 0.793288
vt 0.937500 0.793288
vt 0.968750 0.793288
vt 1.000000 0.793288
vt 0.031250 0.795681
vt 0.000000 0.795681
vt 0.062500 0.795681
vt 0.093750 0.795681
vt 0.125000 0.795681
vt 0.156250 0.795681
vt 0.187500 0.795681
vt 0.218750 0.795681
vt 0.250000 0.795681
vt 0.281250 0.795681
vt 0.312500 0.795681
vt 0.343750 0.795681
vt 0.375000 0.795681
vt 0.406250 0.795681
vt 0.437500 0.795681
vt 0.468750 0.795681
vt 0.500000 0.795681
vt 0.531250 0.795681
vt 0.562500 0.795681
vt 0.593750 0.795681
vt 0.625000 0.795681
vt 0.656250 0.795681
vt 0.687500 0.795681
vt 0.718750 0.795681
vt 0.750000 0.795681
vt 0.781250 0.795681
vt 0.812500 0.795681
vt 0.843750 0.795681
vt 0.875000 0.795681
vt 0.906250 0.795681
vt 0.937500 0.795681
vt 0.968750 0.795681
vt 1.000000 0.795681
vt 0.031250 0.796547
vt 0.000000 0.796547
vt 0.062500 0.796547
vt 0.093750 0.796547
vt 0.125000 0.796547
vt 0.156250 0.796547
vt 0.187500 0.796547
vt 0.218750 0.796547
vt 0.250000 0.796547
vt 0.281250 0.796547
vt 0.312500 0.796547
vt 0.343750 0.796547
vt 0.375000 0.796547
vt 0.406250 0.796547
vt 0.437500 0.796547
vt 0.468750 0.796547
vt 0.500000 0.796547
vt 0.531250 0.796547
vt 0.562500 0.796547
vt 0.593750 0.796547
vt 0.625000 0.796547
vt 0.656250 0.796547
vt 0.687500 0.796546
vt 0.718750 0.796547
vt 0.750000 0.796547
vt 0.781250 0.796546
vt 0.812500 0.796547
vt 0.843750 0.796547
vt 0.875000 0.796547
vt 0.906250 0.796546
vt 0.937500 0.796547
vt 0.968750 0.796547
vt 1.000000 0.796547
vt 0.031250 0.796547
vt 0.062500 0.796547
vt 0.093750 0.796547
vt 0.125000 0.796547
vt 0.218750 0.796547
vt 0.250000 0.796547
vt 0.281250 0.796547
vt 0.312500 0.796546
vt 0.375000 0.796547
vt 0.406250 0.796547
vt 0.437500 0.796547
vt 0.531250 0.796547
vt 0.562500 0.796547
vt 0.593750 0.796547
vt 0.625000 0.796547
vt 0.687500 0.796547
vt 0.718750 0.796547
vt 0.750000 0.796547
vt 0.781250 0.796547
vt 0.812500 0.796547
vt 0.843750 0.796547
vt 0.875000 0.796547
vt 0.906250 0.796546
vt 0.937500 0.796546
vt 0.968750 0.796546
vt 1.000000 0.796547
vt 0.031250 0.796546
vt 0.000000 0.796547
vt 0.062500 0.796547
vt 0.093750 0.796547
vt 0.125000 0.796547
vt 0.187500 0.796547
vt 0.218750 0.796547
vt 0.312500 0.796547
vt 0.343750 0.796546
vt 0.375000 0.796547
vt 0.500000 0.796547
vt 0.656250 0.796547
vt 0.687500 0.796547
vt 0.812500 0.796546
vt 0.843750 0.796546
vt 0.875000 0.796546
vt 0.906250 0.796547
vt 0.937500 0.796547
vt 1.000000 0.796547
vt 0.062500 0.796547
vt 0.093750 0.796547
vt 0.156250 0.796547
vt 0.250000 0.796547
vt 0.312500 0.796547
vt 0.437500 0.796547
vt 0.468750 0.796547
vt 0.687500 0.796547
vt 0.718750 0.796546
vt 0.750000 0.796547
vt 0.843750 0.796546
vt 0.906250 0.796547
vt 0.937500 0.796547
vt 0.968750 0.796547
vt 0.031250 0.796547
vt 0.000000 0.796547
vt 0.062500 0.796547
vt 0.187500 0.796547
vt 0.218750 0.796547
vt 0.250000 0.796547
vt 0.343750 0.796547
vt 0.437500 0.796547
vt 0.468750 0.796547
vt 0.500000 0.796547
vt 0.531250 0.796546
vt 0.562500 0.796547
vt 0.593750 0.796547
vt 0.625000 0.796547
vt 0.687500 0.796547
vt 0.718750 0.796547
vt 0.750000 0.796547
vt 0.812500 0.796547
vt 0.843750 0.796547
vt 0.906250 0.796547
vt 0.937500 0.796547
vt 0.968750 0.796547
vt 1.000000 0.796547
vt 0.156250 0.796547
vt 0.218750 0.796547
vt 0.250000 0.796547
vt 0.343750 0.796547
vt 0.406250 0.796547
vt 0.468750 0.796546
vt 0.500000 0.796547
vt 0.593750 0.796547
vt 0.656250 0.796547
vt 0.718750 0.796547
vt 0.843750 0.796547
vt 0.906250 0.796547
vt 0.968750 0.796547
vt 1.000000 0.796547
vt 0.031250 0.796547
vt 0.062500 0.796546
vt 0.312500 0.796547
vt 0.781250 0.796547
vt 0.906250 0.796547
vt 0.968750 0.796547
vt 0.125000 0.796547
vt 0.187500 0.796547
vt 0.312500 0.796546
vt 0.406250 0.796546
vt 0.437500 0.796547
vt 0.468750 0.796547
vt 0.531250 0.796547
vt 0.562500 0.796546
vt 0.718750 0.796547
vt 0.812500 0.796547
vt 0.906250 0.796547
vt 0.968750 0.796547
vt 0.093750 0.796547
vt 0.125000 0.796546
vt 0.156250 0.796547
vt 0.218750 0.796546
vt 0.250000 0.796546
vt 0.281250 0.796547
vt 0.312500 0.796547
vt 0.343750 0.796547
vt 0.562500 0.796547
vt 0.656250 0.796547
vt 0.812500 0.796547
vt 0.843750 0.796547
vt 0.875000 0.796547
vt 0.937500 0.796547
vt 0.031250 0.796547
vt 0.187500 0.796547
vt 0.531250 0.796547
vt 0.625000 0.796546
vt 0.656250 0.796547
vt 0.812500 0.796547
vt 0.968750 0.796547
vt 0.062500 0.796547
vt 0.187500 0.796547
vt 0.312500 0.796547
vt 0.375000 0.796546
vt 0.406250 0.796547
vt 0.562500 0.796547
vt 0.593750 0.796546
vt 0.718750 0.796547
vt 0.781250 0.796547
vt 0.875000 0.796547
vt 0.218750 0.796547
vt 0.343750 0.796546
vt 0.375000 0.796547
vt 0.468750 0.796547
vt 0.781250 0.796547
vt 0.031250 0.796547
vt 0.156250 0.796547
vt 0.281250 0.796547
vt 0.343750 0.796547
vt 0.406250 0.796547
vt 0.687500 0.796547
vt 0.718750 0.796547
vt 0.781250 0.796547
vt 0.875000 0.796547
vt 0.906250 0.796547
vt 0.031250 0.798902
vt 0.000000 0.798902
vt 0.062500 0.798902
vt 0.093750 0.798902
vt 0.125000 0.798902
vt 0.156250 0.798902
vt 0.187500 0.798902
vt 0.218750 0.798902
vt 0.250000 0.798902
vt 0.281250 0.798902
vt 0.312500 0.798902
vt 0.343750 0.798902
vt 0.375000 0.798902
vt 0.406250 0.798902
vt 0.437500 0.798902
vt 0.468750 0.798902
vt 0.500000 0.798902
vt 0.531250 0.798902
vt 0.562500 0.798902
vt 0.593750 0.798902
vt 0.625000 0.798902
vt 0.656250 0.798902
vt 0.687500 0.798902
vt 0.718750 0.798902
vt 0.750000 0.798902
vt 0.781250 0.798902
vt 0.812500 0.798902
vt 0.843750 0.798902
vt 0.875000 0.798902
vt 0.906250 0.798902
vt 0.937500 0.798902
vt 0.968750 0.798902
vt 1.000000 0.798902
vt 0.031250 0.800555
vt 0.000000 0.800554
vt 0.062500 0.800555
vt 0.093750 0.800555
vt 0.125000 0.800555
vt 0.156250 0.800555
vt 0.187500 0.800555
vt 0.218750 0.800555
vt 0.250000 0.800554
vt 0.281250 0.800555
vt 0.312500 0.800555
vt 0.343750 0.800555
vt 0.375000 0.800555
vt 0.406250 0.800555
vt 0.437500 0.800555
vt 0.468750 0.800555
vt 0.500000 0.800554
vt 0.531250 0.800555
vt 0.562500 0.800555
vt 0.593750 0.800555
vt 0.625000 0.800555
vt 0.656250 0.800555
vt 0.687500 0.800555
vt 0.718750 0.800555
vt 0.750000 0.800554
vt 0.781250 0.800555
vt 0.812500 0.800555
vt 0.843750 0.800555
vt 0.875000 0.800555
vt 0.906250 0.800555
vt 0.937500 0.800555
vt 0.968750 0.800555
vt 1.000000 0.800555
vt 0.031250 0.801728
vt 0.000000 0.801728
vt 0.062500 0.801728
vt 0.093750 0.801728
vt 0.125000 0.801728
vt 0.156250 0.801728
vt 0.187500 0.801728
vt 0.218750 0.801728
vt 0.250000 0.801728
vt 0.281250 0.801728
vt 0.312500 0.801728
vt 0.343750 0.801728
vt 0.375000 0.801728
vt 0.406250 0.801728
vt 0.437500 0.801728
vt 0.468750 0.801728
vt 0.500000 0.801728
vt 0.531250 0.801728
vt 0.562500 0.801728
vt 0.593750 0.801728
vt 0.625000 0.801728
vt 0.656250 0.801728
vt 0.687500 0.801728
vt 0.718750 0.801728
vt 0.750000 0.801728
vt 0.781250 0.801728
vt 0.812500 0.801728
vt 0.843750 0.801728
vt 0.875000 0.801728
vt 0.906250 0.801728
vt 0.937500 0.801728
vt 0.968750 0.801728
vt 1.000000 0.801728
vt 0.031250 0.802646
vt 0.000000 0.802646
vt 0.062500 0.802646
vt 0.093750 0.802646
vt 0.125000 0.802646
vt 0.156250 0.802646
vt 0.187500 0.802646
vt 0.218750 0.802646
vt 0.250000 0.802646
vt 0.281250 0.802646
vt 0.312500 0.802646
vt 0.343750 0.802646
vt 0.375000 0.802646
vt 0.406250 0.802646
vt 0.437500 0.802646
vt 0.468750 0.802646
vt 0.500000 0.802646
vt 0.531250 0.802646
vt 0.562500 0.802646
vt 0.593750 0.802646
vt 0.625000 0.802646
vt 0.656250 0.802646
vt 0.687500 0.802646
vt 0.718750 0.802646
vt 0.750000 0.802646
vt 0.781250 0.802646
vt 0.812500 0.802646
vt 0.843750 0.802646
vt 0.875000 0.802646
vt 0.906250 0.802646
vt 0.937500 0.802646
vt 0.968750 0.802646
vt 1.000000 0.802646
vt 0.031250 0.803533
vt 0.000000 0.803533
vt 0.062500 0.803533
vt 0.093750 0.803533
vt 0.125000 0.803533
vt 0.156250 0.803533
vt 0.187500 0.803533
vt 0.218750 0.803533
vt 0.250000 0.803533
vt 0.281250 0.803533
vt 0.312500 0.803533
vt 0.343750 0.803533
vt 0.375000 0.803533
vt 0.406250 0.803533
vt 0.437500 0.803533
vt 0.468750 0.803533
vt 0.500000 0.803533
vt 0.531250 0.803533
vt 0.562500 0.803533
vt 0.593750 0.803533
vt 0.625000 0.803533
vt 0.656250 0.803533
vt 0.687500 0.803533
vt 0.718750 0.803533
vt 0.750000 0.803533
vt 0.781250 0.803533
vt 0.812500 0.803533
vt 0.843750 0.803533
vt 0.875000 0.803533
vt 0.906250 0.803533
vt 0.937500 0.803533
vt 0.968750 0.803533
vt 1.000000 0.803533
vt 0.031250 0.804614
vt 0.000000 0.804614
vt 0.062500 0.804614
vt 0.093750 0.804614
vt 0.125000 0.804614
vt 0.156250 0.804614
vt 0.187500 0.804614
vt 0.218750 0.804614
vt 0.250000 0.804614
vt 0.281250 0.804614
vt 0.312500 0.804614
vt 0.343750 0.804614
vt 0.375000 0.804614
vt 0.406250 0.804614
vt 0.437500 0.804614
vt 0.468750 0.804614
vt 0.500000 0.804614
vt 0.531250 0.804614
vt 0.562500 0.804614
vt 0.593750 0.804614
vt 0.625000 0.804614
vt 0.656250 0.804614
vt 0.687500 0.804614
vt 0.718750 0.804614
vt 0.750000 0.804614
vt 0.781250 0.804614
vt 0.812500 0.804614
vt 0.843750 0.804614
vt 0.875000 0.804614
vt 0.906250 0.804614
vt 0.937500 0.804614
vt 0.968750 0.804614
vt 1.000000 0.804614
vt 0.031250 0.806112
vt 0.000000 0.806112
vt 0.062500 0.806112
vt 0.093750 0.806112
vt 0.125000 0.806112
vt 0.156250 0.806112
vt 0.187500 0.806112
vt 0.218750 0.806112
vt 0.250000 0.806112
vt 0.281250 0.806112
vt 0.312500 0.806112
vt 0.343750 0.806112
vt 0.375000 0.806112
vt 0.406250 0.806112
vt 0.437500 0.806112
vt 0.468750 0.806112
vt 0.500000 0.806112
vt 0.531250 0.806112
vt 0.562500 0.806112
vt 0.593750 0.806112
vt 0.625000 0.806112
vt 0.656250 0.806112
vt 0.687500 0.806112
vt 0.718750 0.806112
vt 0.750000 0.806112
vt 0.781250 0.806112
vt 0.812500 0.806112
vt 0.843750 0.806112
vt 0.875000 0.806112
vt 0.906250 0.806112
vt 0.937500 0.806112
vt 0.968750 0.806112
vt 1.000000 0.806112
vt 0.031250 0.808251
vt 0.000000 0.808251
vt 0.062500 0.808251
vt 0.093750 0.808251
vt 0.125000 0.808251
vt 0.156250 0.808251
vt 0.187500 0.808251
vt 0.218750 0.808251
vt 0.250000 0.808251
vt 0.281250 0.808251
vt 0.312500 0.808251
vt 0.343750 0.808251
vt 0.375000 0.808251
vt 0.406250 0.808251
vt 0.437500 0.808251
vt 0.468750 0.808251
vt 0.500000 0.808251
vt 0.531250 0.808251
vt 0.562500 0.808251
vt 0.593750 0.808251
vt 0.625000 0.808251
vt 0.656250 0.808251
vt 0.687500 0.808251
vt 0.718750 0.808251
vt 0.750000 0.808251
vt 0.781250 0.808251
vt 0.812500 0.808251
vt 0.843750 0.808251
vt 0.875000 0.808251
vt 0.906250 0.808251
vt 0.937500 0.808251
vt 0.968750 0.808251
vt 1.000000 0.808251
vt 0.031250 0.811255
vt 0.000000 0.811255
vt 0.062500 0.811255
vt 0.093750 0.811256
vt 0.125000 0.811256
vt 0.156250 0.811256
vt 0.187500 0.811255
vt 0.218750 0.811255
vt 0.250000 0.811256
vt 0.281250 0.811255
vt 0.312500 0.811255
vt 0.343750 0.811255
vt 0.375000 0.811255
vt 0.406250 0.811255
vt 0.437500 0.811255
vt 0.468750 0.811255
vt 0.500000 0.811255
vt 0.531250 0.811255
vt 0.562500 0.811256
vt 0.593750 0.811256
vt 0.625000 0.811255
vt 0.656250 0.811255
vt 0.687500 0.811255
vt 0.718750 0.811255
vt 0.750000 0.811256
vt 0.781250 0.811255
vt 0.812500 0.811256
vt 0.843750 0.811255
vt 0.875000 0.811255
vt 0.906250 0.811255
vt 0.937500 0.811255
vt 0.968750 0.811255
vt 1.000000 0.811255
vt 0.031250 0.815350
vt 0.000000 0.815350
vt 0.062500 0.815350
vt 0.093750 0.815350
vt 0.125000 0.815350
vt 0.156250 0.815350
vt 0.187500 0.815350
vt 0.218750 0.815350
vt 0.250000 0.815350
vt 0.281250 0.815350
vt 0.312500 0.815350
vt 0.343750 0.815350
vt 0.375000 0.815350
vt 0.406250 0.815350
vt 0.437500 0.815350
vt 0.468750 0.815350
vt 0.500000 0.815350
vt 0.531250 0.815350
vt 0.562500 0.815350
vt 0.593750 0.815350
vt 0.625000 0.815350
vt 0.656250 0.815350
vt 0.687500 0.815350
vt 0.718750 0.815350
vt 0.750000 0.815350
vt 0.781250 0.815350
vt 0.812500 0.815350
vt 0.843750 0.815350
vt 0.875000 0.815350
vt 0.906250 0.815350
vt 0.937500 0.815350
vt 0.968750 0.815350
vt 1.000000 0.815350
vt 0.031250 0.820757
vt 0.000000 0.820757
vt 0.062500 0.820758
vt 0.093750 0.820757
vt 0.125000 0.820757
vt 0.156250 0.820757
vt 0.187500 0.820758
vt 0.218750 0.820758
vt 0.250000 0.820757
vt 0.281250 0.820757
vt 0.312500 0.820757
vt 0.343750 0.820757
vt 0.375000 0.820757
vt 0.406250 0.820757
vt 0.437500 0.820757
vt 0.468750 0.820758
vt 0.500000 0.820757
vt 0.531250 0.820757
vt 0.562500 0.820757
vt 0.593750 0.820758
vt 0.625000 0.820757
vt 0.656250 0.820757
vt 0.687500 0.820757
vt 0.718750 0.820757
vt 0.750000 0.820757
vt 0.781250 0.820757
vt 0.812500 0.820757
vt 0.843750 0.820758
vt 0.875000 0.820758
vt 0.906250 0.820758
vt 0.937500 0.820757
vt 0.968750 0.820757
vt 1.000000 0.820757
vt 0.031250 0.827703
vt 0.000000 0.827703
vt 0.062500 0.827703
vt 0.093750 0.827703
vt 0.125000 0.827703
vt 0.156250 0.827703
vt 0.187500 0.827703
vt 0.218750 0.827703
vt 0.250000 0.827703
vt 0.281250 0.827703
vt 0.312500 0.827703
vt 0.343750 0.827703
vt 0.375000 0.827703
vt 0.406250 0.827703
vt 0.437500 0.827703
vt 0.468750 0.827703
vt 0.500000 0.827703
vt 0.531250 0.827703
vt 0.562500 0.827703
vt 0.593750 0.827703
vt 0.625000 0.827703
vt 0.656250 0.827703
vt 0.687500 0.827703
vt 0.718750 0.827703
vt 0.750000 0.827703
vt 0.781250 0.827703
vt 0.812500 0.827703
vt 0.843750 0.827703
vt 0.875000 0.827703
vt 0.906250 0.827703
vt 0.937500 0.827703
vt 0.968750 0.827703
vt 1.000000 0.827703
vt 0.031250 0.827703
vt 0.062500 0.827703
vt 0.093750 0.827703
vt 0.156250 0.827703
vt 0.218750 0.827703
vt 0.250000 0.827703
vt 0.343750 0.827703
vt 0.375000 0.827703
vt 0.437500 0.827703
vt 0.468750 0.827703
vt 0.500000 0.827703
vt 0.562500 0.827703
vt 0.593750 0.827703
vt 0.625000 0.827703
vt 0.656250 0.827703
vt 0.687500 0.827703
vt 0.718750 0.827703
vt 0.750000 0.827703
vt 0.843750 0.827703
vt 0.906250 0.827703
vt 0.937500 0.827703
vt 0.062500 0.827703
vt 0.093750 0.827703
vt 0.125000 0.827703
vt 0.156250 0.827703
vt 0.218750 0.827703
vt 0.281250 0.827703
vt 0.312500 0.827703
vt 0.343750 0.827703
vt 0.375000 0.827703
vt 0.437500 0.827703
vt 0.500000 0.827703
vt 0.531250 0.827703
vt 0.562500 0.827703
vt 0.656250 0.827703
vt 0.781250 0.827703
vt 0.812500 0.827703
vt 0.843750 0.827703
vt 0.906250 0.827703
vt 0.937500 0.827703
vt 0.968750 0.827703
vt 0.031250 0.827703
vt 0.062500 0.827703
vt 0.125000 0.827703
vt 0.156250 0.827703
vt 0.218750 0.827703
vt 0.312500 0.827703
vt 0.437500 0.827703
vt 0.468750 0.827703
vt 0.500000 0.827703
vt 0.562500 0.827703
vt 0.687500 0.827703
vt 0.750000 0.827703
vt 0.843750 0.827703
vt 0.875000 0.827703
vt 0.937500 0.827703
vt 0.031250 0.827703
vt 0.187500 0.827703
vt 0.218750 0.827703
vt 0.250000 0.827703
vt 0.281250 0.827703
vt 0.437500 0.827703
vt 0.468750 0.827703
vt 0.531250 0.827703
vt 0.656250 0.827703
vt 0.812500 0.827703
vt 0.843750 0.827703
vt 0.875000 0.827703
vt 0.906250 0.827703
vt 0.968750 0.827703
vt 0.031250 0.827703
vt 0.093750 0.827703
vt 0.125000 0.827703
vt 0.250000 0.827703
vt 0.343750 0.827703
vt 0.406250 0.827703
vt 0.625000 0.827703
vt 0.750000 0.827703
vt 0.812500 0.827703
vt 0.875000 0.827703
vt 0.906250 0.827703
vt 0.968750 0.827703
vt 0.250000 0.827703
vt 0.406250 0.827703
vt 0.437500 0.827703
vt 0.562500 0.827703
vt 0.625000 0.827703
vt 0.781250 0.827703
vt 0.875000 0.827703
vt 0.937500 0.827703
vt 0.968750 0.827703
vt 0.125000 0.827703
vt 0.281250 0.827703
vt 0.343750 0.827703
vt 0.593750 0.827703
vt 0.781250 0.827703
vt 0.875000 0.827703
vt 0.062500 0.827703
vt 0.218750 0.827703
vt 0.312500 0.827703
vt 0.375000 0.827703
vt 0.437500 0.827703
vt 0.468750 0.827703
vt 0.593750 0.827703
vt 0.812500 0.827703
vt 0.187500 0.827703
vt 0.312500 0.827703
vt 0.437500 0.827703
vt 0.656250 0.827703
vt 0.718750 0.827703
vt 0.750000 0.827703
vt 1.000000 0.827703
vt 0.000000 0.827703
vt 0.093750 0.827703
vt 0.375000 0.827703
vt 0.468750 0.827703
vt 0.500000 0.827703
vt 0.562500 0.827703
vt 0.656250 0.827703
vt 0.687500 0.827703
vt 0.718750 0.827703
vt 0.750000 0.827703
vt 0.812500 0.827703
vt 0.843750 0.827703
vt 0.906250 0.827703
vt 1.000000 0.827703
vt 0.031250 0.827703
vt 0.062500 0.827703
vt 0.156250 0.827703
vt 0.250000 0.827703
vt 0.281250 0.827703
vt 0.312500 0.827703
vt 0.593750 0.827703
vt 0.625000 0.827703
vt 0.687500 0.827703
vt 0.718750 0.827703
vt 0.875000 0.827703
vt 0.906250 0.827703
vt 0.968750 0.827703
vt 0.031250 0.827703
vt 0.156250 0.827703
vt 0.187500 0.827703
vt 0.218750 0.827703
vt 0.343750 0.827703
vt 0.406250 0.827703
vt 0.593750 0.827703
vt 0.781250 0.827703
vt 0.875000 0.827703
vt 0.968750 0.827703
vt 0.031250 0.831154
vt 0.000000 0.831154
vt 0.062500 0.831154
vt 0.093750 0.831154
vt 0.125000 0.831154
vt 0.156250 0.831154
vt 0.187500 0.831154
vt 0.218750 0.831154
vt 0.250000 0.831154
vt 0.281250 0.831154
vt 0.312500 0.831154
vt 0.343750 0.831154
vt 0.375000 0.831154
vt 0.406250 0.831154
vt 0.437500 0.831154
vt 0.468750 0.831154
vt 0.500000 0.831154
vt 0.531250 0.831154
vt 0.562500 0.831154
vt 0.593750 0.831154
vt 0.625000 0.831154
vt 0.656250 0.831154
vt 0.687500 0.831154
vt 0.718750 0.831154
vt 0.750000 0.831154
vt 0.781250 0.831154
vt 0.812500 0.831154
vt 0.843750 0.831154
vt 0.875000 0.831154
vt 0.906250 0.831154
vt 0.937500 0.831154
vt 0.968750 0.831154
vt 1.000000 0.831154
vt 0.031250 0.835791
vt 0.000000 0.835791
vt 0.062500 0.835791
vt 0.093750 0.835791
vt 0.125000 0.835791
vt 0.156250 0.835791
vt 0.187500 0.835791
vt 0.218750 0.835791
vt 0.250000 0.835791
vt 0.281250 0.835791
vt 0.312500 0.835791
vt 0.343750 0.835791
vt 0.375000 0.835791
vt 0.406250 0.835791
vt 0.437500 0.835791
vt 0.468750 0.835791
vt 0.500000 0.835791
vt 0.531250 0.835791
vt 0.562500 0.835791
vt 0.593750 0.835791
vt 0.625000 0.835791
vt 0.656250 0.835791
vt 0.687500 0.835791
vt 0.718750 0.835791
vt 0.750000 0.835791
vt 0.781250 0.835791
vt 0.812500 0.835791
vt 0.843750 0.835791
vt 0.875000 0.835791
vt 0.906250 0.835791
vt 0.937500 0.835791
vt 0.968750 0.835791
vt 1.000000 0.835791
vt 0.031250 0.841385
vt 0.000000 0.841385
vt 0.062500 0.841385
vt 0.093750 0.841386
vt 0.125000 0.841385
vt 0.156250 0.841385
vt 0.187500 0.841385
vt 0.218750 0.841385
vt 0.250000 0.841385
vt 0.281250 0.841386
vt 0.312500 0.841385
vt 0.343750 0.841385
vt 0.375000 0.841385
vt 0.406250 0.841385
vt 0.437500 0.841386
vt 0.468750 0.841386
vt 0.500000 0.841385
vt 0.531250 0.841385
vt 0.562500 0.841385
vt 0.593750 0.841385
vt 0.625000 0.841385
vt 0.656250 0.841385
vt 0.687500 0.841385
vt 0.718750 0.841386
vt 0.750000 0.841385
vt 0.781250 0.841385
vt 0.812500 0.841385
vt 0.843750 0.841386
vt 0.875000 0.841385
vt 0.906250 0.841386
vt 0.937500 0.841386
vt 0.968750 0.841385
vt 1.000000 0.841385
vt 0.031250 0.847709
vt 0.000000 0.847709
vt 0.062500 0.847709
vt 0.093750 0.847708
vt 0.125000 0.847708
vt 0.156250 0.847708
vt 0.187500 0.847709
vt 0.218750 0.847709
vt 0.250000 0.847709
vt 0.281250 0.847709
vt 0.312500 0.847709
vt 0.343750 0.847709
vt 0.375000 0.847709
vt 0.406250 0.847709
vt 0.437500 0.847709
vt 0.468750 0.847708
vt 0.500000 0.847709
vt 0.531250 0.847709
vt 0.562500 0.847709
vt 0.593750 0.847709
vt 0.625000 0.847709
vt 0.656250 0.847709
vt 0.687500 0.847708
vt 0.718750 0.847709
vt 0.750000 0.847709
vt 0.781250 0.847709
vt 0.812500 0.847709
vt 0.843750 0.847709
vt 0.875000 0.847708
vt 0.906250 0.847708
vt 0.937500 0.847709
vt 0.968750 0.847709
vt 1.000000 0.847708
vt 0.031250 0.854532
vt 0.000000 0.854532
vt 0.062500 0.854532
vt 0.093750 0.854532
vt 0.125000 0.854532
vt 0.156250 0.854532
vt 0.187500 0.854532
vt 0.218750 0.854532
vt 0.250000 0.854532
vt 0.281250 0.854532
vt 0.312500 0.854532
vt 0.343750 0.854532
vt 0.375000 0.854532
vt 0.406250 0.854532
vt 0.437500 0.854532
vt 0.468750 0.854532
vt 0.500000 0.854532
vt 0.531250 0.854532
vt 0.562500 0.854532
vt 0.593750 0.854532
vt 0.625000 0.854532
vt 0.656250 0.854532
vt 0.687500 0.854532
vt 0.718750 0.854532
vt 0.750000 0.854532
vt 0.781250 0.854532
vt 0.812500 0.854532
vt 0.843750 0.854532
vt 0.875000 0.854532
vt 0.906250 0.854532
vt 0.937500 0.854532
vt 0.968750 0.854532
vt 1.000000 0.854532
vt 0.031250 0.861626
vt 0.000000 0.861626
vt 0.062500 0.861626
vt 0.093750 0.861626
vt 0.125000 0.861626
vt 0.156250 0.861626
vt 0.187500 0.861626
vt 0.218750 0.861626
vt 0.250000 0.861626
vt 0.281250 0.861626
vt 0.312500 0.861626
vt 0.343750 0.861626
vt 0.375000 0.861626
vt 0.406250 0.861626
vt 0.437500 0.861626
vt 0.468750 0.861626
vt 0.500000 0.861626
vt 0.531250 0.861626
vt 0.562500 0.861626
vt 0.593750 0.861626
vt 0.625000 0.861626
vt 0.656250 0.861626
vt 0.687500 0.861626
vt 0.718750 0.861626
vt 0.750000 0.861626
vt 0.781250 0.861626
vt 0.812500 0.861626
vt 0.843750 0.861626
vt 0.875000 0.861626
vt 0.906250 0.861626
vt 0.937500 0.861626
vt 0.968750 0.861626
vt 1.000000 0.861626
vt 0.031250 0.868763
vt 0.000000 0.868763
vt 0.062500 0.868763
vt 0.093750 0.868763
vt 0.125000 0.868763
vt 0.156250 0.868763
vt 0.187500 0.868763
vt 0.218750 0.868763
vt 0.250000 0.868763
vt 0.281250 0.868763
vt 0.312500 0.868763
vt 0.343750 0.868763
vt 0.375000 0.868763
vt 0.406250 0.868763
vt 0.437500 0.868763
vt 0.468750 0.868763
vt 0.500000 0.868763
vt 0.531250 0.868763
vt 0.562500 0.868763
vt 0.593750 0.868763
vt 0.625000 0.868763
vt 0.656250 0.868763
vt 0.687500 0.868763
vt 0.718750 0.868763
vt 0.750000 0.868763
vt 0.781250 0.868763
vt 0.812500 0.868763
vt 0.843750 0.868763
vt 0.875000 0.868763
vt 0.906250 0.868763
vt 0.937500 0.868763
vt 0.968750 0.868763
vt 1.000000 0.868763
vt 0.031250 0.875715
vt 0.000000 0.875715
vt 0.062500 0.875715
vt 0.093750 0.875715
vt 0.125000 0.875715
vt 0.156250 0.875715
vt 0.187500 0.875715
vt 0.218750 0.875715
vt 0.250000 0.875715
vt 0.281250 0.875715
vt 0.312500 0.875715
vt 0.343750 0.875715
vt 0.375000 0.875715
vt 0.406250 0.875715
vt 0.437500 0.875715
vt 0.468750 0.875715
vt 0.500000 0.875715
vt 0.531250 0.875715
vt 0.562500 0.875715
vt 0.593750 0.875715
vt 0.625000 0.875715
vt 0.656250 0.875715
vt 0.687500 0.875715
vt 0.718750 0.875715
vt 0.750000 0.875715
vt 0.781250 0.875715
vt 0.812500 0.875715
vt 0.843750 0.875715
vt 0.875000 0.875715
vt 0.906250 0.875715
vt 0.937500 0.875715
vt 0.968750 0.875715
vt 1.000000 0.875715
vt 0.031250 0.882252
vt 0.000000 0.882252
vt 0.062500 0.882252
vt 0.093750 0.882252
vt 0.125000 0.882252
vt 0.156250 0.882252
vt 0.187500 0.882252
vt 0.218750 0.882252
vt 0.250000 0.882252
vt 0.281250 0.882252
vt 0.312500 0.882252
vt 0.343750 0.882252
vt 0.375000 0.882252
vt 0.406250 0.882252
vt 0.437500 0.882252
vt 0.468750 0.882252
vt 0.500000 0.882252
vt 0.531250 0.882252
vt 0.562500 0.882252
vt 0.593750 0.882252
vt 0.625000 0.882252
vt 0.656250 0.882252
vt 0.687500 0.882252
vt 0.718750 0.882252
vt 0.750000 0.882252
vt 0.781250 0.882252
vt 0.812500 0.882252
vt 0.843750 0.882252
vt 0.875000 0.882252
vt 0.906250 0.882252
vt 0.937500 0.882252
vt 0.968750 0.882252
vt 1.000000 0.882252
vt 0.031250 0.888146
vt 0.000000 0.888146
vt 0.062500 0.888146
vt 0.093750 0.888146
vt 0.125000 0.888146
vt 0.156250 0.888146
vt 0.187500 0.888146
vt 0.218750 0.888146
vt 0.250000 0.888146
vt 0.281250 0.888146
vt 0.312500 0.888146
vt 0.343750 0.888146
vt 0.375000 0.888146
vt 0.406250 0.888146
vt 0.437500 0.888146
vt 0.468750 0.888146
vt 0.500000 0.888146
vt 0.531250 0.888146
vt 0.562500 0.888146
vt 0.593750 0.888146
vt 0.625000 0.888146
vt 0.656250 0.888146
vt 0.687500 0.888146
vt 0.718750 0.888146
vt 0.750000 0.888146
vt 0.781250 0.888146
vt 0.812500 0.888146
vt 0.843750 0.888146
vt 0.875000 0.888146
vt 0.906250 0.888146
vt 0.937500 0.888146
vt 0.968750 0.888146
vt 1.000000 0.888146
vt 0.031250 0.893168
vt 0.000000 0.893168
vt 0.062500 0.893168
vt 0.093750 0.893168
vt 0.125000 0.893168
vt 0.156250 0.893168
vt 0.187500 0.893168
vt 0.218750 0.893168
vt 0.250000 0.893168
vt 0.281250 0.893168
vt 0.312500 0.893168
vt 0.343750 0.893168
vt 0.375000 0.893168
vt 0.406250 0.893168
vt 0.437500 0.893168
vt 0.468750 0.893168
vt 0.500000 0.893168
vt 0.531250 0.893168
vt 0.562500 0.893168
vt 0.593750 0.893168
vt 0.625000 0.893168
vt 0.656250 0.893168
vt 0.687500 0.893168
vt 0.718750 0.893168
vt 0.750000 0.893168
vt 0.781250 0.893168
vt 0.812500 0.893168
vt 0.843750 0.893168
vt 0.875000 0.893168
vt 0.906250 0.893168
vt 0.937500 0.893168
vt 0.968750 0.893168
vt 1.000000 0.893168
vt 0.031250 0.897090
vt 0.000000 0.897090
vt 0.062500 0.897090
vt 0.093750 0.897090
vt 0.125000 0.897090
vt 0.156250 0.897090
vt 0.187500 0.897090
vt 0.218750 0.897090
vt 0.250000 0.897090
vt 0.281250 0.897090
vt 0.312500 0.897090
vt 0.343750 0.897090
vt 0.375000 0.897090
vt 0.406250 0.897090
vt 0.437500 0.897090
vt 0.468750 0.897090
vt 0.500000 0.897090
vt 0.531250 0.897090
vt 0.562500 0.897090
vt 0.593750 0.897090
vt 0.625000 0.897090
vt 0.656250 0.897090
vt 0.687500 0.897090
vt 0.718750 0.897090
vt 0.750000 0.897090
vt 0.781250 0.897090
vt 0.812500 0.897090
vt 0.843750 0.897090
vt 0.875000 0.897090
vt 0.906250 0.897090
vt 0.937500 0.897090
vt 0.968750 0.897090
vt 1.000000 0.897090
vt 0.031250 0.897411
vt 0.000000 0.897411
vt 0.062500 0.897411
vt 0.093750 0.897411
vt 0.125000 0.897411
vt 0.156250 0.897411
vt 0.187500 0.897411
vt 0.218750 0.897411
vt 0.250000 0.897411
vt 0.281250 0.897411
vt 0.312500 0.897411
vt 0.343750 0.897411
vt 0.375000 0.897411
vt 0.406250 0.897411
vt 0.437500 0.897411
vt 0.468750 0.897411
vt 0.500000 0.897411
vt 0.531250 0.897411
vt 0.562500 0.897411
vt 0.593750 0.897411
vt 0.625000 0.897411
vt 0.656250 0.897411
vt 0.687500 0.897411
vt 0.718750 0.897411
vt 0.750000 0.897411
vt 0.781250 0.897411
vt 0.812500 0.897411
vt 0.843750 0.897411
vt 0.875000 0.897411
vt 0.906250 0.897411
vt 0.937500 0.897411
vt 0.968750 0.897411
vt 1.000000 0.897411
vt 0.031250 0.898299
vt 0.000000 0.898299
vt 0.062500 0.898299
vt 0.093750 0.898299
vt 0.125000 0.898299
vt 0.156250 0.898299
vt 0.187500 0.898299
vt 0.218750 0.898299
vt 0.250000 0.898299
vt 0.281250 0.898299
vt 0.312500 0.898299
vt 0.343750 0.898299
vt 0.375000 0.898299
vt 0.406250 0.898299
vt 0.437500 0.898299
vt 0.468750 0.898299
vt 0.500000 0.898299
vt 0.531250 0.898299
vt 0.562500 0.898299
vt 0.593750 0.898299
vt 0.625000 0.898299
vt 0.656250 0.898299
vt 0.687500 0.898299
vt 0.718750 0.898299
vt 0.750000 0.898299
vt 0.781250 0.898299
vt 0.812500 0.898299
vt 0.843750 0.898299
vt 0.875000 0.898299
vt 0.906250 0.898299
vt 0.937500 0.898299
vt 0.968750 0.898299
vt 1.000000 0.898299
vt 0.031250 0.899641
vt 0.000000 0.899641
vt 0.062500 0.899641
vt 0.093750 0.899641
vt 0.125000 0.899641
vt 0.156250 0.899641
vt 0.187500 0.899641
vt 0.218750 0.899641
vt 0.250000 0.899641
vt 0.281250 0.899641
vt 0.312500 0.899641
vt 0.343750 0.899641
vt 0.375000 0.899641
vt 0.406250 0.899641
vt 0.437500 0.899641
vt 0.468750 0.899641
vt 0.500000 0.899641
vt 0.531250 0.899641
vt 0.562500 0.899641
vt 0.593750 0.899641
vt 0.625000 0.899641
vt 0.656250 0.899641
vt 0.687500 0.899641
vt 0.718750 0.899641
vt 0.750000 0.899641
vt 0.781250 0.899641
vt 0.812500 0.899641
vt 0.843750 0.899641
vt 0.875000 0.899641
vt 0.906250 0.899641
vt 0.937500 0.899641
vt 0.968750 0.899641
vt 1.000000 0.899641
vt 0.031250 0.901323
vt 0.000000 0.901323
vt 0.062500 0.901323
vt 0.093750 0.901323
vt 0.125000 0.901323
vt 0.156250 0.901323
vt 0.187500 0.901323
vt 0.218750 0.901323
vt 0.250000 0.901323
vt 0.281250 0.901323
vt 0.312500 0.901323
vt 0.343750 0.901323
vt 0.375000 0.901323
vt 0.406250 0.901323
vt 0.437500 0.901323
vt 0.468750 0.901323
vt 0.500000 0.901323
vt 0.531250 0.901323
vt 0.562500 0.901323
vt 0.593750 0.901323
vt 0.625000 0.901323
vt 0.656250 0.901323
vt 0.687500 0.901323
vt 0.718750 0.901323
vt 0.750000 0.901323
vt 0.781250 0.901323
vt 0.812500 0.901323
vt 0.843750 0.901323
vt 0.875000 0.901323
vt 0.906250 0.901323
vt 0.937500 0.901323
vt 0.968750 0.901323
vt 1.000000 0.901323
vt 0.031250 0.903232
vt 0.000000 0.903232
vt 0.062500 0.903232
vt 0.093750 0.903232
vt 0.125000 0.903232
vt 0.156250 0.903232
vt 0.187500 0.903232
vt 0.218750 0.903232
vt 0.250000 0.903232
vt 0.281250 0.903232
vt 0.312500 0.903232
vt 0.343750 0.903232
vt 0.375000 0.903232
vt 0.406250 0.903232
vt 0.437500 0.903232
vt 0.468750 0.903232
vt 0.500000 0.903232
vt 0.531250 0.903232
vt 0.562500 0.903232
vt 0.593750 0.903232
vt 0.625000 0.903232
vt 0.656250 0.903232
vt 0.687500 0.903232
vt 0.718750 0.903232
vt 0.750000 0.903232
vt 0.781250 0.903232
vt 0.812500 0.903232
vt 0.843750 0.903232
vt 0.875000 0.903232
vt 0.906250 0.903232
vt 0.937500 0.903232
vt 0.968750 0.903232
vt 1.000000 0.903232
vt 0.031250 0.905254
vt 0.000000 0.905254
vt 0.062500 0.905254
vt 0.093750 0.905254
vt 0.125000 0.905254
vt 0.156250 0.905254
vt 0.187500 0.905254
vt 0.218750 0.905254
vt 0.250000 0.905254
vt 0.281250 0.905254
vt 0.312500 0.905254
vt 0.343750 0.905254
vt 0.375000 0.905254
vt 0.406250 0.905254
vt 0.437500 0.905254
vt 0.468750 0.905254
vt 0.500000 0.905254
vt 0.531250 0.905254
vt 0.562500 0.905254
vt 0.593750 0.905254
vt 0.625000 0.905254
vt 0.656250 0.905254
vt 0.687500 0.905254
vt 0.718750 0.905254
vt 0.750000 0.905254
vt 0.781250 0.905254
vt 0.812500 0.905254
vt 0.843750 0.905254
vt 0.875000 0.905254
vt 0.906250 0.905254
vt 0.937500 0.905254
vt 0.968750 0.905254
vt 1.000000 0.905254
vt 0.031250 0.907277
vt 0.000000 0.907276
vt 0.062500 0.907276
vt 0.093750 0.907276
vt 0.125000 0.907276
vt 0.156250 0.907276
vt 0.187500 0.907277
vt 0.218750 0.907276
vt 0.250000 0.907276
vt 0.281250 0.907277
vt 0.312500 0.907276
vt 0.343750 0.907276
vt 0.375000 0.907277
vt 0.406250 0.907276
vt 0.437500 0.907276
vt 0.468750 0.907277
vt 0.500000 0.907276
vt 0.531250 0.907276
vt 0.562500 0.907276
vt 0.593750 0.907276
vt 0.625000 0.907276
vt 0.656250 0.907276
vt 0.687500 0.907276
vt 0.718750 0.907276
vt 0.750000 0.907276
vt 0.781250 0.907277
vt 0.812500 0.907276
vt 0.843750 0.907276
vt 0.875000 0.907276
vt 0.906250 0.907276
vt 0.937500 0.907277
vt 0.968750 0.907276
vt 1.000000 0.907277
vt 0.031250 0.909185
vt 0.000000 0.909185
vt 0.062500 0.909185
vt 0.093750 0.909185
vt 0.125000 0.909185
vt 0.156250 0.909185
vt 0.187500 0.909185
vt 0.218750 0.909185
vt 0.250000 0.909185
vt 0.281250 0.909185
vt 0.312500 0.909185
vt 0.343750 0.909185
vt 0.375000 0.909185
vt 0.406250 0.909185
vt 0.437500 0.909185
vt 0.468750 0.909185
vt 0.500000 0.909185
vt 0.531250 0.909185
vt 0.562500 0.909185
vt 0.593750 0.909185
vt 0.625000 0.909185
vt 0.656250 0.909185
vt 0.687500 0.909185
vt 0.718750 0.909185
vt 0.750000 0.909185
vt 0.781250 0.909185
vt 0.812500 0.909185
vt 0.843750 0.909185
vt 0.875000 0.909185
vt 0.906250 0.909185
vt 0.937500 0.909185
vt 0.968750 0.909185
vt 1.000000 0.909185
vt 0.031250 0.910867
vt 0.000000 0.910867
vt 0.062500 0.910867
vt 0.093750 0.910867
vt 0.125000 0.910867
vt 0.156250 0.910867
vt 0.187500 0.910867
vt 0.218750 0.910867
vt 0.250000 0.910867
vt 0.281250 0.910867
vt 0.312500 0.910867
vt 0.343750 0.910867
vt 0.375000 0.910867
vt 0.406250 0.910867
vt 0.437500 0.910867
vt 0.468750 0.910867
vt 0.500000 0.910867
vt 0.531250 0.910867
vt 0.562500 0.910867
vt 0.593750 0.910867
vt 0.625000 0.910867
vt 0.656250 0.910867
vt 0.687500 0.910867
vt 0.718750 0.910867
vt 0.750000 0.910867
vt 0.781250 0.910867
vt 0.812500 0.910867
vt 0.843750 0.910867
vt 0.875000 0.910867
vt 0.906250 0.910867
vt 0.937500 0.910867
vt 0.968750 0.910867
vt 1.000000 0.910867
vt 0.031250 0.912209
vt 0.000000 0.912209
vt 0.062500 0.912209
vt 0.093750 0.912209
vt 0.125000 0.912209
vt 0.156250 0.912209
vt 0.187500 0.912209
vt 0.218750 0.912209
vt 0.250000 0.912209
vt 0.281250 0.912209
vt 0.312500 0.912209
vt 0.343750 0.912209
vt 0.375000 0.912209
vt 0.406250 0.912209
vt 0.437500 0.912209
vt 0.468750 0.912209
vt 0.500000 0.912209
vt 0.531250 0.912209
vt 0.562500 0.912209
vt 0.593750 0.912209
vt 0.625000 0.912209
vt 0.656250 0.912209
vt 0.687500 0.912209
vt 0.718750 0.912209
vt 0.750000 0.912209
vt 0.781250 0.912209
vt 0.812500 0.912209
vt 0.843750 0.912209
vt 0.875000 0.912209
vt 0.906250 0.912209
vt 0.937500 0.912209
vt 0.968750 0.912209
vt 1.000000 0.912209
vt 0.031250 0.913098
vt 0.000000 0.913098
vt 0.062500 0.913097
vt 0.093750 0.913098
vt 0.125000 0.913098
vt 0.156250 0.913098
vt 0.187500 0.913098
vt 0.218750 0.913097
vt 0.250000 0.913098
vt 0.281250 0.913098
vt 0.312500 0.913098
vt 0.343750 0.913098
vt 0.375000 0.913098
vt 0.406250 0.913098
vt 0.437500 0.913098
vt 0.468750 0.913098
vt 0.500000 0.913098
vt 0.531250 0.913098
vt 0.562500 0.913098
vt 0.593750 0.913098
vt 0.625000 0.913097
vt 0.656250 0.913098
vt 0.687500 0.913097
vt 0.718750 0.913098
vt 0.750000 0.913098
vt 0.781250 0.913097
vt 0.812500 0.913098
vt 0.843750 0.913098
vt 0.875000 0.913098
vt 0.906250 0.913098
vt 0.937500 0.913098
vt 0.968750 0.913098
vt 1.000000 0.913098
vt 0.031250 0.913419
vt 0.000000 0.913419
vt 0.062500 0.913419
vt 0.093750 0.913419
vt 0.125000 0.913419
vt 0.156250 0.913419
vt 0.187500 0.913419
vt 0.218750 0.913419
vt 0.250000 0.913419
vt 0.281250 0.913419
vt 0.312500 0.913419
vt 0.343750 0.913419
vt 0.375000 0.913419
vt 0.406250 0.913419
vt 0.437500 0.913419
vt 0.468750 0.913419
vt 0.500000 0.913419
vt 0.531250 0.913419
vt 0.562500 0.913419
vt 0.593750 0.913419
vt 0.625000 0.913419
vt 0.656250 0.913419
vt 0.687500 0.913419
vt 0.718750 0.913419
vt 0.750000 0.913419
vt 0.781250 0.913419
vt 0.812500 0.913419
vt 0.843750 0.913419
vt 0.875000 0.913419
vt 0.906250 0.913419
vt 0.937500 0.913419
vt 0.968750 0.913419
vt 1.000000 0.913419
vt 0.031250 0.925693
vt 0.000000 0.925694
vt 0.062500 0.925694
vt 0.093750 0.925694
vt 0.125000 0.925694
vt 0.156250 0.925694
vt 0.187500 0.925694
vt 0.218750 0.925694
vt 0.250000 0.925694
vt 0.281250 0.925694
vt 0.312500 0.925694
vt 0.343750 0.925694
vt 0.375000 0.925694
vt 0.406250 0.925694
vt 0.437500 0.925693
vt 0.468750 0.925694
vt 0.500000 0.925694
vt 0.531250 0.925694
vt 0.562500 0.925694
vt 0.593750 0.925694
vt 0.625000 0.925694
vt 0.656250 0.925694
vt 0.687500 0.925694
vt 0.718750 0.925694
vt 0.750000 0.925694
vt 0.781250 0.925694
vt 0.812500 0.925694
vt 0.843750 0.925694
vt 0.875000 0.925693
vt 0.906250 0.925694
vt 0.937500 0.925694
vt 0.968750 0.925694
vt 1.000000 0.925694
vt 0.031250 0.943311
vt 0.000000 0.943311
vt 0.062500 0.943311
vt 0.093750 0.943311
vt 0.125000 0.943311
vt 0.156250 0.943311
vt 0.187500 0.943311
vt 0.218750 0.943311
vt 0.250000 0.943311
vt 0.281250 0.943311
vt 0.312500 0.943311
vt 0.343750 0.943311
vt 0.375000 0.943311
vt 0.406250 0.943311
vt 0.437500 0.943311
vt 0.468750 0.943311
vt 0.500000 0.943311
vt 0.531250 0.943311
vt 0.562500 0.943311
vt 0.593750 0.943311
vt 0.625000 0.943311
vt 0.656250 0.943311
vt 0.687500 0.943311
vt 0.718750 0.943311
vt 0.750000 0.943311
vt 0.781250 0.943311
vt 0.812500 0.943311
vt 0.843750 0.943311
vt 0.875000 0.943311
vt 0.906250 0.943311
vt 0.937500 0.943311
vt 0.968750 0.943311
vt 1.000000 0.943311
vt 0.031250 0.965621
vt 0.000000 0.965621
vt 0.062500 0.965621
vt 0.093750 0.965621
vt 0.125000 0.965621
vt 0.156250 0.965621
vt 0.187500 0.965621
vt 0.218750 0.965621
vt 0.250000 0.965621
vt 0.281250 0.965621
vt 0.312500 0.965621
vt 0.343750 0.965621
vt 0.375000 0.965621
vt 0.406250 0.965621
vt 0.437500 0.965621
vt 0.468750 0.965621
vt 0.500000 0.965621
vt 0.531250 0.965621
vt 0.562500 0.965621
vt 0.593750 0.965621
vt 0.625000 0.965621
vt 0.656250 0.965621
vt 0.687500 0.965621
vt 0.718750 0.965621
vt 0.750000 0.965621
vt 0.781250 0.965621
vt 0.812500 0.965621
vt 0.843750 0.965621
vt 0.875000 0.965621
vt 0.906250 0.965621
vt 0.937500 0.965621
vt 0.968750 0.965621
vt 1.000000 0.965621
vt 0.031250 0.991974
vt 0.000000 0.991974
vt 0.062500 0.991974
vt 0.093750 0.991974
vt 0.125000 0.991974
vt 0.156250 0.991974
vt 0.187500 0.991974
vt 0.218750 0.991974
vt 0.250000 0.991974
vt 0.281250 0.991974
vt 0.312500 0.991974
vt 0.343750 0.991974
vt 0.375000 0.991974
vt 0.406250 0.991974
vt 0.437500 0.991974
vt 0.468750 0.991974
vt 0.500000 0.991974
vt 0.531250 0.991974
vt 0.562500 0.991974
vt 0.593750 0.991974
vt 0.625000 0.991974
vt 0.656250 0.991974
vt 0.687500 0.991974
vt 0.718750 0.991974
vt 0.750000 0.991974
vt 0.781250 0.991974
vt 0.812500 0.991974
vt 0.843750 0.991974
vt 0.875000 0.991974
vt 0.906250 0.991974
vt 0.937500 0.991974
vt 0.968750 0.991974
vt 1.000000 0.991974
vt 0.031250 1.021722
vt 0.000000 1.021722
vt 0.062500 1.021722
vt 0.093750 1.021722
vt 0.125000 1.021722
vt 0.156250 1.021722
vt 0.187500 1.021722
vt 0.218750 1.021722
vt 0.250000 1.021722
vt 0.281250 1.021722
vt 0.312500 1.021722
vt 0.343750 1.021722
vt 0.375000 1.021722
vt 0.406250 1.021722
vt 0.437500 1.021722
vt 0.468750 1.021722
vt 0.500000 1.021722
vt 0.531250 1.021722
vt 0.562500 1.021722
vt 0.593750 1.021722
vt 0.625000 1.021722
vt 0.656250 1.021722
vt 0.687500 1.021722
vt 0.718750 1.021722
vt 0.750000 1.021722
vt 0.781250 1.021722
vt 0.812500 1.021722
vt 0.843750 1.021722
vt 0.875000 1.021722
vt 0.906250 1.021722
vt 0.937500 1.021722
vt 0.968750 1.021722
vt 1.000000 1.021722
vt 0.031250 1.054214
vt 0.000000 1.054214
vt 0.062500 1.054214
vt 0.093750 1.054214
vt 0.125000 1.054214
vt 0.156250 1.054214
vt 0.187500 1.054214
vt 0.218750 1.054214
vt 0.250000 1.037828
vt 0.247820 1.038297
vt 0.244807 1.039548
vt 0.242191 1.041295
vt 0.240076 1.043469
vt 0.238544 1.045989
vt 0.234824 1.054214
vt 0.281250 1.054189
vt 0.280383 1.051413
vt 0.278865 1.048750
vt 0.276777 1.046383
vt 0.274196 1.044402
vt 0.271220 1.042883
vt 0.261266 1.038890
vt 0.257970 1.037892
vt 0.254536 1.037453
vt 0.251107 1.037590
vt 0.312500 1.054214
vt 0.281258 1.054214
vt 0.343750 1.054214
vt 0.375000 1.054214
vt 0.406250 1.054214
vt 0.437500 1.054214
vt 0.468750 1.054214
vt 0.500000 1.054214
vt 0.531250 1.054214
vt 0.562500 1.054214
vt 0.593750 1.054214
vt 0.625000 1.054214
vt 0.656250 1.054214
vt 0.687500 1.054214
vt 0.718750 1.054147
vt 0.718742 1.054214
vt 0.750000 1.037828
vt 0.748893 1.037590
vt 0.745464 1.037453
vt 0.742029 1.037892
vt 0.738733 1.038890
vt 0.728777 1.042883
vt 0.725800 1.044402
vt 0.723217 1.046383
vt 0.721127 1.048750
vt 0.719607 1.051413
vt 0.781250 1.054214
vt 0.765176 1.054214
vt 0.761456 1.045989
vt 0.759924 1.043469
vt 0.757810 1.041295
vt 0.755193 1.039548
vt 0.752181 1.038297
vt 0.812500 1.054214
vt 0.843750 1.054214
vt 0.875000 1.054214
vt 0.906250 1.054214
vt 0.937500 1.054214
vt 0.968750 1.054214
vt 1.000000 1.054214
vt 0.031250 1.088800
vt 0.000000 1.088800
vt 0.062500 1.088800
vt 0.093750 1.088800
vt 0.125000 1.088800
vt 0.156250 1.088800
vt 0.187500 1.088800
vt 0.218750 1.088800
vt 0.219000 1.088800
vt 0.343750 1.088800
vt 0.312500 1.088800
vt 0.375000 1.088800
vt 0.406250 1.088800
vt 0.437500 1.088800
vt 0.468750 1.088800
vt 0.500000 1.088800
vt 0.531250 1.088800
vt 0.562500 1.088800
vt 0.593750 1.088800
vt 0.625000 1.088800
vt 0.656250 1.088800
vt 0.687500 1.088800
vt 0.718723 1.054269
vt 0.718381 1.057207
vt 0.718722 1.060116
vt 0.718750 1.060194
vt 0.718750 1.088800
vt 0.812500 1.088800
vt 0.781250 1.088800
vt 0.843750 1.088800
vt 0.875000 1.088800
vt 0.906250 1.088800
vt 0.937500 1.088800
vt 0.968750 1.088800
vt 1.000000 1.088800
vt 0.031250 1.124832
vt 0.000000 1.124832
vt 0.062500 1.124832
vt 0.093750 1.124832
vt 0.125000 1.124832
vt 0.156250 1.124832
vt 0.187500 1.124832
vt 0.218750 1.089308
vt 0.200006 1.124832
vt 0.281250 1.088800
vt 0.312500 1.124832
vt 0.281250 1.124832
vt 0.343750 1.124832
vt 0.375000 1.124832
vt 0.406250 1.124832
vt 0.437500 1.124832
vt 0.468750 1.124832
vt 0.500000 1.124832
vt 0.531250 1.124832
vt 0.562500 1.124832
vt 0.593750 1.124832
vt 0.625000 1.124832
vt 0.656250 1.124832
vt 0.687500 1.124832
vt 0.718750 1.124832
vt 0.732047 1.088800
vt 0.748722 1.124832
vt 0.812500 1.124832
vt 0.799994 1.124832
vt 0.781250 1.089308
vt 0.843750 1.124832
vt 0.875000 1.124832
vt 0.906250 1.124832
vt 0.937500 1.124832
vt 0.968750 1.124832
vt 1.000000 1.124832
vt 0.031250 1.161659
vt 0.000000 1.161659
vt 0.062500 1.161659
vt 0.093750 1.161659
vt 0.125000 1.161659
vt 0.156250 1.161659
vt 0.187500 1.143797
vt 0.173406 1.161659
vt 0.312500 1.161659
vt 0.281250 1.161659
vt 0.343750 1.161659
vt 0.375000 1.161659
vt 0.406250 1.161659
vt 0.437500 1.161659
vt 0.468750 1.161659
vt 0.500000 1.161659
vt 0.531250 1.161659
vt 0.562500 1.161659
vt 0.593750 1.161659
vt 0.625000 1.161659
vt 0.656250 1.161659
vt 0.687500 1.161659
vt 0.718750 1.161659
vt 0.750000 1.127500
vt 0.750000 1.161659
vt 0.843750 1.161659
vt 0.826594 1.161659
vt 0.812500 1.143797
vt 0.875000 1.161659
vt 0.906250 1.161659
vt 0.937500 1.161659
vt 0.968750 1.161659
vt 1.000000 1.161659
vt 0.031250 1.198633
vt 0.000000 1.198633
vt 0.062500 1.198633
vt 0.093750 1.198633
vt 0.125000 1.197850
vt 0.123359 1.198633
vt 0.156250 1.177329
vt 0.250000 1.161659
vt 0.281250 1.198633
vt 0.250000 1.198633
vt 0.312500 1.198633
vt 0.343750 1.198633
vt 0.375000 1.198633
vt 0.406250 1.198633
vt 0.437500 1.198633
vt 0.468750 1.198633
vt 0.500000 1.198633
vt 0.531250 1.198633
vt 0.562500 1.198633
vt 0.593750 1.198633
vt 0.625000 1.198633
vt 0.656250 1.198633
vt 0.687500 1.198633
vt 0.718750 1.198633
vt 0.750000 1.198633
vt 0.768045 1.161659
vt 0.781250 1.180980
vt 0.781250 1.198633
vt 0.875000 1.197850
vt 0.843750 1.177329
vt 0.906250 1.198633
vt 0.876641 1.198633
vt 0.937500 1.198633
vt 0.968750 1.198633
vt 1.000000 1.198633
vt 0.031250 1.218838
vt 0.000000 1.220000
vt 0.062500 1.215201
vt 0.093750 1.208598
vt 0.218750 1.198633
vt 0.250000 1.235103
vt 0.218750 1.235103
vt 0.281250 1.235103
vt 0.312500 1.235103
vt 0.343750 1.235103
vt 0.375000 1.235103
vt 0.406250 1.235103
vt 0.437500 1.235103
vt 0.468750 1.235103
vt 0.500000 1.235103
vt 0.531250 1.235103
vt 0.562500 1.235103
vt 0.593750 1.235103
vt 0.625000 1.235103
vt 0.656250 1.235103
vt 0.687500 1.235103
vt 0.718750 1.235103
vt 0.750000 1.235103
vt 0.781250 1.235103
vt 0.796620 1.198633
vt 0.812500 1.211139
vt 0.812500 1.235103
vt 0.937500 1.215201
vt 0.906250 1.208598
vt 0.968750 1.218838
vt 1.000000 1.220000
vt 0.001691 1.257286
vt 0.031250 1.257286
vt 0.031250 1.270420
vt 0.000000 1.270420
vt 0.062500 1.257286
vt 0.062500 1.270420
vt 0.093750 1.257286
vt 0.093750 1.270420
vt 0.125000 1.257286
vt 0.125000 1.270420
vt 0.156250 1.257286
vt 0.156250 1.270420
vt 0.187500 1.257286
vt 0.187500 1.270420
vt 0.218750 1.257286
vt 0.218750 1.270420
vt 0.250000 1.257286
vt 0.250000 1.270420
vt 0.281250 1.257286
vt 0.281250 1.270420
vt 0.312500 1.257286
vt 0.312500 1.270420
vt 0.343750 1.257286
vt 0.343750 1.270420
vt 0.375000 1.257286
vt 0.375000 1.270420
vt 0.406250 1.257286
vt 0.406250 1.270420
vt 0.437500 1.257286
vt 0.437500 1.270420
vt 0.468750 1.257286
vt 0.468750 1.270420
vt 0.500000 1.257286
vt 0.500000 1.270420
vt 0.531250 1.257286
vt 0.531250 1.270420
vt 0.562500 1.257286
vt 0.562500 1.270420
vt 0.593750 1.257286
vt 0.593750 1.270420
vt 0.625000 1.257286
vt 0.625000 1.270420
vt 0.656250 1.257286
vt 0.656250 1.270420
vt 0.687500 1.257286
vt 0.687500 1.270420
vt 0.718750 1.257286
vt 0.718750 1.270420
vt 0.750000 1.257286
vt 0.750000 1.270420
vt 0.781250 1.257286
vt 0.781250 1.270420
vt 0.812500 1.257286
vt 0.812500 1.270420
vt 0.843750 1.257286
vt 0.843750 1.270420
vt 0.875000 1.257286
vt 0.875000 1.270420
vt 0.906250 1.257286
vt 0.906250 1.270420
vt 0.937500 1.257286
vt 0.937500 1.270420
vt 0.968750 1.257286
vt 0.968750 1.270420
vt 0.998309 1.257286
vt 1.000000 1.270420
vt 0.031250 1.282395
vt 0.000000 1.282395
vt 0.062500 1.282395
vt 0.093750 1.282395
vt 0.125000 1.282395
vt 0.156250 1.282395
vt 0.187500 1.282395
vt 0.218750 1.282395
vt 0.250000 1.282395
vt 0.281250 1.282395
vt 0.312500 1.282395
vt 0.343750 1.282395
vt 0.375000 1.282395
vt 0.406250 1.282395
vt 0.437500 1.282395
vt 0.468750 1.282395
vt 0.500000 1.282395
vt 0.531250 1.282395
vt 0.562500 1.282395
vt 0.593750 1.282395
vt 0.625000 1.282395
vt 0.656250 1.282395
vt 0.687500 1.282395
vt 0.718750 1.282395
vt 0.750000 1.282395
vt 0.781250 1.282395
vt 0.812500 1.282395
vt 0.843750 1.282395
vt 0.875000 1.282395
vt 0.906250 1.282395
vt 0.937500 1.282395
vt 0.968750 1.282395
vt 1.000000 1.282395
vt 0.031250 1.285722
vt 0.000000 1.285722
vt 0.062500 1.285722
vt 0.093750 1.285722
vt 0.125000 1.285722
vt 0.156250 1.285722
vt 0.187500 1.285722
vt 0.218750 1.285722
vt 0.250000 1.285722
vt 0.281250 1.285722
vt 0.312500 1.285722
vt 0.343750 1.285722
vt 0.375000 1.285722
vt 0.406250 1.285722
vt 0.437500 1.285722
vt 0.468750 1.285722
vt 0.500000 1.285722
vt 0.531250 1.285722
vt 0.562500 1.285722
vt 0.593750 1.285722
vt 0.625000 1.285722
vt 0.656250 1.285722
vt 0.687500 1.285722
vt 0.718750 1.285722
vt 0.750000 1.285722
vt 0.781250 1.285722
vt 0.812500 1.285722
vt 0.843750 1.285722
vt 0.875000 1.285722
vt 0.906250 1.285722
vt 0.937500 1.285722
vt 0.968750 1.285722
vt 1.000000 1.285722
vt 0.031250 1.289564
vt 0.000000 1.289564
vt 0.062500 1.289564
vt 0.093750 1.289564
vt 0.125000 1.289564
vt 0.156250 1.289564
vt 0.187500 1.289564
vt 0.218750 1.289564
vt 0.250000 1.289564
vt 0.281250 1.289564
vt 0.312500 1.289564
vt 0.343750 1.289564
vt 0.375000 1.289564
vt 0.406250 1.289564
vt 0.437500 1.289564
vt 0.468750 1.289564
vt 0.500000 1.289564
vt 0.531250 1.289564
vt 0.562500 1.289564
vt 0.593750 1.289564
vt 0.625000 1.289564
vt 0.656250 1.289564
vt 0.687500 1.289564
vt 0.718750 1.289564
vt 0.750000 1.289564
vt 0.781250 1.289564
vt 0.812500 1.289564
vt 0.843750 1.289564
vt 0.875000 1.289564
vt 0.906250 1.289564
vt 0.937500 1.289564
vt 0.968750 1.289564
vt 1.000000 1.289564
vt 0.031250 1.293760
vt 0.000000 1.293760
vt 0.062500 1.293760
vt 0.093750 1.293760
vt 0.125000 1.293760
vt 0.156250 1.293760
vt 0.187500 1.293760
vt 0.218750 1.293760
vt 0.250000 1.293760
vt 0.281250 1.293760
vt 0.312500 1.293760
vt 0.343750 1.293760
vt 0.375000 1.293760
vt 0.406250 1.293760
vt 0.437500 1.293760
vt 0.468750 1.293760
vt 0.500000 1.293760
vt 0.531250 1.293760
vt 0.562500 1.293760
vt 0.593750 1.293760
vt 0.625000 1.293760
vt 0.656250 1.293760
vt 0.687500 1.293760
vt 0.718750 1.293760
vt 0.750000 1.293760
vt 0.781250 1.293760
vt 0.812500 1.293760
vt 0.843750 1.293760
vt 0.875000 1.293760
vt 0.906250 1.293760
vt 0.937500 1.293760
vt 0.968750 1.293760
vt 1.000000 1.293760
vt 0.031250 1.298148
vt 0.000000 1.298148
vt 0.062500 1.298148
vt 0.093750 1.298148
vt 0.125000 1.298148
vt 0.156250 1.298148
vt 0.187500 1.298148
vt 0.218750 1.298148
vt 0.250000 1.298148
vt 0.281250 1.298148
vt 0.312500 1.298148
vt 0.343750 1.298148
vt 0.375000 1.298148
vt 0.406250 1.298148
vt 0.437500 1.298148
vt 0.468750 1.298148
vt 0.500000 1.298148
vt 0.531250 1.298148
vt 0.562500 1.298148
vt 0.593750 1.298148
vt 0.625000 1.298148
vt 0.656250 1.298148
vt 0.687500 1.298148
vt 0.718750 1.298148
vt 0.750000 1.298148
vt 0.781250 1.298148
vt 0.812500 1.298148
vt 0.843750 1.298148
vt 0.875000 1.298148
vt 0.906250 1.298148
vt 0.937500 1.298148
vt 0.968750 1.298148
vt 1.000000 1.298148
vt 0.031250 1.302566
vt 0.000000 1.302566
vt 0.062500 1.302566
vt 0.093750 1.302566
vt 0.125000 1.302566
vt 0.156250 1.302566
vt 0.187500 1.302566
vt 0.218750 1.302566
vt 0.250000 1.302566
vt 0.281250 1.302566
vt 0.312500 1.302566
vt 0.343750 1.302566
vt 0.375000 1.302566
vt 0.406250 1.302566
vt 0.437500 1.302566
vt 0.468750 1.302566
vt 0.500000 1.302566
vt 0.531250 1.302566
vt 0.562500 1.302566
vt 0.593750 1.302566
vt 0.625000 1.302566
vt 0.656250 1.302566
vt 0.687500 1.302566
vt 0.718750 1.302566
vt 0.750000 1.302566
vt 0.781250 1.302566
vt 0.812500 1.302566
vt 0.843750 1.302566
vt 0.875000 1.302566
vt 0.906250 1.302566
vt 0.937500 1.302566
vt 0.968750 1.302566
vt 1.000000 1.302566
vt 0.031250 1.306853
vt 0.000000 1.306853
vt 0.062500 1.306853
vt 0.093750 1.306853
vt 0.125000 1.306853
vt 0.156250 1.306853
vt 0.187500 1.306853
vt 0.218750 1.306853
vt 0.250000 1.306853
vt 0.281250 1.306853
vt 0.312500 1.306853
vt 0.343750 1.306853
vt 0.375000 1.306853
vt 0.406250 1.306853
vt 0.437500 1.306853
vt 0.468750 1.306853
vt 0.500000 1.306853
vt 0.531250 1.306853
vt 0.562500 1.306853
vt 0.593750 1.306853
vt 0.625000 1.306853
vt 0.656250 1.306853
vt 0.687500 1.306853
vt 0.718750 1.306853
vt 0.750000 1.306853
vt 0.781250 1.306853
vt 0.812500 1.306853
vt 0.843750 1.306853
vt 0.875000 1.306853
vt 0.906250 1.306853
vt 0.937500 1.306853
vt 0.968750 1.306853
vt 1.000000 1.306853
vt 0.031250 1.310848
vt 0.000000 1.310847
vt 0.062500 1.310847
vt 0.093750 1.310847
vt 0.125000 1.310847
vt 0.156250 1.310847
vt 0.187500 1.310847
vt 0.218750 1.310847
vt 0.250000 1.310847
vt 0.281250 1.310847
vt 0.312500 1.310847
vt 0.343750 1.310847
vt 0.375000 1.310847
vt 0.406250 1.310847
vt 0.437500 1.310847
vt 0.468750 1.310847
vt 0.500000 1.310847
vt 0.531250 1.310847
vt 0.562500 1.310847
vt 0.593750 1.310847
vt 0.625000 1.310847
vt 0.656250 1.310847
vt 0.687500 1.310847
vt 0.718750 1.310847
vt 0.750000 1.310847
vt 0.781250 1.310847
vt 0.812500 1.310847
vt 0.843750 1.310847
vt 0.875000 1.310847
vt 0.906250 1.310847
vt 0.937500 1.310847
vt 0.968750 1.310847
vt 1.000000 1.310847
vt 0.031250 1.314387
vt 0.000000 1.314387
vt 0.062500 1.314387
vt 0.093750 1.314387
vt 0.125000 1.314387
vt 0.156250 1.314387
vt 0.187500 1.314387
vt 0.218750 1.314387
vt 0.250000 1.314387
vt 0.281250 1.314387
vt 0.312500 1.314387
vt 0.343750 1.314387
vt 0.375000 1.314387
vt 0.406250 1.314387
vt 0.437500 1.314387
vt 0.468750 1.314387
vt 0.500000 1.314387
vt 0.531250 1.314387
vt 0.562500 1.314387
vt 0.593750 1.314387
vt 0.625000 1.314387
vt 0.656250 1.314387
vt 0.687500 1.314387
vt 0.718750 1.314387
vt 0.750000 1.314387
vt 0.781250 1.314387
vt 0.812500 1.314387
vt 0.843750 1.314387
vt 0.875000 1.314387
vt 0.906250 1.314387
vt 0.937500 1.314387
vt 0.968750 1.314387
vt 1.000000 1.314387
vt 0.031250 1.317310
vt 0.000000 1.317310
vt 0.062500 1.317310
vt 0.093750 1.317310
vt 0.125000 1.317310
vt 0.156250 1.317310
vt 0.187500 1.317310
vt 0.218750 1.317310
vt 0.250000 1.317310
vt 0.281250 1.317310
vt 0.312500 1.317310
vt 0.343750 1.317310
vt 0.375000 1.317310
vt 0.406250 1.317310
vt 0.437500 1.317310
vt 0.468750 1.317310
vt 0.500000 1.317310
vt 0.531250 1.317310
vt 0.562500 1.317310
vt 0.593750 1.317310
vt 0.625000 1.317310
vt 0.656250 1.317310
vt 0.687500 1.317310
vt 0.718750 1.317310
vt 0.750000 1.317310
vt 0.781250 1.317310
vt 0.812500 1.317310
vt 0.843750 1.317310
vt 0.875000 1.317310
vt 0.906250 1.317310
vt 0.937500 1.317310
vt 0.968750 1.317310
vt 1.000000 1.317310
vt 0.031250 1.319456
vt 0.000000 1.319456
vt 0.062500 1.319456
vt 0.093750 1.319456
vt 0.125000 1.319456
vt 0.156250 1.319456
vt 0.187500 1.319456
vt 0.218750 1.319456
vt 0.250000 1.319456
vt 0.281250 1.319456
vt 0.312500 1.319456
vt 0.343750 1.319456
vt 0.375000 1.319456
vt 0.406250 1.319456
vt 0.437500 1.319456
vt 0.468750 1.319456
vt 0.500000 1.319456
vt 0.531250 1.319456
vt 0.562500 1.319456
vt 0.593750 1.319456
vt 0.625000 1.319456
vt 0.656250 1.319456
vt 0.687500 1.319456
vt 0.718750 1.319456
vt 0.750000 1.319456
vt 0.781250 1.319456
vt 0.812500 1.319456
vt 0.843750 1.319456
vt 0.875000 1.319456
vt 0.906250 1.319456
vt 0.937500 1.319456
vt 0.968750 1.319456
vt 1.000000 1.319456
vt 0.031250 1.320662
vt 0.000000 1.320662
vt 0.062500 1.320662
vt 0.093750 1.320662
vt 0.125000 1.320662
vt 0.156250 1.320662
vt 0.187500 1.320662
vt 0.218750 1.320662
vt 0.250000 1.320662
vt 0.281250 1.320662
vt 0.312500 1.320662
vt 0.343750 1.320662
vt 0.375000 1.320662
vt 0.406250 1.320662
vt 0.437500 1.320662
vt 0.468750 1.320662
vt 0.500000 1.320662
vt 0.531250 1.320662
vt 0.562500 1.320662
vt 0.593750 1.320662
vt 0.625000 1.320662
vt 0.656250 1.320662
vt 0.687500 1.320662
vt 0.718750 1.320662
vt 0.750000 1.320662
vt 0.781250 1.320662
vt 0.812500 1.320662
vt 0.843750 1.320662
vt 0.875000 1.320662
vt 0.906250 1.320662
vt 0.937500 1.320662
vt 0.968750 1.320662
vt 1.000000 1.320662
vt 0.031250 1.320767
vt 0.000000 1.320767
vt 0.062500 1.320767
vt 0.093750 1.320767
vt 0.125000 1.320767
vt 0.156250 1.320767
vt 0.187500 1.320767
vt 0.218750 1.320767
vt 0.250000 1.320767
vt 0.281250 1.320767
vt 0.312500 1.320767
vt 0.343750 1.320767
vt 0.375000 1.320767
vt 0.406250 1.320767
vt 0.437500 1.320767
vt 0.468750 1.320767
vt 0.500000 1.320767
vt 0.531250 1.320767
vt 0.562500 1.320767
vt 0.593750 1.320767
vt 0.625000 1.320767
vt 0.656250 1.320767
vt 0.687500 1.320767
vt 0.718750 1.320767
vt 0.750000 1.320767
vt 0.781250 1.320767
vt 0.812500 1.320767
vt 0.843750 1.320767
vt 0.875000 1.320767
vt 0.906250 1.320767
vt 0.937500 1.320767
vt 0.968750 1.320767
vt 1.000000 1.320767
vt 0.843750 1.235103
vt 0.865295 1.235103
vt 0.875000 1.237648
vt 0.187500 1.235103
vt 0.156250 1.235103
vt 0.201835 0.523205
vt 0.220458 0.523256
vt 0.220458 0.726744
vt 0.201835 0.726795
vt 0.281250 1.060230
vt 0.267953 1.088800
vt 0.280318 1.062884
vt 0.187500 1.211139
vt 0.156250 1.227657
vt 0.134706 1.235103
vt 0.125000 1.237648
vt 0.251278 1.124832
vt 0.231955 1.161659
vt 0.218750 1.180980
vt 0.380617 0.727856
vt 0.380509 0.727857
vt 0.380379 0.727848
vt 0.375000 0.727480
vt 0.375000 0.522520
vt 0.380461 0.522145
vt 0.380509 0.522143
vt 0.380617 0.522144
vt 0.125000 0.522777
vt 0.153147 0.522714
vt 0.167424 0.522821
vt 0.167424 0.727179
vt 0.153148 0.727286
vt 0.125000 0.727223
vt 0.843750 1.227658
vt 0.968750 1.248882
vt 0.937500 1.246943
vt 0.781001 1.088800
vt 0.298165 0.726786
vt 0.279542 0.726739
vt 0.279542 0.523261
vt 0.298165 0.523214
vt 0.387639 0.022154
vt 0.395311 0.021105
vt 0.427572 0.020608
vt 0.428045 0.020671
vt 0.461181 0.027441
vt 0.478871 0.034355
vt 0.495533 0.042552
vt 0.510149 0.053341
vt 0.529290 0.070794
vt 0.530020 0.071658
vt 0.539316 0.086567
vt 0.545475 0.100332
vt 0.548867 0.112931
vt 0.549951 0.125000
vt 0.548867 0.137069
vt 0.545475 0.149668
vt 0.539316 0.163433
vt 0.530020 0.178342
vt 0.529290 0.179206
vt 0.510149 0.196659
vt 0.495533 0.207448
vt 0.478871 0.215645
vt 0.461181 0.222559
vt 0.428046 0.229329
vt 0.427572 0.229392
vt 0.395311 0.228895
vt 0.387639 0.227846
vt 0.387639 0.728300
vt 0.385243 0.728121
vt 0.385173 0.728112
vt 0.385173 0.521888
vt 0.385275 0.521877
vt 0.387639 0.521700
vt 0.250000 1.127500
vt 0.093750 1.243397
vt 0.062500 1.246943
vt 0.719693 1.062884
vt 0.183928 0.523059
vt 0.183928 0.726941
vt 0.332576 0.727164
vt 0.316072 0.726930
vt 0.316072 0.523070
vt 0.332576 0.522836
vt 0.203381 1.198633
vt 0.281290 1.060117
vt 0.281625 1.057207
vt 0.281277 1.054269
vt 0.382802 0.727919
vt 0.382802 0.522081
vt 0.385173 0.227548
vt 0.385173 0.022452
vt 0.382802 0.227340
vt 0.382802 0.022660
vt 0.380617 0.227230
vt 0.380617 0.022770
vt 0.031250 1.248882
vt 0.375000 0.227223
vt 0.375000 0.022777
vt 0.906250 1.243397
vt 0.998903 1.249499
vt 0.411813 0.519754
vt 0.445422 0.522024
vt 0.447911 0.522638
vt 0.479774 0.532580
vt 0.497796 0.542134
vt 0.514261 0.552306
vt 0.525927 0.562766
vt 0.541335 0.578801
vt 0.548280 0.587531
vt 0.550653 0.591052
vt 0.556016 0.601132
vt 0.559324 0.609751
vt 0.561132 0.617559
vt 0.561708 0.625000
vt 0.561132 0.632441
vt 0.559324 0.640249
vt 0.556016 0.648868
vt 0.550653 0.658948
vt 0.548280 0.662469
vt 0.541335 0.671199
vt 0.525927 0.687234
vt 0.514261 0.697694
vt 0.497796 0.707865
vt 0.479774 0.717420
vt 0.447911 0.727361
vt 0.445422 0.727976
vt 0.411813 0.730246
vt 0.001097 1.249499
s 1
usemtl Velvet
f 1/1/1 3/2/2 4/3/2 2/4/1
f 3/2/2 5/5/3 6/6/3 4/3/2
f 5/5/3 7/7/4 8/8/4 6/6/3
f 7/7/4 9/9/5 10/10/5 8/8/4
f 9/9/5 11/11/6 12/12/6 10/10/5
f 11/11/6 13/13/7 14/14/7 12/12/6
f 13/13/7 15/15/8 16/16/8 14/14/7
f 15/15/8 17/17/9 18/18/9 16/16/8
f 17/17/9 19/19/10 20/20/10 18/18/9
f 19/19/10 21/21/11 22/22/11 20/20/10
f 21/21/11 23/23/12 24/24/12 22/22/11
f 23/23/12 25/25/13 26/26/13 24/24/12
f 25/25/13 27/27/14 28/28/14 26/26/13
f 27/27/14 29/29/15 30/30/15 28/28/14
f 29/29/15 31/31/16 32/32/16 30/30/15
f 31/31/16 33/33/17 34/34/17 32/32/16
f 33/33/17 35/35/18 36/36/18 34/34/17
f 35/35/18 37/37/19 38/38/19 36/36/18
f 37/37/19 39/39/20 40/40/20 38/38/19
f 39/39/20 41/41/21 42/42/21 40/40/20
f 41/41/21 43/43/22 44/44/22 42/42/21
f 43/43/22 45/45/23 46/46/23 44/44/22
f 45/45/23 47/47/24 48/48/24 46/46/23
f 47/47/24 49/49/25 50/50/25 48/48/24
f 49/49/25 51/51/26 52/52/26 50/50/25
f 51/51/26 53/53/27 54/54/27 52/52/26
f 53/53/27 55/55/28 56/56/28 54/54/27
f 55/55/28 57/57/29 58/58/29 56/56/28
f 57/57/29 59/59/30 60/60/30 58/58/29
f 59/59/30 61/61/31 62/62/31 60/60/30
f 4/63/32 6/64/32 8/65/32 10/66/32 12/67/32 14/68/32 16/69/32 18/70/32 20/71/32 22/72/32 24/73/32 26/74/32 28/75/32 30/76/32 32/77/32 34/78/32 36/79/32 38/80/32 40/81/32 42/82/32 44/83/32 46/84/32 48/85/32 50/86/32 52/87/32 54/88/32 56/89/32 58/90/32 60/91/32 62/92/32 64/93/32 2/94/32
f 61/61/31 63/95/33 64/96/33 62/62/31
f 63/95/33 1/97/1 2/98/1 64/96/33
f 1/99/32 3/100/32 5/101/32 7/102/32 9/103/32 11/104/32 13/105/32 15/106/32 17/107/32 19/108/32 21/109/32 23/110/32 25/111/32 27/112/32 29/113/32 31/114/32 33/115/32 35/116/32 37/117/32 39/118/32 41/119/32 43/120/32 45/121/32 47/122/32 49/123/32 51/124/32 53/125/32 55/126/32 57/127/32 59/128/32 61/129/32 63/130/32
usemtl Plastic
f 65/131/34 270/132/35 271/133/35 66/134/36
f 270/132/35 475/135/37 476/136/38 271/133/35
f 475/135/37 680/137/39 681/138/40 476/136/38
f 680/137/39 885/139/41 886/140/42 681/138/40
f 885/139/41 1089/141/43 1090/142/44 886/140/42
f 1089/141/43 1294/143/45 1295/144/46 1090/142/44
f 1294/143/45 1498/145/47 1499/146/47 1295/144/46
f 1498/145/47 1702/147/48 1703/148/49 1499/146/47
f 1702/147/48 1905/149/50 1906/150/50 1703/148/49
f 1905/149/50 2110/151/51 2111/152/52 1906/150/50
f 2110/151/51 2316/153/53 2317/154/54 2111/152/52
f 2316/153/53 2522/155/55 2523/156/56 2317/154/54
f 2522/155/55 2728/157/57 2729/158/58 2523/156/56
f 2728/157/57 2934/159/59 2935/160/60 2729/158/58
f 2934/159/59 3140/161/61 3141/162/61 2935/160/60
f 3140/161/61 3346/163/62 3347/164/63 3141/162/61
f 3346/163/62 3552/165/64 3553/166/64 3347/164/63
f 3552/165/64 3758/167/65 3759/168/66 3553/166/64
f 3758/167/65 3964/169/67 3965/170/68 3759/168/66
f 3964/169/67 4170/171/69 4171/172/70 3965/170/68
f 4170/171/69 4376/173/71 4377/174/72 4171/172/70
f 4376/173/71 4582/175/73 4583/176/74 4377/174/72
f 4582/175/73 4788/177/75 4789/178/75 4583/176/74
f 4788/177/75 4993/179/76 4994/180/77 4789/178/75
f 4993/179/76 5196/181/78 5197/182/78 4994/180/77
f 5196/181/78 5400/183/79 5401/184/80 5197/182/78
f 5400/183/79 5604/185/81 5605/186/82 5401/184/80
f 5604/185/81 5809/187/83 5810/188/84 5605/186/82
f 5809/187/83 6013/189/85 6014/190/86 5810/188/84
f 6013/189/85 6218/191/87 6219/192/88 6014/190/86
f 6218/191/87 6423/193/89 6424/194/89 6219/192/88
f 6423/193/89 65/195/34 66/196/36 6424/194/89
f 66/134/36 271/133/35 272/197/90 67/198/91
f 271/133/35 476/136/38 477/199/92 272/197/90
f 476/136/38 681/138/40 682/200/93 477/199/92
f 681/138/40 886/140/42 887/201/94 682/200/93
f 886/140/42 1090/142/44 1091/202/95 887/201/94
f 1090/142/44 1295/144/46 1296/203/96 1091/202/95
f 1295/144/46 1499/146/47 1500/204/97 1296/203/96
f 1499/146/47 1703/148/49 1704/205/98 1500/204/97
f 1703/148/49 1906/150/50 1907/206/99 1704/205/98
f 1906/150/50 2111/152/52 2112/207/100 1907/206/99
f 2111/152/52 2317/154/54 2318/208/101 2112/207/100
f 2317/154/54 2523/156/56 2524/209/102 2318/208/101
f 2523/156/56 2729/158/58 2730/210/103 2524/209/102
f 2729/158/58 2935/160/60 2936/211/104 2730/210/103
f 2935/160/60 3141/162/61 3142/212/105 2936/211/104
f 3141/162/61 3347/164/63 3348/213/106 3142/212/105
f 3347/164/63 3553/166/64 3554/214/107 3348/213/106
f 3553/166/64 3759/168/66 3760/215/108 3554/214/107
f 3759/168/66 3965/170/68 3966/216/109 3760/215/108
f 3965/170/68 4171/172/70 4172/217/110 3966/216/109
f 4171/172/70 4377/174/72 4378/218/111 4172/217/110
f 4377/174/72 4583/176/74 4584/219/112 4378/218/111
f 4583/176/74 4789/178/75 4790/220/113 4584/219/112
f 4789/178/75 4994/180/77 4995/221/114 4790/220/113
f 4994/180/77 5197/182/78 5198/222/115 4995/221/114
f 5197/182/78 5401/184/80 5402/223/116 5198/222/115
f 5401/184/80 5605/186/82 5606/224/117 5402/223/116
f 5605/186/82 5810/188/84 5811/225/118 5606/224/117
f 5810/188/84 6014/190/86 6015/226/119 5811/225/118
f 6014/190/86 6219/192/88 6220/227/120 6015/226/119
f 6219/192/88 6424/194/89 6425/228/121 6220/227/120
f 6424/194/89 66/196/36 67/229/91 6425/228/121
f 67/198/91 272/197/90 273/230/122 68/231/123
f 272/197/90 477/199/92 478/232/124 273/230/122
f 477/199/92 682/200/93 683/233/125 478/232/124
f 682/200/93 887/201/94 888/234/126 683/233/125
f 887/201/94 1091/202/95 1092/235/127 888/234/126
f 1091/202/95 1296/203/96 1297/236/128 1092/235/127
f 1296/203/96 1500/204/97 1501/237/129 1297/236/128
f 1500/204/97 1704/205/98 1705/238/130 1501/237/129
f 1704/205/98 1907/206/99 1908/239/131 1705/238/130
f 1907/206/99 2112/207/100 2113/240/132 1908/239/131
f 2112/207/100 2318/208/101 2319/241/133 2113/240/132
f 2318/208/101 2524/209/102 2525/242/134 2319/241/133
f 2524/209/102 2730/210/103 2731/243/135 2525/242/134
f 2730/210/103 2936/211/104 2937/244/136 2731/243/135
f 2936/211/104 3142/212/105 3143/245/137 2937/244/136
f 3142/212/105 3348/213/106 3349/246/138 3143/245/137
f 3348/213/106 3554/214/107 3555/247/139 3349/246/138
f 3554/214/107 3760/215/108 3761/248/140 3555/247/139
f 3760/215/108 3966/216/109 3967/249/141 3761/248/140
f 3966/216/109 4172/217/110 4173/250/142 3967/249/141
f 4172/217/110 4378/218/111 4379/251/143 4173/250/142
f 4378/218/111 4584/219/112 4585/252/144 4379/251/143
f 4584/219/112 4790/220/113 4791/253/145 4585/252/144
f 4790/220/113 4995/221/114 4996/254/146 4791/253/145
f 4995/221/114 5198/222/115 5199/255/147 4996/254/146
f 5198/222/115 5402/223/116 5403/256/148 5199/255/147
f 5402/223/116 5606/224/117 5607/257/149 5403/256/148
f 5606/224/117 5811/225/118 5812/258/150 5607/257/149
f 5811/225/118 6015/226/119 6016/259/151 5812/258/150
f 6015/226/119 6220/227/120 6221/260/152 6016/259/151
f 6220/227/120 6425/228/121 6426/261/153 6221/260/152
f 6425/228/121 67/229/91 68/262/123 6426/261/153
f 68/231/123 273/230/122 274/263/154 69/264/155
f 273/230/122 478/232/124 479/265/156 274/263/154
f 478/232/124 683/233/125 684/266/157 479/265/156
f 683/233/125 888/234/126 889/267/158 684/266/157
f 888/234/126 1092/235/127 1093/268/159 889/267/158
f 1092/235/127 1297/236/128 1298/269/160 1093/268/159
f 1297/236/128 1501/237/129 1502/270/161 1298/269/160
f 1501/237/129 1705/238/130 1706/271/162 1502/270/161
f 1705/238/130 1908/239/131 1909/272/163 1706/271/162
f 1908/239/131 2113/240/132 2114/273/164 1909/272/163
f 2113/240/132 2319/241/133 2320/274/165 2114/273/164
f 2319/241/133 2525/242/134 2526/275/166 2320/274/165
f 2525/242/134 2731/243/135 2732/276/167 2526/275/166
f 2731/243/135 2937/244/136 2938/277/168 2732/276/167
f 2937/244/136 3143/245/137 3144/278/169 2938/277/168
f 3143/245/137 3349/246/138 3350/279/170 3144/278/169
f 3349/246/138 3555/247/139 3556/280/171 3350/279/170
f 3555/247/139 3761/248/140 3762/281/172 3556/280/171
f 3761/248/140 3967/249/141 3968/282/173 3762/281/172
f 3967/249/141 4173/250/142 4174/283/174 3968/282/173
f 4173/250/142 4379/251/143 4380/284/175 4174/283/174
f 4379/251/143 4585/252/144 4586/285/176 4380/284/175
f 4585/252/144 4791/253/145 4792/286/177 4586/285/176
f 4791/253/145 4996/254/146 4997/287/178 4792/286/177
f 4996/254/146 5199/255/147 5200/288/179 4997/287/178
f 5199/255/147 5403/256/148 5404/289/180 5200/288/179
f 5403/256/148 5607/257/149 5608/290/181 5404/289/180
f 5607/257/149 5812/258/150 5813/291/182 5608/290/181
f 5812/258/150 6016/259/151 6017/292/183 5813/291/182
f 6016/259/151 6221/260/152 6222/293/184 6017/292/183
f 6221/260/152 6426/261/153 6427/294/185 6222/293/184
f 6426/261/153 68/262/123 69/295/155 6427/294/185
f 69/264/155 274/263/154 275/296/186 70/297/187
f 274/263/154 479/265/156 480/298/188 275/296/186
f 479/265/156 684/266/157 685/299/189 480/298/188
f 684/266/157 889/267/158 890/300/190 685/299/189
f 889/267/158 1093/268/159 1094/301/191 890/300/190
f 1093/268/159 1298/269/160 1299/302/192 1094/301/191
f 1298/269/160 1502/270/161 1503/303/193 1299/302/192
f 1502/270/161 1706/271/162 1707/304/194 1503/303/193
f 1706/271/162 1909/272/163 1910/305/195 1707/304/194
f 1909/272/163 2114/273/164 2115/306/196 1910/305/195
f 2114/273/164 2320/274/165 2321/307/197 2115/306/196
f 2320/274/165 2526/275/166 2527/308/198 2321/307/197
f 2526/275/166 2732/276/167 2733/309/199 2527/308/198
f 2732/276/167 2938/277/168 2939/310/200 2733/309/199
f 2938/277/168 3144/278/169 3145/311/201 2939/310/200
f 3144/278/169 3350/279/170 3351/312/202 3145/311/201
f 3350/279/170 3556/280/171 3557/313/203 3351/312/202
f 3556/280/171 3762/281/172 3763/314/204 3557/313/203
f 3762/281/172 3968/282/173 3969/315/205 3763/314/204
f 3968/282/173 4174/283/174 4175/316/206 3969/315/205
f 4174/283/174 4380/284/175 4381/317/207 4175/316/206
f 4380/284/175 4586/285/176 4587/318/208 4381/317/207
f 4586/285/176 4792/286/177 4793/319/209 4587/318/208
f 4792/286/177 4997/287/178 4998/320/210 4793/319/209
f 4997/287/178 5200/288/179 5201/321/211 4998/320/210
f 5200/288/179 5404/289/180 5405/322/212 5201/321/211
f 5404/289/180 5608/290/181 5609/323/213 5405/322/212
f 5608/290/181 5813/291/182 5814/324/214 5609/323/213
f 5813/291/182 6017/292/183 6018/325/215 5814/324/214
f 6017/292/183 6222/293/184 6223/326/216 6018/325/215
f 6222/293/184 6427/294/185 6428/327/217 6223/326/216
f 6427/294/185 69/295/155 70/328/187 6428/327/217
f 70/297/187 275/296/186 276/329/218 71/330/219
f 275/296/186 480/298/188 481/331/220 276/329/218
f 480/298/188 685/299/189 686/332/221 481/331/220
f 685/299/189 890/300/190 891/333/222 686/332/221
f 890/300/190 1094/301/191 1095/334/223 891/333/222
f 1094/301/191 1299/302/192 1300/335/224 1095/334/223
f 1299/302/192 1503/303/193 1504/336/225 1300/335/224
f 1503/303/193 1707/304/194 1708/337/226 1504/336/225
f 1707/304/194 1910/305/195 1911/338/227 1708/337/226
f 1910/305/195 2115/306/196 2116/339/228 1911/338/227
f 2115/306/196 2321/307/197 2322/340/229 2116/339/228
f 2321/307/197 2527/308/198 2528/341/230 2322/340/229
f 2527/308/198 2733/309/199 2734/342/231 2528/341/230
f 2733/309/199 2939/310/200 2940/343/232 2734/342/231
f 2939/310/200 3145/311/201 3146/344/233 2940/343/232
f 3145/311/201 3351/312/202 3352/345/234 3146/344/233
f 3351/312/202 3557/313/203 3558/346/235 3352/345/234
f 3557/313/203 3763/314/204 3764/347/236 3558/346/235
f 3763/314/204 3969/315/205 3970/348/237 3764/347/236
f 3969/315/205 4175/316/206 4176/349/238 3970/348/237
f 4175/316/206 4381/317/207 4382/350/239 4176/349/238
f 4381/317/207 4587/318/208 4588/351/240 4382/350/239
f 4587/318/208 4793/319/209 4794/352/241 4588/351/240
f 4793/319/209 4998/320/210 4999/353/242 4794/352/241
f 4998/320/210 5201/321/211 5202/354/243 4999/353/242
f 5201/321/211 5405/322/212 5406/355/244 5202/354/243
f 5405/322/212 5609/323/213 5610/356/245 5406/355/244
f 5609/323/213 5814/324/214 5815/357/246 5610/356/245
f 5814/324/214 6018/325/215 6019/358/247 5815/357/246
f 6018/325/215 6223/326/216 6224/359/248 6019/358/247
f 6223/326/216 6428/327/217 6429/360/249 6224/359/248
f 6428/327/217 70/328/187 71/361/219 6429/360/249
f 71/330/219 276/329/218 277/362/250 72/363/251
f 276/329/218 481/331/220 482/364/252 277/362/250
f 481/331/220 686/332/221 687/365/253 482/364/252
f 686/332/221 891/333/222 892/366/254 687/365/253
f 891/333/222 1095/334/223 1096/367/255 892/366/254
f 1095/334/223 1300/335/224 1301/368/256 1096/367/255
f 1300/335/224 1504/336/225 1505/369/257 1301/368/256
f 1504/336/225 1708/337/226 1709/370/258 1505/369/257
f 1708/337/226 1911/338/227 1912/371/259 1709/370/258
f 1911/338/227 2116/339/228 2117/372/260 1912/371/259
f 2116/339/228 2322/340/229 2323/373/261 2117/372/260
f 2322/340/229 2528/341/230 2529/374/262 2323/373/261
f 2528/341/230 2734/342/231 2735/375/263 2529/374/262
f 2734/342/231 2940/343/232 2941/376/264 2735/375/263
f 2940/343/232 3146/344/233 3147/377/265 2941/376/264
f 3146/344/233 3352/345/234 3353/378/266 3147/377/265
f 3352/345/234 3558/346/235 3559/379/267 3353/378/266
f 3558/346/235 3764/347/236 3765/380/268 3559/379/267
f 3764/347/236 3970/348/237 3971/381/269 3765/380/268
f 3970/348/237 4176/349/238 4177/382/270 3971/381/269
f 4176/349/238 4382/350/239 4383/383/271 4177/382/270
f 4382/350/239 4588/351/240 4589/384/272 4383/383/271
f 4588/351/240 4794/352/241 4795/385/273 4589/384/272
f 4794/352/241 4999/353/242 5000/386/274 4795/385/273
f 4999/353/242 5202/354/243 5203/387/275 5000/386/274
f 5202/354/243 5406/355/244 5407/388/276 5203/387/275
f 5406/355/244 5610/356/245 5611/389/277 5407/388/276
f 5610/356/245 5815/357/246 5816/390/278 5611/389/277
f 5815/357/246 6019/358/247 6020/391/279 5816/390/278
f 6019/358/247 6224/359/248 6225/392/280 6020/391/279
f 6224/359/248 6429/360/249 6430/393/281 6225/392/280
f 6429/360/249 71/361/219 72/394/251 6430/393/281
f 72/363/251 277/362/250 278/395/282 73/396/283
f 277/362/250 482/364/252 483/397/284 278/395/282
f 482/364/252 687/365/253 688/398/285 483/397/284
f 687/365/253 892/366/254 893/399/286 688/398/285
f 892/366/254 1096/367/255 1097/400/287 893/399/286
f 1096/367/255 1301/368/256 1302/401/288 1097/400/287
f 1301/368/256 1505/369/257 1506/402/289 1302/401/288
f 1505/369/257 1709/370/258 1710/403/290 1506/402/289
f 1709/370/258 1912/371/259 1913/404/291 1710/403/290
f 1912/371/259 2117/372/260 2118/405/292 1913/404/291
f 2117/372/260 2323/373/261 2324/406/293 2118/405/292
f 2323/373/261 2529/374/262 2530/407/294 2324/406/293
f 2529/374/262 2735/375/263 2736/408/295 2530/407/294
f 2735/375/263 2941/376/264 2942/409/296 2736/408/295
f 2941/376/264 3147/377/265 3148/410/297 2942/409/296
f 3147/377/265 3353/378/266 3354/411/298 3148/410/297
f 3353/378/266 3559/379/267 3560/412/299 3354/411/298
f 3559/379/267 3765/380/268 3766/413/300 3560/412/299
f 3765/380/268 3971/381/269 3972/414/301 3766/413/300
f 3971/381/269 4177/382/270 4178/415/302 3972/414/301
f 4177/382/270 4383/383/271 4384/416/303 4178/415/302
f 4383/383/271 4589/384/272 4590/417/304 4384/416/303
f 4589/384/272 4795/385/273 4796/418/305 4590/417/304
f 4795/385/273 5000/386/274 5001/419/306 4796/418/305
f 5000/386/274 5203/387/275 5204/420/307 5001/419/306
f 5203/387/275 5407/388/276 5408/421/308 5204/420/307
f 5407/388/276 5611/389/277 5612/422/309 5408/421/308
f 5611/389/277 5816/390/278 5817/423/310 5612/422/309
f 5816/390/278 6020/391/279 6021/424/311 5817/423/310
f 6020/391/279 6225/392/280 6226/425/312 6021/424/311
f 6225/392/280 6430/393/281 6431/426/313 6226/425/312
f 6430/393/281 72/394/251 73/427/283 6431/426/313
f 73/396/283 278/395/282 279/428/314 74/429/315
f 278/395/282 483/397/284 484/430/316 279/428/314
f 483/397/284 688/398/285 689/431/317 484/430/316
f 688/398/285 893/399/286 894/432/318 689/431/317
f 893/399/286 1097/400/287 1098/433/319 894/432/318
f 1097/400/287 1302/401/288 1303/434/320 1098/433/319
f 1302/401/288 1506/402/289 1507/435/321 1303/434/320
f 1506/402/289 1710/403/290 1711/436/322 1507/435/321
f 1710/403/290 1913/404/291 1914/437/323 1711/436/322
f 1913/404/291 2118/405/292 2119/438/324 1914/437/323
f 2118/405/292 2324/406/293 2325/439/325 2119/438/324
f 2324/406/293 2530/407/294 2531/440/326 2325/439/325
f 2530/407/294 2736/408/295 2737/441/327 2531/440/326
f 2736/408/295 2942/409/296 2943/442/328 2737/441/327
f 2942/409/296 3148/410/297 3149/443/329 2943/442/328
f 3148/410/297 3354/411/298 3355/444/330 3149/443/329
f 3354/411/298 3560/412/299 3561/445/331 3355/444/330
f 3560/412/299 3766/413/300 3767/446/332 3561/445/331
f 3766/413/300 3972/414/301 3973/447/333 3767/446/332
f 3972/414/301 4178/415/302 4179/448/334 3973/447/333
f 4178/415/302 4384/416/303 4385/449/335 4179/448/334
f 4384/416/303 4590/417/304 4591/450/336 4385/449/335
f 4590/417/304 4796/418/305 4797/451/337 4591/450/336
f 4796/418/305 5001/419/306 5002/452/338 4797/451/337
f 5001/419/306 5204/420/307 5205/453/339 5002/452/338
f 5204/420/307 5408/421/308 5409/454/340 5205/453/339
f 5408/421/308 5612/422/309 5613/455/341 5409/454/340
f 5612/422/309 5817/423/310 5818/456/342 5613/455/341
f 5817/423/310 6021/424/311 6022/457/343 5818/456/342
f 6021/424/311 6226/425/312 6227/458/344 6022/457/343
f 6226/425/312 6431/426/313 6432/459/345 6227/458/344
f 6431/426/313 73/427/283 74/460/315 6432/459/345
f 74/429/315 279/428/314 280/461/346 75/462/347
f 279/428/314 484/430/316 485/463/348 280/461/346
f 484/430/316 689/431/317 690/464/349 485/463/348
f 689/431/317 894/432/318 895/465/350 690/464/349
f 894/432/318 1098/433/319 1099/466/351 895/465/350
f 1098/433/319 1303/434/320 1304/467/352 1099/466/351
f 1303/434/320 1507/435/321 1508/468/353 1304/467/352
f 1507/435/321 1711/436/322 1712/469/354 1508/468/353
f 1711/436/322 1914/437/323 1915/470/355 1712/469/354
f 1914/437/323 2119/438/324 2120/471/356 1915/470/355
f 2119/438/324 2325/439/325 2326/472/357 2120/471/356
f 2325/439/325 2531/440/326 2532/473/358 2326/472/357
f 2531/440/326 2737/441/327 2738/474/359 2532/473/358
f 2737/441/327 2943/442/328 2944/475/360 2738/474/359
f 2943/442/328 3149/443/329 3150/476/361 2944/475/360
f 3149/443/329 3355/444/330 3356/477/362 3150/476/361
f 3355/444/330 3561/445/331 3562/478/363 3356/477/362
f 3561/445/331 3767/446/332 3768/479/364 3562/478/363
f 3767/446/332 3973/447/333 3974/480/365 3768/479/364
f 3973/447/333 4179/448/334 4180/481/366 3974/480/365
f 4179/448/334 4385/449/335 4386/482/367 4180/481/366
f 4385/449/335 4591/450/336 4592/483/368 4386/482/367
f 4591/450/336 4797/451/337 4798/484/369 4592/483/368
f 4797/451/337 5002/452/338 5003/485/370 4798/484/369
f 5002/452/338 5205/453/339 5206/486/371 5003/485/370
f 5205/453/339 5409/454/340 5410/487/372 5206/486/371
f 5409/454/340 5613/455/341 5614/488/373 5410/487/372
f 5613/455/341 5818/456/342 5819/489/374 5614/488/373
f 5818/456/342 6022/457/343 6023/490/375 5819/489/374
f 6022/457/343 6227/458/344 6228/491/376 6023/490/375
f 6227/458/344 6432/459/345 6433/492/377 6228/491/376
f 6432/459/345 74/460/315 75/493/347 6433/492/377
f 75/462/347 280/461/346 281/494/378 76/495/379
f 280/461/346 485/463/348 486/496/380 281/494/378
f 485/463/348 690/464/349 691/497/381 486/496/380
f 690/464/349 895/465/350 896/498/382 691/497/381
f 895/465/350 1099/466/351 1100/499/383 896/498/382
f 1099/466/351 1304/467/352 1305/500/384 1100/499/383
f 1304/467/352 1508/468/353 1509/501/385 1305/500/384
f 1508/468/353 1712/469/354 1713/502/386 1509/501/385
f 1712/469/354 1915/470/355 1916/503/387 1713/502/386
f 1915/470/355 2120/471/356 2121/504/388 1916/503/387
f 2120/471/356 2326/472/357 2327/505/389 2121/504/388
f 2326/472/357 2532/473/358 2533/506/390 2327/505/389
f 2532/473/358 2738/474/359 2739/507/391 2533/506/390
f 2738/474/359 2944/475/360 2945/508/392 2739/507/391
f 2944/475/360 3150/476/361 3151/509/393 2945/508/392
f 3150/476/361 3356/477/362 3357/510/394 3151/509/393
f 3356/477/362 3562/478/363 3563/511/395 3357/510/394
f 3562/478/363 3768/479/364 3769/512/396 3563/511/395
f 3768/479/364 3974/480/365 3975/513/397 3769/512/396
f 3974/480/365 4180/481/366 4181/514/398 3975/513/397
f 4180/481/366 4386/482/367 4387/515/399 4181/514/398
f 4386/482/367 4592/483/368 4593/516/400 4387/515/399
f 4592/483/368 4798/484/369 4799/517/401 4593/516/400
f 4798/484/369 5003/485/370 5004/518/402 4799/517/401
f 5003/485/370 5206/486/371 5207/519/403 5004/518/402
f 5206/486/371 5410/487/372 5411/520/404 5207/519/403
f 5410/487/372 5614/488/373 5615/521/405 5411/520/404
f 5614/488/373 5819/489/374 5820/522/406 5615/521/405
f 5819/489/374 6023/490/375 6024/523/407 5820/522/406
f 6023/490/375 6228/491/376 6229/524/408 6024/523/407
f 6228/491/376 6433/492/377 6434/525/409 6229/524/408
f 6433/492/377 75/493/347 76/526/379 6434/525/409
f 76/495/379 281/494/378 282/527/410 77/528/411
f 281/494/378 486/496/380 487/529/412 282/527/410
f 486/496/380 691/497/381 692/530/413 487/529/412
f 691/497/381 896/498/382 897/531/414 692/530/413
f 896/498/382 1100/499/383 1101/532/415 897/531/414
f 1100/499/383 1305/500/384 1306/533/416 1101/532/415
f 1305/500/384 1509/501/385 1510/534/417 1306/533/416
f 1509/501/385 1713/502/386 1714/535/418 1510/534/417
f 1713/502/386 1916/503/387 1917/536/419 1714/535/418
f 1916/503/387 2121/504/388 2122/537/420 1917/536/419
f 2121/504/388 2327/505/389 2328/538/421 2122/537/420
f 2327/505/389 2533/506/390 2534/539/422 2328/538/421
f 2533/506/390 2739/507/391 2740/540/423 2534/539/422
f 2739/507/391 2945/508/392 2946/541/424 2740/540/423
f 2945/508/392 3151/509/393 3152/542/425 2946/541/424
f 3151/509/393 3357/510/394 3358/543/426 3152/542/425
f 3357/510/394 3563/511/395 3564/544/427 3358/543/426
f 3563/511/395 3769/512/396 3770/545/428 3564/544/427
f 3769/512/396 3975/513/397 3976/546/429 3770/545/428
f 3975/513/397 4181/514/398 4182/547/430 3976/546/429
f 4181/514/398 4387/515/399 4388/548/431 4182/547/430
f 4387/515/399 4593/516/400 4594/549/432 4388/548/431
f 4593/516/400 4799/517/401 4800/550/433 4594/549/432
f 4799/517/401 5004/518/402 5005/551/434 4800/550/433
f 5004/518/402 5207/519/403 5208/552/435 5005/551/434
f 5207/519/403 5411/520/404 5412/553/436 5208/552/435
f 5411/520/404 5615/521/405 5616/554/437 5412/553/436
f 5615/521/405 5820/522/406 5821/555/438 5616/554/437
f 5820/522/406 6024/523/407 6025/556/439 5821/555/438
f 6024/523/407 6229/524/408 6230/557/440 6025/556/439
f 6229/524/408 6434/525/409 6435/558/441 6230/557/440
f 6434/525/409 76/526/379 77/559/411 6435/558/441
f 77/528/411 282/527/410 283/560/442 78/561/443
f 282/527/410 487/529/412 488/562/444 283/560/442
f 487/529/412 692/530/413 693/563/445 488/562/444
f 692/530/413 897/531/414 898/564/446 693/563/445
f 897/531/414 1101/532/415 1102/565/447 898/564/446
f 1101/532/415 1306/533/416 1307/566/448 1102/565/447
f 1306/533/416 1510/534/417 1511/567/449 1307/566/448
f 1510/534/417 1714/535/418 1715/568/450 1511/567/449
f 1714/535/418 1917/536/419 1918/569/451 1715/568/450
f 1917/536/419 2122/537/420 2123/570/452 1918/569/451
f 2122/537/420 2328/538/421 2329/571/453 2123/570/452
f 2328/538/421 2534/539/422 2535/572/454 2329/571/453
f 2534/539/422 2740/540/423 2741/573/455 2535/572/454
f 2740/540/423 2946/541/424 2947/574/456 2741/573/455
f 2946/541/424 3152/542/425 3153/575/457 2947/574/456
f 3152/542/425 3358/543/426 3359/576/458 3153/575/457
f 3358/543/426 3564/544/427 3565/577/459 3359/576/458
f 3564/544/427 3770/545/428 3771/578/460 3565/577/459
f 3770/545/428 3976/546/429 3977/579/461 3771/578/460
f 3976/546/429 4182/547/430 4183/580/462 3977/579/461
f 4182/547/430 4388/548/431 4389/581/463 4183/580/462
f 4388/548/431 4594/549/432 4595/582/464 4389/581/463
f 4594/549/432 4800/550/433 4801/583/465 4595/582/464
f 4800/550/433 5005/551/434 5006/584/466 4801/583/465
f 5005/551/434 5208/552/435 5209/585/467 5006/584/466
f 5208/552/435 5412/553/436 5413/586/468 5209/585/467
f 5412/553/436 5616/554/437 5617/587/469 5413/586/468
f 5616/554/437 5821/555/438 5822/588/470 5617/587/469
f 5821/555/438 6025/556/439 6026/589/471 5822/588/470
f 6025/556/439 6230/557/440 6231/590/472 6026/589/471
f 6230/557/440 6435/558/441 6436/591/473 6231/590/472
f 6435/558/441 77/559/411 78/592/443 6436/591/473
f 78/561/443 283/560/442 284/593/474 79/594/475
f 283/560/442 488/562/444 489/595/476 284/593/474
f 488/562/444 693/563/445 694/596/477 489/595/476
f 693/563/445 898/564/446 899/597/478 694/596/477
f 898/564/446 1102/565/447 1103/598/479 899/597/478
f 1102/565/447 1307/566/448 1308/599/480 1103/598/479
f 1307/566/448 1511/567/449 1512/600/481 1308/599/480
f 1511/567/449 1715/568/450 1716/601/482 1512/600/481
f 1715/568/450 1918/569/451 1919/602/483 1716/601/482
f 1918/569/451 2123/570/452 2124/603/484 1919/602/483
f 2123/570/452 2329/571/453 2330/604/485 2124/603/484
f 2329/571/453 2535/572/454 2536/605/486 2330/604/485
f 2535/572/454 2741/573/455 2742/606/487 2536/605/486
f 2741/573/455 2947/574/456 2948/607/488 2742/606/487
f 2947/574/456 3153/575/457 3154/608/489 2948/607/488
f 3153/575/457 3359/576/458 3360/609/490 3154/608/489
f 3359/576/458 3565/577/459 3566/610/491 3360/609/490
f 3565/577/459 3771/578/460 3772/611/492 3566/610/491
f 3771/578/460 3977/579/461 3978/612/493 3772/611/492
f 3977/579/461 4183/580/462 4184/613/494 3978/612/493
f 4183/580/462 4389/581/463 4390/614/495 4184/613/494
f 4389/581/463 4595/582/464 4596/615/496 4390/614/495
f 4595/582/464 4801/583/465 4802/616/497 4596/615/496
f 4801/583/465 5006/584/466 5007/617/498 4802/616/497
f 5006/584/466 5209/585/467 5210/618/499 5007/617/498
f 5209/585/467 5413/586/468 5414/619/500 5210/618/499
f 5413/586/468 5617/587/469 5618/620/501 5414/619/500
f 5617/587/469 5822/588/470 5823/621/502 5618/620/501
f 5822/588/470 6026/589/471 6027/622/503 5823/621/502
f 6026/589/471 6231/590/472 6232/623/504 6027/622/503
f 6231/590/472 6436/591/473 6437/624/505 6232/623/504
f 6436/591/473 78/592/443 79/625/475 6437/624/505
f 79/594/475 284/593/474 285/626/506 80/627/507
f 284/593/474 489/595/476 490/628/508 285/626/506
f 489/595/476 694/596/477 695/629/509 490/628/508
f 694/596/477 899/597/478 900/630/510 695/629/509
f 899/597/478 1103/598/479 1104/631/511 900/630/510
f 1103/598/479 1308/599/480 1309/632/512 1104/631/511
f 1308/599/480 1512/600/481 1513/633/513 1309/632/512
f 1512/600/481 1716/601/482 1717/634/514 1513/633/513
f 1716/601/482 1919/602/483 1920/635/515 1717/634/514
f 1919/602/483 2124/603/484 2125/636/516 1920/635/515
f 2124/603/484 2330/604/485 2331/637/517 2125/636/516
f 2330/604/485 2536/605/486 2537/638/518 2331/637/517
f 2536/605/486 2742/606/487 2743/639/519 2537/638/518
f 2742/606/487 2948/607/488 2949/640/520 2743/639/519
f 2948/607/488 3154/608/489 3155/641/521 2949/640/520
f 3154/608/489 3360/609/490 3361/642/522 3155/641/521
f 3360/609/490 3566/610/491 3567/643/523 3361/642/522
f 3566/610/491 3772/611/492 3773/644/524 3567/643/523
f 3772/611/492 3978/612/493 3979/645/525 3773/644/524
f 3978/612/493 4184/613/494 4185/646/526 3979/645/525
f 4184/613/494 4390/614/495 4391/647/527 4185/646/526
f 4390/614/495 4596/615/496 4597/648/528 4391/647/527
f 4596/615/496 4802/616/497 4803/649/529 4597/648/528
f 4802/616/497 5007/617/498 5008/650/530 4803/649/529
f 5007/617/498 5210/618/499 5211/651/531 5008/650/530
f 5210/618/499 5414/619/500 5415/652/532 5211/651/531
f 5414/619/500 5618/620/501 5619/653/533 5415/652/532
f 5618/620/501 5823/621/502 5824/654/534 5619/653/533
f 5823/621/502 6027/622/503 6028/655/535 5824/654/534
f 6027/622/503 6232/623/504 6233/656/536 6028/655/535
f 6232/623/504 6437/624/505 6438/657/537 6233/656/536
f 6437/624/505 79/625/475 80/658/507 6438/657/537
f 80/627/507 285/626/506 286/659/538 81/660/539
f 285/626/506 490/628/508 491/661/540 286/659/538
f 490/628/508 695/629/509 696/662/541 491/661/540
f 695/629/509 900/630/510 901/663/542 696/662/541
f 900/630/510 1104/631/511 1105/664/543 901/663/542
f 1104/631/511 1309/632/512 1310/665/544 1105/664/543
f 1309/632/512 1513/633/513 1514/666/545 1310/665/544
f 1513/633/513 1717/634/514 1718/667/546 1514/666/545
f 1717/634/514 1920/635/515 1921/668/547 1718/667/546
f 1920/635/515 2125/636/516 2126/669/548 1921/668/547
f 2125/636/516 2331/637/517 2332/670/549 2126/669/548
f 2331/637/517 2537/638/518 2538/671/550 2332/670/549
f 2537/638/518 2743/639/519 2744/672/551 2538/671/550
f 2743/639/519 2949/640/520 2950/673/552 2744/672/551
f 2949/640/520 3155/641/521 3156/674/553 2950/673/552
f 3155/641/521 3361/642/522 3362/675/554 3156/674/553
f 3361/642/522 3567/643/523 3568/676/555 3362/675/554
f 3567/643/523 3773/644/524 3774/677/556 3568/676/555
f 3773/644/524 3979/645/525 3980/678/557 3774/677/556
f 3979/645/525 4185/646/526 4186/679/558 3980/678/557
f 4185/646/526 4391/647/527 4392/680/559 4186/679/558
f 4391/647/527 4597/648/528 4598/681/560 4392/680/559
f 4597/648/528 4803/649/529 4804/682/561 4598/681/560
f 4803/649/529 5008/650/530 5009/683/562 4804/682/561
f 5008/650/530 5211/651/531 5212/684/563 5009/683/562
f 5211/651/531 5415/652/532 5416/685/564 5212/684/563
f 5415/652/532 5619/653/533 5620/686/565 5416/685/564
f 5619/653/533 5824/654/534 5825/687/566 5620/686/565
f 5824/654/534 6028/655/535 6029/688/567 5825/687/566
f 6028/655/535 6233/656/536 6234/689/568 6029/688/567
f 6233/656/536 6438/657/537 6439/690/569 6234/689/568
f 6438/657/537 80/658/507 81/691/539 6439/690/569
f 81/660/539 286/659/538 287/692/570 82/693/571
f 286/659/538 491/661/540 492/694/572 287/692/570
f 491/661/540 696/662/541 697/695/573 492/694/572
f 696/662/541 901/663/542 902/696/574 697/695/573
f 901/663/542 1105/664/543 1106/697/575 902/696/574
f 1105/664/543 1310/665/544 1311/698/576 1106/697/575
f 1310/665/544 1514/666/545 1515/699/577 1311/698/576
f 1514/666/545 1718/667/546 1719/700/578 1515/699/577
f 1718/667/546 1921/668/547 1922/701/579 1719/700/578
f 1921/668/547 2126/669/548 2127/702/580 1922/701/579
f 2126/669/548 2332/670/549 2333/703/581 2127/702/580
f 2332/670/549 2538/671/550 2539/704/582 2333/703/581
f 2538/671/550 2744/672/551 2745/705/583 2539/704/582
f 2744/672/551 2950/673/552 2951/706/584 2745/705/583
f 2950/673/552 3156/674/553 3157/707/585 2951/706/584
f 3156/674/553 3362/675/554 3363/708/586 3157/707/585
f 3362/675/554 3568/676/555 3569/709/587 3363/708/586
f 3568/676/555 3774/677/556 3775/710/588 3569/709/587
f 3774/677/556 3980/678/557 3981/711/589 3775/710/588
f 3980/678/557 4186/679/558 4187/712/590 3981/711/589
f 4186/679/558 4392/680/559 4393/713/591 4187/712/590
f 4392/680/559 4598/681/560 4599/714/592 4393/713/591
f 4598/681/560 4804/682/561 4805/715/593 4599/714/592
f 4804/682/561 5009/683/562 5010/716/594 4805/715/593
f 5009/683/562 5212/684/563 5213/717/595 5010/716/594
f 5212/684/563 5416/685/564 5417/718/596 5213/717/595
f 5416/685/564 5620/686/565 5621/719/597 5417/718/596
f 5620/686/565 5825/687/566 5826/720/598 5621/719/597
f 5825/687/566 6029/688/567 6030/721/599 5826/720/598
f 6029/688/567 6234/689/568 6235/722/600 6030/721/599
f 6234/689/568 6439/690/569 6440/723/601 6235/722/600
f 6439/690/569 81/691/539 82/724/571 6440/723/601
f 82/693/571 287/692/570 288/725/602 83/726/603
f 287/692/570 492/694/572 493/727/604 288/725/602
f 492/694/572 697/695/573 698/728/605 493/727/604
f 697/695/573 902/696/574 903/729/606 698/728/605
f 902/696/574 1106/697/575 1107/730/607 903/729/606
f 1106/697/575 1311/698/576 1312/731/608 1107/730/607
f 1311/698/576 1515/699/577 1516/732/609 1312/731/608
f 1515/699/577 1719/700/578 1720/733/610 1516/732/609
f 1719/700/578 1922/701/579 1923/734/611 1720/733/610
f 1922/701/579 2127/702/580 2128/735/612 1923/734/611
f 2127/702/580 2333/703/581 2334/736/613 2128/735/612
f 2333/703/581 2539/704/582 2540/737/614 2334/736/613
f 2539/704/582 2745/705/583 2746/738/615 2540/737/614
f 2745/705/583 2951/706/584 2952/739/616 2746/738/615
f 2951/706/584 3157/707/585 3158/740/617 2952/739/616
f 3157/707/585 3363/708/586 3364/741/618 3158/740/617
f 3363/708/586 3569/709/587 3570/742/619 3364/741/618
f 3569/709/587 3775/710/588 3776/743/620 3570/742/619
f 3775/710/588 3981/711/589 3982/744/621 3776/743/620
f 3981/711/589 4187/712/590 4188/745/622 3982/744/621
f 4187/712/590 4393/713/591 4394/746/623 4188/745/622
f 4393/713/591 4599/714/592 4600/747/624 4394/746/623
f 4599/714/592 4805/715/593 4806/748/625 4600/747/624
f 4805/715/593 5010/716/594 5011/749/626 4806/748/625
f 5010/716/594 5213/717/595 5214/750/627 5011/749/626
f 5213/717/595 5417/718/596 5418/751/628 5214/750/627
f 5417/718/596 5621/719/597 5622/752/629 5418/751/628
f 5621/719/597 5826/720/598 5827/753/630 5622/752/629
f 5826/720/598 6030/721/599 6031/754/631 5827/753/630
f 6030/721/599 6235/722/600 6236/755/632 6031/754/631
f 6235/722/600 6440/723/601 6441/756/633 6236/755/632
f 6440/723/601 82/724/571 83/757/603 6441/756/633
f 83/726/603 288/725/602 289/758/634 84/759/635
f 288/725/602 493/727/604 494/760/636 289/758/634
f 493/727/604 698/728/605 699/761/637 494/760/636
f 698/728/605 903/729/606 904/762/638 699/761/637
f 903/729/606 1107/730/607 1108/763/639 904/762/638
f 1107/730/607 1312/731/608 1313/764/640 1108/763/639
f 1312/731/608 1516/732/609 1517/765/641 1313/764/640
f 1516/732/609 1720/733/610 1721/766/642 1517/765/641
f 1720/733/610 1923/734/611 1924/767/643 1721/766/642
f 1923/734/611 2128/735/612 2129/768/644 1924/767/643
f 2128/735/612 2334/736/613 2335/769/645 2129/768/644
f 2334/736/613 2540/737/614 2541/770/646 2335/769/645
f 2540/737/614 2746/738/615 2747/771/647 2541/770/646
f 2746/738/615 2952/739/616 2953/772/648 2747/771/647
f 2952/739/616 3158/740/617 3159/773/649 2953/772/648
f 3158/740/617 3364/741/618 3365/774/650 3159/773/649
f 3364/741/618 3570/742/619 3571/775/651 3365/774/650
f 3570/742/619 3776/743/620 3777/776/652 3571/775/651
f 3776/743/620 3982/744/621 3983/777/653 3777/776/652
f 3982/744/621 4188/745/622 4189/778/654 3983/777/653
f 4188/745/622 4394/746/623 4395/779/655 4189/778/654
f 4394/746/623 4600/747/624 4601/780/656 4395/779/655
f 4600/747/624 4806/748/625 4807/781/657 4601/780/656
f 4806/748/625 5011/749/626 5012/782/658 4807/781/657
f 5011/749/626 5214/750/627 5215/783/659 5012/782/658
f 5214/750/627 5418/751/628 5419/784/660 5215/783/659
f 5418/751/628 5622/752/629 5623/785/661 5419/784/660
f 5622/752/629 5827/753/630 5828/786/662 5623/785/661
f 5827/753/630 6031/754/631 6032/787/663 5828/786/662
f 6031/754/631 6236/755/632 6237/788/664 6032/787/663
f 6236/755/632 6441/756/633 6442/789/665 6237/788/664
f 6441/756/633 83/757/603 84/790/635 6442/789/665
f 84/759/635 289/758/634 290/791/666 85/792/667
f 289/758/634 494/760/636 495/793/668 290/791/666
f 494/760/636 699/761/637 700/794/669 495/793/668
f 699/761/637 904/762/638 905/795/670 700/794/669
f 904/762/638 1108/763/639 1109/796/671 905/795/670
f 1108/763/639 1313/764/640 1314/797/672 1109/796/671
f 1313/764/640 1517/765/641 1518/798/673 1314/797/672
f 1517/765/641 1721/766/642 1722/799/674 1518/798/673
f 1721/766/642 1924/767/643 1925/800/675 1722/799/674
f 1924/767/643 2129/768/644 2130/801/676 1925/800/675
f 2129/768/644 2335/769/645 2336/802/677 2130/801/676
f 2335/769/645 2541/770/646 2542/803/678 2336/802/677
f 2541/770/646 2747/771/647 2748/804/679 2542/803/678
f 2747/771/647 2953/772/648 2954/805/680 2748/804/679
f 2953/772/648 3159/773/649 3160/806/681 2954/805/680
f 3159/773/649 3365/774/650 3366/807/682 3160/806/681
f 3365/774/650 3571/775/651 3572/808/683 3366/807/682
f 3571/775/651 3777/776/652 3778/809/684 3572/808/683
f 3777/776/652 3983/777/653 3984/810/685 3778/809/684
f 3983/777/653 4189/778/654 4190/811/686 3984/810/685
f 4189/778/654 4395/779/655 4396/812/687 4190/811/686
f 4395/779/655 4601/780/656 4602/813/688 4396/812/687
f 4601/780/656 4807/781/657 4808/814/689 4602/813/688
f 4807/781/657 5012/782/658 5013/815/690 4808/814/689
f 5012/782/658 5215/783/659 5216/816/691 5013/815/690
f 5215/783/659 5419/784/660 5420/817/692 5216/816/691
f 5419/784/660 5623/785/661 5624/818/693 5420/817/692
f 5623/785/661 5828/786/662 5829/819/694 5624/818/693
f 5828/786/662 6032/787/663 6033/820/695 5829/819/694
f 6032/787/663 6237/788/664 6238/821/696 6033/820/695
f 6237/788/664 6442/789/665 6443/822/697 6238/821/696
f 6442/789/665 84/790/635 85/823/667 6443/822/697
f 85/792/667 290/791/666 291/824/698 86/825/699
f 290/791/666 495/793/668 496/826/700 291/824/698
f 495/793/668 700/794/669 701/827/701 496/826/700
f 700/794/669 905/795/670 906/828/702 701/827/701
f 905/795/670 1109/796/671 1110/829/703 906/828/702
f 1109/796/671 1314/797/672 1315/830/704 1110/829/703
f 1314/797/672 1518/798/673 1519/831/705 1315/830/704
f 1518/798/673 1722/799/674 1723/832/706 1519/831/705
f 1722/799/674 1925/800/675 1926/833/707 1723/832/706
f 1925/800/675 2130/801/676 2131/834/708 1926/833/707
f 2130/801/676 2336/802/677 2337/835/709 2131/834/708
f 2336/802/677 2542/803/678 2543/836/710 2337/835/709
f 2542/803/678 2748/804/679 2749/837/711 2543/836/710
f 2748/804/679 2954/805/680 2955/838/712 2749/837/711
f 2954/805/680 3160/806/681 3161/839/713 2955/838/712
f 3160/806/681 3366/807/682 3367/840/714 3161/839/713
f 3366/807/682 3572/808/683 3573/841/715 3367/840/714
f 3572/808/683 3778/809/684 3779/842/716 3573/841/715
f 3778/809/684 3984/810/685 3985/843/717 3779/842/716
f 3984/810/685 4190/811/686 4191/844/718 3985/843/717
f 4190/811/686 4396/812/687 4397/845/719 4191/844/718
f 4396/812/687 4602/813/688 4603/846/720 4397/845/719
f 4602/813/688 4808/814/689 4809/847/721 4603/846/720
f 4808/814/689 5013/815/690 5014/848/722 4809/847/721
f 5013/815/690 5216/816/691 5217/849/723 5014/848/722
f 5216/816/691 5420/817/692 5421/850/724 5217/849/723
f 5420/817/692 5624/818/693 5625/851/725 5421/850/724
f 5624/818/693 5829/819/694 5830/852/726 5625/851/725
f 5829/819/694 6033/820/695 6034/853/727 5830/852/726
f 6033/820/695 6238/821/696 6239/854/728 6034/853/727
f 6238/821/696 6443/822/697 6444/855/729 6239/854/728
f 6443/822/697 85/823/667 86/856/699 6444/855/729
f 86/825/699 291/824/698 292/857/730 87/858/731
f 291/824/698 496/826/700 497/859/732 292/857/730
f 496/826/700 701/827/701 702/860/733 497/859/732
f 701/827/701 906/828/702 907/861/734 702/860/733
f 906/828/702 1110/829/703 1111/862/735 907/861/734
f 1110/829/703 1315/830/704 1316/863/736 1111/862/735
f 1315/830/704 1519/831/705 1520/864/737 1316/863/736
f 1519/831/705 1723/832/706 1724/865/738 1520/864/737
f 1723/832/706 1926/833/707 1927/866/739 1724/865/738
f 1926/833/707 2131/834/708 2132/867/740 1927/866/739
f 2131/834/708 2337/835/709 2338/868/741 2132/867/740
f 2337/835/709 2543/836/710 2544/869/742 2338/868/741
f 2543/836/710 2749/837/711 2750/870/743 2544/869/742
f 2749/837/711 2955/838/712 2956/871/744 2750/870/743
f 2955/838/712 3161/839/713 3162/872/745 2956/871/744
f 3161/839/713 3367/840/714 3368/873/746 3162/872/745
f 3367/840/714 3573/841/715 3574/874/747 3368/873/746
f 3573/841/715 3779/842/716 3780/875/748 3574/874/747
f 3779/842/716 3985/843/717 3986/876/749 3780/875/748
f 3985/843/717 4191/844/718 4192/877/750 3986/876/749
f 4191/844/718 4397/845/719 4398/878/751 4192/877/750
f 4397/845/719 4603/846/720 4604/879/752 4398/878/751
f 4603/846/720 4809/847/721 4810/880/753 4604/879/752
f 4809/847/721 5014/848/722 5015/881/754 4810/880/753
f 5014/848/722 5217/849/723 5218/882/755 5015/881/754
f 5217/849/723 5421/850/724 5422/883/756 5218/882/755
f 5421/850/724 5625/851/725 5626/884/757 5422/883/756
f 5625/851/725 5830/852/726 5831/885/758 5626/884/757
f 5830/852/726 6034/853/727 6035/886/759 5831/885/758
f 6034/853/727 6239/854/728 6240/887/760 6035/886/759
f 6239/854/728 6444/855/729 6445/888/761 6240/887/760
f 6444/855/729 86/856/699 87/889/731 6445/888/761
f 87/858/731 292/857/730 293/890/762 88/891/763
f 292/857/730 497/859/732 498/892/764 293/890/762
f 497/859/732 702/860/733 703/893/765 498/892/764
f 702/860/733 907/861/734 908/894/766 703/893/765
f 907/861/734 1111/862/735 1112/895/767 908/894/766
f 1111/862/735 1316/863/736 1317/896/768 1112/895/767
f 1316/863/736 1520/864/737 1521/897/769 1317/896/768
f 1520/864/737 1724/865/738 1725/898/770 1521/897/769
f 1724/865/738 1927/866/739 1928/899/771 1725/898/770
f 1927/866/739 2132/867/740 2133/900/772 1928/899/771
f 2132/867/740 2338/868/741 2339/901/773 2133/900/772
f 2338/868/741 2544/869/742 2545/902/774 2339/901/773
f 2544/869/742 2750/870/743 2751/903/775 2545/902/774
f 2750/870/743 2956/871/744 2957/904/776 2751/903/775
f 2956/871/744 3162/872/745 3163/905/777 2957/904/776
f 3162/872/745 3368/873/746 3369/906/778 3163/905/777
f 3368/873/746 3574/874/747 3575/907/779 3369/906/778
f 3574/874/747 3780/875/748 3781/908/780 3575/907/779
f 3780/875/748 3986/876/749 3987/909/781 3781/908/780
f 3986/876/749 4192/877/750 4193/910/782 3987/909/781
f 4192/877/750 4398/878/751 4399/911/783 4193/910/782
f 4398/878/751 4604/879/752 4605/912/784 4399/911/783
f 4604/879/752 4810/880/753 4811/913/785 4605/912/784
f 4810/880/753 5015/881/754 5016/914/786 4811/913/785
f 5015/881/754 5218/882/755 5219/915/787 5016/914/786
f 5218/882/755 5422/883/756 5423/916/788 5219/915/787
f 5422/883/756 5626/884/757 5627/917/789 5423/916/788
f 5626/884/757 5831/885/758 5832/918/790 5627/917/789
f 5831/885/758 6035/886/759 6036/919/791 5832/918/790
f 6035/886/759 6240/887/760 6241/920/792 6036/919/791
f 6240/887/760 6445/888/761 6446/921/793 6241/920/792
f 6445/888/761 87/889/731 88/922/763 6446/921/793
f 88/891/763 293/890/762 294/923/794 89/924/795
f 293/890/762 498/892/764 499/925/796 294/923/794
f 498/892/764 703/893/765 704/926/797 499/925/796
f 703/893/765 908/894/766 909/927/798 704/926/797
f 908/894/766 1112/895/767 1113/928/799 909/927/798
f 1112/895/767 1317/896/768 1318/929/800 1113/928/799
f 1317/896/768 1521/897/769 1522/930/801 1318/929/800
f 1521/897/769 1725/898/770 1726/931/802 1522/930/801
f 1725/898/770 1928/899/771 1929/932/803 1726/931/802
f 1928/899/771 2133/900/772 2134/933/804 1929/932/803
f 2133/900/772 2339/901/773 2340/934/805 2134/933/804
f 2339/901/773 2545/902/774 2546/935/806 2340/934/805
f 2545/902/774 2751/903/775 2752/936/807 2546/935/806
f 2751/903/775 2957/904/776 2958/937/808 2752/936/807
f 2957/904/776 3163/905/777 3164/938/809 2958/937/808
f 3163/905/777 3369/906/778 3370/939/810 3164/938/809
f 3369/906/778 3575/907/779 3576/940/811 3370/939/810
f 3575/907/779 3781/908/780 3782/941/812 3576/940/811
f 3781/908/780 3987/909/781 3988/942/813 3782/941/812
f 3987/909/781 4193/910/782 4194/943/814 3988/942/813
f 4193/910/782 4399/911/783 4400/944/815 4194/943/814
f 4399/911/783 4605/912/784 4606/945/816 4400/944/815
f 4605/912/784 4811/913/785 4812/946/817 4606/945/816
f 4811/913/785 5016/914/786 5017/947/818 4812/946/817
f 5016/914/786 5219/915/787 5220/948/819 5017/947/818
f 5219/915/787 5423/916/788 5424/949/820 5220/948/819
f 5423/916/788 5627/917/789 5628/950/821 5424/949/820
f 5627/917/789 5832/918/790 5833/951/822 5628/950/821
f 5832/918/790 6036/919/791 6037/952/823 5833/951/822
f 6036/919/791 6241/920/792 6242/953/824 6037/952/823
f 6241/920/792 6446/921/793 6447/954/825 6242/953/824
f 6446/921/793 88/922/763 89/955/795 6447/954/825
f 89/924/795 294/923/794 295/956/24 90/957/25
f 294/923/794 499/925/796 500/958/23 295/956/24
f 499/925/796 704/926/797 705/959/22 500/958/23
f 704/926/797 909/927/798 910/960/21 705/959/22
f 909/927/798 1113/928/799 1114/961/20 910/960/21
f 1113/928/799 1318/929/800 1319/962/19 1114/961/20
f 1318/929/800 1522/930/801 1523/963/18 1319/962/19
f 1522/930/801 1726/931/802 1727/964/17 1523/963/18
f 1726/931/802 1929/932/803 1930/965/16 1727/964/17
f 1929/932/803 2134/933/804 2135/966/15 1930/965/16
f 2134/933/804 2340/934/805 2341/967/14 2135/966/15
f 2340/934/805 2546/935/806 2547/968/13 2341/967/14
f 2546/935/806 2752/936/807 2753/969/12 2547/968/13
f 2752/936/807 2958/937/808 2959/970/11 2753/969/12
f 2958/937/808 3164/938/809 3165/971/10 2959/970/11
f 3164/938/809 3370/939/810 3371/972/9 3165/971/10
f 3370/939/810 3576/940/811 3577/973/8 3371/972/9
f 3576/940/811 3782/941/812 3783/974/7 3577/973/8
f 3782/941/812 3988/942/813 3989/975/6 3783/974/7
f 3988/942/813 4194/943/814 4195/976/5 3989/975/6
f 4194/943/814 4400/944/815 4401/977/4 4195/976/5
f 4400/944/815 4606/945/816 4607/978/3 4401/977/4
f 4606/945/816 4812/946/817 4813/979/2 4607/978/3
f 4812/946/817 5017/947/818 5018/980/1 4813/979/2
f 5017/947/818 5220/948/819 5221/981/33 5018/980/1
f 5220/948/819 5424/949/820 5425/982/31 5221/981/33
f 5424/949/820 5628/950/821 5629/983/30 5425/982/31
f 5628/950/821 5833/951/822 5834/984/29 5629/983/30
f 5833/951/822 6037/952/823 6038/985/28 5834/984/29
f 6037/952/823 6242/953/824 6243/986/27 6038/985/28
f 6242/953/824 6447/954/825 6448/987/26 6243/986/27
f 6447/954/825 89/955/795 90/988/25 6448/987/26
f 90/957/25 295/956/24 296/989/24 91/990/25
f 295/956/24 500/958/23 501/991/23 296/989/24
f 500/958/23 705/959/22 706/992/22 501/991/23
f 705/959/22 910/960/21 911/993/21 706/992/22
f 910/960/21 1114/961/20 1115/994/20 911/993/21
f 1114/961/20 1319/962/19 1320/995/19 1115/994/20
f 1319/962/19 1523/963/18 1524/996/18 1320/995/19
f 1523/963/18 1727/964/17 1728/997/17 1524/996/18
f 1727/964/17 1930/965/16 1931/998/16 1728/997/17
f 1930/965/16 2135/966/15 2136/999/15 1931/998/16
f 2135/966/15 2341/967/14 2342/1000/14 2136/999/15
f 2341/967/14 2547/968/13 2548/1001/13 2342/1000/14
f 2547/968/13 2753/969/12 2754/1002/12 2548/1001/13
f 2753/969/12 2959/970/11 2960/1003/11 2754/1002/12
f 2959/970/11 3165/971/10 3166/1004/10 2960/1003/11
f 3165/971/10 3371/972/9 3372/1005/9 3166/1004/10
f 3371/972/9 3577/973/8 3578/1006/8 3372/1005/9
f 3577/973/8 3783/974/7 3784/1007/7 3578/1006/8
f 3783/974/7 3989/975/6 3990/1008/6 3784/1007/7
f 3989/975/6 4195/976/5 4196/1009/5 3990/1008/6
f 4195/976/5 4401/977/4 4402/1010/4 4196/1009/5
f 4401/977/4 4607/978/3 4608/1011/3 4402/1010/4
f 4607/978/3 4813/979/2 4814/1012/2 4608/1011/3
f 4813/979/2 5018/980/1 5019/1013/1 4814/1012/2
f 5018/980/1 5221/981/33 5222/1014/33 5019/1013/1
f 5221/981/33 5425/982/31 5426/1015/31 5222/1014/33
f 5425/982/31 5629/983/30 5630/1016/30 5426/1015/31
f 5629/983/30 5834/984/29 5835/1017/29 5630/1016/30
f 5834/984/29 6038/985/28 6039/1018/28 5835/1017/29
f 6038/985/28 6243/986/27 6244/1019/27 6039/1018/28
f 6243/986/27 6448/987/26 6449/1020/26 6244/1019/27
f 6448/987/26 90/988/25 91/1021/25 6449/1020/26
f 91/990/25 296/989/24 297/1022/24 92/1023/25
f 296/989/24 501/991/23 502/1024/23 297/1022/24
f 501/991/23 706/992/22 707/1025/22 502/1024/23
f 706/992/22 911/993/21 912/1026/21 707/1025/22
f 911/993/21 1115/994/20 1116/1027/20 912/1026/21
f 1115/994/20 1320/995/19 1321/1028/19 1116/1027/20
f 1320/995/19 1524/996/18 1525/1029/18 1321/1028/19
f 1524/996/18 1728/997/17 1729/1030/17 1525/1029/18
f 1728/997/17 1931/998/16 1932/1031/16 1729/1030/17
f 1931/998/16 2136/999/15 2137/1032/15 1932/1031/16
f 2136/999/15 2342/1000/14 2343/1033/14 2137/1032/15
f 2342/1000/14 2548/1001/13 2549/1034/13 2343/1033/14
f 2548/1001/13 2754/1002/12 2755/1035/12 2549/1034/13
f 2754/1002/12 2960/1003/11 2961/1036/11 2755/1035/12
f 2960/1003/11 3166/1004/10 3167/1037/10 2961/1036/11
f 3166/1004/10 3372/1005/9 3373/1038/9 3167/1037/10
f 3372/1005/9 3578/1006/8 3579/1039/8 3373/1038/9
f 3578/1006/8 3784/1007/7 3785/1040/7 3579/1039/8
f 3784/1007/7 3990/1008/6 3991/1041/6 3785/1040/7
f 3990/1008/6 4196/1009/5 4197/1042/5 3991/1041/6
f 4196/1009/5 4402/1010/4 4403/1043/4 4197/1042/5
f 4402/1010/4 4608/1011/3 4609/1044/3 4403/1043/4
f 4608/1011/3 4814/1012/2 4815/1045/2 4609/1044/3
f 4814/1012/2 5019/1013/1 5020/1046/1 4815/1045/2
f 5019/1013/1 5222/1014/33 5223/1047/33 5020/1046/1
f 5222/1014/33 5426/1015/31 5427/1048/31 5223/1047/33
f 5426/1015/31 5630/1016/30 5631/1049/30 5427/1048/31
f 5630/1016/30 5835/1017/29 5836/1050/29 5631/1049/30
f 5835/1017/29 6039/1018/28 6040/1051/28 5836/1050/29
f 6039/1018/28 6244/1019/27 6245/1052/27 6040/1051/28
f 6244/1019/27 6449/1020/26 6450/1053/26 6245/1052/27
f 6449/1020/26 91/1021/25 92/1054/25 6450/1053/26
f 92/1023/25 297/1022/24 298/1055/24 93/1056/25
f 297/1022/24 502/1024/23 503/1057/23 298/1055/24
f 502/1024/23 707/1025/22 708/1058/22 503/1057/23
f 707/1025/22 912/1026/21 913/1059/21 708/1058/22
f 912/1026/21 1116/1027/20 1117/1060/20 913/1059/21
f 1116/1027/20 1321/1028/19 1322/1061/19 1117/1060/20
f 1321/1028/19 1525/1029/18 1526/1062/18 1322/1061/19
f 1525/1029/18 1729/1030/17 1730/1063/17 1526/1062/18
f 1729/1030/17 1932/1031/16 1933/1064/16 1730/1063/17
f 1932/1031/16 2137/1032/15 2138/1065/15 1933/1064/16
f 2137/1032/15 2343/1033/14 2344/1066/14 2138/1065/15
f 2343/1033/14 2549/1034/13 2550/1067/13 2344/1066/14
f 2549/1034/13 2755/1035/12 2756/1068/12 2550/1067/13
f 2755/1035/12 2961/1036/11 2962/1069/11 2756/1068/12
f 2961/1036/11 3167/1037/10 3168/1070/10 2962/1069/11
f 3167/1037/10 3373/1038/9 3374/1071/9 3168/1070/10
f 3373/1038/9 3579/1039/8 3580/1072/8 3374/1071/9
f 3579/1039/8 3785/1040/7 3786/1073/7 3580/1072/8
f 3785/1040/7 3991/1041/6 3992/1074/6 3786/1073/7
f 3991/1041/6 4197/1042/5 4198/1075/5 3992/1074/6
f 4197/1042/5 4403/1043/4 4404/1076/4 4198/1075/5
f 4403/1043/4 4609/1044/3 4610/1077/3 4404/1076/4
f 4609/1044/3 4815/1045/2 4816/1078/2 4610/1077/3
f 4815/1045/2 5020/1046/1 5021/1079/1 4816/1078/2
f 5020/1046/1 5223/1047/33 5224/1080/33 5021/1079/1
f 5223/1047/33 5427/1048/31 5428/1081/31 5224/1080/33
f 5427/1048/31 5631/1049/30 5632/1082/30 5428/1081/31
f 5631/1049/30 5836/1050/29 5837/1083/29 5632/1082/30
f 5836/1050/29 6040/1051/28 6041/1084/28 5837/1083/29
f 6040/1051/28 6245/1052/27 6246/1085/27 6041/1084/28
f 6245/1052/27 6450/1053/26 6451/1086/26 6246/1085/27
f 6450/1053/26 92/1054/25 93/1087/25 6451/1086/26
f 93/1056/25 298/1055/24 299/1088/24 94/1089/25
f 298/1055/24 503/1057/23 504/1090/23 299/1088/24
f 503/1057/23 708/1058/22 709/1091/22 504/1090/23
f 708/1058/22 913/1059/21 914/1092/21 709/1091/22
f 913/1059/21 1117/1060/20 1118/1093/20 914/1092/21
f 1117/1060/20 1322/1061/19 1323/1094/19 1118/1093/20
f 1322/1061/19 1526/1062/18 1527/1095/18 1323/1094/19
f 1526/1062/18 1730/1063/17 1731/1096/17 1527/1095/18
f 1730/1063/17 1933/1064/16 1934/1097/16 1731/1096/17
f 1933/1064/16 2138/1065/15 2139/1098/15 1934/1097/16
f 2138/1065/15 2344/1066/14 2345/1099/14 2139/1098/15
f 2344/1066/14 2550/1067/13 2551/1100/13 2345/1099/14
f 2550/1067/13 2756/1068/12 2757/1101/12 2551/1100/13
f 2756/1068/12 2962/1069/11 2963/1102/11 2757/1101/12
f 2962/1069/11 3168/1070/10 3169/1103/10 2963/1102/11
f 3168/1070/10 3374/1071/9 3375/1104/9 3169/1103/10
f 3374/1071/9 3580/1072/8 3581/1105/8 3375/1104/9
f 3580/1072/8 3786/1073/7 3787/1106/7 3581/1105/8
f 3786/1073/7 3992/1074/6 3993/1107/6 3787/1106/7
f 3992/1074/6 4198/1075/5 4199/1108/5 3993/1107/6
f 4198/1075/5 4404/1076/4 4405/1109/4 4199/1108/5
f 4404/1076/4 4610/1077/3 4611/1110/3 4405/1109/4
f 4610/1077/3 4816/1078/2 4817/1111/2 4611/1110/3
f 4816/1078/2 5021/1079/1 5022/1112/1 4817/1111/2
f 5021/1079/1 5224/1080/33 5225/1113/33 5022/1112/1
f 5224/1080/33 5428/1081/31 5429/1114/31 5225/1113/33
f 5428/1081/31 5632/1082/30 5633/1115/30 5429/1114/31
f 5632/1082/30 5837/1083/29 5838/1116/29 5633/1115/30
f 5837/1083/29 6041/1084/28 6042/1117/28 5838/1116/29
f 6041/1084/28 6246/1085/27 6247/1118/27 6042/1117/28
f 6246/1085/27 6451/1086/26 6452/1119/26 6247/1118/27
f 6451/1086/26 93/1087/25 94/1120/25 6452/1119/26
f 94/1089/25 299/1088/24 300/1121/24 95/1122/25
f 299/1088/24 504/1090/23 505/1123/23 300/1121/24
f 504/1090/23 709/1091/22 710/1124/22 505/1123/23
f 709/1091/22 914/1092/21 915/1125/21 710/1124/22
f 914/1092/21 1118/1093/20 1119/1126/20 915/1125/21
f 1118/1093/20 1323/1094/19 1324/1127/19 1119/1126/20
f 1323/1094/19 1527/1095/18 1528/1128/18 1324/1127/19
f 1527/1095/18 1731/1096/17 1732/1129/17 1528/1128/18
f 1731/1096/17 1934/1097/16 1935/1130/16 1732/1129/17
f 1934/1097/16 2139/1098/15 2140/1131/15 1935/1130/16
f 2139/1098/15 2345/1099/14 2346/1132/14 2140/1131/15
f 2345/1099/14 2551/1100/13 2552/1133/13 2346/1132/14
f 2551/1100/13 2757/1101/12 2758/1134/12 2552/1133/13
f 2757/1101/12 2963/1102/11 2964/1135/11 2758/1134/12
f 2963/1102/11 3169/1103/10 3170/1136/10 2964/1135/11
f 3169/1103/10 3375/1104/9 3376/1137/9 3170/1136/10
f 3375/1104/9 3581/1105/8 3582/1138/8 3376/1137/9
f 3581/1105/8 3787/1106/7 3788/1139/7 3582/1138/8
f 3787/1106/7 3993/1107/6 3994/1140/6 3788/1139/7
f 3993/1107/6 4199/1108/5 4200/1141/5 3994/1140/6
f 4199/1108/5 4405/1109/4 4406/1142/4 4200/1141/5
f 4405/1109/4 4611/1110/3 4612/1143/3 4406/1142/4
f 4611/1110/3 4817/1111/2 4818/1144/2 4612/1143/3
f 4817/1111/2 5022/1112/1 5023/1145/1 4818/1144/2
f 5022/1112/1 5225/1113/33 5226/1146/33 5023/1145/1
f 5225/1113/33 5429/1114/31 5430/1147/31 5226/1146/33
f 5429/1114/31 5633/1115/30 5634/1148/30 5430/1147/31
f 5633/1115/30 5838/1116/29 5839/1149/29 5634/1148/30
f 5838/1116/29 6042/1117/28 6043/1150/28 5839/1149/29
f 6042/1117/28 6247/1118/27 6248/1151/27 6043/1150/28
f 6247/1118/27 6452/1119/26 6453/1152/26 6248/1151/27
f 6452/1119/26 94/1120/25 95/1153/25 6453/1152/26
f 95/1122/25 300/1121/24 301/1154/24 96/1155/25
f 300/1121/24 505/1123/23 506/1156/23 301/1154/24
f 505/1123/23 710/1124/22 711/1157/22 506/1156/23
f 710/1124/22 915/1125/21 916/1158/21 711/1157/22
f 915/1125/21 1119/1126/20 1120/1159/20 916/1158/21
f 1119/1126/20 1324/1127/19 1325/1160/19 1120/1159/20
f 1324/1127/19 1528/1128/18 1529/1161/18 1325/1160/19
f 1528/1128/18 1732/1129/17 1733/1162/17 1529/1161/18
f 1732/1129/17 1935/1130/16 1936/1163/16 1733/1162/17
f 1935/1130/16 2140/1131/15 2141/1164/15 1936/1163/16
f 2140/1131/15 2346/1132/14 2347/1165/14 2141/1164/15
f 2346/1132/14 2552/1133/13 2553/1166/13 2347/1165/14
f 2552/1133/13 2758/1134/12 2759/1167/12 2553/1166/13
f 2758/1134/12 2964/1135/11 2965/1168/11 2759/1167/12
f 2964/1135/11 3170/1136/10 3171/1169/10 2965/1168/11
f 3170/1136/10 3376/1137/9 3377/1170/9 3171/1169/10
f 3376/1137/9 3582/1138/8 3583/1171/8 3377/1170/9
f 3582/1138/8 3788/1139/7 3789/1172/7 3583/1171/8
f 3788/1139/7 3994/1140/6 3995/1173/6 3789/1172/7
f 3994/1140/6 4200/1141/5 4201/1174/5 3995/1173/6
f 4200/1141/5 4406/1142/4 4407/1175/4 4201/1174/5
f 4406/1142/4 4612/1143/3 4613/1176/3 4407/1175/4
f 4612/1143/3 4818/1144/2 4819/1177/2 4613/1176/3
f 4818/1144/2 5023/1145/1 5024/1178/1 4819/1177/2
f 5023/1145/1 5226/1146/33 5227/1179/33 5024/1178/1
f 5226/1146/33 5430/1147/31 5431/1180/31 5227/1179/33
f 5430/1147/31 5634/1148/30 5635/1181/30 5431/1180/31
f 5634/1148/30 5839/1149/29 5840/1182/29 5635/1181/30
f 5839/1149/29 6043/1150/28 6044/1183/28 5840/1182/29
f 6043/1150/28 6248/1151/27 6249/1184/27 6044/1183/28
f 6248/1151/27 6453/1152/26 6454/1185/26 6249/1184/27
f 6453/1152/26 95/1153/25 96/1186/25 6454/1185/26
f 96/1155/25 301/1154/24 302/1187/24 97/1188/25
f 301/1154/24 506/1156/23 507/1189/23 302/1187/24
f 506/1156/23 711/1157/22 712/1190/22 507/1189/23
f 711/1157/22 916/1158/21 917/1191/21 712/1190/22
f 916/1158/21 1120/1159/20 1121/1192/20 917/1191/21
f 1120/1159/20 1325/1160/19 1326/1193/19 1121/1192/20
f 1325/1160/19 1529/1161/18 1530/1194/18 1326/1193/19
f 1529/1161/18 1733/1162/17 1734/1195/17 1530/1194/18
f 1733/1162/17 1936/1163/16 1937/1196/16 1734/1195/17
f 1936/1163/16 2141/1164/15 2142/1197/15 1937/1196/16
f 2141/1164/15 2347/1165/14 2348/1198/14 2142/1197/15
f 2347/1165/14 2553/1166/13 2554/1199/13 2348/1198/14
f 2553/1166/13 2759/1167/12 2760/1200/12 2554/1199/13
f 2759/1167/12 2965/1168/11 2966/1201/11 2760/1200/12
f 2965/1168/11 3171/1169/10 3172/1202/10 2966/1201/11
f 3171/1169/10 3377/1170/9 3378/1203/9 3172/1202/10
f 3377/1170/9 3583/1171/8 3584/1204/8 3378/1203/9
f 3583/1171/8 3789/1172/7 3790/1205/7 3584/1204/8
f 3789/1172/7 3995/1173/6 3996/1206/6 3790/1205/7
f 3995/1173/6 4201/1174/5 4202/1207/5 3996/1206/6
f 4201/1174/5 4407/1175/4 4408/1208/4 4202/1207/5
f 4407/1175/4 4613/1176/3 4614/1209/3 4408/1208/4
f 4613/1176/3 4819/1177/2 4820/1210/2 4614/1209/3
f 4819/1177/2 5024/1178/1 5025/1211/1 4820/1210/2
f 5024/1178/1 5227/1179/33 5228/1212/33 5025/1211/1
f 5227/1179/33 5431/1180/31 5432/1213/31 5228/1212/33
f 5431/1180/31 5635/1181/30 5636/1214/30 5432/1213/31
f 5635/1181/30 5840/1182/29 5841/1215/29 5636/1214/30
f 5840/1182/29 6044/1183/28 6045/1216/28 5841/1215/29
f 6044/1183/28 6249/1184/27 6250/1217/27 6045/1216/28
f 6249/1184/27 6454/1185/26 6455/1218/26 6250/1217/27
f 6454/1185/26 96/1186/25 97/1219/25 6455/1218/26
f 97/1188/25 302/1187/24 303/1220/24 98/1221/25
f 302/1187/24 507/1189/23 508/1222/23 303/1220/24
f 507/1189/23 712/1190/22 713/1223/22 508/1222/23
f 712/1190/22 917/1191/21 918/1224/21 713/1223/22
f 917/1191/21 1121/1192/20 1122/1225/20 918/1224/21
f 1121/1192/20 1326/1193/19 1327/1226/19 1122/1225/20
f 1326/1193/19 1530/1194/18 1531/1227/18 1327/1226/19
f 1530/1194/18 1734/1195/17 1735/1228/17 1531/1227/18
f 1734/1195/17 1937/1196/16 1938/1229/16 1735/1228/17
f 1937/1196/16 2142/1197/15 2143/1230/15 1938/1229/16
f 2142/1197/15 2348/1198/14 2349/1231/14 2143/1230/15
f 2348/1198/14 2554/1199/13 2555/1232/13 2349/1231/14
f 2554/1199/13 2760/1200/12 2761/1233/12 2555/1232/13
f 2760/1200/12 2966/1201/11 2967/1234/11 2761/1233/12
f 2966/1201/11 3172/1202/10 3173/1235/10 2967/1234/11
f 3172/1202/10 3378/1203/9 3379/1236/9 3173/1235/10
f 3378/1203/9 3584/1204/8 3585/1237/8 3379/1236/9
f 3584/1204/8 3790/1205/7 3791/1238/7 3585/1237/8
f 3790/1205/7 3996/1206/6 3997/1239/6 3791/1238/7
f 3996/1206/6 4202/1207/5 4203/1240/5 3997/1239/6
f 4202/1207/5 4408/1208/4 4409/1241/4 4203/1240/5
f 4408/1208/4 4614/1209/3 4615/1242/3 4409/1241/4
f 4614/1209/3 4820/1210/2 4821/1243/2 4615/1242/3
f 4820/1210/2 5025/1211/1 5026/1244/1 4821/1243/2
f 5025/1211/1 5228/1212/33 5229/1245/33 5026/1244/1
f 5228/1212/33 5432/1213/31 5433/1246/31 5229/1245/33
f 5432/1213/31 5636/1214/30 5637/1247/30 5433/1246/31
f 5636/1214/30 5841/1215/29 5842/1248/29 5637/1247/30
f 5841/1215/29 6045/1216/28 6046/1249/28 5842/1248/29
f 6045/1216/28 6250/1217/27 6251/1250/27 6046/1249/28
f 6250/1217/27 6455/1218/26 6456/1251/26 6251/1250/27
f 6455/1218/26 97/1219/25 98/1252/25 6456/1251/26
f 98/1221/25 303/1220/24 304/1253/24 99/1254/25
f 303/1220/24 508/1222/23 509/1255/23 304/1253/24
f 508/1222/23 713/1223/22 714/1256/22 509/1255/23
f 713/1223/22 918/1224/21 919/1257/21 714/1256/22
f 918/1224/21 1122/1225/20 1123/1258/20 919/1257/21
f 1122/1225/20 1327/1226/19 1328/1259/19 1123/1258/20
f 1327/1226/19 1531/1227/18 1532/1260/18 1328/1259/19
f 1531/1227/18 1735/1228/17 1736/1261/17 1532/1260/18
f 1735/1228/17 1938/1229/16 1939/1262/16 1736/1261/17
f 1938/1229/16 2143/1230/15 2144/1263/15 1939/1262/16
f 2143/1230/15 2349/1231/14 2350/1264/14 2144/1263/15
f 2349/1231/14 2555/1232/13 2556/1265/13 2350/1264/14
f 2555/1232/13 2761/1233/12 2762/1266/12 2556/1265/13
f 2761/1233/12 2967/1234/11 2968/1267/11 2762/1266/12
f 2967/1234/11 3173/1235/10 3174/1268/10 2968/1267/11
f 3173/1235/10 3379/1236/9 3380/1269/9 3174/1268/10
f 3379/1236/9 3585/1237/8 3586/1270/8 3380/1269/9
f 3585/1237/8 3791/1238/7 3792/1271/7 3586/1270/8
f 3791/1238/7 3997/1239/6 3998/1272/6 3792/1271/7
f 3997/1239/6 4203/1240/5 4204/1273/5 3998/1272/6
f 4203/1240/5 4409/1241/4 4410/1274/4 4204/1273/5
f 4409/1241/4 4615/1242/3 4616/1275/3 4410/1274/4
f 4615/1242/3 4821/1243/2 4822/1276/2 4616/1275/3
f 4821/1243/2 5026/1244/1 5027/1277/1 4822/1276/2
f 5026/1244/1 5229/1245/33 5230/1278/33 5027/1277/1
f 5229/1245/33 5433/1246/31 5434/1279/31 5230/1278/33
f 5433/1246/31 5637/1247/30 5638/1280/30 5434/1279/31
f 5637/1247/30 5842/1248/29 5843/1281/29 5638/1280/30
f 5842/1248/29 6046/1249/28 6047/1282/28 5843/1281/29
f 6046/1249/28 6251/1250/27 6252/1283/27 6047/1282/28
f 6251/1250/27 6456/1251/26 6457/1284/26 6252/1283/27
f 6456/1251/26 98/1252/25 99/1285/25 6457/1284/26
f 99/1254/25 304/1253/24 305/1286/24 100/1287/25
f 304/1253/24 509/1255/23 510/1288/23 305/1286/24
f 509/1255/23 714/1256/22 715/1289/22 510/1288/23
f 714/1256/22 919/1257/21 920/1290/21 715/1289/22
f 919/1257/21 1123/1258/20 1124/1291/20 920/1290/21
f 1123/1258/20 1328/1259/19 1329/1292/19 1124/1291/20
f 1328/1259/19 1532/1260/18 1533/1293/18 1329/1292/19
f 1532/1260/18 1736/1261/17 1737/1294/17 1533/1293/18
f 1736/1261/17 1939/1262/16 1940/1295/16 1737/1294/17
f 1939/1262/16 2144/1263/15 2145/1296/15 1940/1295/16
f 2144/1263/15 2350/1264/14 2351/1297/14 2145/1296/15
f 2350/1264/14 2556/1265/13 2557/1298/13 2351/1297/14
f 2556/1265/13 2762/1266/12 2763/1299/12 2557/1298/13
f 2762/1266/12 2968/1267/11 2969/1300/11 2763/1299/12
f 2968/1267/11 3174/1268/10 3175/1301/10 2969/1300/11
f 3174/1268/10 3380/1269/9 3381/1302/9 3175/1301/10
f 3380/1269/9 3586/1270/8 3587/1303/8 3381/1302/9
f 3586/1270/8 3792/1271/7 3793/1304/7 3587/1303/8
f 3792/1271/7 3998/1272/6 3999/1305/6 3793/1304/7
f 3998/1272/6 4204/1273/5 4205/1306/5 3999/1305/6
f 4204/1273/5 4410/1274/4 4411/1307/4 4205/1306/5
f 4410/1274/4 4616/1275/3 4617/1308/3 4411/1307/4
f 4616/1275/3 4822/1276/2 4823/1309/2 4617/1308/3
f 4822/1276/2 5027/1277/1 5028/1310/1 4823/1309/2
f 5027/1277/1 5230/1278/33 5231/1311/33 5028/1310/1
f 5230/1278/33 5434/1279/31 5435/1312/31 5231/1311/33
f 5434/1279/31 5638/1280/30 5639/1313/30 5435/1312/31
f 5638/1280/30 5843/1281/29 5844/1314/29 5639/1313/30
f 5843/1281/29 6047/1282/28 6048/1315/28 5844/1314/29
f 6047/1282/28 6252/1283/27 6253/1316/27 6048/1315/28
f 6252/1283/27 6457/1284/26 6458/1317/26 6253/1316/27
f 6457/1284/26 99/1285/25 100/1318/25 6458/1317/26
f 100/1287/25 305/1286/24 306/1319/826 101/1320/827
f 305/1286/24 510/1288/23 511/1321/828 306/1319/826
f 510/1288/23 715/1289/22 716/1322/829 511/1321/828
f 715/1289/22 920/1290/21 921/1323/830 716/1322/829
f 920/1290/21 1124/1291/20 1125/1324/831 921/1323/830
f 1124/1291/20 1329/1292/19 1330/1325/832 1125/1324/831
f 1329/1292/19 1533/1293/18 1534/1326/833 1330/1325/832
f 1533/1293/18 1737/1294/17 1738/1327/834 1534/1326/833
f 1737/1294/17 1940/1295/16 1941/1328/835 1738/1327/834
f 1940/1295/16 2145/1296/15 2146/1329/836 1941/1328/835
f 2145/1296/15 2351/1297/14 2352/1330/837 2146/1329/836
f 2351/1297/14 2557/1298/13 2558/1331/838 2352/1330/837
f 2557/1298/13 2763/1299/12 2764/1332/839 2558/1331/838
f 2763/1299/12 2969/1300/11 2970/1333/840 2764/1332/839
f 2969/1300/11 3175/1301/10 3176/1334/841 2970/1333/840
f 3175/1301/10 3381/1302/9 3382/1335/842 3176/1334/841
f 3381/1302/9 3587/1303/8 3588/1336/843 3382/1335/842
f 3587/1303/8 3793/1304/7 3794/1337/844 3588/1336/843
f 3793/1304/7 3999/1305/6 4000/1338/845 3794/1337/844
f 3999/1305/6 4205/1306/5 4206/1339/846 4000/1338/845
f 4205/1306/5 4411/1307/4 4412/1340/847 4206/1339/846
f 4411/1307/4 4617/1308/3 4618/1341/848 4412/1340/847
f 4617/1308/3 4823/1309/2 4824/1342/849 4618/1341/848
f 4823/1309/2 5028/1310/1 5029/1343/850 4824/1342/849
f 5028/1310/1 5231/1311/33 5232/1344/851 5029/1343/850
f 5231/1311/33 5435/1312/31 5436/1345/852 5232/1344/851
f 5435/1312/31 5639/1313/30 5640/1346/853 5436/1345/852
f 5639/1313/30 5844/1314/29 5845/1347/854 5640/1346/853
f 5844/1314/29 6048/1315/28 6049/1348/855 5845/1347/854
f 6048/1315/28 6253/1316/27 6254/1349/856 6049/1348/855
f 6253/1316/27 6458/1317/26 6459/1350/857 6254/1349/856
f 6458/1317/26 100/1318/25 101/1351/827 6459/1350/857
f 101/1320/827 306/1319/826 307/1352/858 102/1353/859
f 306/1319/826 511/1321/828 512/1354/860 307/1352/858
f 511/1321/828 716/1322/829 717/1355/861 512/1354/860
f 716/1322/829 921/1323/830 922/1356/862 717/1355/861
f 921/1323/830 1125/1324/831 1126/1357/863 922/1356/862
f 1125/1324/831 1330/1325/832 1331/1358/864 1126/1357/863
f 1330/1325/832 1534/1326/833 1535/1359/865 1331/1358/864
f 1534/1326/833 1738/1327/834 1739/1360/866 1535/1359/865
f 1738/1327/834 1941/1328/835 1942/1361/867 1739/1360/866
f 1941/1328/835 2146/1329/836 2147/1362/868 1942/1361/867
f 2146/1329/836 2352/1330/837 2353/1363/869 2147/1362/868
f 2352/1330/837 2558/1331/838 2559/1364/870 2353/1363/869
f 2558/1331/838 2764/1332/839 2765/1365/871 2559/1364/870
f 2764/1332/839 2970/1333/840 2971/1366/872 2765/1365/871
f 2970/1333/840 3176/1334/841 3177/1367/873 2971/1366/872
f 3176/1334/841 3382/1335/842 3383/1368/874 3177/1367/873
f 3382/1335/842 3588/1336/843 3589/1369/875 3383/1368/874
f 3588/1336/843 3794/1337/844 3795/1370/876 3589/1369/875
f 3794/1337/844 4000/1338/845 4001/1371/877 3795/1370/876
f 4000/1338/845 4206/1339/846 4207/1372/878 4001/1371/877
f 4206/1339/846 4412/1340/847 4413/1373/879 4207/1372/878
f 4412/1340/847 4618/1341/848 4619/1374/880 4413/1373/879
f 4618/1341/848 4824/1342/849 4825/1375/881 4619/1374/880
f 4824/1342/849 5029/1343/850 5030/1376/882 4825/1375/881
f 5029/1343/850 5232/1344/851 5233/1377/883 5030/1376/882
f 5232/1344/851 5436/1345/852 5437/1378/884 5233/1377/883
f 5436/1345/852 5640/1346/853 5641/1379/885 5437/1378/884
f 5640/1346/853 5845/1347/854 5846/1380/886 5641/1379/885
f 5845/1347/854 6049/1348/855 6050/1381/887 5846/1380/886
f 6049/1348/855 6254/1349/856 6255/1382/888 6050/1381/887
f 6254/1349/856 6459/1350/857 6460/1383/889 6255/1382/888
f 6459/1350/857 101/1351/827 102/1384/859 6460/1383/889
f 102/1353/859 307/1352/858 308/1385/890 103/1386/891
f 307/1352/858 512/1354/860 513/1387/892 308/1385/890
f 512/1354/860 717/1355/861 718/1388/893 513/1387/892
f 717/1355/861 922/1356/862 923/1389/894 718/1388/893
f 922/1356/862 1126/1357/863 1127/1390/895 923/1389/894
f 1126/1357/863 1331/1358/864 1332/1391/896 1127/1390/895
f 1331/1358/864 1535/1359/865 1536/1392/897 1332/1391/896
f 1535/1359/865 1739/1360/866 1740/1393/898 1536/1392/897
f 1739/1360/866 1942/1361/867 1943/1394/899 1740/1393/898
f 1942/1361/867 2147/1362/868 2148/1395/900 1943/1394/899
f 2147/1362/868 2353/1363/869 2354/1396/901 2148/1395/900
f 2353/1363/869 2559/1364/870 2560/1397/902 2354/1396/901
f 2559/1364/870 2765/1365/871 2766/1398/903 2560/1397/902
f 2765/1365/871 2971/1366/872 2972/1399/904 2766/1398/903
f 2971/1366/872 3177/1367/873 3178/1400/905 2972/1399/904
f 3177/1367/873 3383/1368/874 3384/1401/906 3178/1400/905
f 3383/1368/874 3589/1369/875 3590/1402/907 3384/1401/906
f 3589/1369/875 3795/1370/876 3796/1403/908 3590/1402/907
f 3795/1370/876 4001/1371/877 4002/1404/909 3796/1403/908
f 4001/1371/877 4207/1372/878 4208/1405/910 4002/1404/909
f 4207/1372/878 4413/1373/879 4414/1406/911 4208/1405/910
f 4413/1373/879 4619/1374/880 4620/1407/912 4414/1406/911
f 4619/1374/880 4825/1375/881 4826/1408/913 4620/1407/912
f 4825/1375/881 5030/1376/882 5031/1409/914 4826/1408/913
f 5030/1376/882 5233/1377/883 5234/1410/915 5031/1409/914
f 5233/1377/883 5437/1378/884 5438/1411/916 5234/1410/915
f 5437/1378/884 5641/1379/885 5642/1412/917 5438/1411/916
f 5641/1379/885 5846/1380/886 5847/1413/918 5642/1412/917
f 5846/1380/886 6050/1381/887 6051/1414/919 5847/1413/918
f 6050/1381/887 6255/1382/888 6256/1415/920 6051/1414/919
f 6255/1382/888 6460/1383/889 6461/1416/921 6256/1415/920
f 6460/1383/889 102/1384/859 103/1417/891 6461/1416/921
f 103/1386/891 308/1385/890 309/1418/922 104/1419/923
f 308/1385/890 513/1387/892 514/1420/924 309/1418/922
f 513/1387/892 718/1388/893 719/1421/925 514/1420/924
f 718/1388/893 923/1389/894 924/1422/926 719/1421/925
f 923/1389/894 1127/1390/895 1128/1423/927 924/1422/926
f 1127/1390/895 1332/1391/896 1333/1424/928 1128/1423/927
f 1332/1391/896 1536/1392/897 1537/1425/929 1333/1424/928
f 1536/1392/897 1740/1393/898 1741/1426/930 1537/1425/929
f 1740/1393/898 1943/1394/899 1944/1427/931 1741/1426/930
f 1943/1394/899 2148/1395/900 2149/1428/932 1944/1427/931
f 2148/1395/900 2354/1396/901 2355/1429/933 2149/1428/932
f 2354/1396/901 2560/1397/902 2561/1430/934 2355/1429/933
f 2560/1397/902 2766/1398/903 2767/1431/935 2561/1430/934
f 2766/1398/903 2972/1399/904 2973/1432/936 2767/1431/935
f 2972/1399/904 3178/1400/905 3179/1433/937 2973/1432/936
f 3178/1400/905 3384/1401/906 3385/1434/938 3179/1433/937
f 3384/1401/906 3590/1402/907 3591/1435/939 3385/1434/938
f 3590/1402/907 3796/1403/908 3797/1436/940 3591/1435/939
f 3796/1403/908 4002/1404/909 4003/1437/941 3797/1436/940
f 4002/1404/909 4208/1405/910 4209/1438/942 4003/1437/941
f 4208/1405/910 4414/1406/911 4415/1439/943 4209/1438/942
f 4414/1406/911 4620/1407/912 4621/1440/944 4415/1439/943
f 4620/1407/912 4826/1408/913 4827/1441/945 4621/1440/944
f 4826/1408/913 5031/1409/914 5032/1442/946 4827/1441/945
f 5031/1409/914 5234/1410/915 5235/1443/947 5032/1442/946
f 5234/1410/915 5438/1411/916 5439/1444/948 5235/1443/947
f 5438/1411/916 5642/1412/917 5643/1445/949 5439/1444/948
f 5642/1412/917 5847/1413/918 5848/1446/950 5643/1445/949
f 5847/1413/918 6051/1414/919 6052/1447/951 5848/1446/950
f 6051/1414/919 6256/1415/920 6257/1448/952 6052/1447/951
f 6256/1415/920 6461/1416/921 6462/1449/953 6257/1448/952
f 6461/1416/921 103/1417/891 104/1450/923 6462/1449/953
f 104/1419/923 309/1418/922 310/1451/954 105/1452/955
f 309/1418/922 514/1420/924 515/1453/956 310/1451/954
f 514/1420/924 719/1421/925 720/1454/957 515/1453/956
f 719/1421/925 924/1422/926 925/1455/958 720/1454/957
f 924/1422/926 1128/1423/927 1129/1456/959 925/1455/958
f 1128/1423/927 1333/1424/928 1334/1457/960 1129/1456/959
f 1333/1424/928 1537/1425/929 1538/1458/961 1334/1457/960
f 1537/1425/929 1741/1426/930 1742/1459/962 1538/1458/961
f 1741/1426/930 1944/1427/931 1945/1460/963 1742/1459/962
f 1944/1427/931 2149/1428/932 2150/1461/964 1945/1460/963
f 2149/1428/932 2355/1429/933 2356/1462/965 2150/1461/964
f 2355/1429/933 2561/1430/934 2562/1463/966 2356/1462/965
f 2561/1430/934 2767/1431/935 2768/1464/967 2562/1463/966
f 2767/1431/935 2973/1432/936 2974/1465/968 2768/1464/967
f 2973/1432/936 3179/1433/937 3180/1466/969 2974/1465/968
f 3179/1433/937 3385/1434/938 3386/1467/970 3180/1466/969
f 3385/1434/938 3591/1435/939 3592/1468/971 3386/1467/970
f 3591/1435/939 3797/1436/940 3798/1469/972 3592/1468/971
f 3797/1436/940 4003/1437/941 4004/1470/973 3798/1469/972
f 4003/1437/941 4209/1438/942 4210/1471/974 4004/1470/973
f 4209/1438/942 4415/1439/943 4416/1472/975 4210/1471/974
f 4415/1439/943 4621/1440/944 4622/1473/976 4416/1472/975
f 4621/1440/944 4827/1441/945 4828/1474/977 4622/1473/976
f 4827/1441/945 5032/1442/946 5033/1475/978 4828/1474/977
f 5032/1442/946 5235/1443/947 5236/1476/979 5033/1475/978
f 5235/1443/947 5439/1444/948 5440/1477/980 5236/1476/979
f 5439/1444/948 5643/1445/949 5644/1478/981 5440/1477/980
f 5643/1445/949 5848/1446/950 5849/1479/982 5644/1478/981
f 5848/1446/950 6052/1447/951 6053/1480/983 5849/1479/982
f 6052/1447/951 6257/1448/952 6258/1481/984 6053/1480/983
f 6257/1448/952 6462/1449/953 6463/1482/985 6258/1481/984
f 6462/1449/953 104/1450/923 105/1483/955 6463/1482/985
f 105/1452/955 310/1451/954 311/1484/986 106/1485/987
f 310/1451/954 515/1453/956 516/1486/988 311/1484/986
f 515/1453/956 720/1454/957 721/1487/989 516/1486/988
f 720/1454/957 925/1455/958 926/1488/990 721/1487/989
f 925/1455/958 1129/1456/959 1130/1489/991 926/1488/990
f 1129/1456/959 1334/1457/960 1335/1490/992 1130/1489/991
f 1334/1457/960 1538/1458/961 1539/1491/993 1335/1490/992
f 1538/1458/961 1742/1459/962 1743/1492/994 1539/1491/993
f 1742/1459/962 1945/1460/963 1946/1493/995 1743/1492/994
f 1945/1460/963 2150/1461/964 2151/1494/996 1946/1493/995
f 2150/1461/964 2356/1462/965 2357/1495/997 2151/1494/996
f 2356/1462/965 2562/1463/966 2563/1496/998 2357/1495/997
f 2562/1463/966 2768/1464/967 2769/1497/999 2563/1496/998
f 2768/1464/967 2974/1465/968 2975/1498/1000 2769/1497/999
f 2974/1465/968 3180/1466/969 3181/1499/1001 2975/1498/1000
f 3180/1466/969 3386/1467/970 3387/1500/1002 3181/1499/1001
f 3386/1467/970 3592/1468/971 3593/1501/1003 3387/1500/1002
f 3592/1468/971 3798/1469/972 3799/1502/1004 3593/1501/1003
f 3798/1469/972 4004/1470/973 4005/1503/1005 3799/1502/1004
f 4004/1470/973 4210/1471/974 4211/1504/1006 4005/1503/1005
f 4210/1471/974 4416/1472/975 4417/1505/1007 4211/1504/1006
f 4416/1472/975 4622/1473/976 4623/1506/1008 4417/1505/1007
f 4622/1473/976 4828/1474/977 4829/1507/1009 4623/1506/1008
f 4828/1474/977 5033/1475/978 5034/1508/1010 4829/1507/1009
f 5033/1475/978 5236/1476/979 5237/1509/1011 5034/1508/1010
f 5236/1476/979 5440/1477/980 5441/1510/1012 5237/1509/1011
f 5440/1477/980 5644/1478/981 5645/1511/1013 5441/1510/1012
f 5644/1478/981 5849/1479/982 5850/1512/1014 5645/1511/1013
f 5849/1479/982 6053/1480/983 6054/1513/1015 5850/1512/1014
f 6053/1480/983 6258/1481/984 6259/1514/1016 6054/1513/1015
f 6258/1481/984 6463/1482/985 6464/1515/1017 6259/1514/1016
f 6463/1482/985 105/1483/955 106/1516/987 6464/1515/1017
f 106/1485/987 311/1484/986 312/1517/1018 107/1518/1019
f 311/1484/986 516/1486/988 517/1519/1020 312/1517/1018
f 516/1486/988 721/1487/989 722/1520/1021 517/1519/1020
f 721/1487/989 926/1488/990 927/1521/1022 722/1520/1021
f 926/1488/990 1130/1489/991 1131/1522/1023 927/1521/1022
f 1130/1489/991 1335/1490/992 1336/1523/1024 1131/1522/1023
f 1335/1490/992 1539/1491/993 1540/1524/1025 1336/1523/1024
f 1539/1491/993 1743/1492/994 1744/1525/1026 1540/1524/1025
f 1743/1492/994 1946/1493/995 1947/1526/1027 1744/1525/1026
f 1946/1493/995 2151/1494/996 2152/1527/1028 1947/1526/1027
f 2151/1494/996 2357/1495/997 2358/1528/1029 2152/1527/1028
f 2357/1495/997 2563/1496/998 2564/1529/1030 2358/1528/1029
f 2563/1496/998 2769/1497/999 2770/1530/1031 2564/1529/1030
f 2769/1497/999 2975/1498/1000 2976/1531/1032 2770/1530/1031
f 2975/1498/1000 3181/1499/1001 3182/1532/1033 2976/1531/1032
f 3181/1499/1001 3387/1500/1002 3388/1533/1034 3182/1532/1033
f 3387/1500/1002 3593/1501/1003 3594/1534/1035 3388/1533/1034
f 3593/1501/1003 3799/1502/1004 3800/1535/1036 3594/1534/1035
f 3799/1502/1004 4005/1503/1005 4006/1536/1037 3800/1535/1036
f 4005/1503/1005 4211/1504/1006 4212/1537/1038 4006/1536/1037
f 4211/1504/1006 4417/1505/1007 4418/1538/1039 4212/1537/1038
f 4417/1505/1007 4623/1506/1008 4624/1539/1040 4418/1538/1039
f 4623/1506/1008 4829/1507/1009 4830/1540/1041 4624/1539/1040
f 4829/1507/1009 5034/1508/1010 5035/1541/1042 4830/1540/1041
f 5034/1508/1010 5237/1509/1011 5238/1542/1043 5035/1541/1042
f 5237/1509/1011 5441/1510/1012 5442/1543/1044 5238/1542/1043
f 5441/1510/1012 5645/1511/1013 5646/1544/1045 5442/1543/1044
f 5645/1511/1013 5850/1512/1014 5851/1545/1046 5646/1544/1045
f 5850/1512/1014 6054/1513/1015 6055/1546/1047 5851/1545/1046
f 6054/1513/1015 6259/1514/1016 6260/1547/1048 6055/1546/1047
f 6259/1514/1016 6464/1515/1017 6465/1548/1049 6260/1547/1048
f 6464/1515/1017 106/1516/987 107/1549/1019 6465/1548/1049
f 107/1518/1019 312/1517/1018 313/1550/1050 108/1551/1051
f 312/1517/1018 517/1519/1020 518/1552/1052 313/1550/1050
f 517/1519/1020 722/1520/1021 723/1553/1053 518/1552/1052
f 722/1520/1021 927/1521/1022 928/1554/1054 723/1553/1053
f 927/1521/1022 1131/1522/1023 1132/1555/1055 928/1554/1054
f 1131/1522/1023 1336/1523/1024 1337/1556/1056 1132/1555/1055
f 1336/1523/1024 1540/1524/1025 1541/1557/1057 1337/1556/1056
f 1540/1524/1025 1744/1525/1026 1745/1558/1058 1541/1557/1057
f 1744/1525/1026 1947/1526/1027 1948/1559/1059 1745/1558/1058
f 1947/1526/1027 2152/1527/1028 2153/1560/1060 1948/1559/1059
f 2152/1527/1028 2358/1528/1029 2359/1561/1061 2153/1560/1060
f 2358/1528/1029 2564/1529/1030 2565/1562/1062 2359/1561/1061
f 2564/1529/1030 2770/1530/1031 2771/1563/1063 2565/1562/1062
f 2770/1530/1031 2976/1531/1032 2977/1564/1064 2771/1563/1063
f 2976/1531/1032 3182/1532/1033 3183/1565/1065 2977/1564/1064
f 3182/1532/1033 3388/1533/1034 3389/1566/1066 3183/1565/1065
f 3388/1533/1034 3594/1534/1035 3595/1567/1067 3389/1566/1066
f 3594/1534/1035 3800/1535/1036 3801/1568/1068 3595/1567/1067
f 3800/1535/1036 4006/1536/1037 4007/1569/1069 3801/1568/1068
f 4006/1536/1037 4212/1537/1038 4213/1570/1070 4007/1569/1069
f 4212/1537/1038 4418/1538/1039 4419/1571/1071 4213/1570/1070
f 4418/1538/1039 4624/1539/1040 4625/1572/1072 4419/1571/1071
f 4624/1539/1040 4830/1540/1041 4831/1573/1073 4625/1572/1072
f 4830/1540/1041 5035/1541/1042 5036/1574/1074 4831/1573/1073
f 5035/1541/1042 5238/1542/1043 5239/1575/1075 5036/1574/1074
f 5238/1542/1043 5442/1543/1044 5443/1576/1076 5239/1575/1075
f 5442/1543/1044 5646/1544/1045 5647/1577/1077 5443/1576/1076
f 5646/1544/1045 5851/1545/1046 5852/1578/1078 5647/1577/1077
f 5851/1545/1046 6055/1546/1047 6056/1579/1079 5852/1578/1078
f 6055/1546/1047 6260/1547/1048 6261/1580/1080 6056/1579/1079
f 6260/1547/1048 6465/1548/1049 6466/1581/1081 6261/1580/1080
f 6465/1548/1049 107/1549/1019 108/1582/1051 6466/1581/1081
f 108/1551/1051 313/1550/1050 314/1583/1082 109/1584/1083
f 313/1550/1050 518/1552/1052 519/1585/1084 314/1583/1082
f 518/1552/1052 723/1553/1053 724/1586/1085 519/1585/1084
f 723/1553/1053 928/1554/1054 929/1587/1086 724/1586/1085
f 928/1554/1054 1132/1555/1055 1133/1588/1087 929/1587/1086
f 1132/1555/1055 1337/1556/1056 1338/1589/1088 1133/1588/1087
f 1337/1556/1056 1541/1557/1057 1542/1590/1089 1338/1589/1088
f 1541/1557/1057 1745/1558/1058 1746/1591/1090 1542/1590/1089
f 1745/1558/1058 1948/1559/1059 1949/1592/1091 1746/1591/1090
f 1948/1559/1059 2153/1560/1060 2154/1593/1092 1949/1592/1091
f 2153/1560/1060 2359/1561/1061 2360/1594/1093 2154/1593/1092
f 2359/1561/1061 2565/1562/1062 2566/1595/1094 2360/1594/1093
f 2565/1562/1062 2771/1563/1063 2772/1596/1095 2566/1595/1094
f 2771/1563/1063 2977/1564/1064 2978/1597/1096 2772/1596/1095
f 2977/1564/1064 3183/1565/1065 3184/1598/1097 2978/1597/1096
f 3183/1565/1065 3389/1566/1066 3390/1599/1098 3184/1598/1097
f 3389/1566/1066 3595/1567/1067 3596/1600/1099 3390/1599/1098
f 3595/1567/1067 3801/1568/1068 3802/1601/1100 3596/1600/1099
f 3801/1568/1068 4007/1569/1069 4008/1602/1101 3802/1601/1100
f 4007/1569/1069 4213/1570/1070 4214/1603/1102 4008/1602/1101
f 4213/1570/1070 4419/1571/1071 4420/1604/1103 4214/1603/1102
f 4419/1571/1071 4625/1572/1072 4626/1605/1104 4420/1604/1103
f 4625/1572/1072 4831/1573/1073 4832/1606/1105 4626/1605/1104
f 4831/1573/1073 5036/1574/1074 5037/1607/1106 4832/1606/1105
f 5036/1574/1074 5239/1575/1075 5240/1608/1107 5037/1607/1106
f 5239/1575/1075 5443/1576/1076 5444/1609/1108 5240/1608/1107
f 5443/1576/1076 5647/1577/1077 5648/1610/1109 5444/1609/1108
f 5647/1577/1077 5852/1578/1078 5853/1611/1110 5648/1610/1109
f 5852/1578/1078 6056/1579/1079 6057/1612/1111 5853/1611/1110
f 6056/1579/1079 6261/1580/1080 6262/1613/1112 6057/1612/1111
f 6261/1580/1080 6466/1581/1081 6467/1614/1113 6262/1613/1112
f 6466/1581/1081 108/1582/1051 109/1615/1083 6467/1614/1113
f 109/1584/1083 314/1583/1082 315/1616/1114 110/1617/1115
f 314/1583/1082 519/1585/1084 520/1618/1116 315/1616/1114
f 519/1585/1084 724/1586/1085 725/1619/1117 520/1618/1116
f 724/1586/1085 929/1587/1086 930/1620/1118 725/1619/1117
f 929/1587/1086 1133/1588/1087 1134/1621/1119 930/1620/1118
f 1133/1588/1087 1338/1589/1088 1339/1622/1120 1134/1621/1119
f 1338/1589/1088 1542/1590/1089 1543/1623/1121 1339/1622/1120
f 1542/1590/1089 1746/1591/1090 1747/1624/1122 1543/1623/1121
f 1746/1591/1090 1949/1592/1091 1950/1625/1123 1747/1624/1122
f 1949/1592/1091 2154/1593/1092 2155/1626/1124 1950/1625/1123
f 2154/1593/1092 2360/1594/1093 2361/1627/1125 2155/1626/1124
f 2360/1594/1093 2566/1595/1094 2567/1628/1126 2361/1627/1125
f 2566/1595/1094 2772/1596/1095 2773/1629/1127 2567/1628/1126
f 2772/1596/1095 2978/1597/1096 2979/1630/1128 2773/1629/1127
f 2978/1597/1096 3184/1598/1097 3185/1631/1129 2979/1630/1128
f 3184/1598/1097 3390/1599/1098 3391/1632/1130 3185/1631/1129
f 3390/1599/1098 3596/1600/1099 3597/1633/1131 3391/1632/1130
f 3596/1600/1099 3802/1601/1100 3803/1634/1132 3597/1633/1131
f 3802/1601/1100 4008/1602/1101 4009/1635/1133 3803/1634/1132
f 4008/1602/1101 4214/1603/1102 4215/1636/1134 4009/1635/1133
f 4214/1603/1102 4420/1604/1103 4421/1637/1135 4215/1636/1134
f 4420/1604/1103 4626/1605/1104 4627/1638/1136 4421/1637/1135
f 4626/1605/1104 4832/1606/1105 4833/1639/1137 4627/1638/1136
f 4832/1606/1105 5037/1607/1106 5038/1640/1138 4833/1639/1137
f 5037/1607/1106 5240/1608/1107 5241/1641/1139 5038/1640/1138
f 5240/1608/1107 5444/1609/1108 5445/1642/1140 5241/1641/1139
f 5444/1609/1108 5648/1610/1109 5649/1643/1141 5445/1642/1140
f 5648/1610/1109 5853/1611/1110 5854/1644/1142 5649/1643/1141
f 5853/1611/1110 6057/1612/1111 6058/1645/1143 5854/1644/1142
f 6057/1612/1111 6262/1613/1112 6263/1646/1144 6058/1645/1143
f 6262/1613/1112 6467/1614/1113 6468/1647/1145 6263/1646/1144
f 6467/1614/1113 109/1615/1083 110/1648/1115 6468/1647/1145
f 110/1617/1115 315/1616/1114 316/1649/1146 111/1650/1147
f 315/1616/1114 520/1618/1116 521/1651/1148 316/1649/1146
f 520/1618/1116 725/1619/1117 726/1652/1149 521/1651/1148
f 725/1619/1117 930/1620/1118 931/1653/1150 726/1652/1149
f 930/1620/1118 1134/1621/1119 1135/1654/1151 931/1653/1150
f 1134/1621/1119 1339/1622/1120 1340/1655/1152 1135/1654/1151
f 1339/1622/1120 1543/1623/1121 1544/1656/1153 1340/1655/1152
f 1543/1623/1121 1747/1624/1122 1748/1657/1154 1544/1656/1153
f 1747/1624/1122 1950/1625/1123 1951/1658/1155 1748/1657/1154
f 1950/1625/1123 2155/1626/1124 2156/1659/1156 1951/1658/1155
f 2155/1626/1124 2361/1627/1125 2362/1660/1157 2156/1659/1156
f 2361/1627/1125 2567/1628/1126 2568/1661/1158 2362/1660/1157
f 2567/1628/1126 2773/1629/1127 2774/1662/1159 2568/1661/1158
f 2773/1629/1127 2979/1630/1128 2980/1663/1160 2774/1662/1159
f 2979/1630/1128 3185/1631/1129 3186/1664/1161 2980/1663/1160
f 3185/1631/1129 3391/1632/1130 3392/1665/1162 3186/1664/1161
f 3391/1632/1130 3597/1633/1131 3598/1666/1163 3392/1665/1162
f 3597/1633/1131 3803/1634/1132 3804/1667/1164 3598/1666/1163
f 3803/1634/1132 4009/1635/1133 4010/1668/1165 3804/1667/1164
f 4009/1635/1133 4215/1636/1134 4216/1669/1166 4010/1668/1165
f 4215/1636/1134 4421/1637/1135 4422/1670/1167 4216/1669/1166
f 4421/1637/1135 4627/1638/1136 4628/1671/1168 4422/1670/1167
f 4627/1638/1136 4833/1639/1137 4834/1672/1169 4628/1671/1168
f 4833/1639/1137 5038/1640/1138 5039/1673/1170 4834/1672/1169
f 5038/1640/1138 5241/1641/1139 5242/1674/1171 5039/1673/1170
f 5241/1641/1139 5445/1642/1140 5446/1675/1172 5242/1674/1171
f 5445/1642/1140 5649/1643/1141 5650/1676/1173 5446/1675/1172
f 5649/1643/1141 5854/1644/1142 5855/1677/1174 5650/1676/1173
f 5854/1644/1142 6058/1645/1143 6059/1678/1175 5855/1677/1174
f 6058/1645/1143 6263/1646/1144 6264/1679/1176 6059/1678/1175
f 6263/1646/1144 6468/1647/1145 6469/1680/1177 6264/1679/1176
f 6468/1647/1145 110/1648/1115 111/1681/1147 6469/1680/1177
f 111/1650/1147 316/1649/1146 317/1682/1178 112/1683/1179
f 316/1649/1146 521/1651/1148 522/1684/1180 317/1682/1178
f 521/1651/1148 726/1652/1149 727/1685/1181 522/1684/1180
f 726/1652/1149 931/1653/1150 932/1686/1182 727/1685/1181
f 931/1653/1150 1135/1654/1151 1136/1687/1183 932/1686/1182
f 1135/1654/1151 1340/1655/1152 1341/1688/1184 1136/1687/1183
f 1340/1655/1152 1544/1656/1153 1545/1689/1185 1341/1688/1184
f 1544/1656/1153 1748/1657/1154 1749/1690/1186 1545/1689/1185
f 1748/1657/1154 1951/1658/1155 1952/1691/1187 1749/1690/1186
f 1951/1658/1155 2156/1659/1156 2157/1692/1188 1952/1691/1187
f 2156/1659/1156 2362/1660/1157 2363/1693/1189 2157/1692/1188
f 2362/1660/1157 2568/1661/1158 2569/1694/1190 2363/1693/1189
f 2568/1661/1158 2774/1662/1159 2775/1695/1191 2569/1694/1190
f 2774/1662/1159 2980/1663/1160 2981/1696/1192 2775/1695/1191
f 2980/1663/1160 3186/1664/1161 3187/1697/1193 2981/1696/1192
f 3186/1664/1161 3392/1665/1162 3393/1698/1194 3187/1697/1193
f 3392/1665/1162 3598/1666/1163 3599/1699/1195 3393/1698/1194
f 3598/1666/1163 3804/1667/1164 3805/1700/1196 3599/1699/1195
f 3804/1667/1164 4010/1668/1165 4011/1701/1197 3805/1700/1196
f 4010/1668/1165 4216/1669/1166 4217/1702/1198 4011/1701/1197
f 4216/1669/1166 4422/1670/1167 4423/1703/1199 4217/1702/1198
f 4422/1670/1167 4628/1671/1168 4629/1704/1200 4423/1703/1199
f 4628/1671/1168 4834/1672/1169 4835/1705/1201 4629/1704/1200
f 4834/1672/1169 5039/1673/1170 5040/1706/1202 4835/1705/1201
f 5039/1673/1170 5242/1674/1171 5243/1707/1203 5040/1706/1202
f 5242/1674/1171 5446/1675/1172 5447/1708/1204 5243/1707/1203
f 5446/1675/1172 5650/1676/1173 5651/1709/1205 5447/1708/1204
f 5650/1676/1173 5855/1677/1174 5856/1710/1206 5651/1709/1205
f 5855/1677/1174 6059/1678/1175 6060/1711/1207 5856/1710/1206
f 6059/1678/1175 6264/1679/1176 6265/1712/1208 6060/1711/1207
f 6264/1679/1176 6469/1680/1177 6470/1713/1209 6265/1712/1208
f 6469/1680/1177 111/1681/1147 112/1714/1179 6470/1713/1209
f 112/1683/1210 317/1682/1211 318/1715/1211 113/1716/1210
f 317/1682/1211 522/1684/1212 523/1717/1212 318/1715/1211
f 522/1684/1212 727/1685/1213 728/1718/1213 523/1717/1212
f 727/1685/1213 932/1686/1214 933/1719/1214 728/1718/1213
f 932/1686/1214 1136/1687/1215 1137/1720/1215 933/1719/1214
f 1136/1687/1215 1341/1688/1216 1342/1721/1216 1137/1720/1215
f 1341/1688/1216 1545/1689/1217 1546/1722/1217 1342/1721/1216
f 1545/1689/1217 1749/1690/1218 1750/1723/1218 1546/1722/1217
f 1749/1690/1218 1952/1691/1219 1953/1724/1219 1750/1723/1218
f 1952/1691/1219 2157/1692/1220 2158/1725/1220 1953/1724/1219
f 2157/1692/1220 2363/1693/1221 2364/1726/1221 2158/1725/1220
f 2363/1693/1221 2569/1694/1222 2570/1727/1222 2364/1726/1221
f 2569/1694/1222 2775/1695/1223 2776/1728/1223 2570/1727/1222
f 2775/1695/1223 2981/1696/1224 2982/1729/1224 2776/1728/1223
f 2981/1696/1224 3187/1697/1225 3188/1730/1225 2982/1729/1224
f 3187/1697/1225 3393/1698/1226 3394/1731/1226 3188/1730/1225
f 3393/1698/1226 3599/1699/1227 3600/1732/1227 3394/1731/1226
f 3599/1699/1227 3805/1700/1228 3806/1733/1228 3600/1732/1227
f 3805/1700/1228 4011/1701/1229 4012/1734/1229 3806/1733/1228
f 4011/1701/1229 4217/1702/1230 4218/1735/1230 4012/1734/1229
f 4217/1702/1230 4423/1703/1231 4424/1736/1231 4218/1735/1230
f 4423/1703/1231 4629/1704/1232 4630/1737/1232 4424/1736/1231
f 4629/1704/1232 4835/1705/1233 4836/1738/1233 4630/1737/1232
f 4835/1705/1233 5040/1706/1234 5041/1739/1234 4836/1738/1233
f 5040/1706/1234 5243/1707/1235 5244/1740/1235 5041/1739/1234
f 5243/1707/1235 5447/1708/1236 5448/1741/1236 5244/1740/1235
f 5447/1708/1236 5651/1709/1237 5652/1742/1237 5448/1741/1236
f 5651/1709/1237 5856/1710/1238 5857/1743/1238 5652/1742/1237
f 5856/1710/1238 6060/1711/1239 6061/1744/1239 5857/1743/1238
f 6060/1711/1239 6265/1712/1240 6266/1745/1240 6061/1744/1239
f 6265/1712/1240 6470/1713/1241 6471/1746/1241 6266/1745/1240
f 6470/1713/1241 112/1714/1210 113/1747/1210 6471/1746/1241
f 113/1716/1242 318/1715/1243 319/1748/1244 114/1749/1245
f 318/1715/1243 523/1717/1246 524/1750/1247 319/1748/1244
f 523/1717/1246 728/1718/1248 729/1751/1249 524/1750/1247
f 728/1718/1248 933/1719/1250 934/1752/1251 729/1751/1249
f 933/1719/1250 1137/1720/1252 1138/1753/1253 934/1752/1251
f 1137/1720/1252 1342/1721/1254 1343/1754/1255 1138/1753/1253
f 1342/1721/1254 1546/1722/1256 1547/1755/1257 1343/1754/1255
f 1546/1722/1256 1750/1723/1258 1751/1756/1259 1547/1755/1257
f 1750/1723/1258 1953/1724/1260 1954/1757/1261 1751/1756/1259
f 1953/1724/1260 2158/1725/1262 2159/1758/1263 1954/1757/1261
f 2158/1725/1262 2364/1726/1264 2365/1759/1265 2159/1758/1263
f 2364/1726/1264 2570/1727/1266 2571/1760/1267 2365/1759/1265
f 2570/1727/1266 2776/1728/1268 2777/1761/1269 2571/1760/1267
f 2776/1728/1268 2982/1729/1270 2983/1762/1271 2777/1761/1269
f 2982/1729/1270 3188/1730/1272 3189/1763/1273 2983/1762/1271
f 3188/1730/1272 3394/1731/1274 3395/1764/1275 3189/1763/1273
f 3394/1731/1274 3600/1732/1276 3601/1765/1277 3395/1764/1275
f 3600/1732/1276 3806/1733/1278 3807/1766/1279 3601/1765/1277
f 3806/1733/1278 4012/1734/1280 4013/1767/1281 3807/1766/1279
f 4012/1734/1280 4218/1735/1282 4219/1768/1283 4013/1767/1281
f 4218/1735/1282 4424/1736/1284 4425/1769/1285 4219/1768/1283
f 4424/1736/1284 4630/1737/1286 4631/1770/1287 4425/1769/1285
f 4630/1737/1286 4836/1738/1288 4837/1771/1289 4631/1770/1287
f 4836/1738/1288 5041/1739/1290 5042/1772/1291 4837/1771/1289
f 5041/1739/1290 5244/1740/1292 5245/1773/1293 5042/1772/1291
f 5244/1740/1292 5448/1741/1294 5449/1774/1295 5245/1773/1293
f 5448/1741/1294 5652/1742/1296 5653/1775/1297 5449/1774/1295
f 5652/1742/1296 5857/1743/1298 5858/1776/1299 5653/1775/1297
f 5857/1743/1298 6061/1744/1300 6062/1777/1301 5858/1776/1299
f 6061/1744/1300 6266/1745/1302 6267/1778/1303 6062/1777/1301
f 6266/1745/1302 6471/1746/1304 6472/1779/1305 6267/1778/1303
f 6471/1746/1304 113/1747/1242 114/1780/1245 6472/1779/1305
f 114/1749/1245 319/1748/1244 320/1781/1306 115/1782/1307
f 319/1748/1244 524/1750/1247 525/1783/1308 320/1781/1306
f 524/1750/1247 729/1751/1249 730/1784/1309 525/1783/1308
f 729/1751/1249 934/1752/1251 935/1785/1310 730/1784/1309
f 934/1752/1251 1138/1753/1253 1139/1786/1311 935/1785/1310
f 1138/1753/1253 1343/1754/1255 1344/1787/1312 1139/1786/1311
f 1343/1754/1255 1547/1755/1257 1548/1788/1313 1344/1787/1312
f 1547/1755/1257 1751/1756/1259 1752/1789/1314 1548/1788/1313
f 1751/1756/1259 1954/1757/1261 1955/1790/1315 1752/1789/1314
f 1954/1757/1261 2159/1758/1263 2160/1791/1316 1955/1790/1315
f 2159/1758/1263 2365/1759/1265 2366/1792/1317 2160/1791/1316
f 2365/1759/1265 2571/1760/1267 2572/1793/1318 2366/1792/1317
f 2571/1760/1267 2777/1761/1269 2778/1794/1319 2572/1793/1318
f 2777/1761/1269 2983/1762/1271 2984/1795/1320 2778/1794/1319
f 2983/1762/1271 3189/1763/1273 3190/1796/1321 2984/1795/1320
f 3189/1763/1273 3395/1764/1275 3396/1797/1322 3190/1796/1321
f 3395/1764/1275 3601/1765/1277 3602/1798/1323 3396/1797/1322
f 3601/1765/1277 3807/1766/1279 3808/1799/1324 3602/1798/1323
f 3807/1766/1279 4013/1767/1281 4014/1800/1325 3808/1799/1324
f 4013/1767/1281 4219/1768/1283 4220/1801/1326 4014/1800/1325
f 4219/1768/1283 4425/1769/1285 4426/1802/1327 4220/1801/1326
f 4425/1769/1285 4631/1770/1287 4632/1803/1328 4426/1802/1327
f 4631/1770/1287 4837/1771/1289 4838/1804/1329 4632/1803/1328
f 4837/1771/1289 5042/1772/1291 5043/1805/1330 4838/1804/1329
f 5042/1772/1291 5245/1773/1293 5246/1806/1331 5043/1805/1330
f 5245/1773/1293 5449/1774/1295 5450/1807/1332 5246/1806/1331
f 5449/1774/1295 5653/1775/1297 5654/1808/1333 5450/1807/1332
f 5653/1775/1297 5858/1776/1299 5859/1809/1334 5654/1808/1333
f 5858/1776/1299 6062/1777/1301 6063/1810/1335 5859/1809/1334
f 6062/1777/1301 6267/1778/1303 6268/1811/1336 6063/1810/1335
f 6267/1778/1303 6472/1779/1305 6473/1812/1337 6268/1811/1336
f 6472/1779/1305 114/1780/1245 115/1813/1307 6473/1812/1337
f 115/1782/1307 320/1781/1306 321/1814/1338 116/1815/1339
f 320/1781/1306 525/1783/1308 526/1816/1340 321/1814/1338
f 525/1783/1308 730/1784/1309 731/1817/1341 526/1816/1340
f 730/1784/1309 935/1785/1310 936/1818/1342 731/1817/1341
f 935/1785/1310 1139/1786/1311 1140/1819/1343 936/1818/1342
f 1139/1786/1311 1344/1787/1312 1345/1820/1344 1140/1819/1343
f 1344/1787/1312 1548/1788/1313 1549/1821/1345 1345/1820/1344
f 1548/1788/1313 1752/1789/1314 1753/1822/1346 1549/1821/1345
f 1752/1789/1314 1955/1790/1315 1956/1823/1347 1753/1822/1346
f 1955/1790/1315 2160/1791/1316 2161/1824/1348 1956/1823/1347
f 2160/1791/1316 2366/1792/1317 2367/1825/1349 2161/1824/1348
f 2366/1792/1317 2572/1793/1318 2573/1826/1350 2367/1825/1349
f 2572/1793/1318 2778/1794/1319 2779/1827/1351 2573/1826/1350
f 2778/1794/1319 2984/1795/1320 2985/1828/1352 2779/1827/1351
f 2984/1795/1320 3190/1796/1321 3191/1829/1353 2985/1828/1352
f 3190/1796/1321 3396/1797/1322 3397/1830/1354 3191/1829/1353
f 3396/1797/1322 3602/1798/1323 3603/1831/1355 3397/1830/1354
f 3602/1798/1323 3808/1799/1324 3809/1832/1356 3603/1831/1355
f 3808/1799/1324 4014/1800/1325 4015/1833/1357 3809/1832/1356
f 4014/1800/1325 4220/1801/1326 4221/1834/1358 4015/1833/1357
f 4220/1801/1326 4426/1802/1327 4427/1835/1359 4221/1834/1358
f 4426/1802/1327 4632/1803/1328 4633/1836/1360 4427/1835/1359
f 4632/1803/1328 4838/1804/1329 4839/1837/1361 4633/1836/1360
f 4838/1804/1329 5043/1805/1330 5044/1838/1362 4839/1837/1361
f 5043/1805/1330 5246/1806/1331 5247/1839/1363 5044/1838/1362
f 5246/1806/1331 5450/1807/1332 5451/1840/1364 5247/1839/1363
f 5450/1807/1332 5654/1808/1333 5655/1841/1365 5451/1840/1364
f 5654/1808/1333 5859/1809/1334 5860/1842/1366 5655/1841/1365
f 5859/1809/1334 6063/1810/1335 6064/1843/1367 5860/1842/1366
f 6063/1810/1335 6268/1811/1336 6269/1844/1368 6064/1843/1367
f 6268/1811/1336 6473/1812/1337 6474/1845/1369 6269/1844/1368
f 6473/1812/1337 115/1813/1307 116/1846/1339 6474/1845/1369
f 116/1815/1339 321/1814/1338 322/1847/1370 117/1848/1371
f 321/1814/1338 526/1816/1340 527/1849/1372 322/1847/1370
f 526/1816/1340 731/1817/1341 732/1850/1373 527/1849/1372
f 731/1817/1341 936/1818/1342 937/1851/1374 732/1850/1373
f 936/1818/1342 1140/1819/1343 1141/1852/1375 937/1851/1374
f 1140/1819/1343 1345/1820/1344 1346/1853/1376 1141/1852/1375
f 1345/1820/1344 1549/1821/1345 1550/1854/1377 1346/1853/1376
f 1549/1821/1345 1753/1822/1346 1754/1855/1378 1550/1854/1377
f 1753/1822/1346 1956/1823/1347 1957/1856/1379 1754/1855/1378
f 1956/1823/1347 2161/1824/1348 2162/1857/1380 1957/1856/1379
f 2161/1824/1348 2367/1825/1349 2368/1858/1381 2162/1857/1380
f 2367/1825/1349 2573/1826/1350 2574/1859/1382 2368/1858/1381
f 2573/1826/1350 2779/1827/1351 2780/1860/1383 2574/1859/1382
f 2779/1827/1351 2985/1828/1352 2986/1861/1384 2780/1860/1383
f 2985/1828/1352 3191/1829/1353 3192/1862/1385 2986/1861/1384
f 3191/1829/1353 3397/1830/1354 3398/1863/1386 3192/1862/1385
f 3397/1830/1354 3603/1831/1355 3604/1864/1387 3398/1863/1386
f 3603/1831/1355 3809/1832/1356 3810/1865/1388 3604/1864/1387
f 3809/1832/1356 4015/1833/1357 4016/1866/1389 3810/1865/1388
f 4015/1833/1357 4221/1834/1358 4222/1867/1390 4016/1866/1389
f 4221/1834/1358 4427/1835/1359 4428/1868/1391 4222/1867/1390
f 4427/1835/1359 4633/1836/1360 4634/1869/1392 4428/1868/1391
f 4633/1836/1360 4839/1837/1361 4840/1870/1393 4634/1869/1392
f 4839/1837/1361 5044/1838/1362 5045/1871/1394 4840/1870/1393
f 5044/1838/1362 5247/1839/1363 5248/1872/1395 5045/1871/1394
f 5247/1839/1363 5451/1840/1364 5452/1873/1396 5248/1872/1395
f 5451/1840/1364 5655/1841/1365 5656/1874/1397 5452/1873/1396
f 5655/1841/1365 5860/1842/1366 5861/1875/1398 5656/1874/1397
f 5860/1842/1366 6064/1843/1367 6065/1876/1399 5861/1875/1398
f 6064/1843/1367 6269/1844/1368 6270/1877/1400 6065/1876/1399
f 6269/1844/1368 6474/1845/1369 6475/1878/1401 6270/1877/1400
f 6474/1845/1369 116/1846/1339 117/1879/1371 6475/1878/1401
f 117/1848/1371 322/1847/1370 323/1880/1402 118/1881/1403
f 322/1847/1370 527/1849/1372 528/1882/1404 323/1880/1402
f 527/1849/1372 732/1850/1373 733/1883/1405 528/1882/1404
f 732/1850/1373 937/1851/1374 938/1884/1406 733/1883/1405
f 937/1851/1374 1141/1852/1375 1142/1885/1407 938/1884/1406
f 1141/1852/1375 1346/1853/1376 1347/1886/1408 1142/1885/1407
f 1346/1853/1376 1550/1854/1377 1551/1887/1409 1347/1886/1408
f 1550/1854/1377 1754/1855/1378 1755/1888/1410 1551/1887/1409
f 1754/1855/1378 1957/1856/1379 1958/1889/1411 1755/1888/1410
f 1957/1856/1379 2162/1857/1380 2163/1890/1412 1958/1889/1411
f 2162/1857/1380 2368/1858/1381 2369/1891/1413 2163/1890/1412
f 2368/1858/1381 2574/1859/1382 2575/1892/1414 2369/1891/1413
f 2574/1859/1382 2780/1860/1383 2781/1893/1415 2575/1892/1414
f 2780/1860/1383 2986/1861/1384 2987/1894/1416 2781/1893/1415
f 2986/1861/1384 3192/1862/1385 3193/1895/1417 2987/1894/1416
f 3192/1862/1385 3398/1863/1386 3399/1896/1418 3193/1895/1417
f 3398/1863/1386 3604/1864/1387 3605/1897/1419 3399/1896/1418
f 3604/1864/1387 3810/1865/1388 3811/1898/1420 3605/1897/1419
f 3810/1865/1388 4016/1866/1389 4017/1899/1421 3811/1898/1420
f 4016/1866/1389 4222/1867/1390 4223/1900/1422 4017/1899/1421
f 4222/1867/1390 4428/1868/1391 4429/1901/1423 4223/1900/1422
f 4428/1868/1391 4634/1869/1392 4635/1902/1424 4429/1901/1423
f 4634/1869/1392 4840/1870/1393 4841/1903/1425 4635/1902/1424
f 4840/1870/1393 5045/1871/1394 5046/1904/1426 4841/1903/1425
f 5045/1871/1394 5248/1872/1395 5249/1905/1427 5046/1904/1426
f 5248/1872/1395 5452/1873/1396 5453/1906/1428 5249/1905/1427
f 5452/1873/1396 5656/1874/1397 5657/1907/1429 5453/1906/1428
f 5656/1874/1397 5861/1875/1398 5862/1908/1430 5657/1907/1429
f 5861/1875/1398 6065/1876/1399 6066/1909/1431 5862/1908/1430
f 6065/1876/1399 6270/1877/1400 6271/1910/1432 6066/1909/1431
f 6270/1877/1400 6475/1878/1401 6476/1911/1433 6271/1910/1432
f 6475/1878/1401 117/1879/1371 118/1912/1403 6476/1911/1433
f 118/1881/1403 323/1880/1402 324/1913/1434 119/1914/1435
f 323/1880/1402 528/1882/1404 529/1915/1436 324/1913/1434
f 528/1882/1404 733/1883/1405 734/1916/1437 529/1915/1436
f 733/1883/1405 938/1884/1406 939/1917/1438 734/1916/1437
f 938/1884/1406 1142/1885/1407 1143/1918/1439 939/1917/1438
f 1142/1885/1407 1347/1886/1408 1348/1919/1440 1143/1918/1439
f 1347/1886/1408 1551/1887/1409 1552/1920/1441 1348/1919/1440
f 1551/1887/1409 1755/1888/1410 1756/1921/1442 1552/1920/1441
f 1755/1888/1410 1958/1889/1411 1959/1922/1443 1756/1921/1442
f 1958/1889/1411 2163/1890/1412 2164/1923/1444 1959/1922/1443
f 2163/1890/1412 2369/1891/1413 2370/1924/1445 2164/1923/1444
f 2369/1891/1413 2575/1892/1414 2576/1925/1446 2370/1924/1445
f 2575/1892/1414 2781/1893/1415 2782/1926/1447 2576/1925/1446
f 2781/1893/1415 2987/1894/1416 2988/1927/1448 2782/1926/1447
f 2987/1894/1416 3193/1895/1417 3194/1928/1449 2988/1927/1448
f 3193/1895/1417 3399/1896/1418 3400/1929/1450 3194/1928/1449
f 3399/1896/1418 3605/1897/1419 3606/1930/1451 3400/1929/1450
f 3605/1897/1419 3811/1898/1420 3812/1931/1452 3606/1930/1451
f 3811/1898/1420 4017/1899/1421 4018/1932/1453 3812/1931/1452
f 4017/1899/1421 4223/1900/1422 4224/1933/1454 4018/1932/1453
f 4223/1900/1422 4429/1901/1423 4430/1934/1455 4224/1933/1454
f 4429/1901/1423 4635/1902/1424 4636/1935/1456 4430/1934/1455
f 4635/1902/1424 4841/1903/1425 4842/1936/1457 4636/1935/1456
f 4841/1903/1425 5046/1904/1426 5047/1937/1458 4842/1936/1457
f 5046/1904/1426 5249/1905/1427 5250/1938/1459 5047/1937/1458
f 5249/1905/1427 5453/1906/1428 5454/1939/1460 5250/1938/1459
f 5453/1906/1428 5657/1907/1429 5658/1940/1461 5454/1939/1460
f 5657/1907/1429 5862/1908/1430 5863/1941/1462 5658/1940/1461
f 5862/1908/1430 6066/1909/1431 6067/1942/1463 5863/1941/1462
f 6066/1909/1431 6271/1910/1432 6272/1943/1464 6067/1942/1463
f 6271/1910/1432 6476/1911/1433 6477/1944/1465 6272/1943/1464
f 6476/1911/1433 118/1912/1403 119/1945/1435 6477/1944/1465
f 119/1914/1435 324/1913/1434 325/1946/1466 120/1947/1467
f 324/1913/1434 529/1915/1436 530/1948/1468 325/1946/1466
f 529/1915/1436 734/1916/1437 735/1949/1469 530/1948/1468
f 734/1916/1437 939/1917/1438 940/1950/1470 735/1949/1469
f 939/1917/1438 1143/1918/1439 1144/1951/1471 940/1950/1470
f 1143/1918/1439 1348/1919/1440 1349/1952/1472 1144/1951/1471
f 1348/1919/1440 1552/1920/1441 1553/1953/1473 1349/1952/1472
f 1552/1920/1441 1756/1921/1442 1757/1954/1474 1553/1953/1473
f 1756/1921/1442 1959/1922/1443 1960/1955/1475 1757/1954/1474
f 1959/1922/1443 2164/1923/1444 2165/1956/1476 1960/1955/1475
f 2164/1923/1444 2370/1924/1445 2371/1957/1477 2165/1956/1476
f 2370/1924/1445 2576/1925/1446 2577/1958/1478 2371/1957/1477
f 2576/1925/1446 2782/1926/1447 2783/1959/1479 2577/1958/1478
f 2782/1926/1447 2988/1927/1448 2989/1960/1480 2783/1959/1479
f 2988/1927/1448 3194/1928/1449 3195/1961/1481 2989/1960/1480
f 3194/1928/1449 3400/1929/1450 3401/1962/1482 3195/1961/1481
f 3400/1929/1450 3606/1930/1451 3607/1963/1483 3401/1962/1482
f 3606/1930/1451 3812/1931/1452 3813/1964/1484 3607/1963/1483
f 3812/1931/1452 4018/1932/1453 4019/1965/1485 3813/1964/1484
f 4018/1932/1453 4224/1933/1454 4225/1966/1486 4019/1965/1485
f 4224/1933/1454 4430/1934/1455 4431/1967/1487 4225/1966/1486
f 4430/1934/1455 4636/1935/1456 4637/1968/1488 4431/1967/1487
f 4636/1935/1456 4842/1936/1457 4843/1969/1489 4637/1968/1488
f 4842/1936/1457 5047/1937/1458 5048/1970/1490 4843/1969/1489
f 5047/1937/1458 5250/1938/1459 5251/1971/1491 5048/1970/1490
f 5250/1938/1459 5454/1939/1460 5455/1972/1492 5251/1971/1491
f 5454/1939/1460 5658/1940/1461 5659/1973/1493 5455/1972/1492
f 5658/1940/1461 5863/1941/1462 5864/1974/1494 5659/1973/1493
f 5863/1941/1462 6067/1942/1463 6068/1975/1495 5864/1974/1494
f 6067/1942/1463 6272/1943/1464 6273/1976/1496 6068/1975/1495
f 6272/1943/1464 6477/1944/1465 6478/1977/1497 6273/1976/1496
f 6477/1944/1465 119/1945/1435 120/1978/1467 6478/1977/1497
f 120/1947/1467 325/1946/1466 326/1979/1498 121/1980/1499
f 325/1946/1466 530/1948/1468 531/1981/1500 326/1979/1498
f 530/1948/1468 735/1949/1469 736/1982/1501 531/1981/1500
f 735/1949/1469 940/1950/1470 941/1983/1502 736/1982/1501
f 940/1950/1470 1144/1951/1471 1145/1984/1503 941/1983/1502
f 1144/1951/1471 1349/1952/1472 1350/1985/1504 1145/1984/1503
f 1349/1952/1472 1553/1953/1473 1554/1986/1505 1350/1985/1504
f 1553/1953/1473 1757/1954/1474 1758/1987/1506 1554/1986/1505
f 1757/1954/1474 1960/1955/1475 1961/1988/1507 1758/1987/1506
f 1960/1955/1475 2165/1956/1476 2166/1989/1508 1961/1988/1507
f 2165/1956/1476 2371/1957/1477 2372/1990/1509 2166/1989/1508
f 2371/1957/1477 2577/1958/1478 2578/1991/1510 2372/1990/1509
f 2577/1958/1478 2783/1959/1479 2784/1992/1511 2578/1991/1510
f 2783/1959/1479 2989/1960/1480 2990/1993/1512 2784/1992/1511
f 2989/1960/1480 3195/1961/1481 3196/1994/1513 2990/1993/1512
f 3195/1961/1481 3401/1962/1482 3402/1995/1514 3196/1994/1513
f 3401/1962/1482 3607/1963/1483 3608/1996/1515 3402/1995/1514
f 3607/1963/1483 3813/1964/1484 3814/1997/1516 3608/1996/1515
f 3813/1964/1484 4019/1965/1485 4020/1998/1517 3814/1997/1516
f 4019/1965/1485 4225/1966/1486 4226/1999/1518 4020/1998/1517
f 4225/1966/1486 4431/1967/1487 4432/2000/1519 4226/1999/1518
f 4431/1967/1487 4637/1968/1488 4638/2001/1520 4432/2000/1519
f 4637/1968/1488 4843/1969/1489 4844/2002/1521 4638/2001/1520
f 4843/1969/1489 5048/1970/1490 5049/2003/1522 4844/2002/1521
f 5048/1970/1490 5251/1971/1491 5252/2004/1523 5049/2003/1522
f 5251/1971/1491 5455/1972/1492 5456/2005/1524 5252/2004/1523
f 5455/1972/1492 5659/1973/1493 5660/2006/1525 5456/2005/1524
f 5659/1973/1493 5864/1974/1494 5865/2007/1526 5660/2006/1525
f 5864/1974/1494 6068/1975/1495 6069/2008/1527 5865/2007/1526
f 6068/1975/1495 6273/1976/1496 6274/2009/1528 6069/2008/1527
f 6273/1976/1496 6478/1977/1497 6479/2010/1529 6274/2009/1528
f 6478/1977/1497 120/1978/1467 121/2011/1499 6479/2010/1529
f 121/1980/1499 326/1979/1498 327/2012/1530 122/2013/1531
f 326/1979/1498 531/1981/1500 532/2014/1532 327/2012/1530
f 531/1981/1500 736/1982/1501 737/2015/1533 532/2014/1532
f 736/1982/1501 941/1983/1502 942/2016/1534 737/2015/1533
f 941/1983/1502 1145/1984/1503 1146/2017/1535 942/2016/1534
f 1145/1984/1503 1350/1985/1504 1351/2018/1536 1146/2017/1535
f 1350/1985/1504 1554/1986/1505 1555/2019/1537 1351/2018/1536
f 1554/1986/1505 1758/1987/1506 1759/2020/1538 1555/2019/1537
f 1758/1987/1506 1961/1988/1507 1962/2021/1539 1759/2020/1538
f 1961/1988/1507 2166/1989/1508 2167/2022/1540 1962/2021/1539
f 2166/1989/1508 2372/1990/1509 2373/2023/1541 2167/2022/1540
f 2372/1990/1509 2578/1991/1510 2579/2024/1542 2373/2023/1541
f 2578/1991/1510 2784/1992/1511 2785/2025/1543 2579/2024/1542
f 2784/1992/1511 2990/1993/1512 2991/2026/1544 2785/2025/1543
f 2990/1993/1512 3196/1994/1513 3197/2027/1545 2991/2026/1544
f 3196/1994/1513 3402/1995/1514 3403/2028/1546 3197/2027/1545
f 3402/1995/1514 3608/1996/1515 3609/2029/1547 3403/2028/1546
f 3608/1996/1515 3814/1997/1516 3815/2030/1548 3609/2029/1547
f 3814/1997/1516 4020/1998/1517 4021/2031/1549 3815/2030/1548
f 4020/1998/1517 4226/1999/1518 4227/2032/1550 4021/2031/1549
f 4226/1999/1518 4432/2000/1519 4433/2033/1551 4227/2032/1550
f 4432/2000/1519 4638/2001/1520 4639/2034/1552 4433/2033/1551
f 4638/2001/1520 4844/2002/1521 4845/2035/1553 4639/2034/1552
f 4844/2002/1521 5049/2003/1522 5050/2036/1554 4845/2035/1553
f 5049/2003/1522 5252/2004/1523 5253/2037/1555 5050/2036/1554
f 5252/2004/1523 5456/2005/1524 5457/2038/1556 5253/2037/1555
f 5456/2005/1524 5660/2006/1525 5661/2039/1557 5457/2038/1556
f 5660/2006/1525 5865/2007/1526 5866/2040/1558 5661/2039/1557
f 5865/2007/1526 6069/2008/1527 6070/2041/1559 5866/2040/1558
f 6069/2008/1527 6274/2009/1528 6275/2042/1560 6070/2041/1559
f 6274/2009/1528 6479/2010/1529 6480/2043/1561 6275/2042/1560
f 6479/2010/1529 121/2011/1499 122/2044/1531 6480/2043/1561
f 122/2013/1531 327/2012/1530 328/2045/1562 123/2046/1563
f 327/2012/1530 532/2014/1532 533/2047/1564 328/2045/1562
f 532/2014/1532 737/2015/1533 738/2048/1565 533/2047/1564
f 737/2015/1533 942/2016/1534 943/2049/1566 738/2048/1565
f 942/2016/1534 1146/2017/1535 1147/2050/1567 943/2049/1566
f 1146/2017/1535 1351/2018/1536 1352/2051/1568 1147/2050/1567
f 1351/2018/1536 1555/2019/1537 1556/2052/1569 1352/2051/1568
f 1555/2019/1537 1759/2020/1538 1760/2053/1570 1556/2052/1569
f 1759/2020/1538 1962/2021/1539 1963/2054/1571 1760/2053/1570
f 1962/2021/1539 2167/2022/1540 2168/2055/1572 1963/2054/1571
f 2167/2022/1540 2373/2023/1541 2374/2056/1573 2168/2055/1572
f 2373/2023/1541 2579/2024/1542 2580/2057/1574 2374/2056/1573
f 2579/2024/1542 2785/2025/1543 2786/2058/1575 2580/2057/1574
f 2785/2025/1543 2991/2026/1544 2992/2059/1576 2786/2058/1575
f 2991/2026/1544 3197/2027/1545 3198/2060/1577 2992/2059/1576
f 3197/2027/1545 3403/2028/1546 3404/2061/1578 3198/2060/1577
f 3403/2028/1546 3609/2029/1547 3610/2062/1579 3404/2061/1578
f 3609/2029/1547 3815/2030/1548 3816/2063/1580 3610/2062/1579
f 3815/2030/1548 4021/2031/1549 4022/2064/1581 3816/2063/1580
f 4021/2031/1549 4227/2032/1550 4228/2065/1582 4022/2064/1581
f 4227/2032/1550 4433/2033/1551 4434/2066/1583 4228/2065/1582
f 4433/2033/1551 4639/2034/1552 4640/2067/1584 4434/2066/1583
f 4639/2034/1552 4845/2035/1553 4846/2068/1585 4640/2067/1584
f 4845/2035/1553 5050/2036/1554 5051/2069/1586 4846/2068/1585
f 5050/2036/1554 5253/2037/1555 5254/2070/1587 5051/2069/1586
f 5253/2037/1555 5457/2038/1556 5458/2071/1588 5254/2070/1587
f 5457/2038/1556 5661/2039/1557 5662/2072/1589 5458/2071/1588
f 5661/2039/1557 5866/2040/1558 5867/2073/1590 5662/2072/1589
f 5866/2040/1558 6070/2041/1559 6071/2074/1591 5867/2073/1590
f 6070/2041/1559 6275/2042/1560 6276/2075/1592 6071/2074/1591
f 6275/2042/1560 6480/2043/1561 6481/2076/1593 6276/2075/1592
f 6480/2043/1561 122/2044/1531 123/2077/1563 6481/2076/1593
f 123/2046/1563 328/2045/1562 329/2078/1594 124/2079/1595
f 328/2045/1562 533/2047/1564 534/2080/1596 329/2078/1594
f 533/2047/1564 738/2048/1565 739/2081/1597 534/2080/1596
f 738/2048/1565 943/2049/1566 944/2082/1598 739/2081/1597
f 943/2049/1566 1147/2050/1567 1148/2083/1599 944/2082/1598
f 1147/2050/1567 1352/2051/1568 1353/2084/1600 1148/2083/1599
f 1352/2051/1568 1556/2052/1569 1557/2085/1601 1353/2084/1600
f 1556/2052/1569 1760/2053/1570 1761/2086/1602 1557/2085/1601
f 1760/2053/1570 1963/2054/1571 1964/2087/1603 1761/2086/1602
f 1963/2054/1571 2168/2055/1572 2169/2088/1604 1964/2087/1603
f 2168/2055/1572 2374/2056/1573 2375/2089/1605 2169/2088/1604
f 2374/2056/1573 2580/2057/1574 2581/2090/1606 2375/2089/1605
f 2580/2057/1574 2786/2058/1575 2787/2091/1607 2581/2090/1606
f 2786/2058/1575 2992/2059/1576 2993/2092/1608 2787/2091/1607
f 2992/2059/1576 3198/2060/1577 3199/2093/1609 2993/2092/1608
f 3198/2060/1577 3404/2061/1578 3405/2094/1610 3199/2093/1609
f 3404/2061/1578 3610/2062/1579 3611/2095/1611 3405/2094/1610
f 3610/2062/1579 3816/2063/1580 3817/2096/1612 3611/2095/1611
f 3816/2063/1580 4022/2064/1581 4023/2097/1613 3817/2096/1612
f 4022/2064/1581 4228/2065/1582 4229/2098/1614 4023/2097/1613
f 4228/2065/1582 4434/2066/1583 4435/2099/1615 4229/2098/1614
f 4434/2066/1583 4640/2067/1584 4641/2100/1616 4435/2099/1615
f 4640/2067/1584 4846/2068/1585 4847/2101/1617 4641/2100/1616
f 4846/2068/1585 5051/2069/1586 5052/2102/1618 4847/2101/1617
f 5051/2069/1586 5254/2070/1587 5255/2103/1619 5052/2102/1618
f 5254/2070/1587 5458/2071/1588 5459/2104/1620 5255/2103/1619
f 5458/2071/1588 5662/2072/1589 5663/2105/1621 5459/2104/1620
f 5662/2072/1589 5867/2073/1590 5868/2106/1622 5663/2105/1621
f 5867/2073/1590 6071/2074/1591 6072/2107/1623 5868/2106/1622
f 6071/2074/1591 6276/2075/1592 6277/2108/1624 6072/2107/1623
f 6276/2075/1592 6481/2076/1593 6482/2109/1625 6277/2108/1624
f 6481/2076/1593 123/2077/1563 124/2110/1595 6482/2109/1625
f 124/2079/1595 329/2078/1594 330/2111/1626 125/2112/1627
f 329/2078/1594 534/2080/1596 535/2113/1628 330/2111/1626
f 534/2080/1596 739/2081/1597 740/2114/1629 535/2113/1628
f 739/2081/1597 944/2082/1598 945/2115/1630 740/2114/1629
f 944/2082/1598 1148/2083/1599 1149/2116/1631 945/2115/1630
f 1148/2083/1599 1353/2084/1600 1354/2117/1632 1149/2116/1631
f 1353/2084/1600 1557/2085/1601 1558/2118/1633 1354/2117/1632
f 1557/2085/1601 1761/2086/1602 1762/2119/1634 1558/2118/1633
f 1761/2086/1602 1964/2087/1603 1965/2120/1635 1762/2119/1634
f 1964/2087/1603 2169/2088/1604 2170/2121/1636 1965/2120/1635
f 2169/2088/1604 2375/2089/1605 2376/2122/1637 2170/2121/1636
f 2375/2089/1605 2581/2090/1606 2582/2123/1638 2376/2122/1637
f 2581/2090/1606 2787/2091/1607 2788/2124/1639 2582/2123/1638
f 2787/2091/1607 2993/2092/1608 2994/2125/1640 2788/2124/1639
f 2993/2092/1608 3199/2093/1609 3200/2126/1641 2994/2125/1640
f 3199/2093/1609 3405/2094/1610 3406/2127/1642 3200/2126/1641
f 3405/2094/1610 3611/2095/1611 3612/2128/1643 3406/2127/1642
f 3611/2095/1611 3817/2096/1612 3818/2129/1644 3612/2128/1643
f 3817/2096/1612 4023/2097/1613 4024/2130/1645 3818/2129/1644
f 4023/2097/1613 4229/2098/1614 4230/2131/1646 4024/2130/1645
f 4229/2098/1614 4435/2099/1615 4436/2132/1647 4230/2131/1646
f 4435/2099/1615 4641/2100/1616 4642/2133/1648 4436/2132/1647
f 4641/2100/1616 4847/2101/1617 4848/2134/1649 4642/2133/1648
f 4847/2101/1617 5052/2102/1618 5053/2135/1650 4848/2134/1649
f 5052/2102/1618 5255/2103/1619 5256/2136/1651 5053/2135/1650
f 5255/2103/1619 5459/2104/1620 5460/2137/1652 5256/2136/1651
f 5459/2104/1620 5663/2105/1621 5664/2138/1653 5460/2137/1652
f 5663/2105/1621 5868/2106/1622 5869/2139/1654 5664/2138/1653
f 5868/2106/1622 6072/2107/1623 6073/2140/1655 5869/2139/1654
f 6072/2107/1623 6277/2108/1624 6278/2141/1656 6073/2140/1655
f 6277/2108/1624 6482/2109/1625 6483/2142/1657 6278/2141/1656
f 6482/2109/1625 124/2110/1595 125/2143/1627 6483/2142/1657
f 125/2112/1627 330/2111/1626 331/2144/1658 126/2145/1659
f 330/2111/1626 535/2113/1628 536/2146/1660 331/2144/1658
f 535/2113/1628 740/2114/1629 741/2147/1661 536/2146/1660
f 740/2114/1629 945/2115/1630 946/2148/1662 741/2147/1661
f 945/2115/1630 1149/2116/1631 1150/2149/1663 946/2148/1662
f 1149/2116/1631 1354/2117/1632 1355/2150/1664 1150/2149/1663
f 1354/2117/1632 1558/2118/1633 1559/2151/1665 1355/2150/1664
f 1558/2118/1633 1762/2119/1634 1763/2152/1666 1559/2151/1665
f 1762/2119/1634 1965/2120/1635 1966/2153/1667 1763/2152/1666
f 1965/2120/1635 2170/2121/1636 2171/2154/1668 1966/2153/1667
f 2170/2121/1636 2376/2122/1637 2377/2155/1669 2171/2154/1668
f 2376/2122/1637 2582/2123/1638 2583/2156/1670 2377/2155/1669
f 2582/2123/1638 2788/2124/1639 2789/2157/1671 2583/2156/1670
f 2788/2124/1639 2994/2125/1640 2995/2158/1672 2789/2157/1671
f 2994/2125/1640 3200/2126/1641 3201/2159/1673 2995/2158/1672
f 3200/2126/1641 3406/2127/1642 3407/2160/1674 3201/2159/1673
f 3406/2127/1642 3612/2128/1643 3613/2161/1675 3407/2160/1674
f 3612/2128/1643 3818/2129/1644 3819/2162/1676 3613/2161/1675
f 3818/2129/1644 4024/2130/1645 4025/2163/1677 3819/2162/1676
f 4024/2130/1645 4230/2131/1646 4231/2164/1678 4025/2163/1677
f 4230/2131/1646 4436/2132/1647 4437/2165/1679 4231/2164/1678
f 4436/2132/1647 4642/2133/1648 4643/2166/1680 4437/2165/1679
f 4642/2133/1648 4848/2134/1649 4849/2167/1681 4643/2166/1680
f 4848/2134/1649 5053/2135/1650 5054/2168/1682 4849/2167/1681
f 5053/2135/1650 5256/2136/1651 5257/2169/1683 5054/2168/1682
f 5256/2136/1651 5460/2137/1652 5461/2170/1684 5257/2169/1683
f 5460/2137/1652 5664/2138/1653 5665/2171/1685 5461/2170/1684
f 5664/2138/1653 5869/2139/1654 5870/2172/1686 5665/2171/1685
f 5869/2139/1654 6073/2140/1655 6074/2173/1687 5870/2172/1686
f 6073/2140/1655 6278/2141/1656 6279/2174/1688 6074/2173/1687
f 6278/2141/1656 6483/2142/1657 6484/2175/1689 6279/2174/1688
f 6483/2142/1657 125/2143/1627 126/2176/1659 6484/2175/1689
f 126/2145/1659 331/2144/1658 332/2177/1690 127/2178/1691
f 331/2144/1658 536/2146/1660 537/2179/1692 332/2177/1690
f 536/2146/1660 741/2147/1661 742/2180/1693 537/2179/1692
f 741/2147/1661 946/2148/1662 947/2181/1694 742/2180/1693
f 946/2148/1662 1150/2149/1663 1151/2182/1695 947/2181/1694
f 1150/2149/1663 1355/2150/1664 1356/2183/1696 1151/2182/1695
f 1355/2150/1664 1559/2151/1665 1560/2184/1697 1356/2183/1696
f 1559/2151/1665 1763/2152/1666 1764/2185/1698 1560/2184/1697
f 1763/2152/1666 1966/2153/1667 1967/2186/1699 1764/2185/1698
f 1966/2153/1667 2171/2154/1668 2172/2187/1700 1967/2186/1699
f 2171/2154/1668 2377/2155/1669 2378/2188/1701 2172/2187/1700
f 2377/2155/1669 2583/2156/1670 2584/2189/1702 2378/2188/1701
f 2583/2156/1670 2789/2157/1671 2790/2190/1703 2584/2189/1702
f 2789/2157/1671 2995/2158/1672 2996/2191/1704 2790/2190/1703
f 2995/2158/1672 3201/2159/1673 3202/2192/1705 2996/2191/1704
f 3201/2159/1673 3407/2160/1674 3408/2193/1706 3202/2192/1705
f 3407/2160/1674 3613/2161/1675 3614/2194/1707 3408/2193/1706
f 3613/2161/1675 3819/2162/1676 3820/2195/1708 3614/2194/1707
f 3819/2162/1676 4025/2163/1677 4026/2196/1709 3820/2195/1708
f 4025/2163/1677 4231/2164/1678 4232/2197/1710 4026/2196/1709
f 4231/2164/1678 4437/2165/1679 4438/2198/1711 4232/2197/1710
f 4437/2165/1679 4643/2166/1680 4644/2199/1712 4438/2198/1711
f 4643/2166/1680 4849/2167/1681 4850/2200/1713 4644/2199/1712
f 4849/2167/1681 5054/2168/1682 5055/2201/1714 4850/2200/1713
f 5054/2168/1682 5257/2169/1683 5258/2202/1715 5055/2201/1714
f 5257/2169/1683 5461/2170/1684 5462/2203/1716 5258/2202/1715
f 5461/2170/1684 5665/2171/1685 5666/2204/1717 5462/2203/1716
f 5665/2171/1685 5870/2172/1686 5871/2205/1718 5666/2204/1717
f 5870/2172/1686 6074/2173/1687 6075/2206/1719 5871/2205/1718
f 6074/2173/1687 6279/2174/1688 6280/2207/1720 6075/2206/1719
f 6279/2174/1688 6484/2175/1689 6485/2208/1721 6280/2207/1720
f 6484/2175/1689 126/2176/1659 127/2209/1691 6485/2208/1721
f 127/2178/1691 332/2177/1690 333/2210/1722 128/2211/1723
f 332/2177/1690 537/2179/1692 538/2212/1724 333/2210/1722
f 537/2179/1692 742/2180/1693 743/2213/1725 538/2212/1724
f 742/2180/1693 947/2181/1694 948/2214/1726 743/2213/1725
f 947/2181/1694 1151/2182/1695 1152/2215/1727 948/2214/1726
f 1151/2182/1695 1356/2183/1696 1357/2216/1728 1152/2215/1727
f 1356/2183/1696 1560/2184/1697 1561/2217/1729 1357/2216/1728
f 1560/2184/1697 1764/2185/1698 1765/2218/1730 1561/2217/1729
f 1764/2185/1698 1967/2186/1699 1968/2219/1731 1765/2218/1730
f 1967/2186/1699 2172/2187/1700 2173/2220/1732 1968/2219/1731
f 2172/2187/1700 2378/2188/1701 2379/2221/1733 2173/2220/1732
f 2378/2188/1701 2584/2189/1702 2585/2222/1734 2379/2221/1733
f 2584/2189/1702 2790/2190/1703 2791/2223/1735 2585/2222/1734
f 2790/2190/1703 2996/2191/1704 2997/2224/1736 2791/2223/1735
f 2996/2191/1704 3202/2192/1705 3203/2225/1737 2997/2224/1736
f 3202/2192/1705 3408/2193/1706 3409/2226/1738 3203/2225/1737
f 3408/2193/1706 3614/2194/1707 3615/2227/1739 3409/2226/1738
f 3614/2194/1707 3820/2195/1708 3821/2228/1740 3615/2227/1739
f 3820/2195/1708 4026/2196/1709 4027/2229/1741 3821/2228/1740
f 4026/2196/1709 4232/2197/1710 4233/2230/1742 4027/2229/1741
f 4232/2197/1710 4438/2198/1711 4439/2231/1743 4233/2230/1742
f 4438/2198/1711 4644/2199/1712 4645/2232/1744 4439/2231/1743
f 4644/2199/1712 4850/2200/1713 4851/2233/1745 4645/2232/1744
f 4850/2200/1713 5055/2201/1714 5056/2234/1746 4851/2233/1745
f 5055/2201/1714 5258/2202/1715 5259/2235/1747 5056/2234/1746
f 5258/2202/1715 5462/2203/1716 5463/2236/1748 5259/2235/1747
f 5462/2203/1716 5666/2204/1717 5667/2237/1749 5463/2236/1748
f 5666/2204/1717 5871/2205/1718 5872/2238/1750 5667/2237/1749
f 5871/2205/1718 6075/2206/1719 6076/2239/1751 5872/2238/1750
f 6075/2206/1719 6280/2207/1720 6281/2240/1752 6076/2239/1751
f 6280/2207/1720 6485/2208/1721 6486/2241/1753 6281/2240/1752
f 6485/2208/1721 127/2209/1691 128/2242/1723 6486/2241/1753
f 128/2211/1723 333/2210/1722 334/2243/1754 129/2244/1755
f 333/2210/1722 538/2212/1724 539/2245/1756 334/2243/1754
f 538/2212/1724 743/2213/1725 744/2246/1757 539/2245/1756
f 743/2213/1725 948/2214/1726 949/2247/1758 744/2246/1757
f 948/2214/1726 1152/2215/1727 1153/2248/1759 949/2247/1758
f 1152/2215/1727 1357/2216/1728 1358/2249/1760 1153/2248/1759
f 1357/2216/1728 1561/2217/1729 1562/2250/1761 1358/2249/1760
f 1561/2217/1729 1765/2218/1730 1766/2251/1762 1562/2250/1761
f 1765/2218/1730 1968/2219/1731 1969/2252/1763 1766/2251/1762
f 1968/2219/1731 2173/2220/1732 2174/2253/1764 1969/2252/1763
f 2173/2220/1732 2379/2221/1733 2380/2254/1765 2174/2253/1764
f 2379/2221/1733 2585/2222/1734 2586/2255/1766 2380/2254/1765
f 2585/2222/1734 2791/2223/1735 2792/2256/1767 2586/2255/1766
f 2791/2223/1735 2997/2224/1736 2998/2257/1768 2792/2256/1767
f 2997/2224/1736 3203/2225/1737 3204/2258/1769 2998/2257/1768
f 3203/2225/1737 3409/2226/1738 3410/2259/1770 3204/2258/1769
f 3409/2226/1738 3615/2227/1739 3616/2260/1771 3410/2259/1770
f 3615/2227/1739 3821/2228/1740 3822/2261/1772 3616/2260/1771
f 3821/2228/1740 4027/2229/1741 4028/2262/1773 3822/2261/1772
f 4027/2229/1741 4233/2230/1742 4234/2263/1774 4028/2262/1773
f 4233/2230/1742 4439/2231/1743 4440/2264/1775 4234/2263/1774
f 4439/2231/1743 4645/2232/1744 4646/2265/1776 4440/2264/1775
f 4645/2232/1744 4851/2233/1745 4852/2266/1777 4646/2265/1776
f 4851/2233/1745 5056/2234/1746 5057/2267/1778 4852/2266/1777
f 5056/2234/1746 5259/2235/1747 5260/2268/1779 5057/2267/1778
f 5259/2235/1747 5463/2236/1748 5464/2269/1780 5260/2268/1779
f 5463/2236/1748 5667/2237/1749 5668/2270/1781 5464/2269/1780
f 5667/2237/1749 5872/2238/1750 5873/2271/1782 5668/2270/1781
f 5872/2238/1750 6076/2239/1751 6077/2272/1783 5873/2271/1782
f 6076/2239/1751 6281/2240/1752 6282/2273/1784 6077/2272/1783
f 6281/2240/1752 6486/2241/1753 6487/2274/1785 6282/2273/1784
f 6486/2241/1753 128/2242/1723 129/2275/1755 6487/2274/1785
f 129/2244/1755 334/2243/1754 335/2276/1786 130/2277/1787
f 334/2243/1754 539/2245/1756 540/2278/1788 335/2276/1786
f 539/2245/1756 744/2246/1757 745/2279/1789 540/2278/1788
f 744/2246/1757 949/2247/1758 950/2280/1790 745/2279/1789
f 949/2247/1758 1153/2248/1759 1154/2281/1791 950/2280/1790
f 1153/2248/1759 1358/2249/1760 1359/2282/1792 1154/2281/1791
f 1358/2249/1760 1562/2250/1761 1563/2283/1793 1359/2282/1792
f 1562/2250/1761 1766/2251/1762 1767/2284/1794 1563/2283/1793
f 1766/2251/1762 1969/2252/1763 1970/2285/1795 1767/2284/1794
f 1969/2252/1763 2174/2253/1764 2175/2286/1796 1970/2285/1795
f 2174/2253/1764 2380/2254/1765 2381/2287/1797 2175/2286/1796
f 2380/2254/1765 2586/2255/1766 2587/2288/1798 2381/2287/1797
f 2586/2255/1766 2792/2256/1767 2793/2289/1799 2587/2288/1798
f 2792/2256/1767 2998/2257/1768 2999/2290/1800 2793/2289/1799
f 2998/2257/1768 3204/2258/1769 3205/2291/1801 2999/2290/1800
f 3204/2258/1769 3410/2259/1770 3411/2292/1802 3205/2291/1801
f 3410/2259/1770 3616/2260/1771 3617/2293/1803 3411/2292/1802
f 3616/2260/1771 3822/2261/1772 3823/2294/1804 3617/2293/1803
f 3822/2261/1772 4028/2262/1773 4029/2295/1805 3823/2294/1804
f 4028/2262/1773 4234/2263/1774 4235/2296/1806 4029/2295/1805
f 4234/2263/1774 4440/2264/1775 4441/2297/1807 4235/2296/1806
f 4440/2264/1775 4646/2265/1776 4647/2298/1808 4441/2297/1807
f 4646/2265/1776 4852/2266/1777 4853/2299/1809 4647/2298/1808
f 4852/2266/1777 5057/2267/1778 5058/2300/1810 4853/2299/1809
f 5057/2267/1778 5260/2268/1779 5261/2301/1811 5058/2300/1810
f 5260/2268/1779 5464/2269/1780 5465/2302/1812 5261/2301/1811
f 5464/2269/1780 5668/2270/1781 5669/2303/1813 5465/2302/1812
f 5668/2270/1781 5873/2271/1782 5874/2304/1814 5669/2303/1813
f 5873/2271/1782 6077/2272/1783 6078/2305/1815 5874/2304/1814
f 6077/2272/1783 6282/2273/1784 6283/2306/1816 6078/2305/1815
f 6282/2273/1784 6487/2274/1785 6488/2307/1817 6283/2306/1816
f 6487/2274/1785 129/2275/1755 130/2308/1787 6488/2307/1817
f 130/2277/1787 335/2276/1786 336/2309/1818 131/2310/1819
f 335/2276/1786 540/2278/1788 541/2311/1820 336/2309/1818
f 540/2278/1788 745/2279/1789 746/2312/1821 541/2311/1820
f 745/2279/1789 950/2280/1790 951/2313/1822 746/2312/1821
f 950/2280/1790 1154/2281/1791 1155/2314/1823 951/2313/1822
f 1154/2281/1791 1359/2282/1792 1360/2315/1824 1155/2314/1823
f 1359/2282/1792 1563/2283/1793 1564/2316/1825 1360/2315/1824
f 1563/2283/1793 1767/2284/1794 1768/2317/1826 1564/2316/1825
f 1767/2284/1794 1970/2285/1795 1971/2318/1827 1768/2317/1826
f 1970/2285/1795 2175/2286/1796 2176/2319/1828 1971/2318/1827
f 2175/2286/1796 2381/2287/1797 2382/2320/1829 2176/2319/1828
f 2381/2287/1797 2587/2288/1798 2588/2321/1830 2382/2320/1829
f 2587/2288/1798 2793/2289/1799 2794/2322/1831 2588/2321/1830
f 2793/2289/1799 2999/2290/1800 3000/2323/1832 2794/2322/1831
f 2999/2290/1800 3205/2291/1801 3206/2324/1833 3000/2323/1832
f 3205/2291/1801 3411/2292/1802 3412/2325/1834 3206/2324/1833
f 3411/2292/1802 3617/2293/1803 3618/2326/1835 3412/2325/1834
f 3617/2293/1803 3823/2294/1804 3824/2327/1836 3618/2326/1835
f 3823/2294/1804 4029/2295/1805 4030/2328/1837 3824/2327/1836
f 4029/2295/1805 4235/2296/1806 4236/2329/1838 4030/2328/1837
f 4235/2296/1806 4441/2297/1807 4442/2330/1839 4236/2329/1838
f 4441/2297/1807 4647/2298/1808 4648/2331/1840 4442/2330/1839
f 4647/2298/1808 4853/2299/1809 4854/2332/1841 4648/2331/1840
f 4853/2299/1809 5058/2300/1810 5059/2333/1842 4854/2332/1841
f 5058/2300/1810 5261/2301/1811 5262/2334/1843 5059/2333/1842
f 5261/2301/1811 5465/2302/1812 5466/2335/1844 5262/2334/1843
f 5465/2302/1812 5669/2303/1813 5670/2336/1845 5466/2335/1844
f 5669/2303/1813 5874/2304/1814 5875/2337/1846 5670/2336/1845
f 5874/2304/1814 6078/2305/1815 6079/2338/1847 5875/2337/1846
f 6078/2305/1815 6283/2306/1816 6284/2339/1848 6079/2338/1847
f 6283/2306/1816 6488/2307/1817 6489/2340/1849 6284/2339/1848
f 6488/2307/1817 130/2308/1787 131/2341/1819 6489/2340/1849
f 131/2310/1819 336/2309/1818 337/2342/1850 132/2343/1851
f 336/2309/1818 541/2311/1820 542/2344/1852 337/2342/1850
f 541/2311/1820 746/2312/1821 747/2345/1853 542/2344/1852
f 746/2312/1821 951/2313/1822 952/2346/1854 747/2345/1853
f 951/2313/1822 1155/2314/1823 1156/2347/1855 952/2346/1854
f 1155/2314/1823 1360/2315/1824 1361/2348/1856 1156/2347/1855
f 1360/2315/1824 1564/2316/1825 1565/2349/1857 1361/2348/1856
f 1564/2316/1825 1768/2317/1826 1769/2350/1858 1565/2349/1857
f 1768/2317/1826 1971/2318/1827 1972/2351/1859 1769/2350/1858
f 1971/2318/1827 2176/2319/1828 2177/2352/1860 1972/2351/1859
f 2176/2319/1828 2382/2320/1829 2383/2353/1861 2177/2352/1860
f 2382/2320/1829 2588/2321/1830 2589/2354/1862 2383/2353/1861
f 2588/2321/1830 2794/2322/1831 2795/2355/1863 2589/2354/1862
f 2794/2322/1831 3000/2323/1832 3001/2356/1864 2795/2355/1863
f 3000/2323/1832 3206/2324/1833 3207/2357/1865 3001/2356/1864
f 3206/2324/1833 3412/2325/1834 3413/2358/1866 3207/2357/1865
f 3412/2325/1834 3618/2326/1835 3619/2359/1867 3413/2358/1866
f 3618/2326/1835 3824/2327/1836 3825/2360/1868 3619/2359/1867
f 3824/2327/1836 4030/2328/1837 4031/2361/1869 3825/2360/1868
f 4030/2328/1837 4236/2329/1838 4237/2362/1870 4031/2361/1869
f 4236/2329/1838 4442/2330/1839 4443/2363/1871 4237/2362/1870
f 4442/2330/1839 4648/2331/1840 4649/2364/1872 4443/2363/1871
f 4648/2331/1840 4854/2332/1841 4855/2365/1873 4649/2364/1872
f 4854/2332/1841 5059/2333/1842 5060/2366/1874 4855/2365/1873
f 5059/2333/1842 5262/2334/1843 5263/2367/1875 5060/2366/1874
f 5262/2334/1843 5466/2335/1844 5467/2368/1876 5263/2367/1875
f 5466/2335/1844 5670/2336/1845 5671/2369/1877 5467/2368/1876
f 5670/2336/1845 5875/2337/1846 5876/2370/1878 5671/2369/1877
f 5875/2337/1846 6079/2338/1847 6080/2371/1879 5876/2370/1878
f 6079/2338/1847 6284/2339/1848 6285/2372/1880 6080/2371/1879
f 6284/2339/1848 6489/2340/1849 6490/2373/1881 6285/2372/1880
f 6489/2340/1849 131/2341/1819 132/2374/1851 6490/2373/1881
f 132/2343/1851 337/2342/1850 338/2375/1882 133/2376/1883
f 337/2342/1850 542/2344/1852 543/2377/1884 338/2375/1882
f 542/2344/1852 747/2345/1853 748/2378/1885 543/2377/1884
f 747/2345/1853 952/2346/1854 953/2379/1886 748/2378/1885
f 952/2346/1854 1156/2347/1855 1157/2380/1887 953/2379/1886
f 1156/2347/1855 1361/2348/1856 1362/2381/1888 1157/2380/1887
f 1361/2348/1856 1565/2349/1857 1566/2382/1889 1362/2381/1888
f 1565/2349/1857 1769/2350/1858 1770/2383/1890 1566/2382/1889
f 1769/2350/1858 1972/2351/1859 1973/2384/1891 1770/2383/1890
f 1972/2351/1859 2177/2352/1860 2178/2385/1892 1973/2384/1891
f 2177/2352/1860 2383/2353/1861 2384/2386/1893 2178/2385/1892
f 2383/2353/1861 2589/2354/1862 2590/2387/1894 2384/2386/1893
f 2589/2354/1862 2795/2355/1863 2796/2388/1895 2590/2387/1894
f 2795/2355/1863 3001/2356/1864 3002/2389/1896 2796/2388/1895
f 3001/2356/1864 3207/2357/1865 3208/2390/1897 3002/2389/1896
f 3207/2357/1865 3413/2358/1866 3414/2391/1898 3208/2390/1897
f 3413/2358/1866 3619/2359/1867 3620/2392/1899 3414/2391/1898
f 3619/2359/1867 3825/2360/1868 3826/2393/1900 3620/2392/1899
f 3825/2360/1868 4031/2361/1869 4032/2394/1901 3826/2393/1900
f 4031/2361/1869 4237/2362/1870 4238/2395/1902 4032/2394/1901
f 4237/2362/1870 4443/2363/1871 4444/2396/1903 4238/2395/1902
f 4443/2363/1871 4649/2364/1872 4650/2397/1904 4444/2396/1903
f 4649/2364/1872 4855/2365/1873 4856/2398/1905 4650/2397/1904
f 4855/2365/1873 5060/2366/1874 5061/2399/1906 4856/2398/1905
f 5060/2366/1874 5263/2367/1875 5264/2400/1907 5061/2399/1906
f 5263/2367/1875 5467/2368/1876 5468/2401/1908 5264/2400/1907
f 5467/2368/1876 5671/2369/1877 5672/2402/1909 5468/2401/1908
f 5671/2369/1877 5876/2370/1878 5877/2403/1910 5672/2402/1909
f 5876/2370/1878 6080/2371/1879 6081/2404/1911 5877/2403/1910
f 6080/2371/1879 6285/2372/1880 6286/2405/1912 6081/2404/1911
f 6285/2372/1880 6490/2373/1881 6491/2406/1913 6286/2405/1912
f 6490/2373/1881 132/2374/1851 133/2407/1883 6491/2406/1913
f 133/2376/1883 338/2375/1882 339/2408/1914 134/2409/1915
f 338/2375/1882 543/2377/1884 544/2410/1916 339/2408/1914
f 543/2377/1884 748/2378/1885 749/2411/1917 544/2410/1916
f 748/2378/1885 953/2379/1886 954/2412/1918 749/2411/1917
f 953/2379/1886 1157/2380/1887 1158/2413/1919 954/2412/1918
f 1157/2380/1887 1362/2381/1888 1363/2414/1920 1158/2413/1919
f 1362/2381/1888 1566/2382/1889 1567/2415/1921 1363/2414/1920
f 1566/2382/1889 1770/2383/1890 1771/2416/1922 1567/2415/1921
f 1770/2383/1890 1973/2384/1891 1974/2417/1923 1771/2416/1922
f 1973/2384/1891 2178/2385/1892 2179/2418/1924 1974/2417/1923
f 2178/2385/1892 2384/2386/1893 2385/2419/1925 2179/2418/1924
f 2384/2386/1893 2590/2387/1894 2591/2420/1926 2385/2419/1925
f 2590/2387/1894 2796/2388/1895 2797/2421/1927 2591/2420/1926
f 2796/2388/1895 3002/2389/1896 3003/2422/1928 2797/2421/1927
f 3002/2389/1896 3208/2390/1897 3209/2423/1929 3003/2422/1928
f 3208/2390/1897 3414/2391/1898 3415/2424/1930 3209/2423/1929
f 3414/2391/1898 3620/2392/1899 3621/2425/1931 3415/2424/1930
f 3620/2392/1899 3826/2393/1900 3827/2426/1932 3621/2425/1931
f 3826/2393/1900 4032/2394/1901 4033/2427/1933 3827/2426/1932
f 4032/2394/1901 4238/2395/1902 4239/2428/1934 4033/2427/1933
f 4238/2395/1902 4444/2396/1903 4445/2429/1935 4239/2428/1934
f 4444/2396/1903 4650/2397/1904 4651/2430/1936 4445/2429/1935
f 4650/2397/1904 4856/2398/1905 4857/2431/1937 4651/2430/1936
f 4856/2398/1905 5061/2399/1906 5062/2432/1938 4857/2431/1937
f 5061/2399/1906 5264/2400/1907 5265/2433/1939 5062/2432/1938
f 5264/2400/1907 5468/2401/1908 5469/2434/1940 5265/2433/1939
f 5468/2401/1908 5672/2402/1909 5673/2435/1941 5469/2434/1940
f 5672/2402/1909 5877/2403/1910 5878/2436/1942 5673/2435/1941
f 5877/2403/1910 6081/2404/1911 6082/2437/1943 5878/2436/1942
f 6081/2404/1911 6286/2405/1912 6287/2438/1944 6082/2437/1943
f 6286/2405/1912 6491/2406/1913 6492/2439/1945 6287/2438/1944
f 6491/2406/1913 133/2407/1883 134/2440/1915 6492/2439/1945
f 134/2409/1915 339/2408/1914 340/2441/1946 135/2442/1947
f 339/2408/1914 544/2410/1916 545/2443/1948 340/2441/1946
f 544/2410/1916 749/2411/1917 750/2444/1949 545/2443/1948
f 749/2411/1917 954/2412/1918 955/2445/1950 750/2444/1949
f 954/2412/1918 1158/2413/1919 1159/2446/1951 955/2445/1950
f 1158/2413/1919 1363/2414/1920 1364/2447/1952 1159/2446/1951
f 1363/2414/1920 1567/2415/1921 1568/2448/1953 1364/2447/1952
f 1567/2415/1921 1771/2416/1922 1772/2449/1954 1568/2448/1953
f 1771/2416/1922 1974/2417/1923 1975/2450/1955 1772/2449/1954
f 1974/2417/1923 2179/2418/1924 2180/2451/1956 1975/2450/1955
f 2179/2418/1924 2385/2419/1925 2386/2452/1957 2180/2451/1956
f 2385/2419/1925 2591/2420/1926 2592/2453/1958 2386/2452/1957
f 2591/2420/1926 2797/2421/1927 2798/2454/1959 2592/2453/1958
f 2797/2421/1927 3003/2422/1928 3004/2455/1960 2798/2454/1959
f 3003/2422/1928 3209/2423/1929 3210/2456/1961 3004/2455/1960
f 3209/2423/1929 3415/2424/1930 3416/2457/1962 3210/2456/1961
f 3415/2424/1930 3621/2425/1931 3622/2458/1963 3416/2457/1962
f 3621/2425/1931 3827/2426/1932 3828/2459/1964 3622/2458/1963
f 3827/2426/1932 4033/2427/1933 4034/2460/1965 3828/2459/1964
f 4033/2427/1933 4239/2428/1934 4240/2461/1966 4034/2460/1965
f 4239/2428/1934 4445/2429/1935 4446/2462/1967 4240/2461/1966
f 4445/2429/1935 4651/2430/1936 4652/2463/1968 4446/2462/1967
f 4651/2430/1936 4857/2431/1937 4858/2464/1969 4652/2463/1968
f 4857/2431/1937 5062/2432/1938 5063/2465/1970 4858/2464/1969
f 5062/2432/1938 5265/2433/1939 5266/2466/1971 5063/2465/1970
f 5265/2433/1939 5469/2434/1940 5470/2467/1972 5266/2466/1971
f 5469/2434/1940 5673/2435/1941 5674/2468/1973 5470/2467/1972
f 5673/2435/1941 5878/2436/1942 5879/2469/1974 5674/2468/1973
f 5878/2436/1942 6082/2437/1943 6083/2470/1975 5879/2469/1974
f 6082/2437/1943 6287/2438/1944 6288/2471/1976 6083/2470/1975
f 6287/2438/1944 6492/2439/1945 6493/2472/1977 6288/2471/1976
f 6492/2439/1945 134/2440/1915 135/2473/1947 6493/2472/1977
f 135/2442/1947 340/2441/1946 341/2474/1978 136/2475/1979
f 340/2441/1946 545/2443/1948 546/2476/1980 341/2474/1978
f 545/2443/1948 750/2444/1949 751/2477/1981 546/2476/1980
f 750/2444/1949 955/2445/1950 956/2478/1982 751/2477/1981
f 955/2445/1950 1159/2446/1951 1160/2479/1983 956/2478/1982
f 1159/2446/1951 1364/2447/1952 1365/2480/1984 1160/2479/1983
f 1364/2447/1952 1568/2448/1953 1569/2481/1985 1365/2480/1984
f 1568/2448/1953 1772/2449/1954 1773/2482/1986 1569/2481/1985
f 1772/2449/1954 1975/2450/1955 1976/2483/1987 1773/2482/1986
f 1975/2450/1955 2180/2451/1956 2181/2484/1988 1976/2483/1987
f 2180/2451/1956 2386/2452/1957 2387/2485/1989 2181/2484/1988
f 2386/2452/1957 2592/2453/1958 2593/2486/1990 2387/2485/1989
f 2592/2453/1958 2798/2454/1959 2799/2487/1991 2593/2486/1990
f 2798/2454/1959 3004/2455/1960 3005/2488/1992 2799/2487/1991
f 3004/2455/1960 3210/2456/1961 3211/2489/1993 3005/2488/1992
f 3210/2456/1961 3416/2457/1962 3417/2490/1994 3211/2489/1993
f 3416/2457/1962 3622/2458/1963 3623/2491/1995 3417/2490/1994
f 3622/2458/1963 3828/2459/1964 3829/2492/1996 3623/2491/1995
f 3828/2459/1964 4034/2460/1965 4035/2493/1997 3829/2492/1996
f 4034/2460/1965 4240/2461/1966 4241/2494/1998 4035/2493/1997
f 4240/2461/1966 4446/2462/1967 4447/2495/1999 4241/2494/1998
f 4446/2462/1967 4652/2463/1968 4653/2496/2000 4447/2495/1999
f 4652/2463/1968 4858/2464/1969 4859/2497/2001 4653/2496/2000
f 4858/2464/1969 5063/2465/1970 5064/2498/2002 4859/2497/2001
f 5063/2465/1970 5266/2466/1971 5267/2499/2003 5064/2498/2002
f 5266/2466/1971 5470/2467/1972 5471/2500/2004 5267/2499/2003
f 5470/2467/1972 5674/2468/1973 5675/2501/2005 5471/2500/2004
f 5674/2468/1973 5879/2469/1974 5880/2502/2006 5675/2501/2005
f 5879/2469/1974 6083/2470/1975 6084/2503/2007 5880/2502/2006
f 6083/2470/1975 6288/2471/1976 6289/2504/2008 6084/2503/2007
f 6288/2471/1976 6493/2472/1977 6494/2505/2009 6289/2504/2008
f 6493/2472/1977 135/2473/1947 136/2506/1979 6494/2505/2009
f 136/2475/1979 341/2474/1978 342/2507/2010 137/2508/2011
f 341/2474/1978 546/2476/1980 547/2509/2012 342/2507/2010
f 546/2476/1980 751/2477/1981 752/2510/2013 547/2509/2012
f 751/2477/1981 956/2478/1982 957/2511/2014 752/2510/2013
f 956/2478/1982 1160/2479/1983 1161/2512/2015 957/2511/2014
f 1160/2479/1983 1365/2480/1984 1366/2513/2016 1161/2512/2015
f 1365/2480/1984 1569/2481/1985 1570/2514/2017 1366/2513/2016
f 1569/2481/1985 1773/2482/1986 1774/2515/2018 1570/2514/2017
f 1773/2482/1986 1976/2483/1987 1977/2516/2019 1774/2515/2018
f 1976/2483/1987 2181/2484/1988 2182/2517/2020 1977/2516/2019
f 2181/2484/1988 2387/2485/1989 2388/2518/2021 2182/2517/2020
f 2387/2485/1989 2593/2486/1990 2594/2519/2022 2388/2518/2021
f 2593/2486/1990 2799/2487/1991 2800/2520/2023 2594/2519/2022
f 2799/2487/1991 3005/2488/1992 3006/2521/2024 2800/2520/2023
f 3005/2488/1992 3211/2489/1993 3212/2522/2025 3006/2521/2024
f 3211/2489/1993 3417/2490/1994 3418/2523/2026 3212/2522/2025
f 3417/2490/1994 3623/2491/1995 3624/2524/2027 3418/2523/2026
f 3623/2491/1995 3829/2492/1996 3830/2525/2028 3624/2524/2027
f 3829/2492/1996 4035/2493/1997 4036/2526/2029 3830/2525/2028
f 4035/2493/1997 4241/2494/1998 4242/2527/2030 4036/2526/2029
f 4241/2494/1998 4447/2495/1999 4448/2528/2031 4242/2527/2030
f 4447/2495/1999 4653/2496/2000 4654/2529/2032 4448/2528/2031
f 4653/2496/2000 4859/2497/2001 4860/2530/2033 4654/2529/2032
f 4859/2497/2001 5064/2498/2002 5065/2531/2034 4860/2530/2033
f 5064/2498/2002 5267/2499/2003 5268/2532/2035 5065/2531/2034
f 5267/2499/2003 5471/2500/2004 5472/2533/2036 5268/2532/2035
f 5471/2500/2004 5675/2501/2005 5676/2534/2037 5472/2533/2036
f 5675/2501/2005 5880/2502/2006 5881/2535/2038 5676/2534/2037
f 5880/2502/2006 6084/2503/2007 6085/2536/2039 5881/2535/2038
f 6084/2503/2007 6289/2504/2008 6290/2537/2040 6085/2536/2039
f 6289/2504/2008 6494/2505/2009 6495/2538/2041 6290/2537/2040
f 6494/2505/2009 136/2506/1979 137/2539/2011 6495/2538/2041
f 137/2508/2011 342/2507/2010 343/2540/2042 138/2541/2043
f 342/2507/2010 547/2509/2012 548/2542/2044 343/2540/2042
f 547/2509/2012 752/2510/2013 753/2543/2045 548/2542/2044
f 752/2510/2013 957/2511/2014 958/2544/2046 753/2543/2045
f 957/2511/2014 1161/2512/2015 1162/2545/2047 958/2544/2046
f 1161/2512/2015 1366/2513/2016 1367/2546/2048 1162/2545/2047
f 1366/2513/2016 1570/2514/2017 1571/2547/2049 1367/2546/2048
f 1570/2514/2017 1774/2515/2018 1775/2548/2050 1571/2547/2049
f 1774/2515/2018 1977/2516/2019 1978/2549/2051 1775/2548/2050
f 1977/2516/2019 2182/2517/2020 2183/2550/2052 1978/2549/2051
f 2182/2517/2020 2388/2518/2021 2389/2551/2053 2183/2550/2052
f 2388/2518/2021 2594/2519/2022 2595/2552/2054 2389/2551/2053
f 2594/2519/2022 2800/2520/2023 2801/2553/2055 2595/2552/2054
f 2800/2520/2023 3006/2521/2024 3007/2554/2056 2801/2553/2055
f 3006/2521/2024 3212/2522/2025 3213/2555/2057 3007/2554/2056
f 3212/2522/2025 3418/2523/2026 3419/2556/2058 3213/2555/2057
f 3418/2523/2026 3624/2524/2027 3625/2557/2059 3419/2556/2058
f 3624/2524/2027 3830/2525/2028 3831/2558/2060 3625/2557/2059
f 3830/2525/2028 4036/2526/2029 4037/2559/2061 3831/2558/2060
f 4036/2526/2029 4242/2527/2030 4243/2560/2062 4037/2559/2061
f 4242/2527/2030 4448/2528/2031 4449/2561/2063 4243/2560/2062
f 4448/2528/2031 4654/2529/2032 4655/2562/2064 4449/2561/2063
f 4654/2529/2032 4860/2530/2033 4861/2563/2065 4655/2562/2064
f 4860/2530/2033 5065/2531/2034 5066/2564/2066 4861/2563/2065
f 5065/2531/2034 5268/2532/2035 5269/2565/2067 5066/2564/2066
f 5268/2532/2035 5472/2533/2036 5473/2566/2068 5269/2565/2067
f 5472/2533/2036 5676/2534/2037 5677/2567/2069 5473/2566/2068
f 5676/2534/2037 5881/2535/2038 5882/2568/2070 5677/2567/2069
f 5881/2535/2038 6085/2536/2039 6086/2569/2071 5882/2568/2070
f 6085/2536/2039 6290/2537/2040 6291/2570/2072 6086/2569/2071
f 6290/2537/2040 6495/2538/2041 6496/2571/2073 6291/2570/2072
f 6495/2538/2041 137/2539/2011 138/2572/2043 6496/2571/2073
f 138/2541/2043 343/2540/2042 344/2573/2074 139/2574/2075
f 343/2540/2042 548/2542/2044 549/2575/2076 344/2573/2074
f 548/2542/2044 753/2543/2045 754/2576/2077 549/2575/2076
f 753/2543/2045 958/2544/2046 959/2577/2078 754/2576/2077
f 958/2544/2046 1162/2545/2047 1163/2578/2079 959/2577/2078
f 1162/2545/2047 1367/2546/2048 1368/2579/2080 1163/2578/2079
f 1367/2546/2048 1571/2547/2049 1572/2580/2081 1368/2579/2080
f 1571/2547/2049 1775/2548/2050 1776/2581/2082 1572/2580/2081
f 1775/2548/2050 1978/2549/2051 1979/2582/2083 1776/2581/2082
f 1978/2549/2051 2183/2550/2052 2184/2583/2084 1979/2582/2083
f 2183/2550/2052 2389/2551/2053 2390/2584/2085 2184/2583/2084
f 2389/2551/2053 2595/2552/2054 2596/2585/2086 2390/2584/2085
f 2595/2552/2054 2801/2553/2055 2802/2586/2087 2596/2585/2086
f 2801/2553/2055 3007/2554/2056 3008/2587/2088 2802/2586/2087
f 3007/2554/2056 3213/2555/2057 3214/2588/2089 3008/2587/2088
f 3213/2555/2057 3419/2556/2058 3420/2589/2090 3214/2588/2089
f 3419/2556/2058 3625/2557/2059 3626/2590/2091 3420/2589/2090
f 3625/2557/2059 3831/2558/2060 3832/2591/2092 3626/2590/2091
f 3831/2558/2060 4037/2559/2061 4038/2592/2093 3832/2591/2092
f 4037/2559/2061 4243/2560/2062 4244/2593/2094 4038/2592/2093
f 4243/2560/2062 4449/2561/2063 4450/2594/2095 4244/2593/2094
f 4449/2561/2063 4655/2562/2064 4656/2595/2096 4450/2594/2095
f 4655/2562/2064 4861/2563/2065 4862/2596/2097 4656/2595/2096
f 4861/2563/2065 5066/2564/2066 5067/2597/2098 4862/2596/2097
f 5066/2564/2066 5269/2565/2067 5270/2598/2099 5067/2597/2098
f 5269/2565/2067 5473/2566/2068 5474/2599/2100 5270/2598/2099
f 5473/2566/2068 5677/2567/2069 5678/2600/2101 5474/2599/2100
f 5677/2567/2069 5882/2568/2070 5883/2601/2102 5678/2600/2101
f 5882/2568/2070 6086/2569/2071 6087/2602/2103 5883/2601/2102
f 6086/2569/2071 6291/2570/2072 6292/2603/2104 6087/2602/2103
f 6291/2570/2072 6496/2571/2073 6497/2604/2105 6292/2603/2104
f 6496/2571/2073 138/2572/2043 139/2605/2075 6497/2604/2105
f 139/2574/2075 344/2573/2074 345/2606/2106 140/2607/2107
f 344/2573/2074 549/2575/2076 550/2608/2108 345/2606/2106
f 549/2575/2076 754/2576/2077 755/2609/2109 550/2608/2108
f 754/2576/2077 959/2577/2078 960/2610/2110 755/2609/2109
f 959/2577/2078 1163/2578/2079 1164/2611/2111 960/2610/2110
f 1163/2578/2079 1368/2579/2080 1369/2612/2112 1164/2611/2111
f 1368/2579/2080 1572/2580/2081 1573/2613/2113 1369/2612/2112
f 1572/2580/2081 1776/2581/2082 1777/2614/2114 1573/2613/2113
f 1776/2581/2082 1979/2582/2083 1980/2615/2115 1777/2614/2114
f 1979/2582/2083 2184/2583/2084 2185/2616/2116 1980/2615/2115
f 2184/2583/2084 2390/2584/2085 2391/2617/2117 2185/2616/2116
f 2390/2584/2085 2596/2585/2086 2597/2618/2118 2391/2617/2117
f 2596/2585/2086 2802/2586/2087 2803/2619/2119 2597/2618/2118
f 2802/2586/2087 3008/2587/2088 3009/2620/2120 2803/2619/2119
f 3008/2587/2088 3214/2588/2089 3215/2621/2121 3009/2620/2120
f 3214/2588/2089 3420/2589/2090 3421/2622/2122 3215/2621/2121
f 3420/2589/2090 3626/2590/2091 3627/2623/2123 3421/2622/2122
f 3626/2590/2091 3832/2591/2092 3833/2624/2124 3627/2623/2123
f 3832/2591/2092 4038/2592/2093 4039/2625/2125 3833/2624/2124
f 4038/2592/2093 4244/2593/2094 4245/2626/2126 4039/2625/2125
f 4244/2593/2094 4450/2594/2095 4451/2627/2127 4245/2626/2126
f 4450/2594/2095 4656/2595/2096 4657/2628/2128 4451/2627/2127
f 4656/2595/2096 4862/2596/2097 4863/2629/2129 4657/2628/2128
f 4862/2596/2097 5067/2597/2098 5068/2630/2130 4863/2629/2129
f 5067/2597/2098 5270/2598/2099 5271/2631/2131 5068/2630/2130
f 5270/2598/2099 5474/2599/2100 5475/2632/2132 5271/2631/2131
f 5474/2599/2100 5678/2600/2101 5679/2633/2133 5475/2632/2132
f 5678/2600/2101 5883/2601/2102 5884/2634/2134 5679/2633/2133
f 5883/2601/2102 6087/2602/2103 6088/2635/2135 5884/2634/2134
f 6087/2602/2103 6292/2603/2104 6293/2636/2136 6088/2635/2135
f 6292/2603/2104 6497/2604/2105 6498/2637/2137 6293/2636/2136
f 6497/2604/2105 139/2605/2075 140/2638/2107 6498/2637/2137
f 140/2607/2107 345/2606/2106 346/2639/2138 141/2640/2139
f 345/2606/2106 550/2608/2108 551/2641/2140 346/2639/2138
f 550/2608/2108 755/2609/2109 756/2642/2141 551/2641/2140
f 755/2609/2109 960/2610/2110 961/2643/2142 756/2642/2141
f 960/2610/2110 1164/2611/2111 1165/2644/2143 961/2643/2142
f 1164/2611/2111 1369/2612/2112 1370/2645/2144 1165/2644/2143
f 1369/2612/2112 1573/2613/2113 1574/2646/2145 1370/2645/2144
f 1573/2613/2113 1777/2614/2114 1778/2647/2146 1574/2646/2145
f 1777/2614/2114 1980/2615/2115 1981/2648/2147 1778/2647/2146
f 1980/2615/2115 2185/2616/2116 2186/2649/2148 1981/2648/2147
f 2185/2616/2116 2391/2617/2117 2392/2650/2149 2186/2649/2148
f 2391/2617/2117 2597/2618/2118 2598/2651/2150 2392/2650/2149
f 2597/2618/2118 2803/2619/2119 2804/2652/2151 2598/2651/2150
f 2803/2619/2119 3009/2620/2120 3010/2653/2152 2804/2652/2151
f 3009/2620/2120 3215/2621/2121 3216/2654/2153 3010/2653/2152
f 3215/2621/2121 3421/2622/2122 3422/2655/2154 3216/2654/2153
f 3421/2622/2122 3627/2623/2123 3628/2656/2155 3422/2655/2154
f 3627/2623/2123 3833/2624/2124 3834/2657/2156 3628/2656/2155
f 3833/2624/2124 4039/2625/2125 4040/2658/2157 3834/2657/2156
f 4039/2625/2125 4245/2626/2126 4246/2659/2158 4040/2658/2157
f 4245/2626/2126 4451/2627/2127 4452/2660/2159 4246/2659/2158
f 4451/2627/2127 4657/2628/2128 4658/2661/2160 4452/2660/2159
f 4657/2628/2128 4863/2629/2129 4864/2662/2161 4658/2661/2160
f 4863/2629/2129 5068/2630/2130 5069/2663/2162 4864/2662/2161
f 5068/2630/2130 5271/2631/2131 5272/2664/2163 5069/2663/2162
f 5271/2631/2131 5475/2632/2132 5476/2665/2164 5272/2664/2163
f 5475/2632/2132 5679/2633/2133 5680/2666/2165 5476/2665/2164
f 5679/2633/2133 5884/2634/2134 5885/2667/2166 5680/2666/2165
f 5884/2634/2134 6088/2635/2135 6089/2668/2167 5885/2667/2166
f 6088/2635/2135 6293/2636/2136 6294/2669/2168 6089/2668/2167
f 6293/2636/2136 6498/2637/2137 6499/2670/2169 6294/2669/2168
f 6498/2637/2137 140/2638/2107 141/2671/2139 6499/2670/2169
f 141/2640/2139 346/2639/2138 347/2672/2170 142/2673/2171
f 346/2639/2138 551/2641/2140 552/2674/2172 347/2672/2170
f 551/2641/2140 756/2642/2141 757/2675/2173 552/2674/2172
f 756/2642/2141 961/2643/2142 962/2676/2174 757/2675/2173
f 961/2643/2142 1165/2644/2143 1166/2677/2175 962/2676/2174
f 1165/2644/2143 1370/2645/2144 1371/2678/2176 1166/2677/2175
f 1370/2645/2144 1574/2646/2145 1575/2679/2177 1371/2678/2176
f 1574/2646/2145 1778/2647/2146 1779/2680/2178 1575/2679/2177
f 1778/2647/2146 1981/2648/2147 1982/2681/2179 1779/2680/2178
f 1981/2648/2147 2186/2649/2148 2187/2682/2180 1982/2681/2179
f 2186/2649/2148 2392/2650/2149 2393/2683/2181 2187/2682/2180
f 2392/2650/2149 2598/2651/2150 2599/2684/2182 2393/2683/2181
f 2598/2651/2150 2804/2652/2151 2805/2685/2183 2599/2684/2182
f 2804/2652/2151 3010/2653/2152 3011/2686/2184 2805/2685/2183
f 3010/2653/2152 3216/2654/2153 3217/2687/2185 3011/2686/2184
f 3216/2654/2153 3422/2655/2154 3423/2688/2186 3217/2687/2185
f 3422/2655/2154 3628/2656/2155 3629/2689/2187 3423/2688/2186
f 3628/2656/2155 3834/2657/2156 3835/2690/2188 3629/2689/2187
f 3834/2657/2156 4040/2658/2157 4041/2691/2189 3835/2690/2188
f 4040/2658/2157 4246/2659/2158 4247/2692/2190 4041/2691/2189
f 4246/2659/2158 4452/2660/2159 4453/2693/2191 4247/2692/2190
f 4452/2660/2159 4658/2661/2160 4659/2694/2192 4453/2693/2191
f 4658/2661/2160 4864/2662/2161 4865/2695/2193 4659/2694/2192
f 4864/2662/2161 5069/2663/2162 5070/2696/2194 4865/2695/2193
f 5069/2663/2162 5272/2664/2163 5273/2697/2195 5070/2696/2194
f 5272/2664/2163 5476/2665/2164 5477/2698/2196 5273/2697/2195
f 5476/2665/2164 5680/2666/2165 5681/2699/2197 5477/2698/2196
f 5680/2666/2165 5885/2667/2166 5886/2700/2198 5681/2699/2197
f 5885/2667/2166 6089/2668/2167 6090/2701/2199 5886/2700/2198
f 6089/2668/2167 6294/2669/2168 6295/2702/2200 6090/2701/2199
f 6294/2669/2168 6499/2670/2169 6500/2703/2201 6295/2702/2200
f 6499/2670/2169 141/2671/2139 142/2704/2171 6500/2703/2201
f 142/2673/2171 347/2672/2170 348/2705/2202 143/2706/2203
f 347/2672/2170 552/2674/2172 553/2707/2204 348/2705/2202
f 552/2674/2172 757/2675/2173 758/2708/2205 553/2707/2204
f 757/2675/2173 962/2676/2174 963/2709/2206 758/2708/2205
f 962/2676/2174 1166/2677/2175 1167/2710/2207 963/2709/2206
f 1166/2677/2175 1371/2678/2176 1372/2711/2208 1167/2710/2207
f 1371/2678/2176 1575/2679/2177 1576/2712/2209 1372/2711/2208
f 1575/2679/2177 1779/2680/2178 1780/2713/2210 1576/2712/2209
f 1779/2680/2178 1982/2681/2179 1983/2714/2211 1780/2713/2210
f 1982/2681/2179 2187/2682/2180 2188/2715/2212 1983/2714/2211
f 2187/2682/2180 2393/2683/2181 2394/2716/2213 2188/2715/2212
f 2393/2683/2181 2599/2684/2182 2600/2717/2214 2394/2716/2213
f 2599/2684/2182 2805/2685/2183 2806/2718/2215 2600/2717/2214
f 2805/2685/2183 3011/2686/2184 3012/2719/2216 2806/2718/2215
f 3011/2686/2184 3217/2687/2185 3218/2720/2217 3012/2719/2216
f 3217/2687/2185 3423/2688/2186 3424/2721/2218 3218/2720/2217
f 3423/2688/2186 3629/2689/2187 3630/2722/2219 3424/2721/2218
f 3629/2689/2187 3835/2690/2188 3836/2723/2220 3630/2722/2219
f 3835/2690/2188 4041/2691/2189 4042/2724/2221 3836/2723/2220
f 4041/2691/2189 4247/2692/2190 4248/2725/2222 4042/2724/2221
f 4247/2692/2190 4453/2693/2191 4454/2726/2223 4248/2725/2222
f 4453/2693/2191 4659/2694/2192 4660/2727/2224 4454/2726/2223
f 4659/2694/2192 4865/2695/2193 4866/2728/2225 4660/2727/2224
f 4865/2695/2193 5070/2696/2194 5071/2729/2226 4866/2728/2225
f 5070/2696/2194 5273/2697/2195 5274/2730/2227 5071/2729/2226
f 5273/2697/2195 5477/2698/2196 5478/2731/2228 5274/2730/2227
f 5477/2698/2196 5681/2699/2197 5682/2732/2229 5478/2731/2228
f 5681/2699/2197 5886/2700/2198 5887/2733/2230 5682/2732/2229
f 5886/2700/2198 6090/2701/2199 6091/2734/2231 5887/2733/2230
f 6090/2701/2199 6295/2702/2200 6296/2735/2232 6091/2734/2231
f 6295/2702/2200 6500/2703/2201 6501/2736/2233 6296/2735/2232
f 6500/2703/2201 142/2704/2171 143/2737/2203 6501/2736/2233
f 143/2706/2203 348/2705/2202 349/2738/2234 144/2739/2235
f 348/2705/2202 553/2707/2204 554/2740/2236 349/2738/2234
f 553/2707/2204 758/2708/2205 759/2741/2237 554/2740/2236
f 758/2708/2205 963/2709/2206 964/2742/2238 759/2741/2237
f 963/2709/2206 1167/2710/2207 1168/2743/2239 964/2742/2238
f 1167/2710/2207 1372/2711/2208 1373/2744/2240 1168/2743/2239
f 1372/2711/2208 1576/2712/2209 1577/2745/2241 1373/2744/2240
f 1576/2712/2209 1780/2713/2210 1781/2746/2242 1577/2745/2241
f 1780/2713/2210 1983/2714/2211 1984/2747/2243 1781/2746/2242
f 1983/2714/2211 2188/2715/2212 2189/2748/2244 1984/2747/2243
f 2188/2715/2212 2394/2716/2213 2395/2749/2245 2189/2748/2244
f 2394/2716/2213 2600/2717/2214 2601/2750/2246 2395/2749/2245
f 2600/2717/2214 2806/2718/2215 2807/2751/2247 2601/2750/2246
f 2806/2718/2215 3012/2719/2216 3013/2752/2248 2807/2751/2247
f 3012/2719/2216 3218/2720/2217 3219/2753/2249 3013/2752/2248
f 3218/2720/2217 3424/2721/2218 3425/2754/2250 3219/2753/2249
f 3424/2721/2218 3630/2722/2219 3631/2755/2251 3425/2754/2250
f 3630/2722/2219 3836/2723/2220 3837/2756/2252 3631/2755/2251
f 3836/2723/2220 4042/2724/2221 4043/2757/2253 3837/2756/2252
f 4042/2724/2221 4248/2725/2222 4249/2758/2254 4043/2757/2253
f 4248/2725/2222 4454/2726/2223 4455/2759/2255 4249/2758/2254
f 4454/2726/2223 4660/2727/2224 4661/2760/2256 4455/2759/2255
f 4660/2727/2224 4866/2728/2225 4867/2761/2257 4661/2760/2256
f 4866/2728/2225 5071/2729/2226 5072/2762/2258 4867/2761/2257
f 5071/2729/2226 5274/2730/2227 5275/2763/2259 5072/2762/2258
f 5274/2730/2227 5478/2731/2228 5479/2764/2260 5275/2763/2259
f 5478/2731/2228 5682/2732/2229 5683/2765/2261 5479/2764/2260
f 5682/2732/2229 5887/2733/2230 5888/2766/2262 5683/2765/2261
f 5887/2733/2230 6091/2734/2231 6092/2767/2263 5888/2766/2262
f 6091/2734/2231 6296/2735/2232 6297/2768/2264 6092/2767/2263
f 6296/2735/2232 6501/2736/2233 6502/2769/2265 6297/2768/2264
f 6501/2736/2233 143/2737/2203 144/2770/2235 6502/2769/2265
f 144/2739/2235 349/2738/2234 350/2771/2266 145/2772/2267
f 349/2738/2234 554/2740/2236 555/2773/2268 350/2771/2266
f 554/2740/2236 759/2741/2237 760/2774/2269 555/2773/2268
f 759/2741/2237 964/2742/2238 965/2775/2270 760/2774/2269
f 964/2742/2238 1168/2743/2239 1169/2776/2271 965/2775/2270
f 1168/2743/2239 1373/2744/2240 1374/2777/2272 1169/2776/2271
f 1373/2744/2240 1577/2745/2241 1578/2778/2273 1374/2777/2272
f 1577/2745/2241 1781/2746/2242 1782/2779/2274 1578/2778/2273
f 1781/2746/2242 1984/2747/2243 1985/2780/2275 1782/2779/2274
f 1984/2747/2243 2189/2748/2244 2190/2781/2276 1985/2780/2275
f 2189/2748/2244 2395/2749/2245 2396/2782/2277 2190/2781/2276
f 2395/2749/2245 2601/2750/2246 2602/2783/2278 2396/2782/2277
f 2601/2750/2246 2807/2751/2247 2808/2784/2279 2602/2783/2278
f 2807/2751/2247 3013/2752/2248 3014/2785/2280 2808/2784/2279
f 3013/2752/2248 3219/2753/2249 3220/2786/2281 3014/2785/2280
f 3219/2753/2249 3425/2754/2250 3426/2787/2282 3220/2786/2281
f 3425/2754/2250 3631/2755/2251 3632/2788/2283 3426/2787/2282
f 3631/2755/2251 3837/2756/2252 3838/2789/2284 3632/2788/2283
f 3837/2756/2252 4043/2757/2253 4044/2790/2285 3838/2789/2284
f 4043/2757/2253 4249/2758/2254 4250/2791/2286 4044/2790/2285
f 4249/2758/2254 4455/2759/2255 4456/2792/2287 4250/2791/2286
f 4455/2759/2255 4661/2760/2256 4662/2793/2288 4456/2792/2287
f 4661/2760/2256 4867/2761/2257 4868/2794/2289 4662/2793/2288
f 4867/2761/2257 5072/2762/2258 5073/2795/2290 4868/2794/2289
f 5072/2762/2258 5275/2763/2259 5276/2796/2291 5073/2795/2290
f 5275/2763/2259 5479/2764/2260 5480/2797/2292 5276/2796/2291
f 5479/2764/2260 5683/2765/2261 5684/2798/2293 5480/2797/2292
f 5683/2765/2261 5888/2766/2262 5889/2799/2294 5684/2798/2293
f 5888/2766/2262 6092/2767/2263 6093/2800/2295 5889/2799/2294
f 6092/2767/2263 6297/2768/2264 6298/2801/2296 6093/2800/2295
f 6297/2768/2264 6502/2769/2265 6503/2802/2297 6298/2801/2296
f 6502/2769/2265 144/2770/2235 145/2803/2267 6503/2802/2297
f 145/2772/2267 350/2771/2266 351/2804/2298 146/2805/2299
f 350/2771/2266 555/2773/2268 556/2806/2300 351/2804/2298
f 555/2773/2268 760/2774/2269 761/2807/2301 556/2806/2300
f 760/2774/2269 965/2775/2270 966/2808/2302 761/2807/2301
f 965/2775/2270 1169/2776/2271 1170/2809/2303 966/2808/2302
f 1169/2776/2271 1374/2777/2272 1375/2810/2304 1170/2809/2303
f 1374/2777/2272 1578/2778/2273 1579/2811/2305 1375/2810/2304
f 1578/2778/2273 1782/2779/2274 1783/2812/2306 1579/2811/2305
f 1782/2779/2274 1985/2780/2275 1986/2813/2307 1783/2812/2306
f 1985/2780/2275 2190/2781/2276 2191/2814/2308 1986/2813/2307
f 2190/2781/2276 2396/2782/2277 2397/2815/2309 2191/2814/2308
f 2396/2782/2277 2602/2783/2278 2603/2816/2310 2397/2815/2309
f 2602/2783/2278 2808/2784/2279 2809/2817/2311 2603/2816/2310
f 2808/2784/2279 3014/2785/2280 3015/2818/2312 2809/2817/2311
f 3014/2785/2280 3220/2786/2281 3221/2819/2313 3015/2818/2312
f 3220/2786/2281 3426/2787/2282 3427/2820/2314 3221/2819/2313
f 3426/2787/2282 3632/2788/2283 3633/2821/2315 3427/2820/2314
f 3632/2788/2283 3838/2789/2284 3839/2822/2316 3633/2821/2315
f 3838/2789/2284 4044/2790/2285 4045/2823/2317 3839/2822/2316
f 4044/2790/2285 4250/2791/2286 4251/2824/2318 4045/2823/2317
f 4250/2791/2286 4456/2792/2287 4457/2825/2319 4251/2824/2318
f 4456/2792/2287 4662/2793/2288 4663/2826/2320 4457/2825/2319
f 4662/2793/2288 4868/2794/2289 4869/2827/2321 4663/2826/2320
f 4868/2794/2289 5073/2795/2290 5074/2828/2322 4869/2827/2321
f 5073/2795/2290 5276/2796/2291 5277/2829/2323 5074/2828/2322
f 5276/2796/2291 5480/2797/2292 5481/2830/2324 5277/2829/2323
f 5480/2797/2292 5684/2798/2293 5685/2831/2325 5481/2830/2324
f 5684/2798/2293 5889/2799/2294 5890/2832/2326 5685/2831/2325
f 5889/2799/2294 6093/2800/2295 6094/2833/2327 5890/2832/2326
f 6093/2800/2295 6298/2801/2296 6299/2834/2328 6094/2833/2327
f 6298/2801/2296 6503/2802/2297 6504/2835/2329 6299/2834/2328
f 6503/2802/2297 145/2803/2267 146/2836/2299 6504/2835/2329
f 146/2805/2299 351/2804/2298 352/2837/2330 147/2838/2331
f 351/2804/2298 556/2806/2300 557/2839/2332 352/2837/2330
f 556/2806/2300 761/2807/2301 762/2840/2333 557/2839/2332
f 761/2807/2301 966/2808/2302 967/2841/2334 762/2840/2333
f 966/2808/2302 1170/2809/2303 1171/2842/2335 967/2841/2334
f 1170/2809/2303 1375/2810/2304 1376/2843/2336 1171/2842/2335
f 1375/2810/2304 1579/2811/2305 1580/2844/2337 1376/2843/2336
f 1579/2811/2305 1783/2812/2306 1784/2845/2338 1580/2844/2337
f 1783/2812/2306 1986/2813/2307 1987/2846/2339 1784/2845/2338
f 1986/2813/2307 2191/2814/2308 2192/2847/2340 1987/2846/2339
f 2191/2814/2308 2397/2815/2309 2398/2848/2341 2192/2847/2340
f 2397/2815/2309 2603/2816/2310 2604/2849/2342 2398/2848/2341
f 2603/2816/2310 2809/2817/2311 2810/2850/2343 2604/2849/2342
f 2809/2817/2311 3015/2818/2312 3016/2851/2344 2810/2850/2343
f 3015/2818/2312 3221/2819/2313 3222/2852/2345 3016/2851/2344
f 3221/2819/2313 3427/2820/2314 3428/2853/2346 3222/2852/2345
f 3427/2820/2314 3633/2821/2315 3634/2854/2347 3428/2853/2346
f 3633/2821/2315 3839/2822/2316 3840/2855/2348 3634/2854/2347
f 3839/2822/2316 4045/2823/2317 4046/2856/2349 3840/2855/2348
f 4045/2823/2317 4251/2824/2318 4252/2857/2350 4046/2856/2349
f 4251/2824/2318 4457/2825/2319 4458/2858/2351 4252/2857/2350
f 4457/2825/2319 4663/2826/2320 4664/2859/2352 4458/2858/2351
f 4663/2826/2320 4869/2827/2321 4870/2860/2353 4664/2859/2352
f 4869/2827/2321 5074/2828/2322 5075/2861/2354 4870/2860/2353
f 5074/2828/2322 5277/2829/2323 5278/2862/2355 5075/2861/2354
f 5277/2829/2323 5481/2830/2324 5482/2863/2356 5278/2862/2355
f 5481/2830/2324 5685/2831/2325 5686/2864/2357 5482/2863/2356
f 5685/2831/2325 5890/2832/2326 5891/2865/2358 5686/2864/2357
f 5890/2832/2326 6094/2833/2327 6095/2866/2359 5891/2865/2358
f 6094/2833/2327 6299/2834/2328 6300/2867/2360 6095/2866/2359
f 6299/2834/2328 6504/2835/2329 6505/2868/2361 6300/2867/2360
f 6504/2835/2329 146/2836/2299 147/2869/2331 6505/2868/2361
f 147/2838/2331 352/2837/2330 353/2870/2362 148/2871/2363
f 352/2837/2330 557/2839/2332 558/2872/2364 353/2870/2362
f 557/2839/2332 762/2840/2333 763/2873/2365 558/2872/2364
f 762/2840/2333 967/2841/2334 968/2874/2366 763/2873/2365
f 967/2841/2334 1171/2842/2335 1172/2875/2367 968/2874/2366
f 1171/2842/2335 1376/2843/2336 1377/2876/2368 1172/2875/2367
f 1376/2843/2336 1580/2844/2337 1581/2877/2369 1377/2876/2368
f 1580/2844/2337 1784/2845/2338 1785/2878/2370 1581/2877/2369
f 1784/2845/2338 1987/2846/2339 1988/2879/2371 1785/2878/2370
f 1987/2846/2339 2192/2847/2340 2193/2880/2372 1988/2879/2371
f 2192/2847/2340 2398/2848/2341 2399/2881/2373 2193/2880/2372
f 2398/2848/2341 2604/2849/2342 2605/2882/2374 2399/2881/2373
f 2604/2849/2342 2810/2850/2343 2811/2883/2375 2605/2882/2374
f 2810/2850/2343 3016/2851/2344 3017/2884/2376 2811/2883/2375
f 3016/2851/2344 3222/2852/2345 3223/2885/2377 3017/2884/2376
f 3222/2852/2345 3428/2853/2346 3429/2886/2378 3223/2885/2377
f 3428/2853/2346 3634/2854/2347 3635/2887/2379 3429/2886/2378
f 3634/2854/2347 3840/2855/2348 3841/2888/2380 3635/2887/2379
f 3840/2855/2348 4046/2856/2349 4047/2889/2381 3841/2888/2380
f 4046/2856/2349 4252/2857/2350 4253/2890/2382 4047/2889/2381
f 4252/2857/2350 4458/2858/2351 4459/2891/2383 4253/2890/2382
f 4458/2858/2351 4664/2859/2352 4665/2892/2384 4459/2891/2383
f 4664/2859/2352 4870/2860/2353 4871/2893/2385 4665/2892/2384
f 4870/2860/2353 5075/2861/2354 5076/2894/2386 4871/2893/2385
f 5075/2861/2354 5278/2862/2355 5279/2895/2387 5076/2894/2386
f 5278/2862/2355 5482/2863/2356 5483/2896/2388 5279/2895/2387
f 5482/2863/2356 5686/2864/2357 5687/2897/2389 5483/2896/2388
f 5686/2864/2357 5891/2865/2358 5892/2898/2390 5687/2897/2389
f 5891/2865/2358 6095/2866/2359 6096/2899/2391 5892/2898/2390
f 6095/2866/2359 6300/2867/2360 6301/2900/2392 6096/2899/2391
f 6300/2867/2360 6505/2868/2361 6506/2901/2393 6301/2900/2392
f 6505/2868/2361 147/2869/2331 148/2902/2363 6506/2901/2393
f 148/2871/2363 353/2870/2362 354/2903/2394 149/2904/2395
f 353/2870/2362 558/2872/2364 559/2905/2396 354/2903/2394
f 558/2872/2364 763/2873/2365 764/2906/2397 559/2905/2396
f 763/2873/2365 968/2874/2366 969/2907/2398 764/2906/2397
f 968/2874/2366 1172/2875/2367 1173/2908/2399 969/2907/2398
f 1172/2875/2367 1377/2876/2368 1378/2909/2400 1173/2908/2399
f 1377/2876/2368 1581/2877/2369 1582/2910/2401 1378/2909/2400
f 1581/2877/2369 1785/2878/2370 1786/2911/2402 1582/2910/2401
f 1785/2878/2370 1988/2879/2371 1989/2912/2403 1786/2911/2402
f 1988/2879/2371 2193/2880/2372 2194/2913/2404 1989/2912/2403
f 2193/2880/2372 2399/2881/2373 2400/2914/2405 2194/2913/2404
f 2399/2881/2373 2605/2882/2374 2606/2915/2406 2400/2914/2405
f 2605/2882/2374 2811/2883/2375 2812/2916/2407 2606/2915/2406
f 2811/2883/2375 3017/2884/2376 3018/2917/2408 2812/2916/2407
f 3017/2884/2376 3223/2885/2377 3224/2918/2409 3018/2917/2408
f 3223/2885/2377 3429/2886/2378 3430/2919/2410 3224/2918/2409
f 3429/2886/2378 3635/2887/2379 3636/2920/2411 3430/2919/2410
f 3635/2887/2379 3841/2888/2380 3842/2921/2412 3636/2920/2411
f 3841/2888/2380 4047/2889/2381 4048/2922/2413 3842/2921/2412
f 4047/2889/2381 4253/2890/2382 4254/2923/2414 4048/2922/2413
f 4253/2890/2382 4459/2891/2383 4460/2924/2415 4254/2923/2414
f 4459/2891/2383 4665/2892/2384 4666/2925/2416 4460/2924/2415
f 4665/2892/2384 4871/2893/2385 4872/2926/2417 4666/2925/2416
f 4871/2893/2385 5076/2894/2386 5077/2927/2418 4872/2926/2417
f 5076/2894/2386 5279/2895/2387 5280/2928/2419 5077/2927/2418
f 5279/2895/2387 5483/2896/2388 5484/2929/2420 5280/2928/2419
f 5483/2896/2388 5687/2897/2389 5688/2930/2421 5484/2929/2420
f 5687/2897/2389 5892/2898/2390 5893/2931/2422 5688/2930/2421
f 5892/2898/2390 6096/2899/2391 6097/2932/2423 5893/2931/2422
f 6096/2899/2391 6301/2900/2392 6302/2933/2424 6097/2932/2423
f 6301/2900/2392 6506/2901/2393 6507/2934/2425 6302/2933/2424
f 6506/2901/2393 148/2902/2363 149/2935/2395 6507/2934/2425
f 149/2904/2426 354/2903/2427 355/2936/2428 150/2937/2429
f 354/2903/2427 559/2905/2430 560/2938/2431 355/2936/2428
f 559/2905/2430 764/2906/2432 765/2939/2433 560/2938/2431
f 764/2906/2432 969/2907/2434 970/2940/2435 765/2939/2433
f 969/2907/2434 1173/2908/2436 1174/2941/2437 970/2940/2435
f 1173/2908/2436 1378/2909/2438 1379/2942/2439 1174/2941/2437
f 1378/2909/2438 1582/2910/2440 1583/2943/2441 1379/2942/2439
f 1582/2910/2440 1786/2911/2442 1787/2944/2443 1583/2943/2441
f 1786/2911/2442 1989/2912/2444 1990/2945/2445 1787/2944/2443
f 1989/2912/2444 2194/2913/2446 2195/2946/2447 1990/2945/2445
f 2194/2913/2446 2400/2914/2448 2401/2947/2449 2195/2946/2447
f 2400/2914/2448 2606/2915/2450 2607/2948/2451 2401/2947/2449
f 2606/2915/2450 2812/2916/2452 2813/2949/2453 2607/2948/2451
f 2812/2916/2452 3018/2917/2454 3019/2950/2455 2813/2949/2453
f 3018/2917/2454 3224/2918/2456 3225/2951/2457 3019/2950/2455
f 3224/2918/2456 3430/2919/2458 3431/2952/2459 3225/2951/2457
f 3430/2919/2458 3636/2920/2460 3637/2953/2461 3431/2952/2459
f 3636/2920/2460 3842/2921/2462 3843/2954/2463 3637/2953/2461
f 3842/2921/2462 4048/2922/2464 4049/2955/2465 3843/2954/2463
f 4048/2922/2464 4254/2923/2466 4255/2956/2467 4049/2955/2465
f 4254/2923/2466 4460/2924/2468 4461/2957/2469 4255/2956/2467
f 4460/2924/2468 4666/2925/2470 4667/2958/2471 4461/2957/2469
f 4666/2925/2470 4872/2926/2472 4873/2959/2473 4667/2958/2471
f 4872/2926/2472 5077/2927/2474 5078/2960/2475 4873/2959/2473
f 5077/2927/2474 5280/2928/2476 5281/2961/2477 5078/2960/2475
f 5280/2928/2476 5484/2929/2478 5485/2962/2479 5281/2961/2477
f 5484/2929/2478 5688/2930/2480 5689/2963/2481 5485/2962/2479
f 5688/2930/2480 5893/2931/2482 5894/2964/2483 5689/2963/2481
f 5893/2931/2482 6097/2932/2484 6098/2965/2485 5894/2964/2483
f 6097/2932/2484 6302/2933/2486 6303/2966/2487 6098/2965/2485
f 6302/2933/2486 6507/2934/2488 6508/2967/2489 6303/2966/2487
f 6507/2934/2488 149/2935/2426 150/2968/2429 6508/2967/2489
f 150/2937/2429 355/2936/2428 356/2969/2490 151/2970/2491
f 355/2936/2428 560/2938/2431 561/2971/2492 356/2969/2490
f 560/2938/2431 765/2939/2433 766/2972/2493 561/2971/2492
f 765/2939/2433 970/2940/2435 971/2973/2494 766/2972/2493
f 970/2940/2435 1174/2941/2437 1175/2974/2495 971/2973/2494
f 1174/2941/2437 1379/2942/2439 1380/2975/2496 1175/2974/2495
f 1379/2942/2439 1583/2943/2441 1584/2976/2497 1380/2975/2496
f 1583/2943/2441 1787/2944/2443 1788/2977/2498 1584/2976/2497
f 1787/2944/2443 1990/2945/2445 1991/2978/2499 1788/2977/2498
f 1990/2945/2445 2195/2946/2447 2196/2979/2500 1991/2978/2499
f 2195/2946/2447 2401/2947/2449 2402/2980/2501 2196/2979/2500
f 2401/2947/2449 2607/2948/2451 2608/2981/2502 2402/2980/2501
f 2607/2948/2451 2813/2949/2453 2814/2982/2503 2608/2981/2502
f 2813/2949/2453 3019/2950/2455 3020/2983/2504 2814/2982/2503
f 3019/2950/2455 3225/2951/2457 3226/2984/2505 3020/2983/2504
f 3225/2951/2457 3431/2952/2459 3432/2985/2506 3226/2984/2505
f 3431/2952/2459 3637/2953/2461 3638/2986/2507 3432/2985/2506
f 3637/2953/2461 3843/2954/2463 3844/2987/2508 3638/2986/2507
f 3843/2954/2463 4049/2955/2465 4050/2988/2509 3844/2987/2508
f 4049/2955/2465 4255/2956/2467 4256/2989/2510 4050/2988/2509
f 4255/2956/2467 4461/2957/2469 4462/2990/2511 4256/2989/2510
f 4461/2957/2469 4667/2958/2471 4668/2991/2512 4462/2990/2511
f 4667/2958/2471 4873/2959/2473 4874/2992/2513 4668/2991/2512
f 4873/2959/2473 5078/2960/2475 5079/2993/2514 4874/2992/2513
f 5078/2960/2475 5281/2961/2477 5282/2994/2515 5079/2993/2514
f 5281/2961/2477 5485/2962/2479 5486/2995/2516 5282/2994/2515
f 5485/2962/2479 5689/2963/2481 5690/2996/2517 5486/2995/2516
f 5689/2963/2481 5894/2964/2483 5895/2997/2518 5690/2996/2517
f 5894/2964/2483 6098/2965/2485 6099/2998/2519 5895/2997/2518
f 6098/2965/2485 6303/2966/2487 6304/2999/2520 6099/2998/2519
f 6303/2966/2487 6508/2967/2489 6509/3000/2521 6304/2999/2520
f 6508/2967/2489 150/2968/2429 151/3001/2491 6509/3000/2521
f 151/2970/2491 356/2969/2490 357/3002/2522 152/3003/2523
f 356/2969/2490 561/2971/2492 562/3004/2524 357/3002/2522
f 561/2971/2492 766/2972/2493 767/3005/2525 562/3004/2524
f 766/2972/2493 971/2973/2494 972/3006/2526 767/3005/2525
f 971/2973/2494 1175/2974/2495 1176/3007/2527 972/3006/2526
f 1175/2974/2495 1380/2975/2496 1381/3008/2528 1176/3007/2527
f 1380/2975/2496 1584/2976/2497 1585/3009/2529 1381/3008/2528
f 1584/2976/2497 1788/2977/2498 1789/3010/2530 1585/3009/2529
f 1788/2977/2498 1991/2978/2499 1992/3011/2531 1789/3010/2530
f 1991/2978/2499 2196/2979/2500 2197/3012/2532 1992/3011/2531
f 2196/2979/2500 2402/2980/2501 2403/3013/2533 2197/3012/2532
f 2402/2980/2501 2608/2981/2502 2609/3014/2534 2403/3013/2533
f 2608/2981/2502 2814/2982/2503 2815/3015/2535 2609/3014/2534
f 2814/2982/2503 3020/2983/2504 3021/3016/2536 2815/3015/2535
f 3020/2983/2504 3226/2984/2505 3227/3017/2537 3021/3016/2536
f 3226/2984/2505 3432/2985/2506 3433/3018/2538 3227/3017/2537
f 3432/2985/2506 3638/2986/2507 3639/3019/2539 3433/3018/2538
f 3638/2986/2507 3844/2987/2508 3845/3020/2540 3639/3019/2539
f 3844/2987/2508 4050/2988/2509 4051/3021/2541 3845/3020/2540
f 4050/2988/2509 4256/2989/2510 4257/3022/2542 4051/3021/2541
f 4256/2989/2510 4462/2990/2511 4463/3023/2543 4257/3022/2542
f 4462/2990/2511 4668/2991/2512 4669/3024/2544 4463/3023/2543
f 4668/2991/2512 4874/2992/2513 4875/3025/2545 4669/3024/2544
f 4874/2992/2513 5079/2993/2514 5080/3026/2546 4875/3025/2545
f 5079/2993/2514 5282/2994/2515 5283/3027/2547 5080/3026/2546
f 5282/2994/2515 5486/2995/2516 5487/3028/2548 5283/3027/2547
f 5486/2995/2516 5690/2996/2517 5691/3029/2549 5487/3028/2548
f 5690/2996/2517 5895/2997/2518 5896/3030/2550 5691/3029/2549
f 5895/2997/2518 6099/2998/2519 6100/3031/2551 5896/3030/2550
f 6099/2998/2519 6304/2999/2520 6305/3032/2552 6100/3031/2551
f 6304/2999/2520 6509/3000/2521 6510/3033/2553 6305/3032/2552
f 6509/3000/2521 151/3001/2491 152/3034/2523 6510/3033/2553
f 152/3003/2523 357/3002/2522 358/3035/2554 153/3036/2555
f 357/3002/2522 562/3004/2524 563/3037/2556 358/3035/2554
f 562/3004/2524 767/3005/2525 768/3038/2557 563/3037/2556
f 767/3005/2525 972/3006/2526 973/3039/2558 768/3038/2557
f 972/3006/2526 1176/3007/2527 1177/3040/2559 973/3039/2558
f 1176/3007/2527 1381/3008/2528 1382/3041/2560 1177/3040/2559
f 1381/3008/2528 1585/3009/2529 1586/3042/2561 1382/3041/2560
f 1585/3009/2529 1789/3010/2530 1790/3043/2562 1586/3042/2561
f 1789/3010/2530 1992/3011/2531 1993/3044/2563 1790/3043/2562
f 1992/3011/2531 2197/3012/2532 2198/3045/2564 1993/3044/2563
f 2197/3012/2532 2403/3013/2533 2404/3046/2565 2198/3045/2564
f 2403/3013/2533 2609/3014/2534 2610/3047/2566 2404/3046/2565
f 2609/3014/2534 2815/3015/2535 2816/3048/2567 2610/3047/2566
f 2815/3015/2535 3021/3016/2536 3022/3049/2568 2816/3048/2567
f 3021/3016/2536 3227/3017/2537 3228/3050/2569 3022/3049/2568
f 3227/3017/2537 3433/3018/2538 3434/3051/2570 3228/3050/2569
f 3433/3018/2538 3639/3019/2539 3640/3052/2571 3434/3051/2570
f 3639/3019/2539 3845/3020/2540 3846/3053/2572 3640/3052/2571
f 3845/3020/2540 4051/3021/2541 4052/3054/2573 3846/3053/2572
f 4051/3021/2541 4257/3022/2542 4258/3055/2574 4052/3054/2573
f 4257/3022/2542 4463/3023/2543 4464/3056/2575 4258/3055/2574
f 4463/3023/2543 4669/3024/2544 4670/3057/2576 4464/3056/2575
f 4669/3024/2544 4875/3025/2545 4876/3058/2577 4670/3057/2576
f 4875/3025/2545 5080/3026/2546 5081/3059/2578 4876/3058/2577
f 5080/3026/2546 5283/3027/2547 5284/3060/2579 5081/3059/2578
f 5283/3027/2547 5487/3028/2548 5488/3061/2580 5284/3060/2579
f 5487/3028/2548 5691/3029/2549 5692/3062/2581 5488/3061/2580
f 5691/3029/2549 5896/3030/2550 5897/3063/2582 5692/3062/2581
f 5896/3030/2550 6100/3031/2551 6101/3064/2583 5897/3063/2582
f 6100/3031/2551 6305/3032/2552 6306/3065/2584 6101/3064/2583
f 6305/3032/2552 6510/3033/2553 6511/3066/2585 6306/3065/2584
f 6510/3033/2553 152/3034/2523 153/3067/2555 6511/3066/2585
f 153/3036/2555 358/3035/2554 359/3068/2586 154/3069/2587
f 358/3035/2554 563/3037/2556 564/3070/2588 359/3068/2586
f 563/3037/2556 768/3038/2557 769/3071/2589 564/3070/2588
f 768/3038/2557 973/3039/2558 974/3072/2590 769/3071/2589
f 973/3039/2558 1177/3040/2559 1178/3073/2591 974/3072/2590
f 1177/3040/2559 1382/3041/2560 1383/3074/2592 1178/3073/2591
f 1382/3041/2560 1586/3042/2561 1587/3075/2593 1383/3074/2592
f 1586/3042/2561 1790/3043/2562 1791/3076/2594 1587/3075/2593
f 1790/3043/2562 1993/3044/2563 1994/3077/2595 1791/3076/2594
f 1993/3044/2563 2198/3045/2564 2199/3078/2596 1994/3077/2595
f 2198/3045/2564 2404/3046/2565 2405/3079/2597 2199/3078/2596
f 2404/3046/2565 2610/3047/2566 2611/3080/2598 2405/3079/2597
f 2610/3047/2566 2816/3048/2567 2817/3081/2599 2611/3080/2598
f 2816/3048/2567 3022/3049/2568 3023/3082/2600 2817/3081/2599
f 3022/3049/2568 3228/3050/2569 3229/3083/2601 3023/3082/2600
f 3228/3050/2569 3434/3051/2570 3435/3084/2602 3229/3083/2601
f 3434/3051/2570 3640/3052/2571 3641/3085/2603 3435/3084/2602
f 3640/3052/2571 3846/3053/2572 3847/3086/2604 3641/3085/2603
f 3846/3053/2572 4052/3054/2573 4053/3087/2605 3847/3086/2604
f 4052/3054/2573 4258/3055/2574 4259/3088/2606 4053/3087/2605
f 4258/3055/2574 4464/3056/2575 4465/3089/2607 4259/3088/2606
f 4464/3056/2575 4670/3057/2576 4671/3090/2608 4465/3089/2607
f 4670/3057/2576 4876/3058/2577 4877/3091/2609 4671/3090/2608
f 4876/3058/2577 5081/3059/2578 5082/3092/2610 4877/3091/2609
f 5081/3059/2578 5284/3060/2579 5285/3093/2611 5082/3092/2610
f 5284/3060/2579 5488/3061/2580 5489/3094/2612 5285/3093/2611
f 5488/3061/2580 5692/3062/2581 5693/3095/2613 5489/3094/2612
f 5692/3062/2581 5897/3063/2582 5898/3096/2614 5693/3095/2613
f 5897/3063/2582 6101/3064/2583 6102/3097/2615 5898/3096/2614
f 6101/3064/2583 6306/3065/2584 6307/3098/2616 6102/3097/2615
f 6306/3065/2584 6511/3066/2585 6512/3099/2617 6307/3098/2616
f 6511/3066/2585 153/3067/2555 154/3100/2587 6512/3099/2617
f 154/3069/2587 359/3068/2586 360/3101/2618 155/3102/2619
f 359/3068/2586 564/3070/2588 565/3103/2620 360/3101/2618
f 564/3070/2588 769/3071/2589 770/3104/2621 565/3103/2620
f 769/3071/2589 974/3072/2590 975/3105/2622 770/3104/2621
f 974/3072/2590 1178/3073/2591 1179/3106/2623 975/3105/2622
f 1178/3073/2591 1383/3074/2592 1384/3107/2624 1179/3106/2623
f 1383/3074/2592 1587/3075/2593 1588/3108/2625 1384/3107/2624
f 1587/3075/2593 1791/3076/2594 1792/3109/2626 1588/3108/2625
f 1791/3076/2594 1994/3077/2595 1995/3110/2627 1792/3109/2626
f 1994/3077/2595 2199/3078/2596 2200/3111/2628 1995/3110/2627
f 2199/3078/2596 2405/3079/2597 2406/3112/2629 2200/3111/2628
f 2405/3079/2597 2611/3080/2598 2612/3113/2630 2406/3112/2629
f 2611/3080/2598 2817/3081/2599 2818/3114/2631 2612/3113/2630
f 2817/3081/2599 3023/3082/2600 3024/3115/2632 2818/3114/2631
f 3023/3082/2600 3229/3083/2601 3230/3116/2633 3024/3115/2632
f 3229/3083/2601 3435/3084/2602 3436/3117/2634 3230/3116/2633
f 3435/3084/2602 3641/3085/2603 3642/3118/2635 3436/3117/2634
f 3641/3085/2603 3847/3086/2604 3848/3119/2636 3642/3118/2635
f 3847/3086/2604 4053/3087/2605 4054/3120/2637 3848/3119/2636
f 4053/3087/2605 4259/3088/2606 4260/3121/2638 4054/3120/2637
f 4259/3088/2606 4465/3089/2607 4466/3122/2639 4260/3121/2638
f 4465/3089/2607 4671/3090/2608 4672/3123/2640 4466/3122/2639
f 4671/3090/2608 4877/3091/2609 4878/3124/2641 4672/3123/2640
f 4877/3091/2609 5082/3092/2610 5083/3125/2642 4878/3124/2641
f 5082/3092/2610 5285/3093/2611 5286/3126/2643 5083/3125/2642
f 5285/3093/2611 5489/3094/2612 5490/3127/2644 5286/3126/2643
f 5489/3094/2612 5693/3095/2613 5694/3128/2645 5490/3127/2644
f 5693/3095/2613 5898/3096/2614 5899/3129/2646 5694/3128/2645
f 5898/3096/2614 6102/3097/2615 6103/3130/2647 5899/3129/2646
f 6102/3097/2615 6307/3098/2616 6308/3131/2648 6103/3130/2647
f 6307/3098/2616 6512/3099/2617 6513/3132/2649 6308/3131/2648
f 6512/3099/2617 154/3100/2587 155/3133/2619 6513/3132/2649
f 155/3102/2619 360/3101/2618 361/3134/2650 156/3135/2651
f 360/3101/2618 565/3103/2620 566/3136/2652 361/3134/2650
f 565/3103/2620 770/3104/2621 771/3137/2653 566/3136/2652
f 770/3104/2621 975/3105/2622 976/3138/2654 771/3137/2653
f 975/3105/2622 1179/3106/2623 1180/3139/2655 976/3138/2654
f 1179/3106/2623 1384/3107/2624 1385/3140/2656 1180/3139/2655
f 1384/3107/2624 1588/3108/2625 1589/3141/2657 1385/3140/2656
f 1588/3108/2625 1792/3109/2626 1793/3142/2658 1589/3141/2657
f 1792/3109/2626 1995/3110/2627 1996/3143/2659 1793/3142/2658
f 1995/3110/2627 2200/3111/2628 2201/3144/2660 1996/3143/2659
f 2200/3111/2628 2406/3112/2629 2407/3145/2661 2201/3144/2660
f 2406/3112/2629 2612/3113/2630 2613/3146/2662 2407/3145/2661
f 2612/3113/2630 2818/3114/2631 2819/3147/2663 2613/3146/2662
f 2818/3114/2631 3024/3115/2632 3025/3148/2664 2819/3147/2663
f 3024/3115/2632 3230/3116/2633 3231/3149/2665 3025/3148/2664
f 3230/3116/2633 3436/3117/2634 3437/3150/2666 3231/3149/2665
f 3436/3117/2634 3642/3118/2635 3643/3151/2667 3437/3150/2666
f 3642/3118/2635 3848/3119/2636 3849/3152/2668 3643/3151/2667
f 3848/3119/2636 4054/3120/2637 4055/3153/2669 3849/3152/2668
f 4054/3120/2637 4260/3121/2638 4261/3154/2670 4055/3153/2669
f 4260/3121/2638 4466/3122/2639 4467/3155/2671 4261/3154/2670
f 4466/3122/2639 4672/3123/2640 4673/3156/2672 4467/3155/2671
f 4672/3123/2640 4878/3124/2641 4879/3157/2673 4673/3156/2672
f 4878/3124/2641 5083/3125/2642 5084/3158/2674 4879/3157/2673
f 5083/3125/2642 5286/3126/2643 5287/3159/2675 5084/3158/2674
f 5286/3126/2643 5490/3127/2644 5491/3160/2676 5287/3159/2675
f 5490/3127/2644 5694/3128/2645 5695/3161/2677 5491/3160/2676
f 5694/3128/2645 5899/3129/2646 5900/3162/2678 5695/3161/2677
f 5899/3129/2646 6103/3130/2647 6104/3163/2679 5900/3162/2678
f 6103/3130/2647 6308/3131/2648 6309/3164/2680 6104/3163/2679
f 6308/3131/2648 6513/3132/2649 6514/3165/2681 6309/3164/2680
f 6513/3132/2649 155/3133/2619 156/3166/2651 6514/3165/2681
f 156/3135/2651 361/3134/2650 362/3167/2682 157/3168/2683
f 361/3134/2650 566/3136/2652 567/3169/2684 362/3167/2682
f 566/3136/2652 771/3137/2653 772/3170/2685 567/3169/2684
f 771/3137/2653 976/3138/2654 977/3171/2686 772/3170/2685
f 976/3138/2654 1180/3139/2655 1181/3172/2687 977/3171/2686
f 1180/3139/2655 1385/3140/2656 1386/3173/2688 1181/3172/2687
f 1385/3140/2656 1589/3141/2657 1590/3174/2689 1386/3173/2688
f 1589/3141/2657 1793/3142/2658 1794/3175/2690 1590/3174/2689
f 1793/3142/2658 1996/3143/2659 1997/3176/2691 1794/3175/2690
f 1996/3143/2659 2201/3144/2660 2202/3177/2692 1997/3176/2691
f 2201/3144/2660 2407/3145/2661 2408/3178/2693 2202/3177/2692
f 2407/3145/2661 2613/3146/2662 2614/3179/2694 2408/3178/2693
f 2613/3146/2662 2819/3147/2663 2820/3180/2695 2614/3179/2694
f 2819/3147/2663 3025/3148/2664 3026/3181/2696 2820/3180/2695
f 3025/3148/2664 3231/3149/2665 3232/3182/2697 3026/3181/2696
f 3231/3149/2665 3437/3150/2666 3438/3183/2698 3232/3182/2697
f 3437/3150/2666 3643/3151/2667 3644/3184/2699 3438/3183/2698
f 3643/3151/2667 3849/3152/2668 3850/3185/2700 3644/3184/2699
f 3849/3152/2668 4055/3153/2669 4056/3186/2701 3850/3185/2700
f 4055/3153/2669 4261/3154/2670 4262/3187/2702 4056/3186/2701
f 4261/3154/2670 4467/3155/2671 4468/3188/2703 4262/3187/2702
f 4467/3155/2671 4673/3156/2672 4674/3189/2704 4468/3188/2703
f 4673/3156/2672 4879/3157/2673 4880/3190/2705 4674/3189/2704
f 4879/3157/2673 5084/3158/2674 5085/3191/2706 4880/3190/2705
f 5084/3158/2674 5287/3159/2675 5288/3192/2707 5085/3191/2706
f 5287/3159/2675 5491/3160/2676 5492/3193/2708 5288/3192/2707
f 5491/3160/2676 5695/3161/2677 5696/3194/2709 5492/3193/2708
f 5695/3161/2677 5900/3162/2678 5901/3195/2710 5696/3194/2709
f 5900/3162/2678 6104/3163/2679 6105/3196/2711 5901/3195/2710
f 6104/3163/2679 6309/3164/2680 6310/3197/2712 6105/3196/2711
f 6309/3164/2680 6514/3165/2681 6515/3198/2713 6310/3197/2712
f 6514/3165/2681 156/3166/2651 157/3199/2683 6515/3198/2713
f 157/3168/2683 362/3167/2682 363/3200/2714 158/3201/2715
f 362/3167/2682 567/3169/2684 568/3202/2716 363/3200/2714
f 567/3169/2684 772/3170/2685 773/3203/2717 568/3202/2716
f 772/3170/2685 977/3171/2686 978/3204/2718 773/3203/2717
f 977/3171/2686 1181/3172/2687 1182/3205/2719 978/3204/2718
f 1181/3172/2687 1386/3173/2688 1387/3206/2720 1182/3205/2719
f 1386/3173/2688 1590/3174/2689 1591/3207/2721 1387/3206/2720
f 1590/3174/2689 1794/3175/2690 1795/3208/2722 1591/3207/2721
f 1794/3175/2690 1997/3176/2691 1998/3209/2723 1795/3208/2722
f 1997/3176/2691 2202/3177/2692 2203/3210/2724 1998/3209/2723
f 2202/3177/2692 2408/3178/2693 2409/3211/2725 2203/3210/2724
f 2408/3178/2693 2614/3179/2694 2615/3212/2726 2409/3211/2725
f 2614/3179/2694 2820/3180/2695 2821/3213/2727 2615/3212/2726
f 2820/3180/2695 3026/3181/2696 3027/3214/2728 2821/3213/2727
f 3026/3181/2696 3232/3182/2697 3233/3215/2729 3027/3214/2728
f 3232/3182/2697 3438/3183/2698 3439/3216/2730 3233/3215/2729
f 3438/3183/2698 3644/3184/2699 3645/3217/2731 3439/3216/2730
f 3644/3184/2699 3850/3185/2700 3851/3218/2732 3645/3217/2731
f 3850/3185/2700 4056/3186/2701 4057/3219/2733 3851/3218/2732
f 4056/3186/2701 4262/3187/2702 4263/3220/2734 4057/3219/2733
f 4262/3187/2702 4468/3188/2703 4469/3221/2735 4263/3220/2734
f 4468/3188/2703 4674/3189/2704 4675/3222/2736 4469/3221/2735
f 4674/3189/2704 4880/3190/2705 4881/3223/2737 4675/3222/2736
f 4880/3190/2705 5085/3191/2706 5086/3224/2738 4881/3223/2737
f 5085/3191/2706 5288/3192/2707 5289/3225/2739 5086/3224/2738
f 5288/3192/2707 5492/3193/2708 5493/3226/2740 5289/3225/2739
f 5492/3193/2708 5696/3194/2709 5697/3227/2741 5493/3226/2740
f 5696/3194/2709 5901/3195/2710 5902/3228/2742 5697/3227/2741
f 5901/3195/2710 6105/3196/2711 6106/3229/2743 5902/3228/2742
f 6105/3196/2711 6310/3197/2712 6311/3230/2744 6106/3229/2743
f 6310/3197/2712 6515/3198/2713 6516/3231/2745 6311/3230/2744
f 6515/3198/2713 157/3199/2683 158/3232/2715 6516/3231/2745
f 158/3201/2715 363/3200/2714 364/3233/2746 159/3234/2747
f 363/3200/2714 568/3202/2716 569/3235/2748 364/3233/2746
f 568/3202/2716 773/3203/2717 774/3236/2749 569/3235/2748
f 773/3203/2717 978/3204/2718 979/3237/2750 774/3236/2749
f 978/3204/2718 1182/3205/2719 1183/3238/2751 979/3237/2750
f 1182/3205/2719 1387/3206/2720 1388/3239/2752 1183/3238/2751
f 1387/3206/2720 1591/3207/2721 1592/3240/2753 1388/3239/2752
f 1591/3207/2721 1795/3208/2722 1796/3241/2754 1592/3240/2753
f 1795/3208/2722 1998/3209/2723 1999/3242/2755 1796/3241/2754
f 1998/3209/2723 2203/3210/2724 2204/3243/2756 1999/3242/2755
f 2203/3210/2724 2409/3211/2725 2410/3244/2757 2204/3243/2756
f 2409/3211/2725 2615/3212/2726 2616/3245/2758 2410/3244/2757
f 2615/3212/2726 2821/3213/2727 2822/3246/2759 2616/3245/2758
f 2821/3213/2727 3027/3214/2728 3028/3247/2760 2822/3246/2759
f 3027/3214/2728 3233/3215/2729 3234/3248/2761 3028/3247/2760
f 3233/3215/2729 3439/3216/2730 3440/3249/2762 3234/3248/2761
f 3439/3216/2730 3645/3217/2731 3646/3250/2763 3440/3249/2762
f 3645/3217/2731 3851/3218/2732 3852/3251/2764 3646/3250/2763
f 3851/3218/2732 4057/3219/2733 4058/3252/2765 3852/3251/2764
f 4057/3219/2733 4263/3220/2734 4264/3253/2766 4058/3252/2765
f 4263/3220/2734 4469/3221/2735 4470/3254/2767 4264/3253/2766
f 4469/3221/2735 4675/3222/2736 4676/3255/2768 4470/3254/2767
f 4675/3222/2736 4881/3223/2737 4882/3256/2769 4676/3255/2768
f 4881/3223/2737 5086/3224/2738 5087/3257/2770 4882/3256/2769
f 5086/3224/2738 5289/3225/2739 5290/3258/2771 5087/3257/2770
f 5289/3225/2739 5493/3226/2740 5494/3259/2772 5290/3258/2771
f 5493/3226/2740 5697/3227/2741 5698/3260/2773 5494/3259/2772
f 5697/3227/2741 5902/3228/2742 5903/3261/2774 5698/3260/2773
f 5902/3228/2742 6106/3229/2743 6107/3262/2775 5903/3261/2774
f 6106/3229/2743 6311/3230/2744 6312/3263/2776 6107/3262/2775
f 6311/3230/2744 6516/3231/2745 6517/3264/2777 6312/3263/2776
f 6516/3231/2745 158/3232/2715 159/3265/2747 6517/3264/2777
f 159/3234/2747 364/3233/2746 365/3266/2778 160/3267/2779
f 364/3233/2746 569/3235/2748 570/3268/2780 365/3266/2778
f 569/3235/2748 774/3236/2749 775/3269/2781 570/3268/2780
f 774/3236/2749 979/3237/2750 980/3270/2782 775/3269/2781
f 979/3237/2750 1183/3238/2751 1184/3271/2783 980/3270/2782
f 1183/3238/2751 1388/3239/2752 1389/3272/2784 1184/3271/2783
f 1388/3239/2752 1592/3240/2753 1593/3273/2785 1389/3272/2784
f 1592/3240/2753 1796/3241/2754 1797/3274/2786 1593/3273/2785
f 1796/3241/2754 1999/3242/2755 2000/3275/2787 1797/3274/2786
f 1999/3242/2755 2204/3243/2756 2205/3276/2788 2000/3275/2787
f 2204/3243/2756 2410/3244/2757 2411/3277/2789 2205/3276/2788
f 2410/3244/2757 2616/3245/2758 2617/3278/2790 2411/3277/2789
f 2616/3245/2758 2822/3246/2759 2823/3279/2791 2617/3278/2790
f 2822/3246/2759 3028/3247/2760 3029/3280/2792 2823/3279/2791
f 3028/3247/2760 3234/3248/2761 3235/3281/2793 3029/3280/2792
f 3234/3248/2761 3440/3249/2762 3441/3282/2794 3235/3281/2793
f 3440/3249/2762 3646/3250/2763 3647/3283/2795 3441/3282/2794
f 3646/3250/2763 3852/3251/2764 3853/3284/2796 3647/3283/2795
f 3852/3251/2764 4058/3252/2765 4059/3285/2797 3853/3284/2796
f 4058/3252/2765 4264/3253/2766 4265/3286/2798 4059/3285/2797
f 4264/3253/2766 4470/3254/2767 4471/3287/2799 4265/3286/2798
f 4470/3254/2767 4676/3255/2768 4677/3288/2800 4471/3287/2799
f 4676/3255/2768 4882/3256/2769 4883/3289/2801 4677/3288/2800
f 4882/3256/2769 5087/3257/2770 5088/3290/2802 4883/3289/2801
f 5087/3257/2770 5290/3258/2771 5291/3291/2803 5088/3290/2802
f 5290/3258/2771 5494/3259/2772 5495/3292/2804 5291/3291/2803
f 5494/3259/2772 5698/3260/2773 5699/3293/2805 5495/3292/2804
f 5698/3260/2773 5903/3261/2774 5904/3294/2806 5699/3293/2805
f 5903/3261/2774 6107/3262/2775 6108/3295/2807 5904/3294/2806
f 6107/3262/2775 6312/3263/2776 6313/3296/2808 6108/3295/2807
f 6312/3263/2776 6517/3264/2777 6518/3297/2809 6313/3296/2808
f 6517/3264/2777 159/3265/2747 160/3298/2779 6518/3297/2809
f 160/3267/2779 365/3266/2778 366/3299/2810 161/3300/2811
f 365/3266/2778 570/3268/2780 571/3301/2812 366/3299/2810
f 570/3268/2780 775/3269/2781 776/3302/2813 571/3301/2812
f 775/3269/2781 980/3270/2782 981/3303/2814 776/3302/2813
f 980/3270/2782 1184/3271/2783 1185/3304/2815 981/3303/2814
f 1184/3271/2783 1389/3272/2784 1390/3305/2816 1185/3304/2815
f 1389/3272/2784 1593/3273/2785 1594/3306/2817 1390/3305/2816
f 1593/3273/2785 1797/3274/2786 1798/3307/2818 1594/3306/2817
f 1797/3274/2786 2000/3275/2787 2001/3308/2819 1798/3307/2818
f 2000/3275/2787 2205/3276/2788 2206/3309/2820 2001/3308/2819
f 2205/3276/2788 2411/3277/2789 2412/3310/2821 2206/3309/2820
f 2411/3277/2789 2617/3278/2790 2618/3311/2822 2412/3310/2821
f 2617/3278/2790 2823/3279/2791 2824/3312/2823 2618/3311/2822
f 2823/3279/2791 3029/3280/2792 3030/3313/2824 2824/3312/2823
f 3029/3280/2792 3235/3281/2793 3236/3314/2825 3030/3313/2824
f 3235/3281/2793 3441/3282/2794 3442/3315/2826 3236/3314/2825
f 3441/3282/2794 3647/3283/2795 3648/3316/2827 3442/3315/2826
f 3647/3283/2795 3853/3284/2796 3854/3317/2828 3648/3316/2827
f 3853/3284/2796 4059/3285/2797 4060/3318/2829 3854/3317/2828
f 4059/3285/2797 4265/3286/2798 4266/3319/2830 4060/3318/2829
f 4265/3286/2798 4471/3287/2799 4472/3320/2831 4266/3319/2830
f 4471/3287/2799 4677/3288/2800 4678/3321/2832 4472/3320/2831
f 4677/3288/2800 4883/3289/2801 4884/3322/2833 4678/3321/2832
f 4883/3289/2801 5088/3290/2802 5089/3323/2834 4884/3322/2833
f 5088/3290/2802 5291/3291/2803 5292/3324/2835 5089/3323/2834
f 5291/3291/2803 5495/3292/2804 5496/3325/2836 5292/3324/2835
f 5495/3292/2804 5699/3293/2805 5700/3326/2837 5496/3325/2836
f 5699/3293/2805 5904/3294/2806 5905/3327/2838 5700/3326/2837
f 5904/3294/2806 6108/3295/2807 6109/3328/2839 5905/3327/2838
f 6108/3295/2807 6313/3296/2808 6314/3329/2840 6109/3328/2839
f 6313/3296/2808 6518/3297/2809 6519/3330/2841 6314/3329/2840
f 6518/3297/2809 160/3298/2779 161/3331/2811 6519/3330/2841
f 161/3300/32 366/3299/32 367/3332/32 162/3300/32
f 366/3299/32 571/3301/32 572/3333/32 367/3332/32
f 571/3301/32 776/3302/32 777/3334/32 572/3333/32
f 776/3302/32 981/3303/32 982/3335/32 777/3334/32
f 981/3303/32 1185/3304/32 1186/3336/32 982/3335/32
f 1185/3304/32 1390/3305/32 1391/3337/32 1186/3336/32
f 1390/3305/32 1594/3306/32 1595/3306/32 1391/3337/32
f 1594/3306/32 1798/3307/32 1799/3338/32 1595/3306/32
f 1798/3307/32 2001/3308/32 2002/3339/32 1799/3338/32
f 2001/3308/32 2206/3309/32 2207/3340/32 2002/3339/32
f 2206/3309/32 2412/3310/32 2413/3341/32 2207/3340/32
f 2412/3310/32 2618/3311/32 2619/3342/32 2413/3341/32
f 2618/3311/32 2824/3312/32 2825/3343/32 2619/3342/32
f 2824/3312/32 3030/3313/32 3031/3313/32 2825/3343/32
f 3030/3313/32 3236/3314/32 3237/3344/32 3031/3313/32
f 3236/3314/32 3442/3315/32 3443/3345/32 3237/3344/32
f 3442/3315/32 3648/3316/32 3649/3346/32 3443/3345/32
f 3648/3316/32 3854/3317/32 3855/3347/32 3649/3346/32
f 3854/3317/32 4060/3318/32 4061/3348/32 3855/3347/32
f 4060/3318/32 4266/3319/32 4267/3319/32 4061/3348/32
f 4266/3319/32 4472/3320/32 4473/3320/32 4267/3319/32
f 4472/3320/32 4678/3321/32 4679/3349/32 4473/3320/32
f 4678/3321/32 4884/3322/32 4885/3350/32 4679/3349/32
f 4884/3322/32 5089/3323/32 5090/3351/32 4885/3350/32
f 5089/3323/32 5292/3324/32 5293/3352/32 5090/3351/32
f 5292/3324/32 5496/3325/32 5497/3353/32 5293/3352/32
f 5496/3325/32 5700/3326/32 5701/3354/32 5497/3353/32
f 5700/3326/32 5905/3327/32 5906/3327/32 5701/3354/32
f 5905/3327/32 6109/3328/32 6110/3355/32 5906/3327/32
f 6109/3328/32 6314/3329/32 6315/3356/32 6110/3355/32
f 6314/3329/32 6519/3330/32 6520/3357/32 6315/3356/32
f 6519/3330/32 161/3331/32 162/3331/32 6520/3357/32
f 162/3300/32 367/3332/32 368/3358/32 163/3300/32
f 367/3332/32 572/3333/32 573/3333/32 368/3358/32
f 572/3333/32 777/3334/32 778/3359/32 573/3333/32
f 777/3334/32 982/3335/32 983/3360/32 778/3359/32
f 982/3335/32 1186/3336/32 1187/3361/32 983/3360/32
f 1186/3336/32 1391/3337/32 1392/3362/32 1187/3361/32
f 1391/3337/32 1595/3306/32 1596/3363/32 1392/3362/32
f 1595/3306/32 1799/3338/32 1800/3364/32 1596/3363/32
f 1799/3338/32 2002/3339/32 2003/3308/32 1800/3364/32
f 2002/3339/32 2207/3340/32 2208/3365/32 2003/3308/32
f 2207/3340/32 2413/3341/32 2414/3310/32 2208/3365/32
f 2413/3341/32 2619/3342/32 2620/3366/32 2414/3310/32
f 2619/3342/32 2825/3343/32 2826/3367/32 2620/3366/32
f 2825/3343/32 3031/3313/32 3032/3368/32 2826/3367/32
f 3031/3313/32 3237/3344/32 3238/3369/32 3032/3368/32
f 3237/3344/32 3443/3345/32 3444/3370/32 3238/3369/32
f 3443/3345/32 3649/3346/32 3650/3316/32 3444/3370/32
f 3649/3346/32 3855/3347/32 3856/3371/32 3650/3316/32
f 3855/3347/32 4061/3348/32 4062/3318/32 3856/3371/32
f 4061/3348/32 4267/3319/32 4268/3372/32 4062/3318/32
f 4267/3319/32 4473/3320/32 4474/3373/32 4268/3372/32
f 4473/3320/32 4679/3349/32 4680/3321/32 4474/3373/32
f 4679/3349/32 4885/3350/32 4886/3322/32 4680/3321/32
f 4885/3350/32 5090/3351/32 5091/3374/32 4886/3322/32
f 5090/3351/32 5293/3352/32 5294/3352/32 5091/3374/32
f 5293/3352/32 5497/3353/32 5498/3375/32 5294/3352/32
f 5497/3353/32 5701/3354/32 5702/3376/32 5498/3375/32
f 5701/3354/32 5906/3327/32 5907/3377/32 5702/3376/32
f 5906/3327/32 6110/3355/32 6111/3355/32 5907/3377/32
f 6110/3355/32 6315/3356/32 6316/3378/32 6111/3355/32
f 6315/3356/32 6520/3357/32 6521/3379/32 6316/3378/32
f 6520/3357/32 162/3331/32 163/3380/32 6521/3379/32
f 163/3300/32 368/3358/32 369/3332/32 164/3300/32
f 368/3358/32 573/3333/32 574/3381/32 369/3332/32
f 573/3333/32 778/3359/32 779/3382/32 574/3381/32
f 778/3359/32 983/3360/32 984/3335/32 779/3382/32
f 983/3360/32 1187/3361/32 1188/3361/32 984/3335/32
f 1187/3361/32 1392/3362/32 1393/3383/32 1188/3361/32
f 1392/3362/32 1596/3363/32 1597/3306/32 1393/3383/32
f 1596/3363/32 1800/3364/32 1801/3384/32 1597/3306/32
f 1800/3364/32 2003/3308/32 2004/3385/32 1801/3384/32
f 2003/3308/32 2208/3365/32 2209/3386/32 2004/3385/32
f 2208/3365/32 2414/3310/32 2415/3310/32 2209/3386/32
f 2414/3310/32 2620/3366/32 2621/3387/32 2415/3310/32
f 2620/3366/32 2826/3367/32 2827/3388/32 2621/3387/32
f 2826/3367/32 3032/3368/32 3033/3389/32 2827/3388/32
f 3032/3368/32 3238/3369/32 3239/3314/32 3033/3389/32
f 3238/3369/32 3444/3370/32 3445/3315/32 3239/3314/32
f 3444/3370/32 3650/3316/32 3651/3390/32 3445/3315/32
f 3650/3316/32 3856/3371/32 3857/3391/32 3651/3390/32
f 3856/3371/32 4062/3318/32 4063/3392/32 3857/3391/32
f 4062/3318/32 4268/3372/32 4269/3319/32 4063/3392/32
f 4268/3372/32 4474/3373/32 4475/3320/32 4269/3319/32
f 4474/3373/32 4680/3321/32 4681/3393/32 4475/3320/32
f 4680/3321/32 4886/3322/32 4887/3394/32 4681/3393/32
f 4886/3322/32 5091/3374/32 5092/3395/32 4887/3394/32
f 5091/3374/32 5294/3352/32 5295/3396/32 5092/3395/32
f 5294/3352/32 5498/3375/32 5499/3325/32 5295/3396/32
f 5498/3375/32 5702/3376/32 5703/3326/32 5499/3325/32
f 5702/3376/32 5907/3377/32 5908/3327/32 5703/3326/32
f 5907/3377/32 6111/3355/32 6112/3328/32 5908/3327/32
f 6111/3355/32 6316/3378/32 6317/3329/32 6112/3328/32
f 6316/3378/32 6521/3379/32 6522/3397/32 6317/3329/32
f 6521/3379/32 163/3380/32 164/3331/32 6522/3397/32
f 164/3300/32 369/3332/32 370/3332/32 165/3300/32
f 369/3332/32 574/3381/32 575/3333/32 370/3332/32
f 574/3381/32 779/3382/32 780/3398/32 575/3333/32
f 779/3382/32 984/3335/32 985/3399/32 780/3398/32
f 984/3335/32 1188/3361/32 1189/3400/32 985/3399/32
f 1188/3361/32 1393/3383/32 1394/3401/32 1189/3400/32
f 1393/3383/32 1597/3306/32 1598/3306/32 1394/3401/32
f 1597/3306/32 1801/3384/32 1802/3384/32 1598/3306/32
f 1801/3384/32 2004/3385/32 2005/3308/32 1802/3384/32
f 2004/3385/32 2209/3386/32 2210/3309/32 2005/3308/32
f 2209/3386/32 2415/3310/32 2416/3402/32 2210/3309/32
f 2415/3310/32 2621/3387/32 2622/3342/32 2416/3402/32
f 2621/3387/32 2827/3388/32 2828/3388/32 2622/3342/32
f 2827/3388/32 3033/3389/32 3034/3368/32 2828/3388/32
f 3033/3389/32 3239/3314/32 3240/3403/32 3034/3368/32
f 3239/3314/32 3445/3315/32 3446/3404/32 3240/3403/32
f 3445/3315/32 3651/3390/32 3652/3405/32 3446/3404/32
f 3651/3390/32 3857/3391/32 3858/3406/32 3652/3405/32
f 3857/3391/32 4063/3392/32 4064/3407/32 3858/3406/32
f 4063/3392/32 4269/3319/32 4270/3372/32 4064/3407/32
f 4269/3319/32 4475/3320/32 4476/3408/32 4270/3372/32
f 4475/3320/32 4681/3393/32 4682/3409/32 4476/3408/32
f 4681/3393/32 4887/3394/32 4888/3410/32 4682/3409/32
f 4887/3394/32 5092/3395/32 5093/3323/32 4888/3410/32
f 5092/3395/32 5295/3396/32 5296/3411/32 5093/3323/32
f 5295/3396/32 5499/3325/32 5500/3325/32 5296/3411/32
f 5499/3325/32 5703/3326/32 5704/3326/32 5500/3325/32
f 5703/3326/32 5908/3327/32 5909/3327/32 5704/3326/32
f 5908/3327/32 6112/3328/32 6113/3355/32 5909/3327/32
f 6112/3328/32 6317/3329/32 6318/3356/32 6113/3355/32
f 6317/3329/32 6522/3397/32 6523/3412/32 6318/3356/32
f 6522/3397/32 164/3331/32 165/3331/32 6523/3412/32
f 165/3300/32 370/3332/32 371/3413/32 166/3300/32
f 370/3332/32 575/3333/32 576/3333/32 371/3413/32
f 575/3333/32 780/3398/32 781/3382/32 576/3333/32
f 780/3398/32 985/3399/32 986/3399/32 781/3382/32
f 985/3399/32 1189/3400/32 1190/3361/32 986/3399/32
f 1189/3400/32 1394/3401/32 1395/3414/32 1190/3361/32
f 1394/3401/32 1598/3306/32 1599/3306/32 1395/3414/32
f 1598/3306/32 1802/3384/32 1803/3415/32 1599/3306/32
f 1802/3384/32 2005/3308/32 2006/3308/32 1803/3415/32
f 2005/3308/32 2210/3309/32 2211/3416/32 2006/3308/32
f 2210/3309/32 2416/3402/32 2417/3417/32 2211/3416/32
f 2416/3402/32 2622/3342/32 2623/3342/32 2417/3417/32
f 2622/3342/32 2828/3388/32 2829/3388/32 2623/3342/32
f 2828/3388/32 3034/3368/32 3035/3368/32 2829/3388/32
f 3034/3368/32 3240/3403/32 3241/3314/32 3035/3368/32
f 3240/3403/32 3446/3404/32 3447/3404/32 3241/3314/32
f 3446/3404/32 3652/3405/32 3653/3390/32 3447/3404/32
f 3652/3405/32 3858/3406/32 3859/3391/32 3653/3390/32
f 3858/3406/32 4064/3407/32 4065/3318/32 3859/3391/32
f 4064/3407/32 4270/3372/32 4271/3418/32 4065/3318/32
f 4270/3372/32 4476/3408/32 4477/3408/32 4271/3418/32
f 4476/3408/32 4682/3409/32 4683/3349/32 4477/3408/32
f 4682/3409/32 4888/3410/32 4889/3419/32 4683/3349/32
f 4888/3410/32 5093/3323/32 5094/3323/32 4889/3419/32
f 5093/3323/32 5296/3411/32 5297/3352/32 5094/3323/32
f 5296/3411/32 5500/3325/32 5501/3325/32 5297/3352/32
f 5500/3325/32 5704/3326/32 5705/3420/32 5501/3325/32
f 5704/3326/32 5909/3327/32 5910/3421/32 5705/3420/32
f 5909/3327/32 6113/3355/32 6114/3422/32 5910/3421/32
f 6113/3355/32 6318/3356/32 6319/3423/32 6114/3422/32
f 6318/3356/32 6523/3412/32 6524/3424/32 6319/3423/32
f 6523/3412/32 165/3331/32 166/3331/32 6524/3424/32
f 166/3300/32 371/3413/32 372/3332/32 167/3300/32
f 371/3413/32 576/3333/32 577/3333/32 372/3332/32
f 576/3333/32 781/3382/32 782/3359/32 577/3333/32
f 781/3382/32 986/3399/32 987/3303/32 782/3359/32
f 986/3399/32 1190/3361/32 1191/3400/32 987/3303/32
f 1190/3361/32 1395/3414/32 1396/3305/32 1191/3400/32
f 1395/3414/32 1599/3306/32 1600/3306/32 1396/3305/32
f 1599/3306/32 1803/3415/32 1804/3425/32 1600/3306/32
f 1803/3415/32 2006/3308/32 2007/3426/32 1804/3425/32
f 2006/3308/32 2211/3416/32 2212/3340/32 2007/3426/32
f 2211/3416/32 2417/3417/32 2418/3310/32 2212/3340/32
f 2417/3417/32 2623/3342/32 2624/3427/32 2418/3310/32
f 2623/3342/32 2829/3388/32 2830/3428/32 2624/3427/32
f 2829/3388/32 3035/3368/32 3036/3429/32 2830/3428/32
f 3035/3368/32 3241/3314/32 3242/3369/32 3036/3429/32
f 3241/3314/32 3447/3404/32 3448/3315/32 3242/3369/32
f 3447/3404/32 3653/3390/32 3654/3346/32 3448/3315/32
f 3653/3390/32 3859/3391/32 3860/3317/32 3654/3346/32
f 3859/3391/32 4065/3318/32 4066/3318/32 3860/3317/32
f 4065/3318/32 4271/3418/32 4272/3319/32 4066/3318/32
f 4271/3418/32 4477/3408/32 4478/3408/32 4272/3319/32
f 4477/3408/32 4683/3349/32 4684/3430/32 4478/3408/32
f 4683/3349/32 4889/3419/32 4890/3322/32 4684/3430/32
f 4889/3419/32 5094/3323/32 5095/3431/32 4890/3322/32
f 5094/3323/32 5297/3352/32 5298/3352/32 5095/3431/32
f 5297/3352/32 5501/3325/32 5502/3375/32 5298/3352/32
f 5501/3325/32 5705/3420/32 5706/3432/32 5502/3375/32
f 5705/3420/32 5910/3421/32 5911/3433/32 5706/3432/32
f 5910/3421/32 6114/3422/32 6115/3434/32 5911/3433/32
f 6114/3422/32 6319/3423/32 6320/3329/32 6115/3434/32
f 6319/3423/32 6524/3424/32 6525/3424/32 6320/3329/32
f 6524/3424/32 166/3331/32 167/3331/32 6525/3424/32
f 167/3300/32 372/3332/32 373/3299/32 168/3435/32
f 372/3332/32 577/3333/32 578/3333/32 373/3299/32
f 577/3333/32 782/3359/32 783/3359/32 578/3333/32
f 782/3359/32 987/3303/32 988/3436/32 783/3359/32
f 987/3303/32 1191/3400/32 1192/3361/32 988/3436/32
f 1191/3400/32 1396/3305/32 1397/3305/32 1192/3361/32
f 1396/3305/32 1600/3306/32 1601/3306/32 1397/3305/32
f 1600/3306/32 1804/3425/32 1805/3437/32 1601/3306/32
f 1804/3425/32 2007/3426/32 2008/3385/32 1805/3437/32
f 2007/3426/32 2212/3340/32 2213/3309/32 2008/3385/32
f 2212/3340/32 2418/3310/32 2419/3310/32 2213/3309/32
f 2418/3310/32 2624/3427/32 2625/3342/32 2419/3310/32
f 2624/3427/32 2830/3428/32 2831/3388/32 2625/3342/32
f 2830/3428/32 3036/3429/32 3037/3438/32 2831/3388/32
f 3036/3429/32 3242/3369/32 3243/3439/32 3037/3438/32
f 3242/3369/32 3448/3315/32 3449/3315/32 3243/3439/32
f 3448/3315/32 3654/3346/32 3655/3316/32 3449/3315/32
f 3654/3346/32 3860/3317/32 3861/3391/32 3655/3316/32
f 3860/3317/32 4066/3318/32 4067/3318/32 3861/3391/32
f 4066/3318/32 4272/3319/32 4273/3319/32 4067/3318/32
f 4272/3319/32 4478/3408/32 4479/3440/32 4273/3319/32
f 4478/3408/32 4684/3430/32 4685/3441/32 4479/3440/32
f 4684/3430/32 4890/3322/32 4891/3419/32 4685/3441/32
f 4890/3322/32 5095/3431/32 5096/3442/32 4891/3419/32
f 5095/3431/32 5298/3352/32 5299/3443/32 5096/3442/32
f 5298/3352/32 5502/3375/32 5503/3325/32 5299/3443/32
f 5502/3375/32 5706/3432/32 5707/3444/32 5503/3325/32
f 5706/3432/32 5911/3433/32 5912/3445/32 5707/3444/32
f 5911/3433/32 6115/3434/32 6116/3434/32 5912/3445/32
f 6115/3434/32 6320/3329/32 6321/3329/32 6116/3434/32
f 6320/3329/32 6525/3424/32 6526/3446/32 6321/3329/32
f 6525/3424/32 167/3331/32 168/3331/32 6526/3446/32
f 168/3435/32 373/3299/32 374/3332/32 169/3300/32
f 373/3299/32 578/3333/32 579/3447/32 374/3332/32
f 578/3333/32 783/3359/32 784/3359/32 579/3447/32
f 783/3359/32 988/3436/32 989/3303/32 784/3359/32
f 988/3436/32 1192/3361/32 1193/3361/32 989/3303/32
f 1192/3361/32 1397/3305/32 1398/3305/32 1193/3361/32
f 1397/3305/32 1601/3306/32 1602/3448/32 1398/3305/32
f 1601/3306/32 1805/3437/32 1806/3384/32 1602/3448/32
f 1805/3437/32 2008/3385/32 2009/3449/32 1806/3384/32
f 2008/3385/32 2213/3309/32 2214/3365/32 2009/3449/32
f 2213/3309/32 2419/3310/32 2420/3310/32 2214/3365/32
f 2419/3310/32 2625/3342/32 2626/3450/32 2420/3310/32
f 2625/3342/32 2831/3388/32 2832/3451/32 2626/3450/32
f 2831/3388/32 3037/3438/32 3038/3313/32 2832/3451/32
f 3037/3438/32 3243/3439/32 3244/3314/32 3038/3313/32
f 3243/3439/32 3449/3315/32 3450/3452/32 3244/3314/32
f 3449/3315/32 3655/3316/32 3656/3453/32 3450/3452/32
f 3655/3316/32 3861/3391/32 3862/3406/32 3656/3453/32
f 3861/3391/32 4067/3318/32 4068/3318/32 3862/3406/32
f 4067/3318/32 4273/3319/32 4274/3418/32 4068/3318/32
f 4273/3319/32 4479/3440/32 4480/3408/32 4274/3418/32
f 4479/3440/32 4685/3441/32 4686/3441/32 4480/3408/32
f 4685/3441/32 4891/3419/32 4892/3454/32 4686/3441/32
f 4891/3419/32 5096/3442/32 5097/3442/32 4892/3454/32
f 5096/3442/32 5299/3443/32 5300/3396/32 5097/3442/32
f 5299/3443/32 5503/3325/32 5504/3375/32 5300/3396/32
f 5503/3325/32 5707/3444/32 5708/3376/32 5504/3375/32
f 5707/3444/32 5912/3445/32 5913/3433/32 5708/3376/32
f 5912/3445/32 6116/3434/32 6117/3422/32 5913/3433/32
f 6116/3434/32 6321/3329/32 6322/3329/32 6117/3422/32
f 6321/3329/32 6526/3446/32 6527/3357/32 6322/3329/32
f 6526/3446/32 168/3331/32 169/3331/32 6527/3357/32
f 169/3300/32 374/3332/32 375/3455/32 170/3456/32
f 374/3332/32 579/3447/32 580/3381/32 375/3455/32
f 579/3447/32 784/3359/32 785/3359/32 580/3381/32
f 784/3359/32 989/3303/32 990/3303/32 785/3359/32
f 989/3303/32 1193/3361/32 1194/3361/32 990/3303/32
f 1193/3361/32 1398/3305/32 1399/3305/32 1194/3361/32
f 1398/3305/32 1602/3448/32 1603/3457/32 1399/3305/32
f 1602/3448/32 1806/3384/32 1807/3384/32 1603/3457/32
f 1806/3384/32 2009/3449/32 2010/3458/32 1807/3384/32
f 2009/3449/32 2214/3365/32 2215/3309/32 2010/3458/32
f 2214/3365/32 2420/3310/32 2421/3459/32 2215/3309/32
f 2420/3310/32 2626/3450/32 2627/3342/32 2421/3459/32
f 2626/3450/32 2832/3451/32 2833/3312/32 2627/3342/32
f 2832/3451/32 3038/3313/32 3039/3313/32 2833/3312/32
f 3038/3313/32 3244/3314/32 3245/3403/32 3039/3313/32
f 3244/3314/32 3450/3452/32 3451/3315/32 3245/3403/32
f 3450/3452/32 3656/3453/32 3657/3460/32 3451/3315/32
f 3656/3453/32 3862/3406/32 3863/3391/32 3657/3460/32
f 3862/3406/32 4068/3318/32 4069/3461/32 3863/3391/32
f 4068/3318/32 4274/3418/32 4275/3462/32 4069/3461/32
f 4274/3418/32 4480/3408/32 4481/3320/32 4275/3462/32
f 4480/3408/32 4686/3441/32 4687/3430/32 4481/3320/32
f 4686/3441/32 4892/3454/32 4893/3463/32 4687/3430/32
f 4892/3454/32 5097/3442/32 5098/3323/32 4893/3463/32
f 5097/3442/32 5300/3396/32 5301/3464/32 5098/3323/32
f 5300/3396/32 5504/3375/32 5505/3325/32 5301/3464/32
f 5504/3375/32 5708/3376/32 5709/3465/32 5505/3325/32
f 5708/3376/32 5913/3433/32 5914/3327/32 5709/3465/32
f 5913/3433/32 6117/3422/32 6118/3328/32 5914/3327/32
f 6117/3422/32 6322/3329/32 6323/3466/32 6118/3328/32
f 6322/3329/32 6527/3357/32 6528/3330/32 6323/3466/32
f 6527/3357/32 169/3331/32 170/3331/32 6528/3330/32
f 170/3456/32 375/3455/32 376/3332/32 171/3300/32
f 375/3455/32 580/3381/32 581/3333/32 376/3332/32
f 580/3381/32 785/3359/32 786/3359/32 581/3333/32
f 785/3359/32 990/3303/32 991/3335/32 786/3359/32
f 990/3303/32 1194/3361/32 1195/3361/32 991/3335/32
f 1194/3361/32 1399/3305/32 1400/3305/32 1195/3361/32
f 1399/3305/32 1603/3457/32 1604/3306/32 1400/3305/32
f 1603/3457/32 1807/3384/32 1808/3415/32 1604/3306/32
f 1807/3384/32 2010/3458/32 2011/3308/32 1808/3415/32
f 2010/3458/32 2215/3309/32 2216/3309/32 2011/3308/32
f 2215/3309/32 2421/3459/32 2422/3310/32 2216/3309/32
f 2421/3459/32 2627/3342/32 2628/3342/32 2422/3310/32
f 2627/3342/32 2833/3312/32 2834/3388/32 2628/3342/32
f 2833/3312/32 3039/3313/32 3040/3429/32 2834/3388/32
f 3039/3313/32 3245/3403/32 3246/3314/32 3040/3429/32
f 3245/3403/32 3451/3315/32 3452/3452/32 3246/3314/32
f 3451/3315/32 3657/3460/32 3658/3316/32 3452/3452/32
f 3657/3460/32 3863/3391/32 3864/3467/32 3658/3316/32
f 3863/3391/32 4069/3461/32 4070/3461/32 3864/3467/32
f 4069/3461/32 4275/3462/32 4276/3372/32 4070/3461/32
f 4275/3462/32 4481/3320/32 4482/3373/32 4276/3372/32
f 4481/3320/32 4687/3430/32 4688/3349/32 4482/3373/32
f 4687/3430/32 4893/3463/32 4894/3322/32 4688/3349/32
f 4893/3463/32 5098/3323/32 5099/3431/32 4894/3322/32
f 5098/3323/32 5301/3464/32 5302/3352/32 5099/3431/32
f 5301/3464/32 5505/3325/32 5506/3325/32 5302/3352/32
f 5505/3325/32 5709/3465/32 5710/3432/32 5506/3325/32
f 5709/3465/32 5914/3327/32 5915/3421/32 5710/3432/32
f 5914/3327/32 6118/3328/32 6119/3468/32 5915/3421/32
f 6118/3328/32 6323/3466/32 6324/3469/32 6119/3468/32
f 6323/3466/32 6528/3330/32 6529/3379/32 6324/3469/32
f 6528/3330/32 170/3331/32 171/3331/32 6529/3379/32
f 171/3300/32 376/3332/32 377/3455/32 172/3435/32
f 376/3332/32 581/3333/32 582/3381/32 377/3455/32
f 581/3333/32 786/3359/32 787/3359/32 582/3381/32
f 786/3359/32 991/3335/32 992/3360/32 787/3359/32
f 991/3335/32 1195/3361/32 1196/3361/32 992/3360/32
f 1195/3361/32 1400/3305/32 1401/3401/32 1196/3361/32
f 1400/3305/32 1604/3306/32 1605/3470/32 1401/3401/32
f 1604/3306/32 1808/3415/32 1809/3471/32 1605/3470/32
f 1808/3415/32 2011/3308/32 2012/3472/32 1809/3471/32
f 2011/3308/32 2216/3309/32 2217/3365/32 2012/3472/32
f 2216/3309/32 2422/3310/32 2423/3310/32 2217/3365/32
f 2422/3310/32 2628/3342/32 2629/3473/32 2423/3310/32
f 2628/3342/32 2834/3388/32 2835/3343/32 2629/3473/32
f 2834/3388/32 3040/3429/32 3041/3313/32 2835/3343/32
f 3040/3429/32 3246/3314/32 3247/3314/32 3041/3313/32
f 3246/3314/32 3452/3452/32 3453/3474/32 3247/3314/32
f 3452/3452/32 3658/3316/32 3659/3475/32 3453/3474/32
f 3658/3316/32 3864/3467/32 3865/3391/32 3659/3475/32
f 3864/3467/32 4070/3461/32 4071/3476/32 3865/3391/32
f 4070/3461/32 4276/3372/32 4277/3319/32 4071/3476/32
f 4276/3372/32 4482/3373/32 4483/3477/32 4277/3319/32
f 4482/3373/32 4688/3349/32 4689/3321/32 4483/3477/32
f 4688/3349/32 4894/3322/32 4895/3410/32 4689/3321/32
f 4894/3322/32 5099/3431/32 5100/3431/32 4895/3410/32
f 5099/3431/32 5302/3352/32 5303/3352/32 5100/3431/32
f 5302/3352/32 5506/3325/32 5507/3478/32 5303/3352/32
f 5506/3325/32 5710/3432/32 5711/3479/32 5507/3478/32
f 5710/3432/32 5915/3421/32 5916/3480/32 5711/3479/32
f 5915/3421/32 6119/3468/32 6120/3328/32 5916/3480/32
f 6119/3468/32 6324/3469/32 6325/3329/32 6120/3328/32
f 6324/3469/32 6529/3379/32 6530/3412/32 6325/3329/32
f 6529/3379/32 171/3331/32 172/3331/32 6530/3412/32
f 172/3435/32 377/3455/32 378/3332/2842 173/3300/2843
f 377/3455/32 582/3381/32 583/3333/2844 378/3332/2842
f 582/3381/32 787/3359/32 788/3359/2845 583/3333/2844
f 787/3359/32 992/3360/32 993/3303/2846 788/3359/2845
f 992/3360/32 1196/3361/32 1197/3361/2847 993/3303/2846
f 1196/3361/32 1401/3401/32 1402/3305/2848 1197/3361/2847
f 1401/3401/32 1605/3470/32 1606/3306/2849 1402/3305/2848
f 1605/3470/32 1809/3471/32 1810/3384/2850 1606/3306/2849
f 1809/3471/32 2012/3472/32 2013/3308/2851 1810/3384/2850
f 2012/3472/32 2217/3365/32 2218/3416/2852 2013/3308/2851
f 2217/3365/32 2423/3310/32 2424/3481/2853 2218/3416/2852
f 2423/3310/32 2629/3473/32 2630/3342/2854 2424/3481/2853
f 2629/3473/32 2835/3343/32 2836/3388/2855 2630/3342/2854
f 2835/3343/32 3041/3313/32 3042/3482/2856 2836/3388/2855
f 3041/3313/32 3247/3314/32 3248/3314/2857 3042/3482/2856
f 3247/3314/32 3453/3474/32 3454/3370/2858 3248/3314/2857
f 3453/3474/32 3659/3475/32 3660/3316/2859 3454/3370/2858
f 3659/3475/32 3865/3391/32 3866/3391/2860 3660/3316/2859
f 3865/3391/32 4071/3476/32 4072/3318/2861 3866/3391/2860
f 4071/3476/32 4277/3319/32 4278/3418/2862 4072/3318/2861
f 4277/3319/32 4483/3477/32 4484/3483/2863 4278/3418/2862
f 4483/3477/32 4689/3321/32 4690/3349/2864 4484/3483/2863
f 4689/3321/32 4895/3410/32 4896/3322/2865 4690/3349/2864
f 4895/3410/32 5100/3431/32 5101/3323/2866 4896/3322/2865
f 5100/3431/32 5303/3352/32 5304/3352/2867 5101/3323/2866
f 5303/3352/32 5507/3478/32 5508/3478/2868 5304/3352/2867
f 5507/3478/32 5711/3479/32 5712/3326/2869 5508/3478/2868
f 5711/3479/32 5916/3480/32 5917/3484/2870 5712/3326/2869
f 5916/3480/32 6120/3328/32 6121/3355/2871 5917/3484/2870
f 6120/3328/32 6325/3329/32 6326/3466/2872 6121/3355/2871
f 6325/3329/32 6530/3412/32 6531/3424/2873 6326/3466/2872
f 6530/3412/32 172/3331/32 173/3331/2843 6531/3424/2873
f 173/3300/2843 378/3332/2842 379/3485/2874 174/3486/2875
f 378/3332/2842 583/3333/2844 584/3487/2876 379/3485/2874
f 583/3333/2844 788/3359/2845 789/3488/2877 584/3487/2876
f 788/3359/2845 993/3303/2846 994/3489/2878 789/3488/2877
f 993/3303/2846 1197/3361/2847 1198/3490/2879 994/3489/2878
f 1197/3361/2847 1402/3305/2848 1403/3491/2880 1198/3490/2879
f 1402/3305/2848 1606/3306/2849 1607/3492/2881 1403/3491/2880
f 1606/3306/2849 1810/3384/2850 1811/3493/2882 1607/3492/2881
f 1810/3384/2850 2013/3308/2851 2014/3494/2883 1811/3493/2882
f 2013/3308/2851 2218/3416/2852 2219/3495/2884 2014/3494/2883
f 2218/3416/2852 2424/3481/2853 2425/3496/2885 2219/3495/2884
f 2424/3481/2853 2630/3342/2854 2631/3497/2886 2425/3496/2885
f 2630/3342/2854 2836/3388/2855 2837/3498/2887 2631/3497/2886
f 2836/3388/2855 3042/3482/2856 3043/3499/2888 2837/3498/2887
f 3042/3482/2856 3248/3314/2857 3249/3500/2889 3043/3499/2888
f 3248/3314/2857 3454/3370/2858 3455/3501/2890 3249/3500/2889
f 3454/3370/2858 3660/3316/2859 3661/3502/2891 3455/3501/2890
f 3660/3316/2859 3866/3391/2860 3867/3503/2892 3661/3502/2891
f 3866/3391/2860 4072/3318/2861 4073/3504/2893 3867/3503/2892
f 4072/3318/2861 4278/3418/2862 4279/3505/2894 4073/3504/2893
f 4278/3418/2862 4484/3483/2863 4485/3506/2895 4279/3505/2894
f 4484/3483/2863 4690/3349/2864 4691/3507/2896 4485/3506/2895
f 4690/3349/2864 4896/3322/2865 4897/3508/2897 4691/3507/2896
f 4896/3322/2865 5101/3323/2866 5102/3509/2898 4897/3508/2897
f 5101/3323/2866 5304/3352/2867 5305/3510/2899 5102/3509/2898
f 5304/3352/2867 5508/3478/2868 5509/3511/2900 5305/3510/2899
f 5508/3478/2868 5712/3326/2869 5713/3512/2901 5509/3511/2900
f 5712/3326/2869 5917/3484/2870 5918/3513/2902 5713/3512/2901
f 5917/3484/2870 6121/3355/2871 6122/3514/2903 5918/3513/2902
f 6121/3355/2871 6326/3466/2872 6327/3515/2904 6122/3514/2903
f 6326/3466/2872 6531/3424/2873 6532/3516/2905 6327/3515/2904
f 6531/3424/2873 173/3331/2843 174/3517/2875 6532/3516/2905
f 174/3486/2875 379/3485/2874 380/3518/2906 175/3519/2907
f 379/3485/2874 584/3487/2876 585/3520/2908 380/3518/2906
f 584/3487/2876 789/3488/2877 790/3521/2909 585/3520/2908
f 789/3488/2877 994/3489/2878 995/3522/2910 790/3521/2909
f 994/3489/2878 1198/3490/2879 1199/3523/2911 995/3522/2910
f 1198/3490/2879 1403/3491/2880 1404/3524/2912 1199/3523/2911
f 1403/3491/2880 1607/3492/2881 1608/3525/2913 1404/3524/2912
f 1607/3492/2881 1811/3493/2882 1812/3526/2914 1608/3525/2913
f 1811/3493/2882 2014/3494/2883 2015/3527/2915 1812/3526/2914
f 2014/3494/2883 2219/3495/2884 2220/3528/2916 2015/3527/2915
f 2219/3495/2884 2425/3496/2885 2426/3529/2917 2220/3528/2916
f 2425/3496/2885 2631/3497/2886 2632/3530/2918 2426/3529/2917
f 2631/3497/2886 2837/3498/2887 2838/3531/2919 2632/3530/2918
f 2837/3498/2887 3043/3499/2888 3044/3532/2920 2838/3531/2919
f 3043/3499/2888 3249/3500/2889 3250/3533/2921 3044/3532/2920
f 3249/3500/2889 3455/3501/2890 3456/3534/2922 3250/3533/2921
f 3455/3501/2890 3661/3502/2891 3662/3535/2923 3456/3534/2922
f 3661/3502/2891 3867/3503/2892 3868/3536/2924 3662/3535/2923
f 3867/3503/2892 4073/3504/2893 4074/3537/2925 3868/3536/2924
f 4073/3504/2893 4279/3505/2894 4280/3538/2926 4074/3537/2925
f 4279/3505/2894 4485/3506/2895 4486/3539/2927 4280/3538/2926
f 4485/3506/2895 4691/3507/2896 4692/3540/2928 4486/3539/2927
f 4691/3507/2896 4897/3508/2897 4898/3541/2929 4692/3540/2928
f 4897/3508/2897 5102/3509/2898 5103/3542/2930 4898/3541/2929
f 5102/3509/2898 5305/3510/2899 5306/3543/2931 5103/3542/2930
f 5305/3510/2899 5509/3511/2900 5510/3544/2932 5306/3543/2931
f 5509/3511/2900 5713/3512/2901 5714/3545/2933 5510/3544/2932
f 5713/3512/2901 5918/3513/2902 5919/3546/2934 5714/3545/2933
f 5918/3513/2902 6122/3514/2903 6123/3547/2935 5919/3546/2934
f 6122/3514/2903 6327/3515/2904 6328/3548/2936 6123/3547/2935
f 6327/3515/2904 6532/3516/2905 6533/3549/2937 6328/3548/2936
f 6532/3516/2905 174/3517/2875 175/3550/2907 6533/3549/2937
f 175/3519/2907 380/3518/2906 381/3551/2938 176/3552/2939
f 380/3518/2906 585/3520/2908 586/3553/2940 381/3551/2938
f 585/3520/2908 790/3521/2909 791/3554/2941 586/3553/2940
f 790/3521/2909 995/3522/2910 996/3555/2942 791/3554/2941
f 995/3522/2910 1199/3523/2911 1200/3556/2943 996/3555/2942
f 1199/3523/2911 1404/3524/2912 1405/3557/2944 1200/3556/2943
f 1404/3524/2912 1608/3525/2913 1609/3558/2945 1405/3557/2944
f 1608/3525/2913 1812/3526/2914 1813/3559/2946 1609/3558/2945
f 1812/3526/2914 2015/3527/2915 2016/3560/2947 1813/3559/2946
f 2015/3527/2915 2220/3528/2916 2221/3561/2948 2016/3560/2947
f 2220/3528/2916 2426/3529/2917 2427/3562/2949 2221/3561/2948
f 2426/3529/2917 2632/3530/2918 2633/3563/2950 2427/3562/2949
f 2632/3530/2918 2838/3531/2919 2839/3564/2951 2633/3563/2950
f 2838/3531/2919 3044/3532/2920 3045/3565/2952 2839/3564/2951
f 3044/3532/2920 3250/3533/2921 3251/3566/2953 3045/3565/2952
f 3250/3533/2921 3456/3534/2922 3457/3567/2954 3251/3566/2953
f 3456/3534/2922 3662/3535/2923 3663/3568/2955 3457/3567/2954
f 3662/3535/2923 3868/3536/2924 3869/3569/2956 3663/3568/2955
f 3868/3536/2924 4074/3537/2925 4075/3570/2957 3869/3569/2956
f 4074/3537/2925 4280/3538/2926 4281/3571/2958 4075/3570/2957
f 4280/3538/2926 4486/3539/2927 4487/3572/2959 4281/3571/2958
f 4486/3539/2927 4692/3540/2928 4693/3573/2960 4487/3572/2959
f 4692/3540/2928 4898/3541/2929 4899/3574/2961 4693/3573/2960
f 4898/3541/2929 5103/3542/2930 5104/3575/2962 4899/3574/2961
f 5103/3542/2930 5306/3543/2931 5307/3576/2963 5104/3575/2962
f 5306/3543/2931 5510/3544/2932 5511/3577/2964 5307/3576/2963
f 5510/3544/2932 5714/3545/2933 5715/3578/2965 5511/3577/2964
f 5714/3545/2933 5919/3546/2934 5920/3579/2966 5715/3578/2965
f 5919/3546/2934 6123/3547/2935 6124/3580/2967 5920/3579/2966
f 6123/3547/2935 6328/3548/2936 6329/3581/2968 6124/3580/2967
f 6328/3548/2936 6533/3549/2937 6534/3582/2969 6329/3581/2968
f 6533/3549/2937 175/3550/2907 176/3583/2939 6534/3582/2969
f 176/3552/2939 381/3551/2938 382/3584/2970 177/3585/2971
f 381/3551/2938 586/3553/2940 587/3586/2972 382/3584/2970
f 586/3553/2940 791/3554/2941 792/3587/2973 587/3586/2972
f 791/3554/2941 996/3555/2942 997/3588/2974 792/3587/2973
f 996/3555/2942 1200/3556/2943 1201/3589/2975 997/3588/2974
f 1200/3556/2943 1405/3557/2944 1406/3590/2976 1201/3589/2975
f 1405/3557/2944 1609/3558/2945 1610/3591/2977 1406/3590/2976
f 1609/3558/2945 1813/3559/2946 1814/3592/2978 1610/3591/2977
f 1813/3559/2946 2016/3560/2947 2017/3593/2979 1814/3592/2978
f 2016/3560/2947 2221/3561/2948 2222/3594/2980 2017/3593/2979
f 2221/3561/2948 2427/3562/2949 2428/3595/2981 2222/3594/2980
f 2427/3562/2949 2633/3563/2950 2634/3596/2982 2428/3595/2981
f 2633/3563/2950 2839/3564/2951 2840/3597/2983 2634/3596/2982
f 2839/3564/2951 3045/3565/2952 3046/3598/2984 2840/3597/2983
f 3045/3565/2952 3251/3566/2953 3252/3599/2985 3046/3598/2984
f 3251/3566/2953 3457/3567/2954 3458/3600/2986 3252/3599/2985
f 3457/3567/2954 3663/3568/2955 3664/3601/2987 3458/3600/2986
f 3663/3568/2955 3869/3569/2956 3870/3602/2988 3664/3601/2987
f 3869/3569/2956 4075/3570/2957 4076/3603/2989 3870/3602/2988
f 4075/3570/2957 4281/3571/2958 4282/3604/2990 4076/3603/2989
f 4281/3571/2958 4487/3572/2959 4488/3605/2991 4282/3604/2990
f 4487/3572/2959 4693/3573/2960 4694/3606/2992 4488/3605/2991
f 4693/3573/2960 4899/3574/2961 4900/3607/2993 4694/3606/2992
f 4899/3574/2961 5104/3575/2962 5105/3608/2994 4900/3607/2993
f 5104/3575/2962 5307/3576/2963 5308/3609/2995 5105/3608/2994
f 5307/3576/2963 5511/3577/2964 5512/3610/2996 5308/3609/2995
f 5511/3577/2964 5715/3578/2965 5716/3611/2997 5512/3610/2996
f 5715/3578/2965 5920/3579/2966 5921/3612/2998 5716/3611/2997
f 5920/3579/2966 6124/3580/2967 6125/3613/2999 5921/3612/2998
f 6124/3580/2967 6329/3581/2968 6330/3614/3000 6125/3613/2999
f 6329/3581/2968 6534/3582/2969 6535/3615/3001 6330/3614/3000
f 6534/3582/2969 176/3583/2939 177/3616/2971 6535/3615/3001
f 177/3585/2971 382/3584/2970 383/3617/3002 178/3618/3003
f 382/3584/2970 587/3586/2972 588/3619/3004 383/3617/3002
f 587/3586/2972 792/3587/2973 793/3620/3005 588/3619/3004
f 792/3587/2973 997/3588/2974 998/3621/3006 793/3620/3005
f 997/3588/2974 1201/3589/2975 1202/3622/3007 998/3621/3006
f 1201/3589/2975 1406/3590/2976 1407/3623/3008 1202/3622/3007
f 1406/3590/2976 1610/3591/2977 1611/3624/3009 1407/3623/3008
f 1610/3591/2977 1814/3592/2978 1815/3625/3010 1611/3624/3009
f 1814/3592/2978 2017/3593/2979 2018/3626/3011 1815/3625/3010
f 2017/3593/2979 2222/3594/2980 2223/3627/3012 2018/3626/3011
f 2222/3594/2980 2428/3595/2981 2429/3628/3013 2223/3627/3012
f 2428/3595/2981 2634/3596/2982 2635/3629/3014 2429/3628/3013
f 2634/3596/2982 2840/3597/2983 2841/3630/3015 2635/3629/3014
f 2840/3597/2983 3046/3598/2984 3047/3631/3016 2841/3630/3015
f 3046/3598/2984 3252/3599/2985 3253/3632/3017 3047/3631/3016
f 3252/3599/2985 3458/3600/2986 3459/3633/3018 3253/3632/3017
f 3458/3600/2986 3664/3601/2987 3665/3634/3019 3459/3633/3018
f 3664/3601/2987 3870/3602/2988 3871/3635/3020 3665/3634/3019
f 3870/3602/2988 4076/3603/2989 4077/3636/3021 3871/3635/3020
f 4076/3603/2989 4282/3604/2990 4283/3637/3022 4077/3636/3021
f 4282/3604/2990 4488/3605/2991 4489/3638/3023 4283/3637/3022
f 4488/3605/2991 4694/3606/2992 4695/3639/3024 4489/3638/3023
f 4694/3606/2992 4900/3607/2993 4901/3640/3025 4695/3639/3024
f 4900/3607/2993 5105/3608/2994 5106/3641/3026 4901/3640/3025
f 5105/3608/2994 5308/3609/2995 5309/3642/3027 5106/3641/3026
f 5308/3609/2995 5512/3610/2996 5513/3643/3028 5309/3642/3027
f 5512/3610/2996 5716/3611/2997 5717/3644/3029 5513/3643/3028
f 5716/3611/2997 5921/3612/2998 5922/3645/3030 5717/3644/3029
f 5921/3612/2998 6125/3613/2999 6126/3646/3031 5922/3645/3030
f 6125/3613/2999 6330/3614/3000 6331/3647/3032 6126/3646/3031
f 6330/3614/3000 6535/3615/3001 6536/3648/3033 6331/3647/3032
f 6535/3615/3001 177/3616/2971 178/3649/3003 6536/3648/3033
f 178/3618/3003 383/3617/3002 384/3650/24 179/3651/25
f 383/3617/3002 588/3619/3004 589/3652/23 384/3650/24
f 588/3619/3004 793/3620/3005 794/3653/22 589/3652/23
f 793/3620/3005 998/3621/3006 999/3654/21 794/3653/22
f 998/3621/3006 1202/3622/3007 1203/3655/20 999/3654/21
f 1202/3622/3007 1407/3623/3008 1408/3656/19 1203/3655/20
f 1407/3623/3008 1611/3624/3009 1612/3657/18 1408/3656/19
f 1611/3624/3009 1815/3625/3010 1816/3658/17 1612/3657/18
f 1815/3625/3010 2018/3626/3011 2019/3659/16 1816/3658/17
f 2018/3626/3011 2223/3627/3012 2224/3660/15 2019/3659/16
f 2223/3627/3012 2429/3628/3013 2430/3661/14 2224/3660/15
f 2429/3628/3013 2635/3629/3014 2636/3662/13 2430/3661/14
f 2635/3629/3014 2841/3630/3015 2842/3663/12 2636/3662/13
f 2841/3630/3015 3047/3631/3016 3048/3664/11 2842/3663/12
f 3047/3631/3016 3253/3632/3017 3254/3665/10 3048/3664/11
f 3253/3632/3017 3459/3633/3018 3460/3666/9 3254/3665/10
f 3459/3633/3018 3665/3634/3019 3666/3667/8 3460/3666/9
f 3665/3634/3019 3871/3635/3020 3872/3668/7 3666/3667/8
f 3871/3635/3020 4077/3636/3021 4078/3669/6 3872/3668/7
f 4077/3636/3021 4283/3637/3022 4284/3670/5 4078/3669/6
f 4283/3637/3022 4489/3638/3023 4490/3671/4 4284/3670/5
f 4489/3638/3023 4695/3639/3024 4696/3672/3 4490/3671/4
f 4695/3639/3024 4901/3640/3025 4902/3673/2 4696/3672/3
f 4901/3640/3025 5106/3641/3026 5107/3674/1 4902/3673/2
f 5106/3641/3026 5309/3642/3027 5310/3675/33 5107/3674/1
f 5309/3642/3027 5513/3643/3028 5514/3676/31 5310/3675/33
f 5513/3643/3028 5717/3644/3029 5718/3677/30 5514/3676/31
f 5717/3644/3029 5922/3645/3030 5923/3678/29 5718/3677/30
f 5922/3645/3030 6126/3646/3031 6127/3679/28 5923/3678/29
f 6126/3646/3031 6331/3647/3032 6332/3680/27 6127/3679/28
f 6331/3647/3032 6536/3648/3033 6537/3681/26 6332/3680/27
f 6536/3648/3033 178/3649/3003 179/3682/25 6537/3681/26
f 179/3651/25 384/3650/24 385/3683/3034 180/3684/3035
f 384/3650/24 589/3652/23 590/3685/3036 385/3683/3034
f 589/3652/23 794/3653/22 795/3686/3037 590/3685/3036
f 794/3653/22 999/3654/21 1000/3687/3038 795/3686/3037
f 999/3654/21 1203/3655/20 1204/3688/3039 1000/3687/3038
f 1203/3655/20 1408/3656/19 1409/3689/3040 1204/3688/3039
f 1408/3656/19 1612/3657/18 1613/3690/3041 1409/3689/3040
f 1612/3657/18 1816/3658/17 1817/3691/3042 1613/3690/3041
f 1816/3658/17 2019/3659/16 2020/3692/3043 1817/3691/3042
f 2019/3659/16 2224/3660/15 2225/3693/3044 2020/3692/3043
f 2224/3660/15 2430/3661/14 2431/3694/3045 2225/3693/3044
f 2430/3661/14 2636/3662/13 2637/3695/3046 2431/3694/3045
f 2636/3662/13 2842/3663/12 2843/3696/3047 2637/3695/3046
f 2842/3663/12 3048/3664/11 3049/3697/3048 2843/3696/3047
f 3048/3664/11 3254/3665/10 3255/3698/3049 3049/3697/3048
f 3254/3665/10 3460/3666/9 3461/3699/3050 3255/3698/3049
f 3460/3666/9 3666/3667/8 3667/3700/3051 3461/3699/3050
f 3666/3667/8 3872/3668/7 3873/3701/3052 3667/3700/3051
f 3872/3668/7 4078/3669/6 4079/3702/3053 3873/3701/3052
f 4078/3669/6 4284/3670/5 4285/3703/3054 4079/3702/3053
f 4284/3670/5 4490/3671/4 4491/3704/3055 4285/3703/3054
f 4490/3671/4 4696/3672/3 4697/3705/3056 4491/3704/3055
f 4696/3672/3 4902/3673/2 4903/3706/3057 4697/3705/3056
f 4902/3673/2 5107/3674/1 5108/3707/3058 4903/3706/3057
f 5107/3674/1 5310/3675/33 5311/3708/3059 5108/3707/3058
f 5310/3675/33 5514/3676/31 5515/3709/3060 5311/3708/3059
f 5514/3676/31 5718/3677/30 5719/3710/3061 5515/3709/3060
f 5718/3677/30 5923/3678/29 5924/3711/3062 5719/3710/3061
f 5923/3678/29 6127/3679/28 6128/3712/3063 5924/3711/3062
f 6127/3679/28 6332/3680/27 6333/3713/3064 6128/3712/3063
f 6332/3680/27 6537/3681/26 6538/3714/3065 6333/3713/3064
f 6537/3681/26 179/3682/25 180/3715/3035 6538/3714/3065
f 180/3684/3035 385/3683/3034 386/3716/3066 181/3717/3067
f 385/3683/3034 590/3685/3036 591/3718/3068 386/3716/3066
f 590/3685/3036 795/3686/3037 796/3719/3069 591/3718/3068
f 795/3686/3037 1000/3687/3038 1001/3720/3070 796/3719/3069
f 1000/3687/3038 1204/3688/3039 1205/3721/3071 1001/3720/3070
f 1204/3688/3039 1409/3689/3040 1410/3722/3072 1205/3721/3071
f 1409/3689/3040 1613/3690/3041 1614/3723/3073 1410/3722/3072
f 1613/3690/3041 1817/3691/3042 1818/3724/3074 1614/3723/3073
f 1817/3691/3042 2020/3692/3043 2021/3725/3075 1818/3724/3074
f 2020/3692/3043 2225/3693/3044 2226/3726/3076 2021/3725/3075
f 2225/3693/3044 2431/3694/3045 2432/3727/3077 2226/3726/3076
f 2431/3694/3045 2637/3695/3046 2638/3728/3078 2432/3727/3077
f 2637/3695/3046 2843/3696/3047 2844/3729/3079 2638/3728/3078
f 2843/3696/3047 3049/3697/3048 3050/3730/3080 2844/3729/3079
f 3049/3697/3048 3255/3698/3049 3256/3731/3081 3050/3730/3080
f 3255/3698/3049 3461/3699/3050 3462/3732/3082 3256/3731/3081
f 3461/3699/3050 3667/3700/3051 3668/3733/3083 3462/3732/3082
f 3667/3700/3051 3873/3701/3052 3874/3734/3084 3668/3733/3083
f 3873/3701/3052 4079/3702/3053 4080/3735/3085 3874/3734/3084
f 4079/3702/3053 4285/3703/3054 4286/3736/3086 4080/3735/3085
f 4285/3703/3054 4491/3704/3055 4492/3737/3087 4286/3736/3086
f 4491/3704/3055 4697/3705/3056 4698/3738/3088 4492/3737/3087
f 4697/3705/3056 4903/3706/3057 4904/3739/3089 4698/3738/3088
f 4903/3706/3057 5108/3707/3058 5109/3740/3090 4904/3739/3089
f 5108/3707/3058 5311/3708/3059 5312/3741/3091 5109/3740/3090
f 5311/3708/3059 5515/3709/3060 5516/3742/3092 5312/3741/3091
f 5515/3709/3060 5719/3710/3061 5720/3743/3093 5516/3742/3092
f 5719/3710/3061 5924/3711/3062 5925/3744/3094 5720/3743/3093
f 5924/3711/3062 6128/3712/3063 6129/3745/3095 5925/3744/3094
f 6128/3712/3063 6333/3713/3064 6334/3746/3096 6129/3745/3095
f 6333/3713/3064 6538/3714/3065 6539/3747/3097 6334/3746/3096
f 6538/3714/3065 180/3715/3035 181/3748/3067 6539/3747/3097
f 181/3717/3067 386/3716/3066 387/3749/3098 182/3750/3099
f 386/3716/3066 591/3718/3068 592/3751/3100 387/3749/3098
f 591/3718/3068 796/3719/3069 797/3752/3101 592/3751/3100
f 796/3719/3069 1001/3720/3070 1002/3753/3102 797/3752/3101
f 1001/3720/3070 1205/3721/3071 1206/3754/3103 1002/3753/3102
f 1205/3721/3071 1410/3722/3072 1411/3755/3104 1206/3754/3103
f 1410/3722/3072 1614/3723/3073 1615/3756/3105 1411/3755/3104
f 1614/3723/3073 1818/3724/3074 1819/3757/3106 1615/3756/3105
f 1818/3724/3074 2021/3725/3075 2022/3758/3107 1819/3757/3106
f 2021/3725/3075 2226/3726/3076 2227/3759/3108 2022/3758/3107
f 2226/3726/3076 2432/3727/3077 2433/3760/3109 2227/3759/3108
f 2432/3727/3077 2638/3728/3078 2639/3761/3110 2433/3760/3109
f 2638/3728/3078 2844/3729/3079 2845/3762/3111 2639/3761/3110
f 2844/3729/3079 3050/3730/3080 3051/3763/3112 2845/3762/3111
f 3050/3730/3080 3256/3731/3081 3257/3764/3113 3051/3763/3112
f 3256/3731/3081 3462/3732/3082 3463/3765/3114 3257/3764/3113
f 3462/3732/3082 3668/3733/3083 3669/3766/3115 3463/3765/3114
f 3668/3733/3083 3874/3734/3084 3875/3767/3116 3669/3766/3115
f 3874/3734/3084 4080/3735/3085 4081/3768/3117 3875/3767/3116
f 4080/3735/3085 4286/3736/3086 4287/3769/3118 4081/3768/3117
f 4286/3736/3086 4492/3737/3087 4493/3770/3119 4287/3769/3118
f 4492/3737/3087 4698/3738/3088 4699/3771/3120 4493/3770/3119
f 4698/3738/3088 4904/3739/3089 4905/3772/3121 4699/3771/3120
f 4904/3739/3089 5109/3740/3090 5110/3773/3122 4905/3772/3121
f 5109/3740/3090 5312/3741/3091 5313/3774/3123 5110/3773/3122
f 5312/3741/3091 5516/3742/3092 5517/3775/3124 5313/3774/3123
f 5516/3742/3092 5720/3743/3093 5721/3776/3125 5517/3775/3124
f 5720/3743/3093 5925/3744/3094 5926/3777/3126 5721/3776/3125
f 5925/3744/3094 6129/3745/3095 6130/3778/3127 5926/3777/3126
f 6129/3745/3095 6334/3746/3096 6335/3779/3128 6130/3778/3127
f 6334/3746/3096 6539/3747/3097 6540/3780/3129 6335/3779/3128
f 6539/3747/3097 181/3748/3067 182/3781/3099 6540/3780/3129
f 182/3750/3099 387/3749/3098 388/3782/3130 183/3783/3131
f 387/3749/3098 592/3751/3100 593/3784/3132 388/3782/3130
f 592/3751/3100 797/3752/3101 798/3785/3133 593/3784/3132
f 797/3752/3101 1002/3753/3102 1003/3786/3134 798/3785/3133
f 1002/3753/3102 1206/3754/3103 1207/3787/3135 1003/3786/3134
f 1206/3754/3103 1411/3755/3104 1412/3788/3136 1207/3787/3135
f 1411/3755/3104 1615/3756/3105 1616/3789/3137 1412/3788/3136
f 1615/3756/3105 1819/3757/3106 1820/3790/3138 1616/3789/3137
f 1819/3757/3106 2022/3758/3107 2023/3791/3139 1820/3790/3138
f 2022/3758/3107 2227/3759/3108 2228/3792/3140 2023/3791/3139
f 2227/3759/3108 2433/3760/3109 2434/3793/3141 2228/3792/3140
f 2433/3760/3109 2639/3761/3110 2640/3794/3142 2434/3793/3141
f 2639/3761/3110 2845/3762/3111 2846/3795/3143 2640/3794/3142
f 2845/3762/3111 3051/3763/3112 3052/3796/3144 2846/3795/3143
f 3051/3763/3112 3257/3764/3113 3258/3797/3145 3052/3796/3144
f 3257/3764/3113 3463/3765/3114 3464/3798/3146 3258/3797/3145
f 3463/3765/3114 3669/3766/3115 3670/3799/3147 3464/3798/3146
f 3669/3766/3115 3875/3767/3116 3876/3800/3148 3670/3799/3147
f 3875/3767/3116 4081/3768/3117 4082/3801/3149 3876/3800/3148
f 4081/3768/3117 4287/3769/3118 4288/3802/3150 4082/3801/3149
f 4287/3769/3118 4493/3770/3119 4494/3803/3151 4288/3802/3150
f 4493/3770/3119 4699/3771/3120 4700/3804/3152 4494/3803/3151
f 4699/3771/3120 4905/3772/3121 4906/3805/3153 4700/3804/3152
f 4905/3772/3121 5110/3773/3122 5111/3806/3154 4906/3805/3153
f 5110/3773/3122 5313/3774/3123 5314/3807/3155 5111/3806/3154
f 5313/3774/3123 5517/3775/3124 5518/3808/3156 5314/3807/3155
f 5517/3775/3124 5721/3776/3125 5722/3809/3157 5518/3808/3156
f 5721/3776/3125 5926/3777/3126 5927/3810/3158 5722/3809/3157
f 5926/3777/3126 6130/3778/3127 6131/3811/3159 5927/3810/3158
f 6130/3778/3127 6335/3779/3128 6336/3812/3160 6131/3811/3159
f 6335/3779/3128 6540/3780/3129 6541/3813/3161 6336/3812/3160
f 6540/3780/3129 182/3781/3099 183/3814/3131 6541/3813/3161
f 183/3783/3131 388/3782/3130 389/3815/3162 184/3816/3163
f 388/3782/3130 593/3784/3132 594/3817/3164 389/3815/3162
f 593/3784/3132 798/3785/3133 799/3818/3165 594/3817/3164
f 798/3785/3133 1003/3786/3134 1004/3819/3166 799/3818/3165
f 1003/3786/3134 1207/3787/3135 1208/3820/3167 1004/3819/3166
f 1207/3787/3135 1412/3788/3136 1413/3821/3168 1208/3820/3167
f 1412/3788/3136 1616/3789/3137 1617/3822/3169 1413/3821/3168
f 1616/3789/3137 1820/3790/3138 1821/3823/3170 1617/3822/3169
f 1820/3790/3138 2023/3791/3139 2024/3824/3171 1821/3823/3170
f 2023/3791/3139 2228/3792/3140 2229/3825/3172 2024/3824/3171
f 2228/3792/3140 2434/3793/3141 2435/3826/3173 2229/3825/3172
f 2434/3793/3141 2640/3794/3142 2641/3827/3174 2435/3826/3173
f 2640/3794/3142 2846/3795/3143 2847/3828/3175 2641/3827/3174
f 2846/3795/3143 3052/3796/3144 3053/3829/3176 2847/3828/3175
f 3052/3796/3144 3258/3797/3145 3259/3830/3177 3053/3829/3176
f 3258/3797/3145 3464/3798/3146 3465/3831/3178 3259/3830/3177
f 3464/3798/3146 3670/3799/3147 3671/3832/3179 3465/3831/3178
f 3670/3799/3147 3876/3800/3148 3877/3833/3180 3671/3832/3179
f 3876/3800/3148 4082/3801/3149 4083/3834/3181 3877/3833/3180
f 4082/3801/3149 4288/3802/3150 4289/3835/3182 4083/3834/3181
f 4288/3802/3150 4494/3803/3151 4495/3836/3183 4289/3835/3182
f 4494/3803/3151 4700/3804/3152 4701/3837/3184 4495/3836/3183
f 4700/3804/3152 4906/3805/3153 4907/3838/3185 4701/3837/3184
f 4906/3805/3153 5111/3806/3154 5112/3839/3186 4907/3838/3185
f 5111/3806/3154 5314/3807/3155 5315/3840/3187 5112/3839/3186
f 5314/3807/3155 5518/3808/3156 5519/3841/3188 5315/3840/3187
f 5518/3808/3156 5722/3809/3157 5723/3842/3189 5519/3841/3188
f 5722/3809/3157 5927/3810/3158 5928/3843/3190 5723/3842/3189
f 5927/3810/3158 6131/3811/3159 6132/3844/3191 5928/3843/3190
f 6131/3811/3159 6336/3812/3160 6337/3845/3192 6132/3844/3191
f 6336/3812/3160 6541/3813/3161 6542/3846/3193 6337/3845/3192
f 6541/3813/3161 183/3814/3131 184/3847/3163 6542/3846/3193
f 184/3816/3163 389/3815/3162 390/3848/3194 185/3849/3195
f 389/3815/3162 594/3817/3164 595/3850/3196 390/3848/3194
f 594/3817/3164 799/3818/3165 800/3851/3197 595/3850/3196
f 799/3818/3165 1004/3819/3166 1005/3852/3198 800/3851/3197
f 1004/3819/3166 1208/3820/3167 1209/3853/3199 1005/3852/3198
f 1208/3820/3167 1413/3821/3168 1414/3854/3200 1209/3853/3199
f 1413/3821/3168 1617/3822/3169 1618/3855/3201 1414/3854/3200
f 1617/3822/3169 1821/3823/3170 1822/3856/3202 1618/3855/3201
f 1821/3823/3170 2024/3824/3171 2025/3857/3203 1822/3856/3202
f 2024/3824/3171 2229/3825/3172 2230/3858/3204 2025/3857/3203
f 2229/3825/3172 2435/3826/3173 2436/3859/3205 2230/3858/3204
f 2435/3826/3173 2641/3827/3174 2642/3860/3206 2436/3859/3205
f 2641/3827/3174 2847/3828/3175 2848/3861/3207 2642/3860/3206
f 2847/3828/3175 3053/3829/3176 3054/3862/3208 2848/3861/3207
f 3053/3829/3176 3259/3830/3177 3260/3863/3209 3054/3862/3208
f 3259/3830/3177 3465/3831/3178 3466/3864/3210 3260/3863/3209
f 3465/3831/3178 3671/3832/3179 3672/3865/3211 3466/3864/3210
f 3671/3832/3179 3877/3833/3180 3878/3866/3212 3672/3865/3211
f 3877/3833/3180 4083/3834/3181 4084/3867/3213 3878/3866/3212
f 4083/3834/3181 4289/3835/3182 4290/3868/3214 4084/3867/3213
f 4289/3835/3182 4495/3836/3183 4496/3869/3215 4290/3868/3214
f 4495/3836/3183 4701/3837/3184 4702/3870/3216 4496/3869/3215
f 4701/3837/3184 4907/3838/3185 4908/3871/3217 4702/3870/3216
f 4907/3838/3185 5112/3839/3186 5113/3872/3218 4908/3871/3217
f 5112/3839/3186 5315/3840/3187 5316/3873/3219 5113/3872/3218
f 5315/3840/3187 5519/3841/3188 5520/3874/3220 5316/3873/3219
f 5519/3841/3188 5723/3842/3189 5724/3875/3221 5520/3874/3220
f 5723/3842/3189 5928/3843/3190 5929/3876/3222 5724/3875/3221
f 5928/3843/3190 6132/3844/3191 6133/3877/3223 5929/3876/3222
f 6132/3844/3191 6337/3845/3192 6338/3878/3224 6133/3877/3223
f 6337/3845/3192 6542/3846/3193 6543/3879/3225 6338/3878/3224
f 6542/3846/3193 184/3847/3163 185/3880/3195 6543/3879/3225
f 185/3849/3195 390/3848/3194 391/3881/3226 186/3849/3226
f 390/3848/3194 595/3850/3196 596/3882/3226 391/3881/3226
f 595/3850/3196 800/3851/3197 801/3883/3226 596/3882/3226
f 800/3851/3197 1005/3852/3198 1006/3884/3226 801/3883/3226
f 1005/3852/3198 1209/3853/3199 1210/3853/3226 1006/3884/3226
f 1209/3853/3199 1414/3854/3200 1415/3854/3226 1210/3853/3226
f 1414/3854/3200 1618/3855/3201 1619/3885/3226 1415/3854/3226
f 1618/3855/3201 1822/3856/3202 1823/3886/3226 1619/3885/3226
f 1822/3856/3202 2025/3857/3203 2026/3887/3226 1823/3886/3226
f 2025/3857/3203 2230/3858/3204 2231/3888/3226 2026/3887/3226
f 2230/3858/3204 2436/3859/3205 2437/3859/3226 2231/3888/3226
f 2436/3859/3205 2642/3860/3206 2643/3889/3226 2437/3859/3226
f 2642/3860/3206 2848/3861/3207 2849/3890/3226 2643/3889/3226
f 2848/3861/3207 3054/3862/3208 3055/3891/3226 2849/3890/3226
f 3054/3862/3208 3260/3863/3209 3261/3863/3226 3055/3891/3226
f 3260/3863/3209 3466/3864/3210 3467/3864/3226 3261/3863/3226
f 3466/3864/3210 3672/3865/3211 3673/3892/3226 3467/3864/3226
f 3672/3865/3211 3878/3866/3212 3879/3893/3226 3673/3892/3226
f 3878/3866/3212 4084/3867/3213 4085/3894/3226 3879/3893/3226
f 4084/3867/3213 4290/3868/3214 4291/3895/3226 4085/3894/3226
f 4290/3868/3214 4496/3869/3215 4497/3869/3226 4291/3895/3226
f 4496/3869/3215 4702/3870/3216 4703/3896/3226 4497/3869/3226
f 4702/3870/3216 4908/3871/3217 4909/3897/3226 4703/3896/3226
f 4908/3871/3217 5113/3872/3218 5114/3898/3226 4909/3897/3226
f 5113/3872/3218 5316/3873/3219 5317/3899/3226 5114/3898/3226
f 5316/3873/3219 5520/3874/3220 5521/3900/3226 5317/3899/3226
f 5520/3874/3220 5724/3875/3221 5725/3901/3226 5521/3900/3226
f 5724/3875/3221 5929/3876/3222 5930/3902/3226 5725/3901/3226
f 5929/3876/3222 6133/3877/3223 6134/3903/3226 5930/3902/3226
f 6133/3877/3223 6338/3878/3224 6339/3904/3226 6134/3903/3226
f 6338/3878/3224 6543/3879/3225 6544/3905/3226 6339/3904/3226
f 6543/3879/3225 185/3880/3195 186/3906/3226 6544/3905/3226
f 186/3849/3226 391/3881/3226 392/3907/3226 187/3908/3226
f 391/3881/3226 596/3882/3226 597/3909/3226 392/3907/3226
f 596/3882/3226 801/3883/3226 802/3910/3226 597/3909/3226
f 801/3883/3226 1006/3884/3226 1007/3911/3226 802/3910/3226
f 1006/3884/3226 1210/3853/3226 1211/3853/3226 1007/3911/3226
f 1210/3853/3226 1415/3854/3226 1416/3912/3226 1211/3853/3226
f 1415/3854/3226 1619/3885/3226 1620/3913/3226 1416/3912/3226
f 1619/3885/3226 1823/3886/3226 1824/3856/3226 1620/3913/3226
f 1823/3886/3226 2026/3887/3226 2027/3857/3226 1824/3856/3226
f 2026/3887/3226 2231/3888/3226 2232/3914/3226 2027/3857/3226
f 2231/3888/3226 2437/3859/3226 2438/3915/3226 2232/3914/3226
f 2437/3859/3226 2643/3889/3226 2644/3916/3226 2438/3915/3226
f 2643/3889/3226 2849/3890/3226 2850/3861/3226 2644/3916/3226
f 2849/3890/3226 3055/3891/3226 3056/3862/3226 2850/3861/3226
f 3055/3891/3226 3261/3863/3226 3262/3863/3226 3056/3862/3226
f 3261/3863/3226 3467/3864/3226 3468/3917/3226 3262/3863/3226
f 3467/3864/3226 3673/3892/3226 3674/3865/3226 3468/3917/3226
f 3673/3892/3226 3879/3893/3226 3880/3866/3226 3674/3865/3226
f 3879/3893/3226 4085/3894/3226 4086/3894/3226 3880/3866/3226
f 4085/3894/3226 4291/3895/3226 4292/3895/3226 4086/3894/3226
f 4291/3895/3226 4497/3869/3226 4498/3918/3226 4292/3895/3226
f 4497/3869/3226 4703/3896/3226 4704/3919/3226 4498/3918/3226
f 4703/3896/3226 4909/3897/3226 4910/3897/3226 4704/3919/3226
f 4909/3897/3226 5114/3898/3226 5115/3898/3226 4910/3897/3226
f 5114/3898/3226 5317/3899/3226 5318/3899/3226 5115/3898/3226
f 5317/3899/3226 5521/3900/3226 5522/3920/3226 5318/3899/3226
f 5521/3900/3226 5725/3901/3226 5726/3921/3226 5522/3920/3226
f 5725/3901/3226 5930/3902/3226 5931/3922/3226 5726/3921/3226
f 5930/3902/3226 6134/3903/3226 6135/3923/3226 5931/3922/3226
f 6134/3903/3226 6339/3904/3226 6340/3924/3226 6135/3923/3226
f 6339/3904/3226 6544/3905/3226 6545/3879/3226 6340/3924/3226
f 6544/3905/3226 186/3906/3226 187/3925/3226 6545/3879/3226
f 187/3908/3226 392/3907/3226 393/3848/3226 188/3849/3226
f 392/3907/3226 597/3909/3226 598/3926/3227 393/3848/3226
f 597/3909/3226 802/3910/3226 803/3927/3226 598/3926/3227
f 802/3910/3226 1007/3911/3226 1008/3852/3228 803/3927/3226
f 1007/3911/3226 1211/3853/3226 1212/3928/3226 1008/3852/3228
f 1211/3853/3226 1416/3912/3226 1417/3912/3226 1212/3928/3226
f 1416/3912/3226 1620/3913/3226 1621/3885/3226 1417/3912/3226
f 1620/3913/3226 1824/3856/3226 1825/3929/3226 1621/3885/3226
f 1824/3856/3226 2027/3857/3226 2028/3857/3226 1825/3929/3226
f 2027/3857/3226 2232/3914/3226 2233/3930/3226 2028/3857/3226
f 2232/3914/3226 2438/3915/3226 2439/3859/3226 2233/3930/3226
f 2438/3915/3226 2644/3916/3226 2645/3916/3226 2439/3859/3226
f 2644/3916/3226 2850/3861/3226 2851/3861/3226 2645/3916/3226
f 2850/3861/3226 3056/3862/3226 3057/3931/3226 2851/3861/3226
f 3056/3862/3226 3262/3863/3226 3263/3932/3226 3057/3931/3226
f 3262/3863/3226 3468/3917/3226 3469/3864/3226 3263/3932/3226
f 3468/3917/3226 3674/3865/3226 3675/3865/3226 3469/3864/3226
f 3674/3865/3226 3880/3866/3226 3881/3866/3226 3675/3865/3226
f 3880/3866/3226 4086/3894/3226 4087/3894/3226 3881/3866/3226
f 4086/3894/3226 4292/3895/3226 4293/3868/3226 4087/3894/3226
f 4292/3895/3226 4498/3918/3226 4499/3869/3226 4293/3868/3226
f 4498/3918/3226 4704/3919/3226 4705/3933/3226 4499/3869/3226
f 4704/3919/3226 4910/3897/3226 4911/3934/3226 4705/3933/3226
f 4910/3897/3226 5115/3898/3226 5116/3935/3226 4911/3934/3226
f 5115/3898/3226 5318/3899/3226 5319/3899/3226 5116/3935/3226
f 5318/3899/3226 5522/3920/3226 5523/3874/3226 5319/3899/3226
f 5522/3920/3226 5726/3921/3226 5727/3936/3226 5523/3874/3226
f 5726/3921/3226 5931/3922/3226 5932/3876/3226 5727/3936/3226
f 5931/3922/3226 6135/3923/3226 6136/3937/3226 5932/3876/3226
f 6135/3923/3226 6340/3924/3226 6341/3938/3226 6136/3937/3226
f 6340/3924/3226 6545/3879/3226 6546/3939/3226 6341/3938/3226
f 6545/3879/3226 187/3925/3226 188/3925/3226 6546/3939/3226
f 188/3849/3226 393/3848/3226 394/3940/3226 189/3941/3226
f 393/3848/3226 598/3926/3227 599/3942/3226 394/3940/3226
f 598/3926/3227 803/3927/3226 804/3927/3226 599/3942/3226
f 803/3927/3226 1008/3852/3228 1009/3884/3227 804/3927/3226
f 1008/3852/3228 1212/3928/3226 1213/3853/3226 1009/3884/3227
f 1212/3928/3226 1417/3912/3226 1418/3943/3226 1213/3853/3226
f 1417/3912/3226 1621/3885/3226 1622/3944/3226 1418/3943/3226
f 1621/3885/3226 1825/3929/3226 1826/3945/3226 1622/3944/3226
f 1825/3929/3226 2028/3857/3226 2029/3857/3226 1826/3945/3226
f 2028/3857/3226 2233/3930/3226 2234/3858/3226 2029/3857/3226
f 2233/3930/3226 2439/3859/3226 2440/3946/3226 2234/3858/3226
f 2439/3859/3226 2645/3916/3226 2646/3916/3226 2440/3946/3226
f 2645/3916/3226 2851/3861/3226 2852/3861/3226 2646/3916/3226
f 2851/3861/3226 3057/3931/3226 3058/3947/3226 2852/3861/3226
f 3057/3931/3226 3263/3932/3226 3264/3948/3228 3058/3947/3226
f 3263/3932/3226 3469/3864/3226 3470/3949/3228 3264/3948/3228
f 3469/3864/3226 3675/3865/3226 3676/3950/3226 3470/3949/3228
f 3675/3865/3226 3881/3866/3226 3882/3951/3226 3676/3950/3226
f 3881/3866/3226 4087/3894/3226 4088/3952/3226 3882/3951/3226
f 4087/3894/3226 4293/3868/3226 4294/3953/3226 4088/3952/3226
f 4293/3868/3226 4499/3869/3226 4500/3869/3226 4294/3953/3226
f 4499/3869/3226 4705/3933/3226 4706/3954/3226 4500/3869/3226
f 4705/3933/3226 4911/3934/3226 4912/3955/3226 4706/3954/3226
f 4911/3934/3226 5116/3935/3226 5117/3956/3226 4912/3955/3226
f 5116/3935/3226 5319/3899/3226 5320/3899/3226 5117/3956/3226
f 5319/3899/3226 5523/3874/3226 5524/3957/3226 5320/3899/3226
f 5523/3874/3226 5727/3936/3226 5728/3958/3226 5524/3957/3226
f 5727/3936/3226 5932/3876/3226 5933/3876/3226 5728/3958/3226
f 5932/3876/3226 6136/3937/3226 6137/3959/3228 5933/3876/3226
f 6136/3937/3226 6341/3938/3226 6342/3960/3228 6137/3959/3228
f 6341/3938/3226 6546/3939/3226 6547/3961/3226 6342/3960/3228
f 6546/3939/3226 188/3925/3226 189/3962/3226 6547/3961/3226
f 189/3941/3226 394/3940/3226 395/3940/3228 190/3849/3226
f 394/3940/3226 599/3942/3226 600/3882/3228 395/3940/3228
f 599/3942/3226 804/3927/3226 805/3910/3226 600/3882/3228
f 804/3927/3226 1009/3884/3227 1010/3852/3227 805/3910/3226
f 1009/3884/3227 1213/3853/3226 1214/3963/3226 1010/3852/3227
f 1213/3853/3226 1418/3943/3226 1419/3912/3226 1214/3963/3226
f 1418/3943/3226 1622/3944/3226 1623/3964/3226 1419/3912/3226
f 1622/3944/3226 1826/3945/3226 1827/3965/3226 1623/3964/3226
f 1826/3945/3226 2029/3857/3226 2030/3857/3226 1827/3965/3226
f 2029/3857/3226 2234/3858/3226 2235/3858/3226 2030/3857/3226
f 2234/3858/3226 2440/3946/3226 2441/3966/3226 2235/3858/3226
f 2440/3946/3226 2646/3916/3226 2647/3860/3228 2441/3966/3226
f 2646/3916/3226 2852/3861/3226 2853/3967/3228 2647/3860/3228
f 2852/3861/3226 3058/3947/3226 3059/3862/3227 2853/3967/3228
f 3058/3947/3226 3264/3948/3228 3265/3968/3226 3059/3862/3227
f 3264/3948/3228 3470/3949/3228 3471/3969/3228 3265/3968/3226
f 3470/3949/3228 3676/3950/3226 3677/3865/3226 3471/3969/3228
f 3676/3950/3226 3882/3951/3226 3883/3866/3226 3677/3865/3226
f 3882/3951/3226 4088/3952/3226 4089/3970/3226 3883/3866/3226
f 4088/3952/3226 4294/3953/3226 4295/3868/3226 4089/3970/3226
f 4294/3953/3226 4500/3869/3226 4501/3971/3226 4295/3868/3226
f 4500/3869/3226 4706/3954/3226 4707/3896/3226 4501/3971/3226
f 4706/3954/3226 4912/3955/3226 4913/3972/3226 4707/3896/3226
f 4912/3955/3226 5117/3956/3226 5118/3898/3226 4913/3972/3226
f 5117/3956/3226 5320/3899/3226 5321/3899/3226 5118/3898/3226
f 5320/3899/3226 5524/3957/3226 5525/3900/3226 5321/3899/3226
f 5524/3957/3226 5728/3958/3226 5729/3973/3226 5525/3900/3226
f 5728/3958/3226 5933/3876/3226 5934/3876/3226 5729/3973/3226
f 5933/3876/3226 6137/3959/3228 6138/3974/3228 5934/3876/3226
f 6137/3959/3228 6342/3960/3228 6343/3924/3229 6138/3974/3228
f 6342/3960/3228 6547/3961/3226 6548/3975/3226 6343/3924/3229
f 6547/3961/3226 189/3962/3226 190/3976/3226 6548/3975/3226
f 190/3849/3226 395/3940/3228 396/3977/3228 191/3849/3226
f 395/3940/3228 600/3882/3228 601/3978/3226 396/3977/3228
f 600/3882/3228 805/3910/3226 806/3851/3226 601/3978/3226
f 805/3910/3226 1010/3852/3227 1011/3911/3226 806/3851/3226
f 1010/3852/3227 1214/3963/3226 1215/3853/3226 1011/3911/3226
f 1214/3963/3226 1419/3912/3226 1420/3912/3226 1215/3853/3226
f 1419/3912/3226 1623/3964/3226 1624/3913/3230 1420/3912/3226
f 1623/3964/3226 1827/3965/3226 1828/3945/3230 1624/3913/3230
f 1827/3965/3226 2030/3857/3226 2031/3857/3226 1828/3945/3230
f 2030/3857/3226 2235/3858/3226 2236/3979/3226 2031/3857/3226
f 2235/3858/3226 2441/3966/3226 2442/3859/3226 2236/3979/3226
f 2441/3966/3226 2647/3860/3228 2648/3860/3228 2442/3859/3226
f 2647/3860/3228 2853/3967/3228 2854/3861/3228 2648/3860/3228
f 2853/3967/3228 3059/3862/3227 3060/3862/3227 2854/3861/3228
f 3059/3862/3227 3265/3968/3226 3266/3863/3227 3060/3862/3227
f 3265/3968/3226 3471/3969/3228 3472/3969/3226 3266/3863/3227
f 3471/3969/3228 3677/3865/3226 3678/3865/3226 3472/3969/3226
f 3677/3865/3226 3883/3866/3226 3884/3866/3226 3678/3865/3226
f 3883/3866/3226 4089/3970/3226 4090/3867/3226 3884/3866/3226
f 4089/3970/3226 4295/3868/3226 4296/3868/3226 4090/3867/3226
f 4295/3868/3226 4501/3971/3226 4502/3869/3226 4296/3868/3226
f 4501/3971/3226 4707/3896/3226 4708/3896/3226 4502/3869/3226
f 4707/3896/3226 4913/3972/3226 4914/3897/3231 4708/3896/3226
f 4913/3972/3226 5118/3898/3226 5119/3898/3231 4914/3897/3231
f 5118/3898/3226 5321/3899/3226 5322/3980/3231 5119/3898/3231
f 5321/3899/3226 5525/3900/3226 5526/3874/3226 5322/3980/3231
f 5525/3900/3226 5729/3973/3226 5730/3901/3227 5526/3874/3226
f 5729/3973/3226 5934/3876/3226 5935/3876/3226 5730/3901/3227
f 5934/3876/3226 6138/3974/3228 6139/3981/3226 5935/3876/3226
f 6138/3974/3228 6343/3924/3229 6344/3924/3228 6139/3981/3226
f 6343/3924/3229 6548/3975/3226 6549/3982/3226 6344/3924/3228
f 6548/3975/3226 190/3976/3226 191/3976/3226 6549/3982/3226
f 191/3849/3226 396/3977/3228 397/3907/3226 192/3908/3226
f 396/3977/3228 601/3978/3226 602/3978/3226 397/3907/3226
f 601/3978/3226 806/3851/3226 807/3883/3226 602/3978/3226
f 806/3851/3226 1011/3911/3226 1012/3983/3226 807/3883/3226
f 1011/3911/3226 1215/3853/3226 1216/3853/3226 1012/3983/3226
f 1215/3853/3226 1420/3912/3226 1421/3984/3226 1216/3853/3226
f 1420/3912/3226 1624/3913/3230 1625/3855/3226 1421/3984/3226
f 1624/3913/3230 1828/3945/3230 1829/3886/3226 1625/3855/3226
f 1828/3945/3230 2031/3857/3226 2032/3857/3226 1829/3886/3226
f 2031/3857/3226 2236/3979/3226 2237/3985/3226 2032/3857/3226
f 2236/3979/3226 2442/3859/3226 2443/3859/3226 2237/3985/3226
f 2442/3859/3226 2648/3860/3228 2649/3916/3226 2443/3859/3226
f 2648/3860/3228 2854/3861/3228 2855/3986/3226 2649/3916/3226
f 2854/3861/3228 3060/3862/3227 3061/3987/3226 2855/3986/3226
f 3060/3862/3227 3266/3863/3227 3267/3988/3228 3061/3987/3226
f 3266/3863/3227 3472/3969/3226 3473/3917/3226 3267/3988/3228
f 3472/3969/3226 3678/3865/3226 3679/3989/3226 3473/3917/3226
f 3678/3865/3226 3884/3866/3226 3885/3990/3226 3679/3989/3226
f 3884/3866/3226 4090/3867/3226 4091/3867/3226 3885/3990/3226
f 4090/3867/3226 4296/3868/3226 4297/3868/3226 4091/3867/3226
f 4296/3868/3226 4502/3869/3226 4503/3869/3226 4297/3868/3226
f 4502/3869/3226 4708/3896/3226 4709/3896/3226 4503/3869/3226
f 4708/3896/3226 4914/3897/3231 4915/3991/3226 4709/3896/3226
f 4914/3897/3231 5119/3898/3231 5120/3898/3226 4915/3991/3226
f 5119/3898/3231 5322/3980/3231 5323/3899/3226 5120/3898/3226
f 5322/3980/3231 5526/3874/3226 5527/3992/3226 5323/3899/3226
f 5526/3874/3226 5730/3901/3227 5731/3901/3226 5527/3992/3226
f 5730/3901/3227 5935/3876/3226 5936/3876/3226 5731/3901/3226
f 5935/3876/3226 6139/3981/3226 6140/3993/3226 5936/3876/3226
f 6139/3981/3226 6344/3924/3228 6345/3924/3226 6140/3993/3226
f 6344/3924/3228 6549/3982/3226 6550/3994/3226 6345/3924/3226
f 6549/3982/3226 191/3976/3226 192/3925/3226 6550/3994/3226
f 192/3908/3226 397/3907/3226 398/3848/3226 193/3849/3226
f 397/3907/3226 602/3978/3226 603/3909/3226 398/3848/3226
f 602/3978/3226 807/3883/3226 808/3995/3226 603/3909/3226
f 807/3883/3226 1012/3983/3226 1013/3996/3226 808/3995/3226
f 1012/3983/3226 1216/3853/3226 1217/3997/3226 1013/3996/3226
f 1216/3853/3226 1421/3984/3226 1422/3912/3226 1217/3997/3226
f 1421/3984/3226 1625/3855/3226 1626/3998/3226 1422/3912/3226
f 1625/3855/3226 1829/3886/3226 1830/3999/3226 1626/3998/3226
f 1829/3886/3226 2032/3857/3226 2033/4000/3226 1830/3999/3226
f 2032/3857/3226 2237/3985/3226 2238/4001/3226 2033/4000/3226
f 2237/3985/3226 2443/3859/3226 2444/4002/3226 2238/4001/3226
f 2443/3859/3226 2649/3916/3226 2650/3860/3226 2444/4002/3226
f 2649/3916/3226 2855/3986/3226 2856/3861/3226 2650/3860/3226
f 2855/3986/3226 3061/3987/3226 3062/3891/3226 2856/3861/3226
f 3061/3987/3226 3267/3988/3228 3268/3988/3226 3062/3891/3226
f 3267/3988/3228 3473/3917/3226 3474/3949/3226 3268/3988/3226
f 3473/3917/3226 3679/3989/3226 3680/3865/3226 3474/3949/3226
f 3679/3989/3226 3885/3990/3226 3886/4003/3226 3680/3865/3226
f 3885/3990/3226 4091/3867/3226 4092/3867/3226 3886/4003/3226
f 4091/3867/3226 4297/3868/3226 4298/3895/3226 4092/3867/3226
f 4297/3868/3226 4503/3869/3226 4504/4004/3226 4298/3895/3226
f 4503/3869/3226 4709/3896/3226 4710/3919/3226 4504/4004/3226
f 4709/3896/3226 4915/3991/3226 4916/3897/3226 4710/3919/3226
f 4915/3991/3226 5120/3898/3226 5121/3898/3226 4916/3897/3226
f 5120/3898/3226 5323/3899/3226 5324/3980/3226 5121/3898/3226
f 5323/3899/3226 5527/3992/3226 5528/4005/3226 5324/3980/3226
f 5527/3992/3226 5731/3901/3226 5732/4006/3226 5528/4005/3226
f 5731/3901/3226 5936/3876/3226 5937/4007/3226 5732/4006/3226
f 5936/3876/3226 6140/3993/3226 6141/3923/3226 5937/4007/3226
f 6140/3993/3226 6345/3924/3226 6346/4008/3226 6141/3923/3226
f 6345/3924/3226 6550/3994/3226 6551/3982/3226 6346/4008/3226
f 6550/3994/3226 192/3925/3226 193/3925/3226 6551/3982/3226
f 193/3849/3226 398/3848/3226 399/4009/3226 194/3849/3226
f 398/3848/3226 603/3909/3226 604/3926/3226 399/4009/3226
f 603/3909/3226 808/3995/3226 809/3910/3226 604/3926/3226
f 808/3995/3226 1013/3996/3226 1014/3911/3226 809/3910/3226
f 1013/3996/3226 1217/3997/3226 1218/3928/3226 1014/3911/3226
f 1217/3997/3226 1422/3912/3226 1423/4010/3226 1218/3928/3226
f 1422/3912/3226 1626/3998/3226 1627/3913/3226 1423/4010/3226
f 1626/3998/3226 1830/3999/3226 1831/3856/3226 1627/3913/3226
f 1830/3999/3226 2033/4000/3226 2034/3857/3226 1831/3856/3226
f 2033/4000/3226 2238/4001/3226 2239/3888/3226 2034/3857/3226
f 2238/4001/3226 2444/4002/3226 2445/3859/3226 2239/3888/3226
f 2444/4002/3226 2650/3860/3226 2651/3916/3226 2445/3859/3226
f 2650/3860/3226 2856/3861/3226 2857/3890/3226 2651/3916/3226
f 2856/3861/3226 3062/3891/3226 3063/3862/3226 2857/3890/3226
f 3062/3891/3226 3268/3988/3226 3269/3988/3226 3063/3862/3226
f 3268/3988/3226 3474/3949/3226 3475/3864/3226 3269/3988/3226
f 3474/3949/3226 3680/3865/3226 3681/4011/3226 3475/3864/3226
f 3680/3865/3226 3886/4003/3226 3887/3893/3226 3681/4011/3226
f 3886/4003/3226 4092/3867/3226 4093/3867/3226 3887/3893/3226
f 4092/3867/3226 4298/3895/3226 4299/4012/3226 4093/3867/3226
f 4298/3895/3226 4504/4004/3226 4505/4013/3226 4299/4012/3226
f 4504/4004/3226 4710/3919/3226 4711/3896/3226 4505/4013/3226
f 4710/3919/3226 4916/3897/3226 4917/3897/3226 4711/3896/3226
f 4916/3897/3226 5121/3898/3226 5122/3898/3226 4917/3897/3226
f 5121/3898/3226 5324/3980/3226 5325/3899/3226 5122/3898/3226
f 5324/3980/3226 5528/4005/3226 5529/4014/3226 5325/3899/3226
f 5528/4005/3226 5732/4006/3226 5733/3901/3226 5529/4014/3226
f 5732/4006/3226 5937/4007/3226 5938/3876/3226 5733/3901/3226
f 5937/4007/3226 6141/3923/3226 6142/3981/3226 5938/3876/3226
f 6141/3923/3226 6346/4008/3226 6347/3924/3226 6142/3981/3226
f 6346/4008/3226 6551/3982/3226 6552/4015/3226 6347/3924/3226
f 6551/3982/3226 193/3925/3226 194/3925/3226 6552/4015/3226
f 194/3849/3226 399/4009/3226 400/3848/3226 195/3849/3226
f 399/4009/3226 604/3926/3226 605/4016/3226 400/3848/3226
f 604/3926/3226 809/3910/3226 810/3883/3226 605/4016/3226
f 809/3910/3226 1014/3911/3226 1015/3852/3226 810/3883/3226
f 1014/3911/3226 1218/3928/3226 1219/3853/3226 1015/3852/3226
f 1218/3928/3226 1423/4010/3226 1424/4017/3226 1219/3853/3226
f 1423/4010/3226 1627/3913/3226 1628/3855/3226 1424/4017/3226
f 1627/3913/3226 1831/3856/3226 1832/3856/3226 1628/3855/3226
f 1831/3856/3226 2034/3857/3226 2035/3887/3226 1832/3856/3226
f 2034/3857/3226 2239/3888/3226 2240/4018/3226 2035/3887/3226
f 2239/3888/3226 2445/3859/3226 2446/3859/3226 2240/4018/3226
f 2445/3859/3226 2651/3916/3226 2652/4019/3226 2446/3859/3226
f 2651/3916/3226 2857/3890/3226 2858/4020/3226 2652/4019/3226
f 2857/3890/3226 3063/3862/3226 3064/3862/3226 2858/4020/3226
f 3063/3862/3226 3269/3988/3226 3270/3863/3226 3064/3862/3226
f 3269/3988/3226 3475/3864/3226 3476/3864/3226 3270/3863/3226
f 3475/3864/3226 3681/4011/3226 3682/3865/3226 3476/3864/3226
f 3681/4011/3226 3887/3893/3226 3888/4021/3226 3682/3865/3226
f 3887/3893/3226 4093/3867/3226 4094/4022/3226 3888/4021/3226
f 4093/3867/3226 4299/4012/3226 4300/3868/3226 4094/4022/3226
f 4299/4012/3226 4505/4013/3226 4506/3869/3226 4300/3868/3226
f 4505/4013/3226 4711/3896/3226 4712/3896/3226 4506/3869/3226
f 4711/3896/3226 4917/3897/3226 4918/4023/3226 4712/3896/3226
f 4917/3897/3226 5122/3898/3226 5123/3898/3226 4918/4023/3226
f 5122/3898/3226 5325/3899/3226 5326/4024/3226 5123/3898/3226
f 5325/3899/3226 5529/4014/3226 5530/3874/3226 5326/4024/3226
f 5529/4014/3226 5733/3901/3226 5734/3901/3226 5530/3874/3226
f 5733/3901/3226 5938/3876/3226 5939/4025/3226 5734/3901/3226
f 5938/3876/3226 6142/3981/3226 6143/3981/3226 5939/4025/3226
f 6142/3981/3226 6347/3924/3226 6348/4008/3226 6143/3981/3226
f 6347/3924/3226 6552/4015/3226 6553/3982/3226 6348/4008/3226
f 6552/4015/3226 194/3925/3226 195/3880/3226 6553/3982/3226
f 195/3849/3226 400/3848/3226 401/3848/3226 196/3849/3226
f 400/3848/3226 605/4016/3226 606/3909/3226 401/3848/3226
f 605/4016/3226 810/3883/3226 811/3910/3226 606/3909/3226
f 810/3883/3226 1015/3852/3226 1016/3996/3226 811/3910/3226
f 1015/3852/3226 1219/3853/3226 1220/3853/3226 1016/3996/3226
f 1219/3853/3226 1424/4017/3226 1425/3912/3226 1220/3853/3226
f 1424/4017/3226 1628/3855/3226 1629/4026/3226 1425/3912/3226
f 1628/3855/3226 1832/3856/3226 1833/3856/3226 1629/4026/3226
f 1832/3856/3226 2035/3887/3226 2036/3857/3226 1833/3856/3226
f 2035/3887/3226 2240/4018/3226 2241/3930/3226 2036/3857/3226
f 2240/4018/3226 2446/3859/3226 2447/4027/3226 2241/3930/3226
f 2446/3859/3226 2652/4019/3226 2653/4028/3226 2447/4027/3226
f 2652/4019/3226 2858/4020/3226 2859/3890/3226 2653/4028/3226
f 2858/4020/3226 3064/3862/3226 3065/3987/3226 2859/3890/3226
f 3064/3862/3226 3270/3863/3226 3271/4029/3226 3065/3987/3226
f 3270/3863/3226 3476/3864/3226 3477/3864/3226 3271/4029/3226
f 3476/3864/3226 3682/3865/3226 3683/3950/3226 3477/3864/3226
f 3682/3865/3226 3888/4021/3226 3889/3866/3226 3683/3950/3226
f 3888/4021/3226 4094/4022/3226 4095/4022/3226 3889/3866/3226
f 4094/4022/3226 4300/3868/3226 4301/3868/3226 4095/4022/3226
f 4300/3868/3226 4506/3869/3226 4507/3869/3226 4301/3868/3226
f 4506/3869/3226 4712/3896/3226 4713/3896/3226 4507/3869/3226
f 4712/3896/3226 4918/4023/3226 4919/3897/3226 4713/3896/3226
f 4918/4023/3226 5123/3898/3226 5124/3898/3226 4919/3897/3226
f 5123/3898/3226 5326/4024/3226 5327/4030/3226 5124/3898/3226
f 5326/4024/3226 5530/3874/3226 5531/3920/3226 5327/4030/3226
f 5530/3874/3226 5734/3901/3226 5735/4006/3226 5531/3920/3226
f 5734/3901/3226 5939/4025/3226 5940/3876/3226 5735/4006/3226
f 5939/4025/3226 6143/3981/3226 6144/3981/3226 5940/3876/3226
f 6143/3981/3226 6348/4008/3226 6349/3924/3226 6144/3981/3226
f 6348/4008/3226 6553/3982/3226 6554/3982/3226 6349/3924/3226
f 6553/3982/3226 195/3880/3226 196/3976/3226 6554/3982/3226
f 196/3849/3226 401/3848/3226 402/4031/3226 197/3849/3226
f 401/3848/3226 606/3909/3226 607/3909/3226 402/4031/3226
f 606/3909/3226 811/3910/3226 812/3851/3226 607/3909/3226
f 811/3910/3226 1016/3996/3226 1017/3852/3226 812/3851/3226
f 1016/3996/3226 1220/3853/3226 1221/4032/3226 1017/3852/3226
f 1220/3853/3226 1425/3912/3226 1426/3912/3226 1221/4032/3226
f 1425/3912/3226 1629/4026/3226 1630/3913/3226 1426/3912/3226
f 1629/4026/3226 1833/3856/3226 1834/3856/3226 1630/3913/3226
f 1833/3856/3226 2036/3857/3226 2037/4033/3226 1834/3856/3226
f 2036/3857/3226 2241/3930/3226 2242/4018/3226 2037/4033/3226
f 2241/3930/3226 2447/4027/3226 2448/4034/3226 2242/4018/3226
f 2447/4027/3226 2653/4028/3226 2654/3860/3226 2448/4034/3226
f 2653/4028/3226 2859/3890/3226 2860/4035/3226 2654/3860/3226
f 2859/3890/3226 3065/3987/3226 3066/3862/3226 2860/4035/3226
f 3065/3987/3226 3271/4029/3226 3272/3863/3226 3066/3862/3226
f 3271/4029/3226 3477/3864/3226 3478/3864/3226 3272/3863/3226
f 3477/3864/3226 3683/3950/3226 3684/3865/3226 3478/3864/3226
f 3683/3950/3226 3889/3866/3226 3890/3951/3226 3684/3865/3226
f 3889/3866/3226 4095/4022/3226 4096/3894/3226 3890/3951/3226
f 4095/4022/3226 4301/3868/3226 4302/3868/3226 4096/3894/3226
f 4301/3868/3226 4507/3869/3226 4508/4004/3226 4302/3868/3226
f 4507/3869/3226 4713/3896/3226 4714/4036/3226 4508/4004/3226
f 4713/3896/3226 4919/3897/3226 4920/4037/3226 4714/4036/3226
f 4919/3897/3226 5124/3898/3226 5125/3898/3226 4920/4037/3226
f 5124/3898/3226 5327/4030/3226 5328/4038/3226 5125/3898/3226
f 5327/4030/3226 5531/3920/3226 5532/4014/3226 5328/4038/3226
f 5531/3920/3226 5735/4006/3226 5736/3875/3226 5532/4014/3226
f 5735/4006/3226 5940/3876/3226 5941/4039/3226 5736/3875/3226
f 5940/3876/3226 6144/3981/3226 6145/4040/3226 5941/4039/3226
f 6144/3981/3226 6349/3924/3226 6350/3878/3226 6145/4040/3226
f 6349/3924/3226 6554/3982/3226 6555/3939/3226 6350/3878/3226
f 6554/3982/3226 196/3976/3226 197/3925/3226 6555/3939/3226
f 197/3849/25 402/4031/24 403/4041/24 198/4042/25
f 402/4031/24 607/3909/23 608/4043/23 403/4041/24
f 607/3909/23 812/3851/22 813/4044/22 608/4043/23
f 812/3851/22 1017/3852/21 1018/4045/21 813/4044/22
f 1017/3852/21 1221/4032/20 1222/4046/20 1018/4045/21
f 1221/4032/20 1426/3912/19 1427/4047/19 1222/4046/20
f 1426/3912/19 1630/3913/18 1631/4048/18 1427/4047/19
f 1630/3913/18 1834/3856/17 1835/4049/17 1631/4048/18
f 1834/3856/17 2037/4033/16 2038/4050/16 1835/4049/17
f 2037/4033/16 2242/4018/15 2243/4051/15 2038/4050/16
f 2242/4018/15 2448/4034/14 2449/4052/14 2243/4051/15
f 2448/4034/14 2654/3860/13 2655/4053/13 2449/4052/14
f 2654/3860/13 2860/4035/12 2861/4054/12 2655/4053/13
f 2860/4035/12 3066/3862/11 3067/4055/11 2861/4054/12
f 3066/3862/11 3272/3863/10 3273/4056/10 3067/4055/11
f 3272/3863/10 3478/3864/9 3479/4057/9 3273/4056/10
f 3478/3864/9 3684/3865/8 3685/4058/8 3479/4057/9
f 3684/3865/8 3890/3951/7 3891/4059/7 3685/4058/8
f 3890/3951/7 4096/3894/6 4097/4060/6 3891/4059/7
f 4096/3894/6 4302/3868/5 4303/4061/5 4097/4060/6
f 4302/3868/5 4508/4004/4 4509/4062/4 4303/4061/5
f 4508/4004/4 4714/4036/3 4715/4063/3 4509/4062/4
f 4714/4036/3 4920/4037/2 4921/4064/2 4715/4063/3
f 4920/4037/2 5125/3898/1 5126/4065/1 4921/4064/2
f 5125/3898/1 5328/4038/33 5329/4066/33 5126/4065/1
f 5328/4038/33 5532/4014/31 5533/4067/31 5329/4066/33
f 5532/4014/31 5736/3875/30 5737/4068/30 5533/4067/31
f 5736/3875/30 5941/4039/29 5942/4069/29 5737/4068/30
f 5941/4039/29 6145/4040/28 6146/4070/28 5942/4069/29
f 6145/4040/28 6350/3878/27 6351/4071/27 6146/4070/28
f 6350/3878/27 6555/3939/26 6556/4072/26 6351/4071/27
f 6555/3939/26 197/3925/25 198/4073/25 6556/4072/26
f 198/4042/25 403/4041/24 404/4074/24 199/4075/25
f 403/4041/24 608/4043/23 609/4076/23 404/4074/24
f 608/4043/23 813/4044/22 814/4077/22 609/4076/23
f 813/4044/22 1018/4045/21 1019/4078/21 814/4077/22
f 1018/4045/21 1222/4046/20 1223/4079/20 1019/4078/21
f 1222/4046/20 1427/4047/19 1428/4080/19 1223/4079/20
f 1427/4047/19 1631/4048/18 1632/4081/18 1428/4080/19
f 1631/4048/18 1835/4049/17 1836/4082/17 1632/4081/18
f 1835/4049/17 2038/4050/16 2039/4083/16 1836/4082/17
f 2038/4050/16 2243/4051/15 2244/4084/15 2039/4083/16
f 2243/4051/15 2449/4052/14 2450/4085/14 2244/4084/15
f 2449/4052/14 2655/4053/13 2656/4086/13 2450/4085/14
f 2655/4053/13 2861/4054/12 2862/4087/12 2656/4086/13
f 2861/4054/12 3067/4055/11 3068/4088/11 2862/4087/12
f 3067/4055/11 3273/4056/10 3274/4089/10 3068/4088/11
f 3273/4056/10 3479/4057/9 3480/4090/9 3274/4089/10
f 3479/4057/9 3685/4058/8 3686/4091/8 3480/4090/9
f 3685/4058/8 3891/4059/7 3892/4092/7 3686/4091/8
f 3891/4059/7 4097/4060/6 4098/4093/6 3892/4092/7
f 4097/4060/6 4303/4061/5 4304/4094/5 4098/4093/6
f 4303/4061/5 4509/4062/4 4510/4095/4 4304/4094/5
f 4509/4062/4 4715/4063/3 4716/4096/3 4510/4095/4
f 4715/4063/3 4921/4064/2 4922/4097/2 4716/4096/3
f 4921/4064/2 5126/4065/1 5127/4098/1 4922/4097/2
f 5126/4065/1 5329/4066/33 5330/4099/33 5127/4098/1
f 5329/4066/33 5533/4067/31 5534/4100/31 5330/4099/33
f 5533/4067/31 5737/4068/30 5738/4101/30 5534/4100/31
f 5737/4068/30 5942/4069/29 5943/4102/29 5738/4101/30
f 5942/4069/29 6146/4070/28 6147/4103/28 5943/4102/29
f 6146/4070/28 6351/4071/27 6352/4104/27 6147/4103/28
f 6351/4071/27 6556/4072/26 6557/4105/26 6352/4104/27
f 6556/4072/26 198/4073/25 199/4106/25 6557/4105/26
f 199/4075/25 404/4074/24 405/4107/24 200/4108/25
f 404/4074/24 609/4076/23 610/4109/23 405/4107/24
f 609/4076/23 814/4077/22 815/4110/22 610/4109/23
f 814/4077/22 1019/4078/21 1020/4111/21 815/4110/22
f 1019/4078/21 1223/4079/20 1224/4112/20 1020/4111/21
f 1223/4079/20 1428/4080/19 1429/4113/19 1224/4112/20
f 1428/4080/19 1632/4081/18 1633/4114/18 1429/4113/19
f 1632/4081/18 1836/4082/17 1837/4115/17 1633/4114/18
f 1836/4082/17 2039/4083/16 2040/4116/16 1837/4115/17
f 2039/4083/16 2244/4084/15 2245/4117/15 2040/4116/16
f 2244/4084/15 2450/4085/14 2451/4118/14 2245/4117/15
f 2450/4085/14 2656/4086/13 2657/4119/13 2451/4118/14
f 2656/4086/13 2862/4087/12 2863/4120/12 2657/4119/13
f 2862/4087/12 3068/4088/11 3069/4121/11 2863/4120/12
f 3068/4088/11 3274/4089/10 3275/4122/10 3069/4121/11
f 3274/4089/10 3480/4090/9 3481/4123/9 3275/4122/10
f 3480/4090/9 3686/4091/8 3687/4124/8 3481/4123/9
f 3686/4091/8 3892/4092/7 3893/4125/7 3687/4124/8
f 3892/4092/7 4098/4093/6 4099/4126/6 3893/4125/7
f 4098/4093/6 4304/4094/5 4305/4127/5 4099/4126/6
f 4304/4094/5 4510/4095/4 4511/4128/4 4305/4127/5
f 4510/4095/4 4716/4096/3 4717/4129/3 4511/4128/4
f 4716/4096/3 4922/4097/2 4923/4130/2 4717/4129/3
f 4922/4097/2 5127/4098/1 5128/4131/1 4923/4130/2
f 5127/4098/1 5330/4099/33 5331/4132/33 5128/4131/1
f 5330/4099/33 5534/4100/31 5535/4133/31 5331/4132/33
f 5534/4100/31 5738/4101/30 5739/4134/30 5535/4133/31
f 5738/4101/30 5943/4102/29 5944/4135/29 5739/4134/30
f 5943/4102/29 6147/4103/28 6148/4136/28 5944/4135/29
f 6147/4103/28 6352/4104/27 6353/4137/27 6148/4136/28
f 6352/4104/27 6557/4105/26 6558/4138/26 6353/4137/27
f 6557/4105/26 199/4106/25 200/4139/25 6558/4138/26
f 200/4108/25 405/4107/24 406/4140/24 201/4141/25
f 405/4107/24 610/4109/23 611/4142/23 406/4140/24
f 610/4109/23 815/4110/22 816/4143/22 611/4142/23
f 815/4110/22 1020/4111/21 1021/4144/21 816/4143/22
f 1020/4111/21 1224/4112/20 1225/4145/20 1021/4144/21
f 1224/4112/20 1429/4113/19 1430/4146/19 1225/4145/20
f 1429/4113/19 1633/4114/18 1634/4147/18 1430/4146/19
f 1633/4114/18 1837/4115/17 1838/4148/17 1634/4147/18
f 1837/4115/17 2040/4116/16 2041/4149/16 1838/4148/17
f 2040/4116/16 2245/4117/15 2246/4150/15 2041/4149/16
f 2245/4117/15 2451/4118/14 2452/4151/14 2246/4150/15
f 2451/4118/14 2657/4119/13 2658/4152/13 2452/4151/14
f 2657/4119/13 2863/4120/12 2864/4153/12 2658/4152/13
f 2863/4120/12 3069/4121/11 3070/4154/11 2864/4153/12
f 3069/4121/11 3275/4122/10 3276/4155/10 3070/4154/11
f 3275/4122/10 3481/4123/9 3482/4156/9 3276/4155/10
f 3481/4123/9 3687/4124/8 3688/4157/8 3482/4156/9
f 3687/4124/8 3893/4125/7 3894/4158/7 3688/4157/8
f 3893/4125/7 4099/4126/6 4100/4159/6 3894/4158/7
f 4099/4126/6 4305/4127/5 4306/4160/5 4100/4159/6
f 4305/4127/5 4511/4128/4 4512/4161/4 4306/4160/5
f 4511/4128/4 4717/4129/3 4718/4162/3 4512/4161/4
f 4717/4129/3 4923/4130/2 4924/4163/2 4718/4162/3
f 4923/4130/2 5128/4131/1 5129/4164/1 4924/4163/2
f 5128/4131/1 5331/4132/33 5332/4165/33 5129/4164/1
f 5331/4132/33 5535/4133/31 5536/4166/31 5332/4165/33
f 5535/4133/31 5739/4134/30 5740/4167/30 5536/4166/31
f 5739/4134/30 5944/4135/29 5945/4168/29 5740/4167/30
f 5944/4135/29 6148/4136/28 6149/4169/28 5945/4168/29
f 6148/4136/28 6353/4137/27 6354/4170/27 6149/4169/28
f 6353/4137/27 6558/4138/26 6559/4171/26 6354/4170/27
f 6558/4138/26 200/4139/25 201/4172/25 6559/4171/26
f 201/4141/25 406/4140/24 407/4173/24 202/4174/25
f 406/4140/24 611/4142/23 612/4175/23 407/4173/24
f 611/4142/23 816/4143/22 817/4176/22 612/4175/23
f 816/4143/22 1021/4144/21 1022/4177/21 817/4176/22
f 1021/4144/21 1225/4145/20 1226/4178/20 1022/4177/21
f 1225/4145/20 1430/4146/19 1431/4179/19 1226/4178/20
f 1430/4146/19 1634/4147/18 1635/4180/18 1431/4179/19
f 1634/4147/18 1838/4148/17 1839/4181/17 1635/4180/18
f 1838/4148/17 2041/4149/16 2042/4182/16 1839/4181/17
f 2041/4149/16 2246/4150/15 2247/4183/15 2042/4182/16
f 2246/4150/15 2452/4151/14 2453/4184/14 2247/4183/15
f 2452/4151/14 2658/4152/13 2659/4185/13 2453/4184/14
f 2658/4152/13 2864/4153/12 2865/4186/12 2659/4185/13
f 2864/4153/12 3070/4154/11 3071/4187/11 2865/4186/12
f 3070/4154/11 3276/4155/10 3277/4188/10 3071/4187/11
f 3276/4155/10 3482/4156/9 3483/4189/9 3277/4188/10
f 3482/4156/9 3688/4157/8 3689/4190/8 3483/4189/9
f 3688/4157/8 3894/4158/7 3895/4191/7 3689/4190/8
f 3894/4158/7 4100/4159/6 4101/4192/6 3895/4191/7
f 4100/4159/6 4306/4160/5 4307/4193/5 4101/4192/6
f 4306/4160/5 4512/4161/4 4513/4194/4 4307/4193/5
f 4512/4161/4 4718/4162/3 4719/4195/3 4513/4194/4
f 4718/4162/3 4924/4163/2 4925/4196/2 4719/4195/3
f 4924/4163/2 5129/4164/1 5130/4197/1 4925/4196/2
f 5129/4164/1 5332/4165/33 5333/4198/33 5130/4197/1
f 5332/4165/33 5536/4166/31 5537/4199/31 5333/4198/33
f 5536/4166/31 5740/4167/30 5741/4200/30 5537/4199/31
f 5740/4167/30 5945/4168/29 5946/4201/29 5741/4200/30
f 5945/4168/29 6149/4169/28 6150/4202/28 5946/4201/29
f 6149/4169/28 6354/4170/27 6355/4203/27 6150/4202/28
f 6354/4170/27 6559/4171/26 6560/4204/26 6355/4203/27
f 6559/4171/26 201/4172/25 202/4205/25 6560/4204/26
f 202/4174/25 407/4173/24 408/4206/24 203/4207/25
f 407/4173/24 612/4175/23 613/4208/23 408/4206/24
f 612/4175/23 817/4176/22 818/4209/22 613/4208/23
f 817/4176/22 1022/4177/21 1023/4210/21 818/4209/22
f 1022/4177/21 1226/4178/20 1227/4211/20 1023/4210/21
f 1226/4178/20 1431/4179/19 1432/4212/19 1227/4211/20
f 1431/4179/19 1635/4180/18 1636/4213/18 1432/4212/19
f 1635/4180/18 1839/4181/17 1840/4214/17 1636/4213/18
f 1839/4181/17 2042/4182/16 2043/4215/16 1840/4214/17
f 2042/4182/16 2247/4183/15 2248/4216/15 2043/4215/16
f 2247/4183/15 2453/4184/14 2454/4217/14 2248/4216/15
f 2453/4184/14 2659/4185/13 2660/4218/13 2454/4217/14
f 2659/4185/13 2865/4186/12 2866/4219/12 2660/4218/13
f 2865/4186/12 3071/4187/11 3072/4220/11 2866/4219/12
f 3071/4187/11 3277/4188/10 3278/4221/10 3072/4220/11
f 3277/4188/10 3483/4189/9 3484/4222/9 3278/4221/10
f 3483/4189/9 3689/4190/8 3690/4223/8 3484/4222/9
f 3689/4190/8 3895/4191/7 3896/4224/7 3690/4223/8
f 3895/4191/7 4101/4192/6 4102/4225/6 3896/4224/7
f 4101/4192/6 4307/4193/5 4308/4226/5 4102/4225/6
f 4307/4193/5 4513/4194/4 4514/4227/4 4308/4226/5
f 4513/4194/4 4719/4195/3 4720/4228/3 4514/4227/4
f 4719/4195/3 4925/4196/2 4926/4229/2 4720/4228/3
f 4925/4196/2 5130/4197/1 5131/4230/1 4926/4229/2
f 5130/4197/1 5333/4198/33 5334/4231/33 5131/4230/1
f 5333/4198/33 5537/4199/31 5538/4232/31 5334/4231/33
f 5537/4199/31 5741/4200/30 5742/4233/30 5538/4232/31
f 5741/4200/30 5946/4201/29 5947/4234/29 5742/4233/30
f 5946/4201/29 6150/4202/28 6151/4235/28 5947/4234/29
f 6150/4202/28 6355/4203/27 6356/4236/27 6151/4235/28
f 6355/4203/27 6560/4204/26 6561/4237/26 6356/4236/27
f 6560/4204/26 202/4205/25 203/4238/25 6561/4237/26
f 203/4207/25 408/4206/24 409/4239/24 204/4240/25
f 408/4206/24 613/4208/23 614/4241/23 409/4239/24
f 613/4208/23 818/4209/22 819/4242/22 614/4241/23
f 818/4209/22 1023/4210/21 1024/4243/21 819/4242/22
f 1023/4210/21 1227/4211/20 1228/4244/20 1024/4243/21
f 1227/4211/20 1432/4212/19 1433/4245/19 1228/4244/20
f 1432/4212/19 1636/4213/18 1637/4246/18 1433/4245/19
f 1636/4213/18 1840/4214/17 1841/4247/17 1637/4246/18
f 1840/4214/17 2043/4215/16 2044/4248/16 1841/4247/17
f 2043/4215/16 2248/4216/15 2249/4249/15 2044/4248/16
f 2248/4216/15 2454/4217/14 2455/4250/14 2249/4249/15
f 2454/4217/14 2660/4218/13 2661/4251/13 2455/4250/14
f 2660/4218/13 2866/4219/12 2867/4252/12 2661/4251/13
f 2866/4219/12 3072/4220/11 3073/4253/11 2867/4252/12
f 3072/4220/11 3278/4221/10 3279/4254/10 3073/4253/11
f 3278/4221/10 3484/4222/9 3485/4255/9 3279/4254/10
f 3484/4222/9 3690/4223/8 3691/4256/8 3485/4255/9
f 3690/4223/8 3896/4224/7 3897/4257/7 3691/4256/8
f 3896/4224/7 4102/4225/6 4103/4258/6 3897/4257/7
f 4102/4225/6 4308/4226/5 4309/4259/5 4103/4258/6
f 4308/4226/5 4514/4227/4 4515/4260/4 4309/4259/5
f 4514/4227/4 4720/4228/3 4721/4261/3 4515/4260/4
f 4720/4228/3 4926/4229/2 4927/4262/2 4721/4261/3
f 4926/4229/2 5131/4230/1 5132/4263/1 4927/4262/2
f 5131/4230/1 5334/4231/33 5335/4264/33 5132/4263/1
f 5334/4231/33 5538/4232/31 5539/4265/31 5335/4264/33
f 5538/4232/31 5742/4233/30 5743/4266/30 5539/4265/31
f 5742/4233/30 5947/4234/29 5948/4267/29 5743/4266/30
f 5947/4234/29 6151/4235/28 6152/4268/28 5948/4267/29
f 6151/4235/28 6356/4236/27 6357/4269/27 6152/4268/28
f 6356/4236/27 6561/4237/26 6562/4270/26 6357/4269/27
f 6561/4237/26 203/4238/25 204/4271/25 6562/4270/26
f 204/4240/25 409/4239/24 410/4272/24 205/4273/25
f 409/4239/24 614/4241/23 615/4274/23 410/4272/24
f 614/4241/23 819/4242/22 820/4275/22 615/4274/23
f 819/4242/22 1024/4243/21 1025/4276/21 820/4275/22
f 1024/4243/21 1228/4244/20 1229/4277/20 1025/4276/21
f 1228/4244/20 1433/4245/19 1434/4278/19 1229/4277/20
f 1433/4245/19 1637/4246/18 1638/4279/18 1434/4278/19
f 1637/4246/18 1841/4247/17 1842/4280/17 1638/4279/18
f 1841/4247/17 2044/4248/16 2045/4281/16 1842/4280/17
f 2044/4248/16 2249/4249/15 2250/4282/15 2045/4281/16
f 2249/4249/15 2455/4250/14 2456/4283/14 2250/4282/15
f 2455/4250/14 2661/4251/13 2662/4284/13 2456/4283/14
f 2661/4251/13 2867/4252/12 2868/4285/12 2662/4284/13
f 2867/4252/12 3073/4253/11 3074/4286/11 2868/4285/12
f 3073/4253/11 3279/4254/10 3280/4287/10 3074/4286/11
f 3279/4254/10 3485/4255/9 3486/4288/9 3280/4287/10
f 3485/4255/9 3691/4256/8 3692/4289/8 3486/4288/9
f 3691/4256/8 3897/4257/7 3898/4290/7 3692/4289/8
f 3897/4257/7 4103/4258/6 4104/4291/6 3898/4290/7
f 4103/4258/6 4309/4259/5 4310/4292/5 4104/4291/6
f 4309/4259/5 4515/4260/4 4516/4293/4 4310/4292/5
f 4515/4260/4 4721/4261/3 4722/4294/3 4516/4293/4
f 4721/4261/3 4927/4262/2 4928/4295/2 4722/4294/3
f 4927/4262/2 5132/4263/1 5133/4296/1 4928/4295/2
f 5132/4263/1 5335/4264/33 5336/4297/33 5133/4296/1
f 5335/4264/33 5539/4265/31 5540/4298/31 5336/4297/33
f 5539/4265/31 5743/4266/30 5744/4299/30 5540/4298/31
f 5743/4266/30 5948/4267/29 5949/4300/29 5744/4299/30
f 5948/4267/29 6152/4268/28 6153/4301/28 5949/4300/29
f 6152/4268/28 6357/4269/27 6358/4302/27 6153/4301/28
f 6357/4269/27 6562/4270/26 6563/4303/26 6358/4302/27
f 6562/4270/26 204/4271/25 205/4304/25 6563/4303/26
f 205/4273/25 410/4272/24 411/4305/24 206/4306/25
f 410/4272/24 615/4274/23 616/4307/23 411/4305/24
f 615/4274/23 820/4275/22 821/4308/22 616/4307/23
f 820/4275/22 1025/4276/21 1026/4309/21 821/4308/22
f 1025/4276/21 1229/4277/20 1230/4310/20 1026/4309/21
f 1229/4277/20 1434/4278/19 1435/4311/19 1230/4310/20
f 1434/4278/19 1638/4279/18 1639/4312/18 1435/4311/19
f 1638/4279/18 1842/4280/17 1843/4313/17 1639/4312/18
f 1842/4280/17 2045/4281/16 2046/4314/16 1843/4313/17
f 2045/4281/16 2250/4282/15 2251/4315/15 2046/4314/16
f 2250/4282/15 2456/4283/14 2457/4316/14 2251/4315/15
f 2456/4283/14 2662/4284/13 2663/4317/13 2457/4316/14
f 2662/4284/13 2868/4285/12 2869/4318/12 2663/4317/13
f 2868/4285/12 3074/4286/11 3075/4319/11 2869/4318/12
f 3074/4286/11 3280/4287/10 3281/4320/10 3075/4319/11
f 3280/4287/10 3486/4288/9 3487/4321/9 3281/4320/10
f 3486/4288/9 3692/4289/8 3693/4322/8 3487/4321/9
f 3692/4289/8 3898/4290/7 3899/4323/7 3693/4322/8
f 3898/4290/7 4104/4291/6 4105/4324/6 3899/4323/7
f 4104/4291/6 4310/4292/5 4311/4325/5 4105/4324/6
f 4310/4292/5 4516/4293/4 4517/4326/4 4311/4325/5
f 4516/4293/4 4722/4294/3 4723/4327/3 4517/4326/4
f 4722/4294/3 4928/4295/2 4929/4328/2 4723/4327/3
f 4928/4295/2 5133/4296/1 5134/4329/1 4929/4328/2
f 5133/4296/1 5336/4297/33 5337/4330/33 5134/4329/1
f 5336/4297/33 5540/4298/31 5541/4331/31 5337/4330/33
f 5540/4298/31 5744/4299/30 5745/4332/30 5541/4331/31
f 5744/4299/30 5949/4300/29 5950/4333/29 5745/4332/30
f 5949/4300/29 6153/4301/28 6154/4334/28 5950/4333/29
f 6153/4301/28 6358/4302/27 6359/4335/27 6154/4334/28
f 6358/4302/27 6563/4303/26 6564/4336/26 6359/4335/27
f 6563/4303/26 205/4304/25 206/4337/25 6564/4336/26
f 206/4306/25 411/4305/24 412/4338/24 207/4339/25
f 411/4305/24 616/4307/23 617/4340/23 412/4338/24
f 616/4307/23 821/4308/22 822/4341/22 617/4340/23
f 821/4308/22 1026/4309/21 1027/4342/21 822/4341/22
f 1026/4309/21 1230/4310/20 1231/4343/20 1027/4342/21
f 1230/4310/20 1435/4311/19 1436/4344/19 1231/4343/20
f 1435/4311/19 1639/4312/18 1640/4345/18 1436/4344/19
f 1639/4312/18 1843/4313/17 1844/4346/17 1640/4345/18
f 1843/4313/17 2046/4314/16 2047/4347/16 1844/4346/17
f 2046/4314/16 2251/4315/15 2252/4348/15 2047/4347/16
f 2251/4315/15 2457/4316/14 2458/4349/14 2252/4348/15
f 2457/4316/14 2663/4317/13 2664/4350/13 2458/4349/14
f 2663/4317/13 2869/4318/12 2870/4351/12 2664/4350/13
f 2869/4318/12 3075/4319/11 3076/4352/11 2870/4351/12
f 3075/4319/11 3281/4320/10 3282/4353/10 3076/4352/11
f 3281/4320/10 3487/4321/9 3488/4354/9 3282/4353/10
f 3487/4321/9 3693/4322/8 3694/4355/8 3488/4354/9
f 3693/4322/8 3899/4323/7 3900/4356/7 3694/4355/8
f 3899/4323/7 4105/4324/6 4106/4357/6 3900/4356/7
f 4105/4324/6 4311/4325/5 4312/4358/5 4106/4357/6
f 4311/4325/5 4517/4326/4 4518/4359/4 4312/4358/5
f 4517/4326/4 4723/4327/3 4724/4360/3 4518/4359/4
f 4723/4327/3 4929/4328/2 4930/4361/2 4724/4360/3
f 4929/4328/2 5134/4329/1 5135/4362/1 4930/4361/2
f 5134/4329/1 5337/4330/33 5338/4363/33 5135/4362/1
f 5337/4330/33 5541/4331/31 5542/4364/31 5338/4363/33
f 5541/4331/31 5745/4332/30 5746/4365/30 5542/4364/31
f 5745/4332/30 5950/4333/29 5951/4366/29 5746/4365/30
f 5950/4333/29 6154/4334/28 6155/4367/28 5951/4366/29
f 6154/4334/28 6359/4335/27 6360/4368/27 6155/4367/28
f 6359/4335/27 6564/4336/26 6565/4369/26 6360/4368/27
f 6564/4336/26 206/4337/25 207/4370/25 6565/4369/26
f 207/4339/25 412/4338/24 413/4371/24 208/4372/25
f 412/4338/24 617/4340/23 618/4373/23 413/4371/24
f 617/4340/23 822/4341/22 823/4374/22 618/4373/23
f 822/4341/22 1027/4342/21 1028/4375/21 823/4374/22
f 1027/4342/21 1231/4343/20 1232/4376/20 1028/4375/21
f 1231/4343/20 1436/4344/19 1437/4377/19 1232/4376/20
f 1436/4344/19 1640/4345/18 1641/4378/18 1437/4377/19
f 1640/4345/18 1844/4346/17 1845/4379/17 1641/4378/18
f 1844/4346/17 2047/4347/16 2048/4380/16 1845/4379/17
f 2047/4347/16 2252/4348/15 2253/4381/15 2048/4380/16
f 2252/4348/15 2458/4349/14 2459/4382/14 2253/4381/15
f 2458/4349/14 2664/4350/13 2665/4383/13 2459/4382/14
f 2664/4350/13 2870/4351/12 2871/4384/12 2665/4383/13
f 2870/4351/12 3076/4352/11 3077/4385/11 2871/4384/12
f 3076/4352/11 3282/4353/10 3283/4386/10 3077/4385/11
f 3282/4353/10 3488/4354/9 3489/4387/9 3283/4386/10
f 3488/4354/9 3694/4355/8 3695/4388/8 3489/4387/9
f 3694/4355/8 3900/4356/7 3901/4389/7 3695/4388/8
f 3900/4356/7 4106/4357/6 4107/4390/6 3901/4389/7
f 4106/4357/6 4312/4358/5 4313/4391/5 4107/4390/6
f 4312/4358/5 4518/4359/4 4519/4392/4 4313/4391/5
f 4518/4359/4 4724/4360/3 4725/4393/3 4519/4392/4
f 4724/4360/3 4930/4361/2 4931/4394/2 4725/4393/3
f 4930/4361/2 5135/4362/1 5136/4395/1 4931/4394/2
f 5135/4362/1 5338/4363/33 5339/4396/33 5136/4395/1
f 5338/4363/33 5542/4364/31 5543/4397/31 5339/4396/33
f 5542/4364/31 5746/4365/30 5747/4398/30 5543/4397/31
f 5746/4365/30 5951/4366/29 5952/4399/29 5747/4398/30
f 5951/4366/29 6155/4367/28 6156/4400/28 5952/4399/29
f 6155/4367/28 6360/4368/27 6361/4401/27 6156/4400/28
f 6360/4368/27 6565/4369/26 6566/4402/26 6361/4401/27
f 6565/4369/26 207/4370/25 208/4403/25 6566/4402/26
f 208/4372/25 413/4371/24 414/4404/24 209/4405/25
f 413/4371/24 618/4373/23 619/4406/23 414/4404/24
f 618/4373/23 823/4374/22 824/4407/22 619/4406/23
f 823/4374/22 1028/4375/21 1029/4408/21 824/4407/22
f 1028/4375/21 1232/4376/20 1233/4409/20 1029/4408/21
f 1232/4376/20 1437/4377/19 1438/4410/19 1233/4409/20
f 1437/4377/19 1641/4378/18 1642/4411/18 1438/4410/19
f 1641/4378/18 1845/4379/17 1846/4412/17 1642/4411/18
f 1845/4379/17 2048/4380/16 2049/4413/16 1846/4412/17
f 2048/4380/16 2253/4381/15 2254/4414/15 2049/4413/16
f 2253/4381/15 2459/4382/14 2460/4415/14 2254/4414/15
f 2459/4382/14 2665/4383/13 2666/4416/13 2460/4415/14
f 2665/4383/13 2871/4384/12 2872/4417/12 2666/4416/13
f 2871/4384/12 3077/4385/11 3078/4418/11 2872/4417/12
f 3077/4385/11 3283/4386/10 3284/4419/10 3078/4418/11
f 3283/4386/10 3489/4387/9 3490/4420/9 3284/4419/10
f 3489/4387/9 3695/4388/8 3696/4421/8 3490/4420/9
f 3695/4388/8 3901/4389/7 3902/4422/7 3696/4421/8
f 3901/4389/7 4107/4390/6 4108/4423/6 3902/4422/7
f 4107/4390/6 4313/4391/5 4314/4424/5 4108/4423/6
f 4313/4391/5 4519/4392/4 4520/4425/4 4314/4424/5
f 4519/4392/4 4725/4393/3 4726/4426/3 4520/4425/4
f 4725/4393/3 4931/4394/2 4932/4427/2 4726/4426/3
f 4931/4394/2 5136/4395/1 5137/4428/1 4932/4427/2
f 5136/4395/1 5339/4396/33 5340/4429/33 5137/4428/1
f 5339/4396/33 5543/4397/31 5544/4430/31 5340/4429/33
f 5543/4397/31 5747/4398/30 5748/4431/30 5544/4430/31
f 5747/4398/30 5952/4399/29 5953/4432/29 5748/4431/30
f 5952/4399/29 6156/4400/28 6157/4433/28 5953/4432/29
f 6156/4400/28 6361/4401/27 6362/4434/27 6157/4433/28
f 6361/4401/27 6566/4402/26 6567/4435/26 6362/4434/27
f 6566/4402/26 208/4403/25 209/4436/25 6567/4435/26
f 209/4405/3226 414/4404/3226 415/4437/3226 210/4405/3226
f 414/4404/3226 619/4406/3226 620/4438/3226 415/4437/3226
f 619/4406/3226 824/4407/3226 825/4439/3226 620/4438/3226
f 824/4407/3226 1029/4408/3226 1030/4408/3226 825/4439/3226
f 1029/4408/3226 1233/4409/3226 1234/4440/3226 1030/4408/3226
f 1233/4409/3226 1438/4410/3226 1439/4410/3226 1234/4440/3226
f 1438/4410/3226 1642/4411/3226 1643/4441/3226 1439/4410/3226
f 1642/4411/3226 1846/4412/3226 1847/4442/3226 1643/4441/3226
f 1846/4412/3226 2049/4413/3226 2050/4413/3226 1847/4442/3226
f 2049/4413/3226 2254/4414/3226 2255/4414/3226 2050/4413/3226
f 2254/4414/3226 2460/4415/3226 2461/4443/3226 2255/4414/3226
f 2460/4415/3226 2666/4416/3226 2667/4444/3226 2461/4443/3226
f 2666/4416/3226 2872/4417/3226 2873/4417/3226 2667/4444/3226
f 2872/4417/3226 3078/4418/3226 3079/4445/3226 2873/4417/3226
f 3078/4418/3226 3284/4419/3226 3285/4446/3226 3079/4445/3226
f 3284/4419/3226 3490/4420/3226 3491/4447/3226 3285/4446/3226
f 3490/4420/3226 3696/4421/3226 3697/4421/3226 3491/4447/3226
f 3696/4421/3226 3902/4422/3226 3903/4448/3226 3697/4421/3226
f 3902/4422/3226 4108/4423/3226 4109/4449/3226 3903/4448/3226
f 4108/4423/3226 4314/4424/3226 4315/4450/3226 4109/4449/3226
f 4314/4424/3226 4520/4425/3226 4521/4451/3226 4315/4450/3226
f 4520/4425/3226 4726/4426/3226 4727/4452/3226 4521/4451/3226
f 4726/4426/3226 4932/4427/3226 4933/4453/3226 4727/4452/3226
f 4932/4427/3226 5137/4428/3226 5138/4454/3226 4933/4453/3226
f 5137/4428/3226 5340/4429/3226 5341/4429/3226 5138/4454/3226
f 5340/4429/3226 5544/4430/3226 5545/4430/3226 5341/4429/3226
f 5544/4430/3226 5748/4431/3226 5749/4455/3226 5545/4430/3226
f 5748/4431/3226 5953/4432/3226 5954/4432/3226 5749/4455/3226
f 5953/4432/3226 6157/4433/3226 6158/4456/3226 5954/4432/3226
f 6157/4433/3226 6362/4434/3226 6363/4457/3226 6158/4456/3226
f 6362/4434/3226 6567/4435/3226 6568/4435/3226 6363/4457/3226
f 6567/4435/3226 209/4436/3226 210/4436/3226 6568/4435/3226
f 210/4405/3226 415/4437/3226 416/4437/3226 211/4405/3226
f 415/4437/3226 620/4438/3226 621/4458/3226 416/4437/3226
f 620/4438/3226 825/4439/3226 826/4459/3226 621/4458/3226
f 825/4439/3226 1030/4408/3226 1031/4460/3226 826/4459/3226
f 1030/4408/3226 1234/4440/3226 1235/4461/3226 1031/4460/3226
f 1234/4440/3226 1439/4410/3226 1440/4410/3226 1235/4461/3226
f 1439/4410/3226 1643/4441/3226 1644/4462/3226 1440/4410/3226
f 1643/4441/3226 1847/4442/3226 1848/4412/3226 1644/4462/3226
f 1847/4442/3226 2050/4413/3226 2051/4463/3226 1848/4412/3226
f 2050/4413/3226 2255/4414/3226 2256/4464/3226 2051/4463/3226
f 2255/4414/3226 2461/4443/3226 2462/4465/3226 2256/4464/3226
f 2461/4443/3226 2667/4444/3226 2668/4466/3226 2462/4465/3226
f 2667/4444/3226 2873/4417/3226 2874/4417/3226 2668/4466/3226
f 2873/4417/3226 3079/4445/3226 3080/4467/3226 2874/4417/3226
f 3079/4445/3226 3285/4446/3226 3286/4419/3226 3080/4467/3226
f 3285/4446/3226 3491/4447/3226 3492/4468/3226 3286/4419/3226
f 3491/4447/3226 3697/4421/3226 3698/4469/3226 3492/4468/3226
f 3697/4421/3226 3903/4448/3226 3904/4470/3226 3698/4469/3226
f 3903/4448/3226 4109/4449/3226 4110/4449/3226 3904/4470/3226
f 4109/4449/3226 4315/4450/3226 4316/4424/3226 4110/4449/3226
f 4315/4450/3226 4521/4451/3226 4522/4471/3226 4316/4424/3226
f 4521/4451/3226 4727/4452/3226 4728/4452/3226 4522/4471/3226
f 4727/4452/3226 4933/4453/3226 4934/4453/3226 4728/4452/3226
f 4933/4453/3226 5138/4454/3226 5139/4454/3226 4934/4453/3226
f 5138/4454/3226 5341/4429/3226 5342/4472/3226 5139/4454/3226
f 5341/4429/3226 5545/4430/3226 5546/4473/3226 5342/4472/3226
f 5545/4430/3226 5749/4455/3226 5750/4474/3226 5546/4473/3226
f 5749/4455/3226 5954/4432/3226 5955/4432/3226 5750/4474/3226
f 5954/4432/3226 6158/4456/3226 6159/4475/3226 5955/4432/3226
f 6158/4456/3226 6363/4457/3226 6364/4476/3226 6159/4475/3226
f 6363/4457/3226 6568/4435/3226 6569/4477/3226 6364/4476/3226
f 6568/4435/3226 210/4436/3226 211/4436/3226 6569/4477/3226
f 211/4405/3226 416/4437/3226 417/4478/3226 212/4405/3226
f 416/4437/3226 621/4458/3226 622/4479/3226 417/4478/3226
f 621/4458/3226 826/4459/3226 827/4407/3226 622/4479/3226
f 826/4459/3226 1031/4460/3226 1032/4480/3226 827/4407/3226
f 1031/4460/3226 1235/4461/3226 1236/4481/3226 1032/4480/3226
f 1235/4461/3226 1440/4410/3226 1441/4410/3226 1236/4481/3226
f 1440/4410/3226 1644/4462/3226 1645/4482/3226 1441/4410/3226
f 1644/4462/3226 1848/4412/3226 1849/4412/3226 1645/4482/3226
f 1848/4412/3226 2051/4463/3226 2052/4463/3226 1849/4412/3226
f 2051/4463/3226 2256/4464/3226 2257/4483/3226 2052/4463/3226
f 2256/4464/3226 2462/4465/3226 2463/4465/3226 2257/4483/3226
f 2462/4465/3226 2668/4466/3226 2669/4466/3226 2463/4465/3226
f 2668/4466/3226 2874/4417/3226 2875/4417/3226 2669/4466/3226
f 2874/4417/3226 3080/4467/3226 3081/4484/3226 2875/4417/3226
f 3080/4467/3226 3286/4419/3226 3287/4485/3226 3081/4484/3226
f 3286/4419/3226 3492/4468/3226 3493/4486/3226 3287/4485/3226
f 3492/4468/3226 3698/4469/3226 3699/4421/3226 3493/4486/3226
f 3698/4469/3226 3904/4470/3226 3905/4487/3226 3699/4421/3226
f 3904/4470/3226 4110/4449/3226 4111/4423/3226 3905/4487/3226
f 4110/4449/3226 4316/4424/3226 4317/4424/3226 4111/4423/3226
f 4316/4424/3226 4522/4471/3226 4523/4425/3226 4317/4424/3226
f 4522/4471/3226 4728/4452/3226 4729/4488/3226 4523/4425/3226
f 4728/4452/3226 4934/4453/3226 4935/4453/3226 4729/4488/3226
f 4934/4453/3226 5139/4454/3226 5140/4489/3226 4935/4453/3226
f 5139/4454/3226 5342/4472/3226 5343/4429/3226 5140/4489/3226
f 5342/4472/3226 5546/4473/3226 5547/4430/3226 5343/4429/3226
f 5546/4473/3226 5750/4474/3226 5751/4490/3226 5547/4430/3226
f 5750/4474/3226 5955/4432/3226 5956/4491/3226 5751/4490/3226
f 5955/4432/3226 6159/4475/3226 6160/4456/3226 5956/4491/3226
f 6159/4475/3226 6364/4476/3226 6365/4492/3226 6160/4456/3226
f 6364/4476/3226 6569/4477/3226 6570/4435/3226 6365/4492/3226
f 6569/4477/3226 211/4436/3226 212/4436/3226 6570/4435/3226
f 212/4405/3226 417/4478/3226 418/4493/3226 213/4405/3226
f 417/4478/3226 622/4479/3226 623/4479/3226 418/4493/3226
f 622/4479/3226 827/4407/3226 828/4407/3226 623/4479/3226
f 827/4407/3226 1032/4480/3226 1033/4408/3226 828/4407/3226
f 1032/4480/3226 1236/4481/3226 1237/4481/3226 1033/4408/3226
f 1236/4481/3226 1441/4410/3226 1442/4494/3226 1237/4481/3226
f 1441/4410/3226 1645/4482/3226 1646/4495/3226 1442/4494/3226
f 1645/4482/3226 1849/4412/3226 1850/4496/3226 1646/4495/3226
f 1849/4412/3226 2052/4463/3226 2053/4497/3226 1850/4496/3226
f 2052/4463/3226 2257/4483/3226 2258/4414/3226 2053/4497/3226
f 2257/4483/3226 2463/4465/3226 2464/4465/3226 2258/4414/3226
f 2463/4465/3226 2669/4466/3226 2670/4466/3226 2464/4465/3226
f 2669/4466/3226 2875/4417/3226 2876/4417/3226 2670/4466/3226
f 2875/4417/3226 3081/4484/3226 3082/4498/3226 2876/4417/3226
f 3081/4484/3226 3287/4485/3226 3288/4499/3226 3082/4498/3226
f 3287/4485/3226 3493/4486/3226 3494/4468/3226 3288/4499/3226
f 3493/4486/3226 3699/4421/3226 3700/4500/3226 3494/4468/3226
f 3699/4421/3226 3905/4487/3226 3906/4470/3226 3700/4500/3226
f 3905/4487/3226 4111/4423/3226 4112/4423/3226 3906/4470/3226
f 4111/4423/3226 4317/4424/3226 4318/4424/3226 4112/4423/3226
f 4317/4424/3226 4523/4425/3226 4524/4501/3226 4318/4424/3226
f 4523/4425/3226 4729/4488/3226 4730/4488/3226 4524/4501/3226
f 4729/4488/3226 4935/4453/3226 4936/4453/3226 4730/4488/3226
f 4935/4453/3226 5140/4489/3226 5141/4454/3226 4936/4453/3226
f 5140/4489/3226 5343/4429/3226 5344/4429/3226 5141/4454/3226
f 5343/4429/3226 5547/4430/3226 5548/4502/3226 5344/4429/3226
f 5547/4430/3226 5751/4490/3226 5752/4503/3226 5548/4502/3226
f 5751/4490/3226 5956/4491/3226 5957/4504/3226 5752/4503/3226
f 5956/4491/3226 6160/4456/3226 6161/4505/3226 5957/4504/3226
f 6160/4456/3226 6365/4492/3226 6366/4476/3226 6161/4505/3226
f 6365/4492/3226 6570/4435/3226 6571/4506/3226 6366/4476/3226
f 6570/4435/3226 212/4436/3226 213/4436/3226 6571/4506/3226
f 213/4405/3226 418/4493/3226 419/4507/3226 214/4405/3226
f 418/4493/3226 623/4479/3226 624/4438/3226 419/4507/3226
f 623/4479/3226 828/4407/3226 829/4508/3226 624/4438/3226
f 828/4407/3226 1033/4408/3226 1034/4509/3226 829/4508/3226
f 1033/4408/3226 1237/4481/3226 1238/4481/3226 1034/4509/3226
f 1237/4481/3226 1442/4494/3226 1443/4410/3226 1238/4481/3226
f 1442/4494/3226 1646/4495/3226 1647/4462/3226 1443/4410/3226
f 1646/4495/3226 1850/4496/3226 1851/4510/3226 1647/4462/3226
f 1850/4496/3226 2053/4497/3226 2054/4413/3226 1851/4510/3226
f 2053/4497/3226 2258/4414/3226 2259/4464/3226 2054/4413/3226
f 2258/4414/3226 2464/4465/3226 2465/4511/3226 2259/4464/3226
f 2464/4465/3226 2670/4466/3226 2671/4416/3226 2465/4511/3226
f 2670/4466/3226 2876/4417/3226 2877/4512/3226 2671/4416/3226
f 2876/4417/3226 3082/4498/3226 3083/4418/3226 2877/4512/3226
f 3082/4498/3226 3288/4499/3226 3289/4485/3226 3083/4418/3226
f 3288/4499/3226 3494/4468/3226 3495/4468/3226 3289/4485/3226
f 3494/4468/3226 3700/4500/3226 3701/4421/3226 3495/4468/3226
f 3700/4500/3226 3906/4470/3226 3907/4470/3226 3701/4421/3226
f 3906/4470/3226 4112/4423/3226 4113/4423/3226 3907/4470/3226
f 4112/4423/3226 4318/4424/3226 4319/4513/3226 4113/4423/3226
f 4318/4424/3226 4524/4501/3226 4525/4501/3226 4319/4513/3226
f 4524/4501/3226 4730/4488/3226 4731/4488/3226 4525/4501/3226
f 4730/4488/3226 4936/4453/3226 4937/4453/3226 4731/4488/3226
f 4936/4453/3226 5141/4454/3226 5142/4514/3226 4937/4453/3226
f 5141/4454/3226 5344/4429/3226 5345/4429/3226 5142/4514/3226
f 5344/4429/3226 5548/4502/3226 5549/4515/3226 5345/4429/3226
f 5548/4502/3226 5752/4503/3226 5753/4431/3226 5549/4515/3226
f 5752/4503/3226 5957/4504/3226 5958/4516/3226 5753/4431/3226
f 5957/4504/3226 6161/4505/3226 6162/4517/3226 5958/4516/3226
f 6161/4505/3226 6366/4476/3226 6367/4492/3226 6162/4517/3226
f 6366/4476/3226 6571/4506/3226 6572/4518/3226 6367/4492/3226
f 6571/4506/3226 213/4436/3226 214/4436/3226 6572/4518/3226
f 214/4405/3226 419/4507/3226 420/4404/3226 215/4405/3226
f 419/4507/3226 624/4438/3226 625/4479/3226 420/4404/3226
f 624/4438/3226 829/4508/3226 830/4407/3226 625/4479/3226
f 829/4508/3226 1034/4509/3226 1035/4408/3226 830/4407/3226
f 1034/4509/3226 1238/4481/3226 1239/4440/3226 1035/4408/3226
f 1238/4481/3226 1443/4410/3226 1444/4410/3226 1239/4440/3226
f 1443/4410/3226 1647/4462/3226 1648/4441/3226 1444/4410/3226
f 1647/4462/3226 1851/4510/3226 1852/4519/3226 1648/4441/3226
f 1851/4510/3226 2054/4413/3226 2055/4413/3226 1852/4519/3226
f 2054/4413/3226 2259/4464/3226 2260/4414/3226 2055/4413/3226
f 2259/4464/3226 2465/4511/3226 2466/4465/3226 2260/4414/3226
f 2465/4511/3226 2671/4416/3226 2672/4466/3226 2466/4465/3226
f 2671/4416/3226 2877/4512/3226 2878/4520/3226 2672/4466/3226
f 2877/4512/3226 3083/4418/3226 3084/4521/3226 2878/4520/3226
f 3083/4418/3226 3289/4485/3226 3290/4446/3226 3084/4521/3226
f 3289/4485/3226 3495/4468/3226 3496/4447/3226 3290/4446/3226
f 3495/4468/3226 3701/4421/3226 3702/4421/3226 3496/4447/3226
f 3701/4421/3226 3907/4470/3226 3908/4522/3226 3702/4421/3226
f 3907/4470/3226 4113/4423/3226 4114/4423/3226 3908/4522/3226
f 4113/4423/3226 4319/4513/3226 4320/4523/3226 4114/4423/3226
f 4319/4513/3226 4525/4501/3226 4526/4501/3226 4320/4523/3226
f 4525/4501/3226 4731/4488/3226 4732/4488/3226 4526/4501/3226
f 4731/4488/3226 4937/4453/3226 4938/4453/3226 4732/4488/3226
f 4937/4453/3226 5142/4514/3226 5143/4454/3226 4938/4453/3226
f 5142/4514/3226 5345/4429/3226 5346/4524/3226 5143/4454/3226
f 5345/4429/3226 5549/4515/3226 5550/4430/3226 5346/4524/3226
f 5549/4515/3226 5753/4431/3226 5754/4503/3226 5550/4430/3226
f 5753/4431/3226 5958/4516/3226 5959/4525/3226 5754/4503/3226
f 5958/4516/3226 6162/4517/3226 6163/4475/3226 5959/4525/3226
f 6162/4517/3226 6367/4492/3226 6368/4526/3226 6163/4475/3226
f 6367/4492/3226 6572/4518/3226 6573/4527/3226 6368/4526/3226
f 6572/4518/3226 214/4436/3226 215/4436/3226 6573/4527/3226
f 215/4405/3226 420/4404/3226 421/4507/3226 216/4405/3226
f 420/4404/3226 625/4479/3226 626/4479/3226 421/4507/3226
f 625/4479/3226 830/4407/3226 831/4407/3226 626/4479/3226
f 830/4407/3226 1035/4408/3226 1036/4528/3226 831/4407/3226
f 1035/4408/3226 1239/4440/3226 1240/4481/3226 1036/4528/3226
f 1239/4440/3226 1444/4410/3226 1445/4494/3226 1240/4481/3226
f 1444/4410/3226 1648/4441/3226 1649/4495/3226 1445/4494/3226
f 1648/4441/3226 1852/4519/3226 1853/4519/3226 1649/4495/3226
f 1852/4519/3226 2055/4413/3226 2056/4529/3226 1853/4519/3226
f 2055/4413/3226 2260/4414/3226 2261/4414/3226 2056/4529/3226
f 2260/4414/3226 2466/4465/3226 2467/4530/3226 2261/4414/3226
f 2466/4465/3226 2672/4466/3226 2673/4466/3226 2467/4530/3226
f 2672/4466/3226 2878/4520/3226 2879/4417/3226 2673/4466/3226
f 2878/4520/3226 3084/4521/3226 3085/4418/3226 2879/4417/3226
f 3084/4521/3226 3290/4446/3226 3291/4419/3226 3085/4418/3226
f 3290/4446/3226 3496/4447/3226 3497/4486/3226 3291/4419/3226
f 3496/4447/3226 3702/4421/3226 3703/4421/3226 3497/4486/3226
f 3702/4421/3226 3908/4522/3226 3909/4522/3226 3703/4421/3226
f 3908/4522/3226 4114/4423/3226 4115/4531/3226 3909/4522/3226
f 4114/4423/3226 4320/4523/3226 4321/4450/3226 4115/4531/3226
f 4320/4523/3226 4526/4501/3226 4527/4425/3226 4321/4450/3226
f 4526/4501/3226 4732/4488/3226 4733/4488/3226 4527/4425/3226
f 4732/4488/3226 4938/4453/3226 4939/4453/3226 4733/4488/3226
f 4938/4453/3226 5143/4454/3226 5144/4489/3226 4939/4453/3226
f 5143/4454/3226 5346/4524/3226 5347/4532/3226 5144/4489/3226
f 5346/4524/3226 5550/4430/3226 5551/4430/3226 5347/4532/3226
f 5550/4430/3226 5754/4503/3226 5755/4503/3226 5551/4430/3226
f 5754/4503/3226 5959/4525/3226 5960/4533/3226 5755/4503/3226
f 5959/4525/3226 6163/4475/3226 6164/4517/3226 5960/4533/3226
f 6163/4475/3226 6368/4526/3226 6369/4492/3226 6164/4517/3226
f 6368/4526/3226 6573/4527/3226 6574/4435/3226 6369/4492/3226
f 6573/4527/3226 215/4436/3226 216/4436/3226 6574/4435/3226
f 216/4405/3226 421/4507/3226 422/4507/3226 217/4405/3226
f 421/4507/3226 626/4479/3226 627/4534/3226 422/4507/3226
f 626/4479/3226 831/4407/3226 832/4407/3226 627/4534/3226
f 831/4407/3226 1036/4528/3226 1037/4509/3226 832/4407/3226
f 1036/4528/3226 1240/4481/3226 1241/4481/3226 1037/4509/3226
f 1240/4481/3226 1445/4494/3226 1446/4410/3226 1241/4481/3226
f 1445/4494/3226 1649/4495/3226 1650/4535/3226 1446/4410/3226
f 1649/4495/3226 1853/4519/3226 1854/4412/3226 1650/4535/3226
f 1853/4519/3226 2056/4529/3226 2057/4529/3226 1854/4412/3226
f 2056/4529/3226 2261/4414/3226 2262/4536/3226 2057/4529/3226
f 2261/4414/3226 2467/4530/3226 2468/4465/3226 2262/4536/3226
f 2467/4530/3226 2673/4466/3226 2674/4537/3226 2468/4465/3226
f 2673/4466/3226 2879/4417/3226 2880/4417/3226 2674/4537/3226
f 2879/4417/3226 3085/4418/3226 3086/4538/3226 2880/4417/3226
f 3085/4418/3226 3291/4419/3226 3292/4539/3226 3086/4538/3226
f 3291/4419/3226 3497/4486/3226 3498/4447/3226 3292/4539/3226
f 3497/4486/3226 3703/4421/3226 3704/4421/3226 3498/4447/3226
f 3703/4421/3226 3909/4522/3226 3910/4448/3226 3704/4421/3226
f 3909/4522/3226 4115/4531/3226 4116/4540/3226 3910/4448/3226
f 4115/4531/3226 4321/4450/3226 4322/4424/3226 4116/4540/3226
f 4321/4450/3226 4527/4425/3226 4528/4501/3226 4322/4424/3226
f 4527/4425/3226 4733/4488/3226 4734/4488/3226 4528/4501/3226
f 4733/4488/3226 4939/4453/3226 4940/4453/3226 4734/4488/3226
f 4939/4453/3226 5144/4489/3226 5145/4454/3226 4940/4453/3226
f 5144/4489/3226 5347/4532/3226 5348/4429/3226 5145/4454/3226
f 5347/4532/3226 5551/4430/3226 5552/4541/3226 5348/4429/3226
f 5551/4430/3226 5755/4503/3226 5756/4474/3226 5552/4541/3226
f 5755/4503/3226 5960/4533/3226 5961/4432/3226 5756/4474/3226
f 5960/4533/3226 6164/4517/3226 6165/4475/3226 5961/4432/3226
f 6164/4517/3226 6369/4492/3226 6370/4476/3226 6165/4475/3226
f 6369/4492/3226 6574/4435/3226 6575/4435/3226 6370/4476/3226
f 6574/4435/3226 216/4436/3226 217/4436/3226 6575/4435/3226
f 217/4405/3226 422/4507/3226 423/4437/3226 218/4405/3226
f 422/4507/3226 627/4534/3226 628/4479/3226 423/4437/3226
f 627/4534/3226 832/4407/3226 833/4459/3226 628/4479/3226
f 832/4407/3226 1037/4509/3226 1038/4408/3226 833/4459/3226
f 1037/4509/3226 1241/4481/3226 1242/4481/3226 1038/4408/3226
f 1241/4481/3226 1446/4410/3226 1447/4542/3226 1242/4481/3226
f 1446/4410/3226 1650/4535/3226 1651/4495/3226 1447/4542/3226
f 1650/4535/3226 1854/4412/3226 1855/4412/3226 1651/4495/3226
f 1854/4412/3226 2057/4529/3226 2058/4413/3226 1855/4412/3226
f 2057/4529/3226 2262/4536/3226 2263/4543/3226 2058/4413/3226
f 2262/4536/3226 2468/4465/3226 2469/4465/3226 2263/4543/3226
f 2468/4465/3226 2674/4537/3226 2675/4466/3226 2469/4465/3226
f 2674/4537/3226 2880/4417/3226 2881/4417/3226 2675/4466/3226
f 2880/4417/3226 3086/4538/3226 3087/4544/3226 2881/4417/3226
f 3086/4538/3226 3292/4539/3226 3293/4419/3226 3087/4544/3226
f 3292/4539/3226 3498/4447/3226 3499/4447/3226 3293/4419/3226
f 3498/4447/3226 3704/4421/3226 3705/4469/3226 3499/4447/3226
f 3704/4421/3226 3910/4448/3226 3911/4448/3226 3705/4469/3226
f 3910/4448/3226 4116/4540/3226 4117/4423/3226 3911/4448/3226
f 4116/4540/3226 4322/4424/3226 4323/4424/3226 4117/4423/3226
f 4322/4424/3226 4528/4501/3226 4529/4545/3226 4323/4424/3226
f 4528/4501/3226 4734/4488/3226 4735/4488/3226 4529/4545/3226
f 4734/4488/3226 4940/4453/3226 4941/4546/3226 4735/4488/3226
f 4940/4453/3226 5145/4454/3226 5146/4547/3226 4941/4546/3226
f 5145/4454/3226 5348/4429/3226 5349/4472/3226 5146/4547/3226
f 5348/4429/3226 5552/4541/3226 5553/4430/3226 5349/4472/3226
f 5552/4541/3226 5756/4474/3226 5757/4490/3226 5553/4430/3226
f 5756/4474/3226 5961/4432/3226 5962/4432/3226 5757/4490/3226
f 5961/4432/3226 6165/4475/3226 6166/4475/3226 5962/4432/3226
f 6165/4475/3226 6370/4476/3226 6371/4476/3226 6166/4475/3226
f 6370/4476/3226 6575/4435/3226 6576/4435/3226 6371/4476/3226
f 6575/4435/3226 217/4436/3226 218/4548/3226 6576/4435/3226
f 218/4405/3226 423/4437/3226 424/4507/3226 219/4549/3226
f 423/4437/3226 628/4479/3226 629/4479/3226 424/4507/3226
f 628/4479/3226 833/4459/3226 834/4550/3226 629/4479/3226
f 833/4459/3226 1038/4408/3226 1039/4480/3226 834/4550/3226
f 1038/4408/3226 1242/4481/3226 1243/4481/3226 1039/4480/3226
f 1242/4481/3226 1447/4542/3226 1448/4410/3226 1243/4481/3226
f 1447/4542/3226 1651/4495/3226 1652/4462/3226 1448/4410/3226
f 1651/4495/3226 1855/4412/3226 1856/4519/3226 1652/4462/3226
f 1855/4412/3226 2058/4413/3226 2059/4413/3226 1856/4519/3226
f 2058/4413/3226 2263/4543/3226 2264/4414/3226 2059/4413/3226
f 2263/4543/3226 2469/4465/3226 2470/4511/3226 2264/4414/3226
f 2469/4465/3226 2675/4466/3226 2676/4551/3226 2470/4511/3226
f 2675/4466/3226 2881/4417/3226 2882/4520/3226 2676/4551/3226
f 2881/4417/3226 3087/4544/3226 3088/4418/3226 2882/4520/3226
f 3087/4544/3226 3293/4419/3226 3294/4552/3226 3088/4418/3226
f 3293/4419/3226 3499/4447/3226 3500/4553/3226 3294/4552/3226
f 3499/4447/3226 3705/4469/3226 3706/4421/3226 3500/4553/3226
f 3705/4469/3226 3911/4448/3226 3912/4554/3226 3706/4421/3226
f 3911/4448/3226 4117/4423/3226 4118/4423/3226 3912/4554/3226
f 4117/4423/3226 4323/4424/3226 4324/4424/3226 4118/4423/3226
f 4323/4424/3226 4529/4545/3226 4530/4555/3226 4324/4424/3226
f 4529/4545/3226 4735/4488/3226 4736/4556/3226 4530/4555/3226
f 4735/4488/3226 4941/4546/3226 4942/4557/3226 4736/4556/3226
f 4941/4546/3226 5146/4547/3226 5147/4558/3226 4942/4557/3226
f 5146/4547/3226 5349/4472/3226 5350/4532/3226 5147/4558/3226
f 5349/4472/3226 5553/4430/3226 5554/4559/3226 5350/4532/3226
f 5553/4430/3226 5757/4490/3226 5758/4560/3226 5554/4559/3226
f 5757/4490/3226 5962/4432/3226 5963/4491/3226 5758/4560/3226
f 5962/4432/3226 6166/4475/3226 6167/4561/3226 5963/4491/3226
f 6166/4475/3226 6371/4476/3226 6372/4526/3226 6167/4561/3226
f 6371/4476/3226 6576/4435/3226 6577/4435/3226 6372/4526/3226
f 6576/4435/3226 218/4548/3226 219/4562/3226 6577/4435/3226
f 219/4549/3226 424/4507/3226 425/4563/3226 220/4405/3226
f 424/4507/3226 629/4479/3226 630/4564/3226 425/4563/3226
f 629/4479/3226 834/4550/3226 835/4550/3226 630/4564/3226
f 834/4550/3226 1039/4480/3226 1040/4408/3226 835/4550/3226
f 1039/4480/3226 1243/4481/3226 1244/4565/3226 1040/4408/3226
f 1243/4481/3226 1448/4410/3226 1449/4542/3226 1244/4565/3226
f 1448/4410/3226 1652/4462/3226 1653/4462/3226 1449/4542/3226
f 1652/4462/3226 1856/4519/3226 1857/4566/3226 1653/4462/3226
f 1856/4519/3226 2059/4413/3226 2060/4567/3226 1857/4566/3226
f 2059/4413/3226 2264/4414/3226 2265/4568/3226 2060/4567/3226
f 2264/4414/3226 2470/4511/3226 2471/4511/3226 2265/4568/3226
f 2470/4511/3226 2676/4551/3226 2677/4551/3226 2471/4511/3226
f 2676/4551/3226 2882/4520/3226 2883/4417/3226 2677/4551/3226
f 2882/4520/3226 3088/4418/3226 3089/4418/3226 2883/4417/3226
f 3088/4418/3226 3294/4552/3226 3295/4419/3226 3089/4418/3226
f 3294/4552/3226 3500/4553/3226 3501/4447/3226 3295/4419/3226
f 3500/4553/3226 3706/4421/3226 3707/4500/3226 3501/4447/3226
f 3706/4421/3226 3912/4554/3226 3913/4448/3226 3707/4500/3226
f 3912/4554/3226 4118/4423/3226 4119/4569/3226 3913/4448/3226
f 4118/4423/3226 4324/4424/3226 4325/4570/3226 4119/4569/3226
f 4324/4424/3226 4530/4555/3226 4531/4555/3226 4325/4570/3226
f 4530/4555/3226 4736/4556/3226 4737/4571/3226 4531/4555/3226
f 4736/4556/3226 4942/4557/3226 4943/4572/3226 4737/4571/3226
f 4942/4557/3226 5147/4558/3226 5148/4454/3226 4943/4572/3226
f 5147/4558/3226 5350/4532/3226 5351/4429/3226 5148/4454/3226
f 5350/4532/3226 5554/4559/3226 5555/4502/3226 5351/4429/3226
f 5554/4559/3226 5758/4560/3226 5759/4474/3226 5555/4502/3226
f 5758/4560/3226 5963/4491/3226 5964/4573/3226 5759/4474/3226
f 5963/4491/3226 6167/4561/3226 6168/4574/3226 5964/4573/3226
f 6167/4561/3226 6372/4526/3226 6373/4476/3226 6168/4574/3226
f 6372/4526/3226 6577/4435/3226 6578/4575/3226 6373/4476/3226
f 6577/4435/3226 219/4562/3226 220/4436/3226 6578/4575/3226
f 220/4405/3226 425/4563/3226 426/4576/3226 221/4405/3226
f 425/4563/3226 630/4564/3226 631/4534/3226 426/4576/3226
f 630/4564/3226 835/4550/3226 836/4407/3226 631/4534/3226
f 835/4550/3226 1040/4408/3226 1041/4460/3226 836/4407/3226
f 1040/4408/3226 1244/4565/3226 1245/4577/3226 1041/4460/3226
f 1244/4565/3226 1449/4542/3226 1450/4578/3226 1245/4577/3226
f 1449/4542/3226 1653/4462/3226 1654/4579/3226 1450/4578/3226
f 1653/4462/3226 1857/4566/3226 1858/4412/3226 1654/4579/3226
f 1857/4566/3226 2060/4567/3226 2061/4463/3226 1858/4412/3226
f 2060/4567/3226 2265/4568/3226 2266/4414/3226 2061/4463/3226
f 2265/4568/3226 2471/4511/3226 2472/4580/3226 2266/4414/3226
f 2471/4511/3226 2677/4551/3226 2678/4551/3226 2472/4580/3226
f 2677/4551/3226 2883/4417/3226 2884/4581/3226 2678/4551/3226
f 2883/4417/3226 3089/4418/3226 3090/4418/3226 2884/4581/3226
f 3089/4418/3226 3295/4419/3226 3296/4485/3226 3090/4418/3226
f 3295/4419/3226 3501/4447/3226 3502/4447/3226 3296/4485/3226
f 3501/4447/3226 3707/4500/3226 3708/4469/3226 3502/4447/3226
f 3707/4500/3226 3913/4448/3226 3914/4448/3226 3708/4469/3226
f 3913/4448/3226 4119/4569/3226 4120/4582/3226 3914/4448/3226
f 4119/4569/3226 4325/4570/3226 4326/4424/3226 4120/4582/3226
f 4325/4570/3226 4531/4555/3226 4532/4501/3226 4326/4424/3226
f 4531/4555/3226 4737/4571/3226 4738/4488/3226 4532/4501/3226
f 4737/4571/3226 4943/4572/3226 4944/4546/3226 4738/4488/3226
f 4943/4572/3226 5148/4454/3226 5149/4514/3226 4944/4546/3226
f 5148/4454/3226 5351/4429/3226 5352/4583/3226 5149/4514/3226
f 5351/4429/3226 5555/4502/3226 5556/4502/3226 5352/4583/3226
f 5555/4502/3226 5759/4474/3226 5760/4503/3226 5556/4502/3226
f 5759/4474/3226 5964/4573/3226 5965/4584/3226 5760/4503/3226
f 5964/4573/3226 6168/4574/3226 6169/4475/3226 5965/4584/3226
f 6168/4574/3226 6373/4476/3226 6374/4476/3226 6169/4475/3226
f 6373/4476/3226 6578/4575/3226 6579/4585/3226 6374/4476/3226
f 6578/4575/3226 220/4436/3226 221/4436/3226 6579/4585/3226
f 221/4405/3232 426/4576/3233 427/4586/3234 222/4587/3235
f 426/4576/3233 631/4534/3236 632/4588/3237 427/4586/3234
f 631/4534/3236 836/4407/3238 837/4589/3239 632/4588/3237
f 836/4407/3238 1041/4460/3240 1042/4590/3241 837/4589/3239
f 1041/4460/3240 1245/4577/3242 1246/4591/3243 1042/4590/3241
f 1245/4577/3242 1450/4578/3244 1451/4592/3245 1246/4591/3243
f 1450/4578/3244 1654/4579/3246 1655/4593/3247 1451/4592/3245
f 1654/4579/3246 1858/4412/3248 1859/4594/3249 1655/4593/3247
f 1858/4412/3248 2061/4463/3250 2062/4595/3251 1859/4594/3249
f 2061/4463/3250 2266/4414/3252 2267/4596/3253 2062/4595/3251
f 2266/4414/3252 2472/4580/3254 2473/4597/3255 2267/4596/3253
f 2472/4580/3254 2678/4551/3256 2679/4598/3257 2473/4597/3255
f 2678/4551/3256 2884/4581/3258 2885/4599/3259 2679/4598/3257
f 2884/4581/3258 3090/4418/3260 3091/4600/3261 2885/4599/3259
f 3090/4418/3260 3296/4485/3262 3297/4601/3263 3091/4600/3261
f 3296/4485/3262 3502/4447/3264 3503/4602/3265 3297/4601/3263
f 3502/4447/3264 3708/4469/3266 3709/4603/3267 3503/4602/3265
f 3708/4469/3266 3914/4448/3268 3915/4604/3269 3709/4603/3267
f 3914/4448/3268 4120/4582/3270 4121/4605/3271 3915/4604/3269
f 4120/4582/3270 4326/4424/3272 4327/4606/3273 4121/4605/3271
f 4326/4424/3272 4532/4501/3274 4533/4607/3275 4327/4606/3273
f 4532/4501/3274 4738/4488/3276 4739/4608/3277 4533/4607/3275
f 4738/4488/3276 4944/4546/3278 4945/4609/3279 4739/4608/3277
f 4944/4546/3278 5149/4514/3280 5150/4610/3281 4945/4609/3279
f 5149/4514/3280 5352/4583/3282 5353/4611/3283 5150/4610/3281
f 5352/4583/3282 5556/4502/3284 5557/4612/3285 5353/4611/3283
f 5556/4502/3284 5760/4503/3286 5761/4613/3287 5557/4612/3285
f 5760/4503/3286 5965/4584/3288 5966/4614/3289 5761/4613/3287
f 5965/4584/3288 6169/4475/3290 6170/4615/3291 5966/4614/3289
f 6169/4475/3290 6374/4476/3292 6375/4616/3293 6170/4615/3291
f 6374/4476/3292 6579/4585/3294 6580/4617/3295 6375/4616/3293
f 6579/4585/3294 221/4436/3232 222/4618/3235 6580/4617/3295
f 222/4587/3235 427/4586/3234 428/4619/3296 223/4620/3297
f 427/4586/3234 632/4588/3237 633/4621/3298 428/4619/3296
f 632/4588/3237 837/4589/3239 838/4622/3299 633/4621/3298
f 837/4589/3239 1042/4590/3241 1043/4623/3300 838/4622/3299
f 1042/4590/3241 1246/4591/3243 1247/4624/3301 1043/4623/3300
f 1246/4591/3243 1451/4592/3245 1452/4625/3302 1247/4624/3301
f 1451/4592/3245 1655/4593/3247 1656/4626/3303 1452/4625/3302
f 1655/4593/3247 1859/4594/3249 1860/4627/3304 1656/4626/3303
f 1859/4594/3249 2062/4595/3251 2063/4628/3305 1860/4627/3304
f 2062/4595/3251 2267/4596/3253 2268/4629/3306 2063/4628/3305
f 2267/4596/3253 2473/4597/3255 2474/4630/3307 2268/4629/3306
f 2473/4597/3255 2679/4598/3257 2680/4631/3308 2474/4630/3307
f 2679/4598/3257 2885/4599/3259 2886/4632/3309 2680/4631/3308
f 2885/4599/3259 3091/4600/3261 3092/4633/3310 2886/4632/3309
f 3091/4600/3261 3297/4601/3263 3298/4634/3311 3092/4633/3310
f 3297/4601/3263 3503/4602/3265 3504/4635/3312 3298/4634/3311
f 3503/4602/3265 3709/4603/3267 3710/4636/3313 3504/4635/3312
f 3709/4603/3267 3915/4604/3269 3916/4637/3314 3710/4636/3313
f 3915/4604/3269 4121/4605/3271 4122/4638/3315 3916/4637/3314
f 4121/4605/3271 4327/4606/3273 4328/4639/3316 4122/4638/3315
f 4327/4606/3273 4533/4607/3275 4534/4640/3317 4328/4639/3316
f 4533/4607/3275 4739/4608/3277 4740/4641/3318 4534/4640/3317
f 4739/4608/3277 4945/4609/3279 4946/4642/3319 4740/4641/3318
f 4945/4609/3279 5150/4610/3281 5151/4643/3320 4946/4642/3319
f 5150/4610/3281 5353/4611/3283 5354/4644/3321 5151/4643/3320
f 5353/4611/3283 5557/4612/3285 5558/4645/3322 5354/4644/3321
f 5557/4612/3285 5761/4613/3287 5762/4646/3323 5558/4645/3322
f 5761/4613/3287 5966/4614/3289 5967/4647/3324 5762/4646/3323
f 5966/4614/3289 6170/4615/3291 6171/4648/3325 5967/4647/3324
f 6170/4615/3291 6375/4616/3293 6376/4649/3326 6171/4648/3325
f 6375/4616/3293 6580/4617/3295 6581/4650/3327 6376/4649/3326
f 6580/4617/3295 222/4618/3235 223/4651/3297 6581/4650/3327
f 223/4620/3297 428/4619/3296 429/4652/3328 224/4653/3329
f 428/4619/3296 633/4621/3298 634/4654/3330 429/4652/3328
f 633/4621/3298 838/4622/3299 839/4655/3331 634/4654/3330
f 838/4622/3299 1043/4623/3300 1044/4656/3332 839/4655/3331
f 1043/4623/3300 1247/4624/3301 1248/4657/3333 1044/4656/3332
f 1247/4624/3301 1452/4625/3302 1453/4658/3334 1248/4657/3333
f 1452/4625/3302 1656/4626/3303 1657/4659/3335 1453/4658/3334
f 1656/4626/3303 1860/4627/3304 1861/4660/3336 1657/4659/3335
f 1860/4627/3304 2063/4628/3305 2064/4661/3337 1861/4660/3336
f 2063/4628/3305 2268/4629/3306 2269/4662/3338 2064/4661/3337
f 2268/4629/3306 2474/4630/3307 2475/4663/3339 2269/4662/3338
f 2474/4630/3307 2680/4631/3308 2681/4664/3340 2475/4663/3339
f 2680/4631/3308 2886/4632/3309 2887/4665/3341 2681/4664/3340
f 2886/4632/3309 3092/4633/3310 3093/4666/3342 2887/4665/3341
f 3092/4633/3310 3298/4634/3311 3299/4667/3343 3093/4666/3342
f 3298/4634/3311 3504/4635/3312 3505/4668/3344 3299/4667/3343
f 3504/4635/3312 3710/4636/3313 3711/4669/3345 3505/4668/3344
f 3710/4636/3313 3916/4637/3314 3917/4670/3346 3711/4669/3345
f 3916/4637/3314 4122/4638/3315 4123/4671/3347 3917/4670/3346
f 4122/4638/3315 4328/4639/3316 4329/4672/3348 4123/4671/3347
f 4328/4639/3316 4534/4640/3317 4535/4673/3349 4329/4672/3348
f 4534/4640/3317 4740/4641/3318 4741/4674/3350 4535/4673/3349
f 4740/4641/3318 4946/4642/3319 4947/4675/3351 4741/4674/3350
f 4946/4642/3319 5151/4643/3320 5152/4676/3352 4947/4675/3351
f 5151/4643/3320 5354/4644/3321 5355/4677/3353 5152/4676/3352
f 5354/4644/3321 5558/4645/3322 5559/4678/3354 5355/4677/3353
f 5558/4645/3322 5762/4646/3323 5763/4679/3355 5559/4678/3354
f 5762/4646/3323 5967/4647/3324 5968/4680/3356 5763/4679/3355
f 5967/4647/3324 6171/4648/3325 6172/4681/3357 5968/4680/3356
f 6171/4648/3325 6376/4649/3326 6377/4682/3358 6172/4681/3357
f 6376/4649/3326 6581/4650/3327 6582/4683/3359 6377/4682/3358
f 6581/4650/3327 223/4651/3297 224/4684/3329 6582/4683/3359
f 224/4653/3329 429/4652/3328 430/4685/3360 225/4686/3361
f 429/4652/3328 634/4654/3330 635/4687/3362 430/4685/3360
f 634/4654/3330 839/4655/3331 840/4688/3363 635/4687/3362
f 839/4655/3331 1044/4656/3332 1045/4689/3364 840/4688/3363
f 1044/4656/3332 1248/4657/3333 1249/4690/3365 1045/4689/3364
f 1248/4657/3333 1453/4658/3334 1454/4691/3366 1249/4690/3365
f 1453/4658/3334 1657/4659/3335 1658/4692/3367 1454/4691/3366
f 1657/4659/3335 1861/4660/3336 1862/4693/3368 1658/4692/3367
f 1861/4660/3336 2064/4661/3337 2065/4694/3369 1862/4693/3368
f 2064/4661/3337 2269/4662/3338 2270/4695/3370 2065/4694/3369
f 2269/4662/3338 2475/4663/3339 2476/4696/3371 2270/4695/3370
f 2475/4663/3339 2681/4664/3340 2682/4697/3372 2476/4696/3371
f 2681/4664/3340 2887/4665/3341 2888/4698/3373 2682/4697/3372
f 2887/4665/3341 3093/4666/3342 3094/4699/3374 2888/4698/3373
f 3093/4666/3342 3299/4667/3343 3300/4700/3375 3094/4699/3374
f 3299/4667/3343 3505/4668/3344 3506/4701/3376 3300/4700/3375
f 3505/4668/3344 3711/4669/3345 3712/4702/3377 3506/4701/3376
f 3711/4669/3345 3917/4670/3346 3918/4703/3378 3712/4702/3377
f 3917/4670/3346 4123/4671/3347 4124/4704/3379 3918/4703/3378
f 4123/4671/3347 4329/4672/3348 4330/4705/3380 4124/4704/3379
f 4329/4672/3348 4535/4673/3349 4536/4706/3381 4330/4705/3380
f 4535/4673/3349 4741/4674/3350 4742/4707/3382 4536/4706/3381
f 4741/4674/3350 4947/4675/3351 4948/4708/3383 4742/4707/3382
f 4947/4675/3351 5152/4676/3352 5153/4709/3384 4948/4708/3383
f 5152/4676/3352 5355/4677/3353 5356/4710/3385 5153/4709/3384
f 5355/4677/3353 5559/4678/3354 5560/4711/3386 5356/4710/3385
f 5559/4678/3354 5763/4679/3355 5764/4712/3387 5560/4711/3386
f 5763/4679/3355 5968/4680/3356 5969/4713/3388 5764/4712/3387
f 5968/4680/3356 6172/4681/3357 6173/4714/3389 5969/4713/3388
f 6172/4681/3357 6377/4682/3358 6378/4715/3390 6173/4714/3389
f 6377/4682/3358 6582/4683/3359 6583/4716/3391 6378/4715/3390
f 6582/4683/3359 224/4684/3329 225/4717/3361 6583/4716/3391
f 225/4686/3361 430/4685/3360 431/4718/3392 226/4719/3393
f 430/4685/3360 635/4687/3362 636/4720/3394 431/4718/3392
f 635/4687/3362 840/4688/3363 841/4721/3395 636/4720/3394
f 840/4688/3363 1045/4689/3364 1046/4722/3396 841/4721/3395
f 1045/4689/3364 1249/4690/3365 1250/4723/3397 1046/4722/3396
f 1249/4690/3365 1454/4691/3366 1455/4724/3398 1250/4723/3397
f 1454/4691/3366 1658/4692/3367 1659/4725/3399 1455/4724/3398
f 1658/4692/3367 1862/4693/3368 1863/4726/3400 1659/4725/3399
f 1862/4693/3368 2065/4694/3369 2066/4727/3401 1863/4726/3400
f 2065/4694/3369 2270/4695/3370 2271/4728/3402 2066/4727/3401
f 2270/4695/3370 2476/4696/3371 2477/4729/3403 2271/4728/3402
f 2476/4696/3371 2682/4697/3372 2683/4730/3404 2477/4729/3403
f 2682/4697/3372 2888/4698/3373 2889/4731/3405 2683/4730/3404
f 2888/4698/3373 3094/4699/3374 3095/4732/3406 2889/4731/3405
f 3094/4699/3374 3300/4700/3375 3301/4733/3407 3095/4732/3406
f 3300/4700/3375 3506/4701/3376 3507/4734/3408 3301/4733/3407
f 3506/4701/3376 3712/4702/3377 3713/4735/3409 3507/4734/3408
f 3712/4702/3377 3918/4703/3378 3919/4736/3410 3713/4735/3409
f 3918/4703/3378 4124/4704/3379 4125/4737/3411 3919/4736/3410
f 4124/4704/3379 4330/4705/3380 4331/4738/3412 4125/4737/3411
f 4330/4705/3380 4536/4706/3381 4537/4739/3413 4331/4738/3412
f 4536/4706/3381 4742/4707/3382 4743/4740/3414 4537/4739/3413
f 4742/4707/3382 4948/4708/3383 4949/4741/3415 4743/4740/3414
f 4948/4708/3383 5153/4709/3384 5154/4742/3416 4949/4741/3415
f 5153/4709/3384 5356/4710/3385 5357/4743/3417 5154/4742/3416
f 5356/4710/3385 5560/4711/3386 5561/4744/3418 5357/4743/3417
f 5560/4711/3386 5764/4712/3387 5765/4745/3419 5561/4744/3418
f 5764/4712/3387 5969/4713/3388 5970/4746/3420 5765/4745/3419
f 5969/4713/3388 6173/4714/3389 6174/4747/3421 5970/4746/3420
f 6173/4714/3389 6378/4715/3390 6379/4748/3422 6174/4747/3421
f 6378/4715/3390 6583/4716/3391 6584/4749/3423 6379/4748/3422
f 6583/4716/3391 225/4717/3361 226/4750/3393 6584/4749/3423
f 226/4719/3393 431/4718/3392 432/4751/3424 227/4752/3425
f 431/4718/3392 636/4720/3394 637/4753/3426 432/4751/3424
f 636/4720/3394 841/4721/3395 842/4754/3427 637/4753/3426
f 841/4721/3395 1046/4722/3396 1047/4755/3428 842/4754/3427
f 1046/4722/3396 1250/4723/3397 1251/4756/3429 1047/4755/3428
f 1250/4723/3397 1455/4724/3398 1456/4757/3430 1251/4756/3429
f 1455/4724/3398 1659/4725/3399 1660/4758/3431 1456/4757/3430
f 1659/4725/3399 1863/4726/3400 1864/4759/3432 1660/4758/3431
f 1863/4726/3400 2066/4727/3401 2067/4760/3433 1864/4759/3432
f 2066/4727/3401 2271/4728/3402 2272/4761/3434 2067/4760/3433
f 2271/4728/3402 2477/4729/3403 2478/4762/3435 2272/4761/3434
f 2477/4729/3403 2683/4730/3404 2684/4763/3436 2478/4762/3435
f 2683/4730/3404 2889/4731/3405 2890/4764/3437 2684/4763/3436
f 2889/4731/3405 3095/4732/3406 3096/4765/3438 2890/4764/3437
f 3095/4732/3406 3301/4733/3407 3302/4766/3439 3096/4765/3438
f 3301/4733/3407 3507/4734/3408 3508/4767/3440 3302/4766/3439
f 3507/4734/3408 3713/4735/3409 3714/4768/3441 3508/4767/3440
f 3713/4735/3409 3919/4736/3410 3920/4769/3442 3714/4768/3441
f 3919/4736/3410 4125/4737/3411 4126/4770/3443 3920/4769/3442
f 4125/4737/3411 4331/4738/3412 4332/4771/3444 4126/4770/3443
f 4331/4738/3412 4537/4739/3413 4538/4772/3445 4332/4771/3444
f 4537/4739/3413 4743/4740/3414 4744/4773/3446 4538/4772/3445
f 4743/4740/3414 4949/4741/3415 4950/4774/3447 4744/4773/3446
f 4949/4741/3415 5154/4742/3416 5155/4775/3448 4950/4774/3447
f 5154/4742/3416 5357/4743/3417 5358/4776/3449 5155/4775/3448
f 5357/4743/3417 5561/4744/3418 5562/4777/3450 5358/4776/3449
f 5561/4744/3418 5765/4745/3419 5766/4778/3451 5562/4777/3450
f 5765/4745/3419 5970/4746/3420 5971/4779/3452 5766/4778/3451
f 5970/4746/3420 6174/4747/3421 6175/4780/3453 5971/4779/3452
f 6174/4747/3421 6379/4748/3422 6380/4781/3454 6175/4780/3453
f 6379/4748/3422 6584/4749/3423 6585/4782/3455 6380/4781/3454
f 6584/4749/3423 226/4750/3393 227/4783/3425 6585/4782/3455
f 227/4752/3425 432/4751/3424 433/4784/3456 228/4785/3457
f 432/4751/3424 637/4753/3426 638/4786/3458 433/4784/3456
f 637/4753/3426 842/4754/3427 843/4787/3459 638/4786/3458
f 842/4754/3427 1047/4755/3428 1048/4788/3460 843/4787/3459
f 1047/4755/3428 1251/4756/3429 1252/4789/3461 1048/4788/3460
f 1251/4756/3429 1456/4757/3430 1457/4790/3462 1252/4789/3461
f 1456/4757/3430 1660/4758/3431 1661/4791/3463 1457/4790/3462
f 1660/4758/3431 1864/4759/3432 1865/4792/3464 1661/4791/3463
f 1864/4759/3432 2067/4760/3433 2068/4793/3465 1865/4792/3464
f 2067/4760/3433 2272/4761/3434 2273/4794/3466 2068/4793/3465
f 2272/4761/3434 2478/4762/3435 2479/4795/3467 2273/4794/3466
f 2478/4762/3435 2684/4763/3436 2685/4796/3468 2479/4795/3467
f 2684/4763/3436 2890/4764/3437 2891/4797/3469 2685/4796/3468
f 2890/4764/3437 3096/4765/3438 3097/4798/3470 2891/4797/3469
f 3096/4765/3438 3302/4766/3439 3303/4799/3471 3097/4798/3470
f 3302/4766/3439 3508/4767/3440 3509/4800/3472 3303/4799/3471
f 3508/4767/3440 3714/4768/3441 3715/4801/3473 3509/4800/3472
f 3714/4768/3441 3920/4769/3442 3921/4802/3474 3715/4801/3473
f 3920/4769/3442 4126/4770/3443 4127/4803/3475 3921/4802/3474
f 4126/4770/3443 4332/4771/3444 4333/4804/3476 4127/4803/3475
f 4332/4771/3444 4538/4772/3445 4539/4805/3477 4333/4804/3476
f 4538/4772/3445 4744/4773/3446 4745/4806/3478 4539/4805/3477
f 4744/4773/3446 4950/4774/3447 4951/4807/3479 4745/4806/3478
f 4950/4774/3447 5155/4775/3448 5156/4808/3480 4951/4807/3479
f 5155/4775/3448 5358/4776/3449 5359/4809/3481 5156/4808/3480
f 5358/4776/3449 5562/4777/3450 5563/4810/3482 5359/4809/3481
f 5562/4777/3450 5766/4778/3451 5767/4811/3483 5563/4810/3482
f 5766/4778/3451 5971/4779/3452 5972/4812/3484 5767/4811/3483
f 5971/4779/3452 6175/4780/3453 6176/4813/3485 5972/4812/3484
f 6175/4780/3453 6380/4781/3454 6381/4814/3486 6176/4813/3485
f 6380/4781/3454 6585/4782/3455 6586/4815/3487 6381/4814/3486
f 6585/4782/3455 227/4783/3425 228/4816/3457 6586/4815/3487
f 228/4785/3457 433/4784/3456 434/4817/3488 229/4818/3489
f 433/4784/3456 638/4786/3458 639/4819/3490 434/4817/3488
f 638/4786/3458 843/4787/3459 844/4820/3491 639/4819/3490
f 843/4787/3459 1048/4788/3460 1049/4821/3492 844/4820/3491
f 1048/4788/3460 1252/4789/3461 1253/4822/3493 1049/4821/3492
f 1252/4789/3461 1457/4790/3462 1458/4823/3494 1253/4822/3493
f 1457/4790/3462 1661/4791/3463 1662/4824/3495 1458/4823/3494
f 1661/4791/3463 1865/4792/3464 1866/4825/3496 1662/4824/3495
f 1865/4792/3464 2068/4793/3465 2069/4826/3497 1866/4825/3496
f 2068/4793/3465 2273/4794/3466 2274/4827/3498 2069/4826/3497
f 2273/4794/3466 2479/4795/3467 2480/4828/3499 2274/4827/3498
f 2479/4795/3467 2685/4796/3468 2686/4829/3500 2480/4828/3499
f 2685/4796/3468 2891/4797/3469 2892/4830/3501 2686/4829/3500
f 2891/4797/3469 3097/4798/3470 3098/4831/3502 2892/4830/3501
f 3097/4798/3470 3303/4799/3471 3304/4832/3503 3098/4831/3502
f 3303/4799/3471 3509/4800/3472 3510/4833/3504 3304/4832/3503
f 3509/4800/3472 3715/4801/3473 3716/4834/3505 3510/4833/3504
f 3715/4801/3473 3921/4802/3474 3922/4835/3506 3716/4834/3505
f 3921/4802/3474 4127/4803/3475 4128/4836/3507 3922/4835/3506
f 4127/4803/3475 4333/4804/3476 4334/4837/3508 4128/4836/3507
f 4333/4804/3476 4539/4805/3477 4540/4838/3509 4334/4837/3508
f 4539/4805/3477 4745/4806/3478 4746/4839/3510 4540/4838/3509
f 4745/4806/3478 4951/4807/3479 4952/4840/3511 4746/4839/3510
f 4951/4807/3479 5156/4808/3480 5157/4841/3512 4952/4840/3511
f 5156/4808/3480 5359/4809/3481 5360/4842/3513 5157/4841/3512
f 5359/4809/3481 5563/4810/3482 5564/4843/3514 5360/4842/3513
f 5563/4810/3482 5767/4811/3483 5768/4844/3515 5564/4843/3514
f 5767/4811/3483 5972/4812/3484 5973/4845/3516 5768/4844/3515
f 5972/4812/3484 6176/4813/3485 6177/4846/3517 5973/4845/3516
f 6176/4813/3485 6381/4814/3486 6382/4847/3518 6177/4846/3517
f 6381/4814/3486 6586/4815/3487 6587/4848/3519 6382/4847/3518
f 6586/4815/3487 228/4816/3457 229/4849/3489 6587/4848/3519
f 229/4818/3489 434/4817/3488 435/4850/3520 230/4851/3521
f 434/4817/3488 639/4819/3490 640/4852/3522 435/4850/3520
f 639/4819/3490 844/4820/3491 845/4853/3523 640/4852/3522
f 844/4820/3491 1049/4821/3492 1050/4854/3524 845/4853/3523
f 1049/4821/3492 1253/4822/3493 1254/4855/3525 1050/4854/3524
f 1253/4822/3493 1458/4823/3494 1459/4856/3526 1254/4855/3525
f 1458/4823/3494 1662/4824/3495 1663/4857/3527 1459/4856/3526
f 1662/4824/3495 1866/4825/3496 1867/4858/3528 1663/4857/3527
f 1866/4825/3496 2069/4826/3497 2070/4859/3529 1867/4858/3528
f 2069/4826/3497 2274/4827/3498 2275/4860/3530 2070/4859/3529
f 2274/4827/3498 2480/4828/3499 2481/4861/3531 2275/4860/3530
f 2480/4828/3499 2686/4829/3500 2687/4862/3532 2481/4861/3531
f 2686/4829/3500 2892/4830/3501 2893/4863/3533 2687/4862/3532
f 2892/4830/3501 3098/4831/3502 3099/4864/3534 2893/4863/3533
f 3098/4831/3502 3304/4832/3503 3305/4865/3535 3099/4864/3534
f 3304/4832/3503 3510/4833/3504 3511/4866/3536 3305/4865/3535
f 3510/4833/3504 3716/4834/3505 3717/4867/3537 3511/4866/3536
f 3716/4834/3505 3922/4835/3506 3923/4868/3538 3717/4867/3537
f 3922/4835/3506 4128/4836/3507 4129/4869/3539 3923/4868/3538
f 4128/4836/3507 4334/4837/3508 4335/4870/3540 4129/4869/3539
f 4334/4837/3508 4540/4838/3509 4541/4871/3541 4335/4870/3540
f 4540/4838/3509 4746/4839/3510 4747/4872/3542 4541/4871/3541
f 4746/4839/3510 4952/4840/3511 4953/4873/3543 4747/4872/3542
f 4952/4840/3511 5157/4841/3512 5158/4874/3544 4953/4873/3543
f 5157/4841/3512 5360/4842/3513 5361/4875/3545 5158/4874/3544
f 5360/4842/3513 5564/4843/3514 5565/4876/3546 5361/4875/3545
f 5564/4843/3514 5768/4844/3515 5769/4877/3547 5565/4876/3546
f 5768/4844/3515 5973/4845/3516 5974/4878/3548 5769/4877/3547
f 5973/4845/3516 6177/4846/3517 6178/4879/3549 5974/4878/3548
f 6177/4846/3517 6382/4847/3518 6383/4880/3550 6178/4879/3549
f 6382/4847/3518 6587/4848/3519 6588/4881/3551 6383/4880/3550
f 6587/4848/3519 229/4849/3489 230/4882/3521 6588/4881/3551
f 230/4851/3521 435/4850/3520 436/4883/3552 231/4884/3553
f 435/4850/3520 640/4852/3522 641/4885/3554 436/4883/3552
f 640/4852/3522 845/4853/3523 846/4886/3555 641/4885/3554
f 845/4853/3523 1050/4854/3524 1051/4887/3556 846/4886/3555
f 1050/4854/3524 1254/4855/3525 1255/4888/3557 1051/4887/3556
f 1254/4855/3525 1459/4856/3526 1460/4889/3558 1255/4888/3557
f 1459/4856/3526 1663/4857/3527 1664/4890/3559 1460/4889/3558
f 1663/4857/3527 1867/4858/3528 1868/4891/3560 1664/4890/3559
f 1867/4858/3528 2070/4859/3529 2071/4892/3561 1868/4891/3560
f 2070/4859/3529 2275/4860/3530 2276/4893/3562 2071/4892/3561
f 2275/4860/3530 2481/4861/3531 2482/4894/3563 2276/4893/3562
f 2481/4861/3531 2687/4862/3532 2688/4895/3564 2482/4894/3563
f 2687/4862/3532 2893/4863/3533 2894/4896/3565 2688/4895/3564
f 2893/4863/3533 3099/4864/3534 3100/4897/3566 2894/4896/3565
f 3099/4864/3534 3305/4865/3535 3306/4898/3567 3100/4897/3566
f 3305/4865/3535 3511/4866/3536 3512/4899/3568 3306/4898/3567
f 3511/4866/3536 3717/4867/3537 3718/4900/3569 3512/4899/3568
f 3717/4867/3537 3923/4868/3538 3924/4901/3570 3718/4900/3569
f 3923/4868/3538 4129/4869/3539 4130/4902/3571 3924/4901/3570
f 4129/4869/3539 4335/4870/3540 4336/4903/3572 4130/4902/3571
f 4335/4870/3540 4541/4871/3541 4542/4904/3573 4336/4903/3572
f 4541/4871/3541 4747/4872/3542 4748/4905/3574 4542/4904/3573
f 4747/4872/3542 4953/4873/3543 4954/4906/3575 4748/4905/3574
f 4953/4873/3543 5158/4874/3544 5159/4907/3576 4954/4906/3575
f 5158/4874/3544 5361/4875/3545 5362/4908/3577 5159/4907/3576
f 5361/4875/3545 5565/4876/3546 5566/4909/3578 5362/4908/3577
f 5565/4876/3546 5769/4877/3547 5770/4910/3579 5566/4909/3578
f 5769/4877/3547 5974/4878/3548 5975/4911/3580 5770/4910/3579
f 5974/4878/3548 6178/4879/3549 6179/4912/3581 5975/4911/3580
f 6178/4879/3549 6383/4880/3550 6384/4913/3582 6179/4912/3581
f 6383/4880/3550 6588/4881/3551 6589/4914/3583 6384/4913/3582
f 6588/4881/3551 230/4882/3521 231/4915/3553 6589/4914/3583
f 231/4884/3553 436/4883/3552 437/4916/3584 232/4917/3585
f 436/4883/3552 641/4885/3554 642/4918/3586 437/4916/3584
f 641/4885/3554 846/4886/3555 847/4919/3587 642/4918/3586
f 846/4886/3555 1051/4887/3556 1052/4920/3588 847/4919/3587
f 1051/4887/3556 1255/4888/3557 1256/4921/3589 1052/4920/3588
f 1255/4888/3557 1460/4889/3558 1461/4922/3590 1256/4921/3589
f 1460/4889/3558 1664/4890/3559 1665/4923/3591 1461/4922/3590
f 1664/4890/3559 1868/4891/3560 1869/4924/3592 1665/4923/3591
f 1868/4891/3560 2071/4892/3561 2072/4925/3593 1869/4924/3592
f 2071/4892/3561 2276/4893/3562 2277/4926/3594 2072/4925/3593
f 2276/4893/3562 2482/4894/3563 2483/4927/3595 2277/4926/3594
f 2482/4894/3563 2688/4895/3564 2689/4928/3596 2483/4927/3595
f 2688/4895/3564 2894/4896/3565 2895/4929/3597 2689/4928/3596
f 2894/4896/3565 3100/4897/3566 3101/4930/3598 2895/4929/3597
f 3100/4897/3566 3306/4898/3567 3307/4931/3599 3101/4930/3598
f 3306/4898/3567 3512/4899/3568 3513/4932/3600 3307/4931/3599
f 3512/4899/3568 3718/4900/3569 3719/4933/3601 3513/4932/3600
f 3718/4900/3569 3924/4901/3570 3925/4934/3602 3719/4933/3601
f 3924/4901/3570 4130/4902/3571 4131/4935/3603 3925/4934/3602
f 4130/4902/3571 4336/4903/3572 4337/4936/3604 4131/4935/3603
f 4336/4903/3572 4542/4904/3573 4543/4937/3605 4337/4936/3604
f 4542/4904/3573 4748/4905/3574 4749/4938/3606 4543/4937/3605
f 4748/4905/3574 4954/4906/3575 4955/4939/3607 4749/4938/3606
f 4954/4906/3575 5159/4907/3576 5160/4940/3608 4955/4939/3607
f 5159/4907/3576 5362/4908/3577 5363/4941/3609 5160/4940/3608
f 5362/4908/3577 5566/4909/3578 5567/4942/3610 5363/4941/3609
f 5566/4909/3578 5770/4910/3579 5771/4943/3611 5567/4942/3610
f 5770/4910/3579 5975/4911/3580 5976/4944/3612 5771/4943/3611
f 5975/4911/3580 6179/4912/3581 6180/4945/3613 5976/4944/3612
f 6179/4912/3581 6384/4913/3582 6385/4946/3614 6180/4945/3613
f 6384/4913/3582 6589/4914/3583 6590/4947/3615 6385/4946/3614
f 6589/4914/3583 231/4915/3553 232/4948/3585 6590/4947/3615
f 232/4917/3585 437/4916/3584 438/4949/3616 233/4950/3617
f 437/4916/3584 642/4918/3586 643/4951/3618 438/4949/3616
f 642/4918/3586 847/4919/3587 848/4952/3619 643/4951/3618
f 847/4919/3587 1052/4920/3588 1053/4953/3620 848/4952/3619
f 1052/4920/3588 1256/4921/3589 1257/4954/3621 1053/4953/3620
f 1256/4921/3589 1461/4922/3590 1462/4955/3622 1257/4954/3621
f 1461/4922/3590 1665/4923/3591 1666/4956/3623 1462/4955/3622
f 1665/4923/3591 1869/4924/3592 1870/4957/3624 1666/4956/3623
f 1869/4924/3592 2072/4925/3593 2073/4958/3625 1870/4957/3624
f 2072/4925/3593 2277/4926/3594 2278/4959/3626 2073/4958/3625
f 2277/4926/3594 2483/4927/3595 2484/4960/3627 2278/4959/3626
f 2483/4927/3595 2689/4928/3596 2690/4961/3628 2484/4960/3627
f 2689/4928/3596 2895/4929/3597 2896/4962/3629 2690/4961/3628
f 2895/4929/3597 3101/4930/3598 3102/4963/3630 2896/4962/3629
f 3101/4930/3598 3307/4931/3599 3308/4964/3631 3102/4963/3630
f 3307/4931/3599 3513/4932/3600 3514/4965/3632 3308/4964/3631
f 3513/4932/3600 3719/4933/3601 3720/4966/3633 3514/4965/3632
f 3719/4933/3601 3925/4934/3602 3926/4967/3634 3720/4966/3633
f 3925/4934/3602 4131/4935/3603 4132/4968/3635 3926/4967/3634
f 4131/4935/3603 4337/4936/3604 4338/4969/3636 4132/4968/3635
f 4337/4936/3604 4543/4937/3605 4544/4970/3637 4338/4969/3636
f 4543/4937/3605 4749/4938/3606 4750/4971/3638 4544/4970/3637
f 4749/4938/3606 4955/4939/3607 4956/4972/3639 4750/4971/3638
f 4955/4939/3607 5160/4940/3608 5161/4973/3640 4956/4972/3639
f 5160/4940/3608 5363/4941/3609 5364/4974/3641 5161/4973/3640
f 5363/4941/3609 5567/4942/3610 5568/4975/3642 5364/4974/3641
f 5567/4942/3610 5771/4943/3611 5772/4976/3643 5568/4975/3642
f 5771/4943/3611 5976/4944/3612 5977/4977/3644 5772/4976/3643
f 5976/4944/3612 6180/4945/3613 6181/4978/3645 5977/4977/3644
f 6180/4945/3613 6385/4946/3614 6386/4979/3646 6181/4978/3645
f 6385/4946/3614 6590/4947/3615 6591/4980/3647 6386/4979/3646
f 6590/4947/3615 232/4948/3585 233/4981/3617 6591/4980/3647
f 233/4950/3648 438/4949/3649 439/4982/3650 234/4983/3651
f 438/4949/3649 643/4951/3652 644/4984/3653 439/4982/3650
f 643/4951/3652 848/4952/3654 849/4985/3655 644/4984/3653
f 848/4952/3654 1053/4953/3656 1054/4986/3657 849/4985/3655
f 1053/4953/3656 1257/4954/3658 1258/4987/3659 1054/4986/3657
f 1257/4954/3658 1462/4955/3660 1463/4988/3661 1258/4987/3659
f 1462/4955/3660 1666/4956/3662 1667/4989/3663 1463/4988/3661
f 1666/4956/3662 1870/4957/3664 1871/4990/3665 1667/4989/3663
f 1870/4957/3664 2073/4958/3666 2074/4991/3667 1871/4990/3665
f 2073/4958/3666 2278/4959/3668 2279/4992/3669 2074/4991/3667
f 2278/4959/3668 2484/4960/3670 2485/4993/3671 2279/4992/3669
f 2484/4960/3670 2690/4961/3672 2691/4994/3673 2485/4993/3671
f 2690/4961/3672 2896/4962/3674 2897/4995/3675 2691/4994/3673
f 2896/4962/3674 3102/4963/3676 3103/4996/3677 2897/4995/3675
f 3102/4963/3676 3308/4964/3678 3309/4997/3679 3103/4996/3677
f 3308/4964/3678 3514/4965/3680 3515/4998/3681 3309/4997/3679
f 3514/4965/3680 3720/4966/3682 3721/4999/3683 3515/4998/3681
f 3720/4966/3682 3926/4967/3684 3927/5000/3685 3721/4999/3683
f 3926/4967/3684 4132/4968/3686 4133/5001/3687 3927/5000/3685
f 4132/4968/3686 4338/4969/3688 4339/5002/3689 4133/5001/3687
f 4338/4969/3688 4544/4970/3690 4545/5003/3691 4339/5002/3689
f 4544/4970/3690 4750/4971/3692 4751/5004/3693 4545/5003/3691
f 4750/4971/3692 4956/4972/3694 4957/5005/3695 4751/5004/3693
f 4956/4972/3694 5161/4973/3696 5162/5006/3697 4957/5005/3695
f 5161/4973/3696 5364/4974/3698 5365/5007/3699 5162/5006/3697
f 5364/4974/3698 5568/4975/3700 5569/5008/3701 5365/5007/3699
f 5568/4975/3700 5772/4976/3702 5773/5009/3703 5569/5008/3701
f 5772/4976/3702 5977/4977/3704 5978/5010/3705 5773/5009/3703
f 5977/4977/3704 6181/4978/3706 6182/5011/3707 5978/5010/3705
f 6181/4978/3706 6386/4979/3708 6387/5012/3709 6182/5011/3707
f 6386/4979/3708 6591/4980/3710 6592/5013/3711 6387/5012/3709
f 6591/4980/3710 233/4981/3648 234/5014/3651 6592/5013/3711
f 234/4983/3651 439/4982/3650 440/5015/3712 235/5016/3713
f 439/4982/3650 644/4984/3653 645/5017/3714 440/5015/3712
f 644/4984/3653 849/4985/3655 850/5018/3715 645/5017/3714
f 849/4985/3655 1054/4986/3657 1055/5019/3716 850/5018/3715
f 1054/4986/3657 1258/4987/3659 1259/5020/3717 1055/5019/3716
f 1258/4987/3659 1463/4988/3661 1464/5021/3718 1259/5020/3717
f 1463/4988/3661 1667/4989/3663 1668/5022/3719 1464/5021/3718
f 1667/4989/3663 1871/4990/3665 1872/5023/3720 1668/5022/3719
f 1871/4990/3665 2074/4991/3667 2075/5024/3721 1872/5023/3720
f 2074/4991/3667 2279/4992/3669 2280/5025/3722 2075/5024/3721
f 2279/4992/3669 2485/4993/3671 2486/5026/3723 2280/5025/3722
f 2485/4993/3671 2691/4994/3673 2692/5027/3724 2486/5026/3723
f 2691/4994/3673 2897/4995/3675 2898/5028/3725 2692/5027/3724
f 2897/4995/3675 3103/4996/3677 3104/5029/3726 2898/5028/3725
f 3103/4996/3677 3309/4997/3679 3310/5030/3727 3104/5029/3726
f 3309/4997/3679 3515/4998/3681 3516/5031/3728 3310/5030/3727
f 3515/4998/3681 3721/4999/3683 3722/5032/3729 3516/5031/3728
f 3721/4999/3683 3927/5000/3685 3928/5033/3730 3722/5032/3729
f 3927/5000/3685 4133/5001/3687 4134/5034/3731 3928/5033/3730
f 4133/5001/3687 4339/5002/3689 4340/5035/3732 4134/5034/3731
f 4339/5002/3689 4545/5003/3691 4546/5036/3733 4340/5035/3732
f 4545/5003/3691 4751/5004/3693 4752/5037/3734 4546/5036/3733
f 4751/5004/3693 4957/5005/3695 4958/5038/3735 4752/5037/3734
f 4957/5005/3695 5162/5006/3697 5163/5039/3736 4958/5038/3735
f 5162/5006/3697 5365/5007/3699 5366/5040/3737 5163/5039/3736
f 5365/5007/3699 5569/5008/3701 5570/5041/3738 5366/5040/3737
f 5569/5008/3701 5773/5009/3703 5774/5042/3739 5570/5041/3738
f 5773/5009/3703 5978/5010/3705 5979/5043/3740 5774/5042/3739
f 5978/5010/3705 6182/5011/3707 6183/5044/3741 5979/5043/3740
f 6182/5011/3707 6387/5012/3709 6388/5045/3742 6183/5044/3741
f 6387/5012/3709 6592/5013/3711 6593/5046/3743 6388/5045/3742
f 6592/5013/3711 234/5014/3651 235/5047/3713 6593/5046/3743
f 235/5016/3713 440/5015/3712 441/5048/3744 236/5049/3745
f 440/5015/3712 645/5017/3714 646/5050/3746 441/5048/3744
f 645/5017/3714 850/5018/3715 851/5051/3747 646/5050/3746
f 850/5018/3715 1055/5019/3716 1056/5052/3748 851/5051/3747
f 1055/5019/3716 1259/5020/3717 1260/5053/3749 1056/5052/3748
f 1259/5020/3717 1464/5021/3718 1465/5054/3750 1260/5053/3749
f 1464/5021/3718 1668/5022/3719 1669/5055/3751 1465/5054/3750
f 1668/5022/3719 1872/5023/3720 1873/5056/3752 1669/5055/3751
f 1872/5023/3720 2075/5024/3721 2076/5057/3753 1873/5056/3752
f 2075/5024/3721 2280/5025/3722 2281/5058/3754 2076/5057/3753
f 2280/5025/3722 2486/5026/3723 2487/5059/3755 2281/5058/3754
f 2486/5026/3723 2692/5027/3724 2693/5060/3756 2487/5059/3755
f 2692/5027/3724 2898/5028/3725 2899/5061/3757 2693/5060/3756
f 2898/5028/3725 3104/5029/3726 3105/5062/3758 2899/5061/3757
f 3104/5029/3726 3310/5030/3727 3311/5063/3759 3105/5062/3758
f 3310/5030/3727 3516/5031/3728 3517/5064/3760 3311/5063/3759
f 3516/5031/3728 3722/5032/3729 3723/5065/3761 3517/5064/3760
f 3722/5032/3729 3928/5033/3730 3929/5066/3762 3723/5065/3761
f 3928/5033/3730 4134/5034/3731 4135/5067/3763 3929/5066/3762
f 4134/5034/3731 4340/5035/3732 4341/5068/3764 4135/5067/3763
f 4340/5035/3732 4546/5036/3733 4547/5069/3765 4341/5068/3764
f 4546/5036/3733 4752/5037/3734 4753/5070/3766 4547/5069/3765
f 4752/5037/3734 4958/5038/3735 4959/5071/3767 4753/5070/3766
f 4958/5038/3735 5163/5039/3736 5164/5072/3768 4959/5071/3767
f 5163/5039/3736 5366/5040/3737 5367/5073/3769 5164/5072/3768
f 5366/5040/3737 5570/5041/3738 5571/5074/3770 5367/5073/3769
f 5570/5041/3738 5774/5042/3739 5775/5075/3771 5571/5074/3770
f 5774/5042/3739 5979/5043/3740 5980/5076/3772 5775/5075/3771
f 5979/5043/3740 6183/5044/3741 6184/5077/3773 5980/5076/3772
f 6183/5044/3741 6388/5045/3742 6389/5078/3774 6184/5077/3773
f 6388/5045/3742 6593/5046/3743 6594/5079/3775 6389/5078/3774
f 6593/5046/3743 235/5047/3713 236/5080/3745 6594/5079/3775
f 236/5049/3745 441/5048/3744 442/5081/3776 237/5082/3777
f 441/5048/3744 646/5050/3746 647/5083/3778 442/5081/3776
f 646/5050/3746 851/5051/3747 852/5084/3779 647/5083/3778
f 851/5051/3747 1056/5052/3748 1057/5085/3780 852/5084/3779
f 1056/5052/3748 1260/5053/3749 1261/5086/3781 1057/5085/3780
f 1260/5053/3749 1465/5054/3750 1466/5087/3782 1261/5086/3781
f 1465/5054/3750 1669/5055/3751 1670/5088/3783 1466/5087/3782
f 1669/5055/3751 1873/5056/3752 1874/5089/3784 1670/5088/3783
f 1873/5056/3752 2076/5057/3753 2077/5090/3785 1874/5089/3784
f 2076/5057/3753 2281/5058/3754 2282/5091/3786 2077/5090/3785
f 2281/5058/3754 2487/5059/3755 2488/5092/3787 2282/5091/3786
f 2487/5059/3755 2693/5060/3756 2694/5093/3788 2488/5092/3787
f 2693/5060/3756 2899/5061/3757 2900/5094/3789 2694/5093/3788
f 2899/5061/3757 3105/5062/3758 3106/5095/3790 2900/5094/3789
f 3105/5062/3758 3311/5063/3759 3312/5096/3791 3106/5095/3790
f 3311/5063/3759 3517/5064/3760 3518/5097/3792 3312/5096/3791
f 3517/5064/3760 3723/5065/3761 3724/5098/3793 3518/5097/3792
f 3723/5065/3761 3929/5066/3762 3930/5099/3794 3724/5098/3793
f 3929/5066/3762 4135/5067/3763 4136/5100/3795 3930/5099/3794
f 4135/5067/3763 4341/5068/3764 4342/5101/3796 4136/5100/3795
f 4341/5068/3764 4547/5069/3765 4548/5102/3797 4342/5101/3796
f 4547/5069/3765 4753/5070/3766 4754/5103/3798 4548/5102/3797
f 4753/5070/3766 4959/5071/3767 4960/5104/3799 4754/5103/3798
f 4959/5071/3767 5164/5072/3768 5165/5105/3800 4960/5104/3799
f 5164/5072/3768 5367/5073/3769 5368/5106/3801 5165/5105/3800
f 5367/5073/3769 5571/5074/3770 5572/5107/3802 5368/5106/3801
f 5571/5074/3770 5775/5075/3771 5776/5108/3803 5572/5107/3802
f 5775/5075/3771 5980/5076/3772 5981/5109/3804 5776/5108/3803
f 5980/5076/3772 6184/5077/3773 6185/5110/3805 5981/5109/3804
f 6184/5077/3773 6389/5078/3774 6390/5111/3806 6185/5110/3805
f 6389/5078/3774 6594/5079/3775 6595/5112/3807 6390/5111/3806
f 6594/5079/3775 236/5080/3745 237/5113/3777 6595/5112/3807
f 237/5082/3777 442/5081/3776 443/5114/3808 238/5115/3809
f 442/5081/3776 647/5083/3778 648/5116/3810 443/5114/3808
f 647/5083/3778 852/5084/3779 853/5117/3811 648/5116/3810
f 852/5084/3779 1057/5085/3780 1058/5118/3812 853/5117/3811
f 1057/5085/3780 1261/5086/3781 1262/5119/3813 1058/5118/3812
f 1261/5086/3781 1466/5087/3782 1467/5120/3814 1262/5119/3813
f 1466/5087/3782 1670/5088/3783 1671/5121/3815 1467/5120/3814
f 1670/5088/3783 1874/5089/3784 1875/5122/3816 1671/5121/3815
f 1874/5089/3784 2077/5090/3785 2078/5123/3817 1875/5122/3816
f 2077/5090/3785 2282/5091/3786 2283/5124/3818 2078/5123/3817
f 2282/5091/3786 2488/5092/3787 2489/5125/3819 2283/5124/3818
f 2488/5092/3787 2694/5093/3788 2695/5126/3820 2489/5125/3819
f 2694/5093/3788 2900/5094/3789 2901/5127/3821 2695/5126/3820
f 2900/5094/3789 3106/5095/3790 3107/5128/3822 2901/5127/3821
f 3106/5095/3790 3312/5096/3791 3313/5129/3823 3107/5128/3822
f 3312/5096/3791 3518/5097/3792 3519/5130/3824 3313/5129/3823
f 3518/5097/3792 3724/5098/3793 3725/5131/3825 3519/5130/3824
f 3724/5098/3793 3930/5099/3794 3931/5132/3826 3725/5131/3825
f 3930/5099/3794 4136/5100/3795 4137/5133/3827 3931/5132/3826
f 4136/5100/3795 4342/5101/3796 4343/5134/3828 4137/5133/3827
f 4342/5101/3796 4548/5102/3797 4549/5135/3829 4343/5134/3828
f 4548/5102/3797 4754/5103/3798 4755/5136/3830 4549/5135/3829
f 4754/5103/3798 4960/5104/3799 4961/5137/3831 4755/5136/3830
f 4960/5104/3799 5165/5105/3800 5166/5138/3832 4961/5137/3831
f 5165/5105/3800 5368/5106/3801 5369/5139/3833 5166/5138/3832
f 5368/5106/3801 5572/5107/3802 5573/5140/3834 5369/5139/3833
f 5572/5107/3802 5776/5108/3803 5777/5141/3835 5573/5140/3834
f 5776/5108/3803 5981/5109/3804 5982/5142/3836 5777/5141/3835
f 5981/5109/3804 6185/5110/3805 6186/5143/3837 5982/5142/3836
f 6185/5110/3805 6390/5111/3806 6391/5144/3838 6186/5143/3837
f 6390/5111/3806 6595/5112/3807 6596/5145/3839 6391/5144/3838
f 6595/5112/3807 237/5113/3777 238/5146/3809 6596/5145/3839
f 238/5115/3809 443/5114/3808 444/5147/3840 239/5148/3841
f 443/5114/3808 648/5116/3810 649/5149/3842 444/5147/3840
f 648/5116/3810 853/5117/3811 854/5150/3843 649/5149/3842
f 853/5117/3811 1058/5118/3812 1059/5151/3844 854/5150/3843
f 1058/5118/3812 1262/5119/3813 1263/5152/3845 1059/5151/3844
f 1262/5119/3813 1467/5120/3814 1468/5153/3846 1263/5152/3845
f 1467/5120/3814 1671/5121/3815 1672/5154/3847 1468/5153/3846
f 1671/5121/3815 1875/5122/3816 1876/5155/3848 1672/5154/3847
f 1875/5122/3816 2078/5123/3817 2079/5156/3849 1876/5155/3848
f 2078/5123/3817 2283/5124/3818 2284/5157/3850 2079/5156/3849
f 2283/5124/3818 2489/5125/3819 2490/5158/3851 2284/5157/3850
f 2489/5125/3819 2695/5126/3820 2696/5159/3852 2490/5158/3851
f 2695/5126/3820 2901/5127/3821 2902/5160/3853 2696/5159/3852
f 2901/5127/3821 3107/5128/3822 3108/5161/3854 2902/5160/3853
f 3107/5128/3822 3313/5129/3823 3314/5162/3855 3108/5161/3854
f 3313/5129/3823 3519/5130/3824 3520/5163/3856 3314/5162/3855
f 3519/5130/3824 3725/5131/3825 3726/5164/3857 3520/5163/3856
f 3725/5131/3825 3931/5132/3826 3932/5165/3858 3726/5164/3857
f 3931/5132/3826 4137/5133/3827 4138/5166/3859 3932/5165/3858
f 4137/5133/3827 4343/5134/3828 4344/5167/3860 4138/5166/3859
f 4343/5134/3828 4549/5135/3829 4550/5168/3861 4344/5167/3860
f 4549/5135/3829 4755/5136/3830 4756/5169/3862 4550/5168/3861
f 4755/5136/3830 4961/5137/3831 4962/5170/3863 4756/5169/3862
f 4961/5137/3831 5166/5138/3832 5167/5171/3864 4962/5170/3863
f 5166/5138/3832 5369/5139/3833 5370/5172/3865 5167/5171/3864
f 5369/5139/3833 5573/5140/3834 5574/5173/3866 5370/5172/3865
f 5573/5140/3834 5777/5141/3835 5778/5174/3867 5574/5173/3866
f 5777/5141/3835 5982/5142/3836 5983/5175/3868 5778/5174/3867
f 5982/5142/3836 6186/5143/3837 6187/5176/3869 5983/5175/3868
f 6186/5143/3837 6391/5144/3838 6392/5177/3870 6187/5176/3869
f 6391/5144/3838 6596/5145/3839 6597/5178/3871 6392/5177/3870
f 6596/5145/3839 238/5146/3809 239/5179/3841 6597/5178/3871
f 239/5148/3841 444/5147/3840 445/5180/3872 240/5181/3873
f 444/5147/3840 649/5149/3842 650/5182/3874 445/5180/3872
f 649/5149/3842 854/5150/3843 855/5183/3875 650/5182/3874
f 854/5150/3843 1059/5151/3844 1060/5184/3876 855/5183/3875
f 1059/5151/3844 1263/5152/3845 1264/5185/3877 1060/5184/3876
f 1263/5152/3845 1468/5153/3846 1469/5186/3878 1264/5185/3877
f 1468/5153/3846 1672/5154/3847 1673/5187/3879 1469/5186/3878
f 1672/5154/3847 1876/5155/3848 1877/5188/3880 1673/5187/3879
f 1876/5155/3848 2079/5156/3849 2080/5189/3881 1877/5188/3880
f 2079/5156/3849 2284/5157/3850 2285/5190/3882 2080/5189/3881
f 2284/5157/3850 2490/5158/3851 2491/5191/3883 2285/5190/3882
f 2490/5158/3851 2696/5159/3852 2697/5192/3884 2491/5191/3883
f 2696/5159/3852 2902/5160/3853 2903/5193/3885 2697/5192/3884
f 2902/5160/3853 3108/5161/3854 3109/5194/3886 2903/5193/3885
f 3108/5161/3854 3314/5162/3855 3315/5195/3887 3109/5194/3886
f 3314/5162/3855 3520/5163/3856 3521/5196/3888 3315/5195/3887
f 3520/5163/3856 3726/5164/3857 3727/5197/3889 3521/5196/3888
f 3726/5164/3857 3932/5165/3858 3933/5198/3890 3727/5197/3889
f 3932/5165/3858 4138/5166/3859 4139/5199/3891 3933/5198/3890
f 4138/5166/3859 4344/5167/3860 4345/5200/3892 4139/5199/3891
f 4344/5167/3860 4550/5168/3861 4551/5201/3893 4345/5200/3892
f 4550/5168/3861 4756/5169/3862 4757/5202/3894 4551/5201/3893
f 4756/5169/3862 4962/5170/3863 4963/5203/3895 4757/5202/3894
f 4962/5170/3863 5167/5171/3864 5168/5204/3896 4963/5203/3895
f 5167/5171/3864 5370/5172/3865 5371/5205/3897 5168/5204/3896
f 5370/5172/3865 5574/5173/3866 5575/5206/3898 5371/5205/3897
f 5574/5173/3866 5778/5174/3867 5779/5207/3899 5575/5206/3898
f 5778/5174/3867 5983/5175/3868 5984/5208/3900 5779/5207/3899
f 5983/5175/3868 6187/5176/3869 6188/5209/3901 5984/5208/3900
f 6187/5176/3869 6392/5177/3870 6393/5210/3902 6188/5209/3901
f 6392/5177/3870 6597/5178/3871 6598/5211/3903 6393/5210/3902
f 6597/5178/3871 239/5179/3841 240/5212/3873 6598/5211/3903
f 240/5181/3873 445/5180/3872 446/5213/3904 241/5214/3905
f 445/5180/3872 650/5182/3874 651/5215/3906 446/5213/3904
f 650/5182/3874 855/5183/3875 856/5216/3907 651/5215/3906
f 855/5183/3875 1060/5184/3876 1061/5217/3908 856/5216/3907
f 1060/5184/3876 1264/5185/3877 1265/5218/3909 1061/5217/3908
f 1264/5185/3877 1469/5186/3878 1470/5219/3910 1265/5218/3909
f 1469/5186/3878 1673/5187/3879 1674/5220/3911 1470/5219/3910
f 1673/5187/3879 1877/5188/3880 1878/5221/3912 1674/5220/3911
f 1877/5188/3880 2080/5189/3881 2081/5222/3913 1878/5221/3912
f 2080/5189/3881 2285/5190/3882 2286/5223/3914 2081/5222/3913
f 2285/5190/3882 2491/5191/3883 2492/5224/3915 2286/5223/3914
f 2491/5191/3883 2697/5192/3884 2698/5225/3916 2492/5224/3915
f 2697/5192/3884 2903/5193/3885 2904/5226/3917 2698/5225/3916
f 2903/5193/3885 3109/5194/3886 3110/5227/3918 2904/5226/3917
f 3109/5194/3886 3315/5195/3887 3316/5228/3919 3110/5227/3918
f 3315/5195/3887 3521/5196/3888 3522/5229/3920 3316/5228/3919
f 3521/5196/3888 3727/5197/3889 3728/5230/3921 3522/5229/3920
f 3727/5197/3889 3933/5198/3890 3934/5231/3922 3728/5230/3921
f 3933/5198/3890 4139/5199/3891 4140/5232/3923 3934/5231/3922
f 4139/5199/3891 4345/5200/3892 4346/5233/3924 4140/5232/3923
f 4345/5200/3892 4551/5201/3893 4552/5234/3925 4346/5233/3924
f 4551/5201/3893 4757/5202/3894 4758/5235/3926 4552/5234/3925
f 4757/5202/3894 4963/5203/3895 4964/5236/3927 4758/5235/3926
f 4963/5203/3895 5168/5204/3896 5169/5237/3928 4964/5236/3927
f 5168/5204/3896 5371/5205/3897 5372/5238/3929 5169/5237/3928
f 5371/5205/3897 5575/5206/3898 5576/5239/3930 5372/5238/3929
f 5575/5206/3898 5779/5207/3899 5780/5240/3931 5576/5239/3930
f 5779/5207/3899 5984/5208/3900 5985/5241/3932 5780/5240/3931
f 5984/5208/3900 6188/5209/3901 6189/5242/3933 5985/5241/3932
f 6188/5209/3901 6393/5210/3902 6394/5243/3934 6189/5242/3933
f 6393/5210/3902 6598/5211/3903 6599/5244/3935 6394/5243/3934
f 6598/5211/3903 240/5212/3873 241/5245/3905 6599/5244/3935
f 241/5214/3905 446/5213/3904 447/5246/3936 242/5247/3937
f 446/5213/3904 651/5215/3906 652/5248/3938 447/5246/3936
f 651/5215/3906 856/5216/3907 857/5249/3939 652/5248/3938
f 856/5216/3907 1061/5217/3908 1062/5250/3940 857/5249/3939
f 1061/5217/3908 1265/5218/3909 1266/5251/3941 1062/5250/3940
f 1265/5218/3909 1470/5219/3910 1471/5252/3942 1266/5251/3941
f 1470/5219/3910 1674/5220/3911 1675/5253/3943 1471/5252/3942
f 1674/5220/3911 1878/5221/3912 1879/5254/3944 1675/5253/3943
f 1878/5221/3912 2081/5222/3913 2082/5255/3945 1879/5254/3944
f 2081/5222/3913 2286/5223/3914 2287/5256/3946 2082/5255/3945
f 2286/5223/3914 2492/5224/3915 2493/5257/3947 2287/5256/3946
f 2492/5224/3915 2698/5225/3916 2699/5258/3948 2493/5257/3947
f 2698/5225/3916 2904/5226/3917 2905/5259/3949 2699/5258/3948
f 2904/5226/3917 3110/5227/3918 3111/5260/3950 2905/5259/3949
f 3110/5227/3918 3316/5228/3919 3317/5261/3951 3111/5260/3950
f 3316/5228/3919 3522/5229/3920 3523/5262/3952 3317/5261/3951
f 3522/5229/3920 3728/5230/3921 3729/5263/3953 3523/5262/3952
f 3728/5230/3921 3934/5231/3922 3935/5264/3954 3729/5263/3953
f 3934/5231/3922 4140/5232/3923 4141/5265/3955 3935/5264/3954
f 4140/5232/3923 4346/5233/3924 4347/5266/3956 4141/5265/3955
f 4346/5233/3924 4552/5234/3925 4553/5267/3957 4347/5266/3956
f 4552/5234/3925 4758/5235/3926 4759/5268/3958 4553/5267/3957
f 4758/5235/3926 4964/5236/3927 4965/5269/3959 4759/5268/3958
f 4964/5236/3927 5169/5237/3928 5170/5270/3960 4965/5269/3959
f 5169/5237/3928 5372/5238/3929 5373/5271/3961 5170/5270/3960
f 5372/5238/3929 5576/5239/3930 5577/5272/3962 5373/5271/3961
f 5576/5239/3930 5780/5240/3931 5781/5273/3963 5577/5272/3962
f 5780/5240/3931 5985/5241/3932 5986/5274/3964 5781/5273/3963
f 5985/5241/3932 6189/5242/3933 6190/5275/3965 5986/5274/3964
f 6189/5242/3933 6394/5243/3934 6395/5276/3966 6190/5275/3965
f 6394/5243/3934 6599/5244/3935 6600/5277/3967 6395/5276/3966
f 6599/5244/3935 241/5245/3905 242/5278/3937 6600/5277/3967
f 242/5247/3937 447/5246/3936 448/5279/3968 243/5280/3969
f 447/5246/3936 652/5248/3938 653/5281/3970 448/5279/3968
f 652/5248/3938 857/5249/3939 858/5282/3971 653/5281/3970
f 857/5249/3939 1062/5250/3940 1063/5283/3972 858/5282/3971
f 1062/5250/3940 1266/5251/3941 1267/5284/3973 1063/5283/3972
f 1266/5251/3941 1471/5252/3942 1472/5285/3974 1267/5284/3973
f 1471/5252/3942 1675/5253/3943 1676/5286/3975 1472/5285/3974
f 1675/5253/3943 1879/5254/3944 1880/5287/3976 1676/5286/3975
f 1879/5254/3944 2082/5255/3945 2083/5288/3977 1880/5287/3976
f 2082/5255/3945 2287/5256/3946 2288/5289/3978 2083/5288/3977
f 2287/5256/3946 2493/5257/3947 2494/5290/3979 2288/5289/3978
f 2493/5257/3947 2699/5258/3948 2700/5291/3980 2494/5290/3979
f 2699/5258/3948 2905/5259/3949 2906/5292/3981 2700/5291/3980
f 2905/5259/3949 3111/5260/3950 3112/5293/3982 2906/5292/3981
f 3111/5260/3950 3317/5261/3951 3318/5294/3983 3112/5293/3982
f 3317/5261/3951 3523/5262/3952 3524/5295/3984 3318/5294/3983
f 3523/5262/3952 3729/5263/3953 3730/5296/3985 3524/5295/3984
f 3729/5263/3953 3935/5264/3954 3936/5297/3986 3730/5296/3985
f 3935/5264/3954 4141/5265/3955 4142/5298/3987 3936/5297/3986
f 4141/5265/3955 4347/5266/3956 4348/5299/3988 4142/5298/3987
f 4347/5266/3956 4553/5267/3957 4554/5300/3989 4348/5299/3988
f 4553/5267/3957 4759/5268/3958 4760/5301/3990 4554/5300/3989
f 4759/5268/3958 4965/5269/3959 4966/5302/3991 4760/5301/3990
f 4965/5269/3959 5170/5270/3960 5171/5303/3992 4966/5302/3991
f 5170/5270/3960 5373/5271/3961 5374/5304/3993 5171/5303/3992
f 5373/5271/3961 5577/5272/3962 5578/5305/3994 5374/5304/3993
f 5577/5272/3962 5781/5273/3963 5782/5306/3995 5578/5305/3994
f 5781/5273/3963 5986/5274/3964 5987/5307/3996 5782/5306/3995
f 5986/5274/3964 6190/5275/3965 6191/5308/3997 5987/5307/3996
f 6190/5275/3965 6395/5276/3966 6396/5309/3998 6191/5308/3997
f 6395/5276/3966 6600/5277/3967 6601/5310/3999 6396/5309/3998
f 6600/5277/3967 242/5278/3937 243/5311/3969 6601/5310/3999
f 243/5280/3969 448/5279/3968 449/5312/4000 244/5313/4001
f 448/5279/3968 653/5281/3970 654/5314/4002 449/5312/4000
f 653/5281/3970 858/5282/3971 859/5315/4003 654/5314/4002
f 858/5282/3971 1063/5283/3972 1064/5316/4004 859/5315/4003
f 1063/5283/3972 1267/5284/3973 1268/5317/4005 1064/5316/4004
f 1267/5284/3973 1472/5285/3974 1473/5318/4006 1268/5317/4005
f 1472/5285/3974 1676/5286/3975 1677/5319/4007 1473/5318/4006
f 1676/5286/3975 1880/5287/3976 1881/5320/4008 1677/5319/4007
f 1880/5287/3976 2083/5288/3977 2084/5321/4009 1881/5320/4008
f 2083/5288/3977 2288/5289/3978 2289/5322/4010 2084/5321/4009
f 2288/5289/3978 2494/5290/3979 2495/5323/4011 2289/5322/4010
f 2494/5290/3979 2700/5291/3980 2701/5324/4012 2495/5323/4011
f 2700/5291/3980 2906/5292/3981 2907/5325/4013 2701/5324/4012
f 2906/5292/3981 3112/5293/3982 3113/5326/4014 2907/5325/4013
f 3112/5293/3982 3318/5294/3983 3319/5327/4015 3113/5326/4014
f 3318/5294/3983 3524/5295/3984 3525/5328/4016 3319/5327/4015
f 3524/5295/3984 3730/5296/3985 3731/5329/4017 3525/5328/4016
f 3730/5296/3985 3936/5297/3986 3937/5330/4018 3731/5329/4017
f 3936/5297/3986 4142/5298/3987 4143/5331/4019 3937/5330/4018
f 4142/5298/3987 4348/5299/3988 4349/5332/4020 4143/5331/4019
f 4348/5299/3988 4554/5300/3989 4555/5333/4021 4349/5332/4020
f 4554/5300/3989 4760/5301/3990 4761/5334/4022 4555/5333/4021
f 4760/5301/3990 4966/5302/3991 4967/5335/4023 4761/5334/4022
f 4966/5302/3991 5171/5303/3992 5172/5336/4024 4967/5335/4023
f 5171/5303/3992 5374/5304/3993 5375/5337/4025 5172/5336/4024
f 5374/5304/3993 5578/5305/3994 5579/5338/4026 5375/5337/4025
f 5578/5305/3994 5782/5306/3995 5783/5339/4027 5579/5338/4026
f 5782/5306/3995 5987/5307/3996 5988/5340/4028 5783/5339/4027
f 5987/5307/3996 6191/5308/3997 6192/5341/4029 5988/5340/4028
f 6191/5308/3997 6396/5309/3998 6397/5342/4030 6192/5341/4029
f 6396/5309/3998 6601/5310/3999 6602/5343/4031 6397/5342/4030
f 6601/5310/3999 243/5311/3969 244/5344/4001 6602/5343/4031
f 244/5313/4001 449/5312/4000 450/5345/4032 245/5346/4033
f 449/5312/4000 654/5314/4002 655/5347/4034 450/5345/4032
f 654/5314/4002 859/5315/4003 860/5348/4035 655/5347/4034
f 859/5315/4003 1064/5316/4004 1065/5349/4036 860/5348/4035
f 1064/5316/4004 1268/5317/4005 1269/5350/4037 1065/5349/4036
f 1268/5317/4005 1473/5318/4006 1474/5351/4038 1269/5350/4037
f 1473/5318/4006 1677/5319/4007 1678/5352/4039 1474/5351/4038
f 1677/5319/4007 1881/5320/4008 1882/5353/4040 1678/5352/4039
f 1881/5320/4008 2084/5321/4009 2085/5354/4041 1882/5353/4040
f 2084/5321/4009 2289/5322/4010 2290/5355/4042 2085/5354/4041
f 2289/5322/4010 2495/5323/4011 2496/5356/4043 2290/5355/4042
f 2495/5323/4011 2701/5324/4012 2702/5357/4044 2496/5356/4043
f 2701/5324/4012 2907/5325/4013 2908/5358/4045 2702/5357/4044
f 2907/5325/4013 3113/5326/4014 3114/5359/4046 2908/5358/4045
f 3113/5326/4014 3319/5327/4015 3320/5360/4047 3114/5359/4046
f 3319/5327/4015 3525/5328/4016 3526/5361/4048 3320/5360/4047
f 3525/5328/4016 3731/5329/4017 3732/5362/4049 3526/5361/4048
f 3731/5329/4017 3937/5330/4018 3938/5363/4050 3732/5362/4049
f 3937/5330/4018 4143/5331/4019 4144/5364/4051 3938/5363/4050
f 4143/5331/4019 4349/5332/4020 4350/5365/4052 4144/5364/4051
f 4349/5332/4020 4555/5333/4021 4556/5366/4053 4350/5365/4052
f 4555/5333/4021 4761/5334/4022 4762/5367/4054 4556/5366/4053
f 4761/5334/4022 4967/5335/4023 4968/5368/4055 4762/5367/4054
f 4967/5335/4023 5172/5336/4024 5173/5369/4056 4968/5368/4055
f 5172/5336/4024 5375/5337/4025 5376/5370/4057 5173/5369/4056
f 5375/5337/4025 5579/5338/4026 5580/5371/4058 5376/5370/4057
f 5579/5338/4026 5783/5339/4027 5784/5372/4059 5580/5371/4058
f 5783/5339/4027 5988/5340/4028 5989/5373/4060 5784/5372/4059
f 5988/5340/4028 6192/5341/4029 6193/5374/4061 5989/5373/4060
f 6192/5341/4029 6397/5342/4030 6398/5375/4062 6193/5374/4061
f 6397/5342/4030 6602/5343/4031 6603/5376/4063 6398/5375/4062
f 6602/5343/4031 244/5344/4001 245/5377/4033 6603/5376/4063
f 245/5346/4064 450/5345/4065 451/5378/4066 246/5379/4067
f 450/5345/4065 655/5347/4068 656/5380/4069 451/5378/4066
f 655/5347/4068 860/5348/4070 861/5381/4071 656/5380/4069
f 860/5348/4070 1065/5349/4072 1066/5382/4073 861/5381/4071
f 1065/5349/4072 1269/5350/4074 1270/5383/4075 1066/5382/4073
f 1269/5350/4074 1474/5351/4076 1475/5384/4077 1270/5383/4075
f 1474/5351/4076 1678/5352/4078 1679/5385/4079 1475/5384/4077
f 1678/5352/4078 1882/5353/4080 1883/5386/4081 1679/5385/4079
f 1882/5353/4080 2085/5354/4082 2086/5387/4083 1883/5386/4081
f 2085/5354/4082 2290/5355/4084 2291/5388/4085 2086/5387/4083
f 2290/5355/4084 2496/5356/4086 2497/5389/4087 2291/5388/4085
f 2496/5356/4086 2702/5357/4088 2703/5390/4089 2497/5389/4087
f 2702/5357/4088 2908/5358/4090 2909/5391/4091 2703/5390/4089
f 2908/5358/4090 3114/5359/4092 3115/5392/4093 2909/5391/4091
f 3114/5359/4092 3320/5360/4094 3321/5393/4095 3115/5392/4093
f 3320/5360/4094 3526/5361/4096 3527/5394/4097 3321/5393/4095
f 3526/5361/4096 3732/5362/4098 3733/5395/4099 3527/5394/4097
f 3732/5362/4098 3938/5363/4100 3939/5396/4101 3733/5395/4099
f 3938/5363/4100 4144/5364/4102 4145/5397/4103 3939/5396/4101
f 4144/5364/4102 4350/5365/4104 4351/5398/4105 4145/5397/4103
f 4350/5365/4104 4556/5366/4106 4557/5399/4107 4351/5398/4105
f 4556/5366/4106 4762/5367/4108 4763/5400/4109 4557/5399/4107
f 4762/5367/4108 4968/5368/4110 4969/5401/4111 4763/5400/4109
f 4968/5368/4110 5173/5369/4112 5174/5402/4113 4969/5401/4111
f 5173/5369/4112 5376/5370/4114 5377/5403/4115 5174/5402/4113
f 5376/5370/4114 5580/5371/4116 5581/5404/4117 5377/5403/4115
f 5580/5371/4116 5784/5372/4118 5785/5405/4119 5581/5404/4117
f 5784/5372/4118 5989/5373/4120 5990/5406/4121 5785/5405/4119
f 5989/5373/4120 6193/5374/4122 6194/5407/4123 5990/5406/4121
f 6193/5374/4122 6398/5375/4124 6399/5408/4125 6194/5407/4123
f 6398/5375/4124 6603/5376/4126 6604/5409/4127 6399/5408/4125
f 6603/5376/4126 245/5377/4064 246/5410/4067 6604/5409/4127
f 246/5379/4067 451/5378/4066 452/5411/4128 247/5412/4129
f 451/5378/4066 656/5380/4069 657/5413/4130 452/5411/4128
f 656/5380/4069 861/5381/4071 862/5414/4131 657/5413/4130
f 861/5381/4071 1066/5382/4073 1067/5415/4132 862/5414/4131
f 1066/5382/4073 1270/5383/4075 1271/5416/4133 1067/5415/4132
f 1270/5383/4075 1475/5384/4077 1476/5417/4134 1271/5416/4133
f 1475/5384/4077 1679/5385/4079 1680/5418/4135 1476/5417/4134
f 1679/5385/4079 1883/5386/4081 1884/5419/4136 1680/5418/4135
f 1883/5386/4081 2086/5387/4083 2087/5420/4137 1884/5419/4136
f 2086/5387/4083 2291/5388/4085 2292/5421/4138 2087/5420/4137
f 2291/5388/4085 2497/5389/4087 2498/5422/4139 2292/5421/4138
f 2497/5389/4087 2703/5390/4089 2704/5423/4140 2498/5422/4139
f 2703/5390/4089 2909/5391/4091 2910/5424/4141 2704/5423/4140
f 2909/5391/4091 3115/5392/4093 3116/5425/4142 2910/5424/4141
f 3115/5392/4093 3321/5393/4095 3322/5426/4143 3116/5425/4142
f 3321/5393/4095 3527/5394/4097 3528/5427/4144 3322/5426/4143
f 3527/5394/4097 3733/5395/4099 3734/5428/4145 3528/5427/4144
f 3733/5395/4099 3939/5396/4101 3940/5429/4146 3734/5428/4145
f 3939/5396/4101 4145/5397/4103 4146/5430/4147 3940/5429/4146
f 4145/5397/4103 4351/5398/4105 4352/5431/4148 4146/5430/4147
f 4351/5398/4105 4557/5399/4107 4558/5432/4149 4352/5431/4148
f 4557/5399/4107 4763/5400/4109 4764/5433/4150 4558/5432/4149
f 4763/5400/4109 4969/5401/4111 4970/5434/4151 4764/5433/4150
f 4969/5401/4111 5174/5402/4113 5175/5435/4152 4970/5434/4151
f 5174/5402/4113 5377/5403/4115 5378/5436/4153 5175/5435/4152
f 5377/5403/4115 5581/5404/4117 5582/5437/4154 5378/5436/4153
f 5581/5404/4117 5785/5405/4119 5786/5438/4155 5582/5437/4154
f 5785/5405/4119 5990/5406/4121 5991/5439/4156 5786/5438/4155
f 5990/5406/4121 6194/5407/4123 6195/5440/4157 5991/5439/4156
f 6194/5407/4123 6399/5408/4125 6400/5441/4158 6195/5440/4157
f 6399/5408/4125 6604/5409/4127 6605/5442/4159 6400/5441/4158
f 6604/5409/4127 246/5410/4067 247/5443/4129 6605/5442/4159
f 247/5412/4129 452/5411/4128 453/5444/4160 248/5445/4161
f 452/5411/4128 657/5413/4130 658/5446/4162 453/5444/4160
f 657/5413/4130 862/5414/4131 863/5447/4163 658/5446/4162
f 862/5414/4131 1067/5415/4132 1068/5448/4164 863/5447/4163
f 1067/5415/4132 1271/5416/4133 1272/5449/4165 1068/5448/4164
f 1271/5416/4133 1476/5417/4134 1477/5450/4166 1272/5449/4165
f 1476/5417/4134 1680/5418/4135 1681/5451/4167 1477/5450/4166
f 1680/5418/4135 1884/5419/4136 1885/5452/4168 1681/5451/4167
f 1884/5419/4136 2087/5420/4137 2088/5453/4169 1885/5452/4168
f 2087/5420/4137 2292/5421/4138 2293/5454/4170 2088/5453/4169
f 2292/5421/4138 2498/5422/4139 2499/5455/4171 2293/5454/4170
f 2498/5422/4139 2704/5423/4140 2705/5456/4172 2499/5455/4171
f 2704/5423/4140 2910/5424/4141 2911/5457/4173 2705/5456/4172
f 2910/5424/4141 3116/5425/4142 3117/5458/4174 2911/5457/4173
f 3116/5425/4142 3322/5426/4143 3323/5459/4175 3117/5458/4174
f 3322/5426/4143 3528/5427/4144 3529/5460/4176 3323/5459/4175
f 3528/5427/4144 3734/5428/4145 3735/5461/4177 3529/5460/4176
f 3734/5428/4145 3940/5429/4146 3941/5462/4178 3735/5461/4177
f 3940/5429/4146 4146/5430/4147 4147/5463/4179 3941/5462/4178
f 4146/5430/4147 4352/5431/4148 4353/5464/4180 4147/5463/4179
f 4352/5431/4148 4558/5432/4149 4559/5465/4181 4353/5464/4180
f 4558/5432/4149 4764/5433/4150 4765/5466/4182 4559/5465/4181
f 4764/5433/4150 4970/5434/4151 4971/5467/4183 4765/5466/4182
f 4970/5434/4151 5175/5435/4152 5176/5468/4184 4971/5467/4183
f 5175/5435/4152 5378/5436/4153 5379/5469/4185 5176/5468/4184
f 5378/5436/4153 5582/5437/4154 5583/5470/4186 5379/5469/4185
f 5582/5437/4154 5786/5438/4155 5787/5471/4187 5583/5470/4186
f 5786/5438/4155 5991/5439/4156 5992/5472/4188 5787/5471/4187
f 5991/5439/4156 6195/5440/4157 6196/5473/4189 5992/5472/4188
f 6195/5440/4157 6400/5441/4158 6401/5474/4190 6196/5473/4189
f 6400/5441/4158 6605/5442/4159 6606/5475/4191 6401/5474/4190
f 6605/5442/4159 247/5443/4129 248/5476/4161 6606/5475/4191
f 248/5445/4161 453/5444/4160 454/5477/4192 249/5478/4193
f 453/5444/4160 658/5446/4162 659/5479/4194 454/5477/4192
f 658/5446/4162 863/5447/4163 864/5480/4195 659/5479/4194
f 863/5447/4163 1068/5448/4164 1069/5481/4196 864/5480/4195
f 1068/5448/4164 1272/5449/4165 1273/5482/4197 1069/5481/4196
f 1272/5449/4165 1477/5450/4166 1478/5483/4198 1273/5482/4197
f 1477/5450/4166 1681/5451/4167 1682/5484/4199 1478/5483/4198
f 1681/5451/4167 1885/5452/4168 1886/5485/4200 1682/5484/4199
f 1885/5452/4168 2088/5453/4169 2089/5486/4201 1886/5485/4200
f 2088/5453/4169 2293/5454/4170 2294/5487/4202 2089/5486/4201
f 2293/5454/4170 2499/5455/4171 2500/5488/4203 2294/5487/4202
f 2499/5455/4171 2705/5456/4172 2706/5489/4204 2500/5488/4203
f 2705/5456/4172 2911/5457/4173 2912/5490/4205 2706/5489/4204
f 2911/5457/4173 3117/5458/4174 3118/5491/4206 2912/5490/4205
f 3117/5458/4174 3323/5459/4175 3324/5492/4207 3118/5491/4206
f 3323/5459/4175 3529/5460/4176 3530/5493/4208 3324/5492/4207
f 3529/5460/4176 3735/5461/4177 3736/5494/4209 3530/5493/4208
f 3735/5461/4177 3941/5462/4178 3942/5495/4210 3736/5494/4209
f 3941/5462/4178 4147/5463/4179 4148/5496/4211 3942/5495/4210
f 4147/5463/4179 4353/5464/4180 4354/5497/4212 4148/5496/4211
f 4353/5464/4180 4559/5465/4181 4560/5498/4213 4354/5497/4212
f 4559/5465/4181 4765/5466/4182 4766/5499/4214 4560/5498/4213
f 4765/5466/4182 4971/5467/4183 4972/5500/4215 4766/5499/4214
f 4971/5467/4183 5176/5468/4184 5177/5501/4216 4972/5500/4215
f 5176/5468/4184 5379/5469/4185 5380/5502/4217 5177/5501/4216
f 5379/5469/4185 5583/5470/4186 5584/5503/4218 5380/5502/4217
f 5583/5470/4186 5787/5471/4187 5788/5504/4219 5584/5503/4218
f 5787/5471/4187 5992/5472/4188 5993/5505/4220 5788/5504/4219
f 5992/5472/4188 6196/5473/4189 6197/5506/4221 5993/5505/4220
f 6196/5473/4189 6401/5474/4190 6402/5507/4222 6197/5506/4221
f 6401/5474/4190 6606/5475/4191 6607/5508/4223 6402/5507/4222
f 6606/5475/4191 248/5476/4161 249/5509/4193 6607/5508/4223
f 249/5478/4193 454/5477/4192 455/5510/4224 250/5511/4225
f 454/5477/4192 659/5479/4194 660/5512/4226 455/5510/4224
f 659/5479/4194 864/5480/4195 865/5513/4227 660/5512/4226
f 864/5480/4195 1069/5481/4196 1070/5514/4228 865/5513/4227
f 1069/5481/4196 1273/5482/4197 1274/5515/4229 1070/5514/4228
f 1273/5482/4197 1478/5483/4198 1479/5516/4230 1274/5515/4229
f 1478/5483/4198 1682/5484/4199 1683/5517/4231 1479/5516/4230
f 1682/5484/4199 1886/5485/4200 1887/5518/4232 1683/5517/4231
f 1886/5485/4200 2089/5486/4201 2090/5519/4233 1887/5518/4232
f 2089/5486/4201 2294/5487/4202 2295/5520/4234 2090/5519/4233
f 2294/5487/4202 2500/5488/4203 2501/5521/4235 2295/5520/4234
f 2500/5488/4203 2706/5489/4204 2707/5522/4236 2501/5521/4235
f 2706/5489/4204 2912/5490/4205 2913/5523/4237 2707/5522/4236
f 2912/5490/4205 3118/5491/4206 3119/5524/4238 2913/5523/4237
f 3118/5491/4206 3324/5492/4207 3325/5525/4239 3119/5524/4238
f 3324/5492/4207 3530/5493/4208 3531/5526/4240 3325/5525/4239
f 3530/5493/4208 3736/5494/4209 3737/5527/4241 3531/5526/4240
f 3736/5494/4209 3942/5495/4210 3943/5528/4242 3737/5527/4241
f 3942/5495/4210 4148/5496/4211 4149/5529/4243 3943/5528/4242
f 4148/5496/4211 4354/5497/4212 4355/5530/4244 4149/5529/4243
f 4354/5497/4212 4560/5498/4213 4561/5531/4245 4355/5530/4244
f 4560/5498/4213 4766/5499/4214 4767/5532/4246 4561/5531/4245
f 4766/5499/4214 4972/5500/4215 4973/5533/4247 4767/5532/4246
f 4972/5500/4215 5177/5501/4216 5178/5534/4248 4973/5533/4247
f 5177/5501/4216 5380/5502/4217 5381/5535/4249 5178/5534/4248
f 5380/5502/4217 5584/5503/4218 5585/5536/4250 5381/5535/4249
f 5584/5503/4218 5788/5504/4219 5789/5537/4251 5585/5536/4250
f 5788/5504/4219 5993/5505/4220 5994/5538/4252 5789/5537/4251
f 5993/5505/4220 6197/5506/4221 6198/5539/4253 5994/5538/4252
f 6197/5506/4221 6402/5507/4222 6403/5540/4254 6198/5539/4253
f 6402/5507/4222 6607/5508/4223 6608/5541/4255 6403/5540/4254
f 6607/5508/4223 249/5509/4193 250/5542/4225 6608/5541/4255
f 250/5511/4225 455/5510/4224 456/5543/4256 251/5544/4257
f 455/5510/4224 660/5512/4226 661/5545/4258 456/5543/4256
f 660/5512/4226 865/5513/4227 866/5546/4259 661/5545/4258
f 865/5513/4227 1070/5514/4228 1071/5547/4260 866/5546/4259
f 1070/5514/4228 1274/5515/4229 1275/5548/4261 1071/5547/4260
f 1274/5515/4229 1479/5516/4230 1480/5549/4262 1275/5548/4261
f 1479/5516/4230 1683/5517/4231 1684/5550/4263 1480/5549/4262
f 1683/5517/4231 1887/5518/4232 6726/5551/4264 6728/5552/4265 6753/5553/4265 6690/5554/4265 6723/5555/4265 6702/5556/4265 6701/5557/4266 1684/5550/4263
f 1887/5518/4232 2090/5519/4233 6686/5558/4267 6706/5559/4268 6731/5560/4268 6704/5561/4268 6667/5562/4268 6665/5563/4268 6661/5564/4268 6663/5565/4268 6669/5566/4268 6725/5567/4268 6726/5551/4264
f 2090/5519/4233 2295/5520/4234 2296/5568/4269 6685/5569/4270 6686/5558/4267
f 2295/5520/4234 2501/5521/4235 2502/5570/4271 2296/5568/4269
f 2501/5521/4235 2707/5522/4236 2708/5571/4272 2502/5570/4271
f 2707/5522/4236 2913/5523/4237 2914/5572/4273 2708/5571/4272
f 2913/5523/4237 3119/5524/4238 3120/5573/4274 2914/5572/4273
f 3119/5524/4238 3325/5525/4239 3326/5574/4275 3120/5573/4274
f 3325/5525/4239 3531/5526/4240 3532/5575/4276 3326/5574/4275
f 3531/5526/4240 3737/5527/4241 3738/5576/4277 3532/5575/4276
f 3737/5527/4241 3943/5528/4242 3944/5577/4278 3738/5576/4277
f 3943/5528/4242 4149/5529/4243 4150/5578/4279 3944/5577/4278
f 4149/5529/4243 4355/5530/4244 4356/5579/4280 4150/5578/4279
f 4355/5530/4244 4561/5531/4245 4562/5580/4281 4356/5579/4280
f 4561/5531/4245 4767/5532/4246 4768/5581/4282 4562/5580/4281
f 4767/5532/4246 4973/5533/4247 6684/5582/4283 6683/5583/4284 4768/5581/4282
f 4973/5533/4247 5178/5534/4248 6729/5584/4285 6724/5585/4286 6668/5586/4286 6662/5587/4286 6660/5588/4286 6664/5589/4286 6666/5590/4286 6703/5591/4286 6730/5592/4286 6705/5593/4286 6684/5582/4283
f 5178/5534/4248 5381/5535/4249 5382/5594/4287 6697/5595/4288 6698/5596/4289 6722/5597/4289 6689/5598/4289 6752/5599/4289 6727/5600/4289 6729/5584/4285
f 5381/5535/4249 5585/5536/4250 5586/5601/4290 5382/5594/4287
f 5585/5536/4250 5789/5537/4251 5790/5602/4291 5586/5601/4290
f 5789/5537/4251 5994/5538/4252 5995/5603/4292 5790/5602/4291
f 5994/5538/4252 6198/5539/4253 6199/5604/4293 5995/5603/4292
f 6198/5539/4253 6403/5540/4254 6404/5605/4294 6199/5604/4293
f 6403/5540/4254 6608/5541/4255 6609/5606/4295 6404/5605/4294
f 6608/5541/4255 250/5542/4225 251/5607/4257 6609/5606/4295
f 251/5544/4257 456/5543/4256 457/5608/4296 252/5609/4297
f 456/5543/4256 661/5545/4258 662/5610/4298 457/5608/4296
f 661/5545/4258 866/5546/4259 867/5611/4299 662/5610/4298
f 866/5546/4259 1071/5547/4260 1072/5612/4300 867/5611/4299
f 1071/5547/4260 1275/5548/4261 1276/5613/4301 1072/5612/4300
f 1275/5548/4261 1480/5549/4262 1481/5614/4302 1276/5613/4301
f 1480/5549/4262 1684/5550/4263 1685/5615/4303 1481/5614/4302
f 1684/5550/4263 6701/5557/4266 6720/5616/4304 1685/5615/4303
f 2296/5568/4269 2502/5570/4271 2503/5617/4305 2297/5618/4306
f 2502/5570/4271 2708/5571/4272 2709/5619/4307 2503/5617/4305
f 2708/5571/4272 2914/5572/4273 2915/5620/4308 2709/5619/4307
f 2914/5572/4273 3120/5573/4274 3121/5621/4309 2915/5620/4308
f 3120/5573/4274 3326/5574/4275 3327/5622/4310 3121/5621/4309
f 3326/5574/4275 3532/5575/4276 3533/5623/4311 3327/5622/4310
f 3532/5575/4276 3738/5576/4277 3739/5624/4312 3533/5623/4311
f 3738/5576/4277 3944/5577/4278 3945/5625/4313 3739/5624/4312
f 3944/5577/4278 4150/5578/4279 4151/5626/4314 3945/5625/4313
f 4150/5578/4279 4356/5579/4280 4357/5627/4315 4151/5626/4314
f 4356/5579/4280 4562/5580/4281 4563/5628/4316 4357/5627/4315
f 4562/5580/4281 4768/5581/4282 4769/5629/4317 4563/5628/4316
f 4768/5581/4282 6683/5583/4284 6670/5630/4318 6754/5631/4318 6687/5632/4318 6732/5633/4319 4974/5634/4320 4769/5629/4317
f 5382/5594/4287 5586/5601/4290 5587/5635/4321 5383/5636/4322
f 5586/5601/4290 5790/5602/4291 5791/5637/4323 5587/5635/4321
f 5790/5602/4291 5995/5603/4292 5996/5638/4324 5791/5637/4323
f 5995/5603/4292 6199/5604/4293 6200/5639/4325 5996/5638/4324
f 6199/5604/4293 6404/5605/4294 6405/5640/4326 6200/5639/4325
f 6404/5605/4294 6609/5606/4295 6610/5641/4327 6405/5640/4326
f 6609/5606/4295 251/5607/4257 252/5642/4297 6610/5641/4327
f 252/5609/4297 457/5608/4296 458/5643/4328 253/5644/4329
f 457/5608/4296 662/5610/4298 663/5645/4330 458/5643/4328
f 662/5610/4298 867/5611/4299 868/5646/4331 663/5645/4330
f 867/5611/4299 1072/5612/4300 1073/5647/4332 868/5646/4331
f 1072/5612/4300 1276/5613/4301 1277/5648/4333 1073/5647/4332
f 1276/5613/4301 1481/5614/4302 1482/5649/4334 1277/5648/4333
f 1481/5614/4302 1685/5615/4303 6721/5650/4335 6719/5651/4336 1482/5649/4334
f 1685/5615/4303 6720/5616/4304 6721/5650/4335
f 2091/5652/4337 2297/5618/4306 2298/5653/4338 2092/5654/4339
f 2297/5618/4306 2503/5617/4305 2504/5655/4340 2298/5653/4338
f 2503/5617/4305 2709/5619/4307 2710/5656/4341 2504/5655/4340
f 2709/5619/4307 2915/5620/4308 2916/5657/4342 2710/5656/4341
f 2915/5620/4308 3121/5621/4309 3122/5658/4343 2916/5657/4342
f 3121/5621/4309 3327/5622/4310 3328/5659/4344 3122/5658/4343
f 3327/5622/4310 3533/5623/4311 3534/5660/4345 3328/5659/4344
f 3533/5623/4311 3739/5624/4312 3740/5661/4346 3534/5660/4345
f 3739/5624/4312 3945/5625/4313 3946/5662/4347 3740/5661/4346
f 3945/5625/4313 4151/5626/4314 4152/5663/4348 3946/5662/4347
f 4151/5626/4314 4357/5627/4315 4358/5664/4349 4152/5663/4348
f 4357/5627/4315 4563/5628/4316 4564/5665/4350 4358/5664/4349
f 4563/5628/4316 4769/5629/4317 4770/5666/4351 4564/5665/4350
f 4769/5629/4317 4974/5634/4320 4975/5667/4352 4770/5666/4351
f 4974/5634/4320 6750/5668/4353 6749/5669/4354 4975/5667/4352
f 5383/5636/4322 5587/5635/4321 5588/5670/4355 6694/5671/4356 6695/5672/4357
f 5587/5635/4321 5791/5637/4323 5792/5673/4358 5588/5670/4355
f 5791/5637/4323 5996/5638/4324 5997/5674/4359 5792/5673/4358
f 5996/5638/4324 6200/5639/4325 6201/5675/4360 5997/5674/4359
f 6200/5639/4325 6405/5640/4326 6406/5676/4361 6201/5675/4360
f 6405/5640/4326 6610/5641/4327 6611/5677/4362 6406/5676/4361
f 6610/5641/4327 252/5642/4297 253/5678/4329 6611/5677/4362
f 253/5644/4329 458/5643/4328 459/5679/4363 254/5680/4364
f 458/5643/4328 663/5645/4330 664/5681/4365 459/5679/4363
f 663/5645/4330 868/5646/4331 869/5682/4366 664/5681/4365
f 868/5646/4331 1073/5647/4332 1074/5683/4367 869/5682/4366
f 1073/5647/4332 1277/5648/4333 1278/5684/4368 1074/5683/4367
f 1277/5648/4333 1482/5649/4334 6718/5685/4369 6717/5686/4370 1278/5684/4368
f 1482/5649/4334 6719/5651/4336 6718/5685/4369
f 2092/5654/4339 2298/5653/4338 2299/5687/4371 2093/5688/4372
f 2298/5653/4338 2504/5655/4340 2505/5689/4373 2299/5687/4371
f 2504/5655/4340 2710/5656/4341 2711/5690/4374 2505/5689/4373
f 2710/5656/4341 2916/5657/4342 2917/5691/4375 2711/5690/4374
f 2916/5657/4342 3122/5658/4343 3123/5692/4376 2917/5691/4375
f 3122/5658/4343 3328/5659/4344 3329/5693/4377 3123/5692/4376
f 3328/5659/4344 3534/5660/4345 3535/5694/4378 3329/5693/4377
f 3534/5660/4345 3740/5661/4346 3741/5695/4379 3535/5694/4378
f 3740/5661/4346 3946/5662/4347 3947/5696/4380 3741/5695/4379
f 3946/5662/4347 4152/5663/4348 4153/5697/4381 3947/5696/4380
f 4152/5663/4348 4358/5664/4349 4359/5698/4382 4153/5697/4381
f 4358/5664/4349 4564/5665/4350 4565/5699/4383 4359/5698/4382
f 4564/5665/4350 4770/5666/4351 4771/5700/4384 4565/5699/4383
f 4770/5666/4351 4975/5667/4352 4976/5701/4385 4771/5700/4384
f 4975/5667/4352 6749/5669/4354 6748/5702/4386 5179/5703/4387 4976/5701/4385
f 5588/5670/4355 5792/5673/4358 5793/5704/4388 6693/5705/4389 6692/5706/4390
f 5792/5673/4358 5997/5674/4359 5998/5707/4391 5793/5704/4388
f 5997/5674/4359 6201/5675/4360 6202/5708/4392 5998/5707/4391
f 6201/5675/4360 6406/5676/4361 6407/5709/4393 6202/5708/4392
f 6406/5676/4361 6611/5677/4362 6612/5710/4394 6407/5709/4393
f 6611/5677/4362 253/5678/4329 254/5711/4364 6612/5710/4394
f 254/5680/4364 459/5679/4363 460/5712/4395 255/5713/4396
f 459/5679/4363 664/5681/4365 665/5714/4397 460/5712/4395
f 664/5681/4365 869/5682/4366 870/5715/4398 665/5714/4397
f 869/5682/4366 1074/5683/4367 6715/5716/4399 6714/5717/4400 870/5715/4398
f 1074/5683/4367 1278/5684/4368 6716/5718/4401 6715/5716/4399
f 1278/5684/4368 6717/5686/4370 6716/5718/4401
f 1888/5719/4402 2093/5688/4372 2094/5720/4403 1889/5721/4404
f 2093/5688/4372 2299/5687/4371 2300/5722/4405 2094/5720/4403
f 2299/5687/4371 2505/5689/4373 2506/5723/4406 2300/5722/4405
f 2505/5689/4373 2711/5690/4374 2712/5724/4407 2506/5723/4406
f 2711/5690/4374 2917/5691/4375 2918/5725/4408 2712/5724/4407
f 2917/5691/4375 3123/5692/4376 3124/5726/4409 2918/5725/4408
f 3123/5692/4376 3329/5693/4377 3330/5727/4410 3124/5726/4409
f 3329/5693/4377 3535/5694/4378 3536/5728/4411 3330/5727/4410
f 3535/5694/4378 3741/5695/4379 3742/5729/4412 3536/5728/4411
f 3741/5695/4379 3947/5696/4380 3948/5730/4413 3742/5729/4412
f 3947/5696/4380 4153/5697/4381 4154/5731/4414 3948/5730/4413
f 4153/5697/4381 4359/5698/4382 4360/5732/4415 4154/5731/4414
f 4359/5698/4382 4565/5699/4383 4566/5733/4416 4360/5732/4415
f 4565/5699/4383 4771/5700/4384 4772/5734/4417 4566/5733/4416
f 4771/5700/4384 4976/5701/4385 4977/5735/4418 4772/5734/4417
f 4976/5701/4385 5179/5703/4387 5180/5736/4419 4977/5735/4418
f 5179/5703/4387 6747/5737/4420 6751/5738/4421 5384/5739/4422 5180/5736/4419
f 5793/5704/4388 5998/5707/4391 6699/5740/4423 6700/5741/4424
f 5998/5707/4391 6202/5708/4392 6203/5742/4425 6691/5743/4426 6699/5740/4423
f 6202/5708/4392 6407/5709/4393 6408/5744/4427 6203/5742/4425
f 6407/5709/4393 6612/5710/4394 6613/5745/4428 6408/5744/4427
f 6612/5710/4394 254/5711/4364 255/5746/4396 6613/5745/4428
f 255/5713/4396 460/5712/4395 6711/5747/4429 6710/5748/4430
f 460/5712/4395 665/5714/4397 6712/5749/4431 6711/5747/4429
f 665/5714/4397 870/5715/4398 6713/5750/4432 6712/5749/4431
f 870/5715/4398 6714/5717/4400 6713/5750/4432
f 1686/5751/4433 1889/5721/4404 1890/5752/4434 1687/5753/4435
f 1889/5721/4404 2094/5720/4403 2095/5754/4436 1890/5752/4434
f 2094/5720/4403 2300/5722/4405 2301/5755/4437 2095/5754/4436
f 2300/5722/4405 2506/5723/4406 2507/5756/4438 2301/5755/4437
f 2506/5723/4406 2712/5724/4407 2713/5757/4439 2507/5756/4438
f 2712/5724/4407 2918/5725/4408 2919/5758/4440 2713/5757/4439
f 2918/5725/4408 3124/5726/4409 3125/5759/4441 2919/5758/4440
f 3124/5726/4409 3330/5727/4410 3331/5760/4442 3125/5759/4441
f 3330/5727/4410 3536/5728/4411 3537/5761/4443 3331/5760/4442
f 3536/5728/4411 3742/5729/4412 3743/5762/4444 3537/5761/4443
f 3742/5729/4412 3948/5730/4413 3949/5763/4445 3743/5762/4444
f 3948/5730/4413 4154/5731/4414 4155/5764/4446 3949/5763/4445
f 4154/5731/4414 4360/5732/4415 4361/5765/4447 4155/5764/4446
f 4360/5732/4415 4566/5733/4416 4567/5766/4448 4361/5765/4447
f 4566/5733/4416 4772/5734/4417 4773/5767/4449 4567/5766/4448
f 4772/5734/4417 4977/5735/4418 4978/5768/4450 4773/5767/4449
f 4977/5735/4418 5180/5736/4419 5181/5769/4451 4978/5768/4450
f 5180/5736/4419 5384/5739/4422 5385/5770/4452 5181/5769/4451
f 5384/5739/4422 6735/5771/4453 6734/5772/4454 5589/5773/4455 5385/5770/4452
f 6203/5742/4425 6408/5744/4427 6708/5774/4456 6707/5775/4457
f 6408/5744/4427 6613/5745/4428 6709/5776/4458 6708/5774/4456
f 6613/5745/4428 255/5746/4396 6710/5777/4430 6709/5776/4458
f 6628/5778/4459 6629/5779/4460 461/5780/4461 256/5781/4462
f 6629/5779/4460 6630/5782/4463 666/5783/4464 461/5780/4461
f 6630/5782/4463 6631/5784/4465 871/5785/4466 666/5783/4464
f 6631/5784/4465 6632/5786/4467 1075/5787/4468 871/5785/4466
f 6632/5786/4467 6633/5788/4469 1280/5789/4470 1075/5787/4468
f 6633/5788/4469 6634/5790/4471 1484/5791/4472 1280/5789/4470
f 6634/5790/4471 6635/5792/4473 1688/5793/4474 1484/5791/4472
f 6635/5792/4473 6636/5794/4475 1891/5795/4476 1688/5793/4474
f 6636/5794/4475 6637/5796/4477 2096/5797/4478 1891/5795/4476
f 6637/5796/4477 6638/5798/4479 2302/5799/4480 2096/5797/4478
f 6638/5798/4479 6639/5800/4481 2508/5801/4482 2302/5799/4480
f 6639/5800/4481 6640/5802/4483 2714/5803/4484 2508/5801/4482
f 6640/5802/4483 6641/5804/4485 2920/5805/4486 2714/5803/4484
f 6641/5804/4485 6642/5806/4487 3126/5807/4488 2920/5805/4486
f 6642/5806/4487 6643/5808/4489 3332/5809/4490 3126/5807/4488
f 6643/5808/4489 6644/5810/4491 3538/5811/4492 3332/5809/4490
f 6644/5810/4491 6645/5812/4493 3744/5813/4494 3538/5811/4492
f 6645/5812/4493 6646/5814/4495 3950/5815/4496 3744/5813/4494
f 6646/5814/4495 6647/5816/4497 4156/5817/4498 3950/5815/4496
f 6647/5816/4497 6648/5818/4499 4362/5819/4500 4156/5817/4498
f 6648/5818/4499 6649/5820/4501 4568/5821/4502 4362/5819/4500
f 6649/5820/4501 6650/5822/4503 4774/5823/4504 4568/5821/4502
f 6650/5822/4503 6651/5824/4505 4979/5825/4506 4774/5823/4504
f 6651/5824/4505 6652/5826/4507 5182/5827/4508 4979/5825/4506
f 6652/5826/4507 6653/5828/4509 5386/5829/4510 5182/5827/4508
f 6653/5828/4509 6654/5830/4511 5590/5831/4512 5386/5829/4510
f 6654/5830/4511 6655/5832/4513 5795/5833/4514 5590/5831/4512
f 6655/5832/4513 6656/5834/4515 5999/5835/4516 5795/5833/4514
f 6656/5834/4515 6657/5836/4517 6204/5837/4518 5999/5835/4516
f 6657/5836/4517 6658/5838/4519 6409/5839/4520 6204/5837/4518
f 6658/5838/4519 6659/5840/4521 6614/5841/4522 6409/5839/4520
f 6659/5840/4521 6628/5842/4459 256/5843/4462 6614/5841/4522
f 256/5781/4523 461/5780/4524 462/5844/4524 257/5845/4523
f 461/5780/4524 666/5783/4525 667/5846/4525 462/5844/4524
f 666/5783/4525 871/5785/4526 872/5847/4526 667/5846/4525
f 871/5785/4526 1075/5787/4527 1076/5848/4527 872/5847/4526
f 1075/5787/4527 1280/5789/4528 1281/5849/4528 1076/5848/4527
f 1280/5789/4528 1484/5791/4529 1485/5850/4529 1281/5849/4528
f 1484/5791/4529 1688/5793/4530 1689/5851/4530 1485/5850/4529
f 1688/5793/4530 1891/5795/4531 1892/5852/4531 1689/5851/4530
f 1891/5795/4531 2096/5797/4532 2097/5853/4532 1892/5852/4531
f 2096/5797/4532 2302/5799/4533 2303/5854/4533 2097/5853/4532
f 2302/5799/4533 2508/5801/4534 2509/5855/4534 2303/5854/4533
f 2508/5801/4534 2714/5803/4535 2715/5856/4535 2509/5855/4534
f 2714/5803/4535 2920/5805/4536 2921/5857/4536 2715/5856/4535
f 2920/5805/4536 3126/5807/4537 3127/5858/4537 2921/5857/4536
f 3126/5807/4537 3332/5809/4538 3333/5859/4538 3127/5858/4537
f 3332/5809/4538 3538/5811/4539 3539/5860/4539 3333/5859/4538
f 3538/5811/4539 3744/5813/4540 3745/5861/4540 3539/5860/4539
f 3744/5813/4540 3950/5815/4541 3951/5862/4541 3745/5861/4540
f 3950/5815/4541 4156/5817/4542 4157/5863/4542 3951/5862/4541
f 4156/5817/4542 4362/5819/4543 4363/5864/4543 4157/5863/4542
f 4362/5819/4543 4568/5821/4544 4569/5865/4544 4363/5864/4543
f 4568/5821/4544 4774/5823/4545 4775/5866/4545 4569/5865/4544
f 4774/5823/4545 4979/5825/4546 4980/5867/4546 4775/5866/4545
f 4979/5825/4546 5182/5827/4547 5183/5868/4547 4980/5867/4546
f 5182/5827/4547 5386/5829/4548 5387/5869/4548 5183/5868/4547
f 5386/5829/4548 5590/5831/4549 5591/5870/4549 5387/5869/4548
f 5590/5831/4549 5795/5833/4550 5796/5871/4550 5591/5870/4549
f 5795/5833/4550 5999/5835/4551 6000/5872/4551 5796/5871/4550
f 5999/5835/4551 6204/5837/4552 6205/5873/4552 6000/5872/4551
f 6204/5837/4552 6409/5839/4553 6410/5874/4553 6205/5873/4552
f 6409/5839/4553 6614/5841/4554 6615/5875/4554 6410/5874/4553
f 6614/5841/4554 256/5843/4523 257/5876/4523 6615/5875/4554
f 257/5845/4555 462/5844/4556 463/5877/4557 258/5878/4558
f 462/5844/4556 667/5846/4559 668/5879/4560 463/5877/4557
f 667/5846/4559 872/5847/4561 873/5880/4562 668/5879/4560
f 872/5847/4561 1076/5848/4563 1077/5881/4564 873/5880/4562
f 1076/5848/4563 1281/5849/4565 1282/5882/4566 1077/5881/4564
f 1281/5849/4565 1485/5850/4567 1486/5883/4568 1282/5882/4566
f 1485/5850/4567 1689/5851/4569 1690/5884/4570 1486/5883/4568
f 1689/5851/4569 1892/5852/4571 1893/5885/4572 1690/5884/4570
f 1892/5852/4571 2097/5853/4573 2098/5886/4574 1893/5885/4572
f 2097/5853/4573 2303/5854/4575 2304/5887/4576 2098/5886/4574
f 2303/5854/4575 2509/5855/4577 2510/5888/4578 2304/5887/4576
f 2509/5855/4577 2715/5856/4579 2716/5889/4580 2510/5888/4578
f 2715/5856/4579 2921/5857/4581 2922/5890/4582 2716/5889/4580
f 2921/5857/4581 3127/5858/4583 3128/5891/4584 2922/5890/4582
f 3127/5858/4583 3333/5859/4585 3334/5892/4586 3128/5891/4584
f 3333/5859/4585 3539/5860/4587 3540/5893/4588 3334/5892/4586
f 3539/5860/4587 3745/5861/4589 3746/5894/4590 3540/5893/4588
f 3745/5861/4589 3951/5862/4591 3952/5895/4592 3746/5894/4590
f 3951/5862/4591 4157/5863/4593 4158/5896/4594 3952/5895/4592
f 4157/5863/4593 4363/5864/4595 4364/5897/4596 4158/5896/4594
f 4363/5864/4595 4569/5865/4597 4570/5898/4598 4364/5897/4596
f 4569/5865/4597 4775/5866/4599 4776/5899/4600 4570/5898/4598
f 4775/5866/4599 4980/5867/4601 4981/5900/4602 4776/5899/4600
f 4980/5867/4601 5183/5868/4603 5184/5901/4604 4981/5900/4602
f 5183/5868/4603 5387/5869/4605 5388/5902/4606 5184/5901/4604
f 5387/5869/4605 5591/5870/4607 5592/5903/4608 5388/5902/4606
f 5591/5870/4607 5796/5871/4609 5797/5904/4610 5592/5903/4608
f 5796/5871/4609 6000/5872/4611 6001/5905/4612 5797/5904/4610
f 6000/5872/4611 6205/5873/4613 6206/5906/4614 6001/5905/4612
f 6205/5873/4613 6410/5874/4615 6411/5907/4616 6206/5906/4614
f 6410/5874/4615 6615/5875/4617 6616/5908/4618 6411/5907/4616
f 6615/5875/4617 257/5876/4555 258/5909/4558 6616/5908/4618
f 258/5878/4558 463/5877/4557 464/5910/4619 259/5911/4620
f 463/5877/4557 668/5879/4560 669/5912/4621 464/5910/4619
f 668/5879/4560 873/5880/4562 874/5913/4622 669/5912/4621
f 873/5880/4562 1077/5881/4564 1078/5914/4623 874/5913/4622
f 1077/5881/4564 1282/5882/4566 1283/5915/4624 1078/5914/4623
f 1282/5882/4566 1486/5883/4568 1487/5916/4625 1283/5915/4624
f 1486/5883/4568 1690/5884/4570 1691/5917/4626 1487/5916/4625
f 1690/5884/4570 1893/5885/4572 1894/5918/4627 1691/5917/4626
f 1893/5885/4572 2098/5886/4574 2099/5919/4628 1894/5918/4627
f 2098/5886/4574 2304/5887/4576 2305/5920/4629 2099/5919/4628
f 2304/5887/4576 2510/5888/4578 2511/5921/4630 2305/5920/4629
f 2510/5888/4578 2716/5889/4580 2717/5922/4631 2511/5921/4630
f 2716/5889/4580 2922/5890/4582 2923/5923/4632 2717/5922/4631
f 2922/5890/4582 3128/5891/4584 3129/5924/4633 2923/5923/4632
f 3128/5891/4584 3334/5892/4586 3335/5925/4634 3129/5924/4633
f 3334/5892/4586 3540/5893/4588 3541/5926/4635 3335/5925/4634
f 3540/5893/4588 3746/5894/4590 3747/5927/4636 3541/5926/4635
f 3746/5894/4590 3952/5895/4592 3953/5928/4637 3747/5927/4636
f 3952/5895/4592 4158/5896/4594 4159/5929/4638 3953/5928/4637
f 4158/5896/4594 4364/5897/4596 4365/5930/4639 4159/5929/4638
f 4364/5897/4596 4570/5898/4598 4571/5931/4640 4365/5930/4639
f 4570/5898/4598 4776/5899/4600 4777/5932/4641 4571/5931/4640
f 4776/5899/4600 4981/5900/4602 4982/5933/4642 4777/5932/4641
f 4981/5900/4602 5184/5901/4604 5185/5934/4643 4982/5933/4642
f 5184/5901/4604 5388/5902/4606 5389/5935/4644 5185/5934/4643
f 5388/5902/4606 5592/5903/4608 5593/5936/4645 5389/5935/4644
f 5592/5903/4608 5797/5904/4610 5798/5937/4646 5593/5936/4645
f 5797/5904/4610 6001/5905/4612 6002/5938/4647 5798/5937/4646
f 6001/5905/4612 6206/5906/4614 6207/5939/4648 6002/5938/4647
f 6206/5906/4614 6411/5907/4616 6412/5940/4649 6207/5939/4648
f 6411/5907/4616 6616/5908/4618 6617/5941/4650 6412/5940/4649
f 6616/5908/4618 258/5909/4558 259/5942/4620 6617/5941/4650
f 259/5911/4620 464/5910/4619 465/5943/4651 260/5944/4652
f 464/5910/4619 669/5912/4621 670/5945/4653 465/5943/4651
f 669/5912/4621 874/5913/4622 875/5946/4654 670/5945/4653
f 874/5913/4622 1078/5914/4623 1079/5947/4655 875/5946/4654
f 1078/5914/4623 1283/5915/4624 1284/5948/4656 1079/5947/4655
f 1283/5915/4624 1487/5916/4625 1488/5949/4657 1284/5948/4656
f 1487/5916/4625 1691/5917/4626 1692/5950/4658 1488/5949/4657
f 1691/5917/4626 1894/5918/4627 1895/5951/4659 1692/5950/4658
f 1894/5918/4627 2099/5919/4628 2100/5952/4660 1895/5951/4659
f 2099/5919/4628 2305/5920/4629 2306/5953/4661 2100/5952/4660
f 2305/5920/4629 2511/5921/4630 2512/5954/4662 2306/5953/4661
f 2511/5921/4630 2717/5922/4631 2718/5955/4663 2512/5954/4662
f 2717/5922/4631 2923/5923/4632 2924/5956/4664 2718/5955/4663
f 2923/5923/4632 3129/5924/4633 3130/5957/4665 2924/5956/4664
f 3129/5924/4633 3335/5925/4634 3336/5958/4666 3130/5957/4665
f 3335/5925/4634 3541/5926/4635 3542/5959/4667 3336/5958/4666
f 3541/5926/4635 3747/5927/4636 3748/5960/4668 3542/5959/4667
f 3747/5927/4636 3953/5928/4637 3954/5961/4669 3748/5960/4668
f 3953/5928/4637 4159/5929/4638 4160/5962/4670 3954/5961/4669
f 4159/5929/4638 4365/5930/4639 4366/5963/4671 4160/5962/4670
f 4365/5930/4639 4571/5931/4640 4572/5964/4672 4366/5963/4671
f 4571/5931/4640 4777/5932/4641 4778/5965/4673 4572/5964/4672
f 4777/5932/4641 4982/5933/4642 4983/5966/4674 4778/5965/4673
f 4982/5933/4642 5185/5934/4643 5186/5967/4675 4983/5966/4674
f 5185/5934/4643 5389/5935/4644 5390/5968/4676 5186/5967/4675
f 5389/5935/4644 5593/5936/4645 5594/5969/4677 5390/5968/4676
f 5593/5936/4645 5798/5937/4646 5799/5970/4678 5594/5969/4677
f 5798/5937/4646 6002/5938/4647 6003/5971/4679 5799/5970/4678
f 6002/5938/4647 6207/5939/4648 6208/5972/4680 6003/5971/4679
f 6207/5939/4648 6412/5940/4649 6413/5973/4681 6208/5972/4680
f 6412/5940/4649 6617/5941/4650 6618/5974/4682 6413/5973/4681
f 6617/5941/4650 259/5942/4620 260/5975/4652 6618/5974/4682
f 260/5944/4652 465/5943/4651 466/5976/4683 261/5977/4684
f 465/5943/4651 670/5945/4653 671/5978/4685 466/5976/4683
f 670/5945/4653 875/5946/4654 876/5979/4686 671/5978/4685
f 875/5946/4654 1079/5947/4655 1080/5980/4687 876/5979/4686
f 1079/5947/4655 1284/5948/4656 1285/5981/4688 1080/5980/4687
f 1284/5948/4656 1488/5949/4657 1489/5982/4689 1285/5981/4688
f 1488/5949/4657 1692/5950/4658 1693/5983/4690 1489/5982/4689
f 1692/5950/4658 1895/5951/4659 1896/5984/4691 1693/5983/4690
f 1895/5951/4659 2100/5952/4660 2101/5985/4692 1896/5984/4691
f 2100/5952/4660 2306/5953/4661 2307/5986/4693 2101/5985/4692
f 2306/5953/4661 2512/5954/4662 2513/5987/4694 2307/5986/4693
f 2512/5954/4662 2718/5955/4663 2719/5988/4695 2513/5987/4694
f 2718/5955/4663 2924/5956/4664 2925/5989/4696 2719/5988/4695
f 2924/5956/4664 3130/5957/4665 3131/5990/4697 2925/5989/4696
f 3130/5957/4665 3336/5958/4666 3337/5991/4698 3131/5990/4697
f 3336/5958/4666 3542/5959/4667 3543/5992/4699 3337/5991/4698
f 3542/5959/4667 3748/5960/4668 3749/5993/4700 3543/5992/4699
f 3748/5960/4668 3954/5961/4669 3955/5994/4701 3749/5993/4700
f 3954/5961/4669 4160/5962/4670 4161/5995/4702 3955/5994/4701
f 4160/5962/4670 4366/5963/4671 4367/5996/4703 4161/5995/4702
f 4366/5963/4671 4572/5964/4672 4573/5997/4704 4367/5996/4703
f 4572/5964/4672 4778/5965/4673 4779/5998/4705 4573/5997/4704
f 4778/5965/4673 4983/5966/4674 4984/5999/4706 4779/5998/4705
f 4983/5966/4674 5186/5967/4675 5187/6000/4707 4984/5999/4706
f 5186/5967/4675 5390/5968/4676 5391/6001/4708 5187/6000/4707
f 5390/5968/4676 5594/5969/4677 5595/6002/4709 5391/6001/4708
f 5594/5969/4677 5799/5970/4678 5800/6003/4710 5595/6002/4709
f 5799/5970/4678 6003/5971/4679 6004/6004/4711 5800/6003/4710
f 6003/5971/4679 6208/5972/4680 6209/6005/4712 6004/6004/4711
f 6208/5972/4680 6413/5973/4681 6414/6006/4713 6209/6005/4712
f 6413/5973/4681 6618/5974/4682 6619/6007/4714 6414/6006/4713
f 6618/5974/4682 260/5975/4652 261/6008/4684 6619/6007/4714
f 261/5977/4684 466/5976/4683 467/6009/4715 262/6010/4716
f 466/5976/4683 671/5978/4685 672/6011/4717 467/6009/4715
f 671/5978/4685 876/5979/4686 877/6012/4718 672/6011/4717
f 876/5979/4686 1080/5980/4687 1081/6013/4719 877/6012/4718
f 1080/5980/4687 1285/5981/4688 1286/6014/4720 1081/6013/4719
f 1285/5981/4688 1489/5982/4689 1490/6015/4721 1286/6014/4720
f 1489/5982/4689 1693/5983/4690 1694/6016/4722 1490/6015/4721
f 1693/5983/4690 1896/5984/4691 1897/6017/4723 1694/6016/4722
f 1896/5984/4691 2101/5985/4692 2102/6018/4724 1897/6017/4723
f 2101/5985/4692 2307/5986/4693 2308/6019/4725 2102/6018/4724
f 2307/5986/4693 2513/5987/4694 2514/6020/4726 2308/6019/4725
f 2513/5987/4694 2719/5988/4695 2720/6021/4727 2514/6020/4726
f 2719/5988/4695 2925/5989/4696 2926/6022/4728 2720/6021/4727
f 2925/5989/4696 3131/5990/4697 3132/6023/4729 2926/6022/4728
f 3131/5990/4697 3337/5991/4698 3338/6024/4730 3132/6023/4729
f 3337/5991/4698 3543/5992/4699 3544/6025/4731 3338/6024/4730
f 3543/5992/4699 3749/5993/4700 3750/6026/4732 3544/6025/4731
f 3749/5993/4700 3955/5994/4701 3956/6027/4733 3750/6026/4732
f 3955/5994/4701 4161/5995/4702 4162/6028/4734 3956/6027/4733
f 4161/5995/4702 4367/5996/4703 4368/6029/4735 4162/6028/4734
f 4367/5996/4703 4573/5997/4704 4574/6030/4736 4368/6029/4735
f 4573/5997/4704 4779/5998/4705 4780/6031/4737 4574/6030/4736
f 4779/5998/4705 4984/5999/4706 4985/6032/4738 4780/6031/4737
f 4984/5999/4706 5187/6000/4707 5188/6033/4739 4985/6032/4738
f 5187/6000/4707 5391/6001/4708 5392/6034/4740 5188/6033/4739
f 5391/6001/4708 5595/6002/4709 5596/6035/4741 5392/6034/4740
f 5595/6002/4709 5800/6003/4710 5801/6036/4742 5596/6035/4741
f 5800/6003/4710 6004/6004/4711 6005/6037/4743 5801/6036/4742
f 6004/6004/4711 6209/6005/4712 6210/6038/4744 6005/6037/4743
f 6209/6005/4712 6414/6006/4713 6415/6039/4745 6210/6038/4744
f 6414/6006/4713 6619/6007/4714 6620/6040/4746 6415/6039/4745
f 6619/6007/4714 261/6008/4684 262/6041/4716 6620/6040/4746
f 262/6010/4716 467/6009/4715 468/6042/4747 263/6043/4748
f 467/6009/4715 672/6011/4717 673/6044/4749 468/6042/4747
f 672/6011/4717 877/6012/4718 878/6045/4750 673/6044/4749
f 877/6012/4718 1081/6013/4719 1082/6046/4751 878/6045/4750
f 1081/6013/4719 1286/6014/4720 1287/6047/4752 1082/6046/4751
f 1286/6014/4720 1490/6015/4721 1491/6048/4753 1287/6047/4752
f 1490/6015/4721 1694/6016/4722 1695/6049/4754 1491/6048/4753
f 1694/6016/4722 1897/6017/4723 1898/6050/4755 1695/6049/4754
f 1897/6017/4723 2102/6018/4724 2103/6051/4756 1898/6050/4755
f 2102/6018/4724 2308/6019/4725 2309/6052/4757 2103/6051/4756
f 2308/6019/4725 2514/6020/4726 2515/6053/4758 2309/6052/4757
f 2514/6020/4726 2720/6021/4727 2721/6054/4759 2515/6053/4758
f 2720/6021/4727 2926/6022/4728 2927/6055/4760 2721/6054/4759
f 2926/6022/4728 3132/6023/4729 3133/6056/4761 2927/6055/4760
f 3132/6023/4729 3338/6024/4730 3339/6057/4762 3133/6056/4761
f 3338/6024/4730 3544/6025/4731 3545/6058/4763 3339/6057/4762
f 3544/6025/4731 3750/6026/4732 3751/6059/4764 3545/6058/4763
f 3750/6026/4732 3956/6027/4733 3957/6060/4765 3751/6059/4764
f 3956/6027/4733 4162/6028/4734 4163/6061/4766 3957/6060/4765
f 4162/6028/4734 4368/6029/4735 4369/6062/4767 4163/6061/4766
f 4368/6029/4735 4574/6030/4736 4575/6063/4768 4369/6062/4767
f 4574/6030/4736 4780/6031/4737 4781/6064/4769 4575/6063/4768
f 4780/6031/4737 4985/6032/4738 4986/6065/4770 4781/6064/4769
f 4985/6032/4738 5188/6033/4739 5189/6066/4771 4986/6065/4770
f 5188/6033/4739 5392/6034/4740 5393/6067/4772 5189/6066/4771
f 5392/6034/4740 5596/6035/4741 5597/6068/4773 5393/6067/4772
f 5596/6035/4741 5801/6036/4742 5802/6069/4774 5597/6068/4773
f 5801/6036/4742 6005/6037/4743 6006/6070/4775 5802/6069/4774
f 6005/6037/4743 6210/6038/4744 6211/6071/4776 6006/6070/4775
f 6210/6038/4744 6415/6039/4745 6416/6072/4777 6211/6071/4776
f 6415/6039/4745 6620/6040/4746 6621/6073/4778 6416/6072/4777
f 6620/6040/4746 262/6041/4716 263/6074/4748 6621/6073/4778
f 263/6043/4748 468/6042/4747 469/6075/4779 264/6076/4780
f 468/6042/4747 673/6044/4749 674/6077/4781 469/6075/4779
f 673/6044/4749 878/6045/4750 879/6078/4782 674/6077/4781
f 878/6045/4750 1082/6046/4751 1083/6079/4783 879/6078/4782
f 1082/6046/4751 1287/6047/4752 1288/6080/4784 1083/6079/4783
f 1287/6047/4752 1491/6048/4753 1492/6081/4785 1288/6080/4784
f 1491/6048/4753 1695/6049/4754 1696/6082/4786 1492/6081/4785
f 1695/6049/4754 1898/6050/4755 1899/6083/4787 1696/6082/4786
f 1898/6050/4755 2103/6051/4756 2104/6084/4788 1899/6083/4787
f 2103/6051/4756 2309/6052/4757 2310/6085/4789 2104/6084/4788
f 2309/6052/4757 2515/6053/4758 2516/6086/4790 2310/6085/4789
f 2515/6053/4758 2721/6054/4759 2722/6087/4791 2516/6086/4790
f 2721/6054/4759 2927/6055/4760 2928/6088/4792 2722/6087/4791
f 2927/6055/4760 3133/6056/4761 3134/6089/4793 2928/6088/4792
f 3133/6056/4761 3339/6057/4762 3340/6090/4794 3134/6089/4793
f 3339/6057/4762 3545/6058/4763 3546/6091/4795 3340/6090/4794
f 3545/6058/4763 3751/6059/4764 3752/6092/4796 3546/6091/4795
f 3751/6059/4764 3957/6060/4765 3958/6093/4797 3752/6092/4796
f 3957/6060/4765 4163/6061/4766 4164/6094/4798 3958/6093/4797
f 4163/6061/4766 4369/6062/4767 4370/6095/4799 4164/6094/4798
f 4369/6062/4767 4575/6063/4768 4576/6096/4800 4370/6095/4799
f 4575/6063/4768 4781/6064/4769 4782/6097/4801 4576/6096/4800
f 4781/6064/4769 4986/6065/4770 4987/6098/4802 4782/6097/4801
f 4986/6065/4770 5189/6066/4771 5190/6099/4803 4987/6098/4802
f 5189/6066/4771 5393/6067/4772 5394/6100/4804 5190/6099/4803
f 5393/6067/4772 5597/6068/4773 5598/6101/4805 5394/6100/4804
f 5597/6068/4773 5802/6069/4774 5803/6102/4806 5598/6101/4805
f 5802/6069/4774 6006/6070/4775 6007/6103/4807 5803/6102/4806
f 6006/6070/4775 6211/6071/4776 6212/6104/4808 6007/6103/4807
f 6211/6071/4776 6416/6072/4777 6417/6105/4809 6212/6104/4808
f 6416/6072/4777 6621/6073/4778 6622/6106/4810 6417/6105/4809
f 6621/6073/4778 263/6074/4748 264/6107/4780 6622/6106/4810
f 264/6076/4780 469/6075/4779 470/6108/4811 265/6109/4812
f 469/6075/4779 674/6077/4781 675/6110/4813 470/6108/4811
f 674/6077/4781 879/6078/4782 880/6111/4814 675/6110/4813
f 879/6078/4782 1083/6079/4783 1084/6112/4815 880/6111/4814
f 1083/6079/4783 1288/6080/4784 1289/6113/4816 1084/6112/4815
f 1288/6080/4784 1492/6081/4785 1493/6114/4817 1289/6113/4816
f 1492/6081/4785 1696/6082/4786 1697/6115/4818 1493/6114/4817
f 1696/6082/4786 1899/6083/4787 1900/6116/4819 1697/6115/4818
f 1899/6083/4787 2104/6084/4788 2105/6117/4820 1900/6116/4819
f 2104/6084/4788 2310/6085/4789 2311/6118/4821 2105/6117/4820
f 2310/6085/4789 2516/6086/4790 2517/6119/4822 2311/6118/4821
f 2516/6086/4790 2722/6087/4791 2723/6120/4823 2517/6119/4822
f 2722/6087/4791 2928/6088/4792 2929/6121/4824 2723/6120/4823
f 2928/6088/4792 3134/6089/4793 3135/6122/4825 2929/6121/4824
f 3134/6089/4793 3340/6090/4794 3341/6123/4826 3135/6122/4825
f 3340/6090/4794 3546/6091/4795 3547/6124/4827 3341/6123/4826
f 3546/6091/4795 3752/6092/4796 3753/6125/4828 3547/6124/4827
f 3752/6092/4796 3958/6093/4797 3959/6126/4829 3753/6125/4828
f 3958/6093/4797 4164/6094/4798 4165/6127/4830 3959/6126/4829
f 4164/6094/4798 4370/6095/4799 4371/6128/4831 4165/6127/4830
f 4370/6095/4799 4576/6096/4800 4577/6129/4832 4371/6128/4831
f 4576/6096/4800 4782/6097/4801 4783/6130/4833 4577/6129/4832
f 4782/6097/4801 4987/6098/4802 4988/6131/4834 4783/6130/4833
f 4987/6098/4802 5190/6099/4803 5191/6132/4835 4988/6131/4834
f 5190/6099/4803 5394/6100/4804 5395/6133/4836 5191/6132/4835
f 5394/6100/4804 5598/6101/4805 5599/6134/4837 5395/6133/4836
f 5598/6101/4805 5803/6102/4806 5804/6135/4838 5599/6134/4837
f 5803/6102/4806 6007/6103/4807 6008/6136/4839 5804/6135/4838
f 6007/6103/4807 6212/6104/4808 6213/6137/4840 6008/6136/4839
f 6212/6104/4808 6417/6105/4809 6418/6138/4841 6213/6137/4840
f 6417/6105/4809 6622/6106/4810 6623/6139/4842 6418/6138/4841
f 6622/6106/4810 264/6107/4780 265/6140/4812 6623/6139/4842
f 265/6109/4812 470/6108/4811 471/6141/4843 266/6142/4844
f 470/6108/4811 675/6110/4813 676/6143/4845 471/6141/4843
f 675/6110/4813 880/6111/4814 881/6144/4846 676/6143/4845
f 880/6111/4814 1084/6112/4815 1085/6145/4847 881/6144/4846
f 1084/6112/4815 1289/6113/4816 1290/6146/4848 1085/6145/4847
f 1289/6113/4816 1493/6114/4817 1494/6147/4849 1290/6146/4848
f 1493/6114/4817 1697/6115/4818 1698/6148/4850 1494/6147/4849
f 1697/6115/4818 1900/6116/4819 1901/6149/4851 1698/6148/4850
f 1900/6116/4819 2105/6117/4820 2106/6150/4852 1901/6149/4851
f 2105/6117/4820 2311/6118/4821 2312/6151/4853 2106/6150/4852
f 2311/6118/4821 2517/6119/4822 2518/6152/4854 2312/6151/4853
f 2517/6119/4822 2723/6120/4823 2724/6153/4855 2518/6152/4854
f 2723/6120/4823 2929/6121/4824 2930/6154/4856 2724/6153/4855
f 2929/6121/4824 3135/6122/4825 3136/6155/4857 2930/6154/4856
f 3135/6122/4825 3341/6123/4826 3342/6156/4858 3136/6155/4857
f 3341/6123/4826 3547/6124/4827 3548/6157/4859 3342/6156/4858
f 3547/6124/4827 3753/6125/4828 3754/6158/4860 3548/6157/4859
f 3753/6125/4828 3959/6126/4829 3960/6159/4861 3754/6158/4860
f 3959/6126/4829 4165/6127/4830 4166/6160/4862 3960/6159/4861
f 4165/6127/4830 4371/6128/4831 4372/6161/4863 4166/6160/4862
f 4371/6128/4831 4577/6129/4832 4578/6162/4864 4372/6161/4863
f 4577/6129/4832 4783/6130/4833 4784/6163/4865 4578/6162/4864
f 4783/6130/4833 4988/6131/4834 4989/6164/4866 4784/6163/4865
f 4988/6131/4834 5191/6132/4835 5192/6165/4867 4989/6164/4866
f 5191/6132/4835 5395/6133/4836 5396/6166/4868 5192/6165/4867
f 5395/6133/4836 5599/6134/4837 5600/6167/4869 5396/6166/4868
f 5599/6134/4837 5804/6135/4838 5805/6168/4870 5600/6167/4869
f 5804/6135/4838 6008/6136/4839 6009/6169/4871 5805/6168/4870
f 6008/6136/4839 6213/6137/4840 6214/6170/4872 6009/6169/4871
f 6213/6137/4840 6418/6138/4841 6419/6171/4873 6214/6170/4872
f 6418/6138/4841 6623/6139/4842 6624/6172/4874 6419/6171/4873
f 6623/6139/4842 265/6140/4812 266/6173/4844 6624/6172/4874
f 266/6142/4844 471/6141/4843 472/6174/4875 267/6175/4876
f 471/6141/4843 676/6143/4845 677/6176/4877 472/6174/4875
f 676/6143/4845 881/6144/4846 882/6177/4878 677/6176/4877
f 881/6144/4846 1085/6145/4847 1086/6178/4879 882/6177/4878
f 1085/6145/4847 1290/6146/4848 1291/6179/4880 1086/6178/4879
f 1290/6146/4848 1494/6147/4849 1495/6180/4881 1291/6179/4880
f 1494/6147/4849 1698/6148/4850 1699/6181/4882 1495/6180/4881
f 1698/6148/4850 1901/6149/4851 1902/6182/4883 1699/6181/4882
f 1901/6149/4851 2106/6150/4852 2107/6183/4884 1902/6182/4883
f 2106/6150/4852 2312/6151/4853 2313/6184/4885 2107/6183/4884
f 2312/6151/4853 2518/6152/4854 2519/6185/4886 2313/6184/4885
f 2518/6152/4854 2724/6153/4855 2725/6186/4887 2519/6185/4886
f 2724/6153/4855 2930/6154/4856 2931/6187/4888 2725/6186/4887
f 2930/6154/4856 3136/6155/4857 3137/6188/4889 2931/6187/4888
f 3136/6155/4857 3342/6156/4858 3343/6189/4890 3137/6188/4889
f 3342/6156/4858 3548/6157/4859 3549/6190/4891 3343/6189/4890
f 3548/6157/4859 3754/6158/4860 3755/6191/4892 3549/6190/4891
f 3754/6158/4860 3960/6159/4861 3961/6192/4893 3755/6191/4892
f 3960/6159/4861 4166/6160/4862 4167/6193/4894 3961/6192/4893
f 4166/6160/4862 4372/6161/4863 4373/6194/4895 4167/6193/4894
f 4372/6161/4863 4578/6162/4864 4579/6195/4896 4373/6194/4895
f 4578/6162/4864 4784/6163/4865 4785/6196/4897 4579/6195/4896
f 4784/6163/4865 4989/6164/4866 4990/6197/4898 4785/6196/4897
f 4989/6164/4866 5192/6165/4867 5193/6198/4899 4990/6197/4898
f 5192/6165/4867 5396/6166/4868 5397/6199/4900 5193/6198/4899
f 5396/6166/4868 5600/6167/4869 5601/6200/4901 5397/6199/4900
f 5600/6167/4869 5805/6168/4870 5806/6201/4902 5601/6200/4901
f 5805/6168/4870 6009/6169/4871 6010/6202/4903 5806/6201/4902
f 6009/6169/4871 6214/6170/4872 6215/6203/4904 6010/6202/4903
f 6214/6170/4872 6419/6171/4873 6420/6204/4905 6215/6203/4904
f 6419/6171/4873 6624/6172/4874 6625/6205/4906 6420/6204/4905
f 6624/6172/4874 266/6173/4844 267/6206/4876 6625/6205/4906
f 267/6175/4876 472/6174/4875 473/6207/4907 268/6208/4908
f 472/6174/4875 677/6176/4877 678/6209/4909 473/6207/4907
f 677/6176/4877 882/6177/4878 883/6210/4910 678/6209/4909
f 882/6177/4878 1086/6178/4879 1087/6211/4911 883/6210/4910
f 1086/6178/4879 1291/6179/4880 1292/6212/4912 1087/6211/4911
f 1291/6179/4880 1495/6180/4881 1496/6213/4913 1292/6212/4912
f 1495/6180/4881 1699/6181/4882 1700/6214/4914 1496/6213/4913
f 1699/6181/4882 1902/6182/4883 1903/6215/4915 1700/6214/4914
f 1902/6182/4883 2107/6183/4884 2108/6216/4916 1903/6215/4915
f 2107/6183/4884 2313/6184/4885 2314/6217/4917 2108/6216/4916
f 2313/6184/4885 2519/6185/4886 2520/6218/4918 2314/6217/4917
f 2519/6185/4886 2725/6186/4887 2726/6219/4919 2520/6218/4918
f 2725/6186/4887 2931/6187/4888 2932/6220/4920 2726/6219/4919
f 2931/6187/4888 3137/6188/4889 3138/6221/4921 2932/6220/4920
f 3137/6188/4889 3343/6189/4890 3344/6222/4922 3138/6221/4921
f 3343/6189/4890 3549/6190/4891 3550/6223/4923 3344/6222/4922
f 3549/6190/4891 3755/6191/4892 3756/6224/4924 3550/6223/4923
f 3755/6191/4892 3961/6192/4893 3962/6225/4925 3756/6224/4924
f 3961/6192/4893 4167/6193/4894 4168/6226/4926 3962/6225/4925
f 4167/6193/4894 4373/6194/4895 4374/6227/4927 4168/6226/4926
f 4373/6194/4895 4579/6195/4896 4580/6228/4928 4374/6227/4927
f 4579/6195/4896 4785/6196/4897 4786/6229/4929 4580/6228/4928
f 4785/6196/4897 4990/6197/4898 4991/6230/4930 4786/6229/4929
f 4990/6197/4898 5193/6198/4899 5194/6231/4931 4991/6230/4930
f 5193/6198/4899 5397/6199/4900 5398/6232/4932 5194/6231/4931
f 5397/6199/4900 5601/6200/4901 5602/6233/4933 5398/6232/4932
f 5601/6200/4901 5806/6201/4902 5807/6234/4934 5602/6233/4933
f 5806/6201/4902 6010/6202/4903 6011/6235/4935 5807/6234/4934
f 6010/6202/4903 6215/6203/4904 6216/6236/4936 6011/6235/4935
f 6215/6203/4904 6420/6204/4905 6421/6237/4937 6216/6236/4936
f 6420/6204/4905 6625/6205/4906 6626/6238/4938 6421/6237/4937
f 6625/6205/4906 267/6206/4876 268/6239/4908 6626/6238/4938
f 268/6208/4908 473/6207/4907 474/6240/4939 269/6241/4940
f 473/6207/4907 678/6209/4909 679/6242/4941 474/6240/4939
f 678/6209/4909 883/6210/4910 884/6243/4942 679/6242/4941
f 883/6210/4910 1087/6211/4911 1088/6244/4943 884/6243/4942
f 1087/6211/4911 1292/6212/4912 1293/6245/4944 1088/6244/4943
f 1292/6212/4912 1496/6213/4913 1497/6246/4945 1293/6245/4944
f 1496/6213/4913 1700/6214/4914 1701/6247/4946 1497/6246/4945
f 1700/6214/4914 1903/6215/4915 1904/6248/4947 1701/6247/4946
f 1903/6215/4915 2108/6216/4916 2109/6249/4948 1904/6248/4947
f 2108/6216/4916 2314/6217/4917 2315/6250/4949 2109/6249/4948
f 2314/6217/4917 2520/6218/4918 2521/6251/4950 2315/6250/4949
f 2520/6218/4918 2726/6219/4919 2727/6252/4951 2521/6251/4950
f 2726/6219/4919 2932/6220/4920 2933/6253/4952 2727/6252/4951
f 2932/6220/4920 3138/6221/4921 3139/6254/4953 2933/6253/4952
f 3138/6221/4921 3344/6222/4922 3345/6255/4954 3139/6254/4953
f 3344/6222/4922 3550/6223/4923 3551/6256/4955 3345/6255/4954
f 3550/6223/4923 3756/6224/4924 3757/6257/4956 3551/6256/4955
f 3756/6224/4924 3962/6225/4925 3963/6258/4957 3757/6257/4956
f 3962/6225/4925 4168/6226/4926 4169/6259/4958 3963/6258/4957
f 4168/6226/4926 4374/6227/4927 4375/6260/4959 4169/6259/4958
f 4374/6227/4927 4580/6228/4928 4581/6261/4960 4375/6260/4959
f 4580/6228/4928 4786/6229/4929 4787/6262/4961 4581/6261/4960
f 4786/6229/4929 4991/6230/4930 4992/6263/4962 4787/6262/4961
f 4991/6230/4930 5194/6231/4931 5195/6264/4963 4992/6263/4962
f 5194/6231/4931 5398/6232/4932 5399/6265/4964 5195/6264/4963
f 5398/6232/4932 5602/6233/4933 5603/6266/4965 5399/6265/4964
f 5602/6233/4933 5807/6234/4934 5808/6267/4966 5603/6266/4965
f 5807/6234/4934 6011/6235/4935 6012/6268/4967 5808/6267/4966
f 6011/6235/4935 6216/6236/4936 6217/6269/4968 6012/6268/4967
f 6216/6236/4936 6421/6237/4937 6422/6270/4969 6217/6269/4968
f 6421/6237/4937 6626/6238/4938 6627/6271/4970 6422/6270/4969
f 6626/6238/4938 268/6239/4908 269/6272/4940 6627/6271/4970
f 5794/6273/4971 6737/6274/4972 6738/6275/4973 6656/5834/4515 6655/5832/4513
f 5589/5773/4455 5794/6273/4971 6655/5832/4513 6654/5830/4511
f 5385/5770/4452 5589/5773/4455 6654/5830/4511 6653/5828/4509
f 5181/5769/4451 5385/5770/4452 6653/5828/4509 6652/5826/4507
f 4978/5768/4450 5181/5769/4451 6652/5826/4507 6651/5824/4505
f 4773/5767/4449 4978/5768/4450 6651/5824/4505 6650/5822/4503
f 4567/5766/4448 4773/5767/4449 6650/5822/4503 6649/5820/4501
f 4361/5765/4447 4567/5766/4448 6649/5820/4501 6648/5818/4499
f 4155/5764/4446 4361/5765/4447 6648/5818/4499 6647/5816/4497
f 3949/5763/4445 4155/5764/4446 6647/5816/4497 6646/5814/4495
f 3743/5762/4444 3949/5763/4445 6646/5814/4495 6645/5812/4493
f 3537/5761/4443 3743/5762/4444 6645/5812/4493 6644/5810/4491
f 3331/5760/4442 3537/5761/4443 6644/5810/4491 6643/5808/4489
f 3125/5759/4441 3331/5760/4442 6643/5808/4489 6642/5806/4487
f 2919/5758/4440 3125/5759/4441 6642/5806/4487 6641/5804/4485
f 2713/5757/4439 2919/5758/4440 6641/5804/4485 6640/5802/4483
f 2507/5756/4438 2713/5757/4439 6640/5802/4483 6639/5800/4481
f 2301/5755/4437 2507/5756/4438 6639/5800/4481 6638/5798/4479
f 2095/5754/4436 2301/5755/4437 6638/5798/4479 6637/5796/4477
f 1890/5752/4434 2095/5754/4436 6637/5796/4477 6636/5794/4475
f 1687/5753/4435 1890/5752/4434 6636/5794/4475 6635/5792/4473
f 1483/6276/4974 1687/5753/4435 6635/5792/4473 6634/5790/4471
f 1279/6277/4975 1483/6276/4974 6634/5790/4471 6633/5788/4469
f 6663/6278/4976 6661/6279/4977 6660/6280/4977 6662/6281/4976
f 6674/6282/4978 2091/5652/4337 6682/6283/4979 6673/6284/4980
f 6676/6285/4981 1483/6276/4974 1279/6277/4975 6675/6286/4982
f 6744/6287/4983 1279/6277/4975 6633/5788/4469 6632/5786/4467 6746/6288/4984
f 6682/6283/4979 2091/5652/4337 2092/5654/4339 6681/6289/4985
f 6679/6290/4986 1888/5719/4402 1889/5721/4404 1686/5751/4433 6678/6291/4987
f 6670/6292/4988 6683/6293/4989 6684/6294/4989 6705/6295/4990 6706/6296/4991 6686/6297/4989 6685/6298/4989 6671/6299/4988
f 6691/5743/4426 6203/5742/4425 6707/5775/4457
f 6728/6300/4992 6726/6301/4993 6725/6302/4994 6724/6303/4994 6729/6304/4993 6727/6305/4992
f 6737/6274/4972 5794/6273/4971 6736/6306/4995
f 6740/6307/4996 6659/5840/4521 6658/5838/4519 6739/6308/4997
f 6697/5595/4288 5382/5594/4287 5383/5636/4322 6696/6309/4998
f 6666/6310/4999 6664/6311/5000 6665/6312/5000 6667/6313/4999
f 6698/6314/5001 6697/6315/5002 6696/6316/5002 6695/6317/5002 6694/6318/5002 6692/6319/5002 6693/6320/5002 6700/6321/5002 6699/6322/5002 6691/6323/5002 6707/6324/5002 6708/6325/5002 6709/6326/5002 6710/6327/5002 6711/6328/5002 6712/6329/5002 6713/6330/5002 6714/6331/5002 6715/6332/5002 6716/6333/5002 6717/6334/5002 6718/6335/5002 6719/6336/5002 6721/6337/5002 6720/6338/5002 6701/6339/5002 6702/6340/5001
f 6672/6341/5003 6732/6342/5004 6687/6343/5005 6688/6344/5006 6674/6345/5004 6673/6346/5003
f 6681/6289/4985 2092/5654/4339 2093/5688/4372 1888/5719/4402 6680/6347/5007
f 6745/6348/5008 6631/5784/4465 6630/5782/4463 6743/6349/5009
f 6750/5668/4353 4974/5634/4320 6732/5633/4319 6672/6350/5010
f 6725/6302/4994 6669/6351/5011 6668/6352/5011 6724/6303/4994
f 6730/6353/5012 6703/6354/5013 6704/6355/5013 6731/6356/5012
f 6678/6291/4987 1686/5751/4433 6677/6357/5014
f 6685/5569/4270 2296/5568/4269 2297/5618/4306 2091/5652/4337 6674/6282/4978 6688/6358/5015 6755/6359/5015 6671/6360/5015
f 6747/5737/4420 5179/5703/4387 6748/5702/4386
f 6687/6343/5005 6754/6361/5016 6755/6362/5016 6688/6344/5006
f 6702/6340/5001 6723/6363/5017 6722/6364/5017 6698/6314/5001
f 6723/6363/5017 6690/6365/5018 6689/6366/5018 6722/6364/5017
f 6669/6351/5011 6663/6278/4976 6662/6281/4976 6668/6352/5011
f 6694/5671/4356 5588/5670/4355 6692/5706/4390
f 6690/6365/5018 6753/6367/5019 6752/6368/5019 6689/6366/5018
f 6743/6349/5009 6630/5782/4463 6629/5779/4460 6742/6369/5020
f 6753/6367/5019 6728/6370/4992 6727/6371/4992 6752/6368/5019
f 6739/6308/4997 6658/5838/4519 6657/5836/4517 6733/6372/5021
f 6741/6373/5022 6628/5842/4459 6659/5840/4521 6740/6307/4996
f 6736/6306/4995 5794/6273/4971 5589/5773/4455 6734/5772/4454
f 6673/6346/5003 6682/6374/5023 6681/6375/5023 6680/6376/5023 6679/6377/5023 6678/6378/5023 6677/6379/5023 6676/6380/5023 6675/6381/5023 6744/6382/5023 6746/6383/5023 6745/6384/5023 6743/6385/5023 6742/6386/5023 6741/6387/5023 6740/6388/5023 6739/6389/5023 6733/6390/5023 6738/6391/5023 6737/6392/5023 6736/6393/5023 6734/6394/5023 6735/6395/5023 6751/6396/5023 6747/6397/5023 6748/6398/5023 6749/6399/5023 6750/6400/5023 6672/6341/5003
f 6693/5705/4389 5793/5704/4388 6700/5741/4424
f 6746/6288/4984 6632/5786/4467 6631/5784/4465 6745/6348/5008
f 6677/6357/5014 1686/5751/4433 1687/5753/4435 1483/6276/4974 6676/6285/4981
f 6742/6369/5020 6629/5779/4460 6628/5778/4459 6741/6401/5022
f 6696/6309/4998 5383/5636/4322 6695/5672/4357
f 6703/6354/5013 6666/6310/4999 6667/6313/4999 6704/6355/5013
f 6705/6295/4990 6730/6353/5012 6731/6356/5012 6706/6296/4991
f 6661/6279/4977 6665/6312/5000 6664/6311/5000 6660/6280/4977
f 6735/5771/4453 5384/5739/4422 6751/5738/4421
f 6733/6372/5021 6657/5836/4517 6656/5834/4515 6738/6275/4973
f 6675/6286/4982 1279/6277/4975 6744/6287/4983
f 6754/6361/5016 6670/6292/4988 6671/6299/4988 6755/6362/5016
f 6680/6347/5007 1888/5719/4402 6679/6290/4986
