# Blender 4.1.1
# www.blender.org
mtllib queen.mtl
o Queen
v 0.000000 0.000000 0.000000
v 0.004456 0.000048 -0.000000
v 0.016877 0.000182 -0.000000
v 0.271930 0.002644 -0.000000
v 0.276729 0.003187 -0.000000
v 0.281221 0.004041 -0.000000
v 0.285374 0.005162 -0.000000
v 0.289156 0.006508 -0.000000
v 0.292537 0.008037 -0.000000
v 0.295484 0.009705 -0.000000
v 0.297966 0.011471 -0.000000
v 0.299952 0.013291 -0.000000
v 0.301409 0.015124 -0.000000
v 0.302307 0.016926 -0.000000
v 0.302613 0.046619 -0.000000
v 0.301804 0.050082 -0.000000
v 0.299569 0.052730 -0.000000
v 0.296190 0.054708 -0.000000
v 0.291954 0.056159 0.000000
v 0.287145 0.057229 0.000000
v 0.282047 0.058064 0.000000
v 0.276944 0.058808 0.000000
v 0.272123 0.059607 0.000000
v 0.267866 0.060605 0.000000
v 0.264460 0.061948 0.000000
v 0.262188 0.063780 0.000000
v 0.261335 0.066247 0.000000
v 0.262319 0.069173 0.000000
v 0.265125 0.072333 0.000000
v 0.269389 0.075800 0.000000
v 0.274749 0.079647 0.000000
v 0.280841 0.083946 0.000000
v 0.287303 0.088770 0.000000
v 0.293770 0.094191 0.000000
v 0.299880 0.100282 0.000000
v 0.305269 0.107117 0.000000
v 0.309574 0.114766 -0.000000
v 0.312432 0.123303 -0.000000
v 0.313479 0.132802 -0.000000
v 0.311305 0.147471 -0.000000
v 0.305236 0.161308 -0.000000
v 0.296047 0.174463 -0.000000
v 0.284515 0.187087 -0.000000
v 0.271415 0.199333 -0.000000
v 0.257524 0.211351 -0.000000
v 0.243616 0.223293 -0.000000
v 0.230469 0.235310 -0.000000
v 0.218857 0.247554 -0.000000
v 0.209557 0.260177 -0.000000
v 0.203344 0.273328 -0.000000
v 0.200995 0.287161 -0.000000
v 0.200890 0.295336 -0.000000
v 0.200717 0.302125 -0.000000
v 0.200391 0.307658 -0.000000
v 0.199823 0.312061 -0.000000
v 0.198928 0.315464 -0.000000
v 0.197620 0.317995 -0.000000
v 0.195812 0.319781 -0.000000
v 0.193418 0.320952 -0.000000
v 0.190351 0.321635 -0.000000
v 0.186525 0.321958 -0.000000
v 0.181853 0.322050 -0.000000
v 0.176250 0.322040 -0.000000
v 0.170188 0.329779 -0.000000
v 0.160773 0.351847 -0.000000
v 0.149102 0.386479 -0.000000
v 0.136274 0.431911 -0.000000
v 0.123388 0.486378 -0.000000
v 0.111544 0.548116 -0.000000
v 0.101838 0.615361 -0.000000
v 0.095371 0.686347 -0.000000
v 0.093241 0.759311 -0.000000
v 0.096546 0.832489 -0.000000
v 0.106385 0.904115 0.000000
v 0.123857 0.972426 0.000000
v 0.127500 0.972426 0.000000
v 0.130889 0.972426 0.000000
v 0.134109 0.972426 0.000000
v 0.137243 0.972426 -0.000000
v 0.140378 0.972426 -0.000000
v 0.143598 0.972426 -0.000000
v 0.146986 0.972426 -0.000000
v 0.150629 0.972426 -0.000000
v 0.154611 0.972426 -0.000000
v 0.159017 0.972426 -0.000000
v 0.163930 0.972426 0.000000
v 0.169437 0.972426 0.000000
v 0.175449 0.973222 0.000000
v 0.180367 0.975423 0.000000
v 0.184193 0.978749 0.000000
v 0.186925 0.982918 0.000000
v 0.188565 0.987648 -0.000000
v 0.189111 0.992660 -0.000000
v 0.188565 0.997672 -0.000000
v 0.186925 1.002403 -0.000000
v 0.184193 1.006572 -0.000000
v 0.180367 1.009897 -0.000000
v 0.175449 1.012099 -0.000000
v 0.169437 1.012895 -0.000000
v 0.166168 1.012895 -0.000000
v 0.163482 1.012895 0.000000
v 0.161294 1.012895 0.000000
v 0.159522 1.012895 0.000000
v 0.158082 1.012895 0.000000
v 0.156892 1.012895 0.000000
v 0.155868 1.012895 0.000000
v 0.154927 1.012895 -0.000000
v 0.153986 1.012895 -0.000000
v 0.152962 1.012895 -0.000000
v 0.151772 1.012895 -0.000000
v 0.150332 1.012895 -0.000000
v 0.150289 1.014497 -0.000000
v 0.150261 1.016399 -0.000000
v 0.150245 1.018557 -0.000000
v 0.150241 1.020929 -0.000000
v 0.150245 1.023473 -0.000000
v 0.150255 1.026145 -0.000000
v 0.150270 1.028903 -0.000000
v 0.150286 1.031703 -0.000000
v 0.150303 1.034503 -0.000000
v 0.150318 1.037261 -0.000000
v 0.150328 1.039933 -0.000000
v 0.150332 1.042477 -0.000000
v 0.147897 1.042477 -0.000000
v 0.145143 1.042477 -0.000000
v 0.142115 1.042477 -0.000000
v 0.138859 1.042477 -0.000000
v 0.135419 1.042477 -0.000000
v 0.131844 1.042477 -0.000000
v 0.128176 1.042477 -0.000000
v 0.124463 1.042477 -0.000000
v 0.120750 1.042477 -0.000000
v 0.117083 1.042477 -0.000000
v 0.113507 1.042477 -0.000000
v 0.110068 1.042477 -0.000000
v 0.110025 1.044685 -0.000000
v 0.109997 1.048300 -0.000000
v 0.109981 1.053119 -0.000000
v 0.109977 1.058941 -0.000000
v 0.109981 1.065565 -0.000000
v 0.109991 1.072789 -0.000000
v 0.110006 1.080411 -0.000000
v 0.110023 1.088230 -0.000000
v 0.110039 1.096044 -0.000000
v 0.110054 1.103652 -0.000000
v 0.110064 1.110852 -0.000000
v 0.110068 1.117443 -0.000000
v 0.110228 1.117443 -0.000000
v 0.110773 1.117443 -0.000000
v 0.111648 1.117443 -0.000000
v 0.112798 1.117443 -0.000000
v 0.114169 1.117443 -0.000000
v 0.115705 1.117443 -0.000000
v 0.117350 1.117443 -0.000000
v 0.119051 1.117443 -0.000000
v 0.120752 1.117443 -0.000000
v 0.122398 1.117443 -0.000000
v 0.123933 1.117443 -0.000000
v 0.125304 1.117443 -0.000000
v 0.125261 1.118750 -0.000000
v 0.125233 1.119895 -0.000000
v 0.125217 1.120902 -0.000000
v 0.125213 1.121794 -0.000000
v 0.125217 1.122593 -0.000000
v 0.125227 1.123323 -0.000000
v 0.125242 1.124007 -0.000000
v 0.125258 1.124668 -0.000000
v 0.125275 1.125329 -0.000000
v 0.125290 1.126014 -0.000000
v 0.125300 1.126744 -0.000000
v 0.125304 1.127543 -0.000000
v 0.124992 1.127543 -0.000000
v 0.124204 1.127543 -0.000000
v 0.123008 1.127543 -0.000000
v 0.121472 1.127543 -0.000000
v 0.119664 1.127543 -0.000000
v 0.117652 1.127543 -0.000000
v 0.115504 1.127543 -0.000000
v 0.113288 1.127543 -0.000000
v 0.111072 1.127543 -0.000000
v 0.108924 1.127543 -0.000000
v 0.106912 1.127543 -0.000000
v 0.105104 1.127543 -0.000000
v 0.104654 1.131607 -0.000000
v 0.103781 1.140425 -0.000000
v 0.103046 1.153254 -0.000000
v 0.103011 1.169347 -0.000000
v 0.104237 1.187962 -0.000000
v 0.107285 1.208352 -0.000000
v 0.112717 1.229774 -0.000000
v 0.121093 1.251483 -0.000000
v 0.132975 1.272733 -0.000000
v 0.148924 1.292780 -0.000000
v 0.169501 1.310880 -0.000000
v 0.195268 1.326288 -0.000000
v 0.195770 1.327670 -0.000000
v 0.194913 1.329965 -0.000000
v 0.192744 1.332796 -0.000000
v 0.189308 1.335784 -0.000000
v 0.184653 1.338549 -0.000000
v 0.178823 1.340715 -0.000000
v 0.171866 1.341902 -0.000000
v 0.163827 1.341733 -0.000000
v 0.154753 1.339828 -0.000000
v 0.144689 1.335809 -0.000000
v 0.133683 1.329298 -0.000000
v 0.121780 1.319917 -0.000000
v 0.120776 1.319228 -0.000000
v 0.120096 1.318817 -0.000000
v 0.119701 1.318697 -0.000000
v 0.119549 1.318877 -0.000000
v -0.000000 1.332422 -0.000000
v 0.000000 0.000000 0.000000
v 0.004370 0.000048 -0.000869
v 0.016553 0.000182 -0.003293
v 0.266705 0.002644 -0.053051
v 0.271412 0.003187 -0.053987
v 0.275817 0.004041 -0.054863
v 0.279890 0.005162 -0.055674
v 0.283600 0.006508 -0.056412
v 0.286916 0.008037 -0.057071
v 0.289807 0.009705 -0.057646
v 0.292241 0.011471 -0.058130
v 0.294188 0.013291 -0.058518
v 0.295618 0.015124 -0.058802
v 0.296498 0.016926 -0.058977
v 0.296798 0.046619 -0.059037
v 0.296005 0.050082 -0.058879
v 0.293813 0.052730 -0.058443
v 0.290499 0.054708 -0.057784
v 0.286344 0.056159 -0.056957
v 0.281627 0.057229 -0.056019
v 0.276627 0.058064 -0.055025
v 0.271623 0.058808 -0.054029
v 0.266894 0.059607 -0.053089
v 0.262719 0.060605 -0.052258
v 0.259378 0.061948 -0.051594
v 0.257150 0.063780 -0.051150
v 0.256314 0.066247 -0.050984
v 0.257279 0.069173 -0.051176
v 0.260030 0.072333 -0.051723
v 0.264213 0.075800 -0.052555
v 0.269470 0.079647 -0.053601
v 0.275445 0.083946 -0.054789
v 0.281782 0.088770 -0.056050
v 0.288125 0.094191 -0.057312
v 0.294118 0.100282 -0.058504
v 0.299403 0.107117 -0.059555
v 0.303625 0.114766 -0.060395
v 0.306428 0.123303 -0.060952
v 0.307456 0.132802 -0.061157
v 0.305323 0.147471 -0.060733
v 0.299371 0.161308 -0.059549
v 0.290359 0.174463 -0.057756
v 0.279048 0.187087 -0.055506
v 0.266200 0.199333 -0.052950
v 0.252575 0.211351 -0.050240
v 0.238935 0.223293 -0.047527
v 0.226040 0.235310 -0.044962
v 0.214652 0.247554 -0.042697
v 0.205530 0.260177 -0.040883
v 0.199437 0.273328 -0.039670
v 0.197133 0.287161 -0.039212
v 0.197030 0.295336 -0.039192
v 0.196861 0.302125 -0.039158
v 0.196540 0.307658 -0.039094
v 0.195983 0.312061 -0.038984
v 0.195106 0.315464 -0.038809
v 0.193823 0.317995 -0.038554
v 0.192050 0.319781 -0.038201
v 0.189701 0.320952 -0.037734
v 0.186693 0.321635 -0.037136
v 0.182941 0.321958 -0.036389
v 0.178359 0.322050 -0.035478
v 0.172864 0.322040 -0.034385
v 0.166918 0.329779 -0.033202
v 0.157683 0.351847 -0.031365
v 0.146237 0.386479 -0.029088
v 0.133655 0.431911 -0.026586
v 0.121017 0.486378 -0.024072
v 0.109400 0.548116 -0.021761
v 0.099881 0.615361 -0.019868
v 0.093538 0.686347 -0.018606
v 0.091449 0.759311 -0.018190
v 0.094691 0.832489 -0.018835
v 0.104341 0.904115 -0.020755
v 0.121478 0.972426 -0.024163
v 0.125051 0.972426 -0.024874
v 0.128374 0.972426 -0.025535
v 0.131532 0.972426 -0.026163
v 0.134606 0.972426 -0.026775
v 0.137681 0.972426 -0.027386
v 0.140838 0.972426 -0.028014
v 0.144162 0.972426 -0.028676
v 0.147735 0.972426 -0.029386
v 0.151640 0.972426 -0.030163
v 0.155961 0.972426 -0.031023
v 0.160780 0.972426 -0.031981
v 0.166181 0.972426 -0.033055
v 0.172077 0.973222 -0.034228
v 0.176901 0.975423 -0.035188
v 0.180654 0.978749 -0.035934
v 0.183334 0.982918 -0.036467
v 0.184942 0.987648 -0.036787
v 0.185478 0.992660 -0.036894
v 0.184942 0.997672 -0.036787
v 0.183334 1.002403 -0.036467
v 0.180654 1.006572 -0.035934
v 0.176901 1.009897 -0.035188
v 0.172077 1.012099 -0.034228
v 0.166181 1.012895 -0.033056
v 0.162975 1.012895 -0.032418
v 0.160340 1.012895 -0.031894
v 0.158195 1.012895 -0.031467
v 0.156456 1.012895 -0.031121
v 0.155044 1.012895 -0.030840
v 0.153877 1.012895 -0.030608
v 0.152873 1.012895 -0.030408
v 0.151950 1.012895 -0.030225
v 0.151027 1.012895 -0.030041
v 0.150023 1.012895 -0.029841
v 0.148855 1.012895 -0.029609
v 0.147443 1.012895 -0.029328
v 0.147401 1.014497 -0.029320
v 0.147373 1.016399 -0.029314
v 0.147358 1.018557 -0.029311
v 0.147354 1.020929 -0.029311
v 0.147358 1.023473 -0.029311
v 0.147368 1.026145 -0.029313
v 0.147382 1.028903 -0.029316
v 0.147399 1.031703 -0.029319
v 0.147415 1.034503 -0.029323
v 0.147429 1.037261 -0.029326
v 0.147440 1.039933 -0.029328
v 0.147443 1.042477 -0.029328
v 0.145056 1.042477 -0.028853
v 0.142354 1.042477 -0.028316
v 0.139384 1.042477 -0.027725
v 0.136190 1.042477 -0.027090
v 0.132817 1.042477 -0.026419
v 0.129310 1.042477 -0.025721
v 0.125713 1.042477 -0.025006
v 0.122072 1.042477 -0.024282
v 0.118430 1.042477 -0.023557
v 0.114833 1.042477 -0.022842
v 0.111326 1.042477 -0.022144
v 0.107953 1.042477 -0.021473
v 0.107911 1.044685 -0.021465
v 0.107883 1.048300 -0.021459
v 0.107868 1.053119 -0.021456
v 0.107864 1.058941 -0.021455
v 0.107868 1.065565 -0.021456
v 0.107878 1.072789 -0.021458
v 0.107892 1.080411 -0.021461
v 0.107908 1.088230 -0.021464
v 0.107925 1.096044 -0.021468
v 0.107939 1.103652 -0.021470
v 0.107949 1.110852 -0.021472
v 0.107953 1.117443 -0.021473
v 0.108110 1.117443 -0.021504
v 0.108644 1.117443 -0.021611
v 0.109503 1.117443 -0.021781
v 0.110631 1.117443 -0.022006
v 0.111975 1.117443 -0.022273
v 0.113481 1.117443 -0.022573
v 0.115096 1.117443 -0.022894
v 0.116764 1.117443 -0.023226
v 0.118432 1.117443 -0.023558
v 0.120046 1.117443 -0.023879
v 0.121552 1.117443 -0.024178
v 0.122896 1.117443 -0.024446
v 0.122854 1.118750 -0.024437
v 0.122826 1.119895 -0.024432
v 0.122811 1.120902 -0.024429
v 0.122807 1.121794 -0.024428
v 0.122811 1.122593 -0.024429
v 0.122821 1.123323 -0.024431
v 0.122835 1.124007 -0.024433
v 0.122852 1.124668 -0.024437
v 0.122868 1.125329 -0.024440
v 0.122882 1.126014 -0.024443
v 0.122893 1.126744 -0.024445
v 0.122896 1.127543 -0.024446
v 0.122590 1.127543 -0.024385
v 0.121817 1.127543 -0.024231
v 0.120644 1.127543 -0.023998
v 0.119138 1.127543 -0.023698
v 0.117365 1.127543 -0.023345
v 0.115391 1.127543 -0.022953
v 0.113284 1.127543 -0.022534
v 0.111111 1.127543 -0.022101
v 0.108938 1.127543 -0.021669
v 0.106831 1.127543 -0.021250
v 0.104857 1.127543 -0.020857
v 0.103084 1.127543 -0.020505
v 0.102643 1.131607 -0.020417
v 0.101787 1.140425 -0.020247
v 0.101066 1.153254 -0.020103
v 0.101032 1.169347 -0.020097
v 0.102234 1.187962 -0.020336
v 0.105224 1.208352 -0.020930
v 0.110551 1.229774 -0.021990
v 0.118766 1.251483 -0.023624
v 0.130420 1.272733 -0.025942
v 0.146062 1.292780 -0.029054
v 0.166244 1.310880 -0.033068
v 0.191516 1.326288 -0.038095
v 0.192008 1.327670 -0.038193
v 0.191168 1.329965 -0.038026
v 0.189040 1.332796 -0.037603
v 0.185671 1.335784 -0.036932
v 0.181105 1.338549 -0.036024
v 0.175387 1.340715 -0.034887
v 0.168563 1.341902 -0.033529
v 0.160679 1.341733 -0.031961
v 0.151779 1.339828 -0.030191
v 0.141909 1.335809 -0.028228
v 0.131114 1.329298 -0.026080
v 0.119440 1.319917 -0.023758
v 0.118456 1.319228 -0.023562
v 0.117789 1.318817 -0.023430
v 0.117401 1.318697 -0.023352
v 0.117252 1.318877 -0.023323
v 0.000000 0.000000 0.000000
v 0.004117 0.000048 -0.001705
v 0.015592 0.000182 -0.006459
v 0.251231 0.002644 -0.104063
v 0.255664 0.003187 -0.105900
v 0.259814 0.004041 -0.107619
v 0.263651 0.005162 -0.109208
v 0.267146 0.006508 -0.110655
v 0.270269 0.008037 -0.111949
v 0.272992 0.009705 -0.113077
v 0.275285 0.011471 -0.114027
v 0.277119 0.013291 -0.114787
v 0.278466 0.015124 -0.115344
v 0.279295 0.016926 -0.115688
v 0.279578 0.046618 -0.115805
v 0.278831 0.050082 -0.115496
v 0.276765 0.052730 -0.114640
v 0.273644 0.054708 -0.113347
v 0.269731 0.056159 -0.111726
v 0.265287 0.057229 -0.109886
v 0.260577 0.058064 -0.107935
v 0.255863 0.058808 -0.105982
v 0.251409 0.059607 -0.104137
v 0.247476 0.060605 -0.102508
v 0.244329 0.061948 -0.101204
v 0.242230 0.063780 -0.100335
v 0.241442 0.066247 -0.100009
v 0.242351 0.069173 -0.100385
v 0.244943 0.072333 -0.101459
v 0.248883 0.075800 -0.103091
v 0.253835 0.079647 -0.105142
v 0.259464 0.083946 -0.107473
v 0.265433 0.088770 -0.109946
v 0.271408 0.094191 -0.112421
v 0.277053 0.100282 -0.114759
v 0.282032 0.107117 -0.116821
v 0.286009 0.114766 -0.118469
v 0.288649 0.123303 -0.119562
v 0.289617 0.132801 -0.119963
v 0.287608 0.147471 -0.119131
v 0.282001 0.161308 -0.116809
v 0.273512 0.174463 -0.113292
v 0.262858 0.187087 -0.108879
v 0.250755 0.199333 -0.103866
v 0.237921 0.211351 -0.098550
v 0.225072 0.223293 -0.093228
v 0.212925 0.235310 -0.088197
v 0.202197 0.247554 -0.083753
v 0.193605 0.260177 -0.080194
v 0.187866 0.273328 -0.077816
v 0.185695 0.287161 -0.076917
v 0.185598 0.295336 -0.076877
v 0.185439 0.302125 -0.076811
v 0.185137 0.307658 -0.076686
v 0.184612 0.312061 -0.076469
v 0.183786 0.315464 -0.076127
v 0.182577 0.317995 -0.075626
v 0.180907 0.319781 -0.074934
v 0.178695 0.320952 -0.074018
v 0.175861 0.321635 -0.072844
v 0.172326 0.321958 -0.071380
v 0.168011 0.322050 -0.069592
v 0.162834 0.322040 -0.067448
v 0.157234 0.329779 -0.065128
v 0.148535 0.351847 -0.061525
v 0.137752 0.386479 -0.057059
v 0.125901 0.431911 -0.052150
v 0.113996 0.486378 -0.047219
v 0.103053 0.548116 -0.042686
v 0.094086 0.615361 -0.038972
v 0.088111 0.686347 -0.036497
v 0.086143 0.759311 -0.035682
v 0.089197 0.832489 -0.036946
v 0.098287 0.904115 -0.040712
v 0.114429 0.972426 -0.047398
v 0.117795 0.972426 -0.048792
v 0.120926 0.972426 -0.050089
v 0.123900 0.972426 -0.051321
v 0.126796 0.972426 -0.052521
v 0.129692 0.972426 -0.053720
v 0.132667 0.972426 -0.054952
v 0.135798 0.972426 -0.056249
v 0.139163 0.972426 -0.057643
v 0.142842 0.972426 -0.059167
v 0.146912 0.972426 -0.060853
v 0.151452 0.972426 -0.062733
v 0.156539 0.972426 -0.064841
v 0.162093 0.973222 -0.067141
v 0.166638 0.975423 -0.069024
v 0.170172 0.978749 -0.070488
v 0.172697 0.982918 -0.071533
v 0.174211 0.987648 -0.072161
v 0.174716 0.992660 -0.072370
v 0.174211 0.997672 -0.072161
v 0.172697 1.002403 -0.071533
v 0.170172 1.006572 -0.070488
v 0.166638 1.009897 -0.069024
v 0.162093 1.012099 -0.067141
v 0.156539 1.012895 -0.064841
v 0.153519 1.012895 -0.063590
v 0.151037 1.012895 -0.062562
v 0.149016 1.012895 -0.061724
v 0.147379 1.012895 -0.061046
v 0.146049 1.012895 -0.060495
v 0.144949 1.012895 -0.060040
v 0.144003 1.012895 -0.059648
v 0.143134 1.012895 -0.059288
v 0.142264 1.012895 -0.058928
v 0.141318 1.012895 -0.058536
v 0.140219 1.012895 -0.058081
v 0.138889 1.012895 -0.057530
v 0.138849 1.014497 -0.057513
v 0.138823 1.016399 -0.057502
v 0.138809 1.018557 -0.057496
v 0.138804 1.020929 -0.057495
v 0.138808 1.023473 -0.057496
v 0.138818 1.026145 -0.057500
v 0.138831 1.028903 -0.057506
v 0.138847 1.031703 -0.057512
v 0.138862 1.034503 -0.057519
v 0.138876 1.037261 -0.057524
v 0.138885 1.039933 -0.057528
v 0.138889 1.042477 -0.057530
v 0.136639 1.042477 -0.056598
v 0.134095 1.042477 -0.055544
v 0.131297 1.042477 -0.054385
v 0.128289 1.042477 -0.053139
v 0.125111 1.042477 -0.051823
v 0.121808 1.042477 -0.050454
v 0.118419 1.042477 -0.049051
v 0.114989 1.042477 -0.047630
v 0.111559 1.042477 -0.046209
v 0.108171 1.042477 -0.044806
v 0.104867 1.042477 -0.043437
v 0.101690 1.042477 -0.042121
v 0.101650 1.044685 -0.042105
v 0.101624 1.048300 -0.042094
v 0.101610 1.053119 -0.042088
v 0.101605 1.058941 -0.042086
v 0.101609 1.065565 -0.042088
v 0.101619 1.072789 -0.042092
v 0.101632 1.080411 -0.042097
v 0.101648 1.088230 -0.042104
v 0.101663 1.096044 -0.042110
v 0.101677 1.103652 -0.042116
v 0.101686 1.110852 -0.042120
v 0.101690 1.117443 -0.042121
v 0.101837 1.117443 -0.042182
v 0.102341 1.117443 -0.042391
v 0.103149 1.117443 -0.042726
v 0.104212 1.117443 -0.043166
v 0.105478 1.117443 -0.043691
v 0.106897 1.117443 -0.044278
v 0.108418 1.117443 -0.044908
v 0.109989 1.117443 -0.045559
v 0.111560 1.117443 -0.046210
v 0.113081 1.117443 -0.046840
v 0.114500 1.117443 -0.047427
v 0.115766 1.117443 -0.047952
v 0.115726 1.118750 -0.047935
v 0.115700 1.119895 -0.047925
v 0.115686 1.120902 -0.047919
v 0.115682 1.121794 -0.047917
v 0.115685 1.122593 -0.047918
v 0.115695 1.123323 -0.047922
v 0.115708 1.124007 -0.047928
v 0.115724 1.124668 -0.047934
v 0.115739 1.125329 -0.047941
v 0.115753 1.126014 -0.047946
v 0.115762 1.126744 -0.047950
v 0.115766 1.127543 -0.047952
v 0.115478 1.127543 -0.047832
v 0.114750 1.127543 -0.047531
v 0.113645 1.127543 -0.047073
v 0.112225 1.127543 -0.046485
v 0.110555 1.127543 -0.045793
v 0.108696 1.127543 -0.045023
v 0.106712 1.127543 -0.044201
v 0.104664 1.127543 -0.043353
v 0.102617 1.127543 -0.042505
v 0.100632 1.127543 -0.041683
v 0.098774 1.127543 -0.040913
v 0.097103 1.127543 -0.040221
v 0.096687 1.131607 -0.040049
v 0.095881 1.140425 -0.039715
v 0.095202 1.153254 -0.039434
v 0.095170 1.169347 -0.039421
v 0.096303 1.187962 -0.039890
v 0.099119 1.208352 -0.041056
v 0.104137 1.229774 -0.043135
v 0.111875 1.251483 -0.046340
v 0.122853 1.272733 -0.050887
v 0.137588 1.292780 -0.056991
v 0.156599 1.310880 -0.064865
v 0.180404 1.326288 -0.074726
v 0.180868 1.327670 -0.074918
v 0.180076 1.329965 -0.074590
v 0.178072 1.332796 -0.073760
v 0.174898 1.335784 -0.072445
v 0.170597 1.338549 -0.070664
v 0.165211 1.340715 -0.068433
v 0.158783 1.341902 -0.065770
v 0.151356 1.341733 -0.062694
v 0.142973 1.339828 -0.059221
v 0.133676 1.335809 -0.055370
v 0.123507 1.329298 -0.051158
v 0.112510 1.319917 -0.046603
v 0.111583 1.319228 -0.046219
v 0.110955 1.318817 -0.045959
v 0.110589 1.318697 -0.045808
v 0.110449 1.318877 -0.045750
v 0.000000 0.000000 0.000000
v 0.003705 0.000048 -0.002476
v 0.014033 0.000182 -0.009376
v 0.226102 0.002644 -0.151076
v 0.230092 0.003187 -0.153742
v 0.233827 0.004041 -0.156238
v 0.237280 0.005162 -0.158545
v 0.240425 0.006508 -0.160647
v 0.243236 0.008037 -0.162525
v 0.245686 0.009705 -0.164162
v 0.247750 0.011471 -0.165541
v 0.249401 0.013291 -0.166644
v 0.250613 0.015124 -0.167454
v 0.251359 0.016926 -0.167953
v 0.251613 0.046618 -0.168123
v 0.250941 0.050082 -0.167674
v 0.249082 0.052730 -0.166431
v 0.246273 0.054708 -0.164555
v 0.242751 0.056159 -0.162201
v 0.238752 0.057229 -0.159529
v 0.234513 0.058064 -0.156697
v 0.230271 0.058808 -0.153862
v 0.226262 0.059607 -0.151183
v 0.222723 0.060605 -0.148819
v 0.219890 0.061948 -0.146926
v 0.218001 0.063780 -0.145664
v 0.217292 0.066247 -0.145190
v 0.218110 0.069173 -0.145737
v 0.220443 0.072333 -0.147295
v 0.223989 0.075800 -0.149665
v 0.228446 0.079647 -0.152642
v 0.233511 0.083946 -0.156027
v 0.238884 0.088770 -0.159617
v 0.244261 0.094191 -0.163210
v 0.249341 0.100282 -0.166604
v 0.253822 0.107117 -0.169598
v 0.257401 0.114766 -0.171990
v 0.259777 0.123303 -0.173578
v 0.260648 0.132801 -0.174160
v 0.258841 0.147471 -0.172952
v 0.253794 0.161308 -0.169580
v 0.246154 0.174463 -0.164475
v 0.236566 0.187087 -0.158068
v 0.225674 0.199333 -0.150790
v 0.214123 0.211351 -0.143073
v 0.202560 0.223293 -0.135346
v 0.191628 0.235310 -0.128042
v 0.181973 0.247554 -0.121590
v 0.174240 0.260177 -0.116424
v 0.169075 0.273328 -0.112972
v 0.167121 0.287161 -0.111667
v 0.167034 0.295336 -0.111609
v 0.166891 0.302125 -0.111513
v 0.166619 0.307658 -0.111331
v 0.166147 0.312061 -0.111016
v 0.165403 0.315464 -0.110519
v 0.164315 0.317995 -0.109792
v 0.162812 0.319781 -0.108787
v 0.160821 0.320952 -0.107457
v 0.158271 0.321635 -0.105753
v 0.155090 0.321958 -0.103628
v 0.151206 0.322050 -0.101032
v 0.146547 0.322040 -0.097919
v 0.141507 0.329779 -0.094552
v 0.133678 0.351847 -0.089321
v 0.123973 0.386479 -0.082836
v 0.113308 0.431911 -0.075710
v 0.102594 0.486378 -0.068551
v 0.092745 0.548116 -0.061970
v 0.084675 0.615361 -0.056578
v 0.079298 0.686347 -0.052985
v 0.077527 0.759311 -0.051802
v 0.080275 0.832489 -0.053638
v 0.088456 0.904115 -0.059104
v 0.102984 0.972426 -0.068812
v 0.106013 0.972426 -0.070835
v 0.108831 0.972426 -0.072718
v 0.111507 0.972426 -0.074507
v 0.114114 0.972426 -0.076248
v 0.116720 0.972426 -0.077990
v 0.119397 0.972426 -0.079779
v 0.122215 0.972426 -0.081661
v 0.125244 0.972426 -0.083685
v 0.128555 0.972426 -0.085897
v 0.132217 0.972426 -0.088345
v 0.136303 0.972426 -0.091075
v 0.140882 0.972426 -0.094134
v 0.145880 0.973222 -0.097474
v 0.149970 0.975423 -0.100207
v 0.153151 0.978749 -0.102332
v 0.155423 0.982918 -0.103850
v 0.156786 0.987648 -0.104761
v 0.157240 0.992660 -0.105065
v 0.156786 0.997672 -0.104761
v 0.155423 1.002403 -0.103850
v 0.153151 1.006572 -0.102332
v 0.149970 1.009897 -0.100207
v 0.145880 1.012099 -0.097474
v 0.140882 1.012895 -0.094134
v 0.138164 1.012895 -0.092318
v 0.135930 1.012895 -0.090826
v 0.134111 1.012895 -0.089610
v 0.132637 1.012895 -0.088625
v 0.131440 1.012895 -0.087826
v 0.130451 1.012895 -0.087164
v 0.129599 1.012895 -0.086595
v 0.128817 1.012895 -0.086073
v 0.128035 1.012895 -0.085550
v 0.127183 1.012895 -0.084981
v 0.126194 1.012895 -0.084320
v 0.124997 1.012895 -0.083520
v 0.124961 1.014497 -0.083496
v 0.124937 1.016399 -0.083480
v 0.124925 1.018557 -0.083472
v 0.124921 1.020929 -0.083469
v 0.124924 1.023473 -0.083471
v 0.124932 1.026145 -0.083477
v 0.124945 1.028903 -0.083485
v 0.124959 1.031703 -0.083495
v 0.124973 1.034503 -0.083504
v 0.124985 1.037261 -0.083512
v 0.124993 1.039933 -0.083518
v 0.124997 1.042477 -0.083520
v 0.122972 1.042477 -0.082167
v 0.120682 1.042477 -0.080637
v 0.118164 1.042477 -0.078955
v 0.115457 1.042477 -0.077146
v 0.112597 1.042477 -0.075235
v 0.109624 1.042477 -0.073248
v 0.106575 1.042477 -0.071211
v 0.103488 1.042477 -0.069148
v 0.100400 1.042477 -0.067085
v 0.097351 1.042477 -0.065048
v 0.094378 1.042477 -0.063061
v 0.091518 1.042477 -0.061151
v 0.091482 1.044685 -0.061127
v 0.091459 1.048300 -0.061111
v 0.091446 1.053119 -0.061102
v 0.091442 1.058941 -0.061100
v 0.091446 1.065565 -0.061102
v 0.091454 1.072789 -0.061108
v 0.091466 1.080411 -0.061116
v 0.091480 1.088230 -0.061125
v 0.091494 1.096044 -0.061135
v 0.091507 1.103652 -0.061143
v 0.091515 1.110852 -0.061148
v 0.091518 1.117443 -0.061151
v 0.091651 1.117443 -0.061239
v 0.092104 1.117443 -0.061542
v 0.092832 1.117443 -0.062028
v 0.093788 1.117443 -0.062667
v 0.094928 1.117443 -0.063429
v 0.096205 1.117443 -0.064282
v 0.097573 1.117443 -0.065196
v 0.098987 1.117443 -0.066141
v 0.100402 1.117443 -0.067086
v 0.101770 1.117443 -0.068001
v 0.103047 1.117443 -0.068854
v 0.104187 1.117443 -0.069615
v 0.104151 1.118750 -0.069591
v 0.104127 1.119895 -0.069576
v 0.104114 1.120902 -0.069567
v 0.104111 1.121794 -0.069565
v 0.104114 1.122593 -0.069567
v 0.104122 1.123323 -0.069572
v 0.104135 1.124007 -0.069581
v 0.104149 1.124668 -0.069590
v 0.104163 1.125329 -0.069599
v 0.104175 1.126014 -0.069607
v 0.104183 1.126744 -0.069613
v 0.104187 1.127543 -0.069615
v 0.103927 1.127543 -0.069442
v 0.103272 1.127543 -0.069004
v 0.102277 1.127543 -0.068340
v 0.101000 1.127543 -0.067486
v 0.099497 1.127543 -0.066482
v 0.097824 1.127543 -0.065364
v 0.096038 1.127543 -0.064171
v 0.094195 1.127543 -0.062939
v 0.092353 1.127543 -0.061708
v 0.090567 1.127543 -0.060515
v 0.088894 1.127543 -0.059397
v 0.087391 1.127543 -0.058392
v 0.087016 1.131607 -0.058143
v 0.086291 1.140425 -0.057658
v 0.085680 1.153254 -0.057249
v 0.085651 1.169347 -0.057230
v 0.086670 1.187962 -0.057911
v 0.089204 1.208352 -0.059605
v 0.093721 1.229774 -0.062622
v 0.100685 1.251483 -0.067276
v 0.110564 1.272733 -0.073877
v 0.123826 1.292780 -0.082738
v 0.140935 1.310880 -0.094170
v 0.162360 1.326288 -0.108485
v 0.162777 1.327670 -0.108764
v 0.162065 1.329965 -0.108288
v 0.160261 1.332796 -0.107083
v 0.157404 1.335784 -0.105174
v 0.153533 1.338549 -0.102588
v 0.148686 1.340715 -0.099349
v 0.142901 1.341902 -0.095483
v 0.136217 1.341733 -0.091017
v 0.128672 1.339828 -0.085976
v 0.120305 1.335809 -0.080385
v 0.111153 1.329298 -0.074270
v 0.101256 1.319917 -0.067657
v 0.100422 1.319228 -0.067100
v 0.099857 1.318817 -0.066722
v 0.099528 1.318697 -0.066502
v 0.099402 1.318877 -0.066418
v 0.000000 0.000000 0.000000
v 0.003151 0.000048 -0.003151
v 0.011934 0.000182 -0.011934
v 0.192284 0.002644 -0.192284
v 0.195677 0.003187 -0.195677
v 0.198853 0.004041 -0.198853
v 0.201790 0.005162 -0.201790
v 0.204464 0.006508 -0.204464
v 0.206855 0.008037 -0.206855
v 0.208939 0.009705 -0.208939
v 0.210694 0.011471 -0.210694
v 0.212098 0.013291 -0.212098
v 0.213128 0.015124 -0.213128
v 0.213763 0.016926 -0.213763
v 0.213980 0.046618 -0.213980
v 0.213408 0.050082 -0.213408
v 0.211827 0.052730 -0.211827
v 0.209438 0.054708 -0.209438
v 0.206443 0.056159 -0.206443
v 0.203042 0.057229 -0.203042
v 0.199437 0.058064 -0.199437
v 0.195829 0.058808 -0.195829
v 0.192420 0.059607 -0.192420
v 0.189410 0.060605 -0.189410
v 0.187001 0.061948 -0.187001
v 0.185395 0.063780 -0.185395
v 0.184792 0.066247 -0.184792
v 0.185487 0.069173 -0.185487
v 0.187471 0.072333 -0.187471
v 0.190487 0.075800 -0.190487
v 0.194277 0.079647 -0.194277
v 0.198585 0.083946 -0.198585
v 0.203154 0.088770 -0.203154
v 0.207727 0.094191 -0.207727
v 0.212047 0.100282 -0.212047
v 0.215858 0.107117 -0.215858
v 0.218902 0.114766 -0.218902
v 0.220923 0.123303 -0.220923
v 0.221663 0.132801 -0.221663
v 0.220126 0.147471 -0.220126
v 0.215834 0.161308 -0.215834
v 0.209337 0.174463 -0.209337
v 0.201182 0.187087 -0.201182
v 0.191920 0.199333 -0.191920
v 0.182097 0.211351 -0.182097
v 0.172263 0.223293 -0.172263
v 0.162966 0.235310 -0.162966
v 0.154755 0.247554 -0.154755
v 0.148179 0.260177 -0.148179
v 0.143786 0.273328 -0.143786
v 0.142125 0.287161 -0.142125
v 0.142051 0.295336 -0.142051
v 0.141929 0.302125 -0.141929
v 0.141698 0.307658 -0.141698
v 0.141296 0.312061 -0.141296
v 0.140664 0.315464 -0.140664
v 0.139739 0.317995 -0.139739
v 0.138460 0.319781 -0.138460
v 0.136767 0.320952 -0.136767
v 0.134598 0.321635 -0.134598
v 0.131893 0.321958 -0.131893
v 0.128590 0.322050 -0.128590
v 0.124628 0.322040 -0.124628
v 0.120341 0.329779 -0.120341
v 0.113683 0.351847 -0.113683
v 0.105431 0.386479 -0.105431
v 0.096360 0.431911 -0.096360
v 0.087249 0.486378 -0.087249
v 0.078873 0.548116 -0.078873
v 0.072010 0.615361 -0.072010
v 0.067437 0.686347 -0.067437
v 0.065931 0.759311 -0.065931
v 0.068268 0.832489 -0.068268
v 0.075226 0.904115 -0.075226
v 0.087581 0.972426 -0.087580
v 0.090156 0.972426 -0.090156
v 0.092553 0.972426 -0.092553
v 0.094829 0.972426 -0.094829
v 0.097046 0.972426 -0.097046
v 0.099262 0.972426 -0.099262
v 0.101539 0.972426 -0.101539
v 0.103935 0.972426 -0.103935
v 0.106511 0.972426 -0.106511
v 0.109327 0.972426 -0.109327
v 0.112442 0.972426 -0.112442
v 0.115916 0.972426 -0.115916
v 0.119810 0.972426 -0.119810
v 0.124061 0.973222 -0.124061
v 0.127539 0.975423 -0.127539
v 0.130244 0.978749 -0.130244
v 0.132176 0.982918 -0.132176
v 0.133336 0.987648 -0.133336
v 0.133722 0.992660 -0.133722
v 0.133336 0.997672 -0.133336
v 0.132176 1.002403 -0.132176
v 0.130244 1.006572 -0.130244
v 0.127539 1.009897 -0.127539
v 0.124061 1.012099 -0.124061
v 0.119810 1.012895 -0.119810
v 0.117499 1.012895 -0.117499
v 0.115599 1.012895 -0.115599
v 0.114052 1.012895 -0.114052
v 0.112799 1.012895 -0.112799
v 0.111781 1.012895 -0.111781
v 0.110939 1.012895 -0.110939
v 0.110215 1.012895 -0.110215
v 0.109550 1.012895 -0.109550
v 0.108885 1.012895 -0.108884
v 0.108160 1.012895 -0.108160
v 0.107319 1.012895 -0.107319
v 0.106301 1.012895 -0.106301
v 0.106270 1.014497 -0.106270
v 0.106250 1.016399 -0.106250
v 0.106240 1.018557 -0.106240
v 0.106236 1.020929 -0.106236
v 0.106239 1.023473 -0.106239
v 0.106246 1.026145 -0.106246
v 0.106257 1.028903 -0.106257
v 0.106269 1.031703 -0.106269
v 0.106280 1.034503 -0.106280
v 0.106291 1.037261 -0.106291
v 0.106298 1.039933 -0.106298
v 0.106301 1.042477 -0.106301
v 0.104579 1.042477 -0.104579
v 0.102632 1.042477 -0.102632
v 0.100490 1.042477 -0.100490
v 0.098188 1.042477 -0.098188
v 0.095756 1.042477 -0.095756
v 0.093227 1.042477 -0.093227
v 0.090634 1.042477 -0.090634
v 0.088009 1.042477 -0.088009
v 0.085383 1.042477 -0.085383
v 0.082790 1.042477 -0.082790
v 0.080262 1.042477 -0.080262
v 0.077830 1.042477 -0.077830
v 0.077799 1.044685 -0.077799
v 0.077780 1.048300 -0.077780
v 0.077769 1.053119 -0.077769
v 0.077765 1.058941 -0.077765
v 0.077768 1.065565 -0.077768
v 0.077776 1.072789 -0.077775
v 0.077786 1.080411 -0.077786
v 0.077798 1.088230 -0.077798
v 0.077810 1.096044 -0.077810
v 0.077820 1.103652 -0.077820
v 0.077827 1.110852 -0.077827
v 0.077830 1.117443 -0.077830
v 0.077943 1.117443 -0.077943
v 0.078328 1.117443 -0.078328
v 0.078947 1.117443 -0.078947
v 0.079760 1.117443 -0.079760
v 0.080730 1.117443 -0.080730
v 0.081816 1.117443 -0.081816
v 0.082979 1.117443 -0.082979
v 0.084182 1.117443 -0.084182
v 0.085385 1.117443 -0.085385
v 0.086548 1.117443 -0.086548
v 0.087634 1.117443 -0.087634
v 0.088603 1.117443 -0.088603
v 0.088573 1.118750 -0.088573
v 0.088553 1.119895 -0.088553
v 0.088542 1.120902 -0.088542
v 0.088539 1.121794 -0.088539
v 0.088542 1.122593 -0.088542
v 0.088549 1.123323 -0.088549
v 0.088559 1.124007 -0.088559
v 0.088571 1.124668 -0.088571
v 0.088583 1.125329 -0.088583
v 0.088593 1.126014 -0.088593
v 0.088601 1.126744 -0.088601
v 0.088603 1.127543 -0.088603
v 0.088383 1.127543 -0.088383
v 0.087826 1.127543 -0.087826
v 0.086980 1.127543 -0.086980
v 0.085894 1.127543 -0.085894
v 0.084615 1.127543 -0.084615
v 0.083192 1.127543 -0.083192
v 0.081674 1.127543 -0.081674
v 0.080107 1.127543 -0.080107
v 0.078540 1.127543 -0.078540
v 0.077021 1.127543 -0.077021
v 0.075598 1.127543 -0.075598
v 0.074320 1.127543 -0.074320
v 0.074001 1.131607 -0.074001
v 0.073384 1.140425 -0.073384
v 0.072865 1.153254 -0.072865
v 0.072840 1.169347 -0.072840
v 0.073707 1.187962 -0.073707
v 0.075862 1.208352 -0.075862
v 0.079703 1.229774 -0.079703
v 0.085626 1.251483 -0.085625
v 0.094027 1.272733 -0.094027
v 0.105305 1.292780 -0.105305
v 0.119855 1.310880 -0.119855
v 0.138076 1.326288 -0.138076
v 0.138430 1.327670 -0.138430
v 0.137825 1.329965 -0.137825
v 0.136291 1.332796 -0.136291
v 0.133861 1.335784 -0.133861
v 0.130569 1.338549 -0.130569
v 0.126447 1.340715 -0.126447
v 0.121527 1.341902 -0.121527
v 0.115843 1.341733 -0.115843
v 0.109427 1.339828 -0.109427
v 0.102311 1.335809 -0.102311
v 0.094528 1.329298 -0.094528
v 0.086112 1.319917 -0.086112
v 0.085402 1.319228 -0.085402
v 0.084921 1.318817 -0.084921
v 0.084641 1.318697 -0.084641
v 0.084534 1.318877 -0.084534
v 0.000000 0.000000 0.000000
v 0.002476 0.000048 -0.003705
v 0.009376 0.000182 -0.014033
v 0.151076 0.002644 -0.226102
v 0.153742 0.003187 -0.230092
v 0.156238 0.004041 -0.233827
v 0.158545 0.005162 -0.237280
v 0.160647 0.006508 -0.240425
v 0.162525 0.008037 -0.243236
v 0.164162 0.009705 -0.245686
v 0.165541 0.011471 -0.247750
v 0.166644 0.013291 -0.249401
v 0.167454 0.015124 -0.250613
v 0.167953 0.016926 -0.251359
v 0.168123 0.046618 -0.251613
v 0.167674 0.050082 -0.250941
v 0.166431 0.052730 -0.249082
v 0.164555 0.054708 -0.246273
v 0.162201 0.056159 -0.242751
v 0.159529 0.057229 -0.238752
v 0.156697 0.058064 -0.234513
v 0.153862 0.058808 -0.230271
v 0.151183 0.059607 -0.226262
v 0.148819 0.060605 -0.222723
v 0.146926 0.061948 -0.219890
v 0.145664 0.063780 -0.218001
v 0.145190 0.066247 -0.217292
v 0.145737 0.069173 -0.218110
v 0.147295 0.072333 -0.220443
v 0.149665 0.075800 -0.223989
v 0.152642 0.079647 -0.228446
v 0.156027 0.083946 -0.233511
v 0.159617 0.088770 -0.238884
v 0.163210 0.094191 -0.244261
v 0.166604 0.100282 -0.249341
v 0.169598 0.107117 -0.253822
v 0.171990 0.114766 -0.257401
v 0.173578 0.123303 -0.259777
v 0.174160 0.132801 -0.260648
v 0.172952 0.147471 -0.258841
v 0.169580 0.161308 -0.253794
v 0.164475 0.174463 -0.246154
v 0.158068 0.187087 -0.236566
v 0.150790 0.199333 -0.225674
v 0.143073 0.211351 -0.214123
v 0.135346 0.223293 -0.202560
v 0.128042 0.235310 -0.191628
v 0.121590 0.247554 -0.181973
v 0.116424 0.260177 -0.174240
v 0.112972 0.273328 -0.169075
v 0.111667 0.287161 -0.167121
v 0.111609 0.295336 -0.167034
v 0.111513 0.302125 -0.166891
v 0.111331 0.307658 -0.166619
v 0.111016 0.312061 -0.166147
v 0.110519 0.315464 -0.165403
v 0.109792 0.317995 -0.164315
v 0.108787 0.319781 -0.162812
v 0.107457 0.320952 -0.160821
v 0.105753 0.321635 -0.158271
v 0.103628 0.321958 -0.155090
v 0.101032 0.322050 -0.151206
v 0.097919 0.322040 -0.146547
v 0.094552 0.329779 -0.141507
v 0.089321 0.351847 -0.133678
v 0.082836 0.386479 -0.123974
v 0.075710 0.431911 -0.113308
v 0.068551 0.486378 -0.102594
v 0.061970 0.548116 -0.092745
v 0.056578 0.615361 -0.084675
v 0.052985 0.686347 -0.079298
v 0.051802 0.759311 -0.077527
v 0.053638 0.832489 -0.080275
v 0.059104 0.904115 -0.088456
v 0.068812 0.972426 -0.102984
v 0.070836 0.972426 -0.106013
v 0.072718 0.972426 -0.108831
v 0.074507 0.972426 -0.111507
v 0.076248 0.972426 -0.114114
v 0.077990 0.972426 -0.116720
v 0.079779 0.972426 -0.119397
v 0.081661 0.972426 -0.122215
v 0.083685 0.972426 -0.125244
v 0.085897 0.972426 -0.128555
v 0.088345 0.972426 -0.132217
v 0.091075 0.972426 -0.136303
v 0.094134 0.972426 -0.140882
v 0.097474 0.973222 -0.145880
v 0.100207 0.975423 -0.149970
v 0.102332 0.978749 -0.153151
v 0.103850 0.982918 -0.155423
v 0.104761 0.987648 -0.156786
v 0.105065 0.992660 -0.157240
v 0.104761 0.997672 -0.156786
v 0.103850 1.002403 -0.155423
v 0.102332 1.006572 -0.153151
v 0.100207 1.009897 -0.149970
v 0.097474 1.012099 -0.145880
v 0.094134 1.012895 -0.140882
v 0.092318 1.012895 -0.138164
v 0.090826 1.012895 -0.135930
v 0.089610 1.012895 -0.134111
v 0.088625 1.012895 -0.132637
v 0.087826 1.012895 -0.131440
v 0.087164 1.012895 -0.130451
v 0.086595 1.012895 -0.129599
v 0.086073 1.012895 -0.128817
v 0.085550 1.012895 -0.128035
v 0.084981 1.012895 -0.127183
v 0.084320 1.012895 -0.126194
v 0.083520 1.012895 -0.124997
v 0.083496 1.014497 -0.124961
v 0.083480 1.016399 -0.124937
v 0.083472 1.018557 -0.124924
v 0.083469 1.020929 -0.124921
v 0.083472 1.023473 -0.124924
v 0.083477 1.026145 -0.124933
v 0.083485 1.028903 -0.124945
v 0.083495 1.031703 -0.124959
v 0.083504 1.034503 -0.124973
v 0.083512 1.037261 -0.124985
v 0.083518 1.039933 -0.124993
v 0.083520 1.042477 -0.124997
v 0.082167 1.042477 -0.122972
v 0.080637 1.042477 -0.120682
v 0.078955 1.042477 -0.118164
v 0.077146 1.042477 -0.115457
v 0.075235 1.042477 -0.112597
v 0.073248 1.042477 -0.109624
v 0.071211 1.042477 -0.106575
v 0.069148 1.042477 -0.103488
v 0.067085 1.042477 -0.100400
v 0.065048 1.042477 -0.097351
v 0.063061 1.042477 -0.094378
v 0.061151 1.042477 -0.091518
v 0.061127 1.044685 -0.091482
v 0.061111 1.048300 -0.091459
v 0.061102 1.053119 -0.091446
v 0.061100 1.058941 -0.091442
v 0.061102 1.065565 -0.091446
v 0.061108 1.072789 -0.091454
v 0.061116 1.080411 -0.091466
v 0.061125 1.088230 -0.091480
v 0.061135 1.096044 -0.091494
v 0.061143 1.103652 -0.091507
v 0.061148 1.110852 -0.091515
v 0.061151 1.117443 -0.091518
v 0.061239 1.117443 -0.091651
v 0.061542 1.117443 -0.092104
v 0.062028 1.117443 -0.092832
v 0.062667 1.117443 -0.093788
v 0.063429 1.117443 -0.094928
v 0.064282 1.117443 -0.096205
v 0.065196 1.117443 -0.097573
v 0.066141 1.117443 -0.098987
v 0.067086 1.117443 -0.100402
v 0.068001 1.117443 -0.101770
v 0.068854 1.117443 -0.103047
v 0.069615 1.117443 -0.104187
v 0.069591 1.118750 -0.104151
v 0.069576 1.119895 -0.104127
v 0.069567 1.120902 -0.104115
v 0.069565 1.121794 -0.104111
v 0.069567 1.122593 -0.104114
v 0.069572 1.123323 -0.104123
v 0.069581 1.124007 -0.104135
v 0.069590 1.124668 -0.104149
v 0.069599 1.125329 -0.104163
v 0.069607 1.126014 -0.104175
v 0.069613 1.126744 -0.104183
v 0.069615 1.127543 -0.104187
v 0.069442 1.127543 -0.103927
v 0.069004 1.127543 -0.103272
v 0.068340 1.127543 -0.102277
v 0.067486 1.127543 -0.101000
v 0.066482 1.127543 -0.099497
v 0.065364 1.127543 -0.097824
v 0.064171 1.127543 -0.096038
v 0.062939 1.127543 -0.094195
v 0.061708 1.127543 -0.092353
v 0.060515 1.127543 -0.090567
v 0.059397 1.127543 -0.088894
v 0.058392 1.127543 -0.087391
v 0.058143 1.131607 -0.087016
v 0.057658 1.140425 -0.086291
v 0.057250 1.153254 -0.085680
v 0.057230 1.169347 -0.085651
v 0.057911 1.187962 -0.086670
v 0.059605 1.208352 -0.089205
v 0.062622 1.229774 -0.093721
v 0.067276 1.251483 -0.100685
v 0.073877 1.272733 -0.110564
v 0.082738 1.292780 -0.123826
v 0.094170 1.310880 -0.140935
v 0.108485 1.326288 -0.162360
v 0.108764 1.327670 -0.162777
v 0.108288 1.329965 -0.162065
v 0.107083 1.332796 -0.160261
v 0.105174 1.335784 -0.157404
v 0.102588 1.338549 -0.153533
v 0.099349 1.340715 -0.148686
v 0.095484 1.341902 -0.142901
v 0.091017 1.341733 -0.136217
v 0.085976 1.339828 -0.128672
v 0.080385 1.335809 -0.120305
v 0.074270 1.329298 -0.111153
v 0.067657 1.319917 -0.101256
v 0.067100 1.319228 -0.100422
v 0.066722 1.318817 -0.099857
v 0.066502 1.318697 -0.099528
v 0.066418 1.318877 -0.099402
v 0.000000 0.000000 0.000000
v 0.001705 0.000048 -0.004117
v 0.006459 0.000182 -0.015592
v 0.104063 0.002644 -0.251231
v 0.105900 0.003187 -0.255664
v 0.107619 0.004041 -0.259814
v 0.109208 0.005162 -0.263651
v 0.110655 0.006508 -0.267146
v 0.111949 0.008037 -0.270269
v 0.113077 0.009705 -0.272992
v 0.114027 0.011471 -0.275285
v 0.114787 0.013291 -0.277119
v 0.115344 0.015124 -0.278466
v 0.115688 0.016926 -0.279295
v 0.115805 0.046618 -0.279578
v 0.115496 0.050082 -0.278831
v 0.114640 0.052730 -0.276765
v 0.113347 0.054708 -0.273644
v 0.111726 0.056159 -0.269731
v 0.109886 0.057229 -0.265287
v 0.107935 0.058064 -0.260577
v 0.105982 0.058808 -0.255863
v 0.104137 0.059607 -0.251409
v 0.102508 0.060605 -0.247476
v 0.101204 0.061948 -0.244329
v 0.100335 0.063780 -0.242230
v 0.100009 0.066247 -0.241442
v 0.100385 0.069173 -0.242351
v 0.101459 0.072333 -0.244943
v 0.103091 0.075800 -0.248883
v 0.105142 0.079647 -0.253835
v 0.107473 0.083946 -0.259464
v 0.109946 0.088770 -0.265433
v 0.112421 0.094191 -0.271408
v 0.114759 0.100282 -0.277053
v 0.116821 0.107117 -0.282032
v 0.118469 0.114766 -0.286009
v 0.119562 0.123303 -0.288649
v 0.119963 0.132801 -0.289617
v 0.119131 0.147471 -0.287608
v 0.116809 0.161308 -0.282001
v 0.113292 0.174463 -0.273512
v 0.108879 0.187087 -0.262858
v 0.103866 0.199333 -0.250755
v 0.098550 0.211351 -0.237921
v 0.093228 0.223293 -0.225072
v 0.088197 0.235310 -0.212925
v 0.083753 0.247554 -0.202197
v 0.080194 0.260177 -0.193605
v 0.077816 0.273328 -0.187866
v 0.076917 0.287161 -0.185695
v 0.076877 0.295336 -0.185598
v 0.076811 0.302125 -0.185439
v 0.076686 0.307658 -0.185137
v 0.076469 0.312061 -0.184612
v 0.076127 0.315464 -0.183786
v 0.075626 0.317995 -0.182577
v 0.074934 0.319781 -0.180907
v 0.074018 0.320952 -0.178695
v 0.072844 0.321635 -0.175861
v 0.071380 0.321958 -0.172327
v 0.069592 0.322050 -0.168011
v 0.067448 0.322040 -0.162834
v 0.065128 0.329779 -0.157234
v 0.061525 0.351847 -0.148535
v 0.057059 0.386479 -0.137752
v 0.052150 0.431911 -0.125901
v 0.047219 0.486378 -0.113996
v 0.042686 0.548116 -0.103053
v 0.038972 0.615361 -0.094086
v 0.036497 0.686347 -0.088111
v 0.035682 0.759311 -0.086143
v 0.036946 0.832489 -0.089197
v 0.040712 0.904115 -0.098287
v 0.047398 0.972426 -0.114429
v 0.048792 0.972426 -0.117795
v 0.050089 0.972426 -0.120926
v 0.051321 0.972426 -0.123900
v 0.052521 0.972426 -0.126796
v 0.053720 0.972426 -0.129692
v 0.054952 0.972426 -0.132667
v 0.056249 0.972426 -0.135798
v 0.057643 0.972426 -0.139163
v 0.059167 0.972426 -0.142842
v 0.060853 0.972426 -0.146912
v 0.062733 0.972426 -0.151452
v 0.064841 0.972426 -0.156539
v 0.067141 0.973222 -0.162093
v 0.069024 0.975423 -0.166638
v 0.070488 0.978749 -0.170172
v 0.071533 0.982918 -0.172697
v 0.072161 0.987648 -0.174211
v 0.072370 0.992660 -0.174716
v 0.072161 0.997672 -0.174211
v 0.071533 1.002403 -0.172697
v 0.070488 1.006572 -0.170172
v 0.069024 1.009897 -0.166638
v 0.067141 1.012099 -0.162093
v 0.064841 1.012895 -0.156539
v 0.063590 1.012895 -0.153519
v 0.062562 1.012895 -0.151037
v 0.061725 1.012895 -0.149016
v 0.061046 1.012895 -0.147379
v 0.060495 1.012895 -0.146049
v 0.060040 1.012895 -0.144949
v 0.059648 1.012895 -0.144003
v 0.059288 1.012895 -0.143134
v 0.058928 1.012895 -0.142264
v 0.058536 1.012895 -0.141318
v 0.058081 1.012895 -0.140219
v 0.057530 1.012895 -0.138889
v 0.057513 1.014497 -0.138849
v 0.057502 1.016399 -0.138823
v 0.057496 1.018557 -0.138809
v 0.057495 1.020929 -0.138804
v 0.057496 1.023473 -0.138808
v 0.057500 1.026145 -0.138818
v 0.057506 1.028903 -0.138831
v 0.057512 1.031703 -0.138847
v 0.057519 1.034503 -0.138862
v 0.057524 1.037261 -0.138876
v 0.057528 1.039933 -0.138885
v 0.057530 1.042477 -0.138889
v 0.056598 1.042477 -0.136639
v 0.055544 1.042477 -0.134095
v 0.054385 1.042477 -0.131297
v 0.053139 1.042477 -0.128289
v 0.051823 1.042477 -0.125111
v 0.050454 1.042477 -0.121808
v 0.049051 1.042477 -0.118419
v 0.047630 1.042477 -0.114989
v 0.046209 1.042477 -0.111559
v 0.044806 1.042477 -0.108171
v 0.043437 1.042477 -0.104867
v 0.042121 1.042477 -0.101690
v 0.042105 1.044685 -0.101650
v 0.042094 1.048300 -0.101624
v 0.042088 1.053119 -0.101610
v 0.042086 1.058941 -0.101605
v 0.042088 1.065565 -0.101609
v 0.042092 1.072789 -0.101619
v 0.042097 1.080411 -0.101632
v 0.042104 1.088230 -0.101648
v 0.042110 1.096044 -0.101663
v 0.042116 1.103652 -0.101677
v 0.042120 1.110852 -0.101686
v 0.042121 1.117443 -0.101690
v 0.042182 1.117443 -0.101837
v 0.042391 1.117443 -0.102341
v 0.042726 1.117443 -0.103149
v 0.043166 1.117443 -0.104212
v 0.043691 1.117443 -0.105478
v 0.044278 1.117443 -0.106897
v 0.044908 1.117443 -0.108418
v 0.045559 1.117443 -0.109989
v 0.046210 1.117443 -0.111560
v 0.046840 1.117443 -0.113081
v 0.047427 1.117443 -0.114500
v 0.047952 1.117443 -0.115766
v 0.047935 1.118750 -0.115726
v 0.047925 1.119895 -0.115700
v 0.047919 1.120902 -0.115686
v 0.047917 1.121794 -0.115682
v 0.047918 1.122593 -0.115685
v 0.047922 1.123323 -0.115695
v 0.047928 1.124007 -0.115708
v 0.047934 1.124668 -0.115724
v 0.047941 1.125329 -0.115739
v 0.047946 1.126014 -0.115753
v 0.047950 1.126744 -0.115762
v 0.047952 1.127543 -0.115766
v 0.047832 1.127543 -0.115478
v 0.047531 1.127543 -0.114750
v 0.047073 1.127543 -0.113645
v 0.046485 1.127543 -0.112225
v 0.045793 1.127543 -0.110555
v 0.045023 1.127543 -0.108696
v 0.044201 1.127543 -0.106712
v 0.043353 1.127543 -0.104664
v 0.042505 1.127543 -0.102617
v 0.041683 1.127543 -0.100632
v 0.040913 1.127543 -0.098774
v 0.040221 1.127543 -0.097103
v 0.040049 1.131607 -0.096687
v 0.039715 1.140425 -0.095881
v 0.039434 1.153254 -0.095202
v 0.039421 1.169347 -0.095170
v 0.039890 1.187962 -0.096303
v 0.041056 1.208352 -0.099119
v 0.043135 1.229774 -0.104137
v 0.046340 1.251483 -0.111875
v 0.050887 1.272733 -0.122853
v 0.056991 1.292780 -0.137588
v 0.064865 1.310880 -0.156599
v 0.074726 1.326288 -0.180404
v 0.074918 1.327670 -0.180868
v 0.074590 1.329965 -0.180077
v 0.073760 1.332796 -0.178072
v 0.072445 1.335784 -0.174898
v 0.070664 1.338549 -0.170597
v 0.068433 1.340715 -0.165211
v 0.065770 1.341902 -0.158783
v 0.062694 1.341733 -0.151356
v 0.059221 1.339828 -0.142973
v 0.055370 1.335809 -0.133676
v 0.051158 1.329298 -0.123507
v 0.046603 1.319917 -0.112510
v 0.046219 1.319228 -0.111583
v 0.045959 1.318817 -0.110955
v 0.045808 1.318697 -0.110589
v 0.045750 1.318877 -0.110449
v 0.000000 0.000000 0.000000
v 0.000869 0.000048 -0.004370
v 0.003293 0.000182 -0.016553
v 0.053051 0.002644 -0.266705
v 0.053987 0.003187 -0.271412
v 0.054863 0.004041 -0.275817
v 0.055674 0.005162 -0.279890
v 0.056412 0.006508 -0.283600
v 0.057071 0.008037 -0.286916
v 0.057646 0.009705 -0.289807
v 0.058130 0.011471 -0.292241
v 0.058518 0.013291 -0.294188
v 0.058802 0.015124 -0.295618
v 0.058977 0.016926 -0.296498
v 0.059037 0.046618 -0.296798
v 0.058879 0.050082 -0.296005
v 0.058443 0.052730 -0.293813
v 0.057784 0.054708 -0.290499
v 0.056957 0.056159 -0.286344
v 0.056019 0.057229 -0.281627
v 0.055025 0.058064 -0.276627
v 0.054029 0.058808 -0.271623
v 0.053088 0.059607 -0.266894
v 0.052258 0.060605 -0.262719
v 0.051594 0.061948 -0.259378
v 0.051150 0.063780 -0.257150
v 0.050984 0.066247 -0.256314
v 0.051176 0.069173 -0.257279
v 0.051723 0.072333 -0.260030
v 0.052555 0.075800 -0.264213
v 0.053601 0.079647 -0.269470
v 0.054789 0.083946 -0.275445
v 0.056050 0.088770 -0.281782
v 0.057312 0.094191 -0.288125
v 0.058504 0.100282 -0.294118
v 0.059555 0.107117 -0.299403
v 0.060395 0.114766 -0.303625
v 0.060952 0.123303 -0.306428
v 0.061157 0.132801 -0.307456
v 0.060733 0.147471 -0.305323
v 0.059549 0.161308 -0.299371
v 0.057756 0.174463 -0.290359
v 0.055506 0.187087 -0.279048
v 0.052950 0.199333 -0.266200
v 0.050240 0.211351 -0.252575
v 0.047527 0.223293 -0.238935
v 0.044962 0.235310 -0.226040
v 0.042697 0.247554 -0.214652
v 0.040883 0.260177 -0.205530
v 0.039670 0.273328 -0.199437
v 0.039212 0.287161 -0.197133
v 0.039192 0.295336 -0.197030
v 0.039158 0.302125 -0.196861
v 0.039094 0.307658 -0.196540
v 0.038984 0.312061 -0.195983
v 0.038809 0.315464 -0.195106
v 0.038554 0.317995 -0.193823
v 0.038201 0.319781 -0.192050
v 0.037734 0.320952 -0.189701
v 0.037136 0.321635 -0.186693
v 0.036389 0.321958 -0.182941
v 0.035478 0.322050 -0.178359
v 0.034385 0.322040 -0.172864
v 0.033202 0.329779 -0.166918
v 0.031365 0.351847 -0.157684
v 0.029088 0.386479 -0.146237
v 0.026586 0.431911 -0.133656
v 0.024072 0.486378 -0.121018
v 0.021761 0.548116 -0.109400
v 0.019868 0.615361 -0.099881
v 0.018606 0.686347 -0.093538
v 0.018190 0.759311 -0.091449
v 0.018835 0.832489 -0.094691
v 0.020755 0.904115 -0.104341
v 0.024163 0.972426 -0.121478
v 0.024874 0.972426 -0.125051
v 0.025535 0.972426 -0.128374
v 0.026163 0.972426 -0.131532
v 0.026775 0.972426 -0.134606
v 0.027386 0.972426 -0.137681
v 0.028015 0.972426 -0.140838
v 0.028676 0.972426 -0.144162
v 0.029386 0.972426 -0.147735
v 0.030163 0.972426 -0.151640
v 0.031023 0.972426 -0.155961
v 0.031981 0.972426 -0.160780
v 0.033056 0.972426 -0.166181
v 0.034228 0.973222 -0.172077
v 0.035188 0.975423 -0.176902
v 0.035934 0.978749 -0.180654
v 0.036467 0.982918 -0.183334
v 0.036787 0.987648 -0.184942
v 0.036894 0.992660 -0.185478
v 0.036787 0.997672 -0.184942
v 0.036467 1.002403 -0.183334
v 0.035934 1.006572 -0.180654
v 0.035188 1.009897 -0.176902
v 0.034228 1.012099 -0.172077
v 0.033056 1.012895 -0.166181
v 0.032418 1.012895 -0.162975
v 0.031894 1.012895 -0.160340
v 0.031467 1.012895 -0.158195
v 0.031121 1.012895 -0.156456
v 0.030840 1.012895 -0.155044
v 0.030608 1.012895 -0.153877
v 0.030408 1.012895 -0.152873
v 0.030225 1.012895 -0.151950
v 0.030041 1.012895 -0.151027
v 0.029841 1.012895 -0.150023
v 0.029609 1.012895 -0.148855
v 0.029328 1.012895 -0.147444
v 0.029320 1.014497 -0.147401
v 0.029314 1.016399 -0.147374
v 0.029311 1.018557 -0.147359
v 0.029311 1.020929 -0.147354
v 0.029311 1.023473 -0.147358
v 0.029313 1.026145 -0.147368
v 0.029316 1.028903 -0.147382
v 0.029319 1.031703 -0.147399
v 0.029323 1.034503 -0.147415
v 0.029326 1.037261 -0.147430
v 0.029328 1.039933 -0.147440
v 0.029328 1.042477 -0.147444
v 0.028853 1.042477 -0.145056
v 0.028316 1.042477 -0.142354
v 0.027725 1.042477 -0.139384
v 0.027090 1.042477 -0.136190
v 0.026419 1.042477 -0.132818
v 0.025721 1.042477 -0.129310
v 0.025006 1.042477 -0.125713
v 0.024282 1.042477 -0.122072
v 0.023557 1.042477 -0.118430
v 0.022842 1.042477 -0.114833
v 0.022144 1.042477 -0.111326
v 0.021473 1.042477 -0.107953
v 0.021465 1.044685 -0.107911
v 0.021459 1.048300 -0.107883
v 0.021456 1.053119 -0.107868
v 0.021455 1.058941 -0.107864
v 0.021456 1.065565 -0.107868
v 0.021458 1.072789 -0.107878
v 0.021461 1.080411 -0.107892
v 0.021464 1.088230 -0.107909
v 0.021468 1.096044 -0.107925
v 0.021471 1.103652 -0.107939
v 0.021473 1.110852 -0.107949
v 0.021473 1.117443 -0.107953
v 0.021504 1.117443 -0.108110
v 0.021611 1.117443 -0.108644
v 0.021781 1.117443 -0.109503
v 0.022006 1.117443 -0.110631
v 0.022273 1.117443 -0.111975
v 0.022573 1.117443 -0.113481
v 0.022894 1.117443 -0.115096
v 0.023226 1.117443 -0.116764
v 0.023558 1.117443 -0.118432
v 0.023879 1.117443 -0.120046
v 0.024178 1.117443 -0.121552
v 0.024446 1.117443 -0.122896
v 0.024437 1.118750 -0.122854
v 0.024432 1.119895 -0.122826
v 0.024429 1.120902 -0.122811
v 0.024428 1.121794 -0.122807
v 0.024429 1.122593 -0.122811
v 0.024431 1.123323 -0.122821
v 0.024433 1.124007 -0.122835
v 0.024437 1.124668 -0.122852
v 0.024440 1.125329 -0.122868
v 0.024443 1.126014 -0.122882
v 0.024445 1.126744 -0.122893
v 0.024446 1.127543 -0.122896
v 0.024385 1.127543 -0.122590
v 0.024231 1.127543 -0.121818
v 0.023998 1.127543 -0.120644
v 0.023698 1.127543 -0.119138
v 0.023345 1.127543 -0.117365
v 0.022953 1.127543 -0.115391
v 0.022534 1.127543 -0.113285
v 0.022101 1.127543 -0.111111
v 0.021669 1.127543 -0.108938
v 0.021250 1.127543 -0.106831
v 0.020857 1.127543 -0.104857
v 0.020505 1.127543 -0.103084
v 0.020417 1.131607 -0.102643
v 0.020247 1.140425 -0.101787
v 0.020103 1.153254 -0.101066
v 0.020097 1.169347 -0.101032
v 0.020336 1.187962 -0.102234
v 0.020930 1.208352 -0.105224
v 0.021990 1.229774 -0.110551
v 0.023624 1.251483 -0.118766
v 0.025942 1.272733 -0.130420
v 0.029054 1.292780 -0.146062
v 0.033068 1.310880 -0.166244
v 0.038095 1.326288 -0.191516
v 0.038193 1.327670 -0.192009
v 0.038026 1.329965 -0.191168
v 0.037603 1.332796 -0.189041
v 0.036932 1.335784 -0.185671
v 0.036024 1.338549 -0.181105
v 0.034887 1.340715 -0.175387
v 0.033529 1.341902 -0.168563
v 0.031961 1.341733 -0.160679
v 0.030191 1.339828 -0.151779
v 0.028228 1.335809 -0.141909
v 0.026080 1.329298 -0.131114
v 0.023758 1.319917 -0.119440
v 0.023562 1.319228 -0.118456
v 0.023430 1.318817 -0.117789
v 0.023353 1.318697 -0.117401
v 0.023323 1.318877 -0.117252
v 0.000000 0.000000 0.000000
v -0.000000 0.000048 -0.004456
v -0.000000 0.000182 -0.016877
v -0.000000 0.002644 -0.271930
v -0.000000 0.003187 -0.276729
v -0.000000 0.004041 -0.281221
v -0.000000 0.005162 -0.285374
v -0.000000 0.006508 -0.289156
v -0.000000 0.008037 -0.292537
v -0.000000 0.009705 -0.295484
v -0.000000 0.011471 -0.297966
v -0.000000 0.013291 -0.299952
v -0.000000 0.015124 -0.301409
v -0.000000 0.016926 -0.302307
v -0.000000 0.046618 -0.302613
v -0.000000 0.050082 -0.301804
v -0.000000 0.052730 -0.299569
v -0.000000 0.054708 -0.296190
v -0.000000 0.056159 -0.291954
v -0.000000 0.057229 -0.287145
v -0.000000 0.058064 -0.282047
v -0.000000 0.058808 -0.276944
v -0.000000 0.059607 -0.272123
v -0.000000 0.060605 -0.267866
v -0.000000 0.061948 -0.264460
v -0.000000 0.063780 -0.262188
v -0.000000 0.066247 -0.261335
v -0.000000 0.069173 -0.262319
v -0.000000 0.072333 -0.265125
v -0.000000 0.075800 -0.269389
v -0.000000 0.079647 -0.274749
v -0.000000 0.083946 -0.280841
v -0.000000 0.088770 -0.287303
v -0.000000 0.094191 -0.293770
v -0.000000 0.100282 -0.299880
v -0.000000 0.107117 -0.305269
v -0.000000 0.114766 -0.309574
v -0.000000 0.123303 -0.312432
v -0.000000 0.132801 -0.313479
v -0.000000 0.147471 -0.311305
v -0.000000 0.161308 -0.305236
v -0.000000 0.174463 -0.296047
v 0.000000 0.187087 -0.284515
v 0.000000 0.199333 -0.271415
v 0.000000 0.211351 -0.257524
v 0.000000 0.223293 -0.243616
v 0.000000 0.235310 -0.230469
v 0.000000 0.247554 -0.218857
v 0.000000 0.260177 -0.209557
v 0.000000 0.273328 -0.203344
v 0.000000 0.287161 -0.200995
v 0.000000 0.295336 -0.200890
v 0.000000 0.302125 -0.200718
v 0.000000 0.307658 -0.200391
v 0.000000 0.312061 -0.199823
v 0.000000 0.315464 -0.198928
v 0.000000 0.317995 -0.197620
v 0.000000 0.319781 -0.195812
v 0.000000 0.320952 -0.193418
v 0.000000 0.321635 -0.190351
v 0.000000 0.321958 -0.186525
v 0.000000 0.322050 -0.181853
v 0.000000 0.322040 -0.176250
v 0.000000 0.329779 -0.170188
v 0.000000 0.351847 -0.160773
v 0.000000 0.386479 -0.149102
v 0.000000 0.431911 -0.136274
v 0.000000 0.486378 -0.123388
v 0.000000 0.548116 -0.111544
v 0.000000 0.615361 -0.101838
v 0.000000 0.686347 -0.095371
v 0.000000 0.759311 -0.093241
v 0.000000 0.832489 -0.096546
v 0.000000 0.904115 -0.106385
v 0.000000 0.972426 -0.123858
v 0.000000 0.972426 -0.127501
v 0.000000 0.972426 -0.130889
v 0.000000 0.972426 -0.134109
v 0.000000 0.972426 -0.137243
v 0.000000 0.972426 -0.140378
v 0.000000 0.972426 -0.143598
v 0.000000 0.972426 -0.146986
v 0.000000 0.972426 -0.150629
v 0.000000 0.972426 -0.154611
v 0.000000 0.972426 -0.159017
v 0.000000 0.972426 -0.163930
v 0.000000 0.972426 -0.169437
v 0.000000 0.973222 -0.175449
v 0.000000 0.975423 -0.180367
v 0.000000 0.978749 -0.184193
v 0.000000 0.982918 -0.186925
v 0.000000 0.987648 -0.188565
v 0.000000 0.992660 -0.189111
v 0.000000 0.997672 -0.188565
v 0.000000 1.002403 -0.186925
v 0.000000 1.006572 -0.184193
v 0.000000 1.009897 -0.180367
v 0.000000 1.012099 -0.175449
v 0.000000 1.012895 -0.169437
v 0.000000 1.012895 -0.166168
v 0.000000 1.012895 -0.163482
v 0.000000 1.012895 -0.161294
v 0.000000 1.012895 -0.159522
v 0.000000 1.012895 -0.158082
v 0.000000 1.012895 -0.156892
v 0.000000 1.012895 -0.155868
v 0.000000 1.012895 -0.154927
v 0.000000 1.012895 -0.153986
v 0.000000 1.012895 -0.152962
v 0.000000 1.012895 -0.151772
v 0.000000 1.012895 -0.150332
v 0.000000 1.014497 -0.150289
v 0.000000 1.016399 -0.150261
v 0.000000 1.018557 -0.150245
v 0.000000 1.020929 -0.150241
v 0.000000 1.023473 -0.150245
v 0.000000 1.026145 -0.150255
v 0.000000 1.028903 -0.150270
v 0.000000 1.031703 -0.150286
v 0.000000 1.034503 -0.150303
v 0.000000 1.037261 -0.150318
v 0.000000 1.039933 -0.150328
v 0.000000 1.042477 -0.150332
v 0.000000 1.042477 -0.147897
v 0.000000 1.042477 -0.145143
v 0.000000 1.042477 -0.142115
v 0.000000 1.042477 -0.138859
v 0.000000 1.042477 -0.135420
v 0.000000 1.042477 -0.131844
v 0.000000 1.042477 -0.128176
v 0.000000 1.042477 -0.124463
v 0.000000 1.042477 -0.120750
v 0.000000 1.042477 -0.117083
v 0.000000 1.042477 -0.113507
v 0.000000 1.042477 -0.110068
v 0.000000 1.044685 -0.110025
v 0.000000 1.048300 -0.109997
v 0.000000 1.053119 -0.109982
v 0.000000 1.058941 -0.109977
v 0.000000 1.065565 -0.109981
v 0.000000 1.072789 -0.109991
v 0.000000 1.080411 -0.110006
v 0.000000 1.088230 -0.110023
v 0.000000 1.096044 -0.110039
v 0.000000 1.103652 -0.110054
v 0.000000 1.110852 -0.110064
v 0.000000 1.117443 -0.110068
v 0.000000 1.117443 -0.110228
v 0.000000 1.117443 -0.110773
v 0.000000 1.117443 -0.111648
v 0.000000 1.117443 -0.112798
v 0.000000 1.117443 -0.114169
v 0.000000 1.117443 -0.115705
v 0.000000 1.117443 -0.117350
v 0.000000 1.117443 -0.119051
v 0.000000 1.117443 -0.120752
v 0.000000 1.117443 -0.122398
v 0.000000 1.117443 -0.123934
v 0.000000 1.117443 -0.125304
v 0.000000 1.118750 -0.125261
v 0.000000 1.119895 -0.125233
v 0.000000 1.120902 -0.125217
v 0.000000 1.121794 -0.125213
v 0.000000 1.122593 -0.125217
v 0.000000 1.123323 -0.125227
v 0.000000 1.124007 -0.125242
v 0.000000 1.124668 -0.125258
v 0.000000 1.125329 -0.125275
v 0.000000 1.126014 -0.125290
v 0.000000 1.126744 -0.125300
v 0.000000 1.127543 -0.125304
v 0.000000 1.127543 -0.124992
v 0.000000 1.127543 -0.124204
v 0.000000 1.127543 -0.123008
v 0.000000 1.127543 -0.121472
v 0.000000 1.127543 -0.119664
v 0.000000 1.127543 -0.117652
v 0.000000 1.127543 -0.115504
v 0.000000 1.127543 -0.113288
v 0.000000 1.127543 -0.111072
v 0.000000 1.127543 -0.108924
v 0.000000 1.127543 -0.106912
v 0.000000 1.127543 -0.105104
v 0.000000 1.131607 -0.104654
v 0.000000 1.140425 -0.103781
v 0.000000 1.153254 -0.103046
v 0.000000 1.169347 -0.103011
v 0.000000 1.187962 -0.104237
v 0.000000 1.208352 -0.107285
v 0.000000 1.229774 -0.112717
v 0.000000 1.251483 -0.121093
v 0.000000 1.272733 -0.132975
v 0.000000 1.292780 -0.148924
v 0.000000 1.310880 -0.169501
v 0.000000 1.326288 -0.195268
v 0.000000 1.327670 -0.195770
v 0.000000 1.329965 -0.194913
v 0.000000 1.332796 -0.192744
v 0.000000 1.335784 -0.189309
v 0.000000 1.338549 -0.184653
v 0.000000 1.340715 -0.178823
v 0.000000 1.341902 -0.171866
v 0.000000 1.341733 -0.163827
v 0.000000 1.339828 -0.154753
v 0.000000 1.335809 -0.144689
v 0.000000 1.329298 -0.133683
v 0.000000 1.319917 -0.121780
v 0.000000 1.319228 -0.120776
v 0.000000 1.318817 -0.120097
v 0.000000 1.318697 -0.119701
v 0.000000 1.318877 -0.119550
v 0.000000 0.000000 0.000000
v -0.000869 0.000048 -0.004370
v -0.003293 0.000182 -0.016553
v -0.053051 0.002644 -0.266705
v -0.053987 0.003187 -0.271412
v -0.054863 0.004041 -0.275817
v -0.055674 0.005162 -0.279890
v -0.056412 0.006508 -0.283600
v -0.057071 0.008037 -0.286916
v -0.057646 0.009705 -0.289807
v -0.058130 0.011471 -0.292241
v -0.058518 0.013291 -0.294188
v -0.058802 0.015124 -0.295618
v -0.058977 0.016926 -0.296498
v -0.059037 0.046618 -0.296798
v -0.058879 0.050082 -0.296005
v -0.058443 0.052730 -0.293813
v -0.057784 0.054708 -0.290499
v -0.056957 0.056159 -0.286344
v -0.056019 0.057229 -0.281627
v -0.055025 0.058064 -0.276627
v -0.054029 0.058808 -0.271623
v -0.053089 0.059607 -0.266894
v -0.052258 0.060605 -0.262719
v -0.051594 0.061948 -0.259378
v -0.051150 0.063780 -0.257150
v -0.050984 0.066247 -0.256314
v -0.051176 0.069173 -0.257279
v -0.051723 0.072333 -0.260030
v -0.052555 0.075800 -0.264213
v -0.053601 0.079647 -0.269470
v -0.054789 0.083946 -0.275445
v -0.056050 0.088770 -0.281782
v -0.057312 0.094191 -0.288125
v -0.058504 0.100282 -0.294118
v -0.059555 0.107117 -0.299403
v -0.060395 0.114766 -0.303625
v -0.060952 0.123303 -0.306428
v -0.061157 0.132801 -0.307456
v -0.060733 0.147471 -0.305323
v -0.059549 0.161308 -0.299371
v -0.057756 0.174463 -0.290359
v -0.055506 0.187087 -0.279048
v -0.052950 0.199333 -0.266200
v -0.050240 0.211351 -0.252575
v -0.047527 0.223293 -0.238935
v -0.044962 0.235310 -0.226040
v -0.042697 0.247554 -0.214652
v -0.040882 0.260177 -0.205530
v -0.039670 0.273328 -0.199437
v -0.039212 0.287161 -0.197133
v -0.039192 0.295336 -0.197030
v -0.039158 0.302125 -0.196861
v -0.039094 0.307658 -0.196540
v -0.038984 0.312061 -0.195983
v -0.038809 0.315464 -0.195106
v -0.038554 0.317995 -0.193823
v -0.038201 0.319781 -0.192050
v -0.037734 0.320952 -0.189701
v -0.037136 0.321635 -0.186693
v -0.036389 0.321958 -0.182941
v -0.035478 0.322050 -0.178359
v -0.034385 0.322040 -0.172864
v -0.033202 0.329779 -0.166918
v -0.031365 0.351847 -0.157684
v -0.029088 0.386479 -0.146237
v -0.026586 0.431911 -0.133656
v -0.024072 0.486378 -0.121018
v -0.021761 0.548116 -0.109400
v -0.019868 0.615361 -0.099881
v -0.018606 0.686347 -0.093538
v -0.018190 0.759311 -0.091449
v -0.018835 0.832489 -0.094691
v -0.020755 0.904115 -0.104341
v -0.024163 0.972426 -0.121478
v -0.024874 0.972426 -0.125051
v -0.025535 0.972426 -0.128374
v -0.026163 0.972426 -0.131532
v -0.026775 0.972426 -0.134606
v -0.027386 0.972426 -0.137681
v -0.028014 0.972426 -0.140838
v -0.028676 0.972426 -0.144162
v -0.029386 0.972426 -0.147735
v -0.030163 0.972426 -0.151640
v -0.031023 0.972426 -0.155961
v -0.031981 0.972426 -0.160780
v -0.033055 0.972426 -0.166181
v -0.034228 0.973222 -0.172077
v -0.035188 0.975423 -0.176902
v -0.035934 0.978749 -0.180654
v -0.036467 0.982918 -0.183334
v -0.036787 0.987648 -0.184942
v -0.036894 0.992660 -0.185478
v -0.036787 0.997672 -0.184942
v -0.036467 1.002403 -0.183334
v -0.035934 1.006572 -0.180654
v -0.035188 1.009897 -0.176902
v -0.034228 1.012099 -0.172077
v -0.033055 1.012895 -0.166181
v -0.032418 1.012895 -0.162975
v -0.031894 1.012895 -0.160340
v -0.031467 1.012895 -0.158195
v -0.031121 1.012895 -0.156456
v -0.030840 1.012895 -0.155044
v -0.030608 1.012895 -0.153877
v -0.030408 1.012895 -0.152873
v -0.030225 1.012895 -0.151950
v -0.030041 1.012895 -0.151027
v -0.029841 1.012895 -0.150023
v -0.029609 1.012895 -0.148855
v -0.029328 1.012895 -0.147444
v -0.029320 1.014497 -0.147401
v -0.029314 1.016399 -0.147374
v -0.029311 1.018557 -0.147359
v -0.029310 1.020929 -0.147354
v -0.029311 1.023473 -0.147358
v -0.029313 1.026145 -0.147368
v -0.029316 1.028903 -0.147382
v -0.029319 1.031703 -0.147399
v -0.029323 1.034503 -0.147415
v -0.029325 1.037261 -0.147430
v -0.029327 1.039933 -0.147440
v -0.029328 1.042477 -0.147444
v -0.028853 1.042477 -0.145056
v -0.028316 1.042477 -0.142354
v -0.027725 1.042477 -0.139384
v -0.027090 1.042477 -0.136190
v -0.026419 1.042477 -0.132818
v -0.025721 1.042477 -0.129310
v -0.025006 1.042477 -0.125713
v -0.024282 1.042477 -0.122072
v -0.023557 1.042477 -0.118430
v -0.022842 1.042477 -0.114834
v -0.022144 1.042477 -0.111326
v -0.021473 1.042477 -0.107953
v -0.021465 1.044685 -0.107911
v -0.021459 1.048300 -0.107883
v -0.021456 1.053119 -0.107868
v -0.021455 1.058941 -0.107864
v -0.021456 1.065565 -0.107868
v -0.021458 1.072789 -0.107878
v -0.021461 1.080411 -0.107892
v -0.021464 1.088230 -0.107909
v -0.021468 1.096044 -0.107925
v -0.021470 1.103652 -0.107939
v -0.021472 1.110852 -0.107949
v -0.021473 1.117443 -0.107953
v -0.021504 1.117443 -0.108110
v -0.021611 1.117443 -0.108644
v -0.021781 1.117443 -0.109503
v -0.022006 1.117443 -0.110631
v -0.022273 1.117443 -0.111975
v -0.022573 1.117443 -0.113481
v -0.022894 1.117443 -0.115096
v -0.023226 1.117443 -0.116764
v -0.023557 1.117443 -0.118432
v -0.023879 1.117443 -0.120046
v -0.024178 1.117443 -0.121552
v -0.024446 1.117443 -0.122896
v -0.024437 1.118750 -0.122854
v -0.024432 1.119895 -0.122827
v -0.024429 1.120902 -0.122811
v -0.024428 1.121794 -0.122807
v -0.024428 1.122593 -0.122811
v -0.024431 1.123323 -0.122821
v -0.024433 1.124007 -0.122835
v -0.024437 1.124668 -0.122852
v -0.024440 1.125329 -0.122868
v -0.024443 1.126014 -0.122882
v -0.024445 1.126744 -0.122893
v -0.024446 1.127543 -0.122896
v -0.024385 1.127543 -0.122590
v -0.024231 1.127543 -0.121818
v -0.023998 1.127543 -0.120644
v -0.023698 1.127543 -0.119138
v -0.023345 1.127543 -0.117365
v -0.022953 1.127543 -0.115391
v -0.022534 1.127543 -0.113285
v -0.022101 1.127543 -0.111111
v -0.021669 1.127543 -0.108938
v -0.021250 1.127543 -0.106831
v -0.020857 1.127543 -0.104857
v -0.020505 1.127543 -0.103084
v -0.020417 1.131607 -0.102643
v -0.020247 1.140425 -0.101787
v -0.020103 1.153254 -0.101066
v -0.020096 1.169347 -0.101032
v -0.020336 1.187962 -0.102234
v -0.020930 1.208352 -0.105224
v -0.021990 1.229774 -0.110551
v -0.023624 1.251483 -0.118766
v -0.025942 1.272733 -0.130420
v -0.029053 1.292780 -0.146062
v -0.033068 1.310880 -0.166244
v -0.038095 1.326288 -0.191516
v -0.038193 1.327670 -0.192009
v -0.038026 1.329965 -0.191168
v -0.037602 1.332796 -0.189041
v -0.036932 1.335784 -0.185671
v -0.036024 1.338549 -0.181105
v -0.034887 1.340715 -0.175387
v -0.033529 1.341902 -0.168563
v -0.031961 1.341733 -0.160679
v -0.030191 1.339828 -0.151779
v -0.028227 1.335809 -0.141909
v -0.026080 1.329298 -0.131114
v -0.023758 1.319917 -0.119440
v -0.023562 1.319228 -0.118456
v -0.023430 1.318817 -0.117789
v -0.023352 1.318697 -0.117401
v -0.023323 1.318877 -0.117252
v 0.000000 0.000000 0.000000
v -0.001705 0.000048 -0.004117
v -0.006459 0.000182 -0.015592
v -0.104063 0.002644 -0.251231
v -0.105900 0.003187 -0.255664
v -0.107619 0.004041 -0.259814
v -0.109208 0.005162 -0.263651
v -0.110655 0.006508 -0.267146
v -0.111949 0.008037 -0.270269
v -0.113077 0.009705 -0.272992
v -0.114027 0.011471 -0.275285
v -0.114787 0.013291 -0.277119
v -0.115344 0.015124 -0.278466
v -0.115688 0.016926 -0.279295
v -0.115805 0.046618 -0.279578
v -0.115496 0.050082 -0.278831
v -0.114640 0.052730 -0.276765
v -0.113347 0.054708 -0.273644
v -0.111726 0.056159 -0.269731
v -0.109886 0.057229 -0.265287
v -0.107935 0.058064 -0.260577
v -0.105982 0.058808 -0.255863
v -0.104137 0.059607 -0.251409
v -0.102508 0.060605 -0.247476
v -0.101204 0.061948 -0.244329
v -0.100335 0.063780 -0.242230
v -0.100009 0.066247 -0.241442
v -0.100385 0.069173 -0.242351
v -0.101459 0.072333 -0.244943
v -0.103091 0.075800 -0.248883
v -0.105142 0.079647 -0.253835
v -0.107473 0.083946 -0.259464
v -0.109946 0.088770 -0.265433
v -0.112421 0.094191 -0.271408
v -0.114759 0.100282 -0.277053
v -0.116821 0.107117 -0.282032
v -0.118469 0.114766 -0.286009
v -0.119562 0.123303 -0.288649
v -0.119963 0.132801 -0.289617
v -0.119131 0.147471 -0.287608
v -0.116809 0.161308 -0.282001
v -0.113292 0.174463 -0.273512
v -0.108879 0.187087 -0.262858
v -0.103866 0.199333 -0.250755
v -0.098550 0.211351 -0.237921
v -0.093228 0.223293 -0.225072
v -0.088197 0.235310 -0.212925
v -0.083753 0.247554 -0.202197
v -0.080194 0.260177 -0.193605
v -0.077816 0.273328 -0.187866
v -0.076917 0.287161 -0.185695
v -0.076877 0.295336 -0.185598
v -0.076811 0.302125 -0.185439
v -0.076686 0.307658 -0.185137
v -0.076469 0.312061 -0.184612
v -0.076127 0.315464 -0.183786
v -0.075626 0.317995 -0.182577
v -0.074934 0.319781 -0.180907
v -0.074018 0.320952 -0.178695
v -0.072844 0.321635 -0.175861
v -0.071380 0.321958 -0.172327
v -0.069592 0.322050 -0.168011
v -0.067448 0.322040 -0.162834
v -0.065128 0.329779 -0.157234
v -0.061525 0.351847 -0.148535
v -0.057059 0.386479 -0.137752
v -0.052150 0.431911 -0.125901
v -0.047219 0.486378 -0.113996
v -0.042686 0.548116 -0.103053
v -0.038972 0.615361 -0.094086
v -0.036497 0.686347 -0.088111
v -0.035682 0.759311 -0.086143
v -0.036946 0.832489 -0.089197
v -0.040712 0.904115 -0.098287
v -0.047398 0.972426 -0.114429
v -0.048792 0.972426 -0.117795
v -0.050089 0.972426 -0.120926
v -0.051321 0.972426 -0.123900
v -0.052521 0.972426 -0.126796
v -0.053720 0.972426 -0.129693
v -0.054952 0.972426 -0.132667
v -0.056249 0.972426 -0.135798
v -0.057643 0.972426 -0.139163
v -0.059167 0.972426 -0.142842
v -0.060853 0.972426 -0.146912
v -0.062733 0.972426 -0.151452
v -0.064841 0.972426 -0.156539
v -0.067141 0.973222 -0.162093
v -0.069023 0.975423 -0.166638
v -0.070487 0.978749 -0.170172
v -0.071533 0.982918 -0.172697
v -0.072161 0.987648 -0.174211
v -0.072370 0.992660 -0.174716
v -0.072161 0.997672 -0.174211
v -0.071533 1.002403 -0.172697
v -0.070487 1.006572 -0.170172
v -0.069023 1.009897 -0.166638
v -0.067141 1.012099 -0.162093
v -0.064841 1.012895 -0.156539
v -0.063590 1.012895 -0.153520
v -0.062562 1.012895 -0.151037
v -0.061724 1.012895 -0.149016
v -0.061046 1.012895 -0.147379
v -0.060495 1.012895 -0.146049
v -0.060040 1.012895 -0.144949
v -0.059648 1.012895 -0.144003
v -0.059288 1.012895 -0.143134
v -0.058928 1.012895 -0.142265
v -0.058536 1.012895 -0.141318
v -0.058080 1.012895 -0.140219
v -0.057530 1.012895 -0.138889
v -0.057513 1.014497 -0.138849
v -0.057502 1.016399 -0.138823
v -0.057496 1.018557 -0.138809
v -0.057495 1.020929 -0.138804
v -0.057496 1.023473 -0.138808
v -0.057500 1.026145 -0.138818
v -0.057506 1.028903 -0.138831
v -0.057512 1.031703 -0.138847
v -0.057518 1.034503 -0.138862
v -0.057524 1.037261 -0.138876
v -0.057528 1.039933 -0.138885
v -0.057530 1.042477 -0.138889
v -0.056598 1.042477 -0.136639
v -0.055544 1.042477 -0.134095
v -0.054385 1.042477 -0.131297
v -0.053139 1.042477 -0.128289
v -0.051823 1.042477 -0.125111
v -0.050454 1.042477 -0.121808
v -0.049051 1.042477 -0.118420
v -0.047630 1.042477 -0.114989
v -0.046209 1.042477 -0.111559
v -0.044806 1.042477 -0.108171
v -0.043437 1.042477 -0.104867
v -0.042121 1.042477 -0.101690
v -0.042105 1.044685 -0.101650
v -0.042094 1.048300 -0.101624
v -0.042088 1.053119 -0.101610
v -0.042086 1.058941 -0.101605
v -0.042088 1.065565 -0.101609
v -0.042092 1.072789 -0.101619
v -0.042097 1.080411 -0.101632
v -0.042104 1.088230 -0.101648
v -0.042110 1.096044 -0.101663
v -0.042116 1.103652 -0.101677
v -0.042120 1.110852 -0.101686
v -0.042121 1.117443 -0.101690
v -0.042182 1.117443 -0.101837
v -0.042391 1.117443 -0.102341
v -0.042726 1.117443 -0.103149
v -0.043166 1.117443 -0.104212
v -0.043690 1.117443 -0.105478
v -0.044278 1.117443 -0.106897
v -0.044908 1.117443 -0.108418
v -0.045559 1.117443 -0.109989
v -0.046210 1.117443 -0.111560
v -0.046840 1.117443 -0.113081
v -0.047427 1.117443 -0.114500
v -0.047952 1.117443 -0.115766
v -0.047935 1.118750 -0.115726
v -0.047924 1.119895 -0.115700
v -0.047919 1.120902 -0.115686
v -0.047917 1.121794 -0.115682
v -0.047918 1.122593 -0.115685
v -0.047922 1.123323 -0.115695
v -0.047928 1.124007 -0.115708
v -0.047934 1.124668 -0.115724
v -0.047941 1.125329 -0.115739
v -0.047946 1.126014 -0.115753
v -0.047950 1.126744 -0.115762
v -0.047952 1.127543 -0.115766
v -0.047832 1.127543 -0.115478
v -0.047531 1.127543 -0.114750
v -0.047073 1.127543 -0.113645
v -0.046485 1.127543 -0.112226
v -0.045793 1.127543 -0.110555
v -0.045023 1.127543 -0.108696
v -0.044201 1.127543 -0.106712
v -0.043353 1.127543 -0.104664
v -0.042505 1.127543 -0.102617
v -0.041683 1.127543 -0.100632
v -0.040913 1.127543 -0.098774
v -0.040221 1.127543 -0.097103
v -0.040049 1.131607 -0.096688
v -0.039715 1.140425 -0.095881
v -0.039434 1.153254 -0.095203
v -0.039421 1.169347 -0.095170
v -0.039890 1.187962 -0.096303
v -0.041056 1.208352 -0.099119
v -0.043135 1.229774 -0.104137
v -0.046340 1.251483 -0.111875
v -0.050887 1.272733 -0.122853
v -0.056991 1.292780 -0.137588
v -0.064865 1.310880 -0.156599
v -0.074726 1.326288 -0.180405
v -0.074918 1.327670 -0.180868
v -0.074590 1.329965 -0.180077
v -0.073760 1.332796 -0.178072
v -0.072445 1.335784 -0.174898
v -0.070663 1.338549 -0.170597
v -0.068433 1.340715 -0.165211
v -0.065770 1.341902 -0.158783
v -0.062694 1.341733 -0.151356
v -0.059221 1.339828 -0.142973
v -0.055370 1.335809 -0.133676
v -0.051158 1.329298 -0.123507
v -0.046603 1.319917 -0.112510
v -0.046219 1.319228 -0.111583
v -0.045959 1.318817 -0.110955
v -0.045807 1.318697 -0.110589
v -0.045750 1.318877 -0.110449
v 0.000000 0.000000 0.000000
v -0.002476 0.000048 -0.003705
v -0.009376 0.000182 -0.014033
v -0.151076 0.002644 -0.226102
v -0.153743 0.003187 -0.230092
v -0.156238 0.004041 -0.233827
v -0.158545 0.005162 -0.237280
v -0.160647 0.006508 -0.240425
v -0.162525 0.008037 -0.243236
v -0.164162 0.009705 -0.245686
v -0.165541 0.011471 -0.247750
v -0.166644 0.013291 -0.249401
v -0.167454 0.015124 -0.250613
v -0.167953 0.016926 -0.251359
v -0.168123 0.046618 -0.251613
v -0.167674 0.050082 -0.250941
v -0.166432 0.052730 -0.249082
v -0.164555 0.054708 -0.246273
v -0.162201 0.056159 -0.242751
v -0.159529 0.057229 -0.238752
v -0.156697 0.058064 -0.234513
v -0.153862 0.058808 -0.230271
v -0.151183 0.059607 -0.226262
v -0.148819 0.060605 -0.222723
v -0.146926 0.061948 -0.219890
v -0.145664 0.063780 -0.218001
v -0.145190 0.066247 -0.217292
v -0.145737 0.069173 -0.218110
v -0.147295 0.072333 -0.220443
v -0.149665 0.075800 -0.223989
v -0.152642 0.079647 -0.228446
v -0.156027 0.083946 -0.233511
v -0.159617 0.088770 -0.238884
v -0.163210 0.094191 -0.244261
v -0.166604 0.100282 -0.249341
v -0.169598 0.107117 -0.253822
v -0.171990 0.114766 -0.257401
v -0.173578 0.123303 -0.259777
v -0.174160 0.132801 -0.260648
v -0.172952 0.147471 -0.258841
v -0.169580 0.161308 -0.253794
v -0.164475 0.174463 -0.246154
v -0.158068 0.187087 -0.236566
v -0.150790 0.199333 -0.225674
v -0.143073 0.211351 -0.214123
v -0.135346 0.223293 -0.202560
v -0.128042 0.235310 -0.191628
v -0.121590 0.247554 -0.181973
v -0.116424 0.260177 -0.174240
v -0.112972 0.273328 -0.169075
v -0.111667 0.287161 -0.167121
v -0.111609 0.295336 -0.167034
v -0.111513 0.302125 -0.166891
v -0.111331 0.307658 -0.166619
v -0.111016 0.312061 -0.166147
v -0.110519 0.315464 -0.165403
v -0.109792 0.317995 -0.164315
v -0.108787 0.319781 -0.162812
v -0.107457 0.320952 -0.160821
v -0.105753 0.321635 -0.158271
v -0.103628 0.321958 -0.155090
v -0.101032 0.322050 -0.151206
v -0.097919 0.322040 -0.146547
v -0.094552 0.329779 -0.141507
v -0.089321 0.351847 -0.133678
v -0.082836 0.386479 -0.123974
v -0.075710 0.431911 -0.113308
v -0.068551 0.486378 -0.102594
v -0.061970 0.548116 -0.092745
v -0.056578 0.615361 -0.084675
v -0.052985 0.686347 -0.079298
v -0.051802 0.759311 -0.077527
v -0.053638 0.832489 -0.080275
v -0.059104 0.904115 -0.088456
v -0.068811 0.972426 -0.102984
v -0.070835 0.972426 -0.106013
v -0.072718 0.972426 -0.108831
v -0.074507 0.972426 -0.111507
v -0.076248 0.972426 -0.114114
v -0.077990 0.972426 -0.116720
v -0.079778 0.972426 -0.119397
v -0.081661 0.972426 -0.122215
v -0.083685 0.972426 -0.125244
v -0.085897 0.972426 -0.128555
v -0.088345 0.972426 -0.132218
v -0.091075 0.972426 -0.136303
v -0.094134 0.972426 -0.140882
v -0.097474 0.973222 -0.145880
v -0.100207 0.975423 -0.149970
v -0.102332 0.978749 -0.153151
v -0.103850 0.982918 -0.155423
v -0.104761 0.987648 -0.156786
v -0.105065 0.992660 -0.157240
v -0.104761 0.997672 -0.156786
v -0.103850 1.002403 -0.155423
v -0.102332 1.006572 -0.153151
v -0.100207 1.009897 -0.149970
v -0.097474 1.012099 -0.145880
v -0.094134 1.012895 -0.140882
v -0.092318 1.012895 -0.138164
v -0.090825 1.012895 -0.135930
v -0.089610 1.012895 -0.134111
v -0.088625 1.012895 -0.132637
v -0.087826 1.012895 -0.131440
v -0.087164 1.012895 -0.130451
v -0.086595 1.012895 -0.129599
v -0.086073 1.012895 -0.128817
v -0.085550 1.012895 -0.128035
v -0.084981 1.012895 -0.127183
v -0.084320 1.012895 -0.126194
v -0.083520 1.012895 -0.124997
v -0.083496 1.014497 -0.124961
v -0.083480 1.016399 -0.124937
v -0.083472 1.018557 -0.124925
v -0.083469 1.020929 -0.124921
v -0.083471 1.023473 -0.124924
v -0.083477 1.026145 -0.124933
v -0.083485 1.028903 -0.124945
v -0.083495 1.031703 -0.124959
v -0.083504 1.034503 -0.124973
v -0.083512 1.037261 -0.124985
v -0.083518 1.039933 -0.124993
v -0.083520 1.042477 -0.124997
v -0.082167 1.042477 -0.122972
v -0.080637 1.042477 -0.120682
v -0.078955 1.042477 -0.118164
v -0.077146 1.042477 -0.115457
v -0.075235 1.042477 -0.112597
v -0.073248 1.042477 -0.109624
v -0.071211 1.042477 -0.106575
v -0.069148 1.042477 -0.103488
v -0.067085 1.042477 -0.100400
v -0.065048 1.042477 -0.097351
v -0.063061 1.042477 -0.094378
v -0.061151 1.042477 -0.091518
v -0.061127 1.044685 -0.091483
v -0.061111 1.048300 -0.091459
v -0.061102 1.053119 -0.091446
v -0.061100 1.058941 -0.091443
v -0.061102 1.065565 -0.091446
v -0.061108 1.072789 -0.091454
v -0.061116 1.080411 -0.091467
v -0.061125 1.088230 -0.091480
v -0.061134 1.096044 -0.091494
v -0.061143 1.103652 -0.091507
v -0.061148 1.110852 -0.091515
v -0.061151 1.117443 -0.091518
v -0.061239 1.117443 -0.091651
v -0.061542 1.117443 -0.092104
v -0.062028 1.117443 -0.092832
v -0.062667 1.117443 -0.093788
v -0.063429 1.117443 -0.094928
v -0.064282 1.117443 -0.096205
v -0.065196 1.117443 -0.097573
v -0.066141 1.117443 -0.098988
v -0.067086 1.117443 -0.100402
v -0.068001 1.117443 -0.101770
v -0.068854 1.117443 -0.103047
v -0.069615 1.117443 -0.104187
v -0.069591 1.118750 -0.104151
v -0.069576 1.119895 -0.104127
v -0.069567 1.120902 -0.104115
v -0.069564 1.121794 -0.104111
v -0.069567 1.122593 -0.104114
v -0.069572 1.123323 -0.104123
v -0.069580 1.124007 -0.104135
v -0.069590 1.124668 -0.104149
v -0.069599 1.125329 -0.104163
v -0.069607 1.126014 -0.104175
v -0.069613 1.126744 -0.104183
v -0.069615 1.127543 -0.104187
v -0.069442 1.127543 -0.103927
v -0.069004 1.127543 -0.103272
v -0.068340 1.127543 -0.102277
v -0.067486 1.127543 -0.101000
v -0.066482 1.127543 -0.099497
v -0.065364 1.127543 -0.097824
v -0.064170 1.127543 -0.096038
v -0.062939 1.127543 -0.094195
v -0.061708 1.127543 -0.092353
v -0.060515 1.127543 -0.090567
v -0.059397 1.127543 -0.088894
v -0.058392 1.127543 -0.087391
v -0.058142 1.131607 -0.087016
v -0.057658 1.140425 -0.086291
v -0.057249 1.153254 -0.085680
v -0.057230 1.169347 -0.085651
v -0.057911 1.187962 -0.086670
v -0.059604 1.208352 -0.089205
v -0.062622 1.229774 -0.093721
v -0.067275 1.251483 -0.100685
v -0.073877 1.272733 -0.110564
v -0.082737 1.292780 -0.123826
v -0.094170 1.310880 -0.140935
v -0.108485 1.326288 -0.162360
v -0.108764 1.327670 -0.162777
v -0.108288 1.329965 -0.162065
v -0.107083 1.332796 -0.160261
v -0.105174 1.335784 -0.157404
v -0.102587 1.338549 -0.153533
v -0.099349 1.340715 -0.148686
v -0.095483 1.341902 -0.142901
v -0.091017 1.341733 -0.136217
v -0.085976 1.339828 -0.128672
v -0.080385 1.335809 -0.120305
v -0.074270 1.329298 -0.111154
v -0.067657 1.319917 -0.101257
v -0.067100 1.319228 -0.100422
v -0.066722 1.318817 -0.099857
v -0.066502 1.318697 -0.099528
v -0.066418 1.318877 -0.099402
v 0.000000 0.000000 0.000000
v -0.003151 0.000048 -0.003151
v -0.011934 0.000182 -0.011934
v -0.192284 0.002644 -0.192284
v -0.195677 0.003187 -0.195677
v -0.198853 0.004041 -0.198853
v -0.201790 0.005162 -0.201790
v -0.204464 0.006508 -0.204464
v -0.206855 0.008037 -0.206855
v -0.208939 0.009705 -0.208939
v -0.210694 0.011471 -0.210694
v -0.212098 0.013291 -0.212098
v -0.213128 0.015124 -0.213128
v -0.213763 0.016926 -0.213763
v -0.213980 0.046618 -0.213980
v -0.213408 0.050082 -0.213408
v -0.211827 0.052730 -0.211827
v -0.209438 0.054708 -0.209438
v -0.206443 0.056159 -0.206443
v -0.203042 0.057229 -0.203042
v -0.199437 0.058064 -0.199437
v -0.195829 0.058808 -0.195829
v -0.192420 0.059607 -0.192420
v -0.189410 0.060605 -0.189410
v -0.187001 0.061948 -0.187001
v -0.185395 0.063780 -0.185395
v -0.184792 0.066247 -0.184792
v -0.185487 0.069173 -0.185487
v -0.187471 0.072333 -0.187471
v -0.190487 0.075800 -0.190487
v -0.194277 0.079647 -0.194277
v -0.198585 0.083946 -0.198585
v -0.203154 0.088770 -0.203154
v -0.207727 0.094191 -0.207727
v -0.212047 0.100282 -0.212047
v -0.215858 0.107117 -0.215858
v -0.218902 0.114766 -0.218902
v -0.220923 0.123303 -0.220923
v -0.221663 0.132801 -0.221663
v -0.220126 0.147471 -0.220126
v -0.215834 0.161308 -0.215834
v -0.209337 0.174463 -0.209337
v -0.201182 0.187087 -0.201183
v -0.191920 0.199333 -0.191920
v -0.182097 0.211351 -0.182097
v -0.172263 0.223293 -0.172263
v -0.162966 0.235310 -0.162966
v -0.154755 0.247554 -0.154755
v -0.148179 0.260177 -0.148179
v -0.143786 0.273328 -0.143786
v -0.142125 0.287161 -0.142125
v -0.142051 0.295336 -0.142051
v -0.141929 0.302125 -0.141929
v -0.141698 0.307658 -0.141698
v -0.141296 0.312061 -0.141296
v -0.140664 0.315464 -0.140664
v -0.139738 0.317995 -0.139739
v -0.138460 0.319781 -0.138460
v -0.136767 0.320952 -0.136767
v -0.134598 0.321635 -0.134598
v -0.131893 0.321958 -0.131893
v -0.128590 0.322050 -0.128590
v -0.124628 0.322040 -0.124628
v -0.120341 0.329779 -0.120341
v -0.113683 0.351847 -0.113684
v -0.105431 0.386479 -0.105431
v -0.096360 0.431911 -0.096360
v -0.087249 0.486378 -0.087249
v -0.078873 0.548116 -0.078873
v -0.072010 0.615361 -0.072011
v -0.067437 0.686347 -0.067437
v -0.065931 0.759311 -0.065931
v -0.068268 0.832489 -0.068268
v -0.075226 0.904115 -0.075226
v -0.087580 0.972426 -0.087581
v -0.090156 0.972426 -0.090157
v -0.092553 0.972426 -0.092553
v -0.094829 0.972426 -0.094829
v -0.097046 0.972426 -0.097046
v -0.099262 0.972426 -0.099262
v -0.101539 0.972426 -0.101539
v -0.103935 0.972426 -0.103935
v -0.106511 0.972426 -0.106511
v -0.109327 0.972426 -0.109327
v -0.112442 0.972426 -0.112442
v -0.115916 0.972426 -0.115916
v -0.119810 0.972426 -0.119810
v -0.124061 0.973222 -0.124061
v -0.127539 0.975423 -0.127539
v -0.130244 0.978749 -0.130244
v -0.132176 0.982918 -0.132176
v -0.133335 0.987648 -0.133336
v -0.133722 0.992660 -0.133722
v -0.133335 0.997672 -0.133336
v -0.132176 1.002403 -0.132176
v -0.130244 1.006572 -0.130244
v -0.127539 1.009897 -0.127539
v -0.124061 1.012099 -0.124061
v -0.119810 1.012895 -0.119810
v -0.117499 1.012895 -0.117499
v -0.115599 1.012895 -0.115599
v -0.114052 1.012895 -0.114052
v -0.112799 1.012895 -0.112799
v -0.111781 1.012895 -0.111781
v -0.110939 1.012895 -0.110939
v -0.110215 1.012895 -0.110215
v -0.109550 1.012895 -0.109550
v -0.108884 1.012895 -0.108885
v -0.108160 1.012895 -0.108161
v -0.107319 1.012895 -0.107319
v -0.106301 1.012895 -0.106301
v -0.106270 1.014497 -0.106270
v -0.106250 1.016399 -0.106250
v -0.106239 1.018557 -0.106240
v -0.106236 1.020929 -0.106236
v -0.106239 1.023473 -0.106239
v -0.106246 1.026145 -0.106246
v -0.106257 1.028903 -0.106257
v -0.106268 1.031703 -0.106269
v -0.106280 1.034503 -0.106280
v -0.106291 1.037261 -0.106291
v -0.106298 1.039933 -0.106298
v -0.106301 1.042477 -0.106301
v -0.104579 1.042477 -0.104579
v -0.102632 1.042477 -0.102632
v -0.100490 1.042477 -0.100491
v -0.098188 1.042477 -0.098188
v -0.095756 1.042477 -0.095756
v -0.093227 1.042477 -0.093228
v -0.090634 1.042477 -0.090634
v -0.088009 1.042477 -0.088009
v -0.085383 1.042477 -0.085384
v -0.082790 1.042477 -0.082790
v -0.080262 1.042477 -0.080262
v -0.077830 1.042477 -0.077830
v -0.077799 1.044685 -0.077800
v -0.077779 1.048300 -0.077780
v -0.077769 1.053119 -0.077769
v -0.077765 1.058941 -0.077766
v -0.077768 1.065565 -0.077768
v -0.077775 1.072789 -0.077776
v -0.077786 1.080411 -0.077786
v -0.077798 1.088230 -0.077798
v -0.077809 1.096044 -0.077810
v -0.077820 1.103652 -0.077820
v -0.077827 1.110852 -0.077827
v -0.077830 1.117443 -0.077830
v -0.077943 1.117443 -0.077943
v -0.078328 1.117443 -0.078328
v -0.078947 1.117443 -0.078947
v -0.079760 1.117443 -0.079761
v -0.080730 1.117443 -0.080730
v -0.081815 1.117443 -0.081816
v -0.082979 1.117443 -0.082979
v -0.084182 1.117443 -0.084182
v -0.085385 1.117443 -0.085385
v -0.086548 1.117443 -0.086548
v -0.087634 1.117443 -0.087634
v -0.088603 1.117443 -0.088603
v -0.088573 1.118750 -0.088573
v -0.088553 1.119895 -0.088553
v -0.088542 1.120902 -0.088542
v -0.088539 1.121794 -0.088539
v -0.088542 1.122593 -0.088542
v -0.088549 1.123323 -0.088549
v -0.088559 1.124007 -0.088559
v -0.088571 1.124668 -0.088571
v -0.088583 1.125329 -0.088583
v -0.088593 1.126014 -0.088593
v -0.088601 1.126744 -0.088601
v -0.088603 1.127543 -0.088603
v -0.088383 1.127543 -0.088383
v -0.087825 1.127543 -0.087826
v -0.086980 1.127543 -0.086980
v -0.085894 1.127543 -0.085894
v -0.084615 1.127543 -0.084615
v -0.083192 1.127543 -0.083193
v -0.081673 1.127543 -0.081674
v -0.080106 1.127543 -0.080107
v -0.078540 1.127543 -0.078540
v -0.077021 1.127543 -0.077021
v -0.075598 1.127543 -0.075598
v -0.074319 1.127543 -0.074320
v -0.074001 1.131607 -0.074001
v -0.073384 1.140425 -0.073384
v -0.072865 1.153254 -0.072865
v -0.072840 1.169347 -0.072840
v -0.073707 1.187962 -0.073707
v -0.075862 1.208352 -0.075862
v -0.079703 1.229774 -0.079703
v -0.085625 1.251483 -0.085626
v -0.094027 1.272733 -0.094027
v -0.105305 1.292780 -0.105305
v -0.119855 1.310880 -0.119856
v -0.138075 1.326288 -0.138076
v -0.138430 1.327670 -0.138431
v -0.137824 1.329965 -0.137825
v -0.136291 1.332796 -0.136291
v -0.133861 1.335784 -0.133861
v -0.130569 1.338549 -0.130569
v -0.126447 1.340715 -0.126447
v -0.121527 1.341902 -0.121528
v -0.115843 1.341733 -0.115843
v -0.109427 1.339828 -0.109427
v -0.102311 1.335809 -0.102311
v -0.094528 1.329298 -0.094528
v -0.086111 1.319917 -0.086112
v -0.085402 1.319228 -0.085402
v -0.084921 1.318817 -0.084921
v -0.084641 1.318697 -0.084641
v -0.084534 1.318877 -0.084534
v 0.000000 0.000000 0.000000
v -0.003705 0.000048 -0.002476
v -0.014033 0.000182 -0.009376
v -0.226102 0.002644 -0.151076
v -0.230092 0.003187 -0.153742
v -0.233827 0.004041 -0.156238
v -0.237280 0.005162 -0.158545
v -0.240425 0.006508 -0.160647
v -0.243236 0.008037 -0.162525
v -0.245686 0.009705 -0.164162
v -0.247750 0.011471 -0.165541
v -0.249401 0.013291 -0.166644
v -0.250613 0.015124 -0.167454
v -0.251359 0.016926 -0.167953
v -0.251613 0.046618 -0.168123
v -0.250941 0.050082 -0.167674
v -0.249082 0.052730 -0.166431
v -0.246273 0.054708 -0.164555
v -0.242751 0.056159 -0.162201
v -0.238752 0.057229 -0.159529
v -0.234513 0.058064 -0.156697
v -0.230271 0.058808 -0.153862
v -0.226262 0.059607 -0.151183
v -0.222723 0.060605 -0.148819
v -0.219890 0.061948 -0.146926
v -0.218001 0.063780 -0.145664
v -0.217292 0.066247 -0.145190
v -0.218110 0.069173 -0.145737
v -0.220443 0.072333 -0.147295
v -0.223989 0.075800 -0.149665
v -0.228446 0.079647 -0.152642
v -0.233511 0.083946 -0.156027
v -0.238884 0.088770 -0.159617
v -0.244261 0.094191 -0.163210
v -0.249341 0.100282 -0.166604
v -0.253822 0.107117 -0.169598
v -0.257401 0.114766 -0.171990
v -0.259777 0.123303 -0.173578
v -0.260648 0.132801 -0.174160
v -0.258841 0.147471 -0.172952
v -0.253794 0.161308 -0.169580
v -0.246154 0.174463 -0.164475
v -0.236566 0.187087 -0.158068
v -0.225674 0.199333 -0.150790
v -0.214123 0.211351 -0.143073
v -0.202559 0.223293 -0.135346
v -0.191628 0.235310 -0.128042
v -0.181973 0.247554 -0.121590
v -0.174240 0.260177 -0.116424
v -0.169074 0.273328 -0.112972
v -0.167121 0.287161 -0.111667
v -0.167034 0.295336 -0.111609
v -0.166890 0.302125 -0.111513
v -0.166619 0.307658 -0.111331
v -0.166147 0.312061 -0.111016
v -0.165403 0.315464 -0.110519
v -0.164315 0.317995 -0.109792
v -0.162812 0.319781 -0.108787
v -0.160821 0.320952 -0.107457
v -0.158271 0.321635 -0.105753
v -0.155090 0.321958 -0.103628
v -0.151206 0.322050 -0.101032
v -0.146547 0.322040 -0.097919
v -0.141506 0.329779 -0.094552
v -0.133678 0.351847 -0.089321
v -0.123973 0.386479 -0.082836
v -0.113308 0.431911 -0.075710
v -0.102594 0.486378 -0.068551
v -0.092745 0.548116 -0.061970
v -0.084675 0.615361 -0.056578
v -0.079298 0.686347 -0.052985
v -0.077527 0.759311 -0.051802
v -0.080275 0.832489 -0.053638
v -0.088456 0.904115 -0.059105
v -0.102984 0.972426 -0.068812
v -0.106013 0.972426 -0.070836
v -0.108830 0.972426 -0.072718
v -0.111507 0.972426 -0.074507
v -0.114114 0.972426 -0.076248
v -0.116720 0.972426 -0.077990
v -0.119397 0.972426 -0.079779
v -0.122215 0.972426 -0.081661
v -0.125244 0.972426 -0.083685
v -0.128554 0.972426 -0.085897
v -0.132217 0.972426 -0.088345
v -0.136303 0.972426 -0.091075
v -0.140882 0.972426 -0.094134
v -0.145880 0.973222 -0.097474
v -0.149970 0.975423 -0.100207
v -0.153151 0.978749 -0.102332
v -0.155423 0.982918 -0.103850
v -0.156786 0.987648 -0.104761
v -0.157240 0.992660 -0.105065
v -0.156786 0.997672 -0.104761
v -0.155423 1.002403 -0.103850
v -0.153151 1.006572 -0.102332
v -0.149970 1.009897 -0.100207
v -0.145880 1.012099 -0.097474
v -0.140882 1.012895 -0.094134
v -0.138164 1.012895 -0.092318
v -0.135930 1.012895 -0.090826
v -0.134111 1.012895 -0.089610
v -0.132637 1.012895 -0.088626
v -0.131440 1.012895 -0.087826
v -0.130451 1.012895 -0.087164
v -0.129599 1.012895 -0.086596
v -0.128817 1.012895 -0.086073
v -0.128035 1.012895 -0.085550
v -0.127183 1.012895 -0.084981
v -0.126193 1.012895 -0.084320
v -0.124996 1.012895 -0.083520
v -0.124961 1.014497 -0.083496
v -0.124937 1.016399 -0.083480
v -0.124924 1.018557 -0.083472
v -0.124921 1.020929 -0.083469
v -0.124924 1.023473 -0.083472
v -0.124932 1.026145 -0.083477
v -0.124945 1.028903 -0.083485
v -0.124959 1.031703 -0.083495
v -0.124972 1.034503 -0.083504
v -0.124985 1.037261 -0.083512
v -0.124993 1.039933 -0.083518
v -0.124996 1.042477 -0.083520
v -0.122972 1.042477 -0.082167
v -0.120682 1.042477 -0.080637
v -0.118164 1.042477 -0.078955
v -0.115457 1.042477 -0.077146
v -0.112597 1.042477 -0.075235
v -0.109624 1.042477 -0.073248
v -0.106575 1.042477 -0.071211
v -0.103487 1.042477 -0.069148
v -0.100400 1.042477 -0.067085
v -0.097351 1.042477 -0.065048
v -0.094378 1.042477 -0.063061
v -0.091518 1.042477 -0.061151
v -0.091482 1.044685 -0.061127
v -0.091459 1.048300 -0.061111
v -0.091446 1.053119 -0.061103
v -0.091442 1.058941 -0.061100
v -0.091446 1.065565 -0.061102
v -0.091454 1.072789 -0.061108
v -0.091466 1.080411 -0.061116
v -0.091480 1.088230 -0.061125
v -0.091494 1.096044 -0.061135
v -0.091506 1.103652 -0.061143
v -0.091515 1.110852 -0.061149
v -0.091518 1.117443 -0.061151
v -0.091651 1.117443 -0.061239
v -0.092104 1.117443 -0.061542
v -0.092832 1.117443 -0.062028
v -0.093788 1.117443 -0.062668
v -0.094928 1.117443 -0.063429
v -0.096205 1.117443 -0.064282
v -0.097573 1.117443 -0.065196
v -0.098987 1.117443 -0.066141
v -0.100402 1.117443 -0.067086
v -0.101770 1.117443 -0.068001
v -0.103047 1.117443 -0.068854
v -0.104186 1.117443 -0.069615
v -0.104151 1.118750 -0.069591
v -0.104127 1.119895 -0.069576
v -0.104114 1.120902 -0.069567
v -0.104111 1.121794 -0.069565
v -0.104114 1.122593 -0.069567
v -0.104122 1.123323 -0.069573
v -0.104135 1.124007 -0.069581
v -0.104149 1.124668 -0.069590
v -0.104162 1.125329 -0.069599
v -0.104175 1.126014 -0.069607
v -0.104183 1.126744 -0.069613
v -0.104186 1.127543 -0.069615
v -0.103927 1.127543 -0.069442
v -0.103272 1.127543 -0.069004
v -0.102277 1.127543 -0.068340
v -0.101000 1.127543 -0.067486
v -0.099497 1.127543 -0.066482
v -0.097824 1.127543 -0.065364
v -0.096038 1.127543 -0.064171
v -0.094195 1.127543 -0.062939
v -0.092353 1.127543 -0.061708
v -0.090567 1.127543 -0.060515
v -0.088894 1.127543 -0.059397
v -0.087390 1.127543 -0.058393
v -0.087016 1.131607 -0.058143
v -0.086291 1.140425 -0.057658
v -0.085680 1.153254 -0.057250
v -0.085651 1.169347 -0.057230
v -0.086670 1.187962 -0.057911
v -0.089204 1.208352 -0.059605
v -0.093720 1.229774 -0.062622
v -0.100685 1.251483 -0.067276
v -0.110564 1.272733 -0.073877
v -0.123825 1.292780 -0.082738
v -0.140935 1.310880 -0.094170
v -0.162360 1.326288 -0.108485
v -0.162777 1.327670 -0.108764
v -0.162064 1.329965 -0.108288
v -0.160261 1.332796 -0.107083
v -0.157404 1.335784 -0.105174
v -0.153533 1.338549 -0.102588
v -0.148686 1.340715 -0.099349
v -0.142901 1.341902 -0.095484
v -0.136217 1.341733 -0.091017
v -0.128672 1.339828 -0.085976
v -0.120305 1.335809 -0.080385
v -0.111153 1.329298 -0.074270
v -0.101256 1.319917 -0.067658
v -0.100422 1.319228 -0.067100
v -0.099857 1.318817 -0.066722
v -0.099527 1.318697 -0.066502
v -0.099402 1.318877 -0.066418
v 0.000000 0.000000 0.000000
v -0.004117 0.000048 -0.001705
v -0.015592 0.000182 -0.006459
v -0.251231 0.002644 -0.104063
v -0.255664 0.003187 -0.105900
v -0.259814 0.004041 -0.107619
v -0.263651 0.005162 -0.109208
v -0.267146 0.006508 -0.110655
v -0.270269 0.008037 -0.111949
v -0.272992 0.009705 -0.113077
v -0.275285 0.011471 -0.114027
v -0.277119 0.013291 -0.114787
v -0.278466 0.015124 -0.115344
v -0.279295 0.016926 -0.115688
v -0.279578 0.046618 -0.115805
v -0.278831 0.050082 -0.115496
v -0.276765 0.052730 -0.114640
v -0.273644 0.054708 -0.113347
v -0.269731 0.056159 -0.111726
v -0.265287 0.057229 -0.109885
v -0.260577 0.058064 -0.107935
v -0.255863 0.058808 -0.105982
v -0.251409 0.059607 -0.104137
v -0.247476 0.060605 -0.102508
v -0.244329 0.061948 -0.101204
v -0.242230 0.063780 -0.100335
v -0.241442 0.066247 -0.100009
v -0.242351 0.069173 -0.100385
v -0.244943 0.072333 -0.101459
v -0.248883 0.075800 -0.103091
v -0.253835 0.079647 -0.105142
v -0.259464 0.083946 -0.107473
v -0.265433 0.088770 -0.109946
v -0.271408 0.094191 -0.112421
v -0.277053 0.100282 -0.114759
v -0.282032 0.107117 -0.116821
v -0.286009 0.114766 -0.118469
v -0.288649 0.123303 -0.119562
v -0.289617 0.132801 -0.119963
v -0.287608 0.147471 -0.119131
v -0.282001 0.161308 -0.116809
v -0.273512 0.174463 -0.113292
v -0.262858 0.187087 -0.108879
v -0.250755 0.199333 -0.103866
v -0.237921 0.211351 -0.098550
v -0.225072 0.223293 -0.093228
v -0.212925 0.235310 -0.088197
v -0.202197 0.247554 -0.083753
v -0.193605 0.260177 -0.080194
v -0.187866 0.273328 -0.077816
v -0.185695 0.287161 -0.076917
v -0.185598 0.295336 -0.076877
v -0.185439 0.302125 -0.076811
v -0.185137 0.307658 -0.076686
v -0.184612 0.312061 -0.076469
v -0.183786 0.315464 -0.076127
v -0.182577 0.317995 -0.075626
v -0.180907 0.319781 -0.074934
v -0.178695 0.320952 -0.074018
v -0.175861 0.321635 -0.072844
v -0.172326 0.321958 -0.071380
v -0.168011 0.322050 -0.069592
v -0.162834 0.322040 -0.067448
v -0.157234 0.329779 -0.065128
v -0.148535 0.351847 -0.061525
v -0.137752 0.386479 -0.057059
v -0.125901 0.431911 -0.052150
v -0.113996 0.486378 -0.047219
v -0.103053 0.548116 -0.042686
v -0.094086 0.615361 -0.038972
v -0.088111 0.686347 -0.036497
v -0.086143 0.759311 -0.035682
v -0.089197 0.832489 -0.036947
v -0.098287 0.904115 -0.040712
v -0.114429 0.972426 -0.047398
v -0.117795 0.972426 -0.048792
v -0.120926 0.972426 -0.050089
v -0.123900 0.972426 -0.051321
v -0.126796 0.972426 -0.052521
v -0.129692 0.972426 -0.053720
v -0.132667 0.972426 -0.054953
v -0.135798 0.972426 -0.056249
v -0.139163 0.972426 -0.057643
v -0.142842 0.972426 -0.059167
v -0.146912 0.972426 -0.060853
v -0.151452 0.972426 -0.062733
v -0.156539 0.972426 -0.064841
v -0.162093 0.973222 -0.067141
v -0.166638 0.975423 -0.069024
v -0.170172 0.978749 -0.070488
v -0.172697 0.982918 -0.071533
v -0.174211 0.987648 -0.072161
v -0.174716 0.992660 -0.072370
v -0.174211 0.997672 -0.072161
v -0.172697 1.002403 -0.071533
v -0.170172 1.006572 -0.070488
v -0.166638 1.009897 -0.069024
v -0.162093 1.012099 -0.067141
v -0.156539 1.012895 -0.064841
v -0.153519 1.012895 -0.063590
v -0.151037 1.012895 -0.062562
v -0.149016 1.012895 -0.061725
v -0.147379 1.012895 -0.061046
v -0.146049 1.012895 -0.060495
v -0.144949 1.012895 -0.060040
v -0.144003 1.012895 -0.059648
v -0.143134 1.012895 -0.059288
v -0.142264 1.012895 -0.058928
v -0.141318 1.012895 -0.058536
v -0.140219 1.012895 -0.058081
v -0.138889 1.012895 -0.057530
v -0.138849 1.014497 -0.057513
v -0.138823 1.016399 -0.057502
v -0.138809 1.018557 -0.057497
v -0.138804 1.020929 -0.057495
v -0.138808 1.023473 -0.057496
v -0.138818 1.026145 -0.057500
v -0.138831 1.028903 -0.057506
v -0.138846 1.031703 -0.057512
v -0.138862 1.034503 -0.057519
v -0.138875 1.037261 -0.057524
v -0.138885 1.039933 -0.057528
v -0.138889 1.042477 -0.057530
v -0.136639 1.042477 -0.056598
v -0.134095 1.042477 -0.055544
v -0.131297 1.042477 -0.054385
v -0.128289 1.042477 -0.053139
v -0.125111 1.042477 -0.051823
v -0.121808 1.042477 -0.050454
v -0.118419 1.042477 -0.049051
v -0.114989 1.042477 -0.047630
v -0.111559 1.042477 -0.046209
v -0.108171 1.042477 -0.044806
v -0.104867 1.042477 -0.043437
v -0.101690 1.042477 -0.042121
v -0.101650 1.044685 -0.042105
v -0.101624 1.048300 -0.042094
v -0.101610 1.053119 -0.042088
v -0.101605 1.058941 -0.042086
v -0.101609 1.065565 -0.042088
v -0.101619 1.072789 -0.042092
v -0.101632 1.080411 -0.042098
v -0.101648 1.088230 -0.042104
v -0.101663 1.096044 -0.042110
v -0.101677 1.103652 -0.042116
v -0.101686 1.110852 -0.042120
v -0.101690 1.117443 -0.042121
v -0.101837 1.117443 -0.042182
v -0.102341 1.117443 -0.042391
v -0.103149 1.117443 -0.042726
v -0.104212 1.117443 -0.043166
v -0.105478 1.117443 -0.043691
v -0.106897 1.117443 -0.044278
v -0.108418 1.117443 -0.044908
v -0.109989 1.117443 -0.045559
v -0.111560 1.117443 -0.046210
v -0.113081 1.117443 -0.046840
v -0.114500 1.117443 -0.047427
v -0.115766 1.117443 -0.047952
v -0.115726 1.118750 -0.047935
v -0.115700 1.119895 -0.047925
v -0.115686 1.120902 -0.047919
v -0.115681 1.121794 -0.047917
v -0.115685 1.122593 -0.047918
v -0.115695 1.123323 -0.047922
v -0.115708 1.124007 -0.047928
v -0.115724 1.124668 -0.047934
v -0.115739 1.125329 -0.047941
v -0.115753 1.126014 -0.047946
v -0.115762 1.126744 -0.047950
v -0.115766 1.127543 -0.047952
v -0.115478 1.127543 -0.047833
v -0.114750 1.127543 -0.047531
v -0.113645 1.127543 -0.047073
v -0.112225 1.127543 -0.046485
v -0.110555 1.127543 -0.045794
v -0.108696 1.127543 -0.045024
v -0.106712 1.127543 -0.044202
v -0.104664 1.127543 -0.043353
v -0.102617 1.127543 -0.042505
v -0.100632 1.127543 -0.041683
v -0.098773 1.127543 -0.040913
v -0.097103 1.127543 -0.040222
v -0.096687 1.131607 -0.040049
v -0.095881 1.140425 -0.039715
v -0.095202 1.153254 -0.039434
v -0.095170 1.169347 -0.039421
v -0.096303 1.187962 -0.039890
v -0.099119 1.208352 -0.041056
v -0.104137 1.229774 -0.043135
v -0.111875 1.251483 -0.046340
v -0.122852 1.272733 -0.050887
v -0.137588 1.292780 -0.056991
v -0.156599 1.310880 -0.064865
v -0.180404 1.326288 -0.074726
v -0.180868 1.327670 -0.074918
v -0.180076 1.329965 -0.074590
v -0.178072 1.332796 -0.073760
v -0.174898 1.335784 -0.072445
v -0.170597 1.338549 -0.070664
v -0.165211 1.340715 -0.068433
v -0.158783 1.341902 -0.065770
v -0.151356 1.341733 -0.062694
v -0.142973 1.339828 -0.059221
v -0.133675 1.335809 -0.055370
v -0.123507 1.329298 -0.051158
v -0.112510 1.319917 -0.046603
v -0.111583 1.319228 -0.046219
v -0.110955 1.318817 -0.045959
v -0.110589 1.318697 -0.045808
v -0.110449 1.318877 -0.045750
v 0.000000 0.000000 0.000000
v -0.004370 0.000048 -0.000869
v -0.016553 0.000182 -0.003293
v -0.266705 0.002644 -0.053051
v -0.271412 0.003187 -0.053987
v -0.275817 0.004041 -0.054863
v -0.279890 0.005162 -0.055674
v -0.283600 0.006508 -0.056412
v -0.286916 0.008037 -0.057071
v -0.289807 0.009705 -0.057646
v -0.292241 0.011471 -0.058130
v -0.294188 0.013291 -0.058518
v -0.295618 0.015124 -0.058802
v -0.296498 0.016926 -0.058977
v -0.296798 0.046619 -0.059037
v -0.296005 0.050082 -0.058879
v -0.293813 0.052730 -0.058443
v -0.290499 0.054708 -0.057784
v -0.286344 0.056159 -0.056957
v -0.281627 0.057229 -0.056019
v -0.276627 0.058064 -0.055025
v -0.271623 0.058808 -0.054029
v -0.266894 0.059607 -0.053089
v -0.262719 0.060605 -0.052258
v -0.259378 0.061948 -0.051594
v -0.257150 0.063780 -0.051150
v -0.256314 0.066247 -0.050984
v -0.257279 0.069173 -0.051176
v -0.260030 0.072333 -0.051723
v -0.264213 0.075800 -0.052555
v -0.269470 0.079647 -0.053601
v -0.275445 0.083946 -0.054789
v -0.281782 0.088770 -0.056050
v -0.288125 0.094191 -0.057312
v -0.294118 0.100282 -0.058504
v -0.299403 0.107117 -0.059555
v -0.303625 0.114766 -0.060395
v -0.306428 0.123303 -0.060952
v -0.307456 0.132802 -0.061157
v -0.305323 0.147471 -0.060733
v -0.299371 0.161308 -0.059549
v -0.290359 0.174463 -0.057756
v -0.279048 0.187087 -0.055506
v -0.266200 0.199333 -0.052951
v -0.252575 0.211351 -0.050240
v -0.238935 0.223293 -0.047527
v -0.226040 0.235310 -0.044962
v -0.214652 0.247554 -0.042697
v -0.205530 0.260177 -0.040883
v -0.199437 0.273328 -0.039671
v -0.197133 0.287161 -0.039212
v -0.197030 0.295336 -0.039192
v -0.196861 0.302125 -0.039158
v -0.196540 0.307658 -0.039094
v -0.195983 0.312061 -0.038984
v -0.195106 0.315464 -0.038809
v -0.193823 0.317995 -0.038554
v -0.192050 0.319781 -0.038201
v -0.189701 0.320952 -0.037734
v -0.186693 0.321635 -0.037136
v -0.182941 0.321958 -0.036389
v -0.178359 0.322050 -0.035478
v -0.172864 0.322040 -0.034385
v -0.166918 0.329779 -0.033202
v -0.157683 0.351847 -0.031365
v -0.146237 0.386479 -0.029088
v -0.133656 0.431911 -0.026586
v -0.121017 0.486378 -0.024072
v -0.109400 0.548116 -0.021761
v -0.099881 0.615361 -0.019868
v -0.093538 0.686347 -0.018606
v -0.091449 0.759311 -0.018190
v -0.094691 0.832489 -0.018835
v -0.104341 0.904115 -0.020755
v -0.121478 0.972426 -0.024164
v -0.125051 0.972426 -0.024874
v -0.128374 0.972426 -0.025535
v -0.131532 0.972426 -0.026163
v -0.134606 0.972426 -0.026775
v -0.137681 0.972426 -0.027387
v -0.140838 0.972426 -0.028015
v -0.144162 0.972426 -0.028676
v -0.147735 0.972426 -0.029386
v -0.151640 0.972426 -0.030163
v -0.155961 0.972426 -0.031023
v -0.160780 0.972426 -0.031981
v -0.166181 0.972426 -0.033056
v -0.172077 0.973222 -0.034228
v -0.176901 0.975423 -0.035188
v -0.180654 0.978749 -0.035934
v -0.183334 0.982918 -0.036467
v -0.184942 0.987648 -0.036787
v -0.185478 0.992660 -0.036894
v -0.184942 0.997672 -0.036787
v -0.183334 1.002403 -0.036467
v -0.180654 1.006572 -0.035934
v -0.176901 1.009897 -0.035188
v -0.172077 1.012099 -0.034228
v -0.166181 1.012895 -0.033056
v -0.162975 1.012895 -0.032418
v -0.160340 1.012895 -0.031894
v -0.158195 1.012895 -0.031467
v -0.156456 1.012895 -0.031121
v -0.155044 1.012895 -0.030840
v -0.153877 1.012895 -0.030608
v -0.152873 1.012895 -0.030408
v -0.151950 1.012895 -0.030225
v -0.151027 1.012895 -0.030041
v -0.150023 1.012895 -0.029842
v -0.148855 1.012895 -0.029609
v -0.147443 1.012895 -0.029328
v -0.147401 1.014497 -0.029320
v -0.147373 1.016399 -0.029315
v -0.147358 1.018557 -0.029312
v -0.147354 1.020929 -0.029311
v -0.147358 1.023473 -0.029311
v -0.147368 1.026145 -0.029313
v -0.147382 1.028903 -0.029316
v -0.147399 1.031703 -0.029320
v -0.147415 1.034503 -0.029323
v -0.147429 1.037261 -0.029326
v -0.147440 1.039933 -0.029328
v -0.147443 1.042477 -0.029328
v -0.145056 1.042477 -0.028853
v -0.142354 1.042477 -0.028316
v -0.139384 1.042477 -0.027725
v -0.136190 1.042477 -0.027090
v -0.132817 1.042477 -0.026419
v -0.129310 1.042477 -0.025722
v -0.125713 1.042477 -0.025006
v -0.122072 1.042477 -0.024282
v -0.118430 1.042477 -0.023557
v -0.114833 1.042477 -0.022842
v -0.111326 1.042477 -0.022144
v -0.107953 1.042477 -0.021473
v -0.107911 1.044685 -0.021465
v -0.107883 1.048300 -0.021459
v -0.107868 1.053119 -0.021456
v -0.107864 1.058941 -0.021456
v -0.107868 1.065565 -0.021456
v -0.107878 1.072789 -0.021458
v -0.107892 1.080411 -0.021461
v -0.107908 1.088230 -0.021464
v -0.107925 1.096044 -0.021468
v -0.107939 1.103652 -0.021471
v -0.107949 1.110852 -0.021473
v -0.107953 1.117443 -0.021473
v -0.108110 1.117443 -0.021505
v -0.108644 1.117443 -0.021611
v -0.109503 1.117443 -0.021782
v -0.110631 1.117443 -0.022006
v -0.111975 1.117443 -0.022273
v -0.113481 1.117443 -0.022573
v -0.115095 1.117443 -0.022894
v -0.116764 1.117443 -0.023226
v -0.118432 1.117443 -0.023558
v -0.120046 1.117443 -0.023879
v -0.121552 1.117443 -0.024178
v -0.122896 1.117443 -0.024446
v -0.122854 1.118750 -0.024437
v -0.122826 1.119895 -0.024432
v -0.122811 1.120902 -0.024429
v -0.122807 1.121794 -0.024428
v -0.122811 1.122593 -0.024429
v -0.122821 1.123323 -0.024431
v -0.122835 1.124007 -0.024434
v -0.122852 1.124668 -0.024437
v -0.122868 1.125329 -0.024440
v -0.122882 1.126014 -0.024443
v -0.122893 1.126744 -0.024445
v -0.122896 1.127543 -0.024446
v -0.122590 1.127543 -0.024385
v -0.121817 1.127543 -0.024231
v -0.120644 1.127543 -0.023998
v -0.119138 1.127543 -0.023698
v -0.117365 1.127543 -0.023345
v -0.115391 1.127543 -0.022953
v -0.113284 1.127543 -0.022534
v -0.111111 1.127543 -0.022101
v -0.108938 1.127543 -0.021669
v -0.106831 1.127543 -0.021250
v -0.104857 1.127543 -0.020858
v -0.103084 1.127543 -0.020505
v -0.102643 1.131607 -0.020417
v -0.101787 1.140425 -0.020247
v -0.101066 1.153254 -0.020103
v -0.101032 1.169347 -0.020097
v -0.102234 1.187962 -0.020336
v -0.105224 1.208352 -0.020930
v -0.110551 1.229774 -0.021990
v -0.118766 1.251483 -0.023624
v -0.130419 1.272733 -0.025942
v -0.146062 1.292780 -0.029054
v -0.166244 1.310880 -0.033068
v -0.191516 1.326288 -0.038095
v -0.192008 1.327670 -0.038193
v -0.191168 1.329965 -0.038026
v -0.189040 1.332796 -0.037603
v -0.185671 1.335784 -0.036932
v -0.181105 1.338549 -0.036024
v -0.175387 1.340715 -0.034887
v -0.168563 1.341902 -0.033530
v -0.160679 1.341733 -0.031961
v -0.151779 1.339828 -0.030191
v -0.141909 1.335809 -0.028228
v -0.131114 1.329298 -0.026080
v -0.119440 1.319917 -0.023758
v -0.118456 1.319228 -0.023562
v -0.117789 1.318817 -0.023430
v -0.117401 1.318697 -0.023353
v -0.117252 1.318877 -0.023323
v 0.000000 0.000000 0.000000
v -0.004456 0.000048 0.000000
v -0.016877 0.000182 0.000000
v -0.271930 0.002644 0.000000
v -0.276729 0.003187 0.000000
v -0.281221 0.004041 0.000000
v -0.285374 0.005162 0.000000
v -0.289156 0.006508 0.000000
v -0.292537 0.008037 0.000000
v -0.295484 0.009705 0.000000
v -0.297966 0.011471 0.000000
v -0.299952 0.013291 0.000000
v -0.301409 0.015124 0.000000
v -0.302307 0.016926 0.000000
v -0.302613 0.046619 0.000000
v -0.301804 0.050082 0.000000
v -0.299569 0.052730 0.000000
v -0.296190 0.054708 0.000000
v -0.291954 0.056159 0.000000
v -0.287145 0.057229 0.000000
v -0.282047 0.058064 0.000000
v -0.276944 0.058808 0.000000
v -0.272123 0.059607 0.000000
v -0.267866 0.060605 0.000000
v -0.264460 0.061948 0.000000
v -0.262188 0.063780 0.000000
v -0.261335 0.066247 0.000000
v -0.262319 0.069173 0.000000
v -0.265125 0.072333 0.000000
v -0.269389 0.075800 0.000000
v -0.274749 0.079647 0.000000
v -0.280841 0.083946 0.000000
v -0.287303 0.088770 0.000000
v -0.293770 0.094191 0.000000
v -0.299880 0.100282 0.000000
v -0.305269 0.107117 0.000000
v -0.309574 0.114766 0.000000
v -0.312432 0.123303 0.000000
v -0.313479 0.132802 0.000000
v -0.311305 0.147471 0.000000
v -0.305236 0.161308 0.000000
v -0.296047 0.174463 0.000000
v -0.284515 0.187087 -0.000000
v -0.271415 0.199333 -0.000000
v -0.257524 0.211351 -0.000000
v -0.243616 0.223293 -0.000000
v -0.230469 0.235310 -0.000000
v -0.218857 0.247554 -0.000000
v -0.209557 0.260177 -0.000000
v -0.203344 0.273328 -0.000000
v -0.200995 0.287161 -0.000000
v -0.200890 0.295336 -0.000000
v -0.200717 0.302125 -0.000000
v -0.200391 0.307658 -0.000000
v -0.199823 0.312061 -0.000000
v -0.198928 0.315464 -0.000000
v -0.197620 0.317995 -0.000000
v -0.195812 0.319781 -0.000000
v -0.193418 0.320952 -0.000000
v -0.190351 0.321635 -0.000000
v -0.186525 0.321958 -0.000000
v -0.181853 0.322050 -0.000000
v -0.176250 0.322040 -0.000000
v -0.170188 0.329779 -0.000000
v -0.160773 0.351847 -0.000000
v -0.149102 0.386479 -0.000000
v -0.136274 0.431911 -0.000000
v -0.123388 0.486378 -0.000000
v -0.111544 0.548116 -0.000000
v -0.101838 0.615361 -0.000000
v -0.095371 0.686347 -0.000000
v -0.093241 0.759311 -0.000000
v -0.096546 0.832489 -0.000000
v -0.106385 0.904115 -0.000000
v -0.123857 0.972426 -0.000000
v -0.127500 0.972426 -0.000000
v -0.130889 0.972426 -0.000000
v -0.134109 0.972426 -0.000000
v -0.137243 0.972426 -0.000000
v -0.140378 0.972426 -0.000000
v -0.143598 0.972426 -0.000000
v -0.146986 0.972426 -0.000000
v -0.150629 0.972426 -0.000000
v -0.154611 0.972426 -0.000000
v -0.159017 0.972426 -0.000000
v -0.163930 0.972426 -0.000000
v -0.169437 0.972426 -0.000000
v -0.175449 0.973222 -0.000000
v -0.180367 0.975423 -0.000000
v -0.184193 0.978749 -0.000000
v -0.186925 0.982918 -0.000000
v -0.188565 0.987648 -0.000000
v -0.189111 0.992660 -0.000000
v -0.188565 0.997672 -0.000000
v -0.186925 1.002403 -0.000000
v -0.184193 1.006572 -0.000000
v -0.180367 1.009897 -0.000000
v -0.175449 1.012099 -0.000000
v -0.169437 1.012895 -0.000000
v -0.166168 1.012895 -0.000000
v -0.163482 1.012895 -0.000000
v -0.161294 1.012895 -0.000000
v -0.159522 1.012895 -0.000000
v -0.158082 1.012895 -0.000000
v -0.156892 1.012895 -0.000000
v -0.155868 1.012895 -0.000000
v -0.154927 1.012895 -0.000000
v -0.153986 1.012895 -0.000000
v -0.152962 1.012895 -0.000000
v -0.151772 1.012895 -0.000000
v -0.150332 1.012895 -0.000000
v -0.150289 1.014497 -0.000000
v -0.150261 1.016399 -0.000000
v -0.150245 1.018557 -0.000000
v -0.150241 1.020929 -0.000000
v -0.150245 1.023473 -0.000000
v -0.150255 1.026145 -0.000000
v -0.150270 1.028903 -0.000000
v -0.150286 1.031703 -0.000000
v -0.150303 1.034503 -0.000000
v -0.150318 1.037261 -0.000000
v -0.150328 1.039933 -0.000000
v -0.150332 1.042477 -0.000000
v -0.147897 1.042477 -0.000000
v -0.145143 1.042477 -0.000000
v -0.142115 1.042477 -0.000000
v -0.138859 1.042477 -0.000000
v -0.135419 1.042477 -0.000000
v -0.131844 1.042477 -0.000000
v -0.128176 1.042477 -0.000000
v -0.124463 1.042477 -0.000000
v -0.120750 1.042477 -0.000000
v -0.117083 1.042477 -0.000000
v -0.113507 1.042477 -0.000000
v -0.110068 1.042477 -0.000000
v -0.110025 1.044685 -0.000000
v -0.109997 1.048300 -0.000000
v -0.109981 1.053119 -0.000000
v -0.109977 1.058941 -0.000000
v -0.109981 1.065565 -0.000000
v -0.109991 1.072789 -0.000000
v -0.110006 1.080411 -0.000000
v -0.110023 1.088230 -0.000000
v -0.110039 1.096044 -0.000000
v -0.110054 1.103652 -0.000000
v -0.110064 1.110852 -0.000000
v -0.110068 1.117443 -0.000000
v -0.110228 1.117443 -0.000000
v -0.110773 1.117443 -0.000000
v -0.111648 1.117443 -0.000000
v -0.112798 1.117443 -0.000000
v -0.114169 1.117443 -0.000000
v -0.115705 1.117443 -0.000000
v -0.117350 1.117443 -0.000000
v -0.119051 1.117443 -0.000000
v -0.120752 1.117443 -0.000000
v -0.122398 1.117443 -0.000000
v -0.123933 1.117443 -0.000000
v -0.125304 1.117443 -0.000000
v -0.125261 1.118750 -0.000000
v -0.125233 1.119895 -0.000000
v -0.125217 1.120902 -0.000000
v -0.125213 1.121794 -0.000000
v -0.125217 1.122593 -0.000000
v -0.125227 1.123323 -0.000000
v -0.125242 1.124007 -0.000000
v -0.125258 1.124668 -0.000000
v -0.125275 1.125329 -0.000000
v -0.125290 1.126014 -0.000000
v -0.125300 1.126744 -0.000000
v -0.125304 1.127543 -0.000000
v -0.124992 1.127543 -0.000000
v -0.124204 1.127543 -0.000000
v -0.123008 1.127543 -0.000000
v -0.121472 1.127543 -0.000000
v -0.119664 1.127543 -0.000000
v -0.117652 1.127543 -0.000000
v -0.115504 1.127543 -0.000000
v -0.113288 1.127543 -0.000000
v -0.111072 1.127543 -0.000000
v -0.108924 1.127543 -0.000000
v -0.106912 1.127543 -0.000000
v -0.105104 1.127543 -0.000000
v -0.104654 1.131607 -0.000000
v -0.103781 1.140425 -0.000000
v -0.103046 1.153254 -0.000000
v -0.103011 1.169347 -0.000000
v -0.104237 1.187962 -0.000000
v -0.107285 1.208352 -0.000000
v -0.112717 1.229774 -0.000000
v -0.121093 1.251483 -0.000000
v -0.132975 1.272733 -0.000000
v -0.148924 1.292780 -0.000000
v -0.169501 1.310880 -0.000000
v -0.195268 1.326288 -0.000000
v -0.195770 1.327670 -0.000000
v -0.194913 1.329965 -0.000000
v -0.192744 1.332796 -0.000000
v -0.189308 1.335784 -0.000000
v -0.184653 1.338549 -0.000000
v -0.178823 1.340715 -0.000000
v -0.171866 1.341902 -0.000000
v -0.163827 1.341733 -0.000000
v -0.154753 1.339828 -0.000000
v -0.144689 1.335809 -0.000000
v -0.133683 1.329298 -0.000000
v -0.121780 1.319917 -0.000000
v -0.120776 1.319228 -0.000000
v -0.120096 1.318817 -0.000000
v -0.119701 1.318697 -0.000000
v -0.119549 1.318877 -0.000000
v 0.000000 0.000000 0.000000
v -0.004370 0.000048 0.000869
v -0.016553 0.000182 0.003293
v -0.266705 0.002644 0.053051
v -0.271412 0.003187 0.053987
v -0.275817 0.004041 0.054864
v -0.279890 0.005162 0.055674
v -0.283600 0.006508 0.056412
v -0.286916 0.008037 0.057071
v -0.289807 0.009705 0.057646
v -0.292241 0.011471 0.058130
v -0.294188 0.013291 0.058518
v -0.295618 0.015124 0.058802
v -0.296498 0.016926 0.058977
v -0.296798 0.046619 0.059037
v -0.296005 0.050082 0.058879
v -0.293813 0.052730 0.058443
v -0.290499 0.054708 0.057784
v -0.286344 0.056159 0.056957
v -0.281627 0.057229 0.056019
v -0.276627 0.058064 0.055025
v -0.271623 0.058808 0.054029
v -0.266894 0.059607 0.053089
v -0.262719 0.060605 0.052258
v -0.259378 0.061948 0.051594
v -0.257150 0.063780 0.051150
v -0.256314 0.066247 0.050984
v -0.257279 0.069173 0.051176
v -0.260030 0.072333 0.051723
v -0.264213 0.075800 0.052555
v -0.269470 0.079647 0.053601
v -0.275445 0.083946 0.054789
v -0.281782 0.088770 0.056050
v -0.288125 0.094191 0.057312
v -0.294118 0.100283 0.058504
v -0.299403 0.107117 0.059555
v -0.303625 0.114766 0.060395
v -0.306428 0.123303 0.060952
v -0.307456 0.132802 0.061157
v -0.305323 0.147471 0.060733
v -0.299371 0.161308 0.059549
v -0.290359 0.174463 0.057756
v -0.279048 0.187087 0.055506
v -0.266200 0.199333 0.052951
v -0.252575 0.211351 0.050240
v -0.238935 0.223293 0.047527
v -0.226040 0.235310 0.044962
v -0.214652 0.247554 0.042697
v -0.205530 0.260177 0.040883
v -0.199437 0.273328 0.039670
v -0.197133 0.287161 0.039212
v -0.197030 0.295336 0.039192
v -0.196861 0.302125 0.039158
v -0.196540 0.307658 0.039094
v -0.195983 0.312061 0.038984
v -0.195106 0.315464 0.038809
v -0.193823 0.317995 0.038554
v -0.192050 0.319781 0.038201
v -0.189701 0.320952 0.037734
v -0.186693 0.321635 0.037136
v -0.182941 0.321958 0.036389
v -0.178359 0.322050 0.035478
v -0.172864 0.322040 0.034385
v -0.166918 0.329779 0.033202
v -0.157683 0.351847 0.031365
v -0.146237 0.386479 0.029088
v -0.133655 0.431911 0.026586
v -0.121017 0.486378 0.024072
v -0.109400 0.548116 0.021761
v -0.099881 0.615361 0.019868
v -0.093538 0.686347 0.018606
v -0.091449 0.759311 0.018190
v -0.094691 0.832489 0.018835
v -0.104341 0.904115 0.020755
v -0.121478 0.972426 0.024163
v -0.125051 0.972426 0.024874
v -0.128374 0.972426 0.025535
v -0.131532 0.972426 0.026163
v -0.134606 0.972426 0.026775
v -0.137681 0.972426 0.027386
v -0.140838 0.972426 0.028014
v -0.144162 0.972426 0.028675
v -0.147735 0.972426 0.029386
v -0.151640 0.972426 0.030163
v -0.155961 0.972426 0.031022
v -0.160780 0.972426 0.031981
v -0.166181 0.972426 0.033055
v -0.172077 0.973222 0.034228
v -0.176901 0.975423 0.035188
v -0.180654 0.978749 0.035934
v -0.183334 0.982918 0.036467
v -0.184942 0.987648 0.036787
v -0.185478 0.992660 0.036894
v -0.184942 0.997672 0.036787
v -0.183334 1.002403 0.036467
v -0.180654 1.006572 0.035934
v -0.176901 1.009897 0.035188
v -0.172077 1.012099 0.034228
v -0.166181 1.012895 0.033055
v -0.162975 1.012895 0.032418
v -0.160340 1.012895 0.031894
v -0.158195 1.012895 0.031467
v -0.156456 1.012895 0.031121
v -0.155044 1.012895 0.030840
v -0.153877 1.012895 0.030608
v -0.152873 1.012895 0.030408
v -0.151950 1.012895 0.030225
v -0.151027 1.012895 0.030041
v -0.150023 1.012895 0.029841
v -0.148855 1.012895 0.029609
v -0.147443 1.012895 0.029328
v -0.147401 1.014497 0.029320
v -0.147373 1.016399 0.029314
v -0.147358 1.018557 0.029311
v -0.147354 1.020929 0.029310
v -0.147358 1.023473 0.029311
v -0.147368 1.026145 0.029313
v -0.147382 1.028903 0.029316
v -0.147399 1.031703 0.029319
v -0.147415 1.034503 0.029323
v -0.147429 1.037261 0.029325
v -0.147440 1.039933 0.029327
v -0.147443 1.042477 0.029328
v -0.145056 1.042477 0.028853
v -0.142354 1.042477 0.028316
v -0.139384 1.042477 0.027725
v -0.136190 1.042477 0.027090
v -0.132817 1.042477 0.026419
v -0.129310 1.042477 0.025721
v -0.125713 1.042477 0.025006
v -0.122072 1.042477 0.024281
v -0.118430 1.042477 0.023557
v -0.114833 1.042477 0.022842
v -0.111326 1.042477 0.022144
v -0.107953 1.042477 0.021473
v -0.107911 1.044685 0.021465
v -0.107883 1.048300 0.021459
v -0.107868 1.053119 0.021456
v -0.107864 1.058941 0.021455
v -0.107868 1.065565 0.021456
v -0.107878 1.072789 0.021458
v -0.107892 1.080411 0.021461
v -0.107908 1.088230 0.021464
v -0.107925 1.096044 0.021467
v -0.107939 1.103652 0.021470
v -0.107949 1.110852 0.021472
v -0.107953 1.117443 0.021473
v -0.108110 1.117443 0.021504
v -0.108644 1.117443 0.021611
v -0.109503 1.117443 0.021781
v -0.110631 1.117443 0.022006
v -0.111975 1.117443 0.022273
v -0.113481 1.117443 0.022573
v -0.115096 1.117443 0.022894
v -0.116764 1.117443 0.023226
v -0.118432 1.117443 0.023557
v -0.120046 1.117443 0.023878
v -0.121552 1.117443 0.024178
v -0.122896 1.117443 0.024445
v -0.122854 1.118750 0.024437
v -0.122826 1.119895 0.024432
v -0.122811 1.120902 0.024429
v -0.122807 1.121794 0.024428
v -0.122811 1.122593 0.024428
v -0.122821 1.123323 0.024430
v -0.122835 1.124007 0.024433
v -0.122852 1.124668 0.024437
v -0.122868 1.125329 0.024440
v -0.122882 1.126014 0.024443
v -0.122893 1.126744 0.024445
v -0.122896 1.127543 0.024445
v -0.122590 1.127543 0.024385
v -0.121817 1.127543 0.024231
v -0.120644 1.127543 0.023998
v -0.119138 1.127543 0.023698
v -0.117365 1.127543 0.023345
v -0.115391 1.127543 0.022953
v -0.113284 1.127543 0.022534
v -0.111111 1.127543 0.022101
v -0.108938 1.127543 0.021669
v -0.106831 1.127543 0.021250
v -0.104857 1.127543 0.020857
v -0.103084 1.127543 0.020505
v -0.102643 1.131607 0.020417
v -0.101787 1.140425 0.020247
v -0.101066 1.153254 0.020103
v -0.101032 1.169347 0.020096
v -0.102234 1.187962 0.020336
v -0.105224 1.208352 0.020930
v -0.110551 1.229774 0.021990
v -0.118766 1.251483 0.023624
v -0.130420 1.272733 0.025942
v -0.146062 1.292780 0.029053
v -0.166244 1.310880 0.033068
v -0.191516 1.326288 0.038095
v -0.192008 1.327670 0.038193
v -0.191168 1.329965 0.038026
v -0.189040 1.332796 0.037602
v -0.185671 1.335784 0.036932
v -0.181105 1.338549 0.036024
v -0.175387 1.340715 0.034886
v -0.168563 1.341902 0.033529
v -0.160679 1.341733 0.031961
v -0.151779 1.339828 0.030191
v -0.141909 1.335809 0.028227
v -0.131114 1.329298 0.026080
v -0.119440 1.319917 0.023758
v -0.118456 1.319228 0.023562
v -0.117789 1.318817 0.023430
v -0.117401 1.318697 0.023352
v -0.117252 1.318877 0.023323
v 0.000000 0.000000 0.000000
v -0.004117 0.000048 0.001705
v -0.015592 0.000182 0.006459
v -0.251231 0.002644 0.104063
v -0.255664 0.003187 0.105900
v -0.259814 0.004041 0.107619
v -0.263651 0.005162 0.109208
v -0.267146 0.006508 0.110655
v -0.270269 0.008037 0.111949
v -0.272992 0.009705 0.113077
v -0.275285 0.011471 0.114027
v -0.277119 0.013291 0.114787
v -0.278466 0.015124 0.115344
v -0.279295 0.016926 0.115688
v -0.279578 0.046619 0.115805
v -0.278831 0.050082 0.115496
v -0.276765 0.052730 0.114640
v -0.273644 0.054708 0.113347
v -0.269731 0.056159 0.111726
v -0.265287 0.057229 0.109886
v -0.260577 0.058064 0.107935
v -0.255863 0.058808 0.105982
v -0.251409 0.059607 0.104137
v -0.247476 0.060605 0.102508
v -0.244329 0.061948 0.101204
v -0.242230 0.063780 0.100335
v -0.241442 0.066247 0.100009
v -0.242351 0.069173 0.100385
v -0.244943 0.072333 0.101459
v -0.248883 0.075800 0.103091
v -0.253835 0.079647 0.105142
v -0.259464 0.083946 0.107473
v -0.265433 0.088770 0.109946
v -0.271408 0.094191 0.112421
v -0.277053 0.100283 0.114759
v -0.282032 0.107117 0.116821
v -0.286009 0.114766 0.118469
v -0.288649 0.123303 0.119562
v -0.289617 0.132802 0.119963
v -0.287608 0.147471 0.119131
v -0.282001 0.161308 0.116809
v -0.273512 0.174463 0.113292
v -0.262858 0.187087 0.108879
v -0.250755 0.199333 0.103866
v -0.237921 0.211351 0.098550
v -0.225072 0.223293 0.093228
v -0.212925 0.235310 0.088197
v -0.202197 0.247554 0.083753
v -0.193605 0.260177 0.080194
v -0.187866 0.273328 0.077816
v -0.185695 0.287161 0.076917
v -0.185598 0.295336 0.076877
v -0.185439 0.302125 0.076811
v -0.185137 0.307658 0.076686
v -0.184612 0.312061 0.076469
v -0.183786 0.315464 0.076127
v -0.182577 0.317995 0.075626
v -0.180907 0.319781 0.074934
v -0.178695 0.320952 0.074018
v -0.175861 0.321635 0.072844
v -0.172326 0.321958 0.071380
v -0.168011 0.322050 0.069592
v -0.162834 0.322040 0.067448
v -0.157234 0.329779 0.065128
v -0.148535 0.351847 0.061525
v -0.137752 0.386479 0.057059
v -0.125901 0.431911 0.052150
v -0.113996 0.486378 0.047219
v -0.103053 0.548116 0.042686
v -0.094086 0.615361 0.038972
v -0.088111 0.686347 0.036497
v -0.086143 0.759311 0.035681
v -0.089197 0.832489 0.036946
v -0.098287 0.904115 0.040712
v -0.114429 0.972426 0.047398
v -0.117795 0.972426 0.048792
v -0.120926 0.972426 0.050089
v -0.123900 0.972426 0.051321
v -0.126796 0.972426 0.052521
v -0.129692 0.972426 0.053720
v -0.132667 0.972426 0.054952
v -0.135798 0.972426 0.056249
v -0.139163 0.972426 0.057643
v -0.142842 0.972426 0.059167
v -0.146912 0.972426 0.060853
v -0.151452 0.972426 0.062733
v -0.156539 0.972426 0.064841
v -0.162093 0.973222 0.067141
v -0.166638 0.975423 0.069023
v -0.170172 0.978749 0.070487
v -0.172697 0.982918 0.071533
v -0.174211 0.987648 0.072161
v -0.174716 0.992660 0.072370
v -0.174211 0.997672 0.072161
v -0.172697 1.002403 0.071533
v -0.170172 1.006572 0.070487
v -0.166638 1.009897 0.069023
v -0.162093 1.012099 0.067141
v -0.156539 1.012895 0.064841
v -0.153519 1.012895 0.063590
v -0.151037 1.012895 0.062562
v -0.149016 1.012895 0.061724
v -0.147379 1.012895 0.061046
v -0.146049 1.012895 0.060495
v -0.144949 1.012895 0.060040
v -0.144003 1.012895 0.059648
v -0.143134 1.012895 0.059288
v -0.142264 1.012895 0.058928
v -0.141318 1.012895 0.058536
v -0.140219 1.012895 0.058080
v -0.138889 1.012895 0.057529
v -0.138849 1.014497 0.057513
v -0.138823 1.016399 0.057502
v -0.138809 1.018557 0.057496
v -0.138804 1.020929 0.057494
v -0.138808 1.023473 0.057496
v -0.138818 1.026145 0.057500
v -0.138831 1.028903 0.057506
v -0.138847 1.031703 0.057512
v -0.138862 1.034503 0.057518
v -0.138876 1.037261 0.057524
v -0.138885 1.039933 0.057528
v -0.138889 1.042477 0.057529
v -0.136639 1.042477 0.056598
v -0.134095 1.042477 0.055544
v -0.131297 1.042477 0.054385
v -0.128289 1.042477 0.053139
v -0.125111 1.042477 0.051823
v -0.121808 1.042477 0.050454
v -0.118419 1.042477 0.049051
v -0.114989 1.042477 0.047630
v -0.111559 1.042477 0.046209
v -0.108171 1.042477 0.044806
v -0.104867 1.042477 0.043437
v -0.101690 1.042477 0.042121
v -0.101650 1.044685 0.042105
v -0.101624 1.048300 0.042094
v -0.101610 1.053119 0.042088
v -0.101605 1.058941 0.042086
v -0.101609 1.065565 0.042088
v -0.101619 1.072789 0.042092
v -0.101632 1.080411 0.042097
v -0.101648 1.088230 0.042104
v -0.101663 1.096044 0.042110
v -0.101677 1.103652 0.042116
v -0.101686 1.110852 0.042120
v -0.101690 1.117443 0.042121
v -0.101837 1.117443 0.042182
v -0.102341 1.117443 0.042391
v -0.103149 1.117443 0.042726
v -0.104212 1.117443 0.043166
v -0.105478 1.117443 0.043690
v -0.106897 1.117443 0.044278
v -0.108418 1.117443 0.044908
v -0.109989 1.117443 0.045559
v -0.111560 1.117443 0.046210
v -0.113081 1.117443 0.046839
v -0.114500 1.117443 0.047427
v -0.115766 1.117443 0.047952
v -0.115726 1.118750 0.047935
v -0.115700 1.119895 0.047924
v -0.115686 1.120902 0.047918
v -0.115682 1.121794 0.047917
v -0.115685 1.122593 0.047918
v -0.115695 1.123323 0.047922
v -0.115708 1.124007 0.047928
v -0.115724 1.124668 0.047934
v -0.115739 1.125329 0.047941
v -0.115753 1.126014 0.047946
v -0.115762 1.126744 0.047950
v -0.115766 1.127543 0.047952
v -0.115478 1.127543 0.047832
v -0.114750 1.127543 0.047531
v -0.113645 1.127543 0.047073
v -0.112225 1.127543 0.046485
v -0.110555 1.127543 0.045793
v -0.108696 1.127543 0.045023
v -0.106712 1.127543 0.044201
v -0.104664 1.127543 0.043353
v -0.102617 1.127543 0.042505
v -0.100632 1.127543 0.041683
v -0.098774 1.127543 0.040913
v -0.097103 1.127543 0.040221
v -0.096687 1.131607 0.040049
v -0.095881 1.140425 0.039715
v -0.095202 1.153254 0.039434
v -0.095170 1.169347 0.039421
v -0.096303 1.187962 0.039890
v -0.099119 1.208352 0.041056
v -0.104137 1.229774 0.043135
v -0.111875 1.251483 0.046340
v -0.122853 1.272733 0.050887
v -0.137588 1.292780 0.056990
v -0.156599 1.310880 0.064865
v -0.180404 1.326288 0.074726
v -0.180868 1.327670 0.074918
v -0.180076 1.329965 0.074590
v -0.178072 1.332796 0.073760
v -0.174898 1.335784 0.072445
v -0.170597 1.338549 0.070663
v -0.165211 1.340715 0.068432
v -0.158783 1.341902 0.065770
v -0.151356 1.341733 0.062694
v -0.142973 1.339828 0.059221
v -0.133676 1.335809 0.055370
v -0.123507 1.329298 0.051158
v -0.112510 1.319917 0.046603
v -0.111583 1.319228 0.046219
v -0.110955 1.318817 0.045959
v -0.110589 1.318697 0.045807
v -0.110449 1.318877 0.045749
v 0.000000 0.000000 0.000000
v -0.003705 0.000048 0.002476
v -0.014033 0.000182 0.009376
v -0.226102 0.002644 0.151076
v -0.230092 0.003188 0.153742
v -0.233827 0.004041 0.156238
v -0.237280 0.005162 0.158545
v -0.240425 0.006508 0.160647
v -0.243236 0.008037 0.162525
v -0.245686 0.009705 0.164162
v -0.247750 0.011471 0.165541
v -0.249401 0.013291 0.166644
v -0.250613 0.015124 0.167454
v -0.251359 0.016926 0.167953
v -0.251613 0.046619 0.168123
v -0.250941 0.050082 0.167674
v -0.249082 0.052730 0.166431
v -0.246273 0.054708 0.164555
v -0.242751 0.056159 0.162201
v -0.238752 0.057229 0.159529
v -0.234513 0.058064 0.156697
v -0.230271 0.058808 0.153862
v -0.226262 0.059607 0.151183
v -0.222723 0.060605 0.148819
v -0.219890 0.061948 0.146926
v -0.218001 0.063780 0.145664
v -0.217292 0.066247 0.145190
v -0.218110 0.069173 0.145737
v -0.220443 0.072333 0.147295
v -0.223989 0.075800 0.149665
v -0.228446 0.079647 0.152642
v -0.233511 0.083946 0.156027
v -0.238884 0.088770 0.159617
v -0.244261 0.094191 0.163210
v -0.249341 0.100283 0.166604
v -0.253822 0.107117 0.169598
v -0.257401 0.114766 0.171990
v -0.259777 0.123303 0.173578
v -0.260648 0.132802 0.174160
v -0.258841 0.147471 0.172952
v -0.253794 0.161308 0.169580
v -0.246154 0.174463 0.164475
v -0.236566 0.187087 0.158068
v -0.225674 0.199333 0.150790
v -0.214123 0.211351 0.143072
v -0.202559 0.223293 0.135346
v -0.191628 0.235310 0.128042
v -0.181973 0.247555 0.121590
v -0.174240 0.260177 0.116424
v -0.169074 0.273328 0.112972
v -0.167121 0.287161 0.111667
v -0.167034 0.295336 0.111609
v -0.166891 0.302125 0.111513
v -0.166619 0.307658 0.111331
v -0.166147 0.312061 0.111016
v -0.165403 0.315464 0.110519
v -0.164315 0.317995 0.109792
v -0.162812 0.319781 0.108787
v -0.160821 0.320952 0.107457
v -0.158271 0.321635 0.105753
v -0.155090 0.321958 0.103628
v -0.151206 0.322050 0.101032
v -0.146547 0.322040 0.097919
v -0.141507 0.329779 0.094552
v -0.133678 0.351847 0.089320
v -0.123973 0.386479 0.082836
v -0.113308 0.431911 0.075710
v -0.102594 0.486378 0.068551
v -0.092745 0.548116 0.061970
v -0.084675 0.615361 0.056578
v -0.079298 0.686347 0.052985
v -0.077527 0.759311 0.051802
v -0.080275 0.832489 0.053638
v -0.088456 0.904115 0.059104
v -0.102984 0.972426 0.068811
v -0.106013 0.972426 0.070835
v -0.108831 0.972426 0.072718
v -0.111507 0.972426 0.074507
v -0.114114 0.972426 0.076248
v -0.116720 0.972426 0.077990
v -0.119397 0.972426 0.079778
v -0.122215 0.972426 0.081661
v -0.125244 0.972426 0.083685
v -0.128555 0.972426 0.085897
v -0.132217 0.972426 0.088345
v -0.136303 0.972426 0.091075
v -0.140882 0.972426 0.094134
v -0.145880 0.973222 0.097474
v -0.149970 0.975423 0.100207
v -0.153151 0.978749 0.102332
v -0.155423 0.982918 0.103850
v -0.156786 0.987648 0.104761
v -0.157240 0.992660 0.105065
v -0.156786 0.997672 0.104761
v -0.155423 1.002403 0.103850
v -0.153151 1.006572 0.102332
v -0.149970 1.009897 0.100207
v -0.145880 1.012099 0.097474
v -0.140882 1.012895 0.094134
v -0.138164 1.012895 0.092318
v -0.135930 1.012895 0.090825
v -0.134111 1.012895 0.089610
v -0.132637 1.012895 0.088625
v -0.131440 1.012895 0.087825
v -0.130451 1.012895 0.087164
v -0.129599 1.012895 0.086595
v -0.128817 1.012895 0.086073
v -0.128035 1.012895 0.085550
v -0.127183 1.012895 0.084981
v -0.126194 1.012895 0.084320
v -0.124997 1.012895 0.083520
v -0.124961 1.014497 0.083496
v -0.124937 1.016399 0.083480
v -0.124924 1.018557 0.083472
v -0.124921 1.020929 0.083469
v -0.124924 1.023473 0.083471
v -0.124932 1.026145 0.083477
v -0.124945 1.028903 0.083485
v -0.124959 1.031703 0.083495
v -0.124973 1.034503 0.083504
v -0.124985 1.037261 0.083512
v -0.124993 1.039933 0.083518
v -0.124997 1.042477 0.083520
v -0.122972 1.042477 0.082167
v -0.120682 1.042477 0.080637
v -0.118164 1.042477 0.078955
v -0.115457 1.042477 0.077146
v -0.112597 1.042477 0.075235
v -0.109624 1.042477 0.073248
v -0.106575 1.042477 0.071211
v -0.103488 1.042477 0.069148
v -0.100400 1.042477 0.067085
v -0.097351 1.042477 0.065048
v -0.094378 1.042477 0.063061
v -0.091518 1.042477 0.061150
v -0.091482 1.044685 0.061126
v -0.091459 1.048300 0.061111
v -0.091446 1.053119 0.061102
v -0.091442 1.058941 0.061100
v -0.091446 1.065565 0.061102
v -0.091454 1.072789 0.061108
v -0.091466 1.080411 0.061116
v -0.091480 1.088230 0.061125
v -0.091494 1.096044 0.061134
v -0.091506 1.103652 0.061143
v -0.091515 1.110852 0.061148
v -0.091518 1.117443 0.061150
v -0.091651 1.117443 0.061239
v -0.092104 1.117443 0.061542
v -0.092832 1.117443 0.062028
v -0.093788 1.117443 0.062667
v -0.094928 1.117443 0.063429
v -0.096205 1.117443 0.064282
v -0.097573 1.117443 0.065196
v -0.098987 1.117443 0.066141
v -0.100402 1.117443 0.067086
v -0.101770 1.117443 0.068000
v -0.103047 1.117443 0.068854
v -0.104187 1.117443 0.069615
v -0.104151 1.118750 0.069591
v -0.104127 1.119895 0.069575
v -0.104114 1.120902 0.069567
v -0.104111 1.121794 0.069564
v -0.104114 1.122593 0.069567
v -0.104122 1.123323 0.069572
v -0.104135 1.124007 0.069580
v -0.104149 1.124668 0.069590
v -0.104163 1.125329 0.069599
v -0.104175 1.126014 0.069607
v -0.104183 1.126744 0.069613
v -0.104187 1.127543 0.069615
v -0.103927 1.127543 0.069442
v -0.103272 1.127543 0.069004
v -0.102277 1.127543 0.068339
v -0.101000 1.127543 0.067486
v -0.099497 1.127543 0.066482
v -0.097824 1.127543 0.065364
v -0.096038 1.127543 0.064170
v -0.094195 1.127543 0.062939
v -0.092353 1.127543 0.061708
v -0.090567 1.127543 0.060515
v -0.088894 1.127543 0.059397
v -0.087391 1.127543 0.058392
v -0.087016 1.131607 0.058142
v -0.086291 1.140425 0.057657
v -0.085680 1.153254 0.057249
v -0.085651 1.169347 0.057230
v -0.086670 1.187962 0.057911
v -0.089204 1.208352 0.059604
v -0.093721 1.229774 0.062622
v -0.100685 1.251483 0.067275
v -0.110564 1.272733 0.073877
v -0.123826 1.292780 0.082737
v -0.140935 1.310880 0.094170
v -0.162360 1.326288 0.108485
v -0.162777 1.327670 0.108764
v -0.162065 1.329965 0.108288
v -0.160261 1.332796 0.107083
v -0.157404 1.335784 0.105174
v -0.153533 1.338549 0.102587
v -0.148686 1.340715 0.099349
v -0.142901 1.341902 0.095483
v -0.136217 1.341733 0.091017
v -0.128672 1.339828 0.085976
v -0.120305 1.335809 0.080385
v -0.111153 1.329298 0.074270
v -0.101256 1.319917 0.067657
v -0.100422 1.319228 0.067100
v -0.099857 1.318817 0.066722
v -0.099528 1.318697 0.066502
v -0.099402 1.318877 0.066418
v 0.000000 0.000000 0.000000
v -0.003151 0.000048 0.003151
v -0.011934 0.000182 0.011934
v -0.192284 0.002644 0.192284
v -0.195677 0.003188 0.195677
v -0.198853 0.004041 0.198853
v -0.201790 0.005162 0.201790
v -0.204464 0.006508 0.204464
v -0.206855 0.008037 0.206855
v -0.208939 0.009705 0.208939
v -0.210694 0.011471 0.210694
v -0.212098 0.013291 0.212098
v -0.213128 0.015124 0.213129
v -0.213763 0.016926 0.213763
v -0.213980 0.046619 0.213980
v -0.213408 0.050082 0.213408
v -0.211827 0.052730 0.211827
v -0.209438 0.054708 0.209438
v -0.206443 0.056159 0.206443
v -0.203042 0.057229 0.203042
v -0.199437 0.058064 0.199437
v -0.195829 0.058808 0.195829
v -0.192420 0.059607 0.192420
v -0.189410 0.060605 0.189410
v -0.187001 0.061948 0.187001
v -0.185395 0.063780 0.185395
v -0.184792 0.066247 0.184792
v -0.185487 0.069173 0.185487
v -0.187471 0.072333 0.187471
v -0.190487 0.075800 0.190487
v -0.194277 0.079647 0.194277
v -0.198585 0.083946 0.198585
v -0.203154 0.088770 0.203154
v -0.207727 0.094191 0.207727
v -0.212047 0.100283 0.212047
v -0.215858 0.107117 0.215858
v -0.218902 0.114766 0.218902
v -0.220923 0.123303 0.220923
v -0.221663 0.132802 0.221663
v -0.220126 0.147471 0.220126
v -0.215834 0.161308 0.215834
v -0.209337 0.174463 0.209337
v -0.201182 0.187087 0.201182
v -0.191920 0.199333 0.191920
v -0.182097 0.211351 0.182097
v -0.172263 0.223293 0.172263
v -0.162966 0.235310 0.162966
v -0.154755 0.247555 0.154755
v -0.148179 0.260177 0.148179
v -0.143786 0.273328 0.143786
v -0.142125 0.287161 0.142125
v -0.142051 0.295336 0.142051
v -0.141929 0.302125 0.141929
v -0.141698 0.307658 0.141697
v -0.141296 0.312061 0.141296
v -0.140664 0.315464 0.140663
v -0.139739 0.317995 0.139738
v -0.138460 0.319781 0.138460
v -0.136767 0.320952 0.136767
v -0.134598 0.321635 0.134598
v -0.131893 0.321958 0.131893
v -0.128590 0.322050 0.128590
v -0.124628 0.322040 0.124628
v -0.120341 0.329779 0.120341
v -0.113683 0.351847 0.113683
v -0.105431 0.386479 0.105431
v -0.096360 0.431911 0.096360
v -0.087249 0.486378 0.087249
v -0.078873 0.548116 0.078873
v -0.072010 0.615361 0.072010
v -0.067437 0.686347 0.067437
v -0.065931 0.759311 0.065931
v -0.068268 0.832489 0.068268
v -0.075226 0.904115 0.075226
v -0.087581 0.972426 0.087580
v -0.090156 0.972426 0.090156
v -0.092553 0.972426 0.092553
v -0.094829 0.972426 0.094829
v -0.097046 0.972426 0.097046
v -0.099262 0.972426 0.099262
v -0.101539 0.972426 0.101539
v -0.103935 0.972426 0.103935
v -0.106511 0.972426 0.106511
v -0.109327 0.972426 0.109326
v -0.112442 0.972426 0.112442
v -0.115916 0.972426 0.115916
v -0.119810 0.972426 0.119810
v -0.124061 0.973222 0.124061
v -0.127539 0.975423 0.127539
v -0.130244 0.978749 0.130244
v -0.132176 0.982918 0.132176
v -0.133336 0.987648 0.133335
v -0.133722 0.992660 0.133722
v -0.133336 0.997672 0.133335
v -0.132176 1.002403 0.132176
v -0.130244 1.006572 0.130244
v -0.127539 1.009897 0.127539
v -0.124061 1.012099 0.124061
v -0.119810 1.012895 0.119810
v -0.117499 1.012895 0.117499
v -0.115599 1.012895 0.115599
v -0.114052 1.012895 0.114052
v -0.112799 1.012895 0.112799
v -0.111781 1.012895 0.111781
v -0.110939 1.012895 0.110939
v -0.110215 1.012895 0.110215
v -0.109550 1.012895 0.109550
v -0.108885 1.012895 0.108884
v -0.108160 1.012895 0.108160
v -0.107319 1.012895 0.107319
v -0.106301 1.012895 0.106301
v -0.106270 1.014497 0.106270
v -0.106250 1.016399 0.106250
v -0.106240 1.018557 0.106239
v -0.106236 1.020929 0.106236
v -0.106239 1.023473 0.106239
v -0.106246 1.026145 0.106246
v -0.106257 1.028903 0.106257
v -0.106269 1.031703 0.106268
v -0.106280 1.034503 0.106280
v -0.106291 1.037261 0.106291
v -0.106298 1.039933 0.106298
v -0.106301 1.042477 0.106301
v -0.104579 1.042477 0.104579
v -0.102632 1.042477 0.102632
v -0.100490 1.042477 0.100490
v -0.098188 1.042477 0.098188
v -0.095756 1.042477 0.095756
v -0.093227 1.042477 0.093227
v -0.090634 1.042477 0.090634
v -0.088009 1.042477 0.088009
v -0.085383 1.042477 0.085383
v -0.082790 1.042477 0.082790
v -0.080262 1.042477 0.080262
v -0.077830 1.042477 0.077830
v -0.077799 1.044685 0.077799
v -0.077780 1.048300 0.077779
v -0.077769 1.053119 0.077769
v -0.077765 1.058941 0.077765
v -0.077768 1.065565 0.077768
v -0.077776 1.072789 0.077775
v -0.077786 1.080411 0.077786
v -0.077798 1.088230 0.077798
v -0.077810 1.096044 0.077809
v -0.077820 1.103652 0.077820
v -0.077827 1.110852 0.077827
v -0.077830 1.117443 0.077830
v -0.077943 1.117443 0.077943
v -0.078328 1.117443 0.078328
v -0.078947 1.117443 0.078947
v -0.079760 1.117443 0.079760
v -0.080730 1.117443 0.080729
v -0.081816 1.117443 0.081815
v -0.082979 1.117443 0.082979
v -0.084182 1.117443 0.084182
v -0.085385 1.117443 0.085384
v -0.086548 1.117443 0.086548
v -0.087634 1.117443 0.087634
v -0.088603 1.117443 0.088603
v -0.088573 1.118750 0.088573
v -0.088553 1.119895 0.088553
v -0.088542 1.120902 0.088542
v -0.088539 1.121794 0.088539
v -0.088542 1.122593 0.088541
v -0.088549 1.123323 0.088549
v -0.088559 1.124007 0.088559
v -0.088571 1.124668 0.088571
v -0.088583 1.125329 0.088583
v -0.088593 1.126014 0.088593
v -0.088601 1.126744 0.088600
v -0.088603 1.127543 0.088603
v -0.088383 1.127543 0.088383
v -0.087826 1.127543 0.087825
v -0.086980 1.127543 0.086980
v -0.085894 1.127543 0.085894
v -0.084615 1.127543 0.084615
v -0.083192 1.127543 0.083192
v -0.081674 1.127543 0.081673
v -0.080107 1.127543 0.080106
v -0.078540 1.127543 0.078539
v -0.077021 1.127543 0.077021
v -0.075598 1.127543 0.075598
v -0.074320 1.127543 0.074319
v -0.074001 1.131607 0.074001
v -0.073384 1.140425 0.073384
v -0.072865 1.153254 0.072865
v -0.072840 1.169347 0.072840
v -0.073707 1.187962 0.073707
v -0.075862 1.208352 0.075862
v -0.079703 1.229774 0.079703
v -0.085625 1.251483 0.085625
v -0.094027 1.272733 0.094027
v -0.105305 1.292780 0.105305
v -0.119855 1.310880 0.119855
v -0.138076 1.326288 0.138075
v -0.138430 1.327670 0.138430
v -0.137825 1.329965 0.137824
v -0.136291 1.332796 0.136290
v -0.133861 1.335784 0.133861
v -0.130569 1.338549 0.130569
v -0.126447 1.340715 0.126447
v -0.121527 1.341902 0.121527
v -0.115843 1.341733 0.115843
v -0.109427 1.339828 0.109426
v -0.102311 1.335809 0.102311
v -0.094528 1.329298 0.094528
v -0.086112 1.319917 0.086111
v -0.085402 1.319228 0.085402
v -0.084921 1.318817 0.084921
v -0.084641 1.318697 0.084641
v -0.084534 1.318877 0.084534
v 0.000000 0.000000 0.000000
v -0.002476 0.000048 0.003705
v -0.009376 0.000182 0.014033
v -0.151076 0.002644 0.226102
v -0.153742 0.003188 0.230092
v -0.156238 0.004041 0.233827
v -0.158545 0.005162 0.237280
v -0.160647 0.006508 0.240425
v -0.162525 0.008037 0.243236
v -0.164162 0.009705 0.245686
v -0.165541 0.011471 0.247750
v -0.166644 0.013291 0.249401
v -0.167454 0.015124 0.250613
v -0.167953 0.016926 0.251359
v -0.168123 0.046619 0.251613
v -0.167673 0.050082 0.250941
v -0.166431 0.052730 0.249082
v -0.164555 0.054708 0.246273
v -0.162201 0.056159 0.242751
v -0.159529 0.057229 0.238752
v -0.156697 0.058064 0.234513
v -0.153862 0.058808 0.230271
v -0.151183 0.059607 0.226262
v -0.148819 0.060605 0.222723
v -0.146926 0.061948 0.219890
v -0.145664 0.063780 0.218001
v -0.145190 0.066247 0.217292
v -0.145737 0.069173 0.218110
v -0.147295 0.072333 0.220443
v -0.149665 0.075800 0.223989
v -0.152642 0.079647 0.228446
v -0.156027 0.083946 0.233511
v -0.159617 0.088770 0.238884
v -0.163210 0.094191 0.244261
v -0.166604 0.100283 0.249341
v -0.169598 0.107117 0.253822
v -0.171990 0.114766 0.257401
v -0.173578 0.123304 0.259778
v -0.174160 0.132802 0.260648
v -0.172952 0.147471 0.258841
v -0.169580 0.161308 0.253794
v -0.164475 0.174463 0.246154
v -0.158068 0.187087 0.236566
v -0.150790 0.199333 0.225674
v -0.143072 0.211351 0.214123
v -0.135346 0.223293 0.202560
v -0.128042 0.235310 0.191628
v -0.121590 0.247555 0.181973
v -0.116423 0.260177 0.174240
v -0.112972 0.273328 0.169075
v -0.111667 0.287161 0.167121
v -0.111609 0.295336 0.167034
v -0.111513 0.302125 0.166890
v -0.111331 0.307658 0.166619
v -0.111016 0.312061 0.166147
v -0.110519 0.315464 0.165403
v -0.109792 0.317995 0.164315
v -0.108787 0.319781 0.162812
v -0.107457 0.320952 0.160821
v -0.105753 0.321635 0.158271
v -0.103628 0.321958 0.155090
v -0.101032 0.322050 0.151206
v -0.097919 0.322040 0.146547
v -0.094552 0.329779 0.141506
v -0.089321 0.351847 0.133678
v -0.082836 0.386479 0.123973
v -0.075710 0.431911 0.113308
v -0.068551 0.486378 0.102594
v -0.061970 0.548116 0.092745
v -0.056578 0.615361 0.084675
v -0.052985 0.686347 0.079298
v -0.051802 0.759311 0.077527
v -0.053638 0.832489 0.080275
v -0.059104 0.904115 0.088456
v -0.068812 0.972426 0.102984
v -0.070835 0.972426 0.106013
v -0.072718 0.972426 0.108830
v -0.074507 0.972426 0.111507
v -0.076248 0.972426 0.114114
v -0.077990 0.972426 0.116720
v -0.079779 0.972426 0.119397
v -0.081661 0.972426 0.122215
v -0.083685 0.972426 0.125244
v -0.085897 0.972426 0.128554
v -0.088345 0.972426 0.132217
v -0.091075 0.972426 0.136303
v -0.094134 0.972426 0.140882
v -0.097474 0.973222 0.145880
v -0.100207 0.975423 0.149970
v -0.102332 0.978749 0.153151
v -0.103850 0.982918 0.155423
v -0.104761 0.987648 0.156786
v -0.105065 0.992660 0.157240
v -0.104761 0.997672 0.156786
v -0.103850 1.002403 0.155423
v -0.102332 1.006572 0.153151
v -0.100207 1.009897 0.149970
v -0.097474 1.012099 0.145880
v -0.094134 1.012895 0.140882
v -0.092318 1.012895 0.138164
v -0.090826 1.012895 0.135930
v -0.089610 1.012895 0.134111
v -0.088625 1.012895 0.132637
v -0.087826 1.012895 0.131440
v -0.087164 1.012895 0.130451
v -0.086595 1.012895 0.129599
v -0.086073 1.012895 0.128817
v -0.085550 1.012895 0.128035
v -0.084981 1.012895 0.127183
v -0.084320 1.012895 0.126193
v -0.083520 1.012895 0.124996
v -0.083496 1.014497 0.124961
v -0.083480 1.016399 0.124937
v -0.083472 1.018557 0.124924
v -0.083469 1.020929 0.124921
v -0.083471 1.023473 0.124924
v -0.083477 1.026145 0.124932
v -0.083485 1.028903 0.124945
v -0.083495 1.031703 0.124958
v -0.083504 1.034503 0.124972
v -0.083512 1.037261 0.124985
v -0.083518 1.039933 0.124993
v -0.083520 1.042477 0.124996
v -0.082167 1.042477 0.122972
v -0.080637 1.042477 0.120682
v -0.078955 1.042477 0.118164
v -0.077146 1.042477 0.115457
v -0.075235 1.042477 0.112597
v -0.073248 1.042477 0.109624
v -0.071211 1.042477 0.106575
v -0.069148 1.042477 0.103487
v -0.067085 1.042477 0.100400
v -0.065048 1.042477 0.097351
v -0.063061 1.042477 0.094378
v -0.061151 1.042477 0.091518
v -0.061127 1.044685 0.091482
v -0.061111 1.048300 0.091459
v -0.061102 1.053119 0.091446
v -0.061100 1.058941 0.091442
v -0.061102 1.065565 0.091446
v -0.061108 1.072789 0.091454
v -0.061116 1.080411 0.091466
v -0.061125 1.088230 0.091480
v -0.061135 1.096044 0.091494
v -0.061143 1.103652 0.091506
v -0.061148 1.110852 0.091515
v -0.061151 1.117443 0.091518
v -0.061239 1.117443 0.091651
v -0.061542 1.117443 0.092104
v -0.062028 1.117443 0.092832
v -0.062667 1.117443 0.093788
v -0.063429 1.117443 0.094928
v -0.064282 1.117443 0.096205
v -0.065196 1.117443 0.097573
v -0.066141 1.117443 0.098987
v -0.067086 1.117443 0.100402
v -0.068001 1.117443 0.101770
v -0.068854 1.117443 0.103047
v -0.069615 1.117443 0.104186
v -0.069591 1.118750 0.104151
v -0.069576 1.119895 0.104127
v -0.069567 1.120902 0.104114
v -0.069565 1.121794 0.104111
v -0.069567 1.122593 0.104114
v -0.069572 1.123323 0.104122
v -0.069581 1.124007 0.104135
v -0.069590 1.124668 0.104148
v -0.069599 1.125329 0.104162
v -0.069607 1.126014 0.104175
v -0.069613 1.126744 0.104183
v -0.069615 1.127543 0.104186
v -0.069442 1.127543 0.103927
v -0.069004 1.127543 0.103272
v -0.068340 1.127543 0.102277
v -0.067486 1.127543 0.101000
v -0.066482 1.127543 0.099497
v -0.065364 1.127543 0.097824
v -0.064171 1.127543 0.096038
v -0.062939 1.127543 0.094195
v -0.061708 1.127543 0.092353
v -0.060515 1.127543 0.090567
v -0.059397 1.127543 0.088894
v -0.058392 1.127543 0.087390
v -0.058143 1.131607 0.087016
v -0.057658 1.140425 0.086291
v -0.057250 1.153254 0.085680
v -0.057230 1.169347 0.085651
v -0.057911 1.187962 0.086670
v -0.059605 1.208352 0.089204
v -0.062622 1.229774 0.093720
v -0.067276 1.251483 0.100685
v -0.073877 1.272733 0.110564
v -0.082738 1.292780 0.123825
v -0.094170 1.310880 0.140935
v -0.108485 1.326288 0.162360
v -0.108764 1.327670 0.162777
v -0.108288 1.329965 0.162064
v -0.107083 1.332796 0.160261
v -0.105174 1.335784 0.157404
v -0.102588 1.338549 0.153533
v -0.099349 1.340715 0.148686
v -0.095484 1.341902 0.142901
v -0.091017 1.341733 0.136217
v -0.085976 1.339828 0.128672
v -0.080385 1.335809 0.120305
v -0.074270 1.329298 0.111153
v -0.067657 1.319917 0.101256
v -0.067100 1.319228 0.100422
v -0.066722 1.318817 0.099856
v -0.066502 1.318697 0.099527
v -0.066418 1.318877 0.099402
v 0.000000 0.000000 0.000000
v -0.001705 0.000048 0.004117
v -0.006459 0.000182 0.015592
v -0.104063 0.002644 0.251231
v -0.105900 0.003188 0.255664
v -0.107618 0.004041 0.259814
v -0.109208 0.005162 0.263651
v -0.110655 0.006508 0.267146
v -0.111949 0.008037 0.270269
v -0.113077 0.009705 0.272992
v -0.114027 0.011471 0.275285
v -0.114787 0.013291 0.277119
v -0.115344 0.015124 0.278466
v -0.115688 0.016926 0.279295
v -0.115805 0.046619 0.279578
v -0.115495 0.050082 0.278831
v -0.114640 0.052730 0.276765
v -0.113347 0.054708 0.273644
v -0.111726 0.056159 0.269731
v -0.109885 0.057229 0.265287
v -0.107934 0.058064 0.260577
v -0.105982 0.058808 0.255863
v -0.104137 0.059607 0.251409
v -0.102508 0.060605 0.247476
v -0.101204 0.061948 0.244329
v -0.100335 0.063780 0.242230
v -0.100009 0.066247 0.241442
v -0.100385 0.069173 0.242351
v -0.101459 0.072333 0.244943
v -0.103091 0.075800 0.248883
v -0.105142 0.079647 0.253835
v -0.107473 0.083946 0.259464
v -0.109946 0.088770 0.265433
v -0.112421 0.094191 0.271408
v -0.114759 0.100283 0.277053
v -0.116821 0.107117 0.282032
v -0.118469 0.114766 0.286009
v -0.119562 0.123304 0.288649
v -0.119963 0.132802 0.289617
v -0.119131 0.147471 0.287608
v -0.116809 0.161308 0.282001
v -0.113292 0.174463 0.273512
v -0.108879 0.187087 0.262858
v -0.103866 0.199333 0.250755
v -0.098550 0.211351 0.237921
v -0.093228 0.223293 0.225072
v -0.088196 0.235310 0.212925
v -0.083753 0.247555 0.202197
v -0.080194 0.260177 0.193605
v -0.077816 0.273328 0.187866
v -0.076917 0.287161 0.185695
v -0.076877 0.295336 0.185598
v -0.076811 0.302125 0.185439
v -0.076686 0.307658 0.185137
v -0.076469 0.312061 0.184612
v -0.076127 0.315464 0.183786
v -0.075626 0.317995 0.182577
v -0.074934 0.319781 0.180907
v -0.074018 0.320952 0.178695
v -0.072844 0.321635 0.175861
v -0.071380 0.321958 0.172326
v -0.069592 0.322050 0.168011
v -0.067448 0.322040 0.162834
v -0.065128 0.329779 0.157234
v -0.061525 0.351847 0.148535
v -0.057059 0.386479 0.137752
v -0.052150 0.431911 0.125901
v -0.047219 0.486378 0.113996
v -0.042686 0.548116 0.103053
v -0.038972 0.615361 0.094086
v -0.036497 0.686347 0.088111
v -0.035682 0.759311 0.086143
v -0.036946 0.832489 0.089197
v -0.040712 0.904115 0.098287
v -0.047398 0.972426 0.114429
v -0.048792 0.972426 0.117795
v -0.050089 0.972426 0.120926
v -0.051321 0.972426 0.123900
v -0.052521 0.972426 0.126796
v -0.053720 0.972426 0.129692
v -0.054952 0.972426 0.132667
v -0.056249 0.972426 0.135798
v -0.057643 0.972426 0.139163
v -0.059167 0.972426 0.142842
v -0.060853 0.972426 0.146912
v -0.062733 0.972426 0.151452
v -0.064841 0.972426 0.156539
v -0.067141 0.973222 0.162093
v -0.069024 0.975423 0.166637
v -0.070488 0.978749 0.170172
v -0.071533 0.982918 0.172696
v -0.072161 0.987648 0.174211
v -0.072370 0.992660 0.174716
v -0.072161 0.997672 0.174211
v -0.071533 1.002403 0.172696
v -0.070488 1.006572 0.170172
v -0.069024 1.009897 0.166637
v -0.067141 1.012099 0.162093
v -0.064841 1.012895 0.156539
v -0.063590 1.012895 0.153519
v -0.062562 1.012895 0.151037
v -0.061724 1.012895 0.149016
v -0.061046 1.012895 0.147379
v -0.060495 1.012895 0.146049
v -0.060040 1.012895 0.144949
v -0.059648 1.012895 0.144003
v -0.059288 1.012895 0.143134
v -0.058928 1.012895 0.142264
v -0.058536 1.012895 0.141318
v -0.058081 1.012895 0.140219
v -0.057530 1.012895 0.138889
v -0.057513 1.014497 0.138849
v -0.057502 1.016399 0.138823
v -0.057496 1.018557 0.138809
v -0.057495 1.020929 0.138804
v -0.057496 1.023473 0.138808
v -0.057500 1.026145 0.138817
v -0.057506 1.028903 0.138831
v -0.057512 1.031703 0.138846
v -0.057519 1.034503 0.138862
v -0.057524 1.037261 0.138875
v -0.057528 1.039933 0.138885
v -0.057530 1.042477 0.138889
v -0.056598 1.042477 0.136639
v -0.055544 1.042477 0.134095
v -0.054385 1.042477 0.131297
v -0.053139 1.042477 0.128288
v -0.051823 1.042477 0.125111
v -0.050454 1.042477 0.121807
v -0.049051 1.042477 0.118419
v -0.047630 1.042477 0.114989
v -0.046209 1.042477 0.111559
v -0.044806 1.042477 0.108171
v -0.043437 1.042477 0.104867
v -0.042121 1.042477 0.101690
v -0.042105 1.044685 0.101650
v -0.042094 1.048300 0.101624
v -0.042088 1.053119 0.101610
v -0.042086 1.058941 0.101605
v -0.042088 1.065565 0.101609
v -0.042092 1.072789 0.101618
v -0.042097 1.080411 0.101632
v -0.042104 1.088230 0.101647
v -0.042110 1.096044 0.101663
v -0.042116 1.103652 0.101676
v -0.042120 1.110852 0.101686
v -0.042121 1.117443 0.101690
v -0.042182 1.117443 0.101837
v -0.042391 1.117443 0.102341
v -0.042726 1.117443 0.103149
v -0.043166 1.117443 0.104212
v -0.043691 1.117443 0.105478
v -0.044278 1.117443 0.106897
v -0.044908 1.117443 0.108417
v -0.045559 1.117443 0.109989
v -0.046210 1.117443 0.111560
v -0.046840 1.117443 0.113081
v -0.047427 1.117443 0.114500
v -0.047952 1.117443 0.115766
v -0.047935 1.118750 0.115726
v -0.047925 1.119895 0.115700
v -0.047919 1.120902 0.115686
v -0.047917 1.121794 0.115681
v -0.047918 1.122593 0.115685
v -0.047922 1.123323 0.115695
v -0.047928 1.124007 0.115708
v -0.047934 1.124668 0.115724
v -0.047941 1.125329 0.115739
v -0.047946 1.126014 0.115753
v -0.047950 1.126744 0.115762
v -0.047952 1.127543 0.115766
v -0.047832 1.127543 0.115477
v -0.047531 1.127543 0.114749
v -0.047073 1.127543 0.113644
v -0.046485 1.127543 0.112225
v -0.045793 1.127543 0.110555
v -0.045023 1.127543 0.108696
v -0.044201 1.127543 0.106712
v -0.043353 1.127543 0.104664
v -0.042505 1.127543 0.102617
v -0.041683 1.127543 0.100632
v -0.040913 1.127543 0.098773
v -0.040221 1.127543 0.097103
v -0.040049 1.131607 0.096687
v -0.039715 1.140425 0.095881
v -0.039434 1.153254 0.095202
v -0.039421 1.169347 0.095170
v -0.039890 1.187962 0.096303
v -0.041056 1.208352 0.099119
v -0.043135 1.229774 0.104137
v -0.046340 1.251483 0.111875
v -0.050887 1.272733 0.122852
v -0.056991 1.292780 0.137587
v -0.064865 1.310880 0.156599
v -0.074726 1.326288 0.180404
v -0.074918 1.327670 0.180868
v -0.074590 1.329965 0.180076
v -0.073760 1.332796 0.178072
v -0.072445 1.335784 0.174898
v -0.070664 1.338549 0.170597
v -0.068433 1.340715 0.165211
v -0.065770 1.341902 0.158783
v -0.062694 1.341733 0.151356
v -0.059221 1.339828 0.142973
v -0.055370 1.335809 0.133675
v -0.051158 1.329298 0.123507
v -0.046603 1.319917 0.112510
v -0.046219 1.319228 0.111583
v -0.045959 1.318817 0.110955
v -0.045808 1.318697 0.110589
v -0.045750 1.318877 0.110449
v 0.000000 0.000000 0.000000
v -0.000869 0.000048 0.004370
v -0.003293 0.000182 0.016553
v -0.053051 0.002644 0.266705
v -0.053987 0.003188 0.271412
v -0.054863 0.004041 0.275817
v -0.055674 0.005162 0.279890
v -0.056412 0.006508 0.283600
v -0.057071 0.008037 0.286916
v -0.057646 0.009705 0.289807
v -0.058130 0.011471 0.292241
v -0.058518 0.013291 0.294188
v -0.058802 0.015124 0.295618
v -0.058977 0.016926 0.296498
v -0.059037 0.046619 0.296798
v -0.058879 0.050082 0.296005
v -0.058443 0.052730 0.293813
v -0.057784 0.054708 0.290499
v -0.056957 0.056159 0.286344
v -0.056019 0.057229 0.281627
v -0.055025 0.058064 0.276627
v -0.054029 0.058808 0.271623
v -0.053089 0.059607 0.266894
v -0.052258 0.060605 0.262719
v -0.051594 0.061948 0.259378
v -0.051150 0.063780 0.257150
v -0.050984 0.066247 0.256314
v -0.051176 0.069173 0.257279
v -0.051723 0.072333 0.260030
v -0.052555 0.075800 0.264213
v -0.053601 0.079647 0.269470
v -0.054789 0.083946 0.275445
v -0.056050 0.088770 0.281782
v -0.057312 0.094191 0.288125
v -0.058504 0.100283 0.294118
v -0.059555 0.107117 0.299403
v -0.060395 0.114766 0.303625
v -0.060952 0.123304 0.306428
v -0.061157 0.132802 0.307456
v -0.060733 0.147471 0.305323
v -0.059549 0.161308 0.299371
v -0.057756 0.174463 0.290359
v -0.055506 0.187087 0.279048
v -0.052951 0.199333 0.266200
v -0.050240 0.211351 0.252575
v -0.047527 0.223293 0.238935
v -0.044962 0.235310 0.226040
v -0.042697 0.247555 0.214652
v -0.040883 0.260177 0.205530
v -0.039671 0.273328 0.199437
v -0.039212 0.287161 0.197133
v -0.039192 0.295336 0.197030
v -0.039158 0.302125 0.196861
v -0.039094 0.307658 0.196540
v -0.038984 0.312061 0.195983
v -0.038809 0.315464 0.195106
v -0.038554 0.317995 0.193823
v -0.038201 0.319781 0.192050
v -0.037734 0.320952 0.189701
v -0.037136 0.321635 0.186693
v -0.036389 0.321958 0.182941
v -0.035478 0.322050 0.178359
v -0.034385 0.322040 0.172864
v -0.033202 0.329779 0.166918
v -0.031365 0.351847 0.157683
v -0.029088 0.386479 0.146237
v -0.026586 0.431911 0.133655
v -0.024072 0.486378 0.121017
v -0.021761 0.548116 0.109400
v -0.019868 0.615361 0.099881
v -0.018606 0.686347 0.093538
v -0.018190 0.759311 0.091449
v -0.018835 0.832489 0.094691
v -0.020755 0.904115 0.104341
v -0.024163 0.972426 0.121478
v -0.024874 0.972426 0.125050
v -0.025535 0.972426 0.128374
v -0.026163 0.972426 0.131532
v -0.026775 0.972426 0.134606
v -0.027386 0.972426 0.137681
v -0.028015 0.972426 0.140838
v -0.028676 0.972426 0.144162
v -0.029386 0.972426 0.147735
v -0.030163 0.972426 0.151640
v -0.031023 0.972426 0.155961
v -0.031981 0.972426 0.160780
v -0.033056 0.972426 0.166181
v -0.034228 0.973222 0.172077
v -0.035188 0.975423 0.176901
v -0.035934 0.978749 0.180653
v -0.036467 0.982918 0.183334
v -0.036787 0.987648 0.184942
v -0.036894 0.992660 0.185478
v -0.036787 0.997672 0.184942
v -0.036467 1.002403 0.183334
v -0.035934 1.006572 0.180653
v -0.035188 1.009897 0.176901
v -0.034228 1.012099 0.172077
v -0.033056 1.012895 0.166181
v -0.032418 1.012895 0.162975
v -0.031894 1.012895 0.160340
v -0.031467 1.012895 0.158194
v -0.031121 1.012895 0.156456
v -0.030840 1.012895 0.155044
v -0.030608 1.012895 0.153877
v -0.030408 1.012895 0.152873
v -0.030225 1.012895 0.151950
v -0.030041 1.012895 0.151027
v -0.029841 1.012895 0.150023
v -0.029609 1.012895 0.148855
v -0.029328 1.012895 0.147443
v -0.029320 1.014497 0.147401
v -0.029314 1.016399 0.147373
v -0.029311 1.018557 0.147358
v -0.029311 1.020929 0.147354
v -0.029311 1.023473 0.147358
v -0.029313 1.026145 0.147368
v -0.029316 1.028903 0.147382
v -0.029319 1.031703 0.147399
v -0.029323 1.034503 0.147415
v -0.029326 1.037261 0.147429
v -0.029328 1.039933 0.147439
v -0.029328 1.042477 0.147443
v -0.028853 1.042477 0.145055
v -0.028316 1.042477 0.142354
v -0.027725 1.042477 0.139384
v -0.027090 1.042477 0.136190
v -0.026419 1.042477 0.132817
v -0.025721 1.042477 0.129310
v -0.025006 1.042477 0.125713
v -0.024282 1.042477 0.122072
v -0.023557 1.042477 0.118430
v -0.022842 1.042477 0.114833
v -0.022144 1.042477 0.111326
v -0.021473 1.042477 0.107953
v -0.021465 1.044685 0.107911
v -0.021459 1.048300 0.107883
v -0.021456 1.053119 0.107868
v -0.021455 1.058941 0.107864
v -0.021456 1.065565 0.107867
v -0.021458 1.072789 0.107878
v -0.021461 1.080411 0.107892
v -0.021464 1.088230 0.107908
v -0.021468 1.096044 0.107925
v -0.021471 1.103652 0.107939
v -0.021473 1.110852 0.107949
v -0.021473 1.117443 0.107953
v -0.021504 1.117443 0.108110
v -0.021611 1.117443 0.108644
v -0.021782 1.117443 0.109503
v -0.022006 1.117443 0.110631
v -0.022273 1.117443 0.111975
v -0.022573 1.117443 0.113481
v -0.022894 1.117443 0.115095
v -0.023226 1.117443 0.116764
v -0.023558 1.117443 0.118432
v -0.023879 1.117443 0.120046
v -0.024178 1.117443 0.121552
v -0.024446 1.117443 0.122896
v -0.024437 1.118750 0.122854
v -0.024432 1.119895 0.122826
v -0.024429 1.120902 0.122811
v -0.024428 1.121794 0.122807
v -0.024429 1.122593 0.122811
v -0.024431 1.123323 0.122821
v -0.024434 1.124007 0.122835
v -0.024437 1.124668 0.122851
v -0.024440 1.125329 0.122868
v -0.024443 1.126014 0.122882
v -0.024445 1.126744 0.122892
v -0.024446 1.127543 0.122896
v -0.024385 1.127543 0.122590
v -0.024231 1.127543 0.121817
v -0.023998 1.127543 0.120644
v -0.023698 1.127543 0.119138
v -0.023345 1.127543 0.117364
v -0.022953 1.127543 0.115391
v -0.022534 1.127543 0.113284
v -0.022101 1.127543 0.111111
v -0.021669 1.127543 0.108937
v -0.021250 1.127543 0.106831
v -0.020858 1.127543 0.104857
v -0.020505 1.127543 0.103084
v -0.020417 1.131607 0.102643
v -0.020247 1.140425 0.101787
v -0.020103 1.153254 0.101066
v -0.020097 1.169347 0.101032
v -0.020336 1.187962 0.102234
v -0.020930 1.208352 0.105224
v -0.021990 1.229774 0.110551
v -0.023624 1.251483 0.118766
v -0.025942 1.272733 0.130419
v -0.029054 1.292780 0.146062
v -0.033068 1.310880 0.166244
v -0.038095 1.326288 0.191516
v -0.038193 1.327670 0.192008
v -0.038026 1.329965 0.191168
v -0.037603 1.332796 0.189040
v -0.036932 1.335784 0.185671
v -0.036024 1.338549 0.181105
v -0.034887 1.340715 0.175387
v -0.033529 1.341902 0.168563
v -0.031961 1.341733 0.160679
v -0.030191 1.339828 0.151779
v -0.028228 1.335809 0.141909
v -0.026080 1.329298 0.131114
v -0.023758 1.319917 0.119440
v -0.023562 1.319228 0.118456
v -0.023430 1.318817 0.117789
v -0.023353 1.318697 0.117401
v -0.023323 1.318877 0.117252
v 0.000000 0.000000 0.000000
v 0.000000 0.000048 0.004456
v 0.000000 0.000182 0.016877
v 0.000000 0.002644 0.271930
v 0.000000 0.003188 0.276729
v 0.000000 0.004041 0.281221
v 0.000000 0.005162 0.285374
v 0.000000 0.006508 0.289156
v 0.000000 0.008037 0.292537
v 0.000000 0.009705 0.295484
v 0.000000 0.011471 0.297966
v 0.000000 0.013291 0.299952
v 0.000000 0.015124 0.301409
v 0.000000 0.016926 0.302307
v 0.000000 0.046619 0.302613
v 0.000000 0.050082 0.301804
v -0.000000 0.052730 0.299569
v -0.000000 0.054708 0.296190
v -0.000000 0.056159 0.291954
v -0.000000 0.057229 0.287145
v -0.000000 0.058064 0.282047
v -0.000000 0.058808 0.276944
v -0.000000 0.059607 0.272123
v -0.000000 0.060605 0.267866
v -0.000000 0.061948 0.264460
v -0.000000 0.063780 0.262188
v -0.000000 0.066247 0.261335
v -0.000000 0.069173 0.262319
v -0.000000 0.072333 0.265125
v -0.000000 0.075800 0.269389
v -0.000000 0.079647 0.274749
v -0.000000 0.083946 0.280841
v -0.000000 0.088770 0.287303
v -0.000000 0.094191 0.293770
v -0.000000 0.100283 0.299880
v -0.000000 0.107117 0.305269
v -0.000000 0.114766 0.309574
v -0.000000 0.123304 0.312432
v -0.000000 0.132802 0.313479
v -0.000000 0.147471 0.311305
v -0.000000 0.161308 0.305236
v -0.000000 0.174463 0.296047
v -0.000000 0.187087 0.284515
v -0.000000 0.199333 0.271415
v -0.000000 0.211351 0.257524
v -0.000000 0.223293 0.243616
v -0.000000 0.235310 0.230469
v -0.000000 0.247555 0.218857
v -0.000000 0.260177 0.209557
v -0.000000 0.273328 0.203344
v -0.000000 0.287161 0.200995
v -0.000000 0.295336 0.200890
v -0.000000 0.302125 0.200717
v -0.000000 0.307658 0.200391
v -0.000000 0.312061 0.199823
v -0.000000 0.315464 0.198928
v -0.000000 0.317995 0.197620
v -0.000000 0.319781 0.195812
v -0.000000 0.320952 0.193418
v -0.000000 0.321635 0.190351
v -0.000000 0.321958 0.186525
v -0.000000 0.322050 0.181853
v -0.000000 0.322040 0.176250
v -0.000000 0.329779 0.170188
v -0.000000 0.351847 0.160773
v -0.000000 0.386479 0.149102
v -0.000000 0.431911 0.136274
v -0.000000 0.486378 0.123388
v -0.000000 0.548116 0.111543
v -0.000000 0.615361 0.101838
v -0.000000 0.686347 0.095371
v -0.000000 0.759311 0.093240
v -0.000000 0.832489 0.096546
v -0.000000 0.904115 0.106385
v -0.000000 0.972426 0.123857
v -0.000000 0.972426 0.127500
v -0.000000 0.972426 0.130889
v -0.000000 0.972426 0.134109
v -0.000000 0.972426 0.137243
v -0.000000 0.972426 0.140378
v -0.000000 0.972426 0.143597
v -0.000000 0.972426 0.146986
v -0.000000 0.972426 0.150629
v -0.000000 0.972426 0.154611
v -0.000000 0.972426 0.159016
v -0.000000 0.972426 0.163930
v -0.000000 0.972426 0.169437
v -0.000000 0.973222 0.175448
v -0.000000 0.975423 0.180367
v -0.000000 0.978749 0.184193
v -0.000000 0.982918 0.186925
v -0.000000 0.987648 0.188565
v -0.000000 0.992660 0.189111
v -0.000000 0.997672 0.188565
v -0.000000 1.002403 0.186925
v -0.000000 1.006572 0.184193
v -0.000000 1.009897 0.180367
v -0.000000 1.012099 0.175448
v -0.000000 1.012895 0.169437
v -0.000000 1.012895 0.166168
v -0.000000 1.012895 0.163482
v -0.000000 1.012895 0.161294
v -0.000000 1.012895 0.159521
v -0.000000 1.012895 0.158082
v -0.000000 1.012895 0.156892
v -0.000000 1.012895 0.155868
v -0.000000 1.012895 0.154927
v -0.000000 1.012895 0.153986
v -0.000000 1.012895 0.152962
v -0.000000 1.012895 0.151772
v -0.000000 1.012895 0.150332
v -0.000000 1.014497 0.150289
v -0.000000 1.016399 0.150261
v -0.000000 1.018557 0.150245
v -0.000000 1.020929 0.150241
v -0.000000 1.023473 0.150245
v -0.000000 1.026145 0.150255
v -0.000000 1.028903 0.150270
v -0.000000 1.031703 0.150286
v -0.000000 1.034503 0.150303
v -0.000000 1.037261 0.150318
v -0.000000 1.039933 0.150328
v -0.000000 1.042477 0.150332
v -0.000000 1.042477 0.147897
v -0.000000 1.042477 0.145143
v -0.000000 1.042477 0.142115
v -0.000000 1.042477 0.138858
v -0.000000 1.042477 0.135419
v -0.000000 1.042477 0.131843
v -0.000000 1.042477 0.128176
v -0.000000 1.042477 0.124463
v -0.000000 1.042477 0.120750
v -0.000000 1.042477 0.117083
v -0.000000 1.042477 0.113507
v -0.000000 1.042477 0.110068
v -0.000000 1.044685 0.110025
v -0.000000 1.048300 0.109997
v -0.000000 1.053119 0.109981
v -0.000000 1.058941 0.109977
v -0.000000 1.065565 0.109981
v -0.000000 1.072789 0.109991
v -0.000000 1.080411 0.110006
v -0.000000 1.088230 0.110022
v -0.000000 1.096044 0.110039
v -0.000000 1.103652 0.110054
v -0.000000 1.110852 0.110064
v -0.000000 1.117443 0.110068
v -0.000000 1.117443 0.110228
v -0.000000 1.117443 0.110773
v -0.000000 1.117443 0.111648
v -0.000000 1.117443 0.112798
v -0.000000 1.117443 0.114169
v -0.000000 1.117443 0.115704
v -0.000000 1.117443 0.117350
v -0.000000 1.117443 0.119051
v -0.000000 1.117443 0.120752
v -0.000000 1.117443 0.122398
v -0.000000 1.117443 0.123933
v -0.000000 1.117443 0.125304
v -0.000000 1.118750 0.125261
v -0.000000 1.119895 0.125233
v -0.000000 1.120902 0.125217
v -0.000000 1.121794 0.125213
v -0.000000 1.122593 0.125217
v -0.000000 1.123323 0.125227
v -0.000000 1.124007 0.125242
v -0.000000 1.124668 0.125258
v -0.000000 1.125329 0.125275
v -0.000000 1.126014 0.125290
v -0.000000 1.126744 0.125300
v -0.000000 1.127543 0.125304
v -0.000000 1.127543 0.124992
v -0.000000 1.127543 0.124204
v -0.000000 1.127543 0.123008
v -0.000000 1.127543 0.121472
v -0.000000 1.127543 0.119664
v -0.000000 1.127543 0.117652
v -0.000000 1.127543 0.115504
v -0.000000 1.127543 0.113288
v -0.000000 1.127543 0.111072
v -0.000000 1.127543 0.108924
v -0.000000 1.127543 0.106912
v -0.000000 1.127543 0.105104
v -0.000000 1.131607 0.104654
v -0.000000 1.140425 0.103781
v -0.000000 1.153254 0.103046
v -0.000000 1.169347 0.103011
v -0.000000 1.187962 0.104237
v -0.000000 1.208352 0.107285
v -0.000000 1.229774 0.112717
v -0.000000 1.251483 0.121093
v -0.000000 1.272733 0.132974
v -0.000000 1.292780 0.148924
v -0.000000 1.310880 0.169501
v -0.000000 1.326288 0.195268
v -0.000000 1.327670 0.195770
v -0.000000 1.329965 0.194913
v -0.000000 1.332796 0.192744
v -0.000000 1.335784 0.189308
v -0.000000 1.338549 0.184653
v -0.000000 1.340715 0.178823
v -0.000000 1.341902 0.171866
v -0.000000 1.341733 0.163827
v -0.000000 1.339828 0.154753
v -0.000000 1.335809 0.144689
v -0.000000 1.329298 0.133683
v -0.000000 1.319917 0.121780
v -0.000000 1.319228 0.120776
v -0.000000 1.318817 0.120096
v -0.000000 1.318697 0.119701
v -0.000000 1.318877 0.119549
v 0.000000 0.000000 0.000000
v 0.000869 0.000048 0.004370
v 0.003293 0.000182 0.016553
v 0.053051 0.002644 0.266705
v 0.053987 0.003188 0.271412
v 0.054863 0.004041 0.275817
v 0.055674 0.005162 0.279890
v 0.056412 0.006508 0.283600
v 0.057071 0.008037 0.286916
v 0.057646 0.009705 0.289807
v 0.058130 0.011471 0.292241
v 0.058518 0.013291 0.294188
v 0.058802 0.015124 0.295618
v 0.058977 0.016926 0.296498
v 0.059037 0.046619 0.296798
v 0.058879 0.050082 0.296005
v 0.058443 0.052730 0.293813
v 0.057784 0.054708 0.290499
v 0.056957 0.056159 0.286344
v 0.056019 0.057229 0.281627
v 0.055025 0.058064 0.276627
v 0.054029 0.058808 0.271623
v 0.053089 0.059607 0.266894
v 0.052258 0.060605 0.262719
v 0.051594 0.061948 0.259378
v 0.051150 0.063780 0.257150
v 0.050984 0.066247 0.256314
v 0.051176 0.069173 0.257279
v 0.051723 0.072333 0.260030
v 0.052555 0.075800 0.264213
v 0.053601 0.079647 0.269470
v 0.054789 0.083946 0.275445
v 0.056050 0.088770 0.281782
v 0.057312 0.094191 0.288125
v 0.058504 0.100283 0.294118
v 0.059555 0.107117 0.299403
v 0.060395 0.114766 0.303625
v 0.060952 0.123304 0.306428
v 0.061157 0.132802 0.307456
v 0.060733 0.147471 0.305323
v 0.059549 0.161308 0.299371
v 0.057756 0.174463 0.290359
v 0.055506 0.187087 0.279048
v 0.052950 0.199333 0.266200
v 0.050240 0.211351 0.252575
v 0.047527 0.223293 0.238935
v 0.044962 0.235310 0.226040
v 0.042697 0.247555 0.214652
v 0.040883 0.260177 0.205530
v 0.039670 0.273328 0.199437
v 0.039212 0.287161 0.197133
v 0.039192 0.295336 0.197030
v 0.039158 0.302125 0.196861
v 0.039094 0.307658 0.196540
v 0.038984 0.312061 0.195983
v 0.038809 0.315464 0.195106
v 0.038554 0.317995 0.193823
v 0.038201 0.319781 0.192050
v 0.037734 0.320952 0.189701
v 0.037136 0.321635 0.186693
v 0.036389 0.321958 0.182941
v 0.035478 0.322050 0.178359
v 0.034385 0.322040 0.172864
v 0.033202 0.329779 0.166918
v 0.031365 0.351847 0.157683
v 0.029088 0.386479 0.146237
v 0.026586 0.431911 0.133655
v 0.024072 0.486378 0.121017
v 0.021761 0.548116 0.109400
v 0.019868 0.615361 0.099881
v 0.018606 0.686347 0.093538
v 0.018190 0.759311 0.091449
v 0.018835 0.832489 0.094691
v 0.020755 0.904115 0.104341
v 0.024163 0.972426 0.121478
v 0.024874 0.972426 0.125051
v 0.025535 0.972426 0.128374
v 0.026163 0.972426 0.131532
v 0.026775 0.972426 0.134606
v 0.027386 0.972426 0.137681
v 0.028014 0.972426 0.140838
v 0.028676 0.972426 0.144162
v 0.029386 0.972426 0.147735
v 0.030163 0.972426 0.151640
v 0.031023 0.972426 0.155961
v 0.031981 0.972426 0.160780
v 0.033055 0.972426 0.166181
v 0.034228 0.973222 0.172077
v 0.035188 0.975423 0.176901
v 0.035934 0.978749 0.180653
v 0.036467 0.982918 0.183334
v 0.036787 0.987648 0.184942
v 0.036894 0.992660 0.185478
v 0.036787 0.997672 0.184942
v 0.036467 1.002403 0.183334
v 0.035934 1.006572 0.180653
v 0.035188 1.009897 0.176901
v 0.034228 1.012099 0.172077
v 0.033055 1.012895 0.166181
v 0.032418 1.012895 0.162975
v 0.031894 1.012895 0.160340
v 0.031467 1.012895 0.158194
v 0.031121 1.012895 0.156456
v 0.030840 1.012895 0.155044
v 0.030608 1.012895 0.153877
v 0.030408 1.012895 0.152873
v 0.030225 1.012895 0.151950
v 0.030041 1.012895 0.151027
v 0.029841 1.012895 0.150023
v 0.029609 1.012895 0.148855
v 0.029328 1.012895 0.147443
v 0.029320 1.014497 0.147401
v 0.029314 1.016399 0.147373
v 0.029311 1.018557 0.147358
v 0.029310 1.020929 0.147354
v 0.029311 1.023473 0.147358
v 0.029313 1.026145 0.147368
v 0.029316 1.028903 0.147382
v 0.029319 1.031703 0.147399
v 0.029323 1.034503 0.147415
v 0.029325 1.037261 0.147429
v 0.029328 1.039933 0.147440
v 0.029328 1.042477 0.147443
v 0.028853 1.042477 0.145055
v 0.028316 1.042477 0.142354
v 0.027725 1.042477 0.139384
v 0.027090 1.042477 0.136190
v 0.026419 1.042477 0.132817
v 0.025721 1.042477 0.129310
v 0.025006 1.042477 0.125713
v 0.024282 1.042477 0.122072
v 0.023557 1.042477 0.118430
v 0.022842 1.042477 0.114833
v 0.022144 1.042477 0.111326
v 0.021473 1.042477 0.107953
v 0.021465 1.044685 0.107911
v 0.021459 1.048300 0.107883
v 0.021456 1.053119 0.107868
v 0.021455 1.058941 0.107864
v 0.021456 1.065565 0.107867
v 0.021458 1.072789 0.107878
v 0.021461 1.080411 0.107892
v 0.021464 1.088230 0.107908
v 0.021468 1.096044 0.107925
v 0.021470 1.103652 0.107939
v 0.021472 1.110852 0.107949
v 0.021473 1.117443 0.107953
v 0.021504 1.117443 0.108110
v 0.021611 1.117443 0.108644
v 0.021781 1.117443 0.109503
v 0.022006 1.117443 0.110631
v 0.022273 1.117443 0.111975
v 0.022573 1.117443 0.113481
v 0.022894 1.117443 0.115095
v 0.023226 1.117443 0.116764
v 0.023557 1.117443 0.118432
v 0.023879 1.117443 0.120046
v 0.024178 1.117443 0.121552
v 0.024446 1.117443 0.122896
v 0.024437 1.118750 0.122854
v 0.024432 1.119895 0.122826
v 0.024429 1.120902 0.122811
v 0.024428 1.121794 0.122807
v 0.024429 1.122593 0.122811
v 0.024431 1.123323 0.122821
v 0.024433 1.124007 0.122835
v 0.024437 1.124668 0.122852
v 0.024440 1.125329 0.122868
v 0.024443 1.126014 0.122882
v 0.024445 1.126744 0.122892
v 0.024446 1.127543 0.122896
v 0.024385 1.127543 0.122590
v 0.024231 1.127543 0.121817
v 0.023998 1.127543 0.120644
v 0.023698 1.127543 0.119138
v 0.023345 1.127543 0.117365
v 0.022953 1.127543 0.115391
v 0.022534 1.127543 0.113284
v 0.022101 1.127543 0.111111
v 0.021669 1.127543 0.108937
v 0.021250 1.127543 0.106831
v 0.020857 1.127543 0.104857
v 0.020505 1.127543 0.103084
v 0.020417 1.131607 0.102643
v 0.020247 1.140425 0.101787
v 0.020103 1.153254 0.101066
v 0.020096 1.169347 0.101032
v 0.020336 1.187962 0.102234
v 0.020930 1.208352 0.105224
v 0.021990 1.229774 0.110551
v 0.023624 1.251483 0.118766
v 0.025942 1.272733 0.130419
v 0.029053 1.292780 0.146062
v 0.033068 1.310880 0.166244
v 0.038095 1.326288 0.191516
v 0.038193 1.327670 0.192008
v 0.038026 1.329965 0.191168
v 0.037602 1.332796 0.189040
v 0.036932 1.335784 0.185671
v 0.036024 1.338549 0.181105
v 0.034887 1.340715 0.175387
v 0.033529 1.341902 0.168563
v 0.031961 1.341733 0.160679
v 0.030191 1.339828 0.151779
v 0.028227 1.335809 0.141909
v 0.026080 1.329298 0.131114
v 0.023758 1.319917 0.119440
v 0.023562 1.319228 0.118456
v 0.023430 1.318817 0.117789
v 0.023352 1.318697 0.117401
v 0.023323 1.318877 0.117252
v 0.000000 0.000000 0.000000
v 0.001705 0.000048 0.004117
v 0.006459 0.000182 0.015592
v 0.104063 0.002644 0.251231
v 0.105900 0.003188 0.255664
v 0.107619 0.004041 0.259814
v 0.109208 0.005162 0.263651
v 0.110655 0.006508 0.267146
v 0.111949 0.008037 0.270269
v 0.113077 0.009705 0.272992
v 0.114027 0.011471 0.275285
v 0.114787 0.013291 0.277119
v 0.115344 0.015124 0.278466
v 0.115688 0.016926 0.279295
v 0.115805 0.046619 0.279578
v 0.115496 0.050082 0.278831
v 0.114640 0.052730 0.276765
v 0.113347 0.054708 0.273644
v 0.111726 0.056159 0.269731
v 0.109886 0.057229 0.265287
v 0.107935 0.058064 0.260577
v 0.105982 0.058808 0.255863
v 0.104137 0.059607 0.251409
v 0.102508 0.060605 0.247476
v 0.101204 0.061948 0.244329
v 0.100335 0.063780 0.242230
v 0.100009 0.066247 0.241442
v 0.100385 0.069173 0.242351
v 0.101459 0.072333 0.244943
v 0.103091 0.075800 0.248883
v 0.105142 0.079647 0.253835
v 0.107473 0.083946 0.259464
v 0.109946 0.088770 0.265433
v 0.112421 0.094191 0.271408
v 0.114759 0.100283 0.277053
v 0.116821 0.107117 0.282031
v 0.118469 0.114766 0.286009
v 0.119562 0.123304 0.288649
v 0.119963 0.132802 0.289617
v 0.119131 0.147471 0.287608
v 0.116809 0.161308 0.282001
v 0.113292 0.174463 0.273512
v 0.108879 0.187087 0.262858
v 0.103866 0.199333 0.250755
v 0.098550 0.211351 0.237921
v 0.093228 0.223293 0.225072
v 0.088197 0.235310 0.212925
v 0.083753 0.247555 0.202197
v 0.080194 0.260177 0.193605
v 0.077816 0.273328 0.187865
v 0.076917 0.287161 0.185695
v 0.076877 0.295336 0.185598
v 0.076811 0.302125 0.185439
v 0.076686 0.307658 0.185137
v 0.076469 0.312061 0.184612
v 0.076127 0.315464 0.183786
v 0.075626 0.317995 0.182577
v 0.074934 0.319781 0.180907
v 0.074018 0.320952 0.178695
v 0.072844 0.321635 0.175861
v 0.071380 0.321958 0.172326
v 0.069592 0.322050 0.168011
v 0.067448 0.322040 0.162834
v 0.065128 0.329779 0.157234
v 0.061525 0.351847 0.148535
v 0.057059 0.386479 0.137752
v 0.052150 0.431911 0.125901
v 0.047219 0.486378 0.113996
v 0.042686 0.548116 0.103053
v 0.038972 0.615361 0.094086
v 0.036497 0.686347 0.088111
v 0.035682 0.759311 0.086143
v 0.036946 0.832489 0.089197
v 0.040712 0.904115 0.098287
v 0.047398 0.972426 0.114429
v 0.048792 0.972426 0.117795
v 0.050089 0.972426 0.120926
v 0.051321 0.972426 0.123900
v 0.052521 0.972426 0.126796
v 0.053720 0.972426 0.129692
v 0.054952 0.972426 0.132667
v 0.056249 0.972426 0.135798
v 0.057643 0.972426 0.139163
v 0.059167 0.972426 0.142842
v 0.060853 0.972426 0.146912
v 0.062733 0.972426 0.151452
v 0.064841 0.972426 0.156539
v 0.067141 0.973222 0.162093
v 0.069023 0.975423 0.166637
v 0.070487 0.978749 0.170172
v 0.071533 0.982918 0.172696
v 0.072161 0.987648 0.174211
v 0.072370 0.992660 0.174716
v 0.072161 0.997672 0.174211
v 0.071533 1.002403 0.172696
v 0.070487 1.006572 0.170172
v 0.069023 1.009897 0.166637
v 0.067141 1.012099 0.162093
v 0.064841 1.012895 0.156539
v 0.063590 1.012895 0.153519
v 0.062562 1.012895 0.151037
v 0.061724 1.012895 0.149016
v 0.061046 1.012895 0.147379
v 0.060495 1.012895 0.146049
v 0.060040 1.012895 0.144949
v 0.059648 1.012895 0.144003
v 0.059288 1.012895 0.143134
v 0.058928 1.012895 0.142264
v 0.058536 1.012895 0.141318
v 0.058080 1.012895 0.140219
v 0.057530 1.012895 0.138889
v 0.057513 1.014497 0.138849
v 0.057502 1.016399 0.138823
v 0.057496 1.018557 0.138809
v 0.057495 1.020929 0.138804
v 0.057496 1.023473 0.138808
v 0.057500 1.026145 0.138817
v 0.057506 1.028903 0.138831
v 0.057512 1.031703 0.138846
v 0.057518 1.034503 0.138862
v 0.057524 1.037261 0.138875
v 0.057528 1.039933 0.138885
v 0.057530 1.042477 0.138889
v 0.056598 1.042477 0.136639
v 0.055544 1.042477 0.134095
v 0.054385 1.042477 0.131297
v 0.053139 1.042477 0.128288
v 0.051823 1.042477 0.125111
v 0.050454 1.042477 0.121807
v 0.049051 1.042477 0.118419
v 0.047630 1.042477 0.114989
v 0.046209 1.042477 0.111559
v 0.044806 1.042477 0.108171
v 0.043437 1.042477 0.104867
v 0.042121 1.042477 0.101690
v 0.042105 1.044685 0.101650
v 0.042094 1.048300 0.101624
v 0.042088 1.053119 0.101610
v 0.042086 1.058941 0.101605
v 0.042088 1.065565 0.101609
v 0.042092 1.072789 0.101618
v 0.042097 1.080411 0.101632
v 0.042104 1.088230 0.101647
v 0.042110 1.096044 0.101663
v 0.042116 1.103652 0.101676
v 0.042120 1.110852 0.101686
v 0.042121 1.117443 0.101690
v 0.042182 1.117443 0.101837
v 0.042391 1.117443 0.102341
v 0.042726 1.117443 0.103149
v 0.043166 1.117443 0.104212
v 0.043690 1.117443 0.105478
v 0.044278 1.117443 0.106897
v 0.044908 1.117443 0.108418
v 0.045559 1.117443 0.109989
v 0.046210 1.117443 0.111560
v 0.046840 1.117443 0.113081
v 0.047427 1.117443 0.114500
v 0.047952 1.117443 0.115766
v 0.047935 1.118750 0.115726
v 0.047924 1.119895 0.115700
v 0.047919 1.120902 0.115686
v 0.047917 1.121794 0.115681
v 0.047918 1.122593 0.115685
v 0.047922 1.123323 0.115695
v 0.047928 1.124007 0.115708
v 0.047934 1.124668 0.115724
v 0.047941 1.125329 0.115739
v 0.047946 1.126014 0.115753
v 0.047950 1.126744 0.115762
v 0.047952 1.127543 0.115766
v 0.047832 1.127543 0.115478
v 0.047531 1.127543 0.114749
v 0.047073 1.127543 0.113644
v 0.046485 1.127543 0.112225
v 0.045793 1.127543 0.110555
v 0.045023 1.127543 0.108696
v 0.044201 1.127543 0.106712
v 0.043353 1.127543 0.104664
v 0.042505 1.127543 0.102617
v 0.041683 1.127543 0.100632
v 0.040913 1.127543 0.098773
v 0.040221 1.127543 0.097103
v 0.040049 1.131607 0.096687
v 0.039715 1.140425 0.095881
v 0.039434 1.153254 0.095202
v 0.039421 1.169347 0.095170
v 0.039890 1.187962 0.096303
v 0.041056 1.208352 0.099119
v 0.043135 1.229774 0.104137
v 0.046340 1.251483 0.111875
v 0.050887 1.272733 0.122852
v 0.056991 1.292780 0.137587
v 0.064865 1.310880 0.156599
v 0.074726 1.326288 0.180404
v 0.074918 1.327670 0.180868
v 0.074590 1.329965 0.180076
v 0.073760 1.332796 0.178072
v 0.072445 1.335784 0.174898
v 0.070663 1.338549 0.170597
v 0.068433 1.340715 0.165211
v 0.065770 1.341902 0.158783
v 0.062694 1.341733 0.151356
v 0.059221 1.339828 0.142973
v 0.055370 1.335809 0.133675
v 0.051158 1.329298 0.123507
v 0.046603 1.319917 0.112510
v 0.046219 1.319228 0.111583
v 0.045959 1.318817 0.110955
v 0.045807 1.318697 0.110589
v 0.045750 1.318877 0.110449
v 0.000000 0.000000 0.000000
v 0.002476 0.000048 0.003705
v 0.009376 0.000182 0.014033
v 0.151076 0.002644 0.226102
v 0.153743 0.003188 0.230092
v 0.156238 0.004041 0.233827
v 0.158545 0.005162 0.237280
v 0.160647 0.006508 0.240425
v 0.162525 0.008037 0.243236
v 0.164162 0.009705 0.245686
v 0.165541 0.011471 0.247750
v 0.166644 0.013291 0.249401
v 0.167454 0.015124 0.250613
v 0.167953 0.016926 0.251359
v 0.168123 0.046619 0.251613
v 0.167674 0.050082 0.250941
v 0.166432 0.052730 0.249082
v 0.164555 0.054708 0.246273
v 0.162201 0.056159 0.242751
v 0.159529 0.057229 0.238752
v 0.156697 0.058064 0.234513
v 0.153862 0.058808 0.230271
v 0.151183 0.059607 0.226262
v 0.148819 0.060605 0.222723
v 0.146926 0.061948 0.219890
v 0.145664 0.063780 0.218001
v 0.145190 0.066247 0.217292
v 0.145737 0.069173 0.218110
v 0.147295 0.072333 0.220443
v 0.149665 0.075800 0.223989
v 0.152643 0.079647 0.228446
v 0.156027 0.083946 0.233511
v 0.159617 0.088770 0.238884
v 0.163210 0.094191 0.244261
v 0.166604 0.100283 0.249341
v 0.169598 0.107117 0.253822
v 0.171990 0.114766 0.257401
v 0.173578 0.123304 0.259777
v 0.174160 0.132802 0.260648
v 0.172952 0.147471 0.258841
v 0.169580 0.161308 0.253794
v 0.164475 0.174463 0.246154
v 0.158068 0.187087 0.236566
v 0.150790 0.199333 0.225673
v 0.143073 0.211351 0.214123
v 0.135346 0.223293 0.202559
v 0.128042 0.235310 0.191628
v 0.121590 0.247555 0.181973
v 0.116424 0.260177 0.174240
v 0.112972 0.273328 0.169074
v 0.111667 0.287161 0.167121
v 0.111609 0.295336 0.167034
v 0.111513 0.302125 0.166890
v 0.111331 0.307658 0.166619
v 0.111016 0.312061 0.166147
v 0.110519 0.315464 0.165403
v 0.109792 0.317995 0.164315
v 0.108787 0.319781 0.162812
v 0.107457 0.320952 0.160821
v 0.105753 0.321635 0.158271
v 0.103628 0.321958 0.155090
v 0.101032 0.322050 0.151206
v 0.097919 0.322040 0.146547
v 0.094552 0.329779 0.141506
v 0.089321 0.351847 0.133678
v 0.082836 0.386479 0.123973
v 0.075710 0.431911 0.113308
v 0.068551 0.486378 0.102594
v 0.061970 0.548116 0.092745
v 0.056578 0.615361 0.084675
v 0.052985 0.686347 0.079298
v 0.051802 0.759311 0.077527
v 0.053638 0.832489 0.080275
v 0.059104 0.904115 0.088456
v 0.068811 0.972426 0.102984
v 0.070835 0.972426 0.106013
v 0.072718 0.972426 0.108830
v 0.074507 0.972426 0.111507
v 0.076248 0.972426 0.114114
v 0.077990 0.972426 0.116720
v 0.079778 0.972426 0.119397
v 0.081661 0.972426 0.122215
v 0.083685 0.972426 0.125244
v 0.085897 0.972426 0.128554
v 0.088345 0.972426 0.132217
v 0.091075 0.972426 0.136303
v 0.094134 0.972426 0.140882
v 0.097474 0.973222 0.145880
v 0.100207 0.975423 0.149970
v 0.102332 0.978749 0.153151
v 0.103850 0.982918 0.155423
v 0.104761 0.987648 0.156786
v 0.105065 0.992660 0.157240
v 0.104761 0.997672 0.156786
v 0.103850 1.002403 0.155423
v 0.102332 1.006572 0.153151
v 0.100207 1.009897 0.149970
v 0.097474 1.012099 0.145880
v 0.094134 1.012895 0.140882
v 0.092318 1.012895 0.138164
v 0.090825 1.012895 0.135930
v 0.089610 1.012895 0.134111
v 0.088625 1.012895 0.132637
v 0.087826 1.012895 0.131440
v 0.087164 1.012895 0.130451
v 0.086595 1.012895 0.129599
v 0.086073 1.012895 0.128817
v 0.085550 1.012895 0.128035
v 0.084981 1.012895 0.127183
v 0.084320 1.012895 0.126193
v 0.083520 1.012895 0.124996
v 0.083496 1.014497 0.124961
v 0.083480 1.016399 0.124937
v 0.083472 1.018557 0.124924
v 0.083469 1.020929 0.124921
v 0.083471 1.023473 0.124924
v 0.083477 1.026145 0.124932
v 0.083485 1.028903 0.124945
v 0.083495 1.031703 0.124959
v 0.083504 1.034503 0.124972
v 0.083512 1.037261 0.124985
v 0.083518 1.039933 0.124993
v 0.083520 1.042477 0.124996
v 0.082167 1.042477 0.122972
v 0.080637 1.042477 0.120682
v 0.078955 1.042477 0.118164
v 0.077146 1.042477 0.115457
v 0.075235 1.042477 0.112597
v 0.073248 1.042477 0.109624
v 0.071211 1.042477 0.106575
v 0.069148 1.042477 0.103487
v 0.067085 1.042477 0.100400
v 0.065048 1.042477 0.097351
v 0.063061 1.042477 0.094378
v 0.061151 1.042477 0.091518
v 0.061127 1.044685 0.091482
v 0.061111 1.048300 0.091459
v 0.061102 1.053119 0.091446
v 0.061100 1.058941 0.091442
v 0.061102 1.065565 0.091446
v 0.061108 1.072789 0.091454
v 0.061116 1.080411 0.091466
v 0.061125 1.088230 0.091480
v 0.061135 1.096044 0.091494
v 0.061143 1.103652 0.091506
v 0.061148 1.110852 0.091515
v 0.061151 1.117443 0.091518
v 0.061239 1.117443 0.091651
v 0.061542 1.117443 0.092104
v 0.062028 1.117443 0.092832
v 0.062667 1.117443 0.093788
v 0.063429 1.117443 0.094928
v 0.064282 1.117443 0.096205
v 0.065196 1.117443 0.097573
v 0.066141 1.117443 0.098987
v 0.067086 1.117443 0.100402
v 0.068001 1.117443 0.101770
v 0.068854 1.117443 0.103047
v 0.069615 1.117443 0.104186
v 0.069591 1.118750 0.104151
v 0.069576 1.119895 0.104127
v 0.069567 1.120902 0.104114
v 0.069564 1.121794 0.104111
v 0.069567 1.122593 0.104114
v 0.069572 1.123323 0.104122
v 0.069580 1.124007 0.104135
v 0.069590 1.124668 0.104148
v 0.069599 1.125329 0.104162
v 0.069607 1.126014 0.104175
v 0.069613 1.126744 0.104183
v 0.069615 1.127543 0.104186
v 0.069442 1.127543 0.103927
v 0.069004 1.127543 0.103272
v 0.068340 1.127543 0.102277
v 0.067486 1.127543 0.101000
v 0.066482 1.127543 0.099497
v 0.065364 1.127543 0.097824
v 0.064170 1.127543 0.096038
v 0.062939 1.127543 0.094195
v 0.061708 1.127543 0.092353
v 0.060515 1.127543 0.090567
v 0.059397 1.127543 0.088894
v 0.058392 1.127543 0.087390
v 0.058142 1.131607 0.087016
v 0.057658 1.140425 0.086291
v 0.057249 1.153254 0.085680
v 0.057230 1.169347 0.085651
v 0.057911 1.187962 0.086670
v 0.059604 1.208352 0.089204
v 0.062622 1.229774 0.093720
v 0.067275 1.251483 0.100685
v 0.073877 1.272733 0.110564
v 0.082738 1.292780 0.123825
v 0.094170 1.310880 0.140935
v 0.108485 1.326288 0.162360
v 0.108764 1.327670 0.162777
v 0.108288 1.329965 0.162064
v 0.107083 1.332796 0.160261
v 0.105174 1.335784 0.157404
v 0.102587 1.338549 0.153533
v 0.099349 1.340715 0.148686
v 0.095483 1.341902 0.142901
v 0.091017 1.341733 0.136217
v 0.085976 1.339828 0.128672
v 0.080385 1.335809 0.120305
v 0.074270 1.329298 0.111153
v 0.067657 1.319917 0.101256
v 0.067100 1.319228 0.100422
v 0.066722 1.318817 0.099857
v 0.066502 1.318697 0.099527
v 0.066418 1.318877 0.099402
v 0.000000 0.000000 0.000000
v 0.003151 0.000048 0.003151
v 0.011934 0.000182 0.011934
v 0.192284 0.002644 0.192284
v 0.195677 0.003188 0.195677
v 0.198853 0.004041 0.198853
v 0.201790 0.005162 0.201790
v 0.204464 0.006508 0.204464
v 0.206855 0.008037 0.206855
v 0.208939 0.009705 0.208939
v 0.210694 0.011471 0.210694
v 0.212098 0.013291 0.212098
v 0.213129 0.015124 0.213128
v 0.213763 0.016926 0.213763
v 0.213980 0.046619 0.213980
v 0.213408 0.050082 0.213408
v 0.211827 0.052730 0.211827
v 0.209438 0.054708 0.209438
v 0.206443 0.056159 0.206443
v 0.203042 0.057229 0.203042
v 0.199437 0.058064 0.199437
v 0.195829 0.058808 0.195829
v 0.192420 0.059607 0.192420
v 0.189410 0.060605 0.189410
v 0.187001 0.061948 0.187001
v 0.185395 0.063780 0.185395
v 0.184792 0.066247 0.184792
v 0.185488 0.069173 0.185487
v 0.187471 0.072333 0.187471
v 0.190487 0.075800 0.190487
v 0.194277 0.079647 0.194277
v 0.198585 0.083946 0.198585
v 0.203154 0.088770 0.203154
v 0.207727 0.094191 0.207727
v 0.212047 0.100283 0.212047
v 0.215858 0.107117 0.215857
v 0.218902 0.114766 0.218902
v 0.220923 0.123303 0.220922
v 0.221663 0.132802 0.221663
v 0.220126 0.147471 0.220126
v 0.215834 0.161308 0.215834
v 0.209337 0.174463 0.209337
v 0.201183 0.187087 0.201182
v 0.191920 0.199333 0.191919
v 0.182097 0.211351 0.182097
v 0.172263 0.223293 0.172263
v 0.162966 0.235310 0.162966
v 0.154755 0.247555 0.154755
v 0.148179 0.260177 0.148179
v 0.143786 0.273328 0.143786
v 0.142125 0.287161 0.142125
v 0.142051 0.295336 0.142051
v 0.141929 0.302125 0.141929
v 0.141698 0.307658 0.141697
v 0.141296 0.312061 0.141296
v 0.140664 0.315464 0.140663
v 0.139739 0.317995 0.139738
v 0.138460 0.319781 0.138460
v 0.136767 0.320952 0.136767
v 0.134598 0.321635 0.134598
v 0.131893 0.321958 0.131893
v 0.128590 0.322050 0.128590
v 0.124628 0.322040 0.124628
v 0.120341 0.329779 0.120341
v 0.113683 0.351847 0.113683
v 0.105431 0.386479 0.105431
v 0.096360 0.431911 0.096360
v 0.087249 0.486378 0.087249
v 0.078873 0.548116 0.078873
v 0.072010 0.615361 0.072010
v 0.067437 0.686347 0.067437
v 0.065931 0.759311 0.065931
v 0.068268 0.832489 0.068268
v 0.075226 0.904115 0.075226
v 0.087580 0.972426 0.087580
v 0.090156 0.972426 0.090156
v 0.092553 0.972426 0.092553
v 0.094829 0.972426 0.094829
v 0.097046 0.972426 0.097046
v 0.099262 0.972426 0.099262
v 0.101539 0.972426 0.101539
v 0.103935 0.972426 0.103935
v 0.106511 0.972426 0.106511
v 0.109327 0.972426 0.109327
v 0.112442 0.972426 0.112442
v 0.115916 0.972426 0.115916
v 0.119810 0.972426 0.119810
v 0.124061 0.973222 0.124061
v 0.127539 0.975423 0.127539
v 0.130244 0.978749 0.130244
v 0.132176 0.982918 0.132176
v 0.133336 0.987648 0.133335
v 0.133722 0.992660 0.133722
v 0.133336 0.997672 0.133335
v 0.132176 1.002403 0.132176
v 0.130244 1.006572 0.130244
v 0.127539 1.009897 0.127539
v 0.124061 1.012099 0.124061
v 0.119810 1.012895 0.119810
v 0.117499 1.012895 0.117499
v 0.115599 1.012895 0.115599
v 0.114052 1.012895 0.114052
v 0.112799 1.012895 0.112799
v 0.111781 1.012895 0.111781
v 0.110939 1.012895 0.110939
v 0.110215 1.012895 0.110215
v 0.109550 1.012895 0.109550
v 0.108884 1.012895 0.108884
v 0.108160 1.012895 0.108160
v 0.107319 1.012895 0.107319
v 0.106301 1.012895 0.106301
v 0.106270 1.014497 0.106270
v 0.106250 1.016399 0.106250
v 0.106239 1.018557 0.106239
v 0.106236 1.020929 0.106236
v 0.106239 1.023473 0.106239
v 0.106246 1.026145 0.106246
v 0.106257 1.028903 0.106257
v 0.106268 1.031703 0.106268
v 0.106280 1.034503 0.106280
v 0.106291 1.037261 0.106291
v 0.106298 1.039933 0.106298
v 0.106301 1.042477 0.106301
v 0.104579 1.042477 0.104579
v 0.102632 1.042477 0.102632
v 0.100490 1.042477 0.100490
v 0.098188 1.042477 0.098188
v 0.095756 1.042477 0.095756
v 0.093227 1.042477 0.093227
v 0.090634 1.042477 0.090634
v 0.088009 1.042477 0.088009
v 0.085383 1.042477 0.085383
v 0.082790 1.042477 0.082790
v 0.080262 1.042477 0.080262
v 0.077830 1.042477 0.077830
v 0.077799 1.044685 0.077799
v 0.077779 1.048300 0.077779
v 0.077769 1.053119 0.077769
v 0.077765 1.058941 0.077765
v 0.077768 1.065565 0.077768
v 0.077775 1.072789 0.077775
v 0.077786 1.080411 0.077786
v 0.077798 1.088230 0.077798
v 0.077809 1.096044 0.077809
v 0.077820 1.103652 0.077820
v 0.077827 1.110852 0.077827
v 0.077830 1.117443 0.077830
v 0.077943 1.117443 0.077943
v 0.078328 1.117443 0.078328
v 0.078947 1.117443 0.078947
v 0.079760 1.117443 0.079760
v 0.080730 1.117443 0.080730
v 0.081815 1.117443 0.081815
v 0.082979 1.117443 0.082979
v 0.084182 1.117443 0.084182
v 0.085385 1.117443 0.085385
v 0.086548 1.117443 0.086548
v 0.087634 1.117443 0.087634
v 0.088603 1.117443 0.088603
v 0.088573 1.118750 0.088573
v 0.088553 1.119895 0.088553
v 0.088542 1.120902 0.088542
v 0.088539 1.121794 0.088539
v 0.088542 1.122593 0.088542
v 0.088549 1.123323 0.088549
v 0.088559 1.124007 0.088559
v 0.088571 1.124668 0.088571
v 0.088583 1.125329 0.088583
v 0.088593 1.126014 0.088593
v 0.088601 1.126744 0.088601
v 0.088603 1.127543 0.088603
v 0.088383 1.127543 0.088383
v 0.087825 1.127543 0.087825
v 0.086980 1.127543 0.086980
v 0.085894 1.127543 0.085894
v 0.084615 1.127543 0.084615
v 0.083192 1.127543 0.083192
v 0.081674 1.127543 0.081673
v 0.080107 1.127543 0.080106
v 0.078540 1.127543 0.078540
v 0.077021 1.127543 0.077021
v 0.075598 1.127543 0.075598
v 0.074319 1.127543 0.074319
v 0.074001 1.131607 0.074001
v 0.073384 1.140425 0.073384
v 0.072865 1.153254 0.072865
v 0.072840 1.169347 0.072840
v 0.073707 1.187962 0.073707
v 0.075862 1.208352 0.075862
v 0.079703 1.229774 0.079703
v 0.085625 1.251483 0.085625
v 0.094027 1.272733 0.094027
v 0.105305 1.292780 0.105305
v 0.119855 1.310880 0.119855
v 0.138076 1.326288 0.138075
v 0.138430 1.327670 0.138430
v 0.137825 1.329965 0.137824
v 0.136291 1.332796 0.136291
v 0.133861 1.335784 0.133861
v 0.130569 1.338549 0.130569
v 0.126447 1.340715 0.126447
v 0.121527 1.341902 0.121527
v 0.115843 1.341733 0.115843
v 0.109427 1.339828 0.109427
v 0.102311 1.335809 0.102311
v 0.094528 1.329298 0.094528
v 0.086111 1.319917 0.086111
v 0.085402 1.319228 0.085402
v 0.084921 1.318817 0.084921
v 0.084641 1.318697 0.084641
v 0.084534 1.318877 0.084534
v 0.000000 0.000000 0.000000
v 0.003705 0.000048 0.002476
v 0.014033 0.000182 0.009376
v 0.226102 0.002644 0.151076
v 0.230092 0.003188 0.153742
v 0.233827 0.004041 0.156238
v 0.237280 0.005162 0.158545
v 0.240425 0.006508 0.160647
v 0.243236 0.008037 0.162525
v 0.245686 0.009705 0.164162
v 0.247750 0.011471 0.165541
v 0.249401 0.013291 0.166644
v 0.250613 0.015124 0.167454
v 0.251359 0.016926 0.167953
v 0.251613 0.046619 0.168123
v 0.250941 0.050082 0.167674
v 0.249082 0.052730 0.166431
v 0.246273 0.054708 0.164555
v 0.242751 0.056159 0.162201
v 0.238752 0.057229 0.159529
v 0.234513 0.058064 0.156697
v 0.230271 0.058808 0.153862
v 0.226262 0.059607 0.151183
v 0.222723 0.060605 0.148819
v 0.219890 0.061948 0.146926
v 0.218001 0.063780 0.145664
v 0.217292 0.066247 0.145190
v 0.218110 0.069173 0.145737
v 0.220443 0.072333 0.147295
v 0.223989 0.075800 0.149665
v 0.228446 0.079647 0.152642
v 0.233511 0.083946 0.156027
v 0.238884 0.088770 0.159617
v 0.244261 0.094191 0.163210
v 0.249341 0.100283 0.166604
v 0.253822 0.107117 0.169598
v 0.257401 0.114766 0.171990
v 0.259777 0.123303 0.173578
v 0.260648 0.132802 0.174160
v 0.258841 0.147471 0.172952
v 0.253794 0.161308 0.169580
v 0.246154 0.174463 0.164475
v 0.236566 0.187087 0.158068
v 0.225673 0.199333 0.150790
v 0.214123 0.211351 0.143073
v 0.202559 0.223293 0.135346
v 0.191628 0.235310 0.128042
v 0.181973 0.247555 0.121590
v 0.174240 0.260177 0.116424
v 0.169074 0.273328 0.112972
v 0.167121 0.287161 0.111667
v 0.167034 0.295336 0.111609
v 0.166890 0.302125 0.111513
v 0.166619 0.307658 0.111331
v 0.166147 0.312061 0.111016
v 0.165403 0.315464 0.110519
v 0.164315 0.317995 0.109792
v 0.162812 0.319781 0.108787
v 0.160821 0.320952 0.107457
v 0.158271 0.321635 0.105753
v 0.155090 0.321958 0.103628
v 0.151206 0.322050 0.101032
v 0.146547 0.322040 0.097919
v 0.141506 0.329779 0.094552
v 0.133678 0.351847 0.089321
v 0.123973 0.386479 0.082836
v 0.113308 0.431911 0.075710
v 0.102594 0.486378 0.068551
v 0.092745 0.548116 0.061970
v 0.084675 0.615361 0.056578
v 0.079298 0.686347 0.052985
v 0.077527 0.759311 0.051802
v 0.080275 0.832489 0.053638
v 0.088456 0.904115 0.059104
v 0.102984 0.972426 0.068812
v 0.106013 0.972426 0.070835
v 0.108830 0.972426 0.072718
v 0.111507 0.972426 0.074507
v 0.114114 0.972426 0.076248
v 0.116720 0.972426 0.077990
v 0.119397 0.972426 0.079778
v 0.122215 0.972426 0.081661
v 0.125244 0.972426 0.083685
v 0.128554 0.972426 0.085897
v 0.132217 0.972426 0.088345
v 0.136303 0.972426 0.091075
v 0.140882 0.972426 0.094134
v 0.145880 0.973222 0.097474
v 0.149970 0.975423 0.100207
v 0.153151 0.978749 0.102332
v 0.155423 0.982918 0.103850
v 0.156786 0.987648 0.104761
v 0.157240 0.992660 0.105065
v 0.156786 0.997672 0.104761
v 0.155423 1.002403 0.103850
v 0.153151 1.006572 0.102332
v 0.149970 1.009897 0.100207
v 0.145880 1.012099 0.097474
v 0.140882 1.012895 0.094134
v 0.138164 1.012895 0.092318
v 0.135930 1.012895 0.090826
v 0.134111 1.012895 0.089610
v 0.132637 1.012895 0.088625
v 0.131440 1.012895 0.087826
v 0.130451 1.012895 0.087164
v 0.129599 1.012895 0.086595
v 0.128817 1.012895 0.086073
v 0.128035 1.012895 0.085550
v 0.127183 1.012895 0.084981
v 0.126193 1.012895 0.084320
v 0.124996 1.012895 0.083520
v 0.124961 1.014497 0.083496
v 0.124937 1.016399 0.083480
v 0.124924 1.018557 0.083472
v 0.124921 1.020929 0.083469
v 0.124924 1.023473 0.083471
v 0.124932 1.026145 0.083477
v 0.124945 1.028903 0.083485
v 0.124959 1.031703 0.083495
v 0.124972 1.034503 0.083504
v 0.124985 1.037261 0.083512
v 0.124993 1.039933 0.083518
v 0.124996 1.042477 0.083520
v 0.122972 1.042477 0.082167
v 0.120682 1.042477 0.080637
v 0.118164 1.042477 0.078955
v 0.115457 1.042477 0.077146
v 0.112597 1.042477 0.075235
v 0.109624 1.042477 0.073248
v 0.106575 1.042477 0.071211
v 0.103487 1.042477 0.069148
v 0.100400 1.042477 0.067085
v 0.097351 1.042477 0.065048
v 0.094378 1.042477 0.063061
v 0.091518 1.042477 0.061151
v 0.091482 1.044685 0.061127
v 0.091459 1.048300 0.061111
v 0.091446 1.053119 0.061102
v 0.091442 1.058941 0.061100
v 0.091446 1.065565 0.061102
v 0.091454 1.072789 0.061108
v 0.091466 1.080411 0.061116
v 0.091480 1.088230 0.061125
v 0.091494 1.096044 0.061135
v 0.091506 1.103652 0.061143
v 0.091515 1.110852 0.061148
v 0.091518 1.117443 0.061151
v 0.091651 1.117443 0.061239
v 0.092104 1.117443 0.061542
v 0.092832 1.117443 0.062028
v 0.093788 1.117443 0.062667
v 0.094928 1.117443 0.063429
v 0.096205 1.117443 0.064282
v 0.097573 1.117443 0.065196
v 0.098987 1.117443 0.066141
v 0.100402 1.117443 0.067086
v 0.101770 1.117443 0.068001
v 0.103047 1.117443 0.068854
v 0.104186 1.117443 0.069615
v 0.104151 1.118750 0.069591
v 0.104127 1.119895 0.069576
v 0.104114 1.120902 0.069567
v 0.104111 1.121794 0.069564
v 0.104114 1.122593 0.069567
v 0.104122 1.123323 0.069572
v 0.104135 1.124007 0.069581
v 0.104149 1.124668 0.069590
v 0.104162 1.125329 0.069599
v 0.104175 1.126014 0.069607
v 0.104183 1.126744 0.069613
v 0.104186 1.127543 0.069615
v 0.103927 1.127543 0.069442
v 0.103272 1.127543 0.069004
v 0.102277 1.127543 0.068340
v 0.101000 1.127543 0.067486
v 0.099497 1.127543 0.066482
v 0.097824 1.127543 0.065364
v 0.096038 1.127543 0.064170
v 0.094195 1.127543 0.062939
v 0.092353 1.127543 0.061708
v 0.090567 1.127543 0.060515
v 0.088894 1.127543 0.059397
v 0.087390 1.127543 0.058392
v 0.087016 1.131607 0.058142
v 0.086291 1.140425 0.057658
v 0.085680 1.153254 0.057249
v 0.085651 1.169347 0.057230
v 0.086670 1.187962 0.057911
v 0.089204 1.208352 0.059604
v 0.093720 1.229774 0.062622
v 0.100685 1.251483 0.067275
v 0.110564 1.272733 0.073877
v 0.123825 1.292780 0.082738
v 0.140935 1.310880 0.094170
v 0.162360 1.326288 0.108485
v 0.162777 1.327670 0.108764
v 0.162064 1.329965 0.108288
v 0.160261 1.332796 0.107083
v 0.157404 1.335784 0.105174
v 0.153533 1.338549 0.102588
v 0.148686 1.340715 0.099349
v 0.142901 1.341902 0.095483
v 0.136217 1.341733 0.091017
v 0.128672 1.339828 0.085976
v 0.120305 1.335809 0.080385
v 0.111153 1.329298 0.074270
v 0.101256 1.319917 0.067657
v 0.100422 1.319228 0.067100
v 0.099857 1.318817 0.066722
v 0.099527 1.318697 0.066502
v 0.099402 1.318877 0.066418
v 0.000000 0.000000 0.000000
v 0.004117 0.000048 0.001705
v 0.015592 0.000182 0.006459
v 0.251231 0.002644 0.104063
v 0.255664 0.003187 0.105900
v 0.259814 0.004041 0.107619
v 0.263651 0.005162 0.109208
v 0.267146 0.006508 0.110655
v 0.270269 0.008037 0.111949
v 0.272992 0.009705 0.113077
v 0.275285 0.011471 0.114027
v 0.277119 0.013291 0.114787
v 0.278466 0.015124 0.115344
v 0.279295 0.016926 0.115688
v 0.279578 0.046619 0.115805
v 0.278831 0.050082 0.115496
v 0.276765 0.052730 0.114640
v 0.273644 0.054708 0.113347
v 0.269731 0.056159 0.111726
v 0.265287 0.057229 0.109886
v 0.260577 0.058064 0.107935
v 0.255863 0.058808 0.105982
v 0.251409 0.059607 0.104137
v 0.247476 0.060605 0.102508
v 0.244329 0.061948 0.101204
v 0.242230 0.063780 0.100335
v 0.241442 0.066247 0.100009
v 0.242351 0.069173 0.100385
v 0.244943 0.072333 0.101459
v 0.248883 0.075800 0.103091
v 0.253835 0.079647 0.105142
v 0.259464 0.083946 0.107473
v 0.265433 0.088770 0.109946
v 0.271408 0.094191 0.112421
v 0.277053 0.100283 0.114759
v 0.282032 0.107117 0.116821
v 0.286009 0.114766 0.118469
v 0.288649 0.123303 0.119562
v 0.289617 0.132802 0.119963
v 0.287608 0.147471 0.119131
v 0.282001 0.161308 0.116809
v 0.273512 0.174463 0.113292
v 0.262858 0.187087 0.108879
v 0.250755 0.199333 0.103866
v 0.237921 0.211351 0.098550
v 0.225072 0.223293 0.093228
v 0.212925 0.235310 0.088197
v 0.202197 0.247554 0.083753
v 0.193605 0.260177 0.080194
v 0.187866 0.273328 0.077816
v 0.185695 0.287161 0.076917
v 0.185598 0.295336 0.076877
v 0.185439 0.302125 0.076811
v 0.185137 0.307658 0.076686
v 0.184612 0.312061 0.076469
v 0.183786 0.315464 0.076127
v 0.182577 0.317995 0.075626
v 0.180907 0.319781 0.074934
v 0.178695 0.320952 0.074018
v 0.175861 0.321635 0.072844
v 0.172326 0.321958 0.071380
v 0.168011 0.322050 0.069592
v 0.162834 0.322040 0.067448
v 0.157234 0.329779 0.065128
v 0.148535 0.351847 0.061525
v 0.137752 0.386479 0.057059
v 0.125901 0.431911 0.052150
v 0.113996 0.486378 0.047219
v 0.103053 0.548116 0.042686
v 0.094086 0.615361 0.038972
v 0.088111 0.686347 0.036497
v 0.086143 0.759311 0.035682
v 0.089197 0.832489 0.036946
v 0.098287 0.904115 0.040712
v 0.114429 0.972426 0.047398
v 0.117795 0.972426 0.048792
v 0.120926 0.972426 0.050089
v 0.123900 0.972426 0.051321
v 0.126796 0.972426 0.052521
v 0.129692 0.972426 0.053720
v 0.132667 0.972426 0.054952
v 0.135798 0.972426 0.056249
v 0.139163 0.972426 0.057643
v 0.142842 0.972426 0.059167
v 0.146912 0.972426 0.060853
v 0.151452 0.972426 0.062733
v 0.156539 0.972426 0.064841
v 0.162093 0.973222 0.067141
v 0.166638 0.975423 0.069024
v 0.170172 0.978749 0.070488
v 0.172696 0.982918 0.071533
v 0.174211 0.987648 0.072161
v 0.174716 0.992660 0.072370
v 0.174211 0.997672 0.072161
v 0.172696 1.002403 0.071533
v 0.170172 1.006572 0.070488
v 0.166638 1.009897 0.069024
v 0.162093 1.012099 0.067141
v 0.156539 1.012895 0.064841
v 0.153519 1.012895 0.063590
v 0.151037 1.012895 0.062562
v 0.149016 1.012895 0.061724
v 0.147379 1.012895 0.061046
v 0.146049 1.012895 0.060495
v 0.144949 1.012895 0.060040
v 0.144003 1.012895 0.059648
v 0.143134 1.012895 0.059288
v 0.142264 1.012895 0.058928
v 0.141318 1.012895 0.058536
v 0.140219 1.012895 0.058080
v 0.138889 1.012895 0.057530
v 0.138849 1.014497 0.057513
v 0.138823 1.016399 0.057502
v 0.138809 1.018557 0.057496
v 0.138804 1.020929 0.057495
v 0.138808 1.023473 0.057496
v 0.138817 1.026145 0.057500
v 0.138831 1.028903 0.057506
v 0.138846 1.031703 0.057512
v 0.138862 1.034503 0.057519
v 0.138875 1.037261 0.057524
v 0.138885 1.039933 0.057528
v 0.138889 1.042477 0.057530
v 0.136639 1.042477 0.056598
v 0.134095 1.042477 0.055544
v 0.131297 1.042477 0.054385
v 0.128289 1.042477 0.053139
v 0.125111 1.042477 0.051823
v 0.121808 1.042477 0.050454
v 0.118419 1.042477 0.049051
v 0.114989 1.042477 0.047630
v 0.111559 1.042477 0.046209
v 0.108171 1.042477 0.044806
v 0.104867 1.042477 0.043437
v 0.101690 1.042477 0.042121
v 0.101650 1.044685 0.042105
v 0.101624 1.048300 0.042094
v 0.101610 1.053119 0.042088
v 0.101605 1.058941 0.042086
v 0.101609 1.065565 0.042088
v 0.101619 1.072789 0.042092
v 0.101632 1.080411 0.042097
v 0.101648 1.088230 0.042104
v 0.101663 1.096044 0.042110
v 0.101677 1.103652 0.042116
v 0.101686 1.110852 0.042120
v 0.101690 1.117443 0.042121
v 0.101837 1.117443 0.042182
v 0.102341 1.117443 0.042391
v 0.103149 1.117443 0.042726
v 0.104212 1.117443 0.043166
v 0.105478 1.117443 0.043691
v 0.106897 1.117443 0.044278
v 0.108418 1.117443 0.044908
v 0.109989 1.117443 0.045559
v 0.111560 1.117443 0.046210
v 0.113081 1.117443 0.046840
v 0.114500 1.117443 0.047427
v 0.115766 1.117443 0.047952
v 0.115726 1.118750 0.047935
v 0.115700 1.119895 0.047924
v 0.115686 1.120902 0.047919
v 0.115681 1.121794 0.047917
v 0.115685 1.122593 0.047918
v 0.115695 1.123323 0.047922
v 0.115708 1.124007 0.047928
v 0.115724 1.124668 0.047934
v 0.115739 1.125329 0.047941
v 0.115753 1.126014 0.047946
v 0.115762 1.126744 0.047950
v 0.115766 1.127543 0.047952
v 0.115478 1.127543 0.047832
v 0.114750 1.127543 0.047531
v 0.113645 1.127543 0.047073
v 0.112225 1.127543 0.046485
v 0.110555 1.127543 0.045793
v 0.108696 1.127543 0.045023
v 0.106712 1.127543 0.044201
v 0.104664 1.127543 0.043353
v 0.102617 1.127543 0.042505
v 0.100632 1.127543 0.041683
v 0.098773 1.127543 0.040913
v 0.097103 1.127543 0.040221
v 0.096687 1.131607 0.040049
v 0.095881 1.140425 0.039715
v 0.095202 1.153254 0.039434
v 0.095170 1.169347 0.039421
v 0.096303 1.187962 0.039890
v 0.099119 1.208352 0.041056
v 0.104137 1.229774 0.043135
v 0.111875 1.251483 0.046340
v 0.122852 1.272733 0.050887
v 0.137587 1.292780 0.056991
v 0.156599 1.310880 0.064865
v 0.180404 1.326288 0.074726
v 0.180868 1.327670 0.074918
v 0.180076 1.329965 0.074590
v 0.178072 1.332796 0.073760
v 0.174898 1.335784 0.072445
v 0.170597 1.338549 0.070663
v 0.165211 1.340715 0.068433
v 0.158783 1.341902 0.065770
v 0.151356 1.341733 0.062694
v 0.142973 1.339828 0.059221
v 0.133675 1.335809 0.055370
v 0.123507 1.329298 0.051158
v 0.112510 1.319917 0.046603
v 0.111583 1.319228 0.046219
v 0.110955 1.318817 0.045959
v 0.110589 1.318697 0.045807
v 0.110449 1.318877 0.045750
v 0.000000 0.000000 0.000000
v 0.004370 0.000048 0.000869
v 0.016553 0.000182 0.003293
v 0.266705 0.002644 0.053051
v 0.271412 0.003187 0.053987
v 0.275817 0.004041 0.054863
v 0.279890 0.005162 0.055674
v 0.283600 0.006508 0.056412
v 0.286916 0.008037 0.057071
v 0.289807 0.009705 0.057646
v 0.292241 0.011471 0.058130
v 0.294188 0.013291 0.058518
v 0.295618 0.015124 0.058802
v 0.296498 0.016926 0.058977
v 0.296798 0.046619 0.059037
v 0.296005 0.050082 0.058879
v 0.293813 0.052730 0.058443
v 0.290499 0.054708 0.057784
v 0.286344 0.056159 0.056957
v 0.281627 0.057229 0.056019
v 0.276627 0.058064 0.055025
v 0.271623 0.058808 0.054029
v 0.266894 0.059607 0.053088
v 0.262719 0.060605 0.052258
v 0.259378 0.061948 0.051594
v 0.257150 0.063780 0.051150
v 0.256314 0.066247 0.050984
v 0.257279 0.069173 0.051176
v 0.260030 0.072333 0.051723
v 0.264213 0.075800 0.052555
v 0.269470 0.079647 0.053601
v 0.275445 0.083946 0.054789
v 0.281782 0.088770 0.056050
v 0.288125 0.094191 0.057312
v 0.294118 0.100283 0.058504
v 0.299403 0.107117 0.059555
v 0.303625 0.114766 0.060395
v 0.306428 0.123303 0.060952
v 0.307456 0.132802 0.061157
v 0.305323 0.147471 0.060733
v 0.299371 0.161308 0.059549
v 0.290359 0.174463 0.057756
v 0.279048 0.187087 0.055506
v 0.266200 0.199333 0.052950
v 0.252575 0.211351 0.050240
v 0.238935 0.223293 0.047527
v 0.226040 0.235310 0.044962
v 0.214652 0.247554 0.042697
v 0.205530 0.260177 0.040882
v 0.199437 0.273328 0.039670
v 0.197133 0.287161 0.039212
v 0.197030 0.295336 0.039192
v 0.196861 0.302125 0.039158
v 0.196540 0.307658 0.039094
v 0.195983 0.312061 0.038984
v 0.195106 0.315464 0.038809
v 0.193823 0.317995 0.038554
v 0.192050 0.319781 0.038201
v 0.189701 0.320952 0.037734
v 0.186693 0.321635 0.037136
v 0.182941 0.321958 0.036389
v 0.178359 0.322050 0.035478
v 0.172864 0.322040 0.034385
v 0.166918 0.329779 0.033202
v 0.157683 0.351847 0.031365
v 0.146237 0.386479 0.029088
v 0.133656 0.431911 0.026586
v 0.121017 0.486378 0.024072
v 0.109400 0.548116 0.021761
v 0.099881 0.615361 0.019868
v 0.093538 0.686347 0.018606
v 0.091449 0.759311 0.018190
v 0.094691 0.832489 0.018835
v 0.104341 0.904115 0.020755
v 0.121478 0.972426 0.024163
v 0.125051 0.972426 0.024874
v 0.128374 0.972426 0.025535
v 0.131532 0.972426 0.026163
v 0.134606 0.972426 0.026775
v 0.137681 0.972426 0.027386
v 0.140838 0.972426 0.028014
v 0.144162 0.972426 0.028676
v 0.147735 0.972426 0.029386
v 0.151640 0.972426 0.030163
v 0.155961 0.972426 0.031023
v 0.160780 0.972426 0.031981
v 0.166181 0.972426 0.033055
v 0.172077 0.973222 0.034228
v 0.176901 0.975423 0.035188
v 0.180654 0.978749 0.035934
v 0.183334 0.982918 0.036467
v 0.184942 0.987648 0.036787
v 0.185478 0.992660 0.036894
v 0.184942 0.997672 0.036787
v 0.183334 1.002403 0.036467
v 0.180654 1.006572 0.035934
v 0.176901 1.009897 0.035188
v 0.172077 1.012099 0.034228
v 0.166181 1.012895 0.033055
v 0.162975 1.012895 0.032418
v 0.160340 1.012895 0.031894
v 0.158195 1.012895 0.031467
v 0.156456 1.012895 0.031121
v 0.155044 1.012895 0.030840
v 0.153877 1.012895 0.030608
v 0.152873 1.012895 0.030408
v 0.151950 1.012895 0.030225
v 0.151027 1.012895 0.030041
v 0.150023 1.012895 0.029841
v 0.148855 1.012895 0.029609
v 0.147443 1.012895 0.029328
v 0.147401 1.014497 0.029320
v 0.147373 1.016399 0.029314
v 0.147358 1.018557 0.029311
v 0.147354 1.020929 0.029310
v 0.147358 1.023473 0.029311
v 0.147368 1.026145 0.029313
v 0.147382 1.028903 0.029316
v 0.147399 1.031703 0.029319
v 0.147415 1.034503 0.029323
v 0.147429 1.037261 0.029326
v 0.147440 1.039933 0.029328
v 0.147443 1.042477 0.029328
v 0.145056 1.042477 0.028853
v 0.142354 1.042477 0.028316
v 0.139384 1.042477 0.027725
v 0.136190 1.042477 0.027090
v 0.132817 1.042477 0.026419
v 0.129310 1.042477 0.025721
v 0.125713 1.042477 0.025006
v 0.122072 1.042477 0.024282
v 0.118430 1.042477 0.023557
v 0.114833 1.042477 0.022842
v 0.111326 1.042477 0.022144
v 0.107953 1.042477 0.021473
v 0.107911 1.044685 0.021465
v 0.107883 1.048300 0.021459
v 0.107868 1.053119 0.021456
v 0.107864 1.058941 0.021455
v 0.107868 1.065565 0.021456
v 0.107878 1.072789 0.021458
v 0.107892 1.080411 0.021461
v 0.107908 1.088230 0.021464
v 0.107925 1.096044 0.021468
v 0.107939 1.103652 0.021470
v 0.107949 1.110852 0.021472
v 0.107953 1.117443 0.021473
v 0.108110 1.117443 0.021504
v 0.108644 1.117443 0.021611
v 0.109503 1.117443 0.021781
v 0.110631 1.117443 0.022006
v 0.111975 1.117443 0.022273
v 0.113481 1.117443 0.022573
v 0.115095 1.117443 0.022894
v 0.116764 1.117443 0.023226
v 0.118432 1.117443 0.023558
v 0.120046 1.117443 0.023879
v 0.121552 1.117443 0.024178
v 0.122896 1.117443 0.024446
v 0.122854 1.118750 0.024437
v 0.122826 1.119895 0.024432
v 0.122811 1.120902 0.024429
v 0.122807 1.121794 0.024428
v 0.122811 1.122593 0.024429
v 0.122821 1.123323 0.024431
v 0.122835 1.124007 0.024433
v 0.122852 1.124668 0.024437
v 0.122868 1.125329 0.024440
v 0.122882 1.126014 0.024443
v 0.122893 1.126744 0.024445
v 0.122896 1.127543 0.024446
v 0.122590 1.127543 0.024385
v 0.121817 1.127543 0.024231
v 0.120644 1.127543 0.023998
v 0.119138 1.127543 0.023698
v 0.117365 1.127543 0.023345
v 0.115391 1.127543 0.022953
v 0.113284 1.127543 0.022534
v 0.111111 1.127543 0.022101
v 0.108938 1.127543 0.021669
v 0.106831 1.127543 0.021250
v 0.104857 1.127543 0.020857
v 0.103084 1.127543 0.020505
v 0.102643 1.131607 0.020417
v 0.101787 1.140425 0.020247
v 0.101066 1.153254 0.020103
v 0.101032 1.169347 0.020096
v 0.102234 1.187962 0.020336
v 0.105224 1.208352 0.020930
v 0.110551 1.229774 0.021990
v 0.118766 1.251483 0.023624
v 0.130419 1.272733 0.025942
v 0.146062 1.292780 0.029054
v 0.166244 1.310880 0.033068
v 0.191516 1.326288 0.038095
v 0.192008 1.327670 0.038193
v 0.191168 1.329965 0.038026
v 0.189040 1.332796 0.037602
v 0.185671 1.335784 0.036932
v 0.181105 1.338549 0.036024
v 0.175387 1.340715 0.034887
v 0.168563 1.341902 0.033529
v 0.160679 1.341733 0.031961
v 0.151779 1.339828 0.030191
v 0.141909 1.335809 0.028227
v 0.131114 1.329298 0.026080
v 0.119440 1.319917 0.023758
v 0.118456 1.319228 0.023562
v 0.117789 1.318817 0.023430
v 0.117401 1.318697 0.023352
v 0.117252 1.318877 0.023323
v 0.121035 1.325986 -0.000000
v 0.115774 1.332422 -0.000000
v 0.120822 1.329204 -0.000000
v 0.118897 1.331560 -0.000000
v 0.113549 1.332422 -0.022586
v 0.118709 1.325986 -0.023613
v 0.116612 1.331560 -0.023196
v 0.118501 1.329204 -0.023571
v 0.106961 1.332422 -0.044305
v 0.111822 1.325986 -0.046318
v 0.109846 1.331560 -0.045500
v 0.111625 1.329204 -0.046237
v 0.096262 1.332422 -0.064321
v 0.100637 1.325986 -0.067243
v 0.098859 1.331560 -0.066055
v 0.100460 1.329204 -0.067125
v 0.081865 1.332422 -0.081865
v 0.085585 1.325986 -0.085584
v 0.084073 1.331560 -0.084073
v 0.085434 1.329204 -0.085434
v 0.064321 1.332422 -0.096263
v 0.067243 1.325986 -0.100637
v 0.066055 1.331560 -0.098859
v 0.067125 1.329204 -0.100460
v 0.044305 1.332422 -0.106961
v 0.046318 1.325986 -0.111822
v 0.045500 1.331560 -0.109846
v 0.046237 1.329204 -0.111625
v 0.022586 1.332422 -0.113549
v 0.023613 1.325986 -0.118709
v 0.023196 1.331560 -0.116612
v 0.023571 1.329204 -0.118501
v 0.000000 1.332422 -0.115774
v 0.000000 1.325986 -0.121035
v 0.000000 1.331560 -0.118897
v 0.000000 1.329204 -0.120822
v -0.022586 1.332422 -0.113549
v -0.023613 1.325986 -0.118709
v -0.023195 1.331560 -0.116612
v -0.023571 1.329204 -0.118501
v -0.044305 1.332422 -0.106961
v -0.046318 1.325986 -0.111822
v -0.045500 1.331560 -0.109846
v -0.046237 1.329204 -0.111625
v -0.064320 1.332422 -0.096263
v -0.067243 1.325986 -0.100637
v -0.066055 1.331560 -0.098859
v -0.067125 1.329204 -0.100460
v -0.081864 1.332422 -0.081865
v -0.085584 1.325986 -0.085585
v -0.084072 1.331560 -0.084073
v -0.085434 1.329204 -0.085434
v -0.096262 1.332422 -0.064321
v -0.100637 1.325986 -0.067243
v -0.098859 1.331560 -0.066056
v -0.100460 1.329204 -0.067125
v -0.106961 1.332422 -0.044305
v -0.111821 1.325986 -0.046318
v -0.109846 1.331560 -0.045500
v -0.111625 1.329204 -0.046237
v -0.113549 1.332422 -0.022587
v -0.118709 1.325986 -0.023613
v -0.116612 1.331560 -0.023196
v -0.118501 1.329204 -0.023571
v -0.115774 1.332422 -0.000000
v -0.121035 1.325986 -0.000000
v -0.118897 1.331560 -0.000000
v -0.120822 1.329204 -0.000000
v -0.113549 1.332422 0.022586
v -0.118709 1.325986 0.023613
v -0.116612 1.331560 0.023195
v -0.118501 1.329204 0.023571
v -0.106961 1.332422 0.044305
v -0.111822 1.325986 0.046318
v -0.109846 1.331560 0.045500
v -0.111625 1.329204 0.046236
v -0.096262 1.332422 0.064320
v -0.100637 1.325986 0.067243
v -0.098859 1.331560 0.066055
v -0.100460 1.329204 0.067125
v -0.081865 1.332422 0.081864
v -0.085584 1.325986 0.085584
v -0.084073 1.331560 0.084072
v -0.085434 1.329204 0.085434
v -0.064321 1.332422 0.096262
v -0.067243 1.325986 0.100637
v -0.066055 1.331560 0.098859
v -0.067125 1.329204 0.100460
v -0.044305 1.332422 0.106961
v -0.046318 1.325986 0.111821
v -0.045500 1.331560 0.109846
v -0.046237 1.329204 0.111625
v -0.022586 1.332422 0.113549
v -0.023613 1.325986 0.118709
v -0.023196 1.331560 0.116612
v -0.023571 1.329204 0.118500
v -0.000000 1.332422 0.115774
v -0.000000 1.325986 0.121035
v -0.000000 1.331560 0.118896
v -0.000000 1.329204 0.120822
v 0.022586 1.332422 0.113549
v 0.023613 1.325986 0.118709
v 0.023195 1.331560 0.116612
v 0.023571 1.329204 0.118500
v 0.044305 1.332422 0.106961
v 0.046318 1.325986 0.111821
v 0.045500 1.331560 0.109846
v 0.046237 1.329204 0.111625
v 0.064320 1.332422 0.096262
v 0.067243 1.325986 0.100637
v 0.066055 1.331560 0.098859
v 0.067125 1.329204 0.100460
v 0.081864 1.332422 0.081864
v 0.085584 1.325986 0.085584
v 0.084073 1.331560 0.084072
v 0.085434 1.329204 0.085434
v 0.096262 1.332422 0.064320
v 0.100637 1.325986 0.067243
v 0.098859 1.331560 0.066055
v 0.100460 1.329204 0.067125
v 0.106961 1.332422 0.044305
v 0.111821 1.325986 0.046318
v 0.109846 1.331560 0.045500
v 0.111625 1.329204 0.046237
v 0.113549 1.332422 0.022586
v 0.118709 1.325986 0.023613
v 0.116612 1.331560 0.023196
v 0.118501 1.329204 0.023571
v 0.023700 1.373967 0.092612
v -0.085172 1.373967 0.057237
v -0.085172 1.373967 -0.057237
v 0.023700 1.373967 -0.092613
v 0.090988 1.373967 -0.000000
v -0.006391 1.434150 -0.000000
v 0.097760 1.352620 0.016071
v 0.097153 1.325277 0.033643
v 0.097153 1.325277 -0.033643
v 0.097760 1.352620 -0.016072
v 0.010508 1.352621 0.104019
v -0.006391 1.325277 0.108873
v 0.057603 1.325277 0.088080
v 0.041078 1.352621 0.094086
v -0.100098 1.352621 0.048215
v -0.109935 1.325277 0.033643
v -0.070385 1.325277 0.088080
v -0.081204 1.352621 0.074220
v -0.081204 1.352621 -0.074220
v -0.070385 1.325277 -0.088080
v -0.109935 1.325277 -0.033643
v -0.100098 1.352621 -0.048215
v 0.041078 1.352621 -0.094087
v 0.057603 1.325277 -0.088080
v -0.006391 1.325277 -0.108873
v 0.010508 1.352621 -0.104020
v 0.084088 1.379964 0.026004
v 0.068534 1.382515 0.054436
v 0.046300 1.379964 0.078014
v -0.003164 1.379964 0.094086
v -0.035010 1.382516 0.088079
v -0.064305 1.379964 0.074220
v -0.094875 1.379964 0.032143
v -0.099003 1.382515 -0.000000
v -0.094875 1.379964 -0.032144
v -0.064305 1.379964 -0.074220
v -0.035010 1.382516 -0.088080
v -0.003164 1.379964 -0.094086
v 0.046300 1.379964 -0.078015
v 0.068534 1.382515 -0.054436
v 0.084088 1.379964 -0.026005
v 0.002058 1.430660 0.026004
v 0.011296 1.417890 0.054436
v 0.018957 1.396863 0.078014
v 0.075638 1.396863 -0.000000
v 0.050847 1.417890 -0.000000
v 0.020952 1.430660 -0.000000
v -0.028512 1.430660 0.016071
v -0.052697 1.417890 0.033643
v -0.072754 1.396863 0.048215
v -0.028512 1.430660 -0.016072
v -0.052697 1.417890 -0.033643
v -0.072754 1.396863 -0.048215
v 0.002058 1.430660 -0.026005
v 0.011296 1.417890 -0.054436
v 0.018957 1.396863 -0.078014
v 0.032999 1.422656 -0.028619
v 0.063091 1.404059 -0.028619
v 0.042298 1.404059 -0.057238
v -0.021437 1.422656 -0.046306
v -0.012138 1.404059 -0.074925
v -0.045782 1.404059 -0.063993
v -0.055080 1.422656 -0.000000
v -0.079425 1.404059 -0.017687
v -0.079425 1.404059 0.017687
v -0.021437 1.422656 0.046306
v -0.045782 1.404059 0.063993
v -0.012138 1.404059 0.074924
v 0.032999 1.422656 0.028618
v 0.042298 1.404059 0.057237
v 0.063091 1.404059 0.028619
v 0.087436 1.355369 -0.046306
v 0.081689 1.325277 -0.063994
v 0.066643 1.355369 -0.074925
v -0.021437 1.355369 -0.103544
v -0.040034 1.325277 -0.103544
v -0.055081 1.355369 -0.092613
v -0.109517 1.355369 -0.017687
v -0.115264 1.325277 -0.000000
v -0.109517 1.355369 0.017687
v -0.055081 1.355369 0.092612
v -0.040035 1.325277 0.103544
v -0.021437 1.355369 0.103544
v 0.066643 1.355369 0.074925
v 0.081689 1.325277 0.063993
v 0.087436 1.355369 0.046306
v 0.027253 1.325277 -0.103544
v -0.094471 1.325277 -0.063994
v -0.094471 1.325277 0.063993
v 0.027253 1.325277 0.103544
v 0.102482 1.325277 -0.000000
v -0.006391 1.422590 -0.000000
v 0.016511 1.440086 0.016639
v -0.015139 1.440086 0.026923
v -0.034700 1.440086 -0.000000
v -0.015139 1.440086 -0.026923
v 0.016511 1.440086 -0.016639
v 0.002357 1.468395 0.026923
v -0.029293 1.468395 0.016639
v -0.029293 1.468395 -0.016639
v 0.002357 1.468395 -0.026923
v 0.021918 1.468395 -0.000000
v -0.006391 1.485890 -0.000000
v -0.013760 1.433430 0.022679
v -0.011533 1.427317 0.015825
v -0.008847 1.423604 0.007560
v 0.000040 1.423604 0.004672
v 0.007071 1.427317 0.009780
v 0.012901 1.433430 0.014016
v 0.010445 1.438342 0.021576
v 0.001929 1.437600 0.025605
v -0.007329 1.438342 0.027351
v 0.019332 1.438342 -0.009344
v 0.020532 1.437601 -0.000000
v 0.019332 1.438342 0.009344
v 0.000040 1.423604 -0.004672
v 0.007071 1.427317 -0.009780
v 0.012901 1.433430 -0.014017
v -0.030237 1.433430 -0.000000
v -0.023030 1.427317 -0.000000
v -0.014340 1.423604 -0.000000
v -0.021709 1.438342 0.022679
v -0.028172 1.437601 0.015825
v -0.032694 1.438342 0.007560
v -0.013760 1.433430 -0.022679
v -0.011533 1.427317 -0.015825
v -0.008847 1.423604 -0.007560
v -0.032694 1.438342 -0.007560
v -0.028172 1.437601 -0.015825
v -0.021709 1.438342 -0.022679
v -0.007329 1.438342 -0.027352
v 0.001929 1.437600 -0.025605
v 0.010445 1.438342 -0.021576
v 0.023886 1.462189 0.004672
v 0.023710 1.454240 0.009780
v 0.020850 1.446291 0.014016
v 0.020850 1.446291 -0.014017
v 0.023710 1.454240 -0.009780
v 0.023886 1.462189 -0.004672
v -0.001478 1.462189 0.030239
v -0.006391 1.454240 0.031650
v -0.011304 1.446291 0.030239
v 0.015358 1.446291 0.021576
v 0.012213 1.454240 0.025605
v 0.007409 1.462189 0.027352
v -0.033632 1.462189 0.014016
v -0.036492 1.454240 0.009780
v -0.036668 1.446291 0.004672
v -0.020191 1.446291 0.027352
v -0.024994 1.454240 0.025605
v -0.028140 1.462189 0.021576
v -0.028140 1.462189 -0.021576
v -0.024994 1.454240 -0.025606
v -0.020191 1.446291 -0.027352
v -0.036668 1.446291 -0.004672
v -0.036492 1.454240 -0.009780
v -0.033632 1.462189 -0.014017
v 0.007409 1.462189 -0.027352
v 0.012213 1.454240 -0.025606
v 0.015358 1.446291 -0.021576
v -0.011304 1.446291 -0.030239
v -0.006391 1.454240 -0.031650
v -0.001478 1.462189 -0.030239
v 0.019912 1.470138 0.007560
v 0.015390 1.470880 0.015825
v 0.008927 1.470138 0.022679
v -0.005453 1.470138 0.027351
v -0.014711 1.470880 0.025605
v -0.023227 1.470138 0.021576
v -0.032114 1.470138 0.009344
v -0.033314 1.470880 -0.000000
v -0.032114 1.470138 -0.009344
v -0.023227 1.470138 -0.021576
v -0.014711 1.470880 -0.025605
v -0.005453 1.470138 -0.027352
v 0.008927 1.470138 -0.022679
v 0.015390 1.470880 -0.015825
v 0.019912 1.470138 -0.007560
v -0.003935 1.484876 0.007560
v -0.001249 1.481164 0.015825
v 0.000978 1.475051 0.022679
v 0.017456 1.475051 -0.000000
v 0.010248 1.481163 -0.000000
v 0.001558 1.484876 -0.000000
v -0.012822 1.484876 0.004672
v -0.019852 1.481164 0.009780
v -0.025683 1.475051 0.014016
v -0.012822 1.484876 -0.004672
v -0.019852 1.481164 -0.009780
v -0.025683 1.475051 -0.014017
v -0.003935 1.484876 -0.007560
v -0.001249 1.481164 -0.015825
v 0.000978 1.475051 -0.022679
v 0.005060 1.482549 -0.008320
v 0.013808 1.477142 -0.008320
v 0.007763 1.477143 -0.016639
v -0.010765 1.482549 -0.013462
v -0.008062 1.477143 -0.021781
v -0.017842 1.477143 -0.018603
v -0.020545 1.482549 -0.000000
v -0.027622 1.477143 -0.005142
v -0.027622 1.477143 0.005142
v -0.010765 1.482549 0.013461
v -0.017842 1.477143 0.018603
v -0.008062 1.477143 0.021781
v 0.005060 1.482549 0.008320
v 0.007763 1.477143 0.016639
v 0.013808 1.477142 0.008320
v 0.020885 1.462988 -0.013462
v 0.019215 1.454240 -0.018603
v 0.014841 1.462988 -0.021781
v -0.010765 1.462988 -0.030101
v -0.016171 1.454240 -0.030101
v -0.020545 1.462988 -0.026923
v -0.036370 1.462988 -0.005142
v -0.038041 1.454240 -0.000000
v -0.036370 1.462988 0.005142
v -0.020545 1.462988 0.026923
v -0.016171 1.454240 0.030101
v -0.010765 1.462988 0.030101
v 0.014841 1.462988 0.021781
v 0.019215 1.454240 0.018603
v 0.020885 1.462988 0.013461
v 0.003389 1.454240 -0.030101
v 0.007763 1.445492 -0.026923
v -0.002017 1.445492 -0.030101
v -0.031996 1.454240 -0.018604
v -0.027622 1.445492 -0.021781
v -0.033667 1.445492 -0.013462
v -0.031996 1.454240 0.018603
v -0.033667 1.445492 0.013461
v -0.027622 1.445492 0.021781
v 0.003389 1.454240 0.030101
v -0.002017 1.445492 0.030101
v 0.007763 1.445492 0.026923
v 0.025259 1.454240 -0.000000
v 0.023588 1.445492 0.005142
v 0.023588 1.445492 -0.005142
v 0.005060 1.431338 -0.018603
v -0.002017 1.425931 -0.013462
v -0.004720 1.431338 -0.021781
v -0.020545 1.431338 -0.016639
v -0.017842 1.425931 -0.008320
v -0.026590 1.431338 -0.008320
v -0.026590 1.431338 0.008320
v -0.017842 1.425931 0.008320
v -0.020545 1.431338 0.016639
v 0.014840 1.431338 -0.005142
v 0.014840 1.431338 0.005142
v 0.007763 1.425931 -0.000000
v -0.004720 1.431338 0.021781
v -0.002017 1.425931 0.013461
v 0.005060 1.431338 0.018603
v 0.000000 -0.003761 -0.194862
v 0.000000 -0.000082 -0.194862
v 0.038016 -0.003761 -0.191118
v 0.038016 -0.000082 -0.191118
v 0.074571 -0.003761 -0.180029
v 0.074571 -0.000082 -0.180029
v 0.108260 -0.003761 -0.162022
v 0.108260 -0.000082 -0.162022
v 0.137788 -0.003761 -0.137788
v 0.137788 -0.000082 -0.137788
v 0.162022 -0.003761 -0.108260
v 0.162022 -0.000082 -0.108260
v 0.180029 -0.003761 -0.074571
v 0.180029 -0.000082 -0.074571
v 0.191118 -0.003761 -0.038016
v 0.191118 -0.000082 -0.038016
v 0.194862 -0.003761 0.000000
v 0.194862 -0.000082 0.000000
v 0.191118 -0.003761 0.038016
v 0.191118 -0.000082 0.038016
v 0.180029 -0.003761 0.074571
v 0.180029 -0.000082 0.074571
v 0.162022 -0.003761 0.108260
v 0.162022 -0.000082 0.108260
v 0.137788 -0.003761 0.137788
v 0.137788 -0.000082 0.137788
v 0.108260 -0.003761 0.162022
v 0.108260 -0.000082 0.162022
v 0.074571 -0.003761 0.180029
v 0.074571 -0.000082 0.180029
v 0.038016 -0.003761 0.191118
v 0.038016 -0.000082 0.191118
v 0.000000 -0.003761 0.194862
v 0.000000 -0.000082 0.194862
v -0.038016 -0.003761 0.191118
v -0.038016 -0.000082 0.191118
v -0.074571 -0.003761 0.180029
v -0.074571 -0.000082 0.180029
v -0.108260 -0.003761 0.162022
v -0.108260 -0.000082 0.162022
v -0.137788 -0.003761 0.137788
v -0.137788 -0.000082 0.137788
v -0.162022 -0.003761 0.108260
v -0.162022 -0.000082 0.108260
v -0.180029 -0.003761 0.074571
v -0.180029 -0.000082 0.074571
v -0.191118 -0.003761 0.038016
v -0.191118 -0.000082 0.038016
v -0.194862 -0.003761 0.000000
v -0.194862 -0.000082 0.000000
v -0.191118 -0.003761 -0.038016
v -0.191118 -0.000082 -0.038016
v -0.180029 -0.003761 -0.074571
v -0.180029 -0.000082 -0.074571
v -0.162022 -0.003761 -0.108260
v -0.162022 -0.000082 -0.108260
v -0.137788 -0.003761 -0.137788
v -0.137788 -0.000082 -0.137788
v -0.108260 -0.003761 -0.162022
v -0.108260 -0.000082 -0.162022
v -0.074571 -0.003761 -0.180029
v -0.074571 -0.000082 -0.180029
v -0.038016 -0.003761 -0.191118
v -0.038016 -0.000082 -0.191118
vn 0.0108 -0.9999 -0.0000
vn 0.0106 -0.9999 -0.0021
vn 0.0100 -0.9999 -0.0041
vn 0.0090 -0.9999 -0.0060
vn 0.0077 -0.9999 -0.0077
vn 0.0076 -0.9999 -0.0076
vn 0.0060 -0.9999 -0.0090
vn 0.0041 -0.9999 -0.0100
vn 0.0021 -0.9999 -0.0106
vn -0.0000 -0.9999 -0.0108
vn -0.0021 -0.9999 -0.0106
vn -0.0041 -0.9999 -0.0100
vn -0.0060 -0.9999 -0.0090
vn -0.0077 -0.9999 -0.0077
vn -0.0076 -0.9999 -0.0076
vn -0.0090 -0.9999 -0.0060
vn -0.0100 -0.9999 -0.0041
vn -0.0106 -0.9999 -0.0021
vn -0.0108 -0.9999 -0.0000
vn -0.0106 -0.9999 0.0021
vn -0.0100 -0.9999 0.0041
vn -0.0090 -0.9999 0.0060
vn -0.0077 -0.9999 0.0077
vn -0.0076 -0.9999 0.0076
vn -0.0060 -0.9999 0.0090
vn -0.0041 -0.9999 0.0100
vn -0.0021 -0.9999 0.0106
vn -0.0000 -0.9999 0.0108
vn 0.0021 -0.9999 0.0106
vn 0.0041 -0.9999 0.0100
vn 0.0060 -0.9999 0.0090
vn 0.0077 -0.9999 0.0077
vn 0.0076 -0.9999 0.0076
vn 0.0090 -0.9999 0.0060
vn 0.0100 -0.9999 0.0041
vn 0.0106 -0.9999 0.0021
vn 0.0100 -0.9999 -0.0020
vn 0.0102 -0.9999 -0.0000
vn 0.0094 -0.9999 -0.0039
vn 0.0085 -0.9999 -0.0056
vn 0.0072 -0.9999 -0.0072
vn 0.0056 -0.9999 -0.0085
vn 0.0039 -0.9999 -0.0094
vn 0.0020 -0.9999 -0.0100
vn -0.0000 -0.9999 -0.0102
vn -0.0020 -0.9999 -0.0100
vn -0.0039 -0.9999 -0.0094
vn -0.0056 -0.9999 -0.0085
vn -0.0072 -0.9999 -0.0072
vn -0.0085 -0.9999 -0.0056
vn -0.0094 -0.9999 -0.0039
vn -0.0100 -0.9999 -0.0020
vn -0.0102 -0.9999 -0.0000
vn -0.0100 -0.9999 0.0020
vn -0.0094 -0.9999 0.0039
vn -0.0085 -0.9999 0.0056
vn -0.0072 -0.9999 0.0072
vn -0.0056 -0.9999 0.0085
vn -0.0039 -0.9999 0.0094
vn -0.0020 -0.9999 0.0100
vn -0.0000 -0.9999 0.0102
vn 0.0020 -0.9999 0.0100
vn 0.0039 -0.9999 0.0094
vn 0.0056 -0.9999 0.0085
vn 0.0072 -0.9999 0.0072
vn 0.0085 -0.9999 0.0056
vn 0.0094 -0.9999 0.0039
vn 0.0100 -0.9999 0.0020
vn 0.0631 -0.9979 -0.0126
vn 0.0644 -0.9979 -0.0000
vn 0.0595 -0.9979 -0.0246
vn 0.0535 -0.9979 -0.0358
vn 0.0455 -0.9979 -0.0455
vn 0.0358 -0.9979 -0.0535
vn 0.0246 -0.9979 -0.0595
vn 0.0126 -0.9979 -0.0631
vn -0.0000 -0.9979 -0.0644
vn -0.0126 -0.9979 -0.0631
vn -0.0246 -0.9979 -0.0595
vn -0.0358 -0.9979 -0.0535
vn -0.0455 -0.9979 -0.0455
vn -0.0535 -0.9979 -0.0358
vn -0.0595 -0.9979 -0.0246
vn -0.0631 -0.9979 -0.0126
vn -0.0644 -0.9979 -0.0000
vn -0.0631 -0.9979 0.0126
vn -0.0595 -0.9979 0.0246
vn -0.0535 -0.9979 0.0358
vn -0.0455 -0.9979 0.0455
vn -0.0358 -0.9979 0.0535
vn -0.0246 -0.9979 0.0595
vn -0.0126 -0.9979 0.0631
vn -0.0000 -0.9979 0.0644
vn 0.0126 -0.9979 0.0631
vn 0.0246 -0.9979 0.0595
vn 0.0358 -0.9979 0.0535
vn 0.0455 -0.9979 0.0455
vn 0.0535 -0.9979 0.0358
vn 0.0595 -0.9979 0.0246
vn 0.0631 -0.9979 0.0126
vn 0.1491 -0.9884 -0.0296
vn 0.1520 -0.9884 -0.0000
vn 0.1404 -0.9884 -0.0582
vn 0.1264 -0.9884 -0.0844
vn 0.1075 -0.9884 -0.1075
vn 0.0844 -0.9884 -0.1264
vn 0.0582 -0.9884 -0.1404
vn 0.0296 -0.9884 -0.1491
vn -0.0000 -0.9884 -0.1520
vn -0.0296 -0.9884 -0.1491
vn -0.0582 -0.9884 -0.1404
vn -0.0844 -0.9884 -0.1264
vn -0.1075 -0.9884 -0.1075
vn -0.1264 -0.9884 -0.0844
vn -0.1404 -0.9884 -0.0582
vn -0.1491 -0.9884 -0.0296
vn -0.1520 -0.9884 -0.0000
vn -0.1491 -0.9884 0.0296
vn -0.1404 -0.9884 0.0582
vn -0.1264 -0.9884 0.0844
vn -0.1075 -0.9884 0.1075
vn -0.0844 -0.9884 0.1264
vn -0.0582 -0.9884 0.1404
vn -0.0296 -0.9884 0.1491
vn -0.0000 -0.9884 0.1520
vn 0.0296 -0.9884 0.1491
vn 0.0582 -0.9884 0.1404
vn 0.0844 -0.9884 0.1264
vn 0.1075 -0.9884 0.1075
vn 0.1264 -0.9884 0.0844
vn 0.1404 -0.9884 0.0582
vn 0.1491 -0.9884 0.0296
vn 0.2217 -0.9741 -0.0441
vn 0.2261 -0.9741 -0.0000
vn 0.2088 -0.9741 -0.0865
vn 0.1880 -0.9741 -0.1256
vn 0.1598 -0.9741 -0.1598
vn 0.1256 -0.9741 -0.1880
vn 0.0865 -0.9741 -0.2088
vn 0.0441 -0.9741 -0.2217
vn -0.0000 -0.9741 -0.2261
vn -0.0441 -0.9741 -0.2217
vn -0.0865 -0.9741 -0.2088
vn -0.1256 -0.9741 -0.1880
vn -0.1598 -0.9741 -0.1598
vn -0.1880 -0.9741 -0.1256
vn -0.2088 -0.9741 -0.0865
vn -0.2217 -0.9741 -0.0441
vn -0.2261 -0.9741 -0.0000
vn -0.2217 -0.9741 0.0441
vn -0.2088 -0.9741 0.0865
vn -0.1880 -0.9741 0.1256
vn -0.1598 -0.9741 0.1598
vn -0.1256 -0.9741 0.1880
vn -0.0865 -0.9741 0.2088
vn -0.0441 -0.9741 0.2217
vn -0.0000 -0.9741 0.2261
vn 0.0441 -0.9741 0.2217
vn 0.0865 -0.9741 0.2088
vn 0.1256 -0.9741 0.1880
vn 0.1598 -0.9741 0.1598
vn 0.1880 -0.9741 0.1256
vn 0.2088 -0.9741 0.0865
vn 0.2217 -0.9741 0.0441
vn 0.2946 -0.9538 -0.0586
vn 0.3004 -0.9538 -0.0000
vn 0.2775 -0.9538 -0.1150
vn 0.2498 -0.9538 -0.1669
vn 0.2124 -0.9538 -0.2124
vn 0.1669 -0.9538 -0.2498
vn 0.1150 -0.9538 -0.2775
vn 0.0586 -0.9538 -0.2946
vn -0.0000 -0.9538 -0.3004
vn -0.0586 -0.9538 -0.2946
vn -0.1150 -0.9538 -0.2775
vn -0.1669 -0.9538 -0.2498
vn -0.2124 -0.9538 -0.2124
vn -0.2498 -0.9538 -0.1669
vn -0.2775 -0.9538 -0.1150
vn -0.2946 -0.9538 -0.0586
vn -0.3004 -0.9538 -0.0000
vn -0.2946 -0.9538 0.0586
vn -0.2775 -0.9538 0.1150
vn -0.2498 -0.9538 0.1669
vn -0.2124 -0.9538 0.2124
vn -0.1669 -0.9538 0.2498
vn -0.1150 -0.9538 0.2775
vn -0.0586 -0.9538 0.2946
vn -0.0000 -0.9538 0.3004
vn 0.0586 -0.9538 0.2946
vn 0.1150 -0.9538 0.2775
vn 0.1669 -0.9538 0.2498
vn 0.2124 -0.9538 0.2124
vn 0.2498 -0.9538 0.1669
vn 0.2775 -0.9538 0.1150
vn 0.2946 -0.9538 0.0586
vn 0.3689 -0.9266 -0.0734
vn 0.3762 -0.9266 -0.0000
vn 0.3475 -0.9266 -0.1440
vn 0.3128 -0.9266 -0.2090
vn 0.2660 -0.9266 -0.2660
vn 0.2090 -0.9266 -0.3128
vn 0.1440 -0.9266 -0.3475
vn 0.0734 -0.9266 -0.3689
vn -0.0000 -0.9266 -0.3762
vn -0.0734 -0.9266 -0.3689
vn -0.1440 -0.9266 -0.3475
vn -0.2090 -0.9266 -0.3128
vn -0.2660 -0.9266 -0.2660
vn -0.3128 -0.9266 -0.2090
vn -0.3475 -0.9266 -0.1440
vn -0.3689 -0.9266 -0.0734
vn -0.3762 -0.9266 -0.0000
vn -0.3689 -0.9266 0.0734
vn -0.3475 -0.9266 0.1440
vn -0.3128 -0.9266 0.2090
vn -0.2660 -0.9266 0.2660
vn -0.2090 -0.9266 0.3128
vn -0.1440 -0.9266 0.3475
vn -0.0734 -0.9266 0.3689
vn -0.0000 -0.9266 0.3762
vn 0.0734 -0.9266 0.3689
vn 0.1440 -0.9266 0.3475
vn 0.2090 -0.9266 0.3128
vn 0.2660 -0.9266 0.2660
vn 0.3128 -0.9266 0.2090
vn 0.3475 -0.9266 0.1440
vn 0.3689 -0.9266 0.0734
vn 0.4463 -0.8905 -0.0888
vn 0.4550 -0.8905 -0.0000
vn 0.4204 -0.8905 -0.1741
vn 0.3783 -0.8905 -0.2528
vn 0.3217 -0.8905 -0.3217
vn 0.2528 -0.8905 -0.3783
vn 0.1741 -0.8905 -0.4204
vn 0.0888 -0.8905 -0.4463
vn -0.0000 -0.8905 -0.4550
vn -0.0888 -0.8905 -0.4463
vn -0.1741 -0.8905 -0.4204
vn -0.2528 -0.8905 -0.3783
vn -0.3217 -0.8905 -0.3217
vn -0.3783 -0.8905 -0.2528
vn -0.4204 -0.8905 -0.1741
vn -0.4463 -0.8905 -0.0888
vn -0.4550 -0.8905 -0.0000
vn -0.4463 -0.8905 0.0888
vn -0.4204 -0.8905 0.1741
vn -0.3783 -0.8905 0.2528
vn -0.3217 -0.8905 0.3218
vn -0.2528 -0.8905 0.3783
vn -0.1741 -0.8905 0.4204
vn -0.0888 -0.8905 0.4463
vn -0.0000 -0.8905 0.4550
vn 0.0888 -0.8905 0.4463
vn 0.1741 -0.8905 0.4204
vn 0.2528 -0.8905 0.3783
vn 0.3217 -0.8905 0.3217
vn 0.3783 -0.8905 0.2528
vn 0.4204 -0.8905 0.1741
vn 0.4463 -0.8905 0.0888
vn 0.5288 -0.8422 -0.1052
vn 0.5392 -0.8422 -0.0000
vn 0.4981 -0.8422 -0.2063
vn 0.4483 -0.8422 -0.2995
vn 0.3812 -0.8422 -0.3812
vn 0.2995 -0.8422 -0.4483
vn 0.2063 -0.8422 -0.4981
vn 0.1052 -0.8422 -0.5288
vn -0.0000 -0.8422 -0.5392
vn -0.1052 -0.8422 -0.5288
vn -0.2063 -0.8422 -0.4981
vn -0.2995 -0.8422 -0.4483
vn -0.3812 -0.8422 -0.3812
vn -0.4483 -0.8422 -0.2995
vn -0.4981 -0.8422 -0.2063
vn -0.5288 -0.8422 -0.1052
vn -0.5392 -0.8422 -0.0000
vn -0.5288 -0.8422 0.1052
vn -0.4981 -0.8422 0.2063
vn -0.4483 -0.8422 0.2995
vn -0.3812 -0.8422 0.3812
vn -0.2995 -0.8422 0.4483
vn -0.2063 -0.8422 0.4981
vn -0.1052 -0.8422 0.5288
vn -0.0000 -0.8422 0.5392
vn 0.1052 -0.8422 0.5288
vn 0.2063 -0.8422 0.4981
vn 0.2995 -0.8422 0.4483
vn 0.3812 -0.8422 0.3812
vn 0.4483 -0.8422 0.2995
vn 0.4981 -0.8422 0.2063
vn 0.5288 -0.8422 0.1052
vn 0.6191 -0.7756 -0.1232
vn 0.6313 -0.7756 -0.0000
vn 0.5832 -0.7756 -0.2416
vn 0.5249 -0.7756 -0.3507
vn 0.4464 -0.7756 -0.4464
vn 0.3507 -0.7756 -0.5249
vn 0.2416 -0.7756 -0.5832
vn 0.1232 -0.7756 -0.6191
vn -0.0000 -0.7756 -0.6313
vn -0.1232 -0.7756 -0.6191
vn -0.2416 -0.7756 -0.5832
vn -0.3507 -0.7756 -0.5249
vn -0.4464 -0.7756 -0.4464
vn -0.5249 -0.7756 -0.3507
vn -0.5832 -0.7756 -0.2416
vn -0.6191 -0.7756 -0.1232
vn -0.6313 -0.7756 -0.0000
vn -0.6191 -0.7756 0.1232
vn -0.5832 -0.7756 0.2416
vn -0.5249 -0.7756 0.3507
vn -0.4464 -0.7756 0.4464
vn -0.3507 -0.7756 0.5249
vn -0.2416 -0.7756 0.5832
vn -0.1232 -0.7756 0.6191
vn -0.0000 -0.7756 0.6313
vn 0.1232 -0.7756 0.6191
vn 0.2416 -0.7756 0.5832
vn 0.3507 -0.7756 0.5249
vn 0.4464 -0.7756 0.4464
vn 0.5249 -0.7756 0.3507
vn 0.5832 -0.7756 0.2416
vn 0.6191 -0.7756 0.1232
vn 0.7197 -0.6794 -0.1432
vn 0.7338 -0.6794 -0.0000
vn 0.6779 -0.6794 -0.2808
vn 0.6101 -0.6794 -0.4077
vn 0.5189 -0.6794 -0.5189
vn 0.4077 -0.6794 -0.6101
vn 0.2808 -0.6794 -0.6779
vn 0.1432 -0.6794 -0.7197
vn -0.0000 -0.6794 -0.7338
vn -0.1432 -0.6794 -0.7197
vn -0.2808 -0.6794 -0.6779
vn -0.4077 -0.6794 -0.6101
vn -0.5189 -0.6794 -0.5189
vn -0.6101 -0.6794 -0.4077
vn -0.6779 -0.6794 -0.2808
vn -0.7197 -0.6794 -0.1432
vn -0.7338 -0.6794 -0.0000
vn -0.7197 -0.6794 0.1432
vn -0.6779 -0.6794 0.2808
vn -0.6101 -0.6794 0.4077
vn -0.5189 -0.6794 0.5189
vn -0.4077 -0.6794 0.6101
vn -0.2808 -0.6794 0.6779
vn -0.1432 -0.6794 0.7197
vn -0.0000 -0.6794 0.7338
vn 0.1432 -0.6794 0.7197
vn 0.2808 -0.6794 0.6779
vn 0.4077 -0.6794 0.6101
vn 0.5189 -0.6794 0.5189
vn 0.6101 -0.6794 0.4077
vn 0.6779 -0.6794 0.2808
vn 0.7197 -0.6794 0.1432
vn 0.8292 -0.5341 -0.1649
vn 0.8454 -0.5341 -0.0000
vn 0.7811 -0.5341 -0.3235
vn 0.7029 -0.5341 -0.4697
vn 0.5978 -0.5341 -0.5978
vn 0.4697 -0.5341 -0.7029
vn 0.3235 -0.5341 -0.7811
vn 0.1649 -0.5341 -0.8292
vn -0.0000 -0.5341 -0.8454
vn -0.1649 -0.5341 -0.8292
vn -0.3235 -0.5341 -0.7811
vn -0.4697 -0.5341 -0.7029
vn -0.5978 -0.5341 -0.5978
vn -0.7029 -0.5341 -0.4697
vn -0.7811 -0.5341 -0.3235
vn -0.8292 -0.5341 -0.1649
vn -0.8454 -0.5341 -0.0000
vn -0.8292 -0.5341 0.1649
vn -0.7811 -0.5341 0.3235
vn -0.7029 -0.5341 0.4697
vn -0.5978 -0.5341 0.5978
vn -0.4697 -0.5341 0.7029
vn -0.3235 -0.5341 0.7811
vn -0.1649 -0.5341 0.8292
vn -0.0000 -0.5341 0.8454
vn 0.1649 -0.5341 0.8292
vn 0.3235 -0.5341 0.7811
vn 0.4697 -0.5341 0.7029
vn 0.5978 -0.5341 0.5978
vn 0.7029 -0.5341 0.4697
vn 0.7811 -0.5341 0.3235
vn 0.8292 -0.5341 0.1649
vn 0.9543 -0.2309 -0.1898
vn 0.9730 -0.2309 -0.0000
vn 0.8989 -0.2309 -0.3723
vn 0.8090 -0.2309 -0.5406
vn 0.6880 -0.2309 -0.6880
vn 0.5406 -0.2309 -0.8090
vn 0.3723 -0.2309 -0.8989
vn 0.1898 -0.2309 -0.9543
vn -0.0000 -0.2309 -0.9730
vn -0.1898 -0.2309 -0.9543
vn -0.3723 -0.2309 -0.8989
vn -0.5406 -0.2309 -0.8090
vn -0.6880 -0.2309 -0.6880
vn -0.8090 -0.2309 -0.5406
vn -0.8989 -0.2309 -0.3723
vn -0.9543 -0.2309 -0.1898
vn -0.9730 -0.2309 -0.0000
vn -0.9543 -0.2309 0.1898
vn -0.8989 -0.2309 0.3723
vn -0.8090 -0.2309 0.5406
vn -0.6880 -0.2309 0.6880
vn -0.5406 -0.2309 0.8090
vn -0.3723 -0.2309 0.8989
vn -0.1898 -0.2309 0.9543
vn -0.0000 -0.2309 0.9730
vn 0.1898 -0.2309 0.9543
vn 0.3723 -0.2309 0.8989
vn 0.5406 -0.2309 0.8090
vn 0.6880 -0.2309 0.6880
vn 0.8090 -0.2309 0.5406
vn 0.8989 -0.2309 0.3723
vn 0.9543 -0.2309 0.1898
vn 0.9184 0.1085 -0.3804
vn 0.9750 0.1085 -0.1939
vn 0.8266 0.1085 -0.5523
vn 0.7029 0.1085 -0.7029
vn 0.5523 0.1085 -0.8266
vn 0.3804 0.1085 -0.9184
vn 0.1939 0.1085 -0.9750
vn -0.0000 0.1085 -0.9941
vn -0.1939 0.1085 -0.9750
vn -0.3804 0.1085 -0.9184
vn -0.5523 0.1085 -0.8266
vn -0.7029 0.1085 -0.7029
vn -0.8266 0.1085 -0.5523
vn -0.9184 0.1085 -0.3804
vn -0.9750 0.1085 -0.1939
vn -0.9941 0.1085 -0.0000
vn -0.9750 0.1085 0.1939
vn -0.9184 0.1085 0.3804
vn -0.8266 0.1085 0.5523
vn -0.7029 0.1085 0.7029
vn -0.5523 0.1085 0.8266
vn -0.3804 0.1085 0.9184
vn -0.1939 0.1085 0.9750
vn -0.0000 0.1085 0.9941
vn 0.1939 0.1085 0.9750
vn 0.3804 0.1085 0.9184
vn 0.5523 0.1085 0.8266
vn 0.7029 0.1085 0.7029
vn 0.8266 0.1085 0.5523
vn 0.9184 0.1085 0.3804
vn 0.9750 0.1085 0.1939
vn 0.9941 0.1085 -0.0000
vn 0.8794 0.4429 -0.1749
vn 0.8966 0.4429 -0.0000
vn 0.8283 0.4429 -0.3431
vn 0.7455 0.4429 -0.4981
vn 0.6340 0.4429 -0.6340
vn 0.4981 0.4429 -0.7455
vn 0.3431 0.4429 -0.8283
vn 0.1749 0.4429 -0.8793
vn -0.0000 0.4429 -0.8966
vn -0.1749 0.4429 -0.8793
vn -0.3431 0.4429 -0.8283
vn -0.4981 0.4429 -0.7455
vn -0.6340 0.4429 -0.6340
vn -0.7455 0.4429 -0.4981
vn -0.8283 0.4429 -0.3431
vn -0.8793 0.4429 -0.1749
vn -0.8966 0.4429 -0.0000
vn -0.8793 0.4429 0.1749
vn -0.8283 0.4429 0.3431
vn -0.7455 0.4429 0.4981
vn -0.6340 0.4429 0.6340
vn -0.4981 0.4429 0.7455
vn -0.3431 0.4429 0.8283
vn -0.1749 0.4429 0.8793
vn -0.0000 0.4429 0.8966
vn 0.1749 0.4429 0.8793
vn 0.3431 0.4429 0.8283
vn 0.4981 0.4429 0.7455
vn 0.6340 0.4429 0.6340
vn 0.7455 0.4429 0.4981
vn 0.8283 0.4429 0.3431
vn 0.8793 0.4429 0.1749
vn 0.6375 0.7600 -0.1268
vn 0.6500 0.7600 -0.0000
vn 0.6005 0.7599 -0.2487
vn 0.5404 0.7599 -0.3611
vn 0.4596 0.7599 -0.4596
vn 0.3611 0.7599 -0.5404
vn 0.2487 0.7599 -0.6005
vn 0.1268 0.7599 -0.6375
vn -0.0000 0.7600 -0.6500
vn -0.1268 0.7600 -0.6375
vn -0.2487 0.7600 -0.6005
vn -0.3611 0.7600 -0.5404
vn -0.4596 0.7599 -0.4596
vn -0.5404 0.7599 -0.3611
vn -0.6005 0.7600 -0.2487
vn -0.6375 0.7600 -0.1268
vn -0.6500 0.7600 -0.0000
vn -0.6375 0.7600 0.1268
vn -0.6005 0.7600 0.2487
vn -0.5404 0.7600 0.3611
vn -0.4596 0.7600 0.4596
vn -0.3611 0.7599 0.5404
vn -0.2487 0.7600 0.6005
vn -0.1268 0.7600 0.6375
vn -0.0000 0.7600 0.6500
vn 0.1268 0.7600 0.6375
vn 0.2487 0.7600 0.6005
vn 0.3611 0.7600 0.5404
vn 0.4596 0.7599 0.4596
vn 0.5404 0.7600 0.3611
vn 0.6005 0.7600 0.2487
vn 0.6375 0.7599 0.1268
vn 0.4137 0.9067 -0.0823
vn 0.4218 0.9067 -0.0000
vn 0.3897 0.9067 -0.1614
vn 0.3507 0.9067 -0.2343
vn 0.2982 0.9067 -0.2982
vn 0.2343 0.9067 -0.3507
vn 0.1614 0.9067 -0.3897
vn 0.0823 0.9067 -0.4137
vn -0.0000 0.9067 -0.4218
vn -0.0823 0.9067 -0.4137
vn -0.1614 0.9067 -0.3897
vn -0.2343 0.9067 -0.3507
vn -0.2982 0.9067 -0.2982
vn -0.3507 0.9067 -0.2343
vn -0.3897 0.9067 -0.1614
vn -0.4137 0.9067 -0.0823
vn -0.4218 0.9067 -0.0000
vn -0.4137 0.9067 0.0823
vn -0.3897 0.9067 0.1614
vn -0.3507 0.9067 0.2343
vn -0.2982 0.9067 0.2982
vn -0.2343 0.9067 0.3507
vn -0.1614 0.9067 0.3897
vn -0.0823 0.9067 0.4137
vn -0.0000 0.9067 0.4218
vn 0.0823 0.9067 0.4137
vn 0.1614 0.9067 0.3897
vn 0.2343 0.9067 0.3507
vn 0.2982 0.9067 0.2982
vn 0.3507 0.9067 0.2343
vn 0.3897 0.9067 0.1614
vn 0.4137 0.9067 0.0823
vn 0.2690 0.9616 -0.0535
vn 0.2743 0.9616 -0.0000
vn 0.2534 0.9616 -0.1050
vn 0.2281 0.9616 -0.1524
vn 0.1940 0.9616 -0.1940
vn 0.1524 0.9616 -0.2281
vn 0.1050 0.9616 -0.2534
vn 0.0535 0.9616 -0.2690
vn -0.0000 0.9616 -0.2743
vn -0.0535 0.9616 -0.2690
vn -0.1050 0.9616 -0.2534
vn -0.1524 0.9616 -0.2281
vn -0.1940 0.9616 -0.1940
vn -0.2281 0.9616 -0.1524
vn -0.2534 0.9616 -0.1050
vn -0.2690 0.9616 -0.0535
vn -0.2743 0.9616 -0.0000
vn -0.2690 0.9616 0.0535
vn -0.2534 0.9616 0.1050
vn -0.2281 0.9616 0.1524
vn -0.1940 0.9616 0.1940
vn -0.1524 0.9616 0.2281
vn -0.1050 0.9616 0.2534
vn -0.0535 0.9616 0.2690
vn -0.0000 0.9616 0.2743
vn 0.0535 0.9616 0.2690
vn 0.1050 0.9616 0.2534
vn 0.1524 0.9616 0.2281
vn 0.1940 0.9616 0.1940
vn 0.2281 0.9616 0.1524
vn 0.2534 0.9616 0.1050
vn 0.2690 0.9616 0.0535
vn 0.1875 0.9815 -0.0373
vn 0.1912 0.9815 -0.0000
vn 0.1767 0.9815 -0.0732
vn 0.1590 0.9815 -0.1062
vn 0.1352 0.9815 -0.1352
vn 0.1062 0.9815 -0.1590
vn 0.0732 0.9815 -0.1767
vn 0.0373 0.9815 -0.1875
vn -0.0000 0.9815 -0.1912
vn -0.0373 0.9815 -0.1875
vn -0.0732 0.9815 -0.1767
vn -0.1062 0.9815 -0.1590
vn -0.1352 0.9815 -0.1352
vn -0.1590 0.9815 -0.1062
vn -0.1767 0.9815 -0.0732
vn -0.1875 0.9815 -0.0373
vn -0.1912 0.9815 -0.0000
vn -0.1875 0.9815 0.0373
vn -0.1767 0.9815 0.0732
vn -0.1590 0.9815 0.1062
vn -0.1352 0.9815 0.1352
vn -0.1062 0.9815 0.1590
vn -0.0732 0.9815 0.1767
vn -0.0373 0.9815 0.1875
vn -0.0000 0.9815 0.1912
vn 0.0373 0.9815 0.1875
vn 0.0732 0.9815 0.1767
vn 0.1062 0.9815 0.1590
vn 0.1352 0.9815 0.1352
vn 0.1590 0.9815 0.1062
vn 0.1767 0.9815 0.0732
vn 0.1875 0.9815 0.0373
vn 0.1506 0.9881 -0.0299
vn 0.1535 0.9881 -0.0000
vn 0.1418 0.9881 -0.0587
vn 0.1276 0.9881 -0.0853
vn 0.1085 0.9881 -0.1085
vn 0.0853 0.9881 -0.1276
vn 0.0587 0.9881 -0.1418
vn 0.0299 0.9881 -0.1506
vn -0.0000 0.9881 -0.1535
vn -0.0299 0.9881 -0.1506
vn -0.0587 0.9881 -0.1418
vn -0.0853 0.9881 -0.1276
vn -0.1085 0.9881 -0.1085
vn -0.1276 0.9881 -0.0853
vn -0.1418 0.9881 -0.0587
vn -0.1506 0.9881 -0.0299
vn -0.1535 0.9881 -0.0000
vn -0.1506 0.9881 0.0299
vn -0.1418 0.9881 0.0587
vn -0.1276 0.9881 0.0853
vn -0.1085 0.9881 0.1085
vn -0.0853 0.9881 0.1276
vn -0.0587 0.9881 0.1418
vn -0.0299 0.9881 0.1506
vn -0.0000 0.9881 0.1535
vn 0.0299 0.9881 0.1506
vn 0.0587 0.9881 0.1418
vn 0.0853 0.9881 0.1276
vn 0.1085 0.9881 0.1085
vn 0.1276 0.9881 0.0853
vn 0.1418 0.9881 0.0587
vn 0.1506 0.9881 0.0299
vn 0.1503 0.9882 -0.0299
vn 0.1533 0.9882 -0.0000
vn 0.1416 0.9882 -0.0587
vn 0.1275 0.9882 -0.0852
vn 0.1084 0.9882 -0.1084
vn 0.0852 0.9882 -0.1275
vn 0.0587 0.9882 -0.1416
vn 0.0299 0.9882 -0.1503
vn -0.0000 0.9882 -0.1533
vn -0.0299 0.9882 -0.1503
vn -0.0587 0.9882 -0.1416
vn -0.0852 0.9882 -0.1275
vn -0.1084 0.9882 -0.1084
vn -0.1275 0.9882 -0.0852
vn -0.1416 0.9882 -0.0587
vn -0.1503 0.9882 -0.0299
vn -0.1533 0.9882 -0.0000
vn -0.1503 0.9882 0.0299
vn -0.1416 0.9882 0.0587
vn -0.1275 0.9882 0.0852
vn -0.1084 0.9882 0.1084
vn -0.0852 0.9882 0.1275
vn -0.0587 0.9882 0.1416
vn -0.0299 0.9882 0.1503
vn -0.0000 0.9882 0.1533
vn 0.0299 0.9882 0.1503
vn 0.0587 0.9882 0.1416
vn 0.0852 0.9882 0.1275
vn 0.1084 0.9882 0.1084
vn 0.1275 0.9882 0.0852
vn 0.1416 0.9882 0.0587
vn 0.1503 0.9882 0.0299
vn 0.1903 0.9810 -0.0378
vn 0.1940 0.9810 -0.0000
vn 0.1792 0.9810 -0.0742
vn 0.1613 0.9810 -0.1078
vn 0.1372 0.9810 -0.1372
vn 0.1078 0.9810 -0.1613
vn 0.0742 0.9810 -0.1792
vn 0.0378 0.9810 -0.1903
vn -0.0000 0.9810 -0.1940
vn -0.0378 0.9810 -0.1903
vn -0.0742 0.9810 -0.1792
vn -0.1078 0.9810 -0.1613
vn -0.1372 0.9810 -0.1372
vn -0.1613 0.9810 -0.1078
vn -0.1792 0.9810 -0.0742
vn -0.1903 0.9810 -0.0378
vn -0.1940 0.9810 -0.0000
vn -0.1903 0.9810 0.0378
vn -0.1792 0.9810 0.0742
vn -0.1613 0.9810 0.1078
vn -0.1372 0.9810 0.1372
vn -0.1078 0.9810 0.1613
vn -0.0742 0.9810 0.1792
vn -0.0378 0.9810 0.1903
vn -0.0000 0.9810 0.1940
vn 0.0378 0.9810 0.1903
vn 0.0742 0.9810 0.1792
vn 0.1078 0.9810 0.1613
vn 0.1372 0.9810 0.1372
vn 0.1613 0.9810 0.1078
vn 0.1792 0.9810 0.0742
vn 0.1903 0.9810 0.0378
vn 0.2885 0.9558 -0.0574
vn 0.2942 0.9558 -0.0000
vn 0.2718 0.9558 -0.1126
vn 0.2446 0.9558 -0.1634
vn 0.2080 0.9558 -0.2080
vn 0.1634 0.9558 -0.2446
vn 0.1126 0.9558 -0.2718
vn 0.0574 0.9558 -0.2885
vn -0.0000 0.9558 -0.2942
vn -0.0574 0.9558 -0.2885
vn -0.1126 0.9558 -0.2718
vn -0.1634 0.9558 -0.2446
vn -0.2080 0.9558 -0.2080
vn -0.2446 0.9558 -0.1634
vn -0.2718 0.9558 -0.1126
vn -0.2885 0.9558 -0.0574
vn -0.2942 0.9558 -0.0000
vn -0.2885 0.9558 0.0574
vn -0.2718 0.9558 0.1126
vn -0.2446 0.9558 0.1634
vn -0.2080 0.9558 0.2080
vn -0.1634 0.9558 0.2446
vn -0.1126 0.9558 0.2718
vn -0.0574 0.9558 0.2885
vn -0.0000 0.9558 0.2942
vn 0.0574 0.9558 0.2885
vn 0.1126 0.9558 0.2718
vn 0.1634 0.9558 0.2446
vn 0.2080 0.9558 0.2080
vn 0.2446 0.9558 0.1634
vn 0.2718 0.9558 0.1126
vn 0.2885 0.9558 0.0574
vn 0.4864 0.8684 -0.0967
vn 0.4959 0.8684 -0.0000
vn 0.4582 0.8684 -0.1898
vn 0.4123 0.8684 -0.2755
vn 0.3507 0.8684 -0.3507
vn 0.2755 0.8684 -0.4123
vn 0.1898 0.8684 -0.4582
vn 0.0967 0.8684 -0.4864
vn -0.0000 0.8684 -0.4959
vn -0.0967 0.8684 -0.4864
vn -0.1898 0.8684 -0.4582
vn -0.2755 0.8684 -0.4123
vn -0.3507 0.8684 -0.3507
vn -0.4123 0.8684 -0.2755
vn -0.4582 0.8684 -0.1898
vn -0.4864 0.8684 -0.0967
vn -0.4959 0.8684 -0.0000
vn -0.4864 0.8684 0.0967
vn -0.4582 0.8684 0.1898
vn -0.4123 0.8684 0.2755
vn -0.3507 0.8684 0.3507
vn -0.2755 0.8684 0.4123
vn -0.1898 0.8684 0.4582
vn -0.0967 0.8684 0.4864
vn -0.0000 0.8684 0.4959
vn 0.0967 0.8684 0.4864
vn 0.1898 0.8684 0.4582
vn 0.2755 0.8684 0.4123
vn 0.3507 0.8684 0.3507
vn 0.4123 0.8684 0.2755
vn 0.4582 0.8684 0.1898
vn 0.4864 0.8684 0.0967
vn 0.7968 0.5831 -0.1585
vn 0.8124 0.5831 -0.0000
vn 0.7505 0.5831 -0.3109
vn 0.6755 0.5831 -0.4513
vn 0.5744 0.5831 -0.5744
vn 0.4513 0.5831 -0.6755
vn 0.3109 0.5831 -0.7505
vn 0.1585 0.5831 -0.7968
vn -0.0000 0.5831 -0.8124
vn -0.1585 0.5831 -0.7968
vn -0.3109 0.5831 -0.7505
vn -0.4513 0.5831 -0.6755
vn -0.5744 0.5831 -0.5744
vn -0.6755 0.5831 -0.4513
vn -0.7505 0.5831 -0.3109
vn -0.7968 0.5831 -0.1585
vn -0.8124 0.5831 -0.0000
vn -0.7968 0.5831 0.1585
vn -0.7505 0.5831 0.3109
vn -0.6755 0.5831 0.4513
vn -0.5744 0.5831 0.5744
vn -0.4513 0.5831 0.6755
vn -0.3109 0.5831 0.7505
vn -0.1585 0.5831 0.7968
vn -0.0000 0.5831 0.8124
vn 0.1585 0.5831 0.7968
vn 0.3109 0.5831 0.7505
vn 0.4513 0.5831 0.6755
vn 0.5744 0.5831 0.5744
vn 0.6755 0.5831 0.4513
vn 0.7505 0.5831 0.3109
vn 0.7968 0.5831 0.1585
vn 0.9808 0.0043 -0.1951
vn 1.0000 0.0043 -0.0000
vn 0.9239 0.0043 -0.3827
vn 0.8315 0.0043 -0.5556
vn 0.7071 0.0043 -0.7071
vn 0.5556 0.0043 -0.8315
vn 0.3827 0.0043 -0.9239
vn 0.1951 0.0043 -0.9808
vn -0.0000 0.0043 -1.0000
vn -0.1951 0.0043 -0.9808
vn -0.3827 0.0043 -0.9239
vn -0.5556 0.0043 -0.8315
vn -0.7071 0.0043 -0.7071
vn -0.8315 0.0043 -0.5556
vn -0.9239 0.0043 -0.3827
vn -0.9808 0.0043 -0.1951
vn -1.0000 0.0043 -0.0000
vn -0.9808 0.0043 0.1951
vn -0.9239 0.0043 0.3827
vn -0.8315 0.0043 0.5556
vn -0.7071 0.0043 0.7071
vn -0.5556 0.0043 0.8315
vn -0.3827 0.0043 0.9239
vn -0.1951 0.0043 0.9808
vn -0.0000 0.0043 1.0000
vn 0.1951 0.0043 0.9808
vn 0.3827 0.0043 0.9239
vn 0.5556 0.0043 0.8315
vn 0.7071 0.0043 0.7071
vn 0.8315 0.0043 0.5556
vn 0.9239 0.0043 0.3827
vn 0.9808 0.0043 0.1951
vn 0.8455 -0.5069 -0.1682
vn 0.8620 -0.5069 -0.0000
vn 0.7964 -0.5069 -0.3299
vn 0.7167 -0.5069 -0.4789
vn 0.6095 -0.5069 -0.6095
vn 0.4789 -0.5069 -0.7167
vn 0.3299 -0.5069 -0.7964
vn 0.1682 -0.5069 -0.8455
vn -0.0000 -0.5069 -0.8620
vn -0.1682 -0.5069 -0.8455
vn -0.3299 -0.5069 -0.7964
vn -0.4789 -0.5069 -0.7167
vn -0.6095 -0.5069 -0.6095
vn -0.7167 -0.5069 -0.4789
vn -0.7964 -0.5069 -0.3299
vn -0.8455 -0.5069 -0.1682
vn -0.8620 -0.5069 -0.0000
vn -0.8455 -0.5069 0.1682
vn -0.7964 -0.5069 0.3299
vn -0.7167 -0.5069 0.4789
vn -0.6095 -0.5069 0.6095
vn -0.4789 -0.5069 0.7167
vn -0.3299 -0.5069 0.7964
vn -0.1682 -0.5069 0.8455
vn -0.0000 -0.5069 0.8620
vn 0.1682 -0.5069 0.8455
vn 0.3299 -0.5069 0.7964
vn 0.4789 -0.5069 0.7167
vn 0.6095 -0.5069 0.6095
vn 0.7167 -0.5069 0.4789
vn 0.7964 -0.5069 0.3299
vn 0.8455 -0.5069 0.1682
vn 0.6757 -0.7248 -0.1344
vn 0.6889 -0.7248 -0.0000
vn 0.6365 -0.7248 -0.2636
vn 0.5728 -0.7248 -0.3827
vn 0.4871 -0.7248 -0.4871
vn 0.3827 -0.7248 -0.5728
vn 0.2636 -0.7248 -0.6365
vn 0.1344 -0.7248 -0.6757
vn -0.0000 -0.7248 -0.6889
vn -0.1344 -0.7248 -0.6757
vn -0.2636 -0.7248 -0.6365
vn -0.3827 -0.7248 -0.5728
vn -0.4871 -0.7248 -0.4871
vn -0.5728 -0.7248 -0.3827
vn -0.6365 -0.7248 -0.2636
vn -0.6757 -0.7248 -0.1344
vn -0.6889 -0.7248 -0.0000
vn -0.6757 -0.7248 0.1344
vn -0.6365 -0.7248 0.2636
vn -0.5728 -0.7248 0.3827
vn -0.4871 -0.7248 0.4871
vn -0.3827 -0.7248 0.5728
vn -0.2636 -0.7248 0.6365
vn -0.1344 -0.7248 0.6757
vn -0.0000 -0.7248 0.6889
vn 0.1344 -0.7248 0.6757
vn 0.2636 -0.7248 0.6365
vn 0.3827 -0.7248 0.5728
vn 0.4871 -0.7248 0.4871
vn 0.5728 -0.7248 0.3827
vn 0.6365 -0.7248 0.2636
vn 0.6757 -0.7248 0.1344
vn 0.5944 -0.7954 -0.1182
vn 0.6060 -0.7954 -0.0000
vn 0.5599 -0.7954 -0.2319
vn 0.5039 -0.7954 -0.3367
vn 0.4285 -0.7954 -0.4285
vn 0.3367 -0.7954 -0.5039
vn 0.2319 -0.7954 -0.5599
vn 0.1182 -0.7954 -0.5944
vn -0.0000 -0.7954 -0.6060
vn -0.1182 -0.7954 -0.5944
vn -0.2319 -0.7954 -0.5599
vn -0.3367 -0.7954 -0.5039
vn -0.4285 -0.7954 -0.4285
vn -0.5039 -0.7954 -0.3367
vn -0.5599 -0.7954 -0.2319
vn -0.5944 -0.7954 -0.1182
vn -0.6060 -0.7954 -0.0000
vn -0.5944 -0.7954 0.1182
vn -0.5599 -0.7954 0.2319
vn -0.5039 -0.7954 0.3367
vn -0.4285 -0.7954 0.4285
vn -0.3367 -0.7954 0.5039
vn -0.2319 -0.7954 0.5599
vn -0.1182 -0.7954 0.5944
vn -0.0000 -0.7954 0.6060
vn 0.1182 -0.7954 0.5944
vn 0.2319 -0.7954 0.5599
vn 0.3367 -0.7954 0.5039
vn 0.4285 -0.7954 0.4285
vn 0.5039 -0.7954 0.3367
vn 0.5599 -0.7954 0.2319
vn 0.5944 -0.7954 0.1182
vn 0.5685 -0.8149 -0.1131
vn 0.5796 -0.8149 -0.0000
vn 0.5355 -0.8149 -0.2218
vn 0.4820 -0.8149 -0.3220
vn 0.4099 -0.8149 -0.4099
vn 0.3220 -0.8149 -0.4820
vn 0.2218 -0.8149 -0.5355
vn 0.1131 -0.8149 -0.5685
vn -0.0000 -0.8149 -0.5796
vn -0.1131 -0.8149 -0.5685
vn -0.2218 -0.8149 -0.5355
vn -0.3220 -0.8149 -0.4820
vn -0.4099 -0.8149 -0.4099
vn -0.4820 -0.8149 -0.3220
vn -0.5355 -0.8149 -0.2218
vn -0.5685 -0.8149 -0.1131
vn -0.5796 -0.8149 -0.0000
vn -0.5685 -0.8149 0.1131
vn -0.5355 -0.8149 0.2218
vn -0.4820 -0.8149 0.3220
vn -0.4099 -0.8149 0.4099
vn -0.3220 -0.8149 0.4820
vn -0.2218 -0.8149 0.5355
vn -0.1131 -0.8149 0.5685
vn -0.0000 -0.8149 0.5796
vn 0.1131 -0.8149 0.5685
vn 0.2218 -0.8149 0.5355
vn 0.3220 -0.8149 0.4820
vn 0.4099 -0.8149 0.4099
vn 0.4820 -0.8149 0.3220
vn 0.5355 -0.8149 0.2218
vn 0.5685 -0.8149 0.1131
vn 0.5767 -0.8089 -0.1147
vn 0.5880 -0.8089 -0.0000
vn 0.5432 -0.8089 -0.2250
vn 0.4889 -0.8089 -0.3267
vn 0.4158 -0.8089 -0.4158
vn 0.3267 -0.8089 -0.4889
vn 0.2250 -0.8089 -0.5432
vn 0.1147 -0.8089 -0.5767
vn -0.0000 -0.8089 -0.5880
vn -0.1147 -0.8089 -0.5767
vn -0.2250 -0.8089 -0.5432
vn -0.3267 -0.8089 -0.4889
vn -0.4158 -0.8089 -0.4158
vn -0.4889 -0.8089 -0.3267
vn -0.5432 -0.8089 -0.2250
vn -0.5767 -0.8089 -0.1147
vn -0.5880 -0.8089 -0.0000
vn -0.5767 -0.8089 0.1147
vn -0.5432 -0.8089 0.2250
vn -0.4889 -0.8089 0.3267
vn -0.4158 -0.8089 0.4158
vn -0.3267 -0.8089 0.4889
vn -0.2250 -0.8089 0.5432
vn -0.1147 -0.8089 0.5767
vn -0.0000 -0.8089 0.5880
vn 0.1147 -0.8089 0.5767
vn 0.2250 -0.8089 0.5432
vn 0.3267 -0.8089 0.4889
vn 0.4158 -0.8089 0.4158
vn 0.4889 -0.8089 0.3267
vn 0.5432 -0.8089 0.2250
vn 0.5767 -0.8089 0.1147
vn 0.6097 -0.7833 -0.1213
vn 0.6217 -0.7833 -0.0000
vn 0.5743 -0.7833 -0.2379
vn 0.5169 -0.7833 -0.3454
vn 0.4396 -0.7833 -0.4396
vn 0.3454 -0.7833 -0.5169
vn 0.2379 -0.7833 -0.5743
vn 0.1213 -0.7833 -0.6097
vn -0.0000 -0.7833 -0.6217
vn -0.1213 -0.7833 -0.6097
vn -0.2379 -0.7833 -0.5743
vn -0.3454 -0.7833 -0.5169
vn -0.4396 -0.7833 -0.4396
vn -0.5169 -0.7833 -0.3454
vn -0.5743 -0.7833 -0.2379
vn -0.6097 -0.7833 -0.1213
vn -0.6217 -0.7833 -0.0000
vn -0.6097 -0.7833 0.1213
vn -0.5743 -0.7833 0.2379
vn -0.5169 -0.7833 0.3454
vn -0.4396 -0.7833 0.4396
vn -0.3454 -0.7833 0.5169
vn -0.2379 -0.7833 0.5743
vn -0.1213 -0.7833 0.6097
vn -0.0000 -0.7833 0.6217
vn 0.1213 -0.7833 0.6097
vn 0.2379 -0.7833 0.5743
vn 0.3454 -0.7833 0.5169
vn 0.4396 -0.7833 0.4396
vn 0.5169 -0.7833 0.3454
vn 0.5743 -0.7833 0.2379
vn 0.6097 -0.7833 0.1213
vn 0.6633 -0.7366 -0.1319
vn 0.6763 -0.7366 -0.0000
vn 0.6248 -0.7366 -0.2588
vn 0.5623 -0.7366 -0.3757
vn 0.4782 -0.7366 -0.4782
vn 0.3757 -0.7366 -0.5623
vn 0.2588 -0.7366 -0.6248
vn 0.1319 -0.7366 -0.6633
vn -0.0000 -0.7366 -0.6763
vn -0.1319 -0.7366 -0.6633
vn -0.2588 -0.7366 -0.6248
vn -0.3757 -0.7366 -0.5623
vn -0.4782 -0.7366 -0.4782
vn -0.5623 -0.7366 -0.3757
vn -0.6248 -0.7366 -0.2588
vn -0.6633 -0.7366 -0.1319
vn -0.6763 -0.7366 -0.0000
vn -0.6633 -0.7366 0.1319
vn -0.6248 -0.7366 0.2588
vn -0.5623 -0.7366 0.3757
vn -0.4782 -0.7366 0.4782
vn -0.3757 -0.7366 0.5623
vn -0.2588 -0.7366 0.6248
vn -0.1319 -0.7366 0.6633
vn -0.0000 -0.7366 0.6763
vn 0.1319 -0.7366 0.6633
vn 0.2588 -0.7366 0.6248
vn 0.3757 -0.7366 0.5623
vn 0.4782 -0.7366 0.4782
vn 0.5623 -0.7366 0.3757
vn 0.6248 -0.7366 0.2588
vn 0.6633 -0.7366 0.1319
vn 0.7342 -0.6630 -0.1460
vn 0.7486 -0.6630 -0.0000
vn 0.6916 -0.6630 -0.2865
vn 0.6224 -0.6630 -0.4159
vn 0.5293 -0.6630 -0.5293
vn 0.4159 -0.6630 -0.6224
vn 0.2865 -0.6630 -0.6916
vn 0.1460 -0.6630 -0.7342
vn -0.0000 -0.6630 -0.7486
vn -0.1460 -0.6630 -0.7342
vn -0.2865 -0.6630 -0.6916
vn -0.4159 -0.6630 -0.6224
vn -0.5293 -0.6630 -0.5293
vn -0.6224 -0.6630 -0.4159
vn -0.6916 -0.6630 -0.2865
vn -0.7342 -0.6630 -0.1460
vn -0.7486 -0.6630 -0.0000
vn -0.7342 -0.6630 0.1460
vn -0.6916 -0.6630 0.2865
vn -0.6224 -0.6630 0.4159
vn -0.5293 -0.6630 0.5293
vn -0.4159 -0.6630 0.6224
vn -0.2865 -0.6630 0.6916
vn -0.1460 -0.6630 0.7342
vn -0.0000 -0.6630 0.7486
vn 0.1460 -0.6630 0.7342
vn 0.2865 -0.6630 0.6916
vn 0.4159 -0.6630 0.6224
vn 0.5293 -0.6630 0.5293
vn 0.6224 -0.6630 0.4159
vn 0.6916 -0.6630 0.2865
vn 0.7342 -0.6630 0.1460
vn 0.8163 -0.5543 -0.1624
vn 0.8323 -0.5543 -0.0000
vn 0.7690 -0.5543 -0.3185
vn 0.6921 -0.5543 -0.4624
vn 0.5885 -0.5543 -0.5885
vn 0.4624 -0.5543 -0.6921
vn 0.3185 -0.5543 -0.7690
vn 0.1624 -0.5543 -0.8163
vn -0.0000 -0.5543 -0.8323
vn -0.1624 -0.5543 -0.8163
vn -0.3185 -0.5543 -0.7690
vn -0.4624 -0.5543 -0.6921
vn -0.5885 -0.5543 -0.5885
vn -0.6921 -0.5543 -0.4624
vn -0.7690 -0.5543 -0.3185
vn -0.8163 -0.5543 -0.1624
vn -0.8323 -0.5543 -0.0000
vn -0.8163 -0.5543 0.1624
vn -0.7690 -0.5543 0.3185
vn -0.6921 -0.5543 0.4624
vn -0.5885 -0.5543 0.5885
vn -0.4624 -0.5543 0.6921
vn -0.3185 -0.5543 0.7690
vn -0.1624 -0.5543 0.8163
vn -0.0000 -0.5543 0.8323
vn 0.1624 -0.5543 0.8163
vn 0.3185 -0.5543 0.7690
vn 0.4624 -0.5543 0.6921
vn 0.5885 -0.5543 0.5885
vn 0.6921 -0.5543 0.4624
vn 0.7690 -0.5543 0.3185
vn 0.8163 -0.5543 0.1624
vn 0.8974 -0.4036 -0.1785
vn 0.9149 -0.4036 -0.0000
vn 0.8453 -0.4036 -0.3501
vn 0.7607 -0.4036 -0.5083
vn 0.6470 -0.4036 -0.6470
vn 0.5083 -0.4036 -0.7607
vn 0.3501 -0.4036 -0.8453
vn 0.1785 -0.4036 -0.8974
vn -0.0000 -0.4036 -0.9149
vn -0.1785 -0.4036 -0.8974
vn -0.3501 -0.4036 -0.8453
vn -0.5083 -0.4036 -0.7607
vn -0.6470 -0.4036 -0.6470
vn -0.7607 -0.4036 -0.5083
vn -0.8453 -0.4036 -0.3501
vn -0.8974 -0.4036 -0.1785
vn -0.9149 -0.4036 -0.0000
vn -0.8974 -0.4036 0.1785
vn -0.8453 -0.4036 0.3501
vn -0.7607 -0.4036 0.5083
vn -0.6470 -0.4036 0.6470
vn -0.5083 -0.4036 0.7607
vn -0.3501 -0.4036 0.8453
vn -0.1785 -0.4036 0.8974
vn -0.0000 -0.4036 0.9149
vn 0.1785 -0.4036 0.8974
vn 0.3501 -0.4036 0.8453
vn 0.5083 -0.4036 0.7607
vn 0.6470 -0.4036 0.6470
vn 0.7607 -0.4036 0.5083
vn 0.8453 -0.4036 0.3501
vn 0.8974 -0.4036 0.1785
vn 0.9582 -0.2134 -0.1906
vn 0.9770 -0.2134 -0.0000
vn 0.9026 -0.2134 -0.3739
vn 0.8123 -0.2134 -0.5428
vn 0.6908 -0.2134 -0.6908
vn 0.5428 -0.2134 -0.8123
vn 0.3739 -0.2134 -0.9026
vn 0.1906 -0.2134 -0.9582
vn -0.0000 -0.2134 -0.9770
vn -0.1906 -0.2134 -0.9582
vn -0.3739 -0.2134 -0.9026
vn -0.5428 -0.2134 -0.8123
vn -0.6908 -0.2134 -0.6908
vn -0.8123 -0.2134 -0.5428
vn -0.9026 -0.2134 -0.3739
vn -0.9582 -0.2134 -0.1906
vn -0.9770 -0.2134 -0.0000
vn -0.9582 -0.2134 0.1906
vn -0.9026 -0.2134 0.3739
vn -0.8123 -0.2134 0.5428
vn -0.6908 -0.2134 0.6908
vn -0.5428 -0.2134 0.8123
vn -0.3739 -0.2134 0.9026
vn -0.1906 -0.2134 0.9582
vn -0.0000 -0.2134 0.9770
vn 0.1906 -0.2134 0.9582
vn 0.3739 -0.2134 0.9026
vn 0.5428 -0.2134 0.8123
vn 0.6908 -0.2134 0.6908
vn 0.8123 -0.2134 0.5428
vn 0.9026 -0.2134 0.3739
vn 0.9582 -0.2134 0.1906
vn 0.9806 0.0185 -0.1951
vn 0.9998 0.0185 -0.0000
vn 0.9237 0.0185 -0.3826
vn 0.8313 0.0185 -0.5555
vn 0.7070 0.0185 -0.7070
vn 0.5555 0.0185 -0.8313
vn 0.3826 0.0185 -0.9237
vn 0.1951 0.0185 -0.9806
vn -0.0000 0.0185 -0.9998
vn -0.1951 0.0185 -0.9806
vn -0.3826 0.0185 -0.9237
vn -0.5555 0.0185 -0.8313
vn -0.7070 0.0185 -0.7070
vn -0.8313 0.0185 -0.5555
vn -0.9237 0.0185 -0.3826
vn -0.9806 0.0185 -0.1951
vn -0.9998 0.0185 -0.0000
vn -0.9806 0.0185 0.1951
vn -0.9237 0.0185 0.3826
vn -0.8313 0.0185 0.5555
vn -0.7070 0.0185 0.7070
vn -0.5555 0.0185 0.8313
vn -0.3826 0.0185 0.9237
vn -0.1951 0.0185 0.9806
vn -0.0000 0.0185 0.9998
vn 0.1951 0.0185 0.9806
vn 0.3826 0.0185 0.9237
vn 0.5555 0.0185 0.8313
vn 0.7070 0.0185 0.7070
vn 0.8313 0.0185 0.5555
vn 0.9237 0.0185 0.3826
vn 0.9806 0.0185 0.1951
vn 0.9431 0.2744 -0.1876
vn 0.9616 0.2744 -0.0000
vn 0.8884 0.2744 -0.3680
vn 0.7995 0.2744 -0.5342
vn 0.6800 0.2744 -0.6800
vn 0.5342 0.2744 -0.7995
vn 0.3680 0.2744 -0.8884
vn 0.1876 0.2744 -0.9431
vn -0.0000 0.2744 -0.9616
vn -0.1876 0.2744 -0.9431
vn -0.3680 0.2744 -0.8884
vn -0.5342 0.2744 -0.7995
vn -0.6800 0.2744 -0.6800
vn -0.7995 0.2744 -0.5342
vn -0.8884 0.2744 -0.3680
vn -0.9431 0.2744 -0.1876
vn -0.9616 0.2744 -0.0000
vn -0.9431 0.2744 0.1876
vn -0.8884 0.2744 0.3680
vn -0.7995 0.2744 0.5342
vn -0.6800 0.2744 0.6800
vn -0.5342 0.2744 0.7995
vn -0.3680 0.2744 0.8884
vn -0.1876 0.2744 0.9431
vn -0.0000 0.2744 0.9616
vn 0.1876 0.2744 0.9431
vn 0.3680 0.2744 0.8884
vn 0.5342 0.2744 0.7995
vn 0.6800 0.2744 0.6800
vn 0.7995 0.2744 0.5342
vn 0.8884 0.2744 0.3680
vn 0.9431 0.2744 0.1876
vn 0.8567 0.4869 -0.1704
vn 0.8734 0.4869 -0.0000
vn 0.8070 0.4869 -0.3343
vn 0.7262 0.4869 -0.4853
vn 0.6176 0.4869 -0.6176
vn 0.4853 0.4869 -0.7262
vn 0.3343 0.4869 -0.8070
vn 0.1704 0.4869 -0.8567
vn -0.0000 0.4869 -0.8734
vn -0.1704 0.4869 -0.8567
vn -0.3343 0.4869 -0.8070
vn -0.4853 0.4869 -0.7262
vn -0.6176 0.4869 -0.6176
vn -0.7262 0.4869 -0.4853
vn -0.8070 0.4869 -0.3343
vn -0.8567 0.4869 -0.1704
vn -0.8734 0.4869 -0.0000
vn -0.8567 0.4869 0.1704
vn -0.8070 0.4869 0.3343
vn -0.7262 0.4869 0.4853
vn -0.6176 0.4869 0.6176
vn -0.4853 0.4869 0.7262
vn -0.3343 0.4869 0.8070
vn -0.1704 0.4869 0.8567
vn -0.0000 0.4869 0.8734
vn 0.1704 0.4869 0.8567
vn 0.3343 0.4869 0.8070
vn 0.4853 0.4869 0.7262
vn 0.6176 0.4869 0.6176
vn 0.7262 0.4869 0.4853
vn 0.8070 0.4869 0.3343
vn 0.8567 0.4869 0.1704
vn 0.7673 0.6229 -0.1526
vn 0.7823 0.6229 -0.0000
vn 0.7228 0.6229 -0.2994
vn 0.6505 0.6229 -0.4346
vn 0.5532 0.6229 -0.5532
vn 0.4346 0.6229 -0.6505
vn 0.2994 0.6229 -0.7228
vn 0.1526 0.6229 -0.7673
vn -0.0000 0.6229 -0.7823
vn -0.1526 0.6229 -0.7673
vn -0.2994 0.6229 -0.7228
vn -0.4346 0.6229 -0.6505
vn -0.5532 0.6229 -0.5532
vn -0.6505 0.6229 -0.4346
vn -0.7228 0.6229 -0.2994
vn -0.7673 0.6229 -0.1526
vn -0.7823 0.6229 -0.0000
vn -0.7673 0.6229 0.1526
vn -0.7228 0.6229 0.2994
vn -0.6505 0.6229 0.4346
vn -0.5532 0.6229 0.5532
vn -0.4346 0.6229 0.6505
vn -0.2994 0.6229 0.7228
vn -0.1526 0.6229 0.7673
vn -0.0000 0.6229 0.7823
vn 0.1526 0.6229 0.7673
vn 0.2994 0.6229 0.7228
vn 0.4346 0.6229 0.6505
vn 0.5532 0.6229 0.5532
vn 0.6505 0.6229 0.4346
vn 0.7228 0.6229 0.2994
vn 0.7673 0.6229 0.1526
vn 0.6987 0.7018 -0.1390
vn 0.7124 0.7018 -0.0000
vn 0.6581 0.7018 -0.2726
vn 0.5923 0.7018 -0.3958
vn 0.5037 0.7018 -0.5037
vn 0.3958 0.7018 -0.5923
vn 0.2726 0.7018 -0.6581
vn 0.1390 0.7018 -0.6987
vn -0.0000 0.7018 -0.7124
vn -0.1390 0.7018 -0.6987
vn -0.2726 0.7018 -0.6581
vn -0.3958 0.7018 -0.5923
vn -0.5037 0.7018 -0.5037
vn -0.5923 0.7018 -0.3958
vn -0.6581 0.7018 -0.2726
vn -0.6987 0.7018 -0.1390
vn -0.7124 0.7018 -0.0000
vn -0.6987 0.7018 0.1390
vn -0.6581 0.7018 0.2726
vn -0.5923 0.7018 0.3958
vn -0.5037 0.7018 0.5037
vn -0.3958 0.7018 0.5923
vn -0.2726 0.7018 0.6581
vn -0.1390 0.7018 0.6987
vn -0.0000 0.7018 0.7124
vn 0.1390 0.7018 0.6987
vn 0.2726 0.7018 0.6581
vn 0.3958 0.7018 0.5923
vn 0.5037 0.7018 0.5037
vn 0.5923 0.7018 0.3958
vn 0.6581 0.7018 0.2726
vn 0.6987 0.7018 0.1390
vn 0.6565 0.7429 -0.1306
vn 0.6694 0.7429 -0.0000
vn 0.6184 0.7429 -0.2562
vn 0.5566 0.7429 -0.3719
vn 0.4733 0.7429 -0.4733
vn 0.3719 0.7429 -0.5566
vn 0.2562 0.7429 -0.6184
vn 0.1306 0.7429 -0.6565
vn -0.0000 0.7429 -0.6694
vn -0.1306 0.7429 -0.6565
vn -0.2562 0.7429 -0.6184
vn -0.3719 0.7429 -0.5566
vn -0.4733 0.7429 -0.4733
vn -0.5566 0.7429 -0.3719
vn -0.6184 0.7429 -0.2562
vn -0.6565 0.7429 -0.1306
vn -0.6694 0.7429 -0.0000
vn -0.6565 0.7429 0.1306
vn -0.6184 0.7429 0.2562
vn -0.5566 0.7429 0.3719
vn -0.4733 0.7429 0.4733
vn -0.3719 0.7429 0.5566
vn -0.2562 0.7429 0.6184
vn -0.1306 0.7429 0.6565
vn -0.0000 0.7429 0.6694
vn 0.1306 0.7429 0.6565
vn 0.2562 0.7429 0.6184
vn 0.3719 0.7429 0.5566
vn 0.4733 0.7429 0.4733
vn 0.5566 0.7429 0.3719
vn 0.6184 0.7429 0.2562
vn 0.6565 0.7429 0.1306
vn 0.6404 0.7574 -0.1274
vn 0.6529 0.7574 -0.0000
vn 0.6032 0.7574 -0.2499
vn 0.5429 0.7574 -0.3628
vn 0.4617 0.7574 -0.4617
vn 0.3628 0.7574 -0.5429
vn 0.2499 0.7574 -0.6032
vn 0.1274 0.7574 -0.6404
vn -0.0000 0.7574 -0.6529
vn -0.1274 0.7574 -0.6404
vn -0.2499 0.7574 -0.6032
vn -0.3628 0.7574 -0.5429
vn -0.4617 0.7574 -0.4617
vn -0.5429 0.7574 -0.3628
vn -0.6032 0.7574 -0.2499
vn -0.6404 0.7574 -0.1274
vn -0.6529 0.7574 -0.0000
vn -0.6404 0.7574 0.1274
vn -0.6032 0.7574 0.2499
vn -0.5429 0.7574 0.3628
vn -0.4617 0.7574 0.4617
vn -0.3628 0.7574 0.5429
vn -0.2499 0.7574 0.6032
vn -0.1274 0.7574 0.6404
vn -0.0000 0.7574 0.6529
vn 0.1274 0.7574 0.6404
vn 0.2499 0.7574 0.6032
vn 0.3628 0.7574 0.5429
vn 0.4617 0.7574 0.4617
vn 0.5429 0.7574 0.3628
vn 0.6032 0.7574 0.2499
vn 0.6404 0.7574 0.1274
vn 0.6499 0.7490 -0.1293
vn 0.6626 0.7490 -0.0000
vn 0.6122 0.7490 -0.2536
vn 0.5509 0.7490 -0.3681
vn 0.4685 0.7490 -0.4685
vn 0.3681 0.7490 -0.5509
vn 0.2536 0.7490 -0.6122
vn 0.1293 0.7490 -0.6499
vn -0.0000 0.7490 -0.6626
vn -0.1293 0.7490 -0.6499
vn -0.2536 0.7490 -0.6122
vn -0.3681 0.7490 -0.5509
vn -0.4685 0.7490 -0.4685
vn -0.5509 0.7490 -0.3681
vn -0.6122 0.7490 -0.2536
vn -0.6499 0.7490 -0.1293
vn -0.6626 0.7490 -0.0000
vn -0.6499 0.7490 0.1293
vn -0.6122 0.7490 0.2536
vn -0.5509 0.7490 0.3681
vn -0.4685 0.7490 0.4685
vn -0.3681 0.7490 0.5509
vn -0.2536 0.7490 0.6122
vn -0.1293 0.7490 0.6499
vn -0.0000 0.7490 0.6626
vn 0.1293 0.7490 0.6499
vn 0.2536 0.7490 0.6122
vn 0.3681 0.7490 0.5509
vn 0.4685 0.7490 0.4685
vn 0.5509 0.7490 0.3681
vn 0.6122 0.7490 0.2536
vn 0.6499 0.7490 0.1293
vn 0.6860 0.7147 -0.1365
vn 0.6994 0.7147 -0.0000
vn 0.6462 0.7147 -0.2677
vn 0.5816 0.7147 -0.3886
vn 0.4946 0.7147 -0.4946
vn 0.3886 0.7147 -0.5816
vn 0.2677 0.7147 -0.6462
vn 0.1365 0.7147 -0.6860
vn -0.0000 0.7147 -0.6994
vn -0.1365 0.7147 -0.6860
vn -0.2677 0.7147 -0.6462
vn -0.3886 0.7147 -0.5816
vn -0.4946 0.7147 -0.4946
vn -0.5816 0.7147 -0.3886
vn -0.6462 0.7147 -0.2677
vn -0.6860 0.7147 -0.1365
vn -0.6994 0.7147 -0.0000
vn -0.6860 0.7147 0.1365
vn -0.6462 0.7147 0.2677
vn -0.5816 0.7147 0.3886
vn -0.4946 0.7147 0.4946
vn -0.3886 0.7147 0.5816
vn -0.2677 0.7147 0.6462
vn -0.1365 0.7147 0.6860
vn -0.0000 0.7147 0.6994
vn 0.1365 0.7147 0.6860
vn 0.2677 0.7147 0.6462
vn 0.3886 0.7147 0.5816
vn 0.4946 0.7147 0.4946
vn 0.5816 0.7147 0.3886
vn 0.6462 0.7147 0.2677
vn 0.6860 0.7147 0.1365
vn 0.7505 0.6438 -0.1493
vn 0.7652 0.6438 -0.0000
vn 0.7070 0.6438 -0.2928
vn 0.6362 0.6438 -0.4251
vn 0.5411 0.6438 -0.5411
vn 0.4251 0.6438 -0.6362
vn 0.2928 0.6438 -0.7070
vn 0.1493 0.6438 -0.7505
vn -0.0000 0.6438 -0.7652
vn -0.1493 0.6438 -0.7505
vn -0.2928 0.6438 -0.7070
vn -0.4251 0.6438 -0.6362
vn -0.5411 0.6438 -0.5411
vn -0.6362 0.6438 -0.4251
vn -0.7070 0.6438 -0.2928
vn -0.7505 0.6438 -0.1493
vn -0.7652 0.6438 -0.0000
vn -0.7505 0.6438 0.1493
vn -0.7070 0.6438 0.2928
vn -0.6362 0.6438 0.4251
vn -0.5411 0.6438 0.5411
vn -0.4251 0.6438 0.6362
vn -0.2928 0.6438 0.7070
vn -0.1493 0.6438 0.7505
vn -0.0000 0.6438 0.7652
vn 0.1493 0.6438 0.7505
vn 0.2928 0.6438 0.7070
vn 0.4251 0.6438 0.6362
vn 0.5411 0.6438 0.5411
vn 0.6362 0.6438 0.4251
vn 0.7070 0.6438 0.2928
vn 0.7505 0.6438 0.1493
vn 0.8406 0.5152 -0.1672
vn 0.8571 0.5152 -0.0000
vn 0.7918 0.5152 -0.3280
vn 0.7126 0.5152 -0.4762
vn 0.6060 0.5152 -0.6060
vn 0.4762 0.5152 -0.7126
vn 0.3280 0.5152 -0.7918
vn 0.1672 0.5152 -0.8406
vn -0.0000 0.5152 -0.8571
vn -0.1672 0.5152 -0.8406
vn -0.3280 0.5152 -0.7918
vn -0.4762 0.5152 -0.7126
vn -0.6060 0.5152 -0.6060
vn -0.7126 0.5152 -0.4762
vn -0.7918 0.5152 -0.3280
vn -0.8406 0.5152 -0.1672
vn -0.8571 0.5152 -0.0000
vn -0.8406 0.5152 0.1672
vn -0.7918 0.5152 0.3280
vn -0.7126 0.5152 0.4762
vn -0.6060 0.5152 0.6060
vn -0.4762 0.5152 0.7126
vn -0.3280 0.5152 0.7918
vn -0.1672 0.5152 0.8406
vn -0.0000 0.5152 0.8571
vn 0.1672 0.5152 0.8406
vn 0.3280 0.5152 0.7918
vn 0.4762 0.5152 0.7126
vn 0.6060 0.5152 0.6060
vn 0.7126 0.5152 0.4762
vn 0.7918 0.5152 0.3280
vn 0.8406 0.5152 0.1672
vn 0.9348 0.3025 -0.1859
vn 0.9531 0.3025 -0.0000
vn 0.8806 0.3025 -0.3648
vn 0.7925 0.3025 -0.5295
vn 0.6740 0.3025 -0.6740
vn 0.5295 0.3025 -0.7925
vn 0.3648 0.3025 -0.8806
vn 0.1859 0.3025 -0.9348
vn -0.0000 0.3025 -0.9531
vn -0.1859 0.3025 -0.9348
vn -0.3648 0.3025 -0.8806
vn -0.5295 0.3025 -0.7925
vn -0.6740 0.3025 -0.6740
vn -0.7925 0.3025 -0.5295
vn -0.8806 0.3025 -0.3648
vn -0.9348 0.3025 -0.1859
vn -0.9531 0.3025 -0.0000
vn -0.9348 0.3025 0.1859
vn -0.8806 0.3025 0.3648
vn -0.7925 0.3025 0.5295
vn -0.6740 0.3025 0.6740
vn -0.5295 0.3025 0.7925
vn -0.3648 0.3025 0.8806
vn -0.1859 0.3025 0.9348
vn -0.0000 0.3025 0.9531
vn 0.1859 0.3025 0.9348
vn 0.3648 0.3025 0.8806
vn 0.5295 0.3025 0.7925
vn 0.6740 0.3025 0.6740
vn 0.7925 0.3025 0.5295
vn 0.8806 0.3025 0.3648
vn 0.9348 0.3025 0.1859
vn 0.9767 0.0908 -0.1943
vn 0.9959 0.0908 -0.0000
vn 0.9201 0.0908 -0.3811
vn 0.8280 0.0908 -0.5533
vn 0.7042 0.0908 -0.7042
vn 0.5533 0.0908 -0.8280
vn 0.3811 0.0908 -0.9201
vn 0.1943 0.0908 -0.9767
vn -0.0000 0.0908 -0.9959
vn -0.1943 0.0908 -0.9767
vn -0.3811 0.0908 -0.9201
vn -0.5533 0.0908 -0.8280
vn -0.7042 0.0908 -0.7042
vn -0.8280 0.0908 -0.5533
vn -0.9201 0.0908 -0.3811
vn -0.9767 0.0908 -0.1943
vn -0.9959 0.0908 -0.0000
vn -0.9767 0.0908 0.1943
vn -0.9201 0.0908 0.3811
vn -0.8280 0.0908 0.5533
vn -0.7042 0.0908 0.7042
vn -0.5533 0.0908 0.8280
vn -0.3811 0.0908 0.9201
vn -0.1943 0.0908 0.9767
vn -0.0000 0.0908 0.9959
vn 0.1943 0.0908 0.9767
vn 0.3811 0.0908 0.9201
vn 0.5533 0.0908 0.8280
vn 0.7042 0.0908 0.7042
vn 0.8280 0.0908 0.5533
vn 0.9201 0.0908 0.3811
vn 0.9767 0.0908 0.1943
vn 0.9806 0.0191 -0.1951
vn 0.9998 0.0191 -0.0000
vn 0.9237 0.0191 -0.3826
vn 0.8313 0.0191 -0.5555
vn 0.7070 0.0191 -0.7070
vn 0.5555 0.0191 -0.8313
vn 0.3826 0.0191 -0.9237
vn 0.1951 0.0191 -0.9806
vn -0.0000 0.0191 -0.9998
vn -0.1951 0.0191 -0.9806
vn -0.3826 0.0191 -0.9237
vn -0.5555 0.0191 -0.8313
vn -0.7070 0.0191 -0.7070
vn -0.8313 0.0191 -0.5555
vn -0.9237 0.0191 -0.3826
vn -0.9806 0.0191 -0.1951
vn -0.9998 0.0191 -0.0000
vn -0.9806 0.0191 0.1951
vn -0.9237 0.0191 0.3826
vn -0.8313 0.0191 0.5555
vn -0.7070 0.0191 0.7070
vn -0.5555 0.0191 0.8313
vn -0.3826 0.0191 0.9237
vn -0.1951 0.0191 0.9806
vn -0.0000 0.0191 0.9998
vn 0.1951 0.0191 0.9806
vn 0.3826 0.0191 0.9237
vn 0.5555 0.0191 0.8313
vn 0.7070 0.0191 0.7070
vn 0.8313 0.0191 0.5555
vn 0.9237 0.0191 0.3826
vn 0.9806 0.0191 0.1951
vn 0.9799 0.0422 -0.1949
vn 0.9991 0.0422 -0.0000
vn 0.9231 0.0422 -0.3823
vn 0.8307 0.0422 -0.5551
vn 0.7065 0.0422 -0.7065
vn 0.5551 0.0422 -0.8307
vn 0.3823 0.0422 -0.9231
vn 0.1949 0.0422 -0.9799
vn -0.0000 0.0422 -0.9991
vn -0.1949 0.0422 -0.9799
vn -0.3823 0.0422 -0.9231
vn -0.5551 0.0422 -0.8307
vn -0.7065 0.0422 -0.7065
vn -0.8307 0.0422 -0.5551
vn -0.9231 0.0422 -0.3823
vn -0.9799 0.0422 -0.1949
vn -0.9991 0.0422 -0.0000
vn -0.9799 0.0422 0.1949
vn -0.9231 0.0422 0.3823
vn -0.8307 0.0422 0.5551
vn -0.7065 0.0422 0.7065
vn -0.5551 0.0422 0.8307
vn -0.3823 0.0422 0.9231
vn -0.1949 0.0422 0.9799
vn -0.0000 0.0422 0.9991
vn 0.1949 0.0422 0.9799
vn 0.3823 0.0422 0.9231
vn 0.5551 0.0422 0.8307
vn 0.7065 0.0422 0.7065
vn 0.8307 0.0422 0.5551
vn 0.9231 0.0422 0.3823
vn 0.9799 0.0422 0.1949
vn 0.9765 0.0933 -0.1942
vn 0.9956 0.0933 -0.0000
vn 0.9199 0.0933 -0.3810
vn 0.8278 0.0933 -0.5531
vn 0.7040 0.0933 -0.7040
vn 0.5531 0.0933 -0.8278
vn 0.3810 0.0933 -0.9199
vn 0.1942 0.0933 -0.9765
vn -0.0000 0.0933 -0.9956
vn -0.1942 0.0933 -0.9765
vn -0.3810 0.0933 -0.9199
vn -0.5531 0.0933 -0.8278
vn -0.7040 0.0933 -0.7040
vn -0.8278 0.0933 -0.5531
vn -0.9199 0.0933 -0.3810
vn -0.9765 0.0933 -0.1942
vn -0.9956 0.0933 -0.0000
vn -0.9765 0.0933 0.1942
vn -0.9199 0.0933 0.3810
vn -0.8278 0.0933 0.5531
vn -0.7040 0.0933 0.7040
vn -0.5531 0.0933 0.8278
vn -0.3810 0.0933 0.9199
vn -0.1942 0.0933 0.9765
vn -0.0000 0.0933 0.9956
vn 0.1942 0.0933 0.9765
vn 0.3810 0.0933 0.9199
vn 0.5531 0.0933 0.8278
vn 0.7040 0.0933 0.7040
vn 0.8278 0.0933 0.5531
vn 0.9199 0.0933 0.3810
vn 0.9765 0.0933 0.1942
vn 0.9628 0.1907 -0.1915
vn 0.9816 0.1907 -0.0000
vn 0.9069 0.1907 -0.3757
vn 0.8162 0.1907 -0.5454
vn 0.6941 0.1907 -0.6941
vn 0.5454 0.1907 -0.8162
vn 0.3757 0.1907 -0.9069
vn 0.1915 0.1907 -0.9628
vn -0.0000 0.1907 -0.9816
vn -0.1915 0.1907 -0.9628
vn -0.3757 0.1907 -0.9069
vn -0.5454 0.1907 -0.8162
vn -0.6941 0.1907 -0.6941
vn -0.8162 0.1907 -0.5454
vn -0.9069 0.1907 -0.3757
vn -0.9628 0.1907 -0.1915
vn -0.9816 0.1907 -0.0000
vn -0.9628 0.1907 0.1915
vn -0.9069 0.1907 0.3757
vn -0.8162 0.1907 0.5454
vn -0.6941 0.1907 0.6941
vn -0.5454 0.1907 0.8162
vn -0.3757 0.1907 0.9069
vn -0.1915 0.1907 0.9628
vn -0.0000 0.1907 0.9816
vn 0.1915 0.1907 0.9628
vn 0.3757 0.1907 0.9069
vn 0.5454 0.1907 0.8162
vn 0.6941 0.1907 0.6941
vn 0.8162 0.1907 0.5454
vn 0.9069 0.1907 0.3757
vn 0.9628 0.1907 0.1915
vn 0.9163 0.3566 -0.1823
vn 0.9342 0.3566 -0.0000
vn 0.8631 0.3566 -0.3575
vn 0.7768 0.3566 -0.5190
vn 0.6606 0.3566 -0.6606
vn 0.5190 0.3566 -0.7768
vn 0.3575 0.3566 -0.8631
vn 0.1823 0.3566 -0.9163
vn -0.0000 0.3566 -0.9342
vn -0.1823 0.3566 -0.9163
vn -0.3575 0.3566 -0.8631
vn -0.5190 0.3566 -0.7768
vn -0.6606 0.3566 -0.6606
vn -0.7768 0.3566 -0.5190
vn -0.8631 0.3566 -0.3575
vn -0.9163 0.3566 -0.1823
vn -0.9342 0.3566 -0.0000
vn -0.9163 0.3566 0.1823
vn -0.8631 0.3566 0.3575
vn -0.7768 0.3566 0.5190
vn -0.6606 0.3566 0.6606
vn -0.5190 0.3566 0.7768
vn -0.3575 0.3566 0.8631
vn -0.1823 0.3566 0.9163
vn -0.0000 0.3566 0.9342
vn 0.1823 0.3566 0.9163
vn 0.3575 0.3566 0.8631
vn 0.5190 0.3566 0.7768
vn 0.6606 0.3566 0.6606
vn 0.7768 0.3566 0.5190
vn 0.8631 0.3566 0.3575
vn 0.9163 0.3566 0.1823
vn 0.7933 0.5880 -0.1578
vn 0.8089 0.5880 -0.0000
vn 0.7473 0.5880 -0.3095
vn 0.6726 0.5880 -0.4494
vn 0.5720 0.5880 -0.5720
vn 0.4494 0.5880 -0.6726
vn 0.3095 0.5880 -0.7473
vn 0.1578 0.5880 -0.7934
vn -0.0000 0.5880 -0.8089
vn -0.1578 0.5880 -0.7933
vn -0.3095 0.5880 -0.7473
vn -0.4494 0.5880 -0.6726
vn -0.5720 0.5880 -0.5720
vn -0.6726 0.5880 -0.4494
vn -0.7473 0.5880 -0.3095
vn -0.7934 0.5880 -0.1578
vn -0.8089 0.5880 -0.0000
vn -0.7933 0.5880 0.1578
vn -0.7473 0.5880 0.3095
vn -0.6726 0.5880 0.4494
vn -0.5720 0.5880 0.5720
vn -0.4494 0.5880 0.6726
vn -0.3095 0.5880 0.7473
vn -0.1578 0.5880 0.7933
vn -0.0000 0.5880 0.8089
vn 0.1578 0.5880 0.7933
vn 0.3095 0.5880 0.7473
vn 0.4494 0.5880 0.6726
vn 0.5720 0.5880 0.5720
vn 0.6726 0.5880 0.4494
vn 0.7473 0.5880 0.3095
vn 0.7933 0.5880 0.1578
vn 0.5740 0.8108 -0.1142
vn 0.5853 0.8108 -0.0000
vn 0.5407 0.8108 -0.2240
vn 0.4866 0.8108 -0.3252
vn 0.4139 0.8108 -0.4139
vn 0.3252 0.8108 -0.4866
vn 0.2240 0.8108 -0.5407
vn 0.1142 0.8108 -0.5740
vn -0.0000 0.8108 -0.5853
vn -0.1142 0.8108 -0.5740
vn -0.2240 0.8108 -0.5407
vn -0.3252 0.8108 -0.4866
vn -0.4139 0.8108 -0.4139
vn -0.4866 0.8108 -0.3252
vn -0.5407 0.8108 -0.2240
vn -0.5740 0.8108 -0.1142
vn -0.5853 0.8108 -0.0000
vn -0.5740 0.8108 0.1142
vn -0.5407 0.8108 0.2240
vn -0.4866 0.8108 0.3252
vn -0.4139 0.8108 0.4139
vn -0.3252 0.8108 0.4866
vn -0.2240 0.8108 0.5407
vn -0.1142 0.8108 0.5740
vn -0.0000 0.8108 0.5853
vn 0.1142 0.8108 0.5740
vn 0.2240 0.8108 0.5407
vn 0.3252 0.8108 0.4866
vn 0.4139 0.8108 0.4139
vn 0.4866 0.8108 0.3252
vn 0.5407 0.8108 0.2240
vn 0.5740 0.8108 0.1142
vn 0.3306 0.9415 -0.0658
vn 0.3371 0.9415 -0.0000
vn 0.3114 0.9415 -0.1290
vn 0.2803 0.9415 -0.1873
vn 0.2384 0.9415 -0.2384
vn 0.1873 0.9415 -0.2803
vn 0.1290 0.9415 -0.3114
vn 0.0658 0.9415 -0.3306
vn -0.0000 0.9415 -0.3371
vn -0.0658 0.9415 -0.3306
vn -0.1290 0.9415 -0.3114
vn -0.1873 0.9415 -0.2803
vn -0.2384 0.9415 -0.2384
vn -0.2803 0.9415 -0.1873
vn -0.3114 0.9415 -0.1290
vn -0.3306 0.9415 -0.0658
vn -0.3371 0.9415 -0.0000
vn -0.3306 0.9415 0.0658
vn -0.3114 0.9415 0.1290
vn -0.2803 0.9415 0.1873
vn -0.2384 0.9415 0.2384
vn -0.1873 0.9415 0.2803
vn -0.1290 0.9415 0.3114
vn -0.0658 0.9415 0.3306
vn -0.0000 0.9415 0.3371
vn 0.0658 0.9415 0.3306
vn 0.1290 0.9415 0.3114
vn 0.1873 0.9415 0.2803
vn 0.2384 0.9415 0.2383
vn 0.2803 0.9415 0.1873
vn 0.3114 0.9415 0.1290
vn 0.3306 0.9415 0.0658
vn 0.1523 0.9879 -0.0303
vn 0.1552 0.9879 -0.0000
vn 0.1434 0.9879 -0.0594
vn 0.1291 0.9879 -0.0862
vn 0.1098 0.9879 -0.1098
vn 0.0862 0.9879 -0.1291
vn 0.0594 0.9879 -0.1434
vn 0.0303 0.9879 -0.1523
vn -0.0000 0.9879 -0.1552
vn -0.0303 0.9879 -0.1523
vn -0.0594 0.9879 -0.1434
vn -0.0862 0.9879 -0.1291
vn -0.1098 0.9879 -0.1098
vn -0.1291 0.9879 -0.0862
vn -0.1434 0.9879 -0.0594
vn -0.1523 0.9879 -0.0303
vn -0.1552 0.9879 -0.0000
vn -0.1523 0.9879 0.0303
vn -0.1434 0.9879 0.0594
vn -0.1291 0.9879 0.0862
vn -0.1098 0.9879 0.1098
vn -0.0862 0.9879 0.1291
vn -0.0594 0.9879 0.1434
vn -0.0303 0.9879 0.1523
vn -0.0000 0.9879 0.1552
vn 0.0303 0.9879 0.1523
vn 0.0594 0.9879 0.1434
vn 0.0862 0.9879 0.1291
vn 0.1098 0.9879 0.1098
vn 0.1291 0.9879 0.0862
vn 0.1434 0.9879 0.0594
vn 0.1523 0.9879 0.0303
vn 0.0530 0.9985 -0.0105
vn 0.0540 0.9985 -0.0000
vn 0.0499 0.9985 -0.0207
vn 0.0449 0.9985 -0.0300
vn 0.0382 0.9985 -0.0382
vn 0.0300 0.9985 -0.0449
vn 0.0207 0.9985 -0.0499
vn 0.0105 0.9985 -0.0530
vn -0.0000 0.9985 -0.0540
vn -0.0105 0.9985 -0.0530
vn -0.0207 0.9985 -0.0499
vn -0.0300 0.9985 -0.0449
vn -0.0382 0.9985 -0.0382
vn -0.0449 0.9985 -0.0300
vn -0.0499 0.9985 -0.0207
vn -0.0530 0.9985 -0.0105
vn -0.0540 0.9985 -0.0000
vn -0.0530 0.9985 0.0105
vn -0.0499 0.9985 0.0207
vn -0.0449 0.9985 0.0300
vn -0.0382 0.9985 0.0382
vn -0.0300 0.9985 0.0449
vn -0.0207 0.9985 0.0499
vn -0.0105 0.9985 0.0530
vn -0.0000 0.9985 0.0540
vn 0.0105 0.9985 0.0530
vn 0.0207 0.9985 0.0499
vn 0.0300 0.9985 0.0449
vn 0.0382 0.9985 0.0382
vn 0.0449 0.9985 0.0300
vn 0.0499 0.9985 0.0207
vn 0.0530 0.9985 0.0105
vn 0.0094 1.0000 -0.0019
vn 0.0096 1.0000 -0.0000
vn 0.0089 1.0000 -0.0037
vn 0.0080 1.0000 -0.0053
vn 0.0068 1.0000 -0.0068
vn 0.0053 1.0000 -0.0080
vn 0.0037 1.0000 -0.0088
vn 0.0019 1.0000 -0.0094
vn -0.0000 1.0000 -0.0096
vn -0.0019 1.0000 -0.0094
vn -0.0037 1.0000 -0.0089
vn -0.0053 1.0000 -0.0080
vn -0.0068 1.0000 -0.0068
vn -0.0080 1.0000 -0.0053
vn -0.0089 1.0000 -0.0037
vn -0.0094 1.0000 -0.0019
vn -0.0096 1.0000 -0.0000
vn -0.0094 1.0000 0.0019
vn -0.0089 1.0000 0.0037
vn -0.0080 1.0000 0.0053
vn -0.0068 1.0000 0.0068
vn -0.0053 1.0000 0.0080
vn -0.0037 1.0000 0.0089
vn -0.0019 1.0000 0.0094
vn -0.0000 1.0000 0.0096
vn 0.0019 1.0000 0.0094
vn 0.0037 1.0000 0.0088
vn 0.0053 1.0000 0.0080
vn 0.0068 1.0000 0.0068
vn 0.0080 1.0000 0.0053
vn 0.0089 1.0000 0.0037
vn 0.0094 1.0000 0.0019
vn 0.4063 0.9102 -0.0808
vn 0.4143 0.9102 -0.0000
vn 0.3827 0.9102 -0.1585
vn 0.3445 0.9102 -0.2302
vn 0.2929 0.9102 -0.2929
vn 0.2302 0.9102 -0.3445
vn 0.1585 0.9102 -0.3827
vn 0.0808 0.9102 -0.4063
vn -0.0000 0.9101 -0.4143
vn -0.0808 0.9101 -0.4063
vn -0.1585 0.9102 -0.3827
vn -0.2302 0.9102 -0.3445
vn -0.2929 0.9102 -0.2929
vn -0.3445 0.9102 -0.2302
vn -0.3827 0.9102 -0.1585
vn -0.4063 0.9102 -0.0808
vn -0.4143 0.9102 -0.0000
vn -0.4063 0.9102 0.0808
vn -0.3827 0.9102 0.1585
vn -0.3445 0.9102 0.2302
vn -0.2929 0.9102 0.2929
vn -0.2302 0.9102 0.3445
vn -0.1585 0.9102 0.3827
vn -0.0808 0.9102 0.4063
vn -0.0000 0.9102 0.4143
vn 0.0808 0.9102 0.4063
vn 0.1585 0.9102 0.3827
vn 0.2302 0.9102 0.3445
vn 0.2929 0.9102 0.2929
vn 0.3445 0.9102 0.2302
vn 0.3827 0.9102 0.1585
vn 0.4063 0.9102 0.0808
vn 0.8422 0.5124 -0.1675
vn 0.8587 0.5124 -0.0000
vn 0.7934 0.5124 -0.3286
vn 0.7140 0.5124 -0.4771
vn 0.6072 0.5124 -0.6072
vn 0.4771 0.5124 -0.7140
vn 0.3286 0.5124 -0.7934
vn 0.1675 0.5124 -0.8422
vn -0.0000 0.5124 -0.8587
vn -0.1675 0.5124 -0.8422
vn -0.3286 0.5124 -0.7934
vn -0.4771 0.5124 -0.7140
vn -0.6072 0.5124 -0.6072
vn -0.7140 0.5124 -0.4771
vn -0.7934 0.5124 -0.3286
vn -0.8422 0.5124 -0.1675
vn -0.8587 0.5124 -0.0000
vn -0.8422 0.5124 0.1675
vn -0.7934 0.5124 0.3286
vn -0.7140 0.5124 0.4771
vn -0.6072 0.5124 0.6072
vn -0.4771 0.5124 0.7140
vn -0.3286 0.5124 0.7934
vn -0.1675 0.5124 0.8422
vn -0.0000 0.5124 0.8587
vn 0.1675 0.5124 0.8422
vn 0.3286 0.5124 0.7934
vn 0.4771 0.5124 0.7140
vn 0.6072 0.5124 0.6072
vn 0.7140 0.5124 0.4771
vn 0.7934 0.5124 0.3286
vn 0.8422 0.5124 0.1675
vn 0.9162 0.3570 -0.1822
vn 0.9341 0.3570 -0.0000
vn 0.8630 0.3570 -0.3575
vn 0.7767 0.3570 -0.5190
vn 0.6605 0.3570 -0.6605
vn 0.5190 0.3570 -0.7767
vn 0.3575 0.3570 -0.8630
vn 0.1822 0.3570 -0.9162
vn -0.0000 0.3570 -0.9341
vn -0.1822 0.3570 -0.9162
vn -0.3575 0.3570 -0.8630
vn -0.5190 0.3570 -0.7767
vn -0.6605 0.3570 -0.6605
vn -0.7767 0.3570 -0.5190
vn -0.8630 0.3570 -0.3575
vn -0.9162 0.3570 -0.1822
vn -0.9341 0.3570 -0.0000
vn -0.9162 0.3570 0.1822
vn -0.8630 0.3570 0.3575
vn -0.7767 0.3570 0.5190
vn -0.6605 0.3570 0.6605
vn -0.5190 0.3570 0.7767
vn -0.3575 0.3570 0.8630
vn -0.1822 0.3570 0.9162
vn -0.0000 0.3570 0.9341
vn 0.1822 0.3570 0.9162
vn 0.3575 0.3570 0.8630
vn 0.5190 0.3570 0.7767
vn 0.6605 0.3570 0.6605
vn 0.7767 0.3570 0.5190
vn 0.8630 0.3570 0.3575
vn 0.9162 0.3570 0.1822
vn 0.9368 0.2961 -0.1863
vn 0.9552 0.2961 -0.0000
vn 0.8825 0.2961 -0.3655
vn 0.7942 0.2961 -0.5307
vn 0.6754 0.2961 -0.6754
vn 0.5307 0.2961 -0.7942
vn 0.3655 0.2961 -0.8825
vn 0.1863 0.2961 -0.9368
vn -0.0000 0.2961 -0.9552
vn -0.1863 0.2961 -0.9368
vn -0.3655 0.2961 -0.8825
vn -0.5307 0.2961 -0.7942
vn -0.6754 0.2961 -0.6754
vn -0.7942 0.2961 -0.5307
vn -0.8825 0.2961 -0.3655
vn -0.9368 0.2961 -0.1863
vn -0.9552 0.2961 -0.0000
vn -0.9368 0.2961 0.1863
vn -0.8825 0.2961 0.3655
vn -0.7942 0.2961 0.5307
vn -0.6754 0.2961 0.6754
vn -0.5307 0.2961 0.7942
vn -0.3655 0.2961 0.8825
vn -0.1863 0.2961 0.9368
vn -0.0000 0.2961 0.9552
vn 0.1863 0.2961 0.9368
vn 0.3655 0.2961 0.8825
vn 0.5307 0.2961 0.7942
vn 0.6754 0.2961 0.6754
vn 0.7942 0.2961 0.5307
vn 0.8825 0.2961 0.3655
vn 0.9368 0.2961 0.1863
vn 0.9493 0.2514 -0.1888
vn 0.9679 0.2514 -0.0000
vn 0.8942 0.2514 -0.3704
vn 0.8048 0.2514 -0.5377
vn 0.6844 0.2514 -0.6844
vn 0.5377 0.2514 -0.8048
vn 0.3704 0.2514 -0.8942
vn 0.1888 0.2514 -0.9493
vn -0.0000 0.2514 -0.9679
vn -0.1888 0.2514 -0.9493
vn -0.3704 0.2514 -0.8942
vn -0.5377 0.2514 -0.8048
vn -0.6844 0.2514 -0.6844
vn -0.8048 0.2514 -0.5377
vn -0.8942 0.2514 -0.3704
vn -0.9493 0.2514 -0.1888
vn -0.9679 0.2514 -0.0000
vn -0.9493 0.2514 0.1888
vn -0.8942 0.2514 0.3704
vn -0.8048 0.2514 0.5377
vn -0.6844 0.2514 0.6844
vn -0.5377 0.2514 0.8048
vn -0.3704 0.2514 0.8942
vn -0.1888 0.2514 0.9493
vn -0.0000 0.2514 0.9679
vn 0.1888 0.2514 0.9493
vn 0.3704 0.2514 0.8942
vn 0.5377 0.2514 0.8048
vn 0.6844 0.2514 0.6844
vn 0.8048 0.2514 0.5377
vn 0.8942 0.2514 0.3704
vn 0.9493 0.2514 0.1888
vn 0.9590 0.2096 -0.1908
vn 0.9778 0.2096 -0.0000
vn 0.9033 0.2096 -0.3742
vn 0.8130 0.2096 -0.5432
vn 0.6914 0.2096 -0.6914
vn 0.5432 0.2096 -0.8130
vn 0.3742 0.2096 -0.9033
vn 0.1908 0.2096 -0.9590
vn -0.0000 0.2096 -0.9778
vn -0.1908 0.2096 -0.9590
vn -0.3742 0.2096 -0.9033
vn -0.5432 0.2096 -0.8130
vn -0.6914 0.2096 -0.6914
vn -0.8130 0.2096 -0.5432
vn -0.9033 0.2096 -0.3742
vn -0.9590 0.2096 -0.1908
vn -0.9778 0.2096 -0.0000
vn -0.9590 0.2096 0.1908
vn -0.9033 0.2096 0.3742
vn -0.8130 0.2096 0.5432
vn -0.6914 0.2096 0.6914
vn -0.5432 0.2096 0.8130
vn -0.3742 0.2096 0.9033
vn -0.1908 0.2096 0.9590
vn -0.0000 0.2096 0.9778
vn 0.1908 0.2096 0.9590
vn 0.3742 0.2096 0.9033
vn 0.5432 0.2096 0.8130
vn 0.6914 0.2096 0.6914
vn 0.8130 0.2096 0.5432
vn 0.9033 0.2096 0.3742
vn 0.9590 0.2096 0.1908
vn 0.9672 0.1659 -0.1924
vn 0.9861 0.1659 -0.0000
vn 0.9111 0.1659 -0.3774
vn 0.8199 0.1659 -0.5479
vn 0.6973 0.1659 -0.6973
vn 0.5479 0.1659 -0.8199
vn 0.3774 0.1659 -0.9111
vn 0.1924 0.1659 -0.9672
vn -0.0000 0.1659 -0.9861
vn -0.1924 0.1659 -0.9672
vn -0.3774 0.1659 -0.9111
vn -0.5479 0.1659 -0.8199
vn -0.6973 0.1659 -0.6973
vn -0.8199 0.1659 -0.5479
vn -0.9111 0.1659 -0.3774
vn -0.9672 0.1659 -0.1924
vn -0.9861 0.1659 -0.0000
vn -0.9672 0.1659 0.1924
vn -0.9111 0.1659 0.3774
vn -0.8199 0.1659 0.5479
vn -0.6973 0.1659 0.6973
vn -0.5479 0.1659 0.8199
vn -0.3774 0.1659 0.9111
vn -0.1924 0.1659 0.9672
vn -0.0000 0.1659 0.9861
vn 0.1924 0.1659 0.9672
vn 0.3774 0.1659 0.9111
vn 0.5479 0.1659 0.8199
vn 0.6973 0.1659 0.6973
vn 0.8199 0.1659 0.5479
vn 0.9111 0.1659 0.3774
vn 0.9672 0.1659 0.1924
vn 0.9740 0.1170 -0.1937
vn 0.9931 0.1170 -0.0000
vn 0.9175 0.1170 -0.3801
vn 0.8258 0.1170 -0.5518
vn 0.7022 0.1170 -0.7022
vn 0.5518 0.1170 -0.8258
vn 0.3801 0.1170 -0.9175
vn 0.1938 0.1170 -0.9740
vn -0.0000 0.1170 -0.9931
vn -0.1937 0.1170 -0.9740
vn -0.3801 0.1170 -0.9175
vn -0.5518 0.1170 -0.8258
vn -0.7022 0.1170 -0.7022
vn -0.8258 0.1170 -0.5518
vn -0.9175 0.1170 -0.3801
vn -0.9740 0.1170 -0.1938
vn -0.9931 0.1170 -0.0000
vn -0.9740 0.1170 0.1937
vn -0.9175 0.1170 0.3801
vn -0.8258 0.1170 0.5518
vn -0.7022 0.1170 0.7022
vn -0.5518 0.1170 0.8258
vn -0.3801 0.1170 0.9175
vn -0.1938 0.1170 0.9740
vn -0.0000 0.1170 0.9931
vn 0.1937 0.1170 0.9740
vn 0.3801 0.1170 0.9175
vn 0.5518 0.1170 0.8258
vn 0.7022 0.1170 0.7022
vn 0.8258 0.1170 0.5518
vn 0.9175 0.1170 0.3801
vn 0.9740 0.1170 0.1938
vn 0.9790 0.0601 -0.1947
vn 0.9982 0.0601 -0.0000
vn 0.9222 0.0601 -0.3820
vn 0.8300 0.0601 -0.5546
vn 0.7058 0.0601 -0.7058
vn 0.5546 0.0601 -0.8300
vn 0.3820 0.0601 -0.9222
vn 0.1947 0.0601 -0.9790
vn -0.0000 0.0601 -0.9982
vn -0.1947 0.0601 -0.9790
vn -0.3820 0.0601 -0.9222
vn -0.5546 0.0601 -0.8300
vn -0.7058 0.0601 -0.7058
vn -0.8300 0.0601 -0.5546
vn -0.9222 0.0601 -0.3820
vn -0.9790 0.0601 -0.1947
vn -0.9982 0.0601 -0.0000
vn -0.9790 0.0601 0.1947
vn -0.9222 0.0601 0.3820
vn -0.8300 0.0601 0.5546
vn -0.7058 0.0601 0.7058
vn -0.5546 0.0601 0.8300
vn -0.3820 0.0601 0.9222
vn -0.1947 0.0601 0.9790
vn -0.0000 0.0601 0.9982
vn 0.1947 0.0601 0.9790
vn 0.3820 0.0601 0.9222
vn 0.5546 0.0601 0.8300
vn 0.7058 0.0601 0.7058
vn 0.8300 0.0601 0.5546
vn 0.9222 0.0601 0.3820
vn 0.9790 0.0601 0.1947
vn 0.9808 -0.0080 -0.1951
vn 1.0000 -0.0080 -0.0000
vn 0.9239 -0.0080 -0.3827
vn 0.8314 -0.0080 -0.5556
vn 0.7071 -0.0080 -0.7071
vn 0.5556 -0.0080 -0.8314
vn 0.3827 -0.0080 -0.9238
vn 0.1951 -0.0080 -0.9808
vn -0.0000 -0.0080 -1.0000
vn -0.1951 -0.0080 -0.9808
vn -0.3827 -0.0080 -0.9239
vn -0.5556 -0.0080 -0.8314
vn -0.7071 -0.0080 -0.7071
vn -0.8314 -0.0080 -0.5556
vn -0.9238 -0.0080 -0.3827
vn -0.9808 -0.0080 -0.1951
vn -1.0000 -0.0080 -0.0000
vn -0.9808 -0.0080 0.1951
vn -0.9239 -0.0080 0.3827
vn -0.8314 -0.0080 0.5556
vn -0.7071 -0.0080 0.7071
vn -0.5556 -0.0080 0.8314
vn -0.3827 -0.0080 0.9238
vn -0.1951 -0.0080 0.9808
vn -0.0000 -0.0080 1.0000
vn 0.1951 -0.0080 0.9808
vn 0.3827 -0.0080 0.9239
vn 0.5556 -0.0080 0.8314
vn 0.7071 -0.0080 0.7071
vn 0.8314 -0.0080 0.5556
vn 0.9238 -0.0080 0.3827
vn 0.9808 -0.0080 0.1951
vn 0.9767 -0.0910 -0.1943
vn 0.9959 -0.0910 -0.0000
vn 0.9200 -0.0910 -0.3811
vn 0.8280 -0.0910 -0.5533
vn 0.7042 -0.0910 -0.7042
vn 0.5533 -0.0910 -0.8280
vn 0.3811 -0.0910 -0.9200
vn 0.1943 -0.0910 -0.9767
vn -0.0000 -0.0910 -0.9959
vn -0.1943 -0.0910 -0.9767
vn -0.3811 -0.0910 -0.9200
vn -0.5533 -0.0910 -0.8280
vn -0.7042 -0.0910 -0.7042
vn -0.8280 -0.0910 -0.5533
vn -0.9200 -0.0910 -0.3811
vn -0.9767 -0.0910 -0.1943
vn -0.9959 -0.0910 -0.0000
vn -0.9767 -0.0910 0.1943
vn -0.9200 -0.0910 0.3811
vn -0.8280 -0.0910 0.5533
vn -0.7042 -0.0910 0.7042
vn -0.5533 -0.0910 0.8280
vn -0.3811 -0.0910 0.9200
vn -0.1943 -0.0910 0.9767
vn -0.0000 -0.0910 0.9959
vn 0.1943 -0.0910 0.9767
vn 0.3811 -0.0910 0.9200
vn 0.5533 -0.0910 0.8280
vn 0.7042 -0.0910 0.7042
vn 0.8280 -0.0910 0.5533
vn 0.9200 -0.0910 0.3811
vn 0.9767 -0.0910 0.1943
vn 0.9624 -0.1929 -0.1914
vn 0.9812 -0.1929 -0.0000
vn 0.9065 -0.1929 -0.3755
vn 0.8158 -0.1929 -0.5451
vn 0.6938 -0.1929 -0.6938
vn 0.5451 -0.1929 -0.8158
vn 0.3755 -0.1929 -0.9065
vn 0.1914 -0.1929 -0.9624
vn -0.0000 -0.1929 -0.9812
vn -0.1914 -0.1929 -0.9624
vn -0.3755 -0.1929 -0.9065
vn -0.5451 -0.1929 -0.8158
vn -0.6938 -0.1929 -0.6938
vn -0.8158 -0.1929 -0.5451
vn -0.9065 -0.1929 -0.3755
vn -0.9624 -0.1929 -0.1914
vn -0.9812 -0.1929 -0.0000
vn -0.9624 -0.1929 0.1914
vn -0.9065 -0.1929 0.3755
vn -0.8158 -0.1929 0.5451
vn -0.6938 -0.1929 0.6938
vn -0.5451 -0.1929 0.8158
vn -0.3755 -0.1929 0.9065
vn -0.1914 -0.1929 0.9624
vn -0.0000 -0.1929 0.9812
vn 0.1914 -0.1929 0.9624
vn 0.3755 -0.1929 0.9065
vn 0.5451 -0.1929 0.8158
vn 0.6938 -0.1929 0.6938
vn 0.8158 -0.1929 0.5451
vn 0.9065 -0.1929 0.3755
vn 0.9624 -0.1929 0.1914
vn 0.5769 -0.8087 -0.1148
vn 0.5882 -0.8087 -0.0000
vn 0.5435 -0.8087 -0.2251
vn 0.4891 -0.8087 -0.3268
vn 0.4160 -0.8087 -0.4160
vn 0.3268 -0.8087 -0.4891
vn 0.2251 -0.8087 -0.5435
vn 0.1148 -0.8087 -0.5770
vn -0.0000 -0.8087 -0.5882
vn -0.1148 -0.8087 -0.5769
vn -0.2251 -0.8087 -0.5435
vn -0.3268 -0.8087 -0.4891
vn -0.4160 -0.8087 -0.4160
vn -0.4891 -0.8087 -0.3268
vn -0.5435 -0.8087 -0.2251
vn -0.5769 -0.8087 -0.1148
vn -0.5882 -0.8087 -0.0000
vn -0.5769 -0.8087 0.1148
vn -0.5435 -0.8087 0.2251
vn -0.4891 -0.8087 0.3268
vn -0.4160 -0.8087 0.4160
vn -0.3268 -0.8087 0.4891
vn -0.2251 -0.8087 0.5435
vn -0.1148 -0.8087 0.5770
vn -0.0000 -0.8087 0.5882
vn 0.1148 -0.8087 0.5769
vn 0.2251 -0.8087 0.5435
vn 0.3268 -0.8087 0.4891
vn 0.4160 -0.8087 0.4160
vn 0.4891 -0.8087 0.3268
vn 0.5435 -0.8087 0.2251
vn 0.5769 -0.8087 0.1148
vn -0.0000 -1.0000 -0.0000
vn 0.0685 -0.9976 -0.0136
vn 0.0699 -0.9976 -0.0000
vn 0.0646 -0.9976 -0.0267
vn 0.0581 -0.9976 -0.0388
vn 0.0494 -0.9976 -0.0494
vn 0.0388 -0.9976 -0.0581
vn 0.0267 -0.9976 -0.0646
vn 0.0136 -0.9976 -0.0685
vn -0.0000 -0.9976 -0.0699
vn -0.0136 -0.9976 -0.0686
vn -0.0267 -0.9976 -0.0646
vn -0.0388 -0.9976 -0.0581
vn -0.0494 -0.9976 -0.0494
vn -0.0581 -0.9976 -0.0388
vn -0.0646 -0.9976 -0.0267
vn -0.0685 -0.9976 -0.0136
vn -0.0699 -0.9976 -0.0000
vn -0.0685 -0.9976 0.0136
vn -0.0646 -0.9976 0.0267
vn -0.0581 -0.9976 0.0388
vn -0.0494 -0.9976 0.0494
vn -0.0388 -0.9976 0.0581
vn -0.0267 -0.9976 0.0646
vn -0.0136 -0.9976 0.0685
vn -0.0000 -0.9976 0.0699
vn 0.0136 -0.9976 0.0685
vn 0.0267 -0.9976 0.0646
vn 0.0388 -0.9976 0.0581
vn 0.0494 -0.9976 0.0494
vn 0.0581 -0.9976 0.0388
vn 0.0646 -0.9976 0.0267
vn 0.0685 -0.9976 0.0136
vn 0.2756 -0.9597 -0.0548
vn 0.2810 -0.9597 -0.0000
vn 0.2597 -0.9597 -0.1076
vn 0.2337 -0.9597 -0.1561
vn 0.1987 -0.9597 -0.1987
vn 0.1561 -0.9597 -0.2337
vn 0.1076 -0.9597 -0.2596
vn 0.0548 -0.9597 -0.2756
vn -0.0000 -0.9597 -0.2810
vn -0.0548 -0.9597 -0.2757
vn -0.1076 -0.9597 -0.2597
vn -0.1561 -0.9597 -0.2337
vn -0.1987 -0.9597 -0.1987
vn -0.2337 -0.9597 -0.1561
vn -0.2597 -0.9597 -0.1076
vn -0.2756 -0.9597 -0.0548
vn -0.2810 -0.9597 -0.0000
vn -0.2756 -0.9597 0.0548
vn -0.2597 -0.9597 0.1076
vn -0.2337 -0.9597 0.1561
vn -0.1987 -0.9597 0.1987
vn -0.1561 -0.9597 0.2337
vn -0.1076 -0.9597 0.2597
vn -0.0548 -0.9597 0.2757
vn -0.0000 -0.9597 0.2810
vn 0.0548 -0.9597 0.2756
vn 0.1076 -0.9597 0.2597
vn 0.1561 -0.9597 0.2337
vn 0.1987 -0.9597 0.1987
vn 0.2337 -0.9597 0.1561
vn 0.2597 -0.9597 0.1076
vn 0.2756 -0.9597 0.0548
vn 0.5341 -0.8387 -0.1062
vn 0.5446 -0.8387 -0.0000
vn 0.5031 -0.8387 -0.2084
vn 0.4528 -0.8387 -0.3025
vn 0.3851 -0.8387 -0.3851
vn 0.3026 -0.8387 -0.4528
vn 0.2084 -0.8387 -0.5031
vn 0.1062 -0.8387 -0.5341
vn -0.0000 -0.8387 -0.5446
vn -0.1062 -0.8387 -0.5341
vn -0.2084 -0.8387 -0.5031
vn -0.3026 -0.8387 -0.4528
vn -0.3851 -0.8387 -0.3851
vn -0.4528 -0.8387 -0.3025
vn -0.5031 -0.8387 -0.2084
vn -0.5341 -0.8387 -0.1062
vn -0.5446 -0.8387 -0.0000
vn -0.5341 -0.8387 0.1062
vn -0.5031 -0.8387 0.2084
vn -0.4528 -0.8387 0.3025
vn -0.3851 -0.8387 0.3851
vn -0.3026 -0.8387 0.4528
vn -0.2084 -0.8387 0.5031
vn -0.1062 -0.8387 0.5341
vn -0.0000 -0.8387 0.5446
vn 0.1062 -0.8387 0.5341
vn 0.2084 -0.8387 0.5031
vn 0.3026 -0.8387 0.4528
vn 0.3851 -0.8387 0.3851
vn 0.4528 -0.8387 0.3025
vn 0.5031 -0.8387 0.2084
vn 0.5341 -0.8387 0.1062
vn 0.7424 -0.6535 -0.1477
vn 0.7570 -0.6535 -0.0000
vn 0.6993 -0.6535 -0.2897
vn 0.6294 -0.6535 -0.4205
vn 0.5353 -0.6535 -0.5353
vn 0.4205 -0.6535 -0.6294
vn 0.2897 -0.6535 -0.6993
vn 0.1477 -0.6535 -0.7424
vn -0.0000 -0.6535 -0.7570
vn -0.1477 -0.6535 -0.7424
vn -0.2897 -0.6535 -0.6993
vn -0.4205 -0.6535 -0.6294
vn -0.5353 -0.6535 -0.5353
vn -0.6294 -0.6535 -0.4205
vn -0.6993 -0.6535 -0.2897
vn -0.7424 -0.6535 -0.1477
vn -0.7570 -0.6535 -0.0000
vn -0.7424 -0.6535 0.1477
vn -0.6993 -0.6535 0.2897
vn -0.6294 -0.6535 0.4205
vn -0.5353 -0.6535 0.5353
vn -0.4205 -0.6535 0.6294
vn -0.2897 -0.6535 0.6993
vn -0.1477 -0.6535 0.7424
vn -0.0000 -0.6535 0.7570
vn 0.1477 -0.6535 0.7424
vn 0.2897 -0.6535 0.6993
vn 0.4205 -0.6535 0.6294
vn 0.5353 -0.6535 0.5353
vn 0.6294 -0.6535 0.4205
vn 0.6993 -0.6535 0.2897
vn 0.7424 -0.6535 0.1477
vn 0.8816 -0.4382 -0.1754
vn 0.8989 -0.4382 -0.0000
vn 0.8305 -0.4382 -0.3440
vn 0.7474 -0.4382 -0.4994
vn 0.6356 -0.4382 -0.6356
vn 0.4994 -0.4382 -0.7474
vn 0.3440 -0.4382 -0.8305
vn 0.1754 -0.4382 -0.8816
vn -0.0000 -0.4382 -0.8989
vn -0.1754 -0.4382 -0.8816
vn -0.3440 -0.4382 -0.8305
vn -0.4994 -0.4382 -0.7474
vn -0.6356 -0.4382 -0.6356
vn -0.7474 -0.4382 -0.4994
vn -0.8305 -0.4382 -0.3440
vn -0.8816 -0.4382 -0.1754
vn -0.8989 -0.4382 -0.0000
vn -0.8816 -0.4382 0.1754
vn -0.8305 -0.4382 0.3440
vn -0.7474 -0.4382 0.4994
vn -0.6356 -0.4382 0.6356
vn -0.4994 -0.4382 0.7474
vn -0.3440 -0.4382 0.8305
vn -0.1754 -0.4382 0.8816
vn -0.0000 -0.4382 0.8989
vn 0.1754 -0.4382 0.8816
vn 0.3440 -0.4382 0.8305
vn 0.4994 -0.4382 0.7474
vn 0.6356 -0.4382 0.6356
vn 0.7474 -0.4382 0.4994
vn 0.8305 -0.4382 0.3440
vn 0.8816 -0.4382 0.1754
vn 0.9572 -0.2178 -0.1904
vn 0.9760 -0.2178 -0.0000
vn 0.9017 -0.2178 -0.3735
vn 0.8115 -0.2178 -0.5422
vn 0.6901 -0.2178 -0.6901
vn 0.5422 -0.2178 -0.8115
vn 0.3735 -0.2178 -0.9017
vn 0.1904 -0.2178 -0.9572
vn -0.0000 -0.2178 -0.9760
vn -0.1904 -0.2178 -0.9572
vn -0.3735 -0.2178 -0.9017
vn -0.5422 -0.2178 -0.8115
vn -0.6901 -0.2178 -0.6901
vn -0.8115 -0.2178 -0.5422
vn -0.9017 -0.2178 -0.3735
vn -0.9572 -0.2178 -0.1904
vn -0.9760 -0.2178 -0.0000
vn -0.9572 -0.2178 0.1904
vn -0.9017 -0.2178 0.3735
vn -0.8115 -0.2178 0.5422
vn -0.6901 -0.2178 0.6901
vn -0.5422 -0.2178 0.8115
vn -0.3735 -0.2178 0.9017
vn -0.1904 -0.2178 0.9572
vn -0.0000 -0.2178 0.9760
vn 0.1904 -0.2178 0.9572
vn 0.3735 -0.2178 0.9017
vn 0.5422 -0.2178 0.8115
vn 0.6901 -0.2178 0.6901
vn 0.8115 -0.2178 0.5422
vn 0.9017 -0.2178 0.3735
vn 0.9572 -0.2178 0.1904
vn 0.9808 -0.0000 -0.1951
vn 1.0000 -0.0000 -0.0000
vn 0.9239 -0.0000 -0.3827
vn 0.8315 -0.0000 -0.5556
vn 0.7071 -0.0000 -0.7071
vn 0.5556 -0.0000 -0.8315
vn 0.3827 -0.0000 -0.9239
vn 0.1951 -0.0000 -0.9808
vn -0.0000 -0.0000 -1.0000
vn -0.1951 -0.0000 -0.9808
vn -0.3827 -0.0000 -0.9239
vn -0.5556 -0.0000 -0.8315
vn -0.7071 -0.0000 -0.7071
vn -0.8315 -0.0000 -0.5556
vn -0.9239 -0.0000 -0.3827
vn -0.9808 -0.0000 -0.1951
vn -1.0000 -0.0000 -0.0000
vn -0.9808 -0.0000 0.1951
vn -0.9239 -0.0000 0.3827
vn -0.8315 -0.0000 0.5556
vn -0.7071 -0.0000 0.7071
vn -0.5556 -0.0000 0.8315
vn -0.3827 -0.0000 0.9239
vn -0.1951 -0.0000 0.9808
vn -0.0000 -0.0000 1.0000
vn 0.1951 -0.0000 0.9808
vn 0.3827 -0.0000 0.9239
vn 0.5556 -0.0000 0.8315
vn 0.7071 -0.0000 0.7071
vn 0.8315 -0.0000 0.5556
vn 0.9239 -0.0000 0.3827
vn 0.9808 -0.0000 0.1951
vn 0.9572 0.2178 -0.1904
vn 0.9760 0.2178 -0.0000
vn 0.9017 0.2178 -0.3735
vn 0.8115 0.2178 -0.5422
vn 0.6901 0.2178 -0.6901
vn 0.5422 0.2178 -0.8115
vn 0.3735 0.2178 -0.9017
vn 0.1904 0.2178 -0.9572
vn -0.0000 0.2178 -0.9760
vn -0.1904 0.2178 -0.9572
vn -0.3735 0.2178 -0.9017
vn -0.5422 0.2178 -0.8115
vn -0.6901 0.2178 -0.6901
vn -0.8115 0.2178 -0.5422
vn -0.9017 0.2178 -0.3735
vn -0.9572 0.2178 -0.1904
vn -0.9760 0.2178 -0.0000
vn -0.9572 0.2178 0.1904
vn -0.9017 0.2178 0.3735
vn -0.8115 0.2178 0.5422
vn -0.6901 0.2178 0.6901
vn -0.5422 0.2178 0.8115
vn -0.3735 0.2178 0.9017
vn -0.1904 0.2178 0.9572
vn -0.0000 0.2178 0.9760
vn 0.1904 0.2178 0.9572
vn 0.3735 0.2178 0.9017
vn 0.5422 0.2178 0.8115
vn 0.6901 0.2178 0.6901
vn 0.8115 0.2178 0.5422
vn 0.9017 0.2178 0.3735
vn 0.9572 0.2178 0.1904
vn 0.8816 0.4382 -0.1754
vn 0.8989 0.4382 -0.0000
vn 0.8305 0.4382 -0.3440
vn 0.7474 0.4382 -0.4994
vn 0.6356 0.4382 -0.6356
vn 0.4994 0.4382 -0.7474
vn 0.3440 0.4382 -0.8305
vn 0.1754 0.4382 -0.8816
vn -0.0000 0.4382 -0.8989
vn -0.1754 0.4382 -0.8816
vn -0.3440 0.4382 -0.8305
vn -0.4994 0.4382 -0.7474
vn -0.6356 0.4382 -0.6356
vn -0.7474 0.4382 -0.4994
vn -0.8305 0.4382 -0.3440
vn -0.8816 0.4382 -0.1754
vn -0.8989 0.4382 -0.0000
vn -0.8816 0.4382 0.1754
vn -0.8305 0.4382 0.3440
vn -0.7474 0.4382 0.4994
vn -0.6356 0.4382 0.6356
vn -0.4994 0.4382 0.7474
vn -0.3440 0.4382 0.8305
vn -0.1754 0.4382 0.8816
vn -0.0000 0.4382 0.8989
vn 0.1754 0.4382 0.8816
vn 0.3440 0.4382 0.8305
vn 0.4994 0.4382 0.7474
vn 0.6356 0.4382 0.6356
vn 0.7474 0.4382 0.4994
vn 0.8305 0.4382 0.3440
vn 0.8816 0.4382 0.1754
vn 0.7424 0.6535 -0.1477
vn 0.7570 0.6535 -0.0000
vn 0.6993 0.6535 -0.2897
vn 0.6294 0.6535 -0.4205
vn 0.5353 0.6535 -0.5353
vn 0.4205 0.6535 -0.6294
vn 0.2897 0.6535 -0.6993
vn 0.1477 0.6535 -0.7424
vn -0.0000 0.6535 -0.7570
vn -0.1477 0.6535 -0.7424
vn -0.2897 0.6535 -0.6993
vn -0.4205 0.6535 -0.6294
vn -0.5353 0.6535 -0.5353
vn -0.6294 0.6535 -0.4205
vn -0.6993 0.6535 -0.2897
vn -0.7424 0.6535 -0.1477
vn -0.7570 0.6535 -0.0000
vn -0.7424 0.6535 0.1477
vn -0.6993 0.6535 0.2897
vn -0.6294 0.6535 0.4205
vn -0.5353 0.6535 0.5353
vn -0.4205 0.6535 0.6294
vn -0.2897 0.6535 0.6993
vn -0.1477 0.6535 0.7424
vn -0.0000 0.6535 0.7570
vn 0.1477 0.6535 0.7424
vn 0.2897 0.6535 0.6993
vn 0.4205 0.6535 0.6294
vn 0.5353 0.6535 0.5353
vn 0.6294 0.6535 0.4205
vn 0.6993 0.6535 0.2897
vn 0.7424 0.6535 0.1477
vn 0.5341 0.8387 -0.1062
vn 0.5446 0.8387 -0.0000
vn 0.5031 0.8387 -0.2084
vn 0.4528 0.8387 -0.3026
vn 0.3851 0.8387 -0.3851
vn 0.3026 0.8387 -0.4528
vn 0.2084 0.8387 -0.5031
vn 0.1062 0.8387 -0.5341
vn -0.0000 0.8387 -0.5446
vn -0.1062 0.8387 -0.5341
vn -0.2084 0.8387 -0.5031
vn -0.3026 0.8387 -0.4528
vn -0.3851 0.8387 -0.3851
vn -0.4528 0.8387 -0.3026
vn -0.5031 0.8387 -0.2084
vn -0.5341 0.8387 -0.1062
vn -0.5446 0.8387 -0.0000
vn -0.5341 0.8387 0.1062
vn -0.5031 0.8387 0.2084
vn -0.4528 0.8387 0.3026
vn -0.3851 0.8387 0.3851
vn -0.3026 0.8387 0.4528
vn -0.2084 0.8387 0.5031
vn -0.1062 0.8387 0.5341
vn -0.0000 0.8387 0.5446
vn 0.1062 0.8387 0.5341
vn 0.2084 0.8387 0.5031
vn 0.3025 0.8387 0.4528
vn 0.3851 0.8387 0.3851
vn 0.4528 0.8387 0.3026
vn 0.5031 0.8387 0.2084
vn 0.5341 0.8387 0.1062
vn 0.2757 0.9597 -0.0548
vn 0.2811 0.9597 -0.0000
vn 0.2597 0.9597 -0.1076
vn 0.2337 0.9597 -0.1562
vn 0.1987 0.9597 -0.1987
vn 0.1561 0.9597 -0.2337
vn 0.1076 0.9597 -0.2597
vn 0.0548 0.9597 -0.2757
vn -0.0000 0.9597 -0.2811
vn -0.0548 0.9597 -0.2757
vn -0.1076 0.9597 -0.2597
vn -0.1561 0.9597 -0.2337
vn -0.1987 0.9597 -0.1987
vn -0.2337 0.9597 -0.1561
vn -0.2597 0.9597 -0.1076
vn -0.2757 0.9597 -0.0548
vn -0.2811 0.9597 -0.0000
vn -0.2757 0.9597 0.0548
vn -0.2597 0.9597 0.1076
vn -0.2337 0.9597 0.1562
vn -0.1987 0.9597 0.1987
vn -0.1561 0.9597 0.2337
vn -0.1076 0.9597 0.2597
vn -0.0548 0.9597 0.2757
vn -0.0000 0.9597 0.2811
vn 0.0548 0.9597 0.2757
vn 0.1076 0.9597 0.2597
vn 0.1561 0.9597 0.2337
vn 0.1987 0.9597 0.1987
vn 0.2337 0.9597 0.1561
vn 0.2597 0.9597 0.1076
vn 0.2757 0.9597 0.0548
vn 0.0686 0.9976 -0.0136
vn 0.0699 0.9976 -0.0000
vn 0.0646 0.9976 -0.0268
vn 0.0581 0.9976 -0.0388
vn 0.0494 0.9976 -0.0494
vn 0.0388 0.9976 -0.0581
vn 0.0268 0.9976 -0.0646
vn 0.0136 0.9976 -0.0686
vn -0.0000 0.9976 -0.0699
vn -0.0136 0.9976 -0.0685
vn -0.0267 0.9976 -0.0646
vn -0.0388 0.9976 -0.0581
vn -0.0494 0.9976 -0.0494
vn -0.0581 0.9976 -0.0388
vn -0.0646 0.9976 -0.0267
vn -0.0686 0.9976 -0.0136
vn -0.0699 0.9976 -0.0000
vn -0.0686 0.9976 0.0136
vn -0.0646 0.9976 0.0267
vn -0.0581 0.9976 0.0388
vn -0.0494 0.9976 0.0494
vn -0.0388 0.9976 0.0581
vn -0.0267 0.9976 0.0646
vn -0.0136 0.9976 0.0686
vn -0.0000 0.9976 0.0699
vn 0.0136 0.9976 0.0685
vn 0.0267 0.9976 0.0646
vn 0.0388 0.9976 0.0581
vn 0.0494 0.9976 0.0494
vn 0.0581 0.9976 0.0388
vn 0.0646 0.9976 0.0267
vn 0.0686 0.9976 0.0136
vn -0.0000 1.0000 -0.0000
vn 0.6608 0.7389 -0.1315
vn 0.6738 0.7389 -0.0000
vn 0.6225 0.7389 -0.2578
vn 0.5602 0.7389 -0.3743
vn 0.4764 0.7389 -0.4764
vn 0.3743 0.7389 -0.5602
vn 0.2578 0.7389 -0.6225
vn 0.1314 0.7389 -0.6608
vn -0.0000 0.7390 -0.6738
vn -0.1314 0.7389 -0.6608
vn -0.2578 0.7389 -0.6225
vn -0.3743 0.7389 -0.5602
vn -0.4764 0.7389 -0.4764
vn -0.5602 0.7389 -0.3743
vn -0.6225 0.7389 -0.2578
vn -0.6608 0.7389 -0.1314
vn -0.6738 0.7389 -0.0000
vn -0.6608 0.7389 0.1315
vn -0.6225 0.7389 0.2578
vn -0.5602 0.7389 0.3743
vn -0.4764 0.7389 0.4764
vn -0.3743 0.7389 0.5602
vn -0.2578 0.7389 0.6225
vn -0.1314 0.7390 0.6608
vn -0.0000 0.7390 0.6738
vn 0.1314 0.7389 0.6608
vn 0.2578 0.7389 0.6225
vn 0.3743 0.7389 0.5602
vn 0.4764 0.7389 0.4764
vn 0.5602 0.7389 0.3743
vn 0.6225 0.7389 0.2578
vn 0.6608 0.7389 0.1314
vn 0.9806 0.0209 -0.1950
vn 0.9998 0.0209 -0.0000
vn 0.9237 0.0209 -0.3826
vn 0.8313 0.0209 -0.5555
vn 0.7070 0.0209 -0.7070
vn 0.5554 0.0209 -0.8313
vn 0.3826 0.0209 -0.9237
vn 0.1951 0.0209 -0.9806
vn -0.0000 0.0209 -0.9998
vn -0.1951 0.0209 -0.9806
vn -0.3826 0.0209 -0.9237
vn -0.5554 0.0209 -0.8313
vn -0.7069 0.0209 -0.7070
vn -0.8313 0.0209 -0.5555
vn -0.9237 0.0209 -0.3826
vn -0.9806 0.0209 -0.1950
vn -0.9998 0.0209 -0.0000
vn -0.9806 0.0209 0.1950
vn -0.9237 0.0209 0.3826
vn -0.8313 0.0209 0.5554
vn -0.7070 0.0209 0.7070
vn -0.5554 0.0209 0.8313
vn -0.3826 0.0209 0.9237
vn -0.1950 0.0209 0.9806
vn -0.0000 0.0209 0.9998
vn 0.1951 0.0209 0.9806
vn 0.3826 0.0209 0.9237
vn 0.5554 0.0209 0.8313
vn 0.7070 0.0209 0.7070
vn 0.8313 0.0209 0.5554
vn 0.9237 0.0209 0.3826
vn 0.9806 0.0209 0.1950
vn 0.9807 0.0110 -0.1951
vn 0.9999 0.0110 -0.0000
vn 0.9238 0.0110 -0.3827
vn 0.8314 0.0110 -0.5555
vn 0.7071 0.0110 -0.7071
vn 0.5555 0.0110 -0.8314
vn 0.3827 0.0110 -0.9238
vn 0.1951 0.0110 -0.9807
vn -0.0000 0.0110 -0.9999
vn -0.1951 0.0110 -0.9807
vn -0.3827 0.0110 -0.9238
vn -0.5555 0.0110 -0.8314
vn -0.7071 0.0110 -0.7071
vn -0.8314 0.0110 -0.5555
vn -0.9238 0.0110 -0.3827
vn -0.9807 0.0110 -0.1951
vn -0.9999 0.0110 -0.0000
vn -0.9807 0.0110 0.1951
vn -0.9238 0.0110 0.3827
vn -0.8314 0.0110 0.5555
vn -0.7071 0.0110 0.7071
vn -0.5555 0.0110 0.8314
vn -0.3827 0.0110 0.9238
vn -0.1951 0.0110 0.9807
vn -0.0000 0.0110 0.9999
vn 0.1951 0.0110 0.9807
vn 0.3827 0.0110 0.9238
vn 0.5555 0.0110 0.8314
vn 0.7071 0.0110 0.7071
vn 0.8314 0.0110 0.5555
vn 0.9238 0.0110 0.3827
vn 0.9807 0.0110 0.1951
vn 0.9808 0.0045 -0.1951
vn 1.0000 0.0045 -0.0000
vn 0.9239 0.0045 -0.3827
vn 0.8315 0.0045 -0.5556
vn 0.7071 0.0045 -0.7071
vn 0.5556 0.0045 -0.8315
vn 0.3827 0.0045 -0.9239
vn 0.1951 0.0045 -0.9808
vn -0.0000 0.0045 -1.0000
vn -0.1951 0.0045 -0.9808
vn -0.3827 0.0045 -0.9239
vn -0.5556 0.0045 -0.8315
vn -0.7071 0.0045 -0.7071
vn -0.8315 0.0045 -0.5556
vn -0.9239 0.0045 -0.3827
vn -0.9808 0.0045 -0.1951
vn -1.0000 0.0045 -0.0000
vn -0.9808 0.0045 0.1951
vn -0.9239 0.0045 0.3827
vn -0.8315 0.0045 0.5556
vn -0.7071 0.0045 0.7071
vn -0.5556 0.0045 0.8315
vn -0.3827 0.0045 0.9239
vn -0.1951 0.0045 0.9808
vn -0.0000 0.0045 1.0000
vn 0.1951 0.0045 0.9808
vn 0.3827 0.0045 0.9239
vn 0.5556 0.0045 0.8315
vn 0.7071 0.0045 0.7071
vn 0.8315 0.0045 0.5556
vn 0.9239 0.0045 0.3827
vn 0.9808 0.0045 0.1951
vn 0.9808 0.0002 -0.1951
vn 1.0000 0.0002 -0.0000
vn 0.9239 0.0002 -0.3827
vn 0.8315 0.0002 -0.5556
vn 0.7071 0.0002 -0.7071
vn 0.5556 0.0002 -0.8315
vn 0.3827 0.0002 -0.9239
vn 0.1951 0.0002 -0.9808
vn -0.0000 0.0002 -1.0000
vn -0.1951 0.0002 -0.9808
vn -0.3827 0.0002 -0.9239
vn -0.5556 0.0002 -0.8315
vn -0.7071 0.0002 -0.7071
vn -0.8315 0.0002 -0.5556
vn -0.9239 0.0002 -0.3827
vn -0.9808 0.0002 -0.1951
vn -1.0000 0.0002 -0.0000
vn -0.9808 0.0002 0.1951
vn -0.9239 0.0002 0.3827
vn -0.8315 0.0002 0.5556
vn -0.7071 0.0002 0.7071
vn -0.5556 0.0002 0.8315
vn -0.3827 0.0002 0.9239
vn -0.1951 0.0002 0.9808
vn -0.0000 0.0002 1.0000
vn 0.1951 0.0002 0.9808
vn 0.3827 0.0002 0.9239
vn 0.5556 0.0002 0.8315
vn 0.7071 0.0002 0.7071
vn 0.8315 0.0002 0.5556
vn 0.9239 0.0002 0.3827
vn 0.9808 0.0002 0.1951
vn 0.9808 -0.0027 -0.1951
vn 1.0000 -0.0027 -0.0000
vn 0.9239 -0.0027 -0.3827
vn 0.8315 -0.0027 -0.5556
vn 0.7071 -0.0027 -0.7071
vn 0.5556 -0.0027 -0.8315
vn 0.3827 -0.0027 -0.9239
vn 0.1951 -0.0027 -0.9808
vn -0.0000 -0.0027 -1.0000
vn -0.1951 -0.0027 -0.9808
vn -0.3827 -0.0027 -0.9239
vn -0.5556 -0.0027 -0.8315
vn -0.7071 -0.0027 -0.7071
vn -0.8315 -0.0027 -0.5556
vn -0.9239 -0.0027 -0.3827
vn -0.9808 -0.0027 -0.1951
vn -1.0000 -0.0027 -0.0000
vn -0.9808 -0.0027 0.1951
vn -0.9239 -0.0027 0.3827
vn -0.8315 -0.0027 0.5556
vn -0.7071 -0.0027 0.7071
vn -0.5556 -0.0027 0.8315
vn -0.3827 -0.0027 0.9239
vn -0.1951 -0.0027 0.9808
vn -0.0000 -0.0027 1.0000
vn 0.1951 -0.0027 0.9808
vn 0.3827 -0.0027 0.9239
vn 0.5556 -0.0027 0.8315
vn 0.7071 -0.0027 0.7071
vn 0.8315 -0.0027 0.5556
vn 0.9239 -0.0027 0.3827
vn 0.9808 -0.0027 0.1951
vn 0.9808 -0.0046 -0.1951
vn 1.0000 -0.0046 -0.0000
vn 0.9239 -0.0046 -0.3827
vn 0.8315 -0.0046 -0.5556
vn 0.7071 -0.0046 -0.7071
vn 0.5556 -0.0046 -0.8315
vn 0.3827 -0.0046 -0.9239
vn 0.1951 -0.0046 -0.9808
vn -0.0000 -0.0046 -1.0000
vn -0.1951 -0.0046 -0.9808
vn -0.3827 -0.0046 -0.9239
vn -0.5556 -0.0046 -0.8315
vn -0.7071 -0.0046 -0.7071
vn -0.8315 -0.0046 -0.5556
vn -0.9239 -0.0046 -0.3827
vn -0.9808 -0.0046 -0.1951
vn -1.0000 -0.0046 -0.0000
vn -0.9808 -0.0046 0.1951
vn -0.9239 -0.0046 0.3827
vn -0.8315 -0.0046 0.5556
vn -0.7071 -0.0046 0.7071
vn -0.5556 -0.0046 0.8315
vn -0.3827 -0.0046 0.9239
vn -0.1951 -0.0046 0.9808
vn -0.0000 -0.0046 1.0000
vn 0.1951 -0.0046 0.9808
vn 0.3827 -0.0046 0.9239
vn 0.5556 -0.0046 0.8315
vn 0.7071 -0.0046 0.7071
vn 0.8315 -0.0046 0.5556
vn 0.9239 -0.0046 0.3827
vn 0.9808 -0.0046 0.1951
vn 0.9808 -0.0056 -0.1951
vn 1.0000 -0.0056 -0.0000
vn 0.9239 -0.0056 -0.3827
vn 0.8315 -0.0056 -0.5556
vn 0.7071 -0.0056 -0.7071
vn 0.5556 -0.0056 -0.8315
vn 0.3827 -0.0056 -0.9239
vn 0.1951 -0.0056 -0.9808
vn -0.0000 -0.0056 -1.0000
vn -0.1951 -0.0056 -0.9808
vn -0.3827 -0.0056 -0.9239
vn -0.5556 -0.0056 -0.8315
vn -0.7071 -0.0056 -0.7071
vn -0.8315 -0.0056 -0.5556
vn -0.9239 -0.0056 -0.3827
vn -0.9808 -0.0056 -0.1951
vn -1.0000 -0.0056 -0.0000
vn -0.9808 -0.0056 0.1951
vn -0.9239 -0.0056 0.3827
vn -0.8315 -0.0056 0.5556
vn -0.7071 -0.0056 0.7071
vn -0.5556 -0.0056 0.8315
vn -0.3827 -0.0056 0.9239
vn -0.1951 -0.0056 0.9808
vn -0.0000 -0.0056 1.0000
vn 0.1951 -0.0056 0.9808
vn 0.3827 -0.0056 0.9239
vn 0.5556 -0.0056 0.8315
vn 0.7071 -0.0056 0.7071
vn 0.8315 -0.0056 0.5556
vn 0.9239 -0.0056 0.3827
vn 0.9808 -0.0056 0.1951
vn 0.9808 -0.0060 -0.1951
vn 1.0000 -0.0060 -0.0000
vn 0.9239 -0.0060 -0.3827
vn 0.8315 -0.0060 -0.5556
vn 0.7071 -0.0060 -0.7071
vn 0.5556 -0.0060 -0.8315
vn 0.3827 -0.0060 -0.9239
vn 0.1951 -0.0060 -0.9808
vn -0.0000 -0.0060 -1.0000
vn -0.1951 -0.0060 -0.9808
vn -0.3827 -0.0060 -0.9239
vn -0.5556 -0.0060 -0.8315
vn -0.7071 -0.0060 -0.7071
vn -0.8315 -0.0060 -0.5556
vn -0.9239 -0.0060 -0.3827
vn -0.9808 -0.0060 -0.1951
vn -1.0000 -0.0060 -0.0000
vn -0.9808 -0.0060 0.1951
vn -0.9239 -0.0060 0.3827
vn -0.8315 -0.0060 0.5556
vn -0.7071 -0.0060 0.7071
vn -0.5556 -0.0060 0.8315
vn -0.3827 -0.0060 0.9239
vn -0.1951 -0.0060 0.9808
vn -0.0000 -0.0060 1.0000
vn 0.1951 -0.0060 0.9808
vn 0.3827 -0.0060 0.9239
vn 0.5556 -0.0060 0.8315
vn 0.7071 -0.0060 0.7071
vn 0.8315 -0.0060 0.5556
vn 0.9239 -0.0060 0.3827
vn 0.9808 -0.0060 0.1951
vn 0.7144 0.6851 -0.1421
vn 0.7284 0.6851 -0.0000
vn 0.6730 0.6851 -0.2787
vn 0.6056 0.6851 -0.4047
vn 0.5151 0.6851 -0.5151
vn 0.4047 0.6851 -0.6056
vn 0.2787 0.6851 -0.6730
vn 0.1421 0.6852 -0.7144
vn -0.0000 0.6851 -0.7284
vn -0.1421 0.6851 -0.7144
vn -0.2787 0.6851 -0.6730
vn -0.4047 0.6851 -0.6056
vn -0.5151 0.6851 -0.5151
vn -0.6056 0.6851 -0.4047
vn -0.6730 0.6851 -0.2787
vn -0.7144 0.6851 -0.1421
vn -0.7284 0.6851 -0.0000
vn -0.7144 0.6851 0.1421
vn -0.6730 0.6851 0.2788
vn -0.6056 0.6851 0.4047
vn -0.5151 0.6851 0.5151
vn -0.4047 0.6851 0.6056
vn -0.2788 0.6851 0.6730
vn -0.1421 0.6851 0.7144
vn -0.0000 0.6851 0.7284
vn 0.1421 0.6851 0.7144
vn 0.2787 0.6851 0.6730
vn 0.4047 0.6851 0.6057
vn 0.5151 0.6851 0.5151
vn 0.6056 0.6851 0.4047
vn 0.6730 0.6851 0.2788
vn 0.7144 0.6851 0.1421
vn 0.6635 0.7365 -0.1320
vn 0.6765 0.7365 -0.0000
vn 0.6250 0.7365 -0.2589
vn 0.5625 0.7365 -0.3758
vn 0.4783 0.7365 -0.4783
vn 0.3758 0.7365 -0.5625
vn 0.2589 0.7365 -0.6250
vn 0.1320 0.7365 -0.6635
vn -0.0000 0.7365 -0.6765
vn -0.1320 0.7365 -0.6635
vn -0.2589 0.7365 -0.6250
vn -0.3758 0.7365 -0.5625
vn -0.4783 0.7365 -0.4783
vn -0.5625 0.7365 -0.3758
vn -0.6250 0.7365 -0.2589
vn -0.6635 0.7365 -0.1320
vn -0.6765 0.7365 -0.0000
vn -0.6635 0.7365 0.1320
vn -0.6250 0.7365 0.2589
vn -0.5625 0.7365 0.3758
vn -0.4783 0.7365 0.4783
vn -0.3758 0.7365 0.5625
vn -0.2589 0.7365 0.6250
vn -0.1320 0.7365 0.6635
vn -0.0000 0.7365 0.6765
vn 0.1320 0.7365 0.6635
vn 0.2589 0.7365 0.6250
vn 0.3758 0.7365 0.5625
vn 0.4783 0.7365 0.4783
vn 0.5625 0.7365 0.3758
vn 0.6250 0.7365 0.2589
vn 0.6635 0.7365 0.1320
vn 0.9807 0.0137 -0.1951
vn 0.9999 0.0137 -0.0000
vn 0.9238 0.0137 -0.3826
vn 0.8314 0.0137 -0.5555
vn 0.7070 0.0137 -0.7070
vn 0.5555 0.0137 -0.8314
vn 0.3826 0.0137 -0.9238
vn 0.1951 0.0137 -0.9807
vn -0.0000 0.0137 -0.9999
vn -0.1951 0.0137 -0.9807
vn -0.3826 0.0137 -0.9238
vn -0.5555 0.0137 -0.8314
vn -0.7070 0.0137 -0.7070
vn -0.8314 0.0137 -0.5555
vn -0.9238 0.0137 -0.3826
vn -0.9807 0.0137 -0.1951
vn -0.9999 0.0137 -0.0000
vn -0.9807 0.0137 0.1951
vn -0.9238 0.0137 0.3826
vn -0.8314 0.0137 0.5555
vn -0.7070 0.0137 0.7070
vn -0.5555 0.0137 0.8314
vn -0.3826 0.0137 0.9238
vn -0.1951 0.0137 0.9807
vn -0.0000 0.0137 0.9999
vn 0.1951 0.0137 0.9807
vn 0.3826 0.0137 0.9238
vn 0.5555 0.0137 0.8314
vn 0.7070 0.0137 0.7070
vn 0.8314 0.0137 0.5555
vn 0.9238 0.0137 0.3827
vn 0.9807 0.0137 0.1951
vn 0.9808 0.0055 -0.1951
vn 1.0000 0.0055 -0.0000
vn 0.9239 0.0055 -0.3827
vn 0.8315 0.0055 -0.5556
vn 0.7071 0.0055 -0.7071
vn 0.5556 0.0055 -0.8315
vn 0.3827 0.0055 -0.9239
vn 0.1951 0.0055 -0.9808
vn -0.0000 0.0055 -1.0000
vn -0.1951 0.0055 -0.9808
vn -0.3827 0.0055 -0.9239
vn -0.5556 0.0055 -0.8315
vn -0.7071 0.0055 -0.7071
vn -0.8315 0.0055 -0.5556
vn -0.9239 0.0055 -0.3827
vn -0.9808 0.0055 -0.1951
vn -1.0000 0.0055 -0.0000
vn -0.9808 0.0055 0.1951
vn -0.9239 0.0055 0.3827
vn -0.8315 0.0055 0.5556
vn -0.7071 0.0055 0.7071
vn -0.5556 0.0055 0.8315
vn -0.3827 0.0055 0.9239
vn -0.1951 0.0055 0.9808
vn -0.0000 0.0055 1.0000
vn 0.1951 0.0055 0.9808
vn 0.3827 0.0055 0.9239
vn 0.5556 0.0055 0.8315
vn 0.7071 0.0055 0.7071
vn 0.8315 0.0055 0.5556
vn 0.9239 0.0055 0.3827
vn 0.9808 0.0055 0.1951
vn 0.9808 0.0020 -0.1951
vn 1.0000 0.0020 -0.0000
vn 0.9239 0.0020 -0.3827
vn 0.8315 0.0020 -0.5556
vn 0.7071 0.0020 -0.7071
vn 0.5556 0.0020 -0.8315
vn 0.3827 0.0020 -0.9239
vn 0.1951 0.0020 -0.9808
vn -0.0000 0.0020 -1.0000
vn -0.1951 0.0020 -0.9808
vn -0.3827 0.0020 -0.9239
vn -0.5556 0.0020 -0.8315
vn -0.7071 0.0020 -0.7071
vn -0.8315 0.0020 -0.5556
vn -0.9239 0.0020 -0.3827
vn -0.9808 0.0020 -0.1951
vn -1.0000 0.0020 -0.0000
vn -0.9808 0.0020 0.1951
vn -0.9239 0.0020 0.3827
vn -0.8315 0.0020 0.5556
vn -0.7071 0.0020 0.7071
vn -0.5556 0.0020 0.8315
vn -0.3827 0.0020 0.9239
vn -0.1951 0.0020 0.9808
vn -0.0000 0.0020 1.0000
vn 0.1951 0.0020 0.9808
vn 0.3827 0.0020 0.9239
vn 0.5556 0.0020 0.8315
vn 0.7071 0.0020 0.7071
vn 0.8315 0.0020 0.5556
vn 0.9239 0.0020 0.3827
vn 0.9808 0.0020 0.1951
vn 0.9808 0.0001 -0.1951
vn 1.0000 0.0001 -0.0000
vn 0.9239 0.0001 -0.3827
vn 0.8315 0.0001 -0.5556
vn 0.7071 0.0001 -0.7071
vn 0.5556 0.0001 -0.8315
vn 0.3827 0.0001 -0.9239
vn 0.1951 0.0001 -0.9808
vn -0.0000 0.0001 -1.0000
vn -0.1951 0.0001 -0.9808
vn -0.3827 0.0001 -0.9239
vn -0.5556 0.0001 -0.8315
vn -0.7071 0.0001 -0.7071
vn -0.8315 0.0001 -0.5556
vn -0.9239 0.0001 -0.3827
vn -0.9808 0.0001 -0.1951
vn -1.0000 0.0001 -0.0000
vn -0.9808 0.0001 0.1951
vn -0.9239 0.0001 0.3827
vn -0.8315 0.0001 0.5556
vn -0.7071 0.0001 0.7071
vn -0.5556 0.0001 0.8315
vn -0.3827 0.0001 0.9239
vn -0.1951 0.0001 0.9808
vn -0.0000 0.0001 1.0000
vn 0.1951 0.0001 0.9808
vn 0.3827 0.0001 0.9239
vn 0.5556 0.0001 0.8315
vn 0.7071 0.0001 0.7071
vn 0.8315 0.0001 0.5556
vn 0.9239 0.0001 0.3827
vn 0.9808 0.0001 0.1951
vn 0.9808 -0.0010 -0.1951
vn 1.0000 -0.0010 -0.0000
vn 0.9239 -0.0010 -0.3827
vn 0.8315 -0.0010 -0.5556
vn 0.7071 -0.0010 -0.7071
vn 0.5556 -0.0010 -0.8315
vn 0.3827 -0.0010 -0.9239
vn 0.1951 -0.0010 -0.9808
vn -0.0000 -0.0010 -1.0000
vn -0.1951 -0.0010 -0.9808
vn -0.3827 -0.0010 -0.9239
vn -0.5556 -0.0010 -0.8315
vn -0.7071 -0.0010 -0.7071
vn -0.8315 -0.0010 -0.5556
vn -0.9239 -0.0010 -0.3827
vn -0.9808 -0.0010 -0.1951
vn -1.0000 -0.0010 -0.0000
vn -0.9808 -0.0010 0.1951
vn -0.9239 -0.0010 0.3827
vn -0.8315 -0.0010 0.5556
vn -0.7071 -0.0010 0.7071
vn -0.5556 -0.0010 0.8315
vn -0.3827 -0.0010 0.9239
vn -0.1951 -0.0010 0.9808
vn -0.0000 -0.0010 1.0000
vn 0.1951 -0.0010 0.9808
vn 0.3827 -0.0010 0.9239
vn 0.5556 -0.0010 0.8315
vn 0.7071 -0.0010 0.7071
vn 0.8315 -0.0010 0.5556
vn 0.9239 -0.0010 0.3827
vn 0.9808 -0.0010 0.1951
vn 0.9808 -0.0017 -0.1951
vn 1.0000 -0.0017 -0.0000
vn 0.9239 -0.0017 -0.3827
vn 0.8315 -0.0017 -0.5556
vn 0.7071 -0.0017 -0.7071
vn 0.5556 -0.0017 -0.8315
vn 0.3827 -0.0017 -0.9239
vn 0.1951 -0.0017 -0.9808
vn -0.0000 -0.0017 -1.0000
vn -0.1951 -0.0017 -0.9808
vn -0.3827 -0.0017 -0.9239
vn -0.5556 -0.0017 -0.8315
vn -0.7071 -0.0017 -0.7071
vn -0.8315 -0.0017 -0.5556
vn -0.9239 -0.0017 -0.3827
vn -0.9808 -0.0017 -0.1951
vn -1.0000 -0.0017 -0.0000
vn -0.9808 -0.0017 0.1951
vn -0.9239 -0.0017 0.3827
vn -0.8315 -0.0017 0.5556
vn -0.7071 -0.0017 0.7071
vn -0.5556 -0.0017 0.8315
vn -0.3827 -0.0017 0.9239
vn -0.1951 -0.0017 0.9808
vn -0.0000 -0.0017 1.0000
vn 0.1951 -0.0017 0.9808
vn 0.3827 -0.0017 0.9239
vn 0.5556 -0.0017 0.8315
vn 0.7071 -0.0017 0.7071
vn 0.8315 -0.0017 0.5556
vn 0.9239 -0.0017 0.3827
vn 0.9808 -0.0017 0.1951
vn 0.9808 -0.0020 -0.1951
vn 1.0000 -0.0020 -0.0000
vn 0.9239 -0.0020 -0.3827
vn 0.8315 -0.0020 -0.5556
vn 0.7071 -0.0020 -0.7071
vn 0.5556 -0.0020 -0.8315
vn 0.3827 -0.0020 -0.9239
vn 0.1951 -0.0020 -0.9808
vn -0.0000 -0.0020 -1.0000
vn -0.1951 -0.0020 -0.9808
vn -0.3827 -0.0020 -0.9239
vn -0.5556 -0.0020 -0.8315
vn -0.7071 -0.0020 -0.7071
vn -0.8315 -0.0020 -0.5556
vn -0.9239 -0.0020 -0.3827
vn -0.9808 -0.0020 -0.1951
vn -1.0000 -0.0020 -0.0000
vn -0.9808 -0.0020 0.1951
vn -0.9239 -0.0020 0.3827
vn -0.8315 -0.0020 0.5556
vn -0.7071 -0.0020 0.7071
vn -0.5556 -0.0020 0.8315
vn -0.3827 -0.0020 0.9239
vn -0.1951 -0.0020 0.9808
vn -0.0000 -0.0020 1.0000
vn 0.1951 -0.0020 0.9808
vn 0.3827 -0.0020 0.9239
vn 0.5556 -0.0020 0.8315
vn 0.7071 -0.0020 0.7071
vn 0.8315 -0.0020 0.5556
vn 0.9239 -0.0020 0.3827
vn 0.9808 -0.0020 0.1951
vn 0.9808 -0.0021 -0.1951
vn 1.0000 -0.0021 -0.0000
vn 0.9239 -0.0021 -0.3827
vn 0.8315 -0.0021 -0.5556
vn 0.7071 -0.0021 -0.7071
vn 0.5556 -0.0021 -0.8315
vn 0.3827 -0.0021 -0.9239
vn 0.1951 -0.0021 -0.9808
vn -0.0000 -0.0021 -1.0000
vn -0.1951 -0.0021 -0.9808
vn -0.3827 -0.0021 -0.9239
vn -0.5556 -0.0021 -0.8315
vn -0.7071 -0.0021 -0.7071
vn -0.8315 -0.0021 -0.5556
vn -0.9239 -0.0021 -0.3827
vn -0.9808 -0.0021 -0.1951
vn -1.0000 -0.0021 -0.0000
vn -0.9808 -0.0021 0.1951
vn -0.9239 -0.0021 0.3827
vn -0.8315 -0.0021 0.5556
vn -0.7071 -0.0021 0.7071
vn -0.5556 -0.0021 0.8315
vn -0.3827 -0.0021 0.9239
vn -0.1951 -0.0021 0.9808
vn -0.0000 -0.0021 1.0000
vn 0.1951 -0.0021 0.9808
vn 0.3827 -0.0021 0.9239
vn 0.5556 -0.0021 0.8315
vn 0.7071 -0.0021 0.7071
vn 0.8315 -0.0021 0.5556
vn 0.9239 -0.0021 0.3827
vn 0.9808 -0.0021 0.1951
vn 0.6703 -0.7300 -0.1333
vn 0.6834 -0.7300 -0.0000
vn 0.6314 -0.7301 -0.2615
vn 0.5682 -0.7300 -0.3797
vn 0.4833 -0.7301 -0.4831
vn 0.3797 -0.7301 -0.5681
vn 0.2615 -0.7300 -0.6314
vn 0.1333 -0.7300 -0.6703
vn -0.0000 -0.7300 -0.6834
vn -0.1333 -0.7300 -0.6703
vn -0.2615 -0.7300 -0.6314
vn -0.3797 -0.7300 -0.5682
vn -0.4832 -0.7300 -0.4832
vn -0.5682 -0.7300 -0.3797
vn -0.6314 -0.7300 -0.2615
vn -0.6703 -0.7300 -0.1333
vn -0.6834 -0.7300 -0.0000
vn -0.6703 -0.7300 0.1333
vn -0.6314 -0.7301 0.2615
vn -0.5682 -0.7300 0.3797
vn -0.4833 -0.7301 0.4831
vn -0.3797 -0.7301 0.5681
vn -0.2615 -0.7300 0.6314
vn -0.1333 -0.7300 0.6703
vn -0.0000 -0.7300 0.6834
vn 0.1333 -0.7300 0.6703
vn 0.2615 -0.7300 0.6314
vn 0.3797 -0.7300 0.5682
vn 0.4832 -0.7300 0.4832
vn 0.5682 -0.7300 0.3797
vn 0.6314 -0.7300 0.2615
vn 0.6703 -0.7300 0.1333
vn -0.0000 -1.0000 0.0001
vn -0.0000 -1.0000 -0.0001
vn 0.7249 -0.6736 -0.1442
vn 0.7391 -0.6736 -0.0000
vn 0.6828 -0.6736 -0.2828
vn 0.6145 -0.6736 -0.4106
vn 0.5226 -0.6736 -0.5226
vn 0.4106 -0.6736 -0.6145
vn 0.2828 -0.6736 -0.6828
vn 0.1442 -0.6736 -0.7249
vn -0.0000 -0.6736 -0.7391
vn -0.1442 -0.6736 -0.7249
vn -0.2828 -0.6736 -0.6828
vn -0.4106 -0.6736 -0.6145
vn -0.5226 -0.6736 -0.5226
vn -0.6145 -0.6736 -0.4106
vn -0.6828 -0.6736 -0.2828
vn -0.7249 -0.6736 -0.1442
vn -0.7391 -0.6736 -0.0000
vn -0.7249 -0.6736 0.1442
vn -0.6828 -0.6736 0.2828
vn -0.6145 -0.6736 0.4106
vn -0.5226 -0.6736 0.5226
vn -0.4106 -0.6736 0.6145
vn -0.2828 -0.6736 0.6828
vn -0.1442 -0.6736 0.7249
vn -0.0000 -0.6736 0.7391
vn 0.1442 -0.6736 0.7249
vn 0.2828 -0.6736 0.6828
vn 0.4106 -0.6736 0.6145
vn 0.5226 -0.6736 0.5226
vn 0.6145 -0.6736 0.4106
vn 0.6828 -0.6736 0.2828
vn 0.7249 -0.6736 0.1442
vn 0.9804 0.0288 -0.1950
vn 0.9996 0.0288 -0.0000
vn 0.9235 0.0288 -0.3825
vn 0.8311 0.0288 -0.5553
vn 0.7068 0.0288 -0.7068
vn 0.5554 0.0288 -0.8311
vn 0.3825 0.0288 -0.9235
vn 0.1950 0.0288 -0.9804
vn -0.0000 0.0288 -0.9996
vn -0.1950 0.0288 -0.9804
vn -0.3825 0.0288 -0.9235
vn -0.5553 0.0288 -0.8311
vn -0.7068 0.0288 -0.7068
vn -0.8311 0.0288 -0.5553
vn -0.9235 0.0288 -0.3825
vn -0.9804 0.0288 -0.1950
vn -0.9996 0.0288 -0.0000
vn -0.9804 0.0288 0.1950
vn -0.9235 0.0288 0.3825
vn -0.8311 0.0288 0.5553
vn -0.7068 0.0288 0.7068
vn -0.5553 0.0288 0.8311
vn -0.3825 0.0288 0.9235
vn -0.1950 0.0288 0.9804
vn -0.0000 0.0288 0.9996
vn 0.1950 0.0288 0.9804
vn 0.3825 0.0288 0.9235
vn 0.5553 0.0288 0.8311
vn 0.7068 0.0288 0.7068
vn 0.8311 0.0288 0.5553
vn 0.9235 0.0288 0.3825
vn 0.9804 0.0288 0.1950
vn 0.9806 0.0199 -0.1951
vn 0.9998 0.0199 -0.0000
vn 0.9237 0.0199 -0.3826
vn 0.8313 0.0199 -0.5555
vn 0.7070 0.0199 -0.7070
vn 0.5555 0.0199 -0.8313
vn 0.3826 0.0199 -0.9237
vn 0.1951 0.0199 -0.9806
vn -0.0000 0.0199 -0.9998
vn -0.1950 0.0199 -0.9806
vn -0.3826 0.0199 -0.9237
vn -0.5554 0.0199 -0.8313
vn -0.7070 0.0199 -0.7070
vn -0.8313 0.0199 -0.5555
vn -0.9237 0.0199 -0.3826
vn -0.9806 0.0199 -0.1951
vn -0.9998 0.0199 -0.0000
vn -0.9806 0.0199 0.1951
vn -0.9237 0.0199 0.3826
vn -0.8313 0.0199 0.5555
vn -0.7070 0.0199 0.7070
vn -0.5554 0.0199 0.8313
vn -0.3826 0.0199 0.9237
vn -0.1950 0.0199 0.9806
vn -0.0000 0.0199 0.9998
vn 0.1950 0.0199 0.9806
vn 0.3826 0.0199 0.9237
vn 0.5555 0.0199 0.8313
vn 0.7070 0.0199 0.7070
vn 0.8313 0.0199 0.5555
vn 0.9237 0.0199 0.3826
vn 0.9806 0.0199 0.1951
vn 0.9807 0.0102 -0.1951
vn 0.9999 0.0102 -0.0000
vn 0.9238 0.0102 -0.3827
vn 0.8314 0.0102 -0.5555
vn 0.7071 0.0102 -0.7071
vn 0.5555 0.0102 -0.8314
vn 0.3827 0.0102 -0.9238
vn 0.1951 0.0102 -0.9807
vn -0.0000 0.0102 -0.9999
vn -0.1951 0.0102 -0.9807
vn -0.3827 0.0102 -0.9238
vn -0.5555 0.0102 -0.8314
vn -0.7071 0.0102 -0.7071
vn -0.8314 0.0102 -0.5555
vn -0.9238 0.0102 -0.3827
vn -0.9807 0.0102 -0.1951
vn -0.9999 0.0102 -0.0000
vn -0.9807 0.0102 0.1951
vn -0.9238 0.0102 0.3827
vn -0.8314 0.0102 0.5555
vn -0.7071 0.0102 0.7071
vn -0.5555 0.0102 0.8314
vn -0.3827 0.0102 0.9238
vn -0.1951 0.0102 0.9807
vn -0.0000 0.0102 0.9999
vn 0.1951 0.0102 0.9807
vn 0.3827 0.0102 0.9238
vn 0.5555 0.0102 0.8314
vn 0.7071 0.0102 0.7071
vn 0.8314 0.0102 0.5555
vn 0.9238 0.0102 0.3827
vn 0.9807 0.0102 0.1951
vn 0.9807 -0.0095 -0.1951
vn 1.0000 -0.0095 -0.0000
vn 0.9238 -0.0095 -0.3827
vn 0.8314 -0.0095 -0.5555
vn 0.7071 -0.0095 -0.7071
vn 0.5555 -0.0095 -0.8314
vn 0.3827 -0.0095 -0.9238
vn 0.1951 -0.0095 -0.9807
vn -0.0000 -0.0095 -1.0000
vn -0.1951 -0.0095 -0.9807
vn -0.3827 -0.0095 -0.9238
vn -0.5556 -0.0095 -0.8314
vn -0.7071 -0.0095 -0.7071
vn -0.8314 -0.0095 -0.5555
vn -0.9238 -0.0095 -0.3827
vn -0.9807 -0.0095 -0.1951
vn -1.0000 -0.0095 -0.0000
vn -0.9807 -0.0095 0.1951
vn -0.9238 -0.0095 0.3827
vn -0.8314 -0.0095 0.5555
vn -0.7071 -0.0095 0.7071
vn -0.5556 -0.0095 0.8314
vn -0.3827 -0.0095 0.9238
vn -0.1951 -0.0095 0.9807
vn -0.0000 -0.0095 1.0000
vn 0.1951 -0.0095 0.9807
vn 0.3827 -0.0095 0.9238
vn 0.5555 -0.0095 0.8314
vn 0.7071 -0.0095 0.7071
vn 0.8314 -0.0095 0.5555
vn 0.9238 -0.0095 0.3827
vn 0.9807 -0.0095 0.1951
vn 0.9806 -0.0178 -0.1951
vn 0.9998 -0.0178 -0.0000
vn 0.9237 -0.0178 -0.3826
vn 0.8314 -0.0178 -0.5555
vn 0.7070 -0.0178 -0.7070
vn 0.5555 -0.0178 -0.8313
vn 0.3826 -0.0178 -0.9237
vn 0.1951 -0.0178 -0.9806
vn -0.0000 -0.0178 -0.9998
vn -0.1951 -0.0178 -0.9806
vn -0.3826 -0.0178 -0.9237
vn -0.5555 -0.0178 -0.8313
vn -0.7070 -0.0178 -0.7070
vn -0.8314 -0.0178 -0.5555
vn -0.9237 -0.0178 -0.3826
vn -0.9806 -0.0178 -0.1951
vn -0.9998 -0.0178 -0.0000
vn -0.9806 -0.0178 0.1951
vn -0.9237 -0.0178 0.3826
vn -0.8314 -0.0178 0.5555
vn -0.7070 -0.0178 0.7070
vn -0.5555 -0.0178 0.8313
vn -0.3826 -0.0178 0.9237
vn -0.1951 -0.0178 0.9806
vn -0.0000 -0.0178 0.9998
vn 0.1951 -0.0178 0.9806
vn 0.3826 -0.0178 0.9237
vn 0.5555 -0.0178 0.8313
vn 0.7070 -0.0178 0.7070
vn 0.8314 -0.0178 0.5555
vn 0.9237 -0.0178 0.3826
vn 0.9806 -0.0178 0.1951
vn 0.9805 -0.0234 -0.1951
vn 0.9997 -0.0234 -0.0000
vn 0.9236 -0.0234 -0.3826
vn 0.8313 -0.0234 -0.5554
vn 0.7069 -0.0234 -0.7069
vn 0.5554 -0.0234 -0.8312
vn 0.3826 -0.0234 -0.9236
vn 0.1950 -0.0234 -0.9805
vn -0.0000 -0.0234 -0.9997
vn -0.1950 -0.0234 -0.9805
vn -0.3826 -0.0234 -0.9236
vn -0.5554 -0.0234 -0.8313
vn -0.7069 -0.0234 -0.7069
vn -0.8313 -0.0234 -0.5554
vn -0.9236 -0.0234 -0.3826
vn -0.9805 -0.0234 -0.1951
vn -0.9997 -0.0234 -0.0000
vn -0.9805 -0.0234 0.1951
vn -0.9236 -0.0234 0.3826
vn -0.8313 -0.0234 0.5554
vn -0.7069 -0.0234 0.7069
vn -0.5554 -0.0234 0.8313
vn -0.3826 -0.0234 0.9236
vn -0.1950 -0.0234 0.9805
vn -0.0000 -0.0234 0.9997
vn 0.1950 -0.0234 0.9805
vn 0.3826 -0.0234 0.9236
vn 0.5554 -0.0234 0.8312
vn 0.7069 -0.0234 0.7069
vn 0.8313 -0.0234 0.5554
vn 0.9236 -0.0234 0.3826
vn 0.9805 -0.0234 0.1951
vn 0.9805 -0.0253 -0.1950
vn 0.9997 -0.0253 -0.0000
vn 0.9236 -0.0253 -0.3826
vn 0.8312 -0.0254 -0.5554
vn 0.7069 -0.0254 -0.7069
vn 0.5554 -0.0254 -0.8312
vn 0.3826 -0.0254 -0.9236
vn 0.1950 -0.0254 -0.9805
vn -0.0000 -0.0253 -0.9997
vn -0.1950 -0.0254 -0.9805
vn -0.3826 -0.0254 -0.9236
vn -0.5554 -0.0254 -0.8312
vn -0.7069 -0.0254 -0.7069
vn -0.8312 -0.0253 -0.5554
vn -0.9236 -0.0254 -0.3826
vn -0.9805 -0.0254 -0.1950
vn -0.9997 -0.0253 -0.0000
vn -0.9805 -0.0254 0.1950
vn -0.9236 -0.0254 0.3826
vn -0.8312 -0.0254 0.5554
vn -0.7069 -0.0254 0.7069
vn -0.5554 -0.0254 0.8312
vn -0.3826 -0.0254 0.9236
vn -0.1950 -0.0254 0.9805
vn -0.0000 -0.0253 0.9997
vn 0.1950 -0.0254 0.9805
vn 0.3826 -0.0254 0.9236
vn 0.5554 -0.0254 0.8312
vn 0.7069 -0.0254 0.7069
vn 0.8312 -0.0254 0.5554
vn 0.9236 -0.0254 0.3826
vn 0.9805 -0.0254 0.1950
vn 0.9805 -0.0234 -0.1950
vn 0.8312 -0.0234 -0.5554
vn 0.5554 -0.0234 -0.8313
vn -0.5554 -0.0234 -0.8312
vn -0.8312 -0.0234 -0.5554
vn -0.9805 -0.0234 -0.1950
vn -0.9805 -0.0234 0.1950
vn -0.8312 -0.0234 0.5554
vn -0.5554 -0.0234 0.8312
vn 0.5554 -0.0234 0.8313
vn 0.8312 -0.0234 0.5554
vn 0.9805 -0.0234 0.1950
vn 0.8313 -0.0178 -0.5555
vn -0.8313 -0.0178 -0.5555
vn -0.8313 -0.0178 0.5555
vn 0.8313 -0.0178 0.5555
vn 0.8314 -0.0095 -0.5556
vn -0.5555 -0.0095 -0.8314
vn -0.8314 -0.0095 -0.5556
vn -0.8314 -0.0095 0.5556
vn -0.5555 -0.0095 0.8314
vn 0.8314 -0.0095 0.5556
vn 0.7155 0.6839 -0.1423
vn 0.7296 0.6839 -0.0000
vn 0.6740 0.6839 -0.2792
vn 0.6066 0.6839 -0.4053
vn 0.5159 0.6839 -0.5159
vn 0.4053 0.6840 -0.6066
vn 0.2792 0.6840 -0.6740
vn 0.1423 0.6839 -0.7155
vn -0.0000 0.6840 -0.7295
vn -0.1423 0.6839 -0.7155
vn -0.2792 0.6839 -0.6741
vn -0.4053 0.6839 -0.6066
vn -0.5158 0.6839 -0.5159
vn -0.6066 0.6839 -0.4054
vn -0.6740 0.6839 -0.2792
vn -0.7155 0.6839 -0.1423
vn -0.7296 0.6839 -0.0000
vn -0.7156 0.6839 0.1423
vn -0.6740 0.6839 0.2792
vn -0.6066 0.6839 0.4054
vn -0.5159 0.6839 0.5159
vn -0.4053 0.6840 0.6066
vn -0.2792 0.6839 0.6740
vn -0.1423 0.6839 0.7155
vn -0.0000 0.6840 0.7295
vn 0.1423 0.6839 0.7155
vn 0.2792 0.6839 0.6740
vn 0.4053 0.6840 0.6066
vn 0.5159 0.6839 0.5159
vn 0.6066 0.6839 0.4053
vn 0.6740 0.6839 0.2792
vn 0.7155 0.6839 0.1423
vn -0.0000 1.0000 0.0001
vn -0.0000 1.0000 -0.0001
vn 0.6303 0.7662 -0.1254
vn 0.6426 0.7662 -0.0000
vn 0.5937 0.7662 -0.2459
vn 0.5343 0.7662 -0.3570
vn 0.4544 0.7662 -0.4544
vn 0.3570 0.7662 -0.5343
vn 0.2459 0.7662 -0.5937
vn 0.1254 0.7662 -0.6303
vn -0.0000 0.7662 -0.6426
vn -0.1254 0.7662 -0.6303
vn -0.2459 0.7662 -0.5937
vn -0.3570 0.7662 -0.5343
vn -0.4544 0.7662 -0.4544
vn -0.5343 0.7662 -0.3570
vn -0.5937 0.7662 -0.2459
vn -0.6303 0.7662 -0.1254
vn -0.6426 0.7662 -0.0000
vn -0.6303 0.7662 0.1254
vn -0.5937 0.7662 0.2459
vn -0.5343 0.7662 0.3570
vn -0.4544 0.7662 0.4544
vn -0.3570 0.7662 0.5343
vn -0.2459 0.7662 0.5937
vn -0.1254 0.7662 0.6303
vn -0.0000 0.7662 0.6426
vn 0.1254 0.7662 0.6303
vn 0.2459 0.7662 0.5937
vn 0.3570 0.7662 0.5343
vn 0.4544 0.7662 0.4544
vn 0.5343 0.7662 0.3570
vn 0.5937 0.7662 0.2459
vn 0.6303 0.7662 0.1254
vn 0.9754 0.1043 -0.1940
vn 0.9945 0.1043 -0.0000
vn 0.9188 0.1043 -0.3806
vn 0.8269 0.1043 -0.5525
vn 0.7033 0.1043 -0.7032
vn 0.5525 0.1043 -0.8269
vn 0.3806 0.1043 -0.9188
vn 0.1940 0.1043 -0.9754
vn -0.0000 0.1043 -0.9945
vn -0.1940 0.1043 -0.9754
vn -0.3806 0.1043 -0.9188
vn -0.5525 0.1043 -0.8269
vn -0.7032 0.1043 -0.7032
vn -0.8269 0.1043 -0.5525
vn -0.9188 0.1043 -0.3806
vn -0.9754 0.1043 -0.1940
vn -0.9945 0.1043 -0.0000
vn -0.9754 0.1043 0.1940
vn -0.9188 0.1043 0.3806
vn -0.8269 0.1043 0.5525
vn -0.7033 0.1043 0.7032
vn -0.5525 0.1043 0.8269
vn -0.3806 0.1043 0.9188
vn -0.1940 0.1043 0.9754
vn -0.0000 0.1043 0.9945
vn 0.1940 0.1043 0.9754
vn 0.3806 0.1043 0.9188
vn 0.5525 0.1043 0.8269
vn 0.7033 0.1043 0.7032
vn 0.8269 0.1043 0.5525
vn 0.9188 0.1043 0.3806
vn 0.9754 0.1043 0.1940
vn 0.9778 0.0779 -0.1945
vn 0.9970 0.0779 -0.0000
vn 0.9211 0.0779 -0.3815
vn 0.8289 0.0779 -0.5539
vn 0.7050 0.0779 -0.7050
vn 0.5539 0.0779 -0.8289
vn 0.3815 0.0779 -0.9211
vn 0.1945 0.0779 -0.9778
vn -0.0000 0.0779 -0.9970
vn -0.1945 0.0779 -0.9778
vn -0.3815 0.0779 -0.9211
vn -0.5539 0.0779 -0.8289
vn -0.7050 0.0779 -0.7050
vn -0.8289 0.0779 -0.5539
vn -0.9211 0.0779 -0.3815
vn -0.9778 0.0779 -0.1945
vn -0.9970 0.0779 -0.0000
vn -0.9778 0.0779 0.1945
vn -0.9211 0.0779 0.3815
vn -0.8289 0.0779 0.5539
vn -0.7050 0.0779 0.7050
vn -0.5539 0.0779 0.8289
vn -0.3815 0.0779 0.9211
vn -0.1945 0.0779 0.9778
vn -0.0000 0.0779 0.9970
vn 0.1945 0.0779 0.9778
vn 0.3815 0.0779 0.9211
vn 0.5539 0.0779 0.8289
vn 0.7050 0.0779 0.7050
vn 0.8289 0.0779 0.5539
vn 0.9211 0.0779 0.3815
vn 0.9778 0.0779 0.1945
vn 0.9804 0.0297 -0.1950
vn 0.9996 0.0297 -0.0000
vn 0.9235 0.0297 -0.3825
vn 0.8311 0.0297 -0.5553
vn 0.7068 0.0297 -0.7068
vn 0.5553 0.0297 -0.8311
vn 0.3825 0.0297 -0.9235
vn 0.1950 0.0297 -0.9804
vn -0.0000 0.0297 -0.9996
vn -0.1950 0.0297 -0.9804
vn -0.3825 0.0297 -0.9235
vn -0.5553 0.0297 -0.8311
vn -0.7068 0.0297 -0.7068
vn -0.8311 0.0297 -0.5553
vn -0.9235 0.0297 -0.3825
vn -0.9804 0.0297 -0.1950
vn -0.9996 0.0297 -0.0000
vn -0.9804 0.0297 0.1950
vn -0.9235 0.0297 0.3825
vn -0.8311 0.0297 0.5553
vn -0.7068 0.0297 0.7068
vn -0.5553 0.0297 0.8311
vn -0.3825 0.0297 0.9235
vn -0.1950 0.0297 0.9804
vn -0.0000 0.0297 0.9996
vn 0.1950 0.0297 0.9804
vn 0.3825 0.0297 0.9235
vn 0.5553 0.0297 0.8311
vn 0.7068 0.0297 0.7068
vn 0.8311 0.0297 0.5553
vn 0.9235 0.0297 0.3825
vn 0.9804 0.0297 0.1950
vn 0.9803 -0.0319 -0.1950
vn 0.9995 -0.0319 -0.0000
vn 0.9234 -0.0319 -0.3825
vn 0.8310 -0.0319 -0.5553
vn 0.7067 -0.0319 -0.7067
vn 0.5553 -0.0319 -0.8310
vn 0.3825 -0.0319 -0.9234
vn 0.1950 -0.0319 -0.9803
vn -0.0000 -0.0319 -0.9995
vn -0.1950 -0.0319 -0.9803
vn -0.3825 -0.0319 -0.9234
vn -0.5553 -0.0319 -0.8310
vn -0.7067 -0.0319 -0.7067
vn -0.8310 -0.0319 -0.5553
vn -0.9234 -0.0319 -0.3825
vn -0.9803 -0.0319 -0.1950
vn -0.9995 -0.0319 -0.0000
vn -0.9803 -0.0319 0.1950
vn -0.9234 -0.0319 0.3825
vn -0.8310 -0.0319 0.5553
vn -0.7067 -0.0319 0.7067
vn -0.5553 -0.0319 0.8310
vn -0.3825 -0.0319 0.9234
vn -0.1950 -0.0319 0.9803
vn -0.0000 -0.0319 0.9995
vn 0.1950 -0.0319 0.9803
vn 0.3825 -0.0319 0.9234
vn 0.5553 -0.0319 0.8310
vn 0.7067 -0.0319 0.7067
vn 0.8310 -0.0319 0.5553
vn 0.9234 -0.0319 0.3825
vn 0.9803 -0.0319 0.1950
vn 0.9751 -0.1071 -0.1940
vn 0.9942 -0.1071 -0.0000
vn 0.9186 -0.1071 -0.3805
vn 0.8267 -0.1071 -0.5524
vn 0.7030 -0.1071 -0.7030
vn 0.5524 -0.1071 -0.8267
vn 0.3805 -0.1071 -0.9186
vn 0.1940 -0.1071 -0.9751
vn -0.0000 -0.1071 -0.9942
vn -0.1940 -0.1071 -0.9751
vn -0.3805 -0.1071 -0.9186
vn -0.5524 -0.1071 -0.8267
vn -0.7030 -0.1071 -0.7030
vn -0.8267 -0.1071 -0.5524
vn -0.9186 -0.1071 -0.3805
vn -0.9751 -0.1071 -0.1940
vn -0.9942 -0.1071 -0.0000
vn -0.9751 -0.1071 0.1940
vn -0.9186 -0.1071 0.3805
vn -0.8267 -0.1071 0.5524
vn -0.7030 -0.1071 0.7030
vn -0.5524 -0.1071 0.8267
vn -0.3805 -0.1071 0.9186
vn -0.1940 -0.1071 0.9751
vn -0.0000 -0.1071 0.9942
vn 0.1940 -0.1071 0.9751
vn 0.3805 -0.1071 0.9186
vn 0.5524 -0.1071 0.8267
vn 0.7030 -0.1071 0.7030
vn 0.8267 -0.1071 0.5524
vn 0.9186 -0.1071 0.3805
vn 0.9751 -0.1071 0.1940
vn 0.9614 -0.1977 -0.1912
vn 0.9803 -0.1977 -0.0000
vn 0.9057 -0.1977 -0.3751
vn 0.8151 -0.1977 -0.5446
vn 0.6932 -0.1977 -0.6932
vn 0.5446 -0.1977 -0.8151
vn 0.3751 -0.1977 -0.9057
vn 0.1912 -0.1977 -0.9614
vn -0.0000 -0.1977 -0.9803
vn -0.1912 -0.1977 -0.9614
vn -0.3751 -0.1977 -0.9057
vn -0.5446 -0.1977 -0.8151
vn -0.6932 -0.1977 -0.6932
vn -0.8151 -0.1977 -0.5446
vn -0.9057 -0.1977 -0.3751
vn -0.9614 -0.1977 -0.1912
vn -0.9803 -0.1977 -0.0000
vn -0.9614 -0.1977 0.1912
vn -0.9057 -0.1977 0.3751
vn -0.8151 -0.1977 0.5446
vn -0.6932 -0.1977 0.6932
vn -0.5446 -0.1977 0.8151
vn -0.3751 -0.1977 0.9057
vn -0.1912 -0.1977 0.9614
vn -0.0000 -0.1977 0.9803
vn 0.1912 -0.1977 0.9614
vn 0.3751 -0.1977 0.9057
vn 0.5446 -0.1977 0.8151
vn 0.6932 -0.1977 0.6932
vn 0.8151 -0.1977 0.5446
vn 0.9057 -0.1977 0.3751
vn 0.9614 -0.1977 0.1912
vn 0.9342 -0.3045 -0.1858
vn 0.9525 -0.3045 -0.0000
vn 0.8800 -0.3045 -0.3645
vn 0.7920 -0.3045 -0.5292
vn 0.6735 -0.3045 -0.6735
vn 0.5292 -0.3045 -0.7920
vn 0.3645 -0.3045 -0.8800
vn 0.1858 -0.3045 -0.9342
vn -0.0000 -0.3045 -0.9525
vn -0.1858 -0.3045 -0.9342
vn -0.3645 -0.3045 -0.8800
vn -0.5292 -0.3045 -0.7920
vn -0.6735 -0.3045 -0.6735
vn -0.7920 -0.3045 -0.5292
vn -0.8800 -0.3045 -0.3645
vn -0.9342 -0.3045 -0.1858
vn -0.9525 -0.3045 -0.0000
vn -0.9342 -0.3045 0.1858
vn -0.8800 -0.3045 0.3645
vn -0.7920 -0.3045 0.5292
vn -0.6735 -0.3045 0.6735
vn -0.5292 -0.3045 0.7920
vn -0.3645 -0.3045 0.8800
vn -0.1858 -0.3045 0.9342
vn -0.0000 -0.3045 0.9525
vn 0.1858 -0.3045 0.9342
vn 0.3645 -0.3045 0.8800
vn 0.5292 -0.3045 0.7920
vn 0.6735 -0.3045 0.6735
vn 0.7920 -0.3045 0.5292
vn 0.8800 -0.3045 0.3645
vn 0.9342 -0.3045 0.1858
vn 0.8870 -0.4268 -0.1764
vn 0.9044 -0.4268 -0.0000
vn 0.8355 -0.4268 -0.3461
vn 0.7519 -0.4268 -0.5024
vn 0.6395 -0.4268 -0.6395
vn 0.5024 -0.4268 -0.7519
vn 0.3461 -0.4268 -0.8355
vn 0.1764 -0.4268 -0.8870
vn -0.0000 -0.4268 -0.9044
vn -0.1764 -0.4268 -0.8870
vn -0.3461 -0.4268 -0.8355
vn -0.5024 -0.4268 -0.7519
vn -0.6395 -0.4268 -0.6395
vn -0.7519 -0.4268 -0.5024
vn -0.8355 -0.4268 -0.3461
vn -0.8870 -0.4268 -0.1764
vn -0.9044 -0.4268 -0.0000
vn -0.8870 -0.4268 0.1764
vn -0.8355 -0.4268 0.3461
vn -0.7519 -0.4268 0.5024
vn -0.6395 -0.4268 0.6395
vn -0.5024 -0.4268 0.7519
vn -0.3461 -0.4268 0.8355
vn -0.1764 -0.4268 0.8870
vn -0.0000 -0.4268 0.9044
vn 0.1764 -0.4268 0.8870
vn 0.3461 -0.4268 0.8355
vn 0.5024 -0.4268 0.7519
vn 0.6395 -0.4268 0.6395
vn 0.7519 -0.4268 0.5024
vn 0.8355 -0.4268 0.3461
vn 0.8870 -0.4268 0.1764
vn 0.8129 -0.5595 -0.1617
vn 0.8288 -0.5595 -0.0000
vn 0.7657 -0.5595 -0.3172
vn 0.6892 -0.5595 -0.4605
vn 0.5861 -0.5595 -0.5861
vn 0.4605 -0.5595 -0.6892
vn 0.3172 -0.5595 -0.7657
vn 0.1617 -0.5595 -0.8129
vn -0.0000 -0.5595 -0.8288
vn -0.1617 -0.5595 -0.8129
vn -0.3172 -0.5595 -0.7657
vn -0.4605 -0.5595 -0.6892
vn -0.5861 -0.5595 -0.5861
vn -0.6892 -0.5595 -0.4605
vn -0.7657 -0.5595 -0.3172
vn -0.8129 -0.5595 -0.1617
vn -0.8288 -0.5595 -0.0000
vn -0.8129 -0.5595 0.1617
vn -0.7657 -0.5595 0.3172
vn -0.6892 -0.5595 0.4605
vn -0.5861 -0.5595 0.5861
vn -0.4605 -0.5595 0.6892
vn -0.3172 -0.5595 0.7657
vn -0.1617 -0.5595 0.8129
vn -0.0000 -0.5595 0.8288
vn 0.1617 -0.5595 0.8129
vn 0.3172 -0.5595 0.7657
vn 0.4605 -0.5595 0.6892
vn 0.5861 -0.5595 0.5861
vn 0.6892 -0.5595 0.4605
vn 0.7657 -0.5595 0.3172
vn 0.8129 -0.5595 0.1617
vn 0.7078 -0.6922 -0.1408
vn 0.7217 -0.6922 -0.0000
vn 0.6668 -0.6922 -0.2762
vn 0.6001 -0.6922 -0.4010
vn 0.5103 -0.6922 -0.5103
vn 0.4010 -0.6922 -0.6001
vn 0.2762 -0.6922 -0.6668
vn 0.1408 -0.6922 -0.7078
vn -0.0000 -0.6922 -0.7217
vn -0.1408 -0.6922 -0.7078
vn -0.2762 -0.6922 -0.6668
vn -0.4010 -0.6922 -0.6001
vn -0.5103 -0.6922 -0.5103
vn -0.6001 -0.6922 -0.4010
vn -0.6668 -0.6922 -0.2762
vn -0.7078 -0.6922 -0.1408
vn -0.7217 -0.6922 -0.0000
vn -0.7078 -0.6922 0.1408
vn -0.6668 -0.6922 0.2762
vn -0.6001 -0.6922 0.4010
vn -0.5103 -0.6922 0.5103
vn -0.4010 -0.6922 0.6001
vn -0.2762 -0.6922 0.6668
vn -0.1408 -0.6922 0.7078
vn -0.0000 -0.6922 0.7217
vn 0.1408 -0.6922 0.7078
vn 0.2762 -0.6922 0.6668
vn 0.4010 -0.6922 0.6001
vn 0.5103 -0.6922 0.5103
vn 0.6001 -0.6922 0.4010
vn 0.6668 -0.6922 0.2762
vn 0.7078 -0.6922 0.1408
vn 0.5743 -0.8106 -0.1142
vn 0.5855 -0.8106 -0.0000
vn 0.5410 -0.8106 -0.2241
vn 0.4869 -0.8106 -0.3253
vn 0.4140 -0.8106 -0.4140
vn 0.3253 -0.8106 -0.4869
vn 0.2241 -0.8106 -0.5410
vn 0.1142 -0.8106 -0.5743
vn -0.0000 -0.8106 -0.5855
vn -0.1142 -0.8106 -0.5743
vn -0.2241 -0.8106 -0.5410
vn -0.3253 -0.8106 -0.4869
vn -0.4140 -0.8106 -0.4140
vn -0.4869 -0.8106 -0.3253
vn -0.5410 -0.8106 -0.2241
vn -0.5743 -0.8106 -0.1142
vn -0.5855 -0.8106 -0.0000
vn -0.5743 -0.8106 0.1142
vn -0.5410 -0.8106 0.2241
vn -0.4869 -0.8106 0.3253
vn -0.4140 -0.8106 0.4140
vn -0.3253 -0.8106 0.4869
vn -0.2241 -0.8106 0.5410
vn -0.1142 -0.8106 0.5743
vn -0.0000 -0.8106 0.5855
vn 0.1142 -0.8106 0.5743
vn 0.2241 -0.8106 0.5410
vn 0.3253 -0.8106 0.4869
vn 0.4140 -0.8106 0.4140
vn 0.4869 -0.8106 0.3253
vn 0.5410 -0.8106 0.2241
vn 0.5743 -0.8106 0.1142
vn 0.7644 -0.6265 -0.1521
vn 0.7794 -0.6265 -0.0000
vn 0.7201 -0.6265 -0.2983
vn 0.6480 -0.6265 -0.4330
vn 0.5511 -0.6265 -0.5511
vn 0.4330 -0.6265 -0.6480
vn 0.2983 -0.6265 -0.7201
vn 0.1521 -0.6265 -0.7644
vn -0.0000 -0.6265 -0.7794
vn -0.1521 -0.6265 -0.7644
vn -0.2983 -0.6265 -0.7201
vn -0.4330 -0.6265 -0.6480
vn -0.5511 -0.6265 -0.5511
vn -0.6480 -0.6265 -0.4330
vn -0.7201 -0.6265 -0.2983
vn -0.7644 -0.6265 -0.1521
vn -0.7794 -0.6265 -0.0000
vn -0.7644 -0.6265 0.1521
vn -0.7201 -0.6265 0.2983
vn -0.6480 -0.6265 0.4330
vn -0.5511 -0.6265 0.5511
vn -0.4330 -0.6265 0.6480
vn -0.2983 -0.6265 0.7201
vn -0.1521 -0.6265 0.7644
vn -0.0000 -0.6265 0.7794
vn 0.1520 -0.6265 0.7644
vn 0.2983 -0.6265 0.7201
vn 0.4330 -0.6265 0.6480
vn 0.5511 -0.6265 0.5511
vn 0.6480 -0.6265 0.4330
vn 0.7201 -0.6265 0.2983
vn 0.7644 -0.6265 0.1521
vn 0.9808 0.0044 -0.1951
vn 1.0000 0.0044 -0.0000
vn 0.9239 0.0044 -0.3827
vn 0.8315 0.0044 -0.5556
vn 0.7071 0.0044 -0.7071
vn 0.5556 0.0044 -0.8315
vn 0.3827 0.0044 -0.9239
vn 0.1951 0.0044 -0.9808
vn -0.0000 0.0044 -1.0000
vn -0.1951 0.0044 -0.9808
vn -0.3827 0.0044 -0.9239
vn -0.8315 0.0044 -0.5556
vn -0.9239 0.0044 -0.3827
vn -0.9808 0.0044 -0.1951
vn -1.0000 0.0044 -0.0000
vn -0.9808 0.0044 0.1951
vn -0.9239 0.0044 0.3827
vn -0.8315 0.0044 0.5556
vn -0.7071 0.0044 0.7071
vn -0.5556 0.0044 0.8315
vn -0.3827 0.0044 0.9239
vn -0.1951 0.0044 0.9808
vn -0.0000 0.0044 1.0000
vn 0.1951 0.0044 0.9808
vn 0.3827 0.0044 0.9239
vn 0.5556 0.0044 0.8315
vn 0.7071 0.0044 0.7071
vn 0.8315 0.0044 0.5556
vn 0.9239 0.0044 0.3827
vn 0.9808 0.0044 0.1951
vn 0.8602 0.4804 -0.1711
vn 0.8770 0.4804 -0.0000
vn 0.8103 0.4804 -0.3356
vn 0.7292 0.4804 -0.4872
vn 0.6202 0.4804 -0.6202
vn 0.4873 0.4804 -0.7292
vn 0.3356 0.4804 -0.8103
vn 0.1711 0.4804 -0.8602
vn -0.0000 0.4804 -0.8770
vn -0.1711 0.4804 -0.8602
vn -0.3356 0.4804 -0.8103
vn -0.4873 0.4804 -0.7292
vn -0.6202 0.4804 -0.6202
vn -0.7292 0.4804 -0.4872
vn -0.8103 0.4804 -0.3356
vn -0.8602 0.4804 -0.1711
vn -0.8770 0.4804 -0.0000
vn -0.8602 0.4804 0.1711
vn -0.8103 0.4804 0.3356
vn -0.7292 0.4804 0.4873
vn -0.6202 0.4804 0.6202
vn -0.4873 0.4804 0.7292
vn -0.3356 0.4804 0.8103
vn -0.1711 0.4804 0.8602
vn -0.0000 0.4804 0.8770
vn 0.1711 0.4804 0.8602
vn 0.3356 0.4804 0.8103
vn 0.4873 0.4804 0.7292
vn 0.6202 0.4804 0.6202
vn 0.7292 0.4804 0.4873
vn 0.8103 0.4804 0.3356
vn 0.8602 0.4804 0.1711
vn 0.7175 0.6818 -0.1427
vn 0.7316 0.6818 -0.0000
vn 0.6759 0.6818 -0.2800
vn 0.6083 0.6818 -0.4064
vn 0.5173 0.6818 -0.5173
vn 0.4064 0.6818 -0.6083
vn 0.2800 0.6818 -0.6759
vn 0.1427 0.6818 -0.7175
vn -0.0000 0.6818 -0.7316
vn -0.1427 0.6818 -0.7175
vn -0.2800 0.6818 -0.6759
vn -0.4064 0.6818 -0.6083
vn -0.5173 0.6818 -0.5173
vn -0.6083 0.6818 -0.4064
vn -0.6759 0.6818 -0.2799
vn -0.7175 0.6818 -0.1427
vn -0.7316 0.6818 -0.0000
vn -0.7175 0.6818 0.1427
vn -0.6759 0.6818 0.2799
vn -0.6083 0.6818 0.4064
vn -0.5173 0.6818 0.5173
vn -0.4064 0.6818 0.6083
vn -0.2800 0.6818 0.6759
vn -0.1427 0.6818 0.7175
vn -0.0000 0.6818 0.7316
vn 0.1427 0.6818 0.7175
vn 0.2800 0.6818 0.6759
vn 0.4064 0.6818 0.6083
vn 0.5173 0.6818 0.5173
vn 0.6083 0.6818 0.4064
vn 0.6759 0.6818 0.2800
vn 0.7175 0.6818 0.1427
vn 0.5782 0.8078 -0.1150
vn 0.5895 0.8078 -0.0000
vn 0.5446 0.8078 -0.2256
vn 0.4901 0.8078 -0.3275
vn 0.4168 0.8078 -0.4168
vn 0.3275 0.8078 -0.4901
vn 0.2256 0.8078 -0.5446
vn 0.1150 0.8078 -0.5782
vn -0.0000 0.8078 -0.5895
vn -0.1150 0.8078 -0.5782
vn -0.2256 0.8078 -0.5446
vn -0.3275 0.8078 -0.4901
vn -0.4168 0.8078 -0.4168
vn -0.4901 0.8078 -0.3275
vn -0.5446 0.8078 -0.2256
vn -0.5781 0.8078 -0.1150
vn -0.5895 0.8078 -0.0000
vn -0.5782 0.8078 0.1150
vn -0.5446 0.8078 0.2256
vn -0.4901 0.8078 0.3275
vn -0.4168 0.8078 0.4168
vn -0.3275 0.8078 0.4901
vn -0.2256 0.8078 0.5446
vn -0.1150 0.8078 0.5782
vn -0.0000 0.8078 0.5895
vn 0.1150 0.8078 0.5782
vn 0.2256 0.8078 0.5446
vn 0.3275 0.8078 0.4901
vn 0.4168 0.8078 0.4168
vn 0.4901 0.8078 0.3275
vn 0.5446 0.8078 0.2256
vn 0.5782 0.8078 0.1150
vn 0.4274 0.9000 -0.0850
vn 0.4358 0.9000 -0.0000
vn 0.4026 0.9000 -0.1668
vn 0.3624 0.9000 -0.2421
vn 0.3082 0.9000 -0.3082
vn 0.2421 0.9000 -0.3624
vn 0.1668 0.9000 -0.4026
vn 0.0850 0.9000 -0.4274
vn -0.0000 0.9000 -0.4358
vn -0.0850 0.9000 -0.4274
vn -0.1668 0.9000 -0.4026
vn -0.2421 0.9000 -0.3624
vn -0.3082 0.9000 -0.3082
vn -0.3624 0.9000 -0.2421
vn -0.4026 0.9000 -0.1668
vn -0.4274 0.9000 -0.0850
vn -0.4358 0.9000 -0.0000
vn -0.4274 0.9000 0.0850
vn -0.4026 0.9000 0.1668
vn -0.3624 0.9000 0.2421
vn -0.3082 0.9000 0.3082
vn -0.2421 0.9000 0.3624
vn -0.1668 0.9000 0.4026
vn -0.0850 0.9000 0.4274
vn -0.0000 0.9000 0.4358
vn 0.0850 0.9000 0.4274
vn 0.1668 0.9000 0.4026
vn 0.2421 0.9000 0.3624
vn 0.3082 0.9000 0.3082
vn 0.3624 0.9000 0.2421
vn 0.4026 0.9000 0.1668
vn 0.4274 0.9000 0.0850
vn 0.2597 0.9643 -0.0517
vn 0.2648 0.9643 -0.0000
vn 0.2446 0.9643 -0.1013
vn 0.2202 0.9643 -0.1471
vn 0.1872 0.9643 -0.1872
vn 0.1471 0.9643 -0.2202
vn 0.1013 0.9643 -0.2446
vn 0.0517 0.9643 -0.2597
vn -0.0000 0.9643 -0.2648
vn -0.0517 0.9643 -0.2597
vn -0.1013 0.9643 -0.2446
vn -0.1471 0.9643 -0.2202
vn -0.1872 0.9643 -0.1872
vn -0.2202 0.9643 -0.1471
vn -0.2446 0.9643 -0.1013
vn -0.2597 0.9643 -0.0517
vn -0.2648 0.9643 -0.0000
vn -0.2597 0.9643 0.0517
vn -0.2446 0.9643 0.1013
vn -0.2202 0.9643 0.1471
vn -0.1872 0.9643 0.1872
vn -0.1471 0.9643 0.2202
vn -0.1013 0.9643 0.2446
vn -0.0517 0.9643 0.2597
vn -0.0000 0.9643 0.2648
vn 0.0517 0.9643 0.2597
vn 0.1013 0.9643 0.2446
vn 0.1471 0.9643 0.2202
vn 0.1872 0.9643 0.1872
vn 0.2202 0.9643 0.1471
vn 0.2446 0.9643 0.1013
vn 0.2597 0.9643 0.0517
vn 0.0782 0.9968 -0.0156
vn 0.0798 0.9968 -0.0000
vn 0.0737 0.9968 -0.0305
vn 0.0663 0.9968 -0.0443
vn 0.0564 0.9968 -0.0564
vn 0.0443 0.9968 -0.0663
vn 0.0305 0.9968 -0.0737
vn 0.0156 0.9968 -0.0783
vn -0.0000 0.9968 -0.0798
vn -0.0156 0.9968 -0.0782
vn -0.0305 0.9968 -0.0737
vn -0.0443 0.9968 -0.0663
vn -0.0564 0.9968 -0.0564
vn -0.0663 0.9968 -0.0443
vn -0.0737 0.9968 -0.0305
vn -0.0782 0.9968 -0.0156
vn -0.0798 0.9968 -0.0000
vn -0.0782 0.9968 0.0156
vn -0.0737 0.9968 0.0305
vn -0.0663 0.9968 0.0443
vn -0.0564 0.9968 0.0564
vn -0.0443 0.9968 0.0663
vn -0.0305 0.9968 0.0737
vn -0.0156 0.9968 0.0782
vn -0.0000 0.9968 0.0798
vn 0.0156 0.9968 0.0782
vn 0.0305 0.9968 0.0737
vn 0.0443 0.9968 0.0663
vn 0.0564 0.9968 0.0564
vn 0.0663 0.9968 0.0443
vn 0.0737 0.9968 0.0305
vn 0.0782 0.9968 0.0156
vn -0.1060 0.9941 0.0211
vn -0.1080 0.9941 -0.0000
vn -0.0998 0.9941 0.0413
vn -0.0898 0.9941 0.0600
vn -0.0764 0.9941 0.0764
vn -0.0600 0.9941 0.0898
vn -0.0413 0.9941 0.0998
vn -0.0211 0.9941 0.1060
vn -0.0000 0.9941 0.1080
vn 0.0211 0.9941 0.1060
vn 0.0413 0.9941 0.0998
vn 0.0600 0.9941 0.0898
vn 0.0764 0.9941 0.0764
vn 0.0898 0.9941 0.0600
vn 0.0998 0.9941 0.0413
vn 0.1060 0.9941 0.0211
vn 0.1080 0.9941 -0.0000
vn 0.1060 0.9941 -0.0211
vn 0.0998 0.9941 -0.0413
vn 0.0898 0.9941 -0.0600
vn 0.0764 0.9941 -0.0764
vn 0.0600 0.9941 -0.0898
vn 0.0413 0.9941 -0.0998
vn 0.0211 0.9941 -0.1060
vn -0.0000 0.9941 -0.1080
vn -0.0211 0.9941 -0.1060
vn -0.0413 0.9941 -0.0998
vn -0.0600 0.9941 -0.0898
vn -0.0764 0.9941 -0.0764
vn -0.0898 0.9941 -0.0600
vn -0.0998 0.9941 -0.0413
vn -0.1060 0.9941 -0.0211
vn -0.2788 0.9587 0.0555
vn -0.2843 0.9587 -0.0000
vn -0.2626 0.9587 0.1088
vn -0.2364 0.9587 0.1579
vn -0.2010 0.9587 0.2010
vn -0.1579 0.9587 0.2364
vn -0.1088 0.9587 0.2626
vn -0.0555 0.9587 0.2788
vn -0.0000 0.9587 0.2843
vn 0.0555 0.9587 0.2788
vn 0.1088 0.9587 0.2626
vn 0.1579 0.9587 0.2364
vn 0.2010 0.9587 0.2010
vn 0.2364 0.9587 0.1579
vn 0.2626 0.9587 0.1088
vn 0.2788 0.9587 0.0555
vn 0.2843 0.9587 -0.0000
vn 0.2788 0.9587 -0.0555
vn 0.2626 0.9587 -0.1088
vn 0.2364 0.9587 -0.1579
vn 0.2010 0.9587 -0.2010
vn 0.1579 0.9587 -0.2364
vn 0.1088 0.9587 -0.2626
vn 0.0555 0.9587 -0.2788
vn -0.0000 0.9587 -0.2843
vn -0.0555 0.9587 -0.2788
vn -0.1088 0.9587 -0.2626
vn -0.1579 0.9587 -0.2364
vn -0.2010 0.9587 -0.2010
vn -0.2364 0.9587 -0.1579
vn -0.2626 0.9587 -0.1088
vn -0.2788 0.9587 -0.0555
vn -0.4290 0.8993 0.0853
vn -0.4374 0.8993 -0.0000
vn -0.4041 0.8993 0.1674
vn -0.3637 0.8993 0.2430
vn -0.3093 0.8993 0.3093
vn -0.2430 0.8993 0.3637
vn -0.1674 0.8993 0.4041
vn -0.0853 0.8993 0.4290
vn -0.0000 0.8993 0.4374
vn 0.0853 0.8993 0.4290
vn 0.1674 0.8993 0.4041
vn 0.2430 0.8993 0.3637
vn 0.3093 0.8993 0.3093
vn 0.3637 0.8993 0.2430
vn 0.4041 0.8993 0.1674
vn 0.4290 0.8993 0.0853
vn 0.4374 0.8993 -0.0000
vn 0.4290 0.8993 -0.0853
vn 0.4041 0.8993 -0.1674
vn 0.3637 0.8993 -0.2430
vn 0.3093 0.8993 -0.3093
vn 0.2430 0.8993 -0.3637
vn 0.1674 0.8993 -0.4041
vn 0.0853 0.8993 -0.4290
vn -0.0000 0.8993 -0.4374
vn -0.0853 0.8993 -0.4290
vn -0.1674 0.8993 -0.4041
vn -0.2430 0.8993 -0.3637
vn -0.3093 0.8993 -0.3093
vn -0.3637 0.8993 -0.2430
vn -0.4041 0.8993 -0.1674
vn -0.4290 0.8993 -0.0853
vn -0.5517 0.8268 0.1097
vn -0.5625 0.8268 -0.0000
vn -0.5197 0.8268 0.2153
vn -0.4677 0.8268 0.3125
vn -0.3977 0.8268 0.3977
vn -0.3125 0.8268 0.4677
vn -0.2153 0.8268 0.5197
vn -0.1097 0.8268 0.5517
vn -0.0000 0.8268 0.5625
vn 0.1097 0.8268 0.5517
vn 0.2153 0.8268 0.5197
vn 0.3125 0.8268 0.4677
vn 0.3977 0.8268 0.3977
vn 0.4677 0.8268 0.3125
vn 0.5197 0.8268 0.2153
vn 0.5517 0.8268 0.1097
vn 0.5625 0.8268 -0.0000
vn 0.5517 0.8268 -0.1097
vn 0.5197 0.8268 -0.2153
vn 0.4677 0.8268 -0.3125
vn 0.3977 0.8268 -0.3977
vn 0.3125 0.8268 -0.4677
vn 0.2153 0.8268 -0.5197
vn 0.1097 0.8268 -0.5517
vn -0.0000 0.8268 -0.5625
vn -0.1097 0.8268 -0.5517
vn -0.2153 0.8268 -0.5197
vn -0.3125 0.8268 -0.4677
vn -0.3977 0.8268 -0.3977
vn -0.4677 0.8268 -0.3125
vn -0.5197 0.8268 -0.2153
vn -0.5517 0.8268 -0.1097
vn -0.5828 0.8043 0.1159
vn -0.5942 0.8043 -0.0000
vn -0.5490 0.8043 0.2274
vn -0.4941 0.8043 0.3302
vn -0.4202 0.8043 0.4202
vn -0.3301 0.8043 0.4941
vn -0.2274 0.8043 0.5490
vn -0.1159 0.8043 0.5828
vn -0.0000 0.8043 0.5942
vn 0.1159 0.8043 0.5828
vn 0.2274 0.8043 0.5490
vn 0.3301 0.8043 0.4941
vn 0.4202 0.8043 0.4202
vn 0.4941 0.8043 0.3301
vn 0.5490 0.8043 0.2274
vn 0.5828 0.8043 0.1159
vn 0.5942 0.8043 -0.0000
vn 0.5828 0.8043 -0.1159
vn 0.5490 0.8043 -0.2274
vn 0.4941 0.8043 -0.3301
vn 0.4202 0.8043 -0.4202
vn 0.3301 0.8043 -0.4941
vn 0.2274 0.8043 -0.5490
vn 0.1159 0.8043 -0.5828
vn -0.0000 0.8043 -0.5942
vn -0.1159 0.8043 -0.5828
vn -0.2274 0.8043 -0.5490
vn -0.3301 0.8043 -0.4941
vn -0.4202 0.8043 -0.4202
vn -0.4941 0.8043 -0.3302
vn -0.5490 0.8043 -0.2274
vn -0.5828 0.8043 -0.1159
vn -0.5324 0.8398 0.1059
vn -0.5428 0.8398 -0.0000
vn -0.5015 0.8398 0.2077
vn -0.4514 0.8398 0.3016
vn -0.3838 0.8398 0.3839
vn -0.3016 0.8398 0.4514
vn -0.2077 0.8398 0.5015
vn -0.1059 0.8398 0.5324
vn -0.0000 0.8398 0.5428
vn 0.1059 0.8398 0.5324
vn 0.2077 0.8398 0.5015
vn 0.3016 0.8398 0.4513
vn 0.3838 0.8398 0.3839
vn 0.4514 0.8398 0.3016
vn 0.5015 0.8398 0.2077
vn 0.5324 0.8398 0.1059
vn 0.5428 0.8398 -0.0000
vn 0.5324 0.8398 -0.1059
vn 0.5015 0.8398 -0.2077
vn 0.4514 0.8398 -0.3016
vn 0.3838 0.8398 -0.3839
vn 0.3016 0.8398 -0.4513
vn 0.2077 0.8398 -0.5015
vn 0.1059 0.8398 -0.5324
vn -0.0000 0.8398 -0.5428
vn -0.1059 0.8398 -0.5324
vn -0.2077 0.8398 -0.5015
vn -0.3016 0.8398 -0.4513
vn -0.3838 0.8398 -0.3838
vn -0.4514 0.8398 -0.3016
vn -0.5015 0.8398 -0.2077
vn -0.5324 0.8398 -0.1059
vn -0.4052 0.9107 0.0806
vn -0.4132 0.9107 -0.0000
vn -0.3817 0.9107 0.1581
vn -0.3435 0.9107 0.2295
vn -0.2921 0.9107 0.2922
vn -0.2295 0.9107 0.3435
vn -0.1581 0.9107 0.3817
vn -0.0806 0.9107 0.4052
vn -0.0000 0.9107 0.4131
vn 0.0806 0.9106 0.4053
vn 0.1581 0.9107 0.3817
vn 0.2295 0.9107 0.3435
vn 0.2921 0.9106 0.2922
vn 0.3435 0.9107 0.2295
vn 0.3817 0.9107 0.1581
vn 0.4052 0.9107 0.0806
vn 0.4132 0.9107 -0.0000
vn 0.4052 0.9107 -0.0806
vn 0.3817 0.9107 -0.1581
vn 0.3435 0.9107 -0.2295
vn 0.2921 0.9106 -0.2922
vn 0.2295 0.9106 -0.3436
vn 0.1581 0.9107 -0.3817
vn 0.0806 0.9107 -0.4052
vn -0.0000 0.9107 -0.4131
vn -0.0806 0.9106 -0.4052
vn -0.1581 0.9107 -0.3817
vn -0.2295 0.9107 -0.3435
vn -0.2921 0.9107 -0.2921
vn -0.3435 0.9107 -0.2295
vn -0.3817 0.9107 -0.1581
vn -0.4052 0.9107 -0.0806
vn 0.2476 0.9676 -0.0492
vn 0.2525 0.9676 -0.0000
vn 0.2333 0.9676 -0.0966
vn 0.2099 0.9676 -0.1402
vn 0.1785 0.9676 -0.1784
vn 0.1402 0.9676 -0.2100
vn 0.0966 0.9676 -0.2334
vn 0.0493 0.9676 -0.2476
vn -0.0000 0.9676 -0.2524
vn -0.0492 0.9676 -0.2476
vn -0.0966 0.9676 -0.2333
vn -0.1403 0.9676 -0.2099
vn -0.1785 0.9676 -0.1784
vn -0.2099 0.9676 -0.1403
vn -0.2332 0.9676 -0.0966
vn -0.2476 0.9676 -0.0492
vn -0.2525 0.9676 -0.0000
vn -0.2476 0.9676 0.0492
vn -0.2332 0.9676 0.0966
vn -0.2099 0.9676 0.1403
vn -0.1785 0.9676 0.1784
vn -0.1403 0.9676 0.2098
vn -0.0966 0.9676 0.2333
vn -0.0493 0.9676 0.2476
vn -0.0000 0.9676 0.2524
vn 0.0492 0.9676 0.2476
vn 0.0966 0.9676 0.2333
vn 0.1403 0.9676 0.2099
vn 0.1786 0.9676 0.1783
vn 0.2099 0.9676 0.1402
vn 0.2332 0.9676 0.0966
vn 0.2476 0.9676 0.0492
vn 0.9495 0.2504 -0.1888
vn 0.9681 0.2504 -0.0000
vn 0.8945 0.2504 -0.3705
vn 0.8050 0.2504 -0.5378
vn 0.6846 0.2504 -0.6845
vn 0.5378 0.2503 -0.8050
vn 0.3704 0.2504 -0.8945
vn 0.1889 0.2505 -0.9495
vn -0.0000 0.2505 -0.9681
vn -0.1889 0.2504 -0.9496
vn -0.3705 0.2504 -0.8945
vn -0.5379 0.2504 -0.8050
vn -0.6846 0.2504 -0.6845
vn -0.8050 0.2504 -0.5379
vn -0.8944 0.2504 -0.3705
vn -0.9495 0.2504 -0.1888
vn -0.9681 0.2504 -0.0000
vn -0.9495 0.2504 0.1888
vn -0.8944 0.2504 0.3705
vn -0.8050 0.2504 0.5379
vn -0.6846 0.2504 0.6845
vn -0.5379 0.2504 0.8050
vn -0.3705 0.2504 0.8945
vn -0.1889 0.2505 0.9495
vn -0.0000 0.2505 0.9681
vn 0.1889 0.2504 0.9495
vn 0.3705 0.2504 0.8945
vn 0.5379 0.2504 0.8050
vn 0.6846 0.2505 0.6845
vn 0.8050 0.2504 0.5378
vn 0.8944 0.2504 0.3705
vn 0.9495 0.2504 0.1889
vn 0.1398 0.9898 0.0278
vn 0.1425 0.9898 -0.0000
vn 0.1317 0.9898 -0.0545
vn 0.1185 0.9898 -0.0792
vn 0.1008 0.9898 -0.1008
vn 0.0792 0.9898 -0.1185
vn 0.0545 0.9898 -0.1317
vn 0.0278 0.9898 -0.1398
vn -0.0000 0.9898 -0.1425
vn -0.0278 0.9898 -0.1398
vn -0.0545 0.9898 -0.1317
vn -0.0792 0.9898 -0.1185
vn -0.1008 0.9898 -0.1008
vn -0.1185 0.9898 -0.0792
vn -0.1317 0.9898 -0.0545
vn -0.1398 0.9898 -0.0278
vn -0.1425 0.9898 -0.0000
vn -0.1398 0.9898 0.0278
vn -0.1317 0.9898 0.0545
vn -0.1185 0.9898 0.0792
vn -0.1008 0.9898 0.1008
vn -0.0792 0.9898 0.1185
vn -0.0545 0.9898 0.1317
vn -0.0278 0.9898 0.1398
vn -0.0000 0.9898 0.1425
vn 0.0278 0.9898 0.1398
vn 0.0545 0.9898 0.1317
vn 0.0792 0.9898 0.1185
vn 0.1008 0.9898 0.1008
vn 0.1185 0.9898 0.0792
vn 0.1317 0.9898 0.0545
vn 0.1398 0.9898 -0.0278
vn 0.9784 -0.0694 -0.1946
vn 0.9976 -0.0694 -0.0000
vn 0.9217 -0.0694 -0.3818
vn 0.8295 -0.0694 -0.5542
vn 0.7054 -0.0694 -0.7054
vn 0.5542 -0.0694 -0.8295
vn 0.3818 -0.0694 -0.9217
vn 0.1946 -0.0694 -0.9784
vn -0.0000 -0.0694 -0.9976
vn -0.1946 -0.0694 -0.9784
vn -0.3818 -0.0694 -0.9217
vn -0.5542 -0.0694 -0.8295
vn -0.7054 -0.0694 -0.7054
vn -0.8295 -0.0694 -0.5542
vn -0.9217 -0.0694 -0.3818
vn -0.9784 -0.0694 -0.1946
vn -0.9976 -0.0694 -0.0000
vn -0.9784 -0.0694 0.1946
vn -0.9217 -0.0694 0.3818
vn -0.8295 -0.0694 0.5542
vn -0.7054 -0.0694 0.7054
vn -0.5542 -0.0694 0.8295
vn -0.3818 -0.0694 0.9217
vn -0.1946 -0.0694 0.9784
vn -0.0000 -0.0694 0.9976
vn 0.1946 -0.0694 0.9784
vn 0.3818 -0.0694 0.9217
vn 0.5542 -0.0694 0.8295
vn 0.7054 -0.0694 0.7054
vn 0.8295 -0.0694 0.5542
vn 0.9217 -0.0694 0.3818
vn 0.9784 -0.0694 0.1946
vn 0.9148 0.3605 -0.1820
vn 0.9328 0.3605 -0.0000
vn 0.5482 0.8292 -0.1090
vn 0.5589 0.8292 -0.0000
vn 0.8618 0.3605 -0.3570
vn 0.5164 0.8292 -0.2139
vn 0.7756 0.3605 -0.5182
vn 0.4647 0.8292 -0.3105
vn 0.6596 0.3605 -0.6596
vn 0.3952 0.8292 -0.3952
vn 0.5182 0.3605 -0.7756
vn 0.3105 0.8292 -0.4647
vn 0.3570 0.3605 -0.8618
vn 0.2139 0.8292 -0.5164
vn 0.1820 0.3605 -0.9148
vn 0.1090 0.8292 -0.5482
vn -0.0000 0.3605 -0.9328
vn -0.0000 0.8292 -0.5589
vn -0.1820 0.3605 -0.9148
vn -0.1090 0.8292 -0.5482
vn -0.3570 0.3605 -0.8618
vn -0.2139 0.8292 -0.5164
vn -0.5182 0.3605 -0.7756
vn -0.3105 0.8292 -0.4647
vn -0.6596 0.3605 -0.6596
vn -0.3952 0.8292 -0.3952
vn -0.7756 0.3605 -0.5182
vn -0.4647 0.8292 -0.3105
vn -0.8618 0.3605 -0.3570
vn -0.5164 0.8292 -0.2139
vn -0.9148 0.3605 -0.1820
vn -0.5482 0.8292 -0.1090
vn -0.9328 0.3605 -0.0000
vn -0.5589 0.8292 -0.0000
vn -0.9148 0.3605 0.1820
vn -0.5482 0.8292 0.1090
vn -0.8618 0.3605 0.3570
vn -0.5164 0.8292 0.2139
vn -0.7756 0.3605 0.5182
vn -0.4647 0.8292 0.3105
vn -0.6596 0.3605 0.6596
vn -0.3952 0.8292 0.3952
vn -0.5182 0.3605 0.7756
vn -0.3105 0.8292 0.4647
vn -0.3569 0.3605 0.8618
vn -0.2139 0.8292 0.5164
vn -0.1820 0.3605 0.9148
vn -0.1090 0.8292 0.5482
vn -0.0000 0.3605 0.9328
vn -0.0000 0.8292 0.5589
vn 0.1820 0.3605 0.9148
vn 0.1090 0.8292 0.5482
vn 0.3570 0.3605 0.8618
vn 0.2139 0.8292 0.5164
vn 0.5182 0.3605 0.7756
vn 0.3105 0.8292 0.4647
vn 0.6596 0.3605 0.6596
vn 0.3952 0.8292 0.3952
vn 0.7756 0.3605 0.5182
vn 0.4647 0.8292 0.3105
vn 0.8618 0.3605 0.3570
vn 0.5164 0.8292 0.2139
vn 0.9148 0.3605 0.1820
vn 0.5482 0.8292 0.1090
vn 0.2764 0.4472 0.8506
vn 0.4915 0.5038 0.7103
vn 0.2308 0.6650 0.7103
vn -0.7236 0.4472 0.5257
vn -0.5237 0.5038 0.6870
vn -0.6042 0.6650 0.4390
vn -0.7236 0.4472 -0.5257
vn -0.8152 0.5038 -0.2857
vn -0.6042 0.6650 -0.4390
vn 0.2764 0.4472 -0.8506
vn 0.0198 0.5038 -0.8636
vn 0.2308 0.6650 -0.7103
vn 0.8944 0.4472 -0.0000
vn 0.8274 0.5038 -0.2480
vn 0.7469 0.6650 -0.0000
vn 0.2608 0.9654 -0.0000
vn 0.0806 0.9654 -0.2480
vn 0.5257 0.8507 -0.0000
vn 0.3682 0.8904 -0.2675
vn 0.6317 0.7275 -0.2675
vn 0.1625 0.8507 -0.5000
vn 0.4496 0.7276 -0.5182
vn 0.6882 0.5257 -0.5000
vn 0.4915 0.5038 -0.7103
vn -0.2110 0.9654 -0.1533
vn -0.1406 0.8904 -0.4329
vn -0.0592 0.7276 -0.6835
vn -0.4253 0.8507 -0.3090
vn -0.3539 0.7276 -0.5878
vn -0.2629 0.5257 -0.8090
vn -0.5237 0.5038 -0.6870
vn -0.2110 0.9654 0.1533
vn -0.4551 0.8904 -0.0000
vn -0.6683 0.7276 -0.1549
vn -0.4253 0.8507 0.3090
vn -0.6683 0.7276 0.1549
vn -0.8506 0.5257 -0.0000
vn -0.8152 0.5038 0.2857
vn 0.0806 0.9654 0.2480
vn -0.1406 0.8904 0.4328
vn -0.3539 0.7276 0.5878
vn 0.1625 0.8507 0.5000
vn -0.0592 0.7276 0.6835
vn -0.2629 0.5257 0.8090
vn 0.0198 0.5038 0.8636
vn 0.3682 0.8904 0.2675
vn 0.4496 0.7276 0.5182
vn 0.6317 0.7275 0.2675
vn 0.6882 0.5257 0.5000
vn 0.8274 0.5038 0.2480
vn 0.9578 0.2431 -0.1533
vn 0.9432 0.1169 -0.3109
vn 0.8593 0.2724 -0.4329
vn 0.8023 0.1283 -0.5829
vn 0.6772 0.2724 -0.6835
vn 0.5872 0.1169 -0.8010
vn 0.4417 0.2431 -0.8636
vn 0.1502 0.2431 -0.9583
vn -0.0042 0.1169 -0.9931
vn -0.1461 0.2724 -0.9510
vn -0.3065 0.1283 -0.9432
vn -0.4408 0.2724 -0.8553
vn -0.5803 0.1169 -0.8060
vn -0.6848 0.2431 -0.6870
vn -0.8650 0.2431 -0.4390
vn -0.9458 0.1169 -0.3029
vn -0.9496 0.2724 -0.1549
vn -0.9917 0.1283 -0.0000
vn -0.9496 0.2724 0.1549
vn -0.9458 0.1169 0.3029
vn -0.8650 0.2431 0.4390
vn -0.6848 0.2431 0.6870
vn -0.5803 0.1169 0.8060
vn -0.4408 0.2724 0.8553
vn -0.3065 0.1283 0.9432
vn -0.1461 0.2724 0.9510
vn -0.0042 0.1169 0.9931
vn 0.1502 0.2431 0.9583
vn 0.4417 0.2431 0.8636
vn 0.5872 0.1169 0.8010
vn 0.6772 0.2724 0.6835
vn 0.8023 0.1283 0.5829
vn 0.8593 0.2724 0.4329
vn 0.9432 0.1169 0.3109
vn 0.9578 0.2431 0.1533
vn 0.3071 0.1105 -0.9452
vn -0.8041 0.1105 -0.5842
vn -0.8041 0.1105 0.5842
vn 0.3071 0.1105 0.9452
vn 0.9939 0.1105 -0.0000
vn 0.2110 -0.9654 0.1533
vn -0.0806 -0.9654 0.2480
vn 0.7236 -0.4472 0.5257
vn 0.6042 -0.6650 0.4390
vn 0.8152 -0.5038 0.2857
vn -0.2607 -0.9654 -0.0000
vn -0.0806 -0.9654 -0.2480
vn 0.2109 -0.9654 -0.1533
vn 0.8650 -0.2431 0.4390
vn -0.2764 -0.4472 0.8507
vn -0.0198 -0.5038 0.8636
vn -0.1502 -0.2431 0.9583
vn -0.8944 -0.4472 -0.0000
vn -0.8274 -0.5038 0.2480
vn -0.9578 -0.2431 0.1533
vn -0.2764 -0.4472 -0.8507
vn -0.4915 -0.5038 -0.7103
vn -0.4417 -0.2431 -0.8636
vn 0.7236 -0.4472 -0.5257
vn 0.5237 -0.5038 -0.6870
vn 0.6848 -0.2431 -0.6870
vn 0.6848 -0.2431 0.6870
vn -0.4417 -0.2431 0.8636
vn -0.9578 -0.2431 -0.1533
vn -0.1502 -0.2431 -0.9583
vn 0.8650 -0.2431 -0.4390
vn 0.5257 0.8506 -0.0000
vn -0.2109 0.9654 -0.1533
vn -0.2109 0.9654 0.1533
vn -0.1406 0.8904 0.4329
vn 0.8275 0.5038 0.2480
vn 0.9511 -0.0000 -0.3090
vn 0.8090 0.0089 -0.5878
vn 0.5878 -0.0000 -0.8090
vn -0.3090 0.0089 -0.9510
vn -0.5878 -0.0000 -0.8090
vn -0.9511 -0.0000 -0.3090
vn -1.0000 0.0089 -0.0000
vn -0.9511 -0.0000 0.3090
vn -0.5878 -0.0000 0.8090
vn -0.3090 0.0089 0.9510
vn 0.5878 -0.0000 0.8090
vn 0.8090 0.0089 0.5878
vn 0.9511 -0.0000 0.3090
vn 0.3090 -0.0089 -0.9510
vn 0.4408 -0.2724 -0.8553
vn 0.1461 -0.2724 -0.9510
vn 0.2629 -0.5257 -0.8090
vn -0.0198 -0.5038 -0.8636
vn -0.8090 -0.0089 -0.5878
vn -0.6772 -0.2724 -0.6835
vn -0.8593 -0.2724 -0.4329
vn -0.6882 -0.5257 -0.5000
vn -0.8274 -0.5038 -0.2480
vn -0.8090 -0.0089 0.5878
vn -0.8593 -0.2724 0.4329
vn -0.6772 -0.2724 0.6835
vn -0.6882 -0.5257 0.5000
vn -0.4915 -0.5038 0.7103
vn 0.3090 -0.0089 0.9510
vn 0.1461 -0.2724 0.9510
vn 0.4408 -0.2724 0.8553
vn 0.2629 -0.5257 0.8090
vn 0.5237 -0.5038 0.6870
vn 1.0000 -0.0089 -0.0000
vn 0.9496 -0.2724 0.1549
vn 0.9496 -0.2724 -0.1549
vn 0.8506 -0.5257 -0.0000
vn 0.8152 -0.5038 -0.2857
vn 0.6042 -0.6650 -0.4390
vn 0.4253 -0.8507 -0.3090
vn 0.3539 -0.7276 -0.5878
vn 0.1406 -0.8904 -0.4329
vn 0.0592 -0.7276 -0.6835
vn -0.1625 -0.8507 -0.5000
vn -0.2308 -0.6650 -0.7103
vn -0.4496 -0.7276 -0.5182
vn -0.3682 -0.8904 -0.2675
vn -0.6317 -0.7275 -0.2675
vn -0.5257 -0.8507 -0.0000
vn -0.7469 -0.6650 -0.0000
vn -0.6317 -0.7275 0.2675
vn -0.3682 -0.8904 0.2675
vn -0.4496 -0.7276 0.5182
vn -0.1625 -0.8507 0.5000
vn -0.2308 -0.6650 0.7103
vn 0.6683 -0.7275 -0.1549
vn 0.6683 -0.7275 0.1549
vn 0.4551 -0.8904 -0.0000
vn 0.4253 -0.8507 0.3090
vn 0.0592 -0.7275 0.6835
vn 0.1406 -0.8904 0.4329
vn 0.3539 -0.7275 0.5878
vn 0.0980 -0.0000 -0.9952
vn 0.2903 -0.0000 -0.9569
vn 0.4714 -0.0000 -0.8819
vn 0.6344 -0.0000 -0.7730
vn 0.7730 -0.0000 -0.6344
vn 0.8819 -0.0000 -0.4714
vn 0.9569 -0.0000 -0.2903
vn 0.9952 -0.0000 -0.0980
vn 0.9952 -0.0000 0.0980
vn 0.9569 -0.0000 0.2903
vn 0.8819 -0.0000 0.4714
vn 0.7730 -0.0000 0.6344
vn 0.6344 -0.0000 0.7730
vn 0.4714 -0.0000 0.8819
vn 0.2903 -0.0000 0.9569
vn 0.0980 -0.0000 0.9952
vn -0.0980 -0.0000 0.9952
vn -0.2903 -0.0000 0.9569
vn -0.4714 -0.0000 0.8819
vn -0.6344 -0.0000 0.7730
vn -0.7730 -0.0000 0.6344
vn -0.8819 -0.0000 0.4714
vn -0.9569 -0.0000 0.2903
vn -0.9952 -0.0000 0.0980
vn -0.9952 -0.0000 -0.0980
vn -0.9569 -0.0000 -0.2903
vn -0.8819 -0.0000 -0.4714
vn -0.7730 -0.0000 -0.6344
vn -0.6344 -0.0000 -0.7730
vn -0.4714 -0.0000 -0.8819
vn -0.2903 -0.0000 -0.9569
vn -0.0980 -0.0000 -0.9952
vt 0.000000 0.000000
vt 0.031250 0.000000
vt 0.031250 0.000048
vt 0.000000 0.000048
vt 0.062500 0.000000
vt 0.062500 0.000048
vt 0.093750 0.000000
vt 0.093750 0.000048
vt 0.125000 0.000000
vt 0.125000 0.000048
vt 0.156250 0.000000
vt 0.156250 0.000048
vt 0.187500 0.000000
vt 0.187500 0.000048
vt 0.218750 0.000000
vt 0.218750 0.000048
vt 0.250000 0.000000
vt 0.250000 0.000048
vt 0.281250 0.000000
vt 0.281250 0.000048
vt 0.312500 0.000000
vt 0.312500 0.000048
vt 0.343750 0.000000
vt 0.343750 0.000048
vt 0.375000 0.000000
vt 0.375000 0.000048
vt 0.406250 0.000000
vt 0.406250 0.000048
vt 0.437500 0.000000
vt 0.437500 0.000048
vt 0.468750 0.000000
vt 0.468750 0.000048
vt 0.500000 0.000000
vt 0.500000 0.000048
vt 0.531250 0.000000
vt 0.531250 0.000048
vt 0.562500 0.000000
vt 0.562500 0.000048
vt 0.593750 0.000000
vt 0.593750 0.000048
vt 0.625000 0.000000
vt 0.625000 0.000048
vt 0.656250 0.000000
vt 0.656250 0.000048
vt 0.687500 0.000000
vt 0.687500 0.000048
vt 0.718750 0.000000
vt 0.718750 0.000048
vt 0.750000 0.000000
vt 0.750000 0.000048
vt 0.781250 0.000000
vt 0.781250 0.000048
vt 0.812500 0.000000
vt 0.812500 0.000048
vt 0.843750 0.000000
vt 0.843750 0.000048
vt 0.875000 0.000000
vt 0.875000 0.000048
vt 0.906250 0.000000
vt 0.906250 0.000048
vt 0.937500 0.000000
vt 0.937500 0.000048
vt 0.968750 0.000000
vt 0.968750 0.000048
vt 1.000000 0.000000
vt 1.000000 0.000048
vt 0.031250 0.000182
vt 0.000000 0.000182
vt 0.062500 0.000182
vt 0.093750 0.000182
vt 0.125000 0.000182
vt 0.156250 0.000182
vt 0.187500 0.000182
vt 0.218750 0.000182
vt 0.250000 0.000182
vt 0.281250 0.000182
vt 0.312500 0.000182
vt 0.343750 0.000182
vt 0.375000 0.000182
vt 0.406250 0.000182
vt 0.437500 0.000182
vt 0.468750 0.000182
vt 0.500000 0.000182
vt 0.531250 0.000182
vt 0.562500 0.000182
vt 0.593750 0.000182
vt 0.625000 0.000182
vt 0.656250 0.000182
vt 0.687500 0.000182
vt 0.718750 0.000182
vt 0.750000 0.000182
vt 0.781250 0.000182
vt 0.812500 0.000182
vt 0.843750 0.000182
vt 0.875000 0.000182
vt 0.906250 0.000182
vt 0.937500 0.000182
vt 0.968750 0.000182
vt 1.000000 0.000182
vt 0.031250 0.002644
vt 0.000000 0.002644
vt 0.062500 0.002644
vt 0.093750 0.002644
vt 0.125000 0.002644
vt 0.156250 0.002644
vt 0.187500 0.002644
vt 0.218750 0.002644
vt 0.250000 0.002644
vt 0.281250 0.002644
vt 0.312500 0.002644
vt 0.343750 0.002644
vt 0.375000 0.002644
vt 0.406250 0.002644
vt 0.437500 0.002644
vt 0.468750 0.002644
vt 0.500000 0.002644
vt 0.531250 0.002644
vt 0.562500 0.002644
vt 0.593750 0.002644
vt 0.625000 0.002644
vt 0.656250 0.002644
vt 0.687500 0.002644
vt 0.718750 0.002644
vt 0.750000 0.002644
vt 0.781250 0.002644
vt 0.812500 0.002644
vt 0.843750 0.002644
vt 0.875000 0.002644
vt 0.906250 0.002644
vt 0.937500 0.002644
vt 0.968750 0.002644
vt 1.000000 0.002644
vt 0.031250 0.003187
vt 0.000000 0.003187
vt 0.062500 0.003187
vt 0.093750 0.003187
vt 0.125000 0.003187
vt 0.156250 0.003187
vt 0.187500 0.003187
vt 0.218750 0.003187
vt 0.250000 0.003187
vt 0.281250 0.003187
vt 0.312500 0.003187
vt 0.343750 0.003187
vt 0.375000 0.003187
vt 0.406250 0.003187
vt 0.437500 0.003187
vt 0.468750 0.003187
vt 0.500000 0.003187
vt 0.531250 0.003187
vt 0.562500 0.003187
vt 0.593750 0.003187
vt 0.625000 0.003187
vt 0.656250 0.003187
vt 0.687500 0.003187
vt 0.718750 0.003187
vt 0.750000 0.003187
vt 0.781250 0.003187
vt 0.812500 0.003187
vt 0.843750 0.003187
vt 0.875000 0.003187
vt 0.906250 0.003187
vt 0.937500 0.003187
vt 0.968750 0.003187
vt 1.000000 0.003187
vt 0.031250 0.004041
vt 0.000000 0.004041
vt 0.062500 0.004041
vt 0.093750 0.004041
vt 0.125000 0.004041
vt 0.156250 0.004041
vt 0.187500 0.004041
vt 0.218750 0.004041
vt 0.250000 0.004041
vt 0.281250 0.004041
vt 0.312500 0.004041
vt 0.343750 0.004041
vt 0.375000 0.004041
vt 0.406250 0.004041
vt 0.437500 0.004041
vt 0.468750 0.004041
vt 0.500000 0.004041
vt 0.531250 0.004041
vt 0.562500 0.004041
vt 0.593750 0.004041
vt 0.625000 0.004041
vt 0.656250 0.004041
vt 0.687500 0.004041
vt 0.718750 0.004041
vt 0.750000 0.004041
vt 0.781250 0.004041
vt 0.812500 0.004041
vt 0.843750 0.004041
vt 0.875000 0.004041
vt 0.906250 0.004041
vt 0.937500 0.004041
vt 0.968750 0.004041
vt 1.000000 0.004041
vt 0.031250 0.005162
vt 0.000000 0.005162
vt 0.062500 0.005162
vt 0.093750 0.005162
vt 0.125000 0.005162
vt 0.156250 0.005162
vt 0.187500 0.005162
vt 0.218750 0.005162
vt 0.250000 0.005162
vt 0.281250 0.005162
vt 0.312500 0.005162
vt 0.343750 0.005162
vt 0.375000 0.005162
vt 0.406250 0.005162
vt 0.437500 0.005162
vt 0.468750 0.005162
vt 0.500000 0.005162
vt 0.531250 0.005162
vt 0.562500 0.005162
vt 0.593750 0.005162
vt 0.625000 0.005162
vt 0.656250 0.005162
vt 0.687500 0.005162
vt 0.718750 0.005162
vt 0.750000 0.005162
vt 0.781250 0.005162
vt 0.812500 0.005162
vt 0.843750 0.005162
vt 0.875000 0.005162
vt 0.906250 0.005162
vt 0.937500 0.005162
vt 0.968750 0.005162
vt 1.000000 0.005162
vt 0.031250 0.006508
vt 0.000000 0.006508
vt 0.062500 0.006508
vt 0.093750 0.006508
vt 0.125000 0.006508
vt 0.156250 0.006508
vt 0.187500 0.006508
vt 0.218750 0.006508
vt 0.250000 0.006508
vt 0.281250 0.006508
vt 0.312500 0.006508
vt 0.343750 0.006508
vt 0.375000 0.006508
vt 0.406250 0.006508
vt 0.437500 0.006508
vt 0.468750 0.006508
vt 0.500000 0.006508
vt 0.531250 0.006508
vt 0.562500 0.006508
vt 0.593750 0.006508
vt 0.625000 0.006508
vt 0.656250 0.006508
vt 0.687500 0.006508
vt 0.718750 0.006508
vt 0.750000 0.006508
vt 0.781250 0.006508
vt 0.812500 0.006508
vt 0.843750 0.006508
vt 0.875000 0.006508
vt 0.906250 0.006508
vt 0.937500 0.006508
vt 0.968750 0.006508
vt 1.000000 0.006508
vt 0.031250 0.008037
vt 0.000000 0.008037
vt 0.062500 0.008037
vt 0.093750 0.008037
vt 0.125000 0.008037
vt 0.156250 0.008037
vt 0.187500 0.008037
vt 0.218750 0.008037
vt 0.250000 0.008037
vt 0.281250 0.008037
vt 0.312500 0.008037
vt 0.343750 0.008037
vt 0.375000 0.008037
vt 0.406250 0.008037
vt 0.437500 0.008037
vt 0.468750 0.008037
vt 0.500000 0.008037
vt 0.531250 0.008037
vt 0.562500 0.008037
vt 0.593750 0.008037
vt 0.625000 0.008037
vt 0.656250 0.008037
vt 0.687500 0.008037
vt 0.718750 0.008037
vt 0.750000 0.008037
vt 0.781250 0.008037
vt 0.812500 0.008037
vt 0.843750 0.008037
vt 0.875000 0.008037
vt 0.906250 0.008037
vt 0.937500 0.008037
vt 0.968750 0.008037
vt 1.000000 0.008037
vt 0.031250 0.009705
vt 0.000000 0.009705
vt 0.062500 0.009705
vt 0.093750 0.009705
vt 0.125000 0.009705
vt 0.156250 0.009705
vt 0.187500 0.009705
vt 0.218750 0.009705
vt 0.250000 0.009705
vt 0.281250 0.009705
vt 0.312500 0.009705
vt 0.343750 0.009705
vt 0.375000 0.009705
vt 0.406250 0.009705
vt 0.437500 0.009705
vt 0.468750 0.009705
vt 0.500000 0.009705
vt 0.531250 0.009705
vt 0.562500 0.009705
vt 0.593750 0.009705
vt 0.625000 0.009705
vt 0.656250 0.009705
vt 0.687500 0.009705
vt 0.718750 0.009705
vt 0.750000 0.009705
vt 0.781250 0.009705
vt 0.812500 0.009705
vt 0.843750 0.009705
vt 0.875000 0.009705
vt 0.906250 0.009705
vt 0.937500 0.009705
vt 0.968750 0.009705
vt 1.000000 0.009705
vt 0.031250 0.011471
vt 0.000000 0.011471
vt 0.062500 0.011471
vt 0.093750 0.011471
vt 0.125000 0.011471
vt 0.156250 0.011471
vt 0.187500 0.011471
vt 0.218750 0.011471
vt 0.250000 0.011471
vt 0.281250 0.011471
vt 0.312500 0.011471
vt 0.343750 0.011471
vt 0.375000 0.011471
vt 0.406250 0.011471
vt 0.437500 0.011471
vt 0.468750 0.011471
vt 0.500000 0.011471
vt 0.531250 0.011471
vt 0.562500 0.011471
vt 0.593750 0.011471
vt 0.625000 0.011471
vt 0.656250 0.011471
vt 0.687500 0.011471
vt 0.718750 0.011471
vt 0.750000 0.011471
vt 0.781250 0.011471
vt 0.812500 0.011471
vt 0.843750 0.011471
vt 0.875000 0.011471
vt 0.906250 0.011471
vt 0.937500 0.011471
vt 0.968750 0.011471
vt 1.000000 0.011471
vt 0.031250 0.013291
vt 0.000000 0.013291
vt 0.062500 0.013291
vt 0.093750 0.013291
vt 0.125000 0.013291
vt 0.156250 0.013291
vt 0.187500 0.013291
vt 0.218750 0.013291
vt 0.250000 0.013291
vt 0.281250 0.013291
vt 0.312500 0.013291
vt 0.343750 0.013291
vt 0.375000 0.013291
vt 0.406250 0.013291
vt 0.437500 0.013291
vt 0.468750 0.013291
vt 0.500000 0.013291
vt 0.531250 0.013291
vt 0.562500 0.013291
vt 0.593750 0.013291
vt 0.625000 0.013291
vt 0.656250 0.013291
vt 0.687500 0.013291
vt 0.718750 0.013291
vt 0.750000 0.013291
vt 0.781250 0.013291
vt 0.812500 0.013291
vt 0.843750 0.013291
vt 0.875000 0.013291
vt 0.906250 0.013291
vt 0.937500 0.013291
vt 0.968750 0.013291
vt 1.000000 0.013291
vt 0.031250 0.015124
vt 0.000000 0.015124
vt 0.062500 0.015124
vt 0.093750 0.015124
vt 0.125000 0.015124
vt 0.156250 0.015124
vt 0.187500 0.015124
vt 0.218750 0.015124
vt 0.250000 0.015124
vt 0.281250 0.015124
vt 0.312500 0.015124
vt 0.343750 0.015124
vt 0.375000 0.015124
vt 0.406250 0.015124
vt 0.437500 0.015124
vt 0.468750 0.015124
vt 0.500000 0.015124
vt 0.531250 0.015124
vt 0.562500 0.015124
vt 0.593750 0.015124
vt 0.625000 0.015124
vt 0.656250 0.015124
vt 0.687500 0.015124
vt 0.718750 0.015124
vt 0.750000 0.015124
vt 0.781250 0.015124
vt 0.812500 0.015124
vt 0.843750 0.015124
vt 0.875000 0.015124
vt 0.906250 0.015124
vt 0.937500 0.015124
vt 0.968750 0.015124
vt 1.000000 0.015124
vt 0.031250 0.016926
vt 0.000000 0.016926
vt 0.062500 0.016926
vt 0.093750 0.016926
vt 0.125000 0.016926
vt 0.156250 0.016926
vt 0.187500 0.016926
vt 0.218750 0.016926
vt 0.250000 0.016926
vt 0.281250 0.016926
vt 0.312500 0.016926
vt 0.343750 0.016926
vt 0.375000 0.016926
vt 0.406250 0.016926
vt 0.437500 0.016926
vt 0.468750 0.016926
vt 0.500000 0.016926
vt 0.531250 0.016926
vt 0.562500 0.016926
vt 0.593750 0.016926
vt 0.625000 0.016926
vt 0.656250 0.016926
vt 0.687500 0.016926
vt 0.718750 0.016926
vt 0.750000 0.016926
vt 0.781250 0.016926
vt 0.812500 0.016926
vt 0.843750 0.016926
vt 0.875000 0.016926
vt 0.906250 0.016926
vt 0.937500 0.016926
vt 0.968750 0.016926
vt 1.000000 0.016926
vt 0.062500 0.046619
vt 0.031250 0.046619
vt 0.093750 0.046619
vt 0.125000 0.046619
vt 0.156250 0.046619
vt 0.187500 0.046619
vt 0.218750 0.046619
vt 0.250000 0.046619
vt 0.281250 0.046619
vt 0.312500 0.046619
vt 0.343750 0.046619
vt 0.375000 0.046619
vt 0.406250 0.046619
vt 0.437500 0.046619
vt 0.468750 0.046619
vt 0.500000 0.046619
vt 0.531250 0.046619
vt 0.562500 0.046619
vt 0.593750 0.046619
vt 0.625000 0.046619
vt 0.656250 0.046619
vt 0.687500 0.046619
vt 0.718750 0.046619
vt 0.750000 0.046619
vt 0.781250 0.046619
vt 0.812500 0.046619
vt 0.843750 0.046619
vt 0.875000 0.046619
vt 0.906250 0.046619
vt 0.937500 0.046619
vt 0.968750 0.046619
vt 1.000000 0.046619
vt 0.000000 0.046619
vt 0.031250 0.050082
vt 0.000000 0.050082
vt 0.062500 0.050082
vt 0.093750 0.050082
vt 0.125000 0.050082
vt 0.156250 0.050082
vt 0.187500 0.050082
vt 0.218750 0.050082
vt 0.250000 0.050082
vt 0.281250 0.050082
vt 0.312500 0.050082
vt 0.343750 0.050082
vt 0.375000 0.050082
vt 0.406250 0.050082
vt 0.437500 0.050082
vt 0.468750 0.050082
vt 0.500000 0.050082
vt 0.531250 0.050082
vt 0.562500 0.050082
vt 0.593750 0.050082
vt 0.625000 0.050082
vt 0.656250 0.050082
vt 0.687500 0.050082
vt 0.718750 0.050082
vt 0.750000 0.050082
vt 0.781250 0.050082
vt 0.812500 0.050082
vt 0.843750 0.050082
vt 0.875000 0.050082
vt 0.906250 0.050082
vt 0.937500 0.050082
vt 0.968750 0.050082
vt 1.000000 0.050082
vt 0.031250 0.052730
vt 0.000000 0.052730
vt 0.062500 0.052730
vt 0.093750 0.052730
vt 0.125000 0.052730
vt 0.156250 0.052730
vt 0.187500 0.052730
vt 0.218750 0.052730
vt 0.250000 0.052730
vt 0.281250 0.052730
vt 0.312500 0.052730
vt 0.343750 0.052730
vt 0.375000 0.052730
vt 0.406250 0.052730
vt 0.437500 0.052730
vt 0.468750 0.052730
vt 0.500000 0.052730
vt 0.531250 0.052730
vt 0.562500 0.052730
vt 0.593750 0.052730
vt 0.625000 0.052730
vt 0.656250 0.052730
vt 0.687500 0.052730
vt 0.718750 0.052730
vt 0.750000 0.052730
vt 0.781250 0.052730
vt 0.812500 0.052730
vt 0.843750 0.052730
vt 0.875000 0.052730
vt 0.906250 0.052730
vt 0.937500 0.052730
vt 0.968750 0.052730
vt 1.000000 0.052730
vt 0.031250 0.054708
vt 0.000000 0.054708
vt 0.062500 0.054708
vt 0.093750 0.054708
vt 0.125000 0.054708
vt 0.156250 0.054708
vt 0.187500 0.054708
vt 0.218750 0.054708
vt 0.250000 0.054708
vt 0.281250 0.054708
vt 0.312500 0.054708
vt 0.343750 0.054708
vt 0.375000 0.054708
vt 0.406250 0.054708
vt 0.437500 0.054708
vt 0.468750 0.054708
vt 0.500000 0.054708
vt 0.531250 0.054708
vt 0.562500 0.054708
vt 0.593750 0.054708
vt 0.625000 0.054708
vt 0.656250 0.054708
vt 0.687500 0.054708
vt 0.718750 0.054708
vt 0.750000 0.054708
vt 0.781250 0.054708
vt 0.812500 0.054708
vt 0.843750 0.054708
vt 0.875000 0.054708
vt 0.906250 0.054708
vt 0.937500 0.054708
vt 0.968750 0.054708
vt 1.000000 0.054708
vt 0.031250 0.056159
vt 0.000000 0.056159
vt 0.062500 0.056159
vt 0.093750 0.056159
vt 0.125000 0.056159
vt 0.156250 0.056159
vt 0.187500 0.056159
vt 0.218750 0.056159
vt 0.250000 0.056159
vt 0.281250 0.056159
vt 0.312500 0.056159
vt 0.343750 0.056159
vt 0.375000 0.056159
vt 0.406250 0.056159
vt 0.437500 0.056159
vt 0.468750 0.056159
vt 0.500000 0.056159
vt 0.531250 0.056159
vt 0.562500 0.056159
vt 0.593750 0.056159
vt 0.625000 0.056159
vt 0.656250 0.056159
vt 0.687500 0.056159
vt 0.718750 0.056159
vt 0.750000 0.056159
vt 0.781250 0.056159
vt 0.812500 0.056159
vt 0.843750 0.056159
vt 0.875000 0.056159
vt 0.906250 0.056159
vt 0.937500 0.056159
vt 0.968750 0.056159
vt 1.000000 0.056159
vt 0.031250 0.057229
vt 0.000000 0.057229
vt 0.062500 0.057229
vt 0.093750 0.057229
vt 0.125000 0.057229
vt 0.156250 0.057229
vt 0.187500 0.057229
vt 0.218750 0.057229
vt 0.250000 0.057229
vt 0.281250 0.057229
vt 0.312500 0.057229
vt 0.343750 0.057229
vt 0.375000 0.057229
vt 0.406250 0.057229
vt 0.437500 0.057229
vt 0.468750 0.057229
vt 0.500000 0.057229
vt 0.531250 0.057229
vt 0.562500 0.057229
vt 0.593750 0.057229
vt 0.625000 0.057229
vt 0.656250 0.057229
vt 0.687500 0.057229
vt 0.718750 0.057229
vt 0.750000 0.057229
vt 0.781250 0.057229
vt 0.812500 0.057229
vt 0.843750 0.057229
vt 0.875000 0.057229
vt 0.906250 0.057229
vt 0.937500 0.057229
vt 0.968750 0.057229
vt 1.000000 0.057229
vt 0.031250 0.058064
vt 0.000000 0.058064
vt 0.062500 0.058064
vt 0.093750 0.058064
vt 0.125000 0.058064
vt 0.156250 0.058064
vt 0.187500 0.058064
vt 0.218750 0.058064
vt 0.250000 0.058064
vt 0.281250 0.058064
vt 0.312500 0.058064
vt 0.343750 0.058064
vt 0.375000 0.058064
vt 0.406250 0.058064
vt 0.437500 0.058064
vt 0.468750 0.058064
vt 0.500000 0.058064
vt 0.531250 0.058064
vt 0.562500 0.058064
vt 0.593750 0.058064
vt 0.625000 0.058064
vt 0.656250 0.058064
vt 0.687500 0.058064
vt 0.718750 0.058064
vt 0.750000 0.058064
vt 0.781250 0.058064
vt 0.812500 0.058064
vt 0.843750 0.058064
vt 0.875000 0.058064
vt 0.906250 0.058064
vt 0.937500 0.058064
vt 0.968750 0.058064
vt 1.000000 0.058064
vt 0.031250 0.058808
vt 0.000000 0.058808
vt 0.062500 0.058808
vt 0.093750 0.058808
vt 0.125000 0.058808
vt 0.156250 0.058808
vt 0.187500 0.058808
vt 0.218750 0.058808
vt 0.250000 0.058808
vt 0.281250 0.058808
vt 0.312500 0.058808
vt 0.343750 0.058808
vt 0.375000 0.058808
vt 0.406250 0.058808
vt 0.437500 0.058808
vt 0.468750 0.058808
vt 0.500000 0.058808
vt 0.531250 0.058808
vt 0.562500 0.058808
vt 0.593750 0.058808
vt 0.625000 0.058808
vt 0.656250 0.058808
vt 0.687500 0.058808
vt 0.718750 0.058808
vt 0.750000 0.058808
vt 0.781250 0.058808
vt 0.812500 0.058808
vt 0.843750 0.058808
vt 0.875000 0.058808
vt 0.906250 0.058808
vt 0.937500 0.058808
vt 0.968750 0.058808
vt 1.000000 0.058808
vt 0.031250 0.059607
vt 0.000000 0.059607
vt 0.062500 0.059607
vt 0.093750 0.059607
vt 0.125000 0.059607
vt 0.156250 0.059607
vt 0.187500 0.059607
vt 0.218750 0.059607
vt 0.250000 0.059607
vt 0.281250 0.059607
vt 0.312500 0.059607
vt 0.343750 0.059607
vt 0.375000 0.059607
vt 0.406250 0.059607
vt 0.437500 0.059607
vt 0.468750 0.059607
vt 0.500000 0.059607
vt 0.531250 0.059607
vt 0.562500 0.059607
vt 0.593750 0.059607
vt 0.625000 0.059607
vt 0.656250 0.059607
vt 0.687500 0.059607
vt 0.718750 0.059607
vt 0.750000 0.059607
vt 0.781250 0.059607
vt 0.812500 0.059607
vt 0.843750 0.059607
vt 0.875000 0.059607
vt 0.906250 0.059607
vt 0.937500 0.059607
vt 0.968750 0.059607
vt 1.000000 0.059607
vt 0.031250 0.060605
vt 0.000000 0.060605
vt 0.062500 0.060605
vt 0.093750 0.060605
vt 0.125000 0.060605
vt 0.156250 0.060605
vt 0.187500 0.060605
vt 0.218750 0.060605
vt 0.250000 0.060605
vt 0.281250 0.060605
vt 0.312500 0.060605
vt 0.343750 0.060605
vt 0.375000 0.060605
vt 0.406250 0.060605
vt 0.437500 0.060605
vt 0.468750 0.060605
vt 0.500000 0.060605
vt 0.531250 0.060605
vt 0.562500 0.060605
vt 0.593750 0.060605
vt 0.625000 0.060605
vt 0.656250 0.060605
vt 0.687500 0.060605
vt 0.718750 0.060605
vt 0.750000 0.060605
vt 0.781250 0.060605
vt 0.812500 0.060605
vt 0.843750 0.060605
vt 0.875000 0.060605
vt 0.906250 0.060605
vt 0.937500 0.060605
vt 0.968750 0.060605
vt 1.000000 0.060605
vt 0.031250 0.061948
vt 0.000000 0.061948
vt 0.062500 0.061948
vt 0.093750 0.061948
vt 0.125000 0.061948
vt 0.156250 0.061948
vt 0.187500 0.061948
vt 0.218750 0.061948
vt 0.250000 0.061948
vt 0.281250 0.061948
vt 0.312500 0.061948
vt 0.343750 0.061948
vt 0.375000 0.061948
vt 0.406250 0.061948
vt 0.437500 0.061948
vt 0.468750 0.061948
vt 0.500000 0.061948
vt 0.531250 0.061948
vt 0.562500 0.061948
vt 0.593750 0.061948
vt 0.625000 0.061948
vt 0.656250 0.061948
vt 0.687500 0.061948
vt 0.718750 0.061948
vt 0.750000 0.061948
vt 0.781250 0.061948
vt 0.812500 0.061948
vt 0.843750 0.061948
vt 0.875000 0.061948
vt 0.906250 0.061948
vt 0.937500 0.061948
vt 0.968750 0.061948
vt 1.000000 0.061948
vt 0.031250 0.063780
vt 0.000000 0.063780
vt 0.062500 0.063780
vt 0.093750 0.063780
vt 0.125000 0.063780
vt 0.156250 0.063780
vt 0.187500 0.063780
vt 0.218750 0.063780
vt 0.250000 0.063780
vt 0.281250 0.063780
vt 0.312500 0.063780
vt 0.343750 0.063780
vt 0.375000 0.063780
vt 0.406250 0.063780
vt 0.437500 0.063780
vt 0.468750 0.063780
vt 0.500000 0.063780
vt 0.531250 0.063780
vt 0.562500 0.063780
vt 0.593750 0.063780
vt 0.625000 0.063780
vt 0.656250 0.063780
vt 0.687500 0.063780
vt 0.718750 0.063780
vt 0.750000 0.063780
vt 0.781250 0.063780
vt 0.812500 0.063780
vt 0.843750 0.063780
vt 0.875000 0.063780
vt 0.906250 0.063780
vt 0.937500 0.063780
vt 0.968750 0.063780
vt 1.000000 0.063780
vt 0.031250 0.066247
vt 0.000000 0.066247
vt 0.062500 0.066247
vt 0.093750 0.066247
vt 0.125000 0.066247
vt 0.156250 0.066247
vt 0.187500 0.066247
vt 0.218750 0.066247
vt 0.250000 0.066247
vt 0.281250 0.066247
vt 0.312500 0.066247
vt 0.343750 0.066247
vt 0.375000 0.066247
vt 0.406250 0.066247
vt 0.437500 0.066247
vt 0.468750 0.066247
vt 0.500000 0.066247
vt 0.531250 0.066247
vt 0.562500 0.066247
vt 0.593750 0.066247
vt 0.625000 0.066247
vt 0.656250 0.066247
vt 0.687500 0.066247
vt 0.718750 0.066247
vt 0.750000 0.066247
vt 0.781250 0.066247
vt 0.812500 0.066247
vt 0.843750 0.066247
vt 0.875000 0.066247
vt 0.906250 0.066247
vt 0.937500 0.066247
vt 0.968750 0.066247
vt 1.000000 0.066247
vt 0.031250 0.069173
vt 0.000000 0.069173
vt 0.062500 0.069173
vt 0.093750 0.069173
vt 0.125000 0.069173
vt 0.156250 0.069173
vt 0.187500 0.069173
vt 0.218750 0.069173
vt 0.250000 0.069173
vt 0.281250 0.069173
vt 0.312500 0.069173
vt 0.343750 0.069173
vt 0.375000 0.069173
vt 0.406250 0.069173
vt 0.437500 0.069173
vt 0.468750 0.069173
vt 0.500000 0.069173
vt 0.531250 0.069173
vt 0.562500 0.069173
vt 0.593750 0.069173
vt 0.625000 0.069173
vt 0.656250 0.069173
vt 0.687500 0.069173
vt 0.718750 0.069173
vt 0.750000 0.069173
vt 0.781250 0.069173
vt 0.812500 0.069173
vt 0.843750 0.069173
vt 0.875000 0.069173
vt 0.906250 0.069173
vt 0.937500 0.069173
vt 0.968750 0.069173
vt 1.000000 0.069173
vt 0.031250 0.072333
vt 0.000000 0.072333
vt 0.062500 0.072333
vt 0.093750 0.072333
vt 0.125000 0.072333
vt 0.156250 0.072333
vt 0.187500 0.072333
vt 0.218750 0.072333
vt 0.250000 0.072333
vt 0.281250 0.072333
vt 0.312500 0.072333
vt 0.343750 0.072333
vt 0.375000 0.072333
vt 0.406250 0.072333
vt 0.437500 0.072333
vt 0.468750 0.072333
vt 0.500000 0.072333
vt 0.531250 0.072333
vt 0.562500 0.072333
vt 0.593750 0.072333
vt 0.625000 0.072333
vt 0.656250 0.072333
vt 0.687500 0.072333
vt 0.718750 0.072333
vt 0.750000 0.072333
vt 0.781250 0.072333
vt 0.812500 0.072333
vt 0.843750 0.072333
vt 0.875000 0.072333
vt 0.906250 0.072333
vt 0.937500 0.072333
vt 0.968750 0.072333
vt 1.000000 0.072333
vt 0.031250 0.075800
vt 0.000000 0.075800
vt 0.062500 0.075800
vt 0.093750 0.075800
vt 0.125000 0.075800
vt 0.156250 0.075800
vt 0.187500 0.075800
vt 0.218750 0.075800
vt 0.250000 0.075800
vt 0.281250 0.075800
vt 0.312500 0.075800
vt 0.343750 0.075800
vt 0.375000 0.075800
vt 0.406250 0.075800
vt 0.437500 0.075800
vt 0.468750 0.075800
vt 0.500000 0.075800
vt 0.531250 0.075800
vt 0.562500 0.075800
vt 0.593750 0.075800
vt 0.625000 0.075800
vt 0.656250 0.075800
vt 0.687500 0.075800
vt 0.718750 0.075800
vt 0.750000 0.075800
vt 0.781250 0.075800
vt 0.812500 0.075800
vt 0.843750 0.075800
vt 0.875000 0.075800
vt 0.906250 0.075800
vt 0.937500 0.075800
vt 0.968750 0.075800
vt 1.000000 0.075800
vt 0.031250 0.079647
vt 0.000000 0.079647
vt 0.062500 0.079647
vt 0.093750 0.079647
vt 0.125000 0.079647
vt 0.156250 0.079647
vt 0.187500 0.079647
vt 0.218750 0.079647
vt 0.250000 0.079647
vt 0.281250 0.079647
vt 0.312500 0.079647
vt 0.343750 0.079647
vt 0.375000 0.079647
vt 0.406250 0.079647
vt 0.437500 0.079647
vt 0.468750 0.079647
vt 0.500000 0.079647
vt 0.531250 0.079647
vt 0.562500 0.079647
vt 0.593750 0.079647
vt 0.625000 0.079647
vt 0.656250 0.079647
vt 0.687500 0.079647
vt 0.718750 0.079647
vt 0.750000 0.079647
vt 0.781250 0.079647
vt 0.812500 0.079647
vt 0.843750 0.079647
vt 0.875000 0.079647
vt 0.906250 0.079647
vt 0.937500 0.079647
vt 0.968750 0.079647
vt 1.000000 0.079647
vt 0.031250 0.083946
vt 0.000000 0.083946
vt 0.062500 0.083946
vt 0.093750 0.083946
vt 0.125000 0.083946
vt 0.156250 0.083946
vt 0.187500 0.083946
vt 0.218750 0.083946
vt 0.250000 0.083946
vt 0.281250 0.083946
vt 0.312500 0.083946
vt 0.343750 0.083946
vt 0.375000 0.083946
vt 0.406250 0.083946
vt 0.437500 0.083946
vt 0.468750 0.083946
vt 0.500000 0.083946
vt 0.531250 0.083946
vt 0.562500 0.083946
vt 0.593750 0.083946
vt 0.625000 0.083946
vt 0.656250 0.083946
vt 0.687500 0.083946
vt 0.718750 0.083946
vt 0.750000 0.083946
vt 0.781250 0.083946
vt 0.812500 0.083946
vt 0.843750 0.083946
vt 0.875000 0.083946
vt 0.906250 0.083946
vt 0.937500 0.083946
vt 0.968750 0.083946
vt 1.000000 0.083946
vt 0.031250 0.088770
vt 0.000000 0.088770
vt 0.062500 0.088770
vt 0.093750 0.088770
vt 0.125000 0.088770
vt 0.156250 0.088770
vt 0.187500 0.088770
vt 0.218750 0.088770
vt 0.250000 0.088770
vt 0.281250 0.088770
vt 0.312500 0.088770
vt 0.343750 0.088770
vt 0.375000 0.088770
vt 0.406250 0.088770
vt 0.437500 0.088770
vt 0.468750 0.088770
vt 0.500000 0.088770
vt 0.531250 0.088770
vt 0.562500 0.088770
vt 0.593750 0.088770
vt 0.625000 0.088770
vt 0.656250 0.088770
vt 0.687500 0.088770
vt 0.718750 0.088770
vt 0.750000 0.088770
vt 0.781250 0.088770
vt 0.812500 0.088770
vt 0.843750 0.088770
vt 0.875000 0.088770
vt 0.906250 0.088770
vt 0.937500 0.088770
vt 0.968750 0.088770
vt 1.000000 0.088770
vt 0.031250 0.094191
vt 0.000000 0.094191
vt 0.062500 0.094191
vt 0.093750 0.094191
vt 0.125000 0.094191
vt 0.156250 0.094191
vt 0.187500 0.094191
vt 0.218750 0.094191
vt 0.250000 0.094191
vt 0.281250 0.094191
vt 0.312500 0.094191
vt 0.343750 0.094191
vt 0.375000 0.094191
vt 0.406250 0.094191
vt 0.437500 0.094191
vt 0.468750 0.094191
vt 0.500000 0.094191
vt 0.531250 0.094191
vt 0.562500 0.094191
vt 0.593750 0.094191
vt 0.625000 0.094191
vt 0.656250 0.094191
vt 0.687500 0.094191
vt 0.718750 0.094191
vt 0.750000 0.094191
vt 0.781250 0.094191
vt 0.812500 0.094191
vt 0.843750 0.094191
vt 0.875000 0.094191
vt 0.906250 0.094191
vt 0.937500 0.094191
vt 0.968750 0.094191
vt 1.000000 0.094191
vt 0.031250 0.100282
vt 0.000000 0.100282
vt 0.062500 0.100282
vt 0.093750 0.100282
vt 0.125000 0.100282
vt 0.156250 0.100282
vt 0.187500 0.100282
vt 0.218750 0.100282
vt 0.250000 0.100282
vt 0.281250 0.100282
vt 0.312500 0.100282
vt 0.343750 0.100282
vt 0.375000 0.100282
vt 0.406250 0.100282
vt 0.437500 0.100282
vt 0.468750 0.100282
vt 0.500000 0.100282
vt 0.531250 0.100282
vt 0.562500 0.100282
vt 0.593750 0.100282
vt 0.625000 0.100282
vt 0.656250 0.100282
vt 0.687500 0.100282
vt 0.718750 0.100282
vt 0.750000 0.100282
vt 0.781250 0.100282
vt 0.812500 0.100282
vt 0.843750 0.100282
vt 0.875000 0.100282
vt 0.906250 0.100282
vt 0.937500 0.100282
vt 0.968750 0.100282
vt 1.000000 0.100282
vt 0.031250 0.107117
vt 0.000000 0.107117
vt 0.062500 0.107117
vt 0.093750 0.107117
vt 0.125000 0.107117
vt 0.156250 0.107117
vt 0.187500 0.107117
vt 0.218750 0.107117
vt 0.250000 0.107117
vt 0.281250 0.107117
vt 0.312500 0.107117
vt 0.343750 0.107117
vt 0.375000 0.107117
vt 0.406250 0.107117
vt 0.437500 0.107117
vt 0.468750 0.107117
vt 0.500000 0.107117
vt 0.531250 0.107117
vt 0.562500 0.107117
vt 0.593750 0.107117
vt 0.625000 0.107117
vt 0.656250 0.107117
vt 0.687500 0.107117
vt 0.718750 0.107117
vt 0.750000 0.107117
vt 0.781250 0.107117
vt 0.812500 0.107117
vt 0.843750 0.107117
vt 0.875000 0.107117
vt 0.906250 0.107117
vt 0.937500 0.107117
vt 0.968750 0.107117
vt 1.000000 0.107117
vt 0.031250 0.114766
vt 0.000000 0.114766
vt 0.062500 0.114766
vt 0.093750 0.114766
vt 0.125000 0.114766
vt 0.156250 0.114766
vt 0.187500 0.114766
vt 0.218750 0.114766
vt 0.250000 0.114766
vt 0.281250 0.114766
vt 0.312500 0.114766
vt 0.343750 0.114766
vt 0.375000 0.114766
vt 0.406250 0.114766
vt 0.437500 0.114766
vt 0.468750 0.114766
vt 0.500000 0.114766
vt 0.531250 0.114766
vt 0.562500 0.114766
vt 0.593750 0.114766
vt 0.625000 0.114766
vt 0.656250 0.114766
vt 0.687500 0.114766
vt 0.718750 0.114766
vt 0.750000 0.114766
vt 0.781250 0.114766
vt 0.812500 0.114766
vt 0.843750 0.114766
vt 0.875000 0.114766
vt 0.906250 0.114766
vt 0.937500 0.114766
vt 0.968750 0.114766
vt 1.000000 0.114766
vt 0.031250 0.123303
vt 0.000000 0.123303
vt 0.062500 0.123303
vt 0.093750 0.123303
vt 0.125000 0.123303
vt 0.156250 0.123303
vt 0.187500 0.123303
vt 0.218750 0.123303
vt 0.250000 0.123303
vt 0.281250 0.123303
vt 0.312500 0.123303
vt 0.343750 0.123303
vt 0.375000 0.123303
vt 0.406250 0.123303
vt 0.437500 0.123303
vt 0.468750 0.123303
vt 0.500000 0.123303
vt 0.531250 0.123303
vt 0.562500 0.123303
vt 0.593750 0.123303
vt 0.625000 0.123303
vt 0.656250 0.123303
vt 0.687500 0.123303
vt 0.718750 0.123303
vt 0.750000 0.123303
vt 0.781250 0.123303
vt 0.812500 0.123303
vt 0.843750 0.123303
vt 0.875000 0.123303
vt 0.906250 0.123303
vt 0.937500 0.123303
vt 0.968750 0.123303
vt 1.000000 0.123303
vt 0.031250 0.132802
vt 0.000000 0.132802
vt 0.062500 0.132802
vt 0.093750 0.132802
vt 0.125000 0.132802
vt 0.156250 0.132802
vt 0.187500 0.132802
vt 0.218750 0.132802
vt 0.250000 0.132802
vt 0.281250 0.132802
vt 0.312500 0.132802
vt 0.343750 0.132802
vt 0.375000 0.132802
vt 0.406250 0.132802
vt 0.437500 0.132802
vt 0.468750 0.132802
vt 0.500000 0.132802
vt 0.531250 0.132802
vt 0.562500 0.132802
vt 0.593750 0.132802
vt 0.625000 0.132802
vt 0.656250 0.132802
vt 0.687500 0.132802
vt 0.718750 0.132802
vt 0.750000 0.132802
vt 0.781250 0.132802
vt 0.812500 0.132802
vt 0.843750 0.132802
vt 0.875000 0.132802
vt 0.906250 0.132802
vt 0.937500 0.132802
vt 0.968750 0.132802
vt 1.000000 0.132802
vt 0.031250 0.147471
vt 0.000000 0.147471
vt 0.062500 0.147471
vt 0.093750 0.147471
vt 0.125000 0.147471
vt 0.156250 0.147471
vt 0.187500 0.147471
vt 0.218750 0.147471
vt 0.250000 0.147471
vt 0.281250 0.147471
vt 0.312500 0.147471
vt 0.343750 0.147471
vt 0.375000 0.147471
vt 0.406250 0.147471
vt 0.437500 0.147471
vt 0.468750 0.147471
vt 0.500000 0.147471
vt 0.531250 0.147471
vt 0.562500 0.147471
vt 0.593750 0.147471
vt 0.625000 0.147471
vt 0.656250 0.147471
vt 0.687500 0.147471
vt 0.718750 0.147471
vt 0.750000 0.147471
vt 0.781250 0.147471
vt 0.812500 0.147471
vt 0.843750 0.147471
vt 0.875000 0.147471
vt 0.906250 0.147471
vt 0.937500 0.147471
vt 0.968750 0.147471
vt 1.000000 0.147471
vt 0.031250 0.161308
vt 0.000000 0.161308
vt 0.062500 0.161308
vt 0.093750 0.161308
vt 0.125000 0.161308
vt 0.156250 0.161308
vt 0.187500 0.161308
vt 0.218750 0.161308
vt 0.250000 0.161308
vt 0.281250 0.161308
vt 0.312500 0.161308
vt 0.343750 0.161308
vt 0.375000 0.161308
vt 0.406250 0.161308
vt 0.437500 0.161308
vt 0.468750 0.161308
vt 0.500000 0.161308
vt 0.531250 0.161308
vt 0.562500 0.161308
vt 0.593750 0.161308
vt 0.625000 0.161308
vt 0.656250 0.161308
vt 0.687500 0.161308
vt 0.718750 0.161308
vt 0.750000 0.161308
vt 0.781250 0.161308
vt 0.812500 0.161308
vt 0.843750 0.161308
vt 0.875000 0.161308
vt 0.906250 0.161308
vt 0.937500 0.161308
vt 0.968750 0.161308
vt 1.000000 0.161308
vt 0.031250 0.174463
vt 0.000000 0.174463
vt 0.062500 0.174463
vt 0.093750 0.174463
vt 0.125000 0.174463
vt 0.156250 0.174463
vt 0.187500 0.174463
vt 0.218750 0.174463
vt 0.250000 0.174463
vt 0.281250 0.174463
vt 0.312500 0.174463
vt 0.343750 0.174463
vt 0.375000 0.174463
vt 0.406250 0.174463
vt 0.437500 0.174463
vt 0.468750 0.174463
vt 0.500000 0.174463
vt 0.531250 0.174463
vt 0.562500 0.174463
vt 0.593750 0.174463
vt 0.625000 0.174463
vt 0.656250 0.174463
vt 0.687500 0.174463
vt 0.718750 0.174463
vt 0.750000 0.174463
vt 0.781250 0.174463
vt 0.812500 0.174463
vt 0.843750 0.174463
vt 0.875000 0.174463
vt 0.906250 0.174463
vt 0.937500 0.174463
vt 0.968750 0.174463
vt 1.000000 0.174463
vt 0.031250 0.187087
vt 0.000000 0.187087
vt 0.062500 0.187087
vt 0.093750 0.187087
vt 0.125000 0.187087
vt 0.156250 0.187087
vt 0.187500 0.187087
vt 0.218750 0.187087
vt 0.250000 0.187087
vt 0.281250 0.187087
vt 0.312500 0.187087
vt 0.343750 0.187087
vt 0.375000 0.187087
vt 0.406250 0.187087
vt 0.437500 0.187087
vt 0.468750 0.187087
vt 0.500000 0.187087
vt 0.531250 0.187087
vt 0.562500 0.187087
vt 0.593750 0.187087
vt 0.625000 0.187087
vt 0.656250 0.187087
vt 0.687500 0.187087
vt 0.718750 0.187087
vt 0.750000 0.187087
vt 0.781250 0.187087
vt 0.812500 0.187087
vt 0.843750 0.187087
vt 0.875000 0.187087
vt 0.906250 0.187087
vt 0.937500 0.187087
vt 0.968750 0.187087
vt 1.000000 0.187087
vt 0.031250 0.199333
vt 0.000000 0.199333
vt 0.062500 0.199333
vt 0.093750 0.199333
vt 0.125000 0.199333
vt 0.156250 0.199333
vt 0.187500 0.199333
vt 0.218750 0.199333
vt 0.250000 0.199333
vt 0.281250 0.199333
vt 0.312500 0.199333
vt 0.343750 0.199333
vt 0.375000 0.199333
vt 0.406250 0.199333
vt 0.437500 0.199333
vt 0.468750 0.199333
vt 0.500000 0.199333
vt 0.531250 0.199333
vt 0.562500 0.199333
vt 0.593750 0.199333
vt 0.625000 0.199333
vt 0.656250 0.199333
vt 0.687500 0.199333
vt 0.718750 0.199333
vt 0.750000 0.199333
vt 0.781250 0.199333
vt 0.812500 0.199333
vt 0.843750 0.199333
vt 0.875000 0.199333
vt 0.906250 0.199333
vt 0.937500 0.199333
vt 0.968750 0.199333
vt 1.000000 0.199333
vt 0.031250 0.211351
vt 0.000000 0.211351
vt 0.062500 0.211351
vt 0.093750 0.211351
vt 0.125000 0.211351
vt 0.156250 0.211351
vt 0.187500 0.211351
vt 0.218750 0.211351
vt 0.250000 0.211351
vt 0.281250 0.211351
vt 0.312500 0.211351
vt 0.343750 0.211351
vt 0.375000 0.211351
vt 0.406250 0.211351
vt 0.437500 0.211351
vt 0.468750 0.211351
vt 0.500000 0.211351
vt 0.531250 0.211351
vt 0.562500 0.211351
vt 0.593750 0.211351
vt 0.625000 0.211351
vt 0.656250 0.211351
vt 0.687500 0.211351
vt 0.718750 0.211351
vt 0.750000 0.211351
vt 0.781250 0.211351
vt 0.812500 0.211351
vt 0.843750 0.211351
vt 0.875000 0.211351
vt 0.906250 0.211351
vt 0.937500 0.211351
vt 0.968750 0.211351
vt 1.000000 0.211351
vt 0.031250 0.223293
vt 0.000000 0.223293
vt 0.062500 0.223293
vt 0.093750 0.223293
vt 0.125000 0.223293
vt 0.156250 0.223293
vt 0.187500 0.223293
vt 0.218750 0.223293
vt 0.250000 0.223293
vt 0.281250 0.223293
vt 0.312500 0.223293
vt 0.343750 0.223293
vt 0.375000 0.223293
vt 0.406250 0.223293
vt 0.437500 0.223293
vt 0.468750 0.223293
vt 0.500000 0.223293
vt 0.531250 0.223293
vt 0.562500 0.223293
vt 0.593750 0.223293
vt 0.625000 0.223293
vt 0.656250 0.223293
vt 0.687500 0.223293
vt 0.718750 0.223293
vt 0.750000 0.223293
vt 0.781250 0.223293
vt 0.812500 0.223293
vt 0.843750 0.223293
vt 0.875000 0.223293
vt 0.906250 0.223293
vt 0.937500 0.223293
vt 0.968750 0.223293
vt 1.000000 0.223293
vt 0.031250 0.235310
vt 0.000000 0.235310
vt 0.062500 0.235310
vt 0.093750 0.235310
vt 0.125000 0.235310
vt 0.156250 0.235310
vt 0.187500 0.235310
vt 0.218750 0.235310
vt 0.250000 0.235310
vt 0.281250 0.235310
vt 0.312500 0.235310
vt 0.343750 0.235310
vt 0.375000 0.235310
vt 0.406250 0.235310
vt 0.437500 0.235310
vt 0.468750 0.235310
vt 0.500000 0.235310
vt 0.531250 0.235310
vt 0.562500 0.235310
vt 0.593750 0.235310
vt 0.625000 0.235310
vt 0.656250 0.235310
vt 0.687500 0.235310
vt 0.718750 0.235310
vt 0.750000 0.235310
vt 0.781250 0.235310
vt 0.812500 0.235310
vt 0.843750 0.235310
vt 0.875000 0.235310
vt 0.906250 0.235310
vt 0.937500 0.235310
vt 0.968750 0.235310
vt 1.000000 0.235310
vt 0.031250 0.247554
vt 0.000000 0.247554
vt 0.062500 0.247554
vt 0.093750 0.247554
vt 0.125000 0.247554
vt 0.156250 0.247554
vt 0.187500 0.247554
vt 0.218750 0.247554
vt 0.250000 0.247554
vt 0.281250 0.247554
vt 0.312500 0.247554
vt 0.343750 0.247554
vt 0.375000 0.247554
vt 0.406250 0.247554
vt 0.437500 0.247554
vt 0.468750 0.247554
vt 0.500000 0.247554
vt 0.531250 0.247554
vt 0.562500 0.247554
vt 0.593750 0.247554
vt 0.625000 0.247554
vt 0.656250 0.247554
vt 0.687500 0.247554
vt 0.718750 0.247554
vt 0.750000 0.247554
vt 0.781250 0.247554
vt 0.812500 0.247554
vt 0.843750 0.247554
vt 0.875000 0.247554
vt 0.906250 0.247554
vt 0.937500 0.247554
vt 0.968750 0.247554
vt 1.000000 0.247554
vt 0.031250 0.260177
vt 0.000000 0.260177
vt 0.062500 0.260177
vt 0.093750 0.260177
vt 0.125000 0.260177
vt 0.156250 0.260177
vt 0.187500 0.260177
vt 0.218750 0.260177
vt 0.250000 0.260177
vt 0.281250 0.260177
vt 0.312500 0.260177
vt 0.343750 0.260177
vt 0.375000 0.260177
vt 0.406250 0.260177
vt 0.437500 0.260177
vt 0.468750 0.260177
vt 0.500000 0.260177
vt 0.531250 0.260177
vt 0.562500 0.260177
vt 0.593750 0.260177
vt 0.625000 0.260177
vt 0.656250 0.260177
vt 0.687500 0.260177
vt 0.718750 0.260177
vt 0.750000 0.260177
vt 0.781250 0.260177
vt 0.812500 0.260177
vt 0.843750 0.260177
vt 0.875000 0.260177
vt 0.906250 0.260177
vt 0.937500 0.260177
vt 0.968750 0.260177
vt 1.000000 0.260177
vt 0.031250 0.273328
vt 0.000000 0.273328
vt 0.062500 0.273328
vt 0.093750 0.273328
vt 0.125000 0.273328
vt 0.156250 0.273328
vt 0.187500 0.273328
vt 0.218750 0.273328
vt 0.250000 0.273328
vt 0.281250 0.273328
vt 0.312500 0.273328
vt 0.343750 0.273328
vt 0.375000 0.273328
vt 0.406250 0.273328
vt 0.437500 0.273328
vt 0.468750 0.273328
vt 0.500000 0.273328
vt 0.531250 0.273328
vt 0.562500 0.273328
vt 0.593750 0.273328
vt 0.625000 0.273328
vt 0.656250 0.273328
vt 0.687500 0.273328
vt 0.718750 0.273328
vt 0.750000 0.273328
vt 0.781250 0.273328
vt 0.812500 0.273328
vt 0.843750 0.273328
vt 0.875000 0.273328
vt 0.906250 0.273328
vt 0.937500 0.273328
vt 0.968750 0.273328
vt 1.000000 0.273328
vt 0.031250 0.287161
vt 0.000000 0.287161
vt 0.062500 0.287161
vt 0.093750 0.287161
vt 0.125000 0.287161
vt 0.156250 0.287161
vt 0.187500 0.287161
vt 0.218750 0.287161
vt 0.250000 0.287161
vt 0.281250 0.287161
vt 0.312500 0.287161
vt 0.343750 0.287161
vt 0.375000 0.287161
vt 0.406250 0.287161
vt 0.437500 0.287161
vt 0.468750 0.287161
vt 0.500000 0.287161
vt 0.531250 0.287161
vt 0.562500 0.287161
vt 0.593750 0.287161
vt 0.625000 0.287161
vt 0.656250 0.287161
vt 0.687500 0.287161
vt 0.718750 0.287161
vt 0.750000 0.287161
vt 0.781250 0.287161
vt 0.812500 0.287161
vt 0.843750 0.287161
vt 0.875000 0.287161
vt 0.906250 0.287161
vt 0.937500 0.287161
vt 0.968750 0.287161
vt 1.000000 0.287161
vt 0.031250 0.295336
vt 0.000000 0.295336
vt 0.062500 0.295336
vt 0.093750 0.295336
vt 0.125000 0.295336
vt 0.156250 0.295336
vt 0.187500 0.295336
vt 0.218750 0.295336
vt 0.250000 0.295336
vt 0.281250 0.295336
vt 0.312500 0.295336
vt 0.343750 0.295336
vt 0.375000 0.295336
vt 0.406250 0.295336
vt 0.437500 0.295336
vt 0.468750 0.295336
vt 0.500000 0.295336
vt 0.531250 0.295336
vt 0.562500 0.295336
vt 0.593750 0.295336
vt 0.625000 0.295336
vt 0.656250 0.295336
vt 0.687500 0.295336
vt 0.718750 0.295336
vt 0.750000 0.295336
vt 0.781250 0.295336
vt 0.812500 0.295336
vt 0.843750 0.295336
vt 0.875000 0.295336
vt 0.906250 0.295336
vt 0.937500 0.295336
vt 0.968750 0.295336
vt 1.000000 0.295336
vt 0.031250 0.302125
vt 0.000000 0.302125
vt 0.062500 0.302125
vt 0.093750 0.302125
vt 0.125000 0.302125
vt 0.156250 0.302125
vt 0.187500 0.302125
vt 0.218750 0.302125
vt 0.250000 0.302125
vt 0.281250 0.302125
vt 0.312500 0.302125
vt 0.343750 0.302125
vt 0.375000 0.302125
vt 0.406250 0.302125
vt 0.437500 0.302125
vt 0.468750 0.302125
vt 0.500000 0.302125
vt 0.531250 0.302125
vt 0.562500 0.302125
vt 0.593750 0.302125
vt 0.625000 0.302125
vt 0.656250 0.302125
vt 0.687500 0.302125
vt 0.718750 0.302125
vt 0.750000 0.302125
vt 0.781250 0.302125
vt 0.812500 0.302125
vt 0.843750 0.302125
vt 0.875000 0.302125
vt 0.906250 0.302125
vt 0.937500 0.302125
vt 0.968750 0.302125
vt 1.000000 0.302125
vt 0.031250 0.307658
vt 0.000000 0.307658
vt 0.062500 0.307658
vt 0.093750 0.307658
vt 0.125000 0.307658
vt 0.156250 0.307658
vt 0.187500 0.307658
vt 0.218750 0.307658
vt 0.250000 0.307658
vt 0.281250 0.307658
vt 0.312500 0.307658
vt 0.343750 0.307658
vt 0.375000 0.307658
vt 0.406250 0.307658
vt 0.437500 0.307658
vt 0.468750 0.307658
vt 0.500000 0.307658
vt 0.531250 0.307658
vt 0.562500 0.307658
vt 0.593750 0.307658
vt 0.625000 0.307658
vt 0.656250 0.307658
vt 0.687500 0.307658
vt 0.718750 0.307658
vt 0.750000 0.307658
vt 0.781250 0.307658
vt 0.812500 0.307658
vt 0.843750 0.307658
vt 0.875000 0.307658
vt 0.906250 0.307658
vt 0.937500 0.307658
vt 0.968750 0.307658
vt 1.000000 0.307658
vt 0.031250 0.312061
vt 0.000000 0.312061
vt 0.062500 0.312061
vt 0.093750 0.312061
vt 0.125000 0.312061
vt 0.156250 0.312061
vt 0.187500 0.312061
vt 0.218750 0.312061
vt 0.250000 0.312061
vt 0.281250 0.312061
vt 0.312500 0.312061
vt 0.343750 0.312061
vt 0.375000 0.312061
vt 0.406250 0.312061
vt 0.437500 0.312061
vt 0.468750 0.312061
vt 0.500000 0.312061
vt 0.531250 0.312061
vt 0.562500 0.312061
vt 0.593750 0.312061
vt 0.625000 0.312061
vt 0.656250 0.312061
vt 0.687500 0.312061
vt 0.718750 0.312061
vt 0.750000 0.312061
vt 0.781250 0.312061
vt 0.812500 0.312061
vt 0.843750 0.312061
vt 0.875000 0.312061
vt 0.906250 0.312061
vt 0.937500 0.312061
vt 0.968750 0.312061
vt 1.000000 0.312061
vt 0.031250 0.315464
vt 0.000000 0.315464
vt 0.062500 0.315464
vt 0.093750 0.315464
vt 0.125000 0.315464
vt 0.156250 0.315464
vt 0.187500 0.315464
vt 0.218750 0.315464
vt 0.250000 0.315464
vt 0.281250 0.315464
vt 0.312500 0.315464
vt 0.343750 0.315464
vt 0.375000 0.315464
vt 0.406250 0.315464
vt 0.437500 0.315464
vt 0.468750 0.315464
vt 0.500000 0.315464
vt 0.531250 0.315464
vt 0.562500 0.315464
vt 0.593750 0.315464
vt 0.625000 0.315464
vt 0.656250 0.315464
vt 0.687500 0.315464
vt 0.718750 0.315464
vt 0.750000 0.315464
vt 0.781250 0.315464
vt 0.812500 0.315464
vt 0.843750 0.315464
vt 0.875000 0.315464
vt 0.906250 0.315464
vt 0.937500 0.315464
vt 0.968750 0.315464
vt 1.000000 0.315464
vt 0.031250 0.317995
vt 0.000000 0.317995
vt 0.062500 0.317995
vt 0.093750 0.317995
vt 0.125000 0.317995
vt 0.156250 0.317995
vt 0.187500 0.317995
vt 0.218750 0.317995
vt 0.250000 0.317995
vt 0.281250 0.317995
vt 0.312500 0.317995
vt 0.343750 0.317995
vt 0.375000 0.317995
vt 0.406250 0.317995
vt 0.437500 0.317995
vt 0.468750 0.317995
vt 0.500000 0.317995
vt 0.531250 0.317995
vt 0.562500 0.317995
vt 0.593750 0.317995
vt 0.625000 0.317995
vt 0.656250 0.317995
vt 0.687500 0.317995
vt 0.718750 0.317995
vt 0.750000 0.317995
vt 0.781250 0.317995
vt 0.812500 0.317995
vt 0.843750 0.317995
vt 0.875000 0.317995
vt 0.906250 0.317995
vt 0.937500 0.317995
vt 0.968750 0.317995
vt 1.000000 0.317995
vt 0.031250 0.319781
vt 0.000000 0.319781
vt 0.062500 0.319781
vt 0.093750 0.319781
vt 0.125000 0.319781
vt 0.156250 0.319781
vt 0.187500 0.319781
vt 0.218750 0.319781
vt 0.250000 0.319781
vt 0.281250 0.319781
vt 0.312500 0.319781
vt 0.343750 0.319781
vt 0.375000 0.319781
vt 0.406250 0.319781
vt 0.437500 0.319781
vt 0.468750 0.319781
vt 0.500000 0.319781
vt 0.531250 0.319781
vt 0.562500 0.319781
vt 0.593750 0.319781
vt 0.625000 0.319781
vt 0.656250 0.319781
vt 0.687500 0.319781
vt 0.718750 0.319781
vt 0.750000 0.319781
vt 0.781250 0.319781
vt 0.812500 0.319781
vt 0.843750 0.319781
vt 0.875000 0.319781
vt 0.906250 0.319781
vt 0.937500 0.319781
vt 0.968750 0.319781
vt 1.000000 0.319781
vt 0.031250 0.320952
vt 0.000000 0.320952
vt 0.062500 0.320952
vt 0.093750 0.320952
vt 0.125000 0.320952
vt 0.156250 0.320952
vt 0.187500 0.320952
vt 0.218750 0.320952
vt 0.250000 0.320952
vt 0.281250 0.320952
vt 0.312500 0.320952
vt 0.343750 0.320952
vt 0.375000 0.320952
vt 0.406250 0.320952
vt 0.437500 0.320952
vt 0.468750 0.320952
vt 0.500000 0.320952
vt 0.531250 0.320952
vt 0.562500 0.320952
vt 0.593750 0.320952
vt 0.625000 0.320952
vt 0.656250 0.320952
vt 0.687500 0.320952
vt 0.718750 0.320952
vt 0.750000 0.320952
vt 0.781250 0.320952
vt 0.812500 0.320952
vt 0.843750 0.320952
vt 0.875000 0.320952
vt 0.906250 0.320952
vt 0.937500 0.320952
vt 0.968750 0.320952
vt 1.000000 0.320952
vt 0.031250 0.321635
vt 0.000000 0.321635
vt 0.062500 0.321635
vt 0.093750 0.321635
vt 0.125000 0.321635
vt 0.156250 0.321635
vt 0.187500 0.321635
vt 0.218750 0.321635
vt 0.250000 0.321635
vt 0.281250 0.321635
vt 0.312500 0.321635
vt 0.343750 0.321635
vt 0.375000 0.321635
vt 0.406250 0.321635
vt 0.437500 0.321635
vt 0.468750 0.321635
vt 0.500000 0.321635
vt 0.531250 0.321635
vt 0.562500 0.321635
vt 0.593750 0.321635
vt 0.625000 0.321635
vt 0.656250 0.321635
vt 0.687500 0.321635
vt 0.718750 0.321635
vt 0.750000 0.321635
vt 0.781250 0.321635
vt 0.812500 0.321635
vt 0.843750 0.321635
vt 0.875000 0.321635
vt 0.906250 0.321635
vt 0.937500 0.321635
vt 0.968750 0.321635
vt 1.000000 0.321635
vt 0.031250 0.321958
vt 0.000000 0.321958
vt 0.062500 0.321958
vt 0.093750 0.321958
vt 0.125000 0.321958
vt 0.156250 0.321958
vt 0.187500 0.321958
vt 0.218750 0.321958
vt 0.250000 0.321958
vt 0.281250 0.321958
vt 0.312500 0.321958
vt 0.343750 0.321958
vt 0.375000 0.321958
vt 0.406250 0.321958
vt 0.437500 0.321958
vt 0.468750 0.321958
vt 0.500000 0.321958
vt 0.531250 0.321958
vt 0.562500 0.321958
vt 0.593750 0.321958
vt 0.625000 0.321958
vt 0.656250 0.321958
vt 0.687500 0.321958
vt 0.718750 0.321958
vt 0.750000 0.321958
vt 0.781250 0.321958
vt 0.812500 0.321958
vt 0.843750 0.321958
vt 0.875000 0.321958
vt 0.906250 0.321958
vt 0.937500 0.321958
vt 0.968750 0.321958
vt 1.000000 0.321958
vt 0.031250 0.322050
vt 0.000000 0.322050
vt 0.062500 0.322050
vt 0.093750 0.322050
vt 0.125000 0.322050
vt 0.156250 0.322050
vt 0.187500 0.322050
vt 0.218750 0.322050
vt 0.250000 0.322050
vt 0.281250 0.322050
vt 0.312500 0.322050
vt 0.343750 0.322050
vt 0.375000 0.322050
vt 0.406250 0.322050
vt 0.437500 0.322050
vt 0.468750 0.322050
vt 0.500000 0.322050
vt 0.531250 0.322050
vt 0.562500 0.322050
vt 0.593750 0.322050
vt 0.625000 0.322050
vt 0.656250 0.322050
vt 0.687500 0.322050
vt 0.718750 0.322050
vt 0.750000 0.322050
vt 0.781250 0.322050
vt 0.812500 0.322050
vt 0.843750 0.322050
vt 0.875000 0.322050
vt 0.906250 0.322050
vt 0.937500 0.322050
vt 0.968750 0.322050
vt 1.000000 0.322050
vt 0.031250 0.322040
vt 0.000000 0.322040
vt 0.062500 0.322040
vt 0.093750 0.322040
vt 0.125000 0.322040
vt 0.156250 0.322040
vt 0.187500 0.322040
vt 0.218750 0.322040
vt 0.250000 0.322040
vt 0.281250 0.322040
vt 0.312500 0.322040
vt 0.343750 0.322040
vt 0.375000 0.322040
vt 0.406250 0.322040
vt 0.437500 0.322040
vt 0.468750 0.322040
vt 0.500000 0.322040
vt 0.531250 0.322040
vt 0.562500 0.322040
vt 0.593750 0.322040
vt 0.625000 0.322040
vt 0.656250 0.322040
vt 0.687500 0.322040
vt 0.718750 0.322040
vt 0.750000 0.322040
vt 0.781250 0.322040
vt 0.812500 0.322040
vt 0.843750 0.322040
vt 0.875000 0.322040
vt 0.906250 0.322040
vt 0.937500 0.322040
vt 0.968750 0.322040
vt 1.000000 0.322040
vt 0.031250 0.329779
vt 0.000000 0.329779
vt 0.062500 0.329779
vt 0.093750 0.329779
vt 0.125000 0.329779
vt 0.156250 0.329779
vt 0.187500 0.329779
vt 0.218750 0.329779
vt 0.250000 0.329779
vt 0.281250 0.329779
vt 0.312500 0.329779
vt 0.343750 0.329779
vt 0.375000 0.329779
vt 0.406250 0.329779
vt 0.437500 0.329779
vt 0.468750 0.329779
vt 0.500000 0.329779
vt 0.531250 0.329779
vt 0.562500 0.329779
vt 0.593750 0.329779
vt 0.625000 0.329779
vt 0.656250 0.329779
vt 0.687500 0.329779
vt 0.718750 0.329779
vt 0.750000 0.329779
vt 0.781250 0.329779
vt 0.812500 0.329779
vt 0.843750 0.329779
vt 0.875000 0.329779
vt 0.906250 0.329779
vt 0.937500 0.329779
vt 0.968750 0.329779
vt 1.000000 0.329779
vt 0.031250 0.351847
vt 0.000000 0.351847
vt 0.062500 0.351847
vt 0.093750 0.351847
vt 0.125000 0.351847
vt 0.156250 0.351847
vt 0.187500 0.351847
vt 0.218750 0.351847
vt 0.250000 0.351847
vt 0.281250 0.351847
vt 0.312500 0.351847
vt 0.343750 0.351847
vt 0.375000 0.351847
vt 0.406250 0.351847
vt 0.437500 0.351847
vt 0.468750 0.351847
vt 0.500000 0.351847
vt 0.531250 0.351847
vt 0.562500 0.351847
vt 0.593750 0.351847
vt 0.625000 0.351847
vt 0.656250 0.351847
vt 0.687500 0.351847
vt 0.718750 0.351847
vt 0.750000 0.351847
vt 0.781250 0.351847
vt 0.812500 0.351847
vt 0.843750 0.351847
vt 0.875000 0.351847
vt 0.906250 0.351847
vt 0.937500 0.351847
vt 0.968750 0.351847
vt 1.000000 0.351847
vt 0.031250 0.386479
vt 0.000000 0.386479
vt 0.062500 0.386479
vt 0.093750 0.386479
vt 0.125000 0.386479
vt 0.156250 0.386479
vt 0.187500 0.386479
vt 0.218750 0.386479
vt 0.250000 0.386479
vt 0.281250 0.386479
vt 0.312500 0.386479
vt 0.343750 0.386479
vt 0.375000 0.386479
vt 0.406250 0.386479
vt 0.437500 0.386479
vt 0.468750 0.386479
vt 0.500000 0.386479
vt 0.531250 0.386479
vt 0.562500 0.386479
vt 0.593750 0.386479
vt 0.625000 0.386479
vt 0.656250 0.386479
vt 0.687500 0.386479
vt 0.718750 0.386479
vt 0.750000 0.386479
vt 0.781250 0.386479
vt 0.812500 0.386479
vt 0.843750 0.386479
vt 0.875000 0.386479
vt 0.906250 0.386479
vt 0.937500 0.386479
vt 0.968750 0.386479
vt 1.000000 0.386479
vt 0.031250 0.431911
vt 0.000000 0.431911
vt 0.062500 0.431911
vt 0.093750 0.431911
vt 0.125000 0.431911
vt 0.156250 0.431911
vt 0.187500 0.431911
vt 0.218750 0.431911
vt 0.250000 0.431911
vt 0.281250 0.431911
vt 0.312500 0.431911
vt 0.343750 0.431911
vt 0.375000 0.431911
vt 0.406250 0.431911
vt 0.437500 0.431911
vt 0.468750 0.431911
vt 0.500000 0.431911
vt 0.531250 0.431911
vt 0.562500 0.431911
vt 0.593750 0.431911
vt 0.625000 0.431911
vt 0.656250 0.431911
vt 0.687500 0.431911
vt 0.718750 0.431911
vt 0.750000 0.431911
vt 0.781250 0.431911
vt 0.812500 0.431911
vt 0.843750 0.431911
vt 0.875000 0.431911
vt 0.906250 0.431911
vt 0.937500 0.431911
vt 0.968750 0.431911
vt 1.000000 0.431911
vt 0.031250 0.486378
vt 0.000000 0.486378
vt 0.062500 0.486378
vt 0.093750 0.486378
vt 0.125000 0.486378
vt 0.156250 0.486378
vt 0.187500 0.486378
vt 0.218750 0.486378
vt 0.250000 0.486378
vt 0.281250 0.486378
vt 0.312500 0.486378
vt 0.343750 0.486378
vt 0.375000 0.486378
vt 0.406250 0.486378
vt 0.437500 0.486378
vt 0.468750 0.486378
vt 0.500000 0.486378
vt 0.531250 0.486378
vt 0.562500 0.486378
vt 0.593750 0.486378
vt 0.625000 0.486378
vt 0.656250 0.486378
vt 0.687500 0.486378
vt 0.718750 0.486378
vt 0.750000 0.486378
vt 0.781250 0.486378
vt 0.812500 0.486378
vt 0.843750 0.486378
vt 0.875000 0.486378
vt 0.906250 0.486378
vt 0.937500 0.486378
vt 0.968750 0.486378
vt 1.000000 0.486378
vt 0.031250 0.548116
vt 0.000000 0.548116
vt 0.062500 0.548116
vt 0.093750 0.548116
vt 0.125000 0.548116
vt 0.156250 0.548116
vt 0.187500 0.548116
vt 0.218750 0.548116
vt 0.250000 0.548116
vt 0.281250 0.548116
vt 0.312500 0.548116
vt 0.343750 0.548116
vt 0.375000 0.548116
vt 0.406250 0.548116
vt 0.437500 0.548116
vt 0.468750 0.548116
vt 0.500000 0.548116
vt 0.531250 0.548116
vt 0.562500 0.548116
vt 0.593750 0.548116
vt 0.625000 0.548116
vt 0.656250 0.548116
vt 0.687500 0.548116
vt 0.718750 0.548116
vt 0.750000 0.548116
vt 0.781250 0.548116
vt 0.812500 0.548116
vt 0.843750 0.548116
vt 0.875000 0.548116
vt 0.906250 0.548116
vt 0.937500 0.548116
vt 0.968750 0.548116
vt 1.000000 0.548116
vt 0.031250 0.615361
vt 0.000000 0.615361
vt 0.062500 0.615361
vt 0.093750 0.615361
vt 0.125000 0.615361
vt 0.156250 0.615361
vt 0.187500 0.615361
vt 0.218750 0.615361
vt 0.250000 0.615361
vt 0.281250 0.615361
vt 0.312500 0.615361
vt 0.343750 0.615361
vt 0.375000 0.615361
vt 0.406250 0.615361
vt 0.437500 0.615361
vt 0.468750 0.615361
vt 0.500000 0.615361
vt 0.531250 0.615361
vt 0.562500 0.615361
vt 0.593750 0.615361
vt 0.625000 0.615361
vt 0.656250 0.615361
vt 0.687500 0.615361
vt 0.718750 0.615361
vt 0.750000 0.615361
vt 0.781250 0.615361
vt 0.812500 0.615361
vt 0.843750 0.615361
vt 0.875000 0.615361
vt 0.906250 0.615361
vt 0.937500 0.615361
vt 0.968750 0.615361
vt 1.000000 0.615361
vt 0.031250 0.686347
vt 0.000000 0.686347
vt 0.062500 0.686347
vt 0.093750 0.686347
vt 0.125000 0.686347
vt 0.156250 0.686347
vt 0.187500 0.686347
vt 0.218750 0.686347
vt 0.250000 0.686347
vt 0.281250 0.686347
vt 0.312500 0.686347
vt 0.343750 0.686347
vt 0.375000 0.686347
vt 0.406250 0.686347
vt 0.437500 0.686347
vt 0.468750 0.686347
vt 0.500000 0.686347
vt 0.531250 0.686347
vt 0.562500 0.686347
vt 0.593750 0.686347
vt 0.625000 0.686347
vt 0.656250 0.686347
vt 0.687500 0.686347
vt 0.718750 0.686347
vt 0.750000 0.686347
vt 0.781250 0.686347
vt 0.812500 0.686347
vt 0.843750 0.686347
vt 0.875000 0.686347
vt 0.906250 0.686347
vt 0.937500 0.686347
vt 0.968750 0.686347
vt 1.000000 0.686347
vt 0.031250 0.759311
vt 0.000000 0.759311
vt 0.062500 0.759311
vt 0.093750 0.759311
vt 0.125000 0.759311
vt 0.156250 0.759311
vt 0.187500 0.759311
vt 0.218750 0.759311
vt 0.250000 0.759311
vt 0.281250 0.759311
vt 0.312500 0.759311
vt 0.343750 0.759311
vt 0.375000 0.759311
vt 0.406250 0.759311
vt 0.437500 0.759311
vt 0.468750 0.759311
vt 0.500000 0.759311
vt 0.531250 0.759311
vt 0.562500 0.759311
vt 0.593750 0.759311
vt 0.625000 0.759311
vt 0.656250 0.759311
vt 0.687500 0.759311
vt 0.718750 0.759311
vt 0.750000 0.759311
vt 0.781250 0.759311
vt 0.812500 0.759311
vt 0.843750 0.759311
vt 0.875000 0.759311
vt 0.906250 0.759311
vt 0.937500 0.759311
vt 0.968750 0.759311
vt 1.000000 0.759311
vt 0.031250 0.832489
vt 0.000000 0.832489
vt 0.062500 0.832489
vt 0.093750 0.832489
vt 0.125000 0.832489
vt 0.156250 0.832489
vt 0.187500 0.832489
vt 0.218750 0.832489
vt 0.250000 0.832489
vt 0.281250 0.832489
vt 0.312500 0.832489
vt 0.343750 0.832489
vt 0.375000 0.832489
vt 0.406250 0.832489
vt 0.437500 0.832489
vt 0.468750 0.832489
vt 0.500000 0.832489
vt 0.531250 0.832489
vt 0.562500 0.832489
vt 0.593750 0.832489
vt 0.625000 0.832489
vt 0.656250 0.832489
vt 0.687500 0.832489
vt 0.718750 0.832489
vt 0.750000 0.832489
vt 0.781250 0.832489
vt 0.812500 0.832489
vt 0.843750 0.832489
vt 0.875000 0.832489
vt 0.906250 0.832489
vt 0.937500 0.832489
vt 0.968750 0.832489
vt 1.000000 0.832489
vt 0.031250 0.904115
vt 0.000000 0.904115
vt 0.062500 0.904115
vt 0.093750 0.904115
vt 0.125000 0.904115
vt 0.156250 0.904115
vt 0.187500 0.904115
vt 0.218750 0.904115
vt 0.250000 0.904115
vt 0.281250 0.904115
vt 0.312500 0.904115
vt 0.343750 0.904115
vt 0.375000 0.904115
vt 0.406250 0.904115
vt 0.437500 0.904115
vt 0.468750 0.904115
vt 0.500000 0.904115
vt 0.531250 0.904115
vt 0.562500 0.904115
vt 0.593750 0.904115
vt 0.625000 0.904115
vt 0.656250 0.904115
vt 0.687500 0.904115
vt 0.718750 0.904115
vt 0.750000 0.904115
vt 0.781250 0.904115
vt 0.812500 0.904115
vt 0.843750 0.904115
vt 0.875000 0.904115
vt 0.906250 0.904115
vt 0.937500 0.904115
vt 0.968750 0.904115
vt 1.000000 0.904115
vt 0.031250 0.972426
vt 0.000000 0.972426
vt 0.062500 0.972426
vt 0.093750 0.972426
vt 0.125000 0.972426
vt 0.156250 0.972426
vt 0.187500 0.972426
vt 0.218750 0.972426
vt 0.250000 0.972426
vt 0.281250 0.972426
vt 0.312500 0.972426
vt 0.343750 0.972426
vt 0.375000 0.972426
vt 0.406250 0.972426
vt 0.437500 0.972426
vt 0.468750 0.972426
vt 0.500000 0.972426
vt 0.531250 0.972426
vt 0.562500 0.972426
vt 0.593750 0.972426
vt 0.625000 0.972426
vt 0.656250 0.972426
vt 0.687500 0.972426
vt 0.718750 0.972426
vt 0.750000 0.972426
vt 0.781250 0.972426
vt 0.812500 0.972426
vt 0.843750 0.972426
vt 0.875000 0.972426
vt 0.906250 0.972426
vt 0.937500 0.972426
vt 0.968750 0.972426
vt 1.000000 0.972426
vt 0.031250 0.973222
vt 0.000000 0.973222
vt 0.062500 0.973222
vt 0.093750 0.973222
vt 0.125000 0.973222
vt 0.156250 0.973222
vt 0.187500 0.973222
vt 0.218750 0.973222
vt 0.250000 0.973222
vt 0.281250 0.973222
vt 0.312500 0.973222
vt 0.343750 0.973222
vt 0.375000 0.973222
vt 0.406250 0.973222
vt 0.437500 0.973222
vt 0.468750 0.973222
vt 0.500000 0.973222
vt 0.531250 0.973222
vt 0.562500 0.973222
vt 0.593750 0.973222
vt 0.625000 0.973222
vt 0.656250 0.973222
vt 0.687500 0.973222
vt 0.718750 0.973222
vt 0.750000 0.973222
vt 0.781250 0.973222
vt 0.812500 0.973222
vt 0.843750 0.973222
vt 0.875000 0.973222
vt 0.906250 0.973222
vt 0.937500 0.973222
vt 0.968750 0.973222
vt 1.000000 0.973222
vt 0.031250 0.975423
vt 0.000000 0.975423
vt 0.062500 0.975423
vt 0.093750 0.975423
vt 0.125000 0.975423
vt 0.156250 0.975423
vt 0.187500 0.975423
vt 0.218750 0.975423
vt 0.250000 0.975423
vt 0.281250 0.975423
vt 0.312500 0.975423
vt 0.343750 0.975423
vt 0.375000 0.975423
vt 0.406250 0.975423
vt 0.437500 0.975423
vt 0.468750 0.975423
vt 0.500000 0.975423
vt 0.531250 0.975423
vt 0.562500 0.975423
vt 0.593750 0.975423
vt 0.625000 0.975423
vt 0.656250 0.975423
vt 0.687500 0.975423
vt 0.718750 0.975423
vt 0.750000 0.975423
vt 0.781250 0.975423
vt 0.812500 0.975423
vt 0.843750 0.975423
vt 0.875000 0.975423
vt 0.906250 0.975423
vt 0.937500 0.975423
vt 0.968750 0.975423
vt 1.000000 0.975423
vt 0.031250 0.978749
vt 0.000000 0.978749
vt 0.062500 0.978749
vt 0.093750 0.978749
vt 0.125000 0.978749
vt 0.156250 0.978749
vt 0.187500 0.978749
vt 0.218750 0.978749
vt 0.250000 0.978749
vt 0.281250 0.978749
vt 0.312500 0.978749
vt 0.343750 0.978749
vt 0.375000 0.978749
vt 0.406250 0.978749
vt 0.437500 0.978749
vt 0.468750 0.978749
vt 0.500000 0.978749
vt 0.531250 0.978749
vt 0.562500 0.978749
vt 0.593750 0.978749
vt 0.625000 0.978749
vt 0.656250 0.978749
vt 0.687500 0.978749
vt 0.718750 0.978749
vt 0.750000 0.978749
vt 0.781250 0.978749
vt 0.812500 0.978749
vt 0.843750 0.978749
vt 0.875000 0.978749
vt 0.906250 0.978749
vt 0.937500 0.978749
vt 0.968750 0.978749
vt 1.000000 0.978749
vt 0.031250 0.982918
vt 0.000000 0.982918
vt 0.062500 0.982918
vt 0.093750 0.982918
vt 0.125000 0.982918
vt 0.156250 0.982918
vt 0.187500 0.982918
vt 0.218750 0.982918
vt 0.250000 0.982918
vt 0.281250 0.982918
vt 0.312500 0.982918
vt 0.343750 0.982918
vt 0.375000 0.982918
vt 0.406250 0.982918
vt 0.437500 0.982918
vt 0.468750 0.982918
vt 0.500000 0.982918
vt 0.531250 0.982918
vt 0.562500 0.982918
vt 0.593750 0.982918
vt 0.625000 0.982918
vt 0.656250 0.982918
vt 0.687500 0.982918
vt 0.718750 0.982918
vt 0.750000 0.982918
vt 0.781250 0.982918
vt 0.812500 0.982918
vt 0.843750 0.982918
vt 0.875000 0.982918
vt 0.906250 0.982918
vt 0.937500 0.982918
vt 0.968750 0.982918
vt 1.000000 0.982918
vt 0.031250 0.987648
vt 0.000000 0.987648
vt 0.062500 0.987648
vt 0.093750 0.987648
vt 0.125000 0.987648
vt 0.156250 0.987648
vt 0.187500 0.987648
vt 0.218750 0.987648
vt 0.250000 0.987648
vt 0.281250 0.987648
vt 0.312500 0.987648
vt 0.343750 0.987648
vt 0.375000 0.987648
vt 0.406250 0.987648
vt 0.437500 0.987648
vt 0.468750 0.987648
vt 0.500000 0.987648
vt 0.531250 0.987648
vt 0.562500 0.987648
vt 0.593750 0.987648
vt 0.625000 0.987648
vt 0.656250 0.987648
vt 0.687500 0.987648
vt 0.718750 0.987648
vt 0.750000 0.987648
vt 0.781250 0.987648
vt 0.812500 0.987648
vt 0.843750 0.987648
vt 0.875000 0.987648
vt 0.906250 0.987648
vt 0.937500 0.987648
vt 0.968750 0.987648
vt 1.000000 0.987648
vt 0.031250 0.992660
vt 0.000000 0.992660
vt 0.062500 0.992660
vt 0.093750 0.992660
vt 0.125000 0.992660
vt 0.156250 0.992660
vt 0.187500 0.992660
vt 0.218750 0.992660
vt 0.250000 0.992660
vt 0.281250 0.992660
vt 0.312500 0.992660
vt 0.343750 0.992660
vt 0.375000 0.992660
vt 0.406250 0.992660
vt 0.437500 0.992660
vt 0.468750 0.992660
vt 0.500000 0.992660
vt 0.531250 0.992660
vt 0.562500 0.992660
vt 0.593750 0.992660
vt 0.625000 0.992660
vt 0.656250 0.992660
vt 0.687500 0.992660
vt 0.718750 0.992660
vt 0.750000 0.992660
vt 0.781250 0.992660
vt 0.812500 0.992660
vt 0.843750 0.992660
vt 0.875000 0.992660
vt 0.906250 0.992660
vt 0.937500 0.992660
vt 0.968750 0.992660
vt 1.000000 0.992660
vt 0.031250 0.997672
vt 0.000000 0.997672
vt 0.062500 0.997672
vt 0.093750 0.997672
vt 0.125000 0.997672
vt 0.156250 0.997672
vt 0.187500 0.997672
vt 0.218750 0.997672
vt 0.250000 0.997672
vt 0.281250 0.997672
vt 0.312500 0.997672
vt 0.343750 0.997672
vt 0.375000 0.997672
vt 0.406250 0.997672
vt 0.437500 0.997672
vt 0.468750 0.997672
vt 0.500000 0.997672
vt 0.531250 0.997672
vt 0.562500 0.997672
vt 0.593750 0.997672
vt 0.625000 0.997672
vt 0.656250 0.997672
vt 0.687500 0.997672
vt 0.718750 0.997672
vt 0.750000 0.997672
vt 0.781250 0.997672
vt 0.812500 0.997672
vt 0.843750 0.997672
vt 0.875000 0.997672
vt 0.906250 0.997672
vt 0.937500 0.997672
vt 0.968750 0.997672
vt 1.000000 0.997672
vt 0.031250 1.002403
vt 0.000000 1.002403
vt 0.062500 1.002403
vt 0.093750 1.002403
vt 0.125000 1.002403
vt 0.156250 1.002403
vt 0.187500 1.002403
vt 0.218750 1.002403
vt 0.250000 1.002403
vt 0.281250 1.002403
vt 0.312500 1.002403
vt 0.343750 1.002403
vt 0.375000 1.002403
vt 0.406250 1.002403
vt 0.437500 1.002403
vt 0.468750 1.002403
vt 0.500000 1.002403
vt 0.531250 1.002403
vt 0.562500 1.002403
vt 0.593750 1.002403
vt 0.625000 1.002403
vt 0.656250 1.002403
vt 0.687500 1.002403
vt 0.718750 1.002403
vt 0.750000 1.002403
vt 0.781250 1.002403
vt 0.812500 1.002403
vt 0.843750 1.002403
vt 0.875000 1.002403
vt 0.906250 1.002403
vt 0.937500 1.002403
vt 0.968750 1.002403
vt 1.000000 1.002403
vt 0.031250 1.006572
vt 0.000000 1.006572
vt 0.062500 1.006572
vt 0.093750 1.006572
vt 0.125000 1.006572
vt 0.156250 1.006572
vt 0.187500 1.006572
vt 0.218750 1.006572
vt 0.250000 1.006572
vt 0.281250 1.006572
vt 0.312500 1.006572
vt 0.343750 1.006572
vt 0.375000 1.006572
vt 0.406250 1.006572
vt 0.437500 1.006572
vt 0.468750 1.006572
vt 0.500000 1.006572
vt 0.531250 1.006572
vt 0.562500 1.006572
vt 0.593750 1.006572
vt 0.625000 1.006572
vt 0.656250 1.006572
vt 0.687500 1.006572
vt 0.718750 1.006572
vt 0.750000 1.006572
vt 0.781250 1.006572
vt 0.812500 1.006572
vt 0.843750 1.006572
vt 0.875000 1.006572
vt 0.906250 1.006572
vt 0.937500 1.006572
vt 0.968750 1.006572
vt 1.000000 1.006572
vt 0.031250 1.009897
vt 0.000000 1.009897
vt 0.062500 1.009897
vt 0.093750 1.009897
vt 0.125000 1.009897
vt 0.156250 1.009897
vt 0.187500 1.009897
vt 0.218750 1.009897
vt 0.250000 1.009897
vt 0.281250 1.009897
vt 0.312500 1.009897
vt 0.343750 1.009897
vt 0.375000 1.009897
vt 0.406250 1.009897
vt 0.437500 1.009897
vt 0.468750 1.009897
vt 0.500000 1.009897
vt 0.531250 1.009897
vt 0.562500 1.009897
vt 0.593750 1.009897
vt 0.625000 1.009897
vt 0.656250 1.009897
vt 0.687500 1.009897
vt 0.718750 1.009897
vt 0.750000 1.009897
vt 0.781250 1.009897
vt 0.812500 1.009897
vt 0.843750 1.009897
vt 0.875000 1.009897
vt 0.906250 1.009897
vt 0.937500 1.009897
vt 0.968750 1.009897
vt 1.000000 1.009897
vt 0.031250 1.012099
vt 0.000000 1.012099
vt 0.062500 1.012099
vt 0.093750 1.012099
vt 0.125000 1.012099
vt 0.156250 1.012099
vt 0.187500 1.012099
vt 0.218750 1.012099
vt 0.250000 1.012099
vt 0.281250 1.012099
vt 0.312500 1.012099
vt 0.343750 1.012099
vt 0.375000 1.012099
vt 0.406250 1.012099
vt 0.437500 1.012099
vt 0.468750 1.012099
vt 0.500000 1.012099
vt 0.531250 1.012099
vt 0.562500 1.012099
vt 0.593750 1.012099
vt 0.625000 1.012099
vt 0.656250 1.012099
vt 0.687500 1.012099
vt 0.718750 1.012099
vt 0.750000 1.012099
vt 0.781250 1.012099
vt 0.812500 1.012099
vt 0.843750 1.012099
vt 0.875000 1.012099
vt 0.906250 1.012099
vt 0.937500 1.012099
vt 0.968750 1.012099
vt 1.000000 1.012099
vt 0.031250 1.012895
vt 0.000000 1.012895
vt 0.062500 1.012895
vt 0.093750 1.012895
vt 0.125000 1.012895
vt 0.156250 1.012895
vt 0.187500 1.012895
vt 0.218750 1.012895
vt 0.250000 1.012895
vt 0.281250 1.012895
vt 0.312500 1.012895
vt 0.343750 1.012895
vt 0.375000 1.012895
vt 0.406250 1.012895
vt 0.437500 1.012895
vt 0.468750 1.012895
vt 0.500000 1.012895
vt 0.531250 1.012895
vt 0.562500 1.012895
vt 0.593750 1.012895
vt 0.625000 1.012895
vt 0.656250 1.012895
vt 0.687500 1.012895
vt 0.718750 1.012895
vt 0.750000 1.012895
vt 0.781250 1.012895
vt 0.812500 1.012895
vt 0.843750 1.012895
vt 0.875000 1.012895
vt 0.906250 1.012895
vt 0.937500 1.012895
vt 0.968750 1.012895
vt 1.000000 1.012895
vt 0.031250 1.014497
vt 0.000000 1.014497
vt 0.062500 1.014497
vt 0.093750 1.014497
vt 0.125000 1.014497
vt 0.156250 1.014497
vt 0.187500 1.014497
vt 0.218750 1.014497
vt 0.250000 1.014497
vt 0.281250 1.014497
vt 0.312500 1.014497
vt 0.343750 1.014497
vt 0.375000 1.014497
vt 0.406250 1.014497
vt 0.437500 1.014497
vt 0.468750 1.014497
vt 0.500000 1.014497
vt 0.531250 1.014497
vt 0.562500 1.014497
vt 0.593750 1.014497
vt 0.625000 1.014497
vt 0.656250 1.014497
vt 0.687500 1.014497
vt 0.718750 1.014497
vt 0.750000 1.014497
vt 0.781250 1.014497
vt 0.812500 1.014497
vt 0.843750 1.014497
vt 0.875000 1.014497
vt 0.906250 1.014497
vt 0.937500 1.014497
vt 0.968750 1.014497
vt 1.000000 1.014497
vt 0.031250 1.016399
vt 0.000000 1.016399
vt 0.062500 1.016399
vt 0.093750 1.016399
vt 0.125000 1.016399
vt 0.156250 1.016399
vt 0.187500 1.016399
vt 0.218750 1.016399
vt 0.250000 1.016399
vt 0.281250 1.016399
vt 0.312500 1.016399
vt 0.343750 1.016399
vt 0.375000 1.016399
vt 0.406250 1.016399
vt 0.437500 1.016399
vt 0.468750 1.016399
vt 0.500000 1.016399
vt 0.531250 1.016399
vt 0.562500 1.016399
vt 0.593750 1.016399
vt 0.625000 1.016399
vt 0.656250 1.016399
vt 0.687500 1.016399
vt 0.718750 1.016399
vt 0.750000 1.016399
vt 0.781250 1.016399
vt 0.812500 1.016399
vt 0.843750 1.016399
vt 0.875000 1.016399
vt 0.906250 1.016399
vt 0.937500 1.016399
vt 0.968750 1.016399
vt 1.000000 1.016399
vt 0.031250 1.018557
vt 0.000000 1.018557
vt 0.062500 1.018557
vt 0.093750 1.018557
vt 0.125000 1.018557
vt 0.156250 1.018557
vt 0.187500 1.018557
vt 0.218750 1.018557
vt 0.250000 1.018557
vt 0.281250 1.018557
vt 0.312500 1.018557
vt 0.343750 1.018557
vt 0.375000 1.018557
vt 0.406250 1.018557
vt 0.437500 1.018557
vt 0.468750 1.018557
vt 0.500000 1.018557
vt 0.531250 1.018557
vt 0.562500 1.018557
vt 0.593750 1.018557
vt 0.625000 1.018557
vt 0.656250 1.018557
vt 0.687500 1.018557
vt 0.718750 1.018557
vt 0.750000 1.018557
vt 0.781250 1.018557
vt 0.812500 1.018557
vt 0.843750 1.018557
vt 0.875000 1.018557
vt 0.906250 1.018557
vt 0.937500 1.018557
vt 0.968750 1.018557
vt 1.000000 1.018557
vt 0.031250 1.020929
vt 0.000000 1.020929
vt 0.062500 1.020929
vt 0.093750 1.020929
vt 0.125000 1.020929
vt 0.156250 1.020929
vt 0.187500 1.020929
vt 0.218750 1.020929
vt 0.250000 1.020929
vt 0.281250 1.020929
vt 0.312500 1.020929
vt 0.343750 1.020929
vt 0.375000 1.020929
vt 0.406250 1.020929
vt 0.437500 1.020929
vt 0.468750 1.020929
vt 0.500000 1.020929
vt 0.531250 1.020929
vt 0.562500 1.020929
vt 0.593750 1.020929
vt 0.625000 1.020929
vt 0.656250 1.020929
vt 0.687500 1.020929
vt 0.718750 1.020929
vt 0.750000 1.020929
vt 0.781250 1.020929
vt 0.812500 1.020929
vt 0.843750 1.020929
vt 0.875000 1.020929
vt 0.906250 1.020929
vt 0.937500 1.020929
vt 0.968750 1.020929
vt 1.000000 1.020929
vt 0.031250 1.023473
vt 0.000000 1.023473
vt 0.062500 1.023473
vt 0.093750 1.023473
vt 0.125000 1.023473
vt 0.156250 1.023473
vt 0.187500 1.023473
vt 0.218750 1.023473
vt 0.250000 1.023473
vt 0.281250 1.023473
vt 0.312500 1.023473
vt 0.343750 1.023473
vt 0.375000 1.023473
vt 0.406250 1.023473
vt 0.437500 1.023473
vt 0.468750 1.023473
vt 0.500000 1.023473
vt 0.531250 1.023473
vt 0.562500 1.023473
vt 0.593750 1.023473
vt 0.625000 1.023473
vt 0.656250 1.023473
vt 0.687500 1.023473
vt 0.718750 1.023473
vt 0.750000 1.023473
vt 0.781250 1.023473
vt 0.812500 1.023473
vt 0.843750 1.023473
vt 0.875000 1.023473
vt 0.906250 1.023473
vt 0.937500 1.023473
vt 0.968750 1.023473
vt 1.000000 1.023473
vt 0.031250 1.026145
vt 0.000000 1.026145
vt 0.062500 1.026145
vt 0.093750 1.026145
vt 0.125000 1.026145
vt 0.156250 1.026145
vt 0.187500 1.026145
vt 0.218750 1.026145
vt 0.250000 1.026145
vt 0.281250 1.026145
vt 0.312500 1.026145
vt 0.343750 1.026145
vt 0.375000 1.026145
vt 0.406250 1.026145
vt 0.437500 1.026145
vt 0.468750 1.026145
vt 0.500000 1.026145
vt 0.531250 1.026145
vt 0.562500 1.026145
vt 0.593750 1.026145
vt 0.625000 1.026145
vt 0.656250 1.026145
vt 0.687500 1.026145
vt 0.718750 1.026145
vt 0.750000 1.026145
vt 0.781250 1.026145
vt 0.812500 1.026145
vt 0.843750 1.026145
vt 0.875000 1.026145
vt 0.906250 1.026145
vt 0.937500 1.026145
vt 0.968750 1.026145
vt 1.000000 1.026145
vt 0.031250 1.028903
vt 0.000000 1.028903
vt 0.062500 1.028903
vt 0.093750 1.028903
vt 0.125000 1.028903
vt 0.156250 1.028903
vt 0.187500 1.028903
vt 0.218750 1.028903
vt 0.250000 1.028903
vt 0.281250 1.028903
vt 0.312500 1.028903
vt 0.343750 1.028903
vt 0.375000 1.028903
vt 0.406250 1.028903
vt 0.437500 1.028903
vt 0.468750 1.028903
vt 0.500000 1.028903
vt 0.531250 1.028903
vt 0.562500 1.028903
vt 0.593750 1.028903
vt 0.625000 1.028903
vt 0.656250 1.028903
vt 0.687500 1.028903
vt 0.718750 1.028903
vt 0.750000 1.028903
vt 0.781250 1.028903
vt 0.812500 1.028903
vt 0.843750 1.028903
vt 0.875000 1.028903
vt 0.906250 1.028903
vt 0.937500 1.028903
vt 0.968750 1.028903
vt 1.000000 1.028903
vt 0.031250 1.031703
vt 0.000000 1.031703
vt 0.062500 1.031703
vt 0.093750 1.031703
vt 0.125000 1.031703
vt 0.156250 1.031703
vt 0.187500 1.031703
vt 0.218750 1.031703
vt 0.250000 1.031703
vt 0.281250 1.031703
vt 0.312500 1.031703
vt 0.343750 1.031703
vt 0.375000 1.031703
vt 0.406250 1.031703
vt 0.437500 1.031703
vt 0.468750 1.031703
vt 0.500000 1.031703
vt 0.531250 1.031703
vt 0.562500 1.031703
vt 0.593750 1.031703
vt 0.625000 1.031703
vt 0.656250 1.031703
vt 0.687500 1.031703
vt 0.718750 1.031703
vt 0.750000 1.031703
vt 0.781250 1.031703
vt 0.812500 1.031703
vt 0.843750 1.031703
vt 0.875000 1.031703
vt 0.906250 1.031703
vt 0.937500 1.031703
vt 0.968750 1.031703
vt 1.000000 1.031703
vt 0.031250 1.034503
vt 0.000000 1.034503
vt 0.062500 1.034503
vt 0.093750 1.034503
vt 0.125000 1.034503
vt 0.156250 1.034503
vt 0.187500 1.034503
vt 0.218750 1.034503
vt 0.250000 1.034503
vt 0.281250 1.034503
vt 0.312500 1.034503
vt 0.343750 1.034503
vt 0.375000 1.034503
vt 0.406250 1.034503
vt 0.437500 1.034503
vt 0.468750 1.034503
vt 0.500000 1.034503
vt 0.531250 1.034503
vt 0.562500 1.034503
vt 0.593750 1.034503
vt 0.625000 1.034503
vt 0.656250 1.034503
vt 0.687500 1.034503
vt 0.718750 1.034503
vt 0.750000 1.034503
vt 0.781250 1.034503
vt 0.812500 1.034503
vt 0.843750 1.034503
vt 0.875000 1.034503
vt 0.906250 1.034503
vt 0.937500 1.034503
vt 0.968750 1.034503
vt 1.000000 1.034503
vt 0.031250 1.037261
vt 0.000000 1.037261
vt 0.062500 1.037261
vt 0.093750 1.037261
vt 0.125000 1.037261
vt 0.156250 1.037261
vt 0.187500 1.037261
vt 0.218750 1.037261
vt 0.250000 1.037261
vt 0.281250 1.037261
vt 0.312500 1.037261
vt 0.343750 1.037261
vt 0.375000 1.037261
vt 0.406250 1.037261
vt 0.437500 1.037261
vt 0.468750 1.037261
vt 0.500000 1.037261
vt 0.531250 1.037261
vt 0.562500 1.037261
vt 0.593750 1.037261
vt 0.625000 1.037261
vt 0.656250 1.037261
vt 0.687500 1.037261
vt 0.718750 1.037261
vt 0.750000 1.037261
vt 0.781250 1.037261
vt 0.812500 1.037261
vt 0.843750 1.037261
vt 0.875000 1.037261
vt 0.906250 1.037261
vt 0.937500 1.037261
vt 0.968750 1.037261
vt 1.000000 1.037261
vt 0.031250 1.039933
vt 0.000000 1.039933
vt 0.062500 1.039933
vt 0.093750 1.039933
vt 0.125000 1.039933
vt 0.156250 1.039933
vt 0.187500 1.039933
vt 0.218750 1.039933
vt 0.250000 1.039933
vt 0.281250 1.039933
vt 0.312500 1.039933
vt 0.343750 1.039933
vt 0.375000 1.039933
vt 0.406250 1.039933
vt 0.437500 1.039933
vt 0.468750 1.039933
vt 0.500000 1.039933
vt 0.531250 1.039933
vt 0.562500 1.039933
vt 0.593750 1.039933
vt 0.625000 1.039933
vt 0.656250 1.039933
vt 0.687500 1.039933
vt 0.718750 1.039933
vt 0.750000 1.039933
vt 0.781250 1.039933
vt 0.812500 1.039933
vt 0.843750 1.039933
vt 0.875000 1.039933
vt 0.906250 1.039933
vt 0.937500 1.039933
vt 0.968750 1.039933
vt 1.000000 1.039933
vt 0.031250 1.042477
vt 0.000000 1.042477
vt 0.062500 1.042477
vt 0.093750 1.042477
vt 0.125000 1.042477
vt 0.156250 1.042477
vt 0.187500 1.042477
vt 0.218750 1.042477
vt 0.250000 1.042477
vt 0.281250 1.042477
vt 0.312500 1.042477
vt 0.343750 1.042477
vt 0.375000 1.042477
vt 0.406250 1.042477
vt 0.437500 1.042477
vt 0.468750 1.042477
vt 0.500000 1.042477
vt 0.531250 1.042477
vt 0.562500 1.042477
vt 0.593750 1.042477
vt 0.625000 1.042477
vt 0.656250 1.042477
vt 0.687500 1.042477
vt 0.718750 1.042477
vt 0.750000 1.042477
vt 0.781250 1.042477
vt 0.812500 1.042477
vt 0.843750 1.042477
vt 0.875000 1.042477
vt 0.906250 1.042477
vt 0.937500 1.042477
vt 0.968750 1.042477
vt 1.000000 1.042477
vt 0.031250 1.044685
vt 0.000000 1.044685
vt 0.062500 1.044685
vt 0.093750 1.044685
vt 0.125000 1.044685
vt 0.156250 1.044685
vt 0.187500 1.044685
vt 0.218750 1.044685
vt 0.250000 1.044685
vt 0.281250 1.044685
vt 0.312500 1.044685
vt 0.343750 1.044685
vt 0.375000 1.044685
vt 0.406250 1.044685
vt 0.437500 1.044685
vt 0.468750 1.044685
vt 0.500000 1.044685
vt 0.531250 1.044685
vt 0.562500 1.044685
vt 0.593750 1.044685
vt 0.625000 1.044685
vt 0.656250 1.044685
vt 0.687500 1.044685
vt 0.718750 1.044685
vt 0.750000 1.044685
vt 0.781250 1.044685
vt 0.812500 1.044685
vt 0.843750 1.044685
vt 0.875000 1.044685
vt 0.906250 1.044685
vt 0.937500 1.044685
vt 0.968750 1.044685
vt 1.000000 1.044685
vt 0.031250 1.048300
vt 0.000000 1.048300
vt 0.062500 1.048300
vt 0.093750 1.048300
vt 0.125000 1.048300
vt 0.156250 1.048300
vt 0.187500 1.048300
vt 0.218750 1.048300
vt 0.250000 1.048300
vt 0.281250 1.048300
vt 0.312500 1.048300
vt 0.343750 1.048300
vt 0.375000 1.048300
vt 0.406250 1.048300
vt 0.437500 1.048300
vt 0.468750 1.048300
vt 0.500000 1.048300
vt 0.531250 1.048300
vt 0.562500 1.048300
vt 0.593750 1.048300
vt 0.625000 1.048300
vt 0.656250 1.048300
vt 0.687500 1.048300
vt 0.718750 1.048300
vt 0.750000 1.048300
vt 0.781250 1.048300
vt 0.812500 1.048300
vt 0.843750 1.048300
vt 0.875000 1.048300
vt 0.906250 1.048300
vt 0.937500 1.048300
vt 0.968750 1.048300
vt 1.000000 1.048300
vt 0.031250 1.053119
vt 0.000000 1.053119
vt 0.062500 1.053119
vt 0.093750 1.053119
vt 0.125000 1.053119
vt 0.156250 1.053119
vt 0.187500 1.053119
vt 0.218750 1.053119
vt 0.250000 1.053119
vt 0.281250 1.053119
vt 0.312500 1.053119
vt 0.343750 1.053119
vt 0.375000 1.053119
vt 0.406250 1.053119
vt 0.437500 1.053119
vt 0.468750 1.053119
vt 0.500000 1.053119
vt 0.531250 1.053119
vt 0.562500 1.053119
vt 0.593750 1.053119
vt 0.625000 1.053119
vt 0.656250 1.053119
vt 0.687500 1.053119
vt 0.718750 1.053119
vt 0.750000 1.053119
vt 0.781250 1.053119
vt 0.812500 1.053119
vt 0.843750 1.053119
vt 0.875000 1.053119
vt 0.906250 1.053119
vt 0.937500 1.053119
vt 0.968750 1.053119
vt 1.000000 1.053119
vt 0.031250 1.058941
vt 0.000000 1.058941
vt 0.062500 1.058941
vt 0.093750 1.058941
vt 0.125000 1.058941
vt 0.156250 1.058941
vt 0.187500 1.058941
vt 0.218750 1.058941
vt 0.250000 1.058941
vt 0.281250 1.058941
vt 0.312500 1.058941
vt 0.343750 1.058941
vt 0.375000 1.058941
vt 0.406250 1.058941
vt 0.437500 1.058941
vt 0.468750 1.058941
vt 0.500000 1.058941
vt 0.531250 1.058941
vt 0.562500 1.058941
vt 0.593750 1.058941
vt 0.625000 1.058941
vt 0.656250 1.058941
vt 0.687500 1.058941
vt 0.718750 1.058941
vt 0.750000 1.058941
vt 0.781250 1.058941
vt 0.812500 1.058941
vt 0.843750 1.058941
vt 0.875000 1.058941
vt 0.906250 1.058941
vt 0.937500 1.058941
vt 0.968750 1.058941
vt 1.000000 1.058941
vt 0.031250 1.065565
vt 0.000000 1.065565
vt 0.062500 1.065565
vt 0.093750 1.065565
vt 0.125000 1.065565
vt 0.156250 1.065565
vt 0.187500 1.065565
vt 0.218750 1.065565
vt 0.250000 1.065565
vt 0.281250 1.065565
vt 0.312500 1.065565
vt 0.343750 1.065565
vt 0.375000 1.065565
vt 0.406250 1.065565
vt 0.437500 1.065565
vt 0.468750 1.065565
vt 0.500000 1.065565
vt 0.531250 1.065565
vt 0.562500 1.065565
vt 0.593750 1.065565
vt 0.625000 1.065565
vt 0.656250 1.065565
vt 0.687500 1.065565
vt 0.718750 1.065565
vt 0.750000 1.065565
vt 0.781250 1.065565
vt 0.812500 1.065565
vt 0.843750 1.065565
vt 0.875000 1.065565
vt 0.906250 1.065565
vt 0.937500 1.065565
vt 0.968750 1.065565
vt 1.000000 1.065565
vt 0.031250 1.072789
vt 0.000000 1.072789
vt 0.062500 1.072789
vt 0.093750 1.072789
vt 0.125000 1.072789
vt 0.156250 1.072789
vt 0.187500 1.072789
vt 0.218750 1.072789
vt 0.250000 1.072789
vt 0.281250 1.072789
vt 0.312500 1.072789
vt 0.343750 1.072789
vt 0.375000 1.072789
vt 0.406250 1.072789
vt 0.437500 1.072789
vt 0.468750 1.072789
vt 0.500000 1.072789
vt 0.531250 1.072789
vt 0.562500 1.072789
vt 0.593750 1.072789
vt 0.625000 1.072789
vt 0.656250 1.072789
vt 0.687500 1.072789
vt 0.718750 1.072789
vt 0.750000 1.072789
vt 0.781250 1.072789
vt 0.812500 1.072789
vt 0.843750 1.072789
vt 0.875000 1.072789
vt 0.906250 1.072789
vt 0.937500 1.072789
vt 0.968750 1.072789
vt 1.000000 1.072789
vt 0.031250 1.080411
vt 0.000000 1.080411
vt 0.062500 1.080411
vt 0.093750 1.080411
vt 0.125000 1.080411
vt 0.156250 1.080411
vt 0.187500 1.080411
vt 0.218750 1.080411
vt 0.250000 1.080411
vt 0.281250 1.080411
vt 0.312500 1.080411
vt 0.343750 1.080411
vt 0.375000 1.080411
vt 0.406250 1.080411
vt 0.437500 1.080411
vt 0.468750 1.080411
vt 0.500000 1.080411
vt 0.531250 1.080411
vt 0.562500 1.080411
vt 0.593750 1.080411
vt 0.625000 1.080411
vt 0.656250 1.080411
vt 0.687500 1.080411
vt 0.718750 1.080411
vt 0.750000 1.080411
vt 0.781250 1.080411
vt 0.812500 1.080411
vt 0.843750 1.080411
vt 0.875000 1.080411
vt 0.906250 1.080411
vt 0.937500 1.080411
vt 0.968750 1.080411
vt 1.000000 1.080411
vt 0.031250 1.088230
vt 0.000000 1.088230
vt 0.062500 1.088230
vt 0.093750 1.088230
vt 0.125000 1.088230
vt 0.156250 1.088230
vt 0.187500 1.088230
vt 0.218750 1.088230
vt 0.250000 1.088230
vt 0.281250 1.088230
vt 0.312500 1.088230
vt 0.343750 1.088230
vt 0.375000 1.088230
vt 0.406250 1.088230
vt 0.437500 1.088230
vt 0.468750 1.088230
vt 0.500000 1.088230
vt 0.531250 1.088230
vt 0.562500 1.088230
vt 0.593750 1.088230
vt 0.625000 1.088230
vt 0.656250 1.088230
vt 0.687500 1.088230
vt 0.718750 1.088230
vt 0.750000 1.088230
vt 0.781250 1.088230
vt 0.812500 1.088230
vt 0.843750 1.088230
vt 0.875000 1.088230
vt 0.906250 1.088230
vt 0.937500 1.088230
vt 0.968750 1.088230
vt 1.000000 1.088230
vt 0.031250 1.096044
vt 0.000000 1.096044
vt 0.062500 1.096044
vt 0.093750 1.096044
vt 0.125000 1.096044
vt 0.156250 1.096044
vt 0.187500 1.096044
vt 0.218750 1.096044
vt 0.250000 1.096044
vt 0.281250 1.096044
vt 0.312500 1.096044
vt 0.343750 1.096044
vt 0.375000 1.096044
vt 0.406250 1.096044
vt 0.437500 1.096044
vt 0.468750 1.096044
vt 0.500000 1.096044
vt 0.531250 1.096044
vt 0.562500 1.096044
vt 0.593750 1.096044
vt 0.625000 1.096044
vt 0.656250 1.096044
vt 0.687500 1.096044
vt 0.718750 1.096044
vt 0.750000 1.096044
vt 0.781250 1.096044
vt 0.812500 1.096044
vt 0.843750 1.096044
vt 0.875000 1.096044
vt 0.906250 1.096044
vt 0.937500 1.096044
vt 0.968750 1.096044
vt 1.000000 1.096044
vt 0.031250 1.103652
vt 0.000000 1.103652
vt 0.062500 1.103652
vt 0.093750 1.103652
vt 0.125000 1.103652
vt 0.156250 1.103652
vt 0.187500 1.103652
vt 0.218750 1.103652
vt 0.250000 1.103652
vt 0.281250 1.103652
vt 0.312500 1.103652
vt 0.343750 1.103652
vt 0.375000 1.103652
vt 0.406250 1.103652
vt 0.437500 1.103652
vt 0.468750 1.103652
vt 0.500000 1.103652
vt 0.531250 1.103652
vt 0.562500 1.103652
vt 0.593750 1.103652
vt 0.625000 1.103652
vt 0.656250 1.103652
vt 0.687500 1.103652
vt 0.718750 1.103652
vt 0.750000 1.103652
vt 0.781250 1.103652
vt 0.812500 1.103652
vt 0.843750 1.103652
vt 0.875000 1.103652
vt 0.906250 1.103652
vt 0.937500 1.103652
vt 0.968750 1.103652
vt 1.000000 1.103652
vt 0.031250 1.110852
vt 0.000000 1.110852
vt 0.062500 1.110852
vt 0.093750 1.110852
vt 0.125000 1.110852
vt 0.156250 1.110852
vt 0.187500 1.110852
vt 0.218750 1.110852
vt 0.250000 1.110852
vt 0.281250 1.110852
vt 0.312500 1.110852
vt 0.343750 1.110852
vt 0.375000 1.110852
vt 0.406250 1.110852
vt 0.437500 1.110852
vt 0.468750 1.110852
vt 0.500000 1.110852
vt 0.531250 1.110852
vt 0.562500 1.110852
vt 0.593750 1.110852
vt 0.625000 1.110852
vt 0.656250 1.110852
vt 0.687500 1.110852
vt 0.718750 1.110852
vt 0.750000 1.110852
vt 0.781250 1.110852
vt 0.812500 1.110852
vt 0.843750 1.110852
vt 0.875000 1.110852
vt 0.906250 1.110852
vt 0.937500 1.110852
vt 0.968750 1.110852
vt 1.000000 1.110852
vt 0.031250 1.117443
vt 0.000000 1.117443
vt 0.062500 1.117443
vt 0.093750 1.117443
vt 0.125000 1.117443
vt 0.156250 1.117443
vt 0.187500 1.117443
vt 0.218750 1.117443
vt 0.250000 1.117443
vt 0.281250 1.117443
vt 0.312500 1.117443
vt 0.343750 1.117443
vt 0.375000 1.117443
vt 0.406250 1.117443
vt 0.437500 1.117443
vt 0.468750 1.117443
vt 0.500000 1.117443
vt 0.531250 1.117443
vt 0.562500 1.117443
vt 0.593750 1.117443
vt 0.625000 1.117443
vt 0.656250 1.117443
vt 0.687500 1.117443
vt 0.718750 1.117443
vt 0.750000 1.117443
vt 0.781250 1.117443
vt 0.812500 1.117443
vt 0.843750 1.117443
vt 0.875000 1.117443
vt 0.906250 1.117443
vt 0.937500 1.117443
vt 0.968750 1.117443
vt 1.000000 1.117443
vt 0.031250 1.118750
vt 0.000000 1.118750
vt 0.062500 1.118750
vt 0.093750 1.118750
vt 0.125000 1.118750
vt 0.156250 1.118750
vt 0.187500 1.118750
vt 0.218750 1.118750
vt 0.250000 1.118750
vt 0.281250 1.118750
vt 0.312500 1.118750
vt 0.343750 1.118750
vt 0.375000 1.118750
vt 0.406250 1.118750
vt 0.437500 1.118750
vt 0.468750 1.118750
vt 0.500000 1.118750
vt 0.531250 1.118750
vt 0.562500 1.118750
vt 0.593750 1.118750
vt 0.625000 1.118750
vt 0.656250 1.118750
vt 0.687500 1.118750
vt 0.718750 1.118750
vt 0.750000 1.118750
vt 0.781250 1.118750
vt 0.812500 1.118750
vt 0.843750 1.118750
vt 0.875000 1.118750
vt 0.906250 1.118750
vt 0.937500 1.118750
vt 0.968750 1.118750
vt 1.000000 1.118750
vt 0.031250 1.119895
vt 0.000000 1.119895
vt 0.062500 1.119895
vt 0.093750 1.119895
vt 0.125000 1.119895
vt 0.156250 1.119895
vt 0.187500 1.119895
vt 0.218750 1.119895
vt 0.250000 1.119895
vt 0.281250 1.119895
vt 0.312500 1.119895
vt 0.343750 1.119895
vt 0.375000 1.119895
vt 0.406250 1.119895
vt 0.437500 1.119895
vt 0.468750 1.119895
vt 0.500000 1.119895
vt 0.531250 1.119895
vt 0.562500 1.119895
vt 0.593750 1.119895
vt 0.625000 1.119895
vt 0.656250 1.119895
vt 0.687500 1.119895
vt 0.718750 1.119895
vt 0.750000 1.119895
vt 0.781250 1.119895
vt 0.812500 1.119895
vt 0.843750 1.119895
vt 0.875000 1.119895
vt 0.906250 1.119895
vt 0.937500 1.119895
vt 0.968750 1.119895
vt 1.000000 1.119895
vt 0.031250 1.120902
vt 0.000000 1.120902
vt 0.062500 1.120902
vt 0.093750 1.120902
vt 0.125000 1.120902
vt 0.156250 1.120902
vt 0.187500 1.120902
vt 0.218750 1.120902
vt 0.250000 1.120902
vt 0.281250 1.120902
vt 0.312500 1.120902
vt 0.343750 1.120902
vt 0.375000 1.120902
vt 0.406250 1.120902
vt 0.437500 1.120902
vt 0.468750 1.120902
vt 0.500000 1.120902
vt 0.531250 1.120902
vt 0.562500 1.120902
vt 0.593750 1.120902
vt 0.625000 1.120902
vt 0.656250 1.120902
vt 0.687500 1.120902
vt 0.718750 1.120902
vt 0.750000 1.120902
vt 0.781250 1.120902
vt 0.812500 1.120902
vt 0.843750 1.120902
vt 0.875000 1.120902
vt 0.906250 1.120902
vt 0.937500 1.120902
vt 0.968750 1.120902
vt 1.000000 1.120902
vt 0.031250 1.121794
vt 0.000000 1.121794
vt 0.062500 1.121794
vt 0.093750 1.121794
vt 0.125000 1.121794
vt 0.156250 1.121794
vt 0.187500 1.121794
vt 0.218750 1.121794
vt 0.250000 1.121794
vt 0.281250 1.121794
vt 0.312500 1.121794
vt 0.343750 1.121794
vt 0.375000 1.121794
vt 0.406250 1.121794
vt 0.437500 1.121794
vt 0.468750 1.121794
vt 0.500000 1.121794
vt 0.531250 1.121794
vt 0.562500 1.121794
vt 0.593750 1.121794
vt 0.625000 1.121794
vt 0.656250 1.121794
vt 0.687500 1.121794
vt 0.718750 1.121794
vt 0.750000 1.121794
vt 0.781250 1.121794
vt 0.812500 1.121794
vt 0.843750 1.121794
vt 0.875000 1.121794
vt 0.906250 1.121794
vt 0.937500 1.121794
vt 0.968750 1.121794
vt 1.000000 1.121794
vt 0.031250 1.122593
vt 0.000000 1.122593
vt 0.062500 1.122593
vt 0.093750 1.122593
vt 0.125000 1.122593
vt 0.156250 1.122593
vt 0.187500 1.122593
vt 0.218750 1.122593
vt 0.250000 1.122593
vt 0.281250 1.122593
vt 0.312500 1.122593
vt 0.343750 1.122593
vt 0.375000 1.122593
vt 0.406250 1.122593
vt 0.437500 1.122593
vt 0.468750 1.122593
vt 0.500000 1.122593
vt 0.531250 1.122593
vt 0.562500 1.122593
vt 0.593750 1.122593
vt 0.625000 1.122593
vt 0.656250 1.122593
vt 0.687500 1.122593
vt 0.718750 1.122593
vt 0.750000 1.122593
vt 0.781250 1.122593
vt 0.812500 1.122593
vt 0.843750 1.122593
vt 0.875000 1.122593
vt 0.906250 1.122593
vt 0.937500 1.122593
vt 0.968750 1.122593
vt 1.000000 1.122593
vt 0.031250 1.123323
vt 0.000000 1.123323
vt 0.062500 1.123323
vt 0.093750 1.123323
vt 0.125000 1.123323
vt 0.156250 1.123323
vt 0.187500 1.123323
vt 0.218750 1.123323
vt 0.250000 1.123323
vt 0.281250 1.123323
vt 0.312500 1.123323
vt 0.343750 1.123323
vt 0.375000 1.123323
vt 0.406250 1.123323
vt 0.437500 1.123323
vt 0.468750 1.123323
vt 0.500000 1.123323
vt 0.531250 1.123323
vt 0.562500 1.123323
vt 0.593750 1.123323
vt 0.625000 1.123323
vt 0.656250 1.123323
vt 0.687500 1.123323
vt 0.718750 1.123323
vt 0.750000 1.123323
vt 0.781250 1.123323
vt 0.812500 1.123323
vt 0.843750 1.123323
vt 0.875000 1.123323
vt 0.906250 1.123323
vt 0.937500 1.123323
vt 0.968750 1.123323
vt 1.000000 1.123323
vt 0.031250 1.124007
vt 0.000000 1.124007
vt 0.062500 1.124007
vt 0.093750 1.124007
vt 0.125000 1.124007
vt 0.156250 1.124007
vt 0.187500 1.124007
vt 0.218750 1.124007
vt 0.250000 1.124007
vt 0.281250 1.124007
vt 0.312500 1.124007
vt 0.343750 1.124007
vt 0.375000 1.124007
vt 0.406250 1.124007
vt 0.437500 1.124007
vt 0.468750 1.124007
vt 0.500000 1.124007
vt 0.531250 1.124007
vt 0.562500 1.124007
vt 0.593750 1.124007
vt 0.625000 1.124007
vt 0.656250 1.124007
vt 0.687500 1.124007
vt 0.718750 1.124007
vt 0.750000 1.124007
vt 0.781250 1.124007
vt 0.812500 1.124007
vt 0.843750 1.124007
vt 0.875000 1.124007
vt 0.906250 1.124007
vt 0.937500 1.124007
vt 0.968750 1.124007
vt 1.000000 1.124007
vt 0.031250 1.124668
vt 0.000000 1.124668
vt 0.062500 1.124668
vt 0.093750 1.124668
vt 0.125000 1.124668
vt 0.156250 1.124668
vt 0.187500 1.124668
vt 0.218750 1.124668
vt 0.250000 1.124668
vt 0.281250 1.124668
vt 0.312500 1.124668
vt 0.343750 1.124668
vt 0.375000 1.124668
vt 0.406250 1.124668
vt 0.437500 1.124668
vt 0.468750 1.124668
vt 0.500000 1.124668
vt 0.531250 1.124668
vt 0.562500 1.124668
vt 0.593750 1.124668
vt 0.625000 1.124668
vt 0.656250 1.124668
vt 0.687500 1.124668
vt 0.718750 1.124668
vt 0.750000 1.124668
vt 0.781250 1.124668
vt 0.812500 1.124668
vt 0.843750 1.124668
vt 0.875000 1.124668
vt 0.906250 1.124668
vt 0.937500 1.124668
vt 0.968750 1.124668
vt 1.000000 1.124668
vt 0.031250 1.125329
vt 0.000000 1.125329
vt 0.062500 1.125329
vt 0.093750 1.125329
vt 0.125000 1.125329
vt 0.156250 1.125329
vt 0.187500 1.125329
vt 0.218750 1.125329
vt 0.250000 1.125329
vt 0.281250 1.125329
vt 0.312500 1.125329
vt 0.343750 1.125329
vt 0.375000 1.125329
vt 0.406250 1.125329
vt 0.437500 1.125329
vt 0.468750 1.125329
vt 0.500000 1.125329
vt 0.531250 1.125329
vt 0.562500 1.125329
vt 0.593750 1.125329
vt 0.625000 1.125329
vt 0.656250 1.125329
vt 0.687500 1.125329
vt 0.718750 1.125329
vt 0.750000 1.125329
vt 0.781250 1.125329
vt 0.812500 1.125329
vt 0.843750 1.125329
vt 0.875000 1.125329
vt 0.906250 1.125329
vt 0.937500 1.125329
vt 0.968750 1.125329
vt 1.000000 1.125329
vt 0.031250 1.126014
vt 0.000000 1.126014
vt 0.062500 1.126014
vt 0.093750 1.126014
vt 0.125000 1.126014
vt 0.156250 1.126014
vt 0.187500 1.126014
vt 0.218750 1.126014
vt 0.250000 1.126014
vt 0.281250 1.126014
vt 0.312500 1.126014
vt 0.343750 1.126014
vt 0.375000 1.126014
vt 0.406250 1.126014
vt 0.437500 1.126014
vt 0.468750 1.126014
vt 0.500000 1.126014
vt 0.531250 1.126014
vt 0.562500 1.126014
vt 0.593750 1.126014
vt 0.625000 1.126014
vt 0.656250 1.126014
vt 0.687500 1.126014
vt 0.718750 1.126014
vt 0.750000 1.126014
vt 0.781250 1.126014
vt 0.812500 1.126014
vt 0.843750 1.126014
vt 0.875000 1.126014
vt 0.906250 1.126014
vt 0.937500 1.126014
vt 0.968750 1.126014
vt 1.000000 1.126014
vt 0.031250 1.126744
vt 0.000000 1.126744
vt 0.062500 1.126744
vt 0.093750 1.126744
vt 0.125000 1.126744
vt 0.156250 1.126744
vt 0.187500 1.126744
vt 0.218750 1.126744
vt 0.250000 1.126744
vt 0.281250 1.126744
vt 0.312500 1.126744
vt 0.343750 1.126744
vt 0.375000 1.126744
vt 0.406250 1.126744
vt 0.437500 1.126744
vt 0.468750 1.126744
vt 0.500000 1.126744
vt 0.531250 1.126744
vt 0.562500 1.126744
vt 0.593750 1.126744
vt 0.625000 1.126744
vt 0.656250 1.126744
vt 0.687500 1.126744
vt 0.718750 1.126744
vt 0.750000 1.126744
vt 0.781250 1.126744
vt 0.812500 1.126744
vt 0.843750 1.126744
vt 0.875000 1.126744
vt 0.906250 1.126744
vt 0.937500 1.126744
vt 0.968750 1.126744
vt 1.000000 1.126744
vt 0.031250 1.127543
vt 0.000000 1.127543
vt 0.062500 1.127543
vt 0.093750 1.127543
vt 0.125000 1.127543
vt 0.156250 1.127543
vt 0.187500 1.127543
vt 0.218750 1.127543
vt 0.250000 1.127543
vt 0.281250 1.127543
vt 0.312500 1.127543
vt 0.343750 1.127543
vt 0.375000 1.127543
vt 0.406250 1.127543
vt 0.437500 1.127543
vt 0.468750 1.127543
vt 0.500000 1.127543
vt 0.531250 1.127543
vt 0.562500 1.127543
vt 0.593750 1.127543
vt 0.625000 1.127543
vt 0.656250 1.127543
vt 0.687500 1.127543
vt 0.718750 1.127543
vt 0.750000 1.127543
vt 0.781250 1.127543
vt 0.812500 1.127543
vt 0.843750 1.127543
vt 0.875000 1.127543
vt 0.906250 1.127543
vt 0.937500 1.127543
vt 0.968750 1.127543
vt 1.000000 1.127543
vt 0.031250 1.131607
vt 0.000000 1.131607
vt 0.062500 1.131607
vt 0.093750 1.131607
vt 0.125000 1.131607
vt 0.156250 1.131607
vt 0.187500 1.131607
vt 0.218750 1.131607
vt 0.250000 1.131607
vt 0.281250 1.131607
vt 0.312500 1.131607
vt 0.343750 1.131607
vt 0.375000 1.131607
vt 0.406250 1.131607
vt 0.437500 1.131607
vt 0.468750 1.131607
vt 0.500000 1.131607
vt 0.531250 1.131607
vt 0.562500 1.131607
vt 0.593750 1.131607
vt 0.625000 1.131607
vt 0.656250 1.131607
vt 0.687500 1.131607
vt 0.718750 1.131607
vt 0.750000 1.131607
vt 0.781250 1.131607
vt 0.812500 1.131607
vt 0.843750 1.131607
vt 0.875000 1.131607
vt 0.906250 1.131607
vt 0.937500 1.131607
vt 0.968750 1.131607
vt 1.000000 1.131607
vt 0.031250 1.140425
vt 0.000000 1.140425
vt 0.062500 1.140425
vt 0.093750 1.140425
vt 0.125000 1.140425
vt 0.156250 1.140425
vt 0.187500 1.140425
vt 0.218750 1.140425
vt 0.250000 1.140425
vt 0.281250 1.140425
vt 0.312500 1.140425
vt 0.343750 1.140425
vt 0.375000 1.140425
vt 0.406250 1.140425
vt 0.437500 1.140425
vt 0.468750 1.140425
vt 0.500000 1.140425
vt 0.531250 1.140425
vt 0.562500 1.140425
vt 0.593750 1.140425
vt 0.625000 1.140425
vt 0.656250 1.140425
vt 0.687500 1.140425
vt 0.718750 1.140425
vt 0.750000 1.140425
vt 0.781250 1.140425
vt 0.812500 1.140425
vt 0.843750 1.140425
vt 0.875000 1.140425
vt 0.906250 1.140425
vt 0.937500 1.140425
vt 0.968750 1.140425
vt 1.000000 1.140425
vt 0.031250 1.153254
vt 0.000000 1.153254
vt 0.062500 1.153254
vt 0.093750 1.153254
vt 0.125000 1.153254
vt 0.156250 1.153254
vt 0.187500 1.153254
vt 0.218750 1.153254
vt 0.250000 1.153254
vt 0.281250 1.153254
vt 0.312500 1.153254
vt 0.343750 1.153254
vt 0.375000 1.153254
vt 0.406250 1.153254
vt 0.437500 1.153254
vt 0.468750 1.153254
vt 0.500000 1.153254
vt 0.531250 1.153254
vt 0.562500 1.153254
vt 0.593750 1.153254
vt 0.625000 1.153254
vt 0.656250 1.153254
vt 0.687500 1.153254
vt 0.718750 1.153254
vt 0.750000 1.153254
vt 0.781250 1.153254
vt 0.812500 1.153254
vt 0.843750 1.153254
vt 0.875000 1.153254
vt 0.906250 1.153254
vt 0.937500 1.153254
vt 0.968750 1.153254
vt 1.000000 1.153254
vt 0.031250 1.169347
vt 0.000000 1.169347
vt 0.062500 1.169347
vt 0.093750 1.169347
vt 0.125000 1.169347
vt 0.156250 1.169347
vt 0.187500 1.169347
vt 0.218750 1.169347
vt 0.250000 1.169347
vt 0.281250 1.169347
vt 0.312500 1.169347
vt 0.343750 1.169347
vt 0.375000 1.169347
vt 0.406250 1.169347
vt 0.437500 1.169347
vt 0.468750 1.169347
vt 0.500000 1.169347
vt 0.531250 1.169347
vt 0.562500 1.169347
vt 0.593750 1.169347
vt 0.625000 1.169347
vt 0.656250 1.169347
vt 0.687500 1.169347
vt 0.718750 1.169347
vt 0.750000 1.169347
vt 0.781250 1.169347
vt 0.812500 1.169347
vt 0.843750 1.169347
vt 0.875000 1.169347
vt 0.906250 1.169347
vt 0.937500 1.169347
vt 0.968750 1.169347
vt 1.000000 1.169347
vt 0.031250 1.187962
vt 0.000000 1.187962
vt 0.062500 1.187962
vt 0.093750 1.187962
vt 0.125000 1.187962
vt 0.156250 1.187962
vt 0.187500 1.187962
vt 0.218750 1.187962
vt 0.250000 1.187962
vt 0.281250 1.187962
vt 0.312500 1.187962
vt 0.343750 1.187962
vt 0.375000 1.187962
vt 0.406250 1.187962
vt 0.437500 1.187962
vt 0.468750 1.187962
vt 0.500000 1.187962
vt 0.531250 1.187962
vt 0.562500 1.187962
vt 0.593750 1.187962
vt 0.625000 1.187962
vt 0.656250 1.187962
vt 0.687500 1.187962
vt 0.718750 1.187962
vt 0.750000 1.187962
vt 0.781250 1.187962
vt 0.812500 1.187962
vt 0.843750 1.187962
vt 0.875000 1.187962
vt 0.906250 1.187962
vt 0.937500 1.187962
vt 0.968750 1.187962
vt 1.000000 1.187962
vt 0.031250 1.208352
vt 0.000000 1.208352
vt 0.062500 1.208352
vt 0.093750 1.208352
vt 0.125000 1.208352
vt 0.156250 1.208352
vt 0.187500 1.208352
vt 0.218750 1.208352
vt 0.250000 1.208352
vt 0.281250 1.208352
vt 0.312500 1.208352
vt 0.343750 1.208352
vt 0.375000 1.208352
vt 0.406250 1.208352
vt 0.437500 1.208352
vt 0.468750 1.208352
vt 0.500000 1.208352
vt 0.531250 1.208352
vt 0.562500 1.208352
vt 0.593750 1.208352
vt 0.625000 1.208352
vt 0.656250 1.208352
vt 0.687500 1.208352
vt 0.718750 1.208352
vt 0.750000 1.208352
vt 0.781250 1.208352
vt 0.812500 1.208352
vt 0.843750 1.208352
vt 0.875000 1.208352
vt 0.906250 1.208352
vt 0.937500 1.208352
vt 0.968750 1.208352
vt 1.000000 1.208352
vt 0.031250 1.229774
vt 0.000000 1.229774
vt 0.062500 1.229774
vt 0.093750 1.229774
vt 0.125000 1.229774
vt 0.156250 1.229774
vt 0.187500 1.229774
vt 0.218750 1.229774
vt 0.250000 1.229774
vt 0.281250 1.229774
vt 0.312500 1.229774
vt 0.343750 1.229774
vt 0.375000 1.229774
vt 0.406250 1.229774
vt 0.437500 1.229774
vt 0.468750 1.229774
vt 0.500000 1.229774
vt 0.531250 1.229774
vt 0.562500 1.229774
vt 0.593750 1.229774
vt 0.625000 1.229774
vt 0.656250 1.229774
vt 0.687500 1.229774
vt 0.718750 1.229774
vt 0.750000 1.229774
vt 0.781250 1.229774
vt 0.812500 1.229774
vt 0.843750 1.229774
vt 0.875000 1.229774
vt 0.906250 1.229774
vt 0.937500 1.229774
vt 0.968750 1.229774
vt 1.000000 1.229774
vt 0.031250 1.251483
vt 0.000000 1.251483
vt 0.062500 1.251483
vt 0.093750 1.251483
vt 0.125000 1.251483
vt 0.156250 1.251483
vt 0.187500 1.251483
vt 0.218750 1.251483
vt 0.250000 1.251483
vt 0.281250 1.251483
vt 0.312500 1.251483
vt 0.343750 1.251483
vt 0.375000 1.251483
vt 0.406250 1.251483
vt 0.437500 1.251483
vt 0.468750 1.251483
vt 0.500000 1.251483
vt 0.531250 1.251483
vt 0.562500 1.251483
vt 0.593750 1.251483
vt 0.625000 1.251483
vt 0.656250 1.251483
vt 0.687500 1.251483
vt 0.718750 1.251483
vt 0.750000 1.251483
vt 0.781250 1.251483
vt 0.812500 1.251483
vt 0.843750 1.251483
vt 0.875000 1.251483
vt 0.906250 1.251483
vt 0.937500 1.251483
vt 0.968750 1.251483
vt 1.000000 1.251483
vt 0.031250 1.272733
vt 0.000000 1.272733
vt 0.062500 1.272733
vt 0.093750 1.272733
vt 0.125000 1.272733
vt 0.156250 1.272733
vt 0.187500 1.272733
vt 0.218750 1.272733
vt 0.250000 1.272733
vt 0.281250 1.272733
vt 0.312500 1.272733
vt 0.343750 1.272733
vt 0.375000 1.272733
vt 0.406250 1.272733
vt 0.437500 1.272733
vt 0.468750 1.272733
vt 0.500000 1.272733
vt 0.531250 1.272733
vt 0.562500 1.272733
vt 0.593750 1.272733
vt 0.625000 1.272733
vt 0.656250 1.272733
vt 0.687500 1.272733
vt 0.718750 1.272733
vt 0.750000 1.272733
vt 0.781250 1.272733
vt 0.812500 1.272733
vt 0.843750 1.272733
vt 0.875000 1.272733
vt 0.906250 1.272733
vt 0.937500 1.272733
vt 0.968750 1.272733
vt 1.000000 1.272733
vt 0.031250 1.292780
vt 0.000000 1.292780
vt 0.062500 1.292780
vt 0.093750 1.292780
vt 0.125000 1.292780
vt 0.156250 1.292780
vt 0.187500 1.292780
vt 0.218750 1.292780
vt 0.250000 1.292780
vt 0.281250 1.292780
vt 0.312500 1.292780
vt 0.343750 1.292780
vt 0.375000 1.292780
vt 0.406250 1.292780
vt 0.437500 1.292780
vt 0.468750 1.292780
vt 0.500000 1.292780
vt 0.531250 1.292780
vt 0.562500 1.292780
vt 0.593750 1.292780
vt 0.625000 1.292780
vt 0.656250 1.292780
vt 0.687500 1.292780
vt 0.718750 1.292780
vt 0.750000 1.292780
vt 0.781250 1.292780
vt 0.812500 1.292780
vt 0.843750 1.292780
vt 0.875000 1.292780
vt 0.906250 1.292780
vt 0.937500 1.292780
vt 0.968750 1.292780
vt 1.000000 1.292780
vt 0.031250 1.310880
vt 0.000000 1.310880
vt 0.062500 1.310880
vt 0.093750 1.310880
vt 0.125000 1.310880
vt 0.156250 1.310880
vt 0.187500 1.310880
vt 0.218750 1.310880
vt 0.250000 1.310880
vt 0.281250 1.310880
vt 0.312500 1.310880
vt 0.343750 1.310880
vt 0.375000 1.310880
vt 0.406250 1.310880
vt 0.437500 1.310880
vt 0.468750 1.310880
vt 0.500000 1.310880
vt 0.531250 1.310880
vt 0.562500 1.310880
vt 0.593750 1.310880
vt 0.625000 1.310880
vt 0.656250 1.310880
vt 0.687500 1.310880
vt 0.718750 1.310880
vt 0.750000 1.310880
vt 0.781250 1.310880
vt 0.812500 1.310880
vt 0.843750 1.310880
vt 0.875000 1.310880
vt 0.906250 1.310880
vt 0.937500 1.310880
vt 0.968750 1.310880
vt 1.000000 1.310880
vt 0.031250 1.326288
vt 0.000000 1.326288
vt 0.062500 1.326288
vt 0.093750 1.326288
vt 0.125000 1.326288
vt 0.156250 1.326288
vt 0.187500 1.326288
vt 0.218750 1.326288
vt 0.250000 1.326288
vt 0.281250 1.326288
vt 0.312500 1.326288
vt 0.343750 1.326288
vt 0.375000 1.326288
vt 0.406250 1.326288
vt 0.437500 1.326288
vt 0.468750 1.326288
vt 0.500000 1.326288
vt 0.531250 1.326288
vt 0.562500 1.326288
vt 0.593750 1.326288
vt 0.625000 1.326288
vt 0.656250 1.326288
vt 0.687500 1.326288
vt 0.718750 1.326288
vt 0.750000 1.326288
vt 0.781250 1.326288
vt 0.812500 1.326288
vt 0.843750 1.326288
vt 0.875000 1.326288
vt 0.906250 1.326288
vt 0.937500 1.326288
vt 0.968750 1.326288
vt 1.000000 1.326288
vt 0.031250 1.327670
vt 0.000000 1.327670
vt 0.062500 1.327670
vt 0.093750 1.327670
vt 0.125000 1.327670
vt 0.156250 1.327670
vt 0.187500 1.327670
vt 0.218750 1.327670
vt 0.250000 1.327670
vt 0.281250 1.327670
vt 0.312500 1.327670
vt 0.343750 1.327670
vt 0.375000 1.327670
vt 0.406250 1.327670
vt 0.437500 1.327670
vt 0.468750 1.327670
vt 0.500000 1.327670
vt 0.531250 1.327670
vt 0.562500 1.327670
vt 0.593750 1.327670
vt 0.625000 1.327670
vt 0.656250 1.327670
vt 0.687500 1.327670
vt 0.718750 1.327670
vt 0.750000 1.327670
vt 0.781250 1.327670
vt 0.812500 1.327670
vt 0.843750 1.327670
vt 0.875000 1.327670
vt 0.906250 1.327670
vt 0.937500 1.327670
vt 0.968750 1.327670
vt 1.000000 1.327670
vt 0.031250 1.329965
vt 0.000000 1.329965
vt 0.062500 1.329965
vt 0.093750 1.329965
vt 0.125000 1.329965
vt 0.156250 1.329965
vt 0.187500 1.329965
vt 0.218750 1.329965
vt 0.250000 1.329965
vt 0.281250 1.329965
vt 0.312500 1.329965
vt 0.343750 1.329965
vt 0.375000 1.329965
vt 0.406250 1.329965
vt 0.437500 1.329965
vt 0.468750 1.329965
vt 0.500000 1.329965
vt 0.531250 1.329965
vt 0.562500 1.329965
vt 0.593750 1.329965
vt 0.625000 1.329965
vt 0.656250 1.329965
vt 0.687500 1.329965
vt 0.718750 1.329965
vt 0.750000 1.329965
vt 0.781250 1.329965
vt 0.812500 1.329965
vt 0.843750 1.329965
vt 0.875000 1.329965
vt 0.906250 1.329965
vt 0.937500 1.329965
vt 0.968750 1.329965
vt 1.000000 1.329965
vt 0.031250 1.332796
vt 0.000000 1.332796
vt 0.062500 1.332796
vt 0.093750 1.332796
vt 0.125000 1.332796
vt 0.156250 1.332796
vt 0.187500 1.332796
vt 0.218750 1.332796
vt 0.250000 1.332796
vt 0.281250 1.332796
vt 0.312500 1.332796
vt 0.343750 1.332796
vt 0.375000 1.332796
vt 0.406250 1.332796
vt 0.437500 1.332796
vt 0.468750 1.332796
vt 0.500000 1.332796
vt 0.531250 1.332796
vt 0.562500 1.332796
vt 0.593750 1.332796
vt 0.625000 1.332796
vt 0.656250 1.332796
vt 0.687500 1.332796
vt 0.718750 1.332796
vt 0.750000 1.332796
vt 0.781250 1.332796
vt 0.812500 1.332796
vt 0.843750 1.332796
vt 0.875000 1.332796
vt 0.906250 1.332796
vt 0.937500 1.332796
vt 0.968750 1.332796
vt 1.000000 1.332796
vt 0.031250 1.335784
vt 0.000000 1.335784
vt 0.062500 1.335784
vt 0.093750 1.335784
vt 0.125000 1.335784
vt 0.156250 1.335784
vt 0.187500 1.335784
vt 0.218750 1.335784
vt 0.250000 1.335784
vt 0.281250 1.335784
vt 0.312500 1.335784
vt 0.343750 1.335784
vt 0.375000 1.335784
vt 0.406250 1.335784
vt 0.437500 1.335784
vt 0.468750 1.335784
vt 0.500000 1.335784
vt 0.531250 1.335784
vt 0.562500 1.335784
vt 0.593750 1.335784
vt 0.625000 1.335784
vt 0.656250 1.335784
vt 0.687500 1.335784
vt 0.718750 1.335784
vt 0.750000 1.335784
vt 0.781250 1.335784
vt 0.812500 1.335784
vt 0.843750 1.335784
vt 0.875000 1.335784
vt 0.906250 1.335784
vt 0.937500 1.335784
vt 0.968750 1.335784
vt 1.000000 1.335784
vt 0.031250 1.338549
vt 0.000000 1.338549
vt 0.062500 1.338549
vt 0.093750 1.338549
vt 0.125000 1.338549
vt 0.156250 1.338549
vt 0.187500 1.338549
vt 0.218750 1.338549
vt 0.250000 1.338549
vt 0.281250 1.338549
vt 0.312500 1.338549
vt 0.343750 1.338549
vt 0.375000 1.338549
vt 0.406250 1.338549
vt 0.437500 1.338549
vt 0.468750 1.338549
vt 0.500000 1.338549
vt 0.531250 1.338549
vt 0.562500 1.338549
vt 0.593750 1.338549
vt 0.625000 1.338549
vt 0.656250 1.338549
vt 0.687500 1.338549
vt 0.718750 1.338549
vt 0.750000 1.338549
vt 0.781250 1.338549
vt 0.812500 1.338549
vt 0.843750 1.338549
vt 0.875000 1.338549
vt 0.906250 1.338549
vt 0.937500 1.338549
vt 0.968750 1.338549
vt 1.000000 1.338549
vt 0.031250 1.340715
vt 0.000000 1.340715
vt 0.062500 1.340715
vt 0.093750 1.340715
vt 0.125000 1.340715
vt 0.156250 1.340715
vt 0.187500 1.340715
vt 0.218750 1.340715
vt 0.250000 1.340715
vt 0.281250 1.340715
vt 0.312500 1.340715
vt 0.343750 1.340715
vt 0.375000 1.340715
vt 0.406250 1.340715
vt 0.437500 1.340715
vt 0.468750 1.340715
vt 0.500000 1.340715
vt 0.531250 1.340715
vt 0.562500 1.340715
vt 0.593750 1.340715
vt 0.625000 1.340715
vt 0.656250 1.340715
vt 0.687500 1.340715
vt 0.718750 1.340715
vt 0.750000 1.340715
vt 0.781250 1.340715
vt 0.812500 1.340715
vt 0.843750 1.340715
vt 0.875000 1.340715
vt 0.906250 1.340715
vt 0.937500 1.340715
vt 0.968750 1.340715
vt 1.000000 1.340715
vt 0.031250 1.341902
vt 0.000000 1.341902
vt 0.062500 1.341902
vt 0.093750 1.341902
vt 0.125000 1.341902
vt 0.156250 1.341902
vt 0.187500 1.341902
vt 0.218750 1.341902
vt 0.250000 1.341902
vt 0.281250 1.341902
vt 0.312500 1.341902
vt 0.343750 1.341902
vt 0.375000 1.341902
vt 0.406250 1.341902
vt 0.437500 1.341902
vt 0.468750 1.341902
vt 0.500000 1.341902
vt 0.531250 1.341902
vt 0.562500 1.341902
vt 0.593750 1.341902
vt 0.625000 1.341902
vt 0.656250 1.341902
vt 0.687500 1.341902
vt 0.718750 1.341902
vt 0.750000 1.341902
vt 0.781250 1.341902
vt 0.812500 1.341902
vt 0.843750 1.341902
vt 0.875000 1.341902
vt 0.906250 1.341902
vt 0.937500 1.341902
vt 0.968750 1.341902
vt 1.000000 1.341902
vt 0.031250 1.341733
vt 0.000000 1.341733
vt 0.062500 1.341733
vt 0.093750 1.341733
vt 0.125000 1.341733
vt 0.156250 1.341733
vt 0.187500 1.341733
vt 0.218750 1.341733
vt 0.250000 1.341733
vt 0.281250 1.341733
vt 0.312500 1.341733
vt 0.343750 1.341733
vt 0.375000 1.341733
vt 0.406250 1.341733
vt 0.437500 1.341733
vt 0.468750 1.341733
vt 0.500000 1.341733
vt 0.531250 1.341733
vt 0.562500 1.341733
vt 0.593750 1.341733
vt 0.625000 1.341733
vt 0.656250 1.341733
vt 0.687500 1.341733
vt 0.718750 1.341733
vt 0.750000 1.341733
vt 0.781250 1.341733
vt 0.812500 1.341733
vt 0.843750 1.341733
vt 0.875000 1.341733
vt 0.906250 1.341733
vt 0.937500 1.341733
vt 0.968750 1.341733
vt 1.000000 1.341733
vt 0.031250 1.339828
vt 0.000000 1.339828
vt 0.062500 1.339828
vt 0.093750 1.339828
vt 0.125000 1.339828
vt 0.156250 1.339828
vt 0.187500 1.339828
vt 0.218750 1.339828
vt 0.250000 1.339828
vt 0.281250 1.339828
vt 0.312500 1.339828
vt 0.343750 1.339828
vt 0.375000 1.339828
vt 0.406250 1.339828
vt 0.437500 1.339828
vt 0.468750 1.339828
vt 0.500000 1.339828
vt 0.531250 1.339828
vt 0.562500 1.339828
vt 0.593750 1.339828
vt 0.625000 1.339828
vt 0.656250 1.339828
vt 0.687500 1.339828
vt 0.718750 1.339828
vt 0.750000 1.339828
vt 0.781250 1.339828
vt 0.812500 1.339828
vt 0.843750 1.339828
vt 0.875000 1.339828
vt 0.906250 1.339828
vt 0.937500 1.339828
vt 0.968750 1.339828
vt 1.000000 1.339828
vt 0.031250 1.335809
vt 0.000000 1.335809
vt 0.062500 1.335809
vt 0.093750 1.335809
vt 0.125000 1.335809
vt 0.156250 1.335809
vt 0.187500 1.335809
vt 0.218750 1.335809
vt 0.250000 1.335809
vt 0.281250 1.335809
vt 0.312500 1.335809
vt 0.343750 1.335809
vt 0.375000 1.335809
vt 0.406250 1.335809
vt 0.437500 1.335809
vt 0.468750 1.335809
vt 0.500000 1.335809
vt 0.531250 1.335809
vt 0.562500 1.335809
vt 0.593750 1.335809
vt 0.625000 1.335809
vt 0.656250 1.335809
vt 0.687500 1.335809
vt 0.718750 1.335809
vt 0.750000 1.335809
vt 0.781250 1.335809
vt 0.812500 1.335809
vt 0.843750 1.335809
vt 0.875000 1.335809
vt 0.906250 1.335809
vt 0.937500 1.335809
vt 0.968750 1.335809
vt 1.000000 1.335809
vt 0.031250 1.329298
vt 0.000000 1.329298
vt 0.062500 1.329298
vt 0.093750 1.329298
vt 0.125000 1.329298
vt 0.156250 1.329298
vt 0.187500 1.329298
vt 0.218750 1.329298
vt 0.250000 1.329298
vt 0.281250 1.329298
vt 0.312500 1.329298
vt 0.343750 1.329298
vt 0.375000 1.329298
vt 0.406250 1.329298
vt 0.437500 1.329298
vt 0.468750 1.329298
vt 0.500000 1.329298
vt 0.531250 1.329298
vt 0.562500 1.329298
vt 0.593750 1.329298
vt 0.625000 1.329298
vt 0.656250 1.329298
vt 0.687500 1.329298
vt 0.718750 1.329298
vt 0.750000 1.329298
vt 0.781250 1.329298
vt 0.812500 1.329298
vt 0.843750 1.329298
vt 0.875000 1.329298
vt 0.906250 1.329298
vt 0.937500 1.329298
vt 0.968750 1.329298
vt 1.000000 1.329298
vt 0.031250 1.319917
vt 0.000000 1.319917
vt 0.062500 1.319917
vt 0.093750 1.319917
vt 0.125000 1.319917
vt 0.156250 1.319917
vt 0.187500 1.319917
vt 0.218750 1.319917
vt 0.250000 1.319917
vt 0.281250 1.319917
vt 0.312500 1.319917
vt 0.343750 1.319917
vt 0.375000 1.319917
vt 0.406250 1.319917
vt 0.437500 1.319917
vt 0.468750 1.319917
vt 0.500000 1.319917
vt 0.531250 1.319917
vt 0.562500 1.319917
vt 0.593750 1.319917
vt 0.625000 1.319917
vt 0.656250 1.319917
vt 0.687500 1.319917
vt 0.718750 1.319917
vt 0.750000 1.319917
vt 0.781250 1.319917
vt 0.812500 1.319917
vt 0.843750 1.319917
vt 0.875000 1.319917
vt 0.906250 1.319917
vt 0.937500 1.319917
vt 0.968750 1.319917
vt 1.000000 1.319917
vt 0.031250 1.319228
vt 0.000000 1.319228
vt 0.062500 1.319228
vt 0.093750 1.319228
vt 0.125000 1.319228
vt 0.156250 1.319228
vt 0.187500 1.319228
vt 0.218750 1.319228
vt 0.250000 1.319228
vt 0.281250 1.319228
vt 0.312500 1.319228
vt 0.343750 1.319228
vt 0.375000 1.319228
vt 0.406250 1.319228
vt 0.437500 1.319228
vt 0.468750 1.319228
vt 0.500000 1.319228
vt 0.531250 1.319228
vt 0.562500 1.319228
vt 0.593750 1.319228
vt 0.625000 1.319228
vt 0.656250 1.319228
vt 0.687500 1.319228
vt 0.718750 1.319228
vt 0.750000 1.319228
vt 0.781250 1.319228
vt 0.812500 1.319228
vt 0.843750 1.319228
vt 0.875000 1.319228
vt 0.906250 1.319228
vt 0.937500 1.319228
vt 0.968750 1.319228
vt 1.000000 1.319228
vt 0.031250 1.318817
vt 0.000000 1.318817
vt 0.062500 1.318817
vt 0.093750 1.318817
vt 0.125000 1.318817
vt 0.156250 1.318817
vt 0.187500 1.318817
vt 0.218750 1.318817
vt 0.250000 1.318817
vt 0.281250 1.318817
vt 0.312500 1.318817
vt 0.343750 1.318817
vt 0.375000 1.318817
vt 0.406250 1.318817
vt 0.437500 1.318817
vt 0.468750 1.318817
vt 0.500000 1.318817
vt 0.531250 1.318817
vt 0.562500 1.318817
vt 0.593750 1.318817
vt 0.625000 1.318817
vt 0.656250 1.318817
vt 0.687500 1.318817
vt 0.718750 1.318817
vt 0.750000 1.318817
vt 0.781250 1.318817
vt 0.812500 1.318817
vt 0.843750 1.318817
vt 0.875000 1.318817
vt 0.906250 1.318817
vt 0.937500 1.318817
vt 0.968750 1.318817
vt 1.000000 1.318817
vt 0.031250 1.318697
vt 0.000000 1.318697
vt 0.062500 1.318697
vt 0.093750 1.318697
vt 0.125000 1.318697
vt 0.156250 1.318697
vt 0.187500 1.318697
vt 0.218750 1.318697
vt 0.250000 1.318697
vt 0.281250 1.318697
vt 0.312500 1.318697
vt 0.343750 1.318697
vt 0.375000 1.318697
vt 0.406250 1.318697
vt 0.437500 1.318697
vt 0.468750 1.318697
vt 0.500000 1.318697
vt 0.531250 1.318697
vt 0.562500 1.318697
vt 0.593750 1.318697
vt 0.625000 1.318697
vt 0.656250 1.318697
vt 0.687500 1.318697
vt 0.718750 1.318697
vt 0.750000 1.318697
vt 0.781250 1.318697
vt 0.812500 1.318697
vt 0.843750 1.318697
vt 0.875000 1.318697
vt 0.906250 1.318697
vt 0.937500 1.318697
vt 0.968750 1.318697
vt 1.000000 1.318697
vt 0.031250 1.318877
vt 0.000000 1.318877
vt 0.062500 1.318877
vt 0.093750 1.318877
vt 0.125000 1.318877
vt 0.156250 1.318877
vt 0.187500 1.318877
vt 0.218750 1.318877
vt 0.250000 1.318877
vt 0.281250 1.318877
vt 0.312500 1.318877
vt 0.343750 1.318877
vt 0.375000 1.318877
vt 0.406250 1.318877
vt 0.437500 1.318877
vt 0.468750 1.318877
vt 0.500000 1.318877
vt 0.531250 1.318877
vt 0.562500 1.318877
vt 0.593750 1.318877
vt 0.625000 1.318877
vt 0.656250 1.318877
vt 0.687500 1.318877
vt 0.718750 1.318877
vt 0.750000 1.318877
vt 0.781250 1.318877
vt 0.812500 1.318877
vt 0.843750 1.318877
vt 0.875000 1.318877
vt 0.906250 1.318877
vt 0.937500 1.318877
vt 0.968750 1.318877
vt 1.000000 1.318877
vt 0.970437 1.332422
vt 1.000000 1.332422
vt 0.064187 1.332422
vt 0.093750 1.332422
vt 0.095437 1.332422
vt 0.125000 1.332422
vt 0.126687 1.332422
vt 0.156250 1.332422
vt 0.157937 1.332422
vt 0.187500 1.332422
vt 0.189187 1.332422
vt 0.218750 1.332422
vt 0.220437 1.332422
vt 0.250000 1.332422
vt 0.251687 1.332422
vt 0.281250 1.332422
vt 0.282937 1.332422
vt 0.312500 1.332422
vt 0.314187 1.332422
vt 0.343750 1.332422
vt 0.345437 1.332422
vt 0.375000 1.332422
vt 0.376687 1.332422
vt 0.406250 1.332422
vt 0.407937 1.332422
vt 0.437500 1.332422
vt 0.439187 1.332422
vt 0.468750 1.332422
vt 0.470437 1.332422
vt 0.500000 1.332422
vt 0.501687 1.332422
vt 0.531250 1.332422
vt 0.532937 1.332422
vt 0.562500 1.332422
vt 0.564187 1.332422
vt 0.593750 1.332422
vt 0.595437 1.332422
vt 0.625000 1.332422
vt 0.626687 1.332422
vt 0.656250 1.332422
vt 0.657937 1.332422
vt 0.687500 1.332422
vt 0.689187 1.332422
vt 0.718750 1.332422
vt 0.720437 1.332422
vt 0.750000 1.332422
vt 0.751687 1.332422
vt 0.781250 1.332422
vt 0.782937 1.332422
vt 0.812500 1.332422
vt 0.814187 1.332422
vt 0.843750 1.332422
vt 0.845437 1.332422
vt 0.875000 1.332422
vt 0.876687 1.332422
vt 0.906250 1.332422
vt 0.907937 1.332422
vt 0.937500 1.332422
vt 0.939187 1.332422
vt 0.968750 1.332422
vt 0.001687 1.332422
vt 0.031250 1.332422
vt 0.031250 1.325986
vt 0.000000 1.325986
vt 0.062500 1.325986
vt 0.031250 1.325986
vt 0.093750 1.325986
vt 0.062500 1.325986
vt 0.125000 1.325986
vt 0.156250 1.325986
vt 0.187500 1.325986
vt 0.218750 1.325986
vt 0.187500 1.325986
vt 0.250000 1.325986
vt 0.218750 1.325986
vt 0.281250 1.325986
vt 0.250000 1.325986
vt 0.312500 1.325986
vt 0.281250 1.325986
vt 0.343750 1.325986
vt 0.312500 1.325986
vt 0.375000 1.325986
vt 0.406250 1.325986
vt 0.437500 1.325986
vt 0.406250 1.325986
vt 0.468750 1.325986
vt 0.500000 1.325986
vt 0.468750 1.325986
vt 0.531250 1.325986
vt 0.562500 1.325986
vt 0.531250 1.325986
vt 0.593750 1.325986
vt 0.625000 1.325986
vt 0.656250 1.325986
vt 0.687500 1.325986
vt 0.718750 1.325986
vt 0.687500 1.325986
vt 0.750000 1.325986
vt 0.718750 1.325986
vt 0.781250 1.325986
vt 0.750000 1.325986
vt 0.812500 1.325986
vt 0.781250 1.325986
vt 0.843750 1.325986
vt 0.875000 1.325986
vt 0.906250 1.325986
vt 0.875000 1.325986
vt 0.937500 1.325986
vt 0.968750 1.325986
vt 0.032937 1.332422
vt 0.062500 1.332422
vt 0.031141 1.329028
vt 0.000109 1.329029
vt 0.000889 1.332422
vt 0.062391 1.329028
vt 0.031359 1.329028
vt 0.032139 1.332422
vt 0.093641 1.329028
vt 0.062609 1.329028
vt 0.063389 1.332422
vt 0.124891 1.329028
vt 0.093859 1.329028
vt 0.094639 1.332422
vt 0.156141 1.329028
vt 0.125109 1.329028
vt 0.125889 1.332422
vt 0.187391 1.329028
vt 0.156359 1.329028
vt 0.157139 1.332422
vt 0.218641 1.329028
vt 0.187609 1.329028
vt 0.188389 1.332422
vt 0.249891 1.329028
vt 0.218859 1.329029
vt 0.219639 1.332422
vt 0.281141 1.329028
vt 0.250109 1.329028
vt 0.250889 1.332422
vt 0.312391 1.329028
vt 0.281359 1.329028
vt 0.282139 1.332422
vt 0.343641 1.329028
vt 0.312609 1.329028
vt 0.313389 1.332422
vt 0.374891 1.329029
vt 0.343859 1.329028
vt 0.344639 1.332422
vt 0.406141 1.329028
vt 0.375109 1.329028
vt 0.375889 1.332422
vt 0.437391 1.329028
vt 0.406359 1.329028
vt 0.407139 1.332422
vt 0.468641 1.329028
vt 0.437609 1.329028
vt 0.438389 1.332422
vt 0.499891 1.329028
vt 0.468859 1.329028
vt 0.469639 1.332422
vt 0.531141 1.329028
vt 0.500109 1.329029
vt 0.500889 1.332422
vt 0.562391 1.329028
vt 0.531359 1.329028
vt 0.532139 1.332422
vt 0.593641 1.329028
vt 0.562609 1.329028
vt 0.563389 1.332422
vt 0.624891 1.329028
vt 0.593859 1.329029
vt 0.594639 1.332422
vt 0.656141 1.329029
vt 0.625109 1.329028
vt 0.625889 1.332422
vt 0.687391 1.329028
vt 0.656359 1.329028
vt 0.657139 1.332422
vt 0.718641 1.329029
vt 0.687609 1.329029
vt 0.688389 1.332422
vt 0.749891 1.329028
vt 0.718859 1.329028
vt 0.719639 1.332422
vt 0.781141 1.329028
vt 0.750109 1.329028
vt 0.750889 1.332422
vt 0.812391 1.329028
vt 0.781359 1.329028
vt 0.782139 1.332422
vt 0.843641 1.329028
vt 0.812609 1.329028
vt 0.813389 1.332422
vt 0.874891 1.329028
vt 0.843859 1.329028
vt 0.844639 1.332422
vt 0.906141 1.329029
vt 0.875109 1.329028
vt 0.875889 1.332422
vt 0.937391 1.329028
vt 0.906359 1.329028
vt 0.907139 1.332422
vt 0.968641 1.329028
vt 0.937609 1.329028
vt 0.938389 1.332422
vt 1.000000 1.325986
vt 0.999891 1.329029
vt 0.968859 1.329028
vt 0.968750 1.325986
vt 0.969639 1.332422
vt 0.181819 0.314921
vt 0.227273 0.314921
vt 0.204546 0.354286
vt 0.000000 0.314921
vt 0.045455 0.314921
vt 0.022727 0.354286
vt 0.727273 0.314921
vt 0.772727 0.314921
vt 0.750000 0.354286
vt 0.545455 0.314921
vt 0.590909 0.314921
vt 0.568182 0.354286
vt 0.363637 0.314921
vt 0.409091 0.314921
vt 0.386364 0.354286
vt 0.431819 0.433017
vt 0.477273 0.433017
vt 0.454546 0.472382
vt 0.409091 0.393651
vt 0.454546 0.393651
vt 0.431819 0.354286
vt 0.500000 0.393651
vt 0.477273 0.354286
vt 0.522728 0.354286
vt 0.454546 0.314921
vt 0.500000 0.314921
vt 0.613637 0.433017
vt 0.659091 0.433017
vt 0.636364 0.472382
vt 0.590909 0.393651
vt 0.636364 0.393651
vt 0.613637 0.354286
vt 0.681818 0.393651
vt 0.659091 0.354286
vt 0.704546 0.354286
vt 0.636364 0.314921
vt 0.681818 0.314921
vt 0.795455 0.433017
vt 0.840909 0.433017
vt 0.818182 0.472382
vt 0.772727 0.393651
vt 0.818182 0.393651
vt 0.795455 0.354286
vt 0.863636 0.393651
vt 0.840909 0.354286
vt 0.886364 0.354286
vt 0.818182 0.314921
vt 0.863636 0.314921
vt 0.909091 0.314921
vt 0.068182 0.433017
vt 0.113637 0.433017
vt 0.090910 0.472382
vt 0.045455 0.393651
vt 0.090910 0.393651
vt 0.068182 0.354286
vt 0.136365 0.393651
vt 0.113637 0.354286
vt 0.159092 0.354286
vt 0.090909 0.314921
vt 0.136364 0.314921
vt 0.250001 0.433017
vt 0.295455 0.433017
vt 0.272728 0.472382
vt 0.227273 0.393651
vt 0.272728 0.393651
vt 0.250001 0.354286
vt 0.318182 0.393651
vt 0.295455 0.354286
vt 0.340910 0.354286
vt 0.272728 0.314921
vt 0.318182 0.314921
vt 0.386364 0.275556
vt 0.409091 0.236191
vt 0.431819 0.275556
vt 0.454546 0.236191
vt 0.477273 0.275556
vt 0.500000 0.236191
vt 0.522728 0.275556
vt 0.568182 0.275556
vt 0.590909 0.236191
vt 0.613637 0.275556
vt 0.636364 0.236191
vt 0.659091 0.275556
vt 0.681818 0.236191
vt 0.704546 0.275556
vt 0.750000 0.275556
vt 0.772727 0.236191
vt 0.795455 0.275556
vt 0.818182 0.236191
vt 0.840909 0.275556
vt 0.863636 0.236191
vt 0.886364 0.275556
vt 0.022727 0.275556
vt 0.045455 0.236191
vt 0.068182 0.275556
vt 0.090910 0.236191
vt 0.113637 0.275556
vt 0.136364 0.236191
vt 0.159092 0.275556
vt 0.204546 0.275556
vt 0.227273 0.236191
vt 0.250001 0.275556
vt 0.272728 0.236191
vt 0.295455 0.275556
vt 0.318182 0.236191
vt 0.340910 0.275556
vt 0.545455 0.236191
vt 0.727273 0.236191
vt 0.931818 0.275556
vt 0.909091 0.236191
vt 0.954545 0.236191
vt 0.181819 0.236191
vt 0.363637 0.236191
vt 0.181819 0.000000
vt 0.204546 0.039365
vt 0.159092 0.039365
vt 0.272728 0.157461
vt 0.295455 0.118096
vt 0.318182 0.157461
vt 0.909091 0.000000
vt 0.931818 0.039365
vt 0.886364 0.039365
vt 0.727273 0.000000
vt 0.750000 0.039365
vt 0.704546 0.039365
vt 0.545455 0.000000
vt 0.568182 0.039365
vt 0.522728 0.039365
vt 0.295455 0.196826
vt 0.090910 0.157461
vt 0.136364 0.157461
vt 0.113637 0.196826
vt 0.818182 0.157461
vt 0.863636 0.157461
vt 0.840909 0.196826
vt 0.636364 0.157461
vt 0.681818 0.157461
vt 0.659091 0.196826
vt 0.454546 0.157461
vt 0.500000 0.157461
vt 0.477273 0.196826
vt 0.250001 0.196826
vt 0.068182 0.196826
vt 0.795455 0.196826
vt 0.613637 0.196826
vt 0.431819 0.196826
vt 0.522728 0.196826
vt 0.568182 0.196826
vt 0.545455 0.157461
vt 0.590909 0.157461
vt 0.704546 0.196826
vt 0.750000 0.196826
vt 0.727273 0.157461
vt 0.772727 0.157461
vt 0.886364 0.196826
vt 0.931818 0.196826
vt 0.977273 0.196826
vt 0.909091 0.157461
vt 0.954545 0.157461
vt 1.000000 0.157461
vt 0.159092 0.196826
vt 0.204546 0.196826
vt 0.181819 0.157461
vt 0.227274 0.157461
vt 0.340910 0.196826
vt 0.386364 0.196826
vt 0.363637 0.157461
vt 0.409092 0.157461
vt 0.477273 0.118096
vt 0.500000 0.078731
vt 0.522728 0.118096
vt 0.545455 0.078731
vt 0.568182 0.118096
vt 0.590909 0.078731
vt 0.613637 0.118096
vt 0.659091 0.118096
vt 0.681818 0.078731
vt 0.704546 0.118096
vt 0.727273 0.078731
vt 0.750000 0.118096
vt 0.772727 0.078731
vt 0.795455 0.118096
vt 0.840909 0.118096
vt 0.863636 0.078731
vt 0.886364 0.118096
vt 0.909091 0.078731
vt 0.931818 0.118096
vt 0.954545 0.078731
vt 0.977273 0.118096
vt 0.431819 0.118096
vt 0.386364 0.118096
vt 0.340910 0.118096
vt 0.409091 0.078731
vt 0.363637 0.078730
vt 0.386364 0.039365
vt 0.318182 0.078731
vt 0.340910 0.039365
vt 0.363637 0.000000
vt 0.113637 0.118096
vt 0.136365 0.078731
vt 0.159092 0.118096
vt 0.181819 0.078731
vt 0.204546 0.118096
vt 0.227273 0.078731
vt 0.250001 0.118096
vt 1.000000 0.500000
vt 1.000000 1.000000
vt 0.968750 1.000000
vt 0.968750 0.500000
vt 0.937500 1.000000
vt 0.937500 0.500000
vt 0.906250 1.000000
vt 0.906250 0.500000
vt 0.875000 1.000000
vt 0.875000 0.500000
vt 0.843750 1.000000
vt 0.843750 0.500000
vt 0.812500 1.000000
vt 0.812500 0.500000
vt 0.781250 1.000000
vt 0.781250 0.500000
vt 0.750000 1.000000
vt 0.750000 0.500000
vt 0.718750 1.000000
vt 0.718750 0.500000
vt 0.687500 1.000000
vt 0.687500 0.500000
vt 0.656250 1.000000
vt 0.656250 0.500000
vt 0.625000 1.000000
vt 0.625000 0.500000
vt 0.593750 1.000000
vt 0.593750 0.500000
vt 0.562500 1.000000
vt 0.562500 0.500000
vt 0.531250 1.000000
vt 0.531250 0.500000
vt 0.500000 1.000000
vt 0.500000 0.500000
vt 0.468750 1.000000
vt 0.468750 0.500000
vt 0.437500 1.000000
vt 0.437500 0.500000
vt 0.406250 1.000000
vt 0.406250 0.500000
vt 0.375000 1.000000
vt 0.375000 0.500000
vt 0.343750 1.000000
vt 0.343750 0.500000
vt 0.312500 1.000000
vt 0.312500 0.500000
vt 0.281250 1.000000
vt 0.281250 0.500000
vt 0.250000 1.000000
vt 0.250000 0.500000
vt 0.218750 1.000000
vt 0.218750 0.500000
vt 0.187500 1.000000
vt 0.187500 0.500000
vt 0.156250 1.000000
vt 0.156250 0.500000
vt 0.125000 1.000000
vt 0.125000 0.500000
vt 0.093750 1.000000
vt 0.093750 0.500000
vt 0.062500 1.000000
vt 0.062500 0.500000
vt 0.296822 0.485388
vt 0.250000 0.490000
vt 0.203178 0.485388
vt 0.158156 0.471731
vt 0.116663 0.449553
vt 0.080294 0.419706
vt 0.050447 0.383337
vt 0.028269 0.341844
vt 0.014612 0.296822
vt 0.010000 0.250000
vt 0.014612 0.203178
vt 0.028269 0.158156
vt 0.050447 0.116663
vt 0.080294 0.080294
vt 0.116663 0.050447
vt 0.158156 0.028269
vt 0.203178 0.014612
vt 0.250000 0.010000
vt 0.296822 0.014612
vt 0.341844 0.028269
vt 0.383337 0.050447
vt 0.419706 0.080294
vt 0.449553 0.116663
vt 0.471731 0.158156
vt 0.485388 0.203178
vt 0.490000 0.250000
vt 0.485388 0.296822
vt 0.471731 0.341844
vt 0.449553 0.383337
vt 0.419706 0.419706
vt 0.383337 0.449553
vt 0.341844 0.471731
vt 0.031250 1.000000
vt 0.031250 0.500000
vt 0.000000 1.000000
vt 0.000000 0.500000
vt 0.750000 0.490000
vt 0.796822 0.485388
vt 0.841844 0.471731
vt 0.883337 0.449553
vt 0.919706 0.419706
vt 0.949553 0.383337
vt 0.971731 0.341844
vt 0.985388 0.296822
vt 0.990000 0.250000
vt 0.985388 0.203178
vt 0.971731 0.158156
vt 0.949553 0.116663
vt 0.919706 0.080294
vt 0.883337 0.050447
vt 0.841844 0.028269
vt 0.796822 0.014612
vt 0.750000 0.010000
vt 0.703178 0.014612
vt 0.658156 0.028269
vt 0.616663 0.050447
vt 0.580294 0.080294
vt 0.550447 0.116663
vt 0.528269 0.158156
vt 0.514612 0.203178
vt 0.510000 0.250000
vt 0.514612 0.296822
vt 0.528269 0.341844
vt 0.550447 0.383337
vt 0.580294 0.419706
vt 0.616663 0.449553
vt 0.658156 0.471731
vt 0.703178 0.485388
s 1
usemtl Velvet
f 7135/5398/4982 7136/5399/4982 7138/5400/4982 7137/5401/4982
f 7137/5401/4983 7138/5400/4983 7140/5402/4983 7139/5403/4983
f 7139/5403/4984 7140/5402/4984 7142/5404/4984 7141/5405/4984
f 7141/5405/4985 7142/5404/4985 7144/5406/4985 7143/5407/4985
f 7143/5407/4986 7144/5406/4986 7146/5408/4986 7145/5409/4986
f 7145/5409/4987 7146/5408/4987 7148/5410/4987 7147/5411/4987
f 7147/5411/4988 7148/5410/4988 7150/5412/4988 7149/5413/4988
f 7149/5413/4989 7150/5412/4989 7152/5414/4989 7151/5415/4989
f 7151/5415/4990 7152/5414/4990 7154/5416/4990 7153/5417/4990
f 7153/5417/4991 7154/5416/4991 7156/5418/4991 7155/5419/4991
f 7155/5419/4992 7156/5418/4992 7158/5420/4992 7157/5421/4992
f 7157/5421/4993 7158/5420/4993 7160/5422/4993 7159/5423/4993
f 7159/5423/4994 7160/5422/4994 7162/5424/4994 7161/5425/4994
f 7161/5425/4995 7162/5424/4995 7164/5426/4995 7163/5427/4995
f 7163/5427/4996 7164/5426/4996 7166/5428/4996 7165/5429/4996
f 7165/5429/4997 7166/5428/4997 7168/5430/4997 7167/5431/4997
f 7167/5431/4998 7168/5430/4998 7170/5432/4998 7169/5433/4998
f 7169/5433/4999 7170/5432/4999 7172/5434/4999 7171/5435/4999
f 7171/5435/5000 7172/5434/5000 7174/5436/5000 7173/5437/5000
f 7173/5437/5001 7174/5436/5001 7176/5438/5001 7175/5439/5001
f 7175/5439/5002 7176/5438/5002 7178/5440/5002 7177/5441/5002
f 7177/5441/5003 7178/5440/5003 7180/5442/5003 7179/5443/5003
f 7179/5443/5004 7180/5442/5004 7182/5444/5004 7181/5445/5004
f 7181/5445/5005 7182/5444/5005 7184/5446/5005 7183/5447/5005
f 7183/5447/5006 7184/5446/5006 7186/5448/5006 7185/5449/5006
f 7185/5449/5007 7186/5448/5007 7188/5450/5007 7187/5451/5007
f 7187/5451/5008 7188/5450/5008 7190/5452/5008 7189/5453/5008
f 7189/5453/5009 7190/5452/5009 7192/5454/5009 7191/5455/5009
f 7191/5455/5010 7192/5454/5010 7194/5456/5010 7193/5457/5010
f 7193/5457/5011 7194/5456/5011 7196/5458/5011 7195/5459/5011
f 7138/5460/2790 7136/5461/2790 7198/5462/2790 7196/5463/2790 7194/5464/2790 7192/5465/2790 7190/5466/2790 7188/5467/2790 7186/5468/2790 7184/5469/2790 7182/5470/2790 7180/5471/2790 7178/5472/2790 7176/5473/2790 7174/5474/2790 7172/5475/2790 7170/5476/2790 7168/5477/2790 7166/5478/2790 7164/5479/2790 7162/5480/2790 7160/5481/2790 7158/5482/2790 7156/5483/2790 7154/5484/2790 7152/5485/2790 7150/5486/2790 7148/5487/2790 7146/5488/2790 7144/5489/2790 7142/5490/2790 7140/5491/2790
f 7195/5459/5012 7196/5458/5012 7198/5492/5012 7197/5493/5012
f 7197/5493/5013 7198/5492/5013 7136/5494/5013 7135/5495/5013
f 7135/5496/2373 7137/5497/2373 7139/5498/2373 7141/5499/2373 7143/5500/2373 7145/5501/2373 7147/5502/2373 7149/5503/2373 7151/5504/2373 7153/5505/2373 7155/5506/2373 7157/5507/2373 7159/5508/2373 7161/5509/2373 7163/5510/2373 7165/5511/2373 7167/5512/2373 7169/5513/2373 7171/5514/2373 7173/5515/2373 7175/5516/2373 7177/5517/2373 7179/5518/2373 7181/5519/2373 7183/5520/2373 7185/5521/2373 7187/5522/2373 7189/5523/2373 7191/5524/2373 7193/5525/2373 7195/5526/2373 7197/5527/2373
usemtl Plastic
f 1/1/1 213/2/2 214/3/2 2/4/1
f 213/2/2 424/5/3 425/6/3 214/3/2
f 424/5/3 635/7/4 636/8/4 425/6/3
f 635/7/4 846/9/5 847/10/6 636/8/4
f 846/9/5 1057/11/7 1058/12/7 847/10/6
f 1057/11/7 1268/13/8 1269/14/8 1058/12/7
f 1268/13/8 1479/15/9 1480/16/9 1269/14/8
f 1479/15/9 1690/17/10 1691/18/10 1480/16/9
f 1690/17/10 1901/19/11 1902/20/11 1691/18/10
f 1901/19/11 2112/21/12 2113/22/12 1902/20/11
f 2112/21/12 2323/23/13 2324/24/13 2113/22/12
f 2323/23/13 2534/25/14 2535/26/15 2324/24/13
f 2534/25/14 2745/27/16 2746/28/16 2535/26/15
f 2745/27/16 2956/29/17 2957/30/17 2746/28/16
f 2956/29/17 3167/31/18 3168/32/18 2957/30/17
f 3167/31/18 3378/33/19 3379/34/19 3168/32/18
f 3378/33/19 3589/35/20 3590/36/20 3379/34/19
f 3589/35/20 3800/37/21 3801/38/21 3590/36/20
f 3800/37/21 4011/39/22 4012/40/22 3801/38/21
f 4011/39/22 4222/41/23 4223/42/24 4012/40/22
f 4222/41/23 4433/43/25 4434/44/25 4223/42/24
f 4433/43/25 4644/45/26 4645/46/26 4434/44/25
f 4644/45/26 4855/47/27 4856/48/27 4645/46/26
f 4855/47/27 5066/49/28 5067/50/28 4856/48/27
f 5066/49/28 5277/51/29 5278/52/29 5067/50/28
f 5277/51/29 5488/53/30 5489/54/30 5278/52/29
f 5488/53/30 5699/55/31 5700/56/31 5489/54/30
f 5699/55/31 5910/57/32 5911/58/33 5700/56/31
f 5910/57/32 6121/59/34 6122/60/34 5911/58/33
f 6121/59/34 6332/61/35 6333/62/35 6122/60/34
f 6332/61/35 6543/63/36 6544/64/36 6333/62/35
f 6543/63/36 1/65/1 2/66/1 6544/64/36
f 2/4/1 214/3/2 215/67/37 3/68/38
f 214/3/2 425/6/3 426/69/39 215/67/37
f 425/6/3 636/8/4 637/70/40 426/69/39
f 636/8/4 847/10/6 848/71/41 637/70/40
f 847/10/6 1058/12/7 1059/72/42 848/71/41
f 1058/12/7 1269/14/8 1270/73/43 1059/72/42
f 1269/14/8 1480/16/9 1481/74/44 1270/73/43
f 1480/16/9 1691/18/10 1692/75/45 1481/74/44
f 1691/18/10 1902/20/11 1903/76/46 1692/75/45
f 1902/20/11 2113/22/12 2114/77/47 1903/76/46
f 2113/22/12 2324/24/13 2325/78/48 2114/77/47
f 2324/24/13 2535/26/15 2536/79/49 2325/78/48
f 2535/26/15 2746/28/16 2747/80/50 2536/79/49
f 2746/28/16 2957/30/17 2958/81/51 2747/80/50
f 2957/30/17 3168/32/18 3169/82/52 2958/81/51
f 3168/32/18 3379/34/19 3380/83/53 3169/82/52
f 3379/34/19 3590/36/20 3591/84/54 3380/83/53
f 3590/36/20 3801/38/21 3802/85/55 3591/84/54
f 3801/38/21 4012/40/22 4013/86/56 3802/85/55
f 4012/40/22 4223/42/24 4224/87/57 4013/86/56
f 4223/42/24 4434/44/25 4435/88/58 4224/87/57
f 4434/44/25 4645/46/26 4646/89/59 4435/88/58
f 4645/46/26 4856/48/27 4857/90/60 4646/89/59
f 4856/48/27 5067/50/28 5068/91/61 4857/90/60
f 5067/50/28 5278/52/29 5279/92/62 5068/91/61
f 5278/52/29 5489/54/30 5490/93/63 5279/92/62
f 5489/54/30 5700/56/31 5701/94/64 5490/93/63
f 5700/56/31 5911/58/33 5912/95/65 5701/94/64
f 5911/58/33 6122/60/34 6123/96/66 5912/95/65
f 6122/60/34 6333/62/35 6334/97/67 6123/96/66
f 6333/62/35 6544/64/36 6545/98/68 6334/97/67
f 6544/64/36 2/66/1 3/99/38 6545/98/68
f 3/68/38 215/67/37 216/100/69 4/101/70
f 215/67/37 426/69/39 427/102/71 216/100/69
f 426/69/39 637/70/40 638/103/72 427/102/71
f 637/70/40 848/71/41 849/104/73 638/103/72
f 848/71/41 1059/72/42 1060/105/74 849/104/73
f 1059/72/42 1270/73/43 1271/106/75 1060/105/74
f 1270/73/43 1481/74/44 1482/107/76 1271/106/75
f 1481/74/44 1692/75/45 1693/108/77 1482/107/76
f 1692/75/45 1903/76/46 1904/109/78 1693/108/77
f 1903/76/46 2114/77/47 2115/110/79 1904/109/78
f 2114/77/47 2325/78/48 2326/111/80 2115/110/79
f 2325/78/48 2536/79/49 2537/112/81 2326/111/80
f 2536/79/49 2747/80/50 2748/113/82 2537/112/81
f 2747/80/50 2958/81/51 2959/114/83 2748/113/82
f 2958/81/51 3169/82/52 3170/115/84 2959/114/83
f 3169/82/52 3380/83/53 3381/116/85 3170/115/84
f 3380/83/53 3591/84/54 3592/117/86 3381/116/85
f 3591/84/54 3802/85/55 3803/118/87 3592/117/86
f 3802/85/55 4013/86/56 4014/119/88 3803/118/87
f 4013/86/56 4224/87/57 4225/120/89 4014/119/88
f 4224/87/57 4435/88/58 4436/121/90 4225/120/89
f 4435/88/58 4646/89/59 4647/122/91 4436/121/90
f 4646/89/59 4857/90/60 4858/123/92 4647/122/91
f 4857/90/60 5068/91/61 5069/124/93 4858/123/92
f 5068/91/61 5279/92/62 5280/125/94 5069/124/93
f 5279/92/62 5490/93/63 5491/126/95 5280/125/94
f 5490/93/63 5701/94/64 5702/127/96 5491/126/95
f 5701/94/64 5912/95/65 5913/128/97 5702/127/96
f 5912/95/65 6123/96/66 6124/129/98 5913/128/97
f 6123/96/66 6334/97/67 6335/130/99 6124/129/98
f 6334/97/67 6545/98/68 6546/131/100 6335/130/99
f 6545/98/68 3/99/38 4/132/70 6546/131/100
f 4/101/70 216/100/69 217/133/101 5/134/102
f 216/100/69 427/102/71 428/135/103 217/133/101
f 427/102/71 638/103/72 639/136/104 428/135/103
f 638/103/72 849/104/73 850/137/105 639/136/104
f 849/104/73 1060/105/74 1061/138/106 850/137/105
f 1060/105/74 1271/106/75 1272/139/107 1061/138/106
f 1271/106/75 1482/107/76 1483/140/108 1272/139/107
f 1482/107/76 1693/108/77 1694/141/109 1483/140/108
f 1693/108/77 1904/109/78 1905/142/110 1694/141/109
f 1904/109/78 2115/110/79 2116/143/111 1905/142/110
f 2115/110/79 2326/111/80 2327/144/112 2116/143/111
f 2326/111/80 2537/112/81 2538/145/113 2327/144/112
f 2537/112/81 2748/113/82 2749/146/114 2538/145/113
f 2748/113/82 2959/114/83 2960/147/115 2749/146/114
f 2959/114/83 3170/115/84 3171/148/116 2960/147/115
f 3170/115/84 3381/116/85 3382/149/117 3171/148/116
f 3381/116/85 3592/117/86 3593/150/118 3382/149/117
f 3592/117/86 3803/118/87 3804/151/119 3593/150/118
f 3803/118/87 4014/119/88 4015/152/120 3804/151/119
f 4014/119/88 4225/120/89 4226/153/121 4015/152/120
f 4225/120/89 4436/121/90 4437/154/122 4226/153/121
f 4436/121/90 4647/122/91 4648/155/123 4437/154/122
f 4647/122/91 4858/123/92 4859/156/124 4648/155/123
f 4858/123/92 5069/124/93 5070/157/125 4859/156/124
f 5069/124/93 5280/125/94 5281/158/126 5070/157/125
f 5280/125/94 5491/126/95 5492/159/127 5281/158/126
f 5491/126/95 5702/127/96 5703/160/128 5492/159/127
f 5702/127/96 5913/128/97 5914/161/129 5703/160/128
f 5913/128/97 6124/129/98 6125/162/130 5914/161/129
f 6124/129/98 6335/130/99 6336/163/131 6125/162/130
f 6335/130/99 6546/131/100 6547/164/132 6336/163/131
f 6546/131/100 4/132/70 5/165/102 6547/164/132
f 5/134/102 217/133/101 218/166/133 6/167/134
f 217/133/101 428/135/103 429/168/135 218/166/133
f 428/135/103 639/136/104 640/169/136 429/168/135
f 639/136/104 850/137/105 851/170/137 640/169/136
f 850/137/105 1061/138/106 1062/171/138 851/170/137
f 1061/138/106 1272/139/107 1273/172/139 1062/171/138
f 1272/139/107 1483/140/108 1484/173/140 1273/172/139
f 1483/140/108 1694/141/109 1695/174/141 1484/173/140
f 1694/141/109 1905/142/110 1906/175/142 1695/174/141
f 1905/142/110 2116/143/111 2117/176/143 1906/175/142
f 2116/143/111 2327/144/112 2328/177/144 2117/176/143
f 2327/144/112 2538/145/113 2539/178/145 2328/177/144
f 2538/145/113 2749/146/114 2750/179/146 2539/178/145
f 2749/146/114 2960/147/115 2961/180/147 2750/179/146
f 2960/147/115 3171/148/116 3172/181/148 2961/180/147
f 3171/148/116 3382/149/117 3383/182/149 3172/181/148
f 3382/149/117 3593/150/118 3594/183/150 3383/182/149
f 3593/150/118 3804/151/119 3805/184/151 3594/183/150
f 3804/151/119 4015/152/120 4016/185/152 3805/184/151
f 4015/152/120 4226/153/121 4227/186/153 4016/185/152
f 4226/153/121 4437/154/122 4438/187/154 4227/186/153
f 4437/154/122 4648/155/123 4649/188/155 4438/187/154
f 4648/155/123 4859/156/124 4860/189/156 4649/188/155
f 4859/156/124 5070/157/125 5071/190/157 4860/189/156
f 5070/157/125 5281/158/126 5282/191/158 5071/190/157
f 5281/158/126 5492/159/127 5493/192/159 5282/191/158
f 5492/159/127 5703/160/128 5704/193/160 5493/192/159
f 5703/160/128 5914/161/129 5915/194/161 5704/193/160
f 5914/161/129 6125/162/130 6126/195/162 5915/194/161
f 6125/162/130 6336/163/131 6337/196/163 6126/195/162
f 6336/163/131 6547/164/132 6548/197/164 6337/196/163
f 6547/164/132 5/165/102 6/198/134 6548/197/164
f 6/167/134 218/166/133 219/199/165 7/200/166
f 218/166/133 429/168/135 430/201/167 219/199/165
f 429/168/135 640/169/136 641/202/168 430/201/167
f 640/169/136 851/170/137 852/203/169 641/202/168
f 851/170/137 1062/171/138 1063/204/170 852/203/169
f 1062/171/138 1273/172/139 1274/205/171 1063/204/170
f 1273/172/139 1484/173/140 1485/206/172 1274/205/171
f 1484/173/140 1695/174/141 1696/207/173 1485/206/172
f 1695/174/141 1906/175/142 1907/208/174 1696/207/173
f 1906/175/142 2117/176/143 2118/209/175 1907/208/174
f 2117/176/143 2328/177/144 2329/210/176 2118/209/175
f 2328/177/144 2539/178/145 2540/211/177 2329/210/176
f 2539/178/145 2750/179/146 2751/212/178 2540/211/177
f 2750/179/146 2961/180/147 2962/213/179 2751/212/178
f 2961/180/147 3172/181/148 3173/214/180 2962/213/179
f 3172/181/148 3383/182/149 3384/215/181 3173/214/180
f 3383/182/149 3594/183/150 3595/216/182 3384/215/181
f 3594/183/150 3805/184/151 3806/217/183 3595/216/182
f 3805/184/151 4016/185/152 4017/218/184 3806/217/183
f 4016/185/152 4227/186/153 4228/219/185 4017/218/184
f 4227/186/153 4438/187/154 4439/220/186 4228/219/185
f 4438/187/154 4649/188/155 4650/221/187 4439/220/186
f 4649/188/155 4860/189/156 4861/222/188 4650/221/187
f 4860/189/156 5071/190/157 5072/223/189 4861/222/188
f 5071/190/157 5282/191/158 5283/224/190 5072/223/189
f 5282/191/158 5493/192/159 5494/225/191 5283/224/190
f 5493/192/159 5704/193/160 5705/226/192 5494/225/191
f 5704/193/160 5915/194/161 5916/227/193 5705/226/192
f 5915/194/161 6126/195/162 6127/228/194 5916/227/193
f 6126/195/162 6337/196/163 6338/229/195 6127/228/194
f 6337/196/163 6548/197/164 6549/230/196 6338/229/195
f 6548/197/164 6/198/134 7/231/166 6549/230/196
f 7/200/166 219/199/165 220/232/197 8/233/198
f 219/199/165 430/201/167 431/234/199 220/232/197
f 430/201/167 641/202/168 642/235/200 431/234/199
f 641/202/168 852/203/169 853/236/201 642/235/200
f 852/203/169 1063/204/170 1064/237/202 853/236/201
f 1063/204/170 1274/205/171 1275/238/203 1064/237/202
f 1274/205/171 1485/206/172 1486/239/204 1275/238/203
f 1485/206/172 1696/207/173 1697/240/205 1486/239/204
f 1696/207/173 1907/208/174 1908/241/206 1697/240/205
f 1907/208/174 2118/209/175 2119/242/207 1908/241/206
f 2118/209/175 2329/210/176 2330/243/208 2119/242/207
f 2329/210/176 2540/211/177 2541/244/209 2330/243/208
f 2540/211/177 2751/212/178 2752/245/210 2541/244/209
f 2751/212/178 2962/213/179 2963/246/211 2752/245/210
f 2962/213/179 3173/214/180 3174/247/212 2963/246/211
f 3173/214/180 3384/215/181 3385/248/213 3174/247/212
f 3384/215/181 3595/216/182 3596/249/214 3385/248/213
f 3595/216/182 3806/217/183 3807/250/215 3596/249/214
f 3806/217/183 4017/218/184 4018/251/216 3807/250/215
f 4017/218/184 4228/219/185 4229/252/217 4018/251/216
f 4228/219/185 4439/220/186 4440/253/218 4229/252/217
f 4439/220/186 4650/221/187 4651/254/219 4440/253/218
f 4650/221/187 4861/222/188 4862/255/220 4651/254/219
f 4861/222/188 5072/223/189 5073/256/221 4862/255/220
f 5072/223/189 5283/224/190 5284/257/222 5073/256/221
f 5283/224/190 5494/225/191 5495/258/223 5284/257/222
f 5494/225/191 5705/226/192 5706/259/224 5495/258/223
f 5705/226/192 5916/227/193 5917/260/225 5706/259/224
f 5916/227/193 6127/228/194 6128/261/226 5917/260/225
f 6127/228/194 6338/229/195 6339/262/227 6128/261/226
f 6338/229/195 6549/230/196 6550/263/228 6339/262/227
f 6549/230/196 7/231/166 8/264/198 6550/263/228
f 8/233/198 220/232/197 221/265/229 9/266/230
f 220/232/197 431/234/199 432/267/231 221/265/229
f 431/234/199 642/235/200 643/268/232 432/267/231
f 642/235/200 853/236/201 854/269/233 643/268/232
f 853/236/201 1064/237/202 1065/270/234 854/269/233
f 1064/237/202 1275/238/203 1276/271/235 1065/270/234
f 1275/238/203 1486/239/204 1487/272/236 1276/271/235
f 1486/239/204 1697/240/205 1698/273/237 1487/272/236
f 1697/240/205 1908/241/206 1909/274/238 1698/273/237
f 1908/241/206 2119/242/207 2120/275/239 1909/274/238
f 2119/242/207 2330/243/208 2331/276/240 2120/275/239
f 2330/243/208 2541/244/209 2542/277/241 2331/276/240
f 2541/244/209 2752/245/210 2753/278/242 2542/277/241
f 2752/245/210 2963/246/211 2964/279/243 2753/278/242
f 2963/246/211 3174/247/212 3175/280/244 2964/279/243
f 3174/247/212 3385/248/213 3386/281/245 3175/280/244
f 3385/248/213 3596/249/214 3597/282/246 3386/281/245
f 3596/249/214 3807/250/215 3808/283/247 3597/282/246
f 3807/250/215 4018/251/216 4019/284/248 3808/283/247
f 4018/251/216 4229/252/217 4230/285/249 4019/284/248
f 4229/252/217 4440/253/218 4441/286/250 4230/285/249
f 4440/253/218 4651/254/219 4652/287/251 4441/286/250
f 4651/254/219 4862/255/220 4863/288/252 4652/287/251
f 4862/255/220 5073/256/221 5074/289/253 4863/288/252
f 5073/256/221 5284/257/222 5285/290/254 5074/289/253
f 5284/257/222 5495/258/223 5496/291/255 5285/290/254
f 5495/258/223 5706/259/224 5707/292/256 5496/291/255
f 5706/259/224 5917/260/225 5918/293/257 5707/292/256
f 5917/260/225 6128/261/226 6129/294/258 5918/293/257
f 6128/261/226 6339/262/227 6340/295/259 6129/294/258
f 6339/262/227 6550/263/228 6551/296/260 6340/295/259
f 6550/263/228 8/264/198 9/297/230 6551/296/260
f 9/266/230 221/265/229 222/298/261 10/299/262
f 221/265/229 432/267/231 433/300/263 222/298/261
f 432/267/231 643/268/232 644/301/264 433/300/263
f 643/268/232 854/269/233 855/302/265 644/301/264
f 854/269/233 1065/270/234 1066/303/266 855/302/265
f 1065/270/234 1276/271/235 1277/304/267 1066/303/266
f 1276/271/235 1487/272/236 1488/305/268 1277/304/267
f 1487/272/236 1698/273/237 1699/306/269 1488/305/268
f 1698/273/237 1909/274/238 1910/307/270 1699/306/269
f 1909/274/238 2120/275/239 2121/308/271 1910/307/270
f 2120/275/239 2331/276/240 2332/309/272 2121/308/271
f 2331/276/240 2542/277/241 2543/310/273 2332/309/272
f 2542/277/241 2753/278/242 2754/311/274 2543/310/273
f 2753/278/242 2964/279/243 2965/312/275 2754/311/274
f 2964/279/243 3175/280/244 3176/313/276 2965/312/275
f 3175/280/244 3386/281/245 3387/314/277 3176/313/276
f 3386/281/245 3597/282/246 3598/315/278 3387/314/277
f 3597/282/246 3808/283/247 3809/316/279 3598/315/278
f 3808/283/247 4019/284/248 4020/317/280 3809/316/279
f 4019/284/248 4230/285/249 4231/318/281 4020/317/280
f 4230/285/249 4441/286/250 4442/319/282 4231/318/281
f 4441/286/250 4652/287/251 4653/320/283 4442/319/282
f 4652/287/251 4863/288/252 4864/321/284 4653/320/283
f 4863/288/252 5074/289/253 5075/322/285 4864/321/284
f 5074/289/253 5285/290/254 5286/323/286 5075/322/285
f 5285/290/254 5496/291/255 5497/324/287 5286/323/286
f 5496/291/255 5707/292/256 5708/325/288 5497/324/287
f 5707/292/256 5918/293/257 5919/326/289 5708/325/288
f 5918/293/257 6129/294/258 6130/327/290 5919/326/289
f 6129/294/258 6340/295/259 6341/328/291 6130/327/290
f 6340/295/259 6551/296/260 6552/329/292 6341/328/291
f 6551/296/260 9/297/230 10/330/262 6552/329/292
f 10/299/262 222/298/261 223/331/293 11/332/294
f 222/298/261 433/300/263 434/333/295 223/331/293
f 433/300/263 644/301/264 645/334/296 434/333/295
f 644/301/264 855/302/265 856/335/297 645/334/296
f 855/302/265 1066/303/266 1067/336/298 856/335/297
f 1066/303/266 1277/304/267 1278/337/299 1067/336/298
f 1277/304/267 1488/305/268 1489/338/300 1278/337/299
f 1488/305/268 1699/306/269 1700/339/301 1489/338/300
f 1699/306/269 1910/307/270 1911/340/302 1700/339/301
f 1910/307/270 2121/308/271 2122/341/303 1911/340/302
f 2121/308/271 2332/309/272 2333/342/304 2122/341/303
f 2332/309/272 2543/310/273 2544/343/305 2333/342/304
f 2543/310/273 2754/311/274 2755/344/306 2544/343/305
f 2754/311/274 2965/312/275 2966/345/307 2755/344/306
f 2965/312/275 3176/313/276 3177/346/308 2966/345/307
f 3176/313/276 3387/314/277 3388/347/309 3177/346/308
f 3387/314/277 3598/315/278 3599/348/310 3388/347/309
f 3598/315/278 3809/316/279 3810/349/311 3599/348/310
f 3809/316/279 4020/317/280 4021/350/312 3810/349/311
f 4020/317/280 4231/318/281 4232/351/313 4021/350/312
f 4231/318/281 4442/319/282 4443/352/314 4232/351/313
f 4442/319/282 4653/320/283 4654/353/315 4443/352/314
f 4653/320/283 4864/321/284 4865/354/316 4654/353/315
f 4864/321/284 5075/322/285 5076/355/317 4865/354/316
f 5075/322/285 5286/323/286 5287/356/318 5076/355/317
f 5286/323/286 5497/324/287 5498/357/319 5287/356/318
f 5497/324/287 5708/325/288 5709/358/320 5498/357/319
f 5708/325/288 5919/326/289 5920/359/321 5709/358/320
f 5919/326/289 6130/327/290 6131/360/322 5920/359/321
f 6130/327/290 6341/328/291 6342/361/323 6131/360/322
f 6341/328/291 6552/329/292 6553/362/324 6342/361/323
f 6552/329/292 10/330/262 11/363/294 6553/362/324
f 11/332/294 223/331/293 224/364/325 12/365/326
f 223/331/293 434/333/295 435/366/327 224/364/325
f 434/333/295 645/334/296 646/367/328 435/366/327
f 645/334/296 856/335/297 857/368/329 646/367/328
f 856/335/297 1067/336/298 1068/369/330 857/368/329
f 1067/336/298 1278/337/299 1279/370/331 1068/369/330
f 1278/337/299 1489/338/300 1490/371/332 1279/370/331
f 1489/338/300 1700/339/301 1701/372/333 1490/371/332
f 1700/339/301 1911/340/302 1912/373/334 1701/372/333
f 1911/340/302 2122/341/303 2123/374/335 1912/373/334
f 2122/341/303 2333/342/304 2334/375/336 2123/374/335
f 2333/342/304 2544/343/305 2545/376/337 2334/375/336
f 2544/343/305 2755/344/306 2756/377/338 2545/376/337
f 2755/344/306 2966/345/307 2967/378/339 2756/377/338
f 2966/345/307 3177/346/308 3178/379/340 2967/378/339
f 3177/346/308 3388/347/309 3389/380/341 3178/379/340
f 3388/347/309 3599/348/310 3600/381/342 3389/380/341
f 3599/348/310 3810/349/311 3811/382/343 3600/381/342
f 3810/349/311 4021/350/312 4022/383/344 3811/382/343
f 4021/350/312 4232/351/313 4233/384/345 4022/383/344
f 4232/351/313 4443/352/314 4444/385/346 4233/384/345
f 4443/352/314 4654/353/315 4655/386/347 4444/385/346
f 4654/353/315 4865/354/316 4866/387/348 4655/386/347
f 4865/354/316 5076/355/317 5077/388/349 4866/387/348
f 5076/355/317 5287/356/318 5288/389/350 5077/388/349
f 5287/356/318 5498/357/319 5499/390/351 5288/389/350
f 5498/357/319 5709/358/320 5710/391/352 5499/390/351
f 5709/358/320 5920/359/321 5921/392/353 5710/391/352
f 5920/359/321 6131/360/322 6132/393/354 5921/392/353
f 6131/360/322 6342/361/323 6343/394/355 6132/393/354
f 6342/361/323 6553/362/324 6554/395/356 6343/394/355
f 6553/362/324 11/363/294 12/396/326 6554/395/356
f 12/365/326 224/364/325 225/397/357 13/398/358
f 224/364/325 435/366/327 436/399/359 225/397/357
f 435/366/327 646/367/328 647/400/360 436/399/359
f 646/367/328 857/368/329 858/401/361 647/400/360
f 857/368/329 1068/369/330 1069/402/362 858/401/361
f 1068/369/330 1279/370/331 1280/403/363 1069/402/362
f 1279/370/331 1490/371/332 1491/404/364 1280/403/363
f 1490/371/332 1701/372/333 1702/405/365 1491/404/364
f 1701/372/333 1912/373/334 1913/406/366 1702/405/365
f 1912/373/334 2123/374/335 2124/407/367 1913/406/366
f 2123/374/335 2334/375/336 2335/408/368 2124/407/367
f 2334/375/336 2545/376/337 2546/409/369 2335/408/368
f 2545/376/337 2756/377/338 2757/410/370 2546/409/369
f 2756/377/338 2967/378/339 2968/411/371 2757/410/370
f 2967/378/339 3178/379/340 3179/412/372 2968/411/371
f 3178/379/340 3389/380/341 3390/413/373 3179/412/372
f 3389/380/341 3600/381/342 3601/414/374 3390/413/373
f 3600/381/342 3811/382/343 3812/415/375 3601/414/374
f 3811/382/343 4022/383/344 4023/416/376 3812/415/375
f 4022/383/344 4233/384/345 4234/417/377 4023/416/376
f 4233/384/345 4444/385/346 4445/418/378 4234/417/377
f 4444/385/346 4655/386/347 4656/419/379 4445/418/378
f 4655/386/347 4866/387/348 4867/420/380 4656/419/379
f 4866/387/348 5077/388/349 5078/421/381 4867/420/380
f 5077/388/349 5288/389/350 5289/422/382 5078/421/381
f 5288/389/350 5499/390/351 5500/423/383 5289/422/382
f 5499/390/351 5710/391/352 5711/424/384 5500/423/383
f 5710/391/352 5921/392/353 5922/425/385 5711/424/384
f 5921/392/353 6132/393/354 6133/426/386 5922/425/385
f 6132/393/354 6343/394/355 6344/427/387 6133/426/386
f 6343/394/355 6554/395/356 6555/428/388 6344/427/387
f 6554/395/356 12/396/326 13/429/358 6555/428/388
f 13/398/358 225/397/357 226/430/389 14/431/390
f 225/397/357 436/399/359 437/432/391 226/430/389
f 436/399/359 647/400/360 648/433/392 437/432/391
f 647/400/360 858/401/361 859/434/393 648/433/392
f 858/401/361 1069/402/362 1070/435/394 859/434/393
f 1069/402/362 1280/403/363 1281/436/395 1070/435/394
f 1280/403/363 1491/404/364 1492/437/396 1281/436/395
f 1491/404/364 1702/405/365 1703/438/397 1492/437/396
f 1702/405/365 1913/406/366 1914/439/398 1703/438/397
f 1913/406/366 2124/407/367 2125/440/399 1914/439/398
f 2124/407/367 2335/408/368 2336/441/400 2125/440/399
f 2335/408/368 2546/409/369 2547/442/401 2336/441/400
f 2546/409/369 2757/410/370 2758/443/402 2547/442/401
f 2757/410/370 2968/411/371 2969/444/403 2758/443/402
f 2968/411/371 3179/412/372 3180/445/404 2969/444/403
f 3179/412/372 3390/413/373 3391/446/405 3180/445/404
f 3390/413/373 3601/414/374 3602/447/406 3391/446/405
f 3601/414/374 3812/415/375 3813/448/407 3602/447/406
f 3812/415/375 4023/416/376 4024/449/408 3813/448/407
f 4023/416/376 4234/417/377 4235/450/409 4024/449/408
f 4234/417/377 4445/418/378 4446/451/410 4235/450/409
f 4445/418/378 4656/419/379 4657/452/411 4446/451/410
f 4656/419/379 4867/420/380 4868/453/412 4657/452/411
f 4867/420/380 5078/421/381 5079/454/413 4868/453/412
f 5078/421/381 5289/422/382 5290/455/414 5079/454/413
f 5289/422/382 5500/423/383 5501/456/415 5290/455/414
f 5500/423/383 5711/424/384 5712/457/416 5501/456/415
f 5711/424/384 5922/425/385 5923/458/417 5712/457/416
f 5922/425/385 6133/426/386 6134/459/418 5923/458/417
f 6133/426/386 6344/427/387 6345/460/419 6134/459/418
f 6344/427/387 6555/428/388 6556/461/420 6345/460/419
f 6555/428/388 13/429/358 14/462/390 6556/461/420
f 226/430/389 437/432/391 438/463/421 227/464/422
f 437/432/391 648/433/392 649/465/423 438/463/421
f 648/433/392 859/434/393 860/466/424 649/465/423
f 859/434/393 1070/435/394 1071/467/425 860/466/424
f 1070/435/394 1281/436/395 1282/468/426 1071/467/425
f 1281/436/395 1492/437/396 1493/469/427 1282/468/426
f 1492/437/396 1703/438/397 1704/470/428 1493/469/427
f 1703/438/397 1914/439/398 1915/471/429 1704/470/428
f 1914/439/398 2125/440/399 2126/472/430 1915/471/429
f 2125/440/399 2336/441/400 2337/473/431 2126/472/430
f 2336/441/400 2547/442/401 2548/474/432 2337/473/431
f 2547/442/401 2758/443/402 2759/475/433 2548/474/432
f 2758/443/402 2969/444/403 2970/476/434 2759/475/433
f 2969/444/403 3180/445/404 3181/477/435 2970/476/434
f 3180/445/404 3391/446/405 3392/478/436 3181/477/435
f 3391/446/405 3602/447/406 3603/479/437 3392/478/436
f 3602/447/406 3813/448/407 3814/480/438 3603/479/437
f 3813/448/407 4024/449/408 4025/481/439 3814/480/438
f 4024/449/408 4235/450/409 4236/482/440 4025/481/439
f 4235/450/409 4446/451/410 4447/483/441 4236/482/440
f 4446/451/410 4657/452/411 4658/484/442 4447/483/441
f 4657/452/411 4868/453/412 4869/485/443 4658/484/442
f 4868/453/412 5079/454/413 5080/486/444 4869/485/443
f 5079/454/413 5290/455/414 5291/487/445 5080/486/444
f 5290/455/414 5501/456/415 5502/488/446 5291/487/445
f 5501/456/415 5712/457/416 5713/489/447 5502/488/446
f 5712/457/416 5923/458/417 5924/490/448 5713/489/447
f 5923/458/417 6134/459/418 6135/491/449 5924/490/448
f 6134/459/418 6345/460/419 6346/492/450 6135/491/449
f 6345/460/419 6556/461/420 6557/493/451 6346/492/450
f 6556/461/420 14/462/390 15/494/452 6557/493/451
f 15/495/452 227/464/422 228/496/453 16/497/454
f 227/464/422 438/463/421 439/498/455 228/496/453
f 438/463/421 649/465/423 650/499/456 439/498/455
f 649/465/423 860/466/424 861/500/457 650/499/456
f 860/466/424 1071/467/425 1072/501/458 861/500/457
f 1071/467/425 1282/468/426 1283/502/459 1072/501/458
f 1282/468/426 1493/469/427 1494/503/460 1283/502/459
f 1493/469/427 1704/470/428 1705/504/461 1494/503/460
f 1704/470/428 1915/471/429 1916/505/462 1705/504/461
f 1915/471/429 2126/472/430 2127/506/463 1916/505/462
f 2126/472/430 2337/473/431 2338/507/464 2127/506/463
f 2337/473/431 2548/474/432 2549/508/465 2338/507/464
f 2548/474/432 2759/475/433 2760/509/466 2549/508/465
f 2759/475/433 2970/476/434 2971/510/467 2760/509/466
f 2970/476/434 3181/477/435 3182/511/468 2971/510/467
f 3181/477/435 3392/478/436 3393/512/469 3182/511/468
f 3392/478/436 3603/479/437 3604/513/470 3393/512/469
f 3603/479/437 3814/480/438 3815/514/471 3604/513/470
f 3814/480/438 4025/481/439 4026/515/472 3815/514/471
f 4025/481/439 4236/482/440 4237/516/473 4026/515/472
f 4236/482/440 4447/483/441 4448/517/474 4237/516/473
f 4447/483/441 4658/484/442 4659/518/475 4448/517/474
f 4658/484/442 4869/485/443 4870/519/476 4659/518/475
f 4869/485/443 5080/486/444 5081/520/477 4870/519/476
f 5080/486/444 5291/487/445 5292/521/478 5081/520/477
f 5291/487/445 5502/488/446 5503/522/479 5292/521/478
f 5502/488/446 5713/489/447 5714/523/480 5503/522/479
f 5713/489/447 5924/490/448 5925/524/481 5714/523/480
f 5924/490/448 6135/491/449 6136/525/482 5925/524/481
f 6135/491/449 6346/492/450 6347/526/483 6136/525/482
f 6346/492/450 6557/493/451 6558/527/484 6347/526/483
f 6557/493/451 15/494/452 16/528/454 6558/527/484
f 16/497/454 228/496/453 229/529/485 17/530/486
f 228/496/453 439/498/455 440/531/487 229/529/485
f 439/498/455 650/499/456 651/532/488 440/531/487
f 650/499/456 861/500/457 862/533/489 651/532/488
f 861/500/457 1072/501/458 1073/534/490 862/533/489
f 1072/501/458 1283/502/459 1284/535/491 1073/534/490
f 1283/502/459 1494/503/460 1495/536/492 1284/535/491
f 1494/503/460 1705/504/461 1706/537/493 1495/536/492
f 1705/504/461 1916/505/462 1917/538/494 1706/537/493
f 1916/505/462 2127/506/463 2128/539/495 1917/538/494
f 2127/506/463 2338/507/464 2339/540/496 2128/539/495
f 2338/507/464 2549/508/465 2550/541/497 2339/540/496
f 2549/508/465 2760/509/466 2761/542/498 2550/541/497
f 2760/509/466 2971/510/467 2972/543/499 2761/542/498
f 2971/510/467 3182/511/468 3183/544/500 2972/543/499
f 3182/511/468 3393/512/469 3394/545/501 3183/544/500
f 3393/512/469 3604/513/470 3605/546/502 3394/545/501
f 3604/513/470 3815/514/471 3816/547/503 3605/546/502
f 3815/514/471 4026/515/472 4027/548/504 3816/547/503
f 4026/515/472 4237/516/473 4238/549/505 4027/548/504
f 4237/516/473 4448/517/474 4449/550/506 4238/549/505
f 4448/517/474 4659/518/475 4660/551/507 4449/550/506
f 4659/518/475 4870/519/476 4871/552/508 4660/551/507
f 4870/519/476 5081/520/477 5082/553/509 4871/552/508
f 5081/520/477 5292/521/478 5293/554/510 5082/553/509
f 5292/521/478 5503/522/479 5504/555/511 5293/554/510
f 5503/522/479 5714/523/480 5715/556/512 5504/555/511
f 5714/523/480 5925/524/481 5926/557/513 5715/556/512
f 5925/524/481 6136/525/482 6137/558/514 5926/557/513
f 6136/525/482 6347/526/483 6348/559/515 6137/558/514
f 6347/526/483 6558/527/484 6559/560/516 6348/559/515
f 6558/527/484 16/528/454 17/561/486 6559/560/516
f 17/530/486 229/529/485 230/562/517 18/563/518
f 229/529/485 440/531/487 441/564/519 230/562/517
f 440/531/487 651/532/488 652/565/520 441/564/519
f 651/532/488 862/533/489 863/566/521 652/565/520
f 862/533/489 1073/534/490 1074/567/522 863/566/521
f 1073/534/490 1284/535/491 1285/568/523 1074/567/522
f 1284/535/491 1495/536/492 1496/569/524 1285/568/523
f 1495/536/492 1706/537/493 1707/570/525 1496/569/524
f 1706/537/493 1917/538/494 1918/571/526 1707/570/525
f 1917/538/494 2128/539/495 2129/572/527 1918/571/526
f 2128/539/495 2339/540/496 2340/573/528 2129/572/527
f 2339/540/496 2550/541/497 2551/574/529 2340/573/528
f 2550/541/497 2761/542/498 2762/575/530 2551/574/529
f 2761/542/498 2972/543/499 2973/576/531 2762/575/530
f 2972/543/499 3183/544/500 3184/577/532 2973/576/531
f 3183/544/500 3394/545/501 3395/578/533 3184/577/532
f 3394/545/501 3605/546/502 3606/579/534 3395/578/533
f 3605/546/502 3816/547/503 3817/580/535 3606/579/534
f 3816/547/503 4027/548/504 4028/581/536 3817/580/535
f 4027/548/504 4238/549/505 4239/582/537 4028/581/536
f 4238/549/505 4449/550/506 4450/583/538 4239/582/537
f 4449/550/506 4660/551/507 4661/584/539 4450/583/538
f 4660/551/507 4871/552/508 4872/585/540 4661/584/539
f 4871/552/508 5082/553/509 5083/586/541 4872/585/540
f 5082/553/509 5293/554/510 5294/587/542 5083/586/541
f 5293/554/510 5504/555/511 5505/588/543 5294/587/542
f 5504/555/511 5715/556/512 5716/589/544 5505/588/543
f 5715/556/512 5926/557/513 5927/590/545 5716/589/544
f 5926/557/513 6137/558/514 6138/591/546 5927/590/545
f 6137/558/514 6348/559/515 6349/592/547 6138/591/546
f 6348/559/515 6559/560/516 6560/593/548 6349/592/547
f 6559/560/516 17/561/486 18/594/518 6560/593/548
f 18/563/518 230/562/517 231/595/549 19/596/550
f 230/562/517 441/564/519 442/597/551 231/595/549
f 441/564/519 652/565/520 653/598/552 442/597/551
f 652/565/520 863/566/521 864/599/553 653/598/552
f 863/566/521 1074/567/522 1075/600/554 864/599/553
f 1074/567/522 1285/568/523 1286/601/555 1075/600/554
f 1285/568/523 1496/569/524 1497/602/556 1286/601/555
f 1496/569/524 1707/570/525 1708/603/557 1497/602/556
f 1707/570/525 1918/571/526 1919/604/558 1708/603/557
f 1918/571/526 2129/572/527 2130/605/559 1919/604/558
f 2129/572/527 2340/573/528 2341/606/560 2130/605/559
f 2340/573/528 2551/574/529 2552/607/561 2341/606/560
f 2551/574/529 2762/575/530 2763/608/562 2552/607/561
f 2762/575/530 2973/576/531 2974/609/563 2763/608/562
f 2973/576/531 3184/577/532 3185/610/564 2974/609/563
f 3184/577/532 3395/578/533 3396/611/565 3185/610/564
f 3395/578/533 3606/579/534 3607/612/566 3396/611/565
f 3606/579/534 3817/580/535 3818/613/567 3607/612/566
f 3817/580/535 4028/581/536 4029/614/568 3818/613/567
f 4028/581/536 4239/582/537 4240/615/569 4029/614/568
f 4239/582/537 4450/583/538 4451/616/570 4240/615/569
f 4450/583/538 4661/584/539 4662/617/571 4451/616/570
f 4661/584/539 4872/585/540 4873/618/572 4662/617/571
f 4872/585/540 5083/586/541 5084/619/573 4873/618/572
f 5083/586/541 5294/587/542 5295/620/574 5084/619/573
f 5294/587/542 5505/588/543 5506/621/575 5295/620/574
f 5505/588/543 5716/589/544 5717/622/576 5506/621/575
f 5716/589/544 5927/590/545 5928/623/577 5717/622/576
f 5927/590/545 6138/591/546 6139/624/578 5928/623/577
f 6138/591/546 6349/592/547 6350/625/579 6139/624/578
f 6349/592/547 6560/593/548 6561/626/580 6350/625/579
f 6560/593/548 18/594/518 19/627/550 6561/626/580
f 19/596/550 231/595/549 232/628/581 20/629/582
f 231/595/549 442/597/551 443/630/583 232/628/581
f 442/597/551 653/598/552 654/631/584 443/630/583
f 653/598/552 864/599/553 865/632/585 654/631/584
f 864/599/553 1075/600/554 1076/633/586 865/632/585
f 1075/600/554 1286/601/555 1287/634/587 1076/633/586
f 1286/601/555 1497/602/556 1498/635/588 1287/634/587
f 1497/602/556 1708/603/557 1709/636/589 1498/635/588
f 1708/603/557 1919/604/558 1920/637/590 1709/636/589
f 1919/604/558 2130/605/559 2131/638/591 1920/637/590
f 2130/605/559 2341/606/560 2342/639/592 2131/638/591
f 2341/606/560 2552/607/561 2553/640/593 2342/639/592
f 2552/607/561 2763/608/562 2764/641/594 2553/640/593
f 2763/608/562 2974/609/563 2975/642/595 2764/641/594
f 2974/609/563 3185/610/564 3186/643/596 2975/642/595
f 3185/610/564 3396/611/565 3397/644/597 3186/643/596
f 3396/611/565 3607/612/566 3608/645/598 3397/644/597
f 3607/612/566 3818/613/567 3819/646/599 3608/645/598
f 3818/613/567 4029/614/568 4030/647/600 3819/646/599
f 4029/614/568 4240/615/569 4241/648/601 4030/647/600
f 4240/615/569 4451/616/570 4452/649/602 4241/648/601
f 4451/616/570 4662/617/571 4663/650/603 4452/649/602
f 4662/617/571 4873/618/572 4874/651/604 4663/650/603
f 4873/618/572 5084/619/573 5085/652/605 4874/651/604
f 5084/619/573 5295/620/574 5296/653/606 5085/652/605
f 5295/620/574 5506/621/575 5507/654/607 5296/653/606
f 5506/621/575 5717/622/576 5718/655/608 5507/654/607
f 5717/622/576 5928/623/577 5929/656/609 5718/655/608
f 5928/623/577 6139/624/578 6140/657/610 5929/656/609
f 6139/624/578 6350/625/579 6351/658/611 6140/657/610
f 6350/625/579 6561/626/580 6562/659/612 6351/658/611
f 6561/626/580 19/627/550 20/660/582 6562/659/612
f 20/629/582 232/628/581 233/661/613 21/662/614
f 232/628/581 443/630/583 444/663/615 233/661/613
f 443/630/583 654/631/584 655/664/616 444/663/615
f 654/631/584 865/632/585 866/665/617 655/664/616
f 865/632/585 1076/633/586 1077/666/618 866/665/617
f 1076/633/586 1287/634/587 1288/667/619 1077/666/618
f 1287/634/587 1498/635/588 1499/668/620 1288/667/619
f 1498/635/588 1709/636/589 1710/669/621 1499/668/620
f 1709/636/589 1920/637/590 1921/670/622 1710/669/621
f 1920/637/590 2131/638/591 2132/671/623 1921/670/622
f 2131/638/591 2342/639/592 2343/672/624 2132/671/623
f 2342/639/592 2553/640/593 2554/673/625 2343/672/624
f 2553/640/593 2764/641/594 2765/674/626 2554/673/625
f 2764/641/594 2975/642/595 2976/675/627 2765/674/626
f 2975/642/595 3186/643/596 3187/676/628 2976/675/627
f 3186/643/596 3397/644/597 3398/677/629 3187/676/628
f 3397/644/597 3608/645/598 3609/678/630 3398/677/629
f 3608/645/598 3819/646/599 3820/679/631 3609/678/630
f 3819/646/599 4030/647/600 4031/680/632 3820/679/631
f 4030/647/600 4241/648/601 4242/681/633 4031/680/632
f 4241/648/601 4452/649/602 4453/682/634 4242/681/633
f 4452/649/602 4663/650/603 4664/683/635 4453/682/634
f 4663/650/603 4874/651/604 4875/684/636 4664/683/635
f 4874/651/604 5085/652/605 5086/685/637 4875/684/636
f 5085/652/605 5296/653/606 5297/686/638 5086/685/637
f 5296/653/606 5507/654/607 5508/687/639 5297/686/638
f 5507/654/607 5718/655/608 5719/688/640 5508/687/639
f 5718/655/608 5929/656/609 5930/689/641 5719/688/640
f 5929/656/609 6140/657/610 6141/690/642 5930/689/641
f 6140/657/610 6351/658/611 6352/691/643 6141/690/642
f 6351/658/611 6562/659/612 6563/692/644 6352/691/643
f 6562/659/612 20/660/582 21/693/614 6563/692/644
f 21/662/614 233/661/613 234/694/645 22/695/646
f 233/661/613 444/663/615 445/696/647 234/694/645
f 444/663/615 655/664/616 656/697/648 445/696/647
f 655/664/616 866/665/617 867/698/649 656/697/648
f 866/665/617 1077/666/618 1078/699/650 867/698/649
f 1077/666/618 1288/667/619 1289/700/651 1078/699/650
f 1288/667/619 1499/668/620 1500/701/652 1289/700/651
f 1499/668/620 1710/669/621 1711/702/653 1500/701/652
f 1710/669/621 1921/670/622 1922/703/654 1711/702/653
f 1921/670/622 2132/671/623 2133/704/655 1922/703/654
f 2132/671/623 2343/672/624 2344/705/656 2133/704/655
f 2343/672/624 2554/673/625 2555/706/657 2344/705/656
f 2554/673/625 2765/674/626 2766/707/658 2555/706/657
f 2765/674/626 2976/675/627 2977/708/659 2766/707/658
f 2976/675/627 3187/676/628 3188/709/660 2977/708/659
f 3187/676/628 3398/677/629 3399/710/661 3188/709/660
f 3398/677/629 3609/678/630 3610/711/662 3399/710/661
f 3609/678/630 3820/679/631 3821/712/663 3610/711/662
f 3820/679/631 4031/680/632 4032/713/664 3821/712/663
f 4031/680/632 4242/681/633 4243/714/665 4032/713/664
f 4242/681/633 4453/682/634 4454/715/666 4243/714/665
f 4453/682/634 4664/683/635 4665/716/667 4454/715/666
f 4664/683/635 4875/684/636 4876/717/668 4665/716/667
f 4875/684/636 5086/685/637 5087/718/669 4876/717/668
f 5086/685/637 5297/686/638 5298/719/670 5087/718/669
f 5297/686/638 5508/687/639 5509/720/671 5298/719/670
f 5508/687/639 5719/688/640 5720/721/672 5509/720/671
f 5719/688/640 5930/689/641 5931/722/673 5720/721/672
f 5930/689/641 6141/690/642 6142/723/674 5931/722/673
f 6141/690/642 6352/691/643 6353/724/675 6142/723/674
f 6352/691/643 6563/692/644 6564/725/676 6353/724/675
f 6563/692/644 21/693/614 22/726/646 6564/725/676
f 22/695/646 234/694/645 235/727/677 23/728/678
f 234/694/645 445/696/647 446/729/679 235/727/677
f 445/696/647 656/697/648 657/730/680 446/729/679
f 656/697/648 867/698/649 868/731/681 657/730/680
f 867/698/649 1078/699/650 1079/732/682 868/731/681
f 1078/699/650 1289/700/651 1290/733/683 1079/732/682
f 1289/700/651 1500/701/652 1501/734/684 1290/733/683
f 1500/701/652 1711/702/653 1712/735/685 1501/734/684
f 1711/702/653 1922/703/654 1923/736/686 1712/735/685
f 1922/703/654 2133/704/655 2134/737/687 1923/736/686
f 2133/704/655 2344/705/656 2345/738/688 2134/737/687
f 2344/705/656 2555/706/657 2556/739/689 2345/738/688
f 2555/706/657 2766/707/658 2767/740/690 2556/739/689
f 2766/707/658 2977/708/659 2978/741/691 2767/740/690
f 2977/708/659 3188/709/660 3189/742/692 2978/741/691
f 3188/709/660 3399/710/661 3400/743/693 3189/742/692
f 3399/710/661 3610/711/662 3611/744/694 3400/743/693
f 3610/711/662 3821/712/663 3822/745/695 3611/744/694
f 3821/712/663 4032/713/664 4033/746/696 3822/745/695
f 4032/713/664 4243/714/665 4244/747/697 4033/746/696
f 4243/714/665 4454/715/666 4455/748/698 4244/747/697
f 4454/715/666 4665/716/667 4666/749/699 4455/748/698
f 4665/716/667 4876/717/668 4877/750/700 4666/749/699
f 4876/717/668 5087/718/669 5088/751/701 4877/750/700
f 5087/718/669 5298/719/670 5299/752/702 5088/751/701
f 5298/719/670 5509/720/671 5510/753/703 5299/752/702
f 5509/720/671 5720/721/672 5721/754/704 5510/753/703
f 5720/721/672 5931/722/673 5932/755/705 5721/754/704
f 5931/722/673 6142/723/674 6143/756/706 5932/755/705
f 6142/723/674 6353/724/675 6354/757/707 6143/756/706
f 6353/724/675 6564/725/676 6565/758/708 6354/757/707
f 6564/725/676 22/726/646 23/759/678 6565/758/708
f 23/728/678 235/727/677 236/760/709 24/761/710
f 235/727/677 446/729/679 447/762/711 236/760/709
f 446/729/679 657/730/680 658/763/712 447/762/711
f 657/730/680 868/731/681 869/764/713 658/763/712
f 868/731/681 1079/732/682 1080/765/714 869/764/713
f 1079/732/682 1290/733/683 1291/766/715 1080/765/714
f 1290/733/683 1501/734/684 1502/767/716 1291/766/715
f 1501/734/684 1712/735/685 1713/768/717 1502/767/716
f 1712/735/685 1923/736/686 1924/769/718 1713/768/717
f 1923/736/686 2134/737/687 2135/770/719 1924/769/718
f 2134/737/687 2345/738/688 2346/771/720 2135/770/719
f 2345/738/688 2556/739/689 2557/772/721 2346/771/720
f 2556/739/689 2767/740/690 2768/773/722 2557/772/721
f 2767/740/690 2978/741/691 2979/774/723 2768/773/722
f 2978/741/691 3189/742/692 3190/775/724 2979/774/723
f 3189/742/692 3400/743/693 3401/776/725 3190/775/724
f 3400/743/693 3611/744/694 3612/777/726 3401/776/725
f 3611/744/694 3822/745/695 3823/778/727 3612/777/726
f 3822/745/695 4033/746/696 4034/779/728 3823/778/727
f 4033/746/696 4244/747/697 4245/780/729 4034/779/728
f 4244/747/697 4455/748/698 4456/781/730 4245/780/729
f 4455/748/698 4666/749/699 4667/782/731 4456/781/730
f 4666/749/699 4877/750/700 4878/783/732 4667/782/731
f 4877/750/700 5088/751/701 5089/784/733 4878/783/732
f 5088/751/701 5299/752/702 5300/785/734 5089/784/733
f 5299/752/702 5510/753/703 5511/786/735 5300/785/734
f 5510/753/703 5721/754/704 5722/787/736 5511/786/735
f 5721/754/704 5932/755/705 5933/788/737 5722/787/736
f 5932/755/705 6143/756/706 6144/789/738 5933/788/737
f 6143/756/706 6354/757/707 6355/790/739 6144/789/738
f 6354/757/707 6565/758/708 6566/791/740 6355/790/739
f 6565/758/708 23/759/678 24/792/710 6566/791/740
f 24/761/710 236/760/709 237/793/741 25/794/742
f 236/760/709 447/762/711 448/795/743 237/793/741
f 447/762/711 658/763/712 659/796/744 448/795/743
f 658/763/712 869/764/713 870/797/745 659/796/744
f 869/764/713 1080/765/714 1081/798/746 870/797/745
f 1080/765/714 1291/766/715 1292/799/747 1081/798/746
f 1291/766/715 1502/767/716 1503/800/748 1292/799/747
f 1502/767/716 1713/768/717 1714/801/749 1503/800/748
f 1713/768/717 1924/769/718 1925/802/750 1714/801/749
f 1924/769/718 2135/770/719 2136/803/751 1925/802/750
f 2135/770/719 2346/771/720 2347/804/752 2136/803/751
f 2346/771/720 2557/772/721 2558/805/753 2347/804/752
f 2557/772/721 2768/773/722 2769/806/754 2558/805/753
f 2768/773/722 2979/774/723 2980/807/755 2769/806/754
f 2979/774/723 3190/775/724 3191/808/756 2980/807/755
f 3190/775/724 3401/776/725 3402/809/757 3191/808/756
f 3401/776/725 3612/777/726 3613/810/758 3402/809/757
f 3612/777/726 3823/778/727 3824/811/759 3613/810/758
f 3823/778/727 4034/779/728 4035/812/760 3824/811/759
f 4034/779/728 4245/780/729 4246/813/761 4035/812/760
f 4245/780/729 4456/781/730 4457/814/762 4246/813/761
f 4456/781/730 4667/782/731 4668/815/763 4457/814/762
f 4667/782/731 4878/783/732 4879/816/764 4668/815/763
f 4878/783/732 5089/784/733 5090/817/765 4879/816/764
f 5089/784/733 5300/785/734 5301/818/766 5090/817/765
f 5300/785/734 5511/786/735 5512/819/767 5301/818/766
f 5511/786/735 5722/787/736 5723/820/768 5512/819/767
f 5722/787/736 5933/788/737 5934/821/769 5723/820/768
f 5933/788/737 6144/789/738 6145/822/770 5934/821/769
f 6144/789/738 6355/790/739 6356/823/771 6145/822/770
f 6355/790/739 6566/791/740 6567/824/772 6356/823/771
f 6566/791/740 24/792/710 25/825/742 6567/824/772
f 25/794/742 237/793/741 238/826/773 26/827/774
f 237/793/741 448/795/743 449/828/775 238/826/773
f 448/795/743 659/796/744 660/829/776 449/828/775
f 659/796/744 870/797/745 871/830/777 660/829/776
f 870/797/745 1081/798/746 1082/831/778 871/830/777
f 1081/798/746 1292/799/747 1293/832/779 1082/831/778
f 1292/799/747 1503/800/748 1504/833/780 1293/832/779
f 1503/800/748 1714/801/749 1715/834/781 1504/833/780
f 1714/801/749 1925/802/750 1926/835/782 1715/834/781
f 1925/802/750 2136/803/751 2137/836/783 1926/835/782
f 2136/803/751 2347/804/752 2348/837/784 2137/836/783
f 2347/804/752 2558/805/753 2559/838/785 2348/837/784
f 2558/805/753 2769/806/754 2770/839/786 2559/838/785
f 2769/806/754 2980/807/755 2981/840/787 2770/839/786
f 2980/807/755 3191/808/756 3192/841/788 2981/840/787
f 3191/808/756 3402/809/757 3403/842/789 3192/841/788
f 3402/809/757 3613/810/758 3614/843/790 3403/842/789
f 3613/810/758 3824/811/759 3825/844/791 3614/843/790
f 3824/811/759 4035/812/760 4036/845/792 3825/844/791
f 4035/812/760 4246/813/761 4247/846/793 4036/845/792
f 4246/813/761 4457/814/762 4458/847/794 4247/846/793
f 4457/814/762 4668/815/763 4669/848/795 4458/847/794
f 4668/815/763 4879/816/764 4880/849/796 4669/848/795
f 4879/816/764 5090/817/765 5091/850/797 4880/849/796
f 5090/817/765 5301/818/766 5302/851/798 5091/850/797
f 5301/818/766 5512/819/767 5513/852/799 5302/851/798
f 5512/819/767 5723/820/768 5724/853/800 5513/852/799
f 5723/820/768 5934/821/769 5935/854/801 5724/853/800
f 5934/821/769 6145/822/770 6146/855/802 5935/854/801
f 6145/822/770 6356/823/771 6357/856/803 6146/855/802
f 6356/823/771 6567/824/772 6568/857/804 6357/856/803
f 6567/824/772 25/825/742 26/858/774 6568/857/804
f 26/827/774 238/826/773 239/859/805 27/860/806
f 238/826/773 449/828/775 450/861/807 239/859/805
f 449/828/775 660/829/776 661/862/808 450/861/807
f 660/829/776 871/830/777 872/863/809 661/862/808
f 871/830/777 1082/831/778 1083/864/810 872/863/809
f 1082/831/778 1293/832/779 1294/865/811 1083/864/810
f 1293/832/779 1504/833/780 1505/866/812 1294/865/811
f 1504/833/780 1715/834/781 1716/867/813 1505/866/812
f 1715/834/781 1926/835/782 1927/868/814 1716/867/813
f 1926/835/782 2137/836/783 2138/869/815 1927/868/814
f 2137/836/783 2348/837/784 2349/870/816 2138/869/815
f 2348/837/784 2559/838/785 2560/871/817 2349/870/816
f 2559/838/785 2770/839/786 2771/872/818 2560/871/817
f 2770/839/786 2981/840/787 2982/873/819 2771/872/818
f 2981/840/787 3192/841/788 3193/874/820 2982/873/819
f 3192/841/788 3403/842/789 3404/875/821 3193/874/820
f 3403/842/789 3614/843/790 3615/876/822 3404/875/821
f 3614/843/790 3825/844/791 3826/877/823 3615/876/822
f 3825/844/791 4036/845/792 4037/878/824 3826/877/823
f 4036/845/792 4247/846/793 4248/879/825 4037/878/824
f 4247/846/793 4458/847/794 4459/880/826 4248/879/825
f 4458/847/794 4669/848/795 4670/881/827 4459/880/826
f 4669/848/795 4880/849/796 4881/882/828 4670/881/827
f 4880/849/796 5091/850/797 5092/883/829 4881/882/828
f 5091/850/797 5302/851/798 5303/884/830 5092/883/829
f 5302/851/798 5513/852/799 5514/885/831 5303/884/830
f 5513/852/799 5724/853/800 5725/886/832 5514/885/831
f 5724/853/800 5935/854/801 5936/887/833 5725/886/832
f 5935/854/801 6146/855/802 6147/888/834 5936/887/833
f 6146/855/802 6357/856/803 6358/889/835 6147/888/834
f 6357/856/803 6568/857/804 6569/890/836 6358/889/835
f 6568/857/804 26/858/774 27/891/806 6569/890/836
f 27/860/806 239/859/805 240/892/837 28/893/838
f 239/859/805 450/861/807 451/894/839 240/892/837
f 450/861/807 661/862/808 662/895/840 451/894/839
f 661/862/808 872/863/809 873/896/841 662/895/840
f 872/863/809 1083/864/810 1084/897/842 873/896/841
f 1083/864/810 1294/865/811 1295/898/843 1084/897/842
f 1294/865/811 1505/866/812 1506/899/844 1295/898/843
f 1505/866/812 1716/867/813 1717/900/845 1506/899/844
f 1716/867/813 1927/868/814 1928/901/846 1717/900/845
f 1927/868/814 2138/869/815 2139/902/847 1928/901/846
f 2138/869/815 2349/870/816 2350/903/848 2139/902/847
f 2349/870/816 2560/871/817 2561/904/849 2350/903/848
f 2560/871/817 2771/872/818 2772/905/850 2561/904/849
f 2771/872/818 2982/873/819 2983/906/851 2772/905/850
f 2982/873/819 3193/874/820 3194/907/852 2983/906/851
f 3193/874/820 3404/875/821 3405/908/853 3194/907/852
f 3404/875/821 3615/876/822 3616/909/854 3405/908/853
f 3615/876/822 3826/877/823 3827/910/855 3616/909/854
f 3826/877/823 4037/878/824 4038/911/856 3827/910/855
f 4037/878/824 4248/879/825 4249/912/857 4038/911/856
f 4248/879/825 4459/880/826 4460/913/858 4249/912/857
f 4459/880/826 4670/881/827 4671/914/859 4460/913/858
f 4670/881/827 4881/882/828 4882/915/860 4671/914/859
f 4881/882/828 5092/883/829 5093/916/861 4882/915/860
f 5092/883/829 5303/884/830 5304/917/862 5093/916/861
f 5303/884/830 5514/885/831 5515/918/863 5304/917/862
f 5514/885/831 5725/886/832 5726/919/864 5515/918/863
f 5725/886/832 5936/887/833 5937/920/865 5726/919/864
f 5936/887/833 6147/888/834 6148/921/866 5937/920/865
f 6147/888/834 6358/889/835 6359/922/867 6148/921/866
f 6358/889/835 6569/890/836 6570/923/868 6359/922/867
f 6569/890/836 27/891/806 28/924/838 6570/923/868
f 28/893/838 240/892/837 241/925/869 29/926/870
f 240/892/837 451/894/839 452/927/871 241/925/869
f 451/894/839 662/895/840 663/928/872 452/927/871
f 662/895/840 873/896/841 874/929/873 663/928/872
f 873/896/841 1084/897/842 1085/930/874 874/929/873
f 1084/897/842 1295/898/843 1296/931/875 1085/930/874
f 1295/898/843 1506/899/844 1507/932/876 1296/931/875
f 1506/899/844 1717/900/845 1718/933/877 1507/932/876
f 1717/900/845 1928/901/846 1929/934/878 1718/933/877
f 1928/901/846 2139/902/847 2140/935/879 1929/934/878
f 2139/902/847 2350/903/848 2351/936/880 2140/935/879
f 2350/903/848 2561/904/849 2562/937/881 2351/936/880
f 2561/904/849 2772/905/850 2773/938/882 2562/937/881
f 2772/905/850 2983/906/851 2984/939/883 2773/938/882
f 2983/906/851 3194/907/852 3195/940/884 2984/939/883
f 3194/907/852 3405/908/853 3406/941/885 3195/940/884
f 3405/908/853 3616/909/854 3617/942/886 3406/941/885
f 3616/909/854 3827/910/855 3828/943/887 3617/942/886
f 3827/910/855 4038/911/856 4039/944/888 3828/943/887
f 4038/911/856 4249/912/857 4250/945/889 4039/944/888
f 4249/912/857 4460/913/858 4461/946/890 4250/945/889
f 4460/913/858 4671/914/859 4672/947/891 4461/946/890
f 4671/914/859 4882/915/860 4883/948/892 4672/947/891
f 4882/915/860 5093/916/861 5094/949/893 4883/948/892
f 5093/916/861 5304/917/862 5305/950/894 5094/949/893
f 5304/917/862 5515/918/863 5516/951/895 5305/950/894
f 5515/918/863 5726/919/864 5727/952/896 5516/951/895
f 5726/919/864 5937/920/865 5938/953/897 5727/952/896
f 5937/920/865 6148/921/866 6149/954/898 5938/953/897
f 6148/921/866 6359/922/867 6360/955/899 6149/954/898
f 6359/922/867 6570/923/868 6571/956/900 6360/955/899
f 6570/923/868 28/924/838 29/957/870 6571/956/900
f 29/926/870 241/925/869 242/958/901 30/959/902
f 241/925/869 452/927/871 453/960/903 242/958/901
f 452/927/871 663/928/872 664/961/904 453/960/903
f 663/928/872 874/929/873 875/962/905 664/961/904
f 874/929/873 1085/930/874 1086/963/906 875/962/905
f 1085/930/874 1296/931/875 1297/964/907 1086/963/906
f 1296/931/875 1507/932/876 1508/965/908 1297/964/907
f 1507/932/876 1718/933/877 1719/966/909 1508/965/908
f 1718/933/877 1929/934/878 1930/967/910 1719/966/909
f 1929/934/878 2140/935/879 2141/968/911 1930/967/910
f 2140/935/879 2351/936/880 2352/969/912 2141/968/911
f 2351/936/880 2562/937/881 2563/970/913 2352/969/912
f 2562/937/881 2773/938/882 2774/971/914 2563/970/913
f 2773/938/882 2984/939/883 2985/972/915 2774/971/914
f 2984/939/883 3195/940/884 3196/973/916 2985/972/915
f 3195/940/884 3406/941/885 3407/974/917 3196/973/916
f 3406/941/885 3617/942/886 3618/975/918 3407/974/917
f 3617/942/886 3828/943/887 3829/976/919 3618/975/918
f 3828/943/887 4039/944/888 4040/977/920 3829/976/919
f 4039/944/888 4250/945/889 4251/978/921 4040/977/920
f 4250/945/889 4461/946/890 4462/979/922 4251/978/921
f 4461/946/890 4672/947/891 4673/980/923 4462/979/922
f 4672/947/891 4883/948/892 4884/981/924 4673/980/923
f 4883/948/892 5094/949/893 5095/982/925 4884/981/924
f 5094/949/893 5305/950/894 5306/983/926 5095/982/925
f 5305/950/894 5516/951/895 5517/984/927 5306/983/926
f 5516/951/895 5727/952/896 5728/985/928 5517/984/927
f 5727/952/896 5938/953/897 5939/986/929 5728/985/928
f 5938/953/897 6149/954/898 6150/987/930 5939/986/929
f 6149/954/898 6360/955/899 6361/988/931 6150/987/930
f 6360/955/899 6571/956/900 6572/989/932 6361/988/931
f 6571/956/900 29/957/870 30/990/902 6572/989/932
f 30/959/902 242/958/901 243/991/933 31/992/934
f 242/958/901 453/960/903 454/993/935 243/991/933
f 453/960/903 664/961/904 665/994/936 454/993/935
f 664/961/904 875/962/905 876/995/937 665/994/936
f 875/962/905 1086/963/906 1087/996/938 876/995/937
f 1086/963/906 1297/964/907 1298/997/939 1087/996/938
f 1297/964/907 1508/965/908 1509/998/940 1298/997/939
f 1508/965/908 1719/966/909 1720/999/941 1509/998/940
f 1719/966/909 1930/967/910 1931/1000/942 1720/999/941
f 1930/967/910 2141/968/911 2142/1001/943 1931/1000/942
f 2141/968/911 2352/969/912 2353/1002/944 2142/1001/943
f 2352/969/912 2563/970/913 2564/1003/945 2353/1002/944
f 2563/970/913 2774/971/914 2775/1004/946 2564/1003/945
f 2774/971/914 2985/972/915 2986/1005/947 2775/1004/946
f 2985/972/915 3196/973/916 3197/1006/948 2986/1005/947
f 3196/973/916 3407/974/917 3408/1007/949 3197/1006/948
f 3407/974/917 3618/975/918 3619/1008/950 3408/1007/949
f 3618/975/918 3829/976/919 3830/1009/951 3619/1008/950
f 3829/976/919 4040/977/920 4041/1010/952 3830/1009/951
f 4040/977/920 4251/978/921 4252/1011/953 4041/1010/952
f 4251/978/921 4462/979/922 4463/1012/954 4252/1011/953
f 4462/979/922 4673/980/923 4674/1013/955 4463/1012/954
f 4673/980/923 4884/981/924 4885/1014/956 4674/1013/955
f 4884/981/924 5095/982/925 5096/1015/957 4885/1014/956
f 5095/982/925 5306/983/926 5307/1016/958 5096/1015/957
f 5306/983/926 5517/984/927 5518/1017/959 5307/1016/958
f 5517/984/927 5728/985/928 5729/1018/960 5518/1017/959
f 5728/985/928 5939/986/929 5940/1019/961 5729/1018/960
f 5939/986/929 6150/987/930 6151/1020/962 5940/1019/961
f 6150/987/930 6361/988/931 6362/1021/963 6151/1020/962
f 6361/988/931 6572/989/932 6573/1022/964 6362/1021/963
f 6572/989/932 30/990/902 31/1023/934 6573/1022/964
f 31/992/934 243/991/933 244/1024/965 32/1025/966
f 243/991/933 454/993/935 455/1026/967 244/1024/965
f 454/993/935 665/994/936 666/1027/968 455/1026/967
f 665/994/936 876/995/937 877/1028/969 666/1027/968
f 876/995/937 1087/996/938 1088/1029/970 877/1028/969
f 1087/996/938 1298/997/939 1299/1030/971 1088/1029/970
f 1298/997/939 1509/998/940 1510/1031/972 1299/1030/971
f 1509/998/940 1720/999/941 1721/1032/973 1510/1031/972
f 1720/999/941 1931/1000/942 1932/1033/974 1721/1032/973
f 1931/1000/942 2142/1001/943 2143/1034/975 1932/1033/974
f 2142/1001/943 2353/1002/944 2354/1035/976 2143/1034/975
f 2353/1002/944 2564/1003/945 2565/1036/977 2354/1035/976
f 2564/1003/945 2775/1004/946 2776/1037/978 2565/1036/977
f 2775/1004/946 2986/1005/947 2987/1038/979 2776/1037/978
f 2986/1005/947 3197/1006/948 3198/1039/980 2987/1038/979
f 3197/1006/948 3408/1007/949 3409/1040/981 3198/1039/980
f 3408/1007/949 3619/1008/950 3620/1041/982 3409/1040/981
f 3619/1008/950 3830/1009/951 3831/1042/983 3620/1041/982
f 3830/1009/951 4041/1010/952 4042/1043/984 3831/1042/983
f 4041/1010/952 4252/1011/953 4253/1044/985 4042/1043/984
f 4252/1011/953 4463/1012/954 4464/1045/986 4253/1044/985
f 4463/1012/954 4674/1013/955 4675/1046/987 4464/1045/986
f 4674/1013/955 4885/1014/956 4886/1047/988 4675/1046/987
f 4885/1014/956 5096/1015/957 5097/1048/989 4886/1047/988
f 5096/1015/957 5307/1016/958 5308/1049/990 5097/1048/989
f 5307/1016/958 5518/1017/959 5519/1050/991 5308/1049/990
f 5518/1017/959 5729/1018/960 5730/1051/992 5519/1050/991
f 5729/1018/960 5940/1019/961 5941/1052/993 5730/1051/992
f 5940/1019/961 6151/1020/962 6152/1053/994 5941/1052/993
f 6151/1020/962 6362/1021/963 6363/1054/995 6152/1053/994
f 6362/1021/963 6573/1022/964 6574/1055/996 6363/1054/995
f 6573/1022/964 31/1023/934 32/1056/966 6574/1055/996
f 32/1025/966 244/1024/965 245/1057/997 33/1058/998
f 244/1024/965 455/1026/967 456/1059/999 245/1057/997
f 455/1026/967 666/1027/968 667/1060/1000 456/1059/999
f 666/1027/968 877/1028/969 878/1061/1001 667/1060/1000
f 877/1028/969 1088/1029/970 1089/1062/1002 878/1061/1001
f 1088/1029/970 1299/1030/971 1300/1063/1003 1089/1062/1002
f 1299/1030/971 1510/1031/972 1511/1064/1004 1300/1063/1003
f 1510/1031/972 1721/1032/973 1722/1065/1005 1511/1064/1004
f 1721/1032/973 1932/1033/974 1933/1066/1006 1722/1065/1005
f 1932/1033/974 2143/1034/975 2144/1067/1007 1933/1066/1006
f 2143/1034/975 2354/1035/976 2355/1068/1008 2144/1067/1007
f 2354/1035/976 2565/1036/977 2566/1069/1009 2355/1068/1008
f 2565/1036/977 2776/1037/978 2777/1070/1010 2566/1069/1009
f 2776/1037/978 2987/1038/979 2988/1071/1011 2777/1070/1010
f 2987/1038/979 3198/1039/980 3199/1072/1012 2988/1071/1011
f 3198/1039/980 3409/1040/981 3410/1073/1013 3199/1072/1012
f 3409/1040/981 3620/1041/982 3621/1074/1014 3410/1073/1013
f 3620/1041/982 3831/1042/983 3832/1075/1015 3621/1074/1014
f 3831/1042/983 4042/1043/984 4043/1076/1016 3832/1075/1015
f 4042/1043/984 4253/1044/985 4254/1077/1017 4043/1076/1016
f 4253/1044/985 4464/1045/986 4465/1078/1018 4254/1077/1017
f 4464/1045/986 4675/1046/987 4676/1079/1019 4465/1078/1018
f 4675/1046/987 4886/1047/988 4887/1080/1020 4676/1079/1019
f 4886/1047/988 5097/1048/989 5098/1081/1021 4887/1080/1020
f 5097/1048/989 5308/1049/990 5309/1082/1022 5098/1081/1021
f 5308/1049/990 5519/1050/991 5520/1083/1023 5309/1082/1022
f 5519/1050/991 5730/1051/992 5731/1084/1024 5520/1083/1023
f 5730/1051/992 5941/1052/993 5942/1085/1025 5731/1084/1024
f 5941/1052/993 6152/1053/994 6153/1086/1026 5942/1085/1025
f 6152/1053/994 6363/1054/995 6364/1087/1027 6153/1086/1026
f 6363/1054/995 6574/1055/996 6575/1088/1028 6364/1087/1027
f 6574/1055/996 32/1056/966 33/1089/998 6575/1088/1028
f 33/1058/998 245/1057/997 246/1090/1029 34/1091/1030
f 245/1057/997 456/1059/999 457/1092/1031 246/1090/1029
f 456/1059/999 667/1060/1000 668/1093/1032 457/1092/1031
f 667/1060/1000 878/1061/1001 879/1094/1033 668/1093/1032
f 878/1061/1001 1089/1062/1002 1090/1095/1034 879/1094/1033
f 1089/1062/1002 1300/1063/1003 1301/1096/1035 1090/1095/1034
f 1300/1063/1003 1511/1064/1004 1512/1097/1036 1301/1096/1035
f 1511/1064/1004 1722/1065/1005 1723/1098/1037 1512/1097/1036
f 1722/1065/1005 1933/1066/1006 1934/1099/1038 1723/1098/1037
f 1933/1066/1006 2144/1067/1007 2145/1100/1039 1934/1099/1038
f 2144/1067/1007 2355/1068/1008 2356/1101/1040 2145/1100/1039
f 2355/1068/1008 2566/1069/1009 2567/1102/1041 2356/1101/1040
f 2566/1069/1009 2777/1070/1010 2778/1103/1042 2567/1102/1041
f 2777/1070/1010 2988/1071/1011 2989/1104/1043 2778/1103/1042
f 2988/1071/1011 3199/1072/1012 3200/1105/1044 2989/1104/1043
f 3199/1072/1012 3410/1073/1013 3411/1106/1045 3200/1105/1044
f 3410/1073/1013 3621/1074/1014 3622/1107/1046 3411/1106/1045
f 3621/1074/1014 3832/1075/1015 3833/1108/1047 3622/1107/1046
f 3832/1075/1015 4043/1076/1016 4044/1109/1048 3833/1108/1047
f 4043/1076/1016 4254/1077/1017 4255/1110/1049 4044/1109/1048
f 4254/1077/1017 4465/1078/1018 4466/1111/1050 4255/1110/1049
f 4465/1078/1018 4676/1079/1019 4677/1112/1051 4466/1111/1050
f 4676/1079/1019 4887/1080/1020 4888/1113/1052 4677/1112/1051
f 4887/1080/1020 5098/1081/1021 5099/1114/1053 4888/1113/1052
f 5098/1081/1021 5309/1082/1022 5310/1115/1054 5099/1114/1053
f 5309/1082/1022 5520/1083/1023 5521/1116/1055 5310/1115/1054
f 5520/1083/1023 5731/1084/1024 5732/1117/1056 5521/1116/1055
f 5731/1084/1024 5942/1085/1025 5943/1118/1057 5732/1117/1056
f 5942/1085/1025 6153/1086/1026 6154/1119/1058 5943/1118/1057
f 6153/1086/1026 6364/1087/1027 6365/1120/1059 6154/1119/1058
f 6364/1087/1027 6575/1088/1028 6576/1121/1060 6365/1120/1059
f 6575/1088/1028 33/1089/998 34/1122/1030 6576/1121/1060
f 34/1091/1030 246/1090/1029 247/1123/1061 35/1124/1062
f 246/1090/1029 457/1092/1031 458/1125/1063 247/1123/1061
f 457/1092/1031 668/1093/1032 669/1126/1064 458/1125/1063
f 668/1093/1032 879/1094/1033 880/1127/1065 669/1126/1064
f 879/1094/1033 1090/1095/1034 1091/1128/1066 880/1127/1065
f 1090/1095/1034 1301/1096/1035 1302/1129/1067 1091/1128/1066
f 1301/1096/1035 1512/1097/1036 1513/1130/1068 1302/1129/1067
f 1512/1097/1036 1723/1098/1037 1724/1131/1069 1513/1130/1068
f 1723/1098/1037 1934/1099/1038 1935/1132/1070 1724/1131/1069
f 1934/1099/1038 2145/1100/1039 2146/1133/1071 1935/1132/1070
f 2145/1100/1039 2356/1101/1040 2357/1134/1072 2146/1133/1071
f 2356/1101/1040 2567/1102/1041 2568/1135/1073 2357/1134/1072
f 2567/1102/1041 2778/1103/1042 2779/1136/1074 2568/1135/1073
f 2778/1103/1042 2989/1104/1043 2990/1137/1075 2779/1136/1074
f 2989/1104/1043 3200/1105/1044 3201/1138/1076 2990/1137/1075
f 3200/1105/1044 3411/1106/1045 3412/1139/1077 3201/1138/1076
f 3411/1106/1045 3622/1107/1046 3623/1140/1078 3412/1139/1077
f 3622/1107/1046 3833/1108/1047 3834/1141/1079 3623/1140/1078
f 3833/1108/1047 4044/1109/1048 4045/1142/1080 3834/1141/1079
f 4044/1109/1048 4255/1110/1049 4256/1143/1081 4045/1142/1080
f 4255/1110/1049 4466/1111/1050 4467/1144/1082 4256/1143/1081
f 4466/1111/1050 4677/1112/1051 4678/1145/1083 4467/1144/1082
f 4677/1112/1051 4888/1113/1052 4889/1146/1084 4678/1145/1083
f 4888/1113/1052 5099/1114/1053 5100/1147/1085 4889/1146/1084
f 5099/1114/1053 5310/1115/1054 5311/1148/1086 5100/1147/1085
f 5310/1115/1054 5521/1116/1055 5522/1149/1087 5311/1148/1086
f 5521/1116/1055 5732/1117/1056 5733/1150/1088 5522/1149/1087
f 5732/1117/1056 5943/1118/1057 5944/1151/1089 5733/1150/1088
f 5943/1118/1057 6154/1119/1058 6155/1152/1090 5944/1151/1089
f 6154/1119/1058 6365/1120/1059 6366/1153/1091 6155/1152/1090
f 6365/1120/1059 6576/1121/1060 6577/1154/1092 6366/1153/1091
f 6576/1121/1060 34/1122/1030 35/1155/1062 6577/1154/1092
f 35/1124/1062 247/1123/1061 248/1156/1093 36/1157/1094
f 247/1123/1061 458/1125/1063 459/1158/1095 248/1156/1093
f 458/1125/1063 669/1126/1064 670/1159/1096 459/1158/1095
f 669/1126/1064 880/1127/1065 881/1160/1097 670/1159/1096
f 880/1127/1065 1091/1128/1066 1092/1161/1098 881/1160/1097
f 1091/1128/1066 1302/1129/1067 1303/1162/1099 1092/1161/1098
f 1302/1129/1067 1513/1130/1068 1514/1163/1100 1303/1162/1099
f 1513/1130/1068 1724/1131/1069 1725/1164/1101 1514/1163/1100
f 1724/1131/1069 1935/1132/1070 1936/1165/1102 1725/1164/1101
f 1935/1132/1070 2146/1133/1071 2147/1166/1103 1936/1165/1102
f 2146/1133/1071 2357/1134/1072 2358/1167/1104 2147/1166/1103
f 2357/1134/1072 2568/1135/1073 2569/1168/1105 2358/1167/1104
f 2568/1135/1073 2779/1136/1074 2780/1169/1106 2569/1168/1105
f 2779/1136/1074 2990/1137/1075 2991/1170/1107 2780/1169/1106
f 2990/1137/1075 3201/1138/1076 3202/1171/1108 2991/1170/1107
f 3201/1138/1076 3412/1139/1077 3413/1172/1109 3202/1171/1108
f 3412/1139/1077 3623/1140/1078 3624/1173/1110 3413/1172/1109
f 3623/1140/1078 3834/1141/1079 3835/1174/1111 3624/1173/1110
f 3834/1141/1079 4045/1142/1080 4046/1175/1112 3835/1174/1111
f 4045/1142/1080 4256/1143/1081 4257/1176/1113 4046/1175/1112
f 4256/1143/1081 4467/1144/1082 4468/1177/1114 4257/1176/1113
f 4467/1144/1082 4678/1145/1083 4679/1178/1115 4468/1177/1114
f 4678/1145/1083 4889/1146/1084 4890/1179/1116 4679/1178/1115
f 4889/1146/1084 5100/1147/1085 5101/1180/1117 4890/1179/1116
f 5100/1147/1085 5311/1148/1086 5312/1181/1118 5101/1180/1117
f 5311/1148/1086 5522/1149/1087 5523/1182/1119 5312/1181/1118
f 5522/1149/1087 5733/1150/1088 5734/1183/1120 5523/1182/1119
f 5733/1150/1088 5944/1151/1089 5945/1184/1121 5734/1183/1120
f 5944/1151/1089 6155/1152/1090 6156/1185/1122 5945/1184/1121
f 6155/1152/1090 6366/1153/1091 6367/1186/1123 6156/1185/1122
f 6366/1153/1091 6577/1154/1092 6578/1187/1124 6367/1186/1123
f 6577/1154/1092 35/1155/1062 36/1188/1094 6578/1187/1124
f 36/1157/1094 248/1156/1093 249/1189/1125 37/1190/1126
f 248/1156/1093 459/1158/1095 460/1191/1127 249/1189/1125
f 459/1158/1095 670/1159/1096 671/1192/1128 460/1191/1127
f 670/1159/1096 881/1160/1097 882/1193/1129 671/1192/1128
f 881/1160/1097 1092/1161/1098 1093/1194/1130 882/1193/1129
f 1092/1161/1098 1303/1162/1099 1304/1195/1131 1093/1194/1130
f 1303/1162/1099 1514/1163/1100 1515/1196/1132 1304/1195/1131
f 1514/1163/1100 1725/1164/1101 1726/1197/1133 1515/1196/1132
f 1725/1164/1101 1936/1165/1102 1937/1198/1134 1726/1197/1133
f 1936/1165/1102 2147/1166/1103 2148/1199/1135 1937/1198/1134
f 2147/1166/1103 2358/1167/1104 2359/1200/1136 2148/1199/1135
f 2358/1167/1104 2569/1168/1105 2570/1201/1137 2359/1200/1136
f 2569/1168/1105 2780/1169/1106 2781/1202/1138 2570/1201/1137
f 2780/1169/1106 2991/1170/1107 2992/1203/1139 2781/1202/1138
f 2991/1170/1107 3202/1171/1108 3203/1204/1140 2992/1203/1139
f 3202/1171/1108 3413/1172/1109 3414/1205/1141 3203/1204/1140
f 3413/1172/1109 3624/1173/1110 3625/1206/1142 3414/1205/1141
f 3624/1173/1110 3835/1174/1111 3836/1207/1143 3625/1206/1142
f 3835/1174/1111 4046/1175/1112 4047/1208/1144 3836/1207/1143
f 4046/1175/1112 4257/1176/1113 4258/1209/1145 4047/1208/1144
f 4257/1176/1113 4468/1177/1114 4469/1210/1146 4258/1209/1145
f 4468/1177/1114 4679/1178/1115 4680/1211/1147 4469/1210/1146
f 4679/1178/1115 4890/1179/1116 4891/1212/1148 4680/1211/1147
f 4890/1179/1116 5101/1180/1117 5102/1213/1149 4891/1212/1148
f 5101/1180/1117 5312/1181/1118 5313/1214/1150 5102/1213/1149
f 5312/1181/1118 5523/1182/1119 5524/1215/1151 5313/1214/1150
f 5523/1182/1119 5734/1183/1120 5735/1216/1152 5524/1215/1151
f 5734/1183/1120 5945/1184/1121 5946/1217/1153 5735/1216/1152
f 5945/1184/1121 6156/1185/1122 6157/1218/1154 5946/1217/1153
f 6156/1185/1122 6367/1186/1123 6368/1219/1155 6157/1218/1154
f 6367/1186/1123 6578/1187/1124 6579/1220/1156 6368/1219/1155
f 6578/1187/1124 36/1188/1094 37/1221/1126 6579/1220/1156
f 37/1190/1126 249/1189/1125 250/1222/1157 38/1223/1158
f 249/1189/1125 460/1191/1127 461/1224/1159 250/1222/1157
f 460/1191/1127 671/1192/1128 672/1225/1160 461/1224/1159
f 671/1192/1128 882/1193/1129 883/1226/1161 672/1225/1160
f 882/1193/1129 1093/1194/1130 1094/1227/1162 883/1226/1161
f 1093/1194/1130 1304/1195/1131 1305/1228/1163 1094/1227/1162
f 1304/1195/1131 1515/1196/1132 1516/1229/1164 1305/1228/1163
f 1515/1196/1132 1726/1197/1133 1727/1230/1165 1516/1229/1164
f 1726/1197/1133 1937/1198/1134 1938/1231/1166 1727/1230/1165
f 1937/1198/1134 2148/1199/1135 2149/1232/1167 1938/1231/1166
f 2148/1199/1135 2359/1200/1136 2360/1233/1168 2149/1232/1167
f 2359/1200/1136 2570/1201/1137 2571/1234/1169 2360/1233/1168
f 2570/1201/1137 2781/1202/1138 2782/1235/1170 2571/1234/1169
f 2781/1202/1138 2992/1203/1139 2993/1236/1171 2782/1235/1170
f 2992/1203/1139 3203/1204/1140 3204/1237/1172 2993/1236/1171
f 3203/1204/1140 3414/1205/1141 3415/1238/1173 3204/1237/1172
f 3414/1205/1141 3625/1206/1142 3626/1239/1174 3415/1238/1173
f 3625/1206/1142 3836/1207/1143 3837/1240/1175 3626/1239/1174
f 3836/1207/1143 4047/1208/1144 4048/1241/1176 3837/1240/1175
f 4047/1208/1144 4258/1209/1145 4259/1242/1177 4048/1241/1176
f 4258/1209/1145 4469/1210/1146 4470/1243/1178 4259/1242/1177
f 4469/1210/1146 4680/1211/1147 4681/1244/1179 4470/1243/1178
f 4680/1211/1147 4891/1212/1148 4892/1245/1180 4681/1244/1179
f 4891/1212/1148 5102/1213/1149 5103/1246/1181 4892/1245/1180
f 5102/1213/1149 5313/1214/1150 5314/1247/1182 5103/1246/1181
f 5313/1214/1150 5524/1215/1151 5525/1248/1183 5314/1247/1182
f 5524/1215/1151 5735/1216/1152 5736/1249/1184 5525/1248/1183
f 5735/1216/1152 5946/1217/1153 5947/1250/1185 5736/1249/1184
f 5946/1217/1153 6157/1218/1154 6158/1251/1186 5947/1250/1185
f 6157/1218/1154 6368/1219/1155 6369/1252/1187 6158/1251/1186
f 6368/1219/1155 6579/1220/1156 6580/1253/1188 6369/1252/1187
f 6579/1220/1156 37/1221/1126 38/1254/1158 6580/1253/1188
f 38/1223/1158 250/1222/1157 251/1255/1189 39/1256/1190
f 250/1222/1157 461/1224/1159 462/1257/1191 251/1255/1189
f 461/1224/1159 672/1225/1160 673/1258/1192 462/1257/1191
f 672/1225/1160 883/1226/1161 884/1259/1193 673/1258/1192
f 883/1226/1161 1094/1227/1162 1095/1260/1194 884/1259/1193
f 1094/1227/1162 1305/1228/1163 1306/1261/1195 1095/1260/1194
f 1305/1228/1163 1516/1229/1164 1517/1262/1196 1306/1261/1195
f 1516/1229/1164 1727/1230/1165 1728/1263/1197 1517/1262/1196
f 1727/1230/1165 1938/1231/1166 1939/1264/1198 1728/1263/1197
f 1938/1231/1166 2149/1232/1167 2150/1265/1199 1939/1264/1198
f 2149/1232/1167 2360/1233/1168 2361/1266/1200 2150/1265/1199
f 2360/1233/1168 2571/1234/1169 2572/1267/1201 2361/1266/1200
f 2571/1234/1169 2782/1235/1170 2783/1268/1202 2572/1267/1201
f 2782/1235/1170 2993/1236/1171 2994/1269/1203 2783/1268/1202
f 2993/1236/1171 3204/1237/1172 3205/1270/1204 2994/1269/1203
f 3204/1237/1172 3415/1238/1173 3416/1271/1205 3205/1270/1204
f 3415/1238/1173 3626/1239/1174 3627/1272/1206 3416/1271/1205
f 3626/1239/1174 3837/1240/1175 3838/1273/1207 3627/1272/1206
f 3837/1240/1175 4048/1241/1176 4049/1274/1208 3838/1273/1207
f 4048/1241/1176 4259/1242/1177 4260/1275/1209 4049/1274/1208
f 4259/1242/1177 4470/1243/1178 4471/1276/1210 4260/1275/1209
f 4470/1243/1178 4681/1244/1179 4682/1277/1211 4471/1276/1210
f 4681/1244/1179 4892/1245/1180 4893/1278/1212 4682/1277/1211
f 4892/1245/1180 5103/1246/1181 5104/1279/1213 4893/1278/1212
f 5103/1246/1181 5314/1247/1182 5315/1280/1214 5104/1279/1213
f 5314/1247/1182 5525/1248/1183 5526/1281/1215 5315/1280/1214
f 5525/1248/1183 5736/1249/1184 5737/1282/1216 5526/1281/1215
f 5736/1249/1184 5947/1250/1185 5948/1283/1217 5737/1282/1216
f 5947/1250/1185 6158/1251/1186 6159/1284/1218 5948/1283/1217
f 6158/1251/1186 6369/1252/1187 6370/1285/1219 6159/1284/1218
f 6369/1252/1187 6580/1253/1188 6581/1286/1220 6370/1285/1219
f 6580/1253/1188 38/1254/1158 39/1287/1190 6581/1286/1220
f 39/1256/1190 251/1255/1189 252/1288/1221 40/1289/1222
f 251/1255/1189 462/1257/1191 463/1290/1223 252/1288/1221
f 462/1257/1191 673/1258/1192 674/1291/1224 463/1290/1223
f 673/1258/1192 884/1259/1193 885/1292/1225 674/1291/1224
f 884/1259/1193 1095/1260/1194 1096/1293/1226 885/1292/1225
f 1095/1260/1194 1306/1261/1195 1307/1294/1227 1096/1293/1226
f 1306/1261/1195 1517/1262/1196 1518/1295/1228 1307/1294/1227
f 1517/1262/1196 1728/1263/1197 1729/1296/1229 1518/1295/1228
f 1728/1263/1197 1939/1264/1198 1940/1297/1230 1729/1296/1229
f 1939/1264/1198 2150/1265/1199 2151/1298/1231 1940/1297/1230
f 2150/1265/1199 2361/1266/1200 2362/1299/1232 2151/1298/1231
f 2361/1266/1200 2572/1267/1201 2573/1300/1233 2362/1299/1232
f 2572/1267/1201 2783/1268/1202 2784/1301/1234 2573/1300/1233
f 2783/1268/1202 2994/1269/1203 2995/1302/1235 2784/1301/1234
f 2994/1269/1203 3205/1270/1204 3206/1303/1236 2995/1302/1235
f 3205/1270/1204 3416/1271/1205 3417/1304/1237 3206/1303/1236
f 3416/1271/1205 3627/1272/1206 3628/1305/1238 3417/1304/1237
f 3627/1272/1206 3838/1273/1207 3839/1306/1239 3628/1305/1238
f 3838/1273/1207 4049/1274/1208 4050/1307/1240 3839/1306/1239
f 4049/1274/1208 4260/1275/1209 4261/1308/1241 4050/1307/1240
f 4260/1275/1209 4471/1276/1210 4472/1309/1242 4261/1308/1241
f 4471/1276/1210 4682/1277/1211 4683/1310/1243 4472/1309/1242
f 4682/1277/1211 4893/1278/1212 4894/1311/1244 4683/1310/1243
f 4893/1278/1212 5104/1279/1213 5105/1312/1245 4894/1311/1244
f 5104/1279/1213 5315/1280/1214 5316/1313/1246 5105/1312/1245
f 5315/1280/1214 5526/1281/1215 5527/1314/1247 5316/1313/1246
f 5526/1281/1215 5737/1282/1216 5738/1315/1248 5527/1314/1247
f 5737/1282/1216 5948/1283/1217 5949/1316/1249 5738/1315/1248
f 5948/1283/1217 6159/1284/1218 6160/1317/1250 5949/1316/1249
f 6159/1284/1218 6370/1285/1219 6371/1318/1251 6160/1317/1250
f 6370/1285/1219 6581/1286/1220 6582/1319/1252 6371/1318/1251
f 6581/1286/1220 39/1287/1190 40/1320/1222 6582/1319/1252
f 40/1289/1222 252/1288/1221 253/1321/1253 41/1322/1254
f 252/1288/1221 463/1290/1223 464/1323/1255 253/1321/1253
f 463/1290/1223 674/1291/1224 675/1324/1256 464/1323/1255
f 674/1291/1224 885/1292/1225 886/1325/1257 675/1324/1256
f 885/1292/1225 1096/1293/1226 1097/1326/1258 886/1325/1257
f 1096/1293/1226 1307/1294/1227 1308/1327/1259 1097/1326/1258
f 1307/1294/1227 1518/1295/1228 1519/1328/1260 1308/1327/1259
f 1518/1295/1228 1729/1296/1229 1730/1329/1261 1519/1328/1260
f 1729/1296/1229 1940/1297/1230 1941/1330/1262 1730/1329/1261
f 1940/1297/1230 2151/1298/1231 2152/1331/1263 1941/1330/1262
f 2151/1298/1231 2362/1299/1232 2363/1332/1264 2152/1331/1263
f 2362/1299/1232 2573/1300/1233 2574/1333/1265 2363/1332/1264
f 2573/1300/1233 2784/1301/1234 2785/1334/1266 2574/1333/1265
f 2784/1301/1234 2995/1302/1235 2996/1335/1267 2785/1334/1266
f 2995/1302/1235 3206/1303/1236 3207/1336/1268 2996/1335/1267
f 3206/1303/1236 3417/1304/1237 3418/1337/1269 3207/1336/1268
f 3417/1304/1237 3628/1305/1238 3629/1338/1270 3418/1337/1269
f 3628/1305/1238 3839/1306/1239 3840/1339/1271 3629/1338/1270
f 3839/1306/1239 4050/1307/1240 4051/1340/1272 3840/1339/1271
f 4050/1307/1240 4261/1308/1241 4262/1341/1273 4051/1340/1272
f 4261/1308/1241 4472/1309/1242 4473/1342/1274 4262/1341/1273
f 4472/1309/1242 4683/1310/1243 4684/1343/1275 4473/1342/1274
f 4683/1310/1243 4894/1311/1244 4895/1344/1276 4684/1343/1275
f 4894/1311/1244 5105/1312/1245 5106/1345/1277 4895/1344/1276
f 5105/1312/1245 5316/1313/1246 5317/1346/1278 5106/1345/1277
f 5316/1313/1246 5527/1314/1247 5528/1347/1279 5317/1346/1278
f 5527/1314/1247 5738/1315/1248 5739/1348/1280 5528/1347/1279
f 5738/1315/1248 5949/1316/1249 5950/1349/1281 5739/1348/1280
f 5949/1316/1249 6160/1317/1250 6161/1350/1282 5950/1349/1281
f 6160/1317/1250 6371/1318/1251 6372/1351/1283 6161/1350/1282
f 6371/1318/1251 6582/1319/1252 6583/1352/1284 6372/1351/1283
f 6582/1319/1252 40/1320/1222 41/1353/1254 6583/1352/1284
f 41/1322/1254 253/1321/1253 254/1354/1285 42/1355/1286
f 253/1321/1253 464/1323/1255 465/1356/1287 254/1354/1285
f 464/1323/1255 675/1324/1256 676/1357/1288 465/1356/1287
f 675/1324/1256 886/1325/1257 887/1358/1289 676/1357/1288
f 886/1325/1257 1097/1326/1258 1098/1359/1290 887/1358/1289
f 1097/1326/1258 1308/1327/1259 1309/1360/1291 1098/1359/1290
f 1308/1327/1259 1519/1328/1260 1520/1361/1292 1309/1360/1291
f 1519/1328/1260 1730/1329/1261 1731/1362/1293 1520/1361/1292
f 1730/1329/1261 1941/1330/1262 1942/1363/1294 1731/1362/1293
f 1941/1330/1262 2152/1331/1263 2153/1364/1295 1942/1363/1294
f 2152/1331/1263 2363/1332/1264 2364/1365/1296 2153/1364/1295
f 2363/1332/1264 2574/1333/1265 2575/1366/1297 2364/1365/1296
f 2574/1333/1265 2785/1334/1266 2786/1367/1298 2575/1366/1297
f 2785/1334/1266 2996/1335/1267 2997/1368/1299 2786/1367/1298
f 2996/1335/1267 3207/1336/1268 3208/1369/1300 2997/1368/1299
f 3207/1336/1268 3418/1337/1269 3419/1370/1301 3208/1369/1300
f 3418/1337/1269 3629/1338/1270 3630/1371/1302 3419/1370/1301
f 3629/1338/1270 3840/1339/1271 3841/1372/1303 3630/1371/1302
f 3840/1339/1271 4051/1340/1272 4052/1373/1304 3841/1372/1303
f 4051/1340/1272 4262/1341/1273 4263/1374/1305 4052/1373/1304
f 4262/1341/1273 4473/1342/1274 4474/1375/1306 4263/1374/1305
f 4473/1342/1274 4684/1343/1275 4685/1376/1307 4474/1375/1306
f 4684/1343/1275 4895/1344/1276 4896/1377/1308 4685/1376/1307
f 4895/1344/1276 5106/1345/1277 5107/1378/1309 4896/1377/1308
f 5106/1345/1277 5317/1346/1278 5318/1379/1310 5107/1378/1309
f 5317/1346/1278 5528/1347/1279 5529/1380/1311 5318/1379/1310
f 5528/1347/1279 5739/1348/1280 5740/1381/1312 5529/1380/1311
f 5739/1348/1280 5950/1349/1281 5951/1382/1313 5740/1381/1312
f 5950/1349/1281 6161/1350/1282 6162/1383/1314 5951/1382/1313
f 6161/1350/1282 6372/1351/1283 6373/1384/1315 6162/1383/1314
f 6372/1351/1283 6583/1352/1284 6584/1385/1316 6373/1384/1315
f 6583/1352/1284 41/1353/1254 42/1386/1286 6584/1385/1316
f 42/1355/1286 254/1354/1285 255/1387/1317 43/1388/1318
f 254/1354/1285 465/1356/1287 466/1389/1319 255/1387/1317
f 465/1356/1287 676/1357/1288 677/1390/1320 466/1389/1319
f 676/1357/1288 887/1358/1289 888/1391/1321 677/1390/1320
f 887/1358/1289 1098/1359/1290 1099/1392/1322 888/1391/1321
f 1098/1359/1290 1309/1360/1291 1310/1393/1323 1099/1392/1322
f 1309/1360/1291 1520/1361/1292 1521/1394/1324 1310/1393/1323
f 1520/1361/1292 1731/1362/1293 1732/1395/1325 1521/1394/1324
f 1731/1362/1293 1942/1363/1294 1943/1396/1326 1732/1395/1325
f 1942/1363/1294 2153/1364/1295 2154/1397/1327 1943/1396/1326
f 2153/1364/1295 2364/1365/1296 2365/1398/1328 2154/1397/1327
f 2364/1365/1296 2575/1366/1297 2576/1399/1329 2365/1398/1328
f 2575/1366/1297 2786/1367/1298 2787/1400/1330 2576/1399/1329
f 2786/1367/1298 2997/1368/1299 2998/1401/1331 2787/1400/1330
f 2997/1368/1299 3208/1369/1300 3209/1402/1332 2998/1401/1331
f 3208/1369/1300 3419/1370/1301 3420/1403/1333 3209/1402/1332
f 3419/1370/1301 3630/1371/1302 3631/1404/1334 3420/1403/1333
f 3630/1371/1302 3841/1372/1303 3842/1405/1335 3631/1404/1334
f 3841/1372/1303 4052/1373/1304 4053/1406/1336 3842/1405/1335
f 4052/1373/1304 4263/1374/1305 4264/1407/1337 4053/1406/1336
f 4263/1374/1305 4474/1375/1306 4475/1408/1338 4264/1407/1337
f 4474/1375/1306 4685/1376/1307 4686/1409/1339 4475/1408/1338
f 4685/1376/1307 4896/1377/1308 4897/1410/1340 4686/1409/1339
f 4896/1377/1308 5107/1378/1309 5108/1411/1341 4897/1410/1340
f 5107/1378/1309 5318/1379/1310 5319/1412/1342 5108/1411/1341
f 5318/1379/1310 5529/1380/1311 5530/1413/1343 5319/1412/1342
f 5529/1380/1311 5740/1381/1312 5741/1414/1344 5530/1413/1343
f 5740/1381/1312 5951/1382/1313 5952/1415/1345 5741/1414/1344
f 5951/1382/1313 6162/1383/1314 6163/1416/1346 5952/1415/1345
f 6162/1383/1314 6373/1384/1315 6374/1417/1347 6163/1416/1346
f 6373/1384/1315 6584/1385/1316 6585/1418/1348 6374/1417/1347
f 6584/1385/1316 42/1386/1286 43/1419/1318 6585/1418/1348
f 43/1388/1318 255/1387/1317 256/1420/1349 44/1421/1350
f 255/1387/1317 466/1389/1319 467/1422/1351 256/1420/1349
f 466/1389/1319 677/1390/1320 678/1423/1352 467/1422/1351
f 677/1390/1320 888/1391/1321 889/1424/1353 678/1423/1352
f 888/1391/1321 1099/1392/1322 1100/1425/1354 889/1424/1353
f 1099/1392/1322 1310/1393/1323 1311/1426/1355 1100/1425/1354
f 1310/1393/1323 1521/1394/1324 1522/1427/1356 1311/1426/1355
f 1521/1394/1324 1732/1395/1325 1733/1428/1357 1522/1427/1356
f 1732/1395/1325 1943/1396/1326 1944/1429/1358 1733/1428/1357
f 1943/1396/1326 2154/1397/1327 2155/1430/1359 1944/1429/1358
f 2154/1397/1327 2365/1398/1328 2366/1431/1360 2155/1430/1359
f 2365/1398/1328 2576/1399/1329 2577/1432/1361 2366/1431/1360
f 2576/1399/1329 2787/1400/1330 2788/1433/1362 2577/1432/1361
f 2787/1400/1330 2998/1401/1331 2999/1434/1363 2788/1433/1362
f 2998/1401/1331 3209/1402/1332 3210/1435/1364 2999/1434/1363
f 3209/1402/1332 3420/1403/1333 3421/1436/1365 3210/1435/1364
f 3420/1403/1333 3631/1404/1334 3632/1437/1366 3421/1436/1365
f 3631/1404/1334 3842/1405/1335 3843/1438/1367 3632/1437/1366
f 3842/1405/1335 4053/1406/1336 4054/1439/1368 3843/1438/1367
f 4053/1406/1336 4264/1407/1337 4265/1440/1369 4054/1439/1368
f 4264/1407/1337 4475/1408/1338 4476/1441/1370 4265/1440/1369
f 4475/1408/1338 4686/1409/1339 4687/1442/1371 4476/1441/1370
f 4686/1409/1339 4897/1410/1340 4898/1443/1372 4687/1442/1371
f 4897/1410/1340 5108/1411/1341 5109/1444/1373 4898/1443/1372
f 5108/1411/1341 5319/1412/1342 5320/1445/1374 5109/1444/1373
f 5319/1412/1342 5530/1413/1343 5531/1446/1375 5320/1445/1374
f 5530/1413/1343 5741/1414/1344 5742/1447/1376 5531/1446/1375
f 5741/1414/1344 5952/1415/1345 5953/1448/1377 5742/1447/1376
f 5952/1415/1345 6163/1416/1346 6164/1449/1378 5953/1448/1377
f 6163/1416/1346 6374/1417/1347 6375/1450/1379 6164/1449/1378
f 6374/1417/1347 6585/1418/1348 6586/1451/1380 6375/1450/1379
f 6585/1418/1348 43/1419/1318 44/1452/1350 6586/1451/1380
f 44/1421/1350 256/1420/1349 257/1453/1381 45/1454/1382
f 256/1420/1349 467/1422/1351 468/1455/1383 257/1453/1381
f 467/1422/1351 678/1423/1352 679/1456/1384 468/1455/1383
f 678/1423/1352 889/1424/1353 890/1457/1385 679/1456/1384
f 889/1424/1353 1100/1425/1354 1101/1458/1386 890/1457/1385
f 1100/1425/1354 1311/1426/1355 1312/1459/1387 1101/1458/1386
f 1311/1426/1355 1522/1427/1356 1523/1460/1388 1312/1459/1387
f 1522/1427/1356 1733/1428/1357 1734/1461/1389 1523/1460/1388
f 1733/1428/1357 1944/1429/1358 1945/1462/1390 1734/1461/1389
f 1944/1429/1358 2155/1430/1359 2156/1463/1391 1945/1462/1390
f 2155/1430/1359 2366/1431/1360 2367/1464/1392 2156/1463/1391
f 2366/1431/1360 2577/1432/1361 2578/1465/1393 2367/1464/1392
f 2577/1432/1361 2788/1433/1362 2789/1466/1394 2578/1465/1393
f 2788/1433/1362 2999/1434/1363 3000/1467/1395 2789/1466/1394
f 2999/1434/1363 3210/1435/1364 3211/1468/1396 3000/1467/1395
f 3210/1435/1364 3421/1436/1365 3422/1469/1397 3211/1468/1396
f 3421/1436/1365 3632/1437/1366 3633/1470/1398 3422/1469/1397
f 3632/1437/1366 3843/1438/1367 3844/1471/1399 3633/1470/1398
f 3843/1438/1367 4054/1439/1368 4055/1472/1400 3844/1471/1399
f 4054/1439/1368 4265/1440/1369 4266/1473/1401 4055/1472/1400
f 4265/1440/1369 4476/1441/1370 4477/1474/1402 4266/1473/1401
f 4476/1441/1370 4687/1442/1371 4688/1475/1403 4477/1474/1402
f 4687/1442/1371 4898/1443/1372 4899/1476/1404 4688/1475/1403
f 4898/1443/1372 5109/1444/1373 5110/1477/1405 4899/1476/1404
f 5109/1444/1373 5320/1445/1374 5321/1478/1406 5110/1477/1405
f 5320/1445/1374 5531/1446/1375 5532/1479/1407 5321/1478/1406
f 5531/1446/1375 5742/1447/1376 5743/1480/1408 5532/1479/1407
f 5742/1447/1376 5953/1448/1377 5954/1481/1409 5743/1480/1408
f 5953/1448/1377 6164/1449/1378 6165/1482/1410 5954/1481/1409
f 6164/1449/1378 6375/1450/1379 6376/1483/1411 6165/1482/1410
f 6375/1450/1379 6586/1451/1380 6587/1484/1412 6376/1483/1411
f 6586/1451/1380 44/1452/1350 45/1485/1382 6587/1484/1412
f 45/1454/1382 257/1453/1381 258/1486/1413 46/1487/1414
f 257/1453/1381 468/1455/1383 469/1488/1415 258/1486/1413
f 468/1455/1383 679/1456/1384 680/1489/1416 469/1488/1415
f 679/1456/1384 890/1457/1385 891/1490/1417 680/1489/1416
f 890/1457/1385 1101/1458/1386 1102/1491/1418 891/1490/1417
f 1101/1458/1386 1312/1459/1387 1313/1492/1419 1102/1491/1418
f 1312/1459/1387 1523/1460/1388 1524/1493/1420 1313/1492/1419
f 1523/1460/1388 1734/1461/1389 1735/1494/1421 1524/1493/1420
f 1734/1461/1389 1945/1462/1390 1946/1495/1422 1735/1494/1421
f 1945/1462/1390 2156/1463/1391 2157/1496/1423 1946/1495/1422
f 2156/1463/1391 2367/1464/1392 2368/1497/1424 2157/1496/1423
f 2367/1464/1392 2578/1465/1393 2579/1498/1425 2368/1497/1424
f 2578/1465/1393 2789/1466/1394 2790/1499/1426 2579/1498/1425
f 2789/1466/1394 3000/1467/1395 3001/1500/1427 2790/1499/1426
f 3000/1467/1395 3211/1468/1396 3212/1501/1428 3001/1500/1427
f 3211/1468/1396 3422/1469/1397 3423/1502/1429 3212/1501/1428
f 3422/1469/1397 3633/1470/1398 3634/1503/1430 3423/1502/1429
f 3633/1470/1398 3844/1471/1399 3845/1504/1431 3634/1503/1430
f 3844/1471/1399 4055/1472/1400 4056/1505/1432 3845/1504/1431
f 4055/1472/1400 4266/1473/1401 4267/1506/1433 4056/1505/1432
f 4266/1473/1401 4477/1474/1402 4478/1507/1434 4267/1506/1433
f 4477/1474/1402 4688/1475/1403 4689/1508/1435 4478/1507/1434
f 4688/1475/1403 4899/1476/1404 4900/1509/1436 4689/1508/1435
f 4899/1476/1404 5110/1477/1405 5111/1510/1437 4900/1509/1436
f 5110/1477/1405 5321/1478/1406 5322/1511/1438 5111/1510/1437
f 5321/1478/1406 5532/1479/1407 5533/1512/1439 5322/1511/1438
f 5532/1479/1407 5743/1480/1408 5744/1513/1440 5533/1512/1439
f 5743/1480/1408 5954/1481/1409 5955/1514/1441 5744/1513/1440
f 5954/1481/1409 6165/1482/1410 6166/1515/1442 5955/1514/1441
f 6165/1482/1410 6376/1483/1411 6377/1516/1443 6166/1515/1442
f 6376/1483/1411 6587/1484/1412 6588/1517/1444 6377/1516/1443
f 6587/1484/1412 45/1485/1382 46/1518/1414 6588/1517/1444
f 46/1487/1414 258/1486/1413 259/1519/1445 47/1520/1446
f 258/1486/1413 469/1488/1415 470/1521/1447 259/1519/1445
f 469/1488/1415 680/1489/1416 681/1522/1448 470/1521/1447
f 680/1489/1416 891/1490/1417 892/1523/1449 681/1522/1448
f 891/1490/1417 1102/1491/1418 1103/1524/1450 892/1523/1449
f 1102/1491/1418 1313/1492/1419 1314/1525/1451 1103/1524/1450
f 1313/1492/1419 1524/1493/1420 1525/1526/1452 1314/1525/1451
f 1524/1493/1420 1735/1494/1421 1736/1527/1453 1525/1526/1452
f 1735/1494/1421 1946/1495/1422 1947/1528/1454 1736/1527/1453
f 1946/1495/1422 2157/1496/1423 2158/1529/1455 1947/1528/1454
f 2157/1496/1423 2368/1497/1424 2369/1530/1456 2158/1529/1455
f 2368/1497/1424 2579/1498/1425 2580/1531/1457 2369/1530/1456
f 2579/1498/1425 2790/1499/1426 2791/1532/1458 2580/1531/1457
f 2790/1499/1426 3001/1500/1427 3002/1533/1459 2791/1532/1458
f 3001/1500/1427 3212/1501/1428 3213/1534/1460 3002/1533/1459
f 3212/1501/1428 3423/1502/1429 3424/1535/1461 3213/1534/1460
f 3423/1502/1429 3634/1503/1430 3635/1536/1462 3424/1535/1461
f 3634/1503/1430 3845/1504/1431 3846/1537/1463 3635/1536/1462
f 3845/1504/1431 4056/1505/1432 4057/1538/1464 3846/1537/1463
f 4056/1505/1432 4267/1506/1433 4268/1539/1465 4057/1538/1464
f 4267/1506/1433 4478/1507/1434 4479/1540/1466 4268/1539/1465
f 4478/1507/1434 4689/1508/1435 4690/1541/1467 4479/1540/1466
f 4689/1508/1435 4900/1509/1436 4901/1542/1468 4690/1541/1467
f 4900/1509/1436 5111/1510/1437 5112/1543/1469 4901/1542/1468
f 5111/1510/1437 5322/1511/1438 5323/1544/1470 5112/1543/1469
f 5322/1511/1438 5533/1512/1439 5534/1545/1471 5323/1544/1470
f 5533/1512/1439 5744/1513/1440 5745/1546/1472 5534/1545/1471
f 5744/1513/1440 5955/1514/1441 5956/1547/1473 5745/1546/1472
f 5955/1514/1441 6166/1515/1442 6167/1548/1474 5956/1547/1473
f 6166/1515/1442 6377/1516/1443 6378/1549/1475 6167/1548/1474
f 6377/1516/1443 6588/1517/1444 6589/1550/1476 6378/1549/1475
f 6588/1517/1444 46/1518/1414 47/1551/1446 6589/1550/1476
f 47/1520/1446 259/1519/1445 260/1552/1477 48/1553/1478
f 259/1519/1445 470/1521/1447 471/1554/1479 260/1552/1477
f 470/1521/1447 681/1522/1448 682/1555/1480 471/1554/1479
f 681/1522/1448 892/1523/1449 893/1556/1481 682/1555/1480
f 892/1523/1449 1103/1524/1450 1104/1557/1482 893/1556/1481
f 1103/1524/1450 1314/1525/1451 1315/1558/1483 1104/1557/1482
f 1314/1525/1451 1525/1526/1452 1526/1559/1484 1315/1558/1483
f 1525/1526/1452 1736/1527/1453 1737/1560/1485 1526/1559/1484
f 1736/1527/1453 1947/1528/1454 1948/1561/1486 1737/1560/1485
f 1947/1528/1454 2158/1529/1455 2159/1562/1487 1948/1561/1486
f 2158/1529/1455 2369/1530/1456 2370/1563/1488 2159/1562/1487
f 2369/1530/1456 2580/1531/1457 2581/1564/1489 2370/1563/1488
f 2580/1531/1457 2791/1532/1458 2792/1565/1490 2581/1564/1489
f 2791/1532/1458 3002/1533/1459 3003/1566/1491 2792/1565/1490
f 3002/1533/1459 3213/1534/1460 3214/1567/1492 3003/1566/1491
f 3213/1534/1460 3424/1535/1461 3425/1568/1493 3214/1567/1492
f 3424/1535/1461 3635/1536/1462 3636/1569/1494 3425/1568/1493
f 3635/1536/1462 3846/1537/1463 3847/1570/1495 3636/1569/1494
f 3846/1537/1463 4057/1538/1464 4058/1571/1496 3847/1570/1495
f 4057/1538/1464 4268/1539/1465 4269/1572/1497 4058/1571/1496
f 4268/1539/1465 4479/1540/1466 4480/1573/1498 4269/1572/1497
f 4479/1540/1466 4690/1541/1467 4691/1574/1499 4480/1573/1498
f 4690/1541/1467 4901/1542/1468 4902/1575/1500 4691/1574/1499
f 4901/1542/1468 5112/1543/1469 5113/1576/1501 4902/1575/1500
f 5112/1543/1469 5323/1544/1470 5324/1577/1502 5113/1576/1501
f 5323/1544/1470 5534/1545/1471 5535/1578/1503 5324/1577/1502
f 5534/1545/1471 5745/1546/1472 5746/1579/1504 5535/1578/1503
f 5745/1546/1472 5956/1547/1473 5957/1580/1505 5746/1579/1504
f 5956/1547/1473 6167/1548/1474 6168/1581/1506 5957/1580/1505
f 6167/1548/1474 6378/1549/1475 6379/1582/1507 6168/1581/1506
f 6378/1549/1475 6589/1550/1476 6590/1583/1508 6379/1582/1507
f 6589/1550/1476 47/1551/1446 48/1584/1478 6590/1583/1508
f 48/1553/1478 260/1552/1477 261/1585/1509 49/1586/1510
f 260/1552/1477 471/1554/1479 472/1587/1511 261/1585/1509
f 471/1554/1479 682/1555/1480 683/1588/1512 472/1587/1511
f 682/1555/1480 893/1556/1481 894/1589/1513 683/1588/1512
f 893/1556/1481 1104/1557/1482 1105/1590/1514 894/1589/1513
f 1104/1557/1482 1315/1558/1483 1316/1591/1515 1105/1590/1514
f 1315/1558/1483 1526/1559/1484 1527/1592/1516 1316/1591/1515
f 1526/1559/1484 1737/1560/1485 1738/1593/1517 1527/1592/1516
f 1737/1560/1485 1948/1561/1486 1949/1594/1518 1738/1593/1517
f 1948/1561/1486 2159/1562/1487 2160/1595/1519 1949/1594/1518
f 2159/1562/1487 2370/1563/1488 2371/1596/1520 2160/1595/1519
f 2370/1563/1488 2581/1564/1489 2582/1597/1521 2371/1596/1520
f 2581/1564/1489 2792/1565/1490 2793/1598/1522 2582/1597/1521
f 2792/1565/1490 3003/1566/1491 3004/1599/1523 2793/1598/1522
f 3003/1566/1491 3214/1567/1492 3215/1600/1524 3004/1599/1523
f 3214/1567/1492 3425/1568/1493 3426/1601/1525 3215/1600/1524
f 3425/1568/1493 3636/1569/1494 3637/1602/1526 3426/1601/1525
f 3636/1569/1494 3847/1570/1495 3848/1603/1527 3637/1602/1526
f 3847/1570/1495 4058/1571/1496 4059/1604/1528 3848/1603/1527
f 4058/1571/1496 4269/1572/1497 4270/1605/1529 4059/1604/1528
f 4269/1572/1497 4480/1573/1498 4481/1606/1530 4270/1605/1529
f 4480/1573/1498 4691/1574/1499 4692/1607/1531 4481/1606/1530
f 4691/1574/1499 4902/1575/1500 4903/1608/1532 4692/1607/1531
f 4902/1575/1500 5113/1576/1501 5114/1609/1533 4903/1608/1532
f 5113/1576/1501 5324/1577/1502 5325/1610/1534 5114/1609/1533
f 5324/1577/1502 5535/1578/1503 5536/1611/1535 5325/1610/1534
f 5535/1578/1503 5746/1579/1504 5747/1612/1536 5536/1611/1535
f 5746/1579/1504 5957/1580/1505 5958/1613/1537 5747/1612/1536
f 5957/1580/1505 6168/1581/1506 6169/1614/1538 5958/1613/1537
f 6168/1581/1506 6379/1582/1507 6380/1615/1539 6169/1614/1538
f 6379/1582/1507 6590/1583/1508 6591/1616/1540 6380/1615/1539
f 6590/1583/1508 48/1584/1478 49/1617/1510 6591/1616/1540
f 49/1586/1510 261/1585/1509 262/1618/1541 50/1619/1542
f 261/1585/1509 472/1587/1511 473/1620/1543 262/1618/1541
f 472/1587/1511 683/1588/1512 684/1621/1544 473/1620/1543
f 683/1588/1512 894/1589/1513 895/1622/1545 684/1621/1544
f 894/1589/1513 1105/1590/1514 1106/1623/1546 895/1622/1545
f 1105/1590/1514 1316/1591/1515 1317/1624/1547 1106/1623/1546
f 1316/1591/1515 1527/1592/1516 1528/1625/1548 1317/1624/1547
f 1527/1592/1516 1738/1593/1517 1739/1626/1549 1528/1625/1548
f 1738/1593/1517 1949/1594/1518 1950/1627/1550 1739/1626/1549
f 1949/1594/1518 2160/1595/1519 2161/1628/1551 1950/1627/1550
f 2160/1595/1519 2371/1596/1520 2372/1629/1552 2161/1628/1551
f 2371/1596/1520 2582/1597/1521 2583/1630/1553 2372/1629/1552
f 2582/1597/1521 2793/1598/1522 2794/1631/1554 2583/1630/1553
f 2793/1598/1522 3004/1599/1523 3005/1632/1555 2794/1631/1554
f 3004/1599/1523 3215/1600/1524 3216/1633/1556 3005/1632/1555
f 3215/1600/1524 3426/1601/1525 3427/1634/1557 3216/1633/1556
f 3426/1601/1525 3637/1602/1526 3638/1635/1558 3427/1634/1557
f 3637/1602/1526 3848/1603/1527 3849/1636/1559 3638/1635/1558
f 3848/1603/1527 4059/1604/1528 4060/1637/1560 3849/1636/1559
f 4059/1604/1528 4270/1605/1529 4271/1638/1561 4060/1637/1560
f 4270/1605/1529 4481/1606/1530 4482/1639/1562 4271/1638/1561
f 4481/1606/1530 4692/1607/1531 4693/1640/1563 4482/1639/1562
f 4692/1607/1531 4903/1608/1532 4904/1641/1564 4693/1640/1563
f 4903/1608/1532 5114/1609/1533 5115/1642/1565 4904/1641/1564
f 5114/1609/1533 5325/1610/1534 5326/1643/1566 5115/1642/1565
f 5325/1610/1534 5536/1611/1535 5537/1644/1567 5326/1643/1566
f 5536/1611/1535 5747/1612/1536 5748/1645/1568 5537/1644/1567
f 5747/1612/1536 5958/1613/1537 5959/1646/1569 5748/1645/1568
f 5958/1613/1537 6169/1614/1538 6170/1647/1570 5959/1646/1569
f 6169/1614/1538 6380/1615/1539 6381/1648/1571 6170/1647/1570
f 6380/1615/1539 6591/1616/1540 6592/1649/1572 6381/1648/1571
f 6591/1616/1540 49/1617/1510 50/1650/1542 6592/1649/1572
f 50/1619/1542 262/1618/1541 263/1651/1573 51/1652/1574
f 262/1618/1541 473/1620/1543 474/1653/1575 263/1651/1573
f 473/1620/1543 684/1621/1544 685/1654/1576 474/1653/1575
f 684/1621/1544 895/1622/1545 896/1655/1577 685/1654/1576
f 895/1622/1545 1106/1623/1546 1107/1656/1578 896/1655/1577
f 1106/1623/1546 1317/1624/1547 1318/1657/1579 1107/1656/1578
f 1317/1624/1547 1528/1625/1548 1529/1658/1580 1318/1657/1579
f 1528/1625/1548 1739/1626/1549 1740/1659/1581 1529/1658/1580
f 1739/1626/1549 1950/1627/1550 1951/1660/1582 1740/1659/1581
f 1950/1627/1550 2161/1628/1551 2162/1661/1583 1951/1660/1582
f 2161/1628/1551 2372/1629/1552 2373/1662/1584 2162/1661/1583
f 2372/1629/1552 2583/1630/1553 2584/1663/1585 2373/1662/1584
f 2583/1630/1553 2794/1631/1554 2795/1664/1586 2584/1663/1585
f 2794/1631/1554 3005/1632/1555 3006/1665/1587 2795/1664/1586
f 3005/1632/1555 3216/1633/1556 3217/1666/1588 3006/1665/1587
f 3216/1633/1556 3427/1634/1557 3428/1667/1589 3217/1666/1588
f 3427/1634/1557 3638/1635/1558 3639/1668/1590 3428/1667/1589
f 3638/1635/1558 3849/1636/1559 3850/1669/1591 3639/1668/1590
f 3849/1636/1559 4060/1637/1560 4061/1670/1592 3850/1669/1591
f 4060/1637/1560 4271/1638/1561 4272/1671/1593 4061/1670/1592
f 4271/1638/1561 4482/1639/1562 4483/1672/1594 4272/1671/1593
f 4482/1639/1562 4693/1640/1563 4694/1673/1595 4483/1672/1594
f 4693/1640/1563 4904/1641/1564 4905/1674/1596 4694/1673/1595
f 4904/1641/1564 5115/1642/1565 5116/1675/1597 4905/1674/1596
f 5115/1642/1565 5326/1643/1566 5327/1676/1598 5116/1675/1597
f 5326/1643/1566 5537/1644/1567 5538/1677/1599 5327/1676/1598
f 5537/1644/1567 5748/1645/1568 5749/1678/1600 5538/1677/1599
f 5748/1645/1568 5959/1646/1569 5960/1679/1601 5749/1678/1600
f 5959/1646/1569 6170/1647/1570 6171/1680/1602 5960/1679/1601
f 6170/1647/1570 6381/1648/1571 6382/1681/1603 6171/1680/1602
f 6381/1648/1571 6592/1649/1572 6593/1682/1604 6382/1681/1603
f 6592/1649/1572 50/1650/1542 51/1683/1574 6593/1682/1604
f 51/1652/1574 263/1651/1573 264/1684/1605 52/1685/1606
f 263/1651/1573 474/1653/1575 475/1686/1607 264/1684/1605
f 474/1653/1575 685/1654/1576 686/1687/1608 475/1686/1607
f 685/1654/1576 896/1655/1577 897/1688/1609 686/1687/1608
f 896/1655/1577 1107/1656/1578 1108/1689/1610 897/1688/1609
f 1107/1656/1578 1318/1657/1579 1319/1690/1611 1108/1689/1610
f 1318/1657/1579 1529/1658/1580 1530/1691/1612 1319/1690/1611
f 1529/1658/1580 1740/1659/1581 1741/1692/1613 1530/1691/1612
f 1740/1659/1581 1951/1660/1582 1952/1693/1614 1741/1692/1613
f 1951/1660/1582 2162/1661/1583 2163/1694/1615 1952/1693/1614
f 2162/1661/1583 2373/1662/1584 2374/1695/1616 2163/1694/1615
f 2373/1662/1584 2584/1663/1585 2585/1696/1617 2374/1695/1616
f 2584/1663/1585 2795/1664/1586 2796/1697/1618 2585/1696/1617
f 2795/1664/1586 3006/1665/1587 3007/1698/1619 2796/1697/1618
f 3006/1665/1587 3217/1666/1588 3218/1699/1620 3007/1698/1619
f 3217/1666/1588 3428/1667/1589 3429/1700/1621 3218/1699/1620
f 3428/1667/1589 3639/1668/1590 3640/1701/1622 3429/1700/1621
f 3639/1668/1590 3850/1669/1591 3851/1702/1623 3640/1701/1622
f 3850/1669/1591 4061/1670/1592 4062/1703/1624 3851/1702/1623
f 4061/1670/1592 4272/1671/1593 4273/1704/1625 4062/1703/1624
f 4272/1671/1593 4483/1672/1594 4484/1705/1626 4273/1704/1625
f 4483/1672/1594 4694/1673/1595 4695/1706/1627 4484/1705/1626
f 4694/1673/1595 4905/1674/1596 4906/1707/1628 4695/1706/1627
f 4905/1674/1596 5116/1675/1597 5117/1708/1629 4906/1707/1628
f 5116/1675/1597 5327/1676/1598 5328/1709/1630 5117/1708/1629
f 5327/1676/1598 5538/1677/1599 5539/1710/1631 5328/1709/1630
f 5538/1677/1599 5749/1678/1600 5750/1711/1632 5539/1710/1631
f 5749/1678/1600 5960/1679/1601 5961/1712/1633 5750/1711/1632
f 5960/1679/1601 6171/1680/1602 6172/1713/1634 5961/1712/1633
f 6171/1680/1602 6382/1681/1603 6383/1714/1635 6172/1713/1634
f 6382/1681/1603 6593/1682/1604 6594/1715/1636 6383/1714/1635
f 6593/1682/1604 51/1683/1574 52/1716/1606 6594/1715/1636
f 52/1685/1606 264/1684/1605 265/1717/1637 53/1718/1638
f 264/1684/1605 475/1686/1607 476/1719/1639 265/1717/1637
f 475/1686/1607 686/1687/1608 687/1720/1640 476/1719/1639
f 686/1687/1608 897/1688/1609 898/1721/1641 687/1720/1640
f 897/1688/1609 1108/1689/1610 1109/1722/1642 898/1721/1641
f 1108/1689/1610 1319/1690/1611 1320/1723/1643 1109/1722/1642
f 1319/1690/1611 1530/1691/1612 1531/1724/1644 1320/1723/1643
f 1530/1691/1612 1741/1692/1613 1742/1725/1645 1531/1724/1644
f 1741/1692/1613 1952/1693/1614 1953/1726/1646 1742/1725/1645
f 1952/1693/1614 2163/1694/1615 2164/1727/1647 1953/1726/1646
f 2163/1694/1615 2374/1695/1616 2375/1728/1648 2164/1727/1647
f 2374/1695/1616 2585/1696/1617 2586/1729/1649 2375/1728/1648
f 2585/1696/1617 2796/1697/1618 2797/1730/1650 2586/1729/1649
f 2796/1697/1618 3007/1698/1619 3008/1731/1651 2797/1730/1650
f 3007/1698/1619 3218/1699/1620 3219/1732/1652 3008/1731/1651
f 3218/1699/1620 3429/1700/1621 3430/1733/1653 3219/1732/1652
f 3429/1700/1621 3640/1701/1622 3641/1734/1654 3430/1733/1653
f 3640/1701/1622 3851/1702/1623 3852/1735/1655 3641/1734/1654
f 3851/1702/1623 4062/1703/1624 4063/1736/1656 3852/1735/1655
f 4062/1703/1624 4273/1704/1625 4274/1737/1657 4063/1736/1656
f 4273/1704/1625 4484/1705/1626 4485/1738/1658 4274/1737/1657
f 4484/1705/1626 4695/1706/1627 4696/1739/1659 4485/1738/1658
f 4695/1706/1627 4906/1707/1628 4907/1740/1660 4696/1739/1659
f 4906/1707/1628 5117/1708/1629 5118/1741/1661 4907/1740/1660
f 5117/1708/1629 5328/1709/1630 5329/1742/1662 5118/1741/1661
f 5328/1709/1630 5539/1710/1631 5540/1743/1663 5329/1742/1662
f 5539/1710/1631 5750/1711/1632 5751/1744/1664 5540/1743/1663
f 5750/1711/1632 5961/1712/1633 5962/1745/1665 5751/1744/1664
f 5961/1712/1633 6172/1713/1634 6173/1746/1666 5962/1745/1665
f 6172/1713/1634 6383/1714/1635 6384/1747/1667 6173/1746/1666
f 6383/1714/1635 6594/1715/1636 6595/1748/1668 6384/1747/1667
f 6594/1715/1636 52/1716/1606 53/1749/1638 6595/1748/1668
f 53/1718/1638 265/1717/1637 266/1750/1669 54/1751/1670
f 265/1717/1637 476/1719/1639 477/1752/1671 266/1750/1669
f 476/1719/1639 687/1720/1640 688/1753/1672 477/1752/1671
f 687/1720/1640 898/1721/1641 899/1754/1673 688/1753/1672
f 898/1721/1641 1109/1722/1642 1110/1755/1674 899/1754/1673
f 1109/1722/1642 1320/1723/1643 1321/1756/1675 1110/1755/1674
f 1320/1723/1643 1531/1724/1644 1532/1757/1676 1321/1756/1675
f 1531/1724/1644 1742/1725/1645 1743/1758/1677 1532/1757/1676
f 1742/1725/1645 1953/1726/1646 1954/1759/1678 1743/1758/1677
f 1953/1726/1646 2164/1727/1647 2165/1760/1679 1954/1759/1678
f 2164/1727/1647 2375/1728/1648 2376/1761/1680 2165/1760/1679
f 2375/1728/1648 2586/1729/1649 2587/1762/1681 2376/1761/1680
f 2586/1729/1649 2797/1730/1650 2798/1763/1682 2587/1762/1681
f 2797/1730/1650 3008/1731/1651 3009/1764/1683 2798/1763/1682
f 3008/1731/1651 3219/1732/1652 3220/1765/1684 3009/1764/1683
f 3219/1732/1652 3430/1733/1653 3431/1766/1685 3220/1765/1684
f 3430/1733/1653 3641/1734/1654 3642/1767/1686 3431/1766/1685
f 3641/1734/1654 3852/1735/1655 3853/1768/1687 3642/1767/1686
f 3852/1735/1655 4063/1736/1656 4064/1769/1688 3853/1768/1687
f 4063/1736/1656 4274/1737/1657 4275/1770/1689 4064/1769/1688
f 4274/1737/1657 4485/1738/1658 4486/1771/1690 4275/1770/1689
f 4485/1738/1658 4696/1739/1659 4697/1772/1691 4486/1771/1690
f 4696/1739/1659 4907/1740/1660 4908/1773/1692 4697/1772/1691
f 4907/1740/1660 5118/1741/1661 5119/1774/1693 4908/1773/1692
f 5118/1741/1661 5329/1742/1662 5330/1775/1694 5119/1774/1693
f 5329/1742/1662 5540/1743/1663 5541/1776/1695 5330/1775/1694
f 5540/1743/1663 5751/1744/1664 5752/1777/1696 5541/1776/1695
f 5751/1744/1664 5962/1745/1665 5963/1778/1697 5752/1777/1696
f 5962/1745/1665 6173/1746/1666 6174/1779/1698 5963/1778/1697
f 6173/1746/1666 6384/1747/1667 6385/1780/1699 6174/1779/1698
f 6384/1747/1667 6595/1748/1668 6596/1781/1700 6385/1780/1699
f 6595/1748/1668 53/1749/1638 54/1782/1670 6596/1781/1700
f 54/1751/1670 266/1750/1669 267/1783/1701 55/1784/1702
f 266/1750/1669 477/1752/1671 478/1785/1703 267/1783/1701
f 477/1752/1671 688/1753/1672 689/1786/1704 478/1785/1703
f 688/1753/1672 899/1754/1673 900/1787/1705 689/1786/1704
f 899/1754/1673 1110/1755/1674 1111/1788/1706 900/1787/1705
f 1110/1755/1674 1321/1756/1675 1322/1789/1707 1111/1788/1706
f 1321/1756/1675 1532/1757/1676 1533/1790/1708 1322/1789/1707
f 1532/1757/1676 1743/1758/1677 1744/1791/1709 1533/1790/1708
f 1743/1758/1677 1954/1759/1678 1955/1792/1710 1744/1791/1709
f 1954/1759/1678 2165/1760/1679 2166/1793/1711 1955/1792/1710
f 2165/1760/1679 2376/1761/1680 2377/1794/1712 2166/1793/1711
f 2376/1761/1680 2587/1762/1681 2588/1795/1713 2377/1794/1712
f 2587/1762/1681 2798/1763/1682 2799/1796/1714 2588/1795/1713
f 2798/1763/1682 3009/1764/1683 3010/1797/1715 2799/1796/1714
f 3009/1764/1683 3220/1765/1684 3221/1798/1716 3010/1797/1715
f 3220/1765/1684 3431/1766/1685 3432/1799/1717 3221/1798/1716
f 3431/1766/1685 3642/1767/1686 3643/1800/1718 3432/1799/1717
f 3642/1767/1686 3853/1768/1687 3854/1801/1719 3643/1800/1718
f 3853/1768/1687 4064/1769/1688 4065/1802/1720 3854/1801/1719
f 4064/1769/1688 4275/1770/1689 4276/1803/1721 4065/1802/1720
f 4275/1770/1689 4486/1771/1690 4487/1804/1722 4276/1803/1721
f 4486/1771/1690 4697/1772/1691 4698/1805/1723 4487/1804/1722
f 4697/1772/1691 4908/1773/1692 4909/1806/1724 4698/1805/1723
f 4908/1773/1692 5119/1774/1693 5120/1807/1725 4909/1806/1724
f 5119/1774/1693 5330/1775/1694 5331/1808/1726 5120/1807/1725
f 5330/1775/1694 5541/1776/1695 5542/1809/1727 5331/1808/1726
f 5541/1776/1695 5752/1777/1696 5753/1810/1728 5542/1809/1727
f 5752/1777/1696 5963/1778/1697 5964/1811/1729 5753/1810/1728
f 5963/1778/1697 6174/1779/1698 6175/1812/1730 5964/1811/1729
f 6174/1779/1698 6385/1780/1699 6386/1813/1731 6175/1812/1730
f 6385/1780/1699 6596/1781/1700 6597/1814/1732 6386/1813/1731
f 6596/1781/1700 54/1782/1670 55/1815/1702 6597/1814/1732
f 55/1784/1702 267/1783/1701 268/1816/1733 56/1817/1734
f 267/1783/1701 478/1785/1703 479/1818/1735 268/1816/1733
f 478/1785/1703 689/1786/1704 690/1819/1736 479/1818/1735
f 689/1786/1704 900/1787/1705 901/1820/1737 690/1819/1736
f 900/1787/1705 1111/1788/1706 1112/1821/1738 901/1820/1737
f 1111/1788/1706 1322/1789/1707 1323/1822/1739 1112/1821/1738
f 1322/1789/1707 1533/1790/1708 1534/1823/1740 1323/1822/1739
f 1533/1790/1708 1744/1791/1709 1745/1824/1741 1534/1823/1740
f 1744/1791/1709 1955/1792/1710 1956/1825/1742 1745/1824/1741
f 1955/1792/1710 2166/1793/1711 2167/1826/1743 1956/1825/1742
f 2166/1793/1711 2377/1794/1712 2378/1827/1744 2167/1826/1743
f 2377/1794/1712 2588/1795/1713 2589/1828/1745 2378/1827/1744
f 2588/1795/1713 2799/1796/1714 2800/1829/1746 2589/1828/1745
f 2799/1796/1714 3010/1797/1715 3011/1830/1747 2800/1829/1746
f 3010/1797/1715 3221/1798/1716 3222/1831/1748 3011/1830/1747
f 3221/1798/1716 3432/1799/1717 3433/1832/1749 3222/1831/1748
f 3432/1799/1717 3643/1800/1718 3644/1833/1750 3433/1832/1749
f 3643/1800/1718 3854/1801/1719 3855/1834/1751 3644/1833/1750
f 3854/1801/1719 4065/1802/1720 4066/1835/1752 3855/1834/1751
f 4065/1802/1720 4276/1803/1721 4277/1836/1753 4066/1835/1752
f 4276/1803/1721 4487/1804/1722 4488/1837/1754 4277/1836/1753
f 4487/1804/1722 4698/1805/1723 4699/1838/1755 4488/1837/1754
f 4698/1805/1723 4909/1806/1724 4910/1839/1756 4699/1838/1755
f 4909/1806/1724 5120/1807/1725 5121/1840/1757 4910/1839/1756
f 5120/1807/1725 5331/1808/1726 5332/1841/1758 5121/1840/1757
f 5331/1808/1726 5542/1809/1727 5543/1842/1759 5332/1841/1758
f 5542/1809/1727 5753/1810/1728 5754/1843/1760 5543/1842/1759
f 5753/1810/1728 5964/1811/1729 5965/1844/1761 5754/1843/1760
f 5964/1811/1729 6175/1812/1730 6176/1845/1762 5965/1844/1761
f 6175/1812/1730 6386/1813/1731 6387/1846/1763 6176/1845/1762
f 6386/1813/1731 6597/1814/1732 6598/1847/1764 6387/1846/1763
f 6597/1814/1732 55/1815/1702 56/1848/1734 6598/1847/1764
f 56/1817/1734 268/1816/1733 269/1849/1765 57/1850/1766
f 268/1816/1733 479/1818/1735 480/1851/1767 269/1849/1765
f 479/1818/1735 690/1819/1736 691/1852/1768 480/1851/1767
f 690/1819/1736 901/1820/1737 902/1853/1769 691/1852/1768
f 901/1820/1737 1112/1821/1738 1113/1854/1770 902/1853/1769
f 1112/1821/1738 1323/1822/1739 1324/1855/1771 1113/1854/1770
f 1323/1822/1739 1534/1823/1740 1535/1856/1772 1324/1855/1771
f 1534/1823/1740 1745/1824/1741 1746/1857/1773 1535/1856/1772
f 1745/1824/1741 1956/1825/1742 1957/1858/1774 1746/1857/1773
f 1956/1825/1742 2167/1826/1743 2168/1859/1775 1957/1858/1774
f 2167/1826/1743 2378/1827/1744 2379/1860/1776 2168/1859/1775
f 2378/1827/1744 2589/1828/1745 2590/1861/1777 2379/1860/1776
f 2589/1828/1745 2800/1829/1746 2801/1862/1778 2590/1861/1777
f 2800/1829/1746 3011/1830/1747 3012/1863/1779 2801/1862/1778
f 3011/1830/1747 3222/1831/1748 3223/1864/1780 3012/1863/1779
f 3222/1831/1748 3433/1832/1749 3434/1865/1781 3223/1864/1780
f 3433/1832/1749 3644/1833/1750 3645/1866/1782 3434/1865/1781
f 3644/1833/1750 3855/1834/1751 3856/1867/1783 3645/1866/1782
f 3855/1834/1751 4066/1835/1752 4067/1868/1784 3856/1867/1783
f 4066/1835/1752 4277/1836/1753 4278/1869/1785 4067/1868/1784
f 4277/1836/1753 4488/1837/1754 4489/1870/1786 4278/1869/1785
f 4488/1837/1754 4699/1838/1755 4700/1871/1787 4489/1870/1786
f 4699/1838/1755 4910/1839/1756 4911/1872/1788 4700/1871/1787
f 4910/1839/1756 5121/1840/1757 5122/1873/1789 4911/1872/1788
f 5121/1840/1757 5332/1841/1758 5333/1874/1790 5122/1873/1789
f 5332/1841/1758 5543/1842/1759 5544/1875/1791 5333/1874/1790
f 5543/1842/1759 5754/1843/1760 5755/1876/1792 5544/1875/1791
f 5754/1843/1760 5965/1844/1761 5966/1877/1793 5755/1876/1792
f 5965/1844/1761 6176/1845/1762 6177/1878/1794 5966/1877/1793
f 6176/1845/1762 6387/1846/1763 6388/1879/1795 6177/1878/1794
f 6387/1846/1763 6598/1847/1764 6599/1880/1796 6388/1879/1795
f 6598/1847/1764 56/1848/1734 57/1881/1766 6599/1880/1796
f 57/1850/1766 269/1849/1765 270/1882/1797 58/1883/1798
f 269/1849/1765 480/1851/1767 481/1884/1799 270/1882/1797
f 480/1851/1767 691/1852/1768 692/1885/1800 481/1884/1799
f 691/1852/1768 902/1853/1769 903/1886/1801 692/1885/1800
f 902/1853/1769 1113/1854/1770 1114/1887/1802 903/1886/1801
f 1113/1854/1770 1324/1855/1771 1325/1888/1803 1114/1887/1802
f 1324/1855/1771 1535/1856/1772 1536/1889/1804 1325/1888/1803
f 1535/1856/1772 1746/1857/1773 1747/1890/1805 1536/1889/1804
f 1746/1857/1773 1957/1858/1774 1958/1891/1806 1747/1890/1805
f 1957/1858/1774 2168/1859/1775 2169/1892/1807 1958/1891/1806
f 2168/1859/1775 2379/1860/1776 2380/1893/1808 2169/1892/1807
f 2379/1860/1776 2590/1861/1777 2591/1894/1809 2380/1893/1808
f 2590/1861/1777 2801/1862/1778 2802/1895/1810 2591/1894/1809
f 2801/1862/1778 3012/1863/1779 3013/1896/1811 2802/1895/1810
f 3012/1863/1779 3223/1864/1780 3224/1897/1812 3013/1896/1811
f 3223/1864/1780 3434/1865/1781 3435/1898/1813 3224/1897/1812
f 3434/1865/1781 3645/1866/1782 3646/1899/1814 3435/1898/1813
f 3645/1866/1782 3856/1867/1783 3857/1900/1815 3646/1899/1814
f 3856/1867/1783 4067/1868/1784 4068/1901/1816 3857/1900/1815
f 4067/1868/1784 4278/1869/1785 4279/1902/1817 4068/1901/1816
f 4278/1869/1785 4489/1870/1786 4490/1903/1818 4279/1902/1817
f 4489/1870/1786 4700/1871/1787 4701/1904/1819 4490/1903/1818
f 4700/1871/1787 4911/1872/1788 4912/1905/1820 4701/1904/1819
f 4911/1872/1788 5122/1873/1789 5123/1906/1821 4912/1905/1820
f 5122/1873/1789 5333/1874/1790 5334/1907/1822 5123/1906/1821
f 5333/1874/1790 5544/1875/1791 5545/1908/1823 5334/1907/1822
f 5544/1875/1791 5755/1876/1792 5756/1909/1824 5545/1908/1823
f 5755/1876/1792 5966/1877/1793 5967/1910/1825 5756/1909/1824
f 5966/1877/1793 6177/1878/1794 6178/1911/1826 5967/1910/1825
f 6177/1878/1794 6388/1879/1795 6389/1912/1827 6178/1911/1826
f 6388/1879/1795 6599/1880/1796 6600/1913/1828 6389/1912/1827
f 6599/1880/1796 57/1881/1766 58/1914/1798 6600/1913/1828
f 58/1883/1798 270/1882/1797 271/1915/1829 59/1916/1830
f 270/1882/1797 481/1884/1799 482/1917/1831 271/1915/1829
f 481/1884/1799 692/1885/1800 693/1918/1832 482/1917/1831
f 692/1885/1800 903/1886/1801 904/1919/1833 693/1918/1832
f 903/1886/1801 1114/1887/1802 1115/1920/1834 904/1919/1833
f 1114/1887/1802 1325/1888/1803 1326/1921/1835 1115/1920/1834
f 1325/1888/1803 1536/1889/1804 1537/1922/1836 1326/1921/1835
f 1536/1889/1804 1747/1890/1805 1748/1923/1837 1537/1922/1836
f 1747/1890/1805 1958/1891/1806 1959/1924/1838 1748/1923/1837
f 1958/1891/1806 2169/1892/1807 2170/1925/1839 1959/1924/1838
f 2169/1892/1807 2380/1893/1808 2381/1926/1840 2170/1925/1839
f 2380/1893/1808 2591/1894/1809 2592/1927/1841 2381/1926/1840
f 2591/1894/1809 2802/1895/1810 2803/1928/1842 2592/1927/1841
f 2802/1895/1810 3013/1896/1811 3014/1929/1843 2803/1928/1842
f 3013/1896/1811 3224/1897/1812 3225/1930/1844 3014/1929/1843
f 3224/1897/1812 3435/1898/1813 3436/1931/1845 3225/1930/1844
f 3435/1898/1813 3646/1899/1814 3647/1932/1846 3436/1931/1845
f 3646/1899/1814 3857/1900/1815 3858/1933/1847 3647/1932/1846
f 3857/1900/1815 4068/1901/1816 4069/1934/1848 3858/1933/1847
f 4068/1901/1816 4279/1902/1817 4280/1935/1849 4069/1934/1848
f 4279/1902/1817 4490/1903/1818 4491/1936/1850 4280/1935/1849
f 4490/1903/1818 4701/1904/1819 4702/1937/1851 4491/1936/1850
f 4701/1904/1819 4912/1905/1820 4913/1938/1852 4702/1937/1851
f 4912/1905/1820 5123/1906/1821 5124/1939/1853 4913/1938/1852
f 5123/1906/1821 5334/1907/1822 5335/1940/1854 5124/1939/1853
f 5334/1907/1822 5545/1908/1823 5546/1941/1855 5335/1940/1854
f 5545/1908/1823 5756/1909/1824 5757/1942/1856 5546/1941/1855
f 5756/1909/1824 5967/1910/1825 5968/1943/1857 5757/1942/1856
f 5967/1910/1825 6178/1911/1826 6179/1944/1858 5968/1943/1857
f 6178/1911/1826 6389/1912/1827 6390/1945/1859 6179/1944/1858
f 6389/1912/1827 6600/1913/1828 6601/1946/1860 6390/1945/1859
f 6600/1913/1828 58/1914/1798 59/1947/1830 6601/1946/1860
f 59/1916/1830 271/1915/1829 272/1948/1861 60/1949/1862
f 271/1915/1829 482/1917/1831 483/1950/1863 272/1948/1861
f 482/1917/1831 693/1918/1832 694/1951/1864 483/1950/1863
f 693/1918/1832 904/1919/1833 905/1952/1865 694/1951/1864
f 904/1919/1833 1115/1920/1834 1116/1953/1866 905/1952/1865
f 1115/1920/1834 1326/1921/1835 1327/1954/1867 1116/1953/1866
f 1326/1921/1835 1537/1922/1836 1538/1955/1868 1327/1954/1867
f 1537/1922/1836 1748/1923/1837 1749/1956/1869 1538/1955/1868
f 1748/1923/1837 1959/1924/1838 1960/1957/1870 1749/1956/1869
f 1959/1924/1838 2170/1925/1839 2171/1958/1871 1960/1957/1870
f 2170/1925/1839 2381/1926/1840 2382/1959/1872 2171/1958/1871
f 2381/1926/1840 2592/1927/1841 2593/1960/1873 2382/1959/1872
f 2592/1927/1841 2803/1928/1842 2804/1961/1874 2593/1960/1873
f 2803/1928/1842 3014/1929/1843 3015/1962/1875 2804/1961/1874
f 3014/1929/1843 3225/1930/1844 3226/1963/1876 3015/1962/1875
f 3225/1930/1844 3436/1931/1845 3437/1964/1877 3226/1963/1876
f 3436/1931/1845 3647/1932/1846 3648/1965/1878 3437/1964/1877
f 3647/1932/1846 3858/1933/1847 3859/1966/1879 3648/1965/1878
f 3858/1933/1847 4069/1934/1848 4070/1967/1880 3859/1966/1879
f 4069/1934/1848 4280/1935/1849 4281/1968/1881 4070/1967/1880
f 4280/1935/1849 4491/1936/1850 4492/1969/1882 4281/1968/1881
f 4491/1936/1850 4702/1937/1851 4703/1970/1883 4492/1969/1882
f 4702/1937/1851 4913/1938/1852 4914/1971/1884 4703/1970/1883
f 4913/1938/1852 5124/1939/1853 5125/1972/1885 4914/1971/1884
f 5124/1939/1853 5335/1940/1854 5336/1973/1886 5125/1972/1885
f 5335/1940/1854 5546/1941/1855 5547/1974/1887 5336/1973/1886
f 5546/1941/1855 5757/1942/1856 5758/1975/1888 5547/1974/1887
f 5757/1942/1856 5968/1943/1857 5969/1976/1889 5758/1975/1888
f 5968/1943/1857 6179/1944/1858 6180/1977/1890 5969/1976/1889
f 6179/1944/1858 6390/1945/1859 6391/1978/1891 6180/1977/1890
f 6390/1945/1859 6601/1946/1860 6602/1979/1892 6391/1978/1891
f 6601/1946/1860 59/1947/1830 60/1980/1862 6602/1979/1892
f 60/1949/1862 272/1948/1861 273/1981/1893 61/1982/1894
f 272/1948/1861 483/1950/1863 484/1983/1895 273/1981/1893
f 483/1950/1863 694/1951/1864 695/1984/1896 484/1983/1895
f 694/1951/1864 905/1952/1865 906/1985/1897 695/1984/1896
f 905/1952/1865 1116/1953/1866 1117/1986/1898 906/1985/1897
f 1116/1953/1866 1327/1954/1867 1328/1987/1899 1117/1986/1898
f 1327/1954/1867 1538/1955/1868 1539/1988/1900 1328/1987/1899
f 1538/1955/1868 1749/1956/1869 1750/1989/1901 1539/1988/1900
f 1749/1956/1869 1960/1957/1870 1961/1990/1902 1750/1989/1901
f 1960/1957/1870 2171/1958/1871 2172/1991/1903 1961/1990/1902
f 2171/1958/1871 2382/1959/1872 2383/1992/1904 2172/1991/1903
f 2382/1959/1872 2593/1960/1873 2594/1993/1905 2383/1992/1904
f 2593/1960/1873 2804/1961/1874 2805/1994/1906 2594/1993/1905
f 2804/1961/1874 3015/1962/1875 3016/1995/1907 2805/1994/1906
f 3015/1962/1875 3226/1963/1876 3227/1996/1908 3016/1995/1907
f 3226/1963/1876 3437/1964/1877 3438/1997/1909 3227/1996/1908
f 3437/1964/1877 3648/1965/1878 3649/1998/1910 3438/1997/1909
f 3648/1965/1878 3859/1966/1879 3860/1999/1911 3649/1998/1910
f 3859/1966/1879 4070/1967/1880 4071/2000/1912 3860/1999/1911
f 4070/1967/1880 4281/1968/1881 4282/2001/1913 4071/2000/1912
f 4281/1968/1881 4492/1969/1882 4493/2002/1914 4282/2001/1913
f 4492/1969/1882 4703/1970/1883 4704/2003/1915 4493/2002/1914
f 4703/1970/1883 4914/1971/1884 4915/2004/1916 4704/2003/1915
f 4914/1971/1884 5125/1972/1885 5126/2005/1917 4915/2004/1916
f 5125/1972/1885 5336/1973/1886 5337/2006/1918 5126/2005/1917
f 5336/1973/1886 5547/1974/1887 5548/2007/1919 5337/2006/1918
f 5547/1974/1887 5758/1975/1888 5759/2008/1920 5548/2007/1919
f 5758/1975/1888 5969/1976/1889 5970/2009/1921 5759/2008/1920
f 5969/1976/1889 6180/1977/1890 6181/2010/1922 5970/2009/1921
f 6180/1977/1890 6391/1978/1891 6392/2011/1923 6181/2010/1922
f 6391/1978/1891 6602/1979/1892 6603/2012/1924 6392/2011/1923
f 6602/1979/1892 60/1980/1862 61/2013/1894 6603/2012/1924
f 61/1982/1894 273/1981/1893 274/2014/1925 62/2015/1926
f 273/1981/1893 484/1983/1895 485/2016/1927 274/2014/1925
f 484/1983/1895 695/1984/1896 696/2017/1928 485/2016/1927
f 695/1984/1896 906/1985/1897 907/2018/1929 696/2017/1928
f 906/1985/1897 1117/1986/1898 1118/2019/1930 907/2018/1929
f 1117/1986/1898 1328/1987/1899 1329/2020/1931 1118/2019/1930
f 1328/1987/1899 1539/1988/1900 1540/2021/1932 1329/2020/1931
f 1539/1988/1900 1750/1989/1901 1751/2022/1933 1540/2021/1932
f 1750/1989/1901 1961/1990/1902 1962/2023/1934 1751/2022/1933
f 1961/1990/1902 2172/1991/1903 2173/2024/1935 1962/2023/1934
f 2172/1991/1903 2383/1992/1904 2384/2025/1936 2173/2024/1935
f 2383/1992/1904 2594/1993/1905 2595/2026/1937 2384/2025/1936
f 2594/1993/1905 2805/1994/1906 2806/2027/1938 2595/2026/1937
f 2805/1994/1906 3016/1995/1907 3017/2028/1939 2806/2027/1938
f 3016/1995/1907 3227/1996/1908 3228/2029/1940 3017/2028/1939
f 3227/1996/1908 3438/1997/1909 3439/2030/1941 3228/2029/1940
f 3438/1997/1909 3649/1998/1910 3650/2031/1942 3439/2030/1941
f 3649/1998/1910 3860/1999/1911 3861/2032/1943 3650/2031/1942
f 3860/1999/1911 4071/2000/1912 4072/2033/1944 3861/2032/1943
f 4071/2000/1912 4282/2001/1913 4283/2034/1945 4072/2033/1944
f 4282/2001/1913 4493/2002/1914 4494/2035/1946 4283/2034/1945
f 4493/2002/1914 4704/2003/1915 4705/2036/1947 4494/2035/1946
f 4704/2003/1915 4915/2004/1916 4916/2037/1948 4705/2036/1947
f 4915/2004/1916 5126/2005/1917 5127/2038/1949 4916/2037/1948
f 5126/2005/1917 5337/2006/1918 5338/2039/1950 5127/2038/1949
f 5337/2006/1918 5548/2007/1919 5549/2040/1951 5338/2039/1950
f 5548/2007/1919 5759/2008/1920 5760/2041/1952 5549/2040/1951
f 5759/2008/1920 5970/2009/1921 5971/2042/1953 5760/2041/1952
f 5970/2009/1921 6181/2010/1922 6182/2043/1954 5971/2042/1953
f 6181/2010/1922 6392/2011/1923 6393/2044/1955 6182/2043/1954
f 6392/2011/1923 6603/2012/1924 6604/2045/1956 6393/2044/1955
f 6603/2012/1924 61/2013/1894 62/2046/1926 6604/2045/1956
f 62/2015/1926 274/2014/1925 275/2047/1957 63/2048/1958
f 274/2014/1925 485/2016/1927 486/2049/1959 275/2047/1957
f 485/2016/1927 696/2017/1928 697/2050/1960 486/2049/1959
f 696/2017/1928 907/2018/1929 908/2051/1961 697/2050/1960
f 907/2018/1929 1118/2019/1930 1119/2052/1962 908/2051/1961
f 1118/2019/1930 1329/2020/1931 1330/2053/1963 1119/2052/1962
f 1329/2020/1931 1540/2021/1932 1541/2054/1964 1330/2053/1963
f 1540/2021/1932 1751/2022/1933 1752/2055/1965 1541/2054/1964
f 1751/2022/1933 1962/2023/1934 1963/2056/1966 1752/2055/1965
f 1962/2023/1934 2173/2024/1935 2174/2057/1967 1963/2056/1966
f 2173/2024/1935 2384/2025/1936 2385/2058/1968 2174/2057/1967
f 2384/2025/1936 2595/2026/1937 2596/2059/1969 2385/2058/1968
f 2595/2026/1937 2806/2027/1938 2807/2060/1970 2596/2059/1969
f 2806/2027/1938 3017/2028/1939 3018/2061/1971 2807/2060/1970
f 3017/2028/1939 3228/2029/1940 3229/2062/1972 3018/2061/1971
f 3228/2029/1940 3439/2030/1941 3440/2063/1973 3229/2062/1972
f 3439/2030/1941 3650/2031/1942 3651/2064/1974 3440/2063/1973
f 3650/2031/1942 3861/2032/1943 3862/2065/1975 3651/2064/1974
f 3861/2032/1943 4072/2033/1944 4073/2066/1976 3862/2065/1975
f 4072/2033/1944 4283/2034/1945 4284/2067/1977 4073/2066/1976
f 4283/2034/1945 4494/2035/1946 4495/2068/1978 4284/2067/1977
f 4494/2035/1946 4705/2036/1947 4706/2069/1979 4495/2068/1978
f 4705/2036/1947 4916/2037/1948 4917/2070/1980 4706/2069/1979
f 4916/2037/1948 5127/2038/1949 5128/2071/1981 4917/2070/1980
f 5127/2038/1949 5338/2039/1950 5339/2072/1982 5128/2071/1981
f 5338/2039/1950 5549/2040/1951 5550/2073/1983 5339/2072/1982
f 5549/2040/1951 5760/2041/1952 5761/2074/1984 5550/2073/1983
f 5760/2041/1952 5971/2042/1953 5972/2075/1985 5761/2074/1984
f 5971/2042/1953 6182/2043/1954 6183/2076/1986 5972/2075/1985
f 6182/2043/1954 6393/2044/1955 6394/2077/1987 6183/2076/1986
f 6393/2044/1955 6604/2045/1956 6605/2078/1988 6394/2077/1987
f 6604/2045/1956 62/2046/1926 63/2079/1958 6605/2078/1988
f 63/2048/1958 275/2047/1957 276/2080/1989 64/2081/1990
f 275/2047/1957 486/2049/1959 487/2082/1991 276/2080/1989
f 486/2049/1959 697/2050/1960 698/2083/1992 487/2082/1991
f 697/2050/1960 908/2051/1961 909/2084/1993 698/2083/1992
f 908/2051/1961 1119/2052/1962 1120/2085/1994 909/2084/1993
f 1119/2052/1962 1330/2053/1963 1331/2086/1995 1120/2085/1994
f 1330/2053/1963 1541/2054/1964 1542/2087/1996 1331/2086/1995
f 1541/2054/1964 1752/2055/1965 1753/2088/1997 1542/2087/1996
f 1752/2055/1965 1963/2056/1966 1964/2089/1998 1753/2088/1997
f 1963/2056/1966 2174/2057/1967 2175/2090/1999 1964/2089/1998
f 2174/2057/1967 2385/2058/1968 2386/2091/2000 2175/2090/1999
f 2385/2058/1968 2596/2059/1969 2597/2092/2001 2386/2091/2000
f 2596/2059/1969 2807/2060/1970 2808/2093/2002 2597/2092/2001
f 2807/2060/1970 3018/2061/1971 3019/2094/2003 2808/2093/2002
f 3018/2061/1971 3229/2062/1972 3230/2095/2004 3019/2094/2003
f 3229/2062/1972 3440/2063/1973 3441/2096/2005 3230/2095/2004
f 3440/2063/1973 3651/2064/1974 3652/2097/2006 3441/2096/2005
f 3651/2064/1974 3862/2065/1975 3863/2098/2007 3652/2097/2006
f 3862/2065/1975 4073/2066/1976 4074/2099/2008 3863/2098/2007
f 4073/2066/1976 4284/2067/1977 4285/2100/2009 4074/2099/2008
f 4284/2067/1977 4495/2068/1978 4496/2101/2010 4285/2100/2009
f 4495/2068/1978 4706/2069/1979 4707/2102/2011 4496/2101/2010
f 4706/2069/1979 4917/2070/1980 4918/2103/2012 4707/2102/2011
f 4917/2070/1980 5128/2071/1981 5129/2104/2013 4918/2103/2012
f 5128/2071/1981 5339/2072/1982 5340/2105/2014 5129/2104/2013
f 5339/2072/1982 5550/2073/1983 5551/2106/2015 5340/2105/2014
f 5550/2073/1983 5761/2074/1984 5762/2107/2016 5551/2106/2015
f 5761/2074/1984 5972/2075/1985 5973/2108/2017 5762/2107/2016
f 5972/2075/1985 6183/2076/1986 6184/2109/2018 5973/2108/2017
f 6183/2076/1986 6394/2077/1987 6395/2110/2019 6184/2109/2018
f 6394/2077/1987 6605/2078/1988 6606/2111/2020 6395/2110/2019
f 6605/2078/1988 63/2079/1958 64/2112/1990 6606/2111/2020
f 64/2081/1990 276/2080/1989 277/2113/2021 65/2114/2022
f 276/2080/1989 487/2082/1991 488/2115/2023 277/2113/2021
f 487/2082/1991 698/2083/1992 699/2116/2024 488/2115/2023
f 698/2083/1992 909/2084/1993 910/2117/2025 699/2116/2024
f 909/2084/1993 1120/2085/1994 1121/2118/2026 910/2117/2025
f 1120/2085/1994 1331/2086/1995 1332/2119/2027 1121/2118/2026
f 1331/2086/1995 1542/2087/1996 1543/2120/2028 1332/2119/2027
f 1542/2087/1996 1753/2088/1997 1754/2121/2029 1543/2120/2028
f 1753/2088/1997 1964/2089/1998 1965/2122/2030 1754/2121/2029
f 1964/2089/1998 2175/2090/1999 2176/2123/2031 1965/2122/2030
f 2175/2090/1999 2386/2091/2000 2387/2124/2032 2176/2123/2031
f 2386/2091/2000 2597/2092/2001 2598/2125/2033 2387/2124/2032
f 2597/2092/2001 2808/2093/2002 2809/2126/2034 2598/2125/2033
f 2808/2093/2002 3019/2094/2003 3020/2127/2035 2809/2126/2034
f 3019/2094/2003 3230/2095/2004 3231/2128/2036 3020/2127/2035
f 3230/2095/2004 3441/2096/2005 3442/2129/2037 3231/2128/2036
f 3441/2096/2005 3652/2097/2006 3653/2130/2038 3442/2129/2037
f 3652/2097/2006 3863/2098/2007 3864/2131/2039 3653/2130/2038
f 3863/2098/2007 4074/2099/2008 4075/2132/2040 3864/2131/2039
f 4074/2099/2008 4285/2100/2009 4286/2133/2041 4075/2132/2040
f 4285/2100/2009 4496/2101/2010 4497/2134/2042 4286/2133/2041
f 4496/2101/2010 4707/2102/2011 4708/2135/2043 4497/2134/2042
f 4707/2102/2011 4918/2103/2012 4919/2136/2044 4708/2135/2043
f 4918/2103/2012 5129/2104/2013 5130/2137/2045 4919/2136/2044
f 5129/2104/2013 5340/2105/2014 5341/2138/2046 5130/2137/2045
f 5340/2105/2014 5551/2106/2015 5552/2139/2047 5341/2138/2046
f 5551/2106/2015 5762/2107/2016 5763/2140/2048 5552/2139/2047
f 5762/2107/2016 5973/2108/2017 5974/2141/2049 5763/2140/2048
f 5973/2108/2017 6184/2109/2018 6185/2142/2050 5974/2141/2049
f 6184/2109/2018 6395/2110/2019 6396/2143/2051 6185/2142/2050
f 6395/2110/2019 6606/2111/2020 6607/2144/2052 6396/2143/2051
f 6606/2111/2020 64/2112/1990 65/2145/2022 6607/2144/2052
f 65/2114/2022 277/2113/2021 278/2146/2053 66/2147/2054
f 277/2113/2021 488/2115/2023 489/2148/2055 278/2146/2053
f 488/2115/2023 699/2116/2024 700/2149/2056 489/2148/2055
f 699/2116/2024 910/2117/2025 911/2150/2057 700/2149/2056
f 910/2117/2025 1121/2118/2026 1122/2151/2058 911/2150/2057
f 1121/2118/2026 1332/2119/2027 1333/2152/2059 1122/2151/2058
f 1332/2119/2027 1543/2120/2028 1544/2153/2060 1333/2152/2059
f 1543/2120/2028 1754/2121/2029 1755/2154/2061 1544/2153/2060
f 1754/2121/2029 1965/2122/2030 1966/2155/2062 1755/2154/2061
f 1965/2122/2030 2176/2123/2031 2177/2156/2063 1966/2155/2062
f 2176/2123/2031 2387/2124/2032 2388/2157/2064 2177/2156/2063
f 2387/2124/2032 2598/2125/2033 2599/2158/2065 2388/2157/2064
f 2598/2125/2033 2809/2126/2034 2810/2159/2066 2599/2158/2065
f 2809/2126/2034 3020/2127/2035 3021/2160/2067 2810/2159/2066
f 3020/2127/2035 3231/2128/2036 3232/2161/2068 3021/2160/2067
f 3231/2128/2036 3442/2129/2037 3443/2162/2069 3232/2161/2068
f 3442/2129/2037 3653/2130/2038 3654/2163/2070 3443/2162/2069
f 3653/2130/2038 3864/2131/2039 3865/2164/2071 3654/2163/2070
f 3864/2131/2039 4075/2132/2040 4076/2165/2072 3865/2164/2071
f 4075/2132/2040 4286/2133/2041 4287/2166/2073 4076/2165/2072
f 4286/2133/2041 4497/2134/2042 4498/2167/2074 4287/2166/2073
f 4497/2134/2042 4708/2135/2043 4709/2168/2075 4498/2167/2074
f 4708/2135/2043 4919/2136/2044 4920/2169/2076 4709/2168/2075
f 4919/2136/2044 5130/2137/2045 5131/2170/2077 4920/2169/2076
f 5130/2137/2045 5341/2138/2046 5342/2171/2078 5131/2170/2077
f 5341/2138/2046 5552/2139/2047 5553/2172/2079 5342/2171/2078
f 5552/2139/2047 5763/2140/2048 5764/2173/2080 5553/2172/2079
f 5763/2140/2048 5974/2141/2049 5975/2174/2081 5764/2173/2080
f 5974/2141/2049 6185/2142/2050 6186/2175/2082 5975/2174/2081
f 6185/2142/2050 6396/2143/2051 6397/2176/2083 6186/2175/2082
f 6396/2143/2051 6607/2144/2052 6608/2177/2084 6397/2176/2083
f 6607/2144/2052 65/2145/2022 66/2178/2054 6608/2177/2084
f 66/2147/2054 278/2146/2053 279/2179/2085 67/2180/2086
f 278/2146/2053 489/2148/2055 490/2181/2087 279/2179/2085
f 489/2148/2055 700/2149/2056 701/2182/2088 490/2181/2087
f 700/2149/2056 911/2150/2057 912/2183/2089 701/2182/2088
f 911/2150/2057 1122/2151/2058 1123/2184/2090 912/2183/2089
f 1122/2151/2058 1333/2152/2059 1334/2185/2091 1123/2184/2090
f 1333/2152/2059 1544/2153/2060 1545/2186/2092 1334/2185/2091
f 1544/2153/2060 1755/2154/2061 1756/2187/2093 1545/2186/2092
f 1755/2154/2061 1966/2155/2062 1967/2188/2094 1756/2187/2093
f 1966/2155/2062 2177/2156/2063 2178/2189/2095 1967/2188/2094
f 2177/2156/2063 2388/2157/2064 2389/2190/2096 2178/2189/2095
f 2388/2157/2064 2599/2158/2065 2600/2191/2097 2389/2190/2096
f 2599/2158/2065 2810/2159/2066 2811/2192/2098 2600/2191/2097
f 2810/2159/2066 3021/2160/2067 3022/2193/2099 2811/2192/2098
f 3021/2160/2067 3232/2161/2068 3233/2194/2100 3022/2193/2099
f 3232/2161/2068 3443/2162/2069 3444/2195/2101 3233/2194/2100
f 3443/2162/2069 3654/2163/2070 3655/2196/2102 3444/2195/2101
f 3654/2163/2070 3865/2164/2071 3866/2197/2103 3655/2196/2102
f 3865/2164/2071 4076/2165/2072 4077/2198/2104 3866/2197/2103
f 4076/2165/2072 4287/2166/2073 4288/2199/2105 4077/2198/2104
f 4287/2166/2073 4498/2167/2074 4499/2200/2106 4288/2199/2105
f 4498/2167/2074 4709/2168/2075 4710/2201/2107 4499/2200/2106
f 4709/2168/2075 4920/2169/2076 4921/2202/2108 4710/2201/2107
f 4920/2169/2076 5131/2170/2077 5132/2203/2109 4921/2202/2108
f 5131/2170/2077 5342/2171/2078 5343/2204/2110 5132/2203/2109
f 5342/2171/2078 5553/2172/2079 5554/2205/2111 5343/2204/2110
f 5553/2172/2079 5764/2173/2080 5765/2206/2112 5554/2205/2111
f 5764/2173/2080 5975/2174/2081 5976/2207/2113 5765/2206/2112
f 5975/2174/2081 6186/2175/2082 6187/2208/2114 5976/2207/2113
f 6186/2175/2082 6397/2176/2083 6398/2209/2115 6187/2208/2114
f 6397/2176/2083 6608/2177/2084 6609/2210/2116 6398/2209/2115
f 6608/2177/2084 66/2178/2054 67/2211/2086 6609/2210/2116
f 67/2180/2086 279/2179/2085 280/2212/2117 68/2213/2118
f 279/2179/2085 490/2181/2087 491/2214/2119 280/2212/2117
f 490/2181/2087 701/2182/2088 702/2215/2120 491/2214/2119
f 701/2182/2088 912/2183/2089 913/2216/2121 702/2215/2120
f 912/2183/2089 1123/2184/2090 1124/2217/2122 913/2216/2121
f 1123/2184/2090 1334/2185/2091 1335/2218/2123 1124/2217/2122
f 1334/2185/2091 1545/2186/2092 1546/2219/2124 1335/2218/2123
f 1545/2186/2092 1756/2187/2093 1757/2220/2125 1546/2219/2124
f 1756/2187/2093 1967/2188/2094 1968/2221/2126 1757/2220/2125
f 1967/2188/2094 2178/2189/2095 2179/2222/2127 1968/2221/2126
f 2178/2189/2095 2389/2190/2096 2390/2223/2128 2179/2222/2127
f 2389/2190/2096 2600/2191/2097 2601/2224/2129 2390/2223/2128
f 2600/2191/2097 2811/2192/2098 2812/2225/2130 2601/2224/2129
f 2811/2192/2098 3022/2193/2099 3023/2226/2131 2812/2225/2130
f 3022/2193/2099 3233/2194/2100 3234/2227/2132 3023/2226/2131
f 3233/2194/2100 3444/2195/2101 3445/2228/2133 3234/2227/2132
f 3444/2195/2101 3655/2196/2102 3656/2229/2134 3445/2228/2133
f 3655/2196/2102 3866/2197/2103 3867/2230/2135 3656/2229/2134
f 3866/2197/2103 4077/2198/2104 4078/2231/2136 3867/2230/2135
f 4077/2198/2104 4288/2199/2105 4289/2232/2137 4078/2231/2136
f 4288/2199/2105 4499/2200/2106 4500/2233/2138 4289/2232/2137
f 4499/2200/2106 4710/2201/2107 4711/2234/2139 4500/2233/2138
f 4710/2201/2107 4921/2202/2108 4922/2235/2140 4711/2234/2139
f 4921/2202/2108 5132/2203/2109 5133/2236/2141 4922/2235/2140
f 5132/2203/2109 5343/2204/2110 5344/2237/2142 5133/2236/2141
f 5343/2204/2110 5554/2205/2111 5555/2238/2143 5344/2237/2142
f 5554/2205/2111 5765/2206/2112 5766/2239/2144 5555/2238/2143
f 5765/2206/2112 5976/2207/2113 5977/2240/2145 5766/2239/2144
f 5976/2207/2113 6187/2208/2114 6188/2241/2146 5977/2240/2145
f 6187/2208/2114 6398/2209/2115 6399/2242/2147 6188/2241/2146
f 6398/2209/2115 6609/2210/2116 6610/2243/2148 6399/2242/2147
f 6609/2210/2116 67/2211/2086 68/2244/2118 6610/2243/2148
f 68/2213/2118 280/2212/2117 281/2245/2149 69/2246/2150
f 280/2212/2117 491/2214/2119 492/2247/2151 281/2245/2149
f 491/2214/2119 702/2215/2120 703/2248/2152 492/2247/2151
f 702/2215/2120 913/2216/2121 914/2249/2153 703/2248/2152
f 913/2216/2121 1124/2217/2122 1125/2250/2154 914/2249/2153
f 1124/2217/2122 1335/2218/2123 1336/2251/2155 1125/2250/2154
f 1335/2218/2123 1546/2219/2124 1547/2252/2156 1336/2251/2155
f 1546/2219/2124 1757/2220/2125 1758/2253/2157 1547/2252/2156
f 1757/2220/2125 1968/2221/2126 1969/2254/2158 1758/2253/2157
f 1968/2221/2126 2179/2222/2127 2180/2255/2159 1969/2254/2158
f 2179/2222/2127 2390/2223/2128 2391/2256/2160 2180/2255/2159
f 2390/2223/2128 2601/2224/2129 2602/2257/2161 2391/2256/2160
f 2601/2224/2129 2812/2225/2130 2813/2258/2162 2602/2257/2161
f 2812/2225/2130 3023/2226/2131 3024/2259/2163 2813/2258/2162
f 3023/2226/2131 3234/2227/2132 3235/2260/2164 3024/2259/2163
f 3234/2227/2132 3445/2228/2133 3446/2261/2165 3235/2260/2164
f 3445/2228/2133 3656/2229/2134 3657/2262/2166 3446/2261/2165
f 3656/2229/2134 3867/2230/2135 3868/2263/2167 3657/2262/2166
f 3867/2230/2135 4078/2231/2136 4079/2264/2168 3868/2263/2167
f 4078/2231/2136 4289/2232/2137 4290/2265/2169 4079/2264/2168
f 4289/2232/2137 4500/2233/2138 4501/2266/2170 4290/2265/2169
f 4500/2233/2138 4711/2234/2139 4712/2267/2171 4501/2266/2170
f 4711/2234/2139 4922/2235/2140 4923/2268/2172 4712/2267/2171
f 4922/2235/2140 5133/2236/2141 5134/2269/2173 4923/2268/2172
f 5133/2236/2141 5344/2237/2142 5345/2270/2174 5134/2269/2173
f 5344/2237/2142 5555/2238/2143 5556/2271/2175 5345/2270/2174
f 5555/2238/2143 5766/2239/2144 5767/2272/2176 5556/2271/2175
f 5766/2239/2144 5977/2240/2145 5978/2273/2177 5767/2272/2176
f 5977/2240/2145 6188/2241/2146 6189/2274/2178 5978/2273/2177
f 6188/2241/2146 6399/2242/2147 6400/2275/2179 6189/2274/2178
f 6399/2242/2147 6610/2243/2148 6611/2276/2180 6400/2275/2179
f 6610/2243/2148 68/2244/2118 69/2277/2150 6611/2276/2180
f 69/2246/2150 281/2245/2149 282/2278/2181 70/2279/2182
f 281/2245/2149 492/2247/2151 493/2280/2183 282/2278/2181
f 492/2247/2151 703/2248/2152 704/2281/2184 493/2280/2183
f 703/2248/2152 914/2249/2153 915/2282/2185 704/2281/2184
f 914/2249/2153 1125/2250/2154 1126/2283/2186 915/2282/2185
f 1125/2250/2154 1336/2251/2155 1337/2284/2187 1126/2283/2186
f 1336/2251/2155 1547/2252/2156 1548/2285/2188 1337/2284/2187
f 1547/2252/2156 1758/2253/2157 1759/2286/2189 1548/2285/2188
f 1758/2253/2157 1969/2254/2158 1970/2287/2190 1759/2286/2189
f 1969/2254/2158 2180/2255/2159 2181/2288/2191 1970/2287/2190
f 2180/2255/2159 2391/2256/2160 2392/2289/2192 2181/2288/2191
f 2391/2256/2160 2602/2257/2161 2603/2290/2193 2392/2289/2192
f 2602/2257/2161 2813/2258/2162 2814/2291/2194 2603/2290/2193
f 2813/2258/2162 3024/2259/2163 3025/2292/2195 2814/2291/2194
f 3024/2259/2163 3235/2260/2164 3236/2293/2196 3025/2292/2195
f 3235/2260/2164 3446/2261/2165 3447/2294/2197 3236/2293/2196
f 3446/2261/2165 3657/2262/2166 3658/2295/2198 3447/2294/2197
f 3657/2262/2166 3868/2263/2167 3869/2296/2199 3658/2295/2198
f 3868/2263/2167 4079/2264/2168 4080/2297/2200 3869/2296/2199
f 4079/2264/2168 4290/2265/2169 4291/2298/2201 4080/2297/2200
f 4290/2265/2169 4501/2266/2170 4502/2299/2202 4291/2298/2201
f 4501/2266/2170 4712/2267/2171 4713/2300/2203 4502/2299/2202
f 4712/2267/2171 4923/2268/2172 4924/2301/2204 4713/2300/2203
f 4923/2268/2172 5134/2269/2173 5135/2302/2205 4924/2301/2204
f 5134/2269/2173 5345/2270/2174 5346/2303/2206 5135/2302/2205
f 5345/2270/2174 5556/2271/2175 5557/2304/2207 5346/2303/2206
f 5556/2271/2175 5767/2272/2176 5768/2305/2208 5557/2304/2207
f 5767/2272/2176 5978/2273/2177 5979/2306/2209 5768/2305/2208
f 5978/2273/2177 6189/2274/2178 6190/2307/2210 5979/2306/2209
f 6189/2274/2178 6400/2275/2179 6401/2308/2211 6190/2307/2210
f 6400/2275/2179 6611/2276/2180 6612/2309/2212 6401/2308/2211
f 6611/2276/2180 69/2277/2150 70/2310/2182 6612/2309/2212
f 70/2279/2182 282/2278/2181 283/2311/2213 71/2312/2214
f 282/2278/2181 493/2280/2183 494/2313/2215 283/2311/2213
f 493/2280/2183 704/2281/2184 705/2314/2216 494/2313/2215
f 704/2281/2184 915/2282/2185 916/2315/2217 705/2314/2216
f 915/2282/2185 1126/2283/2186 1127/2316/2218 916/2315/2217
f 1126/2283/2186 1337/2284/2187 1338/2317/2219 1127/2316/2218
f 1337/2284/2187 1548/2285/2188 1549/2318/2220 1338/2317/2219
f 1548/2285/2188 1759/2286/2189 1760/2319/2221 1549/2318/2220
f 1759/2286/2189 1970/2287/2190 1971/2320/2222 1760/2319/2221
f 1970/2287/2190 2181/2288/2191 2182/2321/2223 1971/2320/2222
f 2181/2288/2191 2392/2289/2192 2393/2322/2224 2182/2321/2223
f 2392/2289/2192 2603/2290/2193 2604/2323/2225 2393/2322/2224
f 2603/2290/2193 2814/2291/2194 2815/2324/2226 2604/2323/2225
f 2814/2291/2194 3025/2292/2195 3026/2325/2227 2815/2324/2226
f 3025/2292/2195 3236/2293/2196 3237/2326/2228 3026/2325/2227
f 3236/2293/2196 3447/2294/2197 3448/2327/2229 3237/2326/2228
f 3447/2294/2197 3658/2295/2198 3659/2328/2230 3448/2327/2229
f 3658/2295/2198 3869/2296/2199 3870/2329/2231 3659/2328/2230
f 3869/2296/2199 4080/2297/2200 4081/2330/2232 3870/2329/2231
f 4080/2297/2200 4291/2298/2201 4292/2331/2233 4081/2330/2232
f 4291/2298/2201 4502/2299/2202 4503/2332/2234 4292/2331/2233
f 4502/2299/2202 4713/2300/2203 4714/2333/2235 4503/2332/2234
f 4713/2300/2203 4924/2301/2204 4925/2334/2236 4714/2333/2235
f 4924/2301/2204 5135/2302/2205 5136/2335/2237 4925/2334/2236
f 5135/2302/2205 5346/2303/2206 5347/2336/2238 5136/2335/2237
f 5346/2303/2206 5557/2304/2207 5558/2337/2239 5347/2336/2238
f 5557/2304/2207 5768/2305/2208 5769/2338/2240 5558/2337/2239
f 5768/2305/2208 5979/2306/2209 5980/2339/2241 5769/2338/2240
f 5979/2306/2209 6190/2307/2210 6191/2340/2242 5980/2339/2241
f 6190/2307/2210 6401/2308/2211 6402/2341/2243 6191/2340/2242
f 6401/2308/2211 6612/2309/2212 6613/2342/2244 6402/2341/2243
f 6612/2309/2212 70/2310/2182 71/2343/2214 6613/2342/2244
f 71/2312/2214 283/2311/2213 284/2344/2245 72/2345/2246
f 283/2311/2213 494/2313/2215 495/2346/2247 284/2344/2245
f 494/2313/2215 705/2314/2216 706/2347/2248 495/2346/2247
f 705/2314/2216 916/2315/2217 917/2348/2249 706/2347/2248
f 916/2315/2217 1127/2316/2218 1128/2349/2250 917/2348/2249
f 1127/2316/2218 1338/2317/2219 1339/2350/2251 1128/2349/2250
f 1338/2317/2219 1549/2318/2220 1550/2351/2252 1339/2350/2251
f 1549/2318/2220 1760/2319/2221 1761/2352/2253 1550/2351/2252
f 1760/2319/2221 1971/2320/2222 1972/2353/2254 1761/2352/2253
f 1971/2320/2222 2182/2321/2223 2183/2354/2255 1972/2353/2254
f 2182/2321/2223 2393/2322/2224 2394/2355/2256 2183/2354/2255
f 2393/2322/2224 2604/2323/2225 2605/2356/2257 2394/2355/2256
f 2604/2323/2225 2815/2324/2226 2816/2357/2258 2605/2356/2257
f 2815/2324/2226 3026/2325/2227 3027/2358/2259 2816/2357/2258
f 3026/2325/2227 3237/2326/2228 3238/2359/2260 3027/2358/2259
f 3237/2326/2228 3448/2327/2229 3449/2360/2261 3238/2359/2260
f 3448/2327/2229 3659/2328/2230 3660/2361/2262 3449/2360/2261
f 3659/2328/2230 3870/2329/2231 3871/2362/2263 3660/2361/2262
f 3870/2329/2231 4081/2330/2232 4082/2363/2264 3871/2362/2263
f 4081/2330/2232 4292/2331/2233 4293/2364/2265 4082/2363/2264
f 4292/2331/2233 4503/2332/2234 4504/2365/2266 4293/2364/2265
f 4503/2332/2234 4714/2333/2235 4715/2366/2267 4504/2365/2266
f 4714/2333/2235 4925/2334/2236 4926/2367/2268 4715/2366/2267
f 4925/2334/2236 5136/2335/2237 5137/2368/2269 4926/2367/2268
f 5136/2335/2237 5347/2336/2238 5348/2369/2270 5137/2368/2269
f 5347/2336/2238 5558/2337/2239 5559/2370/2271 5348/2369/2270
f 5558/2337/2239 5769/2338/2240 5770/2371/2272 5559/2370/2271
f 5769/2338/2240 5980/2339/2241 5981/2372/2273 5770/2371/2272
f 5980/2339/2241 6191/2340/2242 6192/2373/2274 5981/2372/2273
f 6191/2340/2242 6402/2341/2243 6403/2374/2275 6192/2373/2274
f 6402/2341/2243 6613/2342/2244 6614/2375/2276 6403/2374/2275
f 6613/2342/2244 71/2343/2214 72/2376/2246 6614/2375/2276
f 72/2345/2246 284/2344/2245 285/2377/2277 73/2378/2278
f 284/2344/2245 495/2346/2247 496/2379/2279 285/2377/2277
f 495/2346/2247 706/2347/2248 707/2380/2280 496/2379/2279
f 706/2347/2248 917/2348/2249 918/2381/2281 707/2380/2280
f 917/2348/2249 1128/2349/2250 1129/2382/2282 918/2381/2281
f 1128/2349/2250 1339/2350/2251 1340/2383/2283 1129/2382/2282
f 1339/2350/2251 1550/2351/2252 1551/2384/2284 1340/2383/2283
f 1550/2351/2252 1761/2352/2253 1762/2385/2285 1551/2384/2284
f 1761/2352/2253 1972/2353/2254 1973/2386/2286 1762/2385/2285
f 1972/2353/2254 2183/2354/2255 2184/2387/2287 1973/2386/2286
f 2183/2354/2255 2394/2355/2256 2395/2388/2288 2184/2387/2287
f 2394/2355/2256 2605/2356/2257 2606/2389/2289 2395/2388/2288
f 2605/2356/2257 2816/2357/2258 2817/2390/2290 2606/2389/2289
f 2816/2357/2258 3027/2358/2259 3028/2391/2291 2817/2390/2290
f 3027/2358/2259 3238/2359/2260 3239/2392/2292 3028/2391/2291
f 3238/2359/2260 3449/2360/2261 3450/2393/2293 3239/2392/2292
f 3449/2360/2261 3660/2361/2262 3661/2394/2294 3450/2393/2293
f 3660/2361/2262 3871/2362/2263 3872/2395/2295 3661/2394/2294
f 3871/2362/2263 4082/2363/2264 4083/2396/2296 3872/2395/2295
f 4082/2363/2264 4293/2364/2265 4294/2397/2297 4083/2396/2296
f 4293/2364/2265 4504/2365/2266 4505/2398/2298 4294/2397/2297
f 4504/2365/2266 4715/2366/2267 4716/2399/2299 4505/2398/2298
f 4715/2366/2267 4926/2367/2268 4927/2400/2300 4716/2399/2299
f 4926/2367/2268 5137/2368/2269 5138/2401/2301 4927/2400/2300
f 5137/2368/2269 5348/2369/2270 5349/2402/2302 5138/2401/2301
f 5348/2369/2270 5559/2370/2271 5560/2403/2303 5349/2402/2302
f 5559/2370/2271 5770/2371/2272 5771/2404/2304 5560/2403/2303
f 5770/2371/2272 5981/2372/2273 5982/2405/2305 5771/2404/2304
f 5981/2372/2273 6192/2373/2274 6193/2406/2306 5982/2405/2305
f 6192/2373/2274 6403/2374/2275 6404/2407/2307 6193/2406/2306
f 6403/2374/2275 6614/2375/2276 6615/2408/2308 6404/2407/2307
f 6614/2375/2276 72/2376/2246 73/2409/2278 6615/2408/2308
f 73/2378/2278 285/2377/2277 286/2410/2309 74/2411/2310
f 285/2377/2277 496/2379/2279 497/2412/2311 286/2410/2309
f 496/2379/2279 707/2380/2280 708/2413/2312 497/2412/2311
f 707/2380/2280 918/2381/2281 919/2414/2313 708/2413/2312
f 918/2381/2281 1129/2382/2282 1130/2415/2314 919/2414/2313
f 1129/2382/2282 1340/2383/2283 1341/2416/2315 1130/2415/2314
f 1340/2383/2283 1551/2384/2284 1552/2417/2316 1341/2416/2315
f 1551/2384/2284 1762/2385/2285 1763/2418/2317 1552/2417/2316
f 1762/2385/2285 1973/2386/2286 1974/2419/2318 1763/2418/2317
f 1973/2386/2286 2184/2387/2287 2185/2420/2319 1974/2419/2318
f 2184/2387/2287 2395/2388/2288 2396/2421/2320 2185/2420/2319
f 2395/2388/2288 2606/2389/2289 2607/2422/2321 2396/2421/2320
f 2606/2389/2289 2817/2390/2290 2818/2423/2322 2607/2422/2321
f 2817/2390/2290 3028/2391/2291 3029/2424/2323 2818/2423/2322
f 3028/2391/2291 3239/2392/2292 3240/2425/2324 3029/2424/2323
f 3239/2392/2292 3450/2393/2293 3451/2426/2325 3240/2425/2324
f 3450/2393/2293 3661/2394/2294 3662/2427/2326 3451/2426/2325
f 3661/2394/2294 3872/2395/2295 3873/2428/2327 3662/2427/2326
f 3872/2395/2295 4083/2396/2296 4084/2429/2328 3873/2428/2327
f 4083/2396/2296 4294/2397/2297 4295/2430/2329 4084/2429/2328
f 4294/2397/2297 4505/2398/2298 4506/2431/2330 4295/2430/2329
f 4505/2398/2298 4716/2399/2299 4717/2432/2331 4506/2431/2330
f 4716/2399/2299 4927/2400/2300 4928/2433/2332 4717/2432/2331
f 4927/2400/2300 5138/2401/2301 5139/2434/2333 4928/2433/2332
f 5138/2401/2301 5349/2402/2302 5350/2435/2334 5139/2434/2333
f 5349/2402/2302 5560/2403/2303 5561/2436/2335 5350/2435/2334
f 5560/2403/2303 5771/2404/2304 5772/2437/2336 5561/2436/2335
f 5771/2404/2304 5982/2405/2305 5983/2438/2337 5772/2437/2336
f 5982/2405/2305 6193/2406/2306 6194/2439/2338 5983/2438/2337
f 6193/2406/2306 6404/2407/2307 6405/2440/2339 6194/2439/2338
f 6404/2407/2307 6615/2408/2308 6616/2441/2340 6405/2440/2339
f 6615/2408/2308 73/2409/2278 74/2442/2310 6616/2441/2340
f 74/2411/2310 286/2410/2309 287/2443/2341 75/2444/2342
f 286/2410/2309 497/2412/2311 498/2445/2343 287/2443/2341
f 497/2412/2311 708/2413/2312 709/2446/2344 498/2445/2343
f 708/2413/2312 919/2414/2313 920/2447/2345 709/2446/2344
f 919/2414/2313 1130/2415/2314 1131/2448/2346 920/2447/2345
f 1130/2415/2314 1341/2416/2315 1342/2449/2347 1131/2448/2346
f 1341/2416/2315 1552/2417/2316 1553/2450/2348 1342/2449/2347
f 1552/2417/2316 1763/2418/2317 1764/2451/2349 1553/2450/2348
f 1763/2418/2317 1974/2419/2318 1975/2452/2350 1764/2451/2349
f 1974/2419/2318 2185/2420/2319 2186/2453/2351 1975/2452/2350
f 2185/2420/2319 2396/2421/2320 2397/2454/2352 2186/2453/2351
f 2396/2421/2320 2607/2422/2321 2608/2455/2353 2397/2454/2352
f 2607/2422/2321 2818/2423/2322 2819/2456/2354 2608/2455/2353
f 2818/2423/2322 3029/2424/2323 3030/2457/2355 2819/2456/2354
f 3029/2424/2323 3240/2425/2324 3241/2458/2356 3030/2457/2355
f 3240/2425/2324 3451/2426/2325 3452/2459/2357 3241/2458/2356
f 3451/2426/2325 3662/2427/2326 3663/2460/2358 3452/2459/2357
f 3662/2427/2326 3873/2428/2327 3874/2461/2359 3663/2460/2358
f 3873/2428/2327 4084/2429/2328 4085/2462/2360 3874/2461/2359
f 4084/2429/2328 4295/2430/2329 4296/2463/2361 4085/2462/2360
f 4295/2430/2329 4506/2431/2330 4507/2464/2362 4296/2463/2361
f 4506/2431/2330 4717/2432/2331 4718/2465/2363 4507/2464/2362
f 4717/2432/2331 4928/2433/2332 4929/2466/2364 4718/2465/2363
f 4928/2433/2332 5139/2434/2333 5140/2467/2365 4929/2466/2364
f 5139/2434/2333 5350/2435/2334 5351/2468/2366 5140/2467/2365
f 5350/2435/2334 5561/2436/2335 5562/2469/2367 5351/2468/2366
f 5561/2436/2335 5772/2437/2336 5773/2470/2368 5562/2469/2367
f 5772/2437/2336 5983/2438/2337 5984/2471/2369 5773/2470/2368
f 5983/2438/2337 6194/2439/2338 6195/2472/2370 5984/2471/2369
f 6194/2439/2338 6405/2440/2339 6406/2473/2371 6195/2472/2370
f 6405/2440/2339 6616/2441/2340 6617/2474/2372 6406/2473/2371
f 6616/2441/2340 74/2442/2310 75/2475/2342 6617/2474/2372
f 75/2444/2342 287/2443/2341 288/2443/2373 76/2444/2373
f 287/2443/2341 498/2445/2343 499/2445/2373 288/2443/2373
f 498/2445/2343 709/2446/2344 710/2446/2373 499/2445/2373
f 709/2446/2344 920/2447/2345 921/2447/2373 710/2446/2373
f 920/2447/2345 1131/2448/2346 1132/2448/2373 921/2447/2373
f 1131/2448/2346 1342/2449/2347 1343/2449/2373 1132/2448/2373
f 1342/2449/2347 1553/2450/2348 1554/2450/2373 1343/2449/2373
f 1553/2450/2348 1764/2451/2349 1765/2451/2373 1554/2450/2373
f 1764/2451/2349 1975/2452/2350 1976/2452/2373 1765/2451/2373
f 1975/2452/2350 2186/2453/2351 2187/2453/2373 1976/2452/2373
f 2186/2453/2351 2397/2454/2352 2398/2454/2373 2187/2453/2373
f 2397/2454/2352 2608/2455/2353 2609/2455/2373 2398/2454/2373
f 2608/2455/2353 2819/2456/2354 2820/2456/2373 2609/2455/2373
f 2819/2456/2354 3030/2457/2355 3031/2457/2373 2820/2456/2373
f 3030/2457/2355 3241/2458/2356 3242/2458/2373 3031/2457/2373
f 3241/2458/2356 3452/2459/2357 3453/2459/2373 3242/2458/2373
f 3452/2459/2357 3663/2460/2358 3664/2460/2373 3453/2459/2373
f 3663/2460/2358 3874/2461/2359 3875/2461/2373 3664/2460/2373
f 3874/2461/2359 4085/2462/2360 4086/2462/2373 3875/2461/2373
f 4085/2462/2360 4296/2463/2361 4297/2463/2373 4086/2462/2373
f 4296/2463/2361 4507/2464/2362 4508/2464/2373 4297/2463/2373
f 4507/2464/2362 4718/2465/2363 4719/2465/2373 4508/2464/2373
f 4718/2465/2363 4929/2466/2364 4930/2466/2373 4719/2465/2373
f 4929/2466/2364 5140/2467/2365 5141/2467/2373 4930/2466/2373
f 5140/2467/2365 5351/2468/2366 5352/2468/2373 5141/2467/2373
f 5351/2468/2366 5562/2469/2367 5563/2469/2373 5352/2468/2373
f 5562/2469/2367 5773/2470/2368 5774/2470/2373 5563/2469/2373
f 5773/2470/2368 5984/2471/2369 5985/2471/2373 5774/2470/2373
f 5984/2471/2369 6195/2472/2370 6196/2472/2373 5985/2471/2373
f 6195/2472/2370 6406/2473/2371 6407/2473/2373 6196/2472/2373
f 6406/2473/2371 6617/2474/2372 6618/2474/2373 6407/2473/2373
f 6617/2474/2372 75/2475/2342 76/2475/2373 6618/2474/2373
f 76/2444/2373 288/2443/2373 289/2443/2373 77/2444/2373
f 288/2443/2373 499/2445/2373 500/2445/2373 289/2443/2373
f 499/2445/2373 710/2446/2373 711/2446/2373 500/2445/2373
f 710/2446/2373 921/2447/2373 922/2447/2373 711/2446/2373
f 921/2447/2373 1132/2448/2373 1133/2448/2373 922/2447/2373
f 1132/2448/2373 1343/2449/2373 1344/2449/2373 1133/2448/2373
f 1343/2449/2373 1554/2450/2373 1555/2450/2373 1344/2449/2373
f 1554/2450/2373 1765/2451/2373 1766/2451/2373 1555/2450/2373
f 1765/2451/2373 1976/2452/2373 1977/2452/2373 1766/2451/2373
f 1976/2452/2373 2187/2453/2373 2188/2453/2373 1977/2452/2373
f 2187/2453/2373 2398/2454/2373 2399/2454/2373 2188/2453/2373
f 2398/2454/2373 2609/2455/2373 2610/2455/2373 2399/2454/2373
f 2609/2455/2373 2820/2456/2373 2821/2456/2373 2610/2455/2373
f 2820/2456/2373 3031/2457/2373 3032/2457/2373 2821/2456/2373
f 3031/2457/2373 3242/2458/2373 3243/2458/2373 3032/2457/2373
f 3242/2458/2373 3453/2459/2373 3454/2459/2373 3243/2458/2373
f 3453/2459/2373 3664/2460/2373 3665/2460/2373 3454/2459/2373
f 3664/2460/2373 3875/2461/2373 3876/2461/2373 3665/2460/2373
f 3875/2461/2373 4086/2462/2373 4087/2462/2373 3876/2461/2373
f 4086/2462/2373 4297/2463/2373 4298/2463/2373 4087/2462/2373
f 4297/2463/2373 4508/2464/2373 4509/2464/2373 4298/2463/2373
f 4508/2464/2373 4719/2465/2373 4720/2465/2373 4509/2464/2373
f 4719/2465/2373 4930/2466/2373 4931/2466/2373 4720/2465/2373
f 4930/2466/2373 5141/2467/2373 5142/2467/2373 4931/2466/2373
f 5141/2467/2373 5352/2468/2373 5353/2468/2373 5142/2467/2373
f 5352/2468/2373 5563/2469/2373 5564/2469/2373 5353/2468/2373
f 5563/2469/2373 5774/2470/2373 5775/2470/2373 5564/2469/2373
f 5774/2470/2373 5985/2471/2373 5986/2471/2373 5775/2470/2373
f 5985/2471/2373 6196/2472/2373 6197/2472/2373 5986/2471/2373
f 6196/2472/2373 6407/2473/2373 6408/2473/2373 6197/2472/2373
f 6407/2473/2373 6618/2474/2373 6619/2474/2373 6408/2473/2373
f 6618/2474/2373 76/2475/2373 77/2475/2373 6619/2474/2373
f 77/2444/2373 289/2443/2373 290/2443/2373 78/2444/2373
f 289/2443/2373 500/2445/2373 501/2445/2373 290/2443/2373
f 500/2445/2373 711/2446/2373 712/2446/2373 501/2445/2373
f 711/2446/2373 922/2447/2373 923/2447/2373 712/2446/2373
f 922/2447/2373 1133/2448/2373 1134/2448/2373 923/2447/2373
f 1133/2448/2373 1344/2449/2373 1345/2449/2373 1134/2448/2373
f 1344/2449/2373 1555/2450/2373 1556/2450/2373 1345/2449/2373
f 1555/2450/2373 1766/2451/2373 1767/2451/2373 1556/2450/2373
f 1766/2451/2373 1977/2452/2373 1978/2452/2373 1767/2451/2373
f 1977/2452/2373 2188/2453/2373 2189/2453/2373 1978/2452/2373
f 2188/2453/2373 2399/2454/2373 2400/2454/2373 2189/2453/2373
f 2399/2454/2373 2610/2455/2373 2611/2455/2373 2400/2454/2373
f 2610/2455/2373 2821/2456/2373 2822/2456/2373 2611/2455/2373
f 2821/2456/2373 3032/2457/2373 3033/2457/2373 2822/2456/2373
f 3032/2457/2373 3243/2458/2373 3244/2458/2373 3033/2457/2373
f 3243/2458/2373 3454/2459/2373 3455/2459/2373 3244/2458/2373
f 3454/2459/2373 3665/2460/2373 3666/2460/2373 3455/2459/2373
f 3665/2460/2373 3876/2461/2373 3877/2461/2373 3666/2460/2373
f 3876/2461/2373 4087/2462/2373 4088/2462/2373 3877/2461/2373
f 4087/2462/2373 4298/2463/2373 4299/2463/2373 4088/2462/2373
f 4298/2463/2373 4509/2464/2373 4510/2464/2373 4299/2463/2373
f 4509/2464/2373 4720/2465/2373 4721/2465/2373 4510/2464/2373
f 4720/2465/2373 4931/2466/2373 4932/2466/2373 4721/2465/2373
f 4931/2466/2373 5142/2467/2373 5143/2467/2373 4932/2466/2373
f 5142/2467/2373 5353/2468/2373 5354/2468/2373 5143/2467/2373
f 5353/2468/2373 5564/2469/2373 5565/2469/2373 5354/2468/2373
f 5564/2469/2373 5775/2470/2373 5776/2470/2373 5565/2469/2373
f 5775/2470/2373 5986/2471/2373 5987/2471/2373 5776/2470/2373
f 5986/2471/2373 6197/2472/2373 6198/2472/2373 5987/2471/2373
f 6197/2472/2373 6408/2473/2373 6409/2473/2373 6198/2472/2373
f 6408/2473/2373 6619/2474/2373 6620/2474/2373 6409/2473/2373
f 6619/2474/2373 77/2475/2373 78/2475/2373 6620/2474/2373
f 78/2444/2373 290/2443/2373 291/2443/2373 79/2444/2373
f 290/2443/2373 501/2445/2373 502/2445/2373 291/2443/2373
f 501/2445/2373 712/2446/2373 713/2446/2373 502/2445/2373
f 712/2446/2373 923/2447/2373 924/2447/2373 713/2446/2373
f 923/2447/2373 1134/2448/2373 1135/2448/2373 924/2447/2373
f 1134/2448/2373 1345/2449/2373 1346/2449/2373 1135/2448/2373
f 1345/2449/2373 1556/2450/2373 1557/2450/2373 1346/2449/2373
f 1556/2450/2373 1767/2451/2373 1768/2451/2373 1557/2450/2373
f 1767/2451/2373 1978/2452/2373 1979/2452/2373 1768/2451/2373
f 1978/2452/2373 2189/2453/2373 2190/2453/2373 1979/2452/2373
f 2189/2453/2373 2400/2454/2373 2401/2454/2373 2190/2453/2373
f 2400/2454/2373 2611/2455/2373 2612/2455/2373 2401/2454/2373
f 2611/2455/2373 2822/2456/2373 2823/2456/2373 2612/2455/2373
f 2822/2456/2373 3033/2457/2373 3034/2457/2373 2823/2456/2373
f 3033/2457/2373 3244/2458/2373 3245/2458/2373 3034/2457/2373
f 3244/2458/2373 3455/2459/2373 3456/2459/2373 3245/2458/2373
f 3455/2459/2373 3666/2460/2373 3667/2460/2373 3456/2459/2373
f 3666/2460/2373 3877/2461/2373 3878/2461/2373 3667/2460/2373
f 3877/2461/2373 4088/2462/2373 4089/2462/2373 3878/2461/2373
f 4088/2462/2373 4299/2463/2373 4300/2463/2373 4089/2462/2373
f 4299/2463/2373 4510/2464/2373 4511/2464/2373 4300/2463/2373
f 4510/2464/2373 4721/2465/2373 4722/2465/2373 4511/2464/2373
f 4721/2465/2373 4932/2466/2373 4933/2466/2373 4722/2465/2373
f 4932/2466/2373 5143/2467/2373 5144/2467/2373 4933/2466/2373
f 5143/2467/2373 5354/2468/2373 5355/2468/2373 5144/2467/2373
f 5354/2468/2373 5565/2469/2373 5566/2469/2373 5355/2468/2373
f 5565/2469/2373 5776/2470/2373 5777/2470/2373 5566/2469/2373
f 5776/2470/2373 5987/2471/2373 5988/2471/2373 5777/2470/2373
f 5987/2471/2373 6198/2472/2373 6199/2472/2373 5988/2471/2373
f 6198/2472/2373 6409/2473/2373 6410/2473/2373 6199/2472/2373
f 6409/2473/2373 6620/2474/2373 6621/2474/2373 6410/2473/2373
f 6620/2474/2373 78/2475/2373 79/2475/2373 6621/2474/2373
f 79/2444/2373 291/2443/2373 292/2443/2373 80/2444/2373
f 291/2443/2373 502/2445/2373 503/2445/2373 292/2443/2373
f 502/2445/2373 713/2446/2373 714/2446/2373 503/2445/2373
f 713/2446/2373 924/2447/2373 925/2447/2373 714/2446/2373
f 924/2447/2373 1135/2448/2373 1136/2448/2373 925/2447/2373
f 1135/2448/2373 1346/2449/2373 1347/2449/2373 1136/2448/2373
f 1346/2449/2373 1557/2450/2373 1558/2450/2373 1347/2449/2373
f 1557/2450/2373 1768/2451/2373 1769/2451/2373 1558/2450/2373
f 1768/2451/2373 1979/2452/2373 1980/2452/2373 1769/2451/2373
f 1979/2452/2373 2190/2453/2373 2191/2453/2373 1980/2452/2373
f 2190/2453/2373 2401/2454/2373 2402/2454/2373 2191/2453/2373
f 2401/2454/2373 2612/2455/2373 2613/2455/2373 2402/2454/2373
f 2612/2455/2373 2823/2456/2373 2824/2456/2373 2613/2455/2373
f 2823/2456/2373 3034/2457/2373 3035/2457/2373 2824/2456/2373
f 3034/2457/2373 3245/2458/2373 3246/2458/2373 3035/2457/2373
f 3245/2458/2373 3456/2459/2373 3457/2459/2373 3246/2458/2373
f 3456/2459/2373 3667/2460/2373 3668/2460/2373 3457/2459/2373
f 3667/2460/2373 3878/2461/2373 3879/2461/2373 3668/2460/2373
f 3878/2461/2373 4089/2462/2373 4090/2462/2373 3879/2461/2373
f 4089/2462/2373 4300/2463/2373 4301/2463/2373 4090/2462/2373
f 4300/2463/2373 4511/2464/2373 4512/2464/2373 4301/2463/2373
f 4511/2464/2373 4722/2465/2373 4723/2465/2373 4512/2464/2373
f 4722/2465/2373 4933/2466/2373 4934/2466/2373 4723/2465/2373
f 4933/2466/2373 5144/2467/2373 5145/2467/2373 4934/2466/2373
f 5144/2467/2373 5355/2468/2373 5356/2468/2373 5145/2467/2373
f 5355/2468/2373 5566/2469/2373 5567/2469/2373 5356/2468/2373
f 5566/2469/2373 5777/2470/2373 5778/2470/2373 5567/2469/2373
f 5777/2470/2373 5988/2471/2373 5989/2471/2373 5778/2470/2373
f 5988/2471/2373 6199/2472/2373 6200/2472/2373 5989/2471/2373
f 6199/2472/2373 6410/2473/2373 6411/2473/2373 6200/2472/2373
f 6410/2473/2373 6621/2474/2373 6622/2474/2373 6411/2473/2373
f 6621/2474/2373 79/2475/2373 80/2475/2373 6622/2474/2373
f 80/2444/2373 292/2443/2373 293/2443/2373 81/2444/2373
f 292/2443/2373 503/2445/2373 504/2445/2373 293/2443/2373
f 503/2445/2373 714/2446/2373 715/2446/2373 504/2445/2373
f 714/2446/2373 925/2447/2373 926/2447/2373 715/2446/2373
f 925/2447/2373 1136/2448/2373 1137/2448/2373 926/2447/2373
f 1136/2448/2373 1347/2449/2373 1348/2449/2373 1137/2448/2373
f 1347/2449/2373 1558/2450/2373 1559/2450/2373 1348/2449/2373
f 1558/2450/2373 1769/2451/2373 1770/2451/2373 1559/2450/2373
f 1769/2451/2373 1980/2452/2373 1981/2452/2373 1770/2451/2373
f 1980/2452/2373 2191/2453/2373 2192/2453/2373 1981/2452/2373
f 2191/2453/2373 2402/2454/2373 2403/2454/2373 2192/2453/2373
f 2402/2454/2373 2613/2455/2373 2614/2455/2373 2403/2454/2373
f 2613/2455/2373 2824/2456/2373 2825/2456/2373 2614/2455/2373
f 2824/2456/2373 3035/2457/2373 3036/2457/2373 2825/2456/2373
f 3035/2457/2373 3246/2458/2373 3247/2458/2373 3036/2457/2373
f 3246/2458/2373 3457/2459/2373 3458/2459/2373 3247/2458/2373
f 3457/2459/2373 3668/2460/2373 3669/2460/2373 3458/2459/2373
f 3668/2460/2373 3879/2461/2373 3880/2461/2373 3669/2460/2373
f 3879/2461/2373 4090/2462/2373 4091/2462/2373 3880/2461/2373
f 4090/2462/2373 4301/2463/2373 4302/2463/2373 4091/2462/2373
f 4301/2463/2373 4512/2464/2373 4513/2464/2373 4302/2463/2373
f 4512/2464/2373 4723/2465/2373 4724/2465/2373 4513/2464/2373
f 4723/2465/2373 4934/2466/2373 4935/2466/2373 4724/2465/2373
f 4934/2466/2373 5145/2467/2373 5146/2467/2373 4935/2466/2373
f 5145/2467/2373 5356/2468/2373 5357/2468/2373 5146/2467/2373
f 5356/2468/2373 5567/2469/2373 5568/2469/2373 5357/2468/2373
f 5567/2469/2373 5778/2470/2373 5779/2470/2373 5568/2469/2373
f 5778/2470/2373 5989/2471/2373 5990/2471/2373 5779/2470/2373
f 5989/2471/2373 6200/2472/2373 6201/2472/2373 5990/2471/2373
f 6200/2472/2373 6411/2473/2373 6412/2473/2373 6201/2472/2373
f 6411/2473/2373 6622/2474/2373 6623/2474/2373 6412/2473/2373
f 6622/2474/2373 80/2475/2373 81/2475/2373 6623/2474/2373
f 81/2444/2373 293/2443/2373 294/2443/2373 82/2444/2373
f 293/2443/2373 504/2445/2373 505/2445/2373 294/2443/2373
f 504/2445/2373 715/2446/2373 716/2446/2373 505/2445/2373
f 715/2446/2373 926/2447/2373 927/2447/2373 716/2446/2373
f 926/2447/2373 1137/2448/2373 1138/2448/2373 927/2447/2373
f 1137/2448/2373 1348/2449/2373 1349/2449/2373 1138/2448/2373
f 1348/2449/2373 1559/2450/2373 1560/2450/2373 1349/2449/2373
f 1559/2450/2373 1770/2451/2373 1771/2451/2373 1560/2450/2373
f 1770/2451/2373 1981/2452/2373 1982/2452/2373 1771/2451/2373
f 1981/2452/2373 2192/2453/2373 2193/2453/2373 1982/2452/2373
f 2192/2453/2373 2403/2454/2373 2404/2454/2373 2193/2453/2373
f 2403/2454/2373 2614/2455/2373 2615/2455/2373 2404/2454/2373
f 2614/2455/2373 2825/2456/2373 2826/2456/2373 2615/2455/2373
f 2825/2456/2373 3036/2457/2373 3037/2457/2373 2826/2456/2373
f 3036/2457/2373 3247/2458/2373 3248/2458/2373 3037/2457/2373
f 3247/2458/2373 3458/2459/2373 3459/2459/2373 3248/2458/2373
f 3458/2459/2373 3669/2460/2373 3670/2460/2373 3459/2459/2373
f 3669/2460/2373 3880/2461/2373 3881/2461/2373 3670/2460/2373
f 3880/2461/2373 4091/2462/2373 4092/2462/2373 3881/2461/2373
f 4091/2462/2373 4302/2463/2373 4303/2463/2373 4092/2462/2373
f 4302/2463/2373 4513/2464/2373 4514/2464/2373 4303/2463/2373
f 4513/2464/2373 4724/2465/2373 4725/2465/2373 4514/2464/2373
f 4724/2465/2373 4935/2466/2373 4936/2466/2373 4725/2465/2373
f 4935/2466/2373 5146/2467/2373 5147/2467/2373 4936/2466/2373
f 5146/2467/2373 5357/2468/2373 5358/2468/2373 5147/2467/2373
f 5357/2468/2373 5568/2469/2373 5569/2469/2373 5358/2468/2373
f 5568/2469/2373 5779/2470/2373 5780/2470/2373 5569/2469/2373
f 5779/2470/2373 5990/2471/2373 5991/2471/2373 5780/2470/2373
f 5990/2471/2373 6201/2472/2373 6202/2472/2373 5991/2471/2373
f 6201/2472/2373 6412/2473/2373 6413/2473/2373 6202/2472/2373
f 6412/2473/2373 6623/2474/2373 6624/2474/2373 6413/2473/2373
f 6623/2474/2373 81/2475/2373 82/2475/2373 6624/2474/2373
f 82/2444/2373 294/2443/2373 295/2443/2373 83/2444/2373
f 294/2443/2373 505/2445/2373 506/2445/2373 295/2443/2373
f 505/2445/2373 716/2446/2373 717/2446/2373 506/2445/2373
f 716/2446/2373 927/2447/2373 928/2447/2373 717/2446/2373
f 927/2447/2373 1138/2448/2373 1139/2448/2373 928/2447/2373
f 1138/2448/2373 1349/2449/2373 1350/2449/2373 1139/2448/2373
f 1349/2449/2373 1560/2450/2373 1561/2450/2373 1350/2449/2373
f 1560/2450/2373 1771/2451/2373 1772/2451/2373 1561/2450/2373
f 1771/2451/2373 1982/2452/2373 1983/2452/2373 1772/2451/2373
f 1982/2452/2373 2193/2453/2373 2194/2453/2373 1983/2452/2373
f 2193/2453/2373 2404/2454/2373 2405/2454/2373 2194/2453/2373
f 2404/2454/2373 2615/2455/2373 2616/2455/2373 2405/2454/2373
f 2615/2455/2373 2826/2456/2373 2827/2456/2373 2616/2455/2373
f 2826/2456/2373 3037/2457/2373 3038/2457/2373 2827/2456/2373
f 3037/2457/2373 3248/2458/2373 3249/2458/2373 3038/2457/2373
f 3248/2458/2373 3459/2459/2373 3460/2459/2373 3249/2458/2373
f 3459/2459/2373 3670/2460/2373 3671/2460/2373 3460/2459/2373
f 3670/2460/2373 3881/2461/2373 3882/2461/2373 3671/2460/2373
f 3881/2461/2373 4092/2462/2373 4093/2462/2373 3882/2461/2373
f 4092/2462/2373 4303/2463/2373 4304/2463/2373 4093/2462/2373
f 4303/2463/2373 4514/2464/2373 4515/2464/2373 4304/2463/2373
f 4514/2464/2373 4725/2465/2373 4726/2465/2373 4515/2464/2373
f 4725/2465/2373 4936/2466/2373 4937/2466/2373 4726/2465/2373
f 4936/2466/2373 5147/2467/2373 5148/2467/2373 4937/2466/2373
f 5147/2467/2373 5358/2468/2373 5359/2468/2373 5148/2467/2373
f 5358/2468/2373 5569/2469/2373 5570/2469/2373 5359/2468/2373
f 5569/2469/2373 5780/2470/2373 5781/2470/2373 5570/2469/2373
f 5780/2470/2373 5991/2471/2373 5992/2471/2373 5781/2470/2373
f 5991/2471/2373 6202/2472/2373 6203/2472/2373 5992/2471/2373
f 6202/2472/2373 6413/2473/2373 6414/2473/2373 6203/2472/2373
f 6413/2473/2373 6624/2474/2373 6625/2474/2373 6414/2473/2373
f 6624/2474/2373 82/2475/2373 83/2475/2373 6625/2474/2373
f 83/2444/2373 295/2443/2373 296/2443/2373 84/2444/2373
f 295/2443/2373 506/2445/2373 507/2445/2373 296/2443/2373
f 506/2445/2373 717/2446/2373 718/2446/2373 507/2445/2373
f 717/2446/2373 928/2447/2373 929/2447/2373 718/2446/2373
f 928/2447/2373 1139/2448/2373 1140/2448/2373 929/2447/2373
f 1139/2448/2373 1350/2449/2373 1351/2449/2373 1140/2448/2373
f 1350/2449/2373 1561/2450/2373 1562/2450/2373 1351/2449/2373
f 1561/2450/2373 1772/2451/2373 1773/2451/2373 1562/2450/2373
f 1772/2451/2373 1983/2452/2373 1984/2452/2373 1773/2451/2373
f 1983/2452/2373 2194/2453/2373 2195/2453/2373 1984/2452/2373
f 2194/2453/2373 2405/2454/2373 2406/2454/2373 2195/2453/2373
f 2405/2454/2373 2616/2455/2373 2617/2455/2373 2406/2454/2373
f 2616/2455/2373 2827/2456/2373 2828/2456/2373 2617/2455/2373
f 2827/2456/2373 3038/2457/2373 3039/2457/2373 2828/2456/2373
f 3038/2457/2373 3249/2458/2373 3250/2458/2373 3039/2457/2373
f 3249/2458/2373 3460/2459/2373 3461/2459/2373 3250/2458/2373
f 3460/2459/2373 3671/2460/2373 3672/2460/2373 3461/2459/2373
f 3671/2460/2373 3882/2461/2373 3883/2461/2373 3672/2460/2373
f 3882/2461/2373 4093/2462/2373 4094/2462/2373 3883/2461/2373
f 4093/2462/2373 4304/2463/2373 4305/2463/2373 4094/2462/2373
f 4304/2463/2373 4515/2464/2373 4516/2464/2373 4305/2463/2373
f 4515/2464/2373 4726/2465/2373 4727/2465/2373 4516/2464/2373
f 4726/2465/2373 4937/2466/2373 4938/2466/2373 4727/2465/2373
f 4937/2466/2373 5148/2467/2373 5149/2467/2373 4938/2466/2373
f 5148/2467/2373 5359/2468/2373 5360/2468/2373 5149/2467/2373
f 5359/2468/2373 5570/2469/2373 5571/2469/2373 5360/2468/2373
f 5570/2469/2373 5781/2470/2373 5782/2470/2373 5571/2469/2373
f 5781/2470/2373 5992/2471/2373 5993/2471/2373 5782/2470/2373
f 5992/2471/2373 6203/2472/2373 6204/2472/2373 5993/2471/2373
f 6203/2472/2373 6414/2473/2373 6415/2473/2373 6204/2472/2373
f 6414/2473/2373 6625/2474/2373 6626/2474/2373 6415/2473/2373
f 6625/2474/2373 83/2475/2373 84/2475/2373 6626/2474/2373
f 84/2444/2373 296/2443/2373 297/2443/2373 85/2444/2373
f 296/2443/2373 507/2445/2373 508/2445/2373 297/2443/2373
f 507/2445/2373 718/2446/2373 719/2446/2373 508/2445/2373
f 718/2446/2373 929/2447/2373 930/2447/2373 719/2446/2373
f 929/2447/2373 1140/2448/2373 1141/2448/2373 930/2447/2373
f 1140/2448/2373 1351/2449/2373 1352/2449/2373 1141/2448/2373
f 1351/2449/2373 1562/2450/2373 1563/2450/2373 1352/2449/2373
f 1562/2450/2373 1773/2451/2373 1774/2451/2373 1563/2450/2373
f 1773/2451/2373 1984/2452/2373 1985/2452/2373 1774/2451/2373
f 1984/2452/2373 2195/2453/2373 2196/2453/2373 1985/2452/2373
f 2195/2453/2373 2406/2454/2373 2407/2454/2373 2196/2453/2373
f 2406/2454/2373 2617/2455/2373 2618/2455/2373 2407/2454/2373
f 2617/2455/2373 2828/2456/2373 2829/2456/2373 2618/2455/2373
f 2828/2456/2373 3039/2457/2373 3040/2457/2373 2829/2456/2373
f 3039/2457/2373 3250/2458/2373 3251/2458/2373 3040/2457/2373
f 3250/2458/2373 3461/2459/2373 3462/2459/2373 3251/2458/2373
f 3461/2459/2373 3672/2460/2373 3673/2460/2373 3462/2459/2373
f 3672/2460/2373 3883/2461/2373 3884/2461/2373 3673/2460/2373
f 3883/2461/2373 4094/2462/2373 4095/2462/2373 3884/2461/2373
f 4094/2462/2373 4305/2463/2373 4306/2463/2373 4095/2462/2373
f 4305/2463/2373 4516/2464/2373 4517/2464/2373 4306/2463/2373
f 4516/2464/2373 4727/2465/2373 4728/2465/2373 4517/2464/2373
f 4727/2465/2373 4938/2466/2373 4939/2466/2373 4728/2465/2373
f 4938/2466/2373 5149/2467/2373 5150/2467/2373 4939/2466/2373
f 5149/2467/2373 5360/2468/2373 5361/2468/2373 5150/2467/2373
f 5360/2468/2373 5571/2469/2373 5572/2469/2373 5361/2468/2373
f 5571/2469/2373 5782/2470/2373 5783/2470/2373 5572/2469/2373
f 5782/2470/2373 5993/2471/2373 5994/2471/2373 5783/2470/2373
f 5993/2471/2373 6204/2472/2373 6205/2472/2373 5994/2471/2373
f 6204/2472/2373 6415/2473/2373 6416/2473/2373 6205/2472/2373
f 6415/2473/2373 6626/2474/2373 6627/2474/2373 6416/2473/2373
f 6626/2474/2373 84/2475/2373 85/2475/2373 6627/2474/2373
f 85/2444/2373 297/2443/2373 298/2443/2373 86/2444/2373
f 297/2443/2373 508/2445/2373 509/2445/2373 298/2443/2373
f 508/2445/2373 719/2446/2373 720/2446/2373 509/2445/2373
f 719/2446/2373 930/2447/2373 931/2447/2373 720/2446/2373
f 930/2447/2373 1141/2448/2373 1142/2448/2373 931/2447/2373
f 1141/2448/2373 1352/2449/2373 1353/2449/2373 1142/2448/2373
f 1352/2449/2373 1563/2450/2373 1564/2450/2373 1353/2449/2373
f 1563/2450/2373 1774/2451/2373 1775/2451/2373 1564/2450/2373
f 1774/2451/2373 1985/2452/2373 1986/2452/2373 1775/2451/2373
f 1985/2452/2373 2196/2453/2373 2197/2453/2373 1986/2452/2373
f 2196/2453/2373 2407/2454/2373 2408/2454/2373 2197/2453/2373
f 2407/2454/2373 2618/2455/2373 2619/2455/2373 2408/2454/2373
f 2618/2455/2373 2829/2456/2373 2830/2456/2373 2619/2455/2373
f 2829/2456/2373 3040/2457/2373 3041/2457/2373 2830/2456/2373
f 3040/2457/2373 3251/2458/2373 3252/2458/2373 3041/2457/2373
f 3251/2458/2373 3462/2459/2373 3463/2459/2373 3252/2458/2373
f 3462/2459/2373 3673/2460/2373 3674/2460/2373 3463/2459/2373
f 3673/2460/2373 3884/2461/2373 3885/2461/2373 3674/2460/2373
f 3884/2461/2373 4095/2462/2373 4096/2462/2373 3885/2461/2373
f 4095/2462/2373 4306/2463/2373 4307/2463/2373 4096/2462/2373
f 4306/2463/2373 4517/2464/2373 4518/2464/2373 4307/2463/2373
f 4517/2464/2373 4728/2465/2373 4729/2465/2373 4518/2464/2373
f 4728/2465/2373 4939/2466/2373 4940/2466/2373 4729/2465/2373
f 4939/2466/2373 5150/2467/2373 5151/2467/2373 4940/2466/2373
f 5150/2467/2373 5361/2468/2373 5362/2468/2373 5151/2467/2373
f 5361/2468/2373 5572/2469/2373 5573/2469/2373 5362/2468/2373
f 5572/2469/2373 5783/2470/2373 5784/2470/2373 5573/2469/2373
f 5783/2470/2373 5994/2471/2373 5995/2471/2373 5784/2470/2373
f 5994/2471/2373 6205/2472/2373 6206/2472/2373 5995/2471/2373
f 6205/2472/2373 6416/2473/2373 6417/2473/2373 6206/2472/2373
f 6416/2473/2373 6627/2474/2373 6628/2474/2373 6417/2473/2373
f 6627/2474/2373 85/2475/2373 86/2475/2373 6628/2474/2373
f 86/2444/2373 298/2443/2373 299/2443/2374 87/2444/2375
f 298/2443/2373 509/2445/2373 510/2445/2376 299/2443/2374
f 509/2445/2373 720/2446/2373 721/2446/2377 510/2445/2376
f 720/2446/2373 931/2447/2373 932/2447/2378 721/2446/2377
f 931/2447/2373 1142/2448/2373 1143/2448/2379 932/2447/2378
f 1142/2448/2373 1353/2449/2373 1354/2449/2380 1143/2448/2379
f 1353/2449/2373 1564/2450/2373 1565/2450/2381 1354/2449/2380
f 1564/2450/2373 1775/2451/2373 1776/2451/2382 1565/2450/2381
f 1775/2451/2373 1986/2452/2373 1987/2452/2383 1776/2451/2382
f 1986/2452/2373 2197/2453/2373 2198/2453/2384 1987/2452/2383
f 2197/2453/2373 2408/2454/2373 2409/2454/2385 2198/2453/2384
f 2408/2454/2373 2619/2455/2373 2620/2455/2386 2409/2454/2385
f 2619/2455/2373 2830/2456/2373 2831/2456/2387 2620/2455/2386
f 2830/2456/2373 3041/2457/2373 3042/2457/2388 2831/2456/2387
f 3041/2457/2373 3252/2458/2373 3253/2458/2389 3042/2457/2388
f 3252/2458/2373 3463/2459/2373 3464/2459/2390 3253/2458/2389
f 3463/2459/2373 3674/2460/2373 3675/2460/2391 3464/2459/2390
f 3674/2460/2373 3885/2461/2373 3886/2461/2392 3675/2460/2391
f 3885/2461/2373 4096/2462/2373 4097/2462/2393 3886/2461/2392
f 4096/2462/2373 4307/2463/2373 4308/2463/2394 4097/2462/2393
f 4307/2463/2373 4518/2464/2373 4519/2464/2395 4308/2463/2394
f 4518/2464/2373 4729/2465/2373 4730/2465/2396 4519/2464/2395
f 4729/2465/2373 4940/2466/2373 4941/2466/2397 4730/2465/2396
f 4940/2466/2373 5151/2467/2373 5152/2467/2398 4941/2466/2397
f 5151/2467/2373 5362/2468/2373 5363/2468/2399 5152/2467/2398
f 5362/2468/2373 5573/2469/2373 5574/2469/2400 5363/2468/2399
f 5573/2469/2373 5784/2470/2373 5785/2470/2401 5574/2469/2400
f 5784/2470/2373 5995/2471/2373 5996/2471/2402 5785/2470/2401
f 5995/2471/2373 6206/2472/2373 6207/2472/2403 5996/2471/2402
f 6206/2472/2373 6417/2473/2373 6418/2473/2404 6207/2472/2403
f 6417/2473/2373 6628/2474/2373 6629/2474/2405 6418/2473/2404
f 6628/2474/2373 86/2475/2373 87/2475/2375 6629/2474/2405
f 87/2444/2375 299/2443/2374 300/2476/2406 88/2477/2407
f 299/2443/2374 510/2445/2376 511/2478/2408 300/2476/2406
f 510/2445/2376 721/2446/2377 722/2479/2409 511/2478/2408
f 721/2446/2377 932/2447/2378 933/2480/2410 722/2479/2409
f 932/2447/2378 1143/2448/2379 1144/2481/2411 933/2480/2410
f 1143/2448/2379 1354/2449/2380 1355/2482/2412 1144/2481/2411
f 1354/2449/2380 1565/2450/2381 1566/2483/2413 1355/2482/2412
f 1565/2450/2381 1776/2451/2382 1777/2484/2414 1566/2483/2413
f 1776/2451/2382 1987/2452/2383 1988/2485/2415 1777/2484/2414
f 1987/2452/2383 2198/2453/2384 2199/2486/2416 1988/2485/2415
f 2198/2453/2384 2409/2454/2385 2410/2487/2417 2199/2486/2416
f 2409/2454/2385 2620/2455/2386 2621/2488/2418 2410/2487/2417
f 2620/2455/2386 2831/2456/2387 2832/2489/2419 2621/2488/2418
f 2831/2456/2387 3042/2457/2388 3043/2490/2420 2832/2489/2419
f 3042/2457/2388 3253/2458/2389 3254/2491/2421 3043/2490/2420
f 3253/2458/2389 3464/2459/2390 3465/2492/2422 3254/2491/2421
f 3464/2459/2390 3675/2460/2391 3676/2493/2423 3465/2492/2422
f 3675/2460/2391 3886/2461/2392 3887/2494/2424 3676/2493/2423
f 3886/2461/2392 4097/2462/2393 4098/2495/2425 3887/2494/2424
f 4097/2462/2393 4308/2463/2394 4309/2496/2426 4098/2495/2425
f 4308/2463/2394 4519/2464/2395 4520/2497/2427 4309/2496/2426
f 4519/2464/2395 4730/2465/2396 4731/2498/2428 4520/2497/2427
f 4730/2465/2396 4941/2466/2397 4942/2499/2429 4731/2498/2428
f 4941/2466/2397 5152/2467/2398 5153/2500/2430 4942/2499/2429
f 5152/2467/2398 5363/2468/2399 5364/2501/2431 5153/2500/2430
f 5363/2468/2399 5574/2469/2400 5575/2502/2432 5364/2501/2431
f 5574/2469/2400 5785/2470/2401 5786/2503/2433 5575/2502/2432
f 5785/2470/2401 5996/2471/2402 5997/2504/2434 5786/2503/2433
f 5996/2471/2402 6207/2472/2403 6208/2505/2435 5997/2504/2434
f 6207/2472/2403 6418/2473/2404 6419/2506/2436 6208/2505/2435
f 6418/2473/2404 6629/2474/2405 6630/2507/2437 6419/2506/2436
f 6629/2474/2405 87/2475/2375 88/2508/2407 6630/2507/2437
f 88/2477/2407 300/2476/2406 301/2509/2438 89/2510/2439
f 300/2476/2406 511/2478/2408 512/2511/2440 301/2509/2438
f 511/2478/2408 722/2479/2409 723/2512/2441 512/2511/2440
f 722/2479/2409 933/2480/2410 934/2513/2442 723/2512/2441
f 933/2480/2410 1144/2481/2411 1145/2514/2443 934/2513/2442
f 1144/2481/2411 1355/2482/2412 1356/2515/2444 1145/2514/2443
f 1355/2482/2412 1566/2483/2413 1567/2516/2445 1356/2515/2444
f 1566/2483/2413 1777/2484/2414 1778/2517/2446 1567/2516/2445
f 1777/2484/2414 1988/2485/2415 1989/2518/2447 1778/2517/2446
f 1988/2485/2415 2199/2486/2416 2200/2519/2448 1989/2518/2447
f 2199/2486/2416 2410/2487/2417 2411/2520/2449 2200/2519/2448
f 2410/2487/2417 2621/2488/2418 2622/2521/2450 2411/2520/2449
f 2621/2488/2418 2832/2489/2419 2833/2522/2451 2622/2521/2450
f 2832/2489/2419 3043/2490/2420 3044/2523/2452 2833/2522/2451
f 3043/2490/2420 3254/2491/2421 3255/2524/2453 3044/2523/2452
f 3254/2491/2421 3465/2492/2422 3466/2525/2454 3255/2524/2453
f 3465/2492/2422 3676/2493/2423 3677/2526/2455 3466/2525/2454
f 3676/2493/2423 3887/2494/2424 3888/2527/2456 3677/2526/2455
f 3887/2494/2424 4098/2495/2425 4099/2528/2457 3888/2527/2456
f 4098/2495/2425 4309/2496/2426 4310/2529/2458 4099/2528/2457
f 4309/2496/2426 4520/2497/2427 4521/2530/2459 4310/2529/2458
f 4520/2497/2427 4731/2498/2428 4732/2531/2460 4521/2530/2459
f 4731/2498/2428 4942/2499/2429 4943/2532/2461 4732/2531/2460
f 4942/2499/2429 5153/2500/2430 5154/2533/2462 4943/2532/2461
f 5153/2500/2430 5364/2501/2431 5365/2534/2463 5154/2533/2462
f 5364/2501/2431 5575/2502/2432 5576/2535/2464 5365/2534/2463
f 5575/2502/2432 5786/2503/2433 5787/2536/2465 5576/2535/2464
f 5786/2503/2433 5997/2504/2434 5998/2537/2466 5787/2536/2465
f 5997/2504/2434 6208/2505/2435 6209/2538/2467 5998/2537/2466
f 6208/2505/2435 6419/2506/2436 6420/2539/2468 6209/2538/2467
f 6419/2506/2436 6630/2507/2437 6631/2540/2469 6420/2539/2468
f 6630/2507/2437 88/2508/2407 89/2541/2439 6631/2540/2469
f 89/2510/2439 301/2509/2438 302/2542/2470 90/2543/2471
f 301/2509/2438 512/2511/2440 513/2544/2472 302/2542/2470
f 512/2511/2440 723/2512/2441 724/2545/2473 513/2544/2472
f 723/2512/2441 934/2513/2442 935/2546/2474 724/2545/2473
f 934/2513/2442 1145/2514/2443 1146/2547/2475 935/2546/2474
f 1145/2514/2443 1356/2515/2444 1357/2548/2476 1146/2547/2475
f 1356/2515/2444 1567/2516/2445 1568/2549/2477 1357/2548/2476
f 1567/2516/2445 1778/2517/2446 1779/2550/2478 1568/2549/2477
f 1778/2517/2446 1989/2518/2447 1990/2551/2479 1779/2550/2478
f 1989/2518/2447 2200/2519/2448 2201/2552/2480 1990/2551/2479
f 2200/2519/2448 2411/2520/2449 2412/2553/2481 2201/2552/2480
f 2411/2520/2449 2622/2521/2450 2623/2554/2482 2412/2553/2481
f 2622/2521/2450 2833/2522/2451 2834/2555/2483 2623/2554/2482
f 2833/2522/2451 3044/2523/2452 3045/2556/2484 2834/2555/2483
f 3044/2523/2452 3255/2524/2453 3256/2557/2485 3045/2556/2484
f 3255/2524/2453 3466/2525/2454 3467/2558/2486 3256/2557/2485
f 3466/2525/2454 3677/2526/2455 3678/2559/2487 3467/2558/2486
f 3677/2526/2455 3888/2527/2456 3889/2560/2488 3678/2559/2487
f 3888/2527/2456 4099/2528/2457 4100/2561/2489 3889/2560/2488
f 4099/2528/2457 4310/2529/2458 4311/2562/2490 4100/2561/2489
f 4310/2529/2458 4521/2530/2459 4522/2563/2491 4311/2562/2490
f 4521/2530/2459 4732/2531/2460 4733/2564/2492 4522/2563/2491
f 4732/2531/2460 4943/2532/2461 4944/2565/2493 4733/2564/2492
f 4943/2532/2461 5154/2533/2462 5155/2566/2494 4944/2565/2493
f 5154/2533/2462 5365/2534/2463 5366/2567/2495 5155/2566/2494
f 5365/2534/2463 5576/2535/2464 5577/2568/2496 5366/2567/2495
f 5576/2535/2464 5787/2536/2465 5788/2569/2497 5577/2568/2496
f 5787/2536/2465 5998/2537/2466 5999/2570/2498 5788/2569/2497
f 5998/2537/2466 6209/2538/2467 6210/2571/2499 5999/2570/2498
f 6209/2538/2467 6420/2539/2468 6421/2572/2500 6210/2571/2499
f 6420/2539/2468 6631/2540/2469 6632/2573/2501 6421/2572/2500
f 6631/2540/2469 89/2541/2439 90/2574/2471 6632/2573/2501
f 90/2543/2471 302/2542/2470 303/2575/2502 91/2576/2503
f 302/2542/2470 513/2544/2472 514/2577/2504 303/2575/2502
f 513/2544/2472 724/2545/2473 725/2578/2505 514/2577/2504
f 724/2545/2473 935/2546/2474 936/2579/2506 725/2578/2505
f 935/2546/2474 1146/2547/2475 1147/2580/2507 936/2579/2506
f 1146/2547/2475 1357/2548/2476 1358/2581/2508 1147/2580/2507
f 1357/2548/2476 1568/2549/2477 1569/2582/2509 1358/2581/2508
f 1568/2549/2477 1779/2550/2478 1780/2583/2510 1569/2582/2509
f 1779/2550/2478 1990/2551/2479 1991/2584/2511 1780/2583/2510
f 1990/2551/2479 2201/2552/2480 2202/2585/2512 1991/2584/2511
f 2201/2552/2480 2412/2553/2481 2413/2586/2513 2202/2585/2512
f 2412/2553/2481 2623/2554/2482 2624/2587/2514 2413/2586/2513
f 2623/2554/2482 2834/2555/2483 2835/2588/2515 2624/2587/2514
f 2834/2555/2483 3045/2556/2484 3046/2589/2516 2835/2588/2515
f 3045/2556/2484 3256/2557/2485 3257/2590/2517 3046/2589/2516
f 3256/2557/2485 3467/2558/2486 3468/2591/2518 3257/2590/2517
f 3467/2558/2486 3678/2559/2487 3679/2592/2519 3468/2591/2518
f 3678/2559/2487 3889/2560/2488 3890/2593/2520 3679/2592/2519
f 3889/2560/2488 4100/2561/2489 4101/2594/2521 3890/2593/2520
f 4100/2561/2489 4311/2562/2490 4312/2595/2522 4101/2594/2521
f 4311/2562/2490 4522/2563/2491 4523/2596/2523 4312/2595/2522
f 4522/2563/2491 4733/2564/2492 4734/2597/2524 4523/2596/2523
f 4733/2564/2492 4944/2565/2493 4945/2598/2525 4734/2597/2524
f 4944/2565/2493 5155/2566/2494 5156/2599/2526 4945/2598/2525
f 5155/2566/2494 5366/2567/2495 5367/2600/2527 5156/2599/2526
f 5366/2567/2495 5577/2568/2496 5578/2601/2528 5367/2600/2527
f 5577/2568/2496 5788/2569/2497 5789/2602/2529 5578/2601/2528
f 5788/2569/2497 5999/2570/2498 6000/2603/2530 5789/2602/2529
f 5999/2570/2498 6210/2571/2499 6211/2604/2531 6000/2603/2530
f 6210/2571/2499 6421/2572/2500 6422/2605/2532 6211/2604/2531
f 6421/2572/2500 6632/2573/2501 6633/2606/2533 6422/2605/2532
f 6632/2573/2501 90/2574/2471 91/2607/2503 6633/2606/2533
f 91/2576/2503 303/2575/2502 304/2608/2534 92/2609/2535
f 303/2575/2502 514/2577/2504 515/2610/2536 304/2608/2534
f 514/2577/2504 725/2578/2505 726/2611/2537 515/2610/2536
f 725/2578/2505 936/2579/2506 937/2612/2538 726/2611/2537
f 936/2579/2506 1147/2580/2507 1148/2613/2539 937/2612/2538
f 1147/2580/2507 1358/2581/2508 1359/2614/2540 1148/2613/2539
f 1358/2581/2508 1569/2582/2509 1570/2615/2541 1359/2614/2540
f 1569/2582/2509 1780/2583/2510 1781/2616/2542 1570/2615/2541
f 1780/2583/2510 1991/2584/2511 1992/2617/2543 1781/2616/2542
f 1991/2584/2511 2202/2585/2512 2203/2618/2544 1992/2617/2543
f 2202/2585/2512 2413/2586/2513 2414/2619/2545 2203/2618/2544
f 2413/2586/2513 2624/2587/2514 2625/2620/2546 2414/2619/2545
f 2624/2587/2514 2835/2588/2515 2836/2621/2547 2625/2620/2546
f 2835/2588/2515 3046/2589/2516 3047/2622/2548 2836/2621/2547
f 3046/2589/2516 3257/2590/2517 3258/2623/2549 3047/2622/2548
f 3257/2590/2517 3468/2591/2518 3469/2624/2550 3258/2623/2549
f 3468/2591/2518 3679/2592/2519 3680/2625/2551 3469/2624/2550
f 3679/2592/2519 3890/2593/2520 3891/2626/2552 3680/2625/2551
f 3890/2593/2520 4101/2594/2521 4102/2627/2553 3891/2626/2552
f 4101/2594/2521 4312/2595/2522 4313/2628/2554 4102/2627/2553
f 4312/2595/2522 4523/2596/2523 4524/2629/2555 4313/2628/2554
f 4523/2596/2523 4734/2597/2524 4735/2630/2556 4524/2629/2555
f 4734/2597/2524 4945/2598/2525 4946/2631/2557 4735/2630/2556
f 4945/2598/2525 5156/2599/2526 5157/2632/2558 4946/2631/2557
f 5156/2599/2526 5367/2600/2527 5368/2633/2559 5157/2632/2558
f 5367/2600/2527 5578/2601/2528 5579/2634/2560 5368/2633/2559
f 5578/2601/2528 5789/2602/2529 5790/2635/2561 5579/2634/2560
f 5789/2602/2529 6000/2603/2530 6001/2636/2562 5790/2635/2561
f 6000/2603/2530 6211/2604/2531 6212/2637/2563 6001/2636/2562
f 6211/2604/2531 6422/2605/2532 6423/2638/2564 6212/2637/2563
f 6422/2605/2532 6633/2606/2533 6634/2639/2565 6423/2638/2564
f 6633/2606/2533 91/2607/2503 92/2640/2535 6634/2639/2565
f 92/2609/2535 304/2608/2534 305/2641/2566 93/2642/2567
f 304/2608/2534 515/2610/2536 516/2643/2568 305/2641/2566
f 515/2610/2536 726/2611/2537 727/2644/2569 516/2643/2568
f 726/2611/2537 937/2612/2538 938/2645/2570 727/2644/2569
f 937/2612/2538 1148/2613/2539 1149/2646/2571 938/2645/2570
f 1148/2613/2539 1359/2614/2540 1360/2647/2572 1149/2646/2571
f 1359/2614/2540 1570/2615/2541 1571/2648/2573 1360/2647/2572
f 1570/2615/2541 1781/2616/2542 1782/2649/2574 1571/2648/2573
f 1781/2616/2542 1992/2617/2543 1993/2650/2575 1782/2649/2574
f 1992/2617/2543 2203/2618/2544 2204/2651/2576 1993/2650/2575
f 2203/2618/2544 2414/2619/2545 2415/2652/2577 2204/2651/2576
f 2414/2619/2545 2625/2620/2546 2626/2653/2578 2415/2652/2577
f 2625/2620/2546 2836/2621/2547 2837/2654/2579 2626/2653/2578
f 2836/2621/2547 3047/2622/2548 3048/2655/2580 2837/2654/2579
f 3047/2622/2548 3258/2623/2549 3259/2656/2581 3048/2655/2580
f 3258/2623/2549 3469/2624/2550 3470/2657/2582 3259/2656/2581
f 3469/2624/2550 3680/2625/2551 3681/2658/2583 3470/2657/2582
f 3680/2625/2551 3891/2626/2552 3892/2659/2584 3681/2658/2583
f 3891/2626/2552 4102/2627/2553 4103/2660/2585 3892/2659/2584
f 4102/2627/2553 4313/2628/2554 4314/2661/2586 4103/2660/2585
f 4313/2628/2554 4524/2629/2555 4525/2662/2587 4314/2661/2586
f 4524/2629/2555 4735/2630/2556 4736/2663/2588 4525/2662/2587
f 4735/2630/2556 4946/2631/2557 4947/2664/2589 4736/2663/2588
f 4946/2631/2557 5157/2632/2558 5158/2665/2590 4947/2664/2589
f 5157/2632/2558 5368/2633/2559 5369/2666/2591 5158/2665/2590
f 5368/2633/2559 5579/2634/2560 5580/2667/2592 5369/2666/2591
f 5579/2634/2560 5790/2635/2561 5791/2668/2593 5580/2667/2592
f 5790/2635/2561 6001/2636/2562 6002/2669/2594 5791/2668/2593
f 6001/2636/2562 6212/2637/2563 6213/2670/2595 6002/2669/2594
f 6212/2637/2563 6423/2638/2564 6424/2671/2596 6213/2670/2595
f 6423/2638/2564 6634/2639/2565 6635/2672/2597 6424/2671/2596
f 6634/2639/2565 92/2640/2535 93/2673/2567 6635/2672/2597
f 93/2642/2567 305/2641/2566 306/2674/2598 94/2675/2599
f 305/2641/2566 516/2643/2568 517/2676/2600 306/2674/2598
f 516/2643/2568 727/2644/2569 728/2677/2601 517/2676/2600
f 727/2644/2569 938/2645/2570 939/2678/2602 728/2677/2601
f 938/2645/2570 1149/2646/2571 1150/2679/2603 939/2678/2602
f 1149/2646/2571 1360/2647/2572 1361/2680/2604 1150/2679/2603
f 1360/2647/2572 1571/2648/2573 1572/2681/2605 1361/2680/2604
f 1571/2648/2573 1782/2649/2574 1783/2682/2606 1572/2681/2605
f 1782/2649/2574 1993/2650/2575 1994/2683/2607 1783/2682/2606
f 1993/2650/2575 2204/2651/2576 2205/2684/2608 1994/2683/2607
f 2204/2651/2576 2415/2652/2577 2416/2685/2609 2205/2684/2608
f 2415/2652/2577 2626/2653/2578 2627/2686/2610 2416/2685/2609
f 2626/2653/2578 2837/2654/2579 2838/2687/2611 2627/2686/2610
f 2837/2654/2579 3048/2655/2580 3049/2688/2612 2838/2687/2611
f 3048/2655/2580 3259/2656/2581 3260/2689/2613 3049/2688/2612
f 3259/2656/2581 3470/2657/2582 3471/2690/2614 3260/2689/2613
f 3470/2657/2582 3681/2658/2583 3682/2691/2615 3471/2690/2614
f 3681/2658/2583 3892/2659/2584 3893/2692/2616 3682/2691/2615
f 3892/2659/2584 4103/2660/2585 4104/2693/2617 3893/2692/2616
f 4103/2660/2585 4314/2661/2586 4315/2694/2618 4104/2693/2617
f 4314/2661/2586 4525/2662/2587 4526/2695/2619 4315/2694/2618
f 4525/2662/2587 4736/2663/2588 4737/2696/2620 4526/2695/2619
f 4736/2663/2588 4947/2664/2589 4948/2697/2621 4737/2696/2620
f 4947/2664/2589 5158/2665/2590 5159/2698/2622 4948/2697/2621
f 5158/2665/2590 5369/2666/2591 5370/2699/2623 5159/2698/2622
f 5369/2666/2591 5580/2667/2592 5581/2700/2624 5370/2699/2623
f 5580/2667/2592 5791/2668/2593 5792/2701/2625 5581/2700/2624
f 5791/2668/2593 6002/2669/2594 6003/2702/2626 5792/2701/2625
f 6002/2669/2594 6213/2670/2595 6214/2703/2627 6003/2702/2626
f 6213/2670/2595 6424/2671/2596 6425/2704/2628 6214/2703/2627
f 6424/2671/2596 6635/2672/2597 6636/2705/2629 6425/2704/2628
f 6635/2672/2597 93/2673/2567 94/2706/2599 6636/2705/2629
f 94/2675/2599 306/2674/2598 307/2707/2630 95/2708/2631
f 306/2674/2598 517/2676/2600 518/2709/2632 307/2707/2630
f 517/2676/2600 728/2677/2601 729/2710/2633 518/2709/2632
f 728/2677/2601 939/2678/2602 940/2711/2634 729/2710/2633
f 939/2678/2602 1150/2679/2603 1151/2712/2635 940/2711/2634
f 1150/2679/2603 1361/2680/2604 1362/2713/2636 1151/2712/2635
f 1361/2680/2604 1572/2681/2605 1573/2714/2637 1362/2713/2636
f 1572/2681/2605 1783/2682/2606 1784/2715/2638 1573/2714/2637
f 1783/2682/2606 1994/2683/2607 1995/2716/2639 1784/2715/2638
f 1994/2683/2607 2205/2684/2608 2206/2717/2640 1995/2716/2639
f 2205/2684/2608 2416/2685/2609 2417/2718/2641 2206/2717/2640
f 2416/2685/2609 2627/2686/2610 2628/2719/2642 2417/2718/2641
f 2627/2686/2610 2838/2687/2611 2839/2720/2643 2628/2719/2642
f 2838/2687/2611 3049/2688/2612 3050/2721/2644 2839/2720/2643
f 3049/2688/2612 3260/2689/2613 3261/2722/2645 3050/2721/2644
f 3260/2689/2613 3471/2690/2614 3472/2723/2646 3261/2722/2645
f 3471/2690/2614 3682/2691/2615 3683/2724/2647 3472/2723/2646
f 3682/2691/2615 3893/2692/2616 3894/2725/2648 3683/2724/2647
f 3893/2692/2616 4104/2693/2617 4105/2726/2649 3894/2725/2648
f 4104/2693/2617 4315/2694/2618 4316/2727/2650 4105/2726/2649
f 4315/2694/2618 4526/2695/2619 4527/2728/2651 4316/2727/2650
f 4526/2695/2619 4737/2696/2620 4738/2729/2652 4527/2728/2651
f 4737/2696/2620 4948/2697/2621 4949/2730/2653 4738/2729/2652
f 4948/2697/2621 5159/2698/2622 5160/2731/2654 4949/2730/2653
f 5159/2698/2622 5370/2699/2623 5371/2732/2655 5160/2731/2654
f 5370/2699/2623 5581/2700/2624 5582/2733/2656 5371/2732/2655
f 5581/2700/2624 5792/2701/2625 5793/2734/2657 5582/2733/2656
f 5792/2701/2625 6003/2702/2626 6004/2735/2658 5793/2734/2657
f 6003/2702/2626 6214/2703/2627 6215/2736/2659 6004/2735/2658
f 6214/2703/2627 6425/2704/2628 6426/2737/2660 6215/2736/2659
f 6425/2704/2628 6636/2705/2629 6637/2738/2661 6426/2737/2660
f 6636/2705/2629 94/2706/2599 95/2739/2631 6637/2738/2661
f 95/2708/2631 307/2707/2630 308/2740/2662 96/2741/2663
f 307/2707/2630 518/2709/2632 519/2742/2664 308/2740/2662
f 518/2709/2632 729/2710/2633 730/2743/2665 519/2742/2664
f 729/2710/2633 940/2711/2634 941/2744/2666 730/2743/2665
f 940/2711/2634 1151/2712/2635 1152/2745/2667 941/2744/2666
f 1151/2712/2635 1362/2713/2636 1363/2746/2668 1152/2745/2667
f 1362/2713/2636 1573/2714/2637 1574/2747/2669 1363/2746/2668
f 1573/2714/2637 1784/2715/2638 1785/2748/2670 1574/2747/2669
f 1784/2715/2638 1995/2716/2639 1996/2749/2671 1785/2748/2670
f 1995/2716/2639 2206/2717/2640 2207/2750/2672 1996/2749/2671
f 2206/2717/2640 2417/2718/2641 2418/2751/2673 2207/2750/2672
f 2417/2718/2641 2628/2719/2642 2629/2752/2674 2418/2751/2673
f 2628/2719/2642 2839/2720/2643 2840/2753/2675 2629/2752/2674
f 2839/2720/2643 3050/2721/2644 3051/2754/2676 2840/2753/2675
f 3050/2721/2644 3261/2722/2645 3262/2755/2677 3051/2754/2676
f 3261/2722/2645 3472/2723/2646 3473/2756/2678 3262/2755/2677
f 3472/2723/2646 3683/2724/2647 3684/2757/2679 3473/2756/2678
f 3683/2724/2647 3894/2725/2648 3895/2758/2680 3684/2757/2679
f 3894/2725/2648 4105/2726/2649 4106/2759/2681 3895/2758/2680
f 4105/2726/2649 4316/2727/2650 4317/2760/2682 4106/2759/2681
f 4316/2727/2650 4527/2728/2651 4528/2761/2683 4317/2760/2682
f 4527/2728/2651 4738/2729/2652 4739/2762/2684 4528/2761/2683
f 4738/2729/2652 4949/2730/2653 4950/2763/2685 4739/2762/2684
f 4949/2730/2653 5160/2731/2654 5161/2764/2686 4950/2763/2685
f 5160/2731/2654 5371/2732/2655 5372/2765/2687 5161/2764/2686
f 5371/2732/2655 5582/2733/2656 5583/2766/2688 5372/2765/2687
f 5582/2733/2656 5793/2734/2657 5794/2767/2689 5583/2766/2688
f 5793/2734/2657 6004/2735/2658 6005/2768/2690 5794/2767/2689
f 6004/2735/2658 6215/2736/2659 6216/2769/2691 6005/2768/2690
f 6215/2736/2659 6426/2737/2660 6427/2770/2692 6216/2769/2691
f 6426/2737/2660 6637/2738/2661 6638/2771/2693 6427/2770/2692
f 6637/2738/2661 95/2739/2631 96/2772/2663 6638/2771/2693
f 96/2741/2663 308/2740/2662 309/2773/2694 97/2774/2695
f 308/2740/2662 519/2742/2664 520/2775/2696 309/2773/2694
f 519/2742/2664 730/2743/2665 731/2776/2697 520/2775/2696
f 730/2743/2665 941/2744/2666 942/2777/2698 731/2776/2697
f 941/2744/2666 1152/2745/2667 1153/2778/2699 942/2777/2698
f 1152/2745/2667 1363/2746/2668 1364/2779/2700 1153/2778/2699
f 1363/2746/2668 1574/2747/2669 1575/2780/2701 1364/2779/2700
f 1574/2747/2669 1785/2748/2670 1786/2781/2702 1575/2780/2701
f 1785/2748/2670 1996/2749/2671 1997/2782/2703 1786/2781/2702
f 1996/2749/2671 2207/2750/2672 2208/2783/2704 1997/2782/2703
f 2207/2750/2672 2418/2751/2673 2419/2784/2705 2208/2783/2704
f 2418/2751/2673 2629/2752/2674 2630/2785/2706 2419/2784/2705
f 2629/2752/2674 2840/2753/2675 2841/2786/2707 2630/2785/2706
f 2840/2753/2675 3051/2754/2676 3052/2787/2708 2841/2786/2707
f 3051/2754/2676 3262/2755/2677 3263/2788/2709 3052/2787/2708
f 3262/2755/2677 3473/2756/2678 3474/2789/2710 3263/2788/2709
f 3473/2756/2678 3684/2757/2679 3685/2790/2711 3474/2789/2710
f 3684/2757/2679 3895/2758/2680 3896/2791/2712 3685/2790/2711
f 3895/2758/2680 4106/2759/2681 4107/2792/2713 3896/2791/2712
f 4106/2759/2681 4317/2760/2682 4318/2793/2714 4107/2792/2713
f 4317/2760/2682 4528/2761/2683 4529/2794/2715 4318/2793/2714
f 4528/2761/2683 4739/2762/2684 4740/2795/2716 4529/2794/2715
f 4739/2762/2684 4950/2763/2685 4951/2796/2717 4740/2795/2716
f 4950/2763/2685 5161/2764/2686 5162/2797/2718 4951/2796/2717
f 5161/2764/2686 5372/2765/2687 5373/2798/2719 5162/2797/2718
f 5372/2765/2687 5583/2766/2688 5584/2799/2720 5373/2798/2719
f 5583/2766/2688 5794/2767/2689 5795/2800/2721 5584/2799/2720
f 5794/2767/2689 6005/2768/2690 6006/2801/2722 5795/2800/2721
f 6005/2768/2690 6216/2769/2691 6217/2802/2723 6006/2801/2722
f 6216/2769/2691 6427/2770/2692 6428/2803/2724 6217/2802/2723
f 6427/2770/2692 6638/2771/2693 6639/2804/2725 6428/2803/2724
f 6638/2771/2693 96/2772/2663 97/2805/2695 6639/2804/2725
f 97/2774/2695 309/2773/2694 310/2806/2726 98/2807/2727
f 309/2773/2694 520/2775/2696 521/2808/2728 310/2806/2726
f 520/2775/2696 731/2776/2697 732/2809/2729 521/2808/2728
f 731/2776/2697 942/2777/2698 943/2810/2730 732/2809/2729
f 942/2777/2698 1153/2778/2699 1154/2811/2731 943/2810/2730
f 1153/2778/2699 1364/2779/2700 1365/2812/2732 1154/2811/2731
f 1364/2779/2700 1575/2780/2701 1576/2813/2733 1365/2812/2732
f 1575/2780/2701 1786/2781/2702 1787/2814/2734 1576/2813/2733
f 1786/2781/2702 1997/2782/2703 1998/2815/2735 1787/2814/2734
f 1997/2782/2703 2208/2783/2704 2209/2816/2736 1998/2815/2735
f 2208/2783/2704 2419/2784/2705 2420/2817/2737 2209/2816/2736
f 2419/2784/2705 2630/2785/2706 2631/2818/2738 2420/2817/2737
f 2630/2785/2706 2841/2786/2707 2842/2819/2739 2631/2818/2738
f 2841/2786/2707 3052/2787/2708 3053/2820/2740 2842/2819/2739
f 3052/2787/2708 3263/2788/2709 3264/2821/2741 3053/2820/2740
f 3263/2788/2709 3474/2789/2710 3475/2822/2742 3264/2821/2741
f 3474/2789/2710 3685/2790/2711 3686/2823/2743 3475/2822/2742
f 3685/2790/2711 3896/2791/2712 3897/2824/2744 3686/2823/2743
f 3896/2791/2712 4107/2792/2713 4108/2825/2745 3897/2824/2744
f 4107/2792/2713 4318/2793/2714 4319/2826/2746 4108/2825/2745
f 4318/2793/2714 4529/2794/2715 4530/2827/2747 4319/2826/2746
f 4529/2794/2715 4740/2795/2716 4741/2828/2748 4530/2827/2747
f 4740/2795/2716 4951/2796/2717 4952/2829/2749 4741/2828/2748
f 4951/2796/2717 5162/2797/2718 5163/2830/2750 4952/2829/2749
f 5162/2797/2718 5373/2798/2719 5374/2831/2751 5163/2830/2750
f 5373/2798/2719 5584/2799/2720 5585/2832/2752 5374/2831/2751
f 5584/2799/2720 5795/2800/2721 5796/2833/2753 5585/2832/2752
f 5795/2800/2721 6006/2801/2722 6007/2834/2754 5796/2833/2753
f 6006/2801/2722 6217/2802/2723 6218/2835/2755 6007/2834/2754
f 6217/2802/2723 6428/2803/2724 6429/2836/2756 6218/2835/2755
f 6428/2803/2724 6639/2804/2725 6640/2837/2757 6429/2836/2756
f 6639/2804/2725 97/2805/2695 98/2838/2727 6640/2837/2757
f 98/2807/2727 310/2806/2726 311/2839/2758 99/2840/2759
f 310/2806/2726 521/2808/2728 522/2841/2760 311/2839/2758
f 521/2808/2728 732/2809/2729 733/2842/2761 522/2841/2760
f 732/2809/2729 943/2810/2730 944/2843/2762 733/2842/2761
f 943/2810/2730 1154/2811/2731 1155/2844/2763 944/2843/2762
f 1154/2811/2731 1365/2812/2732 1366/2845/2764 1155/2844/2763
f 1365/2812/2732 1576/2813/2733 1577/2846/2765 1366/2845/2764
f 1576/2813/2733 1787/2814/2734 1788/2847/2766 1577/2846/2765
f 1787/2814/2734 1998/2815/2735 1999/2848/2767 1788/2847/2766
f 1998/2815/2735 2209/2816/2736 2210/2849/2768 1999/2848/2767
f 2209/2816/2736 2420/2817/2737 2421/2850/2769 2210/2849/2768
f 2420/2817/2737 2631/2818/2738 2632/2851/2770 2421/2850/2769
f 2631/2818/2738 2842/2819/2739 2843/2852/2771 2632/2851/2770
f 2842/2819/2739 3053/2820/2740 3054/2853/2772 2843/2852/2771
f 3053/2820/2740 3264/2821/2741 3265/2854/2773 3054/2853/2772
f 3264/2821/2741 3475/2822/2742 3476/2855/2774 3265/2854/2773
f 3475/2822/2742 3686/2823/2743 3687/2856/2775 3476/2855/2774
f 3686/2823/2743 3897/2824/2744 3898/2857/2776 3687/2856/2775
f 3897/2824/2744 4108/2825/2745 4109/2858/2777 3898/2857/2776
f 4108/2825/2745 4319/2826/2746 4320/2859/2778 4109/2858/2777
f 4319/2826/2746 4530/2827/2747 4531/2860/2779 4320/2859/2778
f 4530/2827/2747 4741/2828/2748 4742/2861/2780 4531/2860/2779
f 4741/2828/2748 4952/2829/2749 4953/2862/2781 4742/2861/2780
f 4952/2829/2749 5163/2830/2750 5164/2863/2782 4953/2862/2781
f 5163/2830/2750 5374/2831/2751 5375/2864/2783 5164/2863/2782
f 5374/2831/2751 5585/2832/2752 5586/2865/2784 5375/2864/2783
f 5585/2832/2752 5796/2833/2753 5797/2866/2785 5586/2865/2784
f 5796/2833/2753 6007/2834/2754 6008/2867/2786 5797/2866/2785
f 6007/2834/2754 6218/2835/2755 6219/2868/2787 6008/2867/2786
f 6218/2835/2755 6429/2836/2756 6430/2869/2788 6219/2868/2787
f 6429/2836/2756 6640/2837/2757 6641/2870/2789 6430/2869/2788
f 6640/2837/2757 98/2838/2727 99/2871/2759 6641/2870/2789
f 99/2840/2759 311/2839/2758 312/2839/2790 100/2840/2790
f 311/2839/2758 522/2841/2760 523/2841/2790 312/2839/2790
f 522/2841/2760 733/2842/2761 734/2842/2790 523/2841/2790
f 733/2842/2761 944/2843/2762 945/2843/2790 734/2842/2790
f 944/2843/2762 1155/2844/2763 1156/2844/2790 945/2843/2790
f 1155/2844/2763 1366/2845/2764 1367/2845/2790 1156/2844/2790
f 1366/2845/2764 1577/2846/2765 1578/2846/2790 1367/2845/2790
f 1577/2846/2765 1788/2847/2766 1789/2847/2790 1578/2846/2790
f 1788/2847/2766 1999/2848/2767 2000/2848/2790 1789/2847/2790
f 1999/2848/2767 2210/2849/2768 2211/2849/2790 2000/2848/2790
f 2210/2849/2768 2421/2850/2769 2422/2850/2790 2211/2849/2790
f 2421/2850/2769 2632/2851/2770 2633/2851/2790 2422/2850/2790
f 2632/2851/2770 2843/2852/2771 2844/2852/2790 2633/2851/2790
f 2843/2852/2771 3054/2853/2772 3055/2853/2790 2844/2852/2790
f 3054/2853/2772 3265/2854/2773 3266/2854/2790 3055/2853/2790
f 3265/2854/2773 3476/2855/2774 3477/2855/2790 3266/2854/2790
f 3476/2855/2774 3687/2856/2775 3688/2856/2790 3477/2855/2790
f 3687/2856/2775 3898/2857/2776 3899/2857/2790 3688/2856/2790
f 3898/2857/2776 4109/2858/2777 4110/2858/2790 3899/2857/2790
f 4109/2858/2777 4320/2859/2778 4321/2859/2790 4110/2858/2790
f 4320/2859/2778 4531/2860/2779 4532/2860/2790 4321/2859/2790
f 4531/2860/2779 4742/2861/2780 4743/2861/2790 4532/2860/2790
f 4742/2861/2780 4953/2862/2781 4954/2862/2790 4743/2861/2790
f 4953/2862/2781 5164/2863/2782 5165/2863/2790 4954/2862/2790
f 5164/2863/2782 5375/2864/2783 5376/2864/2790 5165/2863/2790
f 5375/2864/2783 5586/2865/2784 5587/2865/2790 5376/2864/2790
f 5586/2865/2784 5797/2866/2785 5798/2866/2790 5587/2865/2790
f 5797/2866/2785 6008/2867/2786 6009/2867/2790 5798/2866/2790
f 6008/2867/2786 6219/2868/2787 6220/2868/2790 6009/2867/2790
f 6219/2868/2787 6430/2869/2788 6431/2869/2790 6220/2868/2790
f 6430/2869/2788 6641/2870/2789 6642/2870/2790 6431/2869/2790
f 6641/2870/2789 99/2871/2759 100/2871/2790 6642/2870/2790
f 100/2840/2790 312/2839/2790 313/2839/2790 101/2840/2790
f 312/2839/2790 523/2841/2790 524/2841/2790 313/2839/2790
f 523/2841/2790 734/2842/2790 735/2842/2790 524/2841/2790
f 734/2842/2790 945/2843/2790 946/2843/2790 735/2842/2790
f 945/2843/2790 1156/2844/2790 1157/2844/2790 946/2843/2790
f 1156/2844/2790 1367/2845/2790 1368/2845/2790 1157/2844/2790
f 1367/2845/2790 1578/2846/2790 1579/2846/2790 1368/2845/2790
f 1578/2846/2790 1789/2847/2790 1790/2847/2790 1579/2846/2790
f 1789/2847/2790 2000/2848/2790 2001/2848/2790 1790/2847/2790
f 2000/2848/2790 2211/2849/2790 2212/2849/2790 2001/2848/2790
f 2211/2849/2790 2422/2850/2790 2423/2850/2790 2212/2849/2790
f 2422/2850/2790 2633/2851/2790 2634/2851/2790 2423/2850/2790
f 2633/2851/2790 2844/2852/2790 2845/2852/2790 2634/2851/2790
f 2844/2852/2790 3055/2853/2790 3056/2853/2790 2845/2852/2790
f 3055/2853/2790 3266/2854/2790 3267/2854/2790 3056/2853/2790
f 3266/2854/2790 3477/2855/2790 3478/2855/2790 3267/2854/2790
f 3477/2855/2790 3688/2856/2790 3689/2856/2790 3478/2855/2790
f 3688/2856/2790 3899/2857/2790 3900/2857/2790 3689/2856/2790
f 3899/2857/2790 4110/2858/2790 4111/2858/2790 3900/2857/2790
f 4110/2858/2790 4321/2859/2790 4322/2859/2790 4111/2858/2790
f 4321/2859/2790 4532/2860/2790 4533/2860/2790 4322/2859/2790
f 4532/2860/2790 4743/2861/2790 4744/2861/2790 4533/2860/2790
f 4743/2861/2790 4954/2862/2790 4955/2862/2790 4744/2861/2790
f 4954/2862/2790 5165/2863/2790 5166/2863/2790 4955/2862/2790
f 5165/2863/2790 5376/2864/2790 5377/2864/2790 5166/2863/2790
f 5376/2864/2790 5587/2865/2790 5588/2865/2790 5377/2864/2790
f 5587/2865/2790 5798/2866/2790 5799/2866/2790 5588/2865/2790
f 5798/2866/2790 6009/2867/2790 6010/2867/2790 5799/2866/2790
f 6009/2867/2790 6220/2868/2790 6221/2868/2790 6010/2867/2790
f 6220/2868/2790 6431/2869/2790 6432/2869/2790 6221/2868/2790
f 6431/2869/2790 6642/2870/2790 6643/2870/2790 6432/2869/2790
f 6642/2870/2790 100/2871/2790 101/2871/2790 6643/2870/2790
f 101/2840/2790 313/2839/2790 314/2839/2790 102/2840/2790
f 313/2839/2790 524/2841/2790 525/2841/2790 314/2839/2790
f 524/2841/2790 735/2842/2790 736/2842/2790 525/2841/2790
f 735/2842/2790 946/2843/2790 947/2843/2790 736/2842/2790
f 946/2843/2790 1157/2844/2790 1158/2844/2790 947/2843/2790
f 1157/2844/2790 1368/2845/2790 1369/2845/2790 1158/2844/2790
f 1368/2845/2790 1579/2846/2790 1580/2846/2790 1369/2845/2790
f 1579/2846/2790 1790/2847/2790 1791/2847/2790 1580/2846/2790
f 1790/2847/2790 2001/2848/2790 2002/2848/2790 1791/2847/2790
f 2001/2848/2790 2212/2849/2790 2213/2849/2790 2002/2848/2790
f 2212/2849/2790 2423/2850/2790 2424/2850/2790 2213/2849/2790
f 2423/2850/2790 2634/2851/2790 2635/2851/2790 2424/2850/2790
f 2634/2851/2790 2845/2852/2790 2846/2852/2790 2635/2851/2790
f 2845/2852/2790 3056/2853/2790 3057/2853/2790 2846/2852/2790
f 3056/2853/2790 3267/2854/2790 3268/2854/2790 3057/2853/2790
f 3267/2854/2790 3478/2855/2790 3479/2855/2790 3268/2854/2790
f 3478/2855/2790 3689/2856/2790 3690/2856/2790 3479/2855/2790
f 3689/2856/2790 3900/2857/2790 3901/2857/2790 3690/2856/2790
f 3900/2857/2790 4111/2858/2790 4112/2858/2790 3901/2857/2790
f 4111/2858/2790 4322/2859/2790 4323/2859/2790 4112/2858/2790
f 4322/2859/2790 4533/2860/2790 4534/2860/2790 4323/2859/2790
f 4533/2860/2790 4744/2861/2790 4745/2861/2790 4534/2860/2790
f 4744/2861/2790 4955/2862/2790 4956/2862/2790 4745/2861/2790
f 4955/2862/2790 5166/2863/2790 5167/2863/2790 4956/2862/2790
f 5166/2863/2790 5377/2864/2790 5378/2864/2790 5167/2863/2790
f 5377/2864/2790 5588/2865/2790 5589/2865/2790 5378/2864/2790
f 5588/2865/2790 5799/2866/2790 5800/2866/2790 5589/2865/2790
f 5799/2866/2790 6010/2867/2790 6011/2867/2790 5800/2866/2790
f 6010/2867/2790 6221/2868/2790 6222/2868/2790 6011/2867/2790
f 6221/2868/2790 6432/2869/2790 6433/2869/2790 6222/2868/2790
f 6432/2869/2790 6643/2870/2790 6644/2870/2790 6433/2869/2790
f 6643/2870/2790 101/2871/2790 102/2871/2790 6644/2870/2790
f 102/2840/2790 314/2839/2790 315/2839/2790 103/2840/2790
f 314/2839/2790 525/2841/2790 526/2841/2790 315/2839/2790
f 525/2841/2790 736/2842/2790 737/2842/2790 526/2841/2790
f 736/2842/2790 947/2843/2790 948/2843/2790 737/2842/2790
f 947/2843/2790 1158/2844/2790 1159/2844/2790 948/2843/2790
f 1158/2844/2790 1369/2845/2790 1370/2845/2790 1159/2844/2790
f 1369/2845/2790 1580/2846/2790 1581/2846/2790 1370/2845/2790
f 1580/2846/2790 1791/2847/2790 1792/2847/2790 1581/2846/2790
f 1791/2847/2790 2002/2848/2790 2003/2848/2790 1792/2847/2790
f 2002/2848/2790 2213/2849/2790 2214/2849/2790 2003/2848/2790
f 2213/2849/2790 2424/2850/2790 2425/2850/2790 2214/2849/2790
f 2424/2850/2790 2635/2851/2790 2636/2851/2790 2425/2850/2790
f 2635/2851/2790 2846/2852/2790 2847/2852/2790 2636/2851/2790
f 2846/2852/2790 3057/2853/2790 3058/2853/2790 2847/2852/2790
f 3057/2853/2790 3268/2854/2790 3269/2854/2790 3058/2853/2790
f 3268/2854/2790 3479/2855/2790 3480/2855/2790 3269/2854/2790
f 3479/2855/2790 3690/2856/2790 3691/2856/2790 3480/2855/2790
f 3690/2856/2790 3901/2857/2790 3902/2857/2790 3691/2856/2790
f 3901/2857/2790 4112/2858/2790 4113/2858/2790 3902/2857/2790
f 4112/2858/2790 4323/2859/2790 4324/2859/2790 4113/2858/2790
f 4323/2859/2790 4534/2860/2790 4535/2860/2790 4324/2859/2790
f 4534/2860/2790 4745/2861/2790 4746/2861/2790 4535/2860/2790
f 4745/2861/2790 4956/2862/2790 4957/2862/2790 4746/2861/2790
f 4956/2862/2790 5167/2863/2790 5168/2863/2790 4957/2862/2790
f 5167/2863/2790 5378/2864/2790 5379/2864/2790 5168/2863/2790
f 5378/2864/2790 5589/2865/2790 5590/2865/2790 5379/2864/2790
f 5589/2865/2790 5800/2866/2790 5801/2866/2790 5590/2865/2790
f 5800/2866/2790 6011/2867/2790 6012/2867/2790 5801/2866/2790
f 6011/2867/2790 6222/2868/2790 6223/2868/2790 6012/2867/2790
f 6222/2868/2790 6433/2869/2790 6434/2869/2790 6223/2868/2790
f 6433/2869/2790 6644/2870/2790 6645/2870/2790 6434/2869/2790
f 6644/2870/2790 102/2871/2790 103/2871/2790 6645/2870/2790
f 103/2840/2790 315/2839/2790 316/2839/2790 104/2840/2790
f 315/2839/2790 526/2841/2790 527/2841/2790 316/2839/2790
f 526/2841/2790 737/2842/2790 738/2842/2790 527/2841/2790
f 737/2842/2790 948/2843/2790 949/2843/2790 738/2842/2790
f 948/2843/2790 1159/2844/2790 1160/2844/2790 949/2843/2790
f 1159/2844/2790 1370/2845/2790 1371/2845/2790 1160/2844/2790
f 1370/2845/2790 1581/2846/2790 1582/2846/2790 1371/2845/2790
f 1581/2846/2790 1792/2847/2790 1793/2847/2790 1582/2846/2790
f 1792/2847/2790 2003/2848/2790 2004/2848/2790 1793/2847/2790
f 2003/2848/2790 2214/2849/2790 2215/2849/2790 2004/2848/2790
f 2214/2849/2790 2425/2850/2790 2426/2850/2790 2215/2849/2790
f 2425/2850/2790 2636/2851/2790 2637/2851/2790 2426/2850/2790
f 2636/2851/2790 2847/2852/2790 2848/2852/2790 2637/2851/2790
f 2847/2852/2790 3058/2853/2790 3059/2853/2790 2848/2852/2790
f 3058/2853/2790 3269/2854/2790 3270/2854/2790 3059/2853/2790
f 3269/2854/2790 3480/2855/2790 3481/2855/2790 3270/2854/2790
f 3480/2855/2790 3691/2856/2790 3692/2856/2790 3481/2855/2790
f 3691/2856/2790 3902/2857/2790 3903/2857/2790 3692/2856/2790
f 3902/2857/2790 4113/2858/2790 4114/2858/2790 3903/2857/2790
f 4113/2858/2790 4324/2859/2790 4325/2859/2790 4114/2858/2790
f 4324/2859/2790 4535/2860/2790 4536/2860/2790 4325/2859/2790
f 4535/2860/2790 4746/2861/2790 4747/2861/2790 4536/2860/2790
f 4746/2861/2790 4957/2862/2790 4958/2862/2790 4747/2861/2790
f 4957/2862/2790 5168/2863/2790 5169/2863/2790 4958/2862/2790
f 5168/2863/2790 5379/2864/2790 5380/2864/2790 5169/2863/2790
f 5379/2864/2790 5590/2865/2790 5591/2865/2790 5380/2864/2790
f 5590/2865/2790 5801/2866/2790 5802/2866/2790 5591/2865/2790
f 5801/2866/2790 6012/2867/2790 6013/2867/2790 5802/2866/2790
f 6012/2867/2790 6223/2868/2790 6224/2868/2790 6013/2867/2790
f 6223/2868/2790 6434/2869/2790 6435/2869/2790 6224/2868/2790
f 6434/2869/2790 6645/2870/2790 6646/2870/2790 6435/2869/2790
f 6645/2870/2790 103/2871/2790 104/2871/2790 6646/2870/2790
f 104/2840/2790 316/2839/2790 317/2839/2790 105/2840/2790
f 316/2839/2790 527/2841/2790 528/2841/2790 317/2839/2790
f 527/2841/2790 738/2842/2790 739/2842/2790 528/2841/2790
f 738/2842/2790 949/2843/2790 950/2843/2790 739/2842/2790
f 949/2843/2790 1160/2844/2790 1161/2844/2790 950/2843/2790
f 1160/2844/2790 1371/2845/2790 1372/2845/2790 1161/2844/2790
f 1371/2845/2790 1582/2846/2790 1583/2846/2790 1372/2845/2790
f 1582/2846/2790 1793/2847/2790 1794/2847/2790 1583/2846/2790
f 1793/2847/2790 2004/2848/2790 2005/2848/2790 1794/2847/2790
f 2004/2848/2790 2215/2849/2790 2216/2849/2790 2005/2848/2790
f 2215/2849/2790 2426/2850/2790 2427/2850/2790 2216/2849/2790
f 2426/2850/2790 2637/2851/2790 2638/2851/2790 2427/2850/2790
f 2637/2851/2790 2848/2852/2790 2849/2852/2790 2638/2851/2790
f 2848/2852/2790 3059/2853/2790 3060/2853/2790 2849/2852/2790
f 3059/2853/2790 3270/2854/2790 3271/2854/2790 3060/2853/2790
f 3270/2854/2790 3481/2855/2790 3482/2855/2790 3271/2854/2790
f 3481/2855/2790 3692/2856/2790 3693/2856/2790 3482/2855/2790
f 3692/2856/2790 3903/2857/2790 3904/2857/2790 3693/2856/2790
f 3903/2857/2790 4114/2858/2790 4115/2858/2790 3904/2857/2790
f 4114/2858/2790 4325/2859/2790 4326/2859/2790 4115/2858/2790
f 4325/2859/2790 4536/2860/2790 4537/2860/2790 4326/2859/2790
f 4536/2860/2790 4747/2861/2790 4748/2861/2790 4537/2860/2790
f 4747/2861/2790 4958/2862/2790 4959/2862/2790 4748/2861/2790
f 4958/2862/2790 5169/2863/2790 5170/2863/2790 4959/2862/2790
f 5169/2863/2790 5380/2864/2790 5381/2864/2790 5170/2863/2790
f 5380/2864/2790 5591/2865/2790 5592/2865/2790 5381/2864/2790
f 5591/2865/2790 5802/2866/2790 5803/2866/2790 5592/2865/2790
f 5802/2866/2790 6013/2867/2790 6014/2867/2790 5803/2866/2790
f 6013/2867/2790 6224/2868/2790 6225/2868/2790 6014/2867/2790
f 6224/2868/2790 6435/2869/2790 6436/2869/2790 6225/2868/2790
f 6435/2869/2790 6646/2870/2790 6647/2870/2790 6436/2869/2790
f 6646/2870/2790 104/2871/2790 105/2871/2790 6647/2870/2790
f 105/2840/2790 317/2839/2790 318/2839/2790 106/2840/2790
f 317/2839/2790 528/2841/2790 529/2841/2790 318/2839/2790
f 528/2841/2790 739/2842/2790 740/2842/2790 529/2841/2790
f 739/2842/2790 950/2843/2790 951/2843/2790 740/2842/2790
f 950/2843/2790 1161/2844/2790 1162/2844/2790 951/2843/2790
f 1161/2844/2790 1372/2845/2790 1373/2845/2790 1162/2844/2790
f 1372/2845/2790 1583/2846/2790 1584/2846/2790 1373/2845/2790
f 1583/2846/2790 1794/2847/2790 1795/2847/2790 1584/2846/2790
f 1794/2847/2790 2005/2848/2790 2006/2848/2790 1795/2847/2790
f 2005/2848/2790 2216/2849/2790 2217/2849/2790 2006/2848/2790
f 2216/2849/2790 2427/2850/2790 2428/2850/2790 2217/2849/2790
f 2427/2850/2790 2638/2851/2790 2639/2851/2790 2428/2850/2790
f 2638/2851/2790 2849/2852/2790 2850/2852/2790 2639/2851/2790
f 2849/2852/2790 3060/2853/2790 3061/2853/2790 2850/2852/2790
f 3060/2853/2790 3271/2854/2790 3272/2854/2790 3061/2853/2790
f 3271/2854/2790 3482/2855/2790 3483/2855/2790 3272/2854/2790
f 3482/2855/2790 3693/2856/2790 3694/2856/2790 3483/2855/2790
f 3693/2856/2790 3904/2857/2790 3905/2857/2790 3694/2856/2790
f 3904/2857/2790 4115/2858/2790 4116/2858/2790 3905/2857/2790
f 4115/2858/2790 4326/2859/2790 4327/2859/2790 4116/2858/2790
f 4326/2859/2790 4537/2860/2790 4538/2860/2790 4327/2859/2790
f 4537/2860/2790 4748/2861/2790 4749/2861/2790 4538/2860/2790
f 4748/2861/2790 4959/2862/2790 4960/2862/2790 4749/2861/2790
f 4959/2862/2790 5170/2863/2790 5171/2863/2790 4960/2862/2790
f 5170/2863/2790 5381/2864/2790 5382/2864/2790 5171/2863/2790
f 5381/2864/2790 5592/2865/2790 5593/2865/2790 5382/2864/2790
f 5592/2865/2790 5803/2866/2790 5804/2866/2790 5593/2865/2790
f 5803/2866/2790 6014/2867/2790 6015/2867/2790 5804/2866/2790
f 6014/2867/2790 6225/2868/2790 6226/2868/2790 6015/2867/2790
f 6225/2868/2790 6436/2869/2790 6437/2869/2790 6226/2868/2790
f 6436/2869/2790 6647/2870/2790 6648/2870/2790 6437/2869/2790
f 6647/2870/2790 105/2871/2790 106/2871/2790 6648/2870/2790
f 106/2840/2790 318/2839/2790 319/2839/2790 107/2840/2790
f 318/2839/2790 529/2841/2790 530/2841/2790 319/2839/2790
f 529/2841/2790 740/2842/2790 741/2842/2790 530/2841/2790
f 740/2842/2790 951/2843/2790 952/2843/2790 741/2842/2790
f 951/2843/2790 1162/2844/2790 1163/2844/2790 952/2843/2790
f 1162/2844/2790 1373/2845/2790 1374/2845/2790 1163/2844/2790
f 1373/2845/2790 1584/2846/2790 1585/2846/2790 1374/2845/2790
f 1584/2846/2790 1795/2847/2790 1796/2847/2790 1585/2846/2790
f 1795/2847/2790 2006/2848/2790 2007/2848/2790 1796/2847/2790
f 2006/2848/2790 2217/2849/2790 2218/2849/2790 2007/2848/2790
f 2217/2849/2790 2428/2850/2790 2429/2850/2790 2218/2849/2790
f 2428/2850/2790 2639/2851/2790 2640/2851/2790 2429/2850/2790
f 2639/2851/2790 2850/2852/2790 2851/2852/2790 2640/2851/2790
f 2850/2852/2790 3061/2853/2790 3062/2853/2790 2851/2852/2790
f 3061/2853/2790 3272/2854/2790 3273/2854/2790 3062/2853/2790
f 3272/2854/2790 3483/2855/2790 3484/2855/2790 3273/2854/2790
f 3483/2855/2790 3694/2856/2790 3695/2856/2790 3484/2855/2790
f 3694/2856/2790 3905/2857/2790 3906/2857/2790 3695/2856/2790
f 3905/2857/2790 4116/2858/2790 4117/2858/2790 3906/2857/2790
f 4116/2858/2790 4327/2859/2790 4328/2859/2790 4117/2858/2790
f 4327/2859/2790 4538/2860/2790 4539/2860/2790 4328/2859/2790
f 4538/2860/2790 4749/2861/2790 4750/2861/2790 4539/2860/2790
f 4749/2861/2790 4960/2862/2790 4961/2862/2790 4750/2861/2790
f 4960/2862/2790 5171/2863/2790 5172/2863/2790 4961/2862/2790
f 5171/2863/2790 5382/2864/2790 5383/2864/2790 5172/2863/2790
f 5382/2864/2790 5593/2865/2790 5594/2865/2790 5383/2864/2790
f 5593/2865/2790 5804/2866/2790 5805/2866/2790 5594/2865/2790
f 5804/2866/2790 6015/2867/2790 6016/2867/2790 5805/2866/2790
f 6015/2867/2790 6226/2868/2790 6227/2868/2790 6016/2867/2790
f 6226/2868/2790 6437/2869/2790 6438/2869/2790 6227/2868/2790
f 6437/2869/2790 6648/2870/2790 6649/2870/2790 6438/2869/2790
f 6648/2870/2790 106/2871/2790 107/2871/2790 6649/2870/2790
f 107/2840/2790 319/2839/2790 320/2839/2790 108/2840/2790
f 319/2839/2790 530/2841/2790 531/2841/2790 320/2839/2790
f 530/2841/2790 741/2842/2790 742/2842/2790 531/2841/2790
f 741/2842/2790 952/2843/2790 953/2843/2790 742/2842/2790
f 952/2843/2790 1163/2844/2790 1164/2844/2790 953/2843/2790
f 1163/2844/2790 1374/2845/2790 1375/2845/2790 1164/2844/2790
f 1374/2845/2790 1585/2846/2790 1586/2846/2790 1375/2845/2790
f 1585/2846/2790 1796/2847/2790 1797/2847/2790 1586/2846/2790
f 1796/2847/2790 2007/2848/2790 2008/2848/2790 1797/2847/2790
f 2007/2848/2790 2218/2849/2790 2219/2849/2790 2008/2848/2790
f 2218/2849/2790 2429/2850/2790 2430/2850/2790 2219/2849/2790
f 2429/2850/2790 2640/2851/2790 2641/2851/2790 2430/2850/2790
f 2640/2851/2790 2851/2852/2790 2852/2852/2790 2641/2851/2790
f 2851/2852/2790 3062/2853/2790 3063/2853/2790 2852/2852/2790
f 3062/2853/2790 3273/2854/2790 3274/2854/2790 3063/2853/2790
f 3273/2854/2790 3484/2855/2790 3485/2855/2790 3274/2854/2790
f 3484/2855/2790 3695/2856/2790 3696/2856/2790 3485/2855/2790
f 3695/2856/2790 3906/2857/2790 3907/2857/2790 3696/2856/2790
f 3906/2857/2790 4117/2858/2790 4118/2858/2790 3907/2857/2790
f 4117/2858/2790 4328/2859/2790 4329/2859/2790 4118/2858/2790
f 4328/2859/2790 4539/2860/2790 4540/2860/2790 4329/2859/2790
f 4539/2860/2790 4750/2861/2790 4751/2861/2790 4540/2860/2790
f 4750/2861/2790 4961/2862/2790 4962/2862/2790 4751/2861/2790
f 4961/2862/2790 5172/2863/2790 5173/2863/2790 4962/2862/2790
f 5172/2863/2790 5383/2864/2790 5384/2864/2790 5173/2863/2790
f 5383/2864/2790 5594/2865/2790 5595/2865/2790 5384/2864/2790
f 5594/2865/2790 5805/2866/2790 5806/2866/2790 5595/2865/2790
f 5805/2866/2790 6016/2867/2790 6017/2867/2790 5806/2866/2790
f 6016/2867/2790 6227/2868/2790 6228/2868/2790 6017/2867/2790
f 6227/2868/2790 6438/2869/2790 6439/2869/2790 6228/2868/2790
f 6438/2869/2790 6649/2870/2790 6650/2870/2790 6439/2869/2790
f 6649/2870/2790 107/2871/2790 108/2871/2790 6650/2870/2790
f 108/2840/2790 320/2839/2790 321/2839/2790 109/2840/2790
f 320/2839/2790 531/2841/2790 532/2841/2790 321/2839/2790
f 531/2841/2790 742/2842/2790 743/2842/2790 532/2841/2790
f 742/2842/2790 953/2843/2790 954/2843/2790 743/2842/2790
f 953/2843/2790 1164/2844/2790 1165/2844/2790 954/2843/2790
f 1164/2844/2790 1375/2845/2790 1376/2845/2790 1165/2844/2790
f 1375/2845/2790 1586/2846/2790 1587/2846/2790 1376/2845/2790
f 1586/2846/2790 1797/2847/2790 1798/2847/2790 1587/2846/2790
f 1797/2847/2790 2008/2848/2790 2009/2848/2790 1798/2847/2790
f 2008/2848/2790 2219/2849/2790 2220/2849/2790 2009/2848/2790
f 2219/2849/2790 2430/2850/2790 2431/2850/2790 2220/2849/2790
f 2430/2850/2790 2641/2851/2790 2642/2851/2790 2431/2850/2790
f 2641/2851/2790 2852/2852/2790 2853/2852/2790 2642/2851/2790
f 2852/2852/2790 3063/2853/2790 3064/2853/2790 2853/2852/2790
f 3063/2853/2790 3274/2854/2790 3275/2854/2790 3064/2853/2790
f 3274/2854/2790 3485/2855/2790 3486/2855/2790 3275/2854/2790
f 3485/2855/2790 3696/2856/2790 3697/2856/2790 3486/2855/2790
f 3696/2856/2790 3907/2857/2790 3908/2857/2790 3697/2856/2790
f 3907/2857/2790 4118/2858/2790 4119/2858/2790 3908/2857/2790
f 4118/2858/2790 4329/2859/2790 4330/2859/2790 4119/2858/2790
f 4329/2859/2790 4540/2860/2790 4541/2860/2790 4330/2859/2790
f 4540/2860/2790 4751/2861/2790 4752/2861/2790 4541/2860/2790
f 4751/2861/2790 4962/2862/2790 4963/2862/2790 4752/2861/2790
f 4962/2862/2790 5173/2863/2790 5174/2863/2790 4963/2862/2790
f 5173/2863/2790 5384/2864/2790 5385/2864/2790 5174/2863/2790
f 5384/2864/2790 5595/2865/2790 5596/2865/2790 5385/2864/2790
f 5595/2865/2790 5806/2866/2790 5807/2866/2790 5596/2865/2790
f 5806/2866/2790 6017/2867/2790 6018/2867/2790 5807/2866/2790
f 6017/2867/2790 6228/2868/2790 6229/2868/2790 6018/2867/2790
f 6228/2868/2790 6439/2869/2790 6440/2869/2790 6229/2868/2790
f 6439/2869/2790 6650/2870/2790 6651/2870/2790 6440/2869/2790
f 6650/2870/2790 108/2871/2790 109/2871/2790 6651/2870/2790
f 109/2840/2790 321/2839/2790 322/2839/2790 110/2840/2790
f 321/2839/2790 532/2841/2790 533/2841/2790 322/2839/2790
f 532/2841/2790 743/2842/2790 744/2842/2790 533/2841/2790
f 743/2842/2790 954/2843/2790 955/2843/2790 744/2842/2790
f 954/2843/2790 1165/2844/2790 1166/2844/2790 955/2843/2790
f 1165/2844/2790 1376/2845/2790 1377/2845/2790 1166/2844/2790
f 1376/2845/2790 1587/2846/2790 1588/2846/2790 1377/2845/2790
f 1587/2846/2790 1798/2847/2790 1799/2847/2790 1588/2846/2790
f 1798/2847/2790 2009/2848/2790 2010/2848/2790 1799/2847/2790
f 2009/2848/2790 2220/2849/2790 2221/2849/2790 2010/2848/2790
f 2220/2849/2790 2431/2850/2790 2432/2850/2790 2221/2849/2790
f 2431/2850/2790 2642/2851/2790 2643/2851/2790 2432/2850/2790
f 2642/2851/2790 2853/2852/2790 2854/2852/2790 2643/2851/2790
f 2853/2852/2790 3064/2853/2790 3065/2853/2790 2854/2852/2790
f 3064/2853/2790 3275/2854/2790 3276/2854/2790 3065/2853/2790
f 3275/2854/2790 3486/2855/2790 3487/2855/2790 3276/2854/2790
f 3486/2855/2790 3697/2856/2790 3698/2856/2790 3487/2855/2790
f 3697/2856/2790 3908/2857/2790 3909/2857/2790 3698/2856/2790
f 3908/2857/2790 4119/2858/2790 4120/2858/2790 3909/2857/2790
f 4119/2858/2790 4330/2859/2790 4331/2859/2790 4120/2858/2790
f 4330/2859/2790 4541/2860/2790 4542/2860/2790 4331/2859/2790
f 4541/2860/2790 4752/2861/2790 4753/2861/2790 4542/2860/2790
f 4752/2861/2790 4963/2862/2790 4964/2862/2790 4753/2861/2790
f 4963/2862/2790 5174/2863/2790 5175/2863/2790 4964/2862/2790
f 5174/2863/2790 5385/2864/2790 5386/2864/2790 5175/2863/2790
f 5385/2864/2790 5596/2865/2790 5597/2865/2790 5386/2864/2790
f 5596/2865/2790 5807/2866/2790 5808/2866/2790 5597/2865/2790
f 5807/2866/2790 6018/2867/2790 6019/2867/2790 5808/2866/2790
f 6018/2867/2790 6229/2868/2790 6230/2868/2790 6019/2867/2790
f 6229/2868/2790 6440/2869/2790 6441/2869/2790 6230/2868/2790
f 6440/2869/2790 6651/2870/2790 6652/2870/2790 6441/2869/2790
f 6651/2870/2790 109/2871/2790 110/2871/2790 6652/2870/2790
f 110/2840/2790 322/2839/2790 323/2839/2791 111/2840/2792
f 322/2839/2790 533/2841/2790 534/2841/2793 323/2839/2791
f 533/2841/2790 744/2842/2790 745/2842/2794 534/2841/2793
f 744/2842/2790 955/2843/2790 956/2843/2795 745/2842/2794
f 955/2843/2790 1166/2844/2790 1167/2844/2796 956/2843/2795
f 1166/2844/2790 1377/2845/2790 1378/2845/2797 1167/2844/2796
f 1377/2845/2790 1588/2846/2790 1589/2846/2798 1378/2845/2797
f 1588/2846/2790 1799/2847/2790 1800/2847/2799 1589/2846/2798
f 1799/2847/2790 2010/2848/2790 2011/2848/2800 1800/2847/2799
f 2010/2848/2790 2221/2849/2790 2222/2849/2801 2011/2848/2800
f 2221/2849/2790 2432/2850/2790 2433/2850/2802 2222/2849/2801
f 2432/2850/2790 2643/2851/2790 2644/2851/2803 2433/2850/2802
f 2643/2851/2790 2854/2852/2790 2855/2852/2804 2644/2851/2803
f 2854/2852/2790 3065/2853/2790 3066/2853/2805 2855/2852/2804
f 3065/2853/2790 3276/2854/2790 3277/2854/2806 3066/2853/2805
f 3276/2854/2790 3487/2855/2790 3488/2855/2807 3277/2854/2806
f 3487/2855/2790 3698/2856/2790 3699/2856/2808 3488/2855/2807
f 3698/2856/2790 3909/2857/2790 3910/2857/2809 3699/2856/2808
f 3909/2857/2790 4120/2858/2790 4121/2858/2810 3910/2857/2809
f 4120/2858/2790 4331/2859/2790 4332/2859/2811 4121/2858/2810
f 4331/2859/2790 4542/2860/2790 4543/2860/2812 4332/2859/2811
f 4542/2860/2790 4753/2861/2790 4754/2861/2813 4543/2860/2812
f 4753/2861/2790 4964/2862/2790 4965/2862/2814 4754/2861/2813
f 4964/2862/2790 5175/2863/2790 5176/2863/2815 4965/2862/2814
f 5175/2863/2790 5386/2864/2790 5387/2864/2816 5176/2863/2815
f 5386/2864/2790 5597/2865/2790 5598/2865/2817 5387/2864/2816
f 5597/2865/2790 5808/2866/2790 5809/2866/2818 5598/2865/2817
f 5808/2866/2790 6019/2867/2790 6020/2867/2819 5809/2866/2818
f 6019/2867/2790 6230/2868/2790 6231/2868/2820 6020/2867/2819
f 6230/2868/2790 6441/2869/2790 6442/2869/2821 6231/2868/2820
f 6441/2869/2790 6652/2870/2790 6653/2870/2822 6442/2869/2821
f 6652/2870/2790 110/2871/2790 111/2871/2792 6653/2870/2822
f 111/2840/2792 323/2839/2791 324/2872/2823 112/2873/2824
f 323/2839/2791 534/2841/2793 535/2874/2825 324/2872/2823
f 534/2841/2793 745/2842/2794 746/2875/2826 535/2874/2825
f 745/2842/2794 956/2843/2795 957/2876/2827 746/2875/2826
f 956/2843/2795 1167/2844/2796 1168/2877/2828 957/2876/2827
f 1167/2844/2796 1378/2845/2797 1379/2878/2829 1168/2877/2828
f 1378/2845/2797 1589/2846/2798 1590/2879/2830 1379/2878/2829
f 1589/2846/2798 1800/2847/2799 1801/2880/2831 1590/2879/2830
f 1800/2847/2799 2011/2848/2800 2012/2881/2832 1801/2880/2831
f 2011/2848/2800 2222/2849/2801 2223/2882/2833 2012/2881/2832
f 2222/2849/2801 2433/2850/2802 2434/2883/2834 2223/2882/2833
f 2433/2850/2802 2644/2851/2803 2645/2884/2835 2434/2883/2834
f 2644/2851/2803 2855/2852/2804 2856/2885/2836 2645/2884/2835
f 2855/2852/2804 3066/2853/2805 3067/2886/2837 2856/2885/2836
f 3066/2853/2805 3277/2854/2806 3278/2887/2838 3067/2886/2837
f 3277/2854/2806 3488/2855/2807 3489/2888/2839 3278/2887/2838
f 3488/2855/2807 3699/2856/2808 3700/2889/2840 3489/2888/2839
f 3699/2856/2808 3910/2857/2809 3911/2890/2841 3700/2889/2840
f 3910/2857/2809 4121/2858/2810 4122/2891/2842 3911/2890/2841
f 4121/2858/2810 4332/2859/2811 4333/2892/2843 4122/2891/2842
f 4332/2859/2811 4543/2860/2812 4544/2893/2844 4333/2892/2843
f 4543/2860/2812 4754/2861/2813 4755/2894/2845 4544/2893/2844
f 4754/2861/2813 4965/2862/2814 4966/2895/2846 4755/2894/2845
f 4965/2862/2814 5176/2863/2815 5177/2896/2847 4966/2895/2846
f 5176/2863/2815 5387/2864/2816 5388/2897/2848 5177/2896/2847
f 5387/2864/2816 5598/2865/2817 5599/2898/2849 5388/2897/2848
f 5598/2865/2817 5809/2866/2818 5810/2899/2850 5599/2898/2849
f 5809/2866/2818 6020/2867/2819 6021/2900/2851 5810/2899/2850
f 6020/2867/2819 6231/2868/2820 6232/2901/2852 6021/2900/2851
f 6231/2868/2820 6442/2869/2821 6443/2902/2853 6232/2901/2852
f 6442/2869/2821 6653/2870/2822 6654/2903/2854 6443/2902/2853
f 6653/2870/2822 111/2871/2792 112/2904/2824 6654/2903/2854
f 112/2873/2824 324/2872/2823 325/2905/2855 113/2906/2856
f 324/2872/2823 535/2874/2825 536/2907/2857 325/2905/2855
f 535/2874/2825 746/2875/2826 747/2908/2858 536/2907/2857
f 746/2875/2826 957/2876/2827 958/2909/2859 747/2908/2858
f 957/2876/2827 1168/2877/2828 1169/2910/2860 958/2909/2859
f 1168/2877/2828 1379/2878/2829 1380/2911/2861 1169/2910/2860
f 1379/2878/2829 1590/2879/2830 1591/2912/2862 1380/2911/2861
f 1590/2879/2830 1801/2880/2831 1802/2913/2863 1591/2912/2862
f 1801/2880/2831 2012/2881/2832 2013/2914/2864 1802/2913/2863
f 2012/2881/2832 2223/2882/2833 2224/2915/2865 2013/2914/2864
f 2223/2882/2833 2434/2883/2834 2435/2916/2866 2224/2915/2865
f 2434/2883/2834 2645/2884/2835 2646/2917/2867 2435/2916/2866
f 2645/2884/2835 2856/2885/2836 2857/2918/2868 2646/2917/2867
f 2856/2885/2836 3067/2886/2837 3068/2919/2869 2857/2918/2868
f 3067/2886/2837 3278/2887/2838 3279/2920/2870 3068/2919/2869
f 3278/2887/2838 3489/2888/2839 3490/2921/2871 3279/2920/2870
f 3489/2888/2839 3700/2889/2840 3701/2922/2872 3490/2921/2871
f 3700/2889/2840 3911/2890/2841 3912/2923/2873 3701/2922/2872
f 3911/2890/2841 4122/2891/2842 4123/2924/2874 3912/2923/2873
f 4122/2891/2842 4333/2892/2843 4334/2925/2875 4123/2924/2874
f 4333/2892/2843 4544/2893/2844 4545/2926/2876 4334/2925/2875
f 4544/2893/2844 4755/2894/2845 4756/2927/2877 4545/2926/2876
f 4755/2894/2845 4966/2895/2846 4967/2928/2878 4756/2927/2877
f 4966/2895/2846 5177/2896/2847 5178/2929/2879 4967/2928/2878
f 5177/2896/2847 5388/2897/2848 5389/2930/2880 5178/2929/2879
f 5388/2897/2848 5599/2898/2849 5600/2931/2881 5389/2930/2880
f 5599/2898/2849 5810/2899/2850 5811/2932/2882 5600/2931/2881
f 5810/2899/2850 6021/2900/2851 6022/2933/2883 5811/2932/2882
f 6021/2900/2851 6232/2901/2852 6233/2934/2884 6022/2933/2883
f 6232/2901/2852 6443/2902/2853 6444/2935/2885 6233/2934/2884
f 6443/2902/2853 6654/2903/2854 6655/2936/2886 6444/2935/2885
f 6654/2903/2854 112/2904/2824 113/2937/2856 6655/2936/2886
f 113/2906/2856 325/2905/2855 326/2938/2887 114/2939/2888
f 325/2905/2855 536/2907/2857 537/2940/2889 326/2938/2887
f 536/2907/2857 747/2908/2858 748/2941/2890 537/2940/2889
f 747/2908/2858 958/2909/2859 959/2942/2891 748/2941/2890
f 958/2909/2859 1169/2910/2860 1170/2943/2892 959/2942/2891
f 1169/2910/2860 1380/2911/2861 1381/2944/2893 1170/2943/2892
f 1380/2911/2861 1591/2912/2862 1592/2945/2894 1381/2944/2893
f 1591/2912/2862 1802/2913/2863 1803/2946/2895 1592/2945/2894
f 1802/2913/2863 2013/2914/2864 2014/2947/2896 1803/2946/2895
f 2013/2914/2864 2224/2915/2865 2225/2948/2897 2014/2947/2896
f 2224/2915/2865 2435/2916/2866 2436/2949/2898 2225/2948/2897
f 2435/2916/2866 2646/2917/2867 2647/2950/2899 2436/2949/2898
f 2646/2917/2867 2857/2918/2868 2858/2951/2900 2647/2950/2899
f 2857/2918/2868 3068/2919/2869 3069/2952/2901 2858/2951/2900
f 3068/2919/2869 3279/2920/2870 3280/2953/2902 3069/2952/2901
f 3279/2920/2870 3490/2921/2871 3491/2954/2903 3280/2953/2902
f 3490/2921/2871 3701/2922/2872 3702/2955/2904 3491/2954/2903
f 3701/2922/2872 3912/2923/2873 3913/2956/2905 3702/2955/2904
f 3912/2923/2873 4123/2924/2874 4124/2957/2906 3913/2956/2905
f 4123/2924/2874 4334/2925/2875 4335/2958/2907 4124/2957/2906
f 4334/2925/2875 4545/2926/2876 4546/2959/2908 4335/2958/2907
f 4545/2926/2876 4756/2927/2877 4757/2960/2909 4546/2959/2908
f 4756/2927/2877 4967/2928/2878 4968/2961/2910 4757/2960/2909
f 4967/2928/2878 5178/2929/2879 5179/2962/2911 4968/2961/2910
f 5178/2929/2879 5389/2930/2880 5390/2963/2912 5179/2962/2911
f 5389/2930/2880 5600/2931/2881 5601/2964/2913 5390/2963/2912
f 5600/2931/2881 5811/2932/2882 5812/2965/2914 5601/2964/2913
f 5811/2932/2882 6022/2933/2883 6023/2966/2915 5812/2965/2914
f 6022/2933/2883 6233/2934/2884 6234/2967/2916 6023/2966/2915
f 6233/2934/2884 6444/2935/2885 6445/2968/2917 6234/2967/2916
f 6444/2935/2885 6655/2936/2886 6656/2969/2918 6445/2968/2917
f 6655/2936/2886 113/2937/2856 114/2970/2888 6656/2969/2918
f 114/2939/2888 326/2938/2887 327/2971/2919 115/2972/2920
f 326/2938/2887 537/2940/2889 538/2973/2921 327/2971/2919
f 537/2940/2889 748/2941/2890 749/2974/2922 538/2973/2921
f 748/2941/2890 959/2942/2891 960/2975/2923 749/2974/2922
f 959/2942/2891 1170/2943/2892 1171/2976/2924 960/2975/2923
f 1170/2943/2892 1381/2944/2893 1382/2977/2925 1171/2976/2924
f 1381/2944/2893 1592/2945/2894 1593/2978/2926 1382/2977/2925
f 1592/2945/2894 1803/2946/2895 1804/2979/2927 1593/2978/2926
f 1803/2946/2895 2014/2947/2896 2015/2980/2928 1804/2979/2927
f 2014/2947/2896 2225/2948/2897 2226/2981/2929 2015/2980/2928
f 2225/2948/2897 2436/2949/2898 2437/2982/2930 2226/2981/2929
f 2436/2949/2898 2647/2950/2899 2648/2983/2931 2437/2982/2930
f 2647/2950/2899 2858/2951/2900 2859/2984/2932 2648/2983/2931
f 2858/2951/2900 3069/2952/2901 3070/2985/2933 2859/2984/2932
f 3069/2952/2901 3280/2953/2902 3281/2986/2934 3070/2985/2933
f 3280/2953/2902 3491/2954/2903 3492/2987/2935 3281/2986/2934
f 3491/2954/2903 3702/2955/2904 3703/2988/2936 3492/2987/2935
f 3702/2955/2904 3913/2956/2905 3914/2989/2937 3703/2988/2936
f 3913/2956/2905 4124/2957/2906 4125/2990/2938 3914/2989/2937
f 4124/2957/2906 4335/2958/2907 4336/2991/2939 4125/2990/2938
f 4335/2958/2907 4546/2959/2908 4547/2992/2940 4336/2991/2939
f 4546/2959/2908 4757/2960/2909 4758/2993/2941 4547/2992/2940
f 4757/2960/2909 4968/2961/2910 4969/2994/2942 4758/2993/2941
f 4968/2961/2910 5179/2962/2911 5180/2995/2943 4969/2994/2942
f 5179/2962/2911 5390/2963/2912 5391/2996/2944 5180/2995/2943
f 5390/2963/2912 5601/2964/2913 5602/2997/2945 5391/2996/2944
f 5601/2964/2913 5812/2965/2914 5813/2998/2946 5602/2997/2945
f 5812/2965/2914 6023/2966/2915 6024/2999/2947 5813/2998/2946
f 6023/2966/2915 6234/2967/2916 6235/3000/2948 6024/2999/2947
f 6234/2967/2916 6445/2968/2917 6446/3001/2949 6235/3000/2948
f 6445/2968/2917 6656/2969/2918 6657/3002/2950 6446/3001/2949
f 6656/2969/2918 114/2970/2888 115/3003/2920 6657/3002/2950
f 115/2972/2920 327/2971/2919 328/3004/2951 116/3005/2952
f 327/2971/2919 538/2973/2921 539/3006/2953 328/3004/2951
f 538/2973/2921 749/2974/2922 750/3007/2954 539/3006/2953
f 749/2974/2922 960/2975/2923 961/3008/2955 750/3007/2954
f 960/2975/2923 1171/2976/2924 1172/3009/2956 961/3008/2955
f 1171/2976/2924 1382/2977/2925 1383/3010/2957 1172/3009/2956
f 1382/2977/2925 1593/2978/2926 1594/3011/2958 1383/3010/2957
f 1593/2978/2926 1804/2979/2927 1805/3012/2959 1594/3011/2958
f 1804/2979/2927 2015/2980/2928 2016/3013/2960 1805/3012/2959
f 2015/2980/2928 2226/2981/2929 2227/3014/2961 2016/3013/2960
f 2226/2981/2929 2437/2982/2930 2438/3015/2962 2227/3014/2961
f 2437/2982/2930 2648/2983/2931 2649/3016/2963 2438/3015/2962
f 2648/2983/2931 2859/2984/2932 2860/3017/2964 2649/3016/2963
f 2859/2984/2932 3070/2985/2933 3071/3018/2965 2860/3017/2964
f 3070/2985/2933 3281/2986/2934 3282/3019/2966 3071/3018/2965
f 3281/2986/2934 3492/2987/2935 3493/3020/2967 3282/3019/2966
f 3492/2987/2935 3703/2988/2936 3704/3021/2968 3493/3020/2967
f 3703/2988/2936 3914/2989/2937 3915/3022/2969 3704/3021/2968
f 3914/2989/2937 4125/2990/2938 4126/3023/2970 3915/3022/2969
f 4125/2990/2938 4336/2991/2939 4337/3024/2971 4126/3023/2970
f 4336/2991/2939 4547/2992/2940 4548/3025/2972 4337/3024/2971
f 4547/2992/2940 4758/2993/2941 4759/3026/2973 4548/3025/2972
f 4758/2993/2941 4969/2994/2942 4970/3027/2974 4759/3026/2973
f 4969/2994/2942 5180/2995/2943 5181/3028/2975 4970/3027/2974
f 5180/2995/2943 5391/2996/2944 5392/3029/2976 5181/3028/2975
f 5391/2996/2944 5602/2997/2945 5603/3030/2977 5392/3029/2976
f 5602/2997/2945 5813/2998/2946 5814/3031/2978 5603/3030/2977
f 5813/2998/2946 6024/2999/2947 6025/3032/2979 5814/3031/2978
f 6024/2999/2947 6235/3000/2948 6236/3033/2980 6025/3032/2979
f 6235/3000/2948 6446/3001/2949 6447/3034/2981 6236/3033/2980
f 6446/3001/2949 6657/3002/2950 6658/3035/2982 6447/3034/2981
f 6657/3002/2950 115/3003/2920 116/3036/2952 6658/3035/2982
f 116/3005/2952 328/3004/2951 329/3037/2983 117/3038/2984
f 328/3004/2951 539/3006/2953 540/3039/2985 329/3037/2983
f 539/3006/2953 750/3007/2954 751/3040/2986 540/3039/2985
f 750/3007/2954 961/3008/2955 962/3041/2987 751/3040/2986
f 961/3008/2955 1172/3009/2956 1173/3042/2988 962/3041/2987
f 1172/3009/2956 1383/3010/2957 1384/3043/2989 1173/3042/2988
f 1383/3010/2957 1594/3011/2958 1595/3044/2990 1384/3043/2989
f 1594/3011/2958 1805/3012/2959 1806/3045/2991 1595/3044/2990
f 1805/3012/2959 2016/3013/2960 2017/3046/2992 1806/3045/2991
f 2016/3013/2960 2227/3014/2961 2228/3047/2993 2017/3046/2992
f 2227/3014/2961 2438/3015/2962 2439/3048/2994 2228/3047/2993
f 2438/3015/2962 2649/3016/2963 2650/3049/2995 2439/3048/2994
f 2649/3016/2963 2860/3017/2964 2861/3050/2996 2650/3049/2995
f 2860/3017/2964 3071/3018/2965 3072/3051/2997 2861/3050/2996
f 3071/3018/2965 3282/3019/2966 3283/3052/2998 3072/3051/2997
f 3282/3019/2966 3493/3020/2967 3494/3053/2999 3283/3052/2998
f 3493/3020/2967 3704/3021/2968 3705/3054/3000 3494/3053/2999
f 3704/3021/2968 3915/3022/2969 3916/3055/3001 3705/3054/3000
f 3915/3022/2969 4126/3023/2970 4127/3056/3002 3916/3055/3001
f 4126/3023/2970 4337/3024/2971 4338/3057/3003 4127/3056/3002
f 4337/3024/2971 4548/3025/2972 4549/3058/3004 4338/3057/3003
f 4548/3025/2972 4759/3026/2973 4760/3059/3005 4549/3058/3004
f 4759/3026/2973 4970/3027/2974 4971/3060/3006 4760/3059/3005
f 4970/3027/2974 5181/3028/2975 5182/3061/3007 4971/3060/3006
f 5181/3028/2975 5392/3029/2976 5393/3062/3008 5182/3061/3007
f 5392/3029/2976 5603/3030/2977 5604/3063/3009 5393/3062/3008
f 5603/3030/2977 5814/3031/2978 5815/3064/3010 5604/3063/3009
f 5814/3031/2978 6025/3032/2979 6026/3065/3011 5815/3064/3010
f 6025/3032/2979 6236/3033/2980 6237/3066/3012 6026/3065/3011
f 6236/3033/2980 6447/3034/2981 6448/3067/3013 6237/3066/3012
f 6447/3034/2981 6658/3035/2982 6659/3068/3014 6448/3067/3013
f 6658/3035/2982 116/3036/2952 117/3069/2984 6659/3068/3014
f 117/3038/2984 329/3037/2983 330/3070/3015 118/3071/3016
f 329/3037/2983 540/3039/2985 541/3072/3017 330/3070/3015
f 540/3039/2985 751/3040/2986 752/3073/3018 541/3072/3017
f 751/3040/2986 962/3041/2987 963/3074/3019 752/3073/3018
f 962/3041/2987 1173/3042/2988 1174/3075/3020 963/3074/3019
f 1173/3042/2988 1384/3043/2989 1385/3076/3021 1174/3075/3020
f 1384/3043/2989 1595/3044/2990 1596/3077/3022 1385/3076/3021
f 1595/3044/2990 1806/3045/2991 1807/3078/3023 1596/3077/3022
f 1806/3045/2991 2017/3046/2992 2018/3079/3024 1807/3078/3023
f 2017/3046/2992 2228/3047/2993 2229/3080/3025 2018/3079/3024
f 2228/3047/2993 2439/3048/2994 2440/3081/3026 2229/3080/3025
f 2439/3048/2994 2650/3049/2995 2651/3082/3027 2440/3081/3026
f 2650/3049/2995 2861/3050/2996 2862/3083/3028 2651/3082/3027
f 2861/3050/2996 3072/3051/2997 3073/3084/3029 2862/3083/3028
f 3072/3051/2997 3283/3052/2998 3284/3085/3030 3073/3084/3029
f 3283/3052/2998 3494/3053/2999 3495/3086/3031 3284/3085/3030
f 3494/3053/2999 3705/3054/3000 3706/3087/3032 3495/3086/3031
f 3705/3054/3000 3916/3055/3001 3917/3088/3033 3706/3087/3032
f 3916/3055/3001 4127/3056/3002 4128/3089/3034 3917/3088/3033
f 4127/3056/3002 4338/3057/3003 4339/3090/3035 4128/3089/3034
f 4338/3057/3003 4549/3058/3004 4550/3091/3036 4339/3090/3035
f 4549/3058/3004 4760/3059/3005 4761/3092/3037 4550/3091/3036
f 4760/3059/3005 4971/3060/3006 4972/3093/3038 4761/3092/3037
f 4971/3060/3006 5182/3061/3007 5183/3094/3039 4972/3093/3038
f 5182/3061/3007 5393/3062/3008 5394/3095/3040 5183/3094/3039
f 5393/3062/3008 5604/3063/3009 5605/3096/3041 5394/3095/3040
f 5604/3063/3009 5815/3064/3010 5816/3097/3042 5605/3096/3041
f 5815/3064/3010 6026/3065/3011 6027/3098/3043 5816/3097/3042
f 6026/3065/3011 6237/3066/3012 6238/3099/3044 6027/3098/3043
f 6237/3066/3012 6448/3067/3013 6449/3100/3045 6238/3099/3044
f 6448/3067/3013 6659/3068/3014 6660/3101/3046 6449/3100/3045
f 6659/3068/3014 117/3069/2984 118/3102/3016 6660/3101/3046
f 118/3071/3016 330/3070/3015 331/3103/3047 119/3104/3048
f 330/3070/3015 541/3072/3017 542/3105/3049 331/3103/3047
f 541/3072/3017 752/3073/3018 753/3106/3050 542/3105/3049
f 752/3073/3018 963/3074/3019 964/3107/3051 753/3106/3050
f 963/3074/3019 1174/3075/3020 1175/3108/3052 964/3107/3051
f 1174/3075/3020 1385/3076/3021 1386/3109/3053 1175/3108/3052
f 1385/3076/3021 1596/3077/3022 1597/3110/3054 1386/3109/3053
f 1596/3077/3022 1807/3078/3023 1808/3111/3055 1597/3110/3054
f 1807/3078/3023 2018/3079/3024 2019/3112/3056 1808/3111/3055
f 2018/3079/3024 2229/3080/3025 2230/3113/3057 2019/3112/3056
f 2229/3080/3025 2440/3081/3026 2441/3114/3058 2230/3113/3057
f 2440/3081/3026 2651/3082/3027 2652/3115/3059 2441/3114/3058
f 2651/3082/3027 2862/3083/3028 2863/3116/3060 2652/3115/3059
f 2862/3083/3028 3073/3084/3029 3074/3117/3061 2863/3116/3060
f 3073/3084/3029 3284/3085/3030 3285/3118/3062 3074/3117/3061
f 3284/3085/3030 3495/3086/3031 3496/3119/3063 3285/3118/3062
f 3495/3086/3031 3706/3087/3032 3707/3120/3064 3496/3119/3063
f 3706/3087/3032 3917/3088/3033 3918/3121/3065 3707/3120/3064
f 3917/3088/3033 4128/3089/3034 4129/3122/3066 3918/3121/3065
f 4128/3089/3034 4339/3090/3035 4340/3123/3067 4129/3122/3066
f 4339/3090/3035 4550/3091/3036 4551/3124/3068 4340/3123/3067
f 4550/3091/3036 4761/3092/3037 4762/3125/3069 4551/3124/3068
f 4761/3092/3037 4972/3093/3038 4973/3126/3070 4762/3125/3069
f 4972/3093/3038 5183/3094/3039 5184/3127/3071 4973/3126/3070
f 5183/3094/3039 5394/3095/3040 5395/3128/3072 5184/3127/3071
f 5394/3095/3040 5605/3096/3041 5606/3129/3073 5395/3128/3072
f 5605/3096/3041 5816/3097/3042 5817/3130/3074 5606/3129/3073
f 5816/3097/3042 6027/3098/3043 6028/3131/3075 5817/3130/3074
f 6027/3098/3043 6238/3099/3044 6239/3132/3076 6028/3131/3075
f 6238/3099/3044 6449/3100/3045 6450/3133/3077 6239/3132/3076
f 6449/3100/3045 6660/3101/3046 6661/3134/3078 6450/3133/3077
f 6660/3101/3046 118/3102/3016 119/3135/3048 6661/3134/3078
f 119/3104/3048 331/3103/3047 332/3136/3015 120/3137/3016
f 331/3103/3047 542/3105/3049 543/3138/3017 332/3136/3015
f 542/3105/3049 753/3106/3050 754/3139/3018 543/3138/3017
f 753/3106/3050 964/3107/3051 965/3140/3019 754/3139/3018
f 964/3107/3051 1175/3108/3052 1176/3141/3020 965/3140/3019
f 1175/3108/3052 1386/3109/3053 1387/3142/3021 1176/3141/3020
f 1386/3109/3053 1597/3110/3054 1598/3143/3022 1387/3142/3021
f 1597/3110/3054 1808/3111/3055 1809/3144/3023 1598/3143/3022
f 1808/3111/3055 2019/3112/3056 2020/3145/3024 1809/3144/3023
f 2019/3112/3056 2230/3113/3057 2231/3146/3025 2020/3145/3024
f 2230/3113/3057 2441/3114/3058 2442/3147/3026 2231/3146/3025
f 2441/3114/3058 2652/3115/3059 2653/3148/3027 2442/3147/3026
f 2652/3115/3059 2863/3116/3060 2864/3149/3028 2653/3148/3027
f 2863/3116/3060 3074/3117/3061 3075/3150/3029 2864/3149/3028
f 3074/3117/3061 3285/3118/3062 3286/3151/3030 3075/3150/3029
f 3285/3118/3062 3496/3119/3063 3497/3152/3031 3286/3151/3030
f 3496/3119/3063 3707/3120/3064 3708/3153/3032 3497/3152/3031
f 3707/3120/3064 3918/3121/3065 3919/3154/3033 3708/3153/3032
f 3918/3121/3065 4129/3122/3066 4130/3155/3034 3919/3154/3033
f 4129/3122/3066 4340/3123/3067 4341/3156/3035 4130/3155/3034
f 4340/3123/3067 4551/3124/3068 4552/3157/3036 4341/3156/3035
f 4551/3124/3068 4762/3125/3069 4763/3158/3037 4552/3157/3036
f 4762/3125/3069 4973/3126/3070 4974/3159/3038 4763/3158/3037
f 4973/3126/3070 5184/3127/3071 5185/3160/3039 4974/3159/3038
f 5184/3127/3071 5395/3128/3072 5396/3161/3040 5185/3160/3039
f 5395/3128/3072 5606/3129/3073 5607/3162/3041 5396/3161/3040
f 5606/3129/3073 5817/3130/3074 5818/3163/3042 5607/3162/3041
f 5817/3130/3074 6028/3131/3075 6029/3164/3043 5818/3163/3042
f 6028/3131/3075 6239/3132/3076 6240/3165/3044 6029/3164/3043
f 6239/3132/3076 6450/3133/3077 6451/3166/3045 6240/3165/3044
f 6450/3133/3077 6661/3134/3078 6662/3167/3046 6451/3166/3045
f 6661/3134/3078 119/3135/3048 120/3168/3016 6662/3167/3046
f 120/3137/3016 332/3136/3015 333/3169/2983 121/3170/2984
f 332/3136/3015 543/3138/3017 544/3171/2985 333/3169/2983
f 543/3138/3017 754/3139/3018 755/3172/2986 544/3171/2985
f 754/3139/3018 965/3140/3019 966/3173/2987 755/3172/2986
f 965/3140/3019 1176/3141/3020 1177/3174/2988 966/3173/2987
f 1176/3141/3020 1387/3142/3021 1388/3175/2989 1177/3174/2988
f 1387/3142/3021 1598/3143/3022 1599/3176/2990 1388/3175/2989
f 1598/3143/3022 1809/3144/3023 1810/3177/2991 1599/3176/2990
f 1809/3144/3023 2020/3145/3024 2021/3178/2992 1810/3177/2991
f 2020/3145/3024 2231/3146/3025 2232/3179/2993 2021/3178/2992
f 2231/3146/3025 2442/3147/3026 2443/3180/2994 2232/3179/2993
f 2442/3147/3026 2653/3148/3027 2654/3181/2995 2443/3180/2994
f 2653/3148/3027 2864/3149/3028 2865/3182/2996 2654/3181/2995
f 2864/3149/3028 3075/3150/3029 3076/3183/2997 2865/3182/2996
f 3075/3150/3029 3286/3151/3030 3287/3184/2998 3076/3183/2997
f 3286/3151/3030 3497/3152/3031 3498/3185/2999 3287/3184/2998
f 3497/3152/3031 3708/3153/3032 3709/3186/3000 3498/3185/2999
f 3708/3153/3032 3919/3154/3033 3920/3187/3001 3709/3186/3000
f 3919/3154/3033 4130/3155/3034 4131/3188/3002 3920/3187/3001
f 4130/3155/3034 4341/3156/3035 4342/3189/3003 4131/3188/3002
f 4341/3156/3035 4552/3157/3036 4553/3190/3004 4342/3189/3003
f 4552/3157/3036 4763/3158/3037 4764/3191/3005 4553/3190/3004
f 4763/3158/3037 4974/3159/3038 4975/3192/3006 4764/3191/3005
f 4974/3159/3038 5185/3160/3039 5186/3193/3007 4975/3192/3006
f 5185/3160/3039 5396/3161/3040 5397/3194/3008 5186/3193/3007
f 5396/3161/3040 5607/3162/3041 5608/3195/3009 5397/3194/3008
f 5607/3162/3041 5818/3163/3042 5819/3196/3010 5608/3195/3009
f 5818/3163/3042 6029/3164/3043 6030/3197/3011 5819/3196/3010
f 6029/3164/3043 6240/3165/3044 6241/3198/3012 6030/3197/3011
f 6240/3165/3044 6451/3166/3045 6452/3199/3013 6241/3198/3012
f 6451/3166/3045 6662/3167/3046 6663/3200/3014 6452/3199/3013
f 6662/3167/3046 120/3168/3016 121/3201/2984 6663/3200/3014
f 121/3170/2984 333/3169/2983 334/3202/2951 122/3203/2952
f 333/3169/2983 544/3171/2985 545/3204/2953 334/3202/2951
f 544/3171/2985 755/3172/2986 756/3205/2954 545/3204/2953
f 755/3172/2986 966/3173/2987 967/3206/2955 756/3205/2954
f 966/3173/2987 1177/3174/2988 1178/3207/2956 967/3206/2955
f 1177/3174/2988 1388/3175/2989 1389/3208/2957 1178/3207/2956
f 1388/3175/2989 1599/3176/2990 1600/3209/2958 1389/3208/2957
f 1599/3176/2990 1810/3177/2991 1811/3210/2959 1600/3209/2958
f 1810/3177/2991 2021/3178/2992 2022/3211/2960 1811/3210/2959
f 2021/3178/2992 2232/3179/2993 2233/3212/2961 2022/3211/2960
f 2232/3179/2993 2443/3180/2994 2444/3213/2962 2233/3212/2961
f 2443/3180/2994 2654/3181/2995 2655/3214/2963 2444/3213/2962
f 2654/3181/2995 2865/3182/2996 2866/3215/2964 2655/3214/2963
f 2865/3182/2996 3076/3183/2997 3077/3216/2965 2866/3215/2964
f 3076/3183/2997 3287/3184/2998 3288/3217/2966 3077/3216/2965
f 3287/3184/2998 3498/3185/2999 3499/3218/2967 3288/3217/2966
f 3498/3185/2999 3709/3186/3000 3710/3219/2968 3499/3218/2967
f 3709/3186/3000 3920/3187/3001 3921/3220/2969 3710/3219/2968
f 3920/3187/3001 4131/3188/3002 4132/3221/2970 3921/3220/2969
f 4131/3188/3002 4342/3189/3003 4343/3222/2971 4132/3221/2970
f 4342/3189/3003 4553/3190/3004 4554/3223/2972 4343/3222/2971
f 4553/3190/3004 4764/3191/3005 4765/3224/2973 4554/3223/2972
f 4764/3191/3005 4975/3192/3006 4976/3225/2974 4765/3224/2973
f 4975/3192/3006 5186/3193/3007 5187/3226/2975 4976/3225/2974
f 5186/3193/3007 5397/3194/3008 5398/3227/2976 5187/3226/2975
f 5397/3194/3008 5608/3195/3009 5609/3228/2977 5398/3227/2976
f 5608/3195/3009 5819/3196/3010 5820/3229/2978 5609/3228/2977
f 5819/3196/3010 6030/3197/3011 6031/3230/2979 5820/3229/2978
f 6030/3197/3011 6241/3198/3012 6242/3231/2980 6031/3230/2979
f 6241/3198/3012 6452/3199/3013 6453/3232/2981 6242/3231/2980
f 6452/3199/3013 6663/3200/3014 6664/3233/2982 6453/3232/2981
f 6663/3200/3014 121/3201/2984 122/3234/2952 6664/3233/2982
f 122/3203/2952 334/3202/2951 335/3235/3079 123/3236/3080
f 334/3202/2951 545/3204/2953 546/3237/3081 335/3235/3079
f 545/3204/2953 756/3205/2954 757/3238/3082 546/3237/3081
f 756/3205/2954 967/3206/2955 968/3239/3083 757/3238/3082
f 967/3206/2955 1178/3207/2956 1179/3240/3084 968/3239/3083
f 1178/3207/2956 1389/3208/2957 1390/3241/3085 1179/3240/3084
f 1389/3208/2957 1600/3209/2958 1601/3242/3086 1390/3241/3085
f 1600/3209/2958 1811/3210/2959 1812/3243/3087 1601/3242/3086
f 1811/3210/2959 2022/3211/2960 2023/3244/3088 1812/3243/3087
f 2022/3211/2960 2233/3212/2961 2234/3245/3089 2023/3244/3088
f 2233/3212/2961 2444/3213/2962 2445/3246/3090 2234/3245/3089
f 2444/3213/2962 2655/3214/2963 2656/3247/3091 2445/3246/3090
f 2655/3214/2963 2866/3215/2964 2867/3248/3092 2656/3247/3091
f 2866/3215/2964 3077/3216/2965 3078/3249/3093 2867/3248/3092
f 3077/3216/2965 3288/3217/2966 3289/3250/3094 3078/3249/3093
f 3288/3217/2966 3499/3218/2967 3500/3251/3095 3289/3250/3094
f 3499/3218/2967 3710/3219/2968 3711/3252/3096 3500/3251/3095
f 3710/3219/2968 3921/3220/2969 3922/3253/3097 3711/3252/3096
f 3921/3220/2969 4132/3221/2970 4133/3254/3098 3922/3253/3097
f 4132/3221/2970 4343/3222/2971 4344/3255/3099 4133/3254/3098
f 4343/3222/2971 4554/3223/2972 4555/3256/3100 4344/3255/3099
f 4554/3223/2972 4765/3224/2973 4766/3257/3101 4555/3256/3100
f 4765/3224/2973 4976/3225/2974 4977/3258/3102 4766/3257/3101
f 4976/3225/2974 5187/3226/2975 5188/3259/3103 4977/3258/3102
f 5187/3226/2975 5398/3227/2976 5399/3260/3104 5188/3259/3103
f 5398/3227/2976 5609/3228/2977 5610/3261/3105 5399/3260/3104
f 5609/3228/2977 5820/3229/2978 5821/3262/3106 5610/3261/3105
f 5820/3229/2978 6031/3230/2979 6032/3263/3107 5821/3262/3106
f 6031/3230/2979 6242/3231/2980 6243/3264/3108 6032/3263/3107
f 6242/3231/2980 6453/3232/2981 6454/3265/3109 6243/3264/3108
f 6453/3232/2981 6664/3233/2982 6665/3266/3110 6454/3265/3109
f 6664/3233/2982 122/3234/2952 123/3267/3080 6665/3266/3110
f 123/3236/3080 335/3235/3079 336/3235/2790 124/3236/2790
f 335/3235/3079 546/3237/3081 547/3237/2790 336/3235/2790
f 546/3237/3081 757/3238/3082 758/3238/2790 547/3237/2790
f 757/3238/3082 968/3239/3083 969/3239/2790 758/3238/2790
f 968/3239/3083 1179/3240/3084 1180/3240/2790 969/3239/2790
f 1179/3240/3084 1390/3241/3085 1391/3241/2790 1180/3240/2790
f 1390/3241/3085 1601/3242/3086 1602/3242/2790 1391/3241/2790
f 1601/3242/3086 1812/3243/3087 1813/3243/2790 1602/3242/2790
f 1812/3243/3087 2023/3244/3088 2024/3244/2790 1813/3243/2790
f 2023/3244/3088 2234/3245/3089 2235/3245/2790 2024/3244/2790
f 2234/3245/3089 2445/3246/3090 2446/3246/2790 2235/3245/2790
f 2445/3246/3090 2656/3247/3091 2657/3247/2790 2446/3246/2790
f 2656/3247/3091 2867/3248/3092 2868/3248/2790 2657/3247/2790
f 2867/3248/3092 3078/3249/3093 3079/3249/2790 2868/3248/2790
f 3078/3249/3093 3289/3250/3094 3290/3250/2790 3079/3249/2790
f 3289/3250/3094 3500/3251/3095 3501/3251/2790 3290/3250/2790
f 3500/3251/3095 3711/3252/3096 3712/3252/2790 3501/3251/2790
f 3711/3252/3096 3922/3253/3097 3923/3253/2790 3712/3252/2790
f 3922/3253/3097 4133/3254/3098 4134/3254/2790 3923/3253/2790
f 4133/3254/3098 4344/3255/3099 4345/3255/2790 4134/3254/2790
f 4344/3255/3099 4555/3256/3100 4556/3256/2790 4345/3255/2790
f 4555/3256/3100 4766/3257/3101 4767/3257/2790 4556/3256/2790
f 4766/3257/3101 4977/3258/3102 4978/3258/2790 4767/3257/2790
f 4977/3258/3102 5188/3259/3103 5189/3259/2790 4978/3258/2790
f 5188/3259/3103 5399/3260/3104 5400/3260/2790 5189/3259/2790
f 5399/3260/3104 5610/3261/3105 5611/3261/2790 5400/3260/2790
f 5610/3261/3105 5821/3262/3106 5822/3262/2790 5611/3261/2790
f 5821/3262/3106 6032/3263/3107 6033/3263/2790 5822/3262/2790
f 6032/3263/3107 6243/3264/3108 6244/3264/2790 6033/3263/2790
f 6243/3264/3108 6454/3265/3109 6455/3265/2790 6244/3264/2790
f 6454/3265/3109 6665/3266/3110 6666/3266/2790 6455/3265/2790
f 6665/3266/3110 123/3267/3080 124/3267/2790 6666/3266/2790
f 124/3236/2790 336/3235/2790 337/3235/2790 125/3236/2790
f 336/3235/2790 547/3237/2790 548/3237/2790 337/3235/2790
f 547/3237/2790 758/3238/2790 759/3238/2790 548/3237/2790
f 758/3238/2790 969/3239/2790 970/3239/2790 759/3238/2790
f 969/3239/2790 1180/3240/2790 1181/3240/2790 970/3239/2790
f 1180/3240/2790 1391/3241/2790 1392/3241/2790 1181/3240/2790
f 1391/3241/2790 1602/3242/2790 1603/3242/2790 1392/3241/2790
f 1602/3242/2790 1813/3243/2790 1814/3243/2790 1603/3242/2790
f 1813/3243/2790 2024/3244/2790 2025/3244/2790 1814/3243/2790
f 2024/3244/2790 2235/3245/2790 2236/3245/2790 2025/3244/2790
f 2235/3245/2790 2446/3246/2790 2447/3246/2790 2236/3245/2790
f 2446/3246/2790 2657/3247/2790 2658/3247/2790 2447/3246/2790
f 2657/3247/2790 2868/3248/2790 2869/3248/2790 2658/3247/2790
f 2868/3248/2790 3079/3249/2790 3080/3249/2790 2869/3248/2790
f 3079/3249/2790 3290/3250/2790 3291/3250/2790 3080/3249/2790
f 3290/3250/2790 3501/3251/2790 3502/3251/2790 3291/3250/2790
f 3501/3251/2790 3712/3252/2790 3713/3252/2790 3502/3251/2790
f 3712/3252/2790 3923/3253/2790 3924/3253/2790 3713/3252/2790
f 3923/3253/2790 4134/3254/2790 4135/3254/2790 3924/3253/2790
f 4134/3254/2790 4345/3255/2790 4346/3255/2790 4135/3254/2790
f 4345/3255/2790 4556/3256/2790 4557/3256/2790 4346/3255/2790
f 4556/3256/2790 4767/3257/2790 4768/3257/2790 4557/3256/2790
f 4767/3257/2790 4978/3258/2790 4979/3258/2790 4768/3257/2790
f 4978/3258/2790 5189/3259/2790 5190/3259/2790 4979/3258/2790
f 5189/3259/2790 5400/3260/2790 5401/3260/2790 5190/3259/2790
f 5400/3260/2790 5611/3261/2790 5612/3261/2790 5401/3260/2790
f 5611/3261/2790 5822/3262/2790 5823/3262/2790 5612/3261/2790
f 5822/3262/2790 6033/3263/2790 6034/3263/2790 5823/3262/2790
f 6033/3263/2790 6244/3264/2790 6245/3264/2790 6034/3263/2790
f 6244/3264/2790 6455/3265/2790 6456/3265/2790 6245/3264/2790
f 6455/3265/2790 6666/3266/2790 6667/3266/2790 6456/3265/2790
f 6666/3266/2790 124/3267/2790 125/3267/2790 6667/3266/2790
f 125/3236/2790 337/3235/2790 338/3235/2790 126/3236/2790
f 337/3235/2790 548/3237/2790 549/3237/2790 338/3235/2790
f 548/3237/2790 759/3238/2790 760/3238/2790 549/3237/2790
f 759/3238/2790 970/3239/2790 971/3239/2790 760/3238/2790
f 970/3239/2790 1181/3240/2790 1182/3240/2790 971/3239/2790
f 1181/3240/2790 1392/3241/2790 1393/3241/2790 1182/3240/2790
f 1392/3241/2790 1603/3242/2790 1604/3242/2790 1393/3241/2790
f 1603/3242/2790 1814/3243/2790 1815/3243/2790 1604/3242/2790
f 1814/3243/2790 2025/3244/2790 2026/3244/2790 1815/3243/2790
f 2025/3244/2790 2236/3245/2790 2237/3245/2790 2026/3244/2790
f 2236/3245/2790 2447/3246/2790 2448/3246/2790 2237/3245/2790
f 2447/3246/2790 2658/3247/2790 2659/3247/2790 2448/3246/2790
f 2658/3247/2790 2869/3248/2790 2870/3248/2790 2659/3247/2790
f 2869/3248/2790 3080/3249/2790 3081/3249/2790 2870/3248/2790
f 3080/3249/2790 3291/3250/2790 3292/3250/2790 3081/3249/2790
f 3291/3250/2790 3502/3251/2790 3503/3251/2790 3292/3250/2790
f 3502/3251/2790 3713/3252/2790 3714/3252/2790 3503/3251/2790
f 3713/3252/2790 3924/3253/2790 3925/3253/2790 3714/3252/2790
f 3924/3253/2790 4135/3254/2790 4136/3254/2790 3925/3253/2790
f 4135/3254/2790 4346/3255/2790 4347/3255/2790 4136/3254/2790
f 4346/3255/2790 4557/3256/2790 4558/3256/2790 4347/3255/2790
f 4557/3256/2790 4768/3257/2790 4769/3257/2790 4558/3256/2790
f 4768/3257/2790 4979/3258/2790 4980/3258/2790 4769/3257/2790
f 4979/3258/2790 5190/3259/2790 5191/3259/2790 4980/3258/2790
f 5190/3259/2790 5401/3260/2790 5402/3260/2790 5191/3259/2790
f 5401/3260/2790 5612/3261/2790 5613/3261/2790 5402/3260/2790
f 5612/3261/2790 5823/3262/2790 5824/3262/2790 5613/3261/2790
f 5823/3262/2790 6034/3263/2790 6035/3263/2790 5824/3262/2790
f 6034/3263/2790 6245/3264/2790 6246/3264/2790 6035/3263/2790
f 6245/3264/2790 6456/3265/2790 6457/3265/2790 6246/3264/2790
f 6456/3265/2790 6667/3266/2790 6668/3266/2790 6457/3265/2790
f 6667/3266/2790 125/3267/2790 126/3267/2790 6668/3266/2790
f 126/3236/2790 338/3235/2790 339/3235/2790 127/3236/2790
f 338/3235/2790 549/3237/2790 550/3237/2790 339/3235/2790
f 549/3237/2790 760/3238/2790 761/3238/2790 550/3237/2790
f 760/3238/2790 971/3239/2790 972/3239/2790 761/3238/2790
f 971/3239/2790 1182/3240/2790 1183/3240/2790 972/3239/2790
f 1182/3240/2790 1393/3241/2790 1394/3241/2790 1183/3240/2790
f 1393/3241/2790 1604/3242/2790 1605/3242/2790 1394/3241/2790
f 1604/3242/2790 1815/3243/2790 1816/3243/2790 1605/3242/2790
f 1815/3243/2790 2026/3244/2790 2027/3244/2790 1816/3243/2790
f 2026/3244/2790 2237/3245/2790 2238/3245/2790 2027/3244/2790
f 2237/3245/2790 2448/3246/2790 2449/3246/2790 2238/3245/2790
f 2448/3246/2790 2659/3247/2790 2660/3247/2790 2449/3246/2790
f 2659/3247/2790 2870/3248/2790 2871/3248/2790 2660/3247/2790
f 2870/3248/2790 3081/3249/2790 3082/3249/2790 2871/3248/2790
f 3081/3249/2790 3292/3250/2790 3293/3250/2790 3082/3249/2790
f 3292/3250/2790 3503/3251/2790 3504/3251/2790 3293/3250/2790
f 3503/3251/2790 3714/3252/2790 3715/3252/2790 3504/3251/2790
f 3714/3252/2790 3925/3253/2790 3926/3253/2790 3715/3252/2790
f 3925/3253/2790 4136/3254/2790 4137/3254/2790 3926/3253/2790
f 4136/3254/2790 4347/3255/2790 4348/3255/2790 4137/3254/2790
f 4347/3255/2790 4558/3256/2790 4559/3256/2790 4348/3255/2790
f 4558/3256/2790 4769/3257/2790 4770/3257/2790 4559/3256/2790
f 4769/3257/2790 4980/3258/2790 4981/3258/2790 4770/3257/2790
f 4980/3258/2790 5191/3259/2790 5192/3259/2790 4981/3258/2790
f 5191/3259/2790 5402/3260/2790 5403/3260/2790 5192/3259/2790
f 5402/3260/2790 5613/3261/2790 5614/3261/2790 5403/3260/2790
f 5613/3261/2790 5824/3262/2790 5825/3262/2790 5614/3261/2790
f 5824/3262/2790 6035/3263/2790 6036/3263/2790 5825/3262/2790
f 6035/3263/2790 6246/3264/2790 6247/3264/2790 6036/3263/2790
f 6246/3264/2790 6457/3265/2790 6458/3265/2790 6247/3264/2790
f 6457/3265/2790 6668/3266/2790 6669/3266/2790 6458/3265/2790
f 6668/3266/2790 126/3267/2790 127/3267/2790 6669/3266/2790
f 127/3236/2790 339/3235/2790 340/3235/2790 128/3236/2790
f 339/3235/2790 550/3237/2790 551/3237/2790 340/3235/2790
f 550/3237/2790 761/3238/2790 762/3238/2790 551/3237/2790
f 761/3238/2790 972/3239/2790 973/3239/2790 762/3238/2790
f 972/3239/2790 1183/3240/2790 1184/3240/2790 973/3239/2790
f 1183/3240/2790 1394/3241/2790 1395/3241/2790 1184/3240/2790
f 1394/3241/2790 1605/3242/2790 1606/3242/2790 1395/3241/2790
f 1605/3242/2790 1816/3243/2790 1817/3243/2790 1606/3242/2790
f 1816/3243/2790 2027/3244/2790 2028/3244/2790 1817/3243/2790
f 2027/3244/2790 2238/3245/2790 2239/3245/2790 2028/3244/2790
f 2238/3245/2790 2449/3246/2790 2450/3246/2790 2239/3245/2790
f 2449/3246/2790 2660/3247/2790 2661/3247/2790 2450/3246/2790
f 2660/3247/2790 2871/3248/2790 2872/3248/2790 2661/3247/2790
f 2871/3248/2790 3082/3249/2790 3083/3249/2790 2872/3248/2790
f 3082/3249/2790 3293/3250/2790 3294/3250/2790 3083/3249/2790
f 3293/3250/2790 3504/3251/2790 3505/3251/2790 3294/3250/2790
f 3504/3251/2790 3715/3252/2790 3716/3252/2790 3505/3251/2790
f 3715/3252/2790 3926/3253/2790 3927/3253/2790 3716/3252/2790
f 3926/3253/2790 4137/3254/2790 4138/3254/2790 3927/3253/2790
f 4137/3254/2790 4348/3255/2790 4349/3255/2790 4138/3254/2790
f 4348/3255/2790 4559/3256/2790 4560/3256/2790 4349/3255/2790
f 4559/3256/2790 4770/3257/2790 4771/3257/2790 4560/3256/2790
f 4770/3257/2790 4981/3258/2790 4982/3258/2790 4771/3257/2790
f 4981/3258/2790 5192/3259/2790 5193/3259/2790 4982/3258/2790
f 5192/3259/2790 5403/3260/2790 5404/3260/2790 5193/3259/2790
f 5403/3260/2790 5614/3261/2790 5615/3261/2790 5404/3260/2790
f 5614/3261/2790 5825/3262/2790 5826/3262/2790 5615/3261/2790
f 5825/3262/2790 6036/3263/2790 6037/3263/2790 5826/3262/2790
f 6036/3263/2790 6247/3264/2790 6248/3264/2790 6037/3263/2790
f 6247/3264/2790 6458/3265/2790 6459/3265/2790 6248/3264/2790
f 6458/3265/2790 6669/3266/2790 6670/3266/2790 6459/3265/2790
f 6669/3266/2790 127/3267/2790 128/3267/2790 6670/3266/2790
f 128/3236/2790 340/3235/2790 341/3235/2790 129/3236/2790
f 340/3235/2790 551/3237/2790 552/3237/2790 341/3235/2790
f 551/3237/2790 762/3238/2790 763/3238/2790 552/3237/2790
f 762/3238/2790 973/3239/2790 974/3239/2790 763/3238/2790
f 973/3239/2790 1184/3240/2790 1185/3240/2790 974/3239/2790
f 1184/3240/2790 1395/3241/2790 1396/3241/2790 1185/3240/2790
f 1395/3241/2790 1606/3242/2790 1607/3242/2790 1396/3241/2790
f 1606/3242/2790 1817/3243/2790 1818/3243/2790 1607/3242/2790
f 1817/3243/2790 2028/3244/2790 2029/3244/2790 1818/3243/2790
f 2028/3244/2790 2239/3245/2790 2240/3245/2790 2029/3244/2790
f 2239/3245/2790 2450/3246/2790 2451/3246/2790 2240/3245/2790
f 2450/3246/2790 2661/3247/2790 2662/3247/2790 2451/3246/2790
f 2661/3247/2790 2872/3248/2790 2873/3248/2790 2662/3247/2790
f 2872/3248/2790 3083/3249/2790 3084/3249/2790 2873/3248/2790
f 3083/3249/2790 3294/3250/2790 3295/3250/2790 3084/3249/2790
f 3294/3250/2790 3505/3251/2790 3506/3251/2790 3295/3250/2790
f 3505/3251/2790 3716/3252/2790 3717/3252/2790 3506/3251/2790
f 3716/3252/2790 3927/3253/2790 3928/3253/2790 3717/3252/2790
f 3927/3253/2790 4138/3254/2790 4139/3254/2790 3928/3253/2790
f 4138/3254/2790 4349/3255/2790 4350/3255/2790 4139/3254/2790
f 4349/3255/2790 4560/3256/2790 4561/3256/2790 4350/3255/2790
f 4560/3256/2790 4771/3257/2790 4772/3257/2790 4561/3256/2790
f 4771/3257/2790 4982/3258/2790 4983/3258/2790 4772/3257/2790
f 4982/3258/2790 5193/3259/2790 5194/3259/2790 4983/3258/2790
f 5193/3259/2790 5404/3260/2790 5405/3260/2790 5194/3259/2790
f 5404/3260/2790 5615/3261/2790 5616/3261/2790 5405/3260/2790
f 5615/3261/2790 5826/3262/2790 5827/3262/2790 5616/3261/2790
f 5826/3262/2790 6037/3263/2790 6038/3263/2790 5827/3262/2790
f 6037/3263/2790 6248/3264/2790 6249/3264/2790 6038/3263/2790
f 6248/3264/2790 6459/3265/2790 6460/3265/2790 6249/3264/2790
f 6459/3265/2790 6670/3266/2790 6671/3266/2790 6460/3265/2790
f 6670/3266/2790 128/3267/2790 129/3267/2790 6671/3266/2790
f 129/3236/2790 341/3235/2790 342/3235/2790 130/3236/2790
f 341/3235/2790 552/3237/2790 553/3237/2790 342/3235/2790
f 552/3237/2790 763/3238/2790 764/3238/2790 553/3237/2790
f 763/3238/2790 974/3239/2790 975/3239/2790 764/3238/2790
f 974/3239/2790 1185/3240/2790 1186/3240/2790 975/3239/2790
f 1185/3240/2790 1396/3241/2790 1397/3241/2790 1186/3240/2790
f 1396/3241/2790 1607/3242/2790 1608/3242/2790 1397/3241/2790
f 1607/3242/2790 1818/3243/2790 1819/3243/2790 1608/3242/2790
f 1818/3243/2790 2029/3244/2790 2030/3244/2790 1819/3243/2790
f 2029/3244/2790 2240/3245/2790 2241/3245/2790 2030/3244/2790
f 2240/3245/2790 2451/3246/2790 2452/3246/2790 2241/3245/2790
f 2451/3246/2790 2662/3247/2790 2663/3247/2790 2452/3246/2790
f 2662/3247/2790 2873/3248/2790 2874/3248/2790 2663/3247/2790
f 2873/3248/2790 3084/3249/2790 3085/3249/2790 2874/3248/2790
f 3084/3249/2790 3295/3250/2790 3296/3250/2790 3085/3249/2790
f 3295/3250/2790 3506/3251/2790 3507/3251/2790 3296/3250/2790
f 3506/3251/2790 3717/3252/2790 3718/3252/2790 3507/3251/2790
f 3717/3252/2790 3928/3253/2790 3929/3253/2790 3718/3252/2790
f 3928/3253/2790 4139/3254/2790 4140/3254/2790 3929/3253/2790
f 4139/3254/2790 4350/3255/2790 4351/3255/2790 4140/3254/2790
f 4350/3255/2790 4561/3256/2790 4562/3256/2790 4351/3255/2790
f 4561/3256/2790 4772/3257/2790 4773/3257/2790 4562/3256/2790
f 4772/3257/2790 4983/3258/2790 4984/3258/2790 4773/3257/2790
f 4983/3258/2790 5194/3259/2790 5195/3259/2790 4984/3258/2790
f 5194/3259/2790 5405/3260/2790 5406/3260/2790 5195/3259/2790
f 5405/3260/2790 5616/3261/2790 5617/3261/2790 5406/3260/2790
f 5616/3261/2790 5827/3262/2790 5828/3262/2790 5617/3261/2790
f 5827/3262/2790 6038/3263/2790 6039/3263/2790 5828/3262/2790
f 6038/3263/2790 6249/3264/2790 6250/3264/2790 6039/3263/2790
f 6249/3264/2790 6460/3265/2790 6461/3265/2790 6250/3264/2790
f 6460/3265/2790 6671/3266/2790 6672/3266/2790 6461/3265/2790
f 6671/3266/2790 129/3267/2790 130/3267/2790 6672/3266/2790
f 130/3236/2790 342/3235/2790 343/3235/2790 131/3236/2790
f 342/3235/2790 553/3237/2790 554/3237/2790 343/3235/2790
f 553/3237/2790 764/3238/2790 765/3238/2790 554/3237/2790
f 764/3238/2790 975/3239/2790 976/3239/2790 765/3238/2790
f 975/3239/2790 1186/3240/2790 1187/3240/2790 976/3239/2790
f 1186/3240/2790 1397/3241/2790 1398/3241/2790 1187/3240/2790
f 1397/3241/2790 1608/3242/2790 1609/3242/2790 1398/3241/2790
f 1608/3242/2790 1819/3243/2790 1820/3243/2790 1609/3242/2790
f 1819/3243/2790 2030/3244/2790 2031/3244/2790 1820/3243/2790
f 2030/3244/2790 2241/3245/2790 2242/3245/2790 2031/3244/2790
f 2241/3245/2790 2452/3246/2790 2453/3246/2790 2242/3245/2790
f 2452/3246/2790 2663/3247/2790 2664/3247/2790 2453/3246/2790
f 2663/3247/2790 2874/3248/2790 2875/3248/2790 2664/3247/2790
f 2874/3248/2790 3085/3249/2790 3086/3249/2790 2875/3248/2790
f 3085/3249/2790 3296/3250/2790 3297/3250/2790 3086/3249/2790
f 3296/3250/2790 3507/3251/2790 3508/3251/2790 3297/3250/2790
f 3507/3251/2790 3718/3252/2790 3719/3252/2790 3508/3251/2790
f 3718/3252/2790 3929/3253/2790 3930/3253/2790 3719/3252/2790
f 3929/3253/2790 4140/3254/2790 4141/3254/2790 3930/3253/2790
f 4140/3254/2790 4351/3255/2790 4352/3255/2790 4141/3254/2790
f 4351/3255/2790 4562/3256/2790 4563/3256/2790 4352/3255/2790
f 4562/3256/2790 4773/3257/2790 4774/3257/2790 4563/3256/2790
f 4773/3257/2790 4984/3258/2790 4985/3258/2790 4774/3257/2790
f 4984/3258/2790 5195/3259/2790 5196/3259/2790 4985/3258/2790
f 5195/3259/2790 5406/3260/2790 5407/3260/2790 5196/3259/2790
f 5406/3260/2790 5617/3261/2790 5618/3261/2790 5407/3260/2790
f 5617/3261/2790 5828/3262/2790 5829/3262/2790 5618/3261/2790
f 5828/3262/2790 6039/3263/2790 6040/3263/2790 5829/3262/2790
f 6039/3263/2790 6250/3264/2790 6251/3264/2790 6040/3263/2790
f 6250/3264/2790 6461/3265/2790 6462/3265/2790 6251/3264/2790
f 6461/3265/2790 6672/3266/2790 6673/3266/2790 6462/3265/2790
f 6672/3266/2790 130/3267/2790 131/3267/2790 6673/3266/2790
f 131/3236/2790 343/3235/2790 344/3235/2790 132/3236/2790
f 343/3235/2790 554/3237/2790 555/3237/2790 344/3235/2790
f 554/3237/2790 765/3238/2790 766/3238/2790 555/3237/2790
f 765/3238/2790 976/3239/2790 977/3239/2790 766/3238/2790
f 976/3239/2790 1187/3240/2790 1188/3240/2790 977/3239/2790
f 1187/3240/2790 1398/3241/2790 1399/3241/2790 1188/3240/2790
f 1398/3241/2790 1609/3242/2790 1610/3242/2790 1399/3241/2790
f 1609/3242/2790 1820/3243/2790 1821/3243/2790 1610/3242/2790
f 1820/3243/2790 2031/3244/2790 2032/3244/2790 1821/3243/2790
f 2031/3244/2790 2242/3245/2790 2243/3245/2790 2032/3244/2790
f 2242/3245/2790 2453/3246/2790 2454/3246/2790 2243/3245/2790
f 2453/3246/2790 2664/3247/2790 2665/3247/2790 2454/3246/2790
f 2664/3247/2790 2875/3248/2790 2876/3248/2790 2665/3247/2790
f 2875/3248/2790 3086/3249/2790 3087/3249/2790 2876/3248/2790
f 3086/3249/2790 3297/3250/2790 3298/3250/2790 3087/3249/2790
f 3297/3250/2790 3508/3251/2790 3509/3251/2790 3298/3250/2790
f 3508/3251/2790 3719/3252/2790 3720/3252/2790 3509/3251/2790
f 3719/3252/2790 3930/3253/2790 3931/3253/2790 3720/3252/2790
f 3930/3253/2790 4141/3254/2790 4142/3254/2790 3931/3253/2790
f 4141/3254/2790 4352/3255/2790 4353/3255/2790 4142/3254/2790
f 4352/3255/2790 4563/3256/2790 4564/3256/2790 4353/3255/2790
f 4563/3256/2790 4774/3257/2790 4775/3257/2790 4564/3256/2790
f 4774/3257/2790 4985/3258/2790 4986/3258/2790 4775/3257/2790
f 4985/3258/2790 5196/3259/2790 5197/3259/2790 4986/3258/2790
f 5196/3259/2790 5407/3260/2790 5408/3260/2790 5197/3259/2790
f 5407/3260/2790 5618/3261/2790 5619/3261/2790 5408/3260/2790
f 5618/3261/2790 5829/3262/2790 5830/3262/2790 5619/3261/2790
f 5829/3262/2790 6040/3263/2790 6041/3263/2790 5830/3262/2790
f 6040/3263/2790 6251/3264/2790 6252/3264/2790 6041/3263/2790
f 6251/3264/2790 6462/3265/2790 6463/3265/2790 6252/3264/2790
f 6462/3265/2790 6673/3266/2790 6674/3266/2790 6463/3265/2790
f 6673/3266/2790 131/3267/2790 132/3267/2790 6674/3266/2790
f 132/3236/2790 344/3235/2790 345/3235/2790 133/3236/2790
f 344/3235/2790 555/3237/2790 556/3237/2790 345/3235/2790
f 555/3237/2790 766/3238/2790 767/3238/2790 556/3237/2790
f 766/3238/2790 977/3239/2790 978/3239/2790 767/3238/2790
f 977/3239/2790 1188/3240/2790 1189/3240/2790 978/3239/2790
f 1188/3240/2790 1399/3241/2790 1400/3241/2790 1189/3240/2790
f 1399/3241/2790 1610/3242/2790 1611/3242/2790 1400/3241/2790
f 1610/3242/2790 1821/3243/2790 1822/3243/2790 1611/3242/2790
f 1821/3243/2790 2032/3244/2790 2033/3244/2790 1822/3243/2790
f 2032/3244/2790 2243/3245/2790 2244/3245/2790 2033/3244/2790
f 2243/3245/2790 2454/3246/2790 2455/3246/2790 2244/3245/2790
f 2454/3246/2790 2665/3247/2790 2666/3247/2790 2455/3246/2790
f 2665/3247/2790 2876/3248/2790 2877/3248/2790 2666/3247/2790
f 2876/3248/2790 3087/3249/2790 3088/3249/2790 2877/3248/2790
f 3087/3249/2790 3298/3250/2790 3299/3250/2790 3088/3249/2790
f 3298/3250/2790 3509/3251/2790 3510/3251/2790 3299/3250/2790
f 3509/3251/2790 3720/3252/2790 3721/3252/2790 3510/3251/2790
f 3720/3252/2790 3931/3253/2790 3932/3253/2790 3721/3252/2790
f 3931/3253/2790 4142/3254/2790 4143/3254/2790 3932/3253/2790
f 4142/3254/2790 4353/3255/2790 4354/3255/2790 4143/3254/2790
f 4353/3255/2790 4564/3256/2790 4565/3256/2790 4354/3255/2790
f 4564/3256/2790 4775/3257/2790 4776/3257/2790 4565/3256/2790
f 4775/3257/2790 4986/3258/2790 4987/3258/2790 4776/3257/2790
f 4986/3258/2790 5197/3259/2790 5198/3259/2790 4987/3258/2790
f 5197/3259/2790 5408/3260/2790 5409/3260/2790 5198/3259/2790
f 5408/3260/2790 5619/3261/2790 5620/3261/2790 5409/3260/2790
f 5619/3261/2790 5830/3262/2790 5831/3262/2790 5620/3261/2790
f 5830/3262/2790 6041/3263/2790 6042/3263/2790 5831/3262/2790
f 6041/3263/2790 6252/3264/2790 6253/3264/2790 6042/3263/2790
f 6252/3264/2790 6463/3265/2790 6464/3265/2790 6253/3264/2790
f 6463/3265/2790 6674/3266/2790 6675/3266/2790 6464/3265/2790
f 6674/3266/2790 132/3267/2790 133/3267/2790 6675/3266/2790
f 133/3236/2790 345/3235/2790 346/3235/2790 134/3236/2790
f 345/3235/2790 556/3237/2790 557/3237/2790 346/3235/2790
f 556/3237/2790 767/3238/2790 768/3238/2790 557/3237/2790
f 767/3238/2790 978/3239/2790 979/3239/2790 768/3238/2790
f 978/3239/2790 1189/3240/2790 1190/3240/2790 979/3239/2790
f 1189/3240/2790 1400/3241/2790 1401/3241/2790 1190/3240/2790
f 1400/3241/2790 1611/3242/2790 1612/3242/2790 1401/3241/2790
f 1611/3242/2790 1822/3243/2790 1823/3243/2790 1612/3242/2790
f 1822/3243/2790 2033/3244/2790 2034/3244/2790 1823/3243/2790
f 2033/3244/2790 2244/3245/2790 2245/3245/2790 2034/3244/2790
f 2244/3245/2790 2455/3246/2790 2456/3246/2790 2245/3245/2790
f 2455/3246/2790 2666/3247/2790 2667/3247/2790 2456/3246/2790
f 2666/3247/2790 2877/3248/2790 2878/3248/2790 2667/3247/2790
f 2877/3248/2790 3088/3249/2790 3089/3249/2790 2878/3248/2790
f 3088/3249/2790 3299/3250/2790 3300/3250/2790 3089/3249/2790
f 3299/3250/2790 3510/3251/2790 3511/3251/2790 3300/3250/2790
f 3510/3251/2790 3721/3252/2790 3722/3252/2790 3511/3251/2790
f 3721/3252/2790 3932/3253/2790 3933/3253/2790 3722/3252/2790
f 3932/3253/2790 4143/3254/2790 4144/3254/2790 3933/3253/2790
f 4143/3254/2790 4354/3255/2790 4355/3255/2790 4144/3254/2790
f 4354/3255/2790 4565/3256/2790 4566/3256/2790 4355/3255/2790
f 4565/3256/2790 4776/3257/2790 4777/3257/2790 4566/3256/2790
f 4776/3257/2790 4987/3258/2790 4988/3258/2790 4777/3257/2790
f 4987/3258/2790 5198/3259/2790 5199/3259/2790 4988/3258/2790
f 5198/3259/2790 5409/3260/2790 5410/3260/2790 5199/3259/2790
f 5409/3260/2790 5620/3261/2790 5621/3261/2790 5410/3260/2790
f 5620/3261/2790 5831/3262/2790 5832/3262/2790 5621/3261/2790
f 5831/3262/2790 6042/3263/2790 6043/3263/2790 5832/3262/2790
f 6042/3263/2790 6253/3264/2790 6254/3264/2790 6043/3263/2790
f 6253/3264/2790 6464/3265/2790 6465/3265/2790 6254/3264/2790
f 6464/3265/2790 6675/3266/2790 6676/3266/2790 6465/3265/2790
f 6675/3266/2790 133/3267/2790 134/3267/2790 6676/3266/2790
f 134/3236/2790 346/3235/2790 347/3235/3111 135/3236/3112
f 346/3235/2790 557/3237/2790 558/3237/3113 347/3235/3111
f 557/3237/2790 768/3238/2790 769/3238/3114 558/3237/3113
f 768/3238/2790 979/3239/2790 980/3239/3115 769/3238/3114
f 979/3239/2790 1190/3240/2790 1191/3240/3116 980/3239/3115
f 1190/3240/2790 1401/3241/2790 1402/3241/3117 1191/3240/3116
f 1401/3241/2790 1612/3242/2790 1613/3242/3118 1402/3241/3117
f 1612/3242/2790 1823/3243/2790 1824/3243/3119 1613/3242/3118
f 1823/3243/2790 2034/3244/2790 2035/3244/3120 1824/3243/3119
f 2034/3244/2790 2245/3245/2790 2246/3245/3121 2035/3244/3120
f 2245/3245/2790 2456/3246/2790 2457/3246/3122 2246/3245/3121
f 2456/3246/2790 2667/3247/2790 2668/3247/3123 2457/3246/3122
f 2667/3247/2790 2878/3248/2790 2879/3248/3124 2668/3247/3123
f 2878/3248/2790 3089/3249/2790 3090/3249/3125 2879/3248/3124
f 3089/3249/2790 3300/3250/2790 3301/3250/3126 3090/3249/3125
f 3300/3250/2790 3511/3251/2790 3512/3251/3127 3301/3250/3126
f 3511/3251/2790 3722/3252/2790 3723/3252/3128 3512/3251/3127
f 3722/3252/2790 3933/3253/2790 3934/3253/3129 3723/3252/3128
f 3933/3253/2790 4144/3254/2790 4145/3254/3130 3934/3253/3129
f 4144/3254/2790 4355/3255/2790 4356/3255/3131 4145/3254/3130
f 4355/3255/2790 4566/3256/2790 4567/3256/3132 4356/3255/3131
f 4566/3256/2790 4777/3257/2790 4778/3257/3133 4567/3256/3132
f 4777/3257/2790 4988/3258/2790 4989/3258/3134 4778/3257/3133
f 4988/3258/2790 5199/3259/2790 5200/3259/3135 4989/3258/3134
f 5199/3259/2790 5410/3260/2790 5411/3260/3136 5200/3259/3135
f 5410/3260/2790 5621/3261/2790 5622/3261/3137 5411/3260/3136
f 5621/3261/2790 5832/3262/2790 5833/3262/3138 5622/3261/3137
f 5832/3262/2790 6043/3263/2790 6044/3263/3139 5833/3262/3138
f 6043/3263/2790 6254/3264/2790 6255/3264/3140 6044/3263/3139
f 6254/3264/2790 6465/3265/2790 6466/3265/3141 6255/3264/3140
f 6465/3265/2790 6676/3266/2790 6677/3266/3142 6466/3265/3141
f 6676/3266/2790 134/3267/2790 135/3267/3112 6677/3266/3142
f 135/3236/3112 347/3235/3111 348/3268/3143 136/3269/3144
f 347/3235/3111 558/3237/3113 559/3270/3145 348/3268/3143
f 558/3237/3113 769/3238/3114 770/3271/3146 559/3270/3145
f 769/3238/3114 980/3239/3115 981/3272/3147 770/3271/3146
f 980/3239/3115 1191/3240/3116 1192/3273/3148 981/3272/3147
f 1191/3240/3116 1402/3241/3117 1403/3274/3149 1192/3273/3148
f 1402/3241/3117 1613/3242/3118 1614/3275/3150 1403/3274/3149
f 1613/3242/3118 1824/3243/3119 1825/3276/3151 1614/3275/3150
f 1824/3243/3119 2035/3244/3120 2036/3277/3152 1825/3276/3151
f 2035/3244/3120 2246/3245/3121 2247/3278/3153 2036/3277/3152
f 2246/3245/3121 2457/3246/3122 2458/3279/3154 2247/3278/3153
f 2457/3246/3122 2668/3247/3123 2669/3280/3155 2458/3279/3154
f 2668/3247/3123 2879/3248/3124 2880/3281/3156 2669/3280/3155
f 2879/3248/3124 3090/3249/3125 3091/3282/3157 2880/3281/3156
f 3090/3249/3125 3301/3250/3126 3302/3283/3158 3091/3282/3157
f 3301/3250/3126 3512/3251/3127 3513/3284/3159 3302/3283/3158
f 3512/3251/3127 3723/3252/3128 3724/3285/3160 3513/3284/3159
f 3723/3252/3128 3934/3253/3129 3935/3286/3161 3724/3285/3160
f 3934/3253/3129 4145/3254/3130 4146/3287/3162 3935/3286/3161
f 4145/3254/3130 4356/3255/3131 4357/3288/3163 4146/3287/3162
f 4356/3255/3131 4567/3256/3132 4568/3289/3164 4357/3288/3163
f 4567/3256/3132 4778/3257/3133 4779/3290/3165 4568/3289/3164
f 4778/3257/3133 4989/3258/3134 4990/3291/3166 4779/3290/3165
f 4989/3258/3134 5200/3259/3135 5201/3292/3167 4990/3291/3166
f 5200/3259/3135 5411/3260/3136 5412/3293/3168 5201/3292/3167
f 5411/3260/3136 5622/3261/3137 5623/3294/3169 5412/3293/3168
f 5622/3261/3137 5833/3262/3138 5834/3295/3170 5623/3294/3169
f 5833/3262/3138 6044/3263/3139 6045/3296/3171 5834/3295/3170
f 6044/3263/3139 6255/3264/3140 6256/3297/3172 6045/3296/3171
f 6255/3264/3140 6466/3265/3141 6467/3298/3173 6256/3297/3172
f 6466/3265/3141 6677/3266/3142 6678/3299/3174 6467/3298/3173
f 6677/3266/3142 135/3267/3112 136/3300/3144 6678/3299/3174
f 136/3269/3144 348/3268/3143 349/3301/3175 137/3302/3176
f 348/3268/3143 559/3270/3145 560/3303/3177 349/3301/3175
f 559/3270/3145 770/3271/3146 771/3304/3178 560/3303/3177
f 770/3271/3146 981/3272/3147 982/3305/3179 771/3304/3178
f 981/3272/3147 1192/3273/3148 1193/3306/3180 982/3305/3179
f 1192/3273/3148 1403/3274/3149 1404/3307/3181 1193/3306/3180
f 1403/3274/3149 1614/3275/3150 1615/3308/3182 1404/3307/3181
f 1614/3275/3150 1825/3276/3151 1826/3309/3183 1615/3308/3182
f 1825/3276/3151 2036/3277/3152 2037/3310/3184 1826/3309/3183
f 2036/3277/3152 2247/3278/3153 2248/3311/3185 2037/3310/3184
f 2247/3278/3153 2458/3279/3154 2459/3312/3186 2248/3311/3185
f 2458/3279/3154 2669/3280/3155 2670/3313/3187 2459/3312/3186
f 2669/3280/3155 2880/3281/3156 2881/3314/3188 2670/3313/3187
f 2880/3281/3156 3091/3282/3157 3092/3315/3189 2881/3314/3188
f 3091/3282/3157 3302/3283/3158 3303/3316/3190 3092/3315/3189
f 3302/3283/3158 3513/3284/3159 3514/3317/3191 3303/3316/3190
f 3513/3284/3159 3724/3285/3160 3725/3318/3192 3514/3317/3191
f 3724/3285/3160 3935/3286/3161 3936/3319/3193 3725/3318/3192
f 3935/3286/3161 4146/3287/3162 4147/3320/3194 3936/3319/3193
f 4146/3287/3162 4357/3288/3163 4358/3321/3195 4147/3320/3194
f 4357/3288/3163 4568/3289/3164 4569/3322/3196 4358/3321/3195
f 4568/3289/3164 4779/3290/3165 4780/3323/3197 4569/3322/3196
f 4779/3290/3165 4990/3291/3166 4991/3324/3198 4780/3323/3197
f 4990/3291/3166 5201/3292/3167 5202/3325/3199 4991/3324/3198
f 5201/3292/3167 5412/3293/3168 5413/3326/3200 5202/3325/3199
f 5412/3293/3168 5623/3294/3169 5624/3327/3201 5413/3326/3200
f 5623/3294/3169 5834/3295/3170 5835/3328/3202 5624/3327/3201
f 5834/3295/3170 6045/3296/3171 6046/3329/3203 5835/3328/3202
f 6045/3296/3171 6256/3297/3172 6257/3330/3204 6046/3329/3203
f 6256/3297/3172 6467/3298/3173 6468/3331/3205 6257/3330/3204
f 6467/3298/3173 6678/3299/3174 6679/3332/3206 6468/3331/3205
f 6678/3299/3174 136/3300/3144 137/3333/3176 6679/3332/3206
f 137/3302/3176 349/3301/3175 350/3334/3207 138/3335/3208
f 349/3301/3175 560/3303/3177 561/3336/3209 350/3334/3207
f 560/3303/3177 771/3304/3178 772/3337/3210 561/3336/3209
f 771/3304/3178 982/3305/3179 983/3338/3211 772/3337/3210
f 982/3305/3179 1193/3306/3180 1194/3339/3212 983/3338/3211
f 1193/3306/3180 1404/3307/3181 1405/3340/3213 1194/3339/3212
f 1404/3307/3181 1615/3308/3182 1616/3341/3214 1405/3340/3213
f 1615/3308/3182 1826/3309/3183 1827/3342/3215 1616/3341/3214
f 1826/3309/3183 2037/3310/3184 2038/3343/3216 1827/3342/3215
f 2037/3310/3184 2248/3311/3185 2249/3344/3217 2038/3343/3216
f 2248/3311/3185 2459/3312/3186 2460/3345/3218 2249/3344/3217
f 2459/3312/3186 2670/3313/3187 2671/3346/3219 2460/3345/3218
f 2670/3313/3187 2881/3314/3188 2882/3347/3220 2671/3346/3219
f 2881/3314/3188 3092/3315/3189 3093/3348/3221 2882/3347/3220
f 3092/3315/3189 3303/3316/3190 3304/3349/3222 3093/3348/3221
f 3303/3316/3190 3514/3317/3191 3515/3350/3223 3304/3349/3222
f 3514/3317/3191 3725/3318/3192 3726/3351/3224 3515/3350/3223
f 3725/3318/3192 3936/3319/3193 3937/3352/3225 3726/3351/3224
f 3936/3319/3193 4147/3320/3194 4148/3353/3226 3937/3352/3225
f 4147/3320/3194 4358/3321/3195 4359/3354/3227 4148/3353/3226
f 4358/3321/3195 4569/3322/3196 4570/3355/3228 4359/3354/3227
f 4569/3322/3196 4780/3323/3197 4781/3356/3229 4570/3355/3228
f 4780/3323/3197 4991/3324/3198 4992/3357/3230 4781/3356/3229
f 4991/3324/3198 5202/3325/3199 5203/3358/3231 4992/3357/3230
f 5202/3325/3199 5413/3326/3200 5414/3359/3232 5203/3358/3231
f 5413/3326/3200 5624/3327/3201 5625/3360/3233 5414/3359/3232
f 5624/3327/3201 5835/3328/3202 5836/3361/3234 5625/3360/3233
f 5835/3328/3202 6046/3329/3203 6047/3362/3235 5836/3361/3234
f 6046/3329/3203 6257/3330/3204 6258/3363/3236 6047/3362/3235
f 6257/3330/3204 6468/3331/3205 6469/3364/3237 6258/3363/3236
f 6468/3331/3205 6679/3332/3206 6680/3365/3238 6469/3364/3237
f 6679/3332/3206 137/3333/3176 138/3366/3208 6680/3365/3238
f 138/3335/3208 350/3334/3207 351/3367/3239 139/3368/3240
f 350/3334/3207 561/3336/3209 562/3369/3241 351/3367/3239
f 561/3336/3209 772/3337/3210 773/3370/3242 562/3369/3241
f 772/3337/3210 983/3338/3211 984/3371/3243 773/3370/3242
f 983/3338/3211 1194/3339/3212 1195/3372/3244 984/3371/3243
f 1194/3339/3212 1405/3340/3213 1406/3373/3245 1195/3372/3244
f 1405/3340/3213 1616/3341/3214 1617/3374/3246 1406/3373/3245
f 1616/3341/3214 1827/3342/3215 1828/3375/3247 1617/3374/3246
f 1827/3342/3215 2038/3343/3216 2039/3376/3248 1828/3375/3247
f 2038/3343/3216 2249/3344/3217 2250/3377/3249 2039/3376/3248
f 2249/3344/3217 2460/3345/3218 2461/3378/3250 2250/3377/3249
f 2460/3345/3218 2671/3346/3219 2672/3379/3251 2461/3378/3250
f 2671/3346/3219 2882/3347/3220 2883/3380/3252 2672/3379/3251
f 2882/3347/3220 3093/3348/3221 3094/3381/3253 2883/3380/3252
f 3093/3348/3221 3304/3349/3222 3305/3382/3254 3094/3381/3253
f 3304/3349/3222 3515/3350/3223 3516/3383/3255 3305/3382/3254
f 3515/3350/3223 3726/3351/3224 3727/3384/3256 3516/3383/3255
f 3726/3351/3224 3937/3352/3225 3938/3385/3257 3727/3384/3256
f 3937/3352/3225 4148/3353/3226 4149/3386/3258 3938/3385/3257
f 4148/3353/3226 4359/3354/3227 4360/3387/3259 4149/3386/3258
f 4359/3354/3227 4570/3355/3228 4571/3388/3260 4360/3387/3259
f 4570/3355/3228 4781/3356/3229 4782/3389/3261 4571/3388/3260
f 4781/3356/3229 4992/3357/3230 4993/3390/3262 4782/3389/3261
f 4992/3357/3230 5203/3358/3231 5204/3391/3263 4993/3390/3262
f 5203/3358/3231 5414/3359/3232 5415/3392/3264 5204/3391/3263
f 5414/3359/3232 5625/3360/3233 5626/3393/3265 5415/3392/3264
f 5625/3360/3233 5836/3361/3234 5837/3394/3266 5626/3393/3265
f 5836/3361/3234 6047/3362/3235 6048/3395/3267 5837/3394/3266
f 6047/3362/3235 6258/3363/3236 6259/3396/3268 6048/3395/3267
f 6258/3363/3236 6469/3364/3237 6470/3397/3269 6259/3396/3268
f 6469/3364/3237 6680/3365/3238 6681/3398/3270 6470/3397/3269
f 6680/3365/3238 138/3366/3208 139/3399/3240 6681/3398/3270
f 139/3368/3240 351/3367/3239 352/3400/3271 140/3401/3272
f 351/3367/3239 562/3369/3241 563/3402/3273 352/3400/3271
f 562/3369/3241 773/3370/3242 774/3403/3274 563/3402/3273
f 773/3370/3242 984/3371/3243 985/3404/3275 774/3403/3274
f 984/3371/3243 1195/3372/3244 1196/3405/3276 985/3404/3275
f 1195/3372/3244 1406/3373/3245 1407/3406/3277 1196/3405/3276
f 1406/3373/3245 1617/3374/3246 1618/3407/3278 1407/3406/3277
f 1617/3374/3246 1828/3375/3247 1829/3408/3279 1618/3407/3278
f 1828/3375/3247 2039/3376/3248 2040/3409/3280 1829/3408/3279
f 2039/3376/3248 2250/3377/3249 2251/3410/3281 2040/3409/3280
f 2250/3377/3249 2461/3378/3250 2462/3411/3282 2251/3410/3281
f 2461/3378/3250 2672/3379/3251 2673/3412/3283 2462/3411/3282
f 2672/3379/3251 2883/3380/3252 2884/3413/3284 2673/3412/3283
f 2883/3380/3252 3094/3381/3253 3095/3414/3285 2884/3413/3284
f 3094/3381/3253 3305/3382/3254 3306/3415/3286 3095/3414/3285
f 3305/3382/3254 3516/3383/3255 3517/3416/3287 3306/3415/3286
f 3516/3383/3255 3727/3384/3256 3728/3417/3288 3517/3416/3287
f 3727/3384/3256 3938/3385/3257 3939/3418/3289 3728/3417/3288
f 3938/3385/3257 4149/3386/3258 4150/3419/3290 3939/3418/3289
f 4149/3386/3258 4360/3387/3259 4361/3420/3291 4150/3419/3290
f 4360/3387/3259 4571/3388/3260 4572/3421/3292 4361/3420/3291
f 4571/3388/3260 4782/3389/3261 4783/3422/3293 4572/3421/3292
f 4782/3389/3261 4993/3390/3262 4994/3423/3294 4783/3422/3293
f 4993/3390/3262 5204/3391/3263 5205/3424/3295 4994/3423/3294
f 5204/3391/3263 5415/3392/3264 5416/3425/3296 5205/3424/3295
f 5415/3392/3264 5626/3393/3265 5627/3426/3297 5416/3425/3296
f 5626/3393/3265 5837/3394/3266 5838/3427/3298 5627/3426/3297
f 5837/3394/3266 6048/3395/3267 6049/3428/3299 5838/3427/3298
f 6048/3395/3267 6259/3396/3268 6260/3429/3300 6049/3428/3299
f 6259/3396/3268 6470/3397/3269 6471/3430/3301 6260/3429/3300
f 6470/3397/3269 6681/3398/3270 6682/3431/3302 6471/3430/3301
f 6681/3398/3270 139/3399/3240 140/3432/3272 6682/3431/3302
f 140/3401/3272 352/3400/3271 353/3433/3303 141/3434/3304
f 352/3400/3271 563/3402/3273 564/3435/3305 353/3433/3303
f 563/3402/3273 774/3403/3274 775/3436/3306 564/3435/3305
f 774/3403/3274 985/3404/3275 986/3437/3307 775/3436/3306
f 985/3404/3275 1196/3405/3276 1197/3438/3308 986/3437/3307
f 1196/3405/3276 1407/3406/3277 1408/3439/3309 1197/3438/3308
f 1407/3406/3277 1618/3407/3278 1619/3440/3310 1408/3439/3309
f 1618/3407/3278 1829/3408/3279 1830/3441/3311 1619/3440/3310
f 1829/3408/3279 2040/3409/3280 2041/3442/3312 1830/3441/3311
f 2040/3409/3280 2251/3410/3281 2252/3443/3313 2041/3442/3312
f 2251/3410/3281 2462/3411/3282 2463/3444/3314 2252/3443/3313
f 2462/3411/3282 2673/3412/3283 2674/3445/3315 2463/3444/3314
f 2673/3412/3283 2884/3413/3284 2885/3446/3316 2674/3445/3315
f 2884/3413/3284 3095/3414/3285 3096/3447/3317 2885/3446/3316
f 3095/3414/3285 3306/3415/3286 3307/3448/3318 3096/3447/3317
f 3306/3415/3286 3517/3416/3287 3518/3449/3319 3307/3448/3318
f 3517/3416/3287 3728/3417/3288 3729/3450/3320 3518/3449/3319
f 3728/3417/3288 3939/3418/3289 3940/3451/3321 3729/3450/3320
f 3939/3418/3289 4150/3419/3290 4151/3452/3322 3940/3451/3321
f 4150/3419/3290 4361/3420/3291 4362/3453/3323 4151/3452/3322
f 4361/3420/3291 4572/3421/3292 4573/3454/3324 4362/3453/3323
f 4572/3421/3292 4783/3422/3293 4784/3455/3325 4573/3454/3324
f 4783/3422/3293 4994/3423/3294 4995/3456/3326 4784/3455/3325
f 4994/3423/3294 5205/3424/3295 5206/3457/3327 4995/3456/3326
f 5205/3424/3295 5416/3425/3296 5417/3458/3328 5206/3457/3327
f 5416/3425/3296 5627/3426/3297 5628/3459/3329 5417/3458/3328
f 5627/3426/3297 5838/3427/3298 5839/3460/3330 5628/3459/3329
f 5838/3427/3298 6049/3428/3299 6050/3461/3331 5839/3460/3330
f 6049/3428/3299 6260/3429/3300 6261/3462/3332 6050/3461/3331
f 6260/3429/3300 6471/3430/3301 6472/3463/3333 6261/3462/3332
f 6471/3430/3301 6682/3431/3302 6683/3464/3334 6472/3463/3333
f 6682/3431/3302 140/3432/3272 141/3465/3304 6683/3464/3334
f 141/3434/3304 353/3433/3303 354/3466/3335 142/3467/3336
f 353/3433/3303 564/3435/3305 565/3468/3337 354/3466/3335
f 564/3435/3305 775/3436/3306 776/3469/3338 565/3468/3337
f 775/3436/3306 986/3437/3307 987/3470/3339 776/3469/3338
f 986/3437/3307 1197/3438/3308 1198/3471/3340 987/3470/3339
f 1197/3438/3308 1408/3439/3309 1409/3472/3341 1198/3471/3340
f 1408/3439/3309 1619/3440/3310 1620/3473/3342 1409/3472/3341
f 1619/3440/3310 1830/3441/3311 1831/3474/3343 1620/3473/3342
f 1830/3441/3311 2041/3442/3312 2042/3475/3344 1831/3474/3343
f 2041/3442/3312 2252/3443/3313 2253/3476/3345 2042/3475/3344
f 2252/3443/3313 2463/3444/3314 2464/3477/3346 2253/3476/3345
f 2463/3444/3314 2674/3445/3315 2675/3478/3347 2464/3477/3346
f 2674/3445/3315 2885/3446/3316 2886/3479/3348 2675/3478/3347
f 2885/3446/3316 3096/3447/3317 3097/3480/3349 2886/3479/3348
f 3096/3447/3317 3307/3448/3318 3308/3481/3350 3097/3480/3349
f 3307/3448/3318 3518/3449/3319 3519/3482/3351 3308/3481/3350
f 3518/3449/3319 3729/3450/3320 3730/3483/3352 3519/3482/3351
f 3729/3450/3320 3940/3451/3321 3941/3484/3353 3730/3483/3352
f 3940/3451/3321 4151/3452/3322 4152/3485/3354 3941/3484/3353
f 4151/3452/3322 4362/3453/3323 4363/3486/3355 4152/3485/3354
f 4362/3453/3323 4573/3454/3324 4574/3487/3356 4363/3486/3355
f 4573/3454/3324 4784/3455/3325 4785/3488/3357 4574/3487/3356
f 4784/3455/3325 4995/3456/3326 4996/3489/3358 4785/3488/3357
f 4995/3456/3326 5206/3457/3327 5207/3490/3359 4996/3489/3358
f 5206/3457/3327 5417/3458/3328 5418/3491/3360 5207/3490/3359
f 5417/3458/3328 5628/3459/3329 5629/3492/3361 5418/3491/3360
f 5628/3459/3329 5839/3460/3330 5840/3493/3362 5629/3492/3361
f 5839/3460/3330 6050/3461/3331 6051/3494/3363 5840/3493/3362
f 6050/3461/3331 6261/3462/3332 6262/3495/3364 6051/3494/3363
f 6261/3462/3332 6472/3463/3333 6473/3496/3365 6262/3495/3364
f 6472/3463/3333 6683/3464/3334 6684/3497/3366 6473/3496/3365
f 6683/3464/3334 141/3465/3304 142/3498/3336 6684/3497/3366
f 142/3467/3336 354/3466/3335 355/3499/3367 143/3500/3368
f 354/3466/3335 565/3468/3337 566/3501/3369 355/3499/3367
f 565/3468/3337 776/3469/3338 777/3502/3370 566/3501/3369
f 776/3469/3338 987/3470/3339 988/3503/3371 777/3502/3370
f 987/3470/3339 1198/3471/3340 1199/3504/3372 988/3503/3371
f 1198/3471/3340 1409/3472/3341 1410/3505/3373 1199/3504/3372
f 1409/3472/3341 1620/3473/3342 1621/3506/3374 1410/3505/3373
f 1620/3473/3342 1831/3474/3343 1832/3507/3375 1621/3506/3374
f 1831/3474/3343 2042/3475/3344 2043/3508/3376 1832/3507/3375
f 2042/3475/3344 2253/3476/3345 2254/3509/3377 2043/3508/3376
f 2253/3476/3345 2464/3477/3346 2465/3510/3378 2254/3509/3377
f 2464/3477/3346 2675/3478/3347 2676/3511/3379 2465/3510/3378
f 2675/3478/3347 2886/3479/3348 2887/3512/3380 2676/3511/3379
f 2886/3479/3348 3097/3480/3349 3098/3513/3381 2887/3512/3380
f 3097/3480/3349 3308/3481/3350 3309/3514/3382 3098/3513/3381
f 3308/3481/3350 3519/3482/3351 3520/3515/3383 3309/3514/3382
f 3519/3482/3351 3730/3483/3352 3731/3516/3384 3520/3515/3383
f 3730/3483/3352 3941/3484/3353 3942/3517/3385 3731/3516/3384
f 3941/3484/3353 4152/3485/3354 4153/3518/3386 3942/3517/3385
f 4152/3485/3354 4363/3486/3355 4364/3519/3387 4153/3518/3386
f 4363/3486/3355 4574/3487/3356 4575/3520/3388 4364/3519/3387
f 4574/3487/3356 4785/3488/3357 4786/3521/3389 4575/3520/3388
f 4785/3488/3357 4996/3489/3358 4997/3522/3390 4786/3521/3389
f 4996/3489/3358 5207/3490/3359 5208/3523/3391 4997/3522/3390
f 5207/3490/3359 5418/3491/3360 5419/3524/3392 5208/3523/3391
f 5418/3491/3360 5629/3492/3361 5630/3525/3393 5419/3524/3392
f 5629/3492/3361 5840/3493/3362 5841/3526/3394 5630/3525/3393
f 5840/3493/3362 6051/3494/3363 6052/3527/3395 5841/3526/3394
f 6051/3494/3363 6262/3495/3364 6263/3528/3396 6052/3527/3395
f 6262/3495/3364 6473/3496/3365 6474/3529/3397 6263/3528/3396
f 6473/3496/3365 6684/3497/3366 6685/3530/3398 6474/3529/3397
f 6684/3497/3366 142/3498/3336 143/3531/3368 6685/3530/3398
f 143/3500/3368 355/3499/3367 356/3532/3335 144/3533/3336
f 355/3499/3367 566/3501/3369 567/3534/3337 356/3532/3335
f 566/3501/3369 777/3502/3370 778/3535/3338 567/3534/3337
f 777/3502/3370 988/3503/3371 989/3536/3339 778/3535/3338
f 988/3503/3371 1199/3504/3372 1200/3537/3340 989/3536/3339
f 1199/3504/3372 1410/3505/3373 1411/3538/3341 1200/3537/3340
f 1410/3505/3373 1621/3506/3374 1622/3539/3342 1411/3538/3341
f 1621/3506/3374 1832/3507/3375 1833/3540/3343 1622/3539/3342
f 1832/3507/3375 2043/3508/3376 2044/3541/3344 1833/3540/3343
f 2043/3508/3376 2254/3509/3377 2255/3542/3345 2044/3541/3344
f 2254/3509/3377 2465/3510/3378 2466/3543/3346 2255/3542/3345
f 2465/3510/3378 2676/3511/3379 2677/3544/3347 2466/3543/3346
f 2676/3511/3379 2887/3512/3380 2888/3545/3348 2677/3544/3347
f 2887/3512/3380 3098/3513/3381 3099/3546/3349 2888/3545/3348
f 3098/3513/3381 3309/3514/3382 3310/3547/3350 3099/3546/3349
f 3309/3514/3382 3520/3515/3383 3521/3548/3351 3310/3547/3350
f 3520/3515/3383 3731/3516/3384 3732/3549/3352 3521/3548/3351
f 3731/3516/3384 3942/3517/3385 3943/3550/3353 3732/3549/3352
f 3942/3517/3385 4153/3518/3386 4154/3551/3354 3943/3550/3353
f 4153/3518/3386 4364/3519/3387 4365/3552/3355 4154/3551/3354
f 4364/3519/3387 4575/3520/3388 4576/3553/3356 4365/3552/3355
f 4575/3520/3388 4786/3521/3389 4787/3554/3357 4576/3553/3356
f 4786/3521/3389 4997/3522/3390 4998/3555/3358 4787/3554/3357
f 4997/3522/3390 5208/3523/3391 5209/3556/3359 4998/3555/3358
f 5208/3523/3391 5419/3524/3392 5420/3557/3360 5209/3556/3359
f 5419/3524/3392 5630/3525/3393 5631/3558/3361 5420/3557/3360
f 5630/3525/3393 5841/3526/3394 5842/3559/3362 5631/3558/3361
f 5841/3526/3394 6052/3527/3395 6053/3560/3363 5842/3559/3362
f 6052/3527/3395 6263/3528/3396 6264/3561/3364 6053/3560/3363
f 6263/3528/3396 6474/3529/3397 6475/3562/3365 6264/3561/3364
f 6474/3529/3397 6685/3530/3398 6686/3563/3366 6475/3562/3365
f 6685/3530/3398 143/3531/3368 144/3564/3336 6686/3563/3366
f 144/3533/3336 356/3532/3335 357/3565/3303 145/3566/3304
f 356/3532/3335 567/3534/3337 568/3567/3305 357/3565/3303
f 567/3534/3337 778/3535/3338 779/3568/3306 568/3567/3305
f 778/3535/3338 989/3536/3339 990/3569/3307 779/3568/3306
f 989/3536/3339 1200/3537/3340 1201/3570/3308 990/3569/3307
f 1200/3537/3340 1411/3538/3341 1412/3571/3309 1201/3570/3308
f 1411/3538/3341 1622/3539/3342 1623/3572/3310 1412/3571/3309
f 1622/3539/3342 1833/3540/3343 1834/3573/3311 1623/3572/3310
f 1833/3540/3343 2044/3541/3344 2045/3574/3312 1834/3573/3311
f 2044/3541/3344 2255/3542/3345 2256/3575/3313 2045/3574/3312
f 2255/3542/3345 2466/3543/3346 2467/3576/3314 2256/3575/3313
f 2466/3543/3346 2677/3544/3347 2678/3577/3315 2467/3576/3314
f 2677/3544/3347 2888/3545/3348 2889/3578/3316 2678/3577/3315
f 2888/3545/3348 3099/3546/3349 3100/3579/3317 2889/3578/3316
f 3099/3546/3349 3310/3547/3350 3311/3580/3318 3100/3579/3317
f 3310/3547/3350 3521/3548/3351 3522/3581/3319 3311/3580/3318
f 3521/3548/3351 3732/3549/3352 3733/3582/3320 3522/3581/3319
f 3732/3549/3352 3943/3550/3353 3944/3583/3321 3733/3582/3320
f 3943/3550/3353 4154/3551/3354 4155/3584/3322 3944/3583/3321
f 4154/3551/3354 4365/3552/3355 4366/3585/3323 4155/3584/3322
f 4365/3552/3355 4576/3553/3356 4577/3586/3324 4366/3585/3323
f 4576/3553/3356 4787/3554/3357 4788/3587/3325 4577/3586/3324
f 4787/3554/3357 4998/3555/3358 4999/3588/3326 4788/3587/3325
f 4998/3555/3358 5209/3556/3359 5210/3589/3327 4999/3588/3326
f 5209/3556/3359 5420/3557/3360 5421/3590/3328 5210/3589/3327
f 5420/3557/3360 5631/3558/3361 5632/3591/3329 5421/3590/3328
f 5631/3558/3361 5842/3559/3362 5843/3592/3330 5632/3591/3329
f 5842/3559/3362 6053/3560/3363 6054/3593/3331 5843/3592/3330
f 6053/3560/3363 6264/3561/3364 6265/3594/3332 6054/3593/3331
f 6264/3561/3364 6475/3562/3365 6476/3595/3333 6265/3594/3332
f 6475/3562/3365 6686/3563/3366 6687/3596/3334 6476/3595/3333
f 6686/3563/3366 144/3564/3336 145/3597/3304 6687/3596/3334
f 145/3566/3304 357/3565/3303 358/3598/3271 146/3599/3272
f 357/3565/3303 568/3567/3305 569/3600/3273 358/3598/3271
f 568/3567/3305 779/3568/3306 780/3601/3274 569/3600/3273
f 779/3568/3306 990/3569/3307 991/3602/3275 780/3601/3274
f 990/3569/3307 1201/3570/3308 1202/3603/3276 991/3602/3275
f 1201/3570/3308 1412/3571/3309 1413/3604/3277 1202/3603/3276
f 1412/3571/3309 1623/3572/3310 1624/3605/3278 1413/3604/3277
f 1623/3572/3310 1834/3573/3311 1835/3606/3279 1624/3605/3278
f 1834/3573/3311 2045/3574/3312 2046/3607/3280 1835/3606/3279
f 2045/3574/3312 2256/3575/3313 2257/3608/3281 2046/3607/3280
f 2256/3575/3313 2467/3576/3314 2468/3609/3282 2257/3608/3281
f 2467/3576/3314 2678/3577/3315 2679/3610/3283 2468/3609/3282
f 2678/3577/3315 2889/3578/3316 2890/3611/3284 2679/3610/3283
f 2889/3578/3316 3100/3579/3317 3101/3612/3285 2890/3611/3284
f 3100/3579/3317 3311/3580/3318 3312/3613/3286 3101/3612/3285
f 3311/3580/3318 3522/3581/3319 3523/3614/3287 3312/3613/3286
f 3522/3581/3319 3733/3582/3320 3734/3615/3288 3523/3614/3287
f 3733/3582/3320 3944/3583/3321 3945/3616/3289 3734/3615/3288
f 3944/3583/3321 4155/3584/3322 4156/3617/3290 3945/3616/3289
f 4155/3584/3322 4366/3585/3323 4367/3618/3291 4156/3617/3290
f 4366/3585/3323 4577/3586/3324 4578/3619/3292 4367/3618/3291
f 4577/3586/3324 4788/3587/3325 4789/3620/3293 4578/3619/3292
f 4788/3587/3325 4999/3588/3326 5000/3621/3294 4789/3620/3293
f 4999/3588/3326 5210/3589/3327 5211/3622/3295 5000/3621/3294
f 5210/3589/3327 5421/3590/3328 5422/3623/3296 5211/3622/3295
f 5421/3590/3328 5632/3591/3329 5633/3624/3297 5422/3623/3296
f 5632/3591/3329 5843/3592/3330 5844/3625/3298 5633/3624/3297
f 5843/3592/3330 6054/3593/3331 6055/3626/3299 5844/3625/3298
f 6054/3593/3331 6265/3594/3332 6266/3627/3300 6055/3626/3299
f 6265/3594/3332 6476/3595/3333 6477/3628/3301 6266/3627/3300
f 6476/3595/3333 6687/3596/3334 6688/3629/3302 6477/3628/3301
f 6687/3596/3334 145/3597/3304 146/3630/3272 6688/3629/3302
f 146/3599/3272 358/3598/3271 359/3631/3399 147/3632/3400
f 358/3598/3271 569/3600/3273 570/3633/3401 359/3631/3399
f 569/3600/3273 780/3601/3274 781/3634/3402 570/3633/3401
f 780/3601/3274 991/3602/3275 992/3635/3403 781/3634/3402
f 991/3602/3275 1202/3603/3276 1203/3636/3404 992/3635/3403
f 1202/3603/3276 1413/3604/3277 1414/3637/3405 1203/3636/3404
f 1413/3604/3277 1624/3605/3278 1625/3638/3406 1414/3637/3405
f 1624/3605/3278 1835/3606/3279 1836/3639/3407 1625/3638/3406
f 1835/3606/3279 2046/3607/3280 2047/3640/3408 1836/3639/3407
f 2046/3607/3280 2257/3608/3281 2258/3641/3409 2047/3640/3408
f 2257/3608/3281 2468/3609/3282 2469/3642/3410 2258/3641/3409
f 2468/3609/3282 2679/3610/3283 2680/3643/3411 2469/3642/3410
f 2679/3610/3283 2890/3611/3284 2891/3644/3412 2680/3643/3411
f 2890/3611/3284 3101/3612/3285 3102/3645/3413 2891/3644/3412
f 3101/3612/3285 3312/3613/3286 3313/3646/3414 3102/3645/3413
f 3312/3613/3286 3523/3614/3287 3524/3647/3415 3313/3646/3414
f 3523/3614/3287 3734/3615/3288 3735/3648/3416 3524/3647/3415
f 3734/3615/3288 3945/3616/3289 3946/3649/3417 3735/3648/3416
f 3945/3616/3289 4156/3617/3290 4157/3650/3418 3946/3649/3417
f 4156/3617/3290 4367/3618/3291 4368/3651/3419 4157/3650/3418
f 4367/3618/3291 4578/3619/3292 4579/3652/3420 4368/3651/3419
f 4578/3619/3292 4789/3620/3293 4790/3653/3421 4579/3652/3420
f 4789/3620/3293 5000/3621/3294 5001/3654/3422 4790/3653/3421
f 5000/3621/3294 5211/3622/3295 5212/3655/3423 5001/3654/3422
f 5211/3622/3295 5422/3623/3296 5423/3656/3424 5212/3655/3423
f 5422/3623/3296 5633/3624/3297 5634/3657/3425 5423/3656/3424
f 5633/3624/3297 5844/3625/3298 5845/3658/3426 5634/3657/3425
f 5844/3625/3298 6055/3626/3299 6056/3659/3427 5845/3658/3426
f 6055/3626/3299 6266/3627/3300 6267/3660/3428 6056/3659/3427
f 6266/3627/3300 6477/3628/3301 6478/3661/3429 6267/3660/3428
f 6477/3628/3301 6688/3629/3302 6689/3662/3430 6478/3661/3429
f 6688/3629/3302 146/3630/3272 147/3663/3400 6689/3662/3430
f 147/3632/3400 359/3631/3399 360/3631/2373 148/3632/2373
f 359/3631/3399 570/3633/3401 571/3633/2373 360/3631/2373
f 570/3633/3401 781/3634/3402 782/3634/2373 571/3633/2373
f 781/3634/3402 992/3635/3403 993/3635/3431 782/3634/2373
f 992/3635/3403 1203/3636/3404 1204/3636/3431 993/3635/3431
f 1203/3636/3404 1414/3637/3405 1415/3637/2373 1204/3636/3431
f 1414/3637/3405 1625/3638/3406 1626/3638/2373 1415/3637/2373
f 1625/3638/3406 1836/3639/3407 1837/3639/2373 1626/3638/2373
f 1836/3639/3407 2047/3640/3408 2048/3640/2373 1837/3639/2373
f 2047/3640/3408 2258/3641/3409 2259/3641/2373 2048/3640/2373
f 2258/3641/3409 2469/3642/3410 2470/3642/2373 2259/3641/2373
f 2469/3642/3410 2680/3643/3411 2681/3643/2373 2470/3642/2373
f 2680/3643/3411 2891/3644/3412 2892/3644/2373 2681/3643/2373
f 2891/3644/3412 3102/3645/3413 3103/3645/2373 2892/3644/2373
f 3102/3645/3413 3313/3646/3414 3314/3646/2373 3103/3645/2373
f 3313/3646/3414 3524/3647/3415 3525/3647/2373 3314/3646/2373
f 3524/3647/3415 3735/3648/3416 3736/3648/2373 3525/3647/2373
f 3735/3648/3416 3946/3649/3417 3947/3649/2373 3736/3648/2373
f 3946/3649/3417 4157/3650/3418 4158/3650/2373 3947/3649/2373
f 4157/3650/3418 4368/3651/3419 4369/3651/3432 4158/3650/2373
f 4368/3651/3419 4579/3652/3420 4580/3652/3432 4369/3651/3432
f 4579/3652/3420 4790/3653/3421 4791/3653/2373 4580/3652/3432
f 4790/3653/3421 5001/3654/3422 5002/3654/2373 4791/3653/2373
f 5001/3654/3422 5212/3655/3423 5213/3655/2373 5002/3654/2373
f 5212/3655/3423 5423/3656/3424 5424/3656/2373 5213/3655/2373
f 5423/3656/3424 5634/3657/3425 5635/3657/2373 5424/3656/2373
f 5634/3657/3425 5845/3658/3426 5846/3658/2373 5635/3657/2373
f 5845/3658/3426 6056/3659/3427 6057/3659/2373 5846/3658/2373
f 6056/3659/3427 6267/3660/3428 6268/3660/2373 6057/3659/2373
f 6267/3660/3428 6478/3661/3429 6479/3661/2373 6268/3660/2373
f 6478/3661/3429 6689/3662/3430 6690/3662/2373 6479/3661/2373
f 6689/3662/3430 147/3663/3400 148/3663/2373 6690/3662/2373
f 148/3632/2373 360/3631/2373 361/3631/2373 149/3632/2373
f 360/3631/2373 571/3633/2373 572/3633/2373 361/3631/2373
f 571/3633/2373 782/3634/2373 783/3634/3431 572/3633/2373
f 782/3634/2373 993/3635/3431 994/3635/2373 783/3634/3431
f 993/3635/3431 1204/3636/3431 1205/3636/2373 994/3635/2373
f 1204/3636/3431 1415/3637/2373 1416/3637/2373 1205/3636/2373
f 1415/3637/2373 1626/3638/2373 1627/3638/2373 1416/3637/2373
f 1626/3638/2373 1837/3639/2373 1838/3639/2373 1627/3638/2373
f 1837/3639/2373 2048/3640/2373 2049/3640/2373 1838/3639/2373
f 2048/3640/2373 2259/3641/2373 2260/3641/2373 2049/3640/2373
f 2259/3641/2373 2470/3642/2373 2471/3642/2373 2260/3641/2373
f 2470/3642/2373 2681/3643/2373 2682/3643/2373 2471/3642/2373
f 2681/3643/2373 2892/3644/2373 2893/3644/2373 2682/3643/2373
f 2892/3644/2373 3103/3645/2373 3104/3645/2373 2893/3644/2373
f 3103/3645/2373 3314/3646/2373 3315/3646/2373 3104/3645/2373
f 3314/3646/2373 3525/3647/2373 3526/3647/2373 3315/3646/2373
f 3525/3647/2373 3736/3648/2373 3737/3648/2373 3526/3647/2373
f 3736/3648/2373 3947/3649/2373 3948/3649/2373 3737/3648/2373
f 3947/3649/2373 4158/3650/2373 4159/3650/2373 3948/3649/2373
f 4158/3650/2373 4369/3651/3432 4370/3651/3432 4159/3650/2373
f 4369/3651/3432 4580/3652/3432 4581/3652/2373 4370/3651/3432
f 4580/3652/3432 4791/3653/2373 4792/3653/2373 4581/3652/2373
f 4791/3653/2373 5002/3654/2373 5003/3654/2373 4792/3653/2373
f 5002/3654/2373 5213/3655/2373 5214/3655/2373 5003/3654/2373
f 5213/3655/2373 5424/3656/2373 5425/3656/2373 5214/3655/2373
f 5424/3656/2373 5635/3657/2373 5636/3657/2373 5425/3656/2373
f 5635/3657/2373 5846/3658/2373 5847/3658/2373 5636/3657/2373
f 5846/3658/2373 6057/3659/2373 6058/3659/2373 5847/3658/2373
f 6057/3659/2373 6268/3660/2373 6269/3660/2373 6058/3659/2373
f 6268/3660/2373 6479/3661/2373 6480/3661/2373 6269/3660/2373
f 6479/3661/2373 6690/3662/2373 6691/3662/2373 6480/3661/2373
f 6690/3662/2373 148/3663/2373 149/3663/2373 6691/3662/2373
f 149/3632/2373 361/3631/2373 362/3631/2373 150/3632/2373
f 361/3631/2373 572/3633/2373 573/3633/2373 362/3631/2373
f 572/3633/2373 783/3634/3431 784/3634/2373 573/3633/2373
f 783/3634/3431 994/3635/2373 995/3635/2373 784/3634/2373
f 994/3635/2373 1205/3636/2373 1206/3636/2373 995/3635/2373
f 1205/3636/2373 1416/3637/2373 1417/3637/2373 1206/3636/2373
f 1416/3637/2373 1627/3638/2373 1628/3638/2373 1417/3637/2373
f 1627/3638/2373 1838/3639/2373 1839/3639/2373 1628/3638/2373
f 1838/3639/2373 2049/3640/2373 2050/3640/2373 1839/3639/2373
f 2049/3640/2373 2260/3641/2373 2261/3641/2373 2050/3640/2373
f 2260/3641/2373 2471/3642/2373 2472/3642/2373 2261/3641/2373
f 2471/3642/2373 2682/3643/2373 2683/3643/2373 2472/3642/2373
f 2682/3643/2373 2893/3644/2373 2894/3644/2373 2683/3643/2373
f 2893/3644/2373 3104/3645/2373 3105/3645/2373 2894/3644/2373
f 3104/3645/2373 3315/3646/2373 3316/3646/2373 3105/3645/2373
f 3315/3646/2373 3526/3647/2373 3527/3647/2373 3316/3646/2373
f 3526/3647/2373 3737/3648/2373 3738/3648/2373 3527/3647/2373
f 3737/3648/2373 3948/3649/2373 3949/3649/2373 3738/3648/2373
f 3948/3649/2373 4159/3650/2373 4160/3650/2373 3949/3649/2373
f 4159/3650/2373 4370/3651/3432 4371/3651/2373 4160/3650/2373
f 4370/3651/3432 4581/3652/2373 4582/3652/2373 4371/3651/2373
f 4581/3652/2373 4792/3653/2373 4793/3653/2373 4582/3652/2373
f 4792/3653/2373 5003/3654/2373 5004/3654/2373 4793/3653/2373
f 5003/3654/2373 5214/3655/2373 5215/3655/2373 5004/3654/2373
f 5214/3655/2373 5425/3656/2373 5426/3656/2373 5215/3655/2373
f 5425/3656/2373 5636/3657/2373 5637/3657/2373 5426/3656/2373
f 5636/3657/2373 5847/3658/2373 5848/3658/2373 5637/3657/2373
f 5847/3658/2373 6058/3659/2373 6059/3659/2373 5848/3658/2373
f 6058/3659/2373 6269/3660/2373 6270/3660/2373 6059/3659/2373
f 6269/3660/2373 6480/3661/2373 6481/3661/2373 6270/3660/2373
f 6480/3661/2373 6691/3662/2373 6692/3662/2373 6481/3661/2373
f 6691/3662/2373 149/3663/2373 150/3663/2373 6692/3662/2373
f 150/3632/2373 362/3631/2373 363/3631/2373 151/3632/2373
f 362/3631/2373 573/3633/2373 574/3633/2373 363/3631/2373
f 573/3633/2373 784/3634/2373 785/3634/2373 574/3633/2373
f 784/3634/2373 995/3635/2373 996/3635/2373 785/3634/2373
f 995/3635/2373 1206/3636/2373 1207/3636/2373 996/3635/2373
f 1206/3636/2373 1417/3637/2373 1418/3637/2373 1207/3636/2373
f 1417/3637/2373 1628/3638/2373 1629/3638/2373 1418/3637/2373
f 1628/3638/2373 1839/3639/2373 1840/3639/2373 1629/3638/2373
f 1839/3639/2373 2050/3640/2373 2051/3640/2373 1840/3639/2373
f 2050/3640/2373 2261/3641/2373 2262/3641/2373 2051/3640/2373
f 2261/3641/2373 2472/3642/2373 2473/3642/2373 2262/3641/2373
f 2472/3642/2373 2683/3643/2373 2684/3643/2373 2473/3642/2373
f 2683/3643/2373 2894/3644/2373 2895/3644/2373 2684/3643/2373
f 2894/3644/2373 3105/3645/2373 3106/3645/2373 2895/3644/2373
f 3105/3645/2373 3316/3646/2373 3317/3646/2373 3106/3645/2373
f 3316/3646/2373 3527/3647/2373 3528/3647/2373 3317/3646/2373
f 3527/3647/2373 3738/3648/2373 3739/3648/2373 3528/3647/2373
f 3738/3648/2373 3949/3649/2373 3950/3649/2373 3739/3648/2373
f 3949/3649/2373 4160/3650/2373 4161/3650/2373 3950/3649/2373
f 4160/3650/2373 4371/3651/2373 4372/3651/2373 4161/3650/2373
f 4371/3651/2373 4582/3652/2373 4583/3652/2373 4372/3651/2373
f 4582/3652/2373 4793/3653/2373 4794/3653/2373 4583/3652/2373
f 4793/3653/2373 5004/3654/2373 5005/3654/2373 4794/3653/2373
f 5004/3654/2373 5215/3655/2373 5216/3655/2373 5005/3654/2373
f 5215/3655/2373 5426/3656/2373 5427/3656/2373 5216/3655/2373
f 5426/3656/2373 5637/3657/2373 5638/3657/2373 5427/3656/2373
f 5637/3657/2373 5848/3658/2373 5849/3658/2373 5638/3657/2373
f 5848/3658/2373 6059/3659/2373 6060/3659/2373 5849/3658/2373
f 6059/3659/2373 6270/3660/2373 6271/3660/2373 6060/3659/2373
f 6270/3660/2373 6481/3661/2373 6482/3661/2373 6271/3660/2373
f 6481/3661/2373 6692/3662/2373 6693/3662/2373 6482/3661/2373
f 6692/3662/2373 150/3663/2373 151/3663/2373 6693/3662/2373
f 151/3632/2373 363/3631/2373 364/3631/2373 152/3632/2373
f 363/3631/2373 574/3633/2373 575/3633/2373 364/3631/2373
f 574/3633/2373 785/3634/2373 786/3634/2373 575/3633/2373
f 785/3634/2373 996/3635/2373 997/3635/2373 786/3634/2373
f 996/3635/2373 1207/3636/2373 1208/3636/2373 997/3635/2373
f 1207/3636/2373 1418/3637/2373 1419/3637/2373 1208/3636/2373
f 1418/3637/2373 1629/3638/2373 1630/3638/2373 1419/3637/2373
f 1629/3638/2373 1840/3639/2373 1841/3639/2373 1630/3638/2373
f 1840/3639/2373 2051/3640/2373 2052/3640/2373 1841/3639/2373
f 2051/3640/2373 2262/3641/2373 2263/3641/2373 2052/3640/2373
f 2262/3641/2373 2473/3642/2373 2474/3642/2373 2263/3641/2373
f 2473/3642/2373 2684/3643/2373 2685/3643/2373 2474/3642/2373
f 2684/3643/2373 2895/3644/2373 2896/3644/2373 2685/3643/2373
f 2895/3644/2373 3106/3645/2373 3107/3645/2373 2896/3644/2373
f 3106/3645/2373 3317/3646/2373 3318/3646/2373 3107/3645/2373
f 3317/3646/2373 3528/3647/2373 3529/3647/2373 3318/3646/2373
f 3528/3647/2373 3739/3648/2373 3740/3648/2373 3529/3647/2373
f 3739/3648/2373 3950/3649/2373 3951/3649/2373 3740/3648/2373
f 3950/3649/2373 4161/3650/2373 4162/3650/2373 3951/3649/2373
f 4161/3650/2373 4372/3651/2373 4373/3651/2373 4162/3650/2373
f 4372/3651/2373 4583/3652/2373 4584/3652/2373 4373/3651/2373
f 4583/3652/2373 4794/3653/2373 4795/3653/2373 4584/3652/2373
f 4794/3653/2373 5005/3654/2373 5006/3654/2373 4795/3653/2373
f 5005/3654/2373 5216/3655/2373 5217/3655/2373 5006/3654/2373
f 5216/3655/2373 5427/3656/2373 5428/3656/2373 5217/3655/2373
f 5427/3656/2373 5638/3657/2373 5639/3657/2373 5428/3656/2373
f 5638/3657/2373 5849/3658/2373 5850/3658/2373 5639/3657/2373
f 5849/3658/2373 6060/3659/2373 6061/3659/2373 5850/3658/2373
f 6060/3659/2373 6271/3660/2373 6272/3660/2373 6061/3659/2373
f 6271/3660/2373 6482/3661/2373 6483/3661/2373 6272/3660/2373
f 6482/3661/2373 6693/3662/2373 6694/3662/2373 6483/3661/2373
f 6693/3662/2373 151/3663/2373 152/3663/2373 6694/3662/2373
f 152/3632/2373 364/3631/2373 365/3631/2373 153/3632/2373
f 364/3631/2373 575/3633/2373 576/3633/2373 365/3631/2373
f 575/3633/2373 786/3634/2373 787/3634/2373 576/3633/2373
f 786/3634/2373 997/3635/2373 998/3635/2373 787/3634/2373
f 997/3635/2373 1208/3636/2373 1209/3636/2373 998/3635/2373
f 1208/3636/2373 1419/3637/2373 1420/3637/2373 1209/3636/2373
f 1419/3637/2373 1630/3638/2373 1631/3638/2373 1420/3637/2373
f 1630/3638/2373 1841/3639/2373 1842/3639/2373 1631/3638/2373
f 1841/3639/2373 2052/3640/2373 2053/3640/2373 1842/3639/2373
f 2052/3640/2373 2263/3641/2373 2264/3641/2373 2053/3640/2373
f 2263/3641/2373 2474/3642/2373 2475/3642/2373 2264/3641/2373
f 2474/3642/2373 2685/3643/2373 2686/3643/2373 2475/3642/2373
f 2685/3643/2373 2896/3644/2373 2897/3644/2373 2686/3643/2373
f 2896/3644/2373 3107/3645/2373 3108/3645/2373 2897/3644/2373
f 3107/3645/2373 3318/3646/2373 3319/3646/2373 3108/3645/2373
f 3318/3646/2373 3529/3647/2373 3530/3647/2373 3319/3646/2373
f 3529/3647/2373 3740/3648/2373 3741/3648/2373 3530/3647/2373
f 3740/3648/2373 3951/3649/2373 3952/3649/2373 3741/3648/2373
f 3951/3649/2373 4162/3650/2373 4163/3650/2373 3952/3649/2373
f 4162/3650/2373 4373/3651/2373 4374/3651/2373 4163/3650/2373
f 4373/3651/2373 4584/3652/2373 4585/3652/2373 4374/3651/2373
f 4584/3652/2373 4795/3653/2373 4796/3653/2373 4585/3652/2373
f 4795/3653/2373 5006/3654/2373 5007/3654/2373 4796/3653/2373
f 5006/3654/2373 5217/3655/2373 5218/3655/2373 5007/3654/2373
f 5217/3655/2373 5428/3656/2373 5429/3656/2373 5218/3655/2373
f 5428/3656/2373 5639/3657/2373 5640/3657/2373 5429/3656/2373
f 5639/3657/2373 5850/3658/2373 5851/3658/2373 5640/3657/2373
f 5850/3658/2373 6061/3659/2373 6062/3659/2373 5851/3658/2373
f 6061/3659/2373 6272/3660/2373 6273/3660/2373 6062/3659/2373
f 6272/3660/2373 6483/3661/2373 6484/3661/2373 6273/3660/2373
f 6483/3661/2373 6694/3662/2373 6695/3662/2373 6484/3661/2373
f 6694/3662/2373 152/3663/2373 153/3663/2373 6695/3662/2373
f 153/3632/2373 365/3631/2373 366/3631/2373 154/3632/2373
f 365/3631/2373 576/3633/2373 577/3633/2373 366/3631/2373
f 576/3633/2373 787/3634/2373 788/3634/2373 577/3633/2373
f 787/3634/2373 998/3635/2373 999/3635/2373 788/3634/2373
f 998/3635/2373 1209/3636/2373 1210/3636/2373 999/3635/2373
f 1209/3636/2373 1420/3637/2373 1421/3637/2373 1210/3636/2373
f 1420/3637/2373 1631/3638/2373 1632/3638/2373 1421/3637/2373
f 1631/3638/2373 1842/3639/2373 1843/3639/2373 1632/3638/2373
f 1842/3639/2373 2053/3640/2373 2054/3640/2373 1843/3639/2373
f 2053/3640/2373 2264/3641/2373 2265/3641/2373 2054/3640/2373
f 2264/3641/2373 2475/3642/2373 2476/3642/2373 2265/3641/2373
f 2475/3642/2373 2686/3643/2373 2687/3643/2373 2476/3642/2373
f 2686/3643/2373 2897/3644/2373 2898/3644/2373 2687/3643/2373
f 2897/3644/2373 3108/3645/2373 3109/3645/2373 2898/3644/2373
f 3108/3645/2373 3319/3646/2373 3320/3646/2373 3109/3645/2373
f 3319/3646/2373 3530/3647/2373 3531/3647/2373 3320/3646/2373
f 3530/3647/2373 3741/3648/2373 3742/3648/2373 3531/3647/2373
f 3741/3648/2373 3952/3649/2373 3953/3649/2373 3742/3648/2373
f 3952/3649/2373 4163/3650/2373 4164/3650/2373 3953/3649/2373
f 4163/3650/2373 4374/3651/2373 4375/3651/2373 4164/3650/2373
f 4374/3651/2373 4585/3652/2373 4586/3652/2373 4375/3651/2373
f 4585/3652/2373 4796/3653/2373 4797/3653/2373 4586/3652/2373
f 4796/3653/2373 5007/3654/2373 5008/3654/2373 4797/3653/2373
f 5007/3654/2373 5218/3655/2373 5219/3655/2373 5008/3654/2373
f 5218/3655/2373 5429/3656/2373 5430/3656/2373 5219/3655/2373
f 5429/3656/2373 5640/3657/2373 5641/3657/2373 5430/3656/2373
f 5640/3657/2373 5851/3658/2373 5852/3658/2373 5641/3657/2373
f 5851/3658/2373 6062/3659/2373 6063/3659/2373 5852/3658/2373
f 6062/3659/2373 6273/3660/2373 6274/3660/2373 6063/3659/2373
f 6273/3660/2373 6484/3661/2373 6485/3661/2373 6274/3660/2373
f 6484/3661/2373 6695/3662/2373 6696/3662/2373 6485/3661/2373
f 6695/3662/2373 153/3663/2373 154/3663/2373 6696/3662/2373
f 154/3632/2373 366/3631/2373 367/3631/2373 155/3632/2373
f 366/3631/2373 577/3633/2373 578/3633/2373 367/3631/2373
f 577/3633/2373 788/3634/2373 789/3634/2373 578/3633/2373
f 788/3634/2373 999/3635/2373 1000/3635/2373 789/3634/2373
f 999/3635/2373 1210/3636/2373 1211/3636/2373 1000/3635/2373
f 1210/3636/2373 1421/3637/2373 1422/3637/2373 1211/3636/2373
f 1421/3637/2373 1632/3638/2373 1633/3638/2373 1422/3637/2373
f 1632/3638/2373 1843/3639/2373 1844/3639/2373 1633/3638/2373
f 1843/3639/2373 2054/3640/2373 2055/3640/2373 1844/3639/2373
f 2054/3640/2373 2265/3641/2373 2266/3641/2373 2055/3640/2373
f 2265/3641/2373 2476/3642/2373 2477/3642/2373 2266/3641/2373
f 2476/3642/2373 2687/3643/2373 2688/3643/2373 2477/3642/2373
f 2687/3643/2373 2898/3644/2373 2899/3644/2373 2688/3643/2373
f 2898/3644/2373 3109/3645/2373 3110/3645/2373 2899/3644/2373
f 3109/3645/2373 3320/3646/2373 3321/3646/2373 3110/3645/2373
f 3320/3646/2373 3531/3647/2373 3532/3647/2373 3321/3646/2373
f 3531/3647/2373 3742/3648/2373 3743/3648/2373 3532/3647/2373
f 3742/3648/2373 3953/3649/2373 3954/3649/2373 3743/3648/2373
f 3953/3649/2373 4164/3650/2373 4165/3650/2373 3954/3649/2373
f 4164/3650/2373 4375/3651/2373 4376/3651/2373 4165/3650/2373
f 4375/3651/2373 4586/3652/2373 4587/3652/2373 4376/3651/2373
f 4586/3652/2373 4797/3653/2373 4798/3653/2373 4587/3652/2373
f 4797/3653/2373 5008/3654/2373 5009/3654/2373 4798/3653/2373
f 5008/3654/2373 5219/3655/2373 5220/3655/2373 5009/3654/2373
f 5219/3655/2373 5430/3656/2373 5431/3656/2373 5220/3655/2373
f 5430/3656/2373 5641/3657/2373 5642/3657/2373 5431/3656/2373
f 5641/3657/2373 5852/3658/2373 5853/3658/2373 5642/3657/2373
f 5852/3658/2373 6063/3659/2373 6064/3659/2373 5853/3658/2373
f 6063/3659/2373 6274/3660/2373 6275/3660/2373 6064/3659/2373
f 6274/3660/2373 6485/3661/2373 6486/3661/2373 6275/3660/2373
f 6485/3661/2373 6696/3662/2373 6697/3662/2373 6486/3661/2373
f 6696/3662/2373 154/3663/2373 155/3663/2373 6697/3662/2373
f 155/3632/2373 367/3631/2373 368/3631/2373 156/3632/2373
f 367/3631/2373 578/3633/2373 579/3633/2373 368/3631/2373
f 578/3633/2373 789/3634/2373 790/3634/2373 579/3633/2373
f 789/3634/2373 1000/3635/2373 1001/3635/2373 790/3634/2373
f 1000/3635/2373 1211/3636/2373 1212/3636/2373 1001/3635/2373
f 1211/3636/2373 1422/3637/2373 1423/3637/2373 1212/3636/2373
f 1422/3637/2373 1633/3638/2373 1634/3638/2373 1423/3637/2373
f 1633/3638/2373 1844/3639/2373 1845/3639/2373 1634/3638/2373
f 1844/3639/2373 2055/3640/2373 2056/3640/2373 1845/3639/2373
f 2055/3640/2373 2266/3641/2373 2267/3641/2373 2056/3640/2373
f 2266/3641/2373 2477/3642/2373 2478/3642/2373 2267/3641/2373
f 2477/3642/2373 2688/3643/2373 2689/3643/2373 2478/3642/2373
f 2688/3643/2373 2899/3644/2373 2900/3644/2373 2689/3643/2373
f 2899/3644/2373 3110/3645/2373 3111/3645/2373 2900/3644/2373
f 3110/3645/2373 3321/3646/2373 3322/3646/2373 3111/3645/2373
f 3321/3646/2373 3532/3647/2373 3533/3647/2373 3322/3646/2373
f 3532/3647/2373 3743/3648/2373 3744/3648/2373 3533/3647/2373
f 3743/3648/2373 3954/3649/2373 3955/3649/2373 3744/3648/2373
f 3954/3649/2373 4165/3650/2373 4166/3650/2373 3955/3649/2373
f 4165/3650/2373 4376/3651/2373 4377/3651/2373 4166/3650/2373
f 4376/3651/2373 4587/3652/2373 4588/3652/2373 4377/3651/2373
f 4587/3652/2373 4798/3653/2373 4799/3653/2373 4588/3652/2373
f 4798/3653/2373 5009/3654/2373 5010/3654/2373 4799/3653/2373
f 5009/3654/2373 5220/3655/2373 5221/3655/2373 5010/3654/2373
f 5220/3655/2373 5431/3656/2373 5432/3656/2373 5221/3655/2373
f 5431/3656/2373 5642/3657/2373 5643/3657/2373 5432/3656/2373
f 5642/3657/2373 5853/3658/2373 5854/3658/2373 5643/3657/2373
f 5853/3658/2373 6064/3659/2373 6065/3659/2373 5854/3658/2373
f 6064/3659/2373 6275/3660/2373 6276/3660/2373 6065/3659/2373
f 6275/3660/2373 6486/3661/2373 6487/3661/2373 6276/3660/2373
f 6486/3661/2373 6697/3662/2373 6698/3662/2373 6487/3661/2373
f 6697/3662/2373 155/3663/2373 156/3663/2373 6698/3662/2373
f 156/3632/2373 368/3631/2373 369/3631/2373 157/3632/2373
f 368/3631/2373 579/3633/2373 580/3633/2373 369/3631/2373
f 579/3633/2373 790/3634/2373 791/3634/2373 580/3633/2373
f 790/3634/2373 1001/3635/2373 1002/3635/2373 791/3634/2373
f 1001/3635/2373 1212/3636/2373 1213/3636/2373 1002/3635/2373
f 1212/3636/2373 1423/3637/2373 1424/3637/2373 1213/3636/2373
f 1423/3637/2373 1634/3638/2373 1635/3638/2373 1424/3637/2373
f 1634/3638/2373 1845/3639/2373 1846/3639/2373 1635/3638/2373
f 1845/3639/2373 2056/3640/2373 2057/3640/2373 1846/3639/2373
f 2056/3640/2373 2267/3641/2373 2268/3641/2373 2057/3640/2373
f 2267/3641/2373 2478/3642/2373 2479/3642/2373 2268/3641/2373
f 2478/3642/2373 2689/3643/2373 2690/3643/2373 2479/3642/2373
f 2689/3643/2373 2900/3644/2373 2901/3644/2373 2690/3643/2373
f 2900/3644/2373 3111/3645/2373 3112/3645/2373 2901/3644/2373
f 3111/3645/2373 3322/3646/2373 3323/3646/2373 3112/3645/2373
f 3322/3646/2373 3533/3647/2373 3534/3647/2373 3323/3646/2373
f 3533/3647/2373 3744/3648/2373 3745/3648/2373 3534/3647/2373
f 3744/3648/2373 3955/3649/2373 3956/3649/2373 3745/3648/2373
f 3955/3649/2373 4166/3650/2373 4167/3650/2373 3956/3649/2373
f 4166/3650/2373 4377/3651/2373 4378/3651/2373 4167/3650/2373
f 4377/3651/2373 4588/3652/2373 4589/3652/2373 4378/3651/2373
f 4588/3652/2373 4799/3653/2373 4800/3653/2373 4589/3652/2373
f 4799/3653/2373 5010/3654/2373 5011/3654/2373 4800/3653/2373
f 5010/3654/2373 5221/3655/2373 5222/3655/2373 5011/3654/2373
f 5221/3655/2373 5432/3656/2373 5433/3656/2373 5222/3655/2373
f 5432/3656/2373 5643/3657/2373 5644/3657/2373 5433/3656/2373
f 5643/3657/2373 5854/3658/2373 5855/3658/2373 5644/3657/2373
f 5854/3658/2373 6065/3659/2373 6066/3659/2373 5855/3658/2373
f 6065/3659/2373 6276/3660/2373 6277/3660/2373 6066/3659/2373
f 6276/3660/2373 6487/3661/2373 6488/3661/2373 6277/3660/2373
f 6487/3661/2373 6698/3662/2373 6699/3662/2373 6488/3661/2373
f 6698/3662/2373 156/3663/2373 157/3663/2373 6699/3662/2373
f 157/3632/2373 369/3631/2373 370/3631/2373 158/3632/2373
f 369/3631/2373 580/3633/2373 581/3633/2373 370/3631/2373
f 580/3633/2373 791/3634/2373 792/3634/2373 581/3633/2373
f 791/3634/2373 1002/3635/2373 1003/3635/2373 792/3634/2373
f 1002/3635/2373 1213/3636/2373 1214/3636/2373 1003/3635/2373
f 1213/3636/2373 1424/3637/2373 1425/3637/2373 1214/3636/2373
f 1424/3637/2373 1635/3638/2373 1636/3638/2373 1425/3637/2373
f 1635/3638/2373 1846/3639/2373 1847/3639/2373 1636/3638/2373
f 1846/3639/2373 2057/3640/2373 2058/3640/2373 1847/3639/2373
f 2057/3640/2373 2268/3641/2373 2269/3641/2373 2058/3640/2373
f 2268/3641/2373 2479/3642/2373 2480/3642/2373 2269/3641/2373
f 2479/3642/2373 2690/3643/2373 2691/3643/2373 2480/3642/2373
f 2690/3643/2373 2901/3644/2373 2902/3644/2373 2691/3643/2373
f 2901/3644/2373 3112/3645/2373 3113/3645/2373 2902/3644/2373
f 3112/3645/2373 3323/3646/2373 3324/3646/2373 3113/3645/2373
f 3323/3646/2373 3534/3647/2373 3535/3647/2373 3324/3646/2373
f 3534/3647/2373 3745/3648/2373 3746/3648/2373 3535/3647/2373
f 3745/3648/2373 3956/3649/2373 3957/3649/2373 3746/3648/2373
f 3956/3649/2373 4167/3650/2373 4168/3650/2373 3957/3649/2373
f 4167/3650/2373 4378/3651/2373 4379/3651/2373 4168/3650/2373
f 4378/3651/2373 4589/3652/2373 4590/3652/2373 4379/3651/2373
f 4589/3652/2373 4800/3653/2373 4801/3653/2373 4590/3652/2373
f 4800/3653/2373 5011/3654/2373 5012/3654/2373 4801/3653/2373
f 5011/3654/2373 5222/3655/2373 5223/3655/2373 5012/3654/2373
f 5222/3655/2373 5433/3656/2373 5434/3656/2373 5223/3655/2373
f 5433/3656/2373 5644/3657/2373 5645/3657/2373 5434/3656/2373
f 5644/3657/2373 5855/3658/2373 5856/3658/2373 5645/3657/2373
f 5855/3658/2373 6066/3659/2373 6067/3659/2373 5856/3658/2373
f 6066/3659/2373 6277/3660/2373 6278/3660/2373 6067/3659/2373
f 6277/3660/2373 6488/3661/2373 6489/3661/2373 6278/3660/2373
f 6488/3661/2373 6699/3662/2373 6700/3662/2373 6489/3661/2373
f 6699/3662/2373 157/3663/2373 158/3663/2373 6700/3662/2373
f 158/3632/2373 370/3631/2373 371/3631/3433 159/3632/3434
f 370/3631/2373 581/3633/2373 582/3633/3435 371/3631/3433
f 581/3633/2373 792/3634/2373 793/3634/3436 582/3633/3435
f 792/3634/2373 1003/3635/2373 1004/3635/3437 793/3634/3436
f 1003/3635/2373 1214/3636/2373 1215/3636/3438 1004/3635/3437
f 1214/3636/2373 1425/3637/2373 1426/3637/3439 1215/3636/3438
f 1425/3637/2373 1636/3638/2373 1637/3638/3440 1426/3637/3439
f 1636/3638/2373 1847/3639/2373 1848/3639/3441 1637/3638/3440
f 1847/3639/2373 2058/3640/2373 2059/3640/3442 1848/3639/3441
f 2058/3640/2373 2269/3641/2373 2270/3641/3443 2059/3640/3442
f 2269/3641/2373 2480/3642/2373 2481/3642/3444 2270/3641/3443
f 2480/3642/2373 2691/3643/2373 2692/3643/3445 2481/3642/3444
f 2691/3643/2373 2902/3644/2373 2903/3644/3446 2692/3643/3445
f 2902/3644/2373 3113/3645/2373 3114/3645/3447 2903/3644/3446
f 3113/3645/2373 3324/3646/2373 3325/3646/3448 3114/3645/3447
f 3324/3646/2373 3535/3647/2373 3536/3647/3449 3325/3646/3448
f 3535/3647/2373 3746/3648/2373 3747/3648/3450 3536/3647/3449
f 3746/3648/2373 3957/3649/2373 3958/3649/3451 3747/3648/3450
f 3957/3649/2373 4168/3650/2373 4169/3650/3452 3958/3649/3451
f 4168/3650/2373 4379/3651/2373 4380/3651/3453 4169/3650/3452
f 4379/3651/2373 4590/3652/2373 4591/3652/3454 4380/3651/3453
f 4590/3652/2373 4801/3653/2373 4802/3653/3455 4591/3652/3454
f 4801/3653/2373 5012/3654/2373 5013/3654/3456 4802/3653/3455
f 5012/3654/2373 5223/3655/2373 5224/3655/3457 5013/3654/3456
f 5223/3655/2373 5434/3656/2373 5435/3656/3458 5224/3655/3457
f 5434/3656/2373 5645/3657/2373 5646/3657/3459 5435/3656/3458
f 5645/3657/2373 5856/3658/2373 5857/3658/3460 5646/3657/3459
f 5856/3658/2373 6067/3659/2373 6068/3659/3461 5857/3658/3460
f 6067/3659/2373 6278/3660/2373 6279/3660/3462 6068/3659/3461
f 6278/3660/2373 6489/3661/2373 6490/3661/3463 6279/3660/3462
f 6489/3661/2373 6700/3662/2373 6701/3662/3464 6490/3661/3463
f 6700/3662/2373 158/3663/2373 159/3663/3434 6701/3662/3464
f 159/3632/3434 371/3631/3433 372/3664/3465 160/3665/3466
f 371/3631/3433 582/3633/3435 583/3666/3467 372/3664/3465
f 582/3633/3435 793/3634/3436 794/3667/3468 583/3666/3467
f 793/3634/3436 1004/3635/3437 1005/3668/3469 794/3667/3468
f 1004/3635/3437 1215/3636/3438 1216/3669/3470 1005/3668/3469
f 1215/3636/3438 1426/3637/3439 1427/3670/3471 1216/3669/3470
f 1426/3637/3439 1637/3638/3440 1638/3671/3472 1427/3670/3471
f 1637/3638/3440 1848/3639/3441 1849/3672/3473 1638/3671/3472
f 1848/3639/3441 2059/3640/3442 2060/3673/3474 1849/3672/3473
f 2059/3640/3442 2270/3641/3443 2271/3674/3475 2060/3673/3474
f 2270/3641/3443 2481/3642/3444 2482/3675/3476 2271/3674/3475
f 2481/3642/3444 2692/3643/3445 2693/3676/3477 2482/3675/3476
f 2692/3643/3445 2903/3644/3446 2904/3677/3478 2693/3676/3477
f 2903/3644/3446 3114/3645/3447 3115/3678/3479 2904/3677/3478
f 3114/3645/3447 3325/3646/3448 3326/3679/3480 3115/3678/3479
f 3325/3646/3448 3536/3647/3449 3537/3680/3481 3326/3679/3480
f 3536/3647/3449 3747/3648/3450 3748/3681/3482 3537/3680/3481
f 3747/3648/3450 3958/3649/3451 3959/3682/3483 3748/3681/3482
f 3958/3649/3451 4169/3650/3452 4170/3683/3484 3959/3682/3483
f 4169/3650/3452 4380/3651/3453 4381/3684/3485 4170/3683/3484
f 4380/3651/3453 4591/3652/3454 4592/3685/3486 4381/3684/3485
f 4591/3652/3454 4802/3653/3455 4803/3686/3487 4592/3685/3486
f 4802/3653/3455 5013/3654/3456 5014/3687/3488 4803/3686/3487
f 5013/3654/3456 5224/3655/3457 5225/3688/3489 5014/3687/3488
f 5224/3655/3457 5435/3656/3458 5436/3689/3490 5225/3688/3489
f 5435/3656/3458 5646/3657/3459 5647/3690/3491 5436/3689/3490
f 5646/3657/3459 5857/3658/3460 5858/3691/3492 5647/3690/3491
f 5857/3658/3460 6068/3659/3461 6069/3692/3493 5858/3691/3492
f 6068/3659/3461 6279/3660/3462 6280/3693/3494 6069/3692/3493
f 6279/3660/3462 6490/3661/3463 6491/3694/3495 6280/3693/3494
f 6490/3661/3463 6701/3662/3464 6702/3695/3496 6491/3694/3495
f 6701/3662/3464 159/3663/3434 160/3696/3466 6702/3695/3496
f 160/3665/3466 372/3664/3465 373/3697/3497 161/3698/3498
f 372/3664/3465 583/3666/3467 584/3699/3499 373/3697/3497
f 583/3666/3467 794/3667/3468 795/3700/3500 584/3699/3499
f 794/3667/3468 1005/3668/3469 1006/3701/3501 795/3700/3500
f 1005/3668/3469 1216/3669/3470 1217/3702/3502 1006/3701/3501
f 1216/3669/3470 1427/3670/3471 1428/3703/3503 1217/3702/3502
f 1427/3670/3471 1638/3671/3472 1639/3704/3504 1428/3703/3503
f 1638/3671/3472 1849/3672/3473 1850/3705/3505 1639/3704/3504
f 1849/3672/3473 2060/3673/3474 2061/3706/3506 1850/3705/3505
f 2060/3673/3474 2271/3674/3475 2272/3707/3507 2061/3706/3506
f 2271/3674/3475 2482/3675/3476 2483/3708/3508 2272/3707/3507
f 2482/3675/3476 2693/3676/3477 2694/3709/3509 2483/3708/3508
f 2693/3676/3477 2904/3677/3478 2905/3710/3510 2694/3709/3509
f 2904/3677/3478 3115/3678/3479 3116/3711/3511 2905/3710/3510
f 3115/3678/3479 3326/3679/3480 3327/3712/3512 3116/3711/3511
f 3326/3679/3480 3537/3680/3481 3538/3713/3513 3327/3712/3512
f 3537/3680/3481 3748/3681/3482 3749/3714/3514 3538/3713/3513
f 3748/3681/3482 3959/3682/3483 3960/3715/3515 3749/3714/3514
f 3959/3682/3483 4170/3683/3484 4171/3716/3516 3960/3715/3515
f 4170/3683/3484 4381/3684/3485 4382/3717/3517 4171/3716/3516
f 4381/3684/3485 4592/3685/3486 4593/3718/3518 4382/3717/3517
f 4592/3685/3486 4803/3686/3487 4804/3719/3519 4593/3718/3518
f 4803/3686/3487 5014/3687/3488 5015/3720/3520 4804/3719/3519
f 5014/3687/3488 5225/3688/3489 5226/3721/3521 5015/3720/3520
f 5225/3688/3489 5436/3689/3490 5437/3722/3522 5226/3721/3521
f 5436/3689/3490 5647/3690/3491 5648/3723/3523 5437/3722/3522
f 5647/3690/3491 5858/3691/3492 5859/3724/3524 5648/3723/3523
f 5858/3691/3492 6069/3692/3493 6070/3725/3525 5859/3724/3524
f 6069/3692/3493 6280/3693/3494 6281/3726/3526 6070/3725/3525
f 6280/3693/3494 6491/3694/3495 6492/3727/3527 6281/3726/3526
f 6491/3694/3495 6702/3695/3496 6703/3728/3528 6492/3727/3527
f 6702/3695/3496 160/3696/3466 161/3729/3498 6703/3728/3528
f 161/3698/3498 373/3697/3497 374/3730/3529 162/3731/3530
f 373/3697/3497 584/3699/3499 585/3732/3531 374/3730/3529
f 584/3699/3499 795/3700/3500 796/3733/3532 585/3732/3531
f 795/3700/3500 1006/3701/3501 1007/3734/3533 796/3733/3532
f 1006/3701/3501 1217/3702/3502 1218/3735/3534 1007/3734/3533
f 1217/3702/3502 1428/3703/3503 1429/3736/3535 1218/3735/3534
f 1428/3703/3503 1639/3704/3504 1640/3737/3536 1429/3736/3535
f 1639/3704/3504 1850/3705/3505 1851/3738/3537 1640/3737/3536
f 1850/3705/3505 2061/3706/3506 2062/3739/3538 1851/3738/3537
f 2061/3706/3506 2272/3707/3507 2273/3740/3539 2062/3739/3538
f 2272/3707/3507 2483/3708/3508 2484/3741/3540 2273/3740/3539
f 2483/3708/3508 2694/3709/3509 2695/3742/3541 2484/3741/3540
f 2694/3709/3509 2905/3710/3510 2906/3743/3542 2695/3742/3541
f 2905/3710/3510 3116/3711/3511 3117/3744/3543 2906/3743/3542
f 3116/3711/3511 3327/3712/3512 3328/3745/3544 3117/3744/3543
f 3327/3712/3512 3538/3713/3513 3539/3746/3545 3328/3745/3544
f 3538/3713/3513 3749/3714/3514 3750/3747/3546 3539/3746/3545
f 3749/3714/3514 3960/3715/3515 3961/3748/3547 3750/3747/3546
f 3960/3715/3515 4171/3716/3516 4172/3749/3548 3961/3748/3547
f 4171/3716/3516 4382/3717/3517 4383/3750/3549 4172/3749/3548
f 4382/3717/3517 4593/3718/3518 4594/3751/3550 4383/3750/3549
f 4593/3718/3518 4804/3719/3519 4805/3752/3551 4594/3751/3550
f 4804/3719/3519 5015/3720/3520 5016/3753/3552 4805/3752/3551
f 5015/3720/3520 5226/3721/3521 5227/3754/3553 5016/3753/3552
f 5226/3721/3521 5437/3722/3522 5438/3755/3554 5227/3754/3553
f 5437/3722/3522 5648/3723/3523 5649/3756/3555 5438/3755/3554
f 5648/3723/3523 5859/3724/3524 5860/3757/3556 5649/3756/3555
f 5859/3724/3524 6070/3725/3525 6071/3758/3557 5860/3757/3556
f 6070/3725/3525 6281/3726/3526 6282/3759/3558 6071/3758/3557
f 6281/3726/3526 6492/3727/3527 6493/3760/3559 6282/3759/3558
f 6492/3727/3527 6703/3728/3528 6704/3761/3560 6493/3760/3559
f 6703/3728/3528 161/3729/3498 162/3762/3530 6704/3761/3560
f 162/3731/3530 374/3730/3529 375/3763/2919 163/3764/2920
f 374/3730/3529 585/3732/3531 586/3765/3241 375/3763/2919
f 585/3732/3531 796/3733/3532 797/3766/2922 586/3765/3241
f 796/3733/3532 1007/3734/3533 1008/3767/3243 797/3766/2922
f 1007/3734/3533 1218/3735/3534 1219/3768/3244 1008/3767/3243
f 1218/3735/3534 1429/3736/3535 1430/3769/3245 1219/3768/3244
f 1429/3736/3535 1640/3737/3536 1641/3770/3246 1430/3769/3245
f 1640/3737/3536 1851/3738/3537 1852/3771/3247 1641/3770/3246
f 1851/3738/3537 2062/3739/3538 2063/3772/3248 1852/3771/3247
f 2062/3739/3538 2273/3740/3539 2274/3773/3249 2063/3772/3248
f 2273/3740/3539 2484/3741/3540 2485/3774/3250 2274/3773/3249
f 2484/3741/3540 2695/3742/3541 2696/3775/3251 2485/3774/3250
f 2695/3742/3541 2906/3743/3542 2907/3776/3252 2696/3775/3251
f 2906/3743/3542 3117/3744/3543 3118/3777/3253 2907/3776/3252
f 3117/3744/3543 3328/3745/3544 3329/3778/3254 3118/3777/3253
f 3328/3745/3544 3539/3746/3545 3540/3779/2935 3329/3778/3254
f 3539/3746/3545 3750/3747/3546 3751/3780/2936 3540/3779/2935
f 3750/3747/3546 3961/3748/3547 3962/3781/3257 3751/3780/2936
f 3961/3748/3547 4172/3749/3548 4173/3782/3258 3962/3781/3257
f 4172/3749/3548 4383/3750/3549 4384/3783/3259 4173/3782/3258
f 4383/3750/3549 4594/3751/3550 4595/3784/3260 4384/3783/3259
f 4594/3751/3550 4805/3752/3551 4806/3785/3261 4595/3784/3260
f 4805/3752/3551 5016/3753/3552 5017/3786/3262 4806/3785/3261
f 5016/3753/3552 5227/3754/3553 5228/3787/3263 5017/3786/3262
f 5227/3754/3553 5438/3755/3554 5439/3788/3264 5228/3787/3263
f 5438/3755/3554 5649/3756/3555 5650/3789/3265 5439/3788/3264
f 5649/3756/3555 5860/3757/3556 5861/3790/3266 5650/3789/3265
f 5860/3757/3556 6071/3758/3557 6072/3791/3267 5861/3790/3266
f 6071/3758/3557 6282/3759/3558 6283/3792/3268 6072/3791/3267
f 6282/3759/3558 6493/3760/3559 6494/3793/3269 6283/3792/3268
f 6493/3760/3559 6704/3761/3560 6705/3794/3270 6494/3793/3269
f 6704/3761/3560 162/3762/3530 163/3795/2920 6705/3794/3270
f 163/3764/2920 375/3763/2919 376/3796/3561 164/3797/3562
f 375/3763/2919 586/3765/3241 587/3798/3563 376/3796/3561
f 586/3765/3241 797/3766/2922 798/3799/3564 587/3798/3563
f 797/3766/2922 1008/3767/3243 1009/3800/3565 798/3799/3564
f 1008/3767/3243 1219/3768/3244 1220/3801/3566 1009/3800/3565
f 1219/3768/3244 1430/3769/3245 1431/3802/3567 1220/3801/3566
f 1430/3769/3245 1641/3770/3246 1642/3803/3568 1431/3802/3567
f 1641/3770/3246 1852/3771/3247 1853/3804/3569 1642/3803/3568
f 1852/3771/3247 2063/3772/3248 2064/3805/3570 1853/3804/3569
f 2063/3772/3248 2274/3773/3249 2275/3806/3571 2064/3805/3570
f 2274/3773/3249 2485/3774/3250 2486/3807/3572 2275/3806/3571
f 2485/3774/3250 2696/3775/3251 2697/3808/3573 2486/3807/3572
f 2696/3775/3251 2907/3776/3252 2908/3809/3574 2697/3808/3573
f 2907/3776/3252 3118/3777/3253 3119/3810/3575 2908/3809/3574
f 3118/3777/3253 3329/3778/3254 3330/3811/3576 3119/3810/3575
f 3329/3778/3254 3540/3779/2935 3541/3812/3577 3330/3811/3576
f 3540/3779/2935 3751/3780/2936 3752/3813/3578 3541/3812/3577
f 3751/3780/2936 3962/3781/3257 3963/3814/3579 3752/3813/3578
f 3962/3781/3257 4173/3782/3258 4174/3815/3580 3963/3814/3579
f 4173/3782/3258 4384/3783/3259 4385/3816/3581 4174/3815/3580
f 4384/3783/3259 4595/3784/3260 4596/3817/3582 4385/3816/3581
f 4595/3784/3260 4806/3785/3261 4807/3818/3583 4596/3817/3582
f 4806/3785/3261 5017/3786/3262 5018/3819/3584 4807/3818/3583
f 5017/3786/3262 5228/3787/3263 5229/3820/3585 5018/3819/3584
f 5228/3787/3263 5439/3788/3264 5440/3821/3586 5229/3820/3585
f 5439/3788/3264 5650/3789/3265 5651/3822/3587 5440/3821/3586
f 5650/3789/3265 5861/3790/3266 5862/3823/3588 5651/3822/3587
f 5861/3790/3266 6072/3791/3267 6073/3824/3589 5862/3823/3588
f 6072/3791/3267 6283/3792/3268 6284/3825/3590 6073/3824/3589
f 6283/3792/3268 6494/3793/3269 6495/3826/3591 6284/3825/3590
f 6494/3793/3269 6705/3794/3270 6706/3827/3592 6495/3826/3591
f 6705/3794/3270 163/3795/2920 164/3828/3562 6706/3827/3592
f 164/3797/3562 376/3796/3561 377/3829/3593 165/3830/3594
f 376/3796/3561 587/3798/3563 588/3831/3595 377/3829/3593
f 587/3798/3563 798/3799/3564 799/3832/3596 588/3831/3595
f 798/3799/3564 1009/3800/3565 1010/3833/3597 799/3832/3596
f 1009/3800/3565 1220/3801/3566 1221/3834/3598 1010/3833/3597
f 1220/3801/3566 1431/3802/3567 1432/3835/3599 1221/3834/3598
f 1431/3802/3567 1642/3803/3568 1643/3836/3600 1432/3835/3599
f 1642/3803/3568 1853/3804/3569 1854/3837/3601 1643/3836/3600
f 1853/3804/3569 2064/3805/3570 2065/3838/3602 1854/3837/3601
f 2064/3805/3570 2275/3806/3571 2276/3839/3603 2065/3838/3602
f 2275/3806/3571 2486/3807/3572 2487/3840/3604 2276/3839/3603
f 2486/3807/3572 2697/3808/3573 2698/3841/3605 2487/3840/3604
f 2697/3808/3573 2908/3809/3574 2909/3842/3606 2698/3841/3605
f 2908/3809/3574 3119/3810/3575 3120/3843/3607 2909/3842/3606
f 3119/3810/3575 3330/3811/3576 3331/3844/3608 3120/3843/3607
f 3330/3811/3576 3541/3812/3577 3542/3845/3609 3331/3844/3608
f 3541/3812/3577 3752/3813/3578 3753/3846/3610 3542/3845/3609
f 3752/3813/3578 3963/3814/3579 3964/3847/3611 3753/3846/3610
f 3963/3814/3579 4174/3815/3580 4175/3848/3612 3964/3847/3611
f 4174/3815/3580 4385/3816/3581 4386/3849/3613 4175/3848/3612
f 4385/3816/3581 4596/3817/3582 4597/3850/3614 4386/3849/3613
f 4596/3817/3582 4807/3818/3583 4808/3851/3615 4597/3850/3614
f 4807/3818/3583 5018/3819/3584 5019/3852/3616 4808/3851/3615
f 5018/3819/3584 5229/3820/3585 5230/3853/3617 5019/3852/3616
f 5229/3820/3585 5440/3821/3586 5441/3854/3618 5230/3853/3617
f 5440/3821/3586 5651/3822/3587 5652/3855/3619 5441/3854/3618
f 5651/3822/3587 5862/3823/3588 5863/3856/3620 5652/3855/3619
f 5862/3823/3588 6073/3824/3589 6074/3857/3621 5863/3856/3620
f 6073/3824/3589 6284/3825/3590 6285/3858/3622 6074/3857/3621
f 6284/3825/3590 6495/3826/3591 6496/3859/3623 6285/3858/3622
f 6495/3826/3591 6706/3827/3592 6707/3860/3624 6496/3859/3623
f 6706/3827/3592 164/3828/3562 165/3861/3594 6707/3860/3624
f 165/3830/3594 377/3829/3593 378/3862/3625 166/3863/3626
f 377/3829/3593 588/3831/3595 589/3864/3627 378/3862/3625
f 588/3831/3595 799/3832/3596 800/3865/3628 589/3864/3627
f 799/3832/3596 1010/3833/3597 1011/3866/3629 800/3865/3628
f 1010/3833/3597 1221/3834/3598 1222/3867/3630 1011/3866/3629
f 1221/3834/3598 1432/3835/3599 1433/3868/3631 1222/3867/3630
f 1432/3835/3599 1643/3836/3600 1644/3869/3632 1433/3868/3631
f 1643/3836/3600 1854/3837/3601 1855/3870/3633 1644/3869/3632
f 1854/3837/3601 2065/3838/3602 2066/3871/3634 1855/3870/3633
f 2065/3838/3602 2276/3839/3603 2277/3872/3635 2066/3871/3634
f 2276/3839/3603 2487/3840/3604 2488/3873/3636 2277/3872/3635
f 2487/3840/3604 2698/3841/3605 2699/3874/3637 2488/3873/3636
f 2698/3841/3605 2909/3842/3606 2910/3875/3638 2699/3874/3637
f 2909/3842/3606 3120/3843/3607 3121/3876/3639 2910/3875/3638
f 3120/3843/3607 3331/3844/3608 3332/3877/3640 3121/3876/3639
f 3331/3844/3608 3542/3845/3609 3543/3878/3641 3332/3877/3640
f 3542/3845/3609 3753/3846/3610 3754/3879/3642 3543/3878/3641
f 3753/3846/3610 3964/3847/3611 3965/3880/3643 3754/3879/3642
f 3964/3847/3611 4175/3848/3612 4176/3881/3644 3965/3880/3643
f 4175/3848/3612 4386/3849/3613 4387/3882/3645 4176/3881/3644
f 4386/3849/3613 4597/3850/3614 4598/3883/3646 4387/3882/3645
f 4597/3850/3614 4808/3851/3615 4809/3884/3647 4598/3883/3646
f 4808/3851/3615 5019/3852/3616 5020/3885/3648 4809/3884/3647
f 5019/3852/3616 5230/3853/3617 5231/3886/3649 5020/3885/3648
f 5230/3853/3617 5441/3854/3618 5442/3887/3650 5231/3886/3649
f 5441/3854/3618 5652/3855/3619 5653/3888/3651 5442/3887/3650
f 5652/3855/3619 5863/3856/3620 5864/3889/3652 5653/3888/3651
f 5863/3856/3620 6074/3857/3621 6075/3890/3653 5864/3889/3652
f 6074/3857/3621 6285/3858/3622 6286/3891/3654 6075/3890/3653
f 6285/3858/3622 6496/3859/3623 6497/3892/3655 6286/3891/3654
f 6496/3859/3623 6707/3860/3624 6708/3893/3656 6497/3892/3655
f 6707/3860/3624 165/3861/3594 166/3894/3626 6708/3893/3656
f 166/3863/3626 378/3862/3625 379/3895/3657 167/3896/3658
f 378/3862/3625 589/3864/3627 590/3897/3659 379/3895/3657
f 589/3864/3627 800/3865/3628 801/3898/3660 590/3897/3659
f 800/3865/3628 1011/3866/3629 1012/3899/3661 801/3898/3660
f 1011/3866/3629 1222/3867/3630 1223/3900/3662 1012/3899/3661
f 1222/3867/3630 1433/3868/3631 1434/3901/3663 1223/3900/3662
f 1433/3868/3631 1644/3869/3632 1645/3902/3664 1434/3901/3663
f 1644/3869/3632 1855/3870/3633 1856/3903/3665 1645/3902/3664
f 1855/3870/3633 2066/3871/3634 2067/3904/3666 1856/3903/3665
f 2066/3871/3634 2277/3872/3635 2278/3905/3667 2067/3904/3666
f 2277/3872/3635 2488/3873/3636 2489/3906/3668 2278/3905/3667
f 2488/3873/3636 2699/3874/3637 2700/3907/3669 2489/3906/3668
f 2699/3874/3637 2910/3875/3638 2911/3908/3670 2700/3907/3669
f 2910/3875/3638 3121/3876/3639 3122/3909/3671 2911/3908/3670
f 3121/3876/3639 3332/3877/3640 3333/3910/3672 3122/3909/3671
f 3332/3877/3640 3543/3878/3641 3544/3911/3673 3333/3910/3672
f 3543/3878/3641 3754/3879/3642 3755/3912/3674 3544/3911/3673
f 3754/3879/3642 3965/3880/3643 3966/3913/3675 3755/3912/3674
f 3965/3880/3643 4176/3881/3644 4177/3914/3676 3966/3913/3675
f 4176/3881/3644 4387/3882/3645 4388/3915/3677 4177/3914/3676
f 4387/3882/3645 4598/3883/3646 4599/3916/3678 4388/3915/3677
f 4598/3883/3646 4809/3884/3647 4810/3917/3679 4599/3916/3678
f 4809/3884/3647 5020/3885/3648 5021/3918/3680 4810/3917/3679
f 5020/3885/3648 5231/3886/3649 5232/3919/3681 5021/3918/3680
f 5231/3886/3649 5442/3887/3650 5443/3920/3682 5232/3919/3681
f 5442/3887/3650 5653/3888/3651 5654/3921/3683 5443/3920/3682
f 5653/3888/3651 5864/3889/3652 5865/3922/3684 5654/3921/3683
f 5864/3889/3652 6075/3890/3653 6076/3923/3685 5865/3922/3684
f 6075/3890/3653 6286/3891/3654 6287/3924/3686 6076/3923/3685
f 6286/3891/3654 6497/3892/3655 6498/3925/3687 6287/3924/3686
f 6497/3892/3655 6708/3893/3656 6709/3926/3688 6498/3925/3687
f 6708/3893/3656 166/3894/3626 167/3927/3658 6709/3926/3688
f 167/3896/3658 379/3895/3657 380/3928/3689 168/3929/3626
f 379/3895/3657 590/3897/3659 591/3930/3627 380/3928/3689
f 590/3897/3659 801/3898/3660 802/3931/3690 591/3930/3627
f 801/3898/3660 1012/3899/3661 1013/3932/3629 802/3931/3690
f 1012/3899/3661 1223/3900/3662 1224/3933/3691 1013/3932/3629
f 1223/3900/3662 1434/3901/3663 1435/3934/3631 1224/3933/3691
f 1434/3901/3663 1645/3902/3664 1646/3935/3632 1435/3934/3631
f 1645/3902/3664 1856/3903/3665 1857/3936/3633 1646/3935/3632
f 1856/3903/3665 2067/3904/3666 2068/3937/3634 1857/3936/3633
f 2067/3904/3666 2278/3905/3667 2279/3938/3635 2068/3937/3634
f 2278/3905/3667 2489/3906/3668 2490/3939/3692 2279/3938/3635
f 2489/3906/3668 2700/3907/3669 2701/3940/3637 2490/3939/3692
f 2700/3907/3669 2911/3908/3670 2912/3941/3693 2701/3940/3637
f 2911/3908/3670 3122/3909/3671 3123/3942/3639 2912/3941/3693
f 3122/3909/3671 3333/3910/3672 3334/3943/3694 3123/3942/3639
f 3333/3910/3672 3544/3911/3673 3545/3944/3641 3334/3943/3694
f 3544/3911/3673 3755/3912/3674 3756/3945/3695 3545/3944/3641
f 3755/3912/3674 3966/3913/3675 3967/3946/3643 3756/3945/3695
f 3966/3913/3675 4177/3914/3676 4178/3947/3696 3967/3946/3643
f 4177/3914/3676 4388/3915/3677 4389/3948/3645 4178/3947/3696
f 4388/3915/3677 4599/3916/3678 4600/3949/3697 4389/3948/3645
f 4599/3916/3678 4810/3917/3679 4811/3950/3647 4600/3949/3697
f 4810/3917/3679 5021/3918/3680 5022/3951/3648 4811/3950/3647
f 5021/3918/3680 5232/3919/3681 5233/3952/3649 5022/3951/3648
f 5232/3919/3681 5443/3920/3682 5444/3953/3650 5233/3952/3649
f 5443/3920/3682 5654/3921/3683 5655/3954/3651 5444/3953/3650
f 5654/3921/3683 5865/3922/3684 5866/3955/3698 5655/3954/3651
f 5865/3922/3684 6076/3923/3685 6077/3956/3653 5866/3955/3698
f 6076/3923/3685 6287/3924/3686 6288/3957/3699 6077/3956/3653
f 6287/3924/3686 6498/3925/3687 6499/3958/3655 6288/3957/3699
f 6498/3925/3687 6709/3926/3688 6710/3959/3700 6499/3958/3655
f 6709/3926/3688 167/3927/3658 168/3960/3626 6710/3959/3700
f 168/3929/3626 380/3928/3689 381/3961/3593 169/3962/3594
f 380/3928/3689 591/3930/3627 592/3963/3595 381/3961/3593
f 591/3930/3627 802/3931/3690 803/3964/3701 592/3963/3595
f 802/3931/3690 1013/3932/3629 1014/3965/3597 803/3964/3701
f 1013/3932/3629 1224/3933/3691 1225/3966/3598 1014/3965/3597
f 1224/3933/3691 1435/3934/3631 1436/3967/3599 1225/3966/3598
f 1435/3934/3631 1646/3935/3632 1647/3968/3600 1436/3967/3599
f 1646/3935/3632 1857/3936/3633 1858/3969/3601 1647/3968/3600
f 1857/3936/3633 2068/3937/3634 2069/3970/3602 1858/3969/3601
f 2068/3937/3634 2279/3938/3635 2280/3971/3603 2069/3970/3602
f 2279/3938/3635 2490/3939/3692 2491/3972/3604 2280/3971/3603
f 2490/3939/3692 2701/3940/3637 2702/3973/3605 2491/3972/3604
f 2701/3940/3637 2912/3941/3693 2913/3974/3702 2702/3973/3605
f 2912/3941/3693 3123/3942/3639 3124/3975/3607 2913/3974/3702
f 3123/3942/3639 3334/3943/3694 3335/3976/3608 3124/3975/3607
f 3334/3943/3694 3545/3944/3641 3546/3977/3609 3335/3976/3608
f 3545/3944/3641 3756/3945/3695 3757/3978/3610 3546/3977/3609
f 3756/3945/3695 3967/3946/3643 3968/3979/3611 3757/3978/3610
f 3967/3946/3643 4178/3947/3696 4179/3980/3703 3968/3979/3611
f 4178/3947/3696 4389/3948/3645 4390/3981/3613 4179/3980/3703
f 4389/3948/3645 4600/3949/3697 4601/3982/3614 4390/3981/3613
f 4600/3949/3697 4811/3950/3647 4812/3983/3615 4601/3982/3614
f 4811/3950/3647 5022/3951/3648 5023/3984/3616 4812/3983/3615
f 5022/3951/3648 5233/3952/3649 5234/3985/3617 5023/3984/3616
f 5233/3952/3649 5444/3953/3650 5445/3986/3618 5234/3985/3617
f 5444/3953/3650 5655/3954/3651 5656/3987/3619 5445/3986/3618
f 5655/3954/3651 5866/3955/3698 5867/3988/3620 5656/3987/3619
f 5866/3955/3698 6077/3956/3653 6078/3989/3621 5867/3988/3620
f 6077/3956/3653 6288/3957/3699 6289/3990/3704 6078/3989/3621
f 6288/3957/3699 6499/3958/3655 6500/3991/3623 6289/3990/3704
f 6499/3958/3655 6710/3959/3700 6711/3992/3624 6500/3991/3623
f 6710/3959/3700 168/3960/3626 169/3993/3594 6711/3992/3624
f 169/3962/3594 381/3961/3593 382/3994/3561 170/3995/3562
f 381/3961/3593 592/3963/3595 593/3996/3563 382/3994/3561
f 592/3963/3595 803/3964/3701 804/3997/3705 593/3996/3563
f 803/3964/3701 1014/3965/3597 1015/3998/3565 804/3997/3705
f 1014/3965/3597 1225/3966/3598 1226/3999/3566 1015/3998/3565
f 1225/3966/3598 1436/3967/3599 1437/4000/3567 1226/3999/3566
f 1436/3967/3599 1647/3968/3600 1648/4001/3568 1437/4000/3567
f 1647/3968/3600 1858/3969/3601 1859/4002/3569 1648/4001/3568
f 1858/3969/3601 2069/3970/3602 2070/4003/3570 1859/4002/3569
f 2069/3970/3602 2280/3971/3603 2281/4004/3571 2070/4003/3570
f 2280/3971/3603 2491/3972/3604 2492/4005/3706 2281/4004/3571
f 2491/3972/3604 2702/3973/3605 2703/4006/3573 2492/4005/3706
f 2702/3973/3605 2913/3974/3702 2914/4007/3707 2703/4006/3573
f 2913/3974/3702 3124/3975/3607 3125/4008/3575 2914/4007/3707
f 3124/3975/3607 3335/3976/3608 3336/4009/3576 3125/4008/3575
f 3335/3976/3608 3546/3977/3609 3547/4010/3577 3336/4009/3576
f 3546/3977/3609 3757/3978/3610 3758/4011/3578 3547/4010/3577
f 3757/3978/3610 3968/3979/3611 3969/4012/3579 3758/4011/3578
f 3968/3979/3611 4179/3980/3703 4180/4013/3708 3969/4012/3579
f 4179/3980/3703 4390/3981/3613 4391/4014/3581 4180/4013/3708
f 4390/3981/3613 4601/3982/3614 4602/4015/3709 4391/4014/3581
f 4601/3982/3614 4812/3983/3615 4813/4016/3583 4602/4015/3709
f 4812/3983/3615 5023/3984/3616 5024/4017/3584 4813/4016/3583
f 5023/3984/3616 5234/3985/3617 5235/4018/3585 5024/4017/3584
f 5234/3985/3617 5445/3986/3618 5446/4019/3586 5235/4018/3585
f 5445/3986/3618 5656/3987/3619 5657/4020/3587 5446/4019/3586
f 5656/3987/3619 5867/3988/3620 5868/4021/3588 5657/4020/3587
f 5867/3988/3620 6078/3989/3621 6079/4022/3589 5868/4021/3588
f 6078/3989/3621 6289/3990/3704 6290/4023/3710 6079/4022/3589
f 6289/3990/3704 6500/3991/3623 6501/4024/3591 6290/4023/3710
f 6500/3991/3623 6711/3992/3624 6712/4025/3592 6501/4024/3591
f 6711/3992/3624 169/3993/3594 170/4026/3562 6712/4025/3592
f 170/3995/3562 382/3994/3561 383/4027/3711 171/4028/3712
f 382/3994/3561 593/3996/3563 594/4029/3713 383/4027/3711
f 593/3996/3563 804/3997/3705 805/4030/3714 594/4029/3713
f 804/3997/3705 1015/3998/3565 1016/4031/3715 805/4030/3714
f 1015/3998/3565 1226/3999/3566 1227/4032/3716 1016/4031/3715
f 1226/3999/3566 1437/4000/3567 1438/4033/3717 1227/4032/3716
f 1437/4000/3567 1648/4001/3568 1649/4034/3718 1438/4033/3717
f 1648/4001/3568 1859/4002/3569 1860/4035/3719 1649/4034/3718
f 1859/4002/3569 2070/4003/3570 2071/4036/3720 1860/4035/3719
f 2070/4003/3570 2281/4004/3571 2282/4037/3721 2071/4036/3720
f 2281/4004/3571 2492/4005/3706 2493/4038/3722 2282/4037/3721
f 2492/4005/3706 2703/4006/3573 2704/4039/3723 2493/4038/3722
f 2703/4006/3573 2914/4007/3707 2915/4040/3724 2704/4039/3723
f 2914/4007/3707 3125/4008/3575 3126/4041/3725 2915/4040/3724
f 3125/4008/3575 3336/4009/3576 3337/4042/3726 3126/4041/3725
f 3336/4009/3576 3547/4010/3577 3548/4043/3727 3337/4042/3726
f 3547/4010/3577 3758/4011/3578 3759/4044/3728 3548/4043/3727
f 3758/4011/3578 3969/4012/3579 3970/4045/3729 3759/4044/3728
f 3969/4012/3579 4180/4013/3708 4181/4046/3730 3970/4045/3729
f 4180/4013/3708 4391/4014/3581 4392/4047/3731 4181/4046/3730
f 4391/4014/3581 4602/4015/3709 4603/4048/3732 4392/4047/3731
f 4602/4015/3709 4813/4016/3583 4814/4049/3733 4603/4048/3732
f 4813/4016/3583 5024/4017/3584 5025/4050/3734 4814/4049/3733
f 5024/4017/3584 5235/4018/3585 5236/4051/3735 5025/4050/3734
f 5235/4018/3585 5446/4019/3586 5447/4052/3736 5236/4051/3735
f 5446/4019/3586 5657/4020/3587 5658/4053/3737 5447/4052/3736
f 5657/4020/3587 5868/4021/3588 5869/4054/3738 5658/4053/3737
f 5868/4021/3588 6079/4022/3589 6080/4055/3739 5869/4054/3738
f 6079/4022/3589 6290/4023/3710 6291/4056/3740 6080/4055/3739
f 6290/4023/3710 6501/4024/3591 6502/4057/3741 6291/4056/3740
f 6501/4024/3591 6712/4025/3592 6713/4058/3742 6502/4057/3741
f 6712/4025/3592 170/4026/3562 171/4059/3712 6713/4058/3742
f 171/4028/3712 383/4027/3711 384/4027/2790 172/4028/2790
f 383/4027/3711 594/4029/3713 595/4029/2790 384/4027/2790
f 594/4029/3713 805/4030/3714 806/4030/2790 595/4029/2790
f 805/4030/3714 1016/4031/3715 1017/4031/2790 806/4030/2790
f 1016/4031/3715 1227/4032/3716 1228/4032/2790 1017/4031/2790
f 1227/4032/3716 1438/4033/3717 1439/4033/2790 1228/4032/2790
f 1438/4033/3717 1649/4034/3718 1650/4034/2790 1439/4033/2790
f 1649/4034/3718 1860/4035/3719 1861/4035/3743 1650/4034/2790
f 1860/4035/3719 2071/4036/3720 2072/4036/2790 1861/4035/3743
f 2071/4036/3720 2282/4037/3721 2283/4037/3744 2072/4036/2790
f 2282/4037/3721 2493/4038/3722 2494/4038/2790 2283/4037/3744
f 2493/4038/3722 2704/4039/3723 2705/4039/2790 2494/4038/2790
f 2704/4039/3723 2915/4040/3724 2916/4040/2790 2705/4039/2790
f 2915/4040/3724 3126/4041/3725 3127/4041/2790 2916/4040/2790
f 3126/4041/3725 3337/4042/3726 3338/4042/2790 3127/4041/2790
f 3337/4042/3726 3548/4043/3727 3549/4043/2790 3338/4042/2790
f 3548/4043/3727 3759/4044/3728 3760/4044/2790 3549/4043/2790
f 3759/4044/3728 3970/4045/3729 3971/4045/2790 3760/4044/2790
f 3970/4045/3729 4181/4046/3730 4182/4046/2790 3971/4045/2790
f 4181/4046/3730 4392/4047/3731 4393/4047/2790 4182/4046/2790
f 4392/4047/3731 4603/4048/3732 4604/4048/3744 4393/4047/2790
f 4603/4048/3732 4814/4049/3733 4815/4049/2790 4604/4048/3744
f 4814/4049/3733 5025/4050/3734 5026/4050/2790 4815/4049/2790
f 5025/4050/3734 5236/4051/3735 5237/4051/3744 5026/4050/2790
f 5236/4051/3735 5447/4052/3736 5448/4052/2790 5237/4051/3744
f 5447/4052/3736 5658/4053/3737 5659/4053/2790 5448/4052/2790
f 5658/4053/3737 5869/4054/3738 5870/4054/2790 5659/4053/2790
f 5869/4054/3738 6080/4055/3739 6081/4055/2790 5870/4054/2790
f 6080/4055/3739 6291/4056/3740 6292/4056/2790 6081/4055/2790
f 6291/4056/3740 6502/4057/3741 6503/4057/2790 6292/4056/2790
f 6502/4057/3741 6713/4058/3742 6714/4058/2790 6503/4057/2790
f 6713/4058/3742 171/4059/3712 172/4059/2790 6714/4058/2790
f 172/4028/2790 384/4027/2790 385/4027/2790 173/4028/2790
f 384/4027/2790 595/4029/2790 596/4029/2790 385/4027/2790
f 595/4029/2790 806/4030/2790 807/4030/2790 596/4029/2790
f 806/4030/2790 1017/4031/2790 1018/4031/2790 807/4030/2790
f 1017/4031/2790 1228/4032/2790 1229/4032/2790 1018/4031/2790
f 1228/4032/2790 1439/4033/2790 1440/4033/2790 1229/4032/2790
f 1439/4033/2790 1650/4034/2790 1651/4034/2790 1440/4033/2790
f 1650/4034/2790 1861/4035/3743 1862/4035/2790 1651/4034/2790
f 1861/4035/3743 2072/4036/2790 2073/4036/2790 1862/4035/2790
f 2072/4036/2790 2283/4037/3744 2284/4037/2790 2073/4036/2790
f 2283/4037/3744 2494/4038/2790 2495/4038/2790 2284/4037/2790
f 2494/4038/2790 2705/4039/2790 2706/4039/2790 2495/4038/2790
f 2705/4039/2790 2916/4040/2790 2917/4040/2790 2706/4039/2790
f 2916/4040/2790 3127/4041/2790 3128/4041/2790 2917/4040/2790
f 3127/4041/2790 3338/4042/2790 3339/4042/2790 3128/4041/2790
f 3338/4042/2790 3549/4043/2790 3550/4043/2790 3339/4042/2790
f 3549/4043/2790 3760/4044/2790 3761/4044/2790 3550/4043/2790
f 3760/4044/2790 3971/4045/2790 3972/4045/2790 3761/4044/2790
f 3971/4045/2790 4182/4046/2790 4183/4046/2790 3972/4045/2790
f 4182/4046/2790 4393/4047/2790 4394/4047/2790 4183/4046/2790
f 4393/4047/2790 4604/4048/3744 4605/4048/2790 4394/4047/2790
f 4604/4048/3744 4815/4049/2790 4816/4049/2790 4605/4048/2790
f 4815/4049/2790 5026/4050/2790 5027/4050/2790 4816/4049/2790
f 5026/4050/2790 5237/4051/3744 5238/4051/2790 5027/4050/2790
f 5237/4051/3744 5448/4052/2790 5449/4052/2790 5238/4051/2790
f 5448/4052/2790 5659/4053/2790 5660/4053/2790 5449/4052/2790
f 5659/4053/2790 5870/4054/2790 5871/4054/2790 5660/4053/2790
f 5870/4054/2790 6081/4055/2790 6082/4055/2790 5871/4054/2790
f 6081/4055/2790 6292/4056/2790 6293/4056/2790 6082/4055/2790
f 6292/4056/2790 6503/4057/2790 6504/4057/2790 6293/4056/2790
f 6503/4057/2790 6714/4058/2790 6715/4058/2790 6504/4057/2790
f 6714/4058/2790 172/4059/2790 173/4059/2790 6715/4058/2790
f 173/4028/2790 385/4027/2790 386/4027/2790 174/4028/2790
f 385/4027/2790 596/4029/2790 597/4029/2790 386/4027/2790
f 596/4029/2790 807/4030/2790 808/4030/2790 597/4029/2790
f 807/4030/2790 1018/4031/2790 1019/4031/2790 808/4030/2790
f 1018/4031/2790 1229/4032/2790 1230/4032/2790 1019/4031/2790
f 1229/4032/2790 1440/4033/2790 1441/4033/2790 1230/4032/2790
f 1440/4033/2790 1651/4034/2790 1652/4034/2790 1441/4033/2790
f 1651/4034/2790 1862/4035/2790 1863/4035/2790 1652/4034/2790
f 1862/4035/2790 2073/4036/2790 2074/4036/2790 1863/4035/2790
f 2073/4036/2790 2284/4037/2790 2285/4037/2790 2074/4036/2790
f 2284/4037/2790 2495/4038/2790 2496/4038/2790 2285/4037/2790
f 2495/4038/2790 2706/4039/2790 2707/4039/2790 2496/4038/2790
f 2706/4039/2790 2917/4040/2790 2918/4040/2790 2707/4039/2790
f 2917/4040/2790 3128/4041/2790 3129/4041/2790 2918/4040/2790
f 3128/4041/2790 3339/4042/2790 3340/4042/2790 3129/4041/2790
f 3339/4042/2790 3550/4043/2790 3551/4043/2790 3340/4042/2790
f 3550/4043/2790 3761/4044/2790 3762/4044/2790 3551/4043/2790
f 3761/4044/2790 3972/4045/2790 3973/4045/2790 3762/4044/2790
f 3972/4045/2790 4183/4046/2790 4184/4046/2790 3973/4045/2790
f 4183/4046/2790 4394/4047/2790 4395/4047/2790 4184/4046/2790
f 4394/4047/2790 4605/4048/2790 4606/4048/2790 4395/4047/2790
f 4605/4048/2790 4816/4049/2790 4817/4049/2790 4606/4048/2790
f 4816/4049/2790 5027/4050/2790 5028/4050/2790 4817/4049/2790
f 5027/4050/2790 5238/4051/2790 5239/4051/2790 5028/4050/2790
f 5238/4051/2790 5449/4052/2790 5450/4052/2790 5239/4051/2790
f 5449/4052/2790 5660/4053/2790 5661/4053/2790 5450/4052/2790
f 5660/4053/2790 5871/4054/2790 5872/4054/2790 5661/4053/2790
f 5871/4054/2790 6082/4055/2790 6083/4055/2790 5872/4054/2790
f 6082/4055/2790 6293/4056/2790 6294/4056/2790 6083/4055/2790
f 6293/4056/2790 6504/4057/2790 6505/4057/2790 6294/4056/2790
f 6504/4057/2790 6715/4058/2790 6716/4058/2790 6505/4057/2790
f 6715/4058/2790 173/4059/2790 174/4059/2790 6716/4058/2790
f 174/4028/2790 386/4027/2790 387/4027/2790 175/4028/2790
f 386/4027/2790 597/4029/2790 598/4029/2790 387/4027/2790
f 597/4029/2790 808/4030/2790 809/4030/2790 598/4029/2790
f 808/4030/2790 1019/4031/2790 1020/4031/2790 809/4030/2790
f 1019/4031/2790 1230/4032/2790 1231/4032/2790 1020/4031/2790
f 1230/4032/2790 1441/4033/2790 1442/4033/2790 1231/4032/2790
f 1441/4033/2790 1652/4034/2790 1653/4034/2790 1442/4033/2790
f 1652/4034/2790 1863/4035/2790 1864/4035/2790 1653/4034/2790
f 1863/4035/2790 2074/4036/2790 2075/4036/2790 1864/4035/2790
f 2074/4036/2790 2285/4037/2790 2286/4037/2790 2075/4036/2790
f 2285/4037/2790 2496/4038/2790 2497/4038/2790 2286/4037/2790
f 2496/4038/2790 2707/4039/2790 2708/4039/2790 2497/4038/2790
f 2707/4039/2790 2918/4040/2790 2919/4040/2790 2708/4039/2790
f 2918/4040/2790 3129/4041/2790 3130/4041/2790 2919/4040/2790
f 3129/4041/2790 3340/4042/2790 3341/4042/2790 3130/4041/2790
f 3340/4042/2790 3551/4043/2790 3552/4043/2790 3341/4042/2790
f 3551/4043/2790 3762/4044/2790 3763/4044/2790 3552/4043/2790
f 3762/4044/2790 3973/4045/2790 3974/4045/2790 3763/4044/2790
f 3973/4045/2790 4184/4046/2790 4185/4046/2790 3974/4045/2790
f 4184/4046/2790 4395/4047/2790 4396/4047/2790 4185/4046/2790
f 4395/4047/2790 4606/4048/2790 4607/4048/2790 4396/4047/2790
f 4606/4048/2790 4817/4049/2790 4818/4049/2790 4607/4048/2790
f 4817/4049/2790 5028/4050/2790 5029/4050/2790 4818/4049/2790
f 5028/4050/2790 5239/4051/2790 5240/4051/2790 5029/4050/2790
f 5239/4051/2790 5450/4052/2790 5451/4052/2790 5240/4051/2790
f 5450/4052/2790 5661/4053/2790 5662/4053/2790 5451/4052/2790
f 5661/4053/2790 5872/4054/2790 5873/4054/2790 5662/4053/2790
f 5872/4054/2790 6083/4055/2790 6084/4055/2790 5873/4054/2790
f 6083/4055/2790 6294/4056/2790 6295/4056/2790 6084/4055/2790
f 6294/4056/2790 6505/4057/2790 6506/4057/2790 6295/4056/2790
f 6505/4057/2790 6716/4058/2790 6717/4058/2790 6506/4057/2790
f 6716/4058/2790 174/4059/2790 175/4059/2790 6717/4058/2790
f 175/4028/2790 387/4027/2790 388/4027/2790 176/4028/2790
f 387/4027/2790 598/4029/2790 599/4029/2790 388/4027/2790
f 598/4029/2790 809/4030/2790 810/4030/2790 599/4029/2790
f 809/4030/2790 1020/4031/2790 1021/4031/2790 810/4030/2790
f 1020/4031/2790 1231/4032/2790 1232/4032/2790 1021/4031/2790
f 1231/4032/2790 1442/4033/2790 1443/4033/2790 1232/4032/2790
f 1442/4033/2790 1653/4034/2790 1654/4034/2790 1443/4033/2790
f 1653/4034/2790 1864/4035/2790 1865/4035/2790 1654/4034/2790
f 1864/4035/2790 2075/4036/2790 2076/4036/2790 1865/4035/2790
f 2075/4036/2790 2286/4037/2790 2287/4037/2790 2076/4036/2790
f 2286/4037/2790 2497/4038/2790 2498/4038/2790 2287/4037/2790
f 2497/4038/2790 2708/4039/2790 2709/4039/2790 2498/4038/2790
f 2708/4039/2790 2919/4040/2790 2920/4040/2790 2709/4039/2790
f 2919/4040/2790 3130/4041/2790 3131/4041/2790 2920/4040/2790
f 3130/4041/2790 3341/4042/2790 3342/4042/2790 3131/4041/2790
f 3341/4042/2790 3552/4043/2790 3553/4043/2790 3342/4042/2790
f 3552/4043/2790 3763/4044/2790 3764/4044/2790 3553/4043/2790
f 3763/4044/2790 3974/4045/2790 3975/4045/2790 3764/4044/2790
f 3974/4045/2790 4185/4046/2790 4186/4046/2790 3975/4045/2790
f 4185/4046/2790 4396/4047/2790 4397/4047/2790 4186/4046/2790
f 4396/4047/2790 4607/4048/2790 4608/4048/2790 4397/4047/2790
f 4607/4048/2790 4818/4049/2790 4819/4049/2790 4608/4048/2790
f 4818/4049/2790 5029/4050/2790 5030/4050/2790 4819/4049/2790
f 5029/4050/2790 5240/4051/2790 5241/4051/2790 5030/4050/2790
f 5240/4051/2790 5451/4052/2790 5452/4052/2790 5241/4051/2790
f 5451/4052/2790 5662/4053/2790 5663/4053/2790 5452/4052/2790
f 5662/4053/2790 5873/4054/2790 5874/4054/2790 5663/4053/2790
f 5873/4054/2790 6084/4055/2790 6085/4055/2790 5874/4054/2790
f 6084/4055/2790 6295/4056/2790 6296/4056/2790 6085/4055/2790
f 6295/4056/2790 6506/4057/2790 6507/4057/2790 6296/4056/2790
f 6506/4057/2790 6717/4058/2790 6718/4058/2790 6507/4057/2790
f 6717/4058/2790 175/4059/2790 176/4059/2790 6718/4058/2790
f 176/4028/2790 388/4027/2790 389/4027/2790 177/4028/2790
f 388/4027/2790 599/4029/2790 600/4029/2790 389/4027/2790
f 599/4029/2790 810/4030/2790 811/4030/2790 600/4029/2790
f 810/4030/2790 1021/4031/2790 1022/4031/2790 811/4030/2790
f 1021/4031/2790 1232/4032/2790 1233/4032/2790 1022/4031/2790
f 1232/4032/2790 1443/4033/2790 1444/4033/2790 1233/4032/2790
f 1443/4033/2790 1654/4034/2790 1655/4034/2790 1444/4033/2790
f 1654/4034/2790 1865/4035/2790 1866/4035/2790 1655/4034/2790
f 1865/4035/2790 2076/4036/2790 2077/4036/2790 1866/4035/2790
f 2076/4036/2790 2287/4037/2790 2288/4037/2790 2077/4036/2790
f 2287/4037/2790 2498/4038/2790 2499/4038/2790 2288/4037/2790
f 2498/4038/2790 2709/4039/2790 2710/4039/2790 2499/4038/2790
f 2709/4039/2790 2920/4040/2790 2921/4040/2790 2710/4039/2790
f 2920/4040/2790 3131/4041/2790 3132/4041/2790 2921/4040/2790
f 3131/4041/2790 3342/4042/2790 3343/4042/2790 3132/4041/2790
f 3342/4042/2790 3553/4043/2790 3554/4043/2790 3343/4042/2790
f 3553/4043/2790 3764/4044/2790 3765/4044/2790 3554/4043/2790
f 3764/4044/2790 3975/4045/2790 3976/4045/2790 3765/4044/2790
f 3975/4045/2790 4186/4046/2790 4187/4046/2790 3976/4045/2790
f 4186/4046/2790 4397/4047/2790 4398/4047/2790 4187/4046/2790
f 4397/4047/2790 4608/4048/2790 4609/4048/2790 4398/4047/2790
f 4608/4048/2790 4819/4049/2790 4820/4049/2790 4609/4048/2790
f 4819/4049/2790 5030/4050/2790 5031/4050/2790 4820/4049/2790
f 5030/4050/2790 5241/4051/2790 5242/4051/2790 5031/4050/2790
f 5241/4051/2790 5452/4052/2790 5453/4052/2790 5242/4051/2790
f 5452/4052/2790 5663/4053/2790 5664/4053/2790 5453/4052/2790
f 5663/4053/2790 5874/4054/2790 5875/4054/2790 5664/4053/2790
f 5874/4054/2790 6085/4055/2790 6086/4055/2790 5875/4054/2790
f 6085/4055/2790 6296/4056/2790 6297/4056/2790 6086/4055/2790
f 6296/4056/2790 6507/4057/2790 6508/4057/2790 6297/4056/2790
f 6507/4057/2790 6718/4058/2790 6719/4058/2790 6508/4057/2790
f 6718/4058/2790 176/4059/2790 177/4059/2790 6719/4058/2790
f 177/4028/2790 389/4027/2790 390/4027/2790 178/4028/2790
f 389/4027/2790 600/4029/2790 601/4029/2790 390/4027/2790
f 600/4029/2790 811/4030/2790 812/4030/2790 601/4029/2790
f 811/4030/2790 1022/4031/2790 1023/4031/2790 812/4030/2790
f 1022/4031/2790 1233/4032/2790 1234/4032/2790 1023/4031/2790
f 1233/4032/2790 1444/4033/2790 1445/4033/2790 1234/4032/2790
f 1444/4033/2790 1655/4034/2790 1656/4034/2790 1445/4033/2790
f 1655/4034/2790 1866/4035/2790 1867/4035/2790 1656/4034/2790
f 1866/4035/2790 2077/4036/2790 2078/4036/2790 1867/4035/2790
f 2077/4036/2790 2288/4037/2790 2289/4037/2790 2078/4036/2790
f 2288/4037/2790 2499/4038/2790 2500/4038/2790 2289/4037/2790
f 2499/4038/2790 2710/4039/2790 2711/4039/2790 2500/4038/2790
f 2710/4039/2790 2921/4040/2790 2922/4040/2790 2711/4039/2790
f 2921/4040/2790 3132/4041/2790 3133/4041/2790 2922/4040/2790
f 3132/4041/2790 3343/4042/2790 3344/4042/2790 3133/4041/2790
f 3343/4042/2790 3554/4043/2790 3555/4043/2790 3344/4042/2790
f 3554/4043/2790 3765/4044/2790 3766/4044/2790 3555/4043/2790
f 3765/4044/2790 3976/4045/2790 3977/4045/2790 3766/4044/2790
f 3976/4045/2790 4187/4046/2790 4188/4046/2790 3977/4045/2790
f 4187/4046/2790 4398/4047/2790 4399/4047/2790 4188/4046/2790
f 4398/4047/2790 4609/4048/2790 4610/4048/2790 4399/4047/2790
f 4609/4048/2790 4820/4049/2790 4821/4049/2790 4610/4048/2790
f 4820/4049/2790 5031/4050/2790 5032/4050/2790 4821/4049/2790
f 5031/4050/2790 5242/4051/2790 5243/4051/2790 5032/4050/2790
f 5242/4051/2790 5453/4052/2790 5454/4052/2790 5243/4051/2790
f 5453/4052/2790 5664/4053/2790 5665/4053/2790 5454/4052/2790
f 5664/4053/2790 5875/4054/2790 5876/4054/2790 5665/4053/2790
f 5875/4054/2790 6086/4055/2790 6087/4055/2790 5876/4054/2790
f 6086/4055/2790 6297/4056/2790 6298/4056/2790 6087/4055/2790
f 6297/4056/2790 6508/4057/2790 6509/4057/2790 6298/4056/2790
f 6508/4057/2790 6719/4058/2790 6720/4058/2790 6509/4057/2790
f 6719/4058/2790 177/4059/2790 178/4059/2790 6720/4058/2790
f 178/4028/2790 390/4027/2790 391/4027/2790 179/4028/2790
f 390/4027/2790 601/4029/2790 602/4029/2790 391/4027/2790
f 601/4029/2790 812/4030/2790 813/4030/2790 602/4029/2790
f 812/4030/2790 1023/4031/2790 1024/4031/2790 813/4030/2790
f 1023/4031/2790 1234/4032/2790 1235/4032/2790 1024/4031/2790
f 1234/4032/2790 1445/4033/2790 1446/4033/2790 1235/4032/2790
f 1445/4033/2790 1656/4034/2790 1657/4034/2790 1446/4033/2790
f 1656/4034/2790 1867/4035/2790 1868/4035/2790 1657/4034/2790
f 1867/4035/2790 2078/4036/2790 2079/4036/2790 1868/4035/2790
f 2078/4036/2790 2289/4037/2790 2290/4037/2790 2079/4036/2790
f 2289/4037/2790 2500/4038/2790 2501/4038/2790 2290/4037/2790
f 2500/4038/2790 2711/4039/2790 2712/4039/2790 2501/4038/2790
f 2711/4039/2790 2922/4040/2790 2923/4040/2790 2712/4039/2790
f 2922/4040/2790 3133/4041/2790 3134/4041/2790 2923/4040/2790
f 3133/4041/2790 3344/4042/2790 3345/4042/2790 3134/4041/2790
f 3344/4042/2790 3555/4043/2790 3556/4043/2790 3345/4042/2790
f 3555/4043/2790 3766/4044/2790 3767/4044/2790 3556/4043/2790
f 3766/4044/2790 3977/4045/2790 3978/4045/2790 3767/4044/2790
f 3977/4045/2790 4188/4046/2790 4189/4046/2790 3978/4045/2790
f 4188/4046/2790 4399/4047/2790 4400/4047/2790 4189/4046/2790
f 4399/4047/2790 4610/4048/2790 4611/4048/2790 4400/4047/2790
f 4610/4048/2790 4821/4049/2790 4822/4049/2790 4611/4048/2790
f 4821/4049/2790 5032/4050/2790 5033/4050/2790 4822/4049/2790
f 5032/4050/2790 5243/4051/2790 5244/4051/2790 5033/4050/2790
f 5243/4051/2790 5454/4052/2790 5455/4052/2790 5244/4051/2790
f 5454/4052/2790 5665/4053/2790 5666/4053/2790 5455/4052/2790
f 5665/4053/2790 5876/4054/2790 5877/4054/2790 5666/4053/2790
f 5876/4054/2790 6087/4055/2790 6088/4055/2790 5877/4054/2790
f 6087/4055/2790 6298/4056/2790 6299/4056/2790 6088/4055/2790
f 6298/4056/2790 6509/4057/2790 6510/4057/2790 6299/4056/2790
f 6509/4057/2790 6720/4058/2790 6721/4058/2790 6510/4057/2790
f 6720/4058/2790 178/4059/2790 179/4059/2790 6721/4058/2790
f 179/4028/2790 391/4027/2790 392/4027/2790 180/4028/2790
f 391/4027/2790 602/4029/2790 603/4029/2790 392/4027/2790
f 602/4029/2790 813/4030/2790 814/4030/2790 603/4029/2790
f 813/4030/2790 1024/4031/2790 1025/4031/2790 814/4030/2790
f 1024/4031/2790 1235/4032/2790 1236/4032/2790 1025/4031/2790
f 1235/4032/2790 1446/4033/2790 1447/4033/2790 1236/4032/2790
f 1446/4033/2790 1657/4034/2790 1658/4034/2790 1447/4033/2790
f 1657/4034/2790 1868/4035/2790 1869/4035/2790 1658/4034/2790
f 1868/4035/2790 2079/4036/2790 2080/4036/2790 1869/4035/2790
f 2079/4036/2790 2290/4037/2790 2291/4037/2790 2080/4036/2790
f 2290/4037/2790 2501/4038/2790 2502/4038/2790 2291/4037/2790
f 2501/4038/2790 2712/4039/2790 2713/4039/2790 2502/4038/2790
f 2712/4039/2790 2923/4040/2790 2924/4040/2790 2713/4039/2790
f 2923/4040/2790 3134/4041/2790 3135/4041/2790 2924/4040/2790
f 3134/4041/2790 3345/4042/2790 3346/4042/2790 3135/4041/2790
f 3345/4042/2790 3556/4043/2790 3557/4043/2790 3346/4042/2790
f 3556/4043/2790 3767/4044/2790 3768/4044/2790 3557/4043/2790
f 3767/4044/2790 3978/4045/2790 3979/4045/2790 3768/4044/2790
f 3978/4045/2790 4189/4046/2790 4190/4046/2790 3979/4045/2790
f 4189/4046/2790 4400/4047/2790 4401/4047/2790 4190/4046/2790
f 4400/4047/2790 4611/4048/2790 4612/4048/2790 4401/4047/2790
f 4611/4048/2790 4822/4049/2790 4823/4049/2790 4612/4048/2790
f 4822/4049/2790 5033/4050/2790 5034/4050/2790 4823/4049/2790
f 5033/4050/2790 5244/4051/2790 5245/4051/2790 5034/4050/2790
f 5244/4051/2790 5455/4052/2790 5456/4052/2790 5245/4051/2790
f 5455/4052/2790 5666/4053/2790 5667/4053/2790 5456/4052/2790
f 5666/4053/2790 5877/4054/2790 5878/4054/2790 5667/4053/2790
f 5877/4054/2790 6088/4055/2790 6089/4055/2790 5878/4054/2790
f 6088/4055/2790 6299/4056/2790 6300/4056/2790 6089/4055/2790
f 6299/4056/2790 6510/4057/2790 6511/4057/2790 6300/4056/2790
f 6510/4057/2790 6721/4058/2790 6722/4058/2790 6511/4057/2790
f 6721/4058/2790 179/4059/2790 180/4059/2790 6722/4058/2790
f 180/4028/2790 392/4027/2790 393/4027/2790 181/4028/2790
f 392/4027/2790 603/4029/2790 604/4029/2790 393/4027/2790
f 603/4029/2790 814/4030/2790 815/4030/2790 604/4029/2790
f 814/4030/2790 1025/4031/2790 1026/4031/2790 815/4030/2790
f 1025/4031/2790 1236/4032/2790 1237/4032/2790 1026/4031/2790
f 1236/4032/2790 1447/4033/2790 1448/4033/2790 1237/4032/2790
f 1447/4033/2790 1658/4034/2790 1659/4034/2790 1448/4033/2790
f 1658/4034/2790 1869/4035/2790 1870/4035/2790 1659/4034/2790
f 1869/4035/2790 2080/4036/2790 2081/4036/2790 1870/4035/2790
f 2080/4036/2790 2291/4037/2790 2292/4037/2790 2081/4036/2790
f 2291/4037/2790 2502/4038/2790 2503/4038/2790 2292/4037/2790
f 2502/4038/2790 2713/4039/2790 2714/4039/2790 2503/4038/2790
f 2713/4039/2790 2924/4040/2790 2925/4040/2790 2714/4039/2790
f 2924/4040/2790 3135/4041/2790 3136/4041/2790 2925/4040/2790
f 3135/4041/2790 3346/4042/2790 3347/4042/2790 3136/4041/2790
f 3346/4042/2790 3557/4043/2790 3558/4043/2790 3347/4042/2790
f 3557/4043/2790 3768/4044/2790 3769/4044/2790 3558/4043/2790
f 3768/4044/2790 3979/4045/2790 3980/4045/2790 3769/4044/2790
f 3979/4045/2790 4190/4046/2790 4191/4046/2790 3980/4045/2790
f 4190/4046/2790 4401/4047/2790 4402/4047/2790 4191/4046/2790
f 4401/4047/2790 4612/4048/2790 4613/4048/2790 4402/4047/2790
f 4612/4048/2790 4823/4049/2790 4824/4049/2790 4613/4048/2790
f 4823/4049/2790 5034/4050/2790 5035/4050/2790 4824/4049/2790
f 5034/4050/2790 5245/4051/2790 5246/4051/2790 5035/4050/2790
f 5245/4051/2790 5456/4052/2790 5457/4052/2790 5246/4051/2790
f 5456/4052/2790 5667/4053/2790 5668/4053/2790 5457/4052/2790
f 5667/4053/2790 5878/4054/2790 5879/4054/2790 5668/4053/2790
f 5878/4054/2790 6089/4055/2790 6090/4055/2790 5879/4054/2790
f 6089/4055/2790 6300/4056/2790 6301/4056/2790 6090/4055/2790
f 6300/4056/2790 6511/4057/2790 6512/4057/2790 6301/4056/2790
f 6511/4057/2790 6722/4058/2790 6723/4058/2790 6512/4057/2790
f 6722/4058/2790 180/4059/2790 181/4059/2790 6723/4058/2790
f 181/4028/2790 393/4027/2790 394/4027/2790 182/4028/2790
f 393/4027/2790 604/4029/2790 605/4029/2790 394/4027/2790
f 604/4029/2790 815/4030/2790 816/4030/2790 605/4029/2790
f 815/4030/2790 1026/4031/2790 1027/4031/2790 816/4030/2790
f 1026/4031/2790 1237/4032/2790 1238/4032/2790 1027/4031/2790
f 1237/4032/2790 1448/4033/2790 1449/4033/2790 1238/4032/2790
f 1448/4033/2790 1659/4034/2790 1660/4034/2790 1449/4033/2790
f 1659/4034/2790 1870/4035/2790 1871/4035/2790 1660/4034/2790
f 1870/4035/2790 2081/4036/2790 2082/4036/2790 1871/4035/2790
f 2081/4036/2790 2292/4037/2790 2293/4037/2790 2082/4036/2790
f 2292/4037/2790 2503/4038/2790 2504/4038/2790 2293/4037/2790
f 2503/4038/2790 2714/4039/2790 2715/4039/2790 2504/4038/2790
f 2714/4039/2790 2925/4040/2790 2926/4040/2790 2715/4039/2790
f 2925/4040/2790 3136/4041/2790 3137/4041/2790 2926/4040/2790
f 3136/4041/2790 3347/4042/2790 3348/4042/2790 3137/4041/2790
f 3347/4042/2790 3558/4043/2790 3559/4043/2790 3348/4042/2790
f 3558/4043/2790 3769/4044/2790 3770/4044/2790 3559/4043/2790
f 3769/4044/2790 3980/4045/2790 3981/4045/2790 3770/4044/2790
f 3980/4045/2790 4191/4046/2790 4192/4046/2790 3981/4045/2790
f 4191/4046/2790 4402/4047/2790 4403/4047/2790 4192/4046/2790
f 4402/4047/2790 4613/4048/2790 4614/4048/2790 4403/4047/2790
f 4613/4048/2790 4824/4049/2790 4825/4049/2790 4614/4048/2790
f 4824/4049/2790 5035/4050/2790 5036/4050/2790 4825/4049/2790
f 5035/4050/2790 5246/4051/2790 5247/4051/2790 5036/4050/2790
f 5246/4051/2790 5457/4052/2790 5458/4052/2790 5247/4051/2790
f 5457/4052/2790 5668/4053/2790 5669/4053/2790 5458/4052/2790
f 5668/4053/2790 5879/4054/2790 5880/4054/2790 5669/4053/2790
f 5879/4054/2790 6090/4055/2790 6091/4055/2790 5880/4054/2790
f 6090/4055/2790 6301/4056/2790 6302/4056/2790 6091/4055/2790
f 6301/4056/2790 6512/4057/2790 6513/4057/2790 6302/4056/2790
f 6512/4057/2790 6723/4058/2790 6724/4058/2790 6513/4057/2790
f 6723/4058/2790 181/4059/2790 182/4059/2790 6724/4058/2790
f 182/4028/2790 394/4027/2790 395/4027/3745 183/4028/3746
f 394/4027/2790 605/4029/2790 606/4029/3747 395/4027/3745
f 605/4029/2790 816/4030/2790 817/4030/3748 606/4029/3747
f 816/4030/2790 1027/4031/2790 1028/4031/3749 817/4030/3748
f 1027/4031/2790 1238/4032/2790 1239/4032/3750 1028/4031/3749
f 1238/4032/2790 1449/4033/2790 1450/4033/3751 1239/4032/3750
f 1449/4033/2790 1660/4034/2790 1661/4034/3752 1450/4033/3751
f 1660/4034/2790 1871/4035/2790 1872/4035/3753 1661/4034/3752
f 1871/4035/2790 2082/4036/2790 2083/4036/3754 1872/4035/3753
f 2082/4036/2790 2293/4037/2790 2294/4037/3755 2083/4036/3754
f 2293/4037/2790 2504/4038/2790 2505/4038/3756 2294/4037/3755
f 2504/4038/2790 2715/4039/2790 2716/4039/3757 2505/4038/3756
f 2715/4039/2790 2926/4040/2790 2927/4040/3758 2716/4039/3757
f 2926/4040/2790 3137/4041/2790 3138/4041/3759 2927/4040/3758
f 3137/4041/2790 3348/4042/2790 3349/4042/3760 3138/4041/3759
f 3348/4042/2790 3559/4043/2790 3560/4043/3761 3349/4042/3760
f 3559/4043/2790 3770/4044/2790 3771/4044/3762 3560/4043/3761
f 3770/4044/2790 3981/4045/2790 3982/4045/3763 3771/4044/3762
f 3981/4045/2790 4192/4046/2790 4193/4046/3764 3982/4045/3763
f 4192/4046/2790 4403/4047/2790 4404/4047/3765 4193/4046/3764
f 4403/4047/2790 4614/4048/2790 4615/4048/3766 4404/4047/3765
f 4614/4048/2790 4825/4049/2790 4826/4049/3767 4615/4048/3766
f 4825/4049/2790 5036/4050/2790 5037/4050/3768 4826/4049/3767
f 5036/4050/2790 5247/4051/2790 5248/4051/3769 5037/4050/3768
f 5247/4051/2790 5458/4052/2790 5459/4052/3770 5248/4051/3769
f 5458/4052/2790 5669/4053/2790 5670/4053/3771 5459/4052/3770
f 5669/4053/2790 5880/4054/2790 5881/4054/3772 5670/4053/3771
f 5880/4054/2790 6091/4055/2790 6092/4055/3773 5881/4054/3772
f 6091/4055/2790 6302/4056/2790 6303/4056/3774 6092/4055/3773
f 6302/4056/2790 6513/4057/2790 6514/4057/3775 6303/4056/3774
f 6513/4057/2790 6724/4058/2790 6725/4058/3776 6514/4057/3775
f 6724/4058/2790 182/4059/2790 183/4059/3746 6725/4058/3776
f 183/4028/3746 395/4027/3745 396/4060/3777 184/4061/3778
f 395/4027/3745 606/4029/3747 607/4062/3779 396/4060/3777
f 606/4029/3747 817/4030/3748 818/4063/3780 607/4062/3779
f 817/4030/3748 1028/4031/3749 1029/4064/3781 818/4063/3780
f 1028/4031/3749 1239/4032/3750 1240/4065/3782 1029/4064/3781
f 1239/4032/3750 1450/4033/3751 1451/4066/3783 1240/4065/3782
f 1450/4033/3751 1661/4034/3752 1662/4067/3784 1451/4066/3783
f 1661/4034/3752 1872/4035/3753 1873/4068/3785 1662/4067/3784
f 1872/4035/3753 2083/4036/3754 2084/4069/3786 1873/4068/3785
f 2083/4036/3754 2294/4037/3755 2295/4070/3787 2084/4069/3786
f 2294/4037/3755 2505/4038/3756 2506/4071/3788 2295/4070/3787
f 2505/4038/3756 2716/4039/3757 2717/4072/3789 2506/4071/3788
f 2716/4039/3757 2927/4040/3758 2928/4073/3790 2717/4072/3789
f 2927/4040/3758 3138/4041/3759 3139/4074/3791 2928/4073/3790
f 3138/4041/3759 3349/4042/3760 3350/4075/3792 3139/4074/3791
f 3349/4042/3760 3560/4043/3761 3561/4076/3793 3350/4075/3792
f 3560/4043/3761 3771/4044/3762 3772/4077/3794 3561/4076/3793
f 3771/4044/3762 3982/4045/3763 3983/4078/3795 3772/4077/3794
f 3982/4045/3763 4193/4046/3764 4194/4079/3796 3983/4078/3795
f 4193/4046/3764 4404/4047/3765 4405/4080/3797 4194/4079/3796
f 4404/4047/3765 4615/4048/3766 4616/4081/3798 4405/4080/3797
f 4615/4048/3766 4826/4049/3767 4827/4082/3799 4616/4081/3798
f 4826/4049/3767 5037/4050/3768 5038/4083/3800 4827/4082/3799
f 5037/4050/3768 5248/4051/3769 5249/4084/3801 5038/4083/3800
f 5248/4051/3769 5459/4052/3770 5460/4085/3802 5249/4084/3801
f 5459/4052/3770 5670/4053/3771 5671/4086/3803 5460/4085/3802
f 5670/4053/3771 5881/4054/3772 5882/4087/3804 5671/4086/3803
f 5881/4054/3772 6092/4055/3773 6093/4088/3805 5882/4087/3804
f 6092/4055/3773 6303/4056/3774 6304/4089/3806 6093/4088/3805
f 6303/4056/3774 6514/4057/3775 6515/4090/3807 6304/4089/3806
f 6514/4057/3775 6725/4058/3776 6726/4091/3808 6515/4090/3807
f 6725/4058/3776 183/4059/3746 184/4092/3778 6726/4091/3808
f 184/4061/3778 396/4060/3777 397/4093/3809 185/4094/3810
f 396/4060/3777 607/4062/3779 608/4095/3811 397/4093/3809
f 607/4062/3779 818/4063/3780 819/4096/3812 608/4095/3811
f 818/4063/3780 1029/4064/3781 1030/4097/3813 819/4096/3812
f 1029/4064/3781 1240/4065/3782 1241/4098/3814 1030/4097/3813
f 1240/4065/3782 1451/4066/3783 1452/4099/3815 1241/4098/3814
f 1451/4066/3783 1662/4067/3784 1663/4100/3816 1452/4099/3815
f 1662/4067/3784 1873/4068/3785 1874/4101/3817 1663/4100/3816
f 1873/4068/3785 2084/4069/3786 2085/4102/3818 1874/4101/3817
f 2084/4069/3786 2295/4070/3787 2296/4103/3819 2085/4102/3818
f 2295/4070/3787 2506/4071/3788 2507/4104/3820 2296/4103/3819
f 2506/4071/3788 2717/4072/3789 2718/4105/3821 2507/4104/3820
f 2717/4072/3789 2928/4073/3790 2929/4106/3822 2718/4105/3821
f 2928/4073/3790 3139/4074/3791 3140/4107/3823 2929/4106/3822
f 3139/4074/3791 3350/4075/3792 3351/4108/3824 3140/4107/3823
f 3350/4075/3792 3561/4076/3793 3562/4109/3825 3351/4108/3824
f 3561/4076/3793 3772/4077/3794 3773/4110/3826 3562/4109/3825
f 3772/4077/3794 3983/4078/3795 3984/4111/3827 3773/4110/3826
f 3983/4078/3795 4194/4079/3796 4195/4112/3828 3984/4111/3827
f 4194/4079/3796 4405/4080/3797 4406/4113/3829 4195/4112/3828
f 4405/4080/3797 4616/4081/3798 4617/4114/3830 4406/4113/3829
f 4616/4081/3798 4827/4082/3799 4828/4115/3831 4617/4114/3830
f 4827/4082/3799 5038/4083/3800 5039/4116/3832 4828/4115/3831
f 5038/4083/3800 5249/4084/3801 5250/4117/3833 5039/4116/3832
f 5249/4084/3801 5460/4085/3802 5461/4118/3834 5250/4117/3833
f 5460/4085/3802 5671/4086/3803 5672/4119/3835 5461/4118/3834
f 5671/4086/3803 5882/4087/3804 5883/4120/3836 5672/4119/3835
f 5882/4087/3804 6093/4088/3805 6094/4121/3837 5883/4120/3836
f 6093/4088/3805 6304/4089/3806 6305/4122/3838 6094/4121/3837
f 6304/4089/3806 6515/4090/3807 6516/4123/3839 6305/4122/3838
f 6515/4090/3807 6726/4091/3808 6727/4124/3840 6516/4123/3839
f 6726/4091/3808 184/4092/3778 185/4125/3810 6727/4124/3840
f 185/4094/3810 397/4093/3809 398/4126/3841 186/4127/3842
f 397/4093/3809 608/4095/3811 609/4128/3843 398/4126/3841
f 608/4095/3811 819/4096/3812 820/4129/3844 609/4128/3843
f 819/4096/3812 1030/4097/3813 1031/4130/3845 820/4129/3844
f 1030/4097/3813 1241/4098/3814 1242/4131/3846 1031/4130/3845
f 1241/4098/3814 1452/4099/3815 1453/4132/3847 1242/4131/3846
f 1452/4099/3815 1663/4100/3816 1664/4133/3848 1453/4132/3847
f 1663/4100/3816 1874/4101/3817 1875/4134/3849 1664/4133/3848
f 1874/4101/3817 2085/4102/3818 2086/4135/3850 1875/4134/3849
f 2085/4102/3818 2296/4103/3819 2297/4136/3851 2086/4135/3850
f 2296/4103/3819 2507/4104/3820 2508/4137/3852 2297/4136/3851
f 2507/4104/3820 2718/4105/3821 2719/4138/3853 2508/4137/3852
f 2718/4105/3821 2929/4106/3822 2930/4139/3854 2719/4138/3853
f 2929/4106/3822 3140/4107/3823 3141/4140/3855 2930/4139/3854
f 3140/4107/3823 3351/4108/3824 3352/4141/3856 3141/4140/3855
f 3351/4108/3824 3562/4109/3825 3563/4142/3857 3352/4141/3856
f 3562/4109/3825 3773/4110/3826 3774/4143/3858 3563/4142/3857
f 3773/4110/3826 3984/4111/3827 3985/4144/3859 3774/4143/3858
f 3984/4111/3827 4195/4112/3828 4196/4145/3860 3985/4144/3859
f 4195/4112/3828 4406/4113/3829 4407/4146/3861 4196/4145/3860
f 4406/4113/3829 4617/4114/3830 4618/4147/3862 4407/4146/3861
f 4617/4114/3830 4828/4115/3831 4829/4148/3863 4618/4147/3862
f 4828/4115/3831 5039/4116/3832 5040/4149/3864 4829/4148/3863
f 5039/4116/3832 5250/4117/3833 5251/4150/3865 5040/4149/3864
f 5250/4117/3833 5461/4118/3834 5462/4151/3866 5251/4150/3865
f 5461/4118/3834 5672/4119/3835 5673/4152/3867 5462/4151/3866
f 5672/4119/3835 5883/4120/3836 5884/4153/3868 5673/4152/3867
f 5883/4120/3836 6094/4121/3837 6095/4154/3869 5884/4153/3868
f 6094/4121/3837 6305/4122/3838 6306/4155/3870 6095/4154/3869
f 6305/4122/3838 6516/4123/3839 6517/4156/3871 6306/4155/3870
f 6516/4123/3839 6727/4124/3840 6728/4157/3872 6517/4156/3871
f 6727/4124/3840 185/4125/3810 186/4158/3842 6728/4157/3872
f 186/4127/3842 398/4126/3841 399/4159/3873 187/4160/3874
f 398/4126/3841 609/4128/3843 610/4161/3875 399/4159/3873
f 609/4128/3843 820/4129/3844 821/4162/3876 610/4161/3875
f 820/4129/3844 1031/4130/3845 1032/4163/3877 821/4162/3876
f 1031/4130/3845 1242/4131/3846 1243/4164/3878 1032/4163/3877
f 1242/4131/3846 1453/4132/3847 1454/4165/3879 1243/4164/3878
f 1453/4132/3847 1664/4133/3848 1665/4166/3880 1454/4165/3879
f 1664/4133/3848 1875/4134/3849 1876/4167/3881 1665/4166/3880
f 1875/4134/3849 2086/4135/3850 2087/4168/3882 1876/4167/3881
f 2086/4135/3850 2297/4136/3851 2298/4169/3883 2087/4168/3882
f 2297/4136/3851 2508/4137/3852 2509/4170/3884 2298/4169/3883
f 2508/4137/3852 2719/4138/3853 2720/4171/3885 2509/4170/3884
f 2719/4138/3853 2930/4139/3854 2931/4172/3886 2720/4171/3885
f 2930/4139/3854 3141/4140/3855 3142/4173/3887 2931/4172/3886
f 3141/4140/3855 3352/4141/3856 3353/4174/3888 3142/4173/3887
f 3352/4141/3856 3563/4142/3857 3564/4175/3889 3353/4174/3888
f 3563/4142/3857 3774/4143/3858 3775/4176/3890 3564/4175/3889
f 3774/4143/3858 3985/4144/3859 3986/4177/3891 3775/4176/3890
f 3985/4144/3859 4196/4145/3860 4197/4178/3892 3986/4177/3891
f 4196/4145/3860 4407/4146/3861 4408/4179/3893 4197/4178/3892
f 4407/4146/3861 4618/4147/3862 4619/4180/3894 4408/4179/3893
f 4618/4147/3862 4829/4148/3863 4830/4181/3895 4619/4180/3894
f 4829/4148/3863 5040/4149/3864 5041/4182/3896 4830/4181/3895
f 5040/4149/3864 5251/4150/3865 5252/4183/3897 5041/4182/3896
f 5251/4150/3865 5462/4151/3866 5463/4184/3898 5252/4183/3897
f 5462/4151/3866 5673/4152/3867 5674/4185/3899 5463/4184/3898
f 5673/4152/3867 5884/4153/3868 5885/4186/3900 5674/4185/3899
f 5884/4153/3868 6095/4154/3869 6096/4187/3901 5885/4186/3900
f 6095/4154/3869 6306/4155/3870 6307/4188/3902 6096/4187/3901
f 6306/4155/3870 6517/4156/3871 6518/4189/3903 6307/4188/3902
f 6517/4156/3871 6728/4157/3872 6729/4190/3904 6518/4189/3903
f 6728/4157/3872 186/4158/3842 187/4191/3874 6729/4190/3904
f 187/4160/3874 399/4159/3873 400/4192/3905 188/4193/3906
f 399/4159/3873 610/4161/3875 611/4194/3907 400/4192/3905
f 610/4161/3875 821/4162/3876 822/4195/3908 611/4194/3907
f 821/4162/3876 1032/4163/3877 1033/4196/3909 822/4195/3908
f 1032/4163/3877 1243/4164/3878 1244/4197/3910 1033/4196/3909
f 1243/4164/3878 1454/4165/3879 1455/4198/3911 1244/4197/3910
f 1454/4165/3879 1665/4166/3880 1666/4199/3912 1455/4198/3911
f 1665/4166/3880 1876/4167/3881 1877/4200/3913 1666/4199/3912
f 1876/4167/3881 2087/4168/3882 2088/4201/3914 1877/4200/3913
f 2087/4168/3882 2298/4169/3883 2299/4202/3915 2088/4201/3914
f 2298/4169/3883 2509/4170/3884 2510/4203/3916 2299/4202/3915
f 2509/4170/3884 2720/4171/3885 2721/4204/3917 2510/4203/3916
f 2720/4171/3885 2931/4172/3886 2932/4205/3918 2721/4204/3917
f 2931/4172/3886 3142/4173/3887 3143/4206/3919 2932/4205/3918
f 3142/4173/3887 3353/4174/3888 3354/4207/3920 3143/4206/3919
f 3353/4174/3888 3564/4175/3889 3565/4208/3921 3354/4207/3920
f 3564/4175/3889 3775/4176/3890 3776/4209/3922 3565/4208/3921
f 3775/4176/3890 3986/4177/3891 3987/4210/3923 3776/4209/3922
f 3986/4177/3891 4197/4178/3892 4198/4211/3924 3987/4210/3923
f 4197/4178/3892 4408/4179/3893 4409/4212/3925 4198/4211/3924
f 4408/4179/3893 4619/4180/3894 4620/4213/3926 4409/4212/3925
f 4619/4180/3894 4830/4181/3895 4831/4214/3927 4620/4213/3926
f 4830/4181/3895 5041/4182/3896 5042/4215/3928 4831/4214/3927
f 5041/4182/3896 5252/4183/3897 5253/4216/3929 5042/4215/3928
f 5252/4183/3897 5463/4184/3898 5464/4217/3930 5253/4216/3929
f 5463/4184/3898 5674/4185/3899 5675/4218/3931 5464/4217/3930
f 5674/4185/3899 5885/4186/3900 5886/4219/3932 5675/4218/3931
f 5885/4186/3900 6096/4187/3901 6097/4220/3933 5886/4219/3932
f 6096/4187/3901 6307/4188/3902 6308/4221/3934 6097/4220/3933
f 6307/4188/3902 6518/4189/3903 6519/4222/3935 6308/4221/3934
f 6518/4189/3903 6729/4190/3904 6730/4223/3936 6519/4222/3935
f 6729/4190/3904 187/4191/3874 188/4224/3906 6730/4223/3936
f 188/4193/3906 400/4192/3905 401/4225/3937 189/4226/3938
f 400/4192/3905 611/4194/3907 612/4227/3939 401/4225/3937
f 611/4194/3907 822/4195/3908 823/4228/3940 612/4227/3939
f 822/4195/3908 1033/4196/3909 1034/4229/3941 823/4228/3940
f 1033/4196/3909 1244/4197/3910 1245/4230/3942 1034/4229/3941
f 1244/4197/3910 1455/4198/3911 1456/4231/3943 1245/4230/3942
f 1455/4198/3911 1666/4199/3912 1667/4232/3944 1456/4231/3943
f 1666/4199/3912 1877/4200/3913 1878/4233/3945 1667/4232/3944
f 1877/4200/3913 2088/4201/3914 2089/4234/3946 1878/4233/3945
f 2088/4201/3914 2299/4202/3915 2300/4235/3947 2089/4234/3946
f 2299/4202/3915 2510/4203/3916 2511/4236/3948 2300/4235/3947
f 2510/4203/3916 2721/4204/3917 2722/4237/3949 2511/4236/3948
f 2721/4204/3917 2932/4205/3918 2933/4238/3950 2722/4237/3949
f 2932/4205/3918 3143/4206/3919 3144/4239/3951 2933/4238/3950
f 3143/4206/3919 3354/4207/3920 3355/4240/3952 3144/4239/3951
f 3354/4207/3920 3565/4208/3921 3566/4241/3953 3355/4240/3952
f 3565/4208/3921 3776/4209/3922 3777/4242/3954 3566/4241/3953
f 3776/4209/3922 3987/4210/3923 3988/4243/3955 3777/4242/3954
f 3987/4210/3923 4198/4211/3924 4199/4244/3956 3988/4243/3955
f 4198/4211/3924 4409/4212/3925 4410/4245/3957 4199/4244/3956
f 4409/4212/3925 4620/4213/3926 4621/4246/3958 4410/4245/3957
f 4620/4213/3926 4831/4214/3927 4832/4247/3959 4621/4246/3958
f 4831/4214/3927 5042/4215/3928 5043/4248/3960 4832/4247/3959
f 5042/4215/3928 5253/4216/3929 5254/4249/3961 5043/4248/3960
f 5253/4216/3929 5464/4217/3930 5465/4250/3962 5254/4249/3961
f 5464/4217/3930 5675/4218/3931 5676/4251/3963 5465/4250/3962
f 5675/4218/3931 5886/4219/3932 5887/4252/3964 5676/4251/3963
f 5886/4219/3932 6097/4220/3933 6098/4253/3965 5887/4252/3964
f 6097/4220/3933 6308/4221/3934 6309/4254/3966 6098/4253/3965
f 6308/4221/3934 6519/4222/3935 6520/4255/3967 6309/4254/3966
f 6519/4222/3935 6730/4223/3936 6731/4256/3968 6520/4255/3967
f 6730/4223/3936 188/4224/3906 189/4257/3938 6731/4256/3968
f 189/4226/3938 401/4225/3937 402/4258/3969 190/4259/3970
f 401/4225/3937 612/4227/3939 613/4260/3971 402/4258/3969
f 612/4227/3939 823/4228/3940 824/4261/3972 613/4260/3971
f 823/4228/3940 1034/4229/3941 1035/4262/3973 824/4261/3972
f 1034/4229/3941 1245/4230/3942 1246/4263/3974 1035/4262/3973
f 1245/4230/3942 1456/4231/3943 1457/4264/3975 1246/4263/3974
f 1456/4231/3943 1667/4232/3944 1668/4265/3976 1457/4264/3975
f 1667/4232/3944 1878/4233/3945 1879/4266/3977 1668/4265/3976
f 1878/4233/3945 2089/4234/3946 2090/4267/3978 1879/4266/3977
f 2089/4234/3946 2300/4235/3947 2301/4268/3979 2090/4267/3978
f 2300/4235/3947 2511/4236/3948 2512/4269/3980 2301/4268/3979
f 2511/4236/3948 2722/4237/3949 2723/4270/3981 2512/4269/3980
f 2722/4237/3949 2933/4238/3950 2934/4271/3982 2723/4270/3981
f 2933/4238/3950 3144/4239/3951 3145/4272/3983 2934/4271/3982
f 3144/4239/3951 3355/4240/3952 3356/4273/3984 3145/4272/3983
f 3355/4240/3952 3566/4241/3953 3567/4274/3985 3356/4273/3984
f 3566/4241/3953 3777/4242/3954 3778/4275/3986 3567/4274/3985
f 3777/4242/3954 3988/4243/3955 3989/4276/3987 3778/4275/3986
f 3988/4243/3955 4199/4244/3956 4200/4277/3988 3989/4276/3987
f 4199/4244/3956 4410/4245/3957 4411/4278/3989 4200/4277/3988
f 4410/4245/3957 4621/4246/3958 4622/4279/3990 4411/4278/3989
f 4621/4246/3958 4832/4247/3959 4833/4280/3991 4622/4279/3990
f 4832/4247/3959 5043/4248/3960 5044/4281/3992 4833/4280/3991
f 5043/4248/3960 5254/4249/3961 5255/4282/3993 5044/4281/3992
f 5254/4249/3961 5465/4250/3962 5466/4283/3994 5255/4282/3993
f 5465/4250/3962 5676/4251/3963 5677/4284/3995 5466/4283/3994
f 5676/4251/3963 5887/4252/3964 5888/4285/3996 5677/4284/3995
f 5887/4252/3964 6098/4253/3965 6099/4286/3997 5888/4285/3996
f 6098/4253/3965 6309/4254/3966 6310/4287/3998 6099/4286/3997
f 6309/4254/3966 6520/4255/3967 6521/4288/3999 6310/4287/3998
f 6520/4255/3967 6731/4256/3968 6732/4289/4000 6521/4288/3999
f 6731/4256/3968 189/4257/3938 190/4290/3970 6732/4289/4000
f 190/4259/3970 402/4258/3969 403/4291/4001 191/4292/4002
f 402/4258/3969 613/4260/3971 614/4293/4003 403/4291/4001
f 613/4260/3971 824/4261/3972 825/4294/4004 614/4293/4003
f 824/4261/3972 1035/4262/3973 1036/4295/4005 825/4294/4004
f 1035/4262/3973 1246/4263/3974 1247/4296/4006 1036/4295/4005
f 1246/4263/3974 1457/4264/3975 1458/4297/4007 1247/4296/4006
f 1457/4264/3975 1668/4265/3976 1669/4298/4008 1458/4297/4007
f 1668/4265/3976 1879/4266/3977 1880/4299/4009 1669/4298/4008
f 1879/4266/3977 2090/4267/3978 2091/4300/4010 1880/4299/4009
f 2090/4267/3978 2301/4268/3979 2302/4301/4011 2091/4300/4010
f 2301/4268/3979 2512/4269/3980 2513/4302/4012 2302/4301/4011
f 2512/4269/3980 2723/4270/3981 2724/4303/4013 2513/4302/4012
f 2723/4270/3981 2934/4271/3982 2935/4304/4014 2724/4303/4013
f 2934/4271/3982 3145/4272/3983 3146/4305/4015 2935/4304/4014
f 3145/4272/3983 3356/4273/3984 3357/4306/4016 3146/4305/4015
f 3356/4273/3984 3567/4274/3985 3568/4307/4017 3357/4306/4016
f 3567/4274/3985 3778/4275/3986 3779/4308/4018 3568/4307/4017
f 3778/4275/3986 3989/4276/3987 3990/4309/4019 3779/4308/4018
f 3989/4276/3987 4200/4277/3988 4201/4310/4020 3990/4309/4019
f 4200/4277/3988 4411/4278/3989 4412/4311/4021 4201/4310/4020
f 4411/4278/3989 4622/4279/3990 4623/4312/4022 4412/4311/4021
f 4622/4279/3990 4833/4280/3991 4834/4313/4023 4623/4312/4022
f 4833/4280/3991 5044/4281/3992 5045/4314/4024 4834/4313/4023
f 5044/4281/3992 5255/4282/3993 5256/4315/4025 5045/4314/4024
f 5255/4282/3993 5466/4283/3994 5467/4316/4026 5256/4315/4025
f 5466/4283/3994 5677/4284/3995 5678/4317/4027 5467/4316/4026
f 5677/4284/3995 5888/4285/3996 5889/4318/4028 5678/4317/4027
f 5888/4285/3996 6099/4286/3997 6100/4319/4029 5889/4318/4028
f 6099/4286/3997 6310/4287/3998 6311/4320/4030 6100/4319/4029
f 6310/4287/3998 6521/4288/3999 6522/4321/4031 6311/4320/4030
f 6521/4288/3999 6732/4289/4000 6733/4322/4032 6522/4321/4031
f 6732/4289/4000 190/4290/3970 191/4323/4002 6733/4322/4032
f 191/4292/4002 403/4291/4001 404/4324/4033 192/4325/4034
f 403/4291/4001 614/4293/4003 615/4326/4035 404/4324/4033
f 614/4293/4003 825/4294/4004 826/4327/4036 615/4326/4035
f 825/4294/4004 1036/4295/4005 1037/4328/4037 826/4327/4036
f 1036/4295/4005 1247/4296/4006 1248/4329/4038 1037/4328/4037
f 1247/4296/4006 1458/4297/4007 1459/4330/4039 1248/4329/4038
f 1458/4297/4007 1669/4298/4008 1670/4331/4040 1459/4330/4039
f 1669/4298/4008 1880/4299/4009 1881/4332/4041 1670/4331/4040
f 1880/4299/4009 2091/4300/4010 2092/4333/4042 1881/4332/4041
f 2091/4300/4010 2302/4301/4011 2303/4334/4043 2092/4333/4042
f 2302/4301/4011 2513/4302/4012 2514/4335/4044 2303/4334/4043
f 2513/4302/4012 2724/4303/4013 2725/4336/4045 2514/4335/4044
f 2724/4303/4013 2935/4304/4014 2936/4337/4046 2725/4336/4045
f 2935/4304/4014 3146/4305/4015 3147/4338/4047 2936/4337/4046
f 3146/4305/4015 3357/4306/4016 3358/4339/4048 3147/4338/4047
f 3357/4306/4016 3568/4307/4017 3569/4340/4049 3358/4339/4048
f 3568/4307/4017 3779/4308/4018 3780/4341/4050 3569/4340/4049
f 3779/4308/4018 3990/4309/4019 3991/4342/4051 3780/4341/4050
f 3990/4309/4019 4201/4310/4020 4202/4343/4052 3991/4342/4051
f 4201/4310/4020 4412/4311/4021 4413/4344/4053 4202/4343/4052
f 4412/4311/4021 4623/4312/4022 4624/4345/4054 4413/4344/4053
f 4623/4312/4022 4834/4313/4023 4835/4346/4055 4624/4345/4054
f 4834/4313/4023 5045/4314/4024 5046/4347/4056 4835/4346/4055
f 5045/4314/4024 5256/4315/4025 5257/4348/4057 5046/4347/4056
f 5256/4315/4025 5467/4316/4026 5468/4349/4058 5257/4348/4057
f 5467/4316/4026 5678/4317/4027 5679/4350/4059 5468/4349/4058
f 5678/4317/4027 5889/4318/4028 5890/4351/4060 5679/4350/4059
f 5889/4318/4028 6100/4319/4029 6101/4352/4061 5890/4351/4060
f 6100/4319/4029 6311/4320/4030 6312/4353/4062 6101/4352/4061
f 6311/4320/4030 6522/4321/4031 6523/4354/4063 6312/4353/4062
f 6522/4321/4031 6733/4322/4032 6734/4355/4064 6523/4354/4063
f 6733/4322/4032 191/4323/4002 192/4356/4034 6734/4355/4064
f 192/4325/4034 404/4324/4033 405/4357/4065 193/4358/4066
f 404/4324/4033 615/4326/4035 616/4359/4067 405/4357/4065
f 615/4326/4035 826/4327/4036 827/4360/4068 616/4359/4067
f 826/4327/4036 1037/4328/4037 1038/4361/4069 827/4360/4068
f 1037/4328/4037 1248/4329/4038 1249/4362/4070 1038/4361/4069
f 1248/4329/4038 1459/4330/4039 1460/4363/4071 1249/4362/4070
f 1459/4330/4039 1670/4331/4040 1671/4364/4072 1460/4363/4071
f 1670/4331/4040 1881/4332/4041 1882/4365/4073 1671/4364/4072
f 1881/4332/4041 2092/4333/4042 2093/4366/4074 1882/4365/4073
f 2092/4333/4042 2303/4334/4043 2304/4367/4075 2093/4366/4074
f 2303/4334/4043 2514/4335/4044 2515/4368/4076 2304/4367/4075
f 2514/4335/4044 2725/4336/4045 2726/4369/4077 2515/4368/4076
f 2725/4336/4045 2936/4337/4046 2937/4370/4078 2726/4369/4077
f 2936/4337/4046 3147/4338/4047 3148/4371/4079 2937/4370/4078
f 3147/4338/4047 3358/4339/4048 3359/4372/4080 3148/4371/4079
f 3358/4339/4048 3569/4340/4049 3570/4373/4081 3359/4372/4080
f 3569/4340/4049 3780/4341/4050 3781/4374/4082 3570/4373/4081
f 3780/4341/4050 3991/4342/4051 3992/4375/4083 3781/4374/4082
f 3991/4342/4051 4202/4343/4052 4203/4376/4084 3992/4375/4083
f 4202/4343/4052 4413/4344/4053 4414/4377/4085 4203/4376/4084
f 4413/4344/4053 4624/4345/4054 4625/4378/4086 4414/4377/4085
f 4624/4345/4054 4835/4346/4055 4836/4379/4087 4625/4378/4086
f 4835/4346/4055 5046/4347/4056 5047/4380/4088 4836/4379/4087
f 5046/4347/4056 5257/4348/4057 5258/4381/4089 5047/4380/4088
f 5257/4348/4057 5468/4349/4058 5469/4382/4090 5258/4381/4089
f 5468/4349/4058 5679/4350/4059 5680/4383/4091 5469/4382/4090
f 5679/4350/4059 5890/4351/4060 5891/4384/4092 5680/4383/4091
f 5890/4351/4060 6101/4352/4061 6102/4385/4093 5891/4384/4092
f 6101/4352/4061 6312/4353/4062 6313/4386/4094 6102/4385/4093
f 6312/4353/4062 6523/4354/4063 6524/4387/4095 6313/4386/4094
f 6523/4354/4063 6734/4355/4064 6735/4388/4096 6524/4387/4095
f 6734/4355/4064 192/4356/4034 193/4389/4066 6735/4388/4096
f 193/4358/4066 405/4357/4065 406/4390/4097 194/4391/4098
f 405/4357/4065 616/4359/4067 617/4392/4099 406/4390/4097
f 616/4359/4067 827/4360/4068 828/4393/4100 617/4392/4099
f 827/4360/4068 1038/4361/4069 1039/4394/4101 828/4393/4100
f 1038/4361/4069 1249/4362/4070 1250/4395/4102 1039/4394/4101
f 1249/4362/4070 1460/4363/4071 1461/4396/4103 1250/4395/4102
f 1460/4363/4071 1671/4364/4072 1672/4397/4104 1461/4396/4103
f 1671/4364/4072 1882/4365/4073 1883/4398/4105 1672/4397/4104
f 1882/4365/4073 2093/4366/4074 2094/4399/4106 1883/4398/4105
f 2093/4366/4074 2304/4367/4075 2305/4400/4107 2094/4399/4106
f 2304/4367/4075 2515/4368/4076 2516/4401/4108 2305/4400/4107
f 2515/4368/4076 2726/4369/4077 2727/4402/4109 2516/4401/4108
f 2726/4369/4077 2937/4370/4078 2938/4403/4110 2727/4402/4109
f 2937/4370/4078 3148/4371/4079 3149/4404/4111 2938/4403/4110
f 3148/4371/4079 3359/4372/4080 3360/4405/4112 3149/4404/4111
f 3359/4372/4080 3570/4373/4081 3571/4406/4113 3360/4405/4112
f 3570/4373/4081 3781/4374/4082 3782/4407/4114 3571/4406/4113
f 3781/4374/4082 3992/4375/4083 3993/4408/4115 3782/4407/4114
f 3992/4375/4083 4203/4376/4084 4204/4409/4116 3993/4408/4115
f 4203/4376/4084 4414/4377/4085 4415/4410/4117 4204/4409/4116
f 4414/4377/4085 4625/4378/4086 4626/4411/4118 4415/4410/4117
f 4625/4378/4086 4836/4379/4087 4837/4412/4119 4626/4411/4118
f 4836/4379/4087 5047/4380/4088 5048/4413/4120 4837/4412/4119
f 5047/4380/4088 5258/4381/4089 5259/4414/4121 5048/4413/4120
f 5258/4381/4089 5469/4382/4090 5470/4415/4122 5259/4414/4121
f 5469/4382/4090 5680/4383/4091 5681/4416/4123 5470/4415/4122
f 5680/4383/4091 5891/4384/4092 5892/4417/4124 5681/4416/4123
f 5891/4384/4092 6102/4385/4093 6103/4418/4125 5892/4417/4124
f 6102/4385/4093 6313/4386/4094 6314/4419/4126 6103/4418/4125
f 6313/4386/4094 6524/4387/4095 6525/4420/4127 6314/4419/4126
f 6524/4387/4095 6735/4388/4096 6736/4421/4128 6525/4420/4127
f 6735/4388/4096 193/4389/4066 194/4422/4098 6736/4421/4128
f 194/4391/4098 406/4390/4097 407/4423/4129 195/4424/4130
f 406/4390/4097 617/4392/4099 618/4425/4131 407/4423/4129
f 617/4392/4099 828/4393/4100 829/4426/4132 618/4425/4131
f 828/4393/4100 1039/4394/4101 1040/4427/4133 829/4426/4132
f 1039/4394/4101 1250/4395/4102 1251/4428/4134 1040/4427/4133
f 1250/4395/4102 1461/4396/4103 1462/4429/4135 1251/4428/4134
f 1461/4396/4103 1672/4397/4104 1673/4430/4136 1462/4429/4135
f 1672/4397/4104 1883/4398/4105 1884/4431/4137 1673/4430/4136
f 1883/4398/4105 2094/4399/4106 2095/4432/4138 1884/4431/4137
f 2094/4399/4106 2305/4400/4107 2306/4433/4139 2095/4432/4138
f 2305/4400/4107 2516/4401/4108 2517/4434/4140 2306/4433/4139
f 2516/4401/4108 2727/4402/4109 2728/4435/4141 2517/4434/4140
f 2727/4402/4109 2938/4403/4110 2939/4436/4142 2728/4435/4141
f 2938/4403/4110 3149/4404/4111 3150/4437/4143 2939/4436/4142
f 3149/4404/4111 3360/4405/4112 3361/4438/4144 3150/4437/4143
f 3360/4405/4112 3571/4406/4113 3572/4439/4145 3361/4438/4144
f 3571/4406/4113 3782/4407/4114 3783/4440/4146 3572/4439/4145
f 3782/4407/4114 3993/4408/4115 3994/4441/4147 3783/4440/4146
f 3993/4408/4115 4204/4409/4116 4205/4442/4148 3994/4441/4147
f 4204/4409/4116 4415/4410/4117 4416/4443/4149 4205/4442/4148
f 4415/4410/4117 4626/4411/4118 4627/4444/4150 4416/4443/4149
f 4626/4411/4118 4837/4412/4119 4838/4445/4151 4627/4444/4150
f 4837/4412/4119 5048/4413/4120 5049/4446/4152 4838/4445/4151
f 5048/4413/4120 5259/4414/4121 5260/4447/4153 5049/4446/4152
f 5259/4414/4121 5470/4415/4122 5471/4448/4154 5260/4447/4153
f 5470/4415/4122 5681/4416/4123 5682/4449/4155 5471/4448/4154
f 5681/4416/4123 5892/4417/4124 5893/4450/4156 5682/4449/4155
f 5892/4417/4124 6103/4418/4125 6104/4451/4157 5893/4450/4156
f 6103/4418/4125 6314/4419/4126 6315/4452/4158 6104/4451/4157
f 6314/4419/4126 6525/4420/4127 6526/4453/4159 6315/4452/4158
f 6525/4420/4127 6736/4421/4128 6737/4454/4160 6526/4453/4159
f 6736/4421/4128 194/4422/4098 195/4455/4130 6737/4454/4160
f 195/4424/4130 407/4423/4129 408/4456/4161 196/4457/4162
f 407/4423/4129 618/4425/4131 619/4458/4163 408/4456/4161
f 618/4425/4131 829/4426/4132 830/4459/4164 619/4458/4163
f 829/4426/4132 1040/4427/4133 1041/4460/4165 830/4459/4164
f 1040/4427/4133 1251/4428/4134 1252/4461/4166 1041/4460/4165
f 1251/4428/4134 1462/4429/4135 1463/4462/4167 1252/4461/4166
f 1462/4429/4135 1673/4430/4136 1674/4463/4168 1463/4462/4167
f 1673/4430/4136 1884/4431/4137 1885/4464/4169 1674/4463/4168
f 1884/4431/4137 2095/4432/4138 2096/4465/4170 1885/4464/4169
f 2095/4432/4138 2306/4433/4139 2307/4466/4171 2096/4465/4170
f 2306/4433/4139 2517/4434/4140 2518/4467/816 2307/4466/4171
f 2517/4434/4140 2728/4435/4141 2729/4468/817 2518/4467/816
f 2728/4435/4141 2939/4436/4142 2940/4469/4172 2729/4468/817
f 2939/4436/4142 3150/4437/4143 3151/4470/4173 2940/4469/4172
f 3150/4437/4143 3361/4438/4144 3362/4471/4174 3151/4470/4173
f 3361/4438/4144 3572/4439/4145 3573/4472/4175 3362/4471/4174
f 3572/4439/4145 3783/4440/4146 3784/4473/4176 3573/4472/4175
f 3783/4440/4146 3994/4441/4147 3995/4474/4177 3784/4473/4176
f 3994/4441/4147 4205/4442/4148 4206/4475/4178 3995/4474/4177
f 4205/4442/4148 4416/4443/4149 4417/4476/4179 4206/4475/4178
f 4416/4443/4149 4627/4444/4150 4628/4477/4180 4417/4476/4179
f 4627/4444/4150 4838/4445/4151 4839/4478/4181 4628/4477/4180
f 4838/4445/4151 5049/4446/4152 5050/4479/4182 4839/4478/4181
f 5049/4446/4152 5260/4447/4153 5261/4480/4183 5050/4479/4182
f 5260/4447/4153 5471/4448/4154 5472/4481/4184 5261/4480/4183
f 5471/4448/4154 5682/4449/4155 5683/4482/4185 5472/4481/4184
f 5682/4449/4155 5893/4450/4156 5894/4483/4186 5683/4482/4185
f 5893/4450/4156 6104/4451/4157 6105/4484/4187 5894/4483/4186
f 6104/4451/4157 6315/4452/4158 6316/4485/4188 6105/4484/4187
f 6315/4452/4158 6526/4453/4159 6527/4486/4189 6316/4485/4188
f 6526/4453/4159 6737/4454/4160 6738/4487/4190 6527/4486/4189
f 6737/4454/4160 195/4455/4130 196/4488/4162 6738/4487/4190
f 196/4457/4162 408/4456/4161 409/4489/4191 197/4490/4192
f 408/4456/4161 619/4458/4163 620/4491/4193 409/4489/4191
f 619/4458/4163 830/4459/4164 831/4492/4194 620/4491/4193
f 830/4459/4164 1041/4460/4165 1042/4493/4195 831/4492/4194
f 1041/4460/4165 1252/4461/4166 1253/4494/4196 1042/4493/4195
f 1252/4461/4166 1463/4462/4167 1464/4495/4197 1253/4494/4196
f 1463/4462/4167 1674/4463/4168 1675/4496/4198 1464/4495/4197
f 1674/4463/4168 1885/4464/4169 1886/4497/4199 1675/4496/4198
f 1885/4464/4169 2096/4465/4170 2097/4498/4200 1886/4497/4199
f 2096/4465/4170 2307/4466/4171 2308/4499/4201 2097/4498/4200
f 2307/4466/4171 2518/4467/816 2519/4500/4202 2308/4499/4201
f 2518/4467/816 2729/4468/817 2730/4501/4203 2519/4500/4202
f 2729/4468/817 2940/4469/4172 2941/4502/4204 2730/4501/4203
f 2940/4469/4172 3151/4470/4173 3152/4503/4205 2941/4502/4204
f 3151/4470/4173 3362/4471/4174 3363/4504/4206 3152/4503/4205
f 3362/4471/4174 3573/4472/4175 3574/4505/4207 3363/4504/4206
f 3573/4472/4175 3784/4473/4176 3785/4506/4208 3574/4505/4207
f 3784/4473/4176 3995/4474/4177 3996/4507/4209 3785/4506/4208
f 3995/4474/4177 4206/4475/4178 4207/4508/4210 3996/4507/4209
f 4206/4475/4178 4417/4476/4179 4418/4509/4211 4207/4508/4210
f 4417/4476/4179 4628/4477/4180 4629/4510/4212 4418/4509/4211
f 4628/4477/4180 4839/4478/4181 4840/4511/4213 4629/4510/4212
f 4839/4478/4181 5050/4479/4182 5051/4512/4214 4840/4511/4213
f 5050/4479/4182 5261/4480/4183 5262/4513/4215 5051/4512/4214
f 5261/4480/4183 5472/4481/4184 5473/4514/4216 5262/4513/4215
f 5472/4481/4184 5683/4482/4185 5684/4515/4217 5473/4514/4216
f 5683/4482/4185 5894/4483/4186 5895/4516/4218 5684/4515/4217
f 5894/4483/4186 6105/4484/4187 6106/4517/4219 5895/4516/4218
f 6105/4484/4187 6316/4485/4188 6317/4518/4220 6106/4517/4219
f 6316/4485/4188 6527/4486/4189 6528/4519/4221 6317/4518/4220
f 6527/4486/4189 6738/4487/4190 6739/4520/4222 6528/4519/4221
f 6738/4487/4190 196/4488/4162 197/4521/4192 6739/4520/4222
f 197/4490/4192 409/4489/4191 410/4522/4223 198/4523/4224
f 409/4489/4191 620/4491/4193 621/4524/4225 410/4522/4223
f 620/4491/4193 831/4492/4194 832/4525/4226 621/4524/4225
f 831/4492/4194 1042/4493/4195 1043/4526/4227 832/4525/4226
f 1042/4493/4195 1253/4494/4196 1254/4527/4228 1043/4526/4227
f 1253/4494/4196 1464/4495/4197 1465/4528/4229 1254/4527/4228
f 1464/4495/4197 1675/4496/4198 1676/4529/4230 1465/4528/4229
f 1675/4496/4198 1886/4497/4199 1887/4530/4231 1676/4529/4230
f 1886/4497/4199 2097/4498/4200 2098/4531/4232 1887/4530/4231
f 2097/4498/4200 2308/4499/4201 2309/4532/4233 2098/4531/4232
f 2308/4499/4201 2519/4500/4202 2520/4533/4234 2309/4532/4233
f 2519/4500/4202 2730/4501/4203 2731/4534/4235 2520/4533/4234
f 2730/4501/4203 2941/4502/4204 2942/4535/4236 2731/4534/4235
f 2941/4502/4204 3152/4503/4205 3153/4536/4237 2942/4535/4236
f 3152/4503/4205 3363/4504/4206 3364/4537/4238 3153/4536/4237
f 3363/4504/4206 3574/4505/4207 3575/4538/4239 3364/4537/4238
f 3574/4505/4207 3785/4506/4208 3786/4539/4240 3575/4538/4239
f 3785/4506/4208 3996/4507/4209 3997/4540/4241 3786/4539/4240
f 3996/4507/4209 4207/4508/4210 4208/4541/4242 3997/4540/4241
f 4207/4508/4210 4418/4509/4211 4419/4542/4243 4208/4541/4242
f 4418/4509/4211 4629/4510/4212 4630/4543/4244 4419/4542/4243
f 4629/4510/4212 4840/4511/4213 4841/4544/4245 4630/4543/4244
f 4840/4511/4213 5051/4512/4214 5052/4545/4246 4841/4544/4245
f 5051/4512/4214 5262/4513/4215 5263/4546/4247 5052/4545/4246
f 5262/4513/4215 5473/4514/4216 5474/4547/4248 5263/4546/4247
f 5473/4514/4216 5684/4515/4217 5685/4548/4249 5474/4547/4248
f 5684/4515/4217 5895/4516/4218 5896/4549/4250 5685/4548/4249
f 5895/4516/4218 6106/4517/4219 6107/4550/4251 5896/4549/4250
f 6106/4517/4219 6317/4518/4220 6318/4551/4252 6107/4550/4251
f 6317/4518/4220 6528/4519/4221 6529/4552/4253 6318/4551/4252
f 6528/4519/4221 6739/4520/4222 6740/4553/4254 6529/4552/4253
f 6739/4520/4222 197/4521/4192 198/4554/4224 6740/4553/4254
f 198/4523/4224 410/4522/4223 411/4555/4255 199/4556/4256
f 410/4522/4223 621/4524/4225 622/4557/4257 411/4555/4255
f 621/4524/4225 832/4525/4226 833/4558/4258 622/4557/4257
f 832/4525/4226 1043/4526/4227 1044/4559/4259 833/4558/4258
f 1043/4526/4227 1254/4527/4228 1255/4560/4260 1044/4559/4259
f 1254/4527/4228 1465/4528/4229 1466/4561/4261 1255/4560/4260
f 1465/4528/4229 1676/4529/4230 1677/4562/4262 1466/4561/4261
f 1676/4529/4230 1887/4530/4231 1888/4563/4263 1677/4562/4262
f 1887/4530/4231 2098/4531/4232 2099/4564/4264 1888/4563/4263
f 2098/4531/4232 2309/4532/4233 2310/4565/4265 2099/4564/4264
f 2309/4532/4233 2520/4533/4234 2521/4566/4266 2310/4565/4265
f 2520/4533/4234 2731/4534/4235 2732/4567/4267 2521/4566/4266
f 2731/4534/4235 2942/4535/4236 2943/4568/4268 2732/4567/4267
f 2942/4535/4236 3153/4536/4237 3154/4569/4269 2943/4568/4268
f 3153/4536/4237 3364/4537/4238 3365/4570/4270 3154/4569/4269
f 3364/4537/4238 3575/4538/4239 3576/4571/4271 3365/4570/4270
f 3575/4538/4239 3786/4539/4240 3787/4572/4272 3576/4571/4271
f 3786/4539/4240 3997/4540/4241 3998/4573/4273 3787/4572/4272
f 3997/4540/4241 4208/4541/4242 4209/4574/4274 3998/4573/4273
f 4208/4541/4242 4419/4542/4243 4420/4575/4275 4209/4574/4274
f 4419/4542/4243 4630/4543/4244 4631/4576/4276 4420/4575/4275
f 4630/4543/4244 4841/4544/4245 4842/4577/4277 4631/4576/4276
f 4841/4544/4245 5052/4545/4246 5053/4578/4278 4842/4577/4277
f 5052/4545/4246 5263/4546/4247 5264/4579/4279 5053/4578/4278
f 5263/4546/4247 5474/4547/4248 5475/4580/4280 5264/4579/4279
f 5474/4547/4248 5685/4548/4249 5686/4581/4281 5475/4580/4280
f 5685/4548/4249 5896/4549/4250 5897/4582/4282 5686/4581/4281
f 5896/4549/4250 6107/4550/4251 6108/4583/4283 5897/4582/4282
f 6107/4550/4251 6318/4551/4252 6319/4584/4284 6108/4583/4283
f 6318/4551/4252 6529/4552/4253 6530/4585/4285 6319/4584/4284
f 6529/4552/4253 6740/4553/4254 6741/4586/4286 6530/4585/4285
f 6740/4553/4254 198/4554/4224 199/4587/4256 6741/4586/4286
f 199/4556/4256 411/4555/4255 412/4588/4287 200/4589/4288
f 411/4555/4255 622/4557/4257 623/4590/4289 412/4588/4287
f 622/4557/4257 833/4558/4258 834/4591/4290 623/4590/4289
f 833/4558/4258 1044/4559/4259 1045/4592/4291 834/4591/4290
f 1044/4559/4259 1255/4560/4260 1256/4593/4292 1045/4592/4291
f 1255/4560/4260 1466/4561/4261 1467/4594/4293 1256/4593/4292
f 1466/4561/4261 1677/4562/4262 1678/4595/4294 1467/4594/4293
f 1677/4562/4262 1888/4563/4263 1889/4596/4295 1678/4595/4294
f 1888/4563/4263 2099/4564/4264 2100/4597/4296 1889/4596/4295
f 2099/4564/4264 2310/4565/4265 2311/4598/4297 2100/4597/4296
f 2310/4565/4265 2521/4566/4266 2522/4599/4298 2311/4598/4297
f 2521/4566/4266 2732/4567/4267 2733/4600/4299 2522/4599/4298
f 2732/4567/4267 2943/4568/4268 2944/4601/4300 2733/4600/4299
f 2943/4568/4268 3154/4569/4269 3155/4602/4301 2944/4601/4300
f 3154/4569/4269 3365/4570/4270 3366/4603/4302 3155/4602/4301
f 3365/4570/4270 3576/4571/4271 3577/4604/4303 3366/4603/4302
f 3576/4571/4271 3787/4572/4272 3788/4605/4304 3577/4604/4303
f 3787/4572/4272 3998/4573/4273 3999/4606/4305 3788/4605/4304
f 3998/4573/4273 4209/4574/4274 4210/4607/4306 3999/4606/4305
f 4209/4574/4274 4420/4575/4275 4421/4608/4307 4210/4607/4306
f 4420/4575/4275 4631/4576/4276 4632/4609/4308 4421/4608/4307
f 4631/4576/4276 4842/4577/4277 4843/4610/4309 4632/4609/4308
f 4842/4577/4277 5053/4578/4278 5054/4611/4310 4843/4610/4309
f 5053/4578/4278 5264/4579/4279 5265/4612/4311 5054/4611/4310
f 5264/4579/4279 5475/4580/4280 5476/4613/4312 5265/4612/4311
f 5475/4580/4280 5686/4581/4281 5687/4614/4313 5476/4613/4312
f 5686/4581/4281 5897/4582/4282 5898/4615/4314 5687/4614/4313
f 5897/4582/4282 6108/4583/4283 6109/4616/4315 5898/4615/4314
f 6108/4583/4283 6319/4584/4284 6320/4617/4316 6109/4616/4315
f 6319/4584/4284 6530/4585/4285 6531/4618/4317 6320/4617/4316
f 6530/4585/4285 6741/4586/4286 6742/4619/4318 6531/4618/4317
f 6741/4586/4286 199/4587/4256 200/4620/4288 6742/4619/4318
f 200/4589/4288 412/4588/4287 413/4621/4319 201/4622/4320
f 412/4588/4287 623/4590/4289 624/4623/4321 413/4621/4319
f 623/4590/4289 834/4591/4290 835/4624/4322 624/4623/4321
f 834/4591/4290 1045/4592/4291 1046/4625/4323 835/4624/4322
f 1045/4592/4291 1256/4593/4292 1257/4626/4324 1046/4625/4323
f 1256/4593/4292 1467/4594/4293 1468/4627/4325 1257/4626/4324
f 1467/4594/4293 1678/4595/4294 1679/4628/4326 1468/4627/4325
f 1678/4595/4294 1889/4596/4295 1890/4629/4327 1679/4628/4326
f 1889/4596/4295 2100/4597/4296 2101/4630/4328 1890/4629/4327
f 2100/4597/4296 2311/4598/4297 2312/4631/4329 2101/4630/4328
f 2311/4598/4297 2522/4599/4298 2523/4632/4330 2312/4631/4329
f 2522/4599/4298 2733/4600/4299 2734/4633/4331 2523/4632/4330
f 2733/4600/4299 2944/4601/4300 2945/4634/4332 2734/4633/4331
f 2944/4601/4300 3155/4602/4301 3156/4635/4333 2945/4634/4332
f 3155/4602/4301 3366/4603/4302 3367/4636/4334 3156/4635/4333
f 3366/4603/4302 3577/4604/4303 3578/4637/4335 3367/4636/4334
f 3577/4604/4303 3788/4605/4304 3789/4638/4336 3578/4637/4335
f 3788/4605/4304 3999/4606/4305 4000/4639/4337 3789/4638/4336
f 3999/4606/4305 4210/4607/4306 4211/4640/4338 4000/4639/4337
f 4210/4607/4306 4421/4608/4307 4422/4641/4339 4211/4640/4338
f 4421/4608/4307 4632/4609/4308 4633/4642/4340 4422/4641/4339
f 4632/4609/4308 4843/4610/4309 4844/4643/4341 4633/4642/4340
f 4843/4610/4309 5054/4611/4310 5055/4644/4342 4844/4643/4341
f 5054/4611/4310 5265/4612/4311 5266/4645/4343 5055/4644/4342
f 5265/4612/4311 5476/4613/4312 5477/4646/4344 5266/4645/4343
f 5476/4613/4312 5687/4614/4313 5688/4647/4345 5477/4646/4344
f 5687/4614/4313 5898/4615/4314 5899/4648/4346 5688/4647/4345
f 5898/4615/4314 6109/4616/4315 6110/4649/4347 5899/4648/4346
f 6109/4616/4315 6320/4617/4316 6321/4650/4348 6110/4649/4347
f 6320/4617/4316 6531/4618/4317 6532/4651/4349 6321/4650/4348
f 6531/4618/4317 6742/4619/4318 6743/4652/4350 6532/4651/4349
f 6742/4619/4318 200/4620/4288 201/4653/4320 6743/4652/4350
f 201/4622/4320 413/4621/4319 414/4654/4351 202/4655/4352
f 413/4621/4319 624/4623/4321 625/4656/4353 414/4654/4351
f 624/4623/4321 835/4624/4322 836/4657/4354 625/4656/4353
f 835/4624/4322 1046/4625/4323 1047/4658/4355 836/4657/4354
f 1046/4625/4323 1257/4626/4324 1258/4659/4356 1047/4658/4355
f 1257/4626/4324 1468/4627/4325 1469/4660/4357 1258/4659/4356
f 1468/4627/4325 1679/4628/4326 1680/4661/4358 1469/4660/4357
f 1679/4628/4326 1890/4629/4327 1891/4662/4359 1680/4661/4358
f 1890/4629/4327 2101/4630/4328 2102/4663/4360 1891/4662/4359
f 2101/4630/4328 2312/4631/4329 2313/4664/4361 2102/4663/4360
f 2312/4631/4329 2523/4632/4330 2524/4665/4362 2313/4664/4361
f 2523/4632/4330 2734/4633/4331 2735/4666/4363 2524/4665/4362
f 2734/4633/4331 2945/4634/4332 2946/4667/4364 2735/4666/4363
f 2945/4634/4332 3156/4635/4333 3157/4668/4365 2946/4667/4364
f 3156/4635/4333 3367/4636/4334 3368/4669/4366 3157/4668/4365
f 3367/4636/4334 3578/4637/4335 3579/4670/4367 3368/4669/4366
f 3578/4637/4335 3789/4638/4336 3790/4671/4368 3579/4670/4367
f 3789/4638/4336 4000/4639/4337 4001/4672/4369 3790/4671/4368
f 4000/4639/4337 4211/4640/4338 4212/4673/4370 4001/4672/4369
f 4211/4640/4338 4422/4641/4339 4423/4674/4371 4212/4673/4370
f 4422/4641/4339 4633/4642/4340 4634/4675/4372 4423/4674/4371
f 4633/4642/4340 4844/4643/4341 4845/4676/4373 4634/4675/4372
f 4844/4643/4341 5055/4644/4342 5056/4677/4374 4845/4676/4373
f 5055/4644/4342 5266/4645/4343 5267/4678/4375 5056/4677/4374
f 5266/4645/4343 5477/4646/4344 5478/4679/4376 5267/4678/4375
f 5477/4646/4344 5688/4647/4345 5689/4680/4377 5478/4679/4376
f 5688/4647/4345 5899/4648/4346 5900/4681/4378 5689/4680/4377
f 5899/4648/4346 6110/4649/4347 6111/4682/4379 5900/4681/4378
f 6110/4649/4347 6321/4650/4348 6322/4683/4380 6111/4682/4379
f 6321/4650/4348 6532/4651/4349 6533/4684/4381 6322/4683/4380
f 6532/4651/4349 6743/4652/4350 6744/4685/4382 6533/4684/4381
f 6743/4652/4350 201/4653/4320 202/4686/4352 6744/4685/4382
f 202/4655/4352 414/4654/4351 415/4687/4383 203/4688/4384
f 414/4654/4351 625/4656/4353 626/4689/4385 415/4687/4383
f 625/4656/4353 836/4657/4354 837/4690/4386 626/4689/4385
f 836/4657/4354 1047/4658/4355 1048/4691/4387 837/4690/4386
f 1047/4658/4355 1258/4659/4356 1259/4692/4388 1048/4691/4387
f 1258/4659/4356 1469/4660/4357 1470/4693/4389 1259/4692/4388
f 1469/4660/4357 1680/4661/4358 1681/4694/4390 1470/4693/4389
f 1680/4661/4358 1891/4662/4359 1892/4695/4391 1681/4694/4390
f 1891/4662/4359 2102/4663/4360 2103/4696/4392 1892/4695/4391
f 2102/4663/4360 2313/4664/4361 2314/4697/4393 2103/4696/4392
f 2313/4664/4361 2524/4665/4362 2525/4698/4394 2314/4697/4393
f 2524/4665/4362 2735/4666/4363 2736/4699/4395 2525/4698/4394
f 2735/4666/4363 2946/4667/4364 2947/4700/4396 2736/4699/4395
f 2946/4667/4364 3157/4668/4365 3158/4701/4397 2947/4700/4396
f 3157/4668/4365 3368/4669/4366 3369/4702/4398 3158/4701/4397
f 3368/4669/4366 3579/4670/4367 3580/4703/4399 3369/4702/4398
f 3579/4670/4367 3790/4671/4368 3791/4704/4400 3580/4703/4399
f 3790/4671/4368 4001/4672/4369 4002/4705/4401 3791/4704/4400
f 4001/4672/4369 4212/4673/4370 4213/4706/4402 4002/4705/4401
f 4212/4673/4370 4423/4674/4371 4424/4707/4403 4213/4706/4402
f 4423/4674/4371 4634/4675/4372 4635/4708/4404 4424/4707/4403
f 4634/4675/4372 4845/4676/4373 4846/4709/4405 4635/4708/4404
f 4845/4676/4373 5056/4677/4374 5057/4710/4406 4846/4709/4405
f 5056/4677/4374 5267/4678/4375 5268/4711/4407 5057/4710/4406
f 5267/4678/4375 5478/4679/4376 5479/4712/4408 5268/4711/4407
f 5478/4679/4376 5689/4680/4377 5690/4713/4409 5479/4712/4408
f 5689/4680/4377 5900/4681/4378 5901/4714/4410 5690/4713/4409
f 5900/4681/4378 6111/4682/4379 6112/4715/4411 5901/4714/4410
f 6111/4682/4379 6322/4683/4380 6323/4716/4412 6112/4715/4411
f 6322/4683/4380 6533/4684/4381 6534/4717/4413 6323/4716/4412
f 6533/4684/4381 6744/4685/4382 6745/4718/4414 6534/4717/4413
f 6744/4685/4382 202/4686/4352 203/4719/4384 6745/4718/4414
f 203/4688/4384 415/4687/4383 416/4720/4415 204/4721/4416
f 415/4687/4383 626/4689/4385 627/4722/4417 416/4720/4415
f 626/4689/4385 837/4690/4386 838/4723/4418 627/4722/4417
f 837/4690/4386 1048/4691/4387 1049/4724/4419 838/4723/4418
f 1048/4691/4387 1259/4692/4388 1260/4725/4420 1049/4724/4419
f 1259/4692/4388 1470/4693/4389 1471/4726/4421 1260/4725/4420
f 1470/4693/4389 1681/4694/4390 1682/4727/4422 1471/4726/4421
f 1681/4694/4390 1892/4695/4391 1893/4728/4423 1682/4727/4422
f 1892/4695/4391 2103/4696/4392 2104/4729/4424 1893/4728/4423
f 2103/4696/4392 2314/4697/4393 2315/4730/4425 2104/4729/4424
f 2314/4697/4393 2525/4698/4394 2526/4731/4426 2315/4730/4425
f 2525/4698/4394 2736/4699/4395 2737/4732/4427 2526/4731/4426
f 2736/4699/4395 2947/4700/4396 2948/4733/4428 2737/4732/4427
f 2947/4700/4396 3158/4701/4397 3159/4734/4429 2948/4733/4428
f 3158/4701/4397 3369/4702/4398 3370/4735/4430 3159/4734/4429
f 3369/4702/4398 3580/4703/4399 3581/4736/4431 3370/4735/4430
f 3580/4703/4399 3791/4704/4400 3792/4737/4432 3581/4736/4431
f 3791/4704/4400 4002/4705/4401 4003/4738/4433 3792/4737/4432
f 4002/4705/4401 4213/4706/4402 4214/4739/4434 4003/4738/4433
f 4213/4706/4402 4424/4707/4403 4425/4740/4435 4214/4739/4434
f 4424/4707/4403 4635/4708/4404 4636/4741/4436 4425/4740/4435
f 4635/4708/4404 4846/4709/4405 4847/4742/4437 4636/4741/4436
f 4846/4709/4405 5057/4710/4406 5058/4743/4438 4847/4742/4437
f 5057/4710/4406 5268/4711/4407 5269/4744/4439 5058/4743/4438
f 5268/4711/4407 5479/4712/4408 5480/4745/4440 5269/4744/4439
f 5479/4712/4408 5690/4713/4409 5691/4746/4441 5480/4745/4440
f 5690/4713/4409 5901/4714/4410 5902/4747/4442 5691/4746/4441
f 5901/4714/4410 6112/4715/4411 6113/4748/4443 5902/4747/4442
f 6112/4715/4411 6323/4716/4412 6324/4749/4444 6113/4748/4443
f 6323/4716/4412 6534/4717/4413 6535/4750/4445 6324/4749/4444
f 6534/4717/4413 6745/4718/4414 6746/4751/4446 6535/4750/4445
f 6745/4718/4414 203/4719/4384 204/4752/4416 6746/4751/4446
f 204/4721/4416 416/4720/4415 417/4753/4447 205/4754/4448
f 416/4720/4415 627/4722/4417 628/4755/4449 417/4753/4447
f 627/4722/4417 838/4723/4418 839/4756/4450 628/4755/4449
f 838/4723/4418 1049/4724/4419 1050/4757/4451 839/4756/4450
f 1049/4724/4419 1260/4725/4420 1261/4758/4452 1050/4757/4451
f 1260/4725/4420 1471/4726/4421 1472/4759/4453 1261/4758/4452
f 1471/4726/4421 1682/4727/4422 1683/4760/4454 1472/4759/4453
f 1682/4727/4422 1893/4728/4423 1894/4761/4455 1683/4760/4454
f 1893/4728/4423 2104/4729/4424 2105/4762/4456 1894/4761/4455
f 2104/4729/4424 2315/4730/4425 2316/4763/4457 2105/4762/4456
f 2315/4730/4425 2526/4731/4426 2527/4764/4458 2316/4763/4457
f 2526/4731/4426 2737/4732/4427 2738/4765/4459 2527/4764/4458
f 2737/4732/4427 2948/4733/4428 2949/4766/4460 2738/4765/4459
f 2948/4733/4428 3159/4734/4429 3160/4767/4461 2949/4766/4460
f 3159/4734/4429 3370/4735/4430 3371/4768/4462 3160/4767/4461
f 3370/4735/4430 3581/4736/4431 3582/4769/4463 3371/4768/4462
f 3581/4736/4431 3792/4737/4432 3793/4770/4464 3582/4769/4463
f 3792/4737/4432 4003/4738/4433 4004/4771/4465 3793/4770/4464
f 4003/4738/4433 4214/4739/4434 4215/4772/4466 4004/4771/4465
f 4214/4739/4434 4425/4740/4435 4426/4773/4467 4215/4772/4466
f 4425/4740/4435 4636/4741/4436 4637/4774/4468 4426/4773/4467
f 4636/4741/4436 4847/4742/4437 4848/4775/4469 4637/4774/4468
f 4847/4742/4437 5058/4743/4438 5059/4776/4470 4848/4775/4469
f 5058/4743/4438 5269/4744/4439 5270/4777/4471 5059/4776/4470
f 5269/4744/4439 5480/4745/4440 5481/4778/4472 5270/4777/4471
f 5480/4745/4440 5691/4746/4441 5692/4779/4473 5481/4778/4472
f 5691/4746/4441 5902/4747/4442 5903/4780/4474 5692/4779/4473
f 5902/4747/4442 6113/4748/4443 6114/4781/4475 5903/4780/4474
f 6113/4748/4443 6324/4749/4444 6325/4782/4476 6114/4781/4475
f 6324/4749/4444 6535/4750/4445 6536/4783/4477 6325/4782/4476
f 6535/4750/4445 6746/4751/4446 6747/4784/4478 6536/4783/4477
f 6746/4751/4446 204/4752/4416 205/4785/4448 6747/4784/4478
f 205/4754/4448 417/4753/4447 418/4786/4479 206/4787/4480
f 417/4753/4447 628/4755/4449 629/4788/4481 418/4786/4479
f 628/4755/4449 839/4756/4450 840/4789/4482 629/4788/4481
f 839/4756/4450 1050/4757/4451 1051/4790/4483 840/4789/4482
f 1050/4757/4451 1261/4758/4452 1262/4791/4484 1051/4790/4483
f 1261/4758/4452 1472/4759/4453 1473/4792/4485 1262/4791/4484
f 1472/4759/4453 1683/4760/4454 1684/4793/4486 1473/4792/4485
f 1683/4760/4454 1894/4761/4455 1895/4794/4487 1684/4793/4486
f 1894/4761/4455 2105/4762/4456 2106/4795/4488 1895/4794/4487
f 2105/4762/4456 2316/4763/4457 2317/4796/4489 2106/4795/4488
f 2316/4763/4457 2527/4764/4458 2528/4797/4490 2317/4796/4489
f 2527/4764/4458 2738/4765/4459 2739/4798/4491 2528/4797/4490
f 2738/4765/4459 2949/4766/4460 2950/4799/4492 2739/4798/4491
f 2949/4766/4460 3160/4767/4461 3161/4800/4493 2950/4799/4492
f 3160/4767/4461 3371/4768/4462 3372/4801/4494 3161/4800/4493
f 3371/4768/4462 3582/4769/4463 3583/4802/4495 3372/4801/4494
f 3582/4769/4463 3793/4770/4464 3794/4803/4496 3583/4802/4495
f 3793/4770/4464 4004/4771/4465 4005/4804/4497 3794/4803/4496
f 4004/4771/4465 4215/4772/4466 4216/4805/4498 4005/4804/4497
f 4215/4772/4466 4426/4773/4467 4427/4806/4499 4216/4805/4498
f 4426/4773/4467 4637/4774/4468 4638/4807/4500 4427/4806/4499
f 4637/4774/4468 4848/4775/4469 4849/4808/4501 4638/4807/4500
f 4848/4775/4469 5059/4776/4470 5060/4809/4502 4849/4808/4501
f 5059/4776/4470 5270/4777/4471 5271/4810/4503 5060/4809/4502
f 5270/4777/4471 5481/4778/4472 5482/4811/4504 5271/4810/4503
f 5481/4778/4472 5692/4779/4473 5693/4812/4505 5482/4811/4504
f 5692/4779/4473 5903/4780/4474 5904/4813/4506 5693/4812/4505
f 5903/4780/4474 6114/4781/4475 6115/4814/4507 5904/4813/4506
f 6114/4781/4475 6325/4782/4476 6326/4815/4508 6115/4814/4507
f 6325/4782/4476 6536/4783/4477 6537/4816/4509 6326/4815/4508
f 6536/4783/4477 6747/4784/4478 6748/4817/4510 6537/4816/4509
f 6747/4784/4478 205/4785/4448 206/4818/4480 6748/4817/4510
f 206/4787/4480 418/4786/4479 419/4819/4511 207/4820/4512
f 418/4786/4479 629/4788/4481 630/4821/4513 419/4819/4511
f 629/4788/4481 840/4789/4482 841/4822/4514 630/4821/4513
f 840/4789/4482 1051/4790/4483 1052/4823/4515 841/4822/4514
f 1051/4790/4483 1262/4791/4484 1263/4824/4516 1052/4823/4515
f 1262/4791/4484 1473/4792/4485 1474/4825/4517 1263/4824/4516
f 1473/4792/4485 1684/4793/4486 1685/4826/4518 1474/4825/4517
f 1684/4793/4486 1895/4794/4487 1896/4827/4519 1685/4826/4518
f 1895/4794/4487 2106/4795/4488 2107/4828/4520 1896/4827/4519
f 2106/4795/4488 2317/4796/4489 2318/4829/4521 2107/4828/4520
f 2317/4796/4489 2528/4797/4490 2529/4830/4522 2318/4829/4521
f 2528/4797/4490 2739/4798/4491 2740/4831/4523 2529/4830/4522
f 2739/4798/4491 2950/4799/4492 2951/4832/4524 2740/4831/4523
f 2950/4799/4492 3161/4800/4493 3162/4833/4525 2951/4832/4524
f 3161/4800/4493 3372/4801/4494 3373/4834/4526 3162/4833/4525
f 3372/4801/4494 3583/4802/4495 3584/4835/4527 3373/4834/4526
f 3583/4802/4495 3794/4803/4496 3795/4836/4528 3584/4835/4527
f 3794/4803/4496 4005/4804/4497 4006/4837/4529 3795/4836/4528
f 4005/4804/4497 4216/4805/4498 4217/4838/4530 4006/4837/4529
f 4216/4805/4498 4427/4806/4499 4428/4839/4531 4217/4838/4530
f 4427/4806/4499 4638/4807/4500 4639/4840/4532 4428/4839/4531
f 4638/4807/4500 4849/4808/4501 4850/4841/4533 4639/4840/4532
f 4849/4808/4501 5060/4809/4502 5061/4842/4534 4850/4841/4533
f 5060/4809/4502 5271/4810/4503 5272/4843/4535 5061/4842/4534
f 5271/4810/4503 5482/4811/4504 5483/4844/4536 5272/4843/4535
f 5482/4811/4504 5693/4812/4505 5694/4845/4537 5483/4844/4536
f 5693/4812/4505 5904/4813/4506 5905/4846/4538 5694/4845/4537
f 5904/4813/4506 6115/4814/4507 6116/4847/4539 5905/4846/4538
f 6115/4814/4507 6326/4815/4508 6327/4848/4540 6116/4847/4539
f 6326/4815/4508 6537/4816/4509 6538/4849/4541 6327/4848/4540
f 6537/4816/4509 6748/4817/4510 6749/4850/4542 6538/4849/4541
f 6748/4817/4510 206/4818/4480 207/4851/4512 6749/4850/4542
f 207/4820/4512 419/4819/4511 420/4852/4543 208/4853/4544
f 419/4819/4511 630/4821/4513 631/4854/4545 420/4852/4543
f 630/4821/4513 841/4822/4514 842/4855/4546 631/4854/4545
f 841/4822/4514 1052/4823/4515 1053/4856/4547 842/4855/4546
f 1052/4823/4515 1263/4824/4516 1264/4857/4548 1053/4856/4547
f 1263/4824/4516 1474/4825/4517 1475/4858/4549 1264/4857/4548
f 1474/4825/4517 1685/4826/4518 1686/4859/4550 1475/4858/4549
f 1685/4826/4518 1896/4827/4519 1897/4860/4551 1686/4859/4550
f 1896/4827/4519 2107/4828/4520 2108/4861/4552 1897/4860/4551
f 2107/4828/4520 2318/4829/4521 2319/4862/4553 2108/4861/4552
f 2318/4829/4521 2529/4830/4522 2530/4863/4554 2319/4862/4553
f 2529/4830/4522 2740/4831/4523 2741/4864/4555 2530/4863/4554
f 2740/4831/4523 2951/4832/4524 2952/4865/4556 2741/4864/4555
f 2951/4832/4524 3162/4833/4525 3163/4866/4557 2952/4865/4556
f 3162/4833/4525 3373/4834/4526 3374/4867/4558 3163/4866/4557
f 3373/4834/4526 3584/4835/4527 3585/4868/4559 3374/4867/4558
f 3584/4835/4527 3795/4836/4528 3796/4869/4560 3585/4868/4559
f 3795/4836/4528 4006/4837/4529 4007/4870/4561 3796/4869/4560
f 4006/4837/4529 4217/4838/4530 4218/4871/4562 4007/4870/4561
f 4217/4838/4530 4428/4839/4531 4429/4872/4563 4218/4871/4562
f 4428/4839/4531 4639/4840/4532 4640/4873/4564 4429/4872/4563
f 4639/4840/4532 4850/4841/4533 4851/4874/4565 4640/4873/4564
f 4850/4841/4533 5061/4842/4534 5062/4875/4566 4851/4874/4565
f 5061/4842/4534 5272/4843/4535 5273/4876/4567 5062/4875/4566
f 5272/4843/4535 5483/4844/4536 5484/4877/4568 5273/4876/4567
f 5483/4844/4536 5694/4845/4537 5695/4878/4569 5484/4877/4568
f 5694/4845/4537 5905/4846/4538 5906/4879/4570 5695/4878/4569
f 5905/4846/4538 6116/4847/4539 6117/4880/4571 5906/4879/4570
f 6116/4847/4539 6327/4848/4540 6328/4881/4572 6117/4880/4571
f 6327/4848/4540 6538/4849/4541 6539/4882/4573 6328/4881/4572
f 6538/4849/4541 6749/4850/4542 6750/4883/4574 6539/4882/4573
f 6749/4850/4542 207/4851/4512 208/4884/4544 6750/4883/4574
f 208/4853/4544 420/4852/4543 421/4885/4575 209/4886/4576
f 420/4852/4543 631/4854/4545 632/4887/4577 421/4885/4575
f 631/4854/4545 842/4855/4546 843/4888/4578 632/4887/4577
f 842/4855/4546 1053/4856/4547 1054/4889/4579 843/4888/4578
f 1053/4856/4547 1264/4857/4548 1265/4890/4580 1054/4889/4579
f 1264/4857/4548 1475/4858/4549 1476/4891/4581 1265/4890/4580
f 1475/4858/4549 1686/4859/4550 1687/4892/4582 1476/4891/4581
f 1686/4859/4550 1897/4860/4551 1898/4893/4583 1687/4892/4582
f 1897/4860/4551 2108/4861/4552 2109/4894/4584 1898/4893/4583
f 2108/4861/4552 2319/4862/4553 2320/4895/4585 2109/4894/4584
f 2319/4862/4553 2530/4863/4554 2531/4896/4586 2320/4895/4585
f 2530/4863/4554 2741/4864/4555 2742/4897/4587 2531/4896/4586
f 2741/4864/4555 2952/4865/4556 2953/4898/4588 2742/4897/4587
f 2952/4865/4556 3163/4866/4557 3164/4899/4589 2953/4898/4588
f 3163/4866/4557 3374/4867/4558 3375/4900/4590 3164/4899/4589
f 3374/4867/4558 3585/4868/4559 3586/4901/4591 3375/4900/4590
f 3585/4868/4559 3796/4869/4560 3797/4902/4592 3586/4901/4591
f 3796/4869/4560 4007/4870/4561 4008/4903/4593 3797/4902/4592
f 4007/4870/4561 4218/4871/4562 4219/4904/4594 4008/4903/4593
f 4218/4871/4562 4429/4872/4563 4430/4905/4595 4219/4904/4594
f 4429/4872/4563 4640/4873/4564 4641/4906/4596 4430/4905/4595
f 4640/4873/4564 4851/4874/4565 4852/4907/4597 4641/4906/4596
f 4851/4874/4565 5062/4875/4566 5063/4908/4598 4852/4907/4597
f 5062/4875/4566 5273/4876/4567 5274/4909/4599 5063/4908/4598
f 5273/4876/4567 5484/4877/4568 5485/4910/4600 5274/4909/4599
f 5484/4877/4568 5695/4878/4569 5696/4911/4601 5485/4910/4600
f 5695/4878/4569 5906/4879/4570 5907/4912/4602 5696/4911/4601
f 5906/4879/4570 6117/4880/4571 6118/4913/4603 5907/4912/4602
f 6117/4880/4571 6328/4881/4572 6329/4914/4604 6118/4913/4603
f 6328/4881/4572 6539/4882/4573 6540/4915/4605 6329/4914/4604
f 6539/4882/4573 6750/4883/4574 6751/4916/4606 6540/4915/4605
f 6750/4883/4574 208/4884/4544 209/4917/4576 6751/4916/4606
f 209/4886/4576 421/4885/4575 422/4918/4607 210/4919/4608
f 421/4885/4575 632/4887/4577 633/4920/4609 422/4918/4607
f 632/4887/4577 843/4888/4578 844/4921/4610 633/4920/4609
f 843/4888/4578 1054/4889/4579 1055/4922/4611 844/4921/4610
f 1054/4889/4579 1265/4890/4580 1266/4923/4612 1055/4922/4611
f 1265/4890/4580 1476/4891/4581 1477/4924/4613 1266/4923/4612
f 1476/4891/4581 1687/4892/4582 1688/4925/4614 1477/4924/4613
f 1687/4892/4582 1898/4893/4583 1899/4926/4615 1688/4925/4614
f 1898/4893/4583 2109/4894/4584 2110/4927/4616 1899/4926/4615
f 2109/4894/4584 2320/4895/4585 2321/4928/4617 2110/4927/4616
f 2320/4895/4585 2531/4896/4586 2532/4929/4618 2321/4928/4617
f 2531/4896/4586 2742/4897/4587 2743/4930/4619 2532/4929/4618
f 2742/4897/4587 2953/4898/4588 2954/4931/4620 2743/4930/4619
f 2953/4898/4588 3164/4899/4589 3165/4932/4621 2954/4931/4620
f 3164/4899/4589 3375/4900/4590 3376/4933/4622 3165/4932/4621
f 3375/4900/4590 3586/4901/4591 3587/4934/4623 3376/4933/4622
f 3586/4901/4591 3797/4902/4592 3798/4935/4624 3587/4934/4623
f 3797/4902/4592 4008/4903/4593 4009/4936/4625 3798/4935/4624
f 4008/4903/4593 4219/4904/4594 4220/4937/4626 4009/4936/4625
f 4219/4904/4594 4430/4905/4595 4431/4938/4627 4220/4937/4626
f 4430/4905/4595 4641/4906/4596 4642/4939/4628 4431/4938/4627
f 4641/4906/4596 4852/4907/4597 4853/4940/4629 4642/4939/4628
f 4852/4907/4597 5063/4908/4598 5064/4941/4630 4853/4940/4629
f 5063/4908/4598 5274/4909/4599 5275/4942/4631 5064/4941/4630
f 5274/4909/4599 5485/4910/4600 5486/4943/4632 5275/4942/4631
f 5485/4910/4600 5696/4911/4601 5697/4944/4633 5486/4943/4632
f 5696/4911/4601 5907/4912/4602 5908/4945/4634 5697/4944/4633
f 5907/4912/4602 6118/4913/4603 6119/4946/4635 5908/4945/4634
f 6118/4913/4603 6329/4914/4604 6330/4947/4636 6119/4946/4635
f 6329/4914/4604 6540/4915/4605 6541/4948/4637 6330/4947/4636
f 6540/4915/4605 6751/4916/4606 6752/4949/4638 6541/4948/4637
f 6751/4916/4606 209/4917/4576 210/4950/4608 6752/4949/4638
f 210/4919/4608 422/4918/4607 423/4951/4639 211/4952/4640
f 422/4918/4607 633/4920/4609 634/4953/4641 423/4951/4639
f 633/4920/4609 844/4921/4610 845/4954/4642 634/4953/4641
f 844/4921/4610 1055/4922/4611 1056/4955/4643 845/4954/4642
f 1055/4922/4611 1266/4923/4612 1267/4956/4644 1056/4955/4643
f 1266/4923/4612 1477/4924/4613 1478/4957/4645 1267/4956/4644
f 1477/4924/4613 1688/4925/4614 1689/4958/4646 1478/4957/4645
f 1688/4925/4614 1899/4926/4615 1900/4959/4647 1689/4958/4646
f 1899/4926/4615 2110/4927/4616 2111/4960/4648 1900/4959/4647
f 2110/4927/4616 2321/4928/4617 2322/4961/4649 2111/4960/4648
f 2321/4928/4617 2532/4929/4618 2533/4962/4650 2322/4961/4649
f 2532/4929/4618 2743/4930/4619 2744/4963/4651 2533/4962/4650
f 2743/4930/4619 2954/4931/4620 2955/4964/4652 2744/4963/4651
f 2954/4931/4620 3165/4932/4621 3166/4965/4653 2955/4964/4652
f 3165/4932/4621 3376/4933/4622 3377/4966/4654 3166/4965/4653
f 3376/4933/4622 3587/4934/4623 3588/4967/4655 3377/4966/4654
f 3587/4934/4623 3798/4935/4624 3799/4968/4656 3588/4967/4655
f 3798/4935/4624 4009/4936/4625 4010/4969/4657 3799/4968/4656
f 4009/4936/4625 4220/4937/4626 4221/4970/4658 4010/4969/4657
f 4220/4937/4626 4431/4938/4627 4432/4971/4659 4221/4970/4658
f 4431/4938/4627 4642/4939/4628 4643/4972/4660 4432/4971/4659
f 4642/4939/4628 4853/4940/4629 4854/4973/4661 4643/4972/4660
f 4853/4940/4629 5064/4941/4630 5065/4974/4662 4854/4973/4661
f 5064/4941/4630 5275/4942/4631 5276/4975/4663 5065/4974/4662
f 5275/4942/4631 5486/4943/4632 5487/4976/4664 5276/4975/4663
f 5486/4943/4632 5697/4944/4633 5698/4977/4665 5487/4976/4664
f 5697/4944/4633 5908/4945/4634 5909/4978/4666 5698/4977/4665
f 5908/4945/4634 6119/4946/4635 6120/4979/4667 5909/4978/4666
f 6119/4946/4635 6330/4947/4636 6331/4980/4668 6120/4979/4667
f 6330/4947/4636 6541/4948/4637 6542/4981/4669 6331/4980/4668
f 6541/4948/4637 6752/4949/4638 6753/4982/4670 6542/4981/4669
f 6752/4949/4638 210/4950/4608 211/4983/4640 6753/4982/4670
f 6878/4984/4671 6755/4985/4672 212/4985/2790
f 6762/4986/4673 6766/4987/4674 212/4987/2790
f 6766/4988/4674 6770/4989/4675 212/4989/2790
f 6770/4990/4675 6774/4991/4676 212/4991/2790
f 6774/4992/4676 6778/4993/4677 212/4993/2790
f 6778/4994/4677 6782/4995/4678 212/4995/2790
f 6782/4996/4678 6786/4997/4679 212/4997/2790
f 6786/4998/4679 6790/4999/4680 212/4999/2790
f 6790/5000/4680 6794/5001/4681 212/5001/2790
f 6794/5002/4681 6798/5003/4682 212/5003/2790
f 6798/5004/4682 6802/5005/4683 212/5005/2790
f 6802/5006/4683 6806/5007/4684 212/5007/2790
f 6806/5008/4684 6810/5009/4685 212/5009/2790
f 6810/5010/4685 6814/5011/4686 212/5011/2790
f 6814/5012/4686 6818/5013/4687 212/5013/2790
f 6818/5014/4687 6822/5015/4688 212/5015/2790
f 6822/5016/4688 6826/5017/4689 212/5017/2790
f 6826/5018/4689 6830/5019/4690 212/5019/2790
f 6830/5020/4690 6834/5021/4691 212/5021/2790
f 6834/5022/4691 6838/5023/4692 212/5023/2790
f 6838/5024/4692 6842/5025/4693 212/5025/2790
f 6842/5026/4693 6846/5027/4694 212/5027/2790
f 6846/5028/4694 6850/5029/4695 212/5029/2790
f 6850/5030/4695 6854/5031/4696 212/5031/2790
f 6854/5032/4696 6858/5033/4697 212/5033/2790
f 6858/5034/4697 6862/5035/4698 212/5035/2790
f 6862/5036/4698 6866/5037/4699 212/5037/2790
f 6866/5038/4699 6870/5039/4700 212/5039/2790
f 6870/5040/4700 6874/5041/4701 212/5041/2790
f 6874/5042/4701 6878/5043/4671 212/5043/2790
f 6755/5044/4672 6758/5045/4702 212/5045/2790
f 211/4952/4640 423/4951/4639 6759/5046/4703 6754/5047/4704
f 423/4951/4639 634/4953/4641 6763/5048/4705 6759/5049/4703
f 634/4953/4641 845/4954/4642 6767/5050/4706 6763/5051/4705
f 845/4954/4642 1056/4955/4643 6771/5052/4707 6767/5050/4706
f 1056/4955/4643 1267/4956/4644 6775/5053/4708 6771/5052/4707
f 1267/4956/4644 1478/4957/4645 6779/5054/4709 6775/5053/4708
f 1478/4957/4645 1689/4958/4646 6783/5055/4710 6779/5056/4709
f 1689/4958/4646 1900/4959/4647 6787/5057/4711 6783/5058/4710
f 1900/4959/4647 2111/4960/4648 6791/5059/4712 6787/5060/4711
f 2111/4960/4648 2322/4961/4649 6795/5061/4713 6791/5062/4712
f 2322/4961/4649 2533/4962/4650 6799/5063/4714 6795/5064/4713
f 2533/4962/4650 2744/4963/4651 6803/5065/4715 6799/5063/4714
f 2744/4963/4651 2955/4964/4652 6807/5066/4716 6803/5065/4715
f 2955/4964/4652 3166/4965/4653 6811/5067/4717 6807/5068/4716
f 3166/4965/4653 3377/4966/4654 6815/5069/4718 6811/5067/4717
f 3377/4966/4654 3588/4967/4655 6819/5070/4719 6815/5071/4718
f 3588/4967/4655 3799/4968/4656 6823/5072/4720 6819/5070/4719
f 3799/4968/4656 4010/4969/4657 6827/5073/4721 6823/5074/4720
f 4010/4969/4657 4221/4970/4658 6831/5075/4722 6827/5073/4721
f 4221/4970/4658 4432/4971/4659 6835/5076/4723 6831/5075/4722
f 4432/4971/4659 4643/4972/4660 6839/5077/4724 6835/5076/4723
f 4643/4972/4660 4854/4973/4661 6843/5078/4725 6839/5077/4724
f 4854/4973/4661 5065/4974/4662 6847/5079/4726 6843/5080/4725
f 5065/4974/4662 5276/4975/4663 6851/5081/4727 6847/5082/4726
f 5276/4975/4663 5487/4976/4664 6855/5083/4728 6851/5084/4727
f 5487/4976/4664 5698/4977/4665 6859/5085/4729 6855/5086/4728
f 5698/4977/4665 5909/4978/4666 6863/5087/4730 6859/5085/4729
f 5909/4978/4666 6120/4979/4667 6867/5088/4731 6863/5087/4730
f 6120/4979/4667 6331/4980/4668 6871/5089/4732 6867/5090/4731
f 6331/4980/4668 6542/4981/4669 6875/5091/4733 6871/5089/4732
f 6542/4981/4669 6753/4982/4670 6879/5092/4734 6875/5091/4733
f 6758/5093/4702 6762/5094/4673 212/5094/2790
f 6759/5046/4703 6761/5095/4735 6756/5096/4736 6754/5047/4704
f 6761/5095/4735 6760/5045/4737 6757/5097/4738 6756/5096/4736
f 6760/5045/4737 6758/5045/4702 6755/5044/4672 6757/5097/4738
f 6763/5048/4705 6765/5098/4739 6761/5099/4735 6759/5049/4703
f 6765/5098/4739 6764/5094/4740 6760/5100/4737 6761/5099/4735
f 6764/5094/4740 6762/5094/4673 6758/5093/4702 6760/5100/4737
f 6767/5050/4706 6769/5101/4741 6765/5102/4739 6763/5051/4705
f 6769/5101/4741 6768/4987/4742 6764/5103/4740 6765/5102/4739
f 6768/4987/4742 6766/4987/4674 6762/4986/4673 6764/5103/4740
f 6771/5052/4707 6773/5104/4743 6769/5105/4741 6767/5050/4706
f 6773/5104/4743 6772/4989/4744 6768/5106/4742 6769/5105/4741
f 6772/4989/4744 6770/4989/4675 6766/4988/4674 6768/5106/4742
f 6775/5053/4708 6777/5107/4745 6773/5108/4743 6771/5052/4707
f 6777/5107/4745 6776/4991/4746 6772/5109/4744 6773/5108/4743
f 6776/4991/4746 6774/4991/4676 6770/4990/4675 6772/5109/4744
f 6779/5054/4709 6781/5110/4747 6777/5111/4745 6775/5053/4708
f 6781/5110/4747 6780/4993/4748 6776/5112/4746 6777/5111/4745
f 6780/4993/4748 6778/4993/4677 6774/4992/4676 6776/5112/4746
f 6783/5055/4710 6785/5113/4749 6781/5114/4747 6779/5056/4709
f 6785/5113/4749 6784/4995/4750 6780/5115/4748 6781/5114/4747
f 6784/4995/4750 6782/4995/4678 6778/4994/4677 6780/5115/4748
f 6787/5057/4711 6789/5116/4751 6785/5117/4749 6783/5058/4710
f 6789/5116/4751 6788/4997/4752 6784/5118/4750 6785/5117/4749
f 6788/4997/4752 6786/4997/4679 6782/4996/4678 6784/5118/4750
f 6791/5059/4712 6793/5119/4753 6789/5120/4751 6787/5060/4711
f 6793/5119/4753 6792/4999/4754 6788/5121/4752 6789/5120/4751
f 6792/4999/4754 6790/4999/4680 6786/4998/4679 6788/5121/4752
f 6795/5061/4713 6797/5122/4755 6793/5123/4753 6791/5062/4712
f 6797/5122/4755 6796/5001/4756 6792/5124/4754 6793/5123/4753
f 6796/5001/4756 6794/5001/4681 6790/5000/4680 6792/5124/4754
f 6799/5063/4714 6801/5125/4757 6797/5126/4755 6795/5064/4713
f 6801/5125/4757 6800/5003/4758 6796/5127/4756 6797/5126/4755
f 6800/5003/4758 6798/5003/4682 6794/5002/4681 6796/5127/4756
f 6803/5065/4715 6805/5128/4759 6801/5129/4757 6799/5063/4714
f 6805/5128/4759 6804/5005/4760 6800/5130/4758 6801/5129/4757
f 6804/5005/4760 6802/5005/4683 6798/5004/4682 6800/5130/4758
f 6807/5066/4716 6809/5131/4761 6805/5132/4759 6803/5065/4715
f 6809/5131/4761 6808/5007/4762 6804/5133/4760 6805/5132/4759
f 6808/5007/4762 6806/5007/4684 6802/5006/4683 6804/5133/4760
f 6811/5067/4717 6813/5134/4763 6809/5135/4761 6807/5068/4716
f 6813/5134/4763 6812/5009/4764 6808/5136/4762 6809/5135/4761
f 6812/5009/4764 6810/5009/4685 6806/5008/4684 6808/5136/4762
f 6815/5069/4718 6817/5137/4765 6813/5138/4763 6811/5067/4717
f 6817/5137/4765 6816/5011/4766 6812/5139/4764 6813/5138/4763
f 6816/5011/4766 6814/5011/4686 6810/5010/4685 6812/5139/4764
f 6819/5070/4719 6821/5140/4767 6817/5141/4765 6815/5071/4718
f 6821/5140/4767 6820/5013/4768 6816/5142/4766 6817/5141/4765
f 6820/5013/4768 6818/5013/4687 6814/5012/4686 6816/5142/4766
f 6823/5072/4720 6825/5143/4769 6821/5144/4767 6819/5070/4719
f 6825/5143/4769 6824/5015/4770 6820/5145/4768 6821/5144/4767
f 6824/5015/4770 6822/5015/4688 6818/5014/4687 6820/5145/4768
f 6827/5073/4721 6829/5146/4771 6825/5147/4769 6823/5074/4720
f 6829/5146/4771 6828/5017/4772 6824/5148/4770 6825/5147/4769
f 6828/5017/4772 6826/5017/4689 6822/5016/4688 6824/5148/4770
f 6831/5075/4722 6833/5149/4773 6829/5150/4771 6827/5073/4721
f 6833/5149/4773 6832/5019/4774 6828/5151/4772 6829/5150/4771
f 6832/5019/4774 6830/5019/4690 6826/5018/4689 6828/5151/4772
f 6835/5076/4723 6837/5152/4775 6833/5153/4773 6831/5075/4722
f 6837/5152/4775 6836/5021/4776 6832/5154/4774 6833/5153/4773
f 6836/5021/4776 6834/5021/4691 6830/5020/4690 6832/5154/4774
f 6839/5077/4724 6841/5155/4777 6837/5156/4775 6835/5076/4723
f 6841/5155/4777 6840/5023/4778 6836/5157/4776 6837/5156/4775
f 6840/5023/4778 6838/5023/4692 6834/5022/4691 6836/5157/4776
f 6843/5078/4725 6845/5158/4779 6841/5159/4777 6839/5077/4724
f 6845/5158/4779 6844/5025/4780 6840/5160/4778 6841/5159/4777
f 6844/5025/4780 6842/5025/4693 6838/5024/4692 6840/5160/4778
f 6847/5079/4726 6849/5161/4781 6845/5162/4779 6843/5080/4725
f 6849/5161/4781 6848/5027/4782 6844/5163/4780 6845/5162/4779
f 6848/5027/4782 6846/5027/4694 6842/5026/4693 6844/5163/4780
f 6851/5081/4727 6853/5164/4783 6849/5165/4781 6847/5082/4726
f 6853/5164/4783 6852/5029/4784 6848/5166/4782 6849/5165/4781
f 6852/5029/4784 6850/5029/4695 6846/5028/4694 6848/5166/4782
f 6855/5083/4728 6857/5167/4785 6853/5168/4783 6851/5084/4727
f 6857/5167/4785 6856/5031/4786 6852/5169/4784 6853/5168/4783
f 6856/5031/4786 6854/5031/4696 6850/5030/4695 6852/5169/4784
f 6859/5085/4729 6861/5170/4787 6857/5171/4785 6855/5086/4728
f 6861/5170/4787 6860/5033/4788 6856/5172/4786 6857/5171/4785
f 6860/5033/4788 6858/5033/4697 6854/5032/4696 6856/5172/4786
f 6863/5087/4730 6865/5173/4789 6861/5174/4787 6859/5085/4729
f 6865/5173/4789 6864/5035/4790 6860/5175/4788 6861/5174/4787
f 6864/5035/4790 6862/5035/4698 6858/5034/4697 6860/5175/4788
f 6867/5088/4731 6869/5176/4791 6865/5177/4789 6863/5087/4730
f 6869/5176/4791 6868/5037/4792 6864/5178/4790 6865/5177/4789
f 6868/5037/4792 6866/5037/4699 6862/5036/4698 6864/5178/4790
f 6871/5089/4732 6873/5179/4793 6869/5180/4791 6867/5090/4731
f 6873/5179/4793 6872/5039/4794 6868/5181/4792 6869/5180/4791
f 6872/5039/4794 6870/5039/4700 6866/5038/4699 6868/5181/4792
f 6875/5091/4733 6877/5182/4795 6873/5183/4793 6871/5089/4732
f 6877/5182/4795 6876/5041/4796 6872/5184/4794 6873/5183/4793
f 6876/5041/4796 6874/5041/4701 6870/5040/4700 6872/5184/4794
f 6879/5092/4734 6881/5185/4797 6877/5186/4795 6875/5091/4733
f 6881/5185/4797 6880/5043/4798 6876/5187/4796 6877/5186/4795
f 6880/5043/4798 6878/5043/4671 6874/5042/4701 6876/5187/4796
f 6754/5188/4704 6756/5189/4736 6881/5190/4797 6879/5191/4734
f 6756/5189/4736 6757/4985/4738 6880/5192/4798 6881/5190/4797
f 6757/4985/4738 6755/4985/4672 6878/4984/4671 6880/5192/4798
f 6753/4982/4670 211/4983/4640 6754/5188/4704 6879/5191/4734
f 6882/5193/4799 6910/5194/4800 6925/5195/4801
f 6883/5196/4802 6913/5197/4803 6931/5198/4804
f 6884/5199/4805 6916/5200/4806 6934/5201/4807
f 6885/5202/4808 6919/5203/4809 6937/5204/4810
f 6886/5205/4811 6922/5206/4812 6926/5207/4813
f 6928/5208/4814 6935/5209/4815 6887/5210/2790
f 6927/5211/4816 6938/5212/4817 6928/5208/4814
f 6926/5207/4813 6939/5213/4818 6927/5211/4816
f 6928/5208/4814 6938/5212/4817 6935/5209/4815
f 6938/5212/4817 6936/5214/4819 6935/5209/4815
f 6927/5211/4816 6939/5213/4818 6938/5212/4817
f 6939/5213/4818 6940/5215/4820 6938/5212/4817
f 6938/5212/4817 6940/5215/4820 6936/5214/4819
f 6940/5215/4820 6937/5216/4810 6936/5214/4819
f 6926/5207/4813 6922/5206/4812 6939/5213/4818
f 6922/5206/4812 6921/5217/4821 6939/5213/4818
f 6939/5213/4818 6921/5217/4821 6940/5215/4820
f 6921/5217/4821 6920/5218/4822 6940/5215/4820
f 6940/5215/4820 6920/5218/4822 6937/5216/4810
f 6920/5218/4822 6885/5202/4808 6937/5216/4810
f 6935/5219/4815 6932/5220/4823 6887/5221/2790
f 6936/5222/4819 6941/5223/4824 6935/5219/4815
f 6937/5204/4810 6942/5224/4825 6936/5222/4819
f 6935/5219/4815 6941/5223/4824 6932/5220/4823
f 6941/5223/4824 6933/5225/4826 6932/5220/4823
f 6936/5222/4819 6942/5224/4825 6941/5223/4824
f 6942/5224/4825 6943/5226/4827 6941/5223/4824
f 6941/5223/4824 6943/5226/4827 6933/5225/4826
f 6943/5226/4827 6934/5227/4807 6933/5225/4826
f 6937/5204/4810 6919/5203/4809 6942/5224/4825
f 6919/5203/4809 6918/5228/4828 6942/5224/4825
f 6942/5224/4825 6918/5228/4828 6943/5226/4827
f 6918/5228/4828 6917/5229/4829 6943/5226/4827
f 6943/5226/4827 6917/5229/4829 6934/5227/4807
f 6917/5229/4829 6884/5199/4805 6934/5227/4807
f 6932/5230/4823 6929/5231/4830 6887/5232/2790
f 6933/5233/4826 6944/5234/4831 6932/5230/4823
f 6934/5201/4807 6945/5235/4832 6933/5233/4826
f 6932/5230/4823 6944/5234/4831 6929/5231/4830
f 6944/5234/4831 6930/5236/4833 6929/5231/4830
f 6933/5233/4826 6945/5235/4832 6944/5234/4831
f 6945/5235/4832 6946/5237/4834 6944/5234/4831
f 6944/5234/4831 6946/5237/4834 6930/5236/4833
f 6946/5237/4834 6931/5238/4804 6930/5236/4833
f 6934/5201/4807 6916/5200/4806 6945/5235/4832
f 6916/5200/4806 6915/5239/4835 6945/5235/4832
f 6945/5235/4832 6915/5239/4835 6946/5237/4834
f 6915/5239/4835 6914/5240/4836 6946/5237/4834
f 6946/5237/4834 6914/5240/4836 6931/5238/4804
f 6914/5240/4836 6883/5241/4802 6931/5238/4804
f 6929/5242/4830 6923/5243/4837 6887/5244/2790
f 6930/5245/4833 6947/5246/4838 6929/5242/4830
f 6931/5198/4804 6948/5247/4839 6930/5245/4833
f 6929/5242/4830 6947/5246/4838 6923/5243/4837
f 6947/5246/4838 6924/5248/4840 6923/5243/4837
f 6930/5245/4833 6948/5247/4839 6947/5246/4838
f 6948/5247/4839 6949/5249/4841 6947/5246/4838
f 6947/5246/4838 6949/5249/4841 6924/5248/4840
f 6949/5249/4841 6925/5250/4801 6924/5248/4840
f 6931/5198/4804 6913/5197/4803 6948/5247/4839
f 6913/5197/4803 6912/5251/4842 6948/5247/4839
f 6948/5247/4839 6912/5251/4842 6949/5249/4841
f 6912/5251/4842 6911/5252/4843 6949/5249/4841
f 6949/5249/4841 6911/5252/4843 6925/5250/4801
f 6911/5252/4843 6882/5193/4799 6925/5250/4801
f 6923/5253/4837 6928/5254/4814 6887/5255/2790
f 6924/5256/4840 6950/5257/4844 6923/5253/4837
f 6925/5195/4801 6951/5258/4845 6924/5256/4840
f 6923/5253/4837 6950/5257/4844 6928/5254/4814
f 6950/5257/4844 6927/5259/4816 6928/5254/4814
f 6924/5256/4840 6951/5258/4845 6950/5257/4844
f 6951/5258/4845 6952/5260/4846 6950/5257/4844
f 6950/5257/4844 6952/5260/4846 6927/5259/4816
f 6952/5260/4846 6926/5261/4813 6927/5259/4816
f 6925/5195/4801 6910/5194/4800 6951/5258/4845
f 6910/5194/4800 6909/5262/4847 6951/5258/4845
f 6951/5258/4845 6909/5262/4847 6952/5260/4846
f 6909/5262/4847 6908/5263/4848 6952/5260/4846
f 6952/5260/4846 6908/5263/4848 6926/5261/4813
f 6908/5263/4848 6886/5205/4811 6926/5261/4813
f 6891/5264/4849 6922/5206/4812 6886/5205/4811
f 6890/5265/4850 6953/5266/4851 6891/5264/4849
f 6891/5264/4849 6953/5266/4851 6922/5206/4812
f 6953/5266/4851 6921/5217/4821 6922/5206/4812
f 6890/5265/4850 6954/5267/4852 6953/5266/4851
f 6954/5267/4852 6955/5268/4853 6953/5266/4851
f 6953/5266/4851 6955/5268/4853 6921/5217/4821
f 6955/5268/4853 6920/5218/4822 6921/5217/4821
f 6954/5267/4852 6905/5269/4854 6955/5268/4853
f 6905/5269/4854 6904/5270/4855 6955/5268/4853
f 6955/5268/4853 6904/5270/4855 6920/5218/4822
f 6904/5270/4855 6885/5202/4808 6920/5218/4822
f 6907/5271/4856 6919/5203/4809 6885/5202/4808
f 6906/5272/4857 6956/5273/4858 6907/5271/4856
f 6907/5271/4856 6956/5273/4858 6919/5203/4809
f 6956/5273/4858 6918/5228/4828 6919/5203/4809
f 6906/5272/4857 6957/5274/4859 6956/5273/4858
f 6957/5274/4859 6958/5275/4860 6956/5273/4858
f 6956/5273/4858 6958/5275/4860 6918/5228/4828
f 6958/5275/4860 6917/5229/4829 6918/5228/4828
f 6957/5274/4859 6901/5276/4861 6958/5275/4860
f 6901/5276/4861 6900/5277/4862 6958/5275/4860
f 6958/5275/4860 6900/5277/4862 6917/5229/4829
f 6900/5277/4862 6884/5199/4805 6917/5229/4829
f 6903/5278/4863 6916/5200/4806 6884/5199/4805
f 6902/5279/4864 6959/5280/4865 6903/5278/4863
f 6903/5278/4863 6959/5280/4865 6916/5200/4806
f 6959/5280/4865 6915/5239/4835 6916/5200/4806
f 6902/5279/4864 6960/5281/4866 6959/5280/4865
f 6960/5281/4866 6961/5282/4867 6959/5280/4865
f 6959/5280/4865 6961/5282/4867 6915/5239/4835
f 6961/5282/4867 6914/5240/4836 6915/5239/4835
f 6960/5281/4866 6897/5283/4868 6961/5282/4867
f 6897/5283/4868 6896/5284/4869 6961/5282/4867
f 6961/5282/4867 6896/5284/4869 6914/5240/4836
f 6896/5284/4869 6883/5241/4802 6914/5240/4836
f 6899/5285/4870 6913/5197/4803 6883/5196/4802
f 6898/5286/4871 6962/5287/4872 6899/5285/4870
f 6899/5285/4870 6962/5287/4872 6913/5197/4803
f 6962/5287/4872 6912/5251/4842 6913/5197/4803
f 6898/5286/4871 6963/5288/4873 6962/5287/4872
f 6963/5288/4873 6964/5289/4874 6962/5287/4872
f 6962/5287/4872 6964/5289/4874 6912/5251/4842
f 6964/5289/4874 6911/5252/4843 6912/5251/4842
f 6963/5288/4873 6893/5290/4875 6964/5289/4874
f 6893/5290/4875 6892/5291/4876 6964/5289/4874
f 6964/5289/4874 6892/5291/4876 6911/5252/4843
f 6892/5291/4876 6882/5193/4799 6911/5252/4843
f 6895/5292/4877 6910/5194/4800 6882/5193/4799
f 6894/5293/4878 6965/5294/4879 6895/5292/4877
f 6895/5292/4877 6965/5294/4879 6910/5194/4800
f 6965/5294/4879 6909/5262/4847 6910/5194/4800
f 6894/5293/4878 6966/5295/4880 6965/5294/4879
f 6966/5295/4880 6967/5296/4881 6965/5294/4879
f 6965/5294/4879 6967/5296/4881 6909/5262/4847
f 6967/5296/4881 6908/5263/4848 6909/5262/4847
f 6966/5295/4880 6889/5297/4882 6967/5296/4881
f 6889/5297/4882 6888/5298/4883 6967/5296/4881
f 6967/5296/4881 6888/5298/4883 6908/5263/4848
f 6888/5298/4883 6886/5205/4811 6908/5263/4848
f 6904/5270/4855 6907/5271/4856 6885/5202/4808
f 6905/5269/4854 6968/5299/4884 6904/5270/4855
f 6904/5270/4855 6968/5299/4884 6907/5271/4856
f 6968/5299/4884 6906/5272/4857 6907/5271/4856
f 6900/5277/4862 6903/5278/4863 6884/5199/4805
f 6901/5276/4861 6969/5300/4885 6900/5277/4862
f 6900/5277/4862 6969/5300/4885 6903/5278/4863
f 6969/5300/4885 6902/5279/4864 6903/5278/4863
f 6896/5284/4869 6899/5301/4870 6883/5241/4802
f 6897/5283/4868 6970/5302/4886 6896/5284/4869
f 6896/5284/4869 6970/5302/4886 6899/5301/4870
f 6970/5302/4886 6898/5303/4871 6899/5301/4870
f 6892/5291/4876 6895/5292/4877 6882/5193/4799
f 6893/5290/4875 6971/5304/4887 6892/5291/4876
f 6892/5291/4876 6971/5304/4887 6895/5292/4877
f 6971/5304/4887 6894/5293/4878 6895/5292/4877
f 6888/5298/4883 6891/5264/4849 6886/5205/4811
f 6889/5297/4882 6972/5305/4888 6888/5298/4883
f 6888/5298/4883 6972/5305/4888 6891/5264/4849
f 6972/5305/4888 6890/5265/4850 6891/5264/4849
f 6973/5306/2373 6988/5307/4889 6987/5308/4890
f 6974/5309/4891 6990/5310/4892 6996/5311/4893
f 6973/5312/2373 6987/5313/4890 7002/5314/4894
f 6973/5315/2373 7002/5316/4894 7008/5317/4895
f 6973/5318/2373 7008/5319/4895 6997/5320/4896
f 6974/5309/4891 6996/5311/4893 7017/5321/4897
f 6975/5322/4898 6993/5323/4899 7023/5324/4900
f 6976/5325/4901 7005/5326/4902 7029/5327/4903
f 6977/5328/4904 7011/5329/4905 7035/5330/4906
f 6978/5331/4907 7014/5332/4908 7041/5333/4909
f 6974/5309/4891 7017/5321/4897 7024/5334/4910
f 6975/5322/4898 7023/5324/4900 7030/5335/4911
f 6976/5325/4901 7029/5327/4903 7036/5336/4912
f 6977/5328/4904 7035/5330/4906 7042/5337/4913
f 6978/5331/4907 7041/5333/4909 7018/5338/4914
f 6979/5193/4799 7047/5194/4800 7062/5195/4801
f 6980/5196/4802 7050/5197/4803 7068/5198/4804
f 6981/5199/4805 7053/5200/4806 7071/5201/4807
f 6982/5202/4808 7056/5203/4809 7074/5204/4810
f 6983/5205/4811 7059/5206/4812 7063/5207/4813
f 7065/5208/4814 7072/5209/4815 6984/5210/2790
f 7064/5211/4915 7075/5212/4817 7065/5208/4814
f 7063/5207/4813 7076/5213/4818 7064/5211/4915
f 7065/5208/4814 7075/5212/4817 7072/5209/4815
f 7075/5212/4817 7073/5214/4819 7072/5209/4815
f 7064/5211/4915 7076/5213/4818 7075/5212/4817
f 7076/5213/4818 7077/5215/4820 7075/5212/4817
f 7075/5212/4817 7077/5215/4820 7073/5214/4819
f 7077/5215/4820 7074/5216/4810 7073/5214/4819
f 7063/5207/4813 7059/5206/4812 7076/5213/4818
f 7059/5206/4812 7058/5217/4821 7076/5213/4818
f 7076/5213/4818 7058/5217/4821 7077/5215/4820
f 7058/5217/4821 7057/5218/4822 7077/5215/4820
f 7077/5215/4820 7057/5218/4822 7074/5216/4810
f 7057/5218/4822 6982/5202/4808 7074/5216/4810
f 7072/5219/4815 7069/5220/4916 6984/5221/2790
f 7073/5222/4819 7078/5223/4824 7072/5219/4815
f 7074/5204/4810 7079/5224/4825 7073/5222/4819
f 7072/5219/4815 7078/5223/4824 7069/5220/4916
f 7078/5223/4824 7070/5225/4826 7069/5220/4916
f 7073/5222/4819 7079/5224/4825 7078/5223/4824
f 7079/5224/4825 7080/5226/4827 7078/5223/4824
f 7078/5223/4824 7080/5226/4827 7070/5225/4826
f 7080/5226/4827 7071/5227/4807 7070/5225/4826
f 7074/5204/4810 7056/5203/4809 7079/5224/4825
f 7056/5203/4809 7055/5228/4828 7079/5224/4825
f 7079/5224/4825 7055/5228/4828 7080/5226/4827
f 7055/5228/4828 7054/5229/4829 7080/5226/4827
f 7080/5226/4827 7054/5229/4829 7071/5227/4807
f 7054/5229/4829 6981/5199/4805 7071/5227/4807
f 7069/5230/4916 7066/5231/4917 6984/5232/2790
f 7070/5233/4826 7081/5234/4831 7069/5230/4916
f 7071/5201/4807 7082/5235/4832 7070/5233/4826
f 7069/5230/4916 7081/5234/4831 7066/5231/4917
f 7081/5234/4831 7067/5236/4833 7066/5231/4917
f 7070/5233/4826 7082/5235/4832 7081/5234/4831
f 7082/5235/4832 7083/5237/4834 7081/5234/4831
f 7081/5234/4831 7083/5237/4834 7067/5236/4833
f 7083/5237/4834 7068/5238/4804 7067/5236/4833
f 7071/5201/4807 7053/5200/4806 7082/5235/4832
f 7053/5200/4806 7052/5239/4835 7082/5235/4832
f 7082/5235/4832 7052/5239/4835 7083/5237/4834
f 7052/5239/4835 7051/5240/4836 7083/5237/4834
f 7083/5237/4834 7051/5240/4836 7068/5238/4804
f 7051/5240/4836 6980/5241/4802 7068/5238/4804
f 7066/5242/4917 7060/5243/4837 6984/5244/2790
f 7067/5245/4833 7084/5246/4918 7066/5242/4917
f 7068/5198/4804 7085/5247/4839 7067/5245/4833
f 7066/5242/4917 7084/5246/4918 7060/5243/4837
f 7084/5246/4918 7061/5248/4840 7060/5243/4837
f 7067/5245/4833 7085/5247/4839 7084/5246/4918
f 7085/5247/4839 7086/5249/4841 7084/5246/4918
f 7084/5246/4918 7086/5249/4841 7061/5248/4840
f 7086/5249/4841 7062/5250/4801 7061/5248/4840
f 7068/5198/4804 7050/5197/4803 7085/5247/4839
f 7050/5197/4803 7049/5251/4842 7085/5247/4839
f 7085/5247/4839 7049/5251/4842 7086/5249/4841
f 7049/5251/4842 7048/5252/4843 7086/5249/4841
f 7086/5249/4841 7048/5252/4843 7062/5250/4801
f 7048/5252/4843 6979/5193/4799 7062/5250/4801
f 7060/5253/4837 7065/5254/4814 6984/5255/2790
f 7061/5256/4840 7087/5257/4844 7060/5253/4837
f 7062/5195/4801 7088/5258/4845 7061/5256/4840
f 7060/5253/4837 7087/5257/4844 7065/5254/4814
f 7087/5257/4844 7064/5259/4915 7065/5254/4814
f 7061/5256/4840 7088/5258/4845 7087/5257/4844
f 7088/5258/4845 7089/5260/4846 7087/5257/4844
f 7087/5257/4844 7089/5260/4846 7064/5259/4915
f 7089/5260/4846 7063/5261/4813 7064/5259/4915
f 7062/5195/4801 7047/5194/4800 7088/5258/4845
f 7047/5194/4800 7046/5262/4847 7088/5258/4845
f 7088/5258/4845 7046/5262/4847 7089/5260/4846
f 7046/5262/4847 7045/5263/4919 7089/5260/4846
f 7089/5260/4846 7045/5263/4919 7063/5261/4813
f 7045/5263/4919 6983/5205/4811 7063/5261/4813
f 7020/5264/4849 7059/5206/4812 6983/5205/4811
f 7019/5265/4920 7090/5266/4851 7020/5264/4849
f 7018/5338/4914 7091/5267/4921 7019/5265/4920
f 7020/5264/4849 7090/5266/4851 7059/5206/4812
f 7090/5266/4851 7058/5217/4821 7059/5206/4812
f 7019/5265/4920 7091/5267/4921 7090/5266/4851
f 7091/5267/4921 7092/5268/4853 7090/5266/4851
f 7090/5266/4851 7092/5268/4853 7058/5217/4821
f 7092/5268/4853 7057/5218/4822 7058/5217/4821
f 7018/5338/4914 7041/5333/4909 7091/5267/4921
f 7041/5333/4909 7040/5269/4922 7091/5267/4921
f 7091/5267/4921 7040/5269/4922 7092/5268/4853
f 7040/5269/4922 7039/5270/4855 7092/5268/4853
f 7092/5268/4853 7039/5270/4855 7057/5218/4822
f 7039/5270/4855 6982/5202/4808 7057/5218/4822
f 7044/5271/4856 7056/5203/4809 6982/5202/4808
f 7043/5272/2574 7093/5273/4858 7044/5271/4856
f 7042/5337/4913 7094/5274/4923 7043/5272/2574
f 7044/5271/4856 7093/5273/4858 7056/5203/4809
f 7093/5273/4858 7055/5228/4828 7056/5203/4809
f 7043/5272/2574 7094/5274/4923 7093/5273/4858
f 7094/5274/4923 7095/5275/4860 7093/5273/4858
f 7093/5273/4858 7095/5275/4860 7055/5228/4828
f 7095/5275/4860 7054/5229/4829 7055/5228/4828
f 7042/5337/4913 7035/5330/4906 7094/5274/4923
f 7035/5330/4906 7034/5276/4924 7094/5274/4923
f 7094/5274/4923 7034/5276/4924 7095/5275/4860
f 7034/5276/4924 7033/5277/4862 7095/5275/4860
f 7095/5275/4860 7033/5277/4862 7054/5229/4829
f 7033/5277/4862 6981/5199/4805 7054/5229/4829
f 7038/5278/4863 7053/5200/4806 6981/5199/4805
f 7037/5279/4925 7096/5280/4865 7038/5278/4863
f 7036/5336/4912 7097/5281/4926 7037/5279/4925
f 7038/5278/4863 7096/5280/4865 7053/5200/4806
f 7096/5280/4865 7052/5239/4835 7053/5200/4806
f 7037/5279/4925 7097/5281/4926 7096/5280/4865
f 7097/5281/4926 7098/5282/4867 7096/5280/4865
f 7096/5280/4865 7098/5282/4867 7052/5239/4835
f 7098/5282/4867 7051/5240/4836 7052/5239/4835
f 7036/5336/4912 7029/5327/4903 7097/5281/4926
f 7029/5327/4903 7028/5283/4927 7097/5281/4926
f 7097/5281/4926 7028/5283/4927 7098/5282/4867
f 7028/5283/4927 7027/5284/4869 7098/5282/4867
f 7098/5282/4867 7027/5284/4869 7051/5240/4836
f 7027/5284/4869 6980/5241/4802 7051/5240/4836
f 7032/5285/4870 7050/5197/4803 6980/5196/4802
f 7031/5286/4928 7099/5287/4872 7032/5285/4870
f 7030/5335/4911 7100/5288/4929 7031/5286/4928
f 7032/5285/4870 7099/5287/4872 7050/5197/4803
f 7099/5287/4872 7049/5251/4842 7050/5197/4803
f 7031/5286/4928 7100/5288/4929 7099/5287/4872
f 7100/5288/4929 7101/5289/4874 7099/5287/4872
f 7099/5287/4872 7101/5289/4874 7049/5251/4842
f 7101/5289/4874 7048/5252/4843 7049/5251/4842
f 7030/5335/4911 7023/5324/4900 7100/5288/4929
f 7023/5324/4900 7022/5290/2590 7100/5288/4929
f 7100/5288/4929 7022/5290/2590 7101/5289/4874
f 7022/5290/2590 7021/5291/4876 7101/5289/4874
f 7101/5289/4874 7021/5291/4876 7048/5252/4843
f 7021/5291/4876 6979/5193/4799 7048/5252/4843
f 7026/5292/4877 7047/5194/4800 6979/5193/4799
f 7025/5293/4930 7102/5294/4879 7026/5292/4877
f 7024/5334/4910 7103/5295/4931 7025/5293/4930
f 7026/5292/4877 7102/5294/4879 7047/5194/4800
f 7102/5294/4879 7046/5262/4847 7047/5194/4800
f 7025/5293/4930 7103/5295/4931 7102/5294/4879
f 7103/5295/4931 7104/5296/4881 7102/5294/4879
f 7102/5294/4879 7104/5296/4881 7046/5262/4847
f 7104/5296/4881 7045/5263/4919 7046/5262/4847
f 7024/5334/4910 7017/5321/4897 7103/5295/4931
f 7017/5321/4897 7016/5297/4932 7103/5295/4931
f 7103/5295/4931 7016/5297/4932 7104/5296/4881
f 7016/5297/4932 7015/5298/4883 7104/5296/4881
f 7104/5296/4881 7015/5298/4883 7045/5263/4919
f 7015/5298/4883 6983/5205/4811 7045/5263/4919
f 7039/5270/4855 7044/5271/4856 6982/5202/4808
f 7040/5269/4922 7105/5299/4933 7039/5270/4855
f 7041/5333/4909 7106/5339/4934 7040/5269/4922
f 7039/5270/4855 7105/5299/4933 7044/5271/4856
f 7105/5299/4933 7043/5272/2574 7044/5271/4856
f 7040/5269/4922 7106/5339/4934 7105/5299/4933
f 7106/5339/4934 7107/5340/4935 7105/5299/4933
f 7105/5299/4933 7107/5340/4935 7043/5272/2574
f 7107/5340/4935 7042/5337/4913 7043/5272/2574
f 7041/5333/4909 7014/5332/4908 7106/5339/4934
f 7014/5332/4908 7013/5341/4936 7106/5339/4934
f 7106/5339/4934 7013/5341/4936 7107/5340/4935
f 7013/5341/4936 7012/5342/4937 7107/5340/4935
f 7107/5340/4935 7012/5342/4937 7042/5337/4913
f 7012/5342/4937 6977/5328/4904 7042/5337/4913
f 7033/5277/4862 7038/5278/4863 6981/5199/4805
f 7034/5276/4924 7108/5300/4938 7033/5277/4862
f 7035/5330/4906 7109/5343/4939 7034/5276/4924
f 7033/5277/4862 7108/5300/4938 7038/5278/4863
f 7108/5300/4938 7037/5279/4925 7038/5278/4863
f 7034/5276/4924 7109/5343/4939 7108/5300/4938
f 7109/5343/4939 7110/5344/4940 7108/5300/4938
f 7108/5300/4938 7110/5344/4940 7037/5279/4925
f 7110/5344/4940 7036/5336/4912 7037/5279/4925
f 7035/5330/4906 7011/5329/4905 7109/5343/4939
f 7011/5329/4905 7010/5345/4941 7109/5343/4939
f 7109/5343/4939 7010/5345/4941 7110/5344/4940
f 7010/5345/4941 7009/5346/4942 7110/5344/4940
f 7110/5344/4940 7009/5346/4942 7036/5336/4912
f 7009/5346/4942 6976/5325/4901 7036/5336/4912
f 7027/5284/4869 7032/5301/4870 6980/5241/4802
f 7028/5283/4927 7111/5302/4943 7027/5284/4869
f 7029/5327/4903 7112/5347/4944 7028/5283/4927
f 7027/5284/4869 7111/5302/4943 7032/5301/4870
f 7111/5302/4943 7031/5303/4928 7032/5301/4870
f 7028/5283/4927 7112/5347/4944 7111/5302/4943
f 7112/5347/4944 7113/5348/4945 7111/5302/4943
f 7111/5302/4943 7113/5348/4945 7031/5303/4928
f 7113/5348/4945 7030/5349/4911 7031/5303/4928
f 7029/5327/4903 7005/5326/4902 7112/5347/4944
f 7005/5326/4902 7004/5350/4946 7112/5347/4944
f 7112/5347/4944 7004/5350/4946 7113/5348/4945
f 7004/5350/4946 7003/5351/4947 7113/5348/4945
f 7113/5348/4945 7003/5351/4947 7030/5349/4911
f 7003/5351/4947 6975/5352/4898 7030/5349/4911
f 7021/5291/4876 7026/5292/4877 6979/5193/4799
f 7022/5290/2590 7114/5304/4948 7021/5291/4876
f 7023/5324/4900 7115/5353/4949 7022/5290/2590
f 7021/5291/4876 7114/5304/4948 7026/5292/4877
f 7114/5304/4948 7025/5293/4930 7026/5292/4877
f 7022/5290/2590 7115/5353/4949 7114/5304/4948
f 7115/5353/4949 7116/5354/4950 7114/5304/4948
f 7114/5304/4948 7116/5354/4950 7025/5293/4930
f 7116/5354/4950 7024/5334/4910 7025/5293/4930
f 7023/5324/4900 6993/5323/4899 7115/5353/4949
f 6993/5323/4899 6992/5355/4951 7115/5353/4949
f 7115/5353/4949 6992/5355/4951 7116/5354/4950
f 6992/5355/4951 6991/5356/4952 7116/5354/4950
f 7116/5354/4950 6991/5356/4952 7024/5334/4910
f 6991/5356/4952 6974/5309/4891 7024/5334/4910
f 7015/5298/4883 7020/5264/4849 6983/5205/4811
f 7016/5297/4932 7117/5305/4953 7015/5298/4883
f 7017/5321/4897 7118/5357/4954 7016/5297/4932
f 7015/5298/4883 7117/5305/4953 7020/5264/4849
f 7117/5305/4953 7019/5265/4920 7020/5264/4849
f 7016/5297/4932 7118/5357/4954 7117/5305/4953
f 7118/5357/4954 7119/5358/4955 7117/5305/4953
f 7117/5305/4953 7119/5358/4955 7019/5265/4920
f 7119/5358/4955 7018/5338/4914 7019/5265/4920
f 7017/5321/4897 6996/5311/4893 7118/5357/4954
f 6996/5311/4893 6995/5359/4956 7118/5357/4954
f 7118/5357/4954 6995/5359/4956 7119/5358/4955
f 6995/5359/4956 6994/5360/4957 7119/5358/4955
f 7119/5358/4955 6994/5360/4957 7018/5338/4914
f 6994/5360/4957 6978/5331/4907 7018/5338/4914
f 6999/5361/4958 7014/5332/4908 6978/5331/4907
f 6998/5362/4959 7120/5363/4960 6999/5361/4958
f 6997/5320/4896 7121/5364/4961 6998/5362/4959
f 6999/5361/4958 7120/5363/4960 7014/5332/4908
f 7120/5363/4960 7013/5341/4936 7014/5332/4908
f 6998/5362/4959 7121/5364/4961 7120/5363/4960
f 7121/5364/4961 7122/5365/4962 7120/5363/4960
f 7120/5363/4960 7122/5365/4962 7013/5341/4936
f 7122/5365/4962 7012/5342/4937 7013/5341/4936
f 6997/5320/4896 7008/5319/4895 7121/5364/4961
f 7008/5319/4895 7007/5366/4963 7121/5364/4961
f 7121/5364/4961 7007/5366/4963 7122/5365/4962
f 7007/5366/4963 7006/5367/4964 7122/5365/4962
f 7122/5365/4962 7006/5367/4964 7012/5342/4937
f 7006/5367/4964 6977/5328/4904 7012/5342/4937
f 7006/5368/4964 7011/5329/4905 6977/5328/4904
f 7007/5369/4963 7123/5370/4965 7006/5368/4964
f 7008/5317/4895 7124/5371/4966 7007/5369/4963
f 7006/5368/4964 7123/5370/4965 7011/5329/4905
f 7123/5370/4965 7010/5345/4941 7011/5329/4905
f 7007/5369/4963 7124/5371/4966 7123/5370/4965
f 7124/5371/4966 7125/5372/4967 7123/5370/4965
f 7123/5370/4965 7125/5372/4967 7010/5345/4941
f 7125/5372/4967 7009/5346/4942 7010/5345/4941
f 7008/5317/4895 7002/5316/4894 7124/5371/4966
f 7002/5316/4894 7001/5373/4968 7124/5371/4966
f 7124/5371/4966 7001/5373/4968 7125/5372/4967
f 7001/5373/4968 7000/5374/4969 7125/5372/4967
f 7125/5372/4967 7000/5374/4969 7009/5346/4942
f 7000/5374/4969 6976/5325/4901 7009/5346/4942
f 7000/5375/4969 7005/5326/4902 6976/5325/4901
f 7001/5376/4968 7126/5377/4970 7000/5375/4969
f 7002/5314/4894 7127/5378/4971 7001/5376/4968
f 7000/5375/4969 7126/5377/4970 7005/5326/4902
f 7126/5377/4970 7004/5350/4946 7005/5326/4902
f 7001/5376/4968 7127/5378/4971 7126/5377/4970
f 7127/5378/4971 7128/5379/4972 7126/5377/4970
f 7126/5377/4970 7128/5379/4972 7004/5350/4946
f 7128/5379/4972 7003/5351/4947 7004/5350/4946
f 7002/5314/4894 6987/5313/4890 7127/5378/4971
f 6987/5313/4890 6986/5380/4973 7127/5378/4971
f 7127/5378/4971 6986/5380/4973 7128/5379/4972
f 6986/5380/4973 6985/5381/4974 7128/5379/4972
f 7128/5379/4972 6985/5381/4974 7003/5351/4947
f 6985/5381/4974 6975/5352/4898 7003/5351/4947
f 6994/5360/4957 6999/5382/4958 6978/5331/4907
f 6995/5359/4956 7129/5383/4975 6994/5360/4957
f 6996/5311/4893 7130/5384/4976 6995/5359/4956
f 6994/5360/4957 7129/5383/4975 6999/5382/4958
f 7129/5383/4975 6998/5385/4959 6999/5382/4958
f 6995/5359/4956 7130/5384/4976 7129/5383/4975
f 7130/5384/4976 7131/5386/4977 7129/5383/4975
f 7129/5383/4975 7131/5386/4977 6998/5385/4959
f 7131/5386/4977 6997/5387/4896 6998/5385/4959
f 6996/5311/4893 6990/5310/4892 7130/5384/4976
f 6990/5310/4892 6989/5388/4978 7130/5384/4976
f 7130/5384/4976 6989/5388/4978 7131/5386/4977
f 6989/5388/4978 6988/5389/4889 7131/5386/4977
f 7131/5386/4977 6988/5389/4889 6997/5387/4896
f 6988/5389/4889 6973/5390/2373 6997/5387/4896
f 6985/5391/4974 6993/5323/4899 6975/5322/4898
f 6986/5392/4973 7132/5393/4979 6985/5391/4974
f 6987/5308/4890 7133/5394/4980 6986/5392/4973
f 6985/5391/4974 7132/5393/4979 6993/5323/4899
f 7132/5393/4979 6992/5355/4951 6993/5323/4899
f 6986/5392/4973 7133/5394/4980 7132/5393/4979
f 7133/5394/4980 7134/5395/4981 7132/5393/4979
f 7132/5393/4979 7134/5395/4981 6992/5355/4951
f 7134/5395/4981 6991/5356/4952 6992/5355/4951
f 6987/5308/4890 6988/5307/4889 7133/5394/4980
f 6988/5307/4889 6989/5396/4978 7133/5394/4980
f 7133/5394/4980 6989/5396/4978 7134/5395/4981
f 6989/5396/4978 6990/5397/4892 7134/5395/4981
f 7134/5395/4981 6990/5397/4892 6991/5356/4952
f 6990/5397/4892 6974/5309/4891 6991/5356/4952
f 14/431/390 226/430/389 227/464/422 15/495/452
