# Blender 4.1.1
# www.blender.org
mtllib rook.mtl
o Rook
v 0.000000 0.000000 0.000000
v 0.237598 0.002454 -0.000000
v 0.242672 0.002644 -0.000000
v 0.247471 0.003187 -0.000000
v 0.251963 0.004041 -0.000000
v 0.256116 0.005162 -0.000000
v 0.259898 0.006508 -0.000000
v 0.263279 0.008037 -0.000000
v 0.266226 0.009705 -0.000000
v 0.268708 0.011471 -0.000000
v 0.270694 0.013291 -0.000000
v 0.272151 0.015124 -0.000000
v 0.273049 0.016926 -0.000000
v 0.273355 0.018656 -0.000000
v 0.273355 0.020964 -0.000000
v 0.273355 0.023336 -0.000000
v 0.273355 0.025753 -0.000000
v 0.273355 0.028199 -0.000000
v 0.273355 0.030655 -0.000000
v 0.273355 0.033102 -0.000000
v 0.273355 0.035524 -0.000000
v 0.273355 0.037902 -0.000000
v 0.273355 0.040219 -0.000000
v 0.273355 0.042455 -0.000000
v 0.273355 0.044595 -0.000000
v 0.273355 0.046619 -0.000000
v 0.272546 0.050082 -0.000000
v 0.270311 0.052730 -0.000000
v 0.266932 0.054708 -0.000000
v 0.262696 0.056159 0.000000
v 0.257887 0.057229 0.000000
v 0.252788 0.058064 0.000000
v 0.247686 0.058808 0.000000
v 0.242865 0.059607 0.000000
v 0.238608 0.060605 0.000000
v 0.235202 0.061948 0.000000
v 0.232930 0.063780 0.000000
v 0.232077 0.066247 0.000000
v 0.232915 0.069016 0.000000
v 0.235319 0.071743 0.000000
v 0.238976 0.074554 0.000000
v 0.243575 0.077580 0.000000
v 0.248805 0.080946 0.000000
v 0.254352 0.084783 0.000000
v 0.259906 0.089216 0.000000
v 0.265155 0.094376 0.000000
v 0.269786 0.100388 0.000000
v 0.273489 0.107383 0.000000
v 0.275951 0.115486 0.000000
v 0.276860 0.124827 0.000000
v 0.275258 0.135826 0.000000
v 0.270771 0.146868 0.000000
v 0.263974 0.157848 0.000000
v 0.255441 0.168659 0.000000
v 0.245749 0.179194 0.000000
v 0.235471 0.189347 0.000000
v 0.225184 0.199011 0.000000
v 0.215461 0.208080 0.000000
v 0.206879 0.216448 0.000000
v 0.200011 0.224007 0.000000
v 0.195434 0.230651 0.000000
v 0.193721 0.236273 0.000000
v 0.193628 0.241012 0.000000
v 0.193463 0.245339 0.000000
v 0.193140 0.249252 0.000000
v 0.192573 0.252752 0.000000
v 0.191678 0.255838 0.000000
v 0.190367 0.258511 0.000000
v 0.188555 0.260770 0.000000
v 0.186156 0.262614 0.000000
v 0.183085 0.264045 -0.000000
v 0.179255 0.265062 -0.000000
v 0.174581 0.265664 -0.000000
v 0.168976 0.265852 -0.000000
v 0.165600 0.266101 -0.000000
v 0.163395 0.266828 -0.000000
v 0.162195 0.267966 -0.000000
v 0.161832 0.269445 -0.000000
v 0.162139 0.271197 -0.000000
v 0.162949 0.273154 -0.000000
v 0.164093 0.275248 -0.000000
v 0.165404 0.277410 -0.000000
v 0.166716 0.279573 -0.000000
v 0.167860 0.281666 -0.000000
v 0.168669 0.283624 -0.000000
v 0.168976 0.285376 -0.000000
v 0.173245 0.285826 -0.000000
v 0.176956 0.287332 -0.000000
v 0.180044 0.289685 -0.000000
v 0.182443 0.292677 -0.000000
v 0.184088 0.296097 -0.000000
v 0.184912 0.299737 -0.000000
v 0.184852 0.303388 -0.000000
v 0.183840 0.306841 -0.000000
v 0.181813 0.309886 -0.000000
v 0.178703 0.312314 -0.000000
v 0.174446 0.313916 -0.000000
v 0.168976 0.314484 -0.000000
v 0.164985 0.322254 -0.000000
v 0.161082 0.343816 -0.000000
v 0.157318 0.376506 -0.000000
v 0.153744 0.417662 -0.000000
v 0.150410 0.464622 -0.000000
v 0.147368 0.514724 -0.000000
v 0.144668 0.565305 -0.000000
v 0.142361 0.613702 -0.000000
v 0.140497 0.657254 -0.000000
v 0.139128 0.693297 -0.000000
v 0.138303 0.719170 -0.000000
v 0.138075 0.732210 -0.000000
v 0.138423 0.735588 -0.000000
v 0.139284 0.738246 -0.000000
v 0.140554 0.740312 -0.000000
v 0.142130 0.741911 -0.000000
v 0.143908 0.743173 -0.000000
v 0.145784 0.744223 -0.000000
v 0.147657 0.745189 -0.000000
v 0.149420 0.746198 -0.000000
v 0.150972 0.747377 -0.000000
v 0.152209 0.748853 -0.000000
v 0.153027 0.750753 -0.000000
v 0.153508 0.766799 0.000000
v 0.153482 0.767692 0.000000
v 0.138332 0.767692 0.000000
v 0.138332 0.792245 -0.000000
v 0.178020 0.792245 -0.000000
v 0.178020 0.817093 -0.000000
v 0.208736 0.817093 -0.000000
v 0.208736 0.822347 -0.000000
v 0.208736 0.831499 -0.000000
v 0.208736 0.843839 -0.000000
v 0.208736 0.858652 -0.000000
v 0.208736 0.875226 -0.000000
v 0.208736 0.892848 -0.000000
v 0.208736 0.910805 -0.000000
v 0.208736 0.928384 -0.000000
v 0.208736 0.944872 -0.000000
v 0.208736 0.959556 -0.000000
v 0.208736 0.971722 -0.000000
v 0.208736 0.980659 -0.000000
v 0.177434 0.980659 -0.000000
v 0.177434 0.889702 -0.000000
v 0.000000 0.890053 -0.000000
v 0.233032 0.002454 -0.046353
v 0.238009 0.002644 -0.047343
v 0.242716 0.003187 -0.048279
v 0.247121 0.004041 -0.049155
v 0.251194 0.005162 -0.049966
v 0.254904 0.006508 -0.050704
v 0.258220 0.008037 -0.051363
v 0.261111 0.009705 -0.051938
v 0.263545 0.011471 -0.052422
v 0.265492 0.013291 -0.052810
v 0.266922 0.015124 -0.053094
v 0.267802 0.016926 -0.053269
v 0.268102 0.018656 -0.053329
v 0.268102 0.020964 -0.053329
v 0.268102 0.023336 -0.053329
v 0.268102 0.025753 -0.053329
v 0.268102 0.028199 -0.053329
v 0.268102 0.030655 -0.053329
v 0.268102 0.033102 -0.053329
v 0.268102 0.035524 -0.053329
v 0.268102 0.037902 -0.053329
v 0.268102 0.040219 -0.053329
v 0.268102 0.042455 -0.053329
v 0.268102 0.044595 -0.053329
v 0.268102 0.046619 -0.053329
v 0.267309 0.050082 -0.053171
v 0.265117 0.052730 -0.052735
v 0.261803 0.054708 -0.052076
v 0.257648 0.056159 -0.051249
v 0.252931 0.057229 -0.050311
v 0.247931 0.058064 -0.049317
v 0.242927 0.058808 -0.048321
v 0.238198 0.059607 -0.047381
v 0.234023 0.060605 -0.046550
v 0.230682 0.061948 -0.045886
v 0.228454 0.063780 -0.045442
v 0.227618 0.066247 -0.045276
v 0.228440 0.069016 -0.045440
v 0.230797 0.071743 -0.045908
v 0.234384 0.074554 -0.046622
v 0.238895 0.077580 -0.047519
v 0.244024 0.080946 -0.048539
v 0.249465 0.084783 -0.049622
v 0.254912 0.089216 -0.050705
v 0.260060 0.094376 -0.051729
v 0.264602 0.100388 -0.052633
v 0.268234 0.107383 -0.053355
v 0.270648 0.115486 -0.053835
v 0.271540 0.124827 -0.054013
v 0.269969 0.135826 -0.053700
v 0.265568 0.146868 -0.052825
v 0.258901 0.157848 -0.051499
v 0.250533 0.168659 -0.049834
v 0.241027 0.179194 -0.047943
v 0.230947 0.189347 -0.045938
v 0.220857 0.199011 -0.043931
v 0.211321 0.208080 -0.042034
v 0.202903 0.216448 -0.040360
v 0.196168 0.224007 -0.039020
v 0.191678 0.230651 -0.038127
v 0.189999 0.236273 -0.037793
v 0.189907 0.241012 -0.037775
v 0.189745 0.245339 -0.037743
v 0.189429 0.249252 -0.037680
v 0.188873 0.252752 -0.037569
v 0.187995 0.255838 -0.037394
v 0.186709 0.258511 -0.037139
v 0.184932 0.260770 -0.036785
v 0.182579 0.262614 -0.036317
v 0.179567 0.264045 -0.035718
v 0.175810 0.265062 -0.034971
v 0.171226 0.265664 -0.034059
v 0.165730 0.265852 -0.032966
v 0.162418 0.266101 -0.032307
v 0.160256 0.266828 -0.031877
v 0.159079 0.267966 -0.031643
v 0.158723 0.269445 -0.031572
v 0.159024 0.271197 -0.031632
v 0.159818 0.273154 -0.031790
v 0.160940 0.275248 -0.032013
v 0.162226 0.277410 -0.032269
v 0.163513 0.279573 -0.032525
v 0.164635 0.281666 -0.032748
v 0.165428 0.283624 -0.032906
v 0.165730 0.285376 -0.032966
v 0.169916 0.285826 -0.033798
v 0.173556 0.287332 -0.034522
v 0.176585 0.289685 -0.035125
v 0.178937 0.292677 -0.035593
v 0.180550 0.296097 -0.035914
v 0.181359 0.299737 -0.036075
v 0.181300 0.303388 -0.036063
v 0.180308 0.306841 -0.035865
v 0.178319 0.309886 -0.035470
v 0.175269 0.312314 -0.034863
v 0.171094 0.313916 -0.034033
v 0.165730 0.314484 -0.032966
v 0.161815 0.322254 -0.032187
v 0.157987 0.343816 -0.031426
v 0.154295 0.376506 -0.030691
v 0.150790 0.417662 -0.029994
v 0.147520 0.464622 -0.029344
v 0.144537 0.514724 -0.028750
v 0.141888 0.565305 -0.028223
v 0.139625 0.613702 -0.027773
v 0.137797 0.657254 -0.027410
v 0.136454 0.693297 -0.027142
v 0.135646 0.719170 -0.026982
v 0.135422 0.732210 -0.026937
v 0.135763 0.735588 -0.027005
v 0.136608 0.738246 -0.027173
v 0.137853 0.740312 -0.027421
v 0.139399 0.741911 -0.027728
v 0.141143 0.743173 -0.028075
v 0.142983 0.744223 -0.028441
v 0.144819 0.745189 -0.028806
v 0.146549 0.746198 -0.029150
v 0.148071 0.747377 -0.029453
v 0.149284 0.748853 -0.029695
v 0.150087 0.750753 -0.029854
v 0.150558 0.766799 -0.029948
v 0.150533 0.767692 -0.029943
v 0.135674 0.767692 -0.026987
v 0.135674 0.792245 -0.026987
v 0.174600 0.792245 -0.034730
v 0.174600 0.817093 -0.034730
v 0.204725 0.817093 -0.040722
v 0.204725 0.822347 -0.040722
v 0.204725 0.831499 -0.040722
v 0.204725 0.843839 -0.040722
v 0.204725 0.858652 -0.040722
v 0.204725 0.875226 -0.040722
v 0.204725 0.892848 -0.040722
v 0.204725 0.910805 -0.040722
v 0.204725 0.928384 -0.040722
v 0.204725 0.944872 -0.040722
v 0.204725 0.959556 -0.040722
v 0.204725 0.971722 -0.040722
v 0.204725 0.980659 -0.040722
v 0.174025 0.980659 -0.034616
v 0.174025 0.889702 -0.034616
v 0.219512 0.002454 -0.090925
v 0.224200 0.002644 -0.092867
v 0.228633 0.003187 -0.094703
v 0.232783 0.004041 -0.096422
v 0.236620 0.005162 -0.098011
v 0.240115 0.006508 -0.099459
v 0.243238 0.008037 -0.100752
v 0.245961 0.009705 -0.101880
v 0.248254 0.011471 -0.102830
v 0.250088 0.013291 -0.103590
v 0.251435 0.015124 -0.104148
v 0.252264 0.016926 -0.104491
v 0.252547 0.018656 -0.104608
v 0.252547 0.020964 -0.104608
v 0.252547 0.023336 -0.104608
v 0.252547 0.025753 -0.104608
v 0.252547 0.028199 -0.104608
v 0.252547 0.030655 -0.104608
v 0.252547 0.033102 -0.104608
v 0.252547 0.035524 -0.104608
v 0.252547 0.037902 -0.104608
v 0.252547 0.040219 -0.104608
v 0.252547 0.042455 -0.104608
v 0.252547 0.044595 -0.104608
v 0.252547 0.046618 -0.104608
v 0.251800 0.050082 -0.104299
v 0.249734 0.052730 -0.103443
v 0.246613 0.054708 -0.102151
v 0.242700 0.056159 -0.100529
v 0.238256 0.057229 -0.098689
v 0.233546 0.058064 -0.096738
v 0.228832 0.058808 -0.094785
v 0.224378 0.059607 -0.092940
v 0.220445 0.060605 -0.091311
v 0.217298 0.061948 -0.090008
v 0.215199 0.063780 -0.089138
v 0.214411 0.066247 -0.088812
v 0.215186 0.069016 -0.089133
v 0.217406 0.071743 -0.090053
v 0.220785 0.074554 -0.091452
v 0.225034 0.077580 -0.093212
v 0.229865 0.080946 -0.095213
v 0.234991 0.084783 -0.097336
v 0.240122 0.089216 -0.099462
v 0.244971 0.094376 -0.101470
v 0.249250 0.100388 -0.103243
v 0.252671 0.107383 -0.104660
v 0.254945 0.115486 -0.105602
v 0.255785 0.124827 -0.105950
v 0.254305 0.135826 -0.105337
v 0.250160 0.146868 -0.103620
v 0.243880 0.157848 -0.101018
v 0.235997 0.168659 -0.097753
v 0.227042 0.179194 -0.094044
v 0.217547 0.189347 -0.090111
v 0.208043 0.199011 -0.086174
v 0.199060 0.208080 -0.082453
v 0.191131 0.216448 -0.079169
v 0.184786 0.224007 -0.076541
v 0.180557 0.230651 -0.074789
v 0.178975 0.236273 -0.074134
v 0.178889 0.241012 -0.074098
v 0.178736 0.245339 -0.074035
v 0.178438 0.249252 -0.073911
v 0.177915 0.252752 -0.073695
v 0.177087 0.255838 -0.073352
v 0.175876 0.258511 -0.072850
v 0.174202 0.260770 -0.072157
v 0.171986 0.262614 -0.071239
v 0.169148 0.264045 -0.070063
v 0.165610 0.265062 -0.068598
v 0.161291 0.265664 -0.066809
v 0.156114 0.265852 -0.064664
v 0.152994 0.266101 -0.063372
v 0.150957 0.266828 -0.062529
v 0.149849 0.267966 -0.062069
v 0.149514 0.269445 -0.061931
v 0.149797 0.271197 -0.062048
v 0.150545 0.273154 -0.062358
v 0.151602 0.275248 -0.062796
v 0.152814 0.277410 -0.063298
v 0.154025 0.279573 -0.063799
v 0.155083 0.281666 -0.064237
v 0.155830 0.283624 -0.064547
v 0.156114 0.285376 -0.064664
v 0.160058 0.285826 -0.066298
v 0.163486 0.287332 -0.067718
v 0.166339 0.289685 -0.068900
v 0.168555 0.292677 -0.069818
v 0.170075 0.296097 -0.070447
v 0.170837 0.299737 -0.070763
v 0.170781 0.303388 -0.070740
v 0.169846 0.306841 -0.070353
v 0.167973 0.309886 -0.069577
v 0.165100 0.312314 -0.068387
v 0.161167 0.313916 -0.066758
v 0.156114 0.314484 -0.064664
v 0.152426 0.322254 -0.063137
v 0.148820 0.343816 -0.061643
v 0.145343 0.376506 -0.060203
v 0.142041 0.417662 -0.058835
v 0.138961 0.464622 -0.057560
v 0.136150 0.514724 -0.056395
v 0.133656 0.565305 -0.055362
v 0.131524 0.613702 -0.054479
v 0.129802 0.657254 -0.053766
v 0.128537 0.693297 -0.053242
v 0.127776 0.719170 -0.052926
v 0.127565 0.732210 -0.052839
v 0.127886 0.735588 -0.052972
v 0.128682 0.738246 -0.053302
v 0.129855 0.740312 -0.053788
v 0.131311 0.741911 -0.054391
v 0.132953 0.743173 -0.055071
v 0.134687 0.744223 -0.055789
v 0.136417 0.745189 -0.056506
v 0.138046 0.746198 -0.057181
v 0.139480 0.747377 -0.057775
v 0.140623 0.748853 -0.058248
v 0.141378 0.750753 -0.058561
v 0.141823 0.766799 -0.058745
v 0.141799 0.767692 -0.058735
v 0.127802 0.767692 -0.052937
v 0.127802 0.792245 -0.052937
v 0.164469 0.792245 -0.068126
v 0.164469 0.817093 -0.068126
v 0.192847 0.817093 -0.079880
v 0.192847 0.822347 -0.079880
v 0.192847 0.831499 -0.079880
v 0.192847 0.843839 -0.079880
v 0.192847 0.858652 -0.079880
v 0.192847 0.875226 -0.079880
v 0.192847 0.892848 -0.079880
v 0.192847 0.910805 -0.079880
v 0.192847 0.928384 -0.079880
v 0.192847 0.944872 -0.079880
v 0.192847 0.959556 -0.079880
v 0.192847 0.971722 -0.079880
v 0.192847 0.980659 -0.079880
v 0.163928 0.889702 -0.067901
v 0.197555 0.002454 -0.132002
v 0.201774 0.002644 -0.134821
v 0.205765 0.003187 -0.137488
v 0.209499 0.004041 -0.139983
v 0.212952 0.005162 -0.142290
v 0.216097 0.006508 -0.144392
v 0.218908 0.008037 -0.146270
v 0.221359 0.009705 -0.147907
v 0.223423 0.011471 -0.149286
v 0.225074 0.013291 -0.150389
v 0.226285 0.015124 -0.151199
v 0.227032 0.016926 -0.151698
v 0.227286 0.018656 -0.151868
v 0.227286 0.020964 -0.151868
v 0.227286 0.023336 -0.151868
v 0.227286 0.025753 -0.151868
v 0.227286 0.028199 -0.151868
v 0.227286 0.030655 -0.151868
v 0.227286 0.033102 -0.151868
v 0.227286 0.035524 -0.151868
v 0.227286 0.037902 -0.151868
v 0.227286 0.040219 -0.151868
v 0.227286 0.042455 -0.151868
v 0.227286 0.044595 -0.151868
v 0.227286 0.046618 -0.151868
v 0.226614 0.050082 -0.151419
v 0.224755 0.052730 -0.150177
v 0.221946 0.054708 -0.148300
v 0.218424 0.056159 -0.145946
v 0.214425 0.057229 -0.143274
v 0.210186 0.058064 -0.140442
v 0.205943 0.058808 -0.137607
v 0.201934 0.059607 -0.134928
v 0.198395 0.060605 -0.132564
v 0.195563 0.061948 -0.130671
v 0.193674 0.063780 -0.129409
v 0.192965 0.066247 -0.128935
v 0.193662 0.069016 -0.129401
v 0.195661 0.071743 -0.130736
v 0.198702 0.074554 -0.132768
v 0.202526 0.077580 -0.135323
v 0.206873 0.080946 -0.138228
v 0.211486 0.084783 -0.141310
v 0.216104 0.089216 -0.144396
v 0.220468 0.094376 -0.147312
v 0.224319 0.100388 -0.149885
v 0.227398 0.107383 -0.151942
v 0.229445 0.115486 -0.153310
v 0.230201 0.124827 -0.153815
v 0.228869 0.135826 -0.152925
v 0.225138 0.146868 -0.150432
v 0.219486 0.157848 -0.146656
v 0.212392 0.168659 -0.141915
v 0.204333 0.179194 -0.136531
v 0.195787 0.189347 -0.130821
v 0.187233 0.199011 -0.125105
v 0.179149 0.208080 -0.119704
v 0.172013 0.216448 -0.114936
v 0.166303 0.224007 -0.111120
v 0.162497 0.230651 -0.108577
v 0.161073 0.236273 -0.107626
v 0.160996 0.241012 -0.107574
v 0.160858 0.245339 -0.107482
v 0.160590 0.249252 -0.107303
v 0.160119 0.252752 -0.106988
v 0.159374 0.255838 -0.106490
v 0.158284 0.258511 -0.105762
v 0.156778 0.260770 -0.104755
v 0.154783 0.262614 -0.103423
v 0.152229 0.264045 -0.101716
v 0.149045 0.265062 -0.099589
v 0.145159 0.265664 -0.096992
v 0.140499 0.265852 -0.093878
v 0.137691 0.266101 -0.092002
v 0.135858 0.266828 -0.090777
v 0.134860 0.267966 -0.090111
v 0.134559 0.269445 -0.089909
v 0.134814 0.271197 -0.090080
v 0.135487 0.273154 -0.090529
v 0.136438 0.275248 -0.091165
v 0.137529 0.277410 -0.091894
v 0.138619 0.279573 -0.092622
v 0.139571 0.281666 -0.093258
v 0.140243 0.283624 -0.093708
v 0.140499 0.285376 -0.093878
v 0.144048 0.285826 -0.096250
v 0.147134 0.287332 -0.098312
v 0.149701 0.289685 -0.100027
v 0.151696 0.292677 -0.101360
v 0.153063 0.296097 -0.102274
v 0.153749 0.299737 -0.102732
v 0.153699 0.303388 -0.102698
v 0.152858 0.306841 -0.102136
v 0.151172 0.309886 -0.101010
v 0.148586 0.312314 -0.099282
v 0.145047 0.313916 -0.096917
v 0.140499 0.314484 -0.093878
v 0.137180 0.322254 -0.091661
v 0.133935 0.343816 -0.089492
v 0.130805 0.376506 -0.087401
v 0.127833 0.417662 -0.085416
v 0.125062 0.464622 -0.083564
v 0.122532 0.514724 -0.081873
v 0.120287 0.565305 -0.080373
v 0.118369 0.613702 -0.079091
v 0.116819 0.657254 -0.078056
v 0.115680 0.693297 -0.077295
v 0.114995 0.719170 -0.076837
v 0.114805 0.732210 -0.076710
v 0.115095 0.735588 -0.076904
v 0.115810 0.738246 -0.077382
v 0.116866 0.740312 -0.078088
v 0.118177 0.741911 -0.078963
v 0.119655 0.743173 -0.079951
v 0.121215 0.744223 -0.080994
v 0.122772 0.745189 -0.082034
v 0.124238 0.746198 -0.083013
v 0.125529 0.747377 -0.083876
v 0.126557 0.748853 -0.084563
v 0.127237 0.750753 -0.085017
v 0.127637 0.766799 -0.085284
v 0.127616 0.767692 -0.085270
v 0.115019 0.767692 -0.076853
v 0.115019 0.792245 -0.076853
v 0.148019 0.792245 -0.098903
v 0.148019 0.817093 -0.098903
v 0.173558 0.817093 -0.115968
v 0.173558 0.822347 -0.115968
v 0.173558 0.831499 -0.115968
v 0.173558 0.843839 -0.115968
v 0.173558 0.858652 -0.115968
v 0.173558 0.875226 -0.115968
v 0.173558 0.892848 -0.115968
v 0.147531 0.889702 -0.098577
v 0.168007 0.002454 -0.168007
v 0.171595 0.002644 -0.171595
v 0.174988 0.003187 -0.174988
v 0.178165 0.004041 -0.178165
v 0.181101 0.005162 -0.181101
v 0.183776 0.006508 -0.183776
v 0.186166 0.008037 -0.186166
v 0.188250 0.009705 -0.188250
v 0.190005 0.011471 -0.190005
v 0.191409 0.013291 -0.191409
v 0.192440 0.015124 -0.192440
v 0.193075 0.016926 -0.193075
v 0.193291 0.018656 -0.193291
v 0.193291 0.020964 -0.193291
v 0.193291 0.023336 -0.193291
v 0.193291 0.025753 -0.193291
v 0.193291 0.028199 -0.193291
v 0.193291 0.030655 -0.193291
v 0.193291 0.033102 -0.193291
v 0.193291 0.035524 -0.193291
v 0.193291 0.037902 -0.193291
v 0.193291 0.040219 -0.193291
v 0.193291 0.042455 -0.193291
v 0.193291 0.044595 -0.193291
v 0.193291 0.046618 -0.193291
v 0.192719 0.050082 -0.192719
v 0.191138 0.052730 -0.191138
v 0.188750 0.054708 -0.188750
v 0.185754 0.056159 -0.185754
v 0.182353 0.057229 -0.182353
v 0.178748 0.058064 -0.178748
v 0.175141 0.058808 -0.175141
v 0.171731 0.059607 -0.171731
v 0.168721 0.060605 -0.168721
v 0.166313 0.061948 -0.166313
v 0.164706 0.063780 -0.164706
v 0.164103 0.066247 -0.164103
v 0.164696 0.069016 -0.164696
v 0.166396 0.071743 -0.166396
v 0.168982 0.074554 -0.168982
v 0.172234 0.077580 -0.172234
v 0.175931 0.080946 -0.175931
v 0.179854 0.084783 -0.179854
v 0.183781 0.089216 -0.183781
v 0.187493 0.094376 -0.187493
v 0.190768 0.100388 -0.190768
v 0.193386 0.107383 -0.193386
v 0.195127 0.115486 -0.195127
v 0.195770 0.124827 -0.195770
v 0.194637 0.135826 -0.194637
v 0.191464 0.146868 -0.191464
v 0.186657 0.157848 -0.186657
v 0.180624 0.168659 -0.180624
v 0.173771 0.179194 -0.173771
v 0.166503 0.189347 -0.166503
v 0.159229 0.199011 -0.159229
v 0.152354 0.208080 -0.152354
v 0.146285 0.216448 -0.146285
v 0.141429 0.224007 -0.141429
v 0.138192 0.230651 -0.138192
v 0.136982 0.236273 -0.136982
v 0.136916 0.241012 -0.136916
v 0.136799 0.245339 -0.136799
v 0.136570 0.249252 -0.136570
v 0.136170 0.252752 -0.136170
v 0.135537 0.255838 -0.135537
v 0.134610 0.258511 -0.134610
v 0.133328 0.260770 -0.133328
v 0.131632 0.262614 -0.131632
v 0.129460 0.264045 -0.129460
v 0.126752 0.265062 -0.126752
v 0.123447 0.265664 -0.123447
v 0.119484 0.265852 -0.119484
v 0.117097 0.266101 -0.117097
v 0.115538 0.266828 -0.115538
v 0.114689 0.267966 -0.114689
v 0.114433 0.269445 -0.114433
v 0.114650 0.271197 -0.114650
v 0.115222 0.273154 -0.115222
v 0.116031 0.275248 -0.116031
v 0.116959 0.277410 -0.116959
v 0.117886 0.279573 -0.117886
v 0.118695 0.281666 -0.118695
v 0.119267 0.283624 -0.119267
v 0.119484 0.285376 -0.119484
v 0.122503 0.285826 -0.122503
v 0.125127 0.287332 -0.125127
v 0.127310 0.289685 -0.127310
v 0.129007 0.292677 -0.129007
v 0.130170 0.296097 -0.130170
v 0.130753 0.299737 -0.130753
v 0.130710 0.303388 -0.130710
v 0.129995 0.306841 -0.129995
v 0.128561 0.309886 -0.128561
v 0.126362 0.312314 -0.126362
v 0.123352 0.313916 -0.123352
v 0.119484 0.314484 -0.119484
v 0.116662 0.322254 -0.116662
v 0.113902 0.343816 -0.113902
v 0.111241 0.376506 -0.111241
v 0.108713 0.417662 -0.108713
v 0.106356 0.464622 -0.106356
v 0.104205 0.514724 -0.104205
v 0.102296 0.565305 -0.102296
v 0.100664 0.613702 -0.100664
v 0.099346 0.657254 -0.099346
v 0.098378 0.693297 -0.098378
v 0.097795 0.719170 -0.097795
v 0.097634 0.732210 -0.097634
v 0.097880 0.735588 -0.097880
v 0.098489 0.738246 -0.098489
v 0.099387 0.740312 -0.099387
v 0.100501 0.741911 -0.100501
v 0.101758 0.743173 -0.101758
v 0.103085 0.744223 -0.103085
v 0.104409 0.745189 -0.104409
v 0.105656 0.746198 -0.105656
v 0.106754 0.747377 -0.106754
v 0.107628 0.748853 -0.107628
v 0.108206 0.750753 -0.108206
v 0.108547 0.766799 -0.108546
v 0.108528 0.767692 -0.108528
v 0.097816 0.767692 -0.097815
v 0.097815 0.792245 -0.097815
v 0.125880 0.792245 -0.125879
v 0.125880 0.817093 -0.125879
v 0.147599 0.817093 -0.147599
v 0.147599 0.822347 -0.147599
v 0.147599 0.831499 -0.147599
v 0.147599 0.843839 -0.147599
v 0.147599 0.858652 -0.147599
v 0.147599 0.875226 -0.147599
v 0.147599 0.892848 -0.147599
v 0.147599 0.910805 -0.147599
v 0.147599 0.928384 -0.147599
v 0.147599 0.944872 -0.147599
v 0.147599 0.959556 -0.147599
v 0.147599 0.971722 -0.147599
v 0.147599 0.980659 -0.147599
v 0.125465 0.980659 -0.125465
v 0.125465 0.889702 -0.125465
v 0.132002 0.002454 -0.197555
v 0.134821 0.002644 -0.201774
v 0.137488 0.003187 -0.205765
v 0.139983 0.004041 -0.209499
v 0.142290 0.005162 -0.212952
v 0.144392 0.006508 -0.216098
v 0.146270 0.008037 -0.218908
v 0.147907 0.009705 -0.221359
v 0.149286 0.011471 -0.223423
v 0.150389 0.013291 -0.225074
v 0.151199 0.015124 -0.226285
v 0.151698 0.016926 -0.227032
v 0.151868 0.018656 -0.227286
v 0.151868 0.020964 -0.227286
v 0.151868 0.023336 -0.227286
v 0.151868 0.025753 -0.227286
v 0.151868 0.028199 -0.227286
v 0.151868 0.030655 -0.227286
v 0.151868 0.033102 -0.227286
v 0.151868 0.035524 -0.227286
v 0.151868 0.037902 -0.227286
v 0.151868 0.040219 -0.227286
v 0.151868 0.042455 -0.227286
v 0.151868 0.044595 -0.227286
v 0.151868 0.046618 -0.227286
v 0.151419 0.050082 -0.226614
v 0.150176 0.052730 -0.224755
v 0.148300 0.054708 -0.221946
v 0.145946 0.056159 -0.218424
v 0.143274 0.057229 -0.214425
v 0.140442 0.058064 -0.210186
v 0.137607 0.058808 -0.205944
v 0.134928 0.059607 -0.201935
v 0.132564 0.060605 -0.198395
v 0.130671 0.061948 -0.195563
v 0.129409 0.063780 -0.193674
v 0.128935 0.066247 -0.192965
v 0.129401 0.069016 -0.193662
v 0.130736 0.071743 -0.195661
v 0.132768 0.074554 -0.198702
v 0.135323 0.077580 -0.202526
v 0.138228 0.080946 -0.206874
v 0.141310 0.084783 -0.211486
v 0.144396 0.089216 -0.216104
v 0.147312 0.094376 -0.220468
v 0.149885 0.100388 -0.224319
v 0.151942 0.107383 -0.227398
v 0.153310 0.115486 -0.229445
v 0.153815 0.124827 -0.230201
v 0.152925 0.135826 -0.228869
v 0.150432 0.146868 -0.225138
v 0.146656 0.157848 -0.219486
v 0.141915 0.168659 -0.212392
v 0.136531 0.179194 -0.204333
v 0.130821 0.189347 -0.195787
v 0.125105 0.199011 -0.187233
v 0.119704 0.208080 -0.179149
v 0.114936 0.216448 -0.172013
v 0.111120 0.224007 -0.166303
v 0.108577 0.230651 -0.162497
v 0.107626 0.236273 -0.161073
v 0.107574 0.241012 -0.160996
v 0.107482 0.245339 -0.160858
v 0.107303 0.249252 -0.160590
v 0.106988 0.252752 -0.160119
v 0.106490 0.255838 -0.159374
v 0.105762 0.258511 -0.158284
v 0.104755 0.260770 -0.156778
v 0.103423 0.262614 -0.154783
v 0.101716 0.264045 -0.152229
v 0.099589 0.265062 -0.149045
v 0.096992 0.265664 -0.145159
v 0.093878 0.265852 -0.140499
v 0.092002 0.266101 -0.137691
v 0.090777 0.266828 -0.135858
v 0.090111 0.267966 -0.134860
v 0.089909 0.269445 -0.134559
v 0.090080 0.271197 -0.134814
v 0.090529 0.273154 -0.135487
v 0.091165 0.275248 -0.136438
v 0.091894 0.277410 -0.137529
v 0.092622 0.279573 -0.138619
v 0.093258 0.281666 -0.139571
v 0.093708 0.283624 -0.140243
v 0.093878 0.285376 -0.140499
v 0.096250 0.285826 -0.144048
v 0.098312 0.287332 -0.147134
v 0.100027 0.289685 -0.149701
v 0.101360 0.292677 -0.151696
v 0.102274 0.296097 -0.153063
v 0.102732 0.299737 -0.153749
v 0.102698 0.303388 -0.153699
v 0.102136 0.306841 -0.152858
v 0.101010 0.309886 -0.151172
v 0.099282 0.312314 -0.148586
v 0.096917 0.313916 -0.145047
v 0.093878 0.314484 -0.140499
v 0.091661 0.322254 -0.137180
v 0.089492 0.343816 -0.133935
v 0.087401 0.376506 -0.130805
v 0.085416 0.417662 -0.127834
v 0.083564 0.464622 -0.125062
v 0.081873 0.514724 -0.122532
v 0.080373 0.565305 -0.120287
v 0.079091 0.613702 -0.118369
v 0.078056 0.657254 -0.116819
v 0.077295 0.693297 -0.115680
v 0.076837 0.719170 -0.114995
v 0.076711 0.732210 -0.114805
v 0.076904 0.735588 -0.115095
v 0.077382 0.738246 -0.115810
v 0.078088 0.740312 -0.116866
v 0.078963 0.741911 -0.118177
v 0.079951 0.743173 -0.119655
v 0.080994 0.744223 -0.121215
v 0.082034 0.745189 -0.122772
v 0.083013 0.746198 -0.124238
v 0.083876 0.747377 -0.125529
v 0.084563 0.748853 -0.126557
v 0.085017 0.750753 -0.127237
v 0.085284 0.766799 -0.127637
v 0.085270 0.767692 -0.127616
v 0.076853 0.767692 -0.115019
v 0.076853 0.792245 -0.115019
v 0.098903 0.792245 -0.148019
v 0.098903 0.817093 -0.148019
v 0.115968 0.817093 -0.173558
v 0.115968 0.822347 -0.173558
v 0.115968 0.831499 -0.173558
v 0.115968 0.843839 -0.173558
v 0.115968 0.858652 -0.173558
v 0.115968 0.875226 -0.173558
v 0.115968 0.892848 -0.173558
v 0.115968 0.910805 -0.173558
v 0.115968 0.928384 -0.173558
v 0.115968 0.944872 -0.173558
v 0.115968 0.959556 -0.173558
v 0.115968 0.971722 -0.173558
v 0.115968 0.980659 -0.173558
v 0.098577 0.980659 -0.147531
v 0.098577 0.889702 -0.147531
v 0.090925 0.002454 -0.219512
v 0.092867 0.002644 -0.224200
v 0.094703 0.003187 -0.228633
v 0.096422 0.004041 -0.232783
v 0.098011 0.005162 -0.236620
v 0.099459 0.006508 -0.240115
v 0.100752 0.008037 -0.243238
v 0.101880 0.009705 -0.245961
v 0.102830 0.011471 -0.248254
v 0.103590 0.013291 -0.250088
v 0.104148 0.015124 -0.251435
v 0.104491 0.016926 -0.252264
v 0.104608 0.018656 -0.252547
v 0.104608 0.020964 -0.252547
v 0.104608 0.023336 -0.252547
v 0.104608 0.025753 -0.252547
v 0.104608 0.028199 -0.252547
v 0.104608 0.030655 -0.252547
v 0.104608 0.033102 -0.252547
v 0.104608 0.035524 -0.252547
v 0.104608 0.037902 -0.252547
v 0.104608 0.040219 -0.252547
v 0.104608 0.042455 -0.252547
v 0.104608 0.044595 -0.252547
v 0.104608 0.046618 -0.252547
v 0.104299 0.050082 -0.251800
v 0.103443 0.052730 -0.249734
v 0.102151 0.054708 -0.246613
v 0.100529 0.056159 -0.242700
v 0.098689 0.057229 -0.238256
v 0.096738 0.058064 -0.233546
v 0.094785 0.058808 -0.228832
v 0.092940 0.059607 -0.224378
v 0.091311 0.060605 -0.220445
v 0.090008 0.061948 -0.217298
v 0.089138 0.063780 -0.215199
v 0.088812 0.066247 -0.214411
v 0.089133 0.069016 -0.215186
v 0.090053 0.071743 -0.217406
v 0.091452 0.074554 -0.220785
v 0.093212 0.077580 -0.225034
v 0.095213 0.080946 -0.229865
v 0.097336 0.084783 -0.234991
v 0.099462 0.089216 -0.240122
v 0.101470 0.094376 -0.244971
v 0.103243 0.100388 -0.249250
v 0.104660 0.107383 -0.252671
v 0.105602 0.115486 -0.254945
v 0.105950 0.124827 -0.255785
v 0.105337 0.135826 -0.254305
v 0.103620 0.146868 -0.250160
v 0.101018 0.157848 -0.243880
v 0.097753 0.168659 -0.235997
v 0.094044 0.179194 -0.227042
v 0.090111 0.189347 -0.217547
v 0.086174 0.199011 -0.208043
v 0.082453 0.208080 -0.199060
v 0.079169 0.216448 -0.191131
v 0.076541 0.224007 -0.184786
v 0.074789 0.230651 -0.180557
v 0.074134 0.236273 -0.178975
v 0.074098 0.241012 -0.178889
v 0.074035 0.245339 -0.178736
v 0.073911 0.249252 -0.178438
v 0.073695 0.252752 -0.177915
v 0.073352 0.255838 -0.177087
v 0.072850 0.258511 -0.175876
v 0.072157 0.260770 -0.174202
v 0.071239 0.262614 -0.171986
v 0.070063 0.264045 -0.169148
v 0.068598 0.265062 -0.165610
v 0.066809 0.265664 -0.161291
v 0.064664 0.265852 -0.156114
v 0.063372 0.266101 -0.152994
v 0.062529 0.266828 -0.150957
v 0.062069 0.267966 -0.149849
v 0.061931 0.269445 -0.149514
v 0.062048 0.271197 -0.149797
v 0.062358 0.273154 -0.150545
v 0.062796 0.275248 -0.151602
v 0.063298 0.277410 -0.152814
v 0.063799 0.279573 -0.154025
v 0.064237 0.281666 -0.155083
v 0.064547 0.283624 -0.155830
v 0.064664 0.285376 -0.156114
v 0.066298 0.285826 -0.160058
v 0.067718 0.287332 -0.163486
v 0.068900 0.289685 -0.166339
v 0.069818 0.292677 -0.168555
v 0.070447 0.296097 -0.170075
v 0.070763 0.299737 -0.170837
v 0.070740 0.303388 -0.170781
v 0.070353 0.306841 -0.169846
v 0.069577 0.309886 -0.167973
v 0.068387 0.312314 -0.165100
v 0.066758 0.313916 -0.161167
v 0.064664 0.314484 -0.156114
v 0.063137 0.322254 -0.152426
v 0.061643 0.343816 -0.148820
v 0.060203 0.376506 -0.145343
v 0.058835 0.417662 -0.142041
v 0.057560 0.464622 -0.138961
v 0.056395 0.514724 -0.136150
v 0.055362 0.565305 -0.133656
v 0.054479 0.613702 -0.131524
v 0.053766 0.657254 -0.129802
v 0.053242 0.693297 -0.128537
v 0.052926 0.719170 -0.127776
v 0.052839 0.732210 -0.127565
v 0.052972 0.735588 -0.127886
v 0.053302 0.738246 -0.128682
v 0.053788 0.740312 -0.129855
v 0.054391 0.741911 -0.131311
v 0.055071 0.743173 -0.132953
v 0.055789 0.744223 -0.134687
v 0.056506 0.745189 -0.136417
v 0.057181 0.746198 -0.138046
v 0.057775 0.747377 -0.139480
v 0.058248 0.748853 -0.140623
v 0.058561 0.750753 -0.141378
v 0.058745 0.766799 -0.141823
v 0.058735 0.767692 -0.141799
v 0.052937 0.767692 -0.127802
v 0.052937 0.792245 -0.127802
v 0.068126 0.792245 -0.164470
v 0.068126 0.817093 -0.164470
v 0.079880 0.817093 -0.192847
v 0.079880 0.822347 -0.192847
v 0.079880 0.831499 -0.192847
v 0.079880 0.843839 -0.192847
v 0.079880 0.858652 -0.192847
v 0.079880 0.875226 -0.192847
v 0.079880 0.892848 -0.192847
v 0.079880 0.910805 -0.192847
v 0.079880 0.928384 -0.192847
v 0.079880 0.944872 -0.192847
v 0.079880 0.959556 -0.192847
v 0.079880 0.971722 -0.192847
v 0.079880 0.980659 -0.192847
v 0.067901 0.980659 -0.163928
v 0.067901 0.889702 -0.163928
v 0.046353 0.002454 -0.233032
v 0.047343 0.002644 -0.238009
v 0.048279 0.003187 -0.242716
v 0.049155 0.004041 -0.247121
v 0.049966 0.005162 -0.251194
v 0.050704 0.006508 -0.254904
v 0.051363 0.008037 -0.258220
v 0.051938 0.009705 -0.261111
v 0.052422 0.011471 -0.263545
v 0.052810 0.013291 -0.265492
v 0.053094 0.015124 -0.266922
v 0.053269 0.016926 -0.267802
v 0.053329 0.018656 -0.268102
v 0.053329 0.020964 -0.268102
v 0.053329 0.023336 -0.268102
v 0.053329 0.025753 -0.268102
v 0.053329 0.028199 -0.268102
v 0.053329 0.030655 -0.268102
v 0.053329 0.033102 -0.268102
v 0.053329 0.035524 -0.268102
v 0.053329 0.037902 -0.268102
v 0.053329 0.040219 -0.268102
v 0.053329 0.042455 -0.268102
v 0.053329 0.044595 -0.268102
v 0.053329 0.046618 -0.268102
v 0.053171 0.050082 -0.267309
v 0.052735 0.052730 -0.265117
v 0.052076 0.054708 -0.261803
v 0.051249 0.056159 -0.257648
v 0.050311 0.057229 -0.252931
v 0.049317 0.058064 -0.247931
v 0.048321 0.058808 -0.242927
v 0.047381 0.059607 -0.238198
v 0.046550 0.060605 -0.234023
v 0.045886 0.061948 -0.230682
v 0.045442 0.063780 -0.228454
v 0.045276 0.066247 -0.227618
v 0.045440 0.069016 -0.228440
v 0.045908 0.071743 -0.230797
v 0.046622 0.074554 -0.234384
v 0.047519 0.077580 -0.238895
v 0.048539 0.080946 -0.244024
v 0.049622 0.084783 -0.249465
v 0.050705 0.089216 -0.254912
v 0.051729 0.094376 -0.260060
v 0.052633 0.100388 -0.264602
v 0.053355 0.107383 -0.268234
v 0.053835 0.115486 -0.270648
v 0.054013 0.124827 -0.271540
v 0.053700 0.135826 -0.269969
v 0.052825 0.146868 -0.265568
v 0.051499 0.157848 -0.258901
v 0.049834 0.168659 -0.250533
v 0.047943 0.179194 -0.241027
v 0.045938 0.189347 -0.230947
v 0.043931 0.199011 -0.220857
v 0.042034 0.208080 -0.211321
v 0.040360 0.216448 -0.202904
v 0.039020 0.224007 -0.196168
v 0.038127 0.230651 -0.191678
v 0.037793 0.236273 -0.189999
v 0.037775 0.241012 -0.189907
v 0.037743 0.245339 -0.189745
v 0.037680 0.249252 -0.189429
v 0.037569 0.252752 -0.188873
v 0.037394 0.255838 -0.187995
v 0.037139 0.258511 -0.186709
v 0.036785 0.260770 -0.184932
v 0.036317 0.262614 -0.182579
v 0.035718 0.264045 -0.179567
v 0.034971 0.265062 -0.175811
v 0.034059 0.265664 -0.171226
v 0.032966 0.265852 -0.165730
v 0.032307 0.266101 -0.162418
v 0.031877 0.266828 -0.160256
v 0.031643 0.267966 -0.159079
v 0.031572 0.269445 -0.158723
v 0.031632 0.271197 -0.159024
v 0.031790 0.273154 -0.159818
v 0.032013 0.275248 -0.160940
v 0.032269 0.277410 -0.162226
v 0.032525 0.279573 -0.163513
v 0.032748 0.281666 -0.164635
v 0.032906 0.283624 -0.165428
v 0.032966 0.285376 -0.165730
v 0.033798 0.285826 -0.169916
v 0.034522 0.287332 -0.173556
v 0.035125 0.289685 -0.176585
v 0.035593 0.292677 -0.178937
v 0.035914 0.296097 -0.180550
v 0.036075 0.299737 -0.181359
v 0.036063 0.303388 -0.181300
v 0.035865 0.306841 -0.180308
v 0.035470 0.309886 -0.178319
v 0.034863 0.312314 -0.175269
v 0.034033 0.313916 -0.171094
v 0.032966 0.314484 -0.165730
v 0.032187 0.322254 -0.161815
v 0.031426 0.343816 -0.157987
v 0.030691 0.376506 -0.154295
v 0.029994 0.417662 -0.150790
v 0.029344 0.464622 -0.147520
v 0.028750 0.514724 -0.144537
v 0.028223 0.565305 -0.141888
v 0.027773 0.613702 -0.139625
v 0.027410 0.657254 -0.137797
v 0.027143 0.693297 -0.136454
v 0.026982 0.719170 -0.135646
v 0.026937 0.732210 -0.135422
v 0.027005 0.735588 -0.135763
v 0.027173 0.738246 -0.136608
v 0.027421 0.740312 -0.137853
v 0.027728 0.741911 -0.139399
v 0.028075 0.743173 -0.141143
v 0.028441 0.744223 -0.142983
v 0.028806 0.745189 -0.144819
v 0.029150 0.746198 -0.146549
v 0.029453 0.747377 -0.148071
v 0.029695 0.748853 -0.149284
v 0.029854 0.750753 -0.150087
v 0.029948 0.766799 -0.150558
v 0.029943 0.767692 -0.150533
v 0.026987 0.767692 -0.135674
v 0.026987 0.792245 -0.135674
v 0.034730 0.792245 -0.174600
v 0.034730 0.817093 -0.174600
v 0.040722 0.817093 -0.204725
v 0.040722 0.822347 -0.204725
v 0.040722 0.831499 -0.204725
v 0.040722 0.843839 -0.204725
v 0.040722 0.858652 -0.204725
v 0.040722 0.875226 -0.204725
v 0.040722 0.892848 -0.204725
v 0.040722 0.910805 -0.204725
v 0.040722 0.928384 -0.204725
v 0.040722 0.944872 -0.204725
v 0.040722 0.959556 -0.204725
v 0.040722 0.971722 -0.204725
v 0.040722 0.980659 -0.204725
v 0.034616 0.980659 -0.174025
v 0.034616 0.889702 -0.174025
v -0.000000 0.002454 -0.237598
v -0.000000 0.002644 -0.242672
v -0.000000 0.003187 -0.247471
v -0.000000 0.004041 -0.251963
v -0.000000 0.005162 -0.256116
v -0.000000 0.006508 -0.259898
v -0.000000 0.008037 -0.263279
v -0.000000 0.009705 -0.266226
v -0.000000 0.011471 -0.268708
v -0.000000 0.013291 -0.270694
v -0.000000 0.015124 -0.272151
v -0.000000 0.016926 -0.273049
v -0.000000 0.018656 -0.273355
v -0.000000 0.020964 -0.273355
v -0.000000 0.023336 -0.273355
v -0.000000 0.025753 -0.273355
v -0.000000 0.028199 -0.273355
v -0.000000 0.030655 -0.273355
v -0.000000 0.033102 -0.273355
v -0.000000 0.035524 -0.273355
v -0.000000 0.037902 -0.273355
v -0.000000 0.040219 -0.273355
v -0.000000 0.042455 -0.273355
v -0.000000 0.044595 -0.273355
v -0.000000 0.046618 -0.273355
v -0.000000 0.050082 -0.272546
v -0.000000 0.052730 -0.270311
v -0.000000 0.054708 -0.266932
v -0.000000 0.056159 -0.262696
v -0.000000 0.057229 -0.257887
v -0.000000 0.058064 -0.252788
v -0.000000 0.058808 -0.247686
v -0.000000 0.059607 -0.242865
v -0.000000 0.060605 -0.238608
v -0.000000 0.061948 -0.235202
v -0.000000 0.063780 -0.232930
v -0.000000 0.066247 -0.232077
v -0.000000 0.069016 -0.232915
v -0.000000 0.071743 -0.235319
v -0.000000 0.074554 -0.238976
v -0.000000 0.077580 -0.243575
v -0.000000 0.080946 -0.248805
v -0.000000 0.084783 -0.254352
v -0.000000 0.089216 -0.259906
v -0.000000 0.094376 -0.265155
v -0.000000 0.100388 -0.269786
v -0.000000 0.107383 -0.273489
v -0.000000 0.115486 -0.275951
v -0.000000 0.124827 -0.276860
v -0.000000 0.135826 -0.275258
v -0.000000 0.146868 -0.270771
v 0.000000 0.157848 -0.263974
v 0.000000 0.168659 -0.255441
v 0.000000 0.179194 -0.245749
v 0.000000 0.189347 -0.235471
v 0.000000 0.199011 -0.225184
v 0.000000 0.208080 -0.215461
v 0.000000 0.216448 -0.206879
v 0.000000 0.224007 -0.200011
v 0.000000 0.230651 -0.195434
v 0.000000 0.236273 -0.193721
v 0.000000 0.241012 -0.193628
v 0.000000 0.245339 -0.193463
v 0.000000 0.249252 -0.193140
v 0.000000 0.252752 -0.192573
v 0.000000 0.255838 -0.191678
v 0.000000 0.258511 -0.190367
v 0.000000 0.260770 -0.188555
v 0.000000 0.262614 -0.186156
v 0.000000 0.264045 -0.183085
v 0.000000 0.265062 -0.179255
v 0.000000 0.265664 -0.174581
v 0.000000 0.265852 -0.168976
v 0.000000 0.266101 -0.165600
v 0.000000 0.266828 -0.163395
v 0.000000 0.267966 -0.162195
v 0.000000 0.269445 -0.161832
v 0.000000 0.271197 -0.162139
v 0.000000 0.273154 -0.162949
v 0.000000 0.275248 -0.164093
v 0.000000 0.277410 -0.165404
v 0.000000 0.279573 -0.166716
v 0.000000 0.281666 -0.167860
v 0.000000 0.283624 -0.168669
v 0.000000 0.285376 -0.168976
v 0.000000 0.285826 -0.173245
v 0.000000 0.287332 -0.176956
v 0.000000 0.289685 -0.180044
v 0.000000 0.292677 -0.182443
v 0.000000 0.296097 -0.184088
v 0.000000 0.299737 -0.184912
v 0.000000 0.303388 -0.184852
v 0.000000 0.306841 -0.183840
v 0.000000 0.309886 -0.181813
v 0.000000 0.312314 -0.178703
v 0.000000 0.313916 -0.174446
v 0.000000 0.314484 -0.168976
v 0.000000 0.322254 -0.164985
v 0.000000 0.343816 -0.161082
v 0.000000 0.376506 -0.157318
v 0.000000 0.417662 -0.153744
v 0.000000 0.464622 -0.150410
v 0.000000 0.514724 -0.147368
v 0.000000 0.565305 -0.144668
v 0.000000 0.613702 -0.142361
v 0.000000 0.657254 -0.140497
v 0.000000 0.693297 -0.139128
v 0.000000 0.719170 -0.138304
v 0.000000 0.732210 -0.138075
v 0.000000 0.735588 -0.138423
v 0.000000 0.738246 -0.139284
v 0.000000 0.740312 -0.140554
v 0.000000 0.741911 -0.142130
v 0.000000 0.743173 -0.143908
v 0.000000 0.744223 -0.145785
v 0.000000 0.745189 -0.147657
v 0.000000 0.746198 -0.149420
v 0.000000 0.747377 -0.150972
v 0.000000 0.748853 -0.152209
v 0.000000 0.750753 -0.153027
v 0.000000 0.766799 -0.153508
v 0.000000 0.767692 -0.153482
v 0.000000 0.767692 -0.138332
v 0.000000 0.792245 -0.138332
v 0.000000 0.792245 -0.178021
v 0.000000 0.817093 -0.178021
v 0.000000 0.817093 -0.208736
v 0.000000 0.822347 -0.208736
v 0.000000 0.831499 -0.208736
v 0.000000 0.843839 -0.208736
v 0.000000 0.858652 -0.208736
v 0.000000 0.875226 -0.208736
v 0.000000 0.892848 -0.208736
v -0.000000 0.889702 -0.177435
v -0.046353 0.002454 -0.233032
v -0.047343 0.002644 -0.238009
v -0.048279 0.003187 -0.242716
v -0.049155 0.004041 -0.247121
v -0.049966 0.005162 -0.251194
v -0.050704 0.006508 -0.254904
v -0.051363 0.008037 -0.258220
v -0.051938 0.009705 -0.261111
v -0.052422 0.011471 -0.263545
v -0.052810 0.013291 -0.265492
v -0.053094 0.015124 -0.266922
v -0.053269 0.016926 -0.267802
v -0.053329 0.018656 -0.268102
v -0.053329 0.020964 -0.268102
v -0.053329 0.023336 -0.268102
v -0.053329 0.025753 -0.268102
v -0.053329 0.028199 -0.268102
v -0.053329 0.030655 -0.268102
v -0.053329 0.033102 -0.268102
v -0.053329 0.035524 -0.268102
v -0.053329 0.037902 -0.268102
v -0.053329 0.040219 -0.268102
v -0.053329 0.042455 -0.268102
v -0.053329 0.044595 -0.268102
v -0.053329 0.046618 -0.268102
v -0.053171 0.050082 -0.267309
v -0.052735 0.052730 -0.265117
v -0.052076 0.054708 -0.261803
v -0.051249 0.056159 -0.257648
v -0.050311 0.057229 -0.252931
v -0.049317 0.058064 -0.247931
v -0.048321 0.058808 -0.242927
v -0.047381 0.059607 -0.238198
v -0.046550 0.060605 -0.234023
v -0.045886 0.061948 -0.230682
v -0.045442 0.063780 -0.228454
v -0.045276 0.066247 -0.227618
v -0.045440 0.069016 -0.228440
v -0.045908 0.071743 -0.230797
v -0.046622 0.074554 -0.234384
v -0.047519 0.077580 -0.238895
v -0.048539 0.080946 -0.244024
v -0.049622 0.084783 -0.249465
v -0.050705 0.089216 -0.254912
v -0.051729 0.094376 -0.260060
v -0.052633 0.100388 -0.264602
v -0.053355 0.107383 -0.268234
v -0.053835 0.115486 -0.270648
v -0.054013 0.124827 -0.271540
v -0.053700 0.135826 -0.269969
v -0.052825 0.146868 -0.265568
v -0.051499 0.157848 -0.258901
v -0.049834 0.168659 -0.250533
v -0.047943 0.179194 -0.241027
v -0.045938 0.189347 -0.230947
v -0.043931 0.199011 -0.220857
v -0.042034 0.208080 -0.211321
v -0.040360 0.216448 -0.202903
v -0.039020 0.224007 -0.196168
v -0.038127 0.230651 -0.191678
v -0.037793 0.236273 -0.189999
v -0.037775 0.241012 -0.189907
v -0.037743 0.245339 -0.189745
v -0.037680 0.249252 -0.189429
v -0.037569 0.252752 -0.188873
v -0.037394 0.255838 -0.187995
v -0.037139 0.258511 -0.186709
v -0.036785 0.260770 -0.184932
v -0.036317 0.262614 -0.182579
v -0.035718 0.264045 -0.179567
v -0.034971 0.265062 -0.175811
v -0.034059 0.265664 -0.171226
v -0.032966 0.265852 -0.165730
v -0.032307 0.266101 -0.162418
v -0.031877 0.266828 -0.160256
v -0.031643 0.267966 -0.159079
v -0.031572 0.269445 -0.158723
v -0.031632 0.271197 -0.159024
v -0.031790 0.273154 -0.159818
v -0.032013 0.275248 -0.160940
v -0.032269 0.277410 -0.162226
v -0.032525 0.279573 -0.163513
v -0.032748 0.281666 -0.164635
v -0.032906 0.283624 -0.165428
v -0.032966 0.285376 -0.165730
v -0.033798 0.285826 -0.169916
v -0.034522 0.287332 -0.173556
v -0.035125 0.289685 -0.176585
v -0.035593 0.292677 -0.178937
v -0.035914 0.296097 -0.180550
v -0.036075 0.299737 -0.181359
v -0.036063 0.303388 -0.181300
v -0.035865 0.306841 -0.180308
v -0.035470 0.309886 -0.178319
v -0.034863 0.312314 -0.175269
v -0.034033 0.313916 -0.171094
v -0.032966 0.314484 -0.165730
v -0.032187 0.322254 -0.161815
v -0.031426 0.343816 -0.157987
v -0.030691 0.376506 -0.154295
v -0.029994 0.417662 -0.150790
v -0.029344 0.464622 -0.147520
v -0.028750 0.514724 -0.144537
v -0.028223 0.565305 -0.141888
v -0.027773 0.613702 -0.139625
v -0.027410 0.657254 -0.137797
v -0.027142 0.693297 -0.136454
v -0.026982 0.719170 -0.135646
v -0.026937 0.732210 -0.135422
v -0.027005 0.735588 -0.135763
v -0.027173 0.738246 -0.136608
v -0.027421 0.740312 -0.137853
v -0.027728 0.741911 -0.139399
v -0.028075 0.743173 -0.141143
v -0.028441 0.744223 -0.142983
v -0.028806 0.745189 -0.144819
v -0.029150 0.746198 -0.146549
v -0.029453 0.747377 -0.148071
v -0.029694 0.748853 -0.149284
v -0.029854 0.750753 -0.150087
v -0.029948 0.766799 -0.150558
v -0.029943 0.767692 -0.150533
v -0.026987 0.767692 -0.135674
v -0.026987 0.792245 -0.135674
v -0.034730 0.792245 -0.174600
v -0.034730 0.817093 -0.174600
v -0.040722 0.817093 -0.204725
v -0.040722 0.822347 -0.204725
v -0.040722 0.831499 -0.204725
v -0.040722 0.843839 -0.204725
v -0.040722 0.858652 -0.204725
v -0.040722 0.875226 -0.204725
v -0.040722 0.892848 -0.204725
v -0.040722 0.910805 -0.204725
v -0.040722 0.928384 -0.204725
v -0.040722 0.944872 -0.204725
v -0.040722 0.959556 -0.204725
v -0.040722 0.971722 -0.204725
v -0.040722 0.980659 -0.204725
v -0.034616 0.980659 -0.174025
v -0.034616 0.889702 -0.174025
v -0.090925 0.002454 -0.219512
v -0.092867 0.002644 -0.224200
v -0.094703 0.003187 -0.228633
v -0.096422 0.004041 -0.232783
v -0.098011 0.005162 -0.236620
v -0.099459 0.006508 -0.240115
v -0.100753 0.008037 -0.243238
v -0.101880 0.009705 -0.245961
v -0.102830 0.011471 -0.248254
v -0.103590 0.013291 -0.250088
v -0.104148 0.015124 -0.251435
v -0.104491 0.016926 -0.252264
v -0.104608 0.018656 -0.252547
v -0.104608 0.020964 -0.252547
v -0.104608 0.023336 -0.252547
v -0.104608 0.025753 -0.252547
v -0.104608 0.028199 -0.252547
v -0.104608 0.030655 -0.252547
v -0.104608 0.033102 -0.252547
v -0.104608 0.035524 -0.252547
v -0.104608 0.037902 -0.252547
v -0.104608 0.040219 -0.252547
v -0.104608 0.042455 -0.252547
v -0.104608 0.044595 -0.252547
v -0.104608 0.046618 -0.252547
v -0.104299 0.050082 -0.251800
v -0.103443 0.052730 -0.249734
v -0.102151 0.054708 -0.246613
v -0.100529 0.056159 -0.242700
v -0.098689 0.057229 -0.238256
v -0.096738 0.058064 -0.233546
v -0.094785 0.058808 -0.228832
v -0.092940 0.059607 -0.224378
v -0.091311 0.060605 -0.220445
v -0.090008 0.061948 -0.217298
v -0.089138 0.063780 -0.215199
v -0.088812 0.066247 -0.214411
v -0.089133 0.069016 -0.215186
v -0.090053 0.071743 -0.217406
v -0.091452 0.074554 -0.220785
v -0.093212 0.077580 -0.225034
v -0.095213 0.080946 -0.229865
v -0.097336 0.084783 -0.234991
v -0.099462 0.089216 -0.240122
v -0.101470 0.094376 -0.244971
v -0.103243 0.100388 -0.249250
v -0.104660 0.107383 -0.252671
v -0.105602 0.115486 -0.254945
v -0.105950 0.124827 -0.255785
v -0.105337 0.135826 -0.254305
v -0.103620 0.146868 -0.250160
v -0.101018 0.157848 -0.243880
v -0.097753 0.168659 -0.235997
v -0.094044 0.179194 -0.227042
v -0.090111 0.189347 -0.217547
v -0.086174 0.199011 -0.208043
v -0.082453 0.208080 -0.199060
v -0.079169 0.216448 -0.191131
v -0.076541 0.224007 -0.184786
v -0.074789 0.230651 -0.180557
v -0.074134 0.236273 -0.178975
v -0.074098 0.241012 -0.178889
v -0.074035 0.245339 -0.178736
v -0.073911 0.249252 -0.178438
v -0.073695 0.252752 -0.177915
v -0.073352 0.255838 -0.177087
v -0.072850 0.258511 -0.175876
v -0.072157 0.260770 -0.174202
v -0.071239 0.262614 -0.171986
v -0.070063 0.264045 -0.169148
v -0.068598 0.265062 -0.165610
v -0.066809 0.265664 -0.161291
v -0.064664 0.265852 -0.156114
v -0.063372 0.266101 -0.152994
v -0.062529 0.266828 -0.150957
v -0.062069 0.267966 -0.149849
v -0.061931 0.269445 -0.149514
v -0.062048 0.271197 -0.149797
v -0.062358 0.273154 -0.150545
v -0.062796 0.275248 -0.151602
v -0.063298 0.277410 -0.152814
v -0.063799 0.279573 -0.154025
v -0.064237 0.281666 -0.155083
v -0.064547 0.283624 -0.155830
v -0.064664 0.285376 -0.156114
v -0.066298 0.285826 -0.160058
v -0.067718 0.287332 -0.163486
v -0.068900 0.289685 -0.166339
v -0.069818 0.292677 -0.168555
v -0.070447 0.296097 -0.170075
v -0.070763 0.299737 -0.170837
v -0.070740 0.303388 -0.170781
v -0.070353 0.306841 -0.169846
v -0.069577 0.309886 -0.167973
v -0.068387 0.312314 -0.165100
v -0.066758 0.313916 -0.161167
v -0.064664 0.314484 -0.156114
v -0.063137 0.322254 -0.152426
v -0.061643 0.343816 -0.148821
v -0.060203 0.376506 -0.145343
v -0.058835 0.417662 -0.142041
v -0.057560 0.464622 -0.138961
v -0.056395 0.514724 -0.136150
v -0.055362 0.565305 -0.133656
v -0.054479 0.613702 -0.131524
v -0.053766 0.657254 -0.129802
v -0.053242 0.693297 -0.128537
v -0.052926 0.719170 -0.127776
v -0.052839 0.732210 -0.127565
v -0.052972 0.735588 -0.127886
v -0.053302 0.738246 -0.128682
v -0.053788 0.740312 -0.129855
v -0.054391 0.741911 -0.131311
v -0.055071 0.743173 -0.132953
v -0.055789 0.744223 -0.134687
v -0.056506 0.745189 -0.136417
v -0.057181 0.746198 -0.138046
v -0.057775 0.747377 -0.139480
v -0.058248 0.748853 -0.140623
v -0.058561 0.750753 -0.141379
v -0.058745 0.766799 -0.141823
v -0.058735 0.767692 -0.141799
v -0.052937 0.767692 -0.127802
v -0.052937 0.792245 -0.127802
v -0.068125 0.792245 -0.164470
v -0.068125 0.817093 -0.164470
v -0.079880 0.817093 -0.192847
v -0.079880 0.822347 -0.192847
v -0.079880 0.831499 -0.192847
v -0.079880 0.843839 -0.192847
v -0.079880 0.858652 -0.192847
v -0.079880 0.875226 -0.192847
v -0.079880 0.892848 -0.192847
v -0.079880 0.910805 -0.192847
v -0.079880 0.928384 -0.192847
v -0.079880 0.944872 -0.192847
v -0.079880 0.959556 -0.192847
v -0.079880 0.971722 -0.192847
v -0.079880 0.980659 -0.192847
v -0.067901 0.980659 -0.163928
v -0.067901 0.889702 -0.163928
v -0.132002 0.002454 -0.197555
v -0.134821 0.002644 -0.201774
v -0.137488 0.003187 -0.205765
v -0.139983 0.004041 -0.209499
v -0.142290 0.005162 -0.212952
v -0.144392 0.006508 -0.216097
v -0.146270 0.008037 -0.218908
v -0.147907 0.009705 -0.221359
v -0.149286 0.011471 -0.223423
v -0.150389 0.013291 -0.225074
v -0.151199 0.015124 -0.226285
v -0.151698 0.016926 -0.227032
v -0.151868 0.018656 -0.227286
v -0.151868 0.020964 -0.227286
v -0.151868 0.023336 -0.227286
v -0.151868 0.025753 -0.227286
v -0.151868 0.028199 -0.227286
v -0.151868 0.030655 -0.227286
v -0.151868 0.033102 -0.227286
v -0.151868 0.035524 -0.227286
v -0.151868 0.037902 -0.227286
v -0.151868 0.040219 -0.227286
v -0.151868 0.042455 -0.227286
v -0.151868 0.044595 -0.227286
v -0.151868 0.046618 -0.227286
v -0.151419 0.050082 -0.226614
v -0.150177 0.052730 -0.224755
v -0.148300 0.054708 -0.221946
v -0.145946 0.056159 -0.218424
v -0.143274 0.057229 -0.214425
v -0.140442 0.058064 -0.210186
v -0.137607 0.058808 -0.205943
v -0.134928 0.059607 -0.201934
v -0.132564 0.060605 -0.198395
v -0.130671 0.061948 -0.195563
v -0.129409 0.063780 -0.193674
v -0.128935 0.066247 -0.192965
v -0.129401 0.069016 -0.193662
v -0.130736 0.071743 -0.195661
v -0.132768 0.074554 -0.198701
v -0.135323 0.077580 -0.202526
v -0.138228 0.080946 -0.206873
v -0.141310 0.084783 -0.211486
v -0.144396 0.089216 -0.216104
v -0.147312 0.094376 -0.220468
v -0.149885 0.100388 -0.224319
v -0.151942 0.107383 -0.227398
v -0.153310 0.115486 -0.229445
v -0.153815 0.124827 -0.230201
v -0.152925 0.135826 -0.228869
v -0.150432 0.146868 -0.225138
v -0.146656 0.157848 -0.219486
v -0.141916 0.168659 -0.212392
v -0.136531 0.179194 -0.204333
v -0.130821 0.189347 -0.195787
v -0.125105 0.199011 -0.187233
v -0.119704 0.208080 -0.179149
v -0.114936 0.216448 -0.172013
v -0.111120 0.224007 -0.166303
v -0.108577 0.230651 -0.162497
v -0.107626 0.236273 -0.161073
v -0.107574 0.241012 -0.160996
v -0.107482 0.245339 -0.160858
v -0.107303 0.249252 -0.160590
v -0.106988 0.252752 -0.160119
v -0.106490 0.255838 -0.159374
v -0.105762 0.258511 -0.158284
v -0.104755 0.260770 -0.156778
v -0.103423 0.262614 -0.154783
v -0.101716 0.264045 -0.152229
v -0.099589 0.265062 -0.149045
v -0.096992 0.265664 -0.145159
v -0.093878 0.265852 -0.140499
v -0.092002 0.266101 -0.137691
v -0.090777 0.266828 -0.135858
v -0.090111 0.267966 -0.134860
v -0.089909 0.269445 -0.134559
v -0.090080 0.271197 -0.134814
v -0.090529 0.273154 -0.135487
v -0.091165 0.275248 -0.136438
v -0.091894 0.277410 -0.137529
v -0.092622 0.279573 -0.138619
v -0.093258 0.281666 -0.139571
v -0.093708 0.283624 -0.140243
v -0.093878 0.285376 -0.140499
v -0.096250 0.285826 -0.144048
v -0.098312 0.287332 -0.147134
v -0.100027 0.289685 -0.149701
v -0.101360 0.292677 -0.151696
v -0.102274 0.296097 -0.153063
v -0.102732 0.299737 -0.153749
v -0.102698 0.303388 -0.153699
v -0.102136 0.306841 -0.152858
v -0.101010 0.309886 -0.151172
v -0.099282 0.312314 -0.148586
v -0.096917 0.313916 -0.145047
v -0.093878 0.314484 -0.140499
v -0.091661 0.322254 -0.137180
v -0.089492 0.343816 -0.133935
v -0.087401 0.376506 -0.130805
v -0.085416 0.417662 -0.127834
v -0.083564 0.464622 -0.125062
v -0.081873 0.514724 -0.122532
v -0.080373 0.565305 -0.120287
v -0.079091 0.613702 -0.118369
v -0.078056 0.657254 -0.116819
v -0.077295 0.693297 -0.115681
v -0.076837 0.719170 -0.114995
v -0.076710 0.732210 -0.114805
v -0.076904 0.735588 -0.115095
v -0.077382 0.738246 -0.115810
v -0.078088 0.740312 -0.116866
v -0.078963 0.741911 -0.118177
v -0.079951 0.743173 -0.119655
v -0.080993 0.744223 -0.121215
v -0.082034 0.745189 -0.122772
v -0.083013 0.746198 -0.124238
v -0.083876 0.747377 -0.125529
v -0.084563 0.748853 -0.126557
v -0.085017 0.750753 -0.127237
v -0.085284 0.766799 -0.127637
v -0.085270 0.767692 -0.127616
v -0.076853 0.767692 -0.115019
v -0.076853 0.792245 -0.115019
v -0.098903 0.792245 -0.148019
v -0.098903 0.817093 -0.148019
v -0.115967 0.817093 -0.173558
v -0.115967 0.822347 -0.173558
v -0.115967 0.831499 -0.173558
v -0.115967 0.843839 -0.173558
v -0.115967 0.858652 -0.173558
v -0.115967 0.875226 -0.173558
v -0.115967 0.892848 -0.173558
v -0.115967 0.910805 -0.173558
v -0.115967 0.928384 -0.173558
v -0.115967 0.944872 -0.173558
v -0.115967 0.959556 -0.173558
v -0.115967 0.971722 -0.173558
v -0.115967 0.980659 -0.173558
v -0.098577 0.980659 -0.147531
v -0.098577 0.889702 -0.147531
v -0.168007 0.002454 -0.168007
v -0.171595 0.002644 -0.171595
v -0.174988 0.003187 -0.174988
v -0.178165 0.004041 -0.178165
v -0.181101 0.005162 -0.181101
v -0.183776 0.006508 -0.183776
v -0.186166 0.008037 -0.186166
v -0.188250 0.009705 -0.188250
v -0.190005 0.011471 -0.190005
v -0.191409 0.013291 -0.191409
v -0.192440 0.015124 -0.192440
v -0.193075 0.016926 -0.193075
v -0.193291 0.018656 -0.193291
v -0.193291 0.020964 -0.193291
v -0.193291 0.023336 -0.193291
v -0.193291 0.025753 -0.193291
v -0.193291 0.028199 -0.193291
v -0.193291 0.030655 -0.193291
v -0.193291 0.033102 -0.193291
v -0.193291 0.035524 -0.193291
v -0.193291 0.037902 -0.193291
v -0.193291 0.040219 -0.193291
v -0.193291 0.042455 -0.193291
v -0.193291 0.044595 -0.193291
v -0.193291 0.046618 -0.193291
v -0.192719 0.050082 -0.192719
v -0.191138 0.052730 -0.191138
v -0.188750 0.054708 -0.188750
v -0.185754 0.056159 -0.185754
v -0.182353 0.057229 -0.182353
v -0.178748 0.058064 -0.178748
v -0.175141 0.058808 -0.175141
v -0.171731 0.059607 -0.171731
v -0.168721 0.060605 -0.168721
v -0.166313 0.061948 -0.166313
v -0.164706 0.063780 -0.164706
v -0.164103 0.066247 -0.164103
v -0.164696 0.069016 -0.164696
v -0.166396 0.071743 -0.166396
v -0.168982 0.074554 -0.168982
v -0.172234 0.077580 -0.172234
v -0.175931 0.080946 -0.175931
v -0.179854 0.084783 -0.179854
v -0.183781 0.089216 -0.183781
v -0.187493 0.094376 -0.187493
v -0.190768 0.100388 -0.190768
v -0.193386 0.107383 -0.193386
v -0.195127 0.115486 -0.195127
v -0.195770 0.124827 -0.195770
v -0.194637 0.135826 -0.194637
v -0.191464 0.146868 -0.191464
v -0.186657 0.157848 -0.186658
v -0.180624 0.168659 -0.180624
v -0.173771 0.179194 -0.173771
v -0.166503 0.189347 -0.166503
v -0.159229 0.199011 -0.159229
v -0.152354 0.208080 -0.152354
v -0.146285 0.216448 -0.146285
v -0.141429 0.224007 -0.141429
v -0.138192 0.230651 -0.138192
v -0.136981 0.236273 -0.136982
v -0.136915 0.241012 -0.136916
v -0.136799 0.245339 -0.136799
v -0.136570 0.249252 -0.136570
v -0.136170 0.252752 -0.136170
v -0.135537 0.255838 -0.135537
v -0.134610 0.258511 -0.134610
v -0.133328 0.260770 -0.133328
v -0.131632 0.262614 -0.131632
v -0.129460 0.264045 -0.129460
v -0.126752 0.265062 -0.126752
v -0.123447 0.265664 -0.123447
v -0.119484 0.265852 -0.119484
v -0.117097 0.266101 -0.117097
v -0.115538 0.266828 -0.115538
v -0.114689 0.267966 -0.114689
v -0.114433 0.269445 -0.114433
v -0.114650 0.271197 -0.114650
v -0.115222 0.273154 -0.115222
v -0.116031 0.275248 -0.116031
v -0.116959 0.277410 -0.116959
v -0.117886 0.279573 -0.117886
v -0.118695 0.281666 -0.118695
v -0.119267 0.283624 -0.119267
v -0.119484 0.285376 -0.119484
v -0.122503 0.285826 -0.122503
v -0.125127 0.287332 -0.125127
v -0.127310 0.289685 -0.127310
v -0.129007 0.292677 -0.129007
v -0.130170 0.296097 -0.130170
v -0.130753 0.299737 -0.130753
v -0.130710 0.303388 -0.130710
v -0.129995 0.306841 -0.129995
v -0.128561 0.309886 -0.128561
v -0.126362 0.312314 -0.126362
v -0.123352 0.313916 -0.123352
v -0.119484 0.314484 -0.119484
v -0.116662 0.322254 -0.116662
v -0.113902 0.343816 -0.113902
v -0.111241 0.376506 -0.111241
v -0.108713 0.417662 -0.108713
v -0.106356 0.464622 -0.106356
v -0.104205 0.514724 -0.104205
v -0.102296 0.565305 -0.102296
v -0.100664 0.613702 -0.100664
v -0.099346 0.657254 -0.099346
v -0.098378 0.693297 -0.098378
v -0.097795 0.719170 -0.097795
v -0.097634 0.732210 -0.097634
v -0.097880 0.735588 -0.097880
v -0.098489 0.738246 -0.098489
v -0.099387 0.740312 -0.099387
v -0.100501 0.741911 -0.100501
v -0.101758 0.743173 -0.101758
v -0.103085 0.744223 -0.103085
v -0.104409 0.745189 -0.104409
v -0.105656 0.746198 -0.105656
v -0.106753 0.747377 -0.106754
v -0.107628 0.748853 -0.107628
v -0.108206 0.750753 -0.108206
v -0.108546 0.766799 -0.108547
v -0.108528 0.767692 -0.108528
v -0.097815 0.767692 -0.097816
v -0.097815 0.792245 -0.097816
v -0.125879 0.792245 -0.125880
v -0.125879 0.817093 -0.125880
v -0.147599 0.817093 -0.147599
v -0.147599 0.822347 -0.147599
v -0.147599 0.831499 -0.147599
v -0.147599 0.843839 -0.147599
v -0.147599 0.858652 -0.147599
v -0.147599 0.875226 -0.147599
v -0.147599 0.892848 -0.147599
v -0.147599 0.910805 -0.147599
v -0.147599 0.928384 -0.147599
v -0.147599 0.944872 -0.147599
v -0.147599 0.959556 -0.147599
v -0.147599 0.971722 -0.147599
v -0.147599 0.980659 -0.147599
v -0.125465 0.980659 -0.125465
v -0.125465 0.889702 -0.125465
v -0.197555 0.002454 -0.132002
v -0.201774 0.002644 -0.134821
v -0.205765 0.003187 -0.137488
v -0.209499 0.004041 -0.139983
v -0.212952 0.005162 -0.142290
v -0.216098 0.006508 -0.144392
v -0.218908 0.008037 -0.146270
v -0.221359 0.009705 -0.147907
v -0.223423 0.011471 -0.149286
v -0.225074 0.013291 -0.150389
v -0.226285 0.015124 -0.151199
v -0.227032 0.016926 -0.151698
v -0.227286 0.018656 -0.151868
v -0.227286 0.020964 -0.151868
v -0.227286 0.023336 -0.151868
v -0.227286 0.025753 -0.151868
v -0.227286 0.028199 -0.151868
v -0.227286 0.030655 -0.151868
v -0.227286 0.033102 -0.151868
v -0.227286 0.035524 -0.151868
v -0.227286 0.037902 -0.151868
v -0.227286 0.040219 -0.151868
v -0.227286 0.042455 -0.151868
v -0.227286 0.044595 -0.151868
v -0.227286 0.046618 -0.151868
v -0.226614 0.050082 -0.151419
v -0.224755 0.052730 -0.150176
v -0.221946 0.054708 -0.148300
v -0.218424 0.056159 -0.145946
v -0.214425 0.057229 -0.143274
v -0.210186 0.058064 -0.140442
v -0.205944 0.058808 -0.137607
v -0.201935 0.059607 -0.134928
v -0.198395 0.060605 -0.132564
v -0.195563 0.061948 -0.130671
v -0.193674 0.063780 -0.129409
v -0.192965 0.066247 -0.128935
v -0.193662 0.069016 -0.129401
v -0.195661 0.071743 -0.130736
v -0.198702 0.074554 -0.132768
v -0.202526 0.077580 -0.135323
v -0.206874 0.080946 -0.138228
v -0.211486 0.084783 -0.141310
v -0.216104 0.089216 -0.144396
v -0.220468 0.094376 -0.147312
v -0.224319 0.100388 -0.149885
v -0.227398 0.107383 -0.151942
v -0.229445 0.115486 -0.153310
v -0.230201 0.124827 -0.153815
v -0.228869 0.135826 -0.152925
v -0.225138 0.146868 -0.150432
v -0.219486 0.157848 -0.146656
v -0.212392 0.168659 -0.141916
v -0.204333 0.179194 -0.136531
v -0.195787 0.189347 -0.130821
v -0.187233 0.199011 -0.125105
v -0.179149 0.208080 -0.119704
v -0.172013 0.216448 -0.114936
v -0.166303 0.224007 -0.111120
v -0.162497 0.230651 -0.108577
v -0.161073 0.236273 -0.107626
v -0.160996 0.241012 -0.107574
v -0.160858 0.245339 -0.107482
v -0.160590 0.249252 -0.107303
v -0.160119 0.252752 -0.106988
v -0.159374 0.255838 -0.106490
v -0.158284 0.258511 -0.105762
v -0.156778 0.260770 -0.104755
v -0.154783 0.262614 -0.103423
v -0.152229 0.264045 -0.101716
v -0.149045 0.265062 -0.099589
v -0.145158 0.265664 -0.096992
v -0.140499 0.265852 -0.093878
v -0.137691 0.266101 -0.092002
v -0.135858 0.266828 -0.090777
v -0.134860 0.267966 -0.090111
v -0.134559 0.269445 -0.089909
v -0.134814 0.271197 -0.090080
v -0.135487 0.273154 -0.090529
v -0.136438 0.275248 -0.091165
v -0.137529 0.277410 -0.091894
v -0.138619 0.279573 -0.092622
v -0.139571 0.281666 -0.093258
v -0.140243 0.283624 -0.093708
v -0.140499 0.285376 -0.093878
v -0.144048 0.285826 -0.096250
v -0.147134 0.287332 -0.098312
v -0.149701 0.289685 -0.100027
v -0.151696 0.292677 -0.101360
v -0.153063 0.296097 -0.102274
v -0.153749 0.299737 -0.102732
v -0.153699 0.303388 -0.102698
v -0.152858 0.306841 -0.102136
v -0.151172 0.309886 -0.101010
v -0.148586 0.312314 -0.099282
v -0.145047 0.313916 -0.096917
v -0.140499 0.314484 -0.093878
v -0.137180 0.322254 -0.091661
v -0.133935 0.343816 -0.089492
v -0.130805 0.376506 -0.087401
v -0.127833 0.417662 -0.085416
v -0.125062 0.464622 -0.083564
v -0.122532 0.514724 -0.081873
v -0.120287 0.565305 -0.080373
v -0.118369 0.613702 -0.079091
v -0.116819 0.657254 -0.078056
v -0.115680 0.693297 -0.077295
v -0.114995 0.719170 -0.076837
v -0.114805 0.732210 -0.076711
v -0.115095 0.735588 -0.076904
v -0.115810 0.738246 -0.077382
v -0.116866 0.740312 -0.078088
v -0.118176 0.741911 -0.078963
v -0.119655 0.743173 -0.079951
v -0.121215 0.744223 -0.080994
v -0.122772 0.745189 -0.082034
v -0.124238 0.746198 -0.083014
v -0.125529 0.747377 -0.083876
v -0.126557 0.748853 -0.084563
v -0.127237 0.750753 -0.085017
v -0.127637 0.766799 -0.085285
v -0.127616 0.767692 -0.085270
v -0.115019 0.767692 -0.076853
v -0.115019 0.792245 -0.076853
v -0.148019 0.792245 -0.098903
v -0.148019 0.817093 -0.098903
v -0.173558 0.817093 -0.115968
v -0.173558 0.822347 -0.115968
v -0.173558 0.831499 -0.115968
v -0.173558 0.843839 -0.115968
v -0.173558 0.858652 -0.115968
v -0.173558 0.875226 -0.115968
v -0.173558 0.892848 -0.115968
v -0.147531 0.889702 -0.098577
v -0.219512 0.002454 -0.090925
v -0.224200 0.002644 -0.092867
v -0.228633 0.003187 -0.094703
v -0.232783 0.004041 -0.096422
v -0.236620 0.005162 -0.098011
v -0.240115 0.006508 -0.099459
v -0.243238 0.008037 -0.100752
v -0.245961 0.009705 -0.101880
v -0.248254 0.011471 -0.102830
v -0.250088 0.013291 -0.103590
v -0.251435 0.015124 -0.104148
v -0.252264 0.016926 -0.104491
v -0.252547 0.018656 -0.104608
v -0.252547 0.020964 -0.104608
v -0.252547 0.023336 -0.104608
v -0.252547 0.025753 -0.104608
v -0.252547 0.028199 -0.104608
v -0.252547 0.030655 -0.104608
v -0.252547 0.033102 -0.104608
v -0.252547 0.035524 -0.104608
v -0.252547 0.037902 -0.104608
v -0.252547 0.040219 -0.104608
v -0.252547 0.042455 -0.104608
v -0.252547 0.044595 -0.104608
v -0.252547 0.046618 -0.104608
v -0.251800 0.050082 -0.104299
v -0.249734 0.052730 -0.103443
v -0.246613 0.054708 -0.102151
v -0.242700 0.056159 -0.100529
v -0.238256 0.057229 -0.098689
v -0.233546 0.058064 -0.096738
v -0.228832 0.058808 -0.094785
v -0.224378 0.059607 -0.092940
v -0.220445 0.060605 -0.091311
v -0.217298 0.061948 -0.090008
v -0.215199 0.063780 -0.089138
v -0.214411 0.066247 -0.088812
v -0.215186 0.069016 -0.089133
v -0.217406 0.071743 -0.090053
v -0.220785 0.074554 -0.091452
v -0.225034 0.077580 -0.093212
v -0.229866 0.080946 -0.095213
v -0.234991 0.084783 -0.097336
v -0.240122 0.089216 -0.099462
v -0.244971 0.094376 -0.101470
v -0.249250 0.100388 -0.103243
v -0.252671 0.107383 -0.104660
v -0.254945 0.115486 -0.105602
v -0.255786 0.124827 -0.105950
v -0.254305 0.135826 -0.105337
v -0.250160 0.146868 -0.103619
v -0.243880 0.157848 -0.101018
v -0.235997 0.168659 -0.097753
v -0.227042 0.179194 -0.094044
v -0.217547 0.189347 -0.090111
v -0.208043 0.199011 -0.086174
v -0.199060 0.208080 -0.082453
v -0.191131 0.216448 -0.079169
v -0.184786 0.224007 -0.076541
v -0.180557 0.230651 -0.074789
v -0.178975 0.236273 -0.074134
v -0.178889 0.241012 -0.074098
v -0.178736 0.245339 -0.074035
v -0.178438 0.249252 -0.073911
v -0.177915 0.252752 -0.073695
v -0.177087 0.255838 -0.073352
v -0.175876 0.258511 -0.072850
v -0.174202 0.260770 -0.072157
v -0.171986 0.262614 -0.071239
v -0.169148 0.264045 -0.070063
v -0.165610 0.265062 -0.068598
v -0.161292 0.265664 -0.066809
v -0.156114 0.265852 -0.064664
v -0.152994 0.266101 -0.063372
v -0.150957 0.266828 -0.062529
v -0.149849 0.267966 -0.062069
v -0.149514 0.269445 -0.061931
v -0.149797 0.271197 -0.062048
v -0.150545 0.273154 -0.062358
v -0.151602 0.275248 -0.062796
v -0.152814 0.277410 -0.063298
v -0.154025 0.279573 -0.063799
v -0.155083 0.281666 -0.064237
v -0.155830 0.283624 -0.064547
v -0.156114 0.285376 -0.064664
v -0.160058 0.285826 -0.066298
v -0.163486 0.287332 -0.067718
v -0.166339 0.289685 -0.068900
v -0.168555 0.292677 -0.069818
v -0.170075 0.296097 -0.070447
v -0.170837 0.299737 -0.070763
v -0.170781 0.303388 -0.070740
v -0.169846 0.306841 -0.070353
v -0.167973 0.309886 -0.069577
v -0.165100 0.312314 -0.068387
v -0.161167 0.313916 -0.066758
v -0.156114 0.314484 -0.064664
v -0.152426 0.322254 -0.063137
v -0.148820 0.343816 -0.061643
v -0.145343 0.376506 -0.060203
v -0.142041 0.417662 -0.058835
v -0.138961 0.464622 -0.057560
v -0.136150 0.514724 -0.056395
v -0.133656 0.565305 -0.055362
v -0.131524 0.613702 -0.054479
v -0.129802 0.657254 -0.053766
v -0.128537 0.693297 -0.053242
v -0.127776 0.719170 -0.052927
v -0.127565 0.732210 -0.052839
v -0.127886 0.735588 -0.052972
v -0.128682 0.738246 -0.053302
v -0.129855 0.740312 -0.053788
v -0.131311 0.741911 -0.054391
v -0.132953 0.743173 -0.055071
v -0.134687 0.744223 -0.055789
v -0.136417 0.745189 -0.056506
v -0.138046 0.746198 -0.057181
v -0.139480 0.747377 -0.057775
v -0.140623 0.748853 -0.058248
v -0.141378 0.750753 -0.058561
v -0.141823 0.766799 -0.058745
v -0.141799 0.767692 -0.058735
v -0.127802 0.767692 -0.052937
v -0.127802 0.792245 -0.052937
v -0.164469 0.792245 -0.068126
v -0.164469 0.817093 -0.068126
v -0.192847 0.817093 -0.079880
v -0.192847 0.822347 -0.079880
v -0.192847 0.831499 -0.079880
v -0.192847 0.843839 -0.079880
v -0.192847 0.858652 -0.079880
v -0.192847 0.875226 -0.079880
v -0.192847 0.892848 -0.079880
v -0.192847 0.910805 -0.079880
v -0.192847 0.928384 -0.079880
v -0.192847 0.944872 -0.079880
v -0.192847 0.959556 -0.079880
v -0.192847 0.971722 -0.079880
v -0.192847 0.980659 -0.079880
v -0.163928 0.889702 -0.067901
v -0.233032 0.002454 -0.046353
v -0.238009 0.002644 -0.047343
v -0.242716 0.003187 -0.048279
v -0.247121 0.004041 -0.049155
v -0.251194 0.005162 -0.049966
v -0.254904 0.006508 -0.050704
v -0.258220 0.008037 -0.051363
v -0.261111 0.009705 -0.051938
v -0.263545 0.011471 -0.052422
v -0.265492 0.013291 -0.052810
v -0.266922 0.015124 -0.053094
v -0.267802 0.016926 -0.053269
v -0.268102 0.018656 -0.053329
v -0.268102 0.020964 -0.053329
v -0.268102 0.023336 -0.053329
v -0.268102 0.025753 -0.053329
v -0.268102 0.028199 -0.053329
v -0.268102 0.030655 -0.053329
v -0.268102 0.033102 -0.053329
v -0.268102 0.035524 -0.053329
v -0.268102 0.037902 -0.053329
v -0.268102 0.040219 -0.053329
v -0.268102 0.042455 -0.053329
v -0.268102 0.044595 -0.053329
v -0.268102 0.046619 -0.053329
v -0.267309 0.050082 -0.053171
v -0.265117 0.052730 -0.052735
v -0.261803 0.054708 -0.052076
v -0.257648 0.056159 -0.051249
v -0.252931 0.057229 -0.050311
v -0.247931 0.058064 -0.049317
v -0.242927 0.058808 -0.048321
v -0.238198 0.059607 -0.047381
v -0.234023 0.060605 -0.046550
v -0.230682 0.061948 -0.045886
v -0.228454 0.063780 -0.045442
v -0.227618 0.066247 -0.045276
v -0.228440 0.069016 -0.045440
v -0.230797 0.071743 -0.045908
v -0.234384 0.074554 -0.046622
v -0.238895 0.077580 -0.047519
v -0.244024 0.080946 -0.048539
v -0.249465 0.084783 -0.049622
v -0.254912 0.089216 -0.050705
v -0.260060 0.094376 -0.051729
v -0.264602 0.100388 -0.052633
v -0.268234 0.107383 -0.053355
v -0.270648 0.115486 -0.053835
v -0.271540 0.124827 -0.054013
v -0.269969 0.135826 -0.053700
v -0.265568 0.146868 -0.052825
v -0.258901 0.157848 -0.051499
v -0.250533 0.168659 -0.049834
v -0.241027 0.179194 -0.047943
v -0.230947 0.189347 -0.045938
v -0.220857 0.199011 -0.043931
v -0.211321 0.208080 -0.042034
v -0.202903 0.216448 -0.040360
v -0.196168 0.224007 -0.039020
v -0.191678 0.230651 -0.038127
v -0.189999 0.236273 -0.037793
v -0.189907 0.241012 -0.037775
v -0.189745 0.245339 -0.037743
v -0.189429 0.249252 -0.037680
v -0.188873 0.252752 -0.037569
v -0.187995 0.255838 -0.037394
v -0.186709 0.258511 -0.037139
v -0.184932 0.260770 -0.036785
v -0.182579 0.262614 -0.036317
v -0.179567 0.264045 -0.035718
v -0.175811 0.265062 -0.034971
v -0.171226 0.265664 -0.034059
v -0.165730 0.265852 -0.032966
v -0.162418 0.266101 -0.032307
v -0.160256 0.266828 -0.031877
v -0.159079 0.267966 -0.031643
v -0.158723 0.269445 -0.031572
v -0.159024 0.271197 -0.031632
v -0.159818 0.273154 -0.031790
v -0.160940 0.275248 -0.032013
v -0.162226 0.277410 -0.032269
v -0.163513 0.279573 -0.032525
v -0.164635 0.281666 -0.032748
v -0.165428 0.283624 -0.032906
v -0.165730 0.285376 -0.032966
v -0.169916 0.285826 -0.033799
v -0.173556 0.287332 -0.034523
v -0.176585 0.289685 -0.035125
v -0.178937 0.292677 -0.035593
v -0.180550 0.296097 -0.035914
v -0.181359 0.299737 -0.036075
v -0.181300 0.303388 -0.036063
v -0.180308 0.306841 -0.035866
v -0.178319 0.309886 -0.035470
v -0.175269 0.312314 -0.034863
v -0.171094 0.313916 -0.034033
v -0.165730 0.314484 -0.032966
v -0.161815 0.322254 -0.032187
v -0.157987 0.343816 -0.031426
v -0.154295 0.376506 -0.030691
v -0.150790 0.417662 -0.029994
v -0.147520 0.464622 -0.029344
v -0.144537 0.514724 -0.028750
v -0.141888 0.565305 -0.028223
v -0.139625 0.613702 -0.027773
v -0.137797 0.657254 -0.027410
v -0.136454 0.693297 -0.027143
v -0.135646 0.719170 -0.026982
v -0.135422 0.732210 -0.026937
v -0.135763 0.735588 -0.027005
v -0.136608 0.738246 -0.027173
v -0.137853 0.740312 -0.027421
v -0.139399 0.741911 -0.027728
v -0.141143 0.743173 -0.028075
v -0.142983 0.744223 -0.028441
v -0.144819 0.745189 -0.028806
v -0.146549 0.746198 -0.029151
v -0.148071 0.747377 -0.029453
v -0.149284 0.748853 -0.029695
v -0.150087 0.750753 -0.029854
v -0.150558 0.766799 -0.029948
v -0.150533 0.767692 -0.029943
v -0.135674 0.767692 -0.026987
v -0.135674 0.792245 -0.026987
v -0.174600 0.792245 -0.034730
v -0.174600 0.817093 -0.034730
v -0.204725 0.817093 -0.040722
v -0.204725 0.822347 -0.040722
v -0.204725 0.831499 -0.040722
v -0.204725 0.843839 -0.040722
v -0.204725 0.858652 -0.040722
v -0.204725 0.875226 -0.040722
v -0.204725 0.892848 -0.040722
v -0.204725 0.910805 -0.040722
v -0.204725 0.928384 -0.040722
v -0.204725 0.944872 -0.040722
v -0.204725 0.959556 -0.040722
v -0.204725 0.971722 -0.040722
v -0.204725 0.980659 -0.040722
v -0.174025 0.980659 -0.034616
v -0.174025 0.889702 -0.034616
v -0.237598 0.002454 0.000000
v -0.242672 0.002644 0.000000
v -0.247471 0.003187 0.000000
v -0.251963 0.004041 0.000000
v -0.256116 0.005162 0.000000
v -0.259898 0.006508 0.000000
v -0.263279 0.008037 0.000000
v -0.266226 0.009705 0.000000
v -0.268708 0.011471 0.000000
v -0.270694 0.013291 0.000000
v -0.272151 0.015124 0.000000
v -0.273049 0.016926 0.000000
v -0.273355 0.018656 0.000000
v -0.273355 0.020964 0.000000
v -0.273355 0.023336 0.000000
v -0.273355 0.025753 0.000000
v -0.273355 0.028199 0.000000
v -0.273355 0.030655 0.000000
v -0.273355 0.033102 0.000000
v -0.273355 0.035524 0.000000
v -0.273355 0.037902 0.000000
v -0.273355 0.040219 0.000000
v -0.273355 0.042455 0.000000
v -0.273355 0.044595 0.000000
v -0.273355 0.046619 0.000000
v -0.272546 0.050082 0.000000
v -0.270311 0.052730 0.000000
v -0.266932 0.054708 0.000000
v -0.262696 0.056159 0.000000
v -0.257887 0.057229 0.000000
v -0.252788 0.058064 0.000000
v -0.247686 0.058808 0.000000
v -0.242865 0.059607 0.000000
v -0.238608 0.060605 0.000000
v -0.235202 0.061948 0.000000
v -0.232930 0.063780 0.000000
v -0.232077 0.066247 0.000000
v -0.232915 0.069016 0.000000
v -0.235319 0.071743 0.000000
v -0.238976 0.074554 0.000000
v -0.243575 0.077580 0.000000
v -0.248805 0.080946 0.000000
v -0.254352 0.084783 0.000000
v -0.259906 0.089216 0.000000
v -0.265155 0.094376 0.000000
v -0.269786 0.100388 0.000000
v -0.273489 0.107383 0.000000
v -0.275951 0.115486 0.000000
v -0.276860 0.124827 0.000000
v -0.275258 0.135826 0.000000
v -0.270771 0.146868 0.000000
v -0.263974 0.157848 -0.000000
v -0.255441 0.168659 -0.000000
v -0.245749 0.179194 -0.000000
v -0.235471 0.189347 -0.000000
v -0.225184 0.199011 -0.000000
v -0.215461 0.208080 -0.000000
v -0.206879 0.216448 -0.000000
v -0.200011 0.224007 -0.000000
v -0.195434 0.230651 -0.000000
v -0.193721 0.236273 -0.000000
v -0.193628 0.241012 -0.000000
v -0.193463 0.245339 -0.000000
v -0.193140 0.249252 -0.000000
v -0.192573 0.252752 -0.000000
v -0.191678 0.255838 -0.000000
v -0.190367 0.258511 -0.000000
v -0.188555 0.260770 -0.000000
v -0.186156 0.262614 -0.000000
v -0.183085 0.264045 -0.000000
v -0.179255 0.265062 -0.000000
v -0.174581 0.265664 -0.000000
v -0.168976 0.265852 -0.000000
v -0.165600 0.266101 -0.000000
v -0.163395 0.266828 -0.000000
v -0.162195 0.267966 -0.000000
v -0.161832 0.269445 -0.000000
v -0.162139 0.271197 -0.000000
v -0.162949 0.273154 -0.000000
v -0.164093 0.275248 -0.000000
v -0.165404 0.277410 -0.000000
v -0.166716 0.279573 -0.000000
v -0.167860 0.281666 -0.000000
v -0.168669 0.283624 -0.000000
v -0.168976 0.285376 -0.000000
v -0.173245 0.285826 -0.000000
v -0.176956 0.287332 -0.000000
v -0.180044 0.289685 -0.000000
v -0.182443 0.292677 -0.000000
v -0.184088 0.296097 -0.000000
v -0.184912 0.299737 -0.000000
v -0.184852 0.303388 -0.000000
v -0.183840 0.306841 -0.000000
v -0.181813 0.309886 -0.000000
v -0.178703 0.312314 -0.000000
v -0.174446 0.313916 -0.000000
v -0.168976 0.314484 -0.000000
v -0.164985 0.322254 -0.000000
v -0.161082 0.343816 -0.000000
v -0.157318 0.376506 -0.000000
v -0.153744 0.417662 -0.000000
v -0.150410 0.464622 -0.000000
v -0.147368 0.514724 -0.000000
v -0.144668 0.565305 -0.000000
v -0.142361 0.613702 -0.000000
v -0.140497 0.657254 -0.000000
v -0.139128 0.693297 -0.000000
v -0.138303 0.719170 -0.000000
v -0.138075 0.732210 -0.000000
v -0.138423 0.735588 -0.000000
v -0.139284 0.738246 -0.000000
v -0.140554 0.740312 -0.000000
v -0.142130 0.741911 -0.000000
v -0.143908 0.743173 -0.000000
v -0.145784 0.744223 -0.000000
v -0.147657 0.745189 -0.000000
v -0.149420 0.746198 -0.000000
v -0.150972 0.747377 -0.000000
v -0.152209 0.748853 -0.000000
v -0.153027 0.750753 -0.000000
v -0.153508 0.766799 -0.000000
v -0.153482 0.767692 -0.000000
v -0.138332 0.767692 -0.000000
v -0.138332 0.792245 -0.000000
v -0.178020 0.792245 -0.000000
v -0.178020 0.817093 -0.000000
v -0.208736 0.817093 -0.000000
v -0.208736 0.822347 -0.000000
v -0.208736 0.831499 -0.000000
v -0.208736 0.843839 -0.000000
v -0.208736 0.858652 -0.000000
v -0.208736 0.875226 -0.000000
v -0.208736 0.892848 -0.000000
v -0.208736 0.910805 -0.000000
v -0.208736 0.928384 -0.000000
v -0.208736 0.944872 -0.000000
v -0.208736 0.959556 -0.000000
v -0.208736 0.971722 -0.000000
v -0.208736 0.980659 -0.000000
v -0.177434 0.980659 -0.000000
v -0.177434 0.889702 -0.000000
v -0.233032 0.002454 0.046353
v -0.238009 0.002644 0.047343
v -0.242716 0.003187 0.048279
v -0.247121 0.004041 0.049156
v -0.251194 0.005162 0.049966
v -0.254904 0.006508 0.050704
v -0.258220 0.008037 0.051363
v -0.261111 0.009705 0.051938
v -0.263545 0.011471 0.052422
v -0.265492 0.013291 0.052810
v -0.266922 0.015124 0.053094
v -0.267802 0.016926 0.053269
v -0.268102 0.018656 0.053329
v -0.268102 0.020964 0.053329
v -0.268102 0.023336 0.053329
v -0.268102 0.025753 0.053329
v -0.268102 0.028199 0.053329
v -0.268102 0.030655 0.053329
v -0.268102 0.033102 0.053329
v -0.268102 0.035524 0.053329
v -0.268102 0.037902 0.053329
v -0.268102 0.040219 0.053329
v -0.268102 0.042455 0.053329
v -0.268102 0.044595 0.053329
v -0.268102 0.046619 0.053329
v -0.267309 0.050082 0.053171
v -0.265117 0.052730 0.052735
v -0.261803 0.054708 0.052076
v -0.257648 0.056159 0.051250
v -0.252931 0.057229 0.050311
v -0.247931 0.058064 0.049317
v -0.242927 0.058808 0.048321
v -0.238198 0.059607 0.047381
v -0.234023 0.060605 0.046550
v -0.230682 0.061948 0.045886
v -0.228454 0.063780 0.045442
v -0.227618 0.066247 0.045276
v -0.228440 0.069016 0.045440
v -0.230797 0.071743 0.045908
v -0.234384 0.074554 0.046622
v -0.238895 0.077580 0.047519
v -0.244024 0.080946 0.048539
v -0.249465 0.084783 0.049622
v -0.254912 0.089217 0.050705
v -0.260060 0.094376 0.051729
v -0.264602 0.100388 0.052633
v -0.268234 0.107383 0.053355
v -0.270648 0.115486 0.053835
v -0.271540 0.124827 0.054013
v -0.269969 0.135826 0.053700
v -0.265568 0.146868 0.052825
v -0.258901 0.157848 0.051499
v -0.250533 0.168659 0.049834
v -0.241027 0.179194 0.047943
v -0.230947 0.189347 0.045938
v -0.220857 0.199011 0.043931
v -0.211321 0.208080 0.042034
v -0.202903 0.216448 0.040360
v -0.196168 0.224007 0.039020
v -0.191678 0.230651 0.038127
v -0.189999 0.236273 0.037793
v -0.189907 0.241012 0.037775
v -0.189745 0.245339 0.037743
v -0.189429 0.249252 0.037680
v -0.188873 0.252752 0.037569
v -0.187995 0.255838 0.037394
v -0.186709 0.258511 0.037139
v -0.184932 0.260770 0.036785
v -0.182579 0.262614 0.036317
v -0.179567 0.264045 0.035718
v -0.175810 0.265062 0.034971
v -0.171226 0.265664 0.034059
v -0.165730 0.265852 0.032966
v -0.162418 0.266101 0.032307
v -0.160256 0.266828 0.031877
v -0.159079 0.267966 0.031643
v -0.158723 0.269445 0.031572
v -0.159024 0.271197 0.031632
v -0.159818 0.273154 0.031790
v -0.160940 0.275248 0.032013
v -0.162226 0.277410 0.032269
v -0.163513 0.279573 0.032525
v -0.164635 0.281666 0.032748
v -0.165428 0.283624 0.032906
v -0.165730 0.285376 0.032966
v -0.169916 0.285826 0.033798
v -0.173556 0.287332 0.034522
v -0.176585 0.289685 0.035125
v -0.178937 0.292677 0.035593
v -0.180550 0.296097 0.035914
v -0.181359 0.299737 0.036075
v -0.181300 0.303388 0.036063
v -0.180308 0.306841 0.035865
v -0.178319 0.309886 0.035470
v -0.175269 0.312314 0.034863
v -0.171094 0.313916 0.034033
v -0.165730 0.314484 0.032966
v -0.161815 0.322254 0.032187
v -0.157987 0.343816 0.031426
v -0.154295 0.376506 0.030691
v -0.150790 0.417662 0.029994
v -0.147520 0.464622 0.029344
v -0.144537 0.514724 0.028750
v -0.141888 0.565305 0.028223
v -0.139625 0.613702 0.027773
v -0.137797 0.657254 0.027410
v -0.136454 0.693297 0.027142
v -0.135646 0.719170 0.026982
v -0.135422 0.732210 0.026937
v -0.135763 0.735588 0.027005
v -0.136608 0.738246 0.027173
v -0.137853 0.740312 0.027421
v -0.139399 0.741911 0.027728
v -0.141143 0.743173 0.028075
v -0.142983 0.744223 0.028441
v -0.144819 0.745189 0.028806
v -0.146549 0.746198 0.029150
v -0.148071 0.747377 0.029453
v -0.149284 0.748853 0.029694
v -0.150087 0.750753 0.029854
v -0.150558 0.766799 0.029948
v -0.150533 0.767692 0.029943
v -0.135674 0.767692 0.026987
v -0.135674 0.792245 0.026987
v -0.174600 0.792245 0.034730
v -0.174600 0.817093 0.034730
v -0.204725 0.817093 0.040722
v -0.204725 0.822347 0.040722
v -0.204725 0.831499 0.040722
v -0.204725 0.843839 0.040722
v -0.204725 0.858652 0.040722
v -0.204725 0.875226 0.040722
v -0.204725 0.892848 0.040722
v -0.204725 0.910805 0.040722
v -0.204725 0.928384 0.040722
v -0.204725 0.944872 0.040722
v -0.204725 0.959556 0.040722
v -0.204725 0.971722 0.040722
v -0.204725 0.980659 0.040722
v -0.174025 0.980659 0.034616
v -0.174025 0.889702 0.034616
v -0.219512 0.002454 0.090925
v -0.224200 0.002644 0.092867
v -0.228633 0.003187 0.094703
v -0.232783 0.004041 0.096422
v -0.236620 0.005162 0.098011
v -0.240115 0.006508 0.099459
v -0.243238 0.008037 0.100752
v -0.245961 0.009705 0.101880
v -0.248254 0.011471 0.102830
v -0.250088 0.013291 0.103590
v -0.251435 0.015124 0.104148
v -0.252264 0.016926 0.104491
v -0.252547 0.018656 0.104608
v -0.252547 0.020964 0.104608
v -0.252547 0.023336 0.104608
v -0.252547 0.025753 0.104608
v -0.252547 0.028199 0.104608
v -0.252547 0.030655 0.104608
v -0.252547 0.033102 0.104608
v -0.252547 0.035524 0.104608
v -0.252547 0.037902 0.104608
v -0.252547 0.040219 0.104608
v -0.252547 0.042455 0.104608
v -0.252547 0.044595 0.104608
v -0.252547 0.046619 0.104608
v -0.251800 0.050082 0.104299
v -0.249734 0.052730 0.103443
v -0.246613 0.054708 0.102151
v -0.242700 0.056159 0.100529
v -0.238256 0.057229 0.098689
v -0.233546 0.058064 0.096738
v -0.228832 0.058808 0.094785
v -0.224378 0.059607 0.092940
v -0.220445 0.060605 0.091311
v -0.217298 0.061948 0.090008
v -0.215199 0.063780 0.089138
v -0.214411 0.066247 0.088812
v -0.215186 0.069016 0.089133
v -0.217406 0.071743 0.090053
v -0.220785 0.074554 0.091452
v -0.225034 0.077580 0.093212
v -0.229865 0.080946 0.095213
v -0.234991 0.084783 0.097336
v -0.240122 0.089217 0.099462
v -0.244971 0.094376 0.101470
v -0.249250 0.100388 0.103243
v -0.252671 0.107383 0.104660
v -0.254945 0.115486 0.105602
v -0.255785 0.124827 0.105950
v -0.254305 0.135826 0.105337
v -0.250160 0.146868 0.103620
v -0.243880 0.157848 0.101018
v -0.235997 0.168659 0.097753
v -0.227042 0.179194 0.094044
v -0.217547 0.189347 0.090111
v -0.208043 0.199011 0.086174
v -0.199060 0.208080 0.082453
v -0.191131 0.216448 0.079169
v -0.184786 0.224007 0.076541
v -0.180557 0.230651 0.074789
v -0.178975 0.236273 0.074134
v -0.178889 0.241012 0.074098
v -0.178736 0.245339 0.074035
v -0.178438 0.249252 0.073911
v -0.177915 0.252752 0.073695
v -0.177087 0.255838 0.073352
v -0.175876 0.258511 0.072850
v -0.174202 0.260770 0.072157
v -0.171986 0.262614 0.071239
v -0.169148 0.264045 0.070063
v -0.165610 0.265062 0.068598
v -0.161291 0.265664 0.066809
v -0.156114 0.265852 0.064664
v -0.152994 0.266101 0.063372
v -0.150957 0.266828 0.062529
v -0.149849 0.267966 0.062069
v -0.149514 0.269445 0.061931
v -0.149797 0.271197 0.062048
v -0.150545 0.273154 0.062358
v -0.151602 0.275248 0.062796
v -0.152814 0.277410 0.063297
v -0.154025 0.279573 0.063799
v -0.155083 0.281666 0.064237
v -0.155830 0.283624 0.064547
v -0.156114 0.285376 0.064664
v -0.160058 0.285826 0.066298
v -0.163486 0.287332 0.067718
v -0.166339 0.289685 0.068900
v -0.168555 0.292677 0.069818
v -0.170075 0.296097 0.070447
v -0.170837 0.299737 0.070763
v -0.170781 0.303388 0.070740
v -0.169846 0.306841 0.070353
v -0.167973 0.309886 0.069577
v -0.165100 0.312314 0.068387
v -0.161167 0.313916 0.066758
v -0.156114 0.314484 0.064664
v -0.152426 0.322254 0.063137
v -0.148820 0.343816 0.061643
v -0.145343 0.376506 0.060203
v -0.142041 0.417662 0.058835
v -0.138961 0.464622 0.057560
v -0.136150 0.514724 0.056395
v -0.133656 0.565305 0.055362
v -0.131524 0.613702 0.054479
v -0.129802 0.657254 0.053766
v -0.128537 0.693297 0.053242
v -0.127776 0.719170 0.052926
v -0.127565 0.732210 0.052839
v -0.127886 0.735588 0.052972
v -0.128682 0.738246 0.053302
v -0.129855 0.740312 0.053788
v -0.131311 0.741911 0.054391
v -0.132953 0.743173 0.055071
v -0.134687 0.744223 0.055789
v -0.136417 0.745189 0.056506
v -0.138046 0.746198 0.057181
v -0.139480 0.747377 0.057774
v -0.140623 0.748853 0.058248
v -0.141378 0.750753 0.058561
v -0.141823 0.766799 0.058745
v -0.141799 0.767692 0.058735
v -0.127802 0.767692 0.052937
v -0.127802 0.792245 0.052937
v -0.164469 0.792245 0.068125
v -0.164469 0.817093 0.068125
v -0.192847 0.817093 0.079880
v -0.192847 0.822347 0.079880
v -0.192847 0.831499 0.079880
v -0.192847 0.843839 0.079880
v -0.192847 0.858652 0.079880
v -0.192847 0.875226 0.079880
v -0.192847 0.892848 0.079880
v -0.192847 0.910805 0.079880
v -0.192847 0.928384 0.079880
v -0.192847 0.944872 0.079880
v -0.192847 0.959556 0.079880
v -0.192847 0.971722 0.079880
v -0.192847 0.980659 0.079880
v -0.163928 0.889702 0.067901
v -0.197555 0.002454 0.132002
v -0.201774 0.002644 0.134821
v -0.205765 0.003187 0.137488
v -0.209499 0.004041 0.139983
v -0.212952 0.005162 0.142290
v -0.216097 0.006508 0.144392
v -0.218908 0.008037 0.146270
v -0.221359 0.009705 0.147907
v -0.223423 0.011471 0.149286
v -0.225074 0.013291 0.150389
v -0.226285 0.015124 0.151199
v -0.227032 0.016926 0.151698
v -0.227286 0.018656 0.151868
v -0.227286 0.020964 0.151868
v -0.227286 0.023336 0.151868
v -0.227286 0.025753 0.151868
v -0.227286 0.028199 0.151868
v -0.227286 0.030655 0.151868
v -0.227286 0.033102 0.151868
v -0.227286 0.035524 0.151868
v -0.227286 0.037902 0.151868
v -0.227286 0.040219 0.151868
v -0.227286 0.042455 0.151868
v -0.227286 0.044595 0.151868
v -0.227286 0.046619 0.151868
v -0.226614 0.050082 0.151419
v -0.224755 0.052730 0.150177
v -0.221946 0.054708 0.148300
v -0.218424 0.056159 0.145946
v -0.214425 0.057229 0.143274
v -0.210186 0.058064 0.140442
v -0.205943 0.058808 0.137607
v -0.201934 0.059607 0.134928
v -0.198395 0.060605 0.132564
v -0.195563 0.061948 0.130671
v -0.193674 0.063780 0.129409
v -0.192965 0.066247 0.128935
v -0.193662 0.069016 0.129401
v -0.195661 0.071743 0.130736
v -0.198701 0.074554 0.132768
v -0.202526 0.077580 0.135323
v -0.206873 0.080946 0.138228
v -0.211486 0.084783 0.141310
v -0.216104 0.089217 0.144396
v -0.220468 0.094376 0.147312
v -0.224319 0.100388 0.149885
v -0.227398 0.107383 0.151942
v -0.229445 0.115486 0.153310
v -0.230201 0.124827 0.153815
v -0.228869 0.135826 0.152925
v -0.225138 0.146868 0.150432
v -0.219486 0.157848 0.146656
v -0.212392 0.168659 0.141915
v -0.204333 0.179194 0.136531
v -0.195787 0.189347 0.130821
v -0.187233 0.199011 0.125105
v -0.179149 0.208080 0.119704
v -0.172013 0.216448 0.114936
v -0.166303 0.224007 0.111120
v -0.162497 0.230651 0.108577
v -0.161073 0.236273 0.107626
v -0.160996 0.241012 0.107574
v -0.160858 0.245339 0.107482
v -0.160590 0.249252 0.107303
v -0.160119 0.252752 0.106988
v -0.159374 0.255838 0.106490
v -0.158284 0.258511 0.105762
v -0.156778 0.260770 0.104755
v -0.154783 0.262614 0.103423
v -0.152229 0.264045 0.101716
v -0.149045 0.265062 0.099589
v -0.145158 0.265664 0.096992
v -0.140499 0.265852 0.093878
v -0.137691 0.266101 0.092002
v -0.135858 0.266828 0.090777
v -0.134860 0.267966 0.090111
v -0.134559 0.269445 0.089909
v -0.134814 0.271197 0.090080
v -0.135487 0.273154 0.090529
v -0.136438 0.275248 0.091165
v -0.137529 0.277410 0.091894
v -0.138619 0.279573 0.092622
v -0.139571 0.281666 0.093258
v -0.140243 0.283624 0.093708
v -0.140499 0.285376 0.093878
v -0.144048 0.285826 0.096250
v -0.147134 0.287332 0.098312
v -0.149701 0.289685 0.100027
v -0.151696 0.292677 0.101360
v -0.153063 0.296097 0.102274
v -0.153749 0.299737 0.102732
v -0.153699 0.303388 0.102698
v -0.152858 0.306841 0.102136
v -0.151172 0.309886 0.101010
v -0.148586 0.312314 0.099282
v -0.145047 0.313916 0.096917
v -0.140499 0.314484 0.093878
v -0.137180 0.322254 0.091661
v -0.133935 0.343816 0.089492
v -0.130805 0.376506 0.087401
v -0.127833 0.417662 0.085416
v -0.125062 0.464622 0.083564
v -0.122532 0.514724 0.081873
v -0.120287 0.565305 0.080373
v -0.118369 0.613702 0.079091
v -0.116819 0.657254 0.078056
v -0.115680 0.693297 0.077295
v -0.114995 0.719170 0.076837
v -0.114805 0.732210 0.076710
v -0.115095 0.735588 0.076904
v -0.115810 0.738246 0.077382
v -0.116866 0.740312 0.078087
v -0.118177 0.741911 0.078963
v -0.119655 0.743173 0.079951
v -0.121215 0.744223 0.080993
v -0.122772 0.745189 0.082033
v -0.124238 0.746198 0.083013
v -0.125529 0.747377 0.083876
v -0.126557 0.748853 0.084563
v -0.127237 0.750753 0.085017
v -0.127637 0.766799 0.085284
v -0.127616 0.767692 0.085270
v -0.115019 0.767692 0.076853
v -0.115019 0.792245 0.076853
v -0.148019 0.792245 0.098903
v -0.148019 0.817093 0.098903
v -0.173558 0.817093 0.115967
v -0.173558 0.822347 0.115967
v -0.173558 0.831499 0.115967
v -0.173558 0.843839 0.115967
v -0.173558 0.858652 0.115967
v -0.173558 0.875226 0.115967
v -0.173558 0.892848 0.115967
v -0.147531 0.889702 0.098577
v -0.168007 0.002454 0.168007
v -0.171595 0.002644 0.171595
v -0.174988 0.003188 0.174988
v -0.178165 0.004041 0.178165
v -0.181101 0.005162 0.181101
v -0.183776 0.006508 0.183776
v -0.186166 0.008037 0.186166
v -0.188250 0.009705 0.188250
v -0.190005 0.011471 0.190005
v -0.191409 0.013291 0.191409
v -0.192440 0.015124 0.192440
v -0.193074 0.016926 0.193075
v -0.193291 0.018656 0.193291
v -0.193291 0.020964 0.193291
v -0.193291 0.023336 0.193291
v -0.193291 0.025753 0.193291
v -0.193291 0.028199 0.193291
v -0.193291 0.030655 0.193291
v -0.193291 0.033102 0.193291
v -0.193291 0.035524 0.193291
v -0.193291 0.037902 0.193291
v -0.193291 0.040219 0.193291
v -0.193291 0.042455 0.193291
v -0.193291 0.044595 0.193291
v -0.193291 0.046619 0.193291
v -0.192719 0.050082 0.192719
v -0.191138 0.052730 0.191138
v -0.188750 0.054708 0.188750
v -0.185754 0.056159 0.185754
v -0.182353 0.057229 0.182353
v -0.178748 0.058064 0.178748
v -0.175141 0.058808 0.175141
v -0.171731 0.059607 0.171731
v -0.168721 0.060605 0.168721
v -0.166313 0.061948 0.166313
v -0.164706 0.063780 0.164706
v -0.164103 0.066247 0.164103
v -0.164696 0.069016 0.164696
v -0.166396 0.071743 0.166396
v -0.168982 0.074554 0.168982
v -0.172234 0.077580 0.172234
v -0.175931 0.080946 0.175931
v -0.179854 0.084783 0.179854
v -0.183781 0.089217 0.183781
v -0.187493 0.094376 0.187493
v -0.190768 0.100388 0.190768
v -0.193386 0.107383 0.193386
v -0.195127 0.115486 0.195127
v -0.195770 0.124827 0.195770
v -0.194637 0.135826 0.194637
v -0.191464 0.146868 0.191464
v -0.186657 0.157848 0.186657
v -0.180624 0.168659 0.180624
v -0.173771 0.179194 0.173771
v -0.166503 0.189347 0.166503
v -0.159229 0.199011 0.159229
v -0.152354 0.208080 0.152354
v -0.146285 0.216448 0.146285
v -0.141429 0.224007 0.141429
v -0.138192 0.230651 0.138192
v -0.136981 0.236273 0.136982
v -0.136916 0.241012 0.136916
v -0.136799 0.245339 0.136799
v -0.136570 0.249252 0.136570
v -0.136170 0.252752 0.136170
v -0.135537 0.255838 0.135537
v -0.134610 0.258511 0.134610
v -0.133328 0.260770 0.133328
v -0.131632 0.262614 0.131632
v -0.129460 0.264045 0.129460
v -0.126752 0.265062 0.126752
v -0.123447 0.265664 0.123447
v -0.119484 0.265852 0.119484
v -0.117097 0.266101 0.117097
v -0.115538 0.266828 0.115538
v -0.114689 0.267966 0.114689
v -0.114433 0.269445 0.114433
v -0.114650 0.271197 0.114650
v -0.115222 0.273154 0.115222
v -0.116031 0.275248 0.116031
v -0.116959 0.277410 0.116959
v -0.117886 0.279573 0.117886
v -0.118695 0.281666 0.118695
v -0.119267 0.283624 0.119267
v -0.119484 0.285376 0.119484
v -0.122503 0.285826 0.122503
v -0.125127 0.287332 0.125127
v -0.127310 0.289685 0.127310
v -0.129007 0.292677 0.129007
v -0.130170 0.296097 0.130170
v -0.130753 0.299737 0.130753
v -0.130710 0.303388 0.130710
v -0.129995 0.306841 0.129995
v -0.128561 0.309886 0.128561
v -0.126362 0.312314 0.126362
v -0.123352 0.313916 0.123352
v -0.119484 0.314484 0.119484
v -0.116662 0.322254 0.116662
v -0.113902 0.343816 0.113902
v -0.111241 0.376506 0.111241
v -0.108713 0.417662 0.108713
v -0.106356 0.464622 0.106356
v -0.104205 0.514724 0.104205
v -0.102296 0.565305 0.102296
v -0.100664 0.613702 0.100664
v -0.099346 0.657254 0.099346
v -0.098378 0.693297 0.098378
v -0.097795 0.719170 0.097795
v -0.097634 0.732210 0.097634
v -0.097880 0.735588 0.097880
v -0.098489 0.738246 0.098489
v -0.099387 0.740312 0.099387
v -0.100501 0.741911 0.100501
v -0.101758 0.743173 0.101758
v -0.103085 0.744223 0.103085
v -0.104409 0.745189 0.104409
v -0.105656 0.746198 0.105656
v -0.106754 0.747377 0.106753
v -0.107628 0.748853 0.107628
v -0.108206 0.750753 0.108206
v -0.108546 0.766799 0.108546
v -0.108528 0.767692 0.108528
v -0.097815 0.767692 0.097815
v -0.097815 0.792245 0.097815
v -0.125880 0.792245 0.125879
v -0.125880 0.817093 0.125879
v -0.147599 0.817093 0.147599
v -0.147599 0.822347 0.147599
v -0.147599 0.831499 0.147599
v -0.147599 0.843839 0.147599
v -0.147599 0.858652 0.147599
v -0.147599 0.875226 0.147599
v -0.147599 0.892848 0.147599
v -0.147599 0.910805 0.147599
v -0.147599 0.928384 0.147599
v -0.147599 0.944872 0.147599
v -0.147599 0.959556 0.147599
v -0.147599 0.971722 0.147599
v -0.147599 0.980659 0.147599
v -0.125465 0.980659 0.125465
v -0.125465 0.889702 0.125465
v -0.132002 0.002454 0.197555
v -0.134821 0.002644 0.201775
v -0.137487 0.003188 0.205765
v -0.139983 0.004041 0.209499
v -0.142290 0.005162 0.212952
v -0.144392 0.006508 0.216098
v -0.146270 0.008037 0.218908
v -0.147907 0.009705 0.221359
v -0.149286 0.011471 0.223423
v -0.150389 0.013291 0.225074
v -0.151199 0.015124 0.226285
v -0.151698 0.016926 0.227032
v -0.151868 0.018656 0.227286
v -0.151868 0.020964 0.227286
v -0.151868 0.023336 0.227286
v -0.151868 0.025753 0.227286
v -0.151868 0.028199 0.227286
v -0.151868 0.030655 0.227286
v -0.151868 0.033102 0.227286
v -0.151868 0.035524 0.227286
v -0.151868 0.037902 0.227286
v -0.151868 0.040219 0.227286
v -0.151868 0.042455 0.227286
v -0.151868 0.044595 0.227286
v -0.151868 0.046619 0.227286
v -0.151419 0.050082 0.226614
v -0.150176 0.052730 0.224755
v -0.148300 0.054708 0.221946
v -0.145946 0.056159 0.218424
v -0.143274 0.057229 0.214425
v -0.140442 0.058064 0.210186
v -0.137607 0.058808 0.205944
v -0.134928 0.059607 0.201935
v -0.132564 0.060605 0.198396
v -0.130671 0.061948 0.195563
v -0.129409 0.063780 0.193674
v -0.128935 0.066247 0.192965
v -0.129401 0.069016 0.193662
v -0.130736 0.071743 0.195661
v -0.132768 0.074554 0.198702
v -0.135323 0.077580 0.202526
v -0.138228 0.080946 0.206874
v -0.141310 0.084783 0.211486
v -0.144396 0.089217 0.216104
v -0.147312 0.094376 0.220468
v -0.149885 0.100388 0.224319
v -0.151942 0.107383 0.227398
v -0.153310 0.115486 0.229445
v -0.153815 0.124827 0.230201
v -0.152925 0.135826 0.228869
v -0.150432 0.146868 0.225138
v -0.146656 0.157848 0.219486
v -0.141915 0.168659 0.212392
v -0.136531 0.179194 0.204333
v -0.130821 0.189347 0.195787
v -0.125105 0.199011 0.187233
v -0.119704 0.208080 0.179149
v -0.114936 0.216448 0.172013
v -0.111120 0.224007 0.166303
v -0.108577 0.230651 0.162497
v -0.107626 0.236273 0.161073
v -0.107574 0.241012 0.160996
v -0.107482 0.245339 0.160858
v -0.107303 0.249252 0.160590
v -0.106988 0.252752 0.160119
v -0.106490 0.255838 0.159374
v -0.105762 0.258511 0.158284
v -0.104755 0.260770 0.156778
v -0.103423 0.262614 0.154783
v -0.101716 0.264045 0.152229
v -0.099589 0.265062 0.149045
v -0.096992 0.265664 0.145158
v -0.093878 0.265852 0.140499
v -0.092002 0.266101 0.137691
v -0.090777 0.266828 0.135858
v -0.090111 0.267966 0.134860
v -0.089909 0.269445 0.134559
v -0.090080 0.271197 0.134814
v -0.090529 0.273154 0.135487
v -0.091165 0.275248 0.136438
v -0.091894 0.277410 0.137529
v -0.092622 0.279573 0.138619
v -0.093258 0.281666 0.139571
v -0.093708 0.283624 0.140243
v -0.093878 0.285376 0.140499
v -0.096250 0.285826 0.144048
v -0.098312 0.287332 0.147134
v -0.100027 0.289685 0.149701
v -0.101360 0.292677 0.151696
v -0.102274 0.296097 0.153063
v -0.102732 0.299737 0.153749
v -0.102698 0.303388 0.153699
v -0.102136 0.306841 0.152858
v -0.101010 0.309886 0.151172
v -0.099282 0.312314 0.148586
v -0.096917 0.313916 0.145047
v -0.093878 0.314484 0.140499
v -0.091661 0.322254 0.137180
v -0.089492 0.343816 0.133935
v -0.087401 0.376506 0.130805
v -0.085416 0.417662 0.127833
v -0.083564 0.464622 0.125062
v -0.081873 0.514724 0.122532
v -0.080373 0.565305 0.120287
v -0.079091 0.613702 0.118369
v -0.078056 0.657254 0.116819
v -0.077295 0.693297 0.115680
v -0.076837 0.719170 0.114995
v -0.076710 0.732210 0.114805
v -0.076904 0.735588 0.115095
v -0.077382 0.738246 0.115810
v -0.078088 0.740312 0.116866
v -0.078963 0.741911 0.118176
v -0.079951 0.743173 0.119655
v -0.080994 0.744223 0.121215
v -0.082034 0.745189 0.122772
v -0.083013 0.746198 0.124238
v -0.083876 0.747377 0.125529
v -0.084563 0.748853 0.126557
v -0.085017 0.750753 0.127237
v -0.085284 0.766799 0.127637
v -0.085270 0.767692 0.127616
v -0.076853 0.767692 0.115019
v -0.076853 0.792245 0.115019
v -0.098903 0.792245 0.148019
v -0.098903 0.817093 0.148019
v -0.115968 0.817093 0.173558
v -0.115968 0.822347 0.173558
v -0.115968 0.831499 0.173558
v -0.115968 0.843839 0.173558
v -0.115968 0.858652 0.173558
v -0.115968 0.875226 0.173558
v -0.115968 0.892848 0.173558
v -0.115968 0.910805 0.173558
v -0.115968 0.928384 0.173558
v -0.115968 0.944872 0.173558
v -0.115968 0.959556 0.173558
v -0.115968 0.971722 0.173558
v -0.115967 0.980659 0.173558
v -0.098577 0.980659 0.147531
v -0.098577 0.889702 0.147531
v -0.090925 0.002454 0.219512
v -0.092867 0.002644 0.224200
v -0.094703 0.003188 0.228633
v -0.096422 0.004041 0.232783
v -0.098011 0.005162 0.236620
v -0.099459 0.006508 0.240115
v -0.100752 0.008037 0.243238
v -0.101880 0.009705 0.245961
v -0.102830 0.011471 0.248254
v -0.103590 0.013291 0.250088
v -0.104148 0.015124 0.251435
v -0.104491 0.016926 0.252264
v -0.104608 0.018656 0.252547
v -0.104608 0.020964 0.252547
v -0.104608 0.023336 0.252547
v -0.104608 0.025753 0.252547
v -0.104608 0.028199 0.252547
v -0.104608 0.030655 0.252547
v -0.104608 0.033102 0.252547
v -0.104608 0.035524 0.252547
v -0.104608 0.037902 0.252547
v -0.104608 0.040219 0.252547
v -0.104608 0.042455 0.252547
v -0.104608 0.044595 0.252547
v -0.104608 0.046619 0.252547
v -0.104299 0.050082 0.251800
v -0.103443 0.052730 0.249734
v -0.102150 0.054708 0.246613
v -0.100529 0.056159 0.242700
v -0.098689 0.057229 0.238256
v -0.096738 0.058064 0.233546
v -0.094785 0.058808 0.228832
v -0.092940 0.059607 0.224378
v -0.091311 0.060605 0.220445
v -0.090008 0.061948 0.217298
v -0.089138 0.063780 0.215199
v -0.088812 0.066247 0.214411
v -0.089133 0.069016 0.215186
v -0.090053 0.071743 0.217406
v -0.091452 0.074554 0.220785
v -0.093212 0.077580 0.225034
v -0.095213 0.080946 0.229866
v -0.097336 0.084783 0.234991
v -0.099462 0.089217 0.240122
v -0.101470 0.094376 0.244971
v -0.103243 0.100388 0.249250
v -0.104660 0.107383 0.252671
v -0.105602 0.115486 0.254945
v -0.105950 0.124827 0.255786
v -0.105337 0.135826 0.254305
v -0.103619 0.146868 0.250160
v -0.101018 0.157848 0.243880
v -0.097753 0.168659 0.235997
v -0.094044 0.179194 0.227042
v -0.090111 0.189347 0.217547
v -0.086174 0.199011 0.208043
v -0.082453 0.208080 0.199060
v -0.079169 0.216448 0.191131
v -0.076541 0.224007 0.184786
v -0.074789 0.230651 0.180557
v -0.074134 0.236273 0.178975
v -0.074098 0.241012 0.178889
v -0.074035 0.245339 0.178736
v -0.073911 0.249252 0.178438
v -0.073695 0.252752 0.177915
v -0.073352 0.255838 0.177087
v -0.072850 0.258511 0.175876
v -0.072157 0.260770 0.174202
v -0.071239 0.262614 0.171986
v -0.070063 0.264045 0.169148
v -0.068598 0.265062 0.165610
v -0.066809 0.265664 0.161291
v -0.064664 0.265852 0.156114
v -0.063372 0.266101 0.152994
v -0.062529 0.266828 0.150957
v -0.062069 0.267966 0.149849
v -0.061931 0.269445 0.149514
v -0.062048 0.271197 0.149797
v -0.062358 0.273154 0.150545
v -0.062796 0.275248 0.151602
v -0.063297 0.277410 0.152814
v -0.063799 0.279573 0.154025
v -0.064237 0.281666 0.155083
v -0.064547 0.283624 0.155830
v -0.064664 0.285376 0.156114
v -0.066298 0.285826 0.160058
v -0.067718 0.287332 0.163486
v -0.068900 0.289685 0.166339
v -0.069818 0.292677 0.168555
v -0.070447 0.296097 0.170075
v -0.070763 0.299737 0.170837
v -0.070740 0.303388 0.170781
v -0.070353 0.306841 0.169846
v -0.069577 0.309886 0.167973
v -0.068387 0.312314 0.165100
v -0.066758 0.313916 0.161167
v -0.064664 0.314484 0.156114
v -0.063137 0.322254 0.152426
v -0.061643 0.343816 0.148820
v -0.060203 0.376506 0.145343
v -0.058835 0.417662 0.142041
v -0.057560 0.464622 0.138961
v -0.056395 0.514724 0.136150
v -0.055362 0.565305 0.133656
v -0.054479 0.613702 0.131524
v -0.053766 0.657254 0.129802
v -0.053242 0.693297 0.128537
v -0.052926 0.719170 0.127776
v -0.052839 0.732210 0.127565
v -0.052972 0.735588 0.127886
v -0.053302 0.738246 0.128681
v -0.053788 0.740312 0.129855
v -0.054391 0.741911 0.131311
v -0.055071 0.743173 0.132953
v -0.055789 0.744223 0.134687
v -0.056506 0.745189 0.136417
v -0.057181 0.746198 0.138046
v -0.057775 0.747377 0.139480
v -0.058248 0.748853 0.140623
v -0.058561 0.750753 0.141378
v -0.058745 0.766799 0.141823
v -0.058735 0.767692 0.141799
v -0.052937 0.767692 0.127802
v -0.052937 0.792245 0.127802
v -0.068125 0.792245 0.164469
v -0.068125 0.817093 0.164469
v -0.079880 0.817093 0.192847
v -0.079880 0.822347 0.192847
v -0.079880 0.831499 0.192847
v -0.079880 0.843839 0.192847
v -0.079880 0.858652 0.192847
v -0.079880 0.875226 0.192847
v -0.079880 0.892848 0.192847
v -0.079880 0.910805 0.192847
v -0.079880 0.928384 0.192847
v -0.079880 0.944872 0.192847
v -0.079880 0.959556 0.192847
v -0.079880 0.971722 0.192847
v -0.079880 0.980659 0.192847
v -0.067901 0.980659 0.163928
v -0.067901 0.889702 0.163928
v -0.046353 0.002454 0.233032
v -0.047343 0.002644 0.238009
v -0.048279 0.003188 0.242716
v -0.049156 0.004041 0.247121
v -0.049966 0.005162 0.251194
v -0.050704 0.006508 0.254904
v -0.051363 0.008037 0.258220
v -0.051938 0.009705 0.261111
v -0.052422 0.011471 0.263545
v -0.052810 0.013291 0.265492
v -0.053094 0.015124 0.266922
v -0.053269 0.016926 0.267802
v -0.053329 0.018656 0.268102
v -0.053329 0.020964 0.268102
v -0.053329 0.023336 0.268102
v -0.053329 0.025753 0.268102
v -0.053329 0.028199 0.268102
v -0.053329 0.030655 0.268102
v -0.053329 0.033102 0.268102
v -0.053329 0.035524 0.268102
v -0.053329 0.037902 0.268102
v -0.053329 0.040219 0.268102
v -0.053329 0.042455 0.268102
v -0.053329 0.044595 0.268102
v -0.053329 0.046619 0.268102
v -0.053171 0.050082 0.267309
v -0.052735 0.052730 0.265117
v -0.052076 0.054708 0.261803
v -0.051249 0.056159 0.257648
v -0.050311 0.057229 0.252931
v -0.049317 0.058064 0.247931
v -0.048321 0.058808 0.242927
v -0.047381 0.059607 0.238198
v -0.046550 0.060605 0.234023
v -0.045886 0.061948 0.230682
v -0.045442 0.063780 0.228454
v -0.045276 0.066247 0.227618
v -0.045440 0.069016 0.228440
v -0.045908 0.071743 0.230797
v -0.046622 0.074554 0.234384
v -0.047519 0.077580 0.238895
v -0.048539 0.080946 0.244024
v -0.049622 0.084783 0.249465
v -0.050705 0.089217 0.254912
v -0.051729 0.094376 0.260060
v -0.052633 0.100388 0.264602
v -0.053355 0.107383 0.268234
v -0.053835 0.115486 0.270648
v -0.054013 0.124827 0.271540
v -0.053700 0.135826 0.269969
v -0.052825 0.146868 0.265568
v -0.051499 0.157848 0.258901
v -0.049834 0.168659 0.250533
v -0.047943 0.179194 0.241027
v -0.045938 0.189347 0.230947
v -0.043931 0.199011 0.220857
v -0.042034 0.208080 0.211321
v -0.040360 0.216448 0.202903
v -0.039020 0.224007 0.196168
v -0.038127 0.230651 0.191678
v -0.037793 0.236273 0.189999
v -0.037775 0.241012 0.189907
v -0.037743 0.245339 0.189745
v -0.037680 0.249252 0.189429
v -0.037569 0.252752 0.188873
v -0.037394 0.255838 0.187995
v -0.037139 0.258511 0.186709
v -0.036785 0.260770 0.184932
v -0.036317 0.262614 0.182579
v -0.035718 0.264045 0.179567
v -0.034971 0.265062 0.175810
v -0.034059 0.265664 0.171226
v -0.032966 0.265852 0.165729
v -0.032307 0.266101 0.162418
v -0.031877 0.266828 0.160256
v -0.031643 0.267966 0.159079
v -0.031572 0.269445 0.158723
v -0.031632 0.271197 0.159024
v -0.031790 0.273154 0.159818
v -0.032013 0.275248 0.160940
v -0.032269 0.277410 0.162226
v -0.032525 0.279573 0.163513
v -0.032748 0.281666 0.164635
v -0.032906 0.283624 0.165428
v -0.032966 0.285376 0.165729
v -0.033799 0.285826 0.169916
v -0.034522 0.287332 0.173556
v -0.035125 0.289685 0.176585
v -0.035593 0.292677 0.178937
v -0.035914 0.296097 0.180550
v -0.036075 0.299737 0.181359
v -0.036063 0.303388 0.181300
v -0.035865 0.306841 0.180308
v -0.035470 0.309886 0.178319
v -0.034863 0.312314 0.175269
v -0.034033 0.313916 0.171094
v -0.032966 0.314484 0.165729
v -0.032187 0.322254 0.161815
v -0.031426 0.343816 0.157987
v -0.030691 0.376506 0.154295
v -0.029994 0.417662 0.150790
v -0.029344 0.464622 0.147520
v -0.028750 0.514724 0.144536
v -0.028223 0.565305 0.141888
v -0.027773 0.613702 0.139625
v -0.027410 0.657254 0.137797
v -0.027143 0.693297 0.136454
v -0.026982 0.719170 0.135646
v -0.026937 0.732210 0.135422
v -0.027005 0.735588 0.135763
v -0.027173 0.738246 0.136607
v -0.027421 0.740312 0.137853
v -0.027728 0.741911 0.139399
v -0.028075 0.743173 0.141142
v -0.028441 0.744223 0.142983
v -0.028806 0.745189 0.144819
v -0.029151 0.746198 0.146549
v -0.029453 0.747377 0.148071
v -0.029695 0.748853 0.149284
v -0.029854 0.750753 0.150086
v -0.029948 0.766799 0.150558
v -0.029943 0.767692 0.150533
v -0.026987 0.767692 0.135674
v -0.026987 0.792245 0.135674
v -0.034730 0.792245 0.174600
v -0.034730 0.817093 0.174600
v -0.040722 0.817093 0.204725
v -0.040722 0.822347 0.204725
v -0.040722 0.831499 0.204725
v -0.040722 0.843839 0.204725
v -0.040722 0.858652 0.204725
v -0.040722 0.875226 0.204725
v -0.040722 0.892848 0.204725
v -0.040722 0.910805 0.204725
v -0.040722 0.928384 0.204725
v -0.040722 0.944872 0.204725
v -0.040722 0.959556 0.204725
v -0.040722 0.971722 0.204725
v -0.040722 0.980659 0.204725
v -0.034616 0.980659 0.174025
v -0.034616 0.889702 0.174025
v 0.000000 0.002454 0.237598
v 0.000000 0.002644 0.242672
v 0.000000 0.003188 0.247471
v 0.000000 0.004041 0.251963
v 0.000000 0.005162 0.256116
v 0.000000 0.006508 0.259898
v 0.000000 0.008037 0.263279
v 0.000000 0.009705 0.266226
v 0.000000 0.011471 0.268708
v 0.000000 0.013291 0.270694
v 0.000000 0.015124 0.272151
v 0.000000 0.016926 0.273049
v 0.000000 0.018656 0.273355
v 0.000000 0.020964 0.273355
v 0.000000 0.023336 0.273355
v 0.000000 0.025753 0.273355
v 0.000000 0.028199 0.273355
v 0.000000 0.030655 0.273355
v 0.000000 0.033102 0.273355
v 0.000000 0.035524 0.273355
v 0.000000 0.037902 0.273355
v 0.000000 0.040219 0.273355
v 0.000000 0.042455 0.273355
v 0.000000 0.044595 0.273355
v 0.000000 0.046619 0.273355
v -0.000000 0.050082 0.272546
v -0.000000 0.052730 0.270311
v -0.000000 0.054708 0.266932
v -0.000000 0.056159 0.262696
v -0.000000 0.057229 0.257887
v -0.000000 0.058064 0.252788
v -0.000000 0.058808 0.247686
v -0.000000 0.059607 0.242865
v -0.000000 0.060605 0.238608
v -0.000000 0.061948 0.235202
v -0.000000 0.063780 0.232930
v -0.000000 0.066247 0.232077
v -0.000000 0.069016 0.232915
v -0.000000 0.071743 0.235319
v -0.000000 0.074554 0.238976
v -0.000000 0.077580 0.243575
v -0.000000 0.080947 0.248805
v -0.000000 0.084783 0.254352
v -0.000000 0.089217 0.259906
v -0.000000 0.094376 0.265155
v -0.000000 0.100388 0.269786
v -0.000000 0.107383 0.273489
v -0.000000 0.115486 0.275951
v -0.000000 0.124827 0.276860
v -0.000000 0.135826 0.275258
v -0.000000 0.146868 0.270771
v -0.000000 0.157848 0.263974
v -0.000000 0.168659 0.255441
v -0.000000 0.179194 0.245749
v -0.000000 0.189347 0.235471
v -0.000000 0.199011 0.225184
v -0.000000 0.208080 0.215461
v -0.000000 0.216448 0.206879
v -0.000000 0.224007 0.200011
v -0.000000 0.230651 0.195434
v -0.000000 0.236273 0.193721
v -0.000000 0.241012 0.193628
v -0.000000 0.245339 0.193463
v -0.000000 0.249252 0.193140
v -0.000000 0.252752 0.192573
v -0.000000 0.255838 0.191678
v -0.000000 0.258511 0.190367
v -0.000000 0.260770 0.188555
v -0.000000 0.262614 0.186156
v -0.000000 0.264045 0.183085
v -0.000000 0.265062 0.179255
v -0.000000 0.265664 0.174581
v -0.000000 0.265852 0.168976
v -0.000000 0.266101 0.165600
v -0.000000 0.266828 0.163395
v -0.000000 0.267966 0.162195
v -0.000000 0.269445 0.161832
v -0.000000 0.271197 0.162139
v -0.000000 0.273154 0.162949
v -0.000000 0.275248 0.164093
v -0.000000 0.277410 0.165404
v -0.000000 0.279573 0.166716
v -0.000000 0.281666 0.167860
v -0.000000 0.283624 0.168669
v -0.000000 0.285376 0.168976
v -0.000000 0.285826 0.173245
v -0.000000 0.287332 0.176956
v -0.000000 0.289685 0.180044
v -0.000000 0.292677 0.182443
v -0.000000 0.296097 0.184088
v -0.000000 0.299737 0.184912
v -0.000000 0.303388 0.184852
v -0.000000 0.306841 0.183840
v -0.000000 0.309886 0.181813
v -0.000000 0.312314 0.178703
v -0.000000 0.313916 0.174446
v -0.000000 0.314484 0.168976
v -0.000000 0.322254 0.164985
v -0.000000 0.343816 0.161082
v -0.000000 0.376506 0.157318
v -0.000000 0.417662 0.153744
v -0.000000 0.464622 0.150410
v -0.000000 0.514724 0.147368
v -0.000000 0.565305 0.144668
v -0.000000 0.613702 0.142361
v -0.000000 0.657254 0.140497
v -0.000000 0.693297 0.139128
v -0.000000 0.719170 0.138303
v -0.000000 0.732210 0.138075
v -0.000000 0.735588 0.138423
v -0.000000 0.738246 0.139284
v -0.000000 0.740312 0.140554
v -0.000000 0.741911 0.142130
v -0.000000 0.743173 0.143908
v -0.000000 0.744223 0.145784
v -0.000000 0.745189 0.147656
v -0.000000 0.746198 0.149420
v -0.000000 0.747377 0.150972
v -0.000000 0.748853 0.152209
v -0.000000 0.750753 0.153027
v -0.000000 0.766799 0.153508
v -0.000000 0.767692 0.153482
v -0.000000 0.767692 0.138332
v -0.000000 0.792245 0.138332
v -0.000000 0.792245 0.178020
v -0.000000 0.817093 0.178020
v -0.000000 0.817093 0.208736
v -0.000000 0.822347 0.208736
v -0.000000 0.831499 0.208736
v -0.000000 0.843839 0.208736
v -0.000000 0.858652 0.208736
v -0.000000 0.875226 0.208736
v -0.000000 0.892848 0.208736
v 0.000000 0.889702 0.177434
v 0.046353 0.002454 0.233032
v 0.047343 0.002644 0.238009
v 0.048279 0.003188 0.242716
v 0.049156 0.004041 0.247121
v 0.049966 0.005162 0.251194
v 0.050704 0.006508 0.254904
v 0.051363 0.008037 0.258220
v 0.051938 0.009705 0.261111
v 0.052422 0.011471 0.263545
v 0.052810 0.013291 0.265492
v 0.053094 0.015124 0.266922
v 0.053269 0.016926 0.267802
v 0.053329 0.018656 0.268102
v 0.053329 0.020964 0.268102
v 0.053329 0.023336 0.268102
v 0.053329 0.025753 0.268102
v 0.053329 0.028199 0.268102
v 0.053329 0.030655 0.268102
v 0.053329 0.033102 0.268102
v 0.053329 0.035524 0.268102
v 0.053329 0.037902 0.268102
v 0.053329 0.040219 0.268102
v 0.053329 0.042455 0.268102
v 0.053329 0.044595 0.268102
v 0.053329 0.046619 0.268102
v 0.053171 0.050082 0.267309
v 0.052735 0.052730 0.265117
v 0.052076 0.054708 0.261803
v 0.051249 0.056159 0.257648
v 0.050311 0.057229 0.252931
v 0.049317 0.058064 0.247931
v 0.048321 0.058808 0.242927
v 0.047381 0.059607 0.238198
v 0.046550 0.060605 0.234023
v 0.045886 0.061948 0.230682
v 0.045442 0.063780 0.228454
v 0.045276 0.066247 0.227618
v 0.045440 0.069016 0.228440
v 0.045908 0.071743 0.230797
v 0.046622 0.074554 0.234384
v 0.047519 0.077580 0.238895
v 0.048539 0.080946 0.244024
v 0.049622 0.084783 0.249465
v 0.050705 0.089217 0.254912
v 0.051729 0.094376 0.260060
v 0.052633 0.100388 0.264602
v 0.053355 0.107383 0.268234
v 0.053835 0.115486 0.270648
v 0.054013 0.124827 0.271540
v 0.053700 0.135826 0.269969
v 0.052825 0.146868 0.265568
v 0.051499 0.157848 0.258901
v 0.049834 0.168659 0.250533
v 0.047943 0.179194 0.241027
v 0.045938 0.189347 0.230947
v 0.043931 0.199011 0.220857
v 0.042034 0.208080 0.211321
v 0.040360 0.216448 0.202903
v 0.039020 0.224007 0.196168
v 0.038127 0.230651 0.191678
v 0.037793 0.236273 0.189999
v 0.037775 0.241012 0.189907
v 0.037743 0.245339 0.189745
v 0.037680 0.249252 0.189429
v 0.037569 0.252752 0.188873
v 0.037394 0.255838 0.187995
v 0.037139 0.258511 0.186709
v 0.036785 0.260770 0.184932
v 0.036317 0.262614 0.182579
v 0.035718 0.264045 0.179567
v 0.034971 0.265062 0.175810
v 0.034059 0.265664 0.171226
v 0.032966 0.265852 0.165729
v 0.032307 0.266101 0.162418
v 0.031877 0.266828 0.160256
v 0.031643 0.267966 0.159079
v 0.031572 0.269445 0.158723
v 0.031632 0.271197 0.159024
v 0.031790 0.273154 0.159818
v 0.032013 0.275248 0.160940
v 0.032269 0.277410 0.162226
v 0.032525 0.279573 0.163513
v 0.032748 0.281666 0.164635
v 0.032906 0.283624 0.165428
v 0.032966 0.285376 0.165729
v 0.033798 0.285826 0.169916
v 0.034522 0.287332 0.173556
v 0.035125 0.289685 0.176585
v 0.035593 0.292677 0.178937
v 0.035914 0.296097 0.180550
v 0.036075 0.299737 0.181359
v 0.036063 0.303388 0.181300
v 0.035865 0.306841 0.180308
v 0.035470 0.309886 0.178319
v 0.034863 0.312314 0.175269
v 0.034033 0.313916 0.171094
v 0.032966 0.314484 0.165729
v 0.032187 0.322254 0.161815
v 0.031426 0.343816 0.157987
v 0.030691 0.376506 0.154295
v 0.029994 0.417662 0.150790
v 0.029344 0.464622 0.147520
v 0.028750 0.514724 0.144536
v 0.028223 0.565305 0.141888
v 0.027773 0.613702 0.139625
v 0.027410 0.657254 0.137797
v 0.027142 0.693297 0.136454
v 0.026982 0.719170 0.135646
v 0.026937 0.732210 0.135422
v 0.027005 0.735588 0.135763
v 0.027173 0.738246 0.136608
v 0.027421 0.740312 0.137853
v 0.027728 0.741911 0.139399
v 0.028075 0.743173 0.141143
v 0.028441 0.744223 0.142983
v 0.028806 0.745189 0.144819
v 0.029150 0.746198 0.146549
v 0.029453 0.747377 0.148071
v 0.029694 0.748853 0.149284
v 0.029854 0.750753 0.150087
v 0.029948 0.766799 0.150558
v 0.029943 0.767692 0.150533
v 0.026987 0.767692 0.135674
v 0.026987 0.792245 0.135674
v 0.034730 0.792245 0.174600
v 0.034730 0.817093 0.174600
v 0.040722 0.817093 0.204725
v 0.040722 0.822347 0.204725
v 0.040722 0.831499 0.204725
v 0.040722 0.843839 0.204725
v 0.040722 0.858652 0.204725
v 0.040722 0.875226 0.204725
v 0.040722 0.892848 0.204725
v 0.040722 0.910805 0.204725
v 0.040722 0.928384 0.204725
v 0.040722 0.944872 0.204725
v 0.040722 0.959556 0.204725
v 0.040722 0.971722 0.204725
v 0.040722 0.980659 0.204725
v 0.034616 0.980659 0.174025
v 0.034616 0.889702 0.174025
v 0.090925 0.002454 0.219512
v 0.092867 0.002644 0.224200
v 0.094703 0.003188 0.228633
v 0.096422 0.004041 0.232783
v 0.098011 0.005162 0.236620
v 0.099459 0.006508 0.240115
v 0.100753 0.008037 0.243238
v 0.101880 0.009705 0.245961
v 0.102830 0.011471 0.248254
v 0.103590 0.013291 0.250088
v 0.104148 0.015124 0.251435
v 0.104491 0.016926 0.252264
v 0.104608 0.018656 0.252547
v 0.104608 0.020964 0.252547
v 0.104608 0.023336 0.252547
v 0.104608 0.025753 0.252547
v 0.104608 0.028199 0.252547
v 0.104608 0.030655 0.252547
v 0.104608 0.033102 0.252547
v 0.104608 0.035524 0.252547
v 0.104608 0.037902 0.252547
v 0.104608 0.040219 0.252547
v 0.104608 0.042455 0.252547
v 0.104608 0.044595 0.252547
v 0.104608 0.046619 0.252547
v 0.104299 0.050082 0.251800
v 0.103443 0.052730 0.249734
v 0.102151 0.054708 0.246613
v 0.100529 0.056159 0.242700
v 0.098689 0.057229 0.238256
v 0.096738 0.058064 0.233546
v 0.094785 0.058808 0.228832
v 0.092940 0.059607 0.224378
v 0.091311 0.060605 0.220445
v 0.090008 0.061948 0.217298
v 0.089138 0.063780 0.215199
v 0.088812 0.066247 0.214411
v 0.089133 0.069016 0.215186
v 0.090053 0.071743 0.217406
v 0.091452 0.074554 0.220785
v 0.093212 0.077580 0.225034
v 0.095213 0.080946 0.229865
v 0.097336 0.084783 0.234991
v 0.099462 0.089217 0.240122
v 0.101470 0.094376 0.244971
v 0.103243 0.100388 0.249250
v 0.104660 0.107383 0.252671
v 0.105602 0.115486 0.254945
v 0.105950 0.124827 0.255785
v 0.105337 0.135826 0.254305
v 0.103620 0.146868 0.250160
v 0.101018 0.157848 0.243880
v 0.097753 0.168659 0.235997
v 0.094044 0.179194 0.227042
v 0.090111 0.189347 0.217547
v 0.086174 0.199011 0.208043
v 0.082453 0.208080 0.199060
v 0.079169 0.216448 0.191131
v 0.076541 0.224007 0.184786
v 0.074789 0.230651 0.180557
v 0.074134 0.236273 0.178975
v 0.074098 0.241012 0.178889
v 0.074035 0.245339 0.178736
v 0.073911 0.249252 0.178438
v 0.073695 0.252752 0.177915
v 0.073352 0.255838 0.177087
v 0.072850 0.258511 0.175876
v 0.072157 0.260770 0.174202
v 0.071239 0.262614 0.171986
v 0.070063 0.264045 0.169148
v 0.068598 0.265062 0.165610
v 0.066809 0.265664 0.161291
v 0.064664 0.265852 0.156114
v 0.063372 0.266101 0.152994
v 0.062529 0.266828 0.150957
v 0.062069 0.267966 0.149849
v 0.061931 0.269445 0.149514
v 0.062048 0.271197 0.149797
v 0.062358 0.273154 0.150545
v 0.062796 0.275248 0.151602
v 0.063298 0.277410 0.152814
v 0.063799 0.279573 0.154025
v 0.064237 0.281666 0.155082
v 0.064547 0.283624 0.155830
v 0.064664 0.285376 0.156114
v 0.066298 0.285826 0.160058
v 0.067718 0.287332 0.163486
v 0.068900 0.289685 0.166339
v 0.069818 0.292677 0.168555
v 0.070447 0.296097 0.170075
v 0.070763 0.299737 0.170837
v 0.070740 0.303388 0.170781
v 0.070353 0.306841 0.169846
v 0.069577 0.309886 0.167973
v 0.068387 0.312314 0.165100
v 0.066758 0.313916 0.161167
v 0.064664 0.314484 0.156114
v 0.063137 0.322254 0.152426
v 0.061643 0.343816 0.148820
v 0.060203 0.376506 0.145343
v 0.058835 0.417662 0.142041
v 0.057560 0.464622 0.138961
v 0.056395 0.514724 0.136150
v 0.055362 0.565305 0.133656
v 0.054479 0.613702 0.131524
v 0.053766 0.657254 0.129802
v 0.053242 0.693297 0.128537
v 0.052926 0.719170 0.127776
v 0.052839 0.732210 0.127565
v 0.052972 0.735588 0.127886
v 0.053302 0.738246 0.128681
v 0.053788 0.740312 0.129855
v 0.054391 0.741911 0.131311
v 0.055071 0.743173 0.132953
v 0.055789 0.744223 0.134687
v 0.056506 0.745189 0.136417
v 0.057181 0.746198 0.138046
v 0.057775 0.747377 0.139480
v 0.058248 0.748853 0.140623
v 0.058561 0.750753 0.141378
v 0.058745 0.766799 0.141823
v 0.058735 0.767692 0.141799
v 0.052937 0.767692 0.127802
v 0.052937 0.792245 0.127802
v 0.068125 0.792245 0.164469
v 0.068125 0.817093 0.164469
v 0.079880 0.817093 0.192847
v 0.079880 0.822347 0.192847
v 0.079880 0.831499 0.192847
v 0.079880 0.843839 0.192847
v 0.079880 0.858652 0.192847
v 0.079880 0.875226 0.192847
v 0.079880 0.892848 0.192847
v 0.079880 0.910805 0.192847
v 0.079880 0.928384 0.192847
v 0.079880 0.944872 0.192847
v 0.079880 0.959556 0.192847
v 0.079880 0.971722 0.192847
v 0.079880 0.980659 0.192847
v 0.067901 0.980659 0.163928
v 0.067901 0.889702 0.163928
v 0.132002 0.002454 0.197555
v 0.134821 0.002644 0.201774
v 0.137488 0.003188 0.205765
v 0.139983 0.004041 0.209499
v 0.142290 0.005162 0.212952
v 0.144392 0.006508 0.216097
v 0.146270 0.008037 0.218908
v 0.147907 0.009705 0.221359
v 0.149286 0.011471 0.223423
v 0.150389 0.013291 0.225074
v 0.151199 0.015124 0.226285
v 0.151698 0.016926 0.227032
v 0.151868 0.018656 0.227286
v 0.151868 0.020964 0.227286
v 0.151868 0.023336 0.227286
v 0.151868 0.025753 0.227286
v 0.151868 0.028199 0.227286
v 0.151868 0.030655 0.227286
v 0.151868 0.033102 0.227286
v 0.151868 0.035524 0.227286
v 0.151868 0.037902 0.227286
v 0.151868 0.040219 0.227286
v 0.151868 0.042455 0.227286
v 0.151868 0.044595 0.227286
v 0.151868 0.046619 0.227286
v 0.151419 0.050082 0.226614
v 0.150177 0.052730 0.224755
v 0.148300 0.054708 0.221946
v 0.145946 0.056159 0.218424
v 0.143274 0.057229 0.214425
v 0.140442 0.058064 0.210186
v 0.137607 0.058808 0.205943
v 0.134928 0.059607 0.201934
v 0.132564 0.060605 0.198395
v 0.130671 0.061948 0.195563
v 0.129409 0.063780 0.193674
v 0.128935 0.066247 0.192965
v 0.129401 0.069016 0.193662
v 0.130736 0.071743 0.195661
v 0.132768 0.074554 0.198701
v 0.135323 0.077580 0.202526
v 0.138228 0.080946 0.206873
v 0.141310 0.084783 0.211486
v 0.144396 0.089217 0.216104
v 0.147312 0.094376 0.220468
v 0.149885 0.100388 0.224319
v 0.151942 0.107383 0.227398
v 0.153310 0.115486 0.229445
v 0.153815 0.124827 0.230201
v 0.152925 0.135826 0.228869
v 0.150432 0.146868 0.225138
v 0.146656 0.157848 0.219486
v 0.141916 0.168659 0.212391
v 0.136531 0.179194 0.204333
v 0.130821 0.189347 0.195787
v 0.125105 0.199011 0.187233
v 0.119704 0.208080 0.179149
v 0.114936 0.216448 0.172013
v 0.111120 0.224007 0.166303
v 0.108577 0.230651 0.162497
v 0.107626 0.236273 0.161073
v 0.107574 0.241012 0.160996
v 0.107482 0.245339 0.160858
v 0.107303 0.249252 0.160590
v 0.106988 0.252752 0.160119
v 0.106490 0.255838 0.159374
v 0.105762 0.258511 0.158284
v 0.104755 0.260770 0.156778
v 0.103423 0.262614 0.154783
v 0.101716 0.264045 0.152229
v 0.099589 0.265062 0.149045
v 0.096992 0.265664 0.145158
v 0.093878 0.265852 0.140499
v 0.092002 0.266101 0.137691
v 0.090777 0.266828 0.135858
v 0.090111 0.267966 0.134860
v 0.089909 0.269445 0.134559
v 0.090080 0.271197 0.134814
v 0.090529 0.273154 0.135487
v 0.091165 0.275248 0.136438
v 0.091894 0.277410 0.137529
v 0.092622 0.279573 0.138619
v 0.093258 0.281666 0.139571
v 0.093708 0.283624 0.140243
v 0.093878 0.285376 0.140499
v 0.096250 0.285826 0.144048
v 0.098312 0.287332 0.147134
v 0.100027 0.289685 0.149701
v 0.101360 0.292677 0.151696
v 0.102274 0.296097 0.153063
v 0.102732 0.299737 0.153749
v 0.102698 0.303388 0.153699
v 0.102136 0.306841 0.152858
v 0.101010 0.309886 0.151172
v 0.099282 0.312314 0.148586
v 0.096917 0.313916 0.145047
v 0.093878 0.314484 0.140499
v 0.091661 0.322254 0.137180
v 0.089492 0.343816 0.133935
v 0.087401 0.376506 0.130805
v 0.085416 0.417662 0.127833
v 0.083564 0.464622 0.125062
v 0.081873 0.514724 0.122532
v 0.080373 0.565305 0.120287
v 0.079091 0.613702 0.118369
v 0.078056 0.657254 0.116819
v 0.077295 0.693297 0.115680
v 0.076837 0.719170 0.114995
v 0.076710 0.732210 0.114805
v 0.076904 0.735588 0.115095
v 0.077382 0.738246 0.115810
v 0.078088 0.740312 0.116866
v 0.078963 0.741911 0.118176
v 0.079951 0.743173 0.119655
v 0.080994 0.744223 0.121215
v 0.082034 0.745189 0.122772
v 0.083013 0.746198 0.124238
v 0.083876 0.747377 0.125529
v 0.084563 0.748853 0.126557
v 0.085017 0.750753 0.127237
v 0.085284 0.766799 0.127637
v 0.085270 0.767692 0.127616
v 0.076853 0.767692 0.115019
v 0.076853 0.792245 0.115019
v 0.098903 0.792245 0.148019
v 0.098903 0.817093 0.148019
v 0.115968 0.817093 0.173558
v 0.115968 0.822347 0.173558
v 0.115968 0.831499 0.173558
v 0.115968 0.843839 0.173558
v 0.115968 0.858652 0.173558
v 0.115968 0.875226 0.173558
v 0.115968 0.892848 0.173558
v 0.115968 0.910805 0.173558
v 0.115968 0.928384 0.173558
v 0.115968 0.944872 0.173558
v 0.115968 0.959556 0.173558
v 0.115968 0.971722 0.173558
v 0.115968 0.980659 0.173558
v 0.098577 0.980659 0.147531
v 0.098577 0.889702 0.147531
v 0.168007 0.002454 0.168007
v 0.171595 0.002644 0.171595
v 0.174988 0.003188 0.174988
v 0.178165 0.004041 0.178164
v 0.181101 0.005162 0.181101
v 0.183776 0.006508 0.183776
v 0.186166 0.008037 0.186166
v 0.188250 0.009705 0.188250
v 0.190005 0.011471 0.190005
v 0.191409 0.013291 0.191409
v 0.192440 0.015124 0.192440
v 0.193075 0.016926 0.193074
v 0.193291 0.018656 0.193291
v 0.193291 0.020964 0.193291
v 0.193291 0.023336 0.193291
v 0.193291 0.025753 0.193291
v 0.193291 0.028199 0.193291
v 0.193291 0.030655 0.193291
v 0.193291 0.033102 0.193291
v 0.193291 0.035524 0.193291
v 0.193291 0.037902 0.193291
v 0.193291 0.040219 0.193291
v 0.193291 0.042455 0.193291
v 0.193291 0.044595 0.193291
v 0.193291 0.046619 0.193291
v 0.192719 0.050082 0.192719
v 0.191139 0.052730 0.191138
v 0.188750 0.054708 0.188750
v 0.185754 0.056159 0.185754
v 0.182353 0.057229 0.182353
v 0.178748 0.058064 0.178748
v 0.175141 0.058808 0.175140
v 0.171731 0.059607 0.171731
v 0.168722 0.060605 0.168721
v 0.166313 0.061948 0.166313
v 0.164706 0.063780 0.164706
v 0.164103 0.066247 0.164103
v 0.164696 0.069016 0.164696
v 0.166396 0.071743 0.166396
v 0.168982 0.074554 0.168982
v 0.172234 0.077580 0.172234
v 0.175931 0.080946 0.175931
v 0.179854 0.084783 0.179854
v 0.183781 0.089217 0.183781
v 0.187493 0.094376 0.187493
v 0.190768 0.100388 0.190768
v 0.193386 0.107383 0.193386
v 0.195127 0.115486 0.195127
v 0.195770 0.124827 0.195770
v 0.194637 0.135826 0.194637
v 0.191464 0.146868 0.191464
v 0.186658 0.157848 0.186657
v 0.180624 0.168659 0.180624
v 0.173771 0.179194 0.173771
v 0.166503 0.189347 0.166503
v 0.159229 0.199011 0.159229
v 0.152354 0.208080 0.152354
v 0.146285 0.216448 0.146285
v 0.141429 0.224007 0.141429
v 0.138192 0.230651 0.138192
v 0.136982 0.236273 0.136981
v 0.136916 0.241012 0.136915
v 0.136799 0.245339 0.136799
v 0.136570 0.249252 0.136570
v 0.136170 0.252752 0.136170
v 0.135537 0.255838 0.135536
v 0.134610 0.258511 0.134610
v 0.133328 0.260770 0.133328
v 0.131632 0.262614 0.131632
v 0.129460 0.264045 0.129460
v 0.126752 0.265062 0.126752
v 0.123447 0.265664 0.123447
v 0.119484 0.265852 0.119484
v 0.117097 0.266101 0.117097
v 0.115538 0.266828 0.115538
v 0.114689 0.267966 0.114689
v 0.114433 0.269445 0.114433
v 0.114650 0.271197 0.114650
v 0.115222 0.273154 0.115222
v 0.116031 0.275248 0.116031
v 0.116959 0.277410 0.116958
v 0.117886 0.279573 0.117886
v 0.118695 0.281666 0.118695
v 0.119267 0.283624 0.119267
v 0.119484 0.285376 0.119484
v 0.122503 0.285826 0.122503
v 0.125127 0.287332 0.125127
v 0.127310 0.289685 0.127310
v 0.129007 0.292677 0.129007
v 0.130170 0.296097 0.130169
v 0.130753 0.299737 0.130753
v 0.130710 0.303388 0.130710
v 0.129995 0.306841 0.129995
v 0.128561 0.309886 0.128561
v 0.126362 0.312314 0.126362
v 0.123352 0.313916 0.123352
v 0.119484 0.314484 0.119484
v 0.116662 0.322254 0.116662
v 0.113902 0.343816 0.113902
v 0.111241 0.376506 0.111241
v 0.108713 0.417662 0.108713
v 0.106356 0.464622 0.106356
v 0.104205 0.514724 0.104205
v 0.102296 0.565305 0.102296
v 0.100664 0.613702 0.100664
v 0.099346 0.657254 0.099346
v 0.098378 0.693297 0.098378
v 0.097795 0.719170 0.097795
v 0.097634 0.732210 0.097634
v 0.097880 0.735588 0.097880
v 0.098489 0.738246 0.098489
v 0.099387 0.740312 0.099387
v 0.100501 0.741911 0.100501
v 0.101758 0.743173 0.101758
v 0.103085 0.744223 0.103085
v 0.104409 0.745189 0.104409
v 0.105656 0.746198 0.105656
v 0.106754 0.747377 0.106753
v 0.107628 0.748853 0.107628
v 0.108206 0.750753 0.108206
v 0.108546 0.766799 0.108546
v 0.108528 0.767692 0.108528
v 0.097815 0.767692 0.097815
v 0.097815 0.792245 0.097815
v 0.125879 0.792245 0.125879
v 0.125879 0.817093 0.125879
v 0.147599 0.817093 0.147599
v 0.147599 0.822347 0.147599
v 0.147599 0.831499 0.147599
v 0.147599 0.843839 0.147599
v 0.147599 0.858652 0.147599
v 0.147599 0.875226 0.147599
v 0.147599 0.892848 0.147599
v 0.147599 0.910805 0.147599
v 0.147599 0.928384 0.147599
v 0.147599 0.944872 0.147599
v 0.147599 0.959556 0.147599
v 0.147599 0.971722 0.147599
v 0.147599 0.980659 0.147599
v 0.125465 0.980659 0.125465
v 0.125465 0.889702 0.125465
v 0.197555 0.002454 0.132002
v 0.201774 0.002644 0.134821
v 0.205765 0.003187 0.137488
v 0.209499 0.004041 0.139983
v 0.212952 0.005162 0.142290
v 0.216097 0.006508 0.144392
v 0.218908 0.008037 0.146270
v 0.221359 0.009705 0.147907
v 0.223423 0.011471 0.149286
v 0.225074 0.013291 0.150389
v 0.226285 0.015124 0.151199
v 0.227032 0.016926 0.151698
v 0.227286 0.018656 0.151868
v 0.227286 0.020964 0.151868
v 0.227286 0.023336 0.151868
v 0.227286 0.025753 0.151868
v 0.227286 0.028199 0.151868
v 0.227286 0.030655 0.151868
v 0.227286 0.033102 0.151868
v 0.227286 0.035524 0.151868
v 0.227286 0.037902 0.151868
v 0.227286 0.040219 0.151868
v 0.227286 0.042455 0.151868
v 0.227286 0.044595 0.151868
v 0.227286 0.046619 0.151868
v 0.226614 0.050082 0.151419
v 0.224755 0.052730 0.150177
v 0.221946 0.054708 0.148300
v 0.218424 0.056159 0.145946
v 0.214425 0.057229 0.143274
v 0.210186 0.058064 0.140442
v 0.205943 0.058808 0.137607
v 0.201934 0.059607 0.134928
v 0.198395 0.060605 0.132564
v 0.195563 0.061948 0.130671
v 0.193674 0.063780 0.129409
v 0.192965 0.066247 0.128935
v 0.193662 0.069016 0.129401
v 0.195661 0.071743 0.130736
v 0.198702 0.074554 0.132768
v 0.202526 0.077580 0.135323
v 0.206873 0.080946 0.138228
v 0.211486 0.084783 0.141310
v 0.216104 0.089217 0.144396
v 0.220468 0.094376 0.147312
v 0.224319 0.100388 0.149885
v 0.227398 0.107383 0.151942
v 0.229445 0.115486 0.153310
v 0.230201 0.124827 0.153815
v 0.228869 0.135826 0.152925
v 0.225138 0.146868 0.150432
v 0.219486 0.157848 0.146656
v 0.212392 0.168659 0.141916
v 0.204333 0.179194 0.136531
v 0.195787 0.189347 0.130821
v 0.187233 0.199011 0.125105
v 0.179149 0.208080 0.119704
v 0.172013 0.216448 0.114936
v 0.166303 0.224007 0.111120
v 0.162497 0.230651 0.108577
v 0.161073 0.236273 0.107626
v 0.160996 0.241012 0.107574
v 0.160858 0.245339 0.107482
v 0.160590 0.249252 0.107303
v 0.160119 0.252752 0.106988
v 0.159374 0.255838 0.106490
v 0.158284 0.258511 0.105762
v 0.156778 0.260770 0.104755
v 0.154783 0.262614 0.103423
v 0.152229 0.264045 0.101716
v 0.149045 0.265062 0.099589
v 0.145158 0.265664 0.096992
v 0.140499 0.265852 0.093878
v 0.137691 0.266101 0.092002
v 0.135858 0.266828 0.090777
v 0.134860 0.267966 0.090111
v 0.134559 0.269445 0.089909
v 0.134814 0.271197 0.090080
v 0.135487 0.273154 0.090529
v 0.136438 0.275248 0.091165
v 0.137529 0.277410 0.091894
v 0.138619 0.279573 0.092622
v 0.139571 0.281666 0.093258
v 0.140243 0.283624 0.093708
v 0.140499 0.285376 0.093878
v 0.144048 0.285826 0.096250
v 0.147134 0.287332 0.098312
v 0.149701 0.289685 0.100027
v 0.151696 0.292677 0.101360
v 0.153063 0.296097 0.102274
v 0.153749 0.299737 0.102732
v 0.153699 0.303388 0.102698
v 0.152858 0.306841 0.102136
v 0.151172 0.309886 0.101010
v 0.148586 0.312314 0.099282
v 0.145047 0.313916 0.096917
v 0.140499 0.314484 0.093878
v 0.137180 0.322254 0.091661
v 0.133935 0.343816 0.089492
v 0.130805 0.376506 0.087401
v 0.127833 0.417662 0.085416
v 0.125062 0.464622 0.083564
v 0.122532 0.514724 0.081873
v 0.120287 0.565305 0.080373
v 0.118369 0.613702 0.079091
v 0.116819 0.657254 0.078056
v 0.115680 0.693297 0.077295
v 0.114995 0.719170 0.076837
v 0.114805 0.732210 0.076710
v 0.115095 0.735588 0.076904
v 0.115810 0.738246 0.077382
v 0.116866 0.740312 0.078088
v 0.118176 0.741911 0.078963
v 0.119655 0.743173 0.079951
v 0.121215 0.744223 0.080994
v 0.122772 0.745189 0.082034
v 0.124238 0.746198 0.083013
v 0.125529 0.747377 0.083876
v 0.126557 0.748853 0.084563
v 0.127237 0.750753 0.085017
v 0.127637 0.766799 0.085284
v 0.127616 0.767692 0.085270
v 0.115019 0.767692 0.076853
v 0.115019 0.792245 0.076853
v 0.148019 0.792245 0.098903
v 0.148019 0.817093 0.098903
v 0.173558 0.817093 0.115968
v 0.173558 0.822347 0.115968
v 0.173558 0.831499 0.115968
v 0.173558 0.843839 0.115968
v 0.173558 0.858652 0.115968
v 0.173558 0.875226 0.115968
v 0.173558 0.892848 0.115968
v 0.147531 0.889702 0.098577
v 0.219512 0.002454 0.090925
v 0.224200 0.002644 0.092867
v 0.228633 0.003187 0.094703
v 0.232783 0.004041 0.096422
v 0.236620 0.005162 0.098011
v 0.240115 0.006508 0.099459
v 0.243238 0.008037 0.100752
v 0.245961 0.009705 0.101880
v 0.248254 0.011471 0.102830
v 0.250088 0.013291 0.103590
v 0.251435 0.015124 0.104148
v 0.252264 0.016926 0.104491
v 0.252547 0.018656 0.104608
v 0.252547 0.020964 0.104608
v 0.252547 0.023336 0.104608
v 0.252547 0.025753 0.104608
v 0.252547 0.028199 0.104608
v 0.252547 0.030655 0.104608
v 0.252547 0.033102 0.104608
v 0.252547 0.035524 0.104608
v 0.252547 0.037902 0.104608
v 0.252547 0.040219 0.104608
v 0.252547 0.042455 0.104608
v 0.252547 0.044595 0.104608
v 0.252547 0.046619 0.104608
v 0.251800 0.050082 0.104299
v 0.249734 0.052730 0.103443
v 0.246613 0.054708 0.102151
v 0.242700 0.056159 0.100529
v 0.238256 0.057229 0.098689
v 0.233546 0.058064 0.096738
v 0.228832 0.058808 0.094785
v 0.224378 0.059607 0.092940
v 0.220445 0.060605 0.091311
v 0.217298 0.061948 0.090008
v 0.215199 0.063780 0.089138
v 0.214411 0.066247 0.088812
v 0.215186 0.069016 0.089133
v 0.217406 0.071743 0.090053
v 0.220785 0.074554 0.091452
v 0.225034 0.077580 0.093212
v 0.229866 0.080946 0.095213
v 0.234991 0.084783 0.097336
v 0.240122 0.089217 0.099462
v 0.244971 0.094376 0.101470
v 0.249250 0.100388 0.103243
v 0.252671 0.107383 0.104660
v 0.254945 0.115486 0.105602
v 0.255786 0.124827 0.105950
v 0.254305 0.135826 0.105337
v 0.250160 0.146868 0.103620
v 0.243880 0.157848 0.101018
v 0.235997 0.168659 0.097753
v 0.227042 0.179194 0.094044
v 0.217547 0.189347 0.090111
v 0.208043 0.199011 0.086174
v 0.199060 0.208080 0.082453
v 0.191131 0.216448 0.079169
v 0.184786 0.224007 0.076541
v 0.180557 0.230651 0.074789
v 0.178975 0.236273 0.074134
v 0.178889 0.241012 0.074098
v 0.178736 0.245339 0.074035
v 0.178438 0.249252 0.073911
v 0.177915 0.252752 0.073695
v 0.177087 0.255838 0.073352
v 0.175876 0.258511 0.072850
v 0.174202 0.260770 0.072157
v 0.171986 0.262614 0.071239
v 0.169148 0.264045 0.070063
v 0.165610 0.265062 0.068598
v 0.161291 0.265664 0.066809
v 0.156114 0.265852 0.064664
v 0.152994 0.266101 0.063372
v 0.150957 0.266828 0.062529
v 0.149849 0.267966 0.062069
v 0.149514 0.269445 0.061931
v 0.149797 0.271197 0.062048
v 0.150545 0.273154 0.062358
v 0.151602 0.275248 0.062796
v 0.152814 0.277410 0.063298
v 0.154025 0.279573 0.063799
v 0.155083 0.281666 0.064237
v 0.155830 0.283624 0.064547
v 0.156114 0.285376 0.064664
v 0.160058 0.285826 0.066298
v 0.163486 0.287332 0.067718
v 0.166339 0.289685 0.068900
v 0.168555 0.292677 0.069818
v 0.170075 0.296097 0.070447
v 0.170837 0.299737 0.070763
v 0.170781 0.303388 0.070740
v 0.169846 0.306841 0.070353
v 0.167973 0.309886 0.069577
v 0.165100 0.312314 0.068387
v 0.161167 0.313916 0.066758
v 0.156114 0.314484 0.064664
v 0.152426 0.322254 0.063137
v 0.148820 0.343816 0.061643
v 0.145343 0.376506 0.060203
v 0.142041 0.417662 0.058835
v 0.138961 0.464622 0.057560
v 0.136150 0.514724 0.056395
v 0.133656 0.565305 0.055362
v 0.131524 0.613702 0.054479
v 0.129802 0.657254 0.053766
v 0.128537 0.693297 0.053242
v 0.127776 0.719170 0.052926
v 0.127565 0.732210 0.052839
v 0.127886 0.735588 0.052972
v 0.128682 0.738246 0.053302
v 0.129855 0.740312 0.053788
v 0.131311 0.741911 0.054391
v 0.132953 0.743173 0.055071
v 0.134687 0.744223 0.055789
v 0.136417 0.745189 0.056506
v 0.138046 0.746198 0.057181
v 0.139480 0.747377 0.057775
v 0.140623 0.748853 0.058248
v 0.141378 0.750753 0.058561
v 0.141823 0.766799 0.058745
v 0.141799 0.767692 0.058735
v 0.127802 0.767692 0.052937
v 0.127802 0.792245 0.052937
v 0.164469 0.792245 0.068125
v 0.164469 0.817093 0.068125
v 0.192847 0.817093 0.079880
v 0.192847 0.822347 0.079880
v 0.192847 0.831499 0.079880
v 0.192847 0.843839 0.079880
v 0.192847 0.858652 0.079880
v 0.192847 0.875226 0.079880
v 0.192847 0.892848 0.079880
v 0.192847 0.910805 0.079880
v 0.192847 0.928384 0.079880
v 0.192847 0.944872 0.079880
v 0.192847 0.959556 0.079880
v 0.192847 0.971722 0.079880
v 0.192847 0.980659 0.079880
v 0.163928 0.889702 0.067901
v 0.233032 0.002454 0.046353
v 0.238009 0.002644 0.047343
v 0.242716 0.003187 0.048279
v 0.247121 0.004041 0.049155
v 0.251194 0.005162 0.049966
v 0.254904 0.006508 0.050704
v 0.258220 0.008037 0.051363
v 0.261111 0.009705 0.051938
v 0.263545 0.011471 0.052422
v 0.265492 0.013291 0.052810
v 0.266922 0.015124 0.053094
v 0.267802 0.016926 0.053269
v 0.268102 0.018656 0.053329
v 0.268102 0.020964 0.053329
v 0.268102 0.023336 0.053329
v 0.268102 0.025753 0.053329
v 0.268102 0.028199 0.053329
v 0.268102 0.030655 0.053329
v 0.268102 0.033102 0.053329
v 0.268102 0.035524 0.053329
v 0.268102 0.037902 0.053329
v 0.268102 0.040219 0.053329
v 0.268102 0.042455 0.053329
v 0.268102 0.044595 0.053329
v 0.268102 0.046619 0.053329
v 0.267309 0.050082 0.053171
v 0.265117 0.052730 0.052735
v 0.261803 0.054708 0.052076
v 0.257648 0.056159 0.051249
v 0.252931 0.057229 0.050311
v 0.247931 0.058064 0.049317
v 0.242927 0.058808 0.048321
v 0.238198 0.059607 0.047381
v 0.234023 0.060605 0.046550
v 0.230682 0.061948 0.045886
v 0.228454 0.063780 0.045442
v 0.227618 0.066247 0.045276
v 0.228440 0.069016 0.045439
v 0.230797 0.071743 0.045908
v 0.234384 0.074554 0.046622
v 0.238895 0.077580 0.047519
v 0.244024 0.080946 0.048539
v 0.249465 0.084783 0.049622
v 0.254912 0.089217 0.050705
v 0.260060 0.094376 0.051729
v 0.264602 0.100388 0.052633
v 0.268234 0.107383 0.053355
v 0.270648 0.115486 0.053835
v 0.271540 0.124827 0.054013
v 0.269969 0.135826 0.053700
v 0.265568 0.146868 0.052825
v 0.258901 0.157848 0.051499
v 0.250533 0.168659 0.049834
v 0.241027 0.179194 0.047943
v 0.230947 0.189347 0.045938
v 0.220857 0.199011 0.043931
v 0.211321 0.208080 0.042034
v 0.202903 0.216448 0.040360
v 0.196168 0.224007 0.039020
v 0.191678 0.230651 0.038127
v 0.189999 0.236273 0.037793
v 0.189907 0.241012 0.037775
v 0.189745 0.245339 0.037743
v 0.189429 0.249252 0.037680
v 0.188873 0.252752 0.037569
v 0.187995 0.255838 0.037394
v 0.186709 0.258511 0.037139
v 0.184932 0.260770 0.036785
v 0.182579 0.262614 0.036317
v 0.179567 0.264045 0.035718
v 0.175811 0.265062 0.034971
v 0.171226 0.265664 0.034059
v 0.165730 0.265852 0.032966
v 0.162418 0.266101 0.032307
v 0.160256 0.266828 0.031877
v 0.159079 0.267966 0.031643
v 0.158723 0.269445 0.031572
v 0.159024 0.271197 0.031632
v 0.159818 0.273154 0.031790
v 0.160940 0.275248 0.032013
v 0.162226 0.277410 0.032269
v 0.163513 0.279573 0.032525
v 0.164635 0.281666 0.032748
v 0.165428 0.283624 0.032906
v 0.165730 0.285376 0.032966
v 0.169916 0.285826 0.033798
v 0.173556 0.287332 0.034522
v 0.176585 0.289685 0.035125
v 0.178937 0.292677 0.035593
v 0.180550 0.296097 0.035914
v 0.181359 0.299737 0.036075
v 0.181300 0.303388 0.036063
v 0.180308 0.306841 0.035865
v 0.178319 0.309886 0.035470
v 0.175269 0.312314 0.034863
v 0.171094 0.313916 0.034033
v 0.165730 0.314484 0.032966
v 0.161815 0.322254 0.032187
v 0.157987 0.343816 0.031426
v 0.154295 0.376506 0.030691
v 0.150790 0.417662 0.029994
v 0.147520 0.464622 0.029344
v 0.144537 0.514724 0.028750
v 0.141888 0.565305 0.028223
v 0.139625 0.613702 0.027773
v 0.137797 0.657254 0.027410
v 0.136454 0.693297 0.027142
v 0.135646 0.719170 0.026982
v 0.135422 0.732210 0.026937
v 0.135763 0.735588 0.027005
v 0.136608 0.738246 0.027173
v 0.137853 0.740312 0.027421
v 0.139399 0.741911 0.027728
v 0.141143 0.743173 0.028075
v 0.142983 0.744223 0.028441
v 0.144819 0.745189 0.028806
v 0.146549 0.746198 0.029150
v 0.148071 0.747377 0.029453
v 0.149284 0.748853 0.029694
v 0.150087 0.750753 0.029854
v 0.150558 0.766799 0.029948
v 0.150533 0.767692 0.029943
v 0.135674 0.767692 0.026987
v 0.135674 0.792245 0.026987
v 0.174600 0.792245 0.034730
v 0.174600 0.817093 0.034730
v 0.204725 0.817093 0.040722
v 0.204725 0.822347 0.040722
v 0.204725 0.831499 0.040722
v 0.204725 0.843839 0.040722
v 0.204725 0.858652 0.040722
v 0.204725 0.875226 0.040722
v 0.204725 0.892848 0.040722
v 0.204725 0.910805 0.040722
v 0.204725 0.928384 0.040722
v 0.204725 0.944872 0.040722
v 0.204725 0.959556 0.040722
v 0.204725 0.971722 0.040722
v 0.204725 0.980659 0.040722
v 0.174025 0.980659 0.034616
v 0.174025 0.889702 0.034616
v -0.024519 0.909067 0.206321
v -0.024519 0.909067 0.175020
v -0.024519 0.971722 0.206321
v -0.024519 0.959556 0.206321
v -0.024519 0.944872 0.206321
v -0.024519 0.928384 0.206321
v -0.024519 0.910805 0.206321
v -0.024519 0.980659 0.175020
v -0.024519 0.980659 0.206321
v 0.166079 0.980659 0.125080
v 0.138736 0.980659 0.109294
v 0.027576 0.909067 0.206020
v -0.000000 0.909067 0.208736
v 0.000000 0.909067 0.177434
v 0.027576 0.909067 0.174718
v 0.027576 0.928384 0.206020
v 0.027576 0.910805 0.206020
v 0.027576 0.980659 0.206020
v 0.027576 0.959556 0.206020
v 0.027576 0.944872 0.206020
v 0.027576 0.971722 0.206020
v 0.027576 0.980659 0.174718
v 0.192642 0.909067 0.080262
v 0.163928 0.909067 0.067901
v 0.165017 0.909067 0.064313
v 0.173558 0.909067 0.115968
v 0.147531 0.909067 0.098577
v 0.166079 0.909067 0.125080
v 0.138736 0.909067 0.109294
v 0.166079 0.928384 0.125080
v 0.166079 0.971722 0.125080
v 0.166079 0.959556 0.125080
v 0.166079 0.944872 0.125080
v 0.166079 0.910805 0.125080
v -0.163928 0.909067 0.067901
v -0.191921 0.909067 0.081611
v -0.164561 0.909067 0.065815
v 0.192642 0.980659 0.080262
v 0.189778 0.980659 0.078609
v 0.192642 0.971722 0.080262
v 0.192642 0.959556 0.080262
v 0.192642 0.944872 0.080262
v 0.165017 0.980659 0.064313
v 0.192642 0.928384 0.080262
v 0.192642 0.910805 0.080262
v -0.165096 0.928384 0.126278
v -0.165096 0.909067 0.126278
v -0.165096 0.910805 0.126278
v -0.137754 0.909067 0.110491
v -0.147531 0.909067 0.098577
v -0.173558 0.909067 0.115967
v -0.165096 0.944872 0.126278
v -0.165096 0.959556 0.126278
v -0.137754 0.980659 0.110491
v -0.165096 0.980659 0.126278
v -0.165096 0.971722 0.126278
v -0.178958 0.980659 0.074127
v -0.191921 0.980659 0.081611
v -0.164561 0.980659 0.065815
v -0.191921 0.944872 0.081611
v -0.191921 0.959556 0.081611
v -0.191921 0.910805 0.081611
v -0.191921 0.971722 0.081611
v -0.191921 0.928384 0.081611
v -0.164561 0.909067 -0.065815
v -0.163928 0.909067 -0.067901
v -0.191921 0.909067 -0.081611
v -0.147531 0.909067 -0.098577
v -0.137753 0.909067 -0.110492
v -0.165096 0.909067 -0.126278
v -0.173558 0.909067 -0.115968
v -0.191921 0.928384 -0.081611
v -0.191921 0.910805 -0.081611
v -0.164561 0.980659 -0.065815
v -0.178957 0.980659 -0.074126
v -0.191921 0.980659 -0.081611
v -0.191921 0.971722 -0.081611
v -0.191921 0.944872 -0.081611
v -0.191921 0.959556 -0.081611
v 0.165017 0.909067 -0.064313
v 0.192642 0.971722 -0.080263
v 0.192642 0.959556 -0.080263
v 0.192642 0.928384 -0.080263
v 0.192642 0.944872 -0.080263
v 0.192642 0.910805 -0.080263
v 0.192642 0.909067 -0.080263
v 0.165017 0.980659 -0.064313
v 0.189776 0.980659 -0.078608
v 0.192642 0.980659 -0.080263
v 0.163928 0.909067 -0.067901
v 0.173558 0.909067 -0.115968
v 0.166079 0.909067 -0.125080
v 0.147531 0.909067 -0.098577
v 0.138736 0.909067 -0.109294
v -0.137753 0.980659 -0.110492
v -0.165096 0.980659 -0.126278
v -0.165096 0.971722 -0.126278
v -0.165096 0.959556 -0.126278
v -0.165096 0.944872 -0.126278
v -0.165096 0.910805 -0.126278
v -0.165096 0.928384 -0.126278
v 0.166079 0.980659 -0.125080
v 0.166079 0.971722 -0.125080
v 0.166079 0.959556 -0.125080
v 0.166079 0.944872 -0.125080
v 0.138736 0.980659 -0.109294
v 0.166079 0.910805 -0.125080
v 0.166079 0.928384 -0.125080
v 0.000000 0.909067 -0.208736
v -0.000000 0.909067 -0.177435
v -0.024519 0.909067 -0.206321
v -0.024519 0.909067 -0.175020
v 0.027576 0.980659 -0.206020
v 0.027576 0.980659 -0.174719
v 0.027576 0.909067 -0.206020
v 0.027576 0.909067 -0.174719
v -0.024519 0.971722 -0.206321
v -0.024519 0.980659 -0.206321
v -0.024519 0.959556 -0.206321
v -0.024519 0.944872 -0.206321
v -0.024519 0.980659 -0.175020
v -0.024519 0.910805 -0.206321
v -0.024519 0.928384 -0.206321
v 0.027576 0.928384 -0.206020
v 0.027576 0.910805 -0.206020
v 0.027576 0.971722 -0.206020
v 0.027576 0.959556 -0.206020
v 0.027576 0.944872 -0.206020
v 0.000000 -0.003761 -0.194862
v 0.000000 -0.000082 -0.194862
v 0.038016 -0.003761 -0.191118
v 0.038016 -0.000082 -0.191118
v 0.074571 -0.003761 -0.180029
v 0.074571 -0.000082 -0.180029
v 0.108260 -0.003761 -0.162022
v 0.108260 -0.000082 -0.162022
v 0.137788 -0.003761 -0.137788
v 0.137788 -0.000082 -0.137788
v 0.162022 -0.003761 -0.108260
v 0.162022 -0.000082 -0.108260
v 0.180029 -0.003761 -0.074571
v 0.180029 -0.000082 -0.074571
v 0.191118 -0.003761 -0.038016
v 0.191118 -0.000082 -0.038016
v 0.194862 -0.003761 0.000000
v 0.194862 -0.000082 0.000000
v 0.191118 -0.003761 0.038016
v 0.191118 -0.000082 0.038016
v 0.180029 -0.003761 0.074571
v 0.180029 -0.000082 0.074571
v 0.162022 -0.003761 0.108260
v 0.162022 -0.000082 0.108260
v 0.137788 -0.003761 0.137788
v 0.137788 -0.000082 0.137788
v 0.108260 -0.003761 0.162022
v 0.108260 -0.000082 0.162022
v 0.074571 -0.003761 0.180029
v 0.074571 -0.000082 0.180029
v 0.038016 -0.003761 0.191118
v 0.038016 -0.000082 0.191118
v 0.000000 -0.003761 0.194862
v 0.000000 -0.000082 0.194862
v -0.038016 -0.003761 0.191118
v -0.038016 -0.000082 0.191118
v -0.074571 -0.003761 0.180029
v -0.074571 -0.000082 0.180029
v -0.108260 -0.003761 0.162022
v -0.108260 -0.000082 0.162022
v -0.137788 -0.003761 0.137788
v -0.137788 -0.000082 0.137788
v -0.162022 -0.003761 0.108260
v -0.162022 -0.000082 0.108260
v -0.180029 -0.003761 0.074571
v -0.180029 -0.000082 0.074571
v -0.191118 -0.003761 0.038016
v -0.191118 -0.000082 0.038016
v -0.194862 -0.003761 0.000000
v -0.194862 -0.000082 0.000000
v -0.191118 -0.003761 -0.038016
v -0.191118 -0.000082 -0.038016
v -0.180029 -0.003761 -0.074571
v -0.180029 -0.000082 -0.074571
v -0.162022 -0.003761 -0.108260
v -0.162022 -0.000082 -0.108260
v -0.137788 -0.003761 -0.137788
v -0.137788 -0.000082 -0.137788
v -0.108260 -0.003761 -0.162022
v -0.108260 -0.000082 -0.162022
v -0.074571 -0.003761 -0.180029
v -0.074571 -0.000082 -0.180029
v -0.038016 -0.003761 -0.191118
v -0.038016 -0.000082 -0.191118
vn -0.0000 -1.0000 -0.0000
vn 0.0243 -0.9997 -0.0048
vn 0.0248 -0.9997 -0.0000
vn 0.0229 -0.9997 -0.0095
vn 0.0206 -0.9997 -0.0138
vn 0.0175 -0.9997 -0.0175
vn 0.0138 -0.9997 -0.0206
vn 0.0095 -0.9997 -0.0229
vn 0.0048 -0.9997 -0.0243
vn -0.0000 -0.9997 -0.0248
vn -0.0048 -0.9997 -0.0243
vn -0.0095 -0.9997 -0.0229
vn -0.0138 -0.9997 -0.0206
vn -0.0175 -0.9997 -0.0175
vn -0.0206 -0.9997 -0.0138
vn -0.0229 -0.9997 -0.0095
vn -0.0243 -0.9997 -0.0048
vn -0.0248 -0.9997 -0.0000
vn -0.0243 -0.9997 0.0048
vn -0.0229 -0.9997 0.0095
vn -0.0206 -0.9997 0.0138
vn -0.0175 -0.9997 0.0175
vn -0.0138 -0.9997 0.0206
vn -0.0095 -0.9997 0.0229
vn -0.0048 -0.9997 0.0243
vn -0.0000 -0.9997 0.0248
vn 0.0048 -0.9997 0.0243
vn 0.0095 -0.9997 0.0229
vn 0.0138 -0.9997 0.0206
vn 0.0175 -0.9997 0.0175
vn 0.0206 -0.9997 0.0138
vn 0.0229 -0.9997 0.0095
vn 0.0243 -0.9997 0.0048
vn 0.0759 -0.9970 -0.0151
vn 0.0774 -0.9970 -0.0000
vn 0.0715 -0.9970 -0.0296
vn 0.0644 -0.9970 -0.0430
vn 0.0547 -0.9970 -0.0547
vn 0.0430 -0.9970 -0.0644
vn 0.0296 -0.9970 -0.0715
vn 0.0151 -0.9970 -0.0759
vn -0.0000 -0.9970 -0.0774
vn -0.0151 -0.9970 -0.0759
vn -0.0296 -0.9970 -0.0715
vn -0.0430 -0.9970 -0.0644
vn -0.0547 -0.9970 -0.0547
vn -0.0644 -0.9970 -0.0430
vn -0.0715 -0.9970 -0.0296
vn -0.0759 -0.9970 -0.0151
vn -0.0774 -0.9970 -0.0000
vn -0.0759 -0.9970 0.0151
vn -0.0715 -0.9970 0.0296
vn -0.0644 -0.9970 0.0430
vn -0.0547 -0.9970 0.0547
vn -0.0430 -0.9970 0.0644
vn -0.0296 -0.9970 0.0715
vn -0.0151 -0.9970 0.0759
vn -0.0000 -0.9970 0.0774
vn 0.0151 -0.9970 0.0759
vn 0.0296 -0.9970 0.0715
vn 0.0430 -0.9970 0.0644
vn 0.0547 -0.9970 0.0547
vn 0.0644 -0.9970 0.0430
vn 0.0715 -0.9970 0.0296
vn 0.0759 -0.9970 0.0151
vn 0.1491 -0.9884 -0.0296
vn 0.1520 -0.9884 -0.0000
vn 0.1404 -0.9884 -0.0582
vn 0.1264 -0.9884 -0.0844
vn 0.1075 -0.9884 -0.1075
vn 0.0844 -0.9884 -0.1264
vn 0.0582 -0.9884 -0.1404
vn 0.0296 -0.9884 -0.1491
vn -0.0000 -0.9884 -0.1520
vn -0.0296 -0.9884 -0.1491
vn -0.0582 -0.9884 -0.1404
vn -0.0844 -0.9884 -0.1264
vn -0.1075 -0.9884 -0.1075
vn -0.1264 -0.9884 -0.0844
vn -0.1404 -0.9884 -0.0582
vn -0.1491 -0.9884 -0.0296
vn -0.1520 -0.9884 -0.0000
vn -0.1491 -0.9884 0.0296
vn -0.1404 -0.9884 0.0582
vn -0.1264 -0.9884 0.0844
vn -0.1075 -0.9884 0.1075
vn -0.0844 -0.9884 0.1264
vn -0.0582 -0.9884 0.1404
vn -0.0296 -0.9884 0.1491
vn -0.0000 -0.9884 0.1520
vn 0.0296 -0.9884 0.1491
vn 0.0582 -0.9884 0.1404
vn 0.0844 -0.9884 0.1264
vn 0.1075 -0.9884 0.1075
vn 0.1264 -0.9884 0.0844
vn 0.1404 -0.9884 0.0582
vn 0.1491 -0.9884 0.0296
vn 0.2217 -0.9741 -0.0441
vn 0.2261 -0.9741 -0.0000
vn 0.2088 -0.9741 -0.0865
vn 0.1880 -0.9741 -0.1256
vn 0.1598 -0.9741 -0.1598
vn 0.1256 -0.9741 -0.1880
vn 0.0865 -0.9741 -0.2088
vn 0.0441 -0.9741 -0.2217
vn -0.0000 -0.9741 -0.2261
vn -0.0441 -0.9741 -0.2217
vn -0.0865 -0.9741 -0.2088
vn -0.1256 -0.9741 -0.1880
vn -0.1598 -0.9741 -0.1598
vn -0.1880 -0.9741 -0.1256
vn -0.2088 -0.9741 -0.0865
vn -0.2217 -0.9741 -0.0441
vn -0.2261 -0.9741 -0.0000
vn -0.2217 -0.9741 0.0441
vn -0.2088 -0.9741 0.0865
vn -0.1880 -0.9741 0.1256
vn -0.1598 -0.9741 0.1598
vn -0.1256 -0.9741 0.1880
vn -0.0865 -0.9741 0.2088
vn -0.0441 -0.9741 0.2217
vn -0.0000 -0.9741 0.2261
vn 0.0441 -0.9741 0.2217
vn 0.0865 -0.9741 0.2088
vn 0.1256 -0.9741 0.1880
vn 0.1598 -0.9741 0.1598
vn 0.1880 -0.9741 0.1256
vn 0.2088 -0.9741 0.0865
vn 0.2217 -0.9741 0.0441
vn 0.2946 -0.9538 -0.0586
vn 0.3004 -0.9538 -0.0000
vn 0.2775 -0.9538 -0.1150
vn 0.2498 -0.9538 -0.1669
vn 0.2124 -0.9538 -0.2124
vn 0.1669 -0.9538 -0.2498
vn 0.1150 -0.9538 -0.2775
vn 0.0586 -0.9538 -0.2946
vn -0.0000 -0.9538 -0.3004
vn -0.0586 -0.9538 -0.2946
vn -0.1150 -0.9538 -0.2775
vn -0.1669 -0.9538 -0.2498
vn -0.2124 -0.9538 -0.2124
vn -0.2498 -0.9538 -0.1669
vn -0.2775 -0.9538 -0.1150
vn -0.2946 -0.9538 -0.0586
vn -0.3004 -0.9538 -0.0000
vn -0.2946 -0.9538 0.0586
vn -0.2775 -0.9538 0.1150
vn -0.2498 -0.9538 0.1669
vn -0.2124 -0.9538 0.2124
vn -0.1669 -0.9538 0.2498
vn -0.1150 -0.9538 0.2775
vn -0.0586 -0.9538 0.2946
vn -0.0000 -0.9538 0.3004
vn 0.0586 -0.9538 0.2946
vn 0.1150 -0.9538 0.2775
vn 0.1669 -0.9538 0.2498
vn 0.2124 -0.9538 0.2124
vn 0.2498 -0.9538 0.1669
vn 0.2775 -0.9538 0.1150
vn 0.2946 -0.9538 0.0586
vn 0.3689 -0.9266 -0.0734
vn 0.3762 -0.9266 -0.0000
vn 0.3475 -0.9266 -0.1440
vn 0.3128 -0.9266 -0.2090
vn 0.2660 -0.9266 -0.2660
vn 0.2090 -0.9266 -0.3128
vn 0.1440 -0.9266 -0.3475
vn 0.0734 -0.9266 -0.3689
vn -0.0000 -0.9266 -0.3762
vn -0.0734 -0.9266 -0.3689
vn -0.1440 -0.9266 -0.3475
vn -0.2090 -0.9266 -0.3128
vn -0.2660 -0.9266 -0.2660
vn -0.3128 -0.9266 -0.2090
vn -0.3475 -0.9266 -0.1440
vn -0.3689 -0.9266 -0.0734
vn -0.3762 -0.9266 -0.0000
vn -0.3689 -0.9266 0.0734
vn -0.3475 -0.9266 0.1440
vn -0.3128 -0.9266 0.2090
vn -0.2660 -0.9266 0.2660
vn -0.2090 -0.9266 0.3128
vn -0.1440 -0.9266 0.3475
vn -0.0734 -0.9266 0.3689
vn -0.0000 -0.9266 0.3762
vn 0.0734 -0.9266 0.3689
vn 0.1440 -0.9266 0.3475
vn 0.2090 -0.9266 0.3128
vn 0.2660 -0.9266 0.2660
vn 0.3128 -0.9266 0.2090
vn 0.3475 -0.9266 0.1440
vn 0.3689 -0.9266 0.0734
vn 0.4463 -0.8905 -0.0888
vn 0.4550 -0.8905 -0.0000
vn 0.4204 -0.8905 -0.1741
vn 0.3783 -0.8905 -0.2528
vn 0.3217 -0.8905 -0.3217
vn 0.2528 -0.8905 -0.3783
vn 0.1741 -0.8905 -0.4204
vn 0.0888 -0.8905 -0.4463
vn -0.0000 -0.8905 -0.4550
vn -0.0888 -0.8905 -0.4463
vn -0.1741 -0.8905 -0.4204
vn -0.2528 -0.8905 -0.3783
vn -0.3217 -0.8905 -0.3217
vn -0.3783 -0.8905 -0.2528
vn -0.4204 -0.8905 -0.1741
vn -0.4463 -0.8905 -0.0888
vn -0.4550 -0.8905 -0.0000
vn -0.4463 -0.8905 0.0888
vn -0.4204 -0.8905 0.1741
vn -0.3783 -0.8905 0.2528
vn -0.3217 -0.8905 0.3217
vn -0.2528 -0.8905 0.3783
vn -0.1741 -0.8905 0.4204
vn -0.0888 -0.8905 0.4463
vn -0.0000 -0.8905 0.4550
vn 0.0888 -0.8905 0.4463
vn 0.1741 -0.8905 0.4204
vn 0.2528 -0.8905 0.3783
vn 0.3217 -0.8905 0.3217
vn 0.3783 -0.8905 0.2528
vn 0.4204 -0.8905 0.1741
vn 0.4463 -0.8905 0.0888
vn 0.5288 -0.8422 -0.1052
vn 0.5392 -0.8422 -0.0000
vn 0.4981 -0.8422 -0.2063
vn 0.4483 -0.8422 -0.2995
vn 0.3812 -0.8422 -0.3812
vn 0.2995 -0.8422 -0.4483
vn 0.2063 -0.8422 -0.4981
vn 0.1052 -0.8422 -0.5288
vn -0.0000 -0.8422 -0.5392
vn -0.1052 -0.8422 -0.5288
vn -0.2063 -0.8422 -0.4981
vn -0.2995 -0.8422 -0.4483
vn -0.3812 -0.8422 -0.3812
vn -0.4483 -0.8422 -0.2995
vn -0.4981 -0.8422 -0.2063
vn -0.5288 -0.8422 -0.1052
vn -0.5392 -0.8422 -0.0000
vn -0.5288 -0.8422 0.1052
vn -0.4981 -0.8422 0.2063
vn -0.4483 -0.8422 0.2995
vn -0.3812 -0.8422 0.3812
vn -0.2995 -0.8422 0.4483
vn -0.2063 -0.8422 0.4981
vn -0.1052 -0.8422 0.5288
vn -0.0000 -0.8422 0.5392
vn 0.1052 -0.8422 0.5288
vn 0.2063 -0.8422 0.4981
vn 0.2995 -0.8422 0.4483
vn 0.3812 -0.8422 0.3812
vn 0.4483 -0.8422 0.2995
vn 0.4981 -0.8422 0.2063
vn 0.5288 -0.8422 0.1052
vn 0.6191 -0.7756 -0.1232
vn 0.6313 -0.7756 -0.0000
vn 0.5832 -0.7756 -0.2416
vn 0.5249 -0.7756 -0.3507
vn 0.4464 -0.7756 -0.4464
vn 0.3507 -0.7756 -0.5249
vn 0.2416 -0.7756 -0.5832
vn 0.1232 -0.7756 -0.6191
vn -0.0000 -0.7756 -0.6313
vn -0.1232 -0.7756 -0.6191
vn -0.2416 -0.7756 -0.5832
vn -0.3507 -0.7756 -0.5249
vn -0.4464 -0.7756 -0.4464
vn -0.5249 -0.7756 -0.3507
vn -0.5832 -0.7756 -0.2416
vn -0.6191 -0.7756 -0.1232
vn -0.6313 -0.7756 -0.0000
vn -0.6191 -0.7756 0.1232
vn -0.5832 -0.7756 0.2416
vn -0.5249 -0.7756 0.3507
vn -0.4464 -0.7756 0.4464
vn -0.3507 -0.7756 0.5249
vn -0.2416 -0.7756 0.5832
vn -0.1232 -0.7756 0.6191
vn -0.0000 -0.7756 0.6313
vn 0.1232 -0.7756 0.6191
vn 0.2416 -0.7756 0.5832
vn 0.3507 -0.7756 0.5249
vn 0.4464 -0.7756 0.4464
vn 0.5249 -0.7756 0.3507
vn 0.5832 -0.7756 0.2416
vn 0.6191 -0.7756 0.1232
vn 0.7197 -0.6794 -0.1432
vn 0.7338 -0.6794 -0.0000
vn 0.6779 -0.6794 -0.2808
vn 0.6101 -0.6794 -0.4077
vn 0.5189 -0.6794 -0.5189
vn 0.4077 -0.6794 -0.6101
vn 0.2808 -0.6794 -0.6779
vn 0.1432 -0.6794 -0.7197
vn -0.0000 -0.6794 -0.7338
vn -0.1432 -0.6794 -0.7197
vn -0.2808 -0.6794 -0.6779
vn -0.4077 -0.6794 -0.6101
vn -0.5189 -0.6794 -0.5189
vn -0.6101 -0.6794 -0.4077
vn -0.6779 -0.6794 -0.2808
vn -0.7197 -0.6794 -0.1432
vn -0.7338 -0.6794 -0.0000
vn -0.7197 -0.6794 0.1432
vn -0.6779 -0.6794 0.2808
vn -0.6101 -0.6794 0.4077
vn -0.5189 -0.6794 0.5189
vn -0.4077 -0.6794 0.6101
vn -0.2808 -0.6794 0.6779
vn -0.1432 -0.6794 0.7197
vn -0.0000 -0.6794 0.7338
vn 0.1432 -0.6794 0.7197
vn 0.2808 -0.6794 0.6779
vn 0.4077 -0.6794 0.6101
vn 0.5189 -0.6794 0.5189
vn 0.6101 -0.6794 0.4077
vn 0.6779 -0.6794 0.2808
vn 0.7197 -0.6794 0.1432
vn 0.8292 -0.5341 -0.1649
vn 0.8454 -0.5341 -0.0000
vn 0.7811 -0.5341 -0.3235
vn 0.7029 -0.5341 -0.4697
vn 0.5978 -0.5341 -0.5978
vn 0.4697 -0.5341 -0.7029
vn 0.3235 -0.5341 -0.7811
vn 0.1649 -0.5341 -0.8292
vn -0.0000 -0.5341 -0.8454
vn -0.1649 -0.5341 -0.8292
vn -0.3235 -0.5341 -0.7811
vn -0.4697 -0.5341 -0.7029
vn -0.5978 -0.5341 -0.5978
vn -0.7029 -0.5341 -0.4697
vn -0.7811 -0.5341 -0.3235
vn -0.8292 -0.5341 -0.1649
vn -0.8454 -0.5341 -0.0000
vn -0.8292 -0.5341 0.1649
vn -0.7811 -0.5341 0.3235
vn -0.7029 -0.5341 0.4697
vn -0.5978 -0.5341 0.5978
vn -0.4697 -0.5341 0.7029
vn -0.3235 -0.5341 0.7811
vn -0.1649 -0.5341 0.8292
vn -0.0000 -0.5341 0.8454
vn 0.1649 -0.5341 0.8292
vn 0.3235 -0.5341 0.7811
vn 0.4697 -0.5341 0.7029
vn 0.5978 -0.5341 0.5978
vn 0.7029 -0.5341 0.4697
vn 0.7811 -0.5341 0.3235
vn 0.8292 -0.5341 0.1649
vn 0.9323 -0.3106 -0.1854
vn 0.9505 -0.3107 -0.0000
vn 0.8782 -0.3107 -0.3637
vn 0.7903 -0.3106 -0.5281
vn 0.6721 -0.3106 -0.6721
vn 0.5281 -0.3106 -0.7903
vn 0.3637 -0.3107 -0.8782
vn 0.1854 -0.3107 -0.9323
vn -0.0000 -0.3107 -0.9505
vn -0.1854 -0.3107 -0.9323
vn -0.3638 -0.3106 -0.8782
vn -0.5281 -0.3106 -0.7903
vn -0.6721 -0.3106 -0.6721
vn -0.7903 -0.3107 -0.5281
vn -0.8782 -0.3107 -0.3637
vn -0.9323 -0.3107 -0.1854
vn -0.9505 -0.3107 -0.0000
vn -0.9323 -0.3106 0.1854
vn -0.8782 -0.3106 0.3638
vn -0.7903 -0.3106 0.5281
vn -0.6721 -0.3106 0.6721
vn -0.5281 -0.3107 0.7903
vn -0.3637 -0.3106 0.8782
vn -0.1854 -0.3106 0.9323
vn -0.0000 -0.3106 0.9505
vn 0.1854 -0.3106 0.9323
vn 0.3638 -0.3106 0.8782
vn 0.5281 -0.3106 0.7903
vn 0.6721 -0.3106 0.6721
vn 0.7903 -0.3106 0.5281
vn 0.8782 -0.3106 0.3638
vn 0.9323 -0.3106 0.1854
vn 0.9771 -0.0870 -0.1944
vn 0.9962 -0.0870 -0.0000
vn 0.9204 -0.0870 -0.3812
vn 0.8283 -0.0870 -0.5535
vn 0.7044 -0.0870 -0.7044
vn 0.5535 -0.0870 -0.8283
vn 0.3812 -0.0870 -0.9204
vn 0.1943 -0.0870 -0.9771
vn -0.0000 -0.0870 -0.9962
vn -0.1944 -0.0870 -0.9771
vn -0.3812 -0.0870 -0.9204
vn -0.5535 -0.0870 -0.8283
vn -0.7044 -0.0870 -0.7044
vn -0.8283 -0.0870 -0.5535
vn -0.9204 -0.0870 -0.3812
vn -0.9771 -0.0870 -0.1944
vn -0.9962 -0.0870 -0.0000
vn -0.9771 -0.0870 0.1944
vn -0.9204 -0.0870 0.3812
vn -0.8283 -0.0870 0.5535
vn -0.7044 -0.0870 0.7044
vn -0.5535 -0.0870 0.8283
vn -0.3812 -0.0870 0.9204
vn -0.1944 -0.0870 0.9771
vn -0.0000 -0.0870 0.9962
vn 0.1944 -0.0870 0.9771
vn 0.3812 -0.0870 0.9204
vn 0.5535 -0.0870 0.8283
vn 0.7044 -0.0870 0.7044
vn 0.8283 -0.0870 0.5535
vn 0.9204 -0.0870 0.3812
vn 0.9771 -0.0870 0.1944
vn 0.9808 -0.0000 -0.1951
vn 1.0000 -0.0000 -0.0000
vn 0.9239 -0.0000 -0.3827
vn 0.8315 -0.0000 -0.5556
vn 0.7071 -0.0000 -0.7071
vn 0.5556 -0.0000 -0.8315
vn 0.3827 -0.0000 -0.9239
vn 0.1951 -0.0000 -0.9808
vn -0.0000 -0.0000 -1.0000
vn -0.1951 -0.0000 -0.9808
vn -0.3827 -0.0000 -0.9239
vn -0.5556 -0.0000 -0.8315
vn -0.7071 -0.0000 -0.7071
vn -0.8315 -0.0000 -0.5556
vn -0.9239 -0.0000 -0.3827
vn -0.9808 -0.0000 -0.1951
vn -1.0000 -0.0000 -0.0000
vn -0.9808 -0.0000 0.1951
vn -0.9239 -0.0000 0.3827
vn -0.8315 -0.0000 0.5556
vn -0.7071 -0.0000 0.7071
vn -0.5556 -0.0000 0.8315
vn -0.3827 -0.0000 0.9239
vn -0.1951 -0.0000 0.9808
vn -0.0000 -0.0000 1.0000
vn 0.1951 -0.0000 0.9808
vn 0.3827 -0.0000 0.9239
vn 0.5556 -0.0000 0.8315
vn 0.7071 -0.0000 0.7071
vn 0.8315 -0.0000 0.5556
vn 0.9239 -0.0000 0.3827
vn 0.9808 -0.0000 0.1951
vn 0.9744 0.1136 -0.1938
vn 0.9935 0.1136 -0.0000
vn 0.9179 0.1136 -0.3802
vn 0.8261 0.1136 -0.5520
vn 0.7025 0.1136 -0.7025
vn 0.5520 0.1136 -0.8261
vn 0.3802 0.1136 -0.9179
vn 0.1938 0.1136 -0.9744
vn -0.0000 0.1136 -0.9935
vn -0.1938 0.1136 -0.9744
vn -0.3802 0.1136 -0.9179
vn -0.5520 0.1136 -0.8261
vn -0.7025 0.1136 -0.7025
vn -0.8261 0.1136 -0.5520
vn -0.9179 0.1136 -0.3802
vn -0.9744 0.1136 -0.1938
vn -0.9935 0.1136 -0.0000
vn -0.9744 0.1136 0.1938
vn -0.9179 0.1136 0.3802
vn -0.8261 0.1136 0.5520
vn -0.7025 0.1136 0.7025
vn -0.5520 0.1136 0.8261
vn -0.3802 0.1136 0.9179
vn -0.1938 0.1136 0.9744
vn -0.0000 0.1136 0.9935
vn 0.1938 0.1136 0.9744
vn 0.3802 0.1136 0.9179
vn 0.5520 0.1136 0.8261
vn 0.7025 0.1136 0.7025
vn 0.8261 0.1136 0.5520
vn 0.9179 0.1136 0.3802
vn 0.9744 0.1136 0.1938
vn 0.8794 0.4429 -0.1749
vn 0.8966 0.4429 -0.0000
vn 0.8283 0.4429 -0.3431
vn 0.7455 0.4429 -0.4981
vn 0.6340 0.4429 -0.6340
vn 0.4981 0.4429 -0.7455
vn 0.3431 0.4429 -0.8283
vn 0.1749 0.4429 -0.8793
vn -0.0000 0.4429 -0.8966
vn -0.1749 0.4429 -0.8793
vn -0.3431 0.4429 -0.8283
vn -0.4981 0.4429 -0.7455
vn -0.6340 0.4429 -0.6340
vn -0.7455 0.4429 -0.4981
vn -0.8283 0.4429 -0.3431
vn -0.8793 0.4429 -0.1749
vn -0.8966 0.4429 -0.0000
vn -0.8794 0.4429 0.1749
vn -0.8283 0.4429 0.3431
vn -0.7455 0.4429 0.4981
vn -0.6340 0.4429 0.6340
vn -0.4981 0.4429 0.7455
vn -0.3431 0.4429 0.8283
vn -0.1749 0.4429 0.8793
vn -0.0000 0.4429 0.8966
vn 0.1749 0.4429 0.8793
vn 0.3431 0.4429 0.8283
vn 0.4981 0.4429 0.7455
vn 0.6340 0.4429 0.6340
vn 0.7455 0.4429 0.4981
vn 0.8283 0.4429 0.3431
vn 0.8793 0.4429 0.1749
vn 0.6375 0.7600 -0.1268
vn 0.6500 0.7600 -0.0000
vn 0.6005 0.7600 -0.2487
vn 0.5404 0.7600 -0.3611
vn 0.4596 0.7600 -0.4596
vn 0.3611 0.7600 -0.5404
vn 0.2487 0.7600 -0.6005
vn 0.1268 0.7600 -0.6375
vn -0.0000 0.7600 -0.6500
vn -0.1268 0.7600 -0.6375
vn -0.2487 0.7600 -0.6005
vn -0.3611 0.7600 -0.5404
vn -0.4596 0.7600 -0.4596
vn -0.5404 0.7599 -0.3611
vn -0.6005 0.7599 -0.2487
vn -0.6375 0.7599 -0.1268
vn -0.6500 0.7600 -0.0000
vn -0.6375 0.7600 0.1268
vn -0.6005 0.7600 0.2487
vn -0.5404 0.7600 0.3611
vn -0.4596 0.7600 0.4596
vn -0.3611 0.7600 0.5404
vn -0.2487 0.7600 0.6005
vn -0.1268 0.7600 0.6375
vn -0.0000 0.7600 0.6500
vn 0.1268 0.7600 0.6375
vn 0.2487 0.7600 0.6005
vn 0.3611 0.7599 0.5404
vn 0.4596 0.7600 0.4596
vn 0.5404 0.7600 0.3611
vn 0.6005 0.7600 0.2487
vn 0.6375 0.7600 0.1268
vn 0.4137 0.9067 -0.0823
vn 0.4218 0.9067 -0.0000
vn 0.3897 0.9067 -0.1614
vn 0.3507 0.9067 -0.2343
vn 0.2982 0.9067 -0.2982
vn 0.2343 0.9067 -0.3507
vn 0.1614 0.9067 -0.3897
vn 0.0823 0.9067 -0.4137
vn -0.0000 0.9067 -0.4218
vn -0.0823 0.9067 -0.4137
vn -0.1614 0.9067 -0.3897
vn -0.2343 0.9067 -0.3507
vn -0.2982 0.9067 -0.2982
vn -0.3507 0.9067 -0.2343
vn -0.3897 0.9067 -0.1614
vn -0.4137 0.9067 -0.0823
vn -0.4218 0.9067 -0.0000
vn -0.4137 0.9067 0.0823
vn -0.3897 0.9067 0.1614
vn -0.3507 0.9067 0.2343
vn -0.2982 0.9067 0.2982
vn -0.2343 0.9067 0.3507
vn -0.1614 0.9067 0.3897
vn -0.0823 0.9067 0.4137
vn -0.0000 0.9067 0.4218
vn 0.0823 0.9067 0.4137
vn 0.1614 0.9067 0.3897
vn 0.2343 0.9067 0.3507
vn 0.2982 0.9067 0.2982
vn 0.3507 0.9067 0.2343
vn 0.3897 0.9067 0.1614
vn 0.4137 0.9067 0.0823
vn 0.2690 0.9616 -0.0535
vn 0.2743 0.9616 -0.0000
vn 0.2534 0.9616 -0.1050
vn 0.2281 0.9616 -0.1524
vn 0.1940 0.9616 -0.1940
vn 0.1524 0.9616 -0.2281
vn 0.1050 0.9616 -0.2534
vn 0.0535 0.9616 -0.2690
vn -0.0000 0.9616 -0.2743
vn -0.0535 0.9616 -0.2690
vn -0.1050 0.9616 -0.2534
vn -0.1524 0.9616 -0.2281
vn -0.1940 0.9616 -0.1940
vn -0.2281 0.9616 -0.1524
vn -0.2534 0.9616 -0.1050
vn -0.2690 0.9616 -0.0535
vn -0.2743 0.9616 -0.0000
vn -0.2690 0.9616 0.0535
vn -0.2534 0.9616 0.1050
vn -0.2281 0.9616 0.1524
vn -0.1940 0.9616 0.1940
vn -0.1524 0.9616 0.2281
vn -0.1050 0.9616 0.2534
vn -0.0535 0.9616 0.2690
vn -0.0000 0.9616 0.2743
vn 0.0535 0.9616 0.2690
vn 0.1050 0.9616 0.2534
vn 0.1524 0.9616 0.2281
vn 0.1940 0.9616 0.1940
vn 0.2281 0.9616 0.1524
vn 0.2534 0.9616 0.1050
vn 0.2690 0.9616 0.0535
vn 0.1875 0.9815 -0.0373
vn 0.1912 0.9815 -0.0000
vn 0.1767 0.9815 -0.0732
vn 0.1590 0.9815 -0.1062
vn 0.1352 0.9815 -0.1352
vn 0.1062 0.9815 -0.1590
vn 0.0732 0.9815 -0.1767
vn 0.0373 0.9815 -0.1875
vn -0.0000 0.9815 -0.1912
vn -0.0373 0.9815 -0.1875
vn -0.0732 0.9815 -0.1767
vn -0.1062 0.9815 -0.1590
vn -0.1352 0.9815 -0.1352
vn -0.1590 0.9815 -0.1062
vn -0.1767 0.9815 -0.0732
vn -0.1875 0.9815 -0.0373
vn -0.1912 0.9815 -0.0000
vn -0.1875 0.9815 0.0373
vn -0.1767 0.9815 0.0732
vn -0.1590 0.9815 0.1062
vn -0.1352 0.9815 0.1352
vn -0.1062 0.9815 0.1590
vn -0.0732 0.9815 0.1767
vn -0.0373 0.9815 0.1875
vn -0.0000 0.9815 0.1912
vn 0.0373 0.9815 0.1875
vn 0.0732 0.9815 0.1767
vn 0.1062 0.9815 0.1590
vn 0.1352 0.9815 0.1352
vn 0.1590 0.9815 0.1062
vn 0.1767 0.9815 0.0732
vn 0.1875 0.9815 0.0373
vn 0.1506 0.9881 -0.0299
vn 0.1535 0.9881 -0.0000
vn 0.1418 0.9881 -0.0587
vn 0.1276 0.9881 -0.0853
vn 0.1085 0.9881 -0.1085
vn 0.0853 0.9881 -0.1276
vn 0.0587 0.9881 -0.1418
vn 0.0299 0.9881 -0.1506
vn -0.0000 0.9881 -0.1535
vn -0.0299 0.9881 -0.1506
vn -0.0587 0.9881 -0.1418
vn -0.0853 0.9881 -0.1276
vn -0.1085 0.9881 -0.1085
vn -0.1276 0.9881 -0.0853
vn -0.1418 0.9881 -0.0587
vn -0.1506 0.9881 -0.0299
vn -0.1535 0.9881 -0.0000
vn -0.1506 0.9881 0.0299
vn -0.1418 0.9881 0.0587
vn -0.1276 0.9881 0.0853
vn -0.1085 0.9881 0.1085
vn -0.0853 0.9881 0.1276
vn -0.0587 0.9881 0.1418
vn -0.0299 0.9881 0.1506
vn -0.0000 0.9881 0.1535
vn 0.0299 0.9881 0.1506
vn 0.0587 0.9881 0.1418
vn 0.0853 0.9881 0.1276
vn 0.1085 0.9881 0.1085
vn 0.1276 0.9881 0.0853
vn 0.1418 0.9881 0.0587
vn 0.1506 0.9881 0.0299
vn 0.1503 0.9882 -0.0299
vn 0.1533 0.9882 -0.0000
vn 0.1416 0.9882 -0.0587
vn 0.1275 0.9882 -0.0852
vn 0.1084 0.9882 -0.1084
vn 0.0852 0.9882 -0.1275
vn 0.0587 0.9882 -0.1416
vn 0.0299 0.9882 -0.1503
vn -0.0000 0.9882 -0.1533
vn -0.0299 0.9882 -0.1503
vn -0.0587 0.9882 -0.1416
vn -0.0852 0.9882 -0.1275
vn -0.1084 0.9882 -0.1084
vn -0.1275 0.9882 -0.0852
vn -0.1416 0.9882 -0.0587
vn -0.1503 0.9882 -0.0299
vn -0.1533 0.9882 -0.0000
vn -0.1503 0.9882 0.0299
vn -0.1416 0.9882 0.0587
vn -0.1275 0.9882 0.0852
vn -0.1084 0.9882 0.1084
vn -0.0852 0.9882 0.1275
vn -0.0587 0.9882 0.1416
vn -0.0299 0.9882 0.1503
vn -0.0000 0.9882 0.1533
vn 0.0299 0.9882 0.1503
vn 0.0587 0.9882 0.1416
vn 0.0852 0.9882 0.1275
vn 0.1084 0.9882 0.1084
vn 0.1275 0.9882 0.0852
vn 0.1416 0.9882 0.0587
vn 0.1503 0.9882 0.0299
vn 0.1903 0.9810 -0.0378
vn 0.1940 0.9810 -0.0000
vn 0.1792 0.9810 -0.0742
vn 0.1613 0.9810 -0.1078
vn 0.1372 0.9810 -0.1372
vn 0.1078 0.9810 -0.1613
vn 0.0742 0.9810 -0.1792
vn 0.0378 0.9810 -0.1903
vn -0.0000 0.9810 -0.1940
vn -0.0378 0.9810 -0.1903
vn -0.0742 0.9810 -0.1792
vn -0.1078 0.9810 -0.1613
vn -0.1372 0.9810 -0.1372
vn -0.1613 0.9810 -0.1078
vn -0.1792 0.9810 -0.0742
vn -0.1903 0.9810 -0.0378
vn -0.1940 0.9810 -0.0000
vn -0.1903 0.9810 0.0378
vn -0.1792 0.9810 0.0742
vn -0.1613 0.9810 0.1078
vn -0.1372 0.9810 0.1372
vn -0.1078 0.9810 0.1613
vn -0.0742 0.9810 0.1792
vn -0.0378 0.9810 0.1903
vn -0.0000 0.9810 0.1940
vn 0.0378 0.9810 0.1903
vn 0.0742 0.9810 0.1792
vn 0.1078 0.9810 0.1613
vn 0.1372 0.9810 0.1372
vn 0.1613 0.9810 0.1078
vn 0.1792 0.9810 0.0742
vn 0.1903 0.9810 0.0378
vn 0.2885 0.9558 -0.0574
vn 0.2942 0.9558 -0.0000
vn 0.2718 0.9558 -0.1126
vn 0.2446 0.9558 -0.1634
vn 0.2080 0.9558 -0.2080
vn 0.1634 0.9558 -0.2446
vn 0.1126 0.9558 -0.2718
vn 0.0574 0.9558 -0.2885
vn -0.0000 0.9558 -0.2942
vn -0.0574 0.9558 -0.2885
vn -0.1126 0.9558 -0.2718
vn -0.1634 0.9558 -0.2446
vn -0.2080 0.9558 -0.2080
vn -0.2446 0.9558 -0.1634
vn -0.2718 0.9558 -0.1126
vn -0.2885 0.9558 -0.0574
vn -0.2942 0.9558 -0.0000
vn -0.2885 0.9558 0.0574
vn -0.2718 0.9558 0.1126
vn -0.2446 0.9558 0.1634
vn -0.2080 0.9558 0.2080
vn -0.1634 0.9558 0.2446
vn -0.1126 0.9558 0.2718
vn -0.0574 0.9558 0.2885
vn -0.0000 0.9558 0.2942
vn 0.0574 0.9558 0.2885
vn 0.1126 0.9558 0.2718
vn 0.1634 0.9558 0.2446
vn 0.2080 0.9558 0.2080
vn 0.2446 0.9558 0.1634
vn 0.2718 0.9558 0.1126
vn 0.2885 0.9558 0.0574
vn 0.4864 0.8684 -0.0967
vn 0.4959 0.8684 -0.0000
vn 0.4582 0.8684 -0.1898
vn 0.4123 0.8684 -0.2755
vn 0.3507 0.8684 -0.3507
vn 0.2755 0.8684 -0.4123
vn 0.1898 0.8684 -0.4582
vn 0.0967 0.8684 -0.4864
vn -0.0000 0.8684 -0.4959
vn -0.0967 0.8684 -0.4864
vn -0.1898 0.8684 -0.4582
vn -0.2755 0.8684 -0.4123
vn -0.3507 0.8684 -0.3507
vn -0.4123 0.8684 -0.2755
vn -0.4582 0.8684 -0.1898
vn -0.4864 0.8684 -0.0967
vn -0.4959 0.8684 -0.0000
vn -0.4864 0.8684 0.0967
vn -0.4582 0.8684 0.1898
vn -0.4123 0.8684 0.2755
vn -0.3507 0.8684 0.3507
vn -0.2755 0.8684 0.4123
vn -0.1898 0.8684 0.4582
vn -0.0967 0.8684 0.4864
vn -0.0000 0.8684 0.4959
vn 0.0967 0.8684 0.4864
vn 0.1898 0.8684 0.4582
vn 0.2755 0.8684 0.4123
vn 0.3507 0.8684 0.3507
vn 0.4123 0.8684 0.2755
vn 0.4582 0.8684 0.1898
vn 0.4864 0.8684 0.0967
vn 0.6157 0.7784 -0.1225
vn 0.6278 0.7784 -0.0000
vn 0.5800 0.7784 -0.2402
vn 0.5220 0.7784 -0.3488
vn 0.4439 0.7784 -0.4439
vn 0.3488 0.7784 -0.5220
vn 0.2402 0.7784 -0.5800
vn 0.1225 0.7784 -0.6157
vn -0.0000 0.7784 -0.6278
vn -0.1225 0.7784 -0.6157
vn -0.2402 0.7784 -0.5800
vn -0.3488 0.7784 -0.5220
vn -0.4439 0.7784 -0.4439
vn -0.5220 0.7784 -0.3488
vn -0.5800 0.7784 -0.2402
vn -0.6157 0.7784 -0.1225
vn -0.6278 0.7784 -0.0000
vn -0.6157 0.7784 0.1225
vn -0.5800 0.7784 0.2402
vn -0.5220 0.7784 0.3488
vn -0.4439 0.7784 0.4439
vn -0.3488 0.7784 0.5220
vn -0.2402 0.7784 0.5800
vn -0.1225 0.7784 0.6157
vn -0.0000 0.7784 0.6278
vn 0.1225 0.7784 0.6157
vn 0.2402 0.7784 0.5800
vn 0.3488 0.7784 0.5220
vn 0.4439 0.7784 0.4439
vn 0.5220 0.7784 0.3488
vn 0.5800 0.7784 0.2402
vn 0.6157 0.7784 0.1225
vn 0.9451 0.3267 -0.0000
vn 0.9270 0.3267 -0.1844
vn 0.8732 0.3267 -0.3617
vn 0.7858 0.3267 -0.5251
vn 0.6683 0.3267 -0.6683
vn 0.5251 0.3267 -0.7858
vn 0.3617 0.3267 -0.8732
vn 0.1844 0.3267 -0.9270
vn -0.0000 0.3267 -0.9451
vn -0.1844 0.3267 -0.9270
vn -0.3617 0.3267 -0.8732
vn -0.5251 0.3267 -0.7858
vn -0.6683 0.3267 -0.6683
vn -0.7858 0.3267 -0.5251
vn -0.8732 0.3267 -0.3617
vn -0.9270 0.3267 -0.1844
vn -0.9451 0.3267 -0.0000
vn -0.9270 0.3267 0.1844
vn -0.8732 0.3267 0.3617
vn -0.7858 0.3267 0.5251
vn -0.6683 0.3267 0.6683
vn -0.5251 0.3267 0.7858
vn -0.3617 0.3267 0.8732
vn -0.1844 0.3267 0.9270
vn -0.0000 0.3267 0.9451
vn 0.1844 0.3267 0.9270
vn 0.3617 0.3267 0.8732
vn 0.5251 0.3267 0.7858
vn 0.6683 0.3267 0.6683
vn 0.7858 0.3267 0.5251
vn 0.8732 0.3267 0.3617
vn 0.9270 0.3267 0.1844
vn 0.9571 -0.2898 -0.0000
vn 0.9387 -0.2898 -0.1867
vn 0.8536 -0.4924 -0.1698
vn 0.8704 -0.4924 -0.0000
vn 0.8842 -0.2898 -0.3663
vn 0.8041 -0.4924 -0.3331
vn 0.7958 -0.2898 -0.5317
vn 0.7237 -0.4924 -0.4835
vn 0.6768 -0.2898 -0.6768
vn 0.6154 -0.4924 -0.6154
vn 0.5317 -0.2898 -0.7958
vn 0.4835 -0.4924 -0.7237
vn 0.3663 -0.2898 -0.8842
vn 0.3331 -0.4924 -0.8041
vn 0.1867 -0.2898 -0.9387
vn 0.1698 -0.4924 -0.8536
vn -0.0000 -0.2898 -0.9571
vn -0.0000 -0.4924 -0.8704
vn -0.1867 -0.2898 -0.9387
vn -0.1698 -0.4924 -0.8536
vn -0.3663 -0.2898 -0.8842
vn -0.3331 -0.4924 -0.8041
vn -0.5317 -0.2898 -0.7958
vn -0.4835 -0.4924 -0.7237
vn -0.6768 -0.2898 -0.6768
vn -0.6154 -0.4924 -0.6154
vn -0.7958 -0.2898 -0.5317
vn -0.7237 -0.4924 -0.4835
vn -0.8842 -0.2898 -0.3663
vn -0.8041 -0.4924 -0.3331
vn -0.9387 -0.2898 -0.1867
vn -0.8536 -0.4924 -0.1698
vn -0.9571 -0.2898 -0.0000
vn -0.8704 -0.4924 -0.0000
vn -0.9387 -0.2898 0.1867
vn -0.8536 -0.4924 0.1698
vn -0.8842 -0.2898 0.3663
vn -0.8041 -0.4924 0.3331
vn -0.7958 -0.2898 0.5317
vn -0.7237 -0.4924 0.4835
vn -0.6768 -0.2898 0.6768
vn -0.6154 -0.4924 0.6154
vn -0.5317 -0.2898 0.7958
vn -0.4835 -0.4924 0.7237
vn -0.3663 -0.2898 0.8842
vn -0.3331 -0.4924 0.8041
vn -0.1867 -0.2898 0.9387
vn -0.1698 -0.4924 0.8536
vn -0.0000 -0.2898 0.9571
vn -0.0000 -0.4924 0.8704
vn 0.1867 -0.2898 0.9387
vn 0.1698 -0.4924 0.8536
vn 0.3663 -0.2898 0.8842
vn 0.3331 -0.4924 0.8041
vn 0.5317 -0.2898 0.7958
vn 0.4835 -0.4924 0.7237
vn 0.6768 -0.2898 0.6768
vn 0.6154 -0.4924 0.6154
vn 0.7958 -0.2898 0.5317
vn 0.7237 -0.4924 0.4835
vn 0.8842 -0.2898 0.3663
vn 0.8041 -0.4924 0.3331
vn 0.9387 -0.2898 0.1867
vn 0.8536 -0.4924 0.1698
vn 0.6667 -0.7335 -0.1326
vn 0.6797 -0.7335 -0.0000
vn 0.6280 -0.7335 -0.2601
vn 0.5652 -0.7335 -0.3776
vn 0.4806 -0.7335 -0.4806
vn 0.3776 -0.7335 -0.5652
vn 0.2601 -0.7335 -0.6280
vn 0.1326 -0.7335 -0.6667
vn -0.0000 -0.7335 -0.6797
vn -0.1326 -0.7335 -0.6667
vn -0.2601 -0.7335 -0.6280
vn -0.3776 -0.7335 -0.5652
vn -0.4806 -0.7335 -0.4806
vn -0.5652 -0.7335 -0.3776
vn -0.6280 -0.7335 -0.2601
vn -0.6667 -0.7335 -0.1326
vn -0.6797 -0.7335 -0.0000
vn -0.6667 -0.7335 0.1326
vn -0.6280 -0.7335 0.2601
vn -0.5652 -0.7335 0.3776
vn -0.4806 -0.7335 0.4806
vn -0.3776 -0.7335 0.5652
vn -0.2601 -0.7335 0.6280
vn -0.1326 -0.7335 0.6667
vn -0.0000 -0.7335 0.6797
vn 0.1326 -0.7335 0.6667
vn 0.2601 -0.7335 0.6280
vn 0.3776 -0.7335 0.5652
vn 0.4806 -0.7335 0.4806
vn 0.5652 -0.7335 0.3776
vn 0.6280 -0.7335 0.2601
vn 0.6667 -0.7335 0.1326
vn 0.5673 -0.8158 -0.1128
vn 0.5784 -0.8158 -0.0000
vn 0.5344 -0.8158 -0.2213
vn 0.4809 -0.8158 -0.3213
vn 0.4090 -0.8158 -0.4090
vn 0.3213 -0.8158 -0.4809
vn 0.2213 -0.8158 -0.5344
vn 0.1128 -0.8158 -0.5673
vn -0.0000 -0.8158 -0.5784
vn -0.1128 -0.8158 -0.5673
vn -0.2213 -0.8158 -0.5344
vn -0.3213 -0.8158 -0.4809
vn -0.4090 -0.8158 -0.4090
vn -0.4809 -0.8158 -0.3213
vn -0.5344 -0.8158 -0.2213
vn -0.5673 -0.8158 -0.1128
vn -0.5784 -0.8158 -0.0000
vn -0.5673 -0.8158 0.1128
vn -0.5344 -0.8158 0.2213
vn -0.4809 -0.8158 0.3213
vn -0.4090 -0.8158 0.4090
vn -0.3213 -0.8158 0.4809
vn -0.2213 -0.8158 0.5344
vn -0.1128 -0.8158 0.5673
vn -0.0000 -0.8158 0.5784
vn 0.1128 -0.8158 0.5673
vn 0.2213 -0.8158 0.5344
vn 0.3213 -0.8158 0.4809
vn 0.4090 -0.8158 0.4090
vn 0.4809 -0.8158 0.3213
vn 0.5344 -0.8158 0.2213
vn 0.5673 -0.8158 0.1128
vn 0.5348 -0.8383 -0.1064
vn 0.5452 -0.8383 -0.0000
vn 0.5037 -0.8383 -0.2087
vn 0.4534 -0.8383 -0.3029
vn 0.3855 -0.8383 -0.3855
vn 0.3029 -0.8383 -0.4534
vn 0.2087 -0.8383 -0.5037
vn 0.1064 -0.8383 -0.5348
vn -0.0000 -0.8383 -0.5452
vn -0.1064 -0.8383 -0.5348
vn -0.2087 -0.8383 -0.5037
vn -0.3029 -0.8383 -0.4534
vn -0.3855 -0.8383 -0.3855
vn -0.4534 -0.8383 -0.3029
vn -0.5037 -0.8383 -0.2087
vn -0.5348 -0.8383 -0.1064
vn -0.5452 -0.8383 -0.0000
vn -0.5348 -0.8383 0.1064
vn -0.5037 -0.8383 0.2087
vn -0.4534 -0.8383 0.3029
vn -0.3855 -0.8383 0.3855
vn -0.3029 -0.8383 0.4534
vn -0.2087 -0.8383 0.5037
vn -0.1064 -0.8383 0.5348
vn -0.0000 -0.8383 0.5452
vn 0.1064 -0.8383 0.5348
vn 0.2087 -0.8383 0.5037
vn 0.3029 -0.8383 0.4534
vn 0.3855 -0.8383 0.3855
vn 0.4534 -0.8383 0.3029
vn 0.5037 -0.8383 0.2087
vn 0.5348 -0.8383 0.1064
vn 0.5452 -0.8313 -0.1084
vn 0.5558 -0.8313 -0.0000
vn 0.5135 -0.8313 -0.2127
vn 0.4622 -0.8313 -0.3088
vn 0.3930 -0.8313 -0.3930
vn 0.3088 -0.8313 -0.4622
vn 0.2127 -0.8313 -0.5135
vn 0.1084 -0.8313 -0.5452
vn -0.0000 -0.8313 -0.5558
vn -0.1084 -0.8313 -0.5452
vn -0.2127 -0.8313 -0.5135
vn -0.3088 -0.8313 -0.4622
vn -0.3930 -0.8313 -0.3930
vn -0.4622 -0.8313 -0.3088
vn -0.5135 -0.8313 -0.2127
vn -0.5452 -0.8313 -0.1084
vn -0.5558 -0.8313 -0.0000
vn -0.5452 -0.8313 0.1084
vn -0.5135 -0.8313 0.2127
vn -0.4622 -0.8313 0.3088
vn -0.3930 -0.8313 0.3930
vn -0.3088 -0.8313 0.4622
vn -0.2127 -0.8313 0.5135
vn -0.1084 -0.8313 0.5452
vn -0.0000 -0.8313 0.5558
vn 0.1084 -0.8313 0.5452
vn 0.2127 -0.8313 0.5135
vn 0.3088 -0.8313 0.4622
vn 0.3930 -0.8313 0.3930
vn 0.4622 -0.8313 0.3088
vn 0.5135 -0.8313 0.2127
vn 0.5452 -0.8313 0.1084
vn 0.5866 -0.8014 -0.1167
vn 0.5981 -0.8014 -0.0000
vn 0.5525 -0.8014 -0.2289
vn 0.4973 -0.8014 -0.3323
vn 0.4229 -0.8014 -0.4229
vn 0.3323 -0.8014 -0.4973
vn 0.2289 -0.8014 -0.5525
vn 0.1167 -0.8014 -0.5866
vn -0.0000 -0.8014 -0.5981
vn -0.1167 -0.8014 -0.5866
vn -0.2289 -0.8014 -0.5525
vn -0.3323 -0.8014 -0.4973
vn -0.4229 -0.8014 -0.4229
vn -0.4973 -0.8014 -0.3323
vn -0.5525 -0.8014 -0.2289
vn -0.5866 -0.8014 -0.1167
vn -0.5981 -0.8014 -0.0000
vn -0.5866 -0.8014 0.1167
vn -0.5525 -0.8014 0.2289
vn -0.4973 -0.8014 0.3323
vn -0.4229 -0.8014 0.4229
vn -0.3323 -0.8014 0.4973
vn -0.2289 -0.8014 0.5525
vn -0.1167 -0.8014 0.5866
vn -0.0000 -0.8014 0.5981
vn 0.1167 -0.8014 0.5866
vn 0.2289 -0.8014 0.5525
vn 0.3323 -0.8014 0.4973
vn 0.4229 -0.8014 0.4229
vn 0.4973 -0.8014 0.3323
vn 0.5525 -0.8014 0.2289
vn 0.5866 -0.8014 0.1167
vn 0.6523 -0.7467 -0.1298
vn 0.6651 -0.7467 -0.0000
vn 0.6145 -0.7467 -0.2545
vn 0.5530 -0.7467 -0.3695
vn 0.4703 -0.7467 -0.4703
vn 0.3695 -0.7467 -0.5530
vn 0.2545 -0.7467 -0.6145
vn 0.1298 -0.7467 -0.6523
vn -0.0000 -0.7467 -0.6651
vn -0.1298 -0.7467 -0.6523
vn -0.2545 -0.7467 -0.6145
vn -0.3695 -0.7467 -0.5530
vn -0.4703 -0.7467 -0.4703
vn -0.5530 -0.7467 -0.3695
vn -0.6145 -0.7467 -0.2545
vn -0.6523 -0.7467 -0.1298
vn -0.6651 -0.7467 -0.0000
vn -0.6523 -0.7467 0.1298
vn -0.6145 -0.7467 0.2545
vn -0.5530 -0.7467 0.3695
vn -0.4703 -0.7467 0.4703
vn -0.3695 -0.7467 0.5530
vn -0.2545 -0.7467 0.6145
vn -0.1298 -0.7467 0.6523
vn -0.0000 -0.7467 0.6651
vn 0.1298 -0.7467 0.6523
vn 0.2545 -0.7467 0.6145
vn 0.3695 -0.7467 0.5530
vn 0.4703 -0.7467 0.4703
vn 0.5530 -0.7467 0.3695
vn 0.6145 -0.7467 0.2545
vn 0.6523 -0.7467 0.1298
vn 0.7358 -0.6611 -0.1464
vn 0.7503 -0.6611 -0.0000
vn 0.6931 -0.6611 -0.2871
vn 0.6238 -0.6611 -0.4168
vn 0.5305 -0.6611 -0.5305
vn 0.4168 -0.6611 -0.6238
vn 0.2871 -0.6611 -0.6931
vn 0.1464 -0.6611 -0.7358
vn -0.0000 -0.6611 -0.7503
vn -0.1464 -0.6611 -0.7358
vn -0.2871 -0.6611 -0.6931
vn -0.4168 -0.6611 -0.6238
vn -0.5305 -0.6611 -0.5305
vn -0.6238 -0.6611 -0.4168
vn -0.6931 -0.6611 -0.2871
vn -0.7358 -0.6611 -0.1464
vn -0.7503 -0.6611 -0.0000
vn -0.7358 -0.6611 0.1464
vn -0.6931 -0.6611 0.2871
vn -0.6238 -0.6611 0.4168
vn -0.5305 -0.6611 0.5305
vn -0.4168 -0.6611 0.6238
vn -0.2871 -0.6611 0.6931
vn -0.1464 -0.6611 0.7358
vn -0.0000 -0.6611 0.7503
vn 0.1464 -0.6611 0.7358
vn 0.2871 -0.6611 0.6931
vn 0.4168 -0.6611 0.6238
vn 0.5305 -0.6611 0.5305
vn 0.6238 -0.6611 0.4168
vn 0.6931 -0.6611 0.2871
vn 0.7358 -0.6611 0.1464
vn 0.8264 -0.5386 -0.1644
vn 0.8426 -0.5386 -0.0000
vn 0.7784 -0.5386 -0.3224
vn 0.7006 -0.5386 -0.4681
vn 0.5958 -0.5386 -0.5958
vn 0.4681 -0.5386 -0.7006
vn 0.3224 -0.5386 -0.7784
vn 0.1644 -0.5386 -0.8264
vn -0.0000 -0.5386 -0.8426
vn -0.1644 -0.5386 -0.8264
vn -0.3224 -0.5386 -0.7784
vn -0.4681 -0.5386 -0.7006
vn -0.5958 -0.5386 -0.5958
vn -0.7006 -0.5386 -0.4681
vn -0.7784 -0.5386 -0.3224
vn -0.8264 -0.5386 -0.1644
vn -0.8426 -0.5386 -0.0000
vn -0.8264 -0.5386 0.1644
vn -0.7784 -0.5386 0.3224
vn -0.7006 -0.5386 0.4681
vn -0.5958 -0.5386 0.5958
vn -0.4681 -0.5386 0.7006
vn -0.3224 -0.5386 0.7784
vn -0.1644 -0.5386 0.8264
vn -0.0000 -0.5386 0.8426
vn 0.1644 -0.5386 0.8264
vn 0.3224 -0.5386 0.7784
vn 0.4681 -0.5386 0.7006
vn 0.5958 -0.5386 0.5958
vn 0.7006 -0.5386 0.4681
vn 0.7784 -0.5386 0.3224
vn 0.8264 -0.5386 0.1644
vn 0.9076 -0.3789 -0.1805
vn 0.9254 -0.3789 -0.0000
vn 0.8550 -0.3789 -0.3541
vn 0.7695 -0.3789 -0.5141
vn 0.6544 -0.3789 -0.6544
vn 0.5141 -0.3789 -0.7695
vn 0.3541 -0.3789 -0.8550
vn 0.1805 -0.3789 -0.9076
vn -0.0000 -0.3789 -0.9254
vn -0.1805 -0.3789 -0.9076
vn -0.3541 -0.3789 -0.8550
vn -0.5141 -0.3789 -0.7695
vn -0.6544 -0.3789 -0.6544
vn -0.7695 -0.3789 -0.5141
vn -0.8550 -0.3789 -0.3541
vn -0.9076 -0.3789 -0.1805
vn -0.9254 -0.3789 -0.0000
vn -0.9076 -0.3789 0.1805
vn -0.8550 -0.3789 0.3541
vn -0.7695 -0.3789 0.5141
vn -0.6544 -0.3789 0.6544
vn -0.5141 -0.3789 0.7695
vn -0.3541 -0.3789 0.8550
vn -0.1805 -0.3789 0.9076
vn -0.0000 -0.3789 0.9254
vn 0.1805 -0.3789 0.9076
vn 0.3541 -0.3789 0.8550
vn 0.5141 -0.3789 0.7695
vn 0.6544 -0.3789 0.6544
vn 0.7695 -0.3789 0.5141
vn 0.8550 -0.3789 0.3541
vn 0.9076 -0.3789 0.1805
vn 0.9622 -0.1936 -0.1914
vn 0.9811 -0.1936 -0.0000
vn 0.9064 -0.1936 -0.3754
vn 0.8157 -0.1936 -0.5451
vn 0.6937 -0.1936 -0.6937
vn 0.5451 -0.1936 -0.8157
vn 0.3754 -0.1936 -0.9064
vn 0.1914 -0.1936 -0.9622
vn -0.0000 -0.1936 -0.9811
vn -0.1914 -0.1936 -0.9622
vn -0.3754 -0.1936 -0.9064
vn -0.5451 -0.1936 -0.8157
vn -0.6937 -0.1936 -0.6937
vn -0.8157 -0.1936 -0.5451
vn -0.9064 -0.1936 -0.3754
vn -0.9622 -0.1936 -0.1914
vn -0.9811 -0.1936 -0.0000
vn -0.9622 -0.1936 0.1914
vn -0.9064 -0.1936 0.3754
vn -0.8157 -0.1936 0.5451
vn -0.6937 -0.1936 0.6937
vn -0.5451 -0.1936 0.8157
vn -0.3754 -0.1936 0.9064
vn -0.1914 -0.1936 0.9622
vn -0.0000 -0.1936 0.9811
vn 0.1914 -0.1936 0.9622
vn 0.3754 -0.1936 0.9064
vn 0.5451 -0.1936 0.8157
vn 0.6937 -0.1936 0.6937
vn 0.8157 -0.1936 0.5451
vn 0.9064 -0.1936 0.3754
vn 0.9622 -0.1936 0.1914
vn 0.9805 0.0236 -0.1950
vn 0.9997 0.0236 -0.0000
vn 0.9236 0.0236 -0.3826
vn 0.8312 0.0236 -0.5554
vn 0.7069 0.0236 -0.7069
vn 0.5554 0.0236 -0.8312
vn 0.3826 0.0236 -0.9236
vn 0.1950 0.0236 -0.9805
vn -0.0000 0.0236 -0.9997
vn -0.1950 0.0236 -0.9805
vn -0.3826 0.0236 -0.9236
vn -0.5554 0.0236 -0.8312
vn -0.7069 0.0236 -0.7069
vn -0.8312 0.0236 -0.5554
vn -0.9236 0.0236 -0.3826
vn -0.9805 0.0236 -0.1950
vn -0.9997 0.0236 -0.0000
vn -0.9805 0.0236 0.1950
vn -0.9236 0.0236 0.3826
vn -0.8312 0.0236 0.5554
vn -0.7069 0.0236 0.7069
vn -0.5554 0.0236 0.8312
vn -0.3826 0.0236 0.9236
vn -0.1950 0.0236 0.9805
vn -0.0000 0.0236 0.9997
vn 0.1950 0.0236 0.9805
vn 0.3826 0.0236 0.9236
vn 0.5554 0.0236 0.8312
vn 0.7069 0.0236 0.7069
vn 0.8312 0.0236 0.5554
vn 0.9236 0.0236 0.3826
vn 0.9805 0.0236 0.1950
vn 0.9470 0.2603 -0.1884
vn 0.9655 0.2603 -0.0000
vn 0.8920 0.2603 -0.3695
vn 0.8028 0.2603 -0.5364
vn 0.6827 0.2603 -0.6827
vn 0.5364 0.2603 -0.8028
vn 0.3695 0.2603 -0.8920
vn 0.1884 0.2603 -0.9470
vn -0.0000 0.2603 -0.9655
vn -0.1884 0.2603 -0.9470
vn -0.3695 0.2603 -0.8920
vn -0.5364 0.2603 -0.8028
vn -0.6827 0.2603 -0.6827
vn -0.8028 0.2603 -0.5364
vn -0.8920 0.2603 -0.3695
vn -0.9470 0.2603 -0.1884
vn -0.9655 0.2603 -0.0000
vn -0.9470 0.2603 0.1884
vn -0.8920 0.2603 0.3695
vn -0.8028 0.2603 0.5364
vn -0.6827 0.2603 0.6827
vn -0.5364 0.2603 0.8028
vn -0.3695 0.2603 0.8920
vn -0.1884 0.2603 0.9470
vn -0.0000 0.2603 0.9655
vn 0.1884 0.2603 0.9470
vn 0.3695 0.2603 0.8920
vn 0.5364 0.2603 0.8028
vn 0.6827 0.2603 0.6827
vn 0.8028 0.2603 0.5364
vn 0.8920 0.2603 0.3695
vn 0.9470 0.2603 0.1884
vn 0.8754 0.4509 -0.1741
vn 0.8926 0.4509 -0.0000
vn 0.8246 0.4509 -0.3416
vn 0.7421 0.4509 -0.4959
vn 0.6311 0.4509 -0.6311
vn 0.4959 0.4509 -0.7421
vn 0.3416 0.4509 -0.8246
vn 0.1741 0.4509 -0.8754
vn -0.0000 0.4509 -0.8926
vn -0.1741 0.4509 -0.8754
vn -0.3416 0.4509 -0.8246
vn -0.4959 0.4509 -0.7421
vn -0.6311 0.4509 -0.6311
vn -0.7421 0.4509 -0.4959
vn -0.8246 0.4509 -0.3416
vn -0.8754 0.4509 -0.1741
vn -0.8926 0.4509 -0.0000
vn -0.8754 0.4509 0.1741
vn -0.8246 0.4509 0.3416
vn -0.7421 0.4509 0.4959
vn -0.6311 0.4509 0.6311
vn -0.4959 0.4509 0.7421
vn -0.3416 0.4509 0.8246
vn -0.1741 0.4509 0.8754
vn -0.0000 0.4509 0.8926
vn 0.1741 0.4509 0.8754
vn 0.3416 0.4509 0.8246
vn 0.4959 0.4509 0.7421
vn 0.6311 0.4509 0.6311
vn 0.7421 0.4509 0.4959
vn 0.8246 0.4509 0.3416
vn 0.8754 0.4509 0.1741
vn 0.8043 0.5722 -0.1600
vn 0.8201 0.5722 -0.0000
vn 0.7577 0.5722 -0.3138
vn 0.6819 0.5722 -0.4556
vn 0.5799 0.5722 -0.5799
vn 0.4556 0.5722 -0.6819
vn 0.3138 0.5722 -0.7577
vn 0.1600 0.5722 -0.8043
vn -0.0000 0.5722 -0.8201
vn -0.1600 0.5722 -0.8043
vn -0.3138 0.5722 -0.7577
vn -0.4556 0.5722 -0.6819
vn -0.5799 0.5722 -0.5799
vn -0.6819 0.5722 -0.4556
vn -0.7577 0.5722 -0.3138
vn -0.8043 0.5722 -0.1600
vn -0.8201 0.5722 -0.0000
vn -0.8043 0.5722 0.1600
vn -0.7577 0.5722 0.3138
vn -0.6819 0.5722 0.4556
vn -0.5799 0.5722 0.5799
vn -0.4556 0.5722 0.6819
vn -0.3138 0.5722 0.7577
vn -0.1600 0.5722 0.8043
vn -0.0000 0.5722 0.8201
vn 0.1600 0.5722 0.8043
vn 0.3138 0.5722 0.7577
vn 0.4556 0.5722 0.6819
vn 0.5799 0.5722 0.5799
vn 0.6819 0.5722 0.4556
vn 0.7577 0.5722 0.3138
vn 0.8043 0.5722 0.1600
vn 0.7473 0.6476 -0.1487
vn 0.7620 0.6476 -0.0000
vn 0.7040 0.6476 -0.2916
vn 0.6336 0.6476 -0.4233
vn 0.5388 0.6476 -0.5388
vn 0.4233 0.6476 -0.6336
vn 0.2916 0.6476 -0.7040
vn 0.1487 0.6476 -0.7473
vn -0.0000 0.6476 -0.7620
vn -0.1487 0.6476 -0.7473
vn -0.2916 0.6476 -0.7040
vn -0.4233 0.6476 -0.6336
vn -0.5388 0.6476 -0.5388
vn -0.6336 0.6476 -0.4233
vn -0.7040 0.6476 -0.2916
vn -0.7473 0.6476 -0.1487
vn -0.7620 0.6476 -0.0000
vn -0.7473 0.6476 0.1487
vn -0.7040 0.6476 0.2916
vn -0.6336 0.6476 0.4233
vn -0.5388 0.6476 0.5388
vn -0.4233 0.6476 0.6336
vn -0.2916 0.6476 0.7040
vn -0.1487 0.6476 0.7473
vn -0.0000 0.6476 0.7620
vn 0.1487 0.6476 0.7473
vn 0.2916 0.6476 0.7040
vn 0.4233 0.6476 0.6336
vn 0.5388 0.6476 0.5388
vn 0.6336 0.6476 0.4233
vn 0.7040 0.6476 0.2916
vn 0.7473 0.6476 0.1487
vn 0.7064 0.6937 -0.1405
vn 0.7203 0.6937 -0.0000
vn 0.6654 0.6937 -0.2756
vn 0.5989 0.6937 -0.4002
vn 0.5093 0.6937 -0.5093
vn 0.4002 0.6937 -0.5989
vn 0.2756 0.6937 -0.6654
vn 0.1405 0.6937 -0.7064
vn -0.0000 0.6937 -0.7203
vn -0.1405 0.6937 -0.7064
vn -0.2756 0.6937 -0.6655
vn -0.4002 0.6937 -0.5989
vn -0.5093 0.6937 -0.5093
vn -0.5989 0.6937 -0.4002
vn -0.6654 0.6937 -0.2756
vn -0.7064 0.6937 -0.1405
vn -0.7203 0.6937 -0.0000
vn -0.7064 0.6937 0.1405
vn -0.6655 0.6937 0.2756
vn -0.5989 0.6937 0.4002
vn -0.5093 0.6937 0.5093
vn -0.4002 0.6937 0.5989
vn -0.2756 0.6937 0.6655
vn -0.1405 0.6937 0.7064
vn -0.0000 0.6937 0.7203
vn 0.1405 0.6937 0.7064
vn 0.2756 0.6937 0.6654
vn 0.4002 0.6937 0.5989
vn 0.5093 0.6937 0.5093
vn 0.5989 0.6937 0.4002
vn 0.6654 0.6937 0.2756
vn 0.7064 0.6937 0.1405
vn 0.6809 0.7198 -0.1354
vn 0.6942 0.7198 -0.0000
vn 0.6414 0.7198 -0.2657
vn 0.5772 0.7198 -0.3857
vn 0.4909 0.7198 -0.4909
vn 0.3857 0.7198 -0.5772
vn 0.2657 0.7198 -0.6414
vn 0.1354 0.7198 -0.6809
vn -0.0000 0.7198 -0.6942
vn -0.1354 0.7198 -0.6809
vn -0.2657 0.7198 -0.6414
vn -0.3857 0.7198 -0.5772
vn -0.4909 0.7198 -0.4909
vn -0.5772 0.7198 -0.3857
vn -0.6414 0.7198 -0.2657
vn -0.6809 0.7198 -0.1354
vn -0.6942 0.7198 -0.0000
vn -0.6809 0.7198 0.1354
vn -0.6414 0.7198 0.2657
vn -0.5772 0.7198 0.3857
vn -0.4909 0.7198 0.4909
vn -0.3857 0.7198 0.5772
vn -0.2657 0.7198 0.6414
vn -0.1354 0.7198 0.6809
vn -0.0000 0.7198 0.6942
vn 0.1354 0.7198 0.6809
vn 0.2657 0.7198 0.6414
vn 0.3857 0.7198 0.5772
vn 0.4909 0.7198 0.4909
vn 0.5772 0.7198 0.3857
vn 0.6414 0.7198 0.2657
vn 0.6809 0.7198 0.1354
vn 0.6703 0.7300 -0.1333
vn 0.6835 0.7300 -0.0000
vn 0.6314 0.7300 -0.2615
vn 0.5683 0.7300 -0.3797
vn 0.4833 0.7300 -0.4833
vn 0.3797 0.7300 -0.5683
vn 0.2615 0.7300 -0.6314
vn 0.1333 0.7300 -0.6703
vn -0.0000 0.7300 -0.6835
vn -0.1333 0.7300 -0.6703
vn -0.2615 0.7300 -0.6314
vn -0.3797 0.7300 -0.5683
vn -0.4833 0.7300 -0.4833
vn -0.5683 0.7300 -0.3797
vn -0.6314 0.7300 -0.2615
vn -0.6703 0.7300 -0.1333
vn -0.6835 0.7300 -0.0000
vn -0.6703 0.7300 0.1333
vn -0.6314 0.7300 0.2615
vn -0.5683 0.7300 0.3797
vn -0.4833 0.7300 0.4833
vn -0.3797 0.7300 0.5683
vn -0.2615 0.7300 0.6314
vn -0.1333 0.7300 0.6703
vn -0.0000 0.7300 0.6835
vn 0.1333 0.7300 0.6703
vn 0.2615 0.7300 0.6314
vn 0.3797 0.7300 0.5683
vn 0.4833 0.7300 0.4833
vn 0.5683 0.7300 0.3797
vn 0.6314 0.7300 0.2615
vn 0.6703 0.7300 0.1333
vn 0.6765 0.7240 -0.1346
vn 0.6898 0.7240 -0.0000
vn 0.6373 0.7240 -0.2640
vn 0.5735 0.7240 -0.3832
vn 0.4877 0.7240 -0.4877
vn 0.3832 0.7240 -0.5735
vn 0.2640 0.7240 -0.6373
vn 0.1346 0.7240 -0.6765
vn -0.0000 0.7240 -0.6898
vn -0.1346 0.7240 -0.6765
vn -0.2640 0.7240 -0.6373
vn -0.3832 0.7240 -0.5735
vn -0.4877 0.7240 -0.4877
vn -0.5735 0.7240 -0.3832
vn -0.6373 0.7240 -0.2640
vn -0.6765 0.7240 -0.1346
vn -0.6898 0.7240 -0.0000
vn -0.6765 0.7240 0.1346
vn -0.6373 0.7240 0.2640
vn -0.5735 0.7240 0.3832
vn -0.4877 0.7240 0.4877
vn -0.3832 0.7240 0.5735
vn -0.2640 0.7240 0.6373
vn -0.1346 0.7240 0.6765
vn -0.0000 0.7240 0.6898
vn 0.1346 0.7240 0.6765
vn 0.2640 0.7240 0.6373
vn 0.3832 0.7240 0.5735
vn 0.4877 0.7240 0.4877
vn 0.5735 0.7240 0.3832
vn 0.6373 0.7240 0.2640
vn 0.6765 0.7240 0.1346
vn 0.7047 0.6955 -0.1402
vn 0.7185 0.6955 -0.0000
vn 0.6638 0.6955 -0.2750
vn 0.5974 0.6955 -0.3992
vn 0.5081 0.6955 -0.5081
vn 0.3992 0.6955 -0.5974
vn 0.2750 0.6955 -0.6638
vn 0.1402 0.6955 -0.7047
vn -0.0000 0.6955 -0.7185
vn -0.1402 0.6955 -0.7047
vn -0.2750 0.6955 -0.6638
vn -0.3992 0.6955 -0.5974
vn -0.5081 0.6955 -0.5081
vn -0.5974 0.6955 -0.3992
vn -0.6638 0.6955 -0.2750
vn -0.7047 0.6955 -0.1402
vn -0.7185 0.6955 -0.0000
vn -0.7047 0.6955 0.1402
vn -0.6638 0.6955 0.2750
vn -0.5974 0.6955 0.3992
vn -0.5081 0.6955 0.5081
vn -0.3992 0.6955 0.5974
vn -0.2750 0.6955 0.6638
vn -0.1402 0.6955 0.7047
vn -0.0000 0.6955 0.7185
vn 0.1402 0.6955 0.7047
vn 0.2750 0.6955 0.6638
vn 0.3992 0.6955 0.5974
vn 0.5081 0.6955 0.5081
vn 0.5974 0.6955 0.3992
vn 0.6638 0.6955 0.2750
vn 0.7047 0.6955 0.1402
vn 0.7669 0.6233 -0.1526
vn 0.7819 0.6233 -0.0000
vn 0.7224 0.6233 -0.2992
vn 0.6502 0.6233 -0.4344
vn 0.5529 0.6233 -0.5529
vn 0.4344 0.6233 -0.6502
vn 0.2992 0.6233 -0.7224
vn 0.1526 0.6233 -0.7669
vn -0.0000 0.6233 -0.7819
vn -0.1526 0.6233 -0.7669
vn -0.2992 0.6233 -0.7224
vn -0.4344 0.6233 -0.6502
vn -0.5529 0.6233 -0.5529
vn -0.6502 0.6233 -0.4344
vn -0.7224 0.6233 -0.2992
vn -0.7669 0.6233 -0.1526
vn -0.7819 0.6233 -0.0000
vn -0.7669 0.6233 0.1526
vn -0.7224 0.6233 0.2992
vn -0.6502 0.6233 0.4344
vn -0.5529 0.6233 0.5529
vn -0.4344 0.6233 0.6502
vn -0.2992 0.6233 0.7224
vn -0.1526 0.6233 0.7669
vn -0.0000 0.6233 0.7819
vn 0.1526 0.6233 0.7669
vn 0.2992 0.6233 0.7224
vn 0.4344 0.6233 0.6502
vn 0.5529 0.6233 0.5529
vn 0.6502 0.6233 0.4344
vn 0.7224 0.6233 0.2992
vn 0.7669 0.6233 0.1526
vn 0.8816 0.4383 -0.1754
vn 0.8988 0.4383 -0.0000
vn 0.8304 0.4383 -0.3440
vn 0.7474 0.4383 -0.4994
vn 0.6356 0.4383 -0.6356
vn 0.4994 0.4383 -0.7474
vn 0.3440 0.4383 -0.8304
vn 0.1754 0.4383 -0.8816
vn -0.0000 0.4383 -0.8988
vn -0.1754 0.4383 -0.8816
vn -0.3440 0.4383 -0.8304
vn -0.4994 0.4383 -0.7474
vn -0.6356 0.4383 -0.6356
vn -0.7474 0.4383 -0.4994
vn -0.8304 0.4383 -0.3440
vn -0.8816 0.4383 -0.1754
vn -0.8988 0.4383 -0.0000
vn -0.8816 0.4383 0.1754
vn -0.8304 0.4383 0.3440
vn -0.7474 0.4383 0.4994
vn -0.6356 0.4383 0.6356
vn -0.4994 0.4383 0.7474
vn -0.3440 0.4383 0.8304
vn -0.1754 0.4383 0.8816
vn -0.0000 0.4383 0.8988
vn 0.1754 0.4383 0.8816
vn 0.3440 0.4383 0.8304
vn 0.4994 0.4383 0.7474
vn 0.6356 0.4383 0.6356
vn 0.7474 0.4383 0.4994
vn 0.8304 0.4383 0.3440
vn 0.8816 0.4383 0.1754
vn 0.9684 0.1584 -0.1926
vn 0.9874 0.1584 -0.0000
vn 0.9122 0.1584 -0.3779
vn 0.8210 0.1584 -0.5486
vn 0.6982 0.1584 -0.6982
vn 0.5486 0.1584 -0.8210
vn 0.3779 0.1584 -0.9122
vn 0.1926 0.1584 -0.9684
vn -0.0000 0.1584 -0.9874
vn -0.1926 0.1584 -0.9684
vn -0.3779 0.1584 -0.9122
vn -0.5486 0.1584 -0.8210
vn -0.6982 0.1584 -0.6982
vn -0.8210 0.1584 -0.5486
vn -0.9122 0.1584 -0.3779
vn -0.9684 0.1584 -0.1926
vn -0.9874 0.1584 -0.0000
vn -0.9684 0.1584 0.1926
vn -0.9122 0.1584 0.3779
vn -0.8210 0.1584 0.5486
vn -0.6982 0.1584 0.6982
vn -0.5486 0.1584 0.8210
vn -0.3779 0.1584 0.9122
vn -0.1926 0.1584 0.9684
vn -0.0000 0.1584 0.9874
vn 0.1926 0.1584 0.9684
vn 0.3779 0.1584 0.9122
vn 0.5486 0.1584 0.8210
vn 0.6982 0.1584 0.6982
vn 0.8210 0.1584 0.5486
vn 0.9122 0.1584 0.3779
vn 0.9684 0.1584 0.1926
vn 0.9804 0.0289 -0.1950
vn 0.9996 0.0289 -0.0000
vn 0.9235 0.0289 -0.3825
vn 0.8311 0.0289 -0.5553
vn 0.7068 0.0289 -0.7068
vn 0.5553 0.0289 -0.8311
vn 0.3825 0.0289 -0.9235
vn 0.1950 0.0289 -0.9804
vn -0.0000 0.0289 -0.9996
vn -0.1950 0.0289 -0.9804
vn -0.3825 0.0289 -0.9235
vn -0.5553 0.0289 -0.8311
vn -0.7068 0.0289 -0.7068
vn -0.8311 0.0289 -0.5553
vn -0.9235 0.0289 -0.3825
vn -0.9804 0.0289 -0.1950
vn -0.9996 0.0289 -0.0000
vn -0.9804 0.0289 0.1950
vn -0.9235 0.0289 0.3825
vn -0.8311 0.0289 0.5553
vn -0.7068 0.0289 0.7068
vn -0.5553 0.0289 0.8311
vn -0.3825 0.0289 0.9235
vn -0.1950 0.0289 0.9804
vn -0.0000 0.0289 0.9996
vn 0.1950 0.0289 0.9804
vn 0.3825 0.0289 0.9235
vn 0.5553 0.0289 0.8311
vn 0.7068 0.0289 0.7068
vn 0.8311 0.0289 0.5553
vn 0.9235 0.0289 0.3825
vn 0.9804 0.0289 0.1950
vn 0.9790 0.0601 -0.1947
vn 0.9982 0.0601 -0.0000
vn 0.9222 0.0601 -0.3820
vn 0.8300 0.0601 -0.5546
vn 0.7058 0.0601 -0.7058
vn 0.5546 0.0601 -0.8300
vn 0.3820 0.0601 -0.9222
vn 0.1947 0.0601 -0.9790
vn -0.0000 0.0601 -0.9982
vn -0.1947 0.0601 -0.9790
vn -0.3820 0.0601 -0.9222
vn -0.5546 0.0601 -0.8300
vn -0.7058 0.0601 -0.7058
vn -0.8300 0.0601 -0.5546
vn -0.9222 0.0601 -0.3820
vn -0.9790 0.0601 -0.1947
vn -0.9982 0.0601 -0.0000
vn -0.9790 0.0601 0.1947
vn -0.9222 0.0601 0.3820
vn -0.8300 0.0601 0.5546
vn -0.7058 0.0601 0.7058
vn -0.5546 0.0601 0.8300
vn -0.3820 0.0601 0.9222
vn -0.1947 0.0601 0.9790
vn -0.0000 0.0601 0.9982
vn 0.1947 0.0601 0.9790
vn 0.3820 0.0601 0.9222
vn 0.5546 0.0601 0.8300
vn 0.7058 0.0601 0.7058
vn 0.8300 0.0601 0.5546
vn 0.9222 0.0601 0.3820
vn 0.9790 0.0601 0.1947
vn 0.9736 0.1208 -0.1937
vn 0.9927 0.1208 -0.0000
vn 0.9171 0.1208 -0.3799
vn 0.8254 0.1208 -0.5515
vn 0.7019 0.1208 -0.7019
vn 0.5515 0.1208 -0.8254
vn 0.3799 0.1208 -0.9171
vn 0.1937 0.1208 -0.9736
vn -0.0000 0.1208 -0.9927
vn -0.1937 0.1208 -0.9736
vn -0.3799 0.1208 -0.9171
vn -0.5515 0.1208 -0.8254
vn -0.7019 0.1208 -0.7019
vn -0.8254 0.1208 -0.5515
vn -0.9171 0.1208 -0.3799
vn -0.9736 0.1208 -0.1937
vn -0.9927 0.1208 -0.0000
vn -0.9736 0.1208 0.1937
vn -0.9171 0.1208 0.3799
vn -0.8254 0.1208 0.5515
vn -0.7019 0.1208 0.7019
vn -0.5515 0.1208 0.8254
vn -0.3799 0.1208 0.9171
vn -0.1937 0.1208 0.9736
vn -0.0000 0.1208 0.9927
vn 0.1937 0.1208 0.9736
vn 0.3799 0.1208 0.9171
vn 0.5515 0.1208 0.8254
vn 0.7019 0.1208 0.7019
vn 0.8254 0.1208 0.5515
vn 0.9171 0.1208 0.3799
vn 0.9736 0.1208 0.1937
vn 0.9570 0.2188 -0.1904
vn 0.9758 0.2188 -0.0000
vn 0.9015 0.2188 -0.3734
vn 0.8113 0.2188 -0.5421
vn 0.6900 0.2188 -0.6900
vn 0.5421 0.2188 -0.8113
vn 0.3734 0.2188 -0.9015
vn 0.1904 0.2188 -0.9570
vn -0.0000 0.2188 -0.9758
vn -0.1904 0.2188 -0.9570
vn -0.3734 0.2188 -0.9015
vn -0.5421 0.2188 -0.8113
vn -0.6900 0.2188 -0.6900
vn -0.8113 0.2188 -0.5421
vn -0.9015 0.2188 -0.3734
vn -0.9570 0.2188 -0.1904
vn -0.9758 0.2188 -0.0000
vn -0.9570 0.2188 0.1904
vn -0.9015 0.2188 0.3734
vn -0.8113 0.2188 0.5421
vn -0.6900 0.2188 0.6900
vn -0.5421 0.2188 0.8113
vn -0.3734 0.2188 0.9015
vn -0.1904 0.2188 0.9570
vn -0.0000 0.2188 0.9758
vn 0.1904 0.2188 0.9570
vn 0.3734 0.2188 0.9015
vn 0.5421 0.2188 0.8113
vn 0.6900 0.2188 0.6900
vn 0.8113 0.2188 0.5421
vn 0.9015 0.2188 0.3734
vn 0.9570 0.2188 0.1904
vn 0.9154 0.3591 -0.1821
vn 0.9333 0.3591 -0.0000
vn 0.8623 0.3591 -0.3572
vn 0.7760 0.3591 -0.5185
vn 0.6599 0.3591 -0.6599
vn 0.5185 0.3591 -0.7760
vn 0.3572 0.3591 -0.8623
vn 0.1821 0.3591 -0.9154
vn -0.0000 0.3591 -0.9333
vn -0.1821 0.3591 -0.9154
vn -0.3572 0.3591 -0.8623
vn -0.5185 0.3591 -0.7760
vn -0.6599 0.3591 -0.6599
vn -0.7760 0.3591 -0.5185
vn -0.8623 0.3591 -0.3572
vn -0.9154 0.3591 -0.1821
vn -0.9333 0.3591 -0.0000
vn -0.9154 0.3591 0.1821
vn -0.8623 0.3591 0.3572
vn -0.7760 0.3591 0.5185
vn -0.6599 0.3591 0.6599
vn -0.5185 0.3591 0.7760
vn -0.3572 0.3591 0.8623
vn -0.1821 0.3591 0.9154
vn -0.0000 0.3591 0.9333
vn 0.1821 0.3591 0.9154
vn 0.3572 0.3591 0.8623
vn 0.5185 0.3591 0.7760
vn 0.6599 0.3591 0.6599
vn 0.7760 0.3591 0.5185
vn 0.8623 0.3591 0.3572
vn 0.9154 0.3591 0.1821
vn 0.8297 0.5332 -0.1650
vn 0.8460 0.5332 -0.0000
vn 0.7816 0.5332 -0.3237
vn 0.7034 0.5332 -0.4700
vn 0.5982 0.5332 -0.5982
vn 0.4700 0.5332 -0.7034
vn 0.3237 0.5332 -0.7816
vn 0.1650 0.5332 -0.8297
vn -0.0000 0.5332 -0.8460
vn -0.1650 0.5332 -0.8297
vn -0.3237 0.5332 -0.7816
vn -0.4700 0.5332 -0.7034
vn -0.5982 0.5332 -0.5982
vn -0.7034 0.5332 -0.4700
vn -0.7816 0.5332 -0.3237
vn -0.8297 0.5332 -0.1650
vn -0.8460 0.5332 -0.0000
vn -0.8297 0.5332 0.1650
vn -0.7816 0.5332 0.3237
vn -0.7034 0.5332 0.4700
vn -0.5982 0.5332 0.5982
vn -0.4700 0.5332 0.7034
vn -0.3237 0.5332 0.7816
vn -0.1650 0.5332 0.8297
vn -0.0000 0.5332 0.8460
vn 0.1650 0.5332 0.8297
vn 0.3237 0.5332 0.7816
vn 0.4700 0.5332 0.7034
vn 0.5982 0.5332 0.5982
vn 0.7034 0.5332 0.4700
vn 0.7816 0.5332 0.3237
vn 0.8297 0.5332 0.1650
vn 0.6901 0.7106 -0.1373
vn 0.7036 0.7106 -0.0000
vn 0.6501 0.7106 -0.2693
vn 0.5850 0.7106 -0.3909
vn 0.4975 0.7106 -0.4975
vn 0.3909 0.7106 -0.5850
vn 0.2693 0.7106 -0.6501
vn 0.1373 0.7106 -0.6901
vn -0.0000 0.7106 -0.7036
vn -0.1373 0.7106 -0.6901
vn -0.2693 0.7106 -0.6501
vn -0.3909 0.7106 -0.5850
vn -0.4975 0.7106 -0.4975
vn -0.5850 0.7106 -0.3909
vn -0.6501 0.7106 -0.2693
vn -0.6901 0.7106 -0.1373
vn -0.7036 0.7106 -0.0000
vn -0.6901 0.7106 0.1373
vn -0.6501 0.7106 0.2693
vn -0.5850 0.7106 0.3909
vn -0.4975 0.7106 0.4975
vn -0.3909 0.7106 0.5850
vn -0.2693 0.7106 0.6501
vn -0.1373 0.7106 0.6901
vn -0.0000 0.7106 0.7036
vn 0.1373 0.7106 0.6901
vn 0.2693 0.7106 0.6501
vn 0.3909 0.7106 0.5850
vn 0.4975 0.7106 0.4975
vn 0.5850 0.7106 0.3909
vn 0.6501 0.7106 0.2693
vn 0.6901 0.7106 0.1373
vn 0.5140 0.8517 -0.1022
vn 0.5241 0.8517 -0.0000
vn 0.4842 0.8517 -0.2006
vn 0.4357 0.8517 -0.2912
vn 0.3706 0.8517 -0.3706
vn 0.2912 0.8517 -0.4357
vn 0.2006 0.8517 -0.4842
vn 0.1022 0.8517 -0.5140
vn -0.0000 0.8517 -0.5241
vn -0.1022 0.8517 -0.5140
vn -0.2006 0.8517 -0.4842
vn -0.2912 0.8517 -0.4357
vn -0.3706 0.8517 -0.3706
vn -0.4357 0.8517 -0.2912
vn -0.4842 0.8517 -0.2006
vn -0.5140 0.8517 -0.1022
vn -0.5241 0.8517 -0.0000
vn -0.5140 0.8517 0.1022
vn -0.4842 0.8517 0.2006
vn -0.4357 0.8517 0.2912
vn -0.3706 0.8517 0.3706
vn -0.2912 0.8517 0.4357
vn -0.2006 0.8517 0.4842
vn -0.1022 0.8517 0.5140
vn -0.0000 0.8517 0.5241
vn 0.1022 0.8517 0.5140
vn 0.2006 0.8517 0.4842
vn 0.2912 0.8517 0.4357
vn 0.3706 0.8517 0.3706
vn 0.4357 0.8517 0.2912
vn 0.4842 0.8517 0.2006
vn 0.5140 0.8517 0.1022
vn 0.3390 0.9384 -0.0674
vn 0.3456 0.9384 -0.0000
vn 0.3193 0.9384 -0.1323
vn 0.2874 0.9384 -0.1920
vn 0.2444 0.9384 -0.2444
vn 0.1920 0.9384 -0.2874
vn 0.1323 0.9384 -0.3193
vn 0.0674 0.9384 -0.3390
vn -0.0000 0.9384 -0.3456
vn -0.0674 0.9384 -0.3390
vn -0.1323 0.9384 -0.3193
vn -0.1920 0.9384 -0.2874
vn -0.2444 0.9384 -0.2444
vn -0.2874 0.9384 -0.1920
vn -0.3193 0.9384 -0.1323
vn -0.3390 0.9384 -0.0674
vn -0.3456 0.9384 -0.0000
vn -0.3390 0.9384 0.0674
vn -0.3193 0.9384 0.1323
vn -0.2874 0.9384 0.1920
vn -0.2444 0.9384 0.2444
vn -0.1920 0.9384 0.2874
vn -0.1323 0.9384 0.3193
vn -0.0674 0.9384 0.3390
vn -0.0000 0.9384 0.3456
vn 0.0674 0.9384 0.3390
vn 0.1323 0.9384 0.3193
vn 0.1920 0.9384 0.2874
vn 0.2444 0.9384 0.2444
vn 0.2874 0.9384 0.1920
vn 0.3193 0.9384 0.1323
vn 0.3390 0.9384 0.0674
vn 0.1928 0.9805 -0.0383
vn 0.1965 0.9805 -0.0000
vn 0.1816 0.9805 -0.0752
vn 0.1634 0.9805 -0.1092
vn 0.1390 0.9805 -0.1390
vn 0.1092 0.9805 -0.1634
vn 0.0752 0.9805 -0.1816
vn 0.0383 0.9805 -0.1928
vn -0.0000 0.9805 -0.1965
vn -0.0383 0.9805 -0.1928
vn -0.0752 0.9805 -0.1816
vn -0.1092 0.9805 -0.1634
vn -0.1390 0.9805 -0.1390
vn -0.1634 0.9805 -0.1092
vn -0.1816 0.9805 -0.0752
vn -0.1928 0.9805 -0.0383
vn -0.1965 0.9805 -0.0000
vn -0.1928 0.9805 0.0383
vn -0.1816 0.9805 0.0752
vn -0.1634 0.9805 0.1092
vn -0.1390 0.9805 0.1390
vn -0.1092 0.9805 0.1634
vn -0.0752 0.9805 0.1816
vn -0.0383 0.9805 0.1928
vn -0.0000 0.9805 0.1965
vn 0.0383 0.9805 0.1928
vn 0.0752 0.9805 0.1816
vn 0.1092 0.9805 0.1634
vn 0.1390 0.9805 0.1390
vn 0.1634 0.9805 0.1092
vn 0.1816 0.9805 0.0752
vn 0.1928 0.9805 0.0383
vn 0.0821 0.9965 -0.0163
vn 0.0837 0.9965 -0.0000
vn 0.0773 0.9965 -0.0320
vn 0.0696 0.9965 -0.0465
vn 0.0592 0.9965 -0.0592
vn 0.0465 0.9965 -0.0696
vn 0.0320 0.9965 -0.0773
vn 0.0163 0.9965 -0.0821
vn -0.0000 0.9965 -0.0837
vn -0.0163 0.9965 -0.0821
vn -0.0320 0.9965 -0.0773
vn -0.0465 0.9965 -0.0696
vn -0.0592 0.9965 -0.0592
vn -0.0696 0.9965 -0.0465
vn -0.0773 0.9965 -0.0320
vn -0.0821 0.9965 -0.0163
vn -0.0837 0.9965 -0.0000
vn -0.0821 0.9965 0.0163
vn -0.0773 0.9965 0.0320
vn -0.0696 0.9965 0.0465
vn -0.0592 0.9965 0.0592
vn -0.0465 0.9965 0.0696
vn -0.0320 0.9965 0.0773
vn -0.0163 0.9965 0.0821
vn -0.0000 0.9965 0.0837
vn 0.0163 0.9965 0.0821
vn 0.0320 0.9965 0.0773
vn 0.0465 0.9965 0.0696
vn 0.0592 0.9965 0.0592
vn 0.0696 0.9965 0.0465
vn 0.0773 0.9965 0.0320
vn 0.0821 0.9965 0.0163
vn 0.0513 0.9986 -0.0102
vn 0.0523 0.9986 -0.0000
vn 0.0483 0.9986 -0.0200
vn 0.0435 0.9986 -0.0290
vn 0.0370 0.9986 -0.0370
vn 0.0290 0.9986 -0.0435
vn 0.0200 0.9986 -0.0483
vn 0.0102 0.9986 -0.0513
vn -0.0000 0.9986 -0.0523
vn -0.0102 0.9986 -0.0513
vn -0.0200 0.9986 -0.0483
vn -0.0290 0.9986 -0.0435
vn -0.0370 0.9986 -0.0370
vn -0.0435 0.9986 -0.0290
vn -0.0483 0.9986 -0.0200
vn -0.0513 0.9986 -0.0102
vn -0.0523 0.9986 -0.0000
vn -0.0513 0.9986 0.0102
vn -0.0483 0.9986 0.0200
vn -0.0435 0.9986 0.0290
vn -0.0370 0.9986 0.0370
vn -0.0290 0.9986 0.0435
vn -0.0200 0.9986 0.0483
vn -0.0102 0.9986 0.0513
vn -0.0000 0.9986 0.0523
vn 0.0102 0.9986 0.0513
vn 0.0200 0.9986 0.0483
vn 0.0290 0.9986 0.0435
vn 0.0370 0.9986 0.0370
vn 0.0435 0.9986 0.0290
vn 0.0483 0.9986 0.0200
vn 0.0513 0.9986 0.0102
vn 0.1839 0.9823 -0.0366
vn 0.1875 0.9823 -0.0000
vn 0.1733 0.9823 -0.0718
vn 0.1559 0.9823 -0.1042
vn 0.1326 0.9823 -0.1326
vn 0.1042 0.9823 -0.1559
vn 0.0718 0.9823 -0.1733
vn 0.0366 0.9823 -0.1839
vn -0.0000 0.9823 -0.1875
vn -0.0366 0.9823 -0.1839
vn -0.0718 0.9823 -0.1733
vn -0.1042 0.9823 -0.1559
vn -0.1326 0.9823 -0.1326
vn -0.1559 0.9823 -0.1042
vn -0.1733 0.9823 -0.0718
vn -0.1839 0.9823 -0.0366
vn -0.1875 0.9823 -0.0000
vn -0.1839 0.9823 0.0366
vn -0.1733 0.9823 0.0718
vn -0.1559 0.9823 0.1042
vn -0.1326 0.9823 0.1326
vn -0.1042 0.9823 0.1559
vn -0.0718 0.9823 0.1733
vn -0.0366 0.9823 0.1839
vn -0.0000 0.9823 0.1875
vn 0.0366 0.9823 0.1839
vn 0.0718 0.9823 0.1733
vn 0.1042 0.9823 0.1559
vn 0.1326 0.9823 0.1326
vn 0.1559 0.9823 0.1042
vn 0.1733 0.9823 0.0718
vn 0.1839 0.9823 0.0366
vn 0.4931 0.8644 -0.0981
vn 0.5028 0.8644 -0.0000
vn 0.4645 0.8644 -0.1924
vn 0.4181 0.8644 -0.2793
vn 0.3555 0.8644 -0.3555
vn 0.2793 0.8644 -0.4181
vn 0.1924 0.8644 -0.4645
vn 0.0981 0.8644 -0.4931
vn -0.0000 0.8644 -0.5028
vn -0.0981 0.8644 -0.4931
vn -0.1924 0.8644 -0.4645
vn -0.2793 0.8644 -0.4181
vn -0.3555 0.8644 -0.3555
vn -0.4181 0.8644 -0.2793
vn -0.4645 0.8644 -0.1924
vn -0.4931 0.8644 -0.0981
vn -0.5028 0.8644 -0.0000
vn -0.4931 0.8644 0.0981
vn -0.4645 0.8644 0.1924
vn -0.4181 0.8644 0.2793
vn -0.3555 0.8644 0.3555
vn -0.2793 0.8644 0.4181
vn -0.1924 0.8644 0.4645
vn -0.0981 0.8644 0.4931
vn -0.0000 0.8644 0.5028
vn 0.0981 0.8644 0.4931
vn 0.1924 0.8644 0.4645
vn 0.2793 0.8644 0.4181
vn 0.3555 0.8644 0.3555
vn 0.4181 0.8644 0.2793
vn 0.4645 0.8644 0.1924
vn 0.4931 0.8644 0.0981
vn 0.6747 0.7258 -0.1342
vn 0.6879 0.7258 -0.0000
vn 0.6355 0.7258 -0.2633
vn 0.5720 0.7258 -0.3822
vn 0.4864 0.7258 -0.4864
vn 0.3822 0.7258 -0.5720
vn 0.2633 0.7258 -0.6355
vn 0.1342 0.7258 -0.6747
vn -0.0000 0.7258 -0.6879
vn -0.1342 0.7258 -0.6747
vn -0.2633 0.7258 -0.6355
vn -0.3822 0.7258 -0.5720
vn -0.4864 0.7258 -0.4864
vn -0.5720 0.7258 -0.3822
vn -0.6355 0.7258 -0.2633
vn -0.6747 0.7258 -0.1342
vn -0.6879 0.7258 -0.0000
vn -0.6747 0.7258 0.1342
vn -0.6355 0.7258 0.2633
vn -0.5720 0.7258 0.3822
vn -0.4864 0.7258 0.4864
vn -0.3822 0.7258 0.5720
vn -0.2633 0.7258 0.6355
vn -0.1342 0.7258 0.6747
vn -0.0000 0.7258 0.6879
vn 0.1342 0.7258 0.6747
vn 0.2632 0.7258 0.6355
vn 0.3822 0.7258 0.5720
vn 0.4864 0.7258 0.4864
vn 0.5720 0.7258 0.3822
vn 0.6355 0.7258 0.2632
vn 0.6747 0.7258 0.1342
vn 0.9712 0.2382 -0.0000
vn 0.9525 0.2382 -0.1895
vn 0.9802 0.0340 -0.1950
vn 0.9994 0.0340 -0.0000
vn 0.8973 0.2382 -0.3717
vn 0.9233 0.0340 -0.3825
vn 0.8075 0.2382 -0.5396
vn 0.8310 0.0340 -0.5552
vn 0.6867 0.2382 -0.6867
vn 0.7067 0.0340 -0.7067
vn 0.5396 0.2382 -0.8075
vn 0.5553 0.0340 -0.8310
vn 0.3717 0.2382 -0.8973
vn 0.3825 0.0340 -0.9233
vn 0.1895 0.2382 -0.9525
vn 0.1950 0.0340 -0.9802
vn -0.0000 0.2382 -0.9712
vn -0.0000 0.0340 -0.9994
vn -0.1895 0.2382 -0.9525
vn -0.1950 0.0340 -0.9802
vn -0.3717 0.2382 -0.8973
vn -0.3825 0.0340 -0.9233
vn -0.5396 0.2382 -0.8075
vn -0.5552 0.0340 -0.8310
vn -0.6867 0.2382 -0.6867
vn -0.7067 0.0340 -0.7067
vn -0.8075 0.2382 -0.5396
vn -0.8310 0.0340 -0.5553
vn -0.8973 0.2382 -0.3717
vn -0.9233 0.0340 -0.3825
vn -0.9525 0.2382 -0.1895
vn -0.9802 0.0340 -0.1950
vn -0.9712 0.2382 -0.0000
vn -0.9994 0.0340 -0.0000
vn -0.9525 0.2382 0.1895
vn -0.9802 0.0340 0.1950
vn -0.8973 0.2382 0.3717
vn -0.9233 0.0340 0.3825
vn -0.8075 0.2382 0.5396
vn -0.8310 0.0340 0.5553
vn -0.6867 0.2382 0.6868
vn -0.7067 0.0340 0.7067
vn -0.5396 0.2382 0.8075
vn -0.5553 0.0340 0.8310
vn -0.3717 0.2382 0.8973
vn -0.3825 0.0340 0.9233
vn -0.1895 0.2382 0.9525
vn -0.1950 0.0340 0.9802
vn -0.0000 0.2382 0.9712
vn -0.0000 0.0340 0.9994
vn 0.1895 0.2382 0.9525
vn 0.1950 0.0340 0.9802
vn 0.3717 0.2382 0.8973
vn 0.3825 0.0340 0.9233
vn 0.5396 0.2382 0.8075
vn 0.5553 0.0340 0.8310
vn 0.6867 0.2382 0.6867
vn 0.7067 0.0340 0.7067
vn 0.8075 0.2382 0.5396
vn 0.8310 0.0340 0.5552
vn 0.8973 0.2382 0.3717
vn 0.9233 0.0340 0.3825
vn 0.9525 0.2382 0.1895
vn 0.9802 0.0340 0.1950
vn 0.9413 -0.2808 -0.1872
vn 0.9598 -0.2808 -0.0000
vn 0.8867 -0.2808 -0.3673
vn 0.7980 -0.2808 -0.5332
vn 0.6787 -0.2808 -0.6786
vn 0.5332 -0.2808 -0.7980
vn 0.3673 -0.2808 -0.8867
vn 0.1872 -0.2808 -0.9413
vn -0.0000 -0.2808 -0.9598
vn -0.1872 -0.2808 -0.9413
vn -0.3673 -0.2808 -0.8867
vn -0.5332 -0.2808 -0.7980
vn -0.6787 -0.2808 -0.6786
vn -0.7980 -0.2808 -0.5332
vn -0.8867 -0.2808 -0.3673
vn -0.9413 -0.2808 -0.1872
vn -0.9598 -0.2808 -0.0000
vn -0.9413 -0.2808 0.1872
vn -0.8867 -0.2808 0.3673
vn -0.7980 -0.2808 0.5332
vn -0.6787 -0.2808 0.6786
vn -0.5332 -0.2808 0.7980
vn -0.3673 -0.2808 0.8867
vn -0.1872 -0.2808 0.9413
vn -0.0000 -0.2808 0.9598
vn 0.1872 -0.2808 0.9413
vn 0.3673 -0.2808 0.8867
vn 0.5332 -0.2808 0.7980
vn 0.6787 -0.2808 0.6786
vn 0.7980 -0.2808 0.5332
vn 0.8867 -0.2808 0.3673
vn 0.9413 -0.2808 0.1872
vn 0.8842 -0.4328 -0.1759
vn 0.9015 -0.4327 -0.0000
vn 0.8329 -0.4328 -0.3450
vn 0.7496 -0.4328 -0.5009
vn 0.6375 -0.4328 -0.6375
vn 0.5009 -0.4328 -0.7496
vn 0.3450 -0.4328 -0.8329
vn 0.1759 -0.4328 -0.8842
vn -0.0000 -0.4328 -0.9015
vn -0.1759 -0.4328 -0.8842
vn -0.3450 -0.4328 -0.8329
vn -0.5009 -0.4328 -0.7496
vn -0.6375 -0.4328 -0.6375
vn -0.7496 -0.4328 -0.5009
vn -0.8329 -0.4328 -0.3450
vn -0.8842 -0.4328 -0.1759
vn -0.9015 -0.4327 -0.0000
vn -0.8842 -0.4328 0.1759
vn -0.8329 -0.4328 0.3450
vn -0.7496 -0.4328 0.5009
vn -0.6375 -0.4328 0.6375
vn -0.5009 -0.4328 0.7496
vn -0.3450 -0.4328 0.8329
vn -0.1759 -0.4328 0.8842
vn -0.0000 -0.4327 0.9015
vn 0.1759 -0.4328 0.8842
vn 0.3450 -0.4328 0.8329
vn 0.5009 -0.4328 0.7496
vn 0.6375 -0.4328 0.6375
vn 0.7496 -0.4328 0.5009
vn 0.8329 -0.4328 0.3450
vn 0.8842 -0.4328 0.1759
vn 0.8495 -0.4998 -0.1690
vn 0.8661 -0.4998 -0.0000
vn 0.8002 -0.4998 -0.3315
vn 0.7202 -0.4998 -0.4812
vn 0.6125 -0.4998 -0.6125
vn 0.4812 -0.4998 -0.7202
vn 0.3315 -0.4998 -0.8002
vn 0.1690 -0.4998 -0.8495
vn -0.0000 -0.4998 -0.8661
vn -0.1690 -0.4998 -0.8495
vn -0.3315 -0.4998 -0.8002
vn -0.4812 -0.4998 -0.7202
vn -0.6125 -0.4998 -0.6124
vn -0.7202 -0.4998 -0.4812
vn -0.8002 -0.4998 -0.3315
vn -0.8495 -0.4998 -0.1690
vn -0.8661 -0.4998 -0.0000
vn -0.8495 -0.4998 0.1690
vn -0.8002 -0.4998 0.3315
vn -0.7202 -0.4998 0.4812
vn -0.6124 -0.4998 0.6124
vn -0.4812 -0.4998 0.7202
vn -0.3315 -0.4998 0.8002
vn -0.1690 -0.4998 0.8495
vn -0.0000 -0.4998 0.8661
vn 0.1690 -0.4998 0.8495
vn 0.3315 -0.4998 0.8002
vn 0.4812 -0.4998 0.7202
vn 0.6124 -0.4998 0.6125
vn 0.7202 -0.4998 0.4812
vn 0.8002 -0.4998 0.3315
vn 0.8495 -0.4998 0.1690
vn 0.8386 -0.5186 -0.1668
vn 0.8550 -0.5186 -0.0000
vn 0.7899 -0.5186 -0.3272
vn 0.7109 -0.5186 -0.4750
vn 0.6046 -0.5186 -0.6046
vn 0.4750 -0.5186 -0.7109
vn 0.3272 -0.5186 -0.7899
vn 0.1668 -0.5186 -0.8386
vn -0.0000 -0.5186 -0.8550
vn -0.1668 -0.5186 -0.8386
vn -0.3272 -0.5186 -0.7899
vn -0.4750 -0.5186 -0.7109
vn -0.6046 -0.5186 -0.6046
vn -0.7109 -0.5186 -0.4750
vn -0.7899 -0.5186 -0.3272
vn -0.8386 -0.5186 -0.1668
vn -0.8550 -0.5186 -0.0000
vn -0.8386 -0.5186 0.1668
vn -0.7899 -0.5186 0.3272
vn -0.7109 -0.5186 0.4750
vn -0.6046 -0.5186 0.6046
vn -0.4750 -0.5186 0.7109
vn -0.3272 -0.5186 0.7899
vn -0.1668 -0.5186 0.8386
vn -0.0000 -0.5186 0.8550
vn 0.1668 -0.5186 0.8386
vn 0.3272 -0.5186 0.7899
vn 0.4750 -0.5186 0.7109
vn 0.6046 -0.5186 0.6046
vn 0.7109 -0.5186 0.4750
vn 0.7899 -0.5186 0.3272
vn 0.8386 -0.5186 0.1668
vn 0.8502 -0.4986 -0.1691
vn 0.8668 -0.4986 -0.0000
vn 0.8009 -0.4986 -0.3317
vn 0.7207 -0.4986 -0.4816
vn 0.6129 -0.4986 -0.6129
vn 0.4816 -0.4986 -0.7207
vn 0.3317 -0.4986 -0.8009
vn 0.1691 -0.4986 -0.8502
vn -0.0000 -0.4986 -0.8668
vn -0.1691 -0.4986 -0.8502
vn -0.3317 -0.4986 -0.8009
vn -0.4816 -0.4986 -0.7207
vn -0.6129 -0.4986 -0.6129
vn -0.7207 -0.4986 -0.4816
vn -0.8009 -0.4986 -0.3317
vn -0.8502 -0.4986 -0.1691
vn -0.8668 -0.4986 -0.0000
vn -0.8502 -0.4986 0.1691
vn -0.8009 -0.4986 0.3317
vn -0.7207 -0.4986 0.4816
vn -0.6129 -0.4986 0.6129
vn -0.4816 -0.4986 0.7207
vn -0.3317 -0.4986 0.8009
vn -0.1691 -0.4986 0.8502
vn -0.0000 -0.4986 0.8668
vn 0.1691 -0.4986 0.8502
vn 0.3317 -0.4986 0.8009
vn 0.4816 -0.4986 0.7207
vn 0.6129 -0.4986 0.6129
vn 0.7207 -0.4986 0.4816
vn 0.8009 -0.4986 0.3317
vn 0.8502 -0.4986 0.1691
vn 0.8854 -0.4301 -0.1761
vn 0.9028 -0.4301 -0.0000
vn 0.8340 -0.4301 -0.3455
vn 0.7506 -0.4301 -0.5015
vn 0.6384 -0.4301 -0.6384
vn 0.5016 -0.4301 -0.7506
vn 0.3455 -0.4301 -0.8340
vn 0.1761 -0.4301 -0.8854
vn -0.0000 -0.4301 -0.9028
vn -0.1761 -0.4301 -0.8854
vn -0.3455 -0.4301 -0.8340
vn -0.5016 -0.4301 -0.7506
vn -0.6384 -0.4301 -0.6384
vn -0.7506 -0.4301 -0.5015
vn -0.8340 -0.4301 -0.3455
vn -0.8854 -0.4301 -0.1761
vn -0.9028 -0.4301 -0.0000
vn -0.8854 -0.4301 0.1761
vn -0.8340 -0.4301 0.3455
vn -0.7506 -0.4301 0.5015
vn -0.6384 -0.4301 0.6384
vn -0.5015 -0.4301 0.7506
vn -0.3455 -0.4301 0.8340
vn -0.1761 -0.4301 0.8854
vn -0.0000 -0.4301 0.9028
vn 0.1761 -0.4301 0.8854
vn 0.3455 -0.4301 0.8340
vn 0.5015 -0.4301 0.7506
vn 0.6384 -0.4301 0.6384
vn 0.7506 -0.4301 0.5015
vn 0.8340 -0.4301 0.3455
vn 0.8854 -0.4301 0.1761
vn 0.9424 -0.2772 -0.1874
vn 0.9608 -0.2772 -0.0000
vn 0.8877 -0.2772 -0.3677
vn 0.7989 -0.2772 -0.5338
vn 0.6794 -0.2772 -0.6794
vn 0.5338 -0.2772 -0.7989
vn 0.3677 -0.2772 -0.8877
vn 0.1874 -0.2772 -0.9424
vn -0.0000 -0.2772 -0.9608
vn -0.1874 -0.2772 -0.9424
vn -0.3677 -0.2772 -0.8877
vn -0.5338 -0.2772 -0.7989
vn -0.6794 -0.2772 -0.6794
vn -0.7989 -0.2772 -0.5338
vn -0.8877 -0.2772 -0.3677
vn -0.9424 -0.2772 -0.1874
vn -0.9608 -0.2772 -0.0000
vn -0.9424 -0.2772 0.1874
vn -0.8877 -0.2772 0.3677
vn -0.7989 -0.2772 0.5338
vn -0.6794 -0.2772 0.6794
vn -0.5338 -0.2772 0.7989
vn -0.3677 -0.2772 0.8877
vn -0.1874 -0.2772 0.9424
vn -0.0000 -0.2772 0.9608
vn 0.1874 -0.2772 0.9424
vn 0.3677 -0.2772 0.8877
vn 0.5338 -0.2772 0.7989
vn 0.6794 -0.2772 0.6794
vn 0.7989 -0.2772 0.5338
vn 0.8877 -0.2772 0.3677
vn 0.9424 -0.2772 0.1874
vn 0.9661 -0.1726 -0.1922
vn 0.9850 -0.1726 -0.0000
vn 0.9100 -0.1726 -0.3769
vn 0.8190 -0.1726 -0.5472
vn 0.6965 -0.1726 -0.6965
vn 0.5472 -0.1726 -0.8190
vn 0.3769 -0.1726 -0.9100
vn 0.1922 -0.1726 -0.9661
vn -0.0000 -0.1726 -0.9850
vn -0.1922 -0.1726 -0.9661
vn -0.3769 -0.1726 -0.9100
vn -0.5472 -0.1726 -0.8190
vn -0.6965 -0.1726 -0.6965
vn -0.8190 -0.1726 -0.5472
vn -0.9100 -0.1726 -0.3769
vn -0.9661 -0.1726 -0.1922
vn -0.9850 -0.1726 -0.0000
vn -0.9661 -0.1726 0.1922
vn -0.9100 -0.1726 0.3769
vn -0.8190 -0.1726 0.5472
vn -0.6965 -0.1726 0.6965
vn -0.5472 -0.1726 0.8190
vn -0.3769 -0.1726 0.9100
vn -0.1922 -0.1726 0.9661
vn -0.0000 -0.1726 0.9850
vn 0.1922 -0.1726 0.9661
vn 0.3769 -0.1726 0.9100
vn 0.5472 -0.1726 0.8190
vn 0.6965 -0.1726 0.6965
vn 0.8190 -0.1726 0.5472
vn 0.9100 -0.1726 0.3769
vn 0.9661 -0.1726 0.1922
vn 0.1048 -0.9945 -0.0000
vn 0.1028 -0.9945 -0.0204
vn 0.2462 -0.9680 -0.0490
vn 0.2510 -0.9680 -0.0000
vn 0.0968 -0.9945 -0.0401
vn 0.2319 -0.9680 -0.0961
vn 0.0872 -0.9945 -0.0582
vn 0.2087 -0.9680 -0.1395
vn 0.0741 -0.9945 -0.0741
vn 0.1775 -0.9680 -0.1775
vn 0.0582 -0.9945 -0.0872
vn 0.1395 -0.9680 -0.2087
vn 0.0401 -0.9945 -0.0968
vn 0.0961 -0.9680 -0.2319
vn 0.0204 -0.9945 -0.1028
vn 0.0490 -0.9680 -0.2462
vn -0.0000 -0.9945 -0.1048
vn -0.0000 -0.9680 -0.2510
vn -0.0204 -0.9945 -0.1028
vn -0.0490 -0.9680 -0.2462
vn -0.0401 -0.9945 -0.0968
vn -0.0961 -0.9680 -0.2319
vn -0.0582 -0.9945 -0.0872
vn -0.1395 -0.9680 -0.2087
vn -0.0741 -0.9945 -0.0741
vn -0.1775 -0.9680 -0.1775
vn -0.0872 -0.9945 -0.0582
vn -0.2087 -0.9680 -0.1395
vn -0.0968 -0.9945 -0.0401
vn -0.2319 -0.9680 -0.0961
vn -0.1028 -0.9945 -0.0204
vn -0.2462 -0.9680 -0.0490
vn -0.1048 -0.9945 -0.0000
vn -0.2510 -0.9680 -0.0000
vn -0.1028 -0.9945 0.0204
vn -0.2462 -0.9680 0.0490
vn -0.0968 -0.9945 0.0401
vn -0.2319 -0.9680 0.0961
vn -0.0872 -0.9945 0.0582
vn -0.2087 -0.9680 0.1395
vn -0.0741 -0.9945 0.0741
vn -0.1775 -0.9680 0.1775
vn -0.0582 -0.9945 0.0871
vn -0.1395 -0.9680 0.2087
vn -0.0401 -0.9945 0.0968
vn -0.0961 -0.9680 0.2319
vn -0.0204 -0.9945 0.1028
vn -0.0490 -0.9680 0.2462
vn -0.0000 -0.9945 0.1048
vn -0.0000 -0.9680 0.2510
vn 0.0204 -0.9945 0.1028
vn 0.0490 -0.9680 0.2462
vn 0.0401 -0.9945 0.0968
vn 0.0961 -0.9680 0.2319
vn 0.0582 -0.9945 0.0871
vn 0.1395 -0.9680 0.2087
vn 0.0741 -0.9945 0.0741
vn 0.1775 -0.9680 0.1775
vn 0.0872 -0.9945 0.0582
vn 0.2087 -0.9680 0.1395
vn 0.0968 -0.9945 0.0401
vn 0.2319 -0.9680 0.0961
vn 0.1028 -0.9945 0.0204
vn 0.2462 -0.9680 0.0490
vn 0.4920 -0.8651 -0.0979
vn 0.5017 -0.8651 -0.0000
vn 0.4635 -0.8651 -0.1920
vn 0.4171 -0.8651 -0.2787
vn 0.3547 -0.8651 -0.3547
vn 0.2787 -0.8651 -0.4171
vn 0.1920 -0.8651 -0.4635
vn 0.0979 -0.8651 -0.4920
vn -0.0000 -0.8651 -0.5017
vn -0.0979 -0.8651 -0.4920
vn -0.1920 -0.8651 -0.4635
vn -0.2787 -0.8651 -0.4171
vn -0.3547 -0.8651 -0.3547
vn -0.4171 -0.8651 -0.2787
vn -0.4635 -0.8651 -0.1920
vn -0.4920 -0.8651 -0.0979
vn -0.5017 -0.8651 -0.0000
vn -0.4920 -0.8651 0.0979
vn -0.4635 -0.8651 0.1920
vn -0.4171 -0.8651 0.2787
vn -0.3547 -0.8651 0.3547
vn -0.2787 -0.8651 0.4171
vn -0.1920 -0.8651 0.4635
vn -0.0979 -0.8651 0.4920
vn -0.0000 -0.8651 0.5017
vn 0.0979 -0.8651 0.4920
vn 0.1920 -0.8651 0.4635
vn 0.2787 -0.8651 0.4171
vn 0.3547 -0.8651 0.3547
vn 0.4171 -0.8651 0.2787
vn 0.4635 -0.8651 0.1920
vn 0.4920 -0.8651 0.0979
vn 0.6887 -0.7120 -0.1370
vn 0.7022 -0.7120 -0.0000
vn 0.6487 -0.7120 -0.2687
vn 0.5838 -0.7120 -0.3901
vn 0.4965 -0.7120 -0.4965
vn 0.3901 -0.7120 -0.5838
vn 0.2687 -0.7120 -0.6487
vn 0.1370 -0.7120 -0.6887
vn -0.0000 -0.7120 -0.7022
vn -0.1370 -0.7120 -0.6887
vn -0.2687 -0.7120 -0.6487
vn -0.3901 -0.7120 -0.5838
vn -0.4965 -0.7120 -0.4965
vn -0.5838 -0.7120 -0.3901
vn -0.6487 -0.7120 -0.2687
vn -0.6887 -0.7120 -0.1370
vn -0.7022 -0.7120 -0.0000
vn -0.6887 -0.7120 0.1370
vn -0.6487 -0.7120 0.2687
vn -0.5838 -0.7120 0.3901
vn -0.4965 -0.7120 0.4965
vn -0.3901 -0.7120 0.5838
vn -0.2687 -0.7120 0.6487
vn -0.1370 -0.7120 0.6887
vn -0.0000 -0.7120 0.7022
vn 0.1370 -0.7120 0.6887
vn 0.2687 -0.7120 0.6487
vn 0.3901 -0.7120 0.5838
vn 0.4965 -0.7120 0.4965
vn 0.5838 -0.7120 0.3901
vn 0.6487 -0.7120 0.2687
vn 0.6887 -0.7120 0.1370
vn 0.8319 -0.5297 -0.1655
vn 0.8482 -0.5297 -0.0000
vn 0.7836 -0.5298 -0.3246
vn 0.7052 -0.5297 -0.4712
vn 0.5997 -0.5297 -0.5997
vn 0.4712 -0.5297 -0.7052
vn 0.3246 -0.5298 -0.7836
vn 0.1655 -0.5297 -0.8319
vn -0.0000 -0.5297 -0.8482
vn -0.1655 -0.5298 -0.8319
vn -0.3246 -0.5297 -0.7836
vn -0.4712 -0.5297 -0.7052
vn -0.5997 -0.5297 -0.5997
vn -0.7052 -0.5297 -0.4712
vn -0.7836 -0.5297 -0.3246
vn -0.8319 -0.5297 -0.1655
vn -0.8482 -0.5297 -0.0000
vn -0.8319 -0.5298 0.1655
vn -0.7836 -0.5297 0.3246
vn -0.7052 -0.5297 0.4712
vn -0.5997 -0.5297 0.5997
vn -0.4712 -0.5297 0.7052
vn -0.3246 -0.5298 0.7836
vn -0.1655 -0.5297 0.8319
vn -0.0000 -0.5297 0.8482
vn 0.1655 -0.5298 0.8319
vn 0.3246 -0.5297 0.7836
vn 0.4712 -0.5297 0.7052
vn 0.5997 -0.5297 0.5997
vn 0.7052 -0.5297 0.4712
vn 0.7836 -0.5297 0.3246
vn 0.8319 -0.5297 0.1655
vn 0.9268 -0.3271 -0.1844
vn 0.9450 -0.3271 -0.0000
vn 0.8731 -0.3271 -0.3616
vn 0.7857 -0.3271 -0.5250
vn 0.6682 -0.3271 -0.6682
vn 0.5250 -0.3271 -0.7857
vn 0.3616 -0.3271 -0.8731
vn 0.1844 -0.3271 -0.9268
vn -0.0000 -0.3271 -0.9450
vn -0.1844 -0.3271 -0.9268
vn -0.3616 -0.3271 -0.8731
vn -0.5250 -0.3271 -0.7857
vn -0.6682 -0.3271 -0.6682
vn -0.7857 -0.3271 -0.5250
vn -0.8731 -0.3271 -0.3616
vn -0.9268 -0.3271 -0.1844
vn -0.9450 -0.3271 -0.0000
vn -0.9268 -0.3271 0.1844
vn -0.8731 -0.3271 0.3616
vn -0.7857 -0.3271 0.5250
vn -0.6682 -0.3271 0.6682
vn -0.5250 -0.3271 0.7857
vn -0.3616 -0.3271 0.8731
vn -0.1844 -0.3271 0.9268
vn -0.0000 -0.3271 0.9450
vn 0.1844 -0.3271 0.9268
vn 0.3616 -0.3271 0.8731
vn 0.5250 -0.3271 0.7857
vn 0.6682 -0.3271 0.6682
vn 0.7857 -0.3271 0.5250
vn 0.8731 -0.3271 0.3616
vn 0.9268 -0.3271 0.1844
vn 0.9757 -0.1022 -0.1941
vn 0.9948 -0.1022 -0.0000
vn 0.9190 -0.1022 -0.3807
vn 0.8271 -0.1022 -0.5527
vn 0.7034 -0.1022 -0.7034
vn 0.5527 -0.1022 -0.8271
vn 0.3807 -0.1022 -0.9190
vn 0.1941 -0.1022 -0.9757
vn -0.0000 -0.1022 -0.9948
vn -0.1941 -0.1022 -0.9757
vn -0.3807 -0.1022 -0.9190
vn -0.5527 -0.1022 -0.8271
vn -0.7034 -0.1022 -0.7034
vn -0.8271 -0.1022 -0.5527
vn -0.9190 -0.1022 -0.3807
vn -0.9757 -0.1022 -0.1941
vn -0.9948 -0.1022 -0.0000
vn -0.9757 -0.1022 0.1941
vn -0.9190 -0.1022 0.3807
vn -0.8271 -0.1022 0.5527
vn -0.7034 -0.1022 0.7034
vn -0.5527 -0.1022 0.8271
vn -0.3807 -0.1022 0.9190
vn -0.1941 -0.1022 0.9757
vn -0.0000 -0.1022 0.9948
vn 0.1941 -0.1022 0.9757
vn 0.3807 -0.1022 0.9190
vn 0.5527 -0.1022 0.8271
vn 0.7034 -0.1022 0.7034
vn 0.8271 -0.1022 0.5527
vn 0.9190 -0.1022 0.3807
vn 0.9757 -0.1022 0.1941
vn 0.9698 0.1490 -0.1929
vn 0.9888 0.1490 -0.0000
vn 0.9136 0.1490 -0.3784
vn 0.8222 0.1490 -0.5494
vn 0.6992 0.1490 -0.6992
vn 0.5494 0.1490 -0.8222
vn 0.3784 0.1490 -0.9136
vn 0.1929 0.1490 -0.9698
vn -0.0000 0.1490 -0.9888
vn -0.1929 0.1490 -0.9698
vn -0.3784 0.1490 -0.9136
vn -0.5494 0.1490 -0.8222
vn -0.6992 0.1490 -0.6992
vn -0.8222 0.1490 -0.5494
vn -0.9136 0.1490 -0.3784
vn -0.9698 0.1490 -0.1929
vn -0.9888 0.1490 -0.0000
vn -0.9698 0.1490 0.1929
vn -0.9136 0.1490 0.3784
vn -0.8222 0.1490 0.5494
vn -0.6992 0.1490 0.6992
vn -0.5494 0.1490 0.8222
vn -0.3784 0.1490 0.9136
vn -0.1929 0.1490 0.9698
vn -0.0000 0.1490 0.9888
vn 0.1929 0.1490 0.9698
vn 0.3784 0.1490 0.9136
vn 0.5494 0.1490 0.8222
vn 0.6992 0.1490 0.6992
vn 0.8222 0.1490 0.5494
vn 0.9136 0.1490 0.3784
vn 0.9698 0.1490 0.1929
vn 0.8906 0.4190 -0.1771
vn 0.9080 0.4190 -0.0000
vn 0.8389 0.4190 -0.3475
vn 0.7550 0.4190 -0.5045
vn 0.6421 0.4190 -0.6421
vn 0.5045 0.4190 -0.7550
vn 0.3475 0.4190 -0.8389
vn 0.1771 0.4190 -0.8906
vn -0.0000 0.4190 -0.9080
vn -0.1771 0.4190 -0.8906
vn -0.3475 0.4190 -0.8389
vn -0.5045 0.4190 -0.7550
vn -0.6421 0.4190 -0.6421
vn -0.7550 0.4190 -0.5045
vn -0.8389 0.4190 -0.3475
vn -0.8906 0.4190 -0.1771
vn -0.9080 0.4190 -0.0000
vn -0.8906 0.4190 0.1771
vn -0.8389 0.4190 0.3475
vn -0.7550 0.4190 0.5045
vn -0.6421 0.4190 0.6421
vn -0.5045 0.4190 0.7550
vn -0.3475 0.4190 0.8389
vn -0.1771 0.4190 0.8906
vn -0.0000 0.4190 0.9080
vn 0.1771 0.4190 0.8906
vn 0.3475 0.4190 0.8389
vn 0.5045 0.4190 0.7550
vn 0.6421 0.4190 0.6421
vn 0.7550 0.4190 0.5045
vn 0.8389 0.4190 0.3475
vn 0.8906 0.4190 0.1771
vn 0.7236 0.6750 -0.1439
vn 0.7378 0.6750 -0.0000
vn 0.6817 0.6750 -0.2824
vn 0.6135 0.6750 -0.4099
vn 0.5217 0.6750 -0.5217
vn 0.4099 0.6750 -0.6135
vn 0.2824 0.6750 -0.6817
vn 0.1439 0.6750 -0.7236
vn -0.0000 0.6750 -0.7378
vn -0.1439 0.6750 -0.7236
vn -0.2824 0.6750 -0.6817
vn -0.4099 0.6750 -0.6135
vn -0.5217 0.6750 -0.5217
vn -0.6135 0.6750 -0.4099
vn -0.6817 0.6750 -0.2824
vn -0.7236 0.6750 -0.1439
vn -0.7378 0.6750 -0.0000
vn -0.7236 0.6750 0.1439
vn -0.6817 0.6750 0.2824
vn -0.6135 0.6750 0.4099
vn -0.5217 0.6750 0.5217
vn -0.4099 0.6750 0.6135
vn -0.2824 0.6750 0.6817
vn -0.1439 0.6750 0.7236
vn -0.0000 0.6750 0.7378
vn 0.1439 0.6750 0.7236
vn 0.2824 0.6750 0.6817
vn 0.4099 0.6750 0.6135
vn 0.5217 0.6750 0.5217
vn 0.6135 0.6750 0.4099
vn 0.6817 0.6750 0.2824
vn 0.7236 0.6750 0.1439
vn 0.4871 0.8680 -0.0969
vn 0.4966 0.8680 -0.0000
vn 0.4588 0.8680 -0.1900
vn 0.4129 0.8680 -0.2759
vn 0.3511 0.8680 -0.3511
vn 0.2759 0.8680 -0.4129
vn 0.1900 0.8680 -0.4588
vn 0.0969 0.8680 -0.4871
vn -0.0000 0.8680 -0.4966
vn -0.0969 0.8680 -0.4871
vn -0.1900 0.8680 -0.4588
vn -0.2759 0.8680 -0.4129
vn -0.3511 0.8680 -0.3511
vn -0.4129 0.8680 -0.2759
vn -0.4588 0.8680 -0.1900
vn -0.4871 0.8680 -0.0969
vn -0.4966 0.8680 -0.0000
vn -0.4871 0.8680 0.0969
vn -0.4588 0.8680 0.1900
vn -0.4129 0.8680 0.2759
vn -0.3511 0.8680 0.3511
vn -0.2759 0.8680 0.4129
vn -0.1900 0.8680 0.4588
vn -0.0969 0.8680 0.4871
vn -0.0000 0.8680 0.4966
vn 0.0969 0.8680 0.4871
vn 0.1900 0.8680 0.4588
vn 0.2759 0.8680 0.4129
vn 0.3511 0.8680 0.3511
vn 0.4129 0.8680 0.2759
vn 0.4588 0.8680 0.1900
vn 0.4871 0.8680 0.0969
vn 0.2326 0.9715 -0.0463
vn 0.2372 0.9715 -0.0000
vn 0.2191 0.9715 -0.0908
vn 0.1972 0.9715 -0.1318
vn 0.1677 0.9715 -0.1677
vn 0.1318 0.9715 -0.1972
vn 0.0908 0.9715 -0.2191
vn 0.0463 0.9715 -0.2326
vn -0.0000 0.9715 -0.2372
vn -0.0463 0.9715 -0.2326
vn -0.0908 0.9715 -0.2191
vn -0.1318 0.9715 -0.1972
vn -0.1677 0.9715 -0.1677
vn -0.1972 0.9715 -0.1318
vn -0.2191 0.9715 -0.0908
vn -0.2326 0.9715 -0.0463
vn -0.2372 0.9715 -0.0000
vn -0.2326 0.9715 0.0463
vn -0.2191 0.9715 0.0908
vn -0.1972 0.9715 0.1318
vn -0.1677 0.9715 0.1677
vn -0.1318 0.9715 0.1972
vn -0.0908 0.9715 0.2191
vn -0.0463 0.9715 0.2326
vn -0.0000 0.9715 0.2372
vn 0.0463 0.9715 0.2326
vn 0.0908 0.9715 0.2191
vn 0.1318 0.9715 0.1972
vn 0.1677 0.9715 0.1677
vn 0.1972 0.9715 0.1318
vn 0.2191 0.9715 0.0908
vn 0.2326 0.9715 0.0463
vn 0.1012 0.9947 -0.0201
vn 0.1032 0.9947 -0.0000
vn 0.0954 0.9947 -0.0395
vn 0.0858 0.9947 -0.0573
vn 0.0730 0.9947 -0.0730
vn 0.0573 0.9947 -0.0858
vn 0.0395 0.9947 -0.0954
vn 0.0201 0.9947 -0.1012
vn -0.0000 0.9947 -0.1032
vn -0.0201 0.9947 -0.1012
vn -0.0395 0.9947 -0.0954
vn -0.0573 0.9947 -0.0858
vn -0.0730 0.9947 -0.0730
vn -0.0858 0.9947 -0.0574
vn -0.0954 0.9947 -0.0395
vn -0.1012 0.9947 -0.0201
vn -0.1032 0.9947 -0.0000
vn -0.1012 0.9947 0.0201
vn -0.0954 0.9947 0.0395
vn -0.0858 0.9947 0.0574
vn -0.0730 0.9947 0.0730
vn -0.0573 0.9947 0.0858
vn -0.0395 0.9947 0.0954
vn -0.0201 0.9947 0.1012
vn -0.0000 0.9947 0.1032
vn 0.0201 0.9947 0.1012
vn 0.0395 0.9947 0.0954
vn 0.0573 0.9947 0.0858
vn 0.0730 0.9947 0.0730
vn 0.0858 0.9947 0.0574
vn 0.0954 0.9947 0.0395
vn 0.1012 0.9947 0.0201
vn 0.8895 0.4569 -0.0000
vn 0.8724 0.4569 -0.1735
vn 0.9279 0.3238 -0.1846
vn 0.9461 0.3238 -0.0000
vn 0.8218 0.4569 -0.3404
vn 0.8741 0.3238 -0.3621
vn 0.7396 0.4569 -0.4942
vn 0.7867 0.3238 -0.5256
vn 0.6290 0.4569 -0.6290
vn 0.6690 0.3238 -0.6690
vn 0.4942 0.4569 -0.7396
vn 0.5256 0.3238 -0.7867
vn 0.3404 0.4569 -0.8218
vn 0.3621 0.3238 -0.8741
vn 0.1735 0.4569 -0.8724
vn 0.1846 0.3238 -0.9279
vn -0.0000 0.4569 -0.8895
vn -0.0000 0.3238 -0.9461
vn -0.1735 0.4569 -0.8724
vn -0.1846 0.3238 -0.9279
vn -0.3404 0.4569 -0.8218
vn -0.3621 0.3238 -0.8741
vn -0.4942 0.4569 -0.7396
vn -0.5256 0.3238 -0.7867
vn -0.6290 0.4569 -0.6290
vn -0.6690 0.3238 -0.6690
vn -0.7396 0.4569 -0.4942
vn -0.7867 0.3238 -0.5256
vn -0.8218 0.4569 -0.3404
vn -0.8741 0.3238 -0.3621
vn -0.8724 0.4569 -0.1735
vn -0.9279 0.3238 -0.1846
vn -0.8895 0.4569 -0.0000
vn -0.9461 0.3238 -0.0000
vn -0.8724 0.4569 0.1735
vn -0.9279 0.3238 0.1846
vn -0.8218 0.4569 0.3404
vn -0.8741 0.3238 0.3621
vn -0.7396 0.4569 0.4942
vn -0.7867 0.3238 0.5256
vn -0.6290 0.4569 0.6290
vn -0.6690 0.3238 0.6690
vn -0.4942 0.4569 0.7396
vn -0.5256 0.3238 0.7867
vn -0.3404 0.4569 0.8218
vn -0.3621 0.3238 0.8741
vn -0.1735 0.4569 0.8724
vn -0.1846 0.3238 0.9279
vn -0.0000 0.4569 0.8895
vn -0.0000 0.3238 0.9461
vn 0.1735 0.4569 0.8724
vn 0.1846 0.3238 0.9279
vn 0.3404 0.4569 0.8218
vn 0.3621 0.3238 0.8741
vn 0.4942 0.4569 0.7396
vn 0.5256 0.3238 0.7867
vn 0.6290 0.4569 0.6290
vn 0.6690 0.3238 0.6690
vn 0.7396 0.4569 0.4942
vn 0.7867 0.3238 0.5256
vn 0.8218 0.4569 0.3404
vn 0.8741 0.3238 0.3621
vn 0.8724 0.4569 0.1735
vn 0.9279 0.3238 0.1846
vn 0.9702 0.1466 -0.1930
vn 0.9892 0.1466 -0.0000
vn 0.9139 0.1466 -0.3785
vn 0.8225 0.1466 -0.5496
vn 0.6995 0.1466 -0.6995
vn 0.5496 0.1466 -0.8225
vn 0.3785 0.1466 -0.9139
vn 0.1930 0.1466 -0.9702
vn -0.0000 0.1466 -0.9892
vn -0.1930 0.1466 -0.9702
vn -0.3785 0.1466 -0.9139
vn -0.5496 0.1466 -0.8225
vn -0.6995 0.1466 -0.6995
vn -0.8225 0.1466 -0.5496
vn -0.9139 0.1466 -0.3785
vn -0.9702 0.1466 -0.1930
vn -0.9892 0.1466 -0.0000
vn -0.9702 0.1466 0.1930
vn -0.9139 0.1466 0.3785
vn -0.8225 0.1466 0.5496
vn -0.6995 0.1466 0.6995
vn -0.5496 0.1466 0.8225
vn -0.3785 0.1466 0.9139
vn -0.1930 0.1466 0.9702
vn -0.0000 0.1466 0.9892
vn 0.1930 0.1466 0.9702
vn 0.3785 0.1466 0.9139
vn 0.5496 0.1466 0.8225
vn 0.6995 0.1466 0.6995
vn 0.8225 0.1466 0.5496
vn 0.9139 0.1466 0.3785
vn 0.9702 0.1466 0.1930
vn 0.9758 0.1005 -0.1941
vn 0.9949 0.1005 -0.0000
vn 0.9192 0.1005 -0.3807
vn 0.8273 0.1005 -0.5528
vn 0.7035 0.1005 -0.7035
vn 0.5528 0.1005 -0.8273
vn 0.3807 0.1005 -0.9192
vn 0.1941 0.1005 -0.9758
vn -0.0000 0.1005 -0.9949
vn -0.1941 0.1005 -0.9758
vn -0.3807 0.1005 -0.9192
vn -0.5528 0.1005 -0.8273
vn -0.7035 0.1005 -0.7035
vn -0.8273 0.1005 -0.5528
vn -0.9192 0.1005 -0.3807
vn -0.9758 0.1005 -0.1941
vn -0.9949 0.1005 -0.0000
vn -0.9758 0.1005 0.1941
vn -0.9192 0.1005 0.3807
vn -0.8273 0.1005 0.5528
vn -0.7035 0.1005 0.7035
vn -0.5528 0.1005 0.8273
vn -0.3807 0.1005 0.9192
vn -0.1941 0.1005 0.9758
vn -0.0000 0.1005 0.9949
vn 0.1941 0.1005 0.9758
vn 0.3807 0.1005 0.9192
vn 0.5528 0.1005 0.8273
vn 0.7035 0.1005 0.7035
vn 0.8273 0.1005 0.5528
vn 0.9192 0.1005 0.3807
vn 0.9758 0.1005 0.1941
vn 0.9777 0.0787 -0.1945
vn 0.9969 0.0787 -0.0000
vn 0.9210 0.0787 -0.3815
vn 0.8289 0.0787 -0.5538
vn 0.7049 0.0787 -0.7049
vn 0.5538 0.0787 -0.8289
vn 0.3815 0.0787 -0.9210
vn 0.1945 0.0787 -0.9777
vn -0.0000 0.0787 -0.9969
vn -0.1945 0.0787 -0.9777
vn -0.3815 0.0787 -0.9210
vn -0.5538 0.0787 -0.8289
vn -0.7049 0.0787 -0.7049
vn -0.8289 0.0787 -0.5538
vn -0.9210 0.0787 -0.3815
vn -0.9777 0.0787 -0.1945
vn -0.9969 0.0787 -0.0000
vn -0.9777 0.0787 0.1945
vn -0.9210 0.0787 0.3815
vn -0.8289 0.0787 0.5538
vn -0.7049 0.0787 0.7049
vn -0.5538 0.0787 0.8289
vn -0.3815 0.0787 0.9210
vn -0.1945 0.0787 0.9777
vn -0.0000 0.0787 0.9969
vn 0.1945 0.0787 0.9777
vn 0.3815 0.0787 0.9210
vn 0.5538 0.0787 0.8289
vn 0.7049 0.0787 0.7049
vn 0.8289 0.0787 0.5538
vn 0.9210 0.0787 0.3815
vn 0.9777 0.0787 0.1945
vn 0.9787 0.0657 -0.1947
vn 0.9978 0.0657 -0.0000
vn 0.9219 0.0657 -0.3819
vn 0.8297 0.0657 -0.5544
vn 0.7056 0.0657 -0.7056
vn 0.5544 0.0657 -0.8297
vn 0.3819 0.0657 -0.9219
vn 0.1947 0.0657 -0.9787
vn -0.0000 0.0657 -0.9978
vn -0.1947 0.0657 -0.9787
vn -0.3819 0.0657 -0.9219
vn -0.5544 0.0657 -0.8297
vn -0.7056 0.0657 -0.7056
vn -0.8297 0.0657 -0.5544
vn -0.9219 0.0657 -0.3819
vn -0.9787 0.0657 -0.1947
vn -0.9978 0.0657 -0.0000
vn -0.9787 0.0657 0.1947
vn -0.9219 0.0657 0.3819
vn -0.8297 0.0657 0.5544
vn -0.7056 0.0657 0.7056
vn -0.5544 0.0657 0.8297
vn -0.3819 0.0657 0.9219
vn -0.1947 0.0657 0.9787
vn -0.0000 0.0657 0.9978
vn 0.1947 0.0657 0.9787
vn 0.3819 0.0657 0.9219
vn 0.5544 0.0657 0.8297
vn 0.7056 0.0657 0.7056
vn 0.8297 0.0657 0.5544
vn 0.9219 0.0657 0.3819
vn 0.9787 0.0657 0.1947
vn 0.9792 0.0570 -0.1948
vn 0.9984 0.0570 -0.0000
vn 0.9224 0.0570 -0.3821
vn 0.8301 0.0570 -0.5547
vn 0.7060 0.0570 -0.7060
vn 0.5547 0.0570 -0.8301
vn 0.3821 0.0570 -0.9224
vn 0.1948 0.0570 -0.9792
vn -0.0000 0.0570 -0.9984
vn -0.1948 0.0570 -0.9792
vn -0.3821 0.0570 -0.9224
vn -0.5547 0.0570 -0.8301
vn -0.7060 0.0570 -0.7060
vn -0.8301 0.0570 -0.5547
vn -0.9224 0.0570 -0.3821
vn -0.9792 0.0570 -0.1948
vn -0.9984 0.0570 -0.0000
vn -0.9792 0.0570 0.1948
vn -0.9224 0.0570 0.3821
vn -0.8301 0.0570 0.5547
vn -0.7060 0.0570 0.7060
vn -0.5547 0.0570 0.8301
vn -0.3821 0.0570 0.9224
vn -0.1948 0.0570 0.9792
vn -0.0000 0.0570 0.9984
vn 0.1948 0.0570 0.9792
vn 0.3821 0.0570 0.9224
vn 0.5547 0.0570 0.8301
vn 0.7060 0.0570 0.7060
vn 0.8301 0.0570 0.5547
vn 0.9224 0.0570 0.3821
vn 0.9792 0.0570 0.1948
vn 0.9795 0.0505 -0.1948
vn 0.9987 0.0505 -0.0000
vn 0.9227 0.0505 -0.3822
vn 0.8304 0.0505 -0.5549
vn 0.7062 0.0505 -0.7062
vn 0.5549 0.0505 -0.8304
vn 0.3822 0.0505 -0.9227
vn 0.1948 0.0505 -0.9795
vn -0.0000 0.0505 -0.9987
vn -0.1948 0.0505 -0.9795
vn -0.3822 0.0505 -0.9227
vn -0.5549 0.0505 -0.8304
vn -0.7062 0.0505 -0.7062
vn -0.8304 0.0505 -0.5549
vn -0.9227 0.0505 -0.3822
vn -0.9795 0.0505 -0.1948
vn -0.9987 0.0505 -0.0000
vn -0.9795 0.0505 0.1948
vn -0.9227 0.0505 0.3822
vn -0.8304 0.0505 0.5549
vn -0.7062 0.0505 0.7062
vn -0.5549 0.0505 0.8304
vn -0.3822 0.0505 0.9227
vn -0.1948 0.0505 0.9795
vn -0.0000 0.0505 0.9987
vn 0.1948 0.0505 0.9795
vn 0.3822 0.0505 0.9227
vn 0.5549 0.0505 0.8304
vn 0.7062 0.0505 0.7062
vn 0.8304 0.0505 0.5549
vn 0.9227 0.0505 0.3822
vn 0.9795 0.0505 0.1948
vn 0.9798 0.0452 -0.1949
vn 0.9990 0.0452 -0.0000
vn 0.9229 0.0452 -0.3823
vn 0.8306 0.0452 -0.5550
vn 0.7064 0.0452 -0.7064
vn 0.5550 0.0452 -0.8306
vn 0.3823 0.0452 -0.9229
vn 0.1949 0.0452 -0.9798
vn -0.0000 0.0452 -0.9990
vn -0.1949 0.0452 -0.9798
vn -0.3823 0.0452 -0.9229
vn -0.5550 0.0452 -0.8306
vn -0.7064 0.0452 -0.7064
vn -0.8306 0.0452 -0.5550
vn -0.9229 0.0452 -0.3823
vn -0.9798 0.0452 -0.1949
vn -0.9990 0.0452 -0.0000
vn -0.9798 0.0452 0.1949
vn -0.9229 0.0452 0.3823
vn -0.8306 0.0452 0.5550
vn -0.7064 0.0452 0.7064
vn -0.5550 0.0452 0.8306
vn -0.3823 0.0452 0.9229
vn -0.1949 0.0452 0.9798
vn -0.0000 0.0452 0.9990
vn 0.1949 0.0452 0.9798
vn 0.3823 0.0452 0.9229
vn 0.5550 0.0452 0.8306
vn 0.7064 0.0452 0.7064
vn 0.8306 0.0452 0.5550
vn 0.9229 0.0452 0.3823
vn 0.9798 0.0452 0.1949
vn 0.9800 0.0404 -0.1949
vn 0.9992 0.0404 -0.0000
vn 0.9231 0.0404 -0.3824
vn 0.8308 0.0404 -0.5551
vn 0.7065 0.0404 -0.7065
vn 0.5551 0.0404 -0.8308
vn 0.3824 0.0404 -0.9231
vn 0.1949 0.0404 -0.9800
vn -0.0000 0.0404 -0.9992
vn -0.1949 0.0404 -0.9800
vn -0.3824 0.0404 -0.9231
vn -0.5551 0.0404 -0.8308
vn -0.7065 0.0404 -0.7065
vn -0.8308 0.0404 -0.5551
vn -0.9231 0.0404 -0.3824
vn -0.9800 0.0404 -0.1949
vn -0.9992 0.0404 -0.0000
vn -0.9800 0.0404 0.1949
vn -0.9231 0.0404 0.3824
vn -0.8308 0.0404 0.5551
vn -0.7065 0.0404 0.7065
vn -0.5551 0.0404 0.8308
vn -0.3824 0.0404 0.9231
vn -0.1949 0.0404 0.9800
vn -0.0000 0.0404 0.9992
vn 0.1949 0.0404 0.9800
vn 0.3824 0.0404 0.9231
vn 0.5551 0.0404 0.8308
vn 0.7065 0.0404 0.7065
vn 0.8308 0.0404 0.5551
vn 0.9231 0.0404 0.3824
vn 0.9800 0.0404 0.1949
vn 0.9802 0.0349 -0.1950
vn 0.9994 0.0349 -0.0000
vn 0.9233 0.0349 -0.3824
vn 0.8310 0.0349 -0.5552
vn 0.7067 0.0349 -0.7067
vn 0.5552 0.0349 -0.8310
vn 0.3825 0.0349 -0.9233
vn 0.1950 0.0349 -0.9802
vn -0.0000 0.0349 -0.9994
vn -0.1950 0.0349 -0.9802
vn -0.3825 0.0349 -0.9233
vn -0.5552 0.0349 -0.8310
vn -0.7067 0.0349 -0.7067
vn -0.8310 0.0349 -0.5552
vn -0.9233 0.0349 -0.3825
vn -0.9802 0.0349 -0.1950
vn -0.9994 0.0349 -0.0000
vn -0.9802 0.0349 0.1950
vn -0.9233 0.0349 0.3824
vn -0.8310 0.0349 0.5552
vn -0.7067 0.0349 0.7067
vn -0.5552 0.0349 0.8310
vn -0.3825 0.0349 0.9233
vn -0.1950 0.0349 0.9802
vn -0.0000 0.0349 0.9994
vn 0.1950 0.0349 0.9802
vn 0.3825 0.0349 0.9233
vn 0.5552 0.0349 0.8310
vn 0.7067 0.0349 0.7067
vn 0.8310 0.0349 0.5552
vn 0.9233 0.0349 0.3825
vn 0.9802 0.0349 0.1950
vn 0.9805 0.0247 -0.1950
vn 0.9997 0.0247 -0.0000
vn 0.9236 0.0247 -0.3826
vn 0.8312 0.0247 -0.5554
vn 0.7069 0.0247 -0.7069
vn 0.5554 0.0247 -0.8312
vn 0.3826 0.0247 -0.9236
vn 0.1950 0.0247 -0.9805
vn -0.0000 0.0247 -0.9997
vn -0.1950 0.0247 -0.9805
vn -0.3826 0.0247 -0.9236
vn -0.5554 0.0247 -0.8312
vn -0.7069 0.0247 -0.7069
vn -0.8312 0.0247 -0.5554
vn -0.9236 0.0247 -0.3826
vn -0.9805 0.0247 -0.1950
vn -0.9997 0.0247 -0.0000
vn -0.9805 0.0247 0.1950
vn -0.9236 0.0247 0.3826
vn -0.8312 0.0247 0.5554
vn -0.7069 0.0247 0.7069
vn -0.5554 0.0247 0.8312
vn -0.3826 0.0247 0.9236
vn -0.1950 0.0247 0.9805
vn -0.0000 0.0247 0.9997
vn 0.1950 0.0247 0.9805
vn 0.3826 0.0247 0.9236
vn 0.5554 0.0247 0.8312
vn 0.7069 0.0247 0.7069
vn 0.8312 0.0247 0.5554
vn 0.9236 0.0247 0.3826
vn 0.9805 0.0247 0.1950
vn 0.9799 -0.0427 -0.1949
vn 0.9991 -0.0427 -0.0000
vn 0.9230 -0.0427 -0.3823
vn 0.8307 -0.0427 -0.5551
vn 0.7065 -0.0427 -0.7065
vn 0.5551 -0.0427 -0.8307
vn 0.3823 -0.0427 -0.9230
vn 0.1949 -0.0427 -0.9799
vn -0.0000 -0.0427 -0.9991
vn -0.1949 -0.0427 -0.9799
vn -0.3823 -0.0427 -0.9230
vn -0.5551 -0.0427 -0.8307
vn -0.7065 -0.0427 -0.7065
vn -0.8307 -0.0427 -0.5551
vn -0.9230 -0.0427 -0.3823
vn -0.9799 -0.0427 -0.1949
vn -0.9991 -0.0427 -0.0000
vn -0.9799 -0.0427 0.1949
vn -0.9230 -0.0427 0.3823
vn -0.8307 -0.0427 0.5551
vn -0.7065 -0.0427 0.7065
vn -0.5551 -0.0427 0.8307
vn -0.3823 -0.0427 0.9230
vn -0.1949 -0.0427 0.9799
vn -0.0000 -0.0427 0.9991
vn 0.1949 -0.0427 0.9799
vn 0.3823 -0.0427 0.9230
vn 0.5551 -0.0427 0.8307
vn 0.7065 -0.0427 0.7065
vn 0.8307 -0.0427 0.5551
vn 0.9230 -0.0427 0.3823
vn 0.9799 -0.0427 0.1949
vn 0.9594 -0.2078 -0.1908
vn 0.9782 -0.2078 -0.0000
vn 0.9037 -0.2078 -0.3743
vn 0.8133 -0.2078 -0.5434
vn 0.6917 -0.2078 -0.6917
vn 0.5434 -0.2077 -0.8133
vn 0.3743 -0.2077 -0.9037
vn 0.1908 -0.2078 -0.9594
vn -0.0000 -0.2078 -0.9782
vn -0.1908 -0.2077 -0.9594
vn -0.3743 -0.2077 -0.9037
vn -0.5434 -0.2077 -0.8133
vn -0.6917 -0.2078 -0.6917
vn -0.8133 -0.2078 -0.5434
vn -0.9037 -0.2078 -0.3743
vn -0.9594 -0.2078 -0.1908
vn -0.9782 -0.2078 -0.0000
vn -0.9594 -0.2077 0.1908
vn -0.9037 -0.2077 0.3743
vn -0.8133 -0.2078 0.5434
vn -0.6917 -0.2078 0.6917
vn -0.5435 -0.2078 0.8133
vn -0.3743 -0.2077 0.9037
vn -0.1908 -0.2078 0.9594
vn -0.0000 -0.2078 0.9782
vn 0.1908 -0.2077 0.9594
vn 0.3743 -0.2077 0.9037
vn 0.5434 -0.2078 0.8133
vn 0.6917 -0.2078 0.6917
vn 0.8133 -0.2077 0.5434
vn 0.9037 -0.2077 0.3743
vn 0.9594 -0.2077 0.1908
vn 0.8893 -0.4217 -0.1769
vn 0.9067 -0.4217 -0.0000
vn 0.8377 -0.4217 -0.3470
vn 0.7539 -0.4217 -0.5037
vn 0.6411 -0.4217 -0.6411
vn 0.5037 -0.4217 -0.7539
vn 0.3470 -0.4217 -0.8377
vn 0.1769 -0.4217 -0.8893
vn -0.0000 -0.4217 -0.9067
vn -0.1769 -0.4217 -0.8893
vn -0.3470 -0.4217 -0.8377
vn -0.5037 -0.4217 -0.7539
vn -0.6411 -0.4217 -0.6411
vn -0.7539 -0.4217 -0.5037
vn -0.8377 -0.4217 -0.3470
vn -0.8893 -0.4217 -0.1769
vn -0.9067 -0.4217 -0.0000
vn -0.8893 -0.4217 0.1769
vn -0.8377 -0.4217 0.3470
vn -0.7539 -0.4217 0.5037
vn -0.6411 -0.4217 0.6411
vn -0.5037 -0.4217 0.7539
vn -0.3470 -0.4217 0.8377
vn -0.1769 -0.4217 0.8893
vn -0.0000 -0.4217 0.9067
vn 0.1769 -0.4217 0.8893
vn 0.3470 -0.4217 0.8377
vn 0.5037 -0.4217 0.7539
vn 0.6411 -0.4217 0.6411
vn 0.7539 -0.4217 0.5037
vn 0.8377 -0.4217 0.3470
vn 0.8893 -0.4217 0.1769
vn 0.7694 -0.6201 -0.1530
vn 0.7845 -0.6201 -0.0000
vn 0.7248 -0.6201 -0.3002
vn 0.6523 -0.6201 -0.4358
vn 0.5547 -0.6201 -0.5547
vn 0.4358 -0.6202 -0.6523
vn 0.3002 -0.6202 -0.7248
vn 0.1530 -0.6201 -0.7694
vn -0.0000 -0.6201 -0.7845
vn -0.1530 -0.6201 -0.7694
vn -0.3002 -0.6201 -0.7248
vn -0.4358 -0.6201 -0.6523
vn -0.5547 -0.6201 -0.5547
vn -0.6523 -0.6201 -0.4358
vn -0.7248 -0.6201 -0.3002
vn -0.7694 -0.6201 -0.1530
vn -0.7845 -0.6201 -0.0000
vn -0.7694 -0.6201 0.1530
vn -0.7248 -0.6201 0.3002
vn -0.6523 -0.6201 0.4358
vn -0.5547 -0.6201 0.5547
vn -0.4358 -0.6201 0.6523
vn -0.3002 -0.6201 0.7248
vn -0.1530 -0.6201 0.7694
vn -0.0000 -0.6201 0.7845
vn 0.1530 -0.6202 0.7694
vn 0.3002 -0.6201 0.7248
vn 0.4358 -0.6201 0.6523
vn 0.5547 -0.6201 0.5547
vn 0.6523 -0.6201 0.4358
vn 0.7248 -0.6202 0.3002
vn 0.7694 -0.6201 0.1530
vn 0.6325 -0.7643 -0.1258
vn 0.6449 -0.7643 -0.0000
vn 0.5958 -0.7643 -0.2468
vn 0.5362 -0.7643 -0.3583
vn 0.4560 -0.7643 -0.4560
vn 0.3583 -0.7643 -0.5362
vn 0.2468 -0.7643 -0.5958
vn 0.1258 -0.7643 -0.6325
vn -0.0000 -0.7643 -0.6449
vn -0.1258 -0.7643 -0.6325
vn -0.2468 -0.7643 -0.5958
vn -0.3583 -0.7643 -0.5362
vn -0.4560 -0.7643 -0.4560
vn -0.5362 -0.7643 -0.3583
vn -0.5958 -0.7643 -0.2468
vn -0.6325 -0.7643 -0.1258
vn -0.6449 -0.7643 -0.0000
vn -0.6325 -0.7643 0.1258
vn -0.5958 -0.7643 0.2468
vn -0.5362 -0.7643 0.3583
vn -0.4560 -0.7643 0.4560
vn -0.3583 -0.7643 0.5362
vn -0.2468 -0.7643 0.5958
vn -0.1258 -0.7643 0.6325
vn -0.0000 -0.7643 0.6449
vn 0.1258 -0.7643 0.6325
vn 0.2468 -0.7643 0.5958
vn 0.3583 -0.7643 0.5362
vn 0.4560 -0.7643 0.4560
vn 0.5362 -0.7643 0.3583
vn 0.5958 -0.7643 0.2468
vn 0.6325 -0.7643 0.1258
vn 0.5216 -0.8468 -0.1038
vn 0.5318 -0.8468 -0.0000
vn 0.4914 -0.8468 -0.2035
vn 0.4422 -0.8468 -0.2955
vn 0.3761 -0.8468 -0.3761
vn 0.2955 -0.8468 -0.4422
vn 0.2035 -0.8468 -0.4914
vn 0.1038 -0.8468 -0.5216
vn -0.0000 -0.8468 -0.5318
vn -0.1038 -0.8468 -0.5216
vn -0.2035 -0.8468 -0.4914
vn -0.2955 -0.8468 -0.4422
vn -0.3761 -0.8468 -0.3761
vn -0.4422 -0.8468 -0.2955
vn -0.4914 -0.8468 -0.2035
vn -0.5216 -0.8468 -0.1038
vn -0.5318 -0.8468 -0.0000
vn -0.5216 -0.8468 0.1038
vn -0.4914 -0.8468 0.2035
vn -0.4422 -0.8468 0.2955
vn -0.3761 -0.8468 0.3761
vn -0.2955 -0.8468 0.4422
vn -0.2035 -0.8468 0.4914
vn -0.1038 -0.8468 0.5216
vn -0.0000 -0.8468 0.5319
vn 0.1038 -0.8468 0.5216
vn 0.2035 -0.8468 0.4914
vn 0.2955 -0.8468 0.4422
vn 0.3761 -0.8468 0.3761
vn 0.4422 -0.8468 0.2955
vn 0.4914 -0.8468 0.2035
vn 0.5216 -0.8468 0.1038
vn 0.4636 -0.8812 -0.0922
vn 0.4727 -0.8812 -0.0000
vn 0.4367 -0.8812 -0.1809
vn 0.3930 -0.8812 -0.2626
vn 0.3342 -0.8812 -0.3342
vn 0.2626 -0.8812 -0.3930
vn 0.1809 -0.8812 -0.4367
vn 0.0922 -0.8812 -0.4636
vn -0.0000 -0.8812 -0.4727
vn -0.0922 -0.8812 -0.4636
vn -0.1809 -0.8812 -0.4367
vn -0.2626 -0.8812 -0.3930
vn -0.3342 -0.8812 -0.3342
vn -0.3930 -0.8812 -0.2626
vn -0.4367 -0.8812 -0.1809
vn -0.4636 -0.8812 -0.0922
vn -0.4727 -0.8812 -0.0000
vn -0.4636 -0.8812 0.0922
vn -0.4367 -0.8812 0.1809
vn -0.3930 -0.8812 0.2626
vn -0.3342 -0.8812 0.3342
vn -0.2626 -0.8812 0.3930
vn -0.1809 -0.8812 0.4367
vn -0.0922 -0.8812 0.4636
vn -0.0000 -0.8812 0.4727
vn 0.0922 -0.8812 0.4636
vn 0.1809 -0.8812 0.4367
vn 0.2626 -0.8812 0.3930
vn 0.3342 -0.8812 0.3342
vn 0.3930 -0.8812 0.2626
vn 0.4367 -0.8812 0.1809
vn 0.4636 -0.8812 0.0922
vn 0.4695 -0.8780 -0.0934
vn 0.4787 -0.8780 -0.0000
vn 0.4422 -0.8780 -0.1832
vn 0.3980 -0.8780 -0.2659
vn 0.3385 -0.8780 -0.3385
vn 0.2659 -0.8780 -0.3980
vn 0.1832 -0.8780 -0.4422
vn 0.0934 -0.8780 -0.4695
vn -0.0000 -0.8780 -0.4787
vn -0.0934 -0.8780 -0.4695
vn -0.1832 -0.8780 -0.4422
vn -0.2659 -0.8780 -0.3980
vn -0.3385 -0.8780 -0.3385
vn -0.3980 -0.8780 -0.2659
vn -0.4422 -0.8780 -0.1832
vn -0.4695 -0.8780 -0.0934
vn -0.4787 -0.8780 -0.0000
vn -0.4695 -0.8780 0.0934
vn -0.4422 -0.8780 0.1832
vn -0.3980 -0.8780 0.2659
vn -0.3385 -0.8780 0.3385
vn -0.2659 -0.8780 0.3980
vn -0.1832 -0.8780 0.4422
vn -0.0934 -0.8780 0.4695
vn -0.0000 -0.8780 0.4787
vn 0.0934 -0.8780 0.4695
vn 0.1832 -0.8780 0.4422
vn 0.2659 -0.8780 0.3980
vn 0.3385 -0.8780 0.3385
vn 0.3980 -0.8780 0.2659
vn 0.4422 -0.8780 0.1832
vn 0.4695 -0.8780 0.0934
vn 0.5440 -0.8321 -0.1082
vn 0.5546 -0.8321 -0.0000
vn 0.5124 -0.8321 -0.2123
vn 0.4612 -0.8321 -0.3081
vn 0.3922 -0.8321 -0.3922
vn 0.3081 -0.8321 -0.4612
vn 0.2123 -0.8321 -0.5124
vn 0.1082 -0.8321 -0.5440
vn -0.0000 -0.8321 -0.5546
vn -0.1082 -0.8321 -0.5440
vn -0.2123 -0.8321 -0.5124
vn -0.3081 -0.8321 -0.4612
vn -0.3922 -0.8321 -0.3922
vn -0.4612 -0.8321 -0.3081
vn -0.5124 -0.8321 -0.2123
vn -0.5440 -0.8321 -0.1082
vn -0.5546 -0.8321 -0.0000
vn -0.5440 -0.8321 0.1082
vn -0.5124 -0.8321 0.2123
vn -0.4612 -0.8321 0.3081
vn -0.3922 -0.8321 0.3922
vn -0.3081 -0.8321 0.4612
vn -0.2123 -0.8321 0.5124
vn -0.1082 -0.8321 0.5440
vn -0.0000 -0.8321 0.5546
vn 0.1082 -0.8321 0.5440
vn 0.2123 -0.8321 0.5124
vn 0.3081 -0.8321 0.4612
vn 0.3922 -0.8321 0.3922
vn 0.4612 -0.8321 0.3081
vn 0.5124 -0.8321 0.2123
vn 0.5440 -0.8321 0.1082
vn 0.6803 -0.7204 -0.1353
vn 0.6936 -0.7204 -0.0000
vn 0.6408 -0.7204 -0.2654
vn 0.5767 -0.7204 -0.3853
vn 0.4904 -0.7204 -0.4904
vn 0.3853 -0.7204 -0.5767
vn 0.2654 -0.7204 -0.6408
vn 0.1353 -0.7204 -0.6803
vn -0.0000 -0.7204 -0.6936
vn -0.1353 -0.7204 -0.6803
vn -0.2654 -0.7204 -0.6408
vn -0.3853 -0.7204 -0.5767
vn -0.4904 -0.7204 -0.4904
vn -0.5767 -0.7204 -0.3853
vn -0.6408 -0.7204 -0.2654
vn -0.6803 -0.7204 -0.1353
vn -0.6936 -0.7204 -0.0000
vn -0.6803 -0.7204 0.1353
vn -0.6408 -0.7204 0.2654
vn -0.5767 -0.7204 0.3853
vn -0.4904 -0.7204 0.4904
vn -0.3853 -0.7204 0.5767
vn -0.2654 -0.7204 0.6408
vn -0.1353 -0.7204 0.6803
vn -0.0000 -0.7204 0.6936
vn 0.1353 -0.7204 0.6803
vn 0.2654 -0.7204 0.6408
vn 0.3853 -0.7204 0.5767
vn 0.4904 -0.7204 0.4904
vn 0.5767 -0.7204 0.3853
vn 0.6408 -0.7204 0.2654
vn 0.6803 -0.7204 0.1353
vn 0.8375 -0.5204 -0.1666
vn 0.8539 -0.5204 -0.0000
vn 0.7889 -0.5204 -0.3268
vn 0.7100 -0.5204 -0.4744
vn 0.6038 -0.5204 -0.6038
vn 0.4744 -0.5204 -0.7100
vn 0.3268 -0.5204 -0.7889
vn 0.1666 -0.5204 -0.8375
vn -0.0000 -0.5204 -0.8539
vn -0.1666 -0.5204 -0.8375
vn -0.3268 -0.5204 -0.7889
vn -0.4744 -0.5204 -0.7100
vn -0.6038 -0.5204 -0.6038
vn -0.7100 -0.5204 -0.4744
vn -0.7889 -0.5204 -0.3268
vn -0.8375 -0.5204 -0.1666
vn -0.8539 -0.5204 -0.0000
vn -0.8375 -0.5204 0.1666
vn -0.7889 -0.5204 0.3268
vn -0.7100 -0.5204 0.4744
vn -0.6038 -0.5204 0.6038
vn -0.4744 -0.5204 0.7100
vn -0.3268 -0.5204 0.7889
vn -0.1666 -0.5204 0.8375
vn -0.0000 -0.5204 0.8539
vn 0.1666 -0.5204 0.8375
vn 0.3268 -0.5204 0.7889
vn 0.4744 -0.5204 0.7100
vn 0.6038 -0.5204 0.6038
vn 0.7100 -0.5204 0.4744
vn 0.7889 -0.5204 0.3268
vn 0.8375 -0.5204 0.1666
vn 0.9580 -0.2141 -0.1906
vn 0.9768 -0.2141 -0.0000
vn 0.9025 -0.2141 -0.3738
vn 0.8122 -0.2141 -0.5427
vn 0.6907 -0.2141 -0.6907
vn 0.5427 -0.2141 -0.8122
vn 0.3738 -0.2141 -0.9025
vn 0.1906 -0.2141 -0.9580
vn -0.0000 -0.2141 -0.9768
vn -0.1906 -0.2141 -0.9580
vn -0.3738 -0.2141 -0.9025
vn -0.5427 -0.2141 -0.8122
vn -0.6907 -0.2141 -0.6907
vn -0.8122 -0.2141 -0.5427
vn -0.9025 -0.2141 -0.3738
vn -0.9580 -0.2141 -0.1906
vn -0.9768 -0.2141 -0.0000
vn -0.9580 -0.2141 0.1906
vn -0.9025 -0.2141 0.3738
vn -0.8122 -0.2141 0.5427
vn -0.6907 -0.2141 0.6907
vn -0.5427 -0.2141 0.8122
vn -0.3738 -0.2141 0.9025
vn -0.1906 -0.2141 0.9580
vn -0.0000 -0.2141 0.9768
vn 0.1906 -0.2141 0.9580
vn 0.3738 -0.2141 0.9025
vn 0.5427 -0.2141 0.8122
vn 0.6907 -0.2141 0.6907
vn 0.8122 -0.2141 0.5427
vn 0.9025 -0.2141 0.3738
vn 0.9580 -0.2141 0.1906
vn 0.9808 -0.0006 -0.1951
vn 1.0000 -0.0006 -0.0000
vn 0.9239 -0.0006 -0.3827
vn 0.8315 -0.0006 -0.5556
vn 0.7071 -0.0006 -0.7071
vn 0.5556 -0.0006 -0.8315
vn 0.3827 -0.0006 -0.9239
vn 0.1951 -0.0006 -0.9808
vn -0.0000 -0.0006 -1.0000
vn -0.1951 -0.0006 -0.9808
vn -0.3827 -0.0006 -0.9239
vn -0.5556 -0.0006 -0.8315
vn -0.7071 -0.0006 -0.7071
vn -0.8315 -0.0006 -0.5556
vn -0.9239 -0.0006 -0.3827
vn -0.9808 -0.0006 -0.1951
vn -1.0000 -0.0007 -0.0000
vn -0.9808 -0.0006 0.1951
vn -0.9239 -0.0006 0.3827
vn -0.8315 -0.0006 0.5556
vn -0.7071 -0.0006 0.7071
vn -0.5556 -0.0006 0.8315
vn -0.3827 -0.0006 0.9239
vn -0.1951 -0.0006 0.9808
vn -0.0000 -0.0006 1.0000
vn 0.1951 -0.0006 0.9808
vn 0.3827 -0.0006 0.9239
vn 0.5556 -0.0006 0.8315
vn 0.7071 -0.0006 0.7071
vn 0.8315 -0.0006 0.5556
vn 0.9239 -0.0006 0.3827
vn 0.9808 -0.0006 0.1951
vn 0.9804 0.0287 -0.1950
vn 0.9996 0.0287 -0.0000
vn 0.9235 0.0287 -0.3825
vn 0.8311 0.0287 -0.5554
vn 0.7068 0.0287 -0.7068
vn 0.5553 0.0287 -0.8311
vn 0.3825 0.0287 -0.9235
vn 0.1950 0.0287 -0.9804
vn -0.0000 0.0287 -0.9996
vn -0.1950 0.0287 -0.9804
vn -0.3825 0.0287 -0.9235
vn -0.5553 0.0287 -0.8311
vn -0.7068 0.0287 -0.7068
vn -0.8311 0.0287 -0.5553
vn -0.9235 0.0287 -0.3825
vn -0.9804 0.0287 -0.1950
vn -0.9996 0.0286 -0.0000
vn -0.9804 0.0287 0.1950
vn -0.9235 0.0287 0.3825
vn -0.8311 0.0287 0.5553
vn -0.7068 0.0287 0.7068
vn -0.5553 0.0287 0.8311
vn -0.3825 0.0287 0.9235
vn -0.1950 0.0287 0.9804
vn -0.0000 0.0287 0.9996
vn 0.1950 0.0287 0.9804
vn 0.3825 0.0287 0.9235
vn 0.5553 0.0287 0.8311
vn 0.7068 0.0287 0.7068
vn 0.8311 0.0287 0.5553
vn 0.9235 0.0287 0.3825
vn 0.9804 0.0287 0.1950
vn -0.0000 1.0000 -0.0000
vn 0.2950 0.2348 -0.9262
vn 0.8767 0.0071 -0.4810
vn -0.0372 -0.7185 -0.6945
vn 0.7047 0.6604 -0.2593
vn 0.8064 0.0364 -0.5902
vn -0.6062 0.2348 -0.7598
vn -0.3166 0.8819 -0.3493
vn -0.1764 -0.6417 -0.7464
vn 0.1765 0.6417 -0.7464
vn -0.0651 0.0214 -0.9977
vn -0.9686 0.2348 0.0819
vn -0.4448 0.8920 0.0809
vn -0.7047 -0.6604 -0.2593
vn -0.5364 0.6223 -0.5700
vn -0.8843 0.4454 -0.1404
vn -0.2950 0.2348 0.9262
vn -0.1347 0.8714 0.4717
vn -0.5365 -0.6223 0.5700
vn -0.7047 0.6604 0.2593
vn -0.8280 0.3213 -0.4595
vn 0.6062 0.2348 0.7598
vn 0.3165 0.8819 0.3493
vn 0.1764 -0.6417 0.7464
vn -0.1765 0.6417 0.7464
vn 0.3729 0.4390 0.8174
vn 0.9686 0.2348 -0.0819
vn 0.4448 0.8920 -0.0809
vn 0.7047 -0.6603 0.2595
vn -0.5147 0.1501 0.8441
vn -0.9007 0.0490 -0.4318
vn 0.9239 -0.0000 -0.3826
vn -0.8819 -0.0000 0.4714
vn -0.1763 -0.6416 -0.7465
vn -0.7047 -0.6603 -0.2595
vn -0.5365 -0.6224 0.5700
vn 0.7047 -0.6604 0.2593
vn 0.1765 -0.6417 0.7464
vn 0.9239 -0.0000 0.3826
vn -0.5365 -0.6223 0.5701
vn 0.7048 -0.6603 0.2594
vn -0.1765 -0.6417 -0.7464
vn 0.7048 -0.6603 0.2593
vn -0.9993 -0.0209 -0.0324
vn -0.5454 -0.0349 0.8375
vn 0.4905 -0.0069 0.8714
vn 0.9993 -0.0209 0.0324
vn 0.5454 -0.0349 -0.8375
vn -0.8676 0.4892 -0.0885
vn -0.4299 0.0480 -0.9016
vn -0.9992 0.0207 -0.0332
vn -0.5472 0.0345 0.8363
vn 0.4299 0.0480 -0.9016
vn 0.6553 0.7500 0.0897
vn -0.4054 0.7500 0.5227
vn 0.4299 0.0480 0.9016
vn 0.9992 0.0207 0.0332
vn 0.5472 0.0345 -0.8363
vn -0.4299 0.0480 0.9016
vn -0.8676 0.4892 0.0885
vn -0.9316 -0.0456 0.3606
vn -0.4701 0.2348 0.8508
vn 0.1323 -0.2017 0.9705
vn 0.6062 0.2348 0.7599
vn 0.8864 -0.1991 0.4178
vn 0.9686 0.2349 -0.0820
vn 0.8339 -0.1972 -0.5156
vn 0.4700 0.2349 -0.8509
vn -0.1323 -0.2017 -0.9705
vn -0.6062 0.2348 -0.7599
vn -0.8864 -0.1992 -0.4179
vn -0.9686 0.2349 0.0820
vn 0.0020 1.0000 -0.0000
vn 0.0019 1.0000 -0.0004
vn 0.0018 1.0000 -0.0008
vn 0.0016 1.0000 -0.0011
vn 0.0014 1.0000 -0.0014
vn 0.0011 1.0000 -0.0016
vn 0.0008 1.0000 -0.0018
vn 0.0004 1.0000 -0.0019
vn -0.0000 1.0000 -0.0020
vn -0.0004 1.0000 -0.0019
vn -0.0008 1.0000 -0.0018
vn -0.0011 1.0000 -0.0016
vn -0.0014 1.0000 -0.0014
vn -0.0016 1.0000 -0.0011
vn -0.0018 1.0000 -0.0008
vn -0.0019 1.0000 -0.0004
vn -0.0020 1.0000 -0.0000
vn -0.0019 1.0000 0.0004
vn -0.0018 1.0000 0.0008
vn -0.0016 1.0000 0.0011
vn -0.0014 1.0000 0.0014
vn -0.0011 1.0000 0.0016
vn -0.0008 1.0000 0.0018
vn -0.0004 1.0000 0.0019
vn -0.0000 1.0000 0.0020
vn 0.0004 1.0000 0.0019
vn 0.0008 1.0000 0.0018
vn 0.0011 1.0000 0.0016
vn 0.0014 1.0000 0.0014
vn 0.0016 1.0000 0.0011
vn 0.0018 1.0000 0.0008
vn 0.0019 1.0000 0.0004
vn 0.9992 0.0206 -0.0331
vn 0.0656 -0.0201 0.9976
vn -0.8819 -0.0000 -0.4714
vn 0.9340 0.2348 -0.2694
vn 0.8196 -0.2610 0.5100
vn -0.5365 0.6223 -0.5700
vn -0.9993 -0.0208 0.0323
vn -0.8056 -0.0331 0.5916
vn 0.7047 -0.6604 -0.2593
vn 0.5453 -0.0348 0.8375
vn 0.5471 0.0344 0.8364
vn -0.5000 -0.0000 -0.8660
vn -0.9992 0.0206 0.0331
vn 0.0753 0.0363 0.9965
vn 0.2948 0.2349 -0.9262
vn -0.9340 0.2349 0.2693
vn -0.5251 0.8253 0.2075
vn -0.5364 0.6224 -0.5700
vn -0.1765 -0.6417 0.7464
vn -0.5453 -0.0348 -0.8375
vn -0.5471 0.0344 -0.8364
vn 0.9993 -0.0208 -0.0323
vn 0.4906 -0.0068 -0.8714
vn 0.8778 -0.2467 -0.4107
vn -0.9685 0.2349 -0.0821
vn -0.0373 -0.7185 0.6945
vn -0.5000 -0.0000 0.8660
vn -0.0980 -0.0000 0.9952
vn -0.2903 -0.0000 0.9569
vn -0.4714 -0.0000 0.8819
vn -0.6344 -0.0000 0.7730
vn -0.7730 -0.0000 0.6344
vn -0.9569 -0.0000 0.2903
vn -0.9952 -0.0000 0.0980
vn -0.9952 -0.0000 -0.0980
vn -0.9569 -0.0000 -0.2903
vn -0.7730 -0.0000 -0.6344
vn -0.6344 -0.0000 -0.7730
vn -0.4714 -0.0000 -0.8819
vn -0.2903 -0.0000 -0.9569
vn -0.0980 -0.0000 -0.9952
vn 0.0980 -0.0000 -0.9952
vn 0.2903 -0.0000 -0.9569
vn 0.4714 -0.0000 -0.8819
vn 0.6344 -0.0000 -0.7730
vn 0.7730 -0.0000 -0.6344
vn 0.8819 -0.0000 -0.4714
vn 0.9569 -0.0000 -0.2903
vn 0.9952 -0.0000 -0.0980
vn 0.9952 -0.0000 0.0980
vn 0.9569 -0.0000 0.2903
vn 0.8819 -0.0000 0.4714
vn 0.7730 -0.0000 0.6344
vn 0.6344 -0.0000 0.7730
vn 0.4714 -0.0000 0.8819
vn 0.2903 -0.0000 0.9569
vn 0.0980 -0.0000 0.9952
vt 0.499987 0.500000
vt 0.733019 0.453647
vt 0.737584 0.500000
vt 0.719498 0.409075
vt 0.697542 0.367998
vt 0.667994 0.331993
vt 0.631989 0.302445
vt 0.590911 0.280488
vt 0.546340 0.266968
vt 0.499987 0.262402
vt 0.453634 0.266968
vt 0.409062 0.280488
vt 0.367985 0.302445
vt 0.331980 0.331993
vt 0.302432 0.367998
vt 0.280475 0.409075
vt 0.266955 0.453647
vt 0.262389 0.500000
vt 0.266955 0.546353
vt 0.280475 0.590925
vt 0.302432 0.632002
vt 0.331980 0.668007
vt 0.367985 0.697555
vt 0.409062 0.719512
vt 0.453634 0.733032
vt 0.499987 0.737598
vt 0.546340 0.733032
vt 0.590912 0.719512
vt 0.631989 0.697555
vt 0.667994 0.668007
vt 0.697542 0.632002
vt 0.719498 0.590925
vt 0.733019 0.546353
vt 0.737996 0.452657
vt 0.742659 0.500000
vt 0.724187 0.407133
vt 0.701761 0.365179
vt 0.671582 0.328405
vt 0.634808 0.298226
vt 0.592853 0.275800
vt 0.547330 0.261991
vt 0.499987 0.257328
vt 0.452644 0.261991
vt 0.407120 0.275800
vt 0.365165 0.298226
vt 0.328392 0.328405
vt 0.298212 0.365179
vt 0.275787 0.407133
vt 0.261978 0.452657
vt 0.257315 0.500000
vt 0.261978 0.547343
vt 0.275787 0.592867
vt 0.298212 0.634821
vt 0.328392 0.671595
vt 0.365165 0.701775
vt 0.407120 0.724200
vt 0.452644 0.738009
vt 0.499987 0.742672
vt 0.547330 0.738009
vt 0.592853 0.724200
vt 0.634808 0.701774
vt 0.671582 0.671595
vt 0.701761 0.634821
vt 0.724187 0.592867
vt 0.737996 0.547343
vt 0.742703 0.451721
vt 0.747458 0.500000
vt 0.728620 0.405297
vt 0.705751 0.362512
vt 0.674975 0.325012
vt 0.637474 0.294235
vt 0.594690 0.271367
vt 0.548266 0.257284
vt 0.499987 0.252529
vt 0.451708 0.257284
vt 0.405284 0.271367
vt 0.362499 0.294235
vt 0.324998 0.325012
vt 0.294222 0.362512
vt 0.271353 0.405297
vt 0.257271 0.451721
vt 0.252516 0.500000
vt 0.257271 0.548279
vt 0.271353 0.594703
vt 0.294222 0.637488
vt 0.324998 0.674988
vt 0.362499 0.705765
vt 0.405284 0.728633
vt 0.451708 0.742716
vt 0.499987 0.747471
vt 0.548266 0.742716
vt 0.594690 0.728633
vt 0.637474 0.705765
vt 0.674975 0.674988
vt 0.705751 0.637488
vt 0.728620 0.594703
vt 0.742703 0.548279
vt 0.747108 0.450844
vt 0.751950 0.500000
vt 0.732770 0.403578
vt 0.709486 0.360017
vt 0.678151 0.321835
vt 0.639970 0.290501
vt 0.596409 0.267217
vt 0.549142 0.252879
vt 0.499987 0.248037
vt 0.450831 0.252879
vt 0.403565 0.267217
vt 0.360004 0.290501
vt 0.321822 0.321835
vt 0.290487 0.360017
vt 0.267204 0.403578
vt 0.252865 0.450845
vt 0.248024 0.500000
vt 0.252865 0.549156
vt 0.267204 0.596422
vt 0.290487 0.639983
vt 0.321822 0.678165
vt 0.360004 0.709499
vt 0.403565 0.732783
vt 0.450831 0.747121
vt 0.499987 0.751963
vt 0.549142 0.747121
vt 0.596409 0.732783
vt 0.639970 0.709499
vt 0.678151 0.678164
vt 0.709486 0.639983
vt 0.732770 0.596422
vt 0.747108 0.549155
vt 0.751181 0.450034
vt 0.756102 0.500000
vt 0.736607 0.401989
vt 0.712939 0.357710
vt 0.681088 0.318899
vt 0.642277 0.287048
vt 0.597998 0.263380
vt 0.549952 0.248806
vt 0.499987 0.243884
vt 0.450021 0.248806
vt 0.401976 0.263380
vt 0.357697 0.287048
vt 0.318886 0.318899
vt 0.287034 0.357710
vt 0.263367 0.401989
vt 0.248792 0.450034
vt 0.243871 0.500000
vt 0.248792 0.549966
vt 0.263367 0.598011
vt 0.287034 0.642290
vt 0.318886 0.681101
vt 0.357697 0.712952
vt 0.401976 0.736620
vt 0.450021 0.751194
vt 0.499987 0.756116
vt 0.549953 0.751194
vt 0.597998 0.736620
vt 0.642277 0.712952
vt 0.681088 0.681101
vt 0.712939 0.642290
vt 0.736607 0.598011
vt 0.751181 0.549966
vt 0.754891 0.449296
vt 0.759885 0.500000
vt 0.740101 0.400541
vt 0.716084 0.355608
vt 0.683763 0.316224
vt 0.644379 0.283902
vt 0.599446 0.259885
vt 0.550690 0.245096
vt 0.499987 0.240102
vt 0.449283 0.245096
vt 0.400528 0.259885
vt 0.355595 0.283903
vt 0.316211 0.316224
vt 0.283889 0.355608
vt 0.259872 0.400541
vt 0.245082 0.449296
vt 0.240089 0.500000
vt 0.245082 0.550704
vt 0.259872 0.599459
vt 0.283889 0.644392
vt 0.316211 0.683776
vt 0.355595 0.716098
vt 0.400528 0.740115
vt 0.449283 0.754904
vt 0.499987 0.759898
vt 0.550690 0.754904
vt 0.599446 0.740115
vt 0.644379 0.716097
vt 0.683763 0.683776
vt 0.716084 0.644392
vt 0.740101 0.599459
vt 0.754891 0.550704
vt 0.758207 0.448637
vt 0.763266 0.500000
vt 0.743225 0.399248
vt 0.718895 0.353730
vt 0.686153 0.313834
vt 0.646257 0.281092
vt 0.600739 0.256762
vt 0.551350 0.241780
vt 0.499987 0.236721
vt 0.448624 0.241780
vt 0.399234 0.256762
vt 0.353717 0.281092
vt 0.313820 0.313834
vt 0.281078 0.353730
vt 0.256749 0.399248
vt 0.241767 0.448637
vt 0.236708 0.500000
vt 0.241767 0.551363
vt 0.256749 0.600752
vt 0.281078 0.646270
vt 0.313821 0.686166
vt 0.353717 0.718908
vt 0.399234 0.743238
vt 0.448624 0.758220
vt 0.499987 0.763279
vt 0.551350 0.758220
vt 0.600739 0.743238
vt 0.646257 0.718908
vt 0.686153 0.686166
vt 0.718895 0.646270
vt 0.743225 0.600752
vt 0.758207 0.551363
vt 0.761097 0.448062
vt 0.766213 0.500000
vt 0.745948 0.398120
vt 0.721346 0.352093
vt 0.688237 0.311750
vt 0.647894 0.278641
vt 0.601867 0.254039
vt 0.551925 0.238889
vt 0.499987 0.233774
vt 0.448049 0.238889
vt 0.398106 0.254039
vt 0.352079 0.278641
vt 0.311737 0.311750
vt 0.278628 0.352093
vt 0.254026 0.398120
vt 0.238876 0.448062
vt 0.233761 0.500000
vt 0.238876 0.551938
vt 0.254026 0.601880
vt 0.278628 0.647907
vt 0.311737 0.688250
vt 0.352080 0.721359
vt 0.398107 0.745961
vt 0.448049 0.761111
vt 0.499987 0.766226
vt 0.551925 0.761111
vt 0.601867 0.745961
vt 0.647894 0.721359
vt 0.688237 0.688250
vt 0.721346 0.647907
vt 0.745948 0.601880
vt 0.761097 0.551938
vt 0.763532 0.447578
vt 0.768695 0.500000
vt 0.748241 0.397170
vt 0.723410 0.350714
vt 0.689992 0.309995
vt 0.649273 0.276577
vt 0.602817 0.251746
vt 0.552409 0.236455
vt 0.499987 0.231292
vt 0.447564 0.236455
vt 0.397157 0.251746
vt 0.350700 0.276577
vt 0.309981 0.309995
vt 0.276564 0.350714
vt 0.251733 0.397170
vt 0.236442 0.447578
vt 0.231279 0.500000
vt 0.236442 0.552422
vt 0.251733 0.602830
vt 0.276564 0.649286
vt 0.309981 0.690005
vt 0.350701 0.723423
vt 0.397157 0.748254
vt 0.447564 0.763545
vt 0.499987 0.768708
vt 0.552409 0.763545
vt 0.602817 0.748254
vt 0.649273 0.723423
vt 0.689992 0.690005
vt 0.723410 0.649286
vt 0.748241 0.602830
vt 0.763532 0.552422
vt 0.765479 0.447190
vt 0.770681 0.500000
vt 0.750075 0.396410
vt 0.725060 0.349611
vt 0.691396 0.308591
vt 0.650376 0.274926
vt 0.603577 0.249912
vt 0.552797 0.234508
vt 0.499987 0.229306
vt 0.447177 0.234508
vt 0.396397 0.249912
vt 0.349597 0.274926
vt 0.308577 0.308591
vt 0.274913 0.349611
vt 0.249898 0.396410
vt 0.234494 0.447190
vt 0.229293 0.500000
vt 0.234494 0.552810
vt 0.249898 0.603590
vt 0.274913 0.650389
vt 0.308577 0.691409
vt 0.349597 0.725074
vt 0.396397 0.750088
vt 0.447177 0.765492
vt 0.499987 0.770694
vt 0.552797 0.765492
vt 0.603577 0.750088
vt 0.650376 0.725074
vt 0.691396 0.691409
vt 0.725060 0.650389
vt 0.750075 0.603590
vt 0.765479 0.552810
vt 0.176435 0.500000
vt 0.176435 0.447190
vt 0.178268 0.446906
vt 0.178268 0.500000
vt 0.176435 0.396410
vt 0.178268 0.395852
vt 0.176435 0.349611
vt 0.178268 0.348801
vt 0.692427 0.307560
vt 0.726272 0.348801
vt 0.651186 0.273715
vt 0.650376 0.176435
vt 0.603577 0.176435
vt 0.604135 0.178268
vt 0.651186 0.178268
vt 0.552797 0.176435
vt 0.553081 0.178268
vt 0.499987 0.176435
vt 0.499987 0.178268
vt 0.447177 0.176435
vt 0.446893 0.178268
vt 0.396397 0.176435
vt 0.395839 0.178268
vt 0.349597 0.176435
vt 0.348788 0.178268
vt 0.307547 0.307560
vt 0.348788 0.273715
vt 0.273701 0.348801
vt 0.176435 0.349611
vt 0.176435 0.396410
vt 0.178268 0.395852
vt 0.178268 0.446906
vt 0.176435 0.552810
vt 0.178268 0.553094
vt 0.176435 0.603590
vt 0.178268 0.604148
vt 0.176435 0.650389
vt 0.178268 0.651199
vt 0.307547 0.692440
vt 0.273701 0.651199
vt 0.348788 0.726285
vt 0.349597 0.176435
vt 0.396397 0.176435
vt 0.395839 0.178268
vt 0.348788 0.178268
vt 0.447177 0.176435
vt 0.446893 0.178268
vt 0.499987 0.176435
vt 0.499987 0.178268
vt 0.552797 0.176435
vt 0.603577 0.176435
vt 0.604135 0.178268
vt 0.650376 0.176435
vt 0.692427 0.692440
vt 0.651186 0.726285
vt 0.726272 0.651199
vt 0.176435 0.552810
vt 0.178268 0.553094
vt 0.180070 0.446731
vt 0.180070 0.500000
vt 0.180070 0.395509
vt 0.180070 0.348302
vt 0.178268 0.307560
vt 0.180070 0.306925
vt 0.692427 0.178268
vt 0.651684 0.180070
vt 0.693061 0.180070
vt 0.604478 0.180070
vt 0.553256 0.180070
vt 0.499987 0.180070
vt 0.446718 0.180070
vt 0.395496 0.180070
vt 0.348289 0.180070
vt 0.307547 0.178268
vt 0.306912 0.180070
vt 0.180070 0.348302
vt 0.180070 0.395509
vt 0.180070 0.553269
vt 0.180070 0.604491
vt 0.180070 0.651698
vt 0.178268 0.692440
vt 0.180070 0.693075
vt 0.307547 0.178268
vt 0.348289 0.180070
vt 0.395496 0.180070
vt 0.446718 0.180070
vt 0.499987 0.180070
vt 0.553256 0.180070
vt 0.604478 0.180070
vt 0.651685 0.180070
vt 0.692427 0.178268
vt 0.693061 0.180070
vt 0.178268 0.692440
vt 0.180070 0.693074
vt 0.180070 0.553269
vt 0.181799 0.446671
vt 0.181799 0.500000
vt 0.181799 0.395392
vt 0.181799 0.348132
vt 0.181799 0.306709
vt 0.651855 0.181799
vt 0.693278 0.181799
vt 0.604595 0.181799
vt 0.553316 0.181799
vt 0.499987 0.181799
vt 0.446658 0.181799
vt 0.395378 0.181799
vt 0.348119 0.181799
vt 0.306696 0.181799
vt 0.181799 0.348132
vt 0.181799 0.395392
vt 0.181799 0.553329
vt 0.181799 0.604608
vt 0.181799 0.651868
vt 0.181799 0.693291
vt 0.348119 0.181799
vt 0.395379 0.181799
vt 0.446658 0.181799
vt 0.499987 0.181799
vt 0.553316 0.181799
vt 0.651855 0.181799
vt 0.693278 0.181799
vt 0.181799 0.693291
vt 0.181799 0.553329
vt 0.184107 0.446671
vt 0.184107 0.500000
vt 0.184107 0.395392
vt 0.184107 0.348132
vt 0.184107 0.306709
vt 0.651855 0.184107
vt 0.693278 0.184107
vt 0.604595 0.184107
vt 0.553316 0.184107
vt 0.499987 0.184107
vt 0.446658 0.184107
vt 0.395378 0.184107
vt 0.348119 0.184107
vt 0.306696 0.184107
vt 0.184107 0.348132
vt 0.184107 0.395392
vt 0.184107 0.553329
vt 0.184107 0.604608
vt 0.184107 0.651868
vt 0.184107 0.693291
vt 0.348119 0.184107
vt 0.395379 0.184107
vt 0.446658 0.184107
vt 0.499987 0.184107
vt 0.553316 0.184107
vt 0.651855 0.184107
vt 0.693278 0.184107
vt 0.184107 0.693291
vt 0.184107 0.553329
vt 0.186479 0.446671
vt 0.186479 0.500000
vt 0.186479 0.395392
vt 0.186479 0.348132
vt 0.186479 0.306709
vt 0.651855 0.186479
vt 0.693278 0.186479
vt 0.604595 0.186479
vt 0.553316 0.186479
vt 0.499987 0.186479
vt 0.446658 0.186479
vt 0.395378 0.186479
vt 0.348119 0.186479
vt 0.306696 0.186479
vt 0.186479 0.348132
vt 0.186479 0.395392
vt 0.186479 0.553329
vt 0.186479 0.604608
vt 0.186479 0.651868
vt 0.186479 0.693291
vt 0.348119 0.186479
vt 0.395379 0.186479
vt 0.446658 0.186479
vt 0.499987 0.186479
vt 0.553316 0.186479
vt 0.651855 0.186479
vt 0.693278 0.186479
vt 0.186479 0.693291
vt 0.186479 0.553329
vt 0.188897 0.446671
vt 0.188897 0.500000
vt 0.188897 0.395392
vt 0.188897 0.348132
vt 0.188897 0.306709
vt 0.651855 0.188897
vt 0.693278 0.188897
vt 0.604595 0.188897
vt 0.553316 0.188897
vt 0.499987 0.188897
vt 0.446658 0.188897
vt 0.395378 0.188897
vt 0.348119 0.188897
vt 0.306696 0.188897
vt 0.188897 0.348132
vt 0.188897 0.395392
vt 0.188897 0.553329
vt 0.188897 0.604608
vt 0.188897 0.651868
vt 0.188897 0.693291
vt 0.348119 0.188897
vt 0.395379 0.188897
vt 0.446658 0.188897
vt 0.499987 0.188897
vt 0.553316 0.188897
vt 0.651855 0.188897
vt 0.693278 0.188897
vt 0.188897 0.693291
vt 0.188897 0.553329
vt 0.191343 0.446671
vt 0.191343 0.500000
vt 0.191343 0.395392
vt 0.191343 0.348132
vt 0.191343 0.306709
vt 0.651855 0.191343
vt 0.693278 0.191343
vt 0.604595 0.191343
vt 0.553316 0.191343
vt 0.499987 0.191343
vt 0.446658 0.191343
vt 0.395378 0.191343
vt 0.348119 0.191343
vt 0.306696 0.191343
vt 0.191343 0.348132
vt 0.191343 0.395392
vt 0.191343 0.553329
vt 0.191343 0.604608
vt 0.191343 0.651868
vt 0.191343 0.693291
vt 0.348119 0.191343
vt 0.395379 0.191343
vt 0.446658 0.191343
vt 0.499987 0.191343
vt 0.553316 0.191343
vt 0.651855 0.191343
vt 0.693278 0.191343
vt 0.191343 0.693291
vt 0.191343 0.553329
vt 0.193798 0.446671
vt 0.193798 0.500000
vt 0.193798 0.395392
vt 0.193798 0.348132
vt 0.193798 0.306709
vt 0.651855 0.193798
vt 0.693278 0.193798
vt 0.604595 0.193798
vt 0.553316 0.193798
vt 0.499987 0.193798
vt 0.446658 0.193798
vt 0.395378 0.193798
vt 0.348119 0.193798
vt 0.306696 0.193798
vt 0.193798 0.348132
vt 0.193798 0.395392
vt 0.193798 0.553329
vt 0.193798 0.604608
vt 0.193798 0.651868
vt 0.193798 0.693291
vt 0.348119 0.193798
vt 0.395379 0.193798
vt 0.446658 0.193798
vt 0.553316 0.193798
vt 0.651855 0.193798
vt 0.693278 0.193798
vt 0.193798 0.693291
vt 0.193798 0.553329
vt 0.196246 0.446671
vt 0.196246 0.500000
vt 0.196246 0.395392
vt 0.196246 0.348132
vt 0.196246 0.306709
vt 0.651855 0.196246
vt 0.693278 0.196246
vt 0.604595 0.196246
vt 0.553316 0.196246
vt 0.499987 0.196246
vt 0.446658 0.196246
vt 0.395378 0.196246
vt 0.348119 0.196246
vt 0.306696 0.196246
vt 0.196246 0.348132
vt 0.196246 0.395392
vt 0.196246 0.553329
vt 0.196246 0.604608
vt 0.196246 0.651868
vt 0.196246 0.693291
vt 0.348119 0.196246
vt 0.395379 0.196246
vt 0.446658 0.196246
vt 0.553316 0.196246
vt 0.651855 0.196246
vt 0.693278 0.196246
vt 0.196246 0.693291
vt 0.196246 0.553329
vt 0.198668 0.446671
vt 0.198668 0.500000
vt 0.198668 0.395392
vt 0.198668 0.348132
vt 0.198668 0.306709
vt 0.651855 0.198668
vt 0.693278 0.198668
vt 0.604595 0.198668
vt 0.553316 0.198668
vt 0.499987 0.198668
vt 0.446658 0.198668
vt 0.395378 0.198668
vt 0.348119 0.198668
vt 0.306696 0.198668
vt 0.198668 0.348132
vt 0.198668 0.395392
vt 0.198668 0.553329
vt 0.198668 0.604608
vt 0.198668 0.651868
vt 0.198668 0.693291
vt 0.348119 0.198668
vt 0.395379 0.198668
vt 0.446658 0.198668
vt 0.553316 0.198668
vt 0.651855 0.198668
vt 0.693278 0.198668
vt 0.198668 0.693291
vt 0.198668 0.553329
vt 0.201046 0.446671
vt 0.201046 0.500000
vt 0.201046 0.395392
vt 0.201046 0.348132
vt 0.201046 0.306709
vt 0.651855 0.201046
vt 0.693278 0.201046
vt 0.604595 0.201046
vt 0.553316 0.201046
vt 0.499987 0.201046
vt 0.446658 0.201046
vt 0.395378 0.201046
vt 0.348119 0.201046
vt 0.306696 0.201046
vt 0.201046 0.348132
vt 0.201046 0.395392
vt 0.201046 0.553329
vt 0.201046 0.604608
vt 0.201046 0.651868
vt 0.201046 0.693291
vt 0.348119 0.201046
vt 0.395379 0.201046
vt 0.446658 0.201046
vt 0.553316 0.201046
vt 0.651855 0.201046
vt 0.693278 0.201046
vt 0.201046 0.693291
vt 0.201046 0.553329
vt 0.203362 0.446671
vt 0.203362 0.500000
vt 0.203362 0.395392
vt 0.203362 0.348132
vt 0.203362 0.306709
vt 0.651855 0.203362
vt 0.693278 0.203362
vt 0.604595 0.203362
vt 0.553316 0.203362
vt 0.499987 0.203362
vt 0.446658 0.203362
vt 0.395378 0.203362
vt 0.348119 0.203362
vt 0.306696 0.203362
vt 0.203362 0.348132
vt 0.203362 0.395392
vt 0.203362 0.553329
vt 0.203362 0.604608
vt 0.203362 0.651868
vt 0.203362 0.693291
vt 0.348119 0.203362
vt 0.395379 0.203362
vt 0.446658 0.203362
vt 0.553316 0.203362
vt 0.651855 0.203362
vt 0.693278 0.203362
vt 0.203362 0.693291
vt 0.203362 0.553329
vt 0.205599 0.446671
vt 0.205599 0.500000
vt 0.205599 0.395392
vt 0.205599 0.348132
vt 0.205599 0.306709
vt 0.651855 0.205599
vt 0.693278 0.205599
vt 0.604595 0.205599
vt 0.553316 0.205599
vt 0.499987 0.205599
vt 0.446658 0.205599
vt 0.395378 0.205599
vt 0.348119 0.205599
vt 0.306696 0.205599
vt 0.205599 0.348132
vt 0.205599 0.395392
vt 0.205599 0.553329
vt 0.205599 0.604608
vt 0.205599 0.651868
vt 0.205599 0.693291
vt 0.348119 0.205599
vt 0.395379 0.205599
vt 0.446658 0.205599
vt 0.553316 0.205599
vt 0.651855 0.205599
vt 0.693278 0.205599
vt 0.205599 0.693291
vt 0.205599 0.553329
vt 0.207738 0.446671
vt 0.207738 0.500000
vt 0.207738 0.395392
vt 0.207738 0.348132
vt 0.207738 0.306709
vt 0.651855 0.207738
vt 0.693278 0.207738
vt 0.604595 0.207738
vt 0.553316 0.207738
vt 0.499987 0.207738
vt 0.446658 0.207738
vt 0.395378 0.207738
vt 0.348119 0.207738
vt 0.306696 0.207738
vt 0.207738 0.348132
vt 0.207738 0.395392
vt 0.207738 0.553329
vt 0.207738 0.604608
vt 0.207738 0.651868
vt 0.207738 0.693291
vt 0.348119 0.207738
vt 0.395379 0.207738
vt 0.446658 0.207738
vt 0.553316 0.207738
vt 0.651855 0.207738
vt 0.693278 0.207738
vt 0.207738 0.693291
vt 0.207738 0.553329
vt 0.209762 0.446671
vt 0.209762 0.500000
vt 0.209762 0.395392
vt 0.209762 0.348132
vt 0.209762 0.306709
vt 0.651855 0.209762
vt 0.693278 0.209762
vt 0.604595 0.209762
vt 0.553316 0.209762
vt 0.499987 0.209762
vt 0.446658 0.209762
vt 0.395378 0.209762
vt 0.348119 0.209762
vt 0.306696 0.209762
vt 0.209762 0.348132
vt 0.209762 0.395392
vt 0.209762 0.553329
vt 0.209762 0.604608
vt 0.209762 0.651868
vt 0.209762 0.693291
vt 0.348119 0.209762
vt 0.395379 0.209762
vt 0.446658 0.209762
vt 0.553316 0.209762
vt 0.651855 0.209762
vt 0.693278 0.209762
vt 0.209762 0.693291
vt 0.209762 0.553329
vt 0.213226 0.446829
vt 0.213226 0.500000
vt 0.213226 0.395701
vt 0.213226 0.348581
vt 0.213226 0.307281
vt 0.651405 0.213226
vt 0.692706 0.213226
vt 0.604286 0.213226
vt 0.553158 0.213226
vt 0.499987 0.213226
vt 0.446816 0.213226
vt 0.395688 0.213226
vt 0.348568 0.213226
vt 0.307267 0.213226
vt 0.213226 0.348581
vt 0.213226 0.395701
vt 0.213226 0.553171
vt 0.213226 0.604299
vt 0.213226 0.651419
vt 0.213226 0.692719
vt 0.348568 0.213226
vt 0.307268 0.213226
vt 0.395688 0.213226
vt 0.446816 0.213226
vt 0.553158 0.213226
vt 0.604286 0.213226
vt 0.651405 0.213226
vt 0.692706 0.213226
vt 0.213226 0.692719
vt 0.213226 0.553171
vt 0.215874 0.447265
vt 0.215874 0.500000
vt 0.215874 0.396557
vt 0.215874 0.349823
vt 0.726601 0.348581
vt 0.692706 0.307281
vt 0.691125 0.308862
vt 0.724742 0.349823
vt 0.651405 0.273386
vt 0.650163 0.275245
vt 0.603430 0.215874
vt 0.650163 0.215874
vt 0.552722 0.215874
vt 0.499987 0.215874
vt 0.447252 0.215874
vt 0.396543 0.215874
vt 0.349810 0.215874
vt 0.348568 0.273386
vt 0.307267 0.307281
vt 0.308848 0.308862
vt 0.349810 0.275245
vt 0.273373 0.348581
vt 0.275232 0.349824
vt 0.215874 0.396557
vt 0.215874 0.349824
vt 0.215874 0.552735
vt 0.215874 0.603443
vt 0.215874 0.650177
vt 0.273373 0.651419
vt 0.307268 0.692719
vt 0.308848 0.691139
vt 0.275232 0.650177
vt 0.348568 0.726614
vt 0.349810 0.724755
vt 0.396544 0.215874
vt 0.349810 0.215874
vt 0.603430 0.215874
vt 0.650163 0.215874
vt 0.651405 0.726614
vt 0.692706 0.692719
vt 0.691125 0.691138
vt 0.650163 0.724755
vt 0.726601 0.651419
vt 0.724742 0.650177
vt 0.215874 0.552735
vt 0.770297 0.500000
vt 0.765103 0.447265
vt 0.761790 0.447924
vt 0.766919 0.500000
vt 0.749721 0.396557
vt 0.746600 0.397849
vt 0.721933 0.351700
vt 0.688736 0.311250
vt 0.648286 0.278054
vt 0.603430 0.250266
vt 0.602137 0.253387
vt 0.552722 0.234883
vt 0.552063 0.238197
vt 0.499987 0.229689
vt 0.499987 0.233068
vt 0.447252 0.234883
vt 0.447911 0.238197
vt 0.396543 0.250266
vt 0.397836 0.253387
vt 0.351687 0.278054
vt 0.311237 0.311250
vt 0.278041 0.351700
vt 0.250252 0.396557
vt 0.253374 0.397849
vt 0.234870 0.447265
vt 0.238183 0.447924
vt 0.229676 0.500000
vt 0.233054 0.500000
vt 0.234870 0.552735
vt 0.238184 0.552076
vt 0.250252 0.603443
vt 0.253374 0.602151
vt 0.278041 0.648300
vt 0.311237 0.688750
vt 0.351687 0.721946
vt 0.396544 0.749734
vt 0.397836 0.746613
vt 0.447252 0.765117
vt 0.447911 0.761803
vt 0.499987 0.770311
vt 0.499987 0.766932
vt 0.552722 0.765117
vt 0.552063 0.761803
vt 0.603430 0.749734
vt 0.602137 0.746613
vt 0.648287 0.721946
vt 0.688736 0.688750
vt 0.721933 0.648300
vt 0.749721 0.603443
vt 0.746600 0.602151
vt 0.765103 0.552735
vt 0.761790 0.552076
vt 0.757635 0.448751
vt 0.762683 0.500000
vt 0.742686 0.399471
vt 0.718411 0.354054
vt 0.685741 0.314246
vt 0.645933 0.281576
vt 0.600516 0.257300
vt 0.551236 0.242352
vt 0.499987 0.237304
vt 0.448737 0.242352
vt 0.399457 0.257300
vt 0.354041 0.281576
vt 0.314233 0.314246
vt 0.281563 0.354054
vt 0.257287 0.399471
vt 0.242338 0.448751
vt 0.237291 0.500000
vt 0.242338 0.551250
vt 0.257287 0.600529
vt 0.281563 0.645946
vt 0.314233 0.685754
vt 0.354041 0.718424
vt 0.399457 0.742700
vt 0.448737 0.757648
vt 0.499987 0.762696
vt 0.551236 0.757648
vt 0.600516 0.742700
vt 0.645933 0.718424
vt 0.685741 0.685754
vt 0.718411 0.645946
vt 0.742686 0.600529
vt 0.757635 0.551249
vt 0.752918 0.449689
vt 0.757873 0.500000
vt 0.738243 0.401311
vt 0.714412 0.356726
vt 0.682340 0.317647
vt 0.643261 0.285575
vt 0.598676 0.261744
vt 0.550298 0.247069
vt 0.499987 0.242113
vt 0.449676 0.247069
vt 0.401298 0.261744
vt 0.356713 0.285575
vt 0.317633 0.317647
vt 0.285562 0.356726
vt 0.261731 0.401311
vt 0.247055 0.449689
vt 0.242100 0.500000
vt 0.247055 0.550311
vt 0.261731 0.598689
vt 0.285562 0.643274
vt 0.317634 0.682353
vt 0.356713 0.714425
vt 0.401298 0.738256
vt 0.449676 0.752931
vt 0.499987 0.757887
vt 0.550298 0.752931
vt 0.598676 0.738256
vt 0.643261 0.714425
vt 0.682340 0.682353
vt 0.714412 0.643274
vt 0.738243 0.598689
vt 0.752918 0.550311
vt 0.747918 0.450683
vt 0.752775 0.500000
vt 0.733533 0.403262
vt 0.710173 0.359558
vt 0.678735 0.321252
vt 0.640428 0.289814
vt 0.596725 0.266454
vt 0.549303 0.252069
vt 0.499987 0.247212
vt 0.450670 0.252069
vt 0.403249 0.266454
vt 0.359545 0.289814
vt 0.321238 0.321252
vt 0.289801 0.359558
vt 0.266441 0.403262
vt 0.252056 0.450683
vt 0.247198 0.500000
vt 0.252056 0.549317
vt 0.266441 0.596738
vt 0.289801 0.640442
vt 0.321238 0.678748
vt 0.359545 0.710186
vt 0.403249 0.733546
vt 0.450670 0.747931
vt 0.499987 0.752788
vt 0.549303 0.747931
vt 0.596725 0.733546
vt 0.640429 0.710186
vt 0.678735 0.678748
vt 0.710173 0.640442
vt 0.733533 0.596738
vt 0.747918 0.549317
vt 0.742914 0.451679
vt 0.747673 0.500000
vt 0.728819 0.405215
vt 0.705930 0.362393
vt 0.675127 0.324859
vt 0.637594 0.294056
vt 0.594772 0.271168
vt 0.548308 0.257073
vt 0.499987 0.252314
vt 0.451666 0.257073
vt 0.405201 0.271168
vt 0.362380 0.294057
vt 0.324846 0.324859
vt 0.294043 0.362393
vt 0.271155 0.405215
vt 0.257060 0.451679
vt 0.252301 0.500000
vt 0.257060 0.548321
vt 0.271155 0.594785
vt 0.294043 0.637607
vt 0.324846 0.675141
vt 0.362380 0.705944
vt 0.405201 0.728832
vt 0.451666 0.742927
vt 0.499987 0.747686
vt 0.548308 0.742927
vt 0.594772 0.728832
vt 0.637594 0.705943
vt 0.675127 0.675141
vt 0.705930 0.637607
vt 0.728819 0.594785
vt 0.742914 0.548321
vt 0.738185 0.452619
vt 0.742851 0.500000
vt 0.724364 0.407060
vt 0.701921 0.365072
vt 0.671718 0.328269
vt 0.634915 0.298065
vt 0.592927 0.275622
vt 0.547367 0.261802
vt 0.499987 0.257135
vt 0.452606 0.261802
vt 0.407047 0.275622
vt 0.365058 0.298066
vt 0.328256 0.328269
vt 0.298052 0.365072
vt 0.275609 0.407060
vt 0.261789 0.452619
vt 0.257122 0.500000
vt 0.261789 0.547381
vt 0.275609 0.592940
vt 0.298052 0.634928
vt 0.328256 0.671731
vt 0.365059 0.701935
vt 0.407047 0.724378
vt 0.452606 0.738198
vt 0.499987 0.742865
vt 0.547367 0.738198
vt 0.592927 0.724378
vt 0.634915 0.701934
vt 0.671718 0.671731
vt 0.701921 0.634928
vt 0.724364 0.592940
vt 0.738185 0.547381
vt 0.734010 0.453450
vt 0.738595 0.500000
vt 0.720432 0.408689
vt 0.698382 0.367436
vt 0.668708 0.331279
vt 0.632550 0.301605
vt 0.591298 0.279555
vt 0.546537 0.265977
vt 0.499987 0.261392
vt 0.453437 0.265977
vt 0.408675 0.279555
vt 0.367423 0.301605
vt 0.331265 0.331279
vt 0.301591 0.367436
vt 0.279542 0.408689
vt 0.265963 0.453450
vt 0.261379 0.500000
vt 0.265963 0.546550
vt 0.279542 0.591311
vt 0.301591 0.632564
vt 0.331265 0.668721
vt 0.367423 0.698395
vt 0.408675 0.720445
vt 0.453437 0.734023
vt 0.499987 0.738608
vt 0.546537 0.734023
vt 0.591298 0.720445
vt 0.632550 0.698395
vt 0.668708 0.668721
vt 0.698382 0.632564
vt 0.720432 0.591311
vt 0.734010 0.546550
vt 0.730669 0.454114
vt 0.735189 0.500000
vt 0.717285 0.409992
vt 0.695550 0.369329
vt 0.666300 0.333687
vt 0.630658 0.304437
vt 0.589995 0.282702
vt 0.545872 0.269318
vt 0.499987 0.264798
vt 0.454101 0.269318
vt 0.409979 0.282702
vt 0.369316 0.304437
vt 0.333674 0.333687
vt 0.304424 0.369329
vt 0.282689 0.409992
vt 0.269304 0.454114
vt 0.264785 0.500000
vt 0.269304 0.545886
vt 0.282689 0.590008
vt 0.304424 0.630671
vt 0.333674 0.666313
vt 0.369316 0.695563
vt 0.409979 0.717298
vt 0.454101 0.730682
vt 0.499987 0.735202
vt 0.545872 0.730682
vt 0.589995 0.717298
vt 0.630658 0.695563
vt 0.666300 0.666313
vt 0.695550 0.630671
vt 0.717285 0.590008
vt 0.730669 0.545886
vt 0.728441 0.454558
vt 0.732917 0.500000
vt 0.715186 0.410862
vt 0.693661 0.370591
vt 0.664693 0.335294
vt 0.629396 0.306326
vt 0.589125 0.284801
vt 0.545429 0.271546
vt 0.499987 0.267070
vt 0.454544 0.271546
vt 0.410848 0.284801
vt 0.370578 0.306326
vt 0.335281 0.335294
vt 0.306313 0.370591
vt 0.284788 0.410862
vt 0.271533 0.454558
vt 0.267057 0.500000
vt 0.271533 0.545442
vt 0.284788 0.589138
vt 0.306313 0.629409
vt 0.335281 0.664706
vt 0.370578 0.693674
vt 0.410849 0.715199
vt 0.454544 0.728454
vt 0.499987 0.732930
vt 0.545429 0.728454
vt 0.589125 0.715199
vt 0.629396 0.693674
vt 0.664693 0.664706
vt 0.693661 0.629409
vt 0.715186 0.589138
vt 0.728441 0.545442
vt 0.226924 0.500000
vt 0.226924 0.454558
vt 0.229391 0.454724
vt 0.229391 0.500000
vt 0.226924 0.410862
vt 0.229391 0.411188
vt 0.226924 0.370591
vt 0.229391 0.371065
vt 0.226924 0.335294
vt 0.229391 0.335897
vt 0.664693 0.226924
vt 0.629396 0.226924
vt 0.628922 0.229391
vt 0.664090 0.229391
vt 0.589125 0.226924
vt 0.588799 0.229391
vt 0.545429 0.226924
vt 0.545263 0.229391
vt 0.499987 0.226924
vt 0.499987 0.229391
vt 0.454544 0.226924
vt 0.454711 0.229391
vt 0.410848 0.226924
vt 0.411175 0.229391
vt 0.370578 0.226924
vt 0.371052 0.229391
vt 0.335281 0.226924
vt 0.335884 0.229391
vt 0.229391 0.371065
vt 0.226924 0.410862
vt 0.229391 0.411188
vt 0.226924 0.545442
vt 0.229391 0.545276
vt 0.226924 0.589138
vt 0.229391 0.588812
vt 0.226924 0.629409
vt 0.229391 0.628935
vt 0.226924 0.664706
vt 0.229391 0.664103
vt 0.335281 0.226924
vt 0.370578 0.226924
vt 0.371052 0.229391
vt 0.410849 0.226924
vt 0.411175 0.229391
vt 0.454544 0.226924
vt 0.454711 0.229391
vt 0.545429 0.226924
vt 0.545263 0.229391
vt 0.589125 0.226924
vt 0.588799 0.229391
vt 0.629396 0.226924
vt 0.628922 0.229391
vt 0.664693 0.226924
vt 0.664090 0.229391
vt 0.226924 0.664706
vt 0.229391 0.664103
vt 0.226924 0.589138
vt 0.229391 0.545276
vt 0.232160 0.454560
vt 0.232160 0.500000
vt 0.232160 0.410867
vt 0.232160 0.370599
vt 0.232160 0.335304
vt 0.629388 0.232160
vt 0.664683 0.232160
vt 0.589120 0.232160
vt 0.545426 0.232160
vt 0.499987 0.232160
vt 0.454547 0.232160
vt 0.410854 0.232160
vt 0.370586 0.232160
vt 0.335291 0.232160
vt 0.232160 0.410867
vt 0.232160 0.545440
vt 0.232160 0.589133
vt 0.232160 0.629401
vt 0.232160 0.664696
vt 0.370586 0.232160
vt 0.335291 0.232160
vt 0.410854 0.232160
vt 0.454547 0.232160
vt 0.545426 0.232160
vt 0.589120 0.232160
vt 0.664683 0.232160
vt 0.232160 0.664696
vt 0.232160 0.589133
vt 0.232160 0.545439
vt 0.234886 0.454092
vt 0.234886 0.500000
vt 0.234886 0.409947
vt 0.234886 0.369264
vt 0.693649 0.370599
vt 0.664683 0.335304
vt 0.666382 0.333604
vt 0.695647 0.369264
vt 0.629388 0.306338
vt 0.630723 0.304339
vt 0.590039 0.234886
vt 0.630723 0.234886
vt 0.545895 0.234886
vt 0.499987 0.234886
vt 0.454078 0.234886
vt 0.409934 0.234886
vt 0.369251 0.234886
vt 0.370586 0.306338
vt 0.335291 0.335304
vt 0.333591 0.333604
vt 0.369251 0.304339
vt 0.306325 0.370599
vt 0.304326 0.369264
vt 0.234886 0.409947
vt 0.234886 0.369264
vt 0.234886 0.545908
vt 0.234886 0.590053
vt 0.234886 0.630736
vt 0.306325 0.629401
vt 0.335291 0.664696
vt 0.333591 0.666396
vt 0.304326 0.630736
vt 0.370586 0.693662
vt 0.369251 0.695661
vt 0.409934 0.234886
vt 0.369251 0.234886
vt 0.454078 0.234886
vt 0.630723 0.234886
vt 0.629388 0.693662
vt 0.664683 0.664696
vt 0.666382 0.666396
vt 0.630723 0.695661
vt 0.693649 0.629401
vt 0.695647 0.630736
vt 0.735306 0.500000
vt 0.730784 0.454092
vt 0.734371 0.453378
vt 0.738963 0.500000
vt 0.717393 0.409947
vt 0.720772 0.408548
vt 0.698688 0.367232
vt 0.668969 0.331018
vt 0.632755 0.301298
vt 0.590039 0.282594
vt 0.591439 0.279215
vt 0.545895 0.269203
vt 0.546609 0.265616
vt 0.499987 0.264681
vt 0.499987 0.261024
vt 0.454078 0.269203
vt 0.453365 0.265616
vt 0.409934 0.282594
vt 0.408535 0.279215
vt 0.367219 0.301298
vt 0.331005 0.331018
vt 0.301285 0.367232
vt 0.282580 0.409947
vt 0.279202 0.408548
vt 0.269189 0.454092
vt 0.265602 0.453378
vt 0.264668 0.500000
vt 0.261011 0.500000
vt 0.269189 0.545908
vt 0.265602 0.546622
vt 0.282580 0.590053
vt 0.279202 0.591452
vt 0.301285 0.632768
vt 0.331005 0.668982
vt 0.367219 0.698702
vt 0.409934 0.717406
vt 0.408535 0.720785
vt 0.454078 0.730797
vt 0.453365 0.734384
vt 0.499987 0.735319
vt 0.499987 0.738976
vt 0.545895 0.730797
vt 0.546609 0.734384
vt 0.590039 0.717406
vt 0.591439 0.720785
vt 0.632755 0.698702
vt 0.668969 0.668982
vt 0.698688 0.632768
vt 0.717393 0.590053
vt 0.720772 0.591452
vt 0.730784 0.545908
vt 0.734371 0.546622
vt 0.738882 0.452481
vt 0.743562 0.500000
vt 0.725021 0.406788
vt 0.702512 0.364677
vt 0.672221 0.327766
vt 0.635310 0.297474
vt 0.593199 0.274966
vt 0.547506 0.261105
vt 0.499987 0.256425
vt 0.452468 0.261105
vt 0.406775 0.274966
vt 0.364664 0.297474
vt 0.327753 0.327766
vt 0.297461 0.364677
vt 0.274952 0.406788
vt 0.261092 0.452481
vt 0.256411 0.500000
vt 0.261092 0.547519
vt 0.274952 0.593212
vt 0.297461 0.635323
vt 0.327753 0.672234
vt 0.364664 0.702526
vt 0.406775 0.725034
vt 0.452468 0.738895
vt 0.499987 0.743575
vt 0.547506 0.738895
vt 0.593199 0.725034
vt 0.635310 0.702525
vt 0.672221 0.672234
vt 0.702512 0.635323
vt 0.725021 0.593212
vt 0.738882 0.547519
vt 0.744011 0.451461
vt 0.748791 0.500000
vt 0.729852 0.404787
vt 0.706860 0.361772
vt 0.675918 0.324069
vt 0.638215 0.293126
vt 0.595200 0.270135
vt 0.548526 0.255976
vt 0.499987 0.251195
vt 0.451447 0.255976
vt 0.404773 0.270135
vt 0.361758 0.293127
vt 0.324055 0.324069
vt 0.293113 0.361772
vt 0.270121 0.404787
vt 0.255963 0.451461
vt 0.251182 0.500000
vt 0.255963 0.548539
vt 0.270121 0.595213
vt 0.293113 0.638228
vt 0.324055 0.675931
vt 0.361758 0.706874
vt 0.404773 0.729866
vt 0.451447 0.744024
vt 0.499987 0.748805
vt 0.548526 0.744024
vt 0.595200 0.729865
vt 0.638215 0.706873
vt 0.675918 0.675931
vt 0.706860 0.638228
vt 0.729852 0.595213
vt 0.744011 0.548539
vt 0.749452 0.450378
vt 0.754339 0.500000
vt 0.734977 0.402664
vt 0.711473 0.358690
vt 0.679841 0.320146
vt 0.641297 0.288514
vt 0.597323 0.265009
vt 0.549608 0.250535
vt 0.499987 0.245648
vt 0.450365 0.250535
vt 0.402650 0.265009
vt 0.358676 0.288514
vt 0.320133 0.320146
vt 0.288501 0.358690
vt 0.264996 0.402664
vt 0.250522 0.450378
vt 0.245635 0.500000
vt 0.250522 0.549622
vt 0.264996 0.597336
vt 0.288501 0.641310
vt 0.320133 0.679854
vt 0.358676 0.711486
vt 0.402651 0.734991
vt 0.450365 0.749465
vt 0.499987 0.754352
vt 0.549608 0.749465
vt 0.597323 0.734991
vt 0.641297 0.711486
vt 0.679841 0.679854
vt 0.711473 0.641310
vt 0.734977 0.597336
vt 0.749452 0.549622
vt 0.754899 0.449295
vt 0.759893 0.500000
vt 0.740109 0.400538
vt 0.716091 0.355604
vt 0.683768 0.316219
vt 0.644383 0.283896
vt 0.599449 0.259878
vt 0.550692 0.245088
vt 0.499987 0.240094
vt 0.449282 0.245088
vt 0.400525 0.259878
vt 0.355591 0.283896
vt 0.316206 0.316219
vt 0.283883 0.355604
vt 0.259865 0.400538
vt 0.245075 0.449295
vt 0.240081 0.500000
vt 0.245075 0.550705
vt 0.259865 0.599462
vt 0.283883 0.644396
vt 0.316206 0.683781
vt 0.355591 0.716104
vt 0.400525 0.740122
vt 0.449282 0.754912
vt 0.499987 0.759906
vt 0.550692 0.754912
vt 0.599449 0.740122
vt 0.644383 0.716104
vt 0.683768 0.683781
vt 0.716091 0.644396
vt 0.740109 0.599462
vt 0.754899 0.550705
vt 0.760047 0.448271
vt 0.765141 0.500000
vt 0.744958 0.398530
vt 0.720455 0.352688
vt 0.687479 0.312507
vt 0.647299 0.279532
vt 0.601457 0.255029
vt 0.551716 0.239940
vt 0.499987 0.234845
vt 0.448258 0.239940
vt 0.398517 0.255029
vt 0.352675 0.279532
vt 0.312494 0.312507
vt 0.279519 0.352688
vt 0.255016 0.398530
vt 0.239927 0.448271
vt 0.234832 0.500000
vt 0.239927 0.551729
vt 0.255016 0.601470
vt 0.279519 0.647312
vt 0.312494 0.687493
vt 0.352675 0.720468
vt 0.398517 0.744971
vt 0.448258 0.760060
vt 0.499987 0.765155
vt 0.551716 0.760060
vt 0.601457 0.744971
vt 0.647299 0.720468
vt 0.687479 0.687493
vt 0.720455 0.647312
vt 0.744958 0.601470
vt 0.760047 0.551729
vt 0.257519 0.500000
vt 0.257519 0.448271
vt 0.263532 0.447367
vt 0.263532 0.500000
vt 0.257519 0.398530
vt 0.263532 0.396757
vt 0.257519 0.352688
vt 0.263532 0.350115
vt 0.257519 0.312507
vt 0.263532 0.309232
vt 0.687479 0.257519
vt 0.647299 0.257519
vt 0.649872 0.263532
vt 0.690754 0.263532
vt 0.601457 0.257519
vt 0.603230 0.263532
vt 0.551716 0.257519
vt 0.552619 0.263532
vt 0.499987 0.257519
vt 0.499987 0.263532
vt 0.448258 0.257519
vt 0.447354 0.263532
vt 0.398517 0.257519
vt 0.396744 0.263532
vt 0.352675 0.257519
vt 0.350102 0.263532
vt 0.312494 0.257519
vt 0.309219 0.263532
vt 0.257519 0.398530
vt 0.263532 0.396757
vt 0.263532 0.447367
vt 0.257519 0.551729
vt 0.263532 0.552633
vt 0.257519 0.601470
vt 0.263532 0.603243
vt 0.257519 0.647312
vt 0.263532 0.649885
vt 0.257519 0.687493
vt 0.263532 0.690768
vt 0.312494 0.257519
vt 0.352675 0.257519
vt 0.350102 0.263532
vt 0.309219 0.263532
vt 0.398517 0.257519
vt 0.396744 0.263532
vt 0.448258 0.257519
vt 0.447354 0.263532
vt 0.552620 0.263532
vt 0.647299 0.257519
vt 0.649872 0.263532
vt 0.690755 0.263532
vt 0.257519 0.687493
vt 0.263532 0.690768
vt 0.257519 0.551729
vt 0.263532 0.552633
vt 0.270526 0.446645
vt 0.270526 0.500000
vt 0.270526 0.395340
vt 0.270526 0.348058
vt 0.270526 0.306614
vt 0.651929 0.270526
vt 0.693373 0.270526
vt 0.604646 0.270526
vt 0.553342 0.270526
vt 0.499987 0.270526
vt 0.446632 0.270526
vt 0.395327 0.270526
vt 0.348045 0.270526
vt 0.306601 0.270526
vt 0.270526 0.395340
vt 0.270526 0.446645
vt 0.270526 0.553355
vt 0.270526 0.604660
vt 0.270526 0.651942
vt 0.270526 0.693386
vt 0.348045 0.270526
vt 0.306601 0.270526
vt 0.395327 0.270526
vt 0.446632 0.270526
vt 0.553342 0.270526
vt 0.604647 0.270526
vt 0.651929 0.270526
vt 0.693373 0.270526
vt 0.270526 0.693386
vt 0.270526 0.604660
vt 0.270526 0.553355
vt 0.278630 0.446165
vt 0.278630 0.500000
vt 0.278630 0.394398
vt 0.278630 0.346690
vt 0.278630 0.304873
vt 0.653297 0.278630
vt 0.695113 0.278630
vt 0.605589 0.278630
vt 0.553822 0.278630
vt 0.499987 0.278630
vt 0.446151 0.278630
vt 0.394385 0.278630
vt 0.346677 0.278630
vt 0.304860 0.278630
vt 0.278630 0.346690
vt 0.278630 0.394398
vt 0.278630 0.553835
vt 0.278630 0.605602
vt 0.278630 0.653310
vt 0.278630 0.695127
vt 0.346677 0.278630
vt 0.394385 0.278630
vt 0.446151 0.278630
vt 0.553822 0.278630
vt 0.653297 0.278630
vt 0.695114 0.278630
vt 0.278630 0.695127
vt 0.278630 0.553835
vt 0.287971 0.445987
vt 0.287971 0.500000
vt 0.287971 0.394050
vt 0.287971 0.346185
vt 0.287971 0.304230
vt 0.653802 0.287971
vt 0.695757 0.287971
vt 0.605937 0.287971
vt 0.554000 0.287971
vt 0.499987 0.287971
vt 0.445974 0.287971
vt 0.394037 0.287971
vt 0.346171 0.287971
vt 0.304217 0.287971
vt 0.287971 0.346185
vt 0.287971 0.394050
vt 0.287971 0.445987
vt 0.287971 0.554013
vt 0.287971 0.605950
vt 0.287971 0.653815
vt 0.287971 0.695770
vt 0.346172 0.287971
vt 0.304217 0.287971
vt 0.394037 0.287971
vt 0.445974 0.287971
vt 0.554000 0.287971
vt 0.695757 0.287971
vt 0.287971 0.695770
vt 0.287971 0.554013
vt 0.298969 0.446300
vt 0.298969 0.500000
vt 0.298969 0.394663
vt 0.298969 0.347075
vt 0.298969 0.305363
vt 0.652912 0.298969
vt 0.694624 0.298969
vt 0.605324 0.298969
vt 0.553687 0.298969
vt 0.499987 0.298969
vt 0.446287 0.298969
vt 0.394650 0.298969
vt 0.347062 0.298969
vt 0.305350 0.298969
vt 0.298969 0.394663
vt 0.298969 0.446300
vt 0.298969 0.553700
vt 0.298969 0.605337
vt 0.298969 0.652925
vt 0.298969 0.694637
vt 0.347062 0.298969
vt 0.305350 0.298969
vt 0.394650 0.298969
vt 0.446287 0.298969
vt 0.553687 0.298969
vt 0.298969 0.652925
vt 0.298969 0.694637
vt 0.298969 0.553700
vt 0.310012 0.447175
vt 0.310012 0.500000
vt 0.310012 0.396380
vt 0.310012 0.349568
vt 0.310012 0.308536
vt 0.650419 0.310012
vt 0.691451 0.310012
vt 0.603606 0.310012
vt 0.552812 0.310012
vt 0.499987 0.310012
vt 0.447162 0.310012
vt 0.396367 0.310012
vt 0.349555 0.310012
vt 0.308523 0.310012
vt 0.310012 0.308536
vt 0.310012 0.396381
vt 0.310012 0.447175
vt 0.310012 0.552825
vt 0.310012 0.603620
vt 0.310012 0.650432
vt 0.310012 0.691464
vt 0.349555 0.310012
vt 0.396367 0.310012
vt 0.447162 0.310012
vt 0.552812 0.310012
vt 0.691451 0.310012
vt 0.310012 0.691464
vt 0.310012 0.552825
vt 0.320992 0.448501
vt 0.320992 0.500000
vt 0.320992 0.398982
vt 0.320992 0.353344
vt 0.320992 0.313343
vt 0.646643 0.320992
vt 0.686644 0.320992
vt 0.601005 0.320992
vt 0.551485 0.320992
vt 0.499987 0.320992
vt 0.448488 0.320992
vt 0.398969 0.320992
vt 0.353331 0.320992
vt 0.313329 0.320992
vt 0.320992 0.353344
vt 0.320992 0.313343
vt 0.320992 0.551499
vt 0.320992 0.601018
vt 0.320992 0.646656
vt 0.320992 0.686657
vt 0.353331 0.320992
vt 0.398969 0.320992
vt 0.448488 0.320992
vt 0.551486 0.320992
vt 0.320992 0.686657
vt 0.320992 0.551499
vt 0.331803 0.450166
vt 0.331803 0.500000
vt 0.331803 0.402247
vt 0.331803 0.358085
vt 0.719473 0.353344
vt 0.686644 0.313343
vt 0.680611 0.319376
vt 0.712378 0.358085
vt 0.646643 0.280514
vt 0.641902 0.287608
vt 0.597740 0.331803
vt 0.641902 0.331803
vt 0.549821 0.331803
vt 0.499987 0.331803
vt 0.450153 0.331803
vt 0.402234 0.331803
vt 0.358071 0.331803
vt 0.353331 0.280514
vt 0.313329 0.313343
vt 0.319363 0.319376
vt 0.358071 0.287608
vt 0.280501 0.353344
vt 0.287595 0.358084
vt 0.331803 0.402247
vt 0.331803 0.358084
vt 0.331803 0.450166
vt 0.331803 0.549834
vt 0.331803 0.597753
vt 0.331803 0.641916
vt 0.280501 0.646656
vt 0.313329 0.686657
vt 0.319363 0.680624
vt 0.287595 0.641916
vt 0.353331 0.719486
vt 0.358071 0.712392
vt 0.402234 0.331803
vt 0.358071 0.331803
vt 0.450153 0.331803
vt 0.499987 0.331803
vt 0.646643 0.719486
vt 0.686644 0.686657
vt 0.680611 0.680624
vt 0.641902 0.712391
vt 0.719473 0.646656
vt 0.712378 0.641916
vt 0.331803 0.597753
vt 0.331803 0.549834
vt 0.342338 0.452057
vt 0.342338 0.500000
vt 0.342338 0.405956
vt 0.735984 0.402247
vt 0.704319 0.363469
vt 0.727029 0.405956
vt 0.673757 0.326229
vt 0.636517 0.295667
vt 0.597740 0.264003
vt 0.594031 0.272958
vt 0.547930 0.342338
vt 0.594031 0.342338
vt 0.499987 0.342338
vt 0.452044 0.342338
vt 0.405943 0.342338
vt 0.402234 0.264003
vt 0.363456 0.295667
vt 0.405943 0.272958
vt 0.326216 0.326229
vt 0.295654 0.363469
vt 0.263990 0.402247
vt 0.272945 0.405956
vt 0.342338 0.452057
vt 0.342338 0.405956
vt 0.342338 0.547943
vt 0.342338 0.594044
vt 0.263990 0.597753
vt 0.295654 0.636531
vt 0.272945 0.594044
vt 0.326216 0.673771
vt 0.363456 0.704333
vt 0.402234 0.735997
vt 0.405943 0.727042
vt 0.452044 0.342338
vt 0.405943 0.342338
vt 0.499987 0.342338
vt 0.597740 0.735997
vt 0.636518 0.704333
vt 0.594031 0.727042
vt 0.673757 0.673771
vt 0.704319 0.636531
vt 0.735984 0.597753
vt 0.727029 0.594044
vt 0.342338 0.547943
vt 0.342338 0.594044
vt 0.745736 0.500000
vt 0.741014 0.452057
vt 0.730933 0.454062
vt 0.735458 0.500000
vt 0.717534 0.409889
vt 0.695774 0.369179
vt 0.666490 0.333497
vt 0.630808 0.304213
vt 0.590098 0.282453
vt 0.547930 0.258973
vt 0.545925 0.269053
vt 0.499987 0.254251
vt 0.499987 0.264529
vt 0.452044 0.258973
vt 0.454049 0.269053
vt 0.409876 0.282453
vt 0.369166 0.304213
vt 0.333484 0.333497
vt 0.304200 0.369179
vt 0.282440 0.409889
vt 0.258960 0.452057
vt 0.269040 0.454062
vt 0.254238 0.500000
vt 0.264516 0.500000
vt 0.258960 0.547943
vt 0.269040 0.545938
vt 0.282440 0.590111
vt 0.304200 0.630821
vt 0.333484 0.666503
vt 0.369166 0.695787
vt 0.409876 0.717547
vt 0.452044 0.741027
vt 0.454049 0.730947
vt 0.499987 0.745749
vt 0.499987 0.735471
vt 0.547930 0.741027
vt 0.545925 0.730947
vt 0.590098 0.717547
vt 0.630808 0.695787
vt 0.666490 0.666503
vt 0.695774 0.630821
vt 0.717534 0.590111
vt 0.741014 0.547943
vt 0.730933 0.545938
vt 0.720844 0.456069
vt 0.725170 0.500000
vt 0.708029 0.413826
vt 0.687220 0.374895
vt 0.659216 0.340771
vt 0.625092 0.312767
vt 0.586161 0.291957
vt 0.543918 0.279143
vt 0.499987 0.274816
vt 0.456056 0.279143
vt 0.413813 0.291957
vt 0.374881 0.312767
vt 0.340758 0.340771
vt 0.312753 0.374895
vt 0.291944 0.413826
vt 0.279130 0.456069
vt 0.274803 0.500000
vt 0.279130 0.543931
vt 0.291944 0.586174
vt 0.312753 0.625105
vt 0.340758 0.659229
vt 0.374882 0.687233
vt 0.413813 0.708043
vt 0.456056 0.720857
vt 0.499987 0.725184
vt 0.543918 0.720857
vt 0.586161 0.708043
vt 0.625092 0.687233
vt 0.659216 0.659229
vt 0.687220 0.625105
vt 0.708029 0.586174
vt 0.720844 0.543931
vt 0.711308 0.457966
vt 0.715448 0.500000
vt 0.699047 0.417547
vt 0.679136 0.380296
vt 0.652341 0.347646
vt 0.619691 0.320851
vt 0.582440 0.300940
vt 0.542021 0.288679
vt 0.499987 0.284539
vt 0.457952 0.288679
vt 0.417533 0.300940
vt 0.380283 0.320851
vt 0.347633 0.347646
vt 0.320837 0.380296
vt 0.300927 0.417547
vt 0.288666 0.457966
vt 0.284526 0.500000
vt 0.288666 0.542034
vt 0.300927 0.582453
vt 0.320837 0.619704
vt 0.347633 0.652354
vt 0.380283 0.679149
vt 0.417533 0.699060
vt 0.457952 0.711321
vt 0.499987 0.715461
vt 0.542021 0.711321
vt 0.582440 0.699060
vt 0.619691 0.679149
vt 0.652341 0.652354
vt 0.679136 0.619704
vt 0.699047 0.582453
vt 0.711308 0.542034
vt 0.702890 0.459640
vt 0.706865 0.500000
vt 0.691118 0.420831
vt 0.672000 0.385064
vt 0.646272 0.353715
vt 0.614922 0.327987
vt 0.579156 0.308869
vt 0.540347 0.297096
vt 0.499987 0.293121
vt 0.459627 0.297097
vt 0.420818 0.308869
vt 0.385051 0.327987
vt 0.353702 0.353715
vt 0.327974 0.385064
vt 0.308856 0.420831
vt 0.297083 0.459640
vt 0.293108 0.500000
vt 0.297083 0.540360
vt 0.308856 0.579169
vt 0.327974 0.614936
vt 0.353702 0.646285
vt 0.385051 0.672013
vt 0.420818 0.691131
vt 0.459627 0.702904
vt 0.499987 0.706879
vt 0.540347 0.702904
vt 0.579156 0.691131
vt 0.614922 0.672013
vt 0.646272 0.646285
vt 0.672000 0.614936
vt 0.691118 0.579169
vt 0.702890 0.540360
vt 0.379591 0.500000
vt 0.379591 0.459640
vt 0.387150 0.460980
vt 0.387150 0.500000
vt 0.379591 0.420831
vt 0.387150 0.423459
vt 0.666290 0.388880
vt 0.684773 0.423459
vt 0.641416 0.358571
vt 0.611107 0.333697
vt 0.576528 0.315214
vt 0.579156 0.379591
vt 0.540347 0.379591
vt 0.539007 0.387150
vt 0.576528 0.387150
vt 0.499987 0.379591
vt 0.499987 0.387150
vt 0.459627 0.379591
vt 0.460967 0.387150
vt 0.420818 0.379591
vt 0.423446 0.387150
vt 0.388867 0.333697
vt 0.423446 0.315214
vt 0.358558 0.358571
vt 0.333684 0.388880
vt 0.315201 0.423459
vt 0.379591 0.459640
vt 0.387150 0.460980
vt 0.379591 0.540360
vt 0.387150 0.539020
vt 0.379591 0.579169
vt 0.387150 0.576541
vt 0.333684 0.611120
vt 0.315201 0.576541
vt 0.358558 0.641429
vt 0.388867 0.666303
vt 0.423446 0.684786
vt 0.420818 0.379591
vt 0.459627 0.379591
vt 0.460967 0.387150
vt 0.423446 0.387150
vt 0.499987 0.379591
vt 0.499987 0.387150
vt 0.611107 0.666303
vt 0.576528 0.684786
vt 0.641416 0.641429
vt 0.666290 0.611120
vt 0.684773 0.576541
vt 0.379591 0.579169
vt 0.387150 0.576541
vt 0.393794 0.461873
vt 0.393794 0.500000
vt 0.393794 0.425211
vt 0.387150 0.388880
vt 0.393794 0.391423
vt 0.387150 0.358571
vt 0.393794 0.361808
vt 0.641416 0.387150
vt 0.611107 0.387150
vt 0.608564 0.393794
vt 0.638179 0.393794
vt 0.574776 0.393794
vt 0.538114 0.393794
vt 0.499987 0.393794
vt 0.461860 0.393794
vt 0.425198 0.393794
vt 0.388867 0.387150
vt 0.391410 0.393794
vt 0.358558 0.387150
vt 0.361794 0.393794
vt 0.393794 0.361808
vt 0.393794 0.461873
vt 0.393794 0.538127
vt 0.393794 0.574789
vt 0.387150 0.611120
vt 0.393794 0.608577
vt 0.387150 0.641429
vt 0.393794 0.638192
vt 0.388867 0.387150
vt 0.391410 0.393794
vt 0.425198 0.393794
vt 0.461860 0.393794
vt 0.499987 0.393794
vt 0.574776 0.393794
vt 0.611107 0.387150
vt 0.393794 0.608577
vt 0.393794 0.638192
vt 0.393794 0.574789
vt 0.399417 0.462207
vt 0.399417 0.500000
vt 0.399417 0.425866
vt 0.399417 0.392374
vt 0.399417 0.363019
vt 0.607612 0.399417
vt 0.636968 0.399417
vt 0.574121 0.399417
vt 0.537780 0.399417
vt 0.499987 0.399417
vt 0.462194 0.399417
vt 0.425853 0.399417
vt 0.392361 0.399417
vt 0.363005 0.399417
vt 0.399417 0.392374
vt 0.399417 0.363018
vt 0.399417 0.462207
vt 0.399417 0.537793
vt 0.399417 0.574134
vt 0.399417 0.607626
vt 0.399417 0.636981
vt 0.392361 0.399417
vt 0.425853 0.399417
vt 0.462194 0.399417
vt 0.499987 0.399417
vt 0.636968 0.399417
vt 0.399417 0.607626
vt 0.399417 0.574134
vt 0.404156 0.462225
vt 0.404156 0.500000
vt 0.404156 0.425902
vt 0.404156 0.392426
vt 0.404156 0.363084
vt 0.607561 0.404156
vt 0.636902 0.404156
vt 0.574085 0.404156
vt 0.537762 0.404156
vt 0.499987 0.404156
vt 0.462212 0.404156
vt 0.425889 0.404156
vt 0.392413 0.404156
vt 0.363071 0.404156
vt 0.404156 0.392426
vt 0.404156 0.425902
vt 0.404156 0.462225
vt 0.404156 0.537775
vt 0.404156 0.574098
vt 0.404156 0.607574
vt 0.404156 0.636916
vt 0.392413 0.404156
vt 0.425889 0.404156
vt 0.462212 0.404156
vt 0.499987 0.404156
vt 0.537762 0.404156
vt 0.404156 0.607574
vt 0.404156 0.636915
vt 0.404156 0.574098
vt 0.408482 0.462257
vt 0.408482 0.500000
vt 0.408482 0.425965
vt 0.408482 0.392518
vt 0.408482 0.363201
vt 0.607469 0.408482
vt 0.636786 0.408482
vt 0.574022 0.408482
vt 0.537730 0.408482
vt 0.499987 0.408482
vt 0.462244 0.408482
vt 0.425952 0.408482
vt 0.392505 0.408482
vt 0.363188 0.408482
vt 0.408482 0.392518
vt 0.408482 0.363201
vt 0.408482 0.462257
vt 0.408482 0.537743
vt 0.408482 0.574035
vt 0.408482 0.607482
vt 0.408482 0.636799
vt 0.392505 0.408482
vt 0.363188 0.408482
vt 0.425952 0.408482
vt 0.462244 0.408482
vt 0.499987 0.408482
vt 0.636786 0.408482
vt 0.408482 0.636799
vt 0.412395 0.462320
vt 0.412395 0.500000
vt 0.412395 0.426089
vt 0.412395 0.392697
vt 0.412395 0.363430
vt 0.607289 0.412395
vt 0.636557 0.412395
vt 0.573898 0.412395
vt 0.537666 0.412395
vt 0.499987 0.412395
vt 0.462307 0.412395
vt 0.426075 0.412395
vt 0.392684 0.412395
vt 0.363416 0.412395
vt 0.412395 0.392697
vt 0.412395 0.363430
vt 0.412395 0.462320
vt 0.412395 0.537680
vt 0.412395 0.573911
vt 0.412395 0.607303
vt 0.412395 0.636570
vt 0.392684 0.412395
vt 0.363416 0.412395
vt 0.462307 0.412395
vt 0.499987 0.412395
vt 0.607290 0.412395
vt 0.412395 0.607303
vt 0.412395 0.636570
vt 0.412395 0.573911
vt 0.415895 0.462431
vt 0.415895 0.500000
vt 0.415895 0.426305
vt 0.415895 0.393012
vt 0.415895 0.363830
vt 0.606975 0.415895
vt 0.636157 0.415895
vt 0.573681 0.415895
vt 0.537556 0.415895
vt 0.499987 0.415895
vt 0.462418 0.415895
vt 0.426292 0.415895
vt 0.392999 0.415895
vt 0.363817 0.415895
vt 0.415895 0.462431
vt 0.415895 0.537569
vt 0.415895 0.573695
vt 0.415895 0.606988
vt 0.415895 0.636170
vt 0.392999 0.415895
vt 0.426292 0.415895
vt 0.462418 0.415895
vt 0.499987 0.415895
vt 0.415895 0.606988
vt 0.415895 0.573695
vt 0.415895 0.537569
vt 0.418982 0.462606
vt 0.418982 0.500000
vt 0.418982 0.426648
vt 0.418982 0.393510
vt 0.418982 0.364463
vt 0.606477 0.418982
vt 0.635523 0.418982
vt 0.573339 0.418982
vt 0.537381 0.418982
vt 0.499987 0.418982
vt 0.462592 0.418982
vt 0.426635 0.418982
vt 0.393496 0.418982
vt 0.364450 0.418982
vt 0.418982 0.364463
vt 0.418982 0.462606
vt 0.418982 0.537394
vt 0.418982 0.573352
vt 0.418982 0.606490
vt 0.418982 0.635537
vt 0.393496 0.418982
vt 0.426635 0.418982
vt 0.462592 0.418982
vt 0.499987 0.418982
vt 0.537381 0.418982
vt 0.418982 0.635536
vt 0.418982 0.573352
vt 0.421654 0.462861
vt 0.421654 0.500000
vt 0.421654 0.427150
vt 0.421654 0.394238
vt 0.421654 0.365390
vt 0.605749 0.421654
vt 0.634596 0.421654
vt 0.572837 0.421654
vt 0.537126 0.421654
vt 0.499987 0.421654
vt 0.462848 0.421654
vt 0.427137 0.421654
vt 0.394225 0.421654
vt 0.365377 0.421654
vt 0.421654 0.394238
vt 0.421654 0.365390
vt 0.421654 0.462861
vt 0.421654 0.537139
vt 0.421654 0.572850
vt 0.421654 0.605762
vt 0.421654 0.634610
vt 0.394225 0.421654
vt 0.427137 0.421654
vt 0.462848 0.421654
vt 0.499987 0.421654
vt 0.634596 0.421654
vt 0.421654 0.605762
vt 0.421654 0.572850
vt 0.423913 0.463215
vt 0.423913 0.500000
vt 0.423913 0.427843
vt 0.423913 0.395245
vt 0.658271 0.394238
vt 0.634596 0.365390
vt 0.633315 0.366672
vt 0.656764 0.395245
vt 0.605749 0.341716
vt 0.604742 0.343222
vt 0.572144 0.423913
vt 0.604742 0.423913
vt 0.536772 0.423913
vt 0.499987 0.423913
vt 0.463202 0.423913
vt 0.427830 0.423913
vt 0.395231 0.423913
vt 0.394225 0.341716
vt 0.365377 0.365390
vt 0.366658 0.366672
vt 0.395231 0.343222
vt 0.341703 0.394238
vt 0.343209 0.395245
vt 0.423913 0.395245
vt 0.423913 0.463215
vt 0.423913 0.536785
vt 0.423913 0.572157
vt 0.423913 0.604755
vt 0.341703 0.605762
vt 0.365377 0.634610
vt 0.366658 0.633328
vt 0.343209 0.604755
vt 0.394225 0.658284
vt 0.395231 0.656778
vt 0.427830 0.423913
vt 0.395231 0.423913
vt 0.463202 0.423913
vt 0.499987 0.423913
vt 0.605749 0.658284
vt 0.634596 0.634610
vt 0.633315 0.633328
vt 0.604742 0.656778
vt 0.658271 0.605762
vt 0.656764 0.604755
vt 0.423913 0.572157
vt 0.688542 0.500000
vt 0.684919 0.463215
vt 0.682566 0.463683
vt 0.686143 0.500000
vt 0.674189 0.427843
vt 0.671973 0.428761
vt 0.654770 0.396577
vt 0.631619 0.368368
vt 0.603410 0.345217
vt 0.572144 0.325798
vt 0.571226 0.328014
vt 0.536772 0.315068
vt 0.536304 0.317421
vt 0.499987 0.311445
vt 0.499987 0.313844
vt 0.463202 0.315068
vt 0.463670 0.317421
vt 0.427830 0.325798
vt 0.428748 0.328014
vt 0.396564 0.345217
vt 0.368355 0.368368
vt 0.345204 0.396577
vt 0.325785 0.427843
vt 0.328001 0.428761
vt 0.315055 0.463215
vt 0.317408 0.463683
vt 0.311432 0.500000
vt 0.313831 0.500000
vt 0.315055 0.536785
vt 0.317408 0.536317
vt 0.325785 0.572157
vt 0.328001 0.571239
vt 0.345204 0.603423
vt 0.368355 0.631632
vt 0.396564 0.654783
vt 0.427830 0.674202
vt 0.428748 0.671986
vt 0.463202 0.684932
vt 0.463670 0.682579
vt 0.499987 0.688555
vt 0.499987 0.686156
vt 0.536772 0.684932
vt 0.536304 0.682579
vt 0.572144 0.674202
vt 0.571226 0.671986
vt 0.603410 0.654783
vt 0.631619 0.631632
vt 0.654770 0.603423
vt 0.674189 0.572157
vt 0.671973 0.571239
vt 0.684919 0.536785
vt 0.682566 0.536317
vt 0.679554 0.464282
vt 0.683071 0.500000
vt 0.669135 0.429937
vt 0.652216 0.398284
vt 0.629447 0.370540
vt 0.601703 0.347771
vt 0.570050 0.330852
vt 0.535705 0.320433
vt 0.499987 0.316915
vt 0.464269 0.320433
vt 0.429923 0.330852
vt 0.398270 0.347771
vt 0.370526 0.370540
vt 0.347757 0.398284
vt 0.330839 0.429937
vt 0.320420 0.464282
vt 0.316902 0.500000
vt 0.320420 0.535718
vt 0.330839 0.570063
vt 0.347757 0.601716
vt 0.370526 0.629460
vt 0.398270 0.652229
vt 0.429923 0.669148
vt 0.464269 0.679567
vt 0.499987 0.683085
vt 0.535705 0.679567
vt 0.570050 0.669148
vt 0.601703 0.652229
vt 0.629447 0.629460
vt 0.652216 0.601716
vt 0.669135 0.570063
vt 0.679554 0.535718
vt 0.675797 0.465029
vt 0.679242 0.500000
vt 0.665597 0.431402
vt 0.649032 0.400411
vt 0.626739 0.373248
vt 0.599575 0.350955
vt 0.568585 0.334390
vt 0.534958 0.324189
vt 0.499987 0.320745
vt 0.465016 0.324190
vt 0.431389 0.334390
vt 0.400398 0.350955
vt 0.373235 0.373248
vt 0.350942 0.400411
vt 0.334377 0.431402
vt 0.324176 0.465029
vt 0.320732 0.500000
vt 0.324176 0.534971
vt 0.334377 0.568598
vt 0.350942 0.599589
vt 0.373235 0.626752
vt 0.400398 0.649045
vt 0.431389 0.665610
vt 0.465016 0.675810
vt 0.499987 0.679255
vt 0.534958 0.675810
vt 0.568585 0.665610
vt 0.599575 0.649045
vt 0.626739 0.626752
vt 0.649032 0.599589
vt 0.665597 0.568598
vt 0.675797 0.534971
vt 0.671213 0.465941
vt 0.674567 0.500000
vt 0.661278 0.433191
vt 0.645145 0.403008
vt 0.623434 0.376553
vt 0.596979 0.354842
vt 0.566796 0.338709
vt 0.534046 0.328774
vt 0.499987 0.325419
vt 0.465928 0.328774
vt 0.433178 0.338709
vt 0.402995 0.354842
vt 0.376540 0.376553
vt 0.354828 0.403008
vt 0.338695 0.433191
vt 0.328761 0.465941
vt 0.325406 0.500000
vt 0.328761 0.534059
vt 0.338695 0.566809
vt 0.354828 0.596992
vt 0.376540 0.623447
vt 0.402995 0.645159
vt 0.433178 0.661291
vt 0.465928 0.671226
vt 0.499987 0.674581
vt 0.534046 0.671226
vt 0.566796 0.661291
vt 0.596979 0.645159
vt 0.623434 0.623447
vt 0.645145 0.596992
vt 0.661278 0.566809
vt 0.671213 0.534059
vt 0.665716 0.467034
vt 0.668963 0.500000
vt 0.656101 0.435336
vt 0.640486 0.406122
vt 0.619471 0.380516
vt 0.593865 0.359501
vt 0.564651 0.343886
vt 0.532952 0.334270
vt 0.499987 0.331024
vt 0.467021 0.334270
vt 0.435322 0.343886
vt 0.406109 0.359501
vt 0.380503 0.380516
vt 0.359488 0.406122
vt 0.343873 0.435336
vt 0.334257 0.467034
vt 0.331010 0.500000
vt 0.334257 0.532966
vt 0.343873 0.564664
vt 0.359488 0.593878
vt 0.380502 0.619484
vt 0.406109 0.640499
vt 0.435322 0.656114
vt 0.467021 0.665730
vt 0.499987 0.668976
vt 0.532952 0.665730
vt 0.564651 0.656114
vt 0.593865 0.640499
vt 0.619471 0.619484
vt 0.640486 0.593878
vt 0.656101 0.564664
vt 0.665716 0.532966
vt 0.662405 0.467693
vt 0.665587 0.500000
vt 0.652981 0.436628
vt 0.637678 0.407998
vt 0.617083 0.382903
vt 0.591989 0.362309
vt 0.563359 0.347006
vt 0.532294 0.337582
vt 0.499987 0.334400
vt 0.467680 0.337582
vt 0.436615 0.347006
vt 0.407985 0.362309
vt 0.382890 0.382903
vt 0.362296 0.407998
vt 0.346993 0.436628
vt 0.337569 0.467693
vt 0.334387 0.500000
vt 0.337569 0.532307
vt 0.346993 0.563372
vt 0.362296 0.592002
vt 0.382890 0.617097
vt 0.407985 0.637691
vt 0.436615 0.652994
vt 0.467680 0.662418
vt 0.499987 0.665600
vt 0.532294 0.662418
vt 0.563359 0.652994
vt 0.591989 0.637691
vt 0.617083 0.617097
vt 0.637678 0.592002
vt 0.652981 0.563372
vt 0.662405 0.532307
vt 0.660242 0.468123
vt 0.663382 0.500000
vt 0.650944 0.437471
vt 0.635845 0.409223
vt 0.615525 0.384462
vt 0.590764 0.364142
vt 0.562515 0.349043
vt 0.531864 0.339744
vt 0.499987 0.336605
vt 0.468110 0.339744
vt 0.437458 0.349043
vt 0.409209 0.364142
vt 0.384449 0.384462
vt 0.364129 0.409223
vt 0.349029 0.437471
vt 0.339731 0.468123
vt 0.336592 0.500000
vt 0.339731 0.531877
vt 0.349029 0.562529
vt 0.364129 0.590777
vt 0.384449 0.615538
vt 0.409209 0.635858
vt 0.437458 0.650957
vt 0.468110 0.660256
vt 0.499987 0.663395
vt 0.531864 0.660256
vt 0.562515 0.650957
vt 0.590764 0.635858
vt 0.615525 0.615538
vt 0.635845 0.590778
vt 0.650944 0.562529
vt 0.660242 0.531877
vt 0.659065 0.468357
vt 0.662182 0.500000
vt 0.649836 0.437931
vt 0.634847 0.409889
vt 0.614676 0.385311
vt 0.590098 0.365140
vt 0.562056 0.350151
vt 0.531630 0.340921
vt 0.499987 0.337805
vt 0.468344 0.340921
vt 0.437917 0.350151
vt 0.409876 0.365140
vt 0.385298 0.385311
vt 0.365126 0.409889
vt 0.350138 0.437931
vt 0.340908 0.468357
vt 0.337792 0.500000
vt 0.340908 0.531643
vt 0.350138 0.562069
vt 0.365126 0.590111
vt 0.385298 0.614689
vt 0.409876 0.634860
vt 0.437917 0.649849
vt 0.468344 0.659079
vt 0.499987 0.662195
vt 0.531630 0.659079
vt 0.562056 0.649849
vt 0.590098 0.634860
vt 0.614676 0.614689
vt 0.634847 0.590111
vt 0.649836 0.562069
vt 0.659065 0.531643
vt 0.431109 0.500000
vt 0.431109 0.468357
vt 0.432588 0.468428
vt 0.432588 0.500000
vt 0.431109 0.437931
vt 0.432588 0.438069
vt 0.431109 0.409889
vt 0.432588 0.410091
vt 0.431109 0.385311
vt 0.432588 0.385567
vt 0.614676 0.431109
vt 0.590098 0.431109
vt 0.589896 0.432588
vt 0.614420 0.432588
vt 0.562056 0.431109
vt 0.561917 0.432588
vt 0.531630 0.431109
vt 0.531559 0.432588
vt 0.499987 0.431109
vt 0.499987 0.432588
vt 0.468344 0.431109
vt 0.468415 0.432588
vt 0.437917 0.431109
vt 0.438056 0.432588
vt 0.409876 0.431109
vt 0.410078 0.432588
vt 0.385298 0.431109
vt 0.385554 0.432588
vt 0.431109 0.385311
vt 0.431109 0.409889
vt 0.432588 0.385567
vt 0.431109 0.468357
vt 0.432588 0.468428
vt 0.431109 0.531643
vt 0.432588 0.531572
vt 0.431109 0.562069
vt 0.432588 0.561931
vt 0.431109 0.590111
vt 0.432588 0.589909
vt 0.431109 0.614689
vt 0.432588 0.614433
vt 0.409876 0.431109
vt 0.385554 0.432588
vt 0.437917 0.431109
vt 0.438056 0.432588
vt 0.468344 0.431109
vt 0.468415 0.432588
vt 0.499987 0.431109
vt 0.499987 0.432588
vt 0.561917 0.432588
vt 0.431109 0.590111
vt 0.431109 0.562069
vt 0.432588 0.561931
vt 0.431109 0.531643
vt 0.434341 0.468368
vt 0.434341 0.500000
vt 0.434341 0.437952
vt 0.434341 0.409920
vt 0.434341 0.385350
vt 0.590067 0.434341
vt 0.614637 0.434341
vt 0.562035 0.434341
vt 0.531619 0.434341
vt 0.499987 0.434341
vt 0.468355 0.434341
vt 0.437939 0.434341
vt 0.409907 0.434341
vt 0.385337 0.434341
vt 0.434341 0.385350
vt 0.434341 0.437952
vt 0.434341 0.468368
vt 0.434341 0.531632
vt 0.434341 0.562048
vt 0.434341 0.590080
vt 0.434341 0.614650
vt 0.409907 0.434341
vt 0.437939 0.434341
vt 0.468355 0.434341
vt 0.499987 0.434341
vt 0.531619 0.434341
vt 0.434341 0.590080
vt 0.434341 0.614650
vt 0.434341 0.562048
vt 0.436298 0.468210
vt 0.436298 0.500000
vt 0.436298 0.437642
vt 0.436298 0.409471
vt 0.436298 0.384778
vt 0.590516 0.436298
vt 0.615209 0.436298
vt 0.562345 0.436298
vt 0.531777 0.436298
vt 0.499987 0.436298
vt 0.468197 0.436298
vt 0.437629 0.436298
vt 0.409457 0.436298
vt 0.384765 0.436298
vt 0.436298 0.409471
vt 0.436298 0.384778
vt 0.436298 0.468210
vt 0.436298 0.531790
vt 0.436298 0.562358
vt 0.436298 0.590529
vt 0.436298 0.615222
vt 0.409457 0.436298
vt 0.384765 0.436298
vt 0.437629 0.436298
vt 0.468197 0.436298
vt 0.499987 0.436298
vt 0.531776 0.436298
vt 0.436298 0.590529
vt 0.436298 0.615222
vt 0.436298 0.562358
vt 0.438392 0.467987
vt 0.438392 0.500000
vt 0.438392 0.437204
vt 0.438392 0.408835
vt 0.438392 0.383969
vt 0.591152 0.438392
vt 0.616018 0.438392
vt 0.562782 0.438392
vt 0.532000 0.438392
vt 0.499987 0.438392
vt 0.467974 0.438392
vt 0.437191 0.438392
vt 0.408822 0.438392
vt 0.383956 0.438392
vt 0.438392 0.383969
vt 0.438392 0.467987
vt 0.438392 0.532013
vt 0.438392 0.562796
vt 0.438392 0.591165
vt 0.438392 0.616031
vt 0.408822 0.438392
vt 0.437191 0.438392
vt 0.467974 0.438392
vt 0.499987 0.438392
vt 0.440554 0.467731
vt 0.440554 0.500000
vt 0.440554 0.436702
vt 0.440554 0.408106
vt 0.440554 0.383041
vt 0.591881 0.440554
vt 0.616945 0.440554
vt 0.563284 0.440554
vt 0.532256 0.440554
vt 0.499987 0.440554
vt 0.467718 0.440554
vt 0.436689 0.440554
vt 0.408093 0.440554
vt 0.383028 0.440554
vt 0.440554 0.383041
vt 0.440554 0.467731
vt 0.440554 0.532269
vt 0.440554 0.563298
vt 0.440554 0.591894
vt 0.440554 0.616959
vt 0.408093 0.440554
vt 0.436689 0.440554
vt 0.467718 0.440554
vt 0.499987 0.440554
vt 0.440554 0.591894
vt 0.440554 0.616958
vt 0.440554 0.532269
vt 0.442716 0.467475
vt 0.442716 0.500000
vt 0.442716 0.436201
vt 0.442716 0.407378
vt 0.442716 0.382114
vt 0.592609 0.442716
vt 0.617873 0.442716
vt 0.563786 0.442716
vt 0.532511 0.442716
vt 0.499987 0.442716
vt 0.467462 0.442716
vt 0.436187 0.442716
vt 0.407364 0.442716
vt 0.382101 0.442716
vt 0.442716 0.407378
vt 0.442716 0.382114
vt 0.442716 0.467475
vt 0.442716 0.532525
vt 0.442716 0.563799
vt 0.442716 0.592622
vt 0.442716 0.617886
vt 0.407364 0.442716
vt 0.436187 0.442716
vt 0.467462 0.442716
vt 0.499987 0.442716
vt 0.442716 0.592622
vt 0.442716 0.617886
vt 0.442716 0.532525
vt 0.444810 0.467252
vt 0.444810 0.500000
vt 0.444810 0.435763
vt 0.444810 0.406742
vt 0.444810 0.381305
vt 0.593245 0.444810
vt 0.618682 0.444810
vt 0.564224 0.444810
vt 0.532735 0.444810
vt 0.499987 0.444810
vt 0.467239 0.444810
vt 0.435750 0.444810
vt 0.406729 0.444810
vt 0.381292 0.444810
vt 0.444810 0.467252
vt 0.444810 0.532748
vt 0.444810 0.564237
vt 0.444810 0.593258
vt 0.444810 0.618695
vt 0.435750 0.444810
vt 0.467239 0.444810
vt 0.499987 0.444810
vt 0.444810 0.564237
vt 0.446767 0.467094
vt 0.446767 0.500000
vt 0.446767 0.435453
vt 0.446767 0.406292
vt 0.446767 0.380733
vt 0.593695 0.446767
vt 0.619254 0.446767
vt 0.564534 0.446767
vt 0.532893 0.446767
vt 0.499987 0.446767
vt 0.467081 0.446767
vt 0.435440 0.446767
vt 0.406279 0.446767
vt 0.380720 0.446767
vt 0.446767 0.380733
vt 0.446767 0.467094
vt 0.446767 0.532906
vt 0.446767 0.564547
vt 0.446767 0.593708
vt 0.446767 0.619267
vt 0.406279 0.446767
vt 0.380720 0.446767
vt 0.435440 0.446767
vt 0.467081 0.446767
vt 0.499987 0.446767
vt 0.446767 0.593708
vt 0.446767 0.619267
vt 0.446767 0.564547
vt 0.448519 0.467034
vt 0.448519 0.500000
vt 0.448519 0.435336
vt 0.448519 0.406122
vt 0.448519 0.380516
vt 0.593865 0.448519
vt 0.619471 0.448519
vt 0.564651 0.448519
vt 0.532952 0.448519
vt 0.499987 0.448519
vt 0.467021 0.448519
vt 0.435322 0.448519
vt 0.406109 0.448519
vt 0.380503 0.448519
vt 0.448519 0.406122
vt 0.448519 0.380516
vt 0.448519 0.467034
vt 0.448519 0.532966
vt 0.448519 0.564664
vt 0.448519 0.593878
vt 0.448519 0.619484
vt 0.406109 0.448519
vt 0.380502 0.448519
vt 0.435322 0.448519
vt 0.467021 0.448519
vt 0.499987 0.448519
vt 0.619471 0.448519
vt 0.448519 0.593878
vt 0.448519 0.564664
vt 0.669903 0.466202
vt 0.673232 0.500000
vt 0.660045 0.433702
vt 0.644035 0.403750
vt 0.622490 0.377497
vt 0.596237 0.355952
vt 0.566285 0.339942
vt 0.533785 0.330084
vt 0.499987 0.326755
vt 0.466188 0.330084
vt 0.433689 0.339942
vt 0.403737 0.355952
vt 0.377484 0.377497
vt 0.355939 0.403750
vt 0.339929 0.433702
vt 0.330070 0.466202
vt 0.326742 0.500000
vt 0.330070 0.533798
vt 0.339929 0.566298
vt 0.355939 0.596250
vt 0.377484 0.622503
vt 0.403737 0.644048
vt 0.433689 0.660058
vt 0.466188 0.669916
vt 0.499987 0.673245
vt 0.533785 0.669916
vt 0.566285 0.660058
vt 0.596237 0.644048
vt 0.622490 0.622503
vt 0.644035 0.596250
vt 0.660045 0.566298
vt 0.669903 0.533798
vt 0.673543 0.465478
vt 0.676943 0.500000
vt 0.663473 0.432282
vt 0.647121 0.401688
vt 0.625114 0.374873
vt 0.598298 0.352866
vt 0.567705 0.336514
vt 0.534509 0.326444
vt 0.499987 0.323044
vt 0.465464 0.326444
vt 0.432269 0.336514
vt 0.401675 0.352866
vt 0.374860 0.374873
vt 0.352853 0.401688
vt 0.336500 0.432282
vt 0.326431 0.465478
vt 0.323030 0.500000
vt 0.326431 0.534522
vt 0.336500 0.567718
vt 0.352853 0.598312
vt 0.374860 0.625127
vt 0.401675 0.647134
vt 0.432269 0.663486
vt 0.465464 0.673556
vt 0.499987 0.676956
vt 0.534509 0.673556
vt 0.567705 0.663486
vt 0.598298 0.647134
vt 0.625114 0.625127
vt 0.647121 0.598312
vt 0.663473 0.567718
vt 0.673543 0.534522
vt 0.676571 0.464875
vt 0.680031 0.500000
vt 0.666326 0.431100
vt 0.649688 0.399973
vt 0.627297 0.372690
vt 0.600014 0.350299
vt 0.568887 0.333661
vt 0.535112 0.323415
vt 0.499987 0.319956
vt 0.464862 0.323415
vt 0.431087 0.333661
vt 0.399960 0.350299
vt 0.372676 0.372690
vt 0.350286 0.399973
vt 0.333648 0.431100
vt 0.323402 0.464875
vt 0.319943 0.500000
vt 0.323402 0.535125
vt 0.333648 0.568900
vt 0.350286 0.600027
vt 0.372676 0.627310
vt 0.399960 0.649701
vt 0.431087 0.666339
vt 0.464862 0.676585
vt 0.499987 0.680044
vt 0.535112 0.676585
vt 0.568887 0.666339
vt 0.600014 0.649701
vt 0.627297 0.627310
vt 0.649688 0.600027
vt 0.666326 0.568900
vt 0.676571 0.535125
vt 0.452829 0.500000
vt 0.452829 0.464875
vt 0.455820 0.464407
vt 0.455820 0.500000
vt 0.452829 0.431100
vt 0.455820 0.430182
vt 0.452829 0.399973
vt 0.455820 0.398640
vt 0.628994 0.370993
vt 0.651683 0.398640
vt 0.601347 0.348304
vt 0.600014 0.452829
vt 0.568887 0.452829
vt 0.569805 0.455820
vt 0.601347 0.455820
vt 0.535112 0.452829
vt 0.535580 0.455820
vt 0.499987 0.452829
vt 0.499987 0.455820
vt 0.464862 0.452829
vt 0.464394 0.455820
vt 0.431087 0.452829
vt 0.430169 0.455820
vt 0.399960 0.452829
vt 0.398627 0.455820
vt 0.370980 0.370993
vt 0.398627 0.348304
vt 0.348291 0.398640
vt 0.452829 0.399973
vt 0.455820 0.398640
vt 0.452829 0.464875
vt 0.455820 0.464407
vt 0.452829 0.535125
vt 0.455820 0.535593
vt 0.452829 0.568900
vt 0.455820 0.569818
vt 0.452829 0.600027
vt 0.455820 0.601360
vt 0.370980 0.629007
vt 0.348291 0.601360
vt 0.398627 0.651696
vt 0.399960 0.452829
vt 0.431087 0.452829
vt 0.430169 0.455820
vt 0.398627 0.455820
vt 0.464862 0.452829
vt 0.464394 0.455820
vt 0.499987 0.452829
vt 0.499987 0.455820
vt 0.628994 0.629007
vt 0.601347 0.651696
vt 0.651683 0.601360
vt 0.459241 0.464086
vt 0.459241 0.500000
vt 0.459241 0.429553
vt 0.459241 0.397726
vt 0.455820 0.370993
vt 0.459241 0.369830
vt 0.628994 0.455820
vt 0.602260 0.459241
vt 0.630156 0.459241
vt 0.570434 0.459241
vt 0.535901 0.459241
vt 0.499987 0.459241
vt 0.464073 0.459241
vt 0.429540 0.459241
vt 0.397713 0.459241
vt 0.370980 0.455820
vt 0.369817 0.459241
vt 0.455820 0.370993
vt 0.459241 0.397726
vt 0.459241 0.369830
vt 0.459241 0.429553
vt 0.459241 0.464086
vt 0.459241 0.535914
vt 0.459241 0.570447
vt 0.459241 0.602274
vt 0.455820 0.629007
vt 0.459241 0.630170
vt 0.397713 0.459241
vt 0.429540 0.459241
vt 0.464073 0.459241
vt 0.499987 0.459241
vt 0.455820 0.629007
vt 0.459241 0.630170
vt 0.462881 0.463925
vt 0.462881 0.500000
vt 0.462881 0.429237
vt 0.462881 0.397268
vt 0.462881 0.369247
vt 0.602719 0.462881
vt 0.630740 0.462881
vt 0.570750 0.462881
vt 0.536061 0.462881
vt 0.499987 0.462881
vt 0.463912 0.462881
vt 0.429224 0.462881
vt 0.397255 0.462881
vt 0.369234 0.462881
vt 0.462881 0.463925
vt 0.462881 0.536075
vt 0.462881 0.570763
vt 0.462881 0.602732
vt 0.462881 0.630753
vt 0.397255 0.462881
vt 0.429224 0.462881
vt 0.463912 0.462881
vt 0.499987 0.462881
vt 0.462881 0.602732
vt 0.462881 0.630753
vt 0.462881 0.536075
vt 0.466532 0.463937
vt 0.466532 0.500000
vt 0.466532 0.429260
vt 0.466532 0.397302
vt 0.466532 0.369290
vt 0.602685 0.466532
vt 0.630697 0.466532
vt 0.570727 0.466532
vt 0.536050 0.466532
vt 0.499987 0.466532
vt 0.463924 0.466532
vt 0.429247 0.466532
vt 0.397289 0.466532
vt 0.369277 0.466532
vt 0.466532 0.369290
vt 0.466532 0.463937
vt 0.466532 0.536063
vt 0.466532 0.570740
vt 0.466532 0.602698
vt 0.466532 0.630710
vt 0.397289 0.466532
vt 0.429247 0.466532
vt 0.463924 0.466532
vt 0.499987 0.466532
vt 0.602685 0.466532
vt 0.466532 0.602698
vt 0.469984 0.464135
vt 0.469984 0.500000
vt 0.469984 0.429647
vt 0.469984 0.397864
vt 0.469984 0.370005
vt 0.602123 0.469984
vt 0.629982 0.469984
vt 0.570340 0.469984
vt 0.535852 0.469984
vt 0.499987 0.469984
vt 0.464121 0.469984
vt 0.429634 0.469984
vt 0.397851 0.469984
vt 0.369992 0.469984
vt 0.469984 0.397864
vt 0.469984 0.464135
vt 0.469984 0.535865
vt 0.469984 0.570353
vt 0.469984 0.602136
vt 0.469984 0.629995
vt 0.397851 0.469984
vt 0.429634 0.469984
vt 0.464121 0.469984
vt 0.499987 0.469984
vt 0.535852 0.469984
vt 0.469984 0.602136
vt 0.469984 0.570353
vt 0.473029 0.464530
vt 0.473029 0.500000
vt 0.473029 0.430423
vt 0.473029 0.398990
vt 0.473029 0.371439
vt 0.600996 0.473029
vt 0.628548 0.473029
vt 0.569564 0.473029
vt 0.535457 0.473029
vt 0.499987 0.473029
vt 0.464517 0.473029
vt 0.430410 0.473029
vt 0.398977 0.473029
vt 0.371426 0.473029
vt 0.473029 0.371439
vt 0.473029 0.464530
vt 0.473029 0.535470
vt 0.473029 0.569577
vt 0.473029 0.601010
vt 0.473029 0.628561
vt 0.398977 0.473029
vt 0.371426 0.473029
vt 0.430410 0.473029
vt 0.464517 0.473029
vt 0.499987 0.473029
vt 0.628548 0.473029
vt 0.473029 0.601010
vt 0.473029 0.569577
vt 0.681799 0.500000
vt 0.678306 0.464530
vt 0.675256 0.465137
vt 0.678690 0.500000
vt 0.667960 0.430423
vt 0.665087 0.431613
vt 0.651158 0.398990
vt 0.648573 0.400718
vt 0.628548 0.371439
vt 0.626349 0.373638
vt 0.600996 0.348828
vt 0.599269 0.351414
vt 0.569564 0.332027
vt 0.568374 0.334900
vt 0.535457 0.321681
vt 0.534850 0.324731
vt 0.499987 0.318187
vt 0.499987 0.321297
vt 0.464517 0.321681
vt 0.465124 0.324731
vt 0.430410 0.332027
vt 0.431600 0.334900
vt 0.398977 0.348828
vt 0.400705 0.351414
vt 0.371426 0.371439
vt 0.373625 0.373638
vt 0.348815 0.398990
vt 0.351401 0.400718
vt 0.332014 0.430423
vt 0.334887 0.431613
vt 0.321668 0.464530
vt 0.324718 0.465137
vt 0.318174 0.500000
vt 0.321284 0.500000
vt 0.321668 0.535470
vt 0.324718 0.534863
vt 0.332014 0.569577
vt 0.334887 0.568387
vt 0.348815 0.601010
vt 0.351401 0.599282
vt 0.371426 0.628561
vt 0.373625 0.626362
vt 0.398977 0.651172
vt 0.400705 0.648586
vt 0.430410 0.667973
vt 0.431600 0.665100
vt 0.464517 0.678319
vt 0.465124 0.675269
vt 0.499987 0.681813
vt 0.499987 0.678703
vt 0.535457 0.678319
vt 0.534850 0.675269
vt 0.569564 0.667973
vt 0.568374 0.665100
vt 0.600996 0.651172
vt 0.599269 0.648586
vt 0.628548 0.628561
vt 0.626349 0.626362
vt 0.651158 0.601010
vt 0.648573 0.599282
vt 0.667960 0.569577
vt 0.665087 0.568387
vt 0.678306 0.535470
vt 0.675256 0.534863
vt 0.671081 0.465967
vt 0.674433 0.500000
vt 0.661154 0.433242
vt 0.645033 0.403083
vt 0.623339 0.376648
vt 0.596904 0.354953
vt 0.566744 0.338833
vt 0.534020 0.328906
vt 0.499987 0.325554
vt 0.465954 0.328906
vt 0.433229 0.338833
vt 0.403070 0.354953
vt 0.376635 0.376648
vt 0.354940 0.403083
vt 0.338820 0.433242
vt 0.328893 0.465967
vt 0.325541 0.500000
vt 0.328893 0.534033
vt 0.338820 0.566758
vt 0.354940 0.596917
vt 0.376635 0.623352
vt 0.403070 0.645047
vt 0.433229 0.661167
vt 0.465954 0.671094
vt 0.499987 0.674446
vt 0.534020 0.671094
vt 0.566744 0.661167
vt 0.596904 0.645047
vt 0.623339 0.623352
vt 0.645033 0.596917
vt 0.661154 0.566758
vt 0.671081 0.534033
vt 0.477628 0.500000
vt 0.477628 0.467034
vt 0.485398 0.467813
vt 0.485398 0.500000
vt 0.477628 0.435336
vt 0.485398 0.436863
vt 0.477628 0.406122
vt 0.485398 0.408339
vt 0.477628 0.380516
vt 0.485398 0.383338
vt 0.619471 0.477628
vt 0.593865 0.477628
vt 0.591648 0.485398
vt 0.616649 0.485398
vt 0.564651 0.477628
vt 0.563124 0.485398
vt 0.532952 0.477628
vt 0.532174 0.485398
vt 0.499987 0.477628
vt 0.499987 0.485398
vt 0.467021 0.477628
vt 0.467800 0.485398
vt 0.435322 0.477628
vt 0.436850 0.485398
vt 0.406109 0.477628
vt 0.408326 0.485398
vt 0.380503 0.477628
vt 0.383325 0.485398
vt 0.477628 0.380516
vt 0.477628 0.406122
vt 0.485398 0.383338
vt 0.477628 0.467034
vt 0.485398 0.467813
vt 0.477628 0.532966
vt 0.485398 0.532187
vt 0.477628 0.564664
vt 0.485398 0.563137
vt 0.477628 0.593878
vt 0.485398 0.591661
vt 0.477628 0.619484
vt 0.485398 0.616662
vt 0.380502 0.477628
vt 0.406109 0.477628
vt 0.408326 0.485398
vt 0.435322 0.477628
vt 0.436850 0.485398
vt 0.467021 0.477628
vt 0.467800 0.485398
vt 0.499987 0.477628
vt 0.499987 0.485398
vt 0.619471 0.477628
vt 0.477628 0.593878
vt 0.485398 0.591661
vt 0.485398 0.616662
vt 0.477628 0.564664
vt 0.506959 0.468574
vt 0.506959 0.500000
vt 0.506959 0.438357
vt 0.506959 0.410508
vt 0.506959 0.386098
vt 0.589479 0.506959
vt 0.613889 0.506959
vt 0.561630 0.506959
vt 0.531412 0.506959
vt 0.499987 0.506959
vt 0.468561 0.506959
vt 0.438343 0.506959
vt 0.410494 0.506959
vt 0.386085 0.506959
vt 0.506959 0.410508
vt 0.506959 0.386098
vt 0.506959 0.468574
vt 0.506959 0.531426
vt 0.506959 0.561643
vt 0.506959 0.589492
vt 0.506959 0.613902
vt 0.410494 0.506959
vt 0.386085 0.506959
vt 0.438343 0.506959
vt 0.468561 0.506959
vt 0.499987 0.506959
vt 0.561630 0.506959
vt 0.506959 0.613902
vt 0.506959 0.561643
vt 0.506959 0.531426
vt 0.539649 0.469309
vt 0.539649 0.500000
vt 0.539649 0.439797
vt 0.539649 0.412599
vt 0.539649 0.388759
vt 0.587388 0.539649
vt 0.611228 0.539649
vt 0.560190 0.539649
vt 0.530678 0.539649
vt 0.499987 0.539649
vt 0.469296 0.539649
vt 0.439784 0.539649
vt 0.412586 0.539649
vt 0.388746 0.539649
vt 0.539649 0.412599
vt 0.539649 0.388759
vt 0.539649 0.469309
vt 0.539649 0.530691
vt 0.539649 0.560203
vt 0.539649 0.587401
vt 0.539649 0.611241
vt 0.412586 0.539649
vt 0.439784 0.539649
vt 0.469296 0.539649
vt 0.499987 0.539649
vt 0.530678 0.539649
vt 0.560190 0.539649
vt 0.539649 0.587401
vt 0.539649 0.560203
vt 0.580805 0.470006
vt 0.580805 0.500000
vt 0.580805 0.441165
vt 0.580805 0.414584
vt 0.580805 0.391287
vt 0.585402 0.580805
vt 0.608700 0.580805
vt 0.558822 0.580805
vt 0.529981 0.580805
vt 0.499987 0.580805
vt 0.469993 0.580805
vt 0.441152 0.580805
vt 0.414571 0.580805
vt 0.391273 0.580805
vt 0.580805 0.414584
vt 0.580805 0.391287
vt 0.580805 0.441165
vt 0.580805 0.470006
vt 0.580805 0.500000
vt 0.580805 0.529994
vt 0.580805 0.558835
vt 0.580805 0.585416
vt 0.580805 0.608713
vt 0.391273 0.580805
vt 0.441152 0.580805
vt 0.469993 0.580805
vt 0.499987 0.580805
vt 0.558822 0.580805
vt 0.580805 0.608713
vt 0.580805 0.558835
vt 0.627766 0.470656
vt 0.627766 0.500000
vt 0.627766 0.442440
vt 0.627766 0.416436
vt 0.627766 0.393644
vt 0.583550 0.627766
vt 0.606343 0.627766
vt 0.557546 0.627766
vt 0.529330 0.627766
vt 0.499987 0.627766
vt 0.470643 0.627766
vt 0.442427 0.627766
vt 0.416423 0.627766
vt 0.393631 0.627766
vt 0.627766 0.416436
vt 0.627766 0.393644
vt 0.627766 0.442440
vt 0.627766 0.470656
vt 0.627766 0.500000
vt 0.627766 0.529344
vt 0.627766 0.557560
vt 0.627766 0.583564
vt 0.627766 0.606356
vt 0.393631 0.627766
vt 0.470643 0.627766
vt 0.499987 0.627766
vt 0.557546 0.627766
vt 0.606343 0.627766
vt 0.627766 0.557560
vt 0.677867 0.471250
vt 0.677867 0.500000
vt 0.677867 0.443605
vt 0.677867 0.418127
vt 0.677867 0.395795
vt 0.581860 0.677867
vt 0.604192 0.677867
vt 0.556382 0.677867
vt 0.528737 0.677867
vt 0.499987 0.677867
vt 0.471237 0.677867
vt 0.443591 0.677867
vt 0.418113 0.677867
vt 0.395782 0.677867
vt 0.677867 0.418127
vt 0.677867 0.395795
vt 0.677867 0.443605
vt 0.677867 0.471250
vt 0.677867 0.500000
vt 0.677867 0.528750
vt 0.677867 0.556395
vt 0.677867 0.581873
vt 0.677867 0.604205
vt 0.395782 0.677867
vt 0.471237 0.677867
vt 0.499987 0.677867
vt 0.528737 0.677867
vt 0.604192 0.677867
vt 0.677867 0.581873
vt 0.677867 0.556395
vt 0.677867 0.528750
vt 0.728448 0.471777
vt 0.728448 0.500000
vt 0.728448 0.444638
vt 0.728448 0.419627
vt 0.728448 0.397704
vt 0.580360 0.728448
vt 0.602283 0.728448
vt 0.555349 0.728448
vt 0.528210 0.728448
vt 0.499987 0.728448
vt 0.471764 0.728448
vt 0.444625 0.728448
vt 0.419614 0.728448
vt 0.397691 0.728448
vt 0.728448 0.419627
vt 0.728448 0.397704
vt 0.728448 0.444638
vt 0.728448 0.471777
vt 0.728448 0.500000
vt 0.728448 0.528223
vt 0.728448 0.555362
vt 0.728448 0.580373
vt 0.728448 0.602296
vt 0.419614 0.728448
vt 0.397691 0.728448
vt 0.471763 0.728448
vt 0.499987 0.728448
vt 0.528210 0.728448
vt 0.602283 0.728448
vt 0.728448 0.580373
vt 0.728448 0.602296
vt 0.728448 0.555362
vt 0.776846 0.472227
vt 0.776846 0.500000
vt 0.776846 0.445521
vt 0.776846 0.420909
vt 0.776846 0.399336
vt 0.579078 0.776846
vt 0.600651 0.776846
vt 0.554466 0.776846
vt 0.527760 0.776846
vt 0.499987 0.776846
vt 0.472214 0.776846
vt 0.445508 0.776846
vt 0.420895 0.776846
vt 0.399323 0.776846
vt 0.776846 0.420909
vt 0.776846 0.399336
vt 0.776846 0.445521
vt 0.776846 0.472227
vt 0.776846 0.500000
vt 0.776846 0.527773
vt 0.776846 0.554479
vt 0.776846 0.579091
vt 0.776846 0.600664
vt 0.399323 0.776846
vt 0.445508 0.776846
vt 0.472214 0.776846
vt 0.499987 0.776846
vt 0.527760 0.776846
vt 0.554466 0.776846
vt 0.776846 0.579091
vt 0.776846 0.554479
vt 0.820397 0.472590
vt 0.820397 0.500000
vt 0.820397 0.446234
vt 0.820397 0.421944
vt 0.820397 0.400654
vt 0.578043 0.820397
vt 0.599333 0.820397
vt 0.553753 0.820397
vt 0.527396 0.820397
vt 0.499987 0.820397
vt 0.472577 0.820397
vt 0.446221 0.820397
vt 0.421931 0.820397
vt 0.400640 0.820397
vt 0.820397 0.421944
vt 0.820397 0.400654
vt 0.820397 0.446234
vt 0.820397 0.472590
vt 0.820397 0.500000
vt 0.820397 0.527410
vt 0.820397 0.553766
vt 0.820397 0.578056
vt 0.820397 0.599346
vt 0.421931 0.820397
vt 0.400640 0.820397
vt 0.446221 0.820397
vt 0.472577 0.820397
vt 0.499987 0.820397
vt 0.527396 0.820397
vt 0.553753 0.820397
vt 0.578043 0.820397
vt 0.599333 0.820397
vt 0.820397 0.578056
vt 0.820397 0.599346
vt 0.820397 0.553766
vt 0.820397 0.527410
vt 0.856441 0.472858
vt 0.856441 0.500000
vt 0.856441 0.446758
vt 0.856441 0.422705
vt 0.856441 0.401622
vt 0.577282 0.856441
vt 0.598365 0.856441
vt 0.553229 0.856441
vt 0.527129 0.856441
vt 0.499987 0.856441
vt 0.472844 0.856441
vt 0.446745 0.856441
vt 0.422692 0.856441
vt 0.401609 0.856441
vt 0.856441 0.422705
vt 0.856441 0.401622
vt 0.856441 0.446758
vt 0.856441 0.472857
vt 0.856441 0.500000
vt 0.856441 0.527142
vt 0.856441 0.553242
vt 0.856441 0.577295
vt 0.856441 0.598378
vt 0.422692 0.856441
vt 0.401609 0.856441
vt 0.446745 0.856441
vt 0.472844 0.856441
vt 0.499987 0.856441
vt 0.527129 0.856441
vt 0.553229 0.856441
vt 0.577282 0.856441
vt 0.856441 0.577295
vt 0.856441 0.553242
vt 0.856441 0.527143
vt 0.882314 0.473018
vt 0.882314 0.500000
vt 0.882314 0.447074
vt 0.882314 0.423163
vt 0.882314 0.402205
vt 0.576824 0.882314
vt 0.597782 0.882314
vt 0.552913 0.882314
vt 0.526969 0.882314
vt 0.499987 0.882314
vt 0.473005 0.882314
vt 0.447060 0.882314
vt 0.423150 0.882314
vt 0.402192 0.882314
vt 0.882314 0.423163
vt 0.882314 0.402205
vt 0.882314 0.447074
vt 0.882314 0.473018
vt 0.882314 0.500000
vt 0.882314 0.526982
vt 0.882314 0.552926
vt 0.882314 0.576837
vt 0.882314 0.597795
vt 0.423149 0.882314
vt 0.402191 0.882314
vt 0.447060 0.882314
vt 0.473005 0.882314
vt 0.499987 0.882314
vt 0.526968 0.882314
vt 0.552913 0.882314
vt 0.576824 0.882314
vt 0.597782 0.882314
vt 0.882314 0.576837
vt 0.882314 0.597795
vt 0.882314 0.552926
vt 0.882314 0.526982
vt 0.895354 0.473063
vt 0.895354 0.500000
vt 0.895354 0.447161
vt 0.895354 0.423290
vt 0.895354 0.402366
vt 0.576697 0.895354
vt 0.597621 0.895354
vt 0.552826 0.895354
vt 0.526924 0.895354
vt 0.499987 0.895354
vt 0.473050 0.895354
vt 0.447148 0.895354
vt 0.423276 0.895354
vt 0.402353 0.895354
vt 0.895354 0.423289
vt 0.895354 0.402366
vt 0.895354 0.447161
vt 0.895354 0.473063
vt 0.895354 0.500000
vt 0.895354 0.526937
vt 0.895354 0.552839
vt 0.895354 0.576710
vt 0.895354 0.597634
vt 0.423276 0.895354
vt 0.402353 0.895354
vt 0.447148 0.895354
vt 0.473050 0.895354
vt 0.499987 0.895354
vt 0.526924 0.895354
vt 0.552826 0.895354
vt 0.576697 0.895354
vt 0.597621 0.895354
vt 0.895354 0.576711
vt 0.895354 0.552839
vt 0.895354 0.526937
vt 0.898732 0.472995
vt 0.898732 0.500000
vt 0.898732 0.447028
vt 0.898732 0.423096
vt 0.898732 0.402120
vt 0.576891 0.898732
vt 0.597867 0.898732
vt 0.552959 0.898732
vt 0.526992 0.898732
vt 0.499987 0.898732
vt 0.472982 0.898732
vt 0.447015 0.898732
vt 0.423083 0.898732
vt 0.402107 0.898732
vt 0.898732 0.423096
vt 0.898732 0.402120
vt 0.898732 0.447028
vt 0.898732 0.472995
vt 0.898732 0.500000
vt 0.898732 0.527005
vt 0.898732 0.552972
vt 0.898732 0.576904
vt 0.898732 0.597880
vt 0.423083 0.898732
vt 0.402107 0.898732
vt 0.447015 0.898732
vt 0.472982 0.898732
vt 0.499987 0.898732
vt 0.526992 0.898732
vt 0.552959 0.898732
vt 0.576891 0.898732
vt 0.898732 0.576904
vt 0.898732 0.552972
vt 0.898732 0.527005
vt 0.901390 0.472827
vt 0.901390 0.500000
vt 0.901390 0.446698
vt 0.901390 0.422618
vt 0.901390 0.401511
vt 0.577369 0.901390
vt 0.598475 0.901390
vt 0.553289 0.901390
vt 0.527160 0.901390
vt 0.499987 0.901390
vt 0.472814 0.901390
vt 0.446685 0.901390
vt 0.422605 0.901390
vt 0.401498 0.901390
vt 0.901390 0.422618
vt 0.901390 0.401511
vt 0.901390 0.446698
vt 0.901390 0.472827
vt 0.901390 0.500000
vt 0.901390 0.527173
vt 0.901390 0.553302
vt 0.901390 0.577382
vt 0.901390 0.598489
vt 0.422605 0.901390
vt 0.401498 0.901390
vt 0.446685 0.901390
vt 0.472814 0.901390
vt 0.499987 0.901390
vt 0.527160 0.901390
vt 0.553288 0.901390
vt 0.577369 0.901390
vt 0.598475 0.901390
vt 0.901390 0.577382
vt 0.901390 0.553302
vt 0.901390 0.527173
vt 0.903455 0.472579
vt 0.903455 0.500000
vt 0.903455 0.446212
vt 0.903455 0.421912
vt 0.903455 0.400613
vt 0.578074 0.903455
vt 0.599373 0.903455
vt 0.553775 0.903455
vt 0.527408 0.903455
vt 0.499987 0.903455
vt 0.472566 0.903455
vt 0.446199 0.903455
vt 0.421899 0.903455
vt 0.400600 0.903455
vt 0.903455 0.421912
vt 0.903455 0.400613
vt 0.903455 0.446212
vt 0.903455 0.472579
vt 0.903455 0.500000
vt 0.903455 0.527421
vt 0.903455 0.553788
vt 0.903455 0.578088
vt 0.903455 0.599387
vt 0.421899 0.903455
vt 0.400600 0.903455
vt 0.446199 0.903455
vt 0.472566 0.903455
vt 0.499987 0.903455
vt 0.527407 0.903455
vt 0.553774 0.903455
vt 0.578074 0.903455
vt 0.599373 0.903455
vt 0.903455 0.578088
vt 0.903455 0.599387
vt 0.903455 0.553788
vt 0.903455 0.527421
vt 0.905055 0.472272
vt 0.905055 0.500000
vt 0.637840 0.472579
vt 0.629842 0.446212
vt 0.631298 0.445609
vt 0.639386 0.472272
vt 0.616853 0.421912
vt 0.618163 0.421037
vt 0.599373 0.400613
vt 0.600488 0.399499
vt 0.578074 0.383134
vt 0.578950 0.381824
vt 0.553775 0.370145
vt 0.554378 0.368689
vt 0.527408 0.362147
vt 0.527715 0.360601
vt 0.499987 0.905055
vt 0.527715 0.905055
vt 0.472259 0.905055
vt 0.472566 0.362147
vt 0.446199 0.370145
vt 0.445596 0.368689
vt 0.472259 0.360601
vt 0.421899 0.383134
vt 0.421024 0.381823
vt 0.400600 0.400613
vt 0.399486 0.399499
vt 0.383121 0.421912
vt 0.381810 0.421037
vt 0.370132 0.446212
vt 0.368676 0.445609
vt 0.362134 0.472579
vt 0.360588 0.472272
vt 0.905055 0.500000
vt 0.905055 0.472272
vt 0.905055 0.527728
vt 0.362134 0.527421
vt 0.370132 0.553788
vt 0.368676 0.554391
vt 0.360588 0.527728
vt 0.383121 0.578088
vt 0.381810 0.578963
vt 0.400600 0.599387
vt 0.399486 0.600501
vt 0.421899 0.616866
vt 0.421024 0.618176
vt 0.446199 0.629855
vt 0.445596 0.631311
vt 0.472566 0.637853
vt 0.472259 0.639399
vt 0.499987 0.905055
vt 0.472259 0.905055
vt 0.527715 0.905055
vt 0.527407 0.637853
vt 0.553774 0.629855
vt 0.554377 0.631311
vt 0.527715 0.639399
vt 0.578074 0.616866
vt 0.578950 0.618177
vt 0.599373 0.599387
vt 0.600488 0.600501
vt 0.616853 0.578088
vt 0.618163 0.578963
vt 0.629842 0.553788
vt 0.631297 0.554391
vt 0.637840 0.527421
vt 0.639385 0.527728
vt 0.905055 0.527728
vt 0.642116 0.500000
vt 0.641129 0.471925
vt 0.643894 0.500000
vt 0.632940 0.444929
vt 0.619642 0.420049
vt 0.601745 0.398242
vt 0.579938 0.380345
vt 0.555058 0.367047
vt 0.528062 0.358857
vt 0.499987 0.357870
vt 0.499987 0.356092
vt 0.471912 0.358857
vt 0.444916 0.367047
vt 0.420036 0.380345
vt 0.398229 0.398242
vt 0.380332 0.420049
vt 0.367033 0.444929
vt 0.358844 0.471925
vt 0.357857 0.500000
vt 0.356079 0.500000
vt 0.358844 0.528075
vt 0.367033 0.555071
vt 0.380332 0.579951
vt 0.398229 0.601758
vt 0.420036 0.619655
vt 0.444916 0.632953
vt 0.471912 0.641143
vt 0.499987 0.642130
vt 0.499987 0.643908
vt 0.528062 0.641143
vt 0.555058 0.632953
vt 0.579938 0.619655
vt 0.601745 0.601758
vt 0.619642 0.579951
vt 0.632940 0.555071
vt 0.641129 0.528075
vt 0.642970 0.471559
vt 0.645771 0.500000
vt 0.634674 0.444211
vt 0.621202 0.419007
vt 0.603072 0.396915
vt 0.580980 0.378785
vt 0.555776 0.365313
vt 0.528428 0.357017
vt 0.499987 0.354216
vt 0.471546 0.357017
vt 0.444198 0.365313
vt 0.418993 0.378785
vt 0.396902 0.396915
vt 0.378771 0.419006
vt 0.365300 0.444211
vt 0.357004 0.471559
vt 0.354202 0.500000
vt 0.357004 0.528441
vt 0.365300 0.555789
vt 0.378771 0.580993
vt 0.396902 0.603085
vt 0.418993 0.621215
vt 0.444198 0.634687
vt 0.471546 0.642983
vt 0.499987 0.645784
vt 0.528428 0.642983
vt 0.555776 0.634687
vt 0.580980 0.621215
vt 0.603072 0.603085
vt 0.621202 0.580994
vt 0.634674 0.555789
vt 0.642970 0.528441
vt 0.644806 0.471194
vt 0.647643 0.500000
vt 0.636404 0.443494
vt 0.622759 0.417966
vt 0.604396 0.395591
vt 0.582020 0.377228
vt 0.556493 0.363583
vt 0.528793 0.355181
vt 0.499987 0.352343
vt 0.471180 0.355181
vt 0.443481 0.363583
vt 0.417953 0.377228
vt 0.395578 0.395591
vt 0.377215 0.417966
vt 0.363570 0.443494
vt 0.355168 0.471194
vt 0.352330 0.500000
vt 0.355167 0.528806
vt 0.363570 0.556506
vt 0.377215 0.582034
vt 0.395578 0.604409
vt 0.417953 0.622772
vt 0.443481 0.636417
vt 0.471180 0.644819
vt 0.499987 0.647657
vt 0.528793 0.644819
vt 0.556493 0.636417
vt 0.582020 0.622772
vt 0.604396 0.604409
vt 0.622759 0.582034
vt 0.636404 0.556506
vt 0.644806 0.528806
vt 0.646536 0.470850
vt 0.649407 0.500000
vt 0.638033 0.442819
vt 0.624225 0.416987
vt 0.605643 0.394344
vt 0.583000 0.375762
vt 0.557168 0.361954
vt 0.529137 0.353451
vt 0.499987 0.350580
vt 0.470836 0.353451
vt 0.442806 0.361954
vt 0.416973 0.375762
vt 0.394331 0.394344
vt 0.375748 0.416986
vt 0.361940 0.442819
vt 0.353438 0.470849
vt 0.350567 0.500000
vt 0.353438 0.529150
vt 0.361940 0.557181
vt 0.375748 0.583013
vt 0.394331 0.605656
vt 0.416973 0.624238
vt 0.442806 0.638046
vt 0.470836 0.646549
vt 0.499987 0.649420
vt 0.529137 0.646549
vt 0.557167 0.638046
vt 0.583000 0.624238
vt 0.605643 0.605656
vt 0.624225 0.583014
vt 0.638033 0.557181
vt 0.646536 0.529150
vt 0.648058 0.470547
vt 0.650959 0.500000
vt 0.639467 0.442225
vt 0.625516 0.416124
vt 0.606740 0.393247
vt 0.583863 0.374471
vt 0.557761 0.360520
vt 0.529440 0.351929
vt 0.499987 0.349028
vt 0.470534 0.351929
vt 0.442212 0.360520
vt 0.416111 0.374471
vt 0.393233 0.393246
vt 0.374458 0.416124
vt 0.360507 0.442225
vt 0.351915 0.470547
vt 0.349015 0.500000
vt 0.351915 0.529453
vt 0.360507 0.557775
vt 0.374458 0.583876
vt 0.393233 0.606753
vt 0.416111 0.625529
vt 0.442212 0.639480
vt 0.470534 0.648071
vt 0.499987 0.650972
vt 0.529440 0.648071
vt 0.557761 0.639480
vt 0.583862 0.625529
vt 0.606740 0.606754
vt 0.625516 0.583876
vt 0.639467 0.557775
vt 0.648058 0.529453
vt 0.910520 0.500000
vt 0.910520 0.470547
vt 0.911996 0.470306
vt 0.911996 0.500000
vt 0.910520 0.442225
vt 0.911996 0.441752
vt 0.910520 0.416124
vt 0.911996 0.415437
vt 0.607615 0.392372
vt 0.626544 0.415437
vt 0.584550 0.373443
vt 0.583863 0.910520
vt 0.557761 0.910520
vt 0.558235 0.911996
vt 0.584550 0.911996
vt 0.529440 0.910520
vt 0.529681 0.911996
vt 0.499987 0.910520
vt 0.499987 0.911996
vt 0.470534 0.910520
vt 0.470292 0.911996
vt 0.442212 0.910520
vt 0.441739 0.911996
vt 0.416111 0.910520
vt 0.415424 0.911996
vt 0.392359 0.392372
vt 0.415424 0.373443
vt 0.373430 0.415437
vt 0.910520 0.416124
vt 0.910520 0.442225
vt 0.911996 0.441752
vt 0.911996 0.415437
vt 0.910520 0.470547
vt 0.911996 0.470305
vt 0.910520 0.500000
vt 0.911996 0.500000
vt 0.910520 0.529453
vt 0.911996 0.529694
vt 0.910520 0.557775
vt 0.911996 0.558248
vt 0.910520 0.583876
vt 0.911996 0.584563
vt 0.392359 0.607628
vt 0.373430 0.584563
vt 0.415424 0.626557
vt 0.416111 0.910520
vt 0.442212 0.910520
vt 0.441739 0.911996
vt 0.415424 0.911996
vt 0.470534 0.910520
vt 0.470292 0.911996
vt 0.499987 0.910520
vt 0.499987 0.911996
vt 0.529440 0.910520
vt 0.529681 0.911996
vt 0.557761 0.910520
vt 0.558235 0.911996
vt 0.583862 0.910520
vt 0.584550 0.911996
vt 0.607615 0.607628
vt 0.584550 0.626557
vt 0.626544 0.584563
vt 0.910520 0.583876
vt 0.910520 0.557775
vt 0.911996 0.558248
vt 0.911996 0.584563
vt 0.910520 0.529453
vt 0.911996 0.529695
vt 0.913896 0.470146
vt 0.913896 0.500000
vt 0.913896 0.441439
vt 0.913896 0.414983
vt 0.911996 0.392372
vt 0.913896 0.391794
vt 0.607615 0.911996
vt 0.585004 0.913896
vt 0.608193 0.913896
vt 0.558548 0.913896
vt 0.529841 0.913896
vt 0.499987 0.913896
vt 0.470133 0.913896
vt 0.441426 0.913896
vt 0.414970 0.913896
vt 0.392359 0.911996
vt 0.391780 0.913896
vt 0.911996 0.392372
vt 0.913896 0.414983
vt 0.913896 0.391794
vt 0.913896 0.441439
vt 0.913896 0.470146
vt 0.913896 0.500000
vt 0.913896 0.529854
vt 0.913896 0.558561
vt 0.913896 0.585017
vt 0.911996 0.607628
vt 0.913896 0.608206
vt 0.392359 0.911996
vt 0.414970 0.913896
vt 0.391780 0.913896
vt 0.441426 0.913896
vt 0.470133 0.913896
vt 0.499987 0.913896
vt 0.529841 0.913896
vt 0.558548 0.913896
vt 0.585004 0.913896
vt 0.607615 0.911996
vt 0.913896 0.585017
vt 0.913896 0.558561
vt 0.913896 0.529854
vt 0.929942 0.470052
vt 0.929942 0.500000
vt 0.929942 0.441255
vt 0.929942 0.414716
vt 0.929942 0.391454
vt 0.585271 0.929942
vt 0.608533 0.929942
vt 0.558732 0.929942
vt 0.529935 0.929942
vt 0.499987 0.929942
vt 0.470039 0.929942
vt 0.441242 0.929942
vt 0.414702 0.929942
vt 0.391440 0.929942
vt 0.929942 0.414716
vt 0.929942 0.391454
vt 0.929942 0.441255
vt 0.929942 0.470052
vt 0.929942 0.500000
vt 0.929942 0.529948
vt 0.929942 0.558745
vt 0.929942 0.585284
vt 0.929942 0.608546
vt 0.391440 0.929942
vt 0.441242 0.929942
vt 0.470039 0.929942
vt 0.499987 0.929942
vt 0.529935 0.929942
vt 0.558732 0.929942
vt 0.585271 0.929942
vt 0.608533 0.929942
vt 0.929942 0.585284
vt 0.929942 0.608546
vt 0.929942 0.558745
vt 0.929942 0.529948
vt 0.930836 0.470057
vt 0.930836 0.500000
vt 0.930836 0.441265
vt 0.930836 0.414730
vt 0.930836 0.391472
vt 0.585257 0.930836
vt 0.608515 0.930836
vt 0.558722 0.930836
vt 0.529930 0.930836
vt 0.499987 0.930836
vt 0.470044 0.930836
vt 0.441252 0.930836
vt 0.414717 0.930836
vt 0.391459 0.930836
vt 0.930836 0.414730
vt 0.930836 0.391472
vt 0.930836 0.441265
vt 0.930836 0.470057
vt 0.930836 0.500000
vt 0.930836 0.529943
vt 0.930836 0.558735
vt 0.930836 0.585270
vt 0.930836 0.608528
vt 0.414717 0.930836
vt 0.391458 0.930836
vt 0.441252 0.930836
vt 0.470044 0.930836
vt 0.499987 0.930836
vt 0.529930 0.930836
vt 0.558722 0.930836
vt 0.585257 0.930836
vt 0.608515 0.930836
vt 0.930836 0.585270
vt 0.930836 0.608528
vt 0.930836 0.558735
vt 0.930836 0.529943
vt 0.653469 0.500000
vt 0.650520 0.470057
vt 0.635661 0.473013
vt 0.638319 0.500000
vt 0.641786 0.441265
vt 0.627789 0.447063
vt 0.627603 0.414730
vt 0.615006 0.423147
vt 0.608515 0.391472
vt 0.597802 0.402185
vt 0.585257 0.372384
vt 0.576840 0.384981
vt 0.558722 0.358201
vt 0.552924 0.372198
vt 0.529930 0.349467
vt 0.526974 0.364326
vt 0.499987 0.346518
vt 0.499987 0.361668
vt 0.470044 0.349467
vt 0.473000 0.364326
vt 0.441252 0.358201
vt 0.447049 0.372198
vt 0.414717 0.372384
vt 0.423134 0.384981
vt 0.391459 0.391472
vt 0.402171 0.402184
vt 0.372371 0.414730
vt 0.384968 0.423147
vt 0.358188 0.441265
vt 0.372185 0.447063
vt 0.349454 0.470057
vt 0.364313 0.473013
vt 0.346505 0.500000
vt 0.361655 0.500000
vt 0.349454 0.529943
vt 0.364313 0.526987
vt 0.358188 0.558735
vt 0.372185 0.552937
vt 0.372371 0.585270
vt 0.384968 0.576853
vt 0.391458 0.608528
vt 0.402171 0.597815
vt 0.414717 0.627616
vt 0.423134 0.615019
vt 0.441252 0.641799
vt 0.447049 0.627802
vt 0.470044 0.650533
vt 0.473000 0.635674
vt 0.499987 0.653482
vt 0.499987 0.638332
vt 0.529930 0.650533
vt 0.526974 0.635674
vt 0.558722 0.641799
vt 0.552924 0.627802
vt 0.585257 0.627616
vt 0.576840 0.615019
vt 0.608515 0.608528
vt 0.597802 0.597815
vt 0.627603 0.585270
vt 0.615006 0.576853
vt 0.641786 0.558735
vt 0.627789 0.552937
vt 0.650520 0.529943
vt 0.635661 0.526987
vt 0.930836 0.473013
vt 0.955388 0.473013
vt 0.955388 0.500000
vt 0.930836 0.447063
vt 0.955388 0.447063
vt 0.930836 0.423147
vt 0.955388 0.423147
vt 0.930836 0.402185
vt 0.955388 0.402185
vt 0.597802 0.930836
vt 0.576840 0.930836
vt 0.576840 0.955388
vt 0.597802 0.955388
vt 0.552924 0.930836
vt 0.552924 0.955388
vt 0.526974 0.930836
vt 0.526974 0.955388
vt 0.499987 0.955388
vt 0.473000 0.930836
vt 0.473000 0.955388
vt 0.447049 0.930836
vt 0.447049 0.955388
vt 0.423134 0.930836
vt 0.423134 0.955388
vt 0.402171 0.930836
vt 0.402171 0.955388
vt 0.930836 0.402184
vt 0.930836 0.423147
vt 0.955388 0.423147
vt 0.955388 0.402184
vt 0.930836 0.447063
vt 0.955388 0.447063
vt 0.930836 0.473013
vt 0.955388 0.473013
vt 0.955388 0.500000
vt 0.930836 0.526987
vt 0.955388 0.526987
vt 0.930836 0.552937
vt 0.955388 0.552937
vt 0.930836 0.576853
vt 0.955388 0.576853
vt 0.930836 0.597815
vt 0.955388 0.597815
vt 0.402171 0.930836
vt 0.423134 0.930836
vt 0.423134 0.955388
vt 0.402171 0.955388
vt 0.447049 0.930836
vt 0.447049 0.955388
vt 0.473000 0.930836
vt 0.473000 0.955388
vt 0.499987 0.955388
vt 0.526974 0.930836
vt 0.526974 0.955388
vt 0.552924 0.930836
vt 0.552924 0.955388
vt 0.576840 0.930836
vt 0.576840 0.955388
vt 0.597802 0.930836
vt 0.930836 0.576853
vt 0.955388 0.576853
vt 0.930836 0.552937
vt 0.955388 0.552937
vt 0.930836 0.526987
vt 0.955388 0.526987
vt 0.674587 0.465270
vt 0.678007 0.500000
vt 0.664456 0.431875
vt 0.648005 0.401097
vt 0.597802 0.402185
vt 0.625866 0.374121
vt 0.598890 0.351981
vt 0.568112 0.335531
vt 0.534717 0.325400
vt 0.499987 0.321980
vt 0.465257 0.325400
vt 0.431861 0.335531
vt 0.401084 0.351981
vt 0.402171 0.402184
vt 0.374107 0.374120
vt 0.351968 0.401097
vt 0.335517 0.431874
vt 0.325387 0.465270
vt 0.321966 0.500000
vt 0.325387 0.534730
vt 0.335517 0.568125
vt 0.351968 0.598903
vt 0.402171 0.597815
vt 0.374107 0.625879
vt 0.401084 0.648019
vt 0.431861 0.664469
vt 0.465257 0.674600
vt 0.499987 0.678020
vt 0.534717 0.674600
vt 0.568112 0.664469
vt 0.598890 0.648019
vt 0.625866 0.625879
vt 0.648005 0.598903
vt 0.664456 0.568126
vt 0.674587 0.534730
vt 0.955388 0.465270
vt 0.980237 0.465270
vt 0.980237 0.500000
vt 0.955388 0.431875
vt 0.980237 0.431875
vt 0.955388 0.401097
vt 0.980237 0.401097
vt 0.955388 0.374121
vt 0.980237 0.374121
vt 0.625866 0.955388
vt 0.598890 0.955388
vt 0.598890 0.980237
vt 0.625866 0.980237
vt 0.568112 0.955388
vt 0.568112 0.980237
vt 0.534717 0.955388
vt 0.534717 0.980237
vt 0.499987 0.980237
vt 0.465257 0.955388
vt 0.465257 0.980237
vt 0.431861 0.955388
vt 0.431861 0.980237
vt 0.401084 0.955388
vt 0.401084 0.980237
vt 0.374107 0.955388
vt 0.374107 0.980237
vt 0.955388 0.374120
vt 0.955388 0.401097
vt 0.980237 0.401097
vt 0.980237 0.374120
vt 0.955388 0.431874
vt 0.980237 0.431874
vt 0.955388 0.465270
vt 0.980237 0.465270
vt 0.955388 0.500000
vt 0.980237 0.500000
vt 0.955388 0.534730
vt 0.980237 0.534730
vt 0.955388 0.568125
vt 0.980237 0.568125
vt 0.955388 0.598903
vt 0.980237 0.598903
vt 0.955388 0.625879
vt 0.980237 0.625879
vt 0.374107 0.955388
vt 0.374107 0.980237
vt 0.431861 0.955388
vt 0.431861 0.980237
vt 0.465257 0.955388
vt 0.465257 0.980237
vt 0.499987 0.980237
vt 0.534717 0.955388
vt 0.534717 0.980237
vt 0.568112 0.955388
vt 0.568112 0.980237
vt 0.625866 0.955388
vt 0.625866 0.980237
vt 0.955388 0.598903
vt 0.980237 0.598903
vt 0.955388 0.568126
vt 0.980237 0.568126
vt 0.955388 0.534730
vt 0.980237 0.534730
vt 0.704712 0.459278
vt 0.708723 0.500000
vt 0.692834 0.420120
vt 0.673544 0.384033
vt 0.647586 0.352401
vt 0.615954 0.326442
vt 0.579867 0.307153
vt 0.540709 0.295275
vt 0.499987 0.291264
vt 0.459264 0.295275
vt 0.420107 0.307153
vt 0.384019 0.326442
vt 0.352388 0.352401
vt 0.326429 0.384032
vt 0.307140 0.420120
vt 0.295262 0.459278
vt 0.291251 0.500000
vt 0.295262 0.540722
vt 0.307140 0.579880
vt 0.326429 0.615968
vt 0.352388 0.647599
vt 0.384019 0.673558
vt 0.420107 0.692847
vt 0.459264 0.704725
vt 0.499987 0.708736
vt 0.540709 0.704725
vt 0.579867 0.692847
vt 0.615954 0.673558
vt 0.647585 0.647599
vt 0.673544 0.615968
vt 0.692834 0.579880
vt 0.704712 0.540722
vt 0.980237 0.459278
vt 0.985490 0.459278
vt 0.985490 0.500000
vt 0.980237 0.420120
vt 0.985490 0.420120
vt 0.980237 0.384033
vt 0.985490 0.384033
vt 0.980237 0.352401
vt 0.985490 0.352401
vt 0.647586 0.980237
vt 0.615954 0.980237
vt 0.615954 0.985490
vt 0.647586 0.985490
vt 0.579867 0.980237
vt 0.579867 0.985490
vt 0.540709 0.980237
vt 0.540709 0.985490
vt 0.499987 0.985490
vt 0.459264 0.980237
vt 0.459264 0.985490
vt 0.420107 0.980237
vt 0.420107 0.985490
vt 0.384019 0.980237
vt 0.384019 0.985490
vt 0.352388 0.980237
vt 0.352388 0.985490
vt 0.980237 0.352401
vt 0.980237 0.384032
vt 0.985490 0.384032
vt 0.985490 0.352401
vt 0.980237 0.420120
vt 0.985490 0.420120
vt 0.980237 0.459278
vt 0.985490 0.459278
vt 0.985490 0.500000
vt 0.980237 0.540722
vt 0.985490 0.540722
vt 0.980237 0.579880
vt 0.985490 0.579880
vt 0.980237 0.615968
vt 0.985490 0.615968
vt 0.980237 0.647599
vt 0.985490 0.647599
vt 0.352388 0.980237
vt 0.352388 0.985490
vt 0.420107 0.980237
vt 0.420107 0.985490
vt 0.459264 0.980237
vt 0.459264 0.985490
vt 0.499987 0.985490
vt 0.540709 0.980237
vt 0.540709 0.985490
vt 0.579867 0.980237
vt 0.579867 0.985490
vt 0.647585 0.980237
vt 0.647585 0.985490
vt 0.980237 0.615968
vt 0.985490 0.615968
vt 0.980237 0.579880
vt 0.985490 0.579880
vt 0.980237 0.540722
vt 0.985490 0.540722
vt 0.994643 0.459278
vt 0.994643 0.500000
vt 0.994643 0.420120
vt 0.994643 0.384033
vt 0.994643 0.352401
vt 0.615954 0.994643
vt 0.647586 0.994643
vt 0.579867 0.994643
vt 0.540709 0.994643
vt 0.499987 0.994643
vt 0.459264 0.994643
vt 0.420107 0.994643
vt 0.384019 0.994643
vt 0.352388 0.994643
vt 0.994643 0.384032
vt 0.994643 0.352401
vt 0.994643 0.420120
vt 0.994643 0.459278
vt 0.994643 0.500000
vt 0.994643 0.540722
vt 0.994643 0.579880
vt 0.994643 0.615968
vt 0.994643 0.647599
vt 0.352388 0.994643
vt 0.420107 0.994643
vt 0.459264 0.994643
vt 0.499987 0.994643
vt 0.540709 0.994643
vt 0.579867 0.994643
vt 0.647585 0.994643
vt 0.994643 0.615968
vt 0.994643 0.579880
vt 0.994643 0.540722
vt 1.006982 0.459278
vt 1.006982 0.500000
vt 1.006982 0.420120
vt 1.006982 0.384033
vt 1.006982 0.352401
vt 0.615954 1.006982
vt 0.647586 1.006982
vt 0.579867 1.006982
vt 0.540709 1.006982
vt 0.499987 1.006982
vt 0.459264 1.006982
vt 0.420107 1.006982
vt 0.384019 1.006982
vt 0.352388 1.006982
vt 1.006982 0.384032
vt 1.006982 0.352401
vt 1.006982 0.420120
vt 1.006982 0.459278
vt 1.006982 0.500000
vt 1.006982 0.540722
vt 1.006982 0.579880
vt 1.006982 0.615968
vt 1.006982 0.647599
vt 0.352388 1.006982
vt 0.420107 1.006982
vt 0.459264 1.006982
vt 0.499987 1.006982
vt 0.540709 1.006982
vt 0.579867 1.006982
vt 0.647585 1.006982
vt 1.006982 0.615968
vt 1.006982 0.579880
vt 1.006982 0.540722
vt 1.021796 0.459278
vt 1.021796 0.500000
vt 1.021796 0.420120
vt 1.021796 0.384033
vt 1.021796 0.352401
vt 0.615954 1.021796
vt 0.647586 1.021796
vt 0.579867 1.021796
vt 0.540709 1.021796
vt 0.499987 1.021796
vt 0.459264 1.021796
vt 0.420107 1.021796
vt 0.384019 1.021796
vt 0.352388 1.021796
vt 1.021796 0.384032
vt 1.021796 0.352401
vt 1.021796 0.420120
vt 1.021796 0.459278
vt 1.021796 0.500000
vt 1.021796 0.540722
vt 1.021796 0.579880
vt 1.021796 0.615968
vt 1.021796 0.647599
vt 0.352388 1.021796
vt 0.420107 1.021796
vt 0.459264 1.021796
vt 0.499987 1.021796
vt 0.540709 1.021796
vt 0.579867 1.021796
vt 0.647585 1.021796
vt 1.021796 0.615968
vt 1.021796 0.579880
vt 1.021796 0.540722
vt 1.038370 0.459278
vt 1.038370 0.500000
vt 1.038370 0.420120
vt 1.038370 0.384033
vt 1.038370 0.352401
vt 0.615954 1.038370
vt 0.647586 1.038370
vt 0.579867 1.038370
vt 0.540709 1.038370
vt 0.499987 1.038370
vt 0.459264 1.038370
vt 0.420107 1.038370
vt 0.384019 1.038370
vt 0.352388 1.038370
vt 1.038370 0.384032
vt 1.038370 0.352401
vt 1.038370 0.420120
vt 1.038370 0.459278
vt 1.038370 0.500000
vt 1.038370 0.540722
vt 1.038370 0.579880
vt 1.038370 0.615968
vt 1.038370 0.647599
vt 0.352388 1.038370
vt 0.420107 1.038370
vt 0.459264 1.038370
vt 0.499987 1.038370
vt 0.540709 1.038370
vt 0.579867 1.038370
vt 0.647585 1.038370
vt 1.038370 0.615968
vt 1.038370 0.579880
vt 1.038370 0.540722
vt 1.055992 0.459278
vt 1.055992 0.500000
vt 1.055992 0.420120
vt 1.055992 0.384033
vt 1.055992 0.352401
vt 0.615954 1.055992
vt 0.647586 1.055992
vt 0.579867 1.055992
vt 0.540709 1.055992
vt 0.499987 1.055992
vt 0.459264 1.055992
vt 0.420107 1.055992
vt 0.384019 1.055992
vt 0.352388 1.055992
vt 1.055992 0.384032
vt 1.055992 0.352401
vt 1.055992 0.420120
vt 1.055992 0.459278
vt 1.055992 0.500000
vt 1.055992 0.540722
vt 1.055992 0.579880
vt 1.055992 0.615968
vt 1.055992 0.647599
vt 0.352388 1.055992
vt 0.420107 1.055992
vt 0.459264 1.055992
vt 0.499987 1.055992
vt 0.540709 1.055992
vt 0.579867 1.055992
vt 0.647585 1.055992
vt 1.055992 0.615968
vt 1.055992 0.579880
vt 1.055992 0.540722
vt 1.073949 0.459278
vt 1.073949 0.500000
vt 1.073949 0.420120
vt 1.072211 0.384033
vt 1.072211 0.419737
vt 1.073949 0.419737
vt 1.073949 0.352401
vt 1.073949 0.374920
vt 1.072211 0.374920
vt 0.615954 1.073949
vt 0.647586 1.073949
vt 0.579867 1.073949
vt 0.540709 1.073949
vt 0.499987 1.072211
vt 0.527563 1.072211
vt 0.527563 1.073949
vt 0.459264 1.073949
vt 0.475468 1.073949
vt 0.475468 1.072211
vt 0.420107 1.073949
vt 0.384019 1.073949
vt 0.352388 1.073949
vt 1.072211 0.384032
vt 1.072211 0.373722
vt 1.073949 0.373722
vt 1.073949 0.352401
vt 1.073949 0.420120
vt 1.073949 0.418389
vt 1.072211 0.418389
vt 1.073949 0.459278
vt 1.073949 0.500000
vt 1.073949 0.540722
vt 1.073949 0.579880
vt 1.072211 0.615968
vt 1.072211 0.581611
vt 1.073949 0.581611
vt 1.073949 0.647599
vt 1.073949 0.626278
vt 1.072211 0.626278
vt 0.352388 1.073949
vt 0.420107 1.073949
vt 0.459264 1.073949
vt 0.499987 1.072211
vt 0.475468 1.073949
vt 0.540709 1.073949
vt 0.579867 1.073949
vt 0.647585 1.073949
vt 1.072211 0.615968
vt 1.072211 0.625080
vt 1.073949 0.625080
vt 1.073949 0.579880
vt 1.073949 0.580262
vt 1.072211 0.580262
vt 1.073949 0.540722
vt 1.091527 0.459278
vt 1.091527 0.500000
vt 1.091527 0.420120
vt 1.091527 0.419737
vt 0.615954 1.091527
vt 0.647586 1.091527
vt 0.579867 1.091527
vt 0.540709 1.091527
vt 0.527563 1.091527
vt 0.420107 1.091527
vt 0.459264 1.091527
vt 0.384019 1.091527
vt 0.352388 1.091527
vt 1.091527 0.373722
vt 1.091527 0.352401
vt 1.091527 0.459278
vt 1.091527 0.420120
vt 1.091527 0.500000
vt 1.091527 0.540722
vt 1.091527 0.579880
vt 1.091527 0.581611
vt 0.352388 1.091527
vt 0.420107 1.091527
vt 0.459264 1.091527
vt 0.475468 1.091527
vt 0.579867 1.091527
vt 0.540709 1.091527
vt 0.647585 1.091527
vt 1.091527 0.625080
vt 1.091527 0.647599
vt 1.091527 0.540722
vt 1.091527 0.579880
vt 1.108015 0.459278
vt 1.108015 0.500000
vt 1.108015 0.420120
vt 1.108015 0.419737
vt 0.615954 1.108015
vt 0.647586 1.108015
vt 0.579867 1.108015
vt 0.540709 1.108015
vt 0.527563 1.108015
vt 0.420107 1.108015
vt 0.459264 1.108015
vt 0.384019 1.108015
vt 0.352388 1.108015
vt 1.108015 0.373722
vt 1.108015 0.352401
vt 1.108015 0.459278
vt 1.108015 0.420120
vt 1.108015 0.500000
vt 1.108015 0.540722
vt 1.108015 0.579880
vt 1.108015 0.581611
vt 0.352388 1.108015
vt 0.420107 1.108015
vt 0.459264 1.108015
vt 0.475468 1.108015
vt 0.579867 1.108015
vt 0.540709 1.108015
vt 0.647585 1.108015
vt 1.108015 0.625080
vt 1.108015 0.647599
vt 1.108015 0.579880
vt 1.122699 0.459278
vt 1.122699 0.500000
vt 1.122699 0.420120
vt 1.122699 0.419737
vt 0.615954 1.122699
vt 0.647586 1.122699
vt 0.579867 1.122699
vt 0.540709 1.122699
vt 0.527563 1.122699
vt 0.420107 1.122699
vt 0.459264 1.122699
vt 0.384019 1.122699
vt 0.352388 1.122699
vt 1.122699 0.373722
vt 1.122699 0.352401
vt 1.122699 0.459278
vt 1.122699 0.420120
vt 1.122699 0.500000
vt 1.122699 0.540722
vt 1.122699 0.579880
vt 1.122699 0.581611
vt 0.352388 1.122699
vt 0.420107 1.122699
vt 0.459264 1.122699
vt 0.475468 1.122699
vt 0.579867 1.122699
vt 0.540709 1.122699
vt 0.647585 1.122699
vt 1.122699 0.625080
vt 1.122699 0.647599
vt 1.122699 0.579880
vt 1.134866 0.459278
vt 1.134866 0.500000
vt 1.134866 0.420120
vt 1.134866 0.419737
vt 0.615954 1.134866
vt 0.647586 1.134866
vt 0.579867 1.134866
vt 0.540709 1.134866
vt 0.527563 1.134866
vt 0.420107 1.134866
vt 0.459264 1.134866
vt 0.384019 1.134866
vt 0.352388 1.134866
vt 1.134866 0.373722
vt 1.134866 0.352401
vt 1.134866 0.459278
vt 1.134866 0.420120
vt 1.134866 0.500000
vt 1.134866 0.540722
vt 1.134866 0.579880
vt 1.134866 0.581611
vt 0.352388 1.134866
vt 0.420107 1.134866
vt 0.459264 1.134866
vt 0.475468 1.134866
vt 0.579867 1.134866
vt 0.540709 1.134866
vt 0.647585 1.134866
vt 1.134866 0.625080
vt 1.134866 0.647599
vt 1.134866 0.579880
vt 1.143803 0.459278
vt 1.143803 0.500000
vt 1.143803 0.420120
vt 1.143803 0.419737
vt 0.615954 1.143803
vt 0.647586 1.143803
vt 0.579867 1.143803
vt 0.540709 1.143803
vt 0.527563 1.143803
vt 0.420107 1.143803
vt 0.459264 1.143803
vt 0.384019 1.143803
vt 0.352388 1.143803
vt 1.143803 0.373722
vt 1.143803 0.352401
vt 1.143803 0.459278
vt 1.143803 0.420120
vt 1.143803 0.500000
vt 1.143803 0.540722
vt 1.143803 0.579880
vt 1.143803 0.581611
vt 0.352388 1.143803
vt 0.420107 1.143803
vt 0.459264 1.143803
vt 0.475468 1.143803
vt 0.579867 1.143803
vt 0.540709 1.143803
vt 0.647585 1.143803
vt 1.143803 0.625080
vt 1.143803 0.647599
vt 1.143803 0.579880
vt 0.704712 0.459278
vt 0.674012 0.465384
vt 0.677421 0.500000
vt 0.689762 0.421392
vt 0.665003 0.435687
vt 0.692629 0.419737
vt 0.647586 0.352401
vt 0.598564 0.352469
vt 0.625452 0.374535
vt 0.567888 0.336072
vt 0.534603 0.325975
vt 0.527563 0.293980
vt 0.527563 0.325282
vt 0.432086 0.336072
vt 0.465371 0.325975
vt 0.401409 0.352469
vt 0.374522 0.374535
vt 0.334891 0.373722
vt 0.362233 0.389508
vt 0.325962 0.465384
vt 0.335426 0.434185
vt 0.321030 0.425874
vt 0.322552 0.500000
vt 0.325962 0.534616
vt 0.321028 0.574127
vt 0.335426 0.565815
vt 0.308065 0.581611
vt 0.352388 0.647599
vt 0.401410 0.647531
vt 0.374522 0.625465
vt 0.432086 0.663928
vt 0.465371 0.674025
vt 0.475468 0.706321
vt 0.475468 0.675020
vt 0.567888 0.663928
vt 0.534603 0.674025
vt 0.598564 0.647531
vt 0.625452 0.625465
vt 0.666066 0.625080
vt 0.638723 0.609294
vt 0.704712 0.540722
vt 0.674012 0.534616
vt 0.665003 0.564313
vt 0.689765 0.578609
vt 1.143803 0.500000
vt 1.143803 0.465384
vt 1.052846 0.465384
vt 1.052846 0.500000
vt 1.143803 0.435687
vt 1.072211 0.435687
vt 1.072211 0.432099
vt 1.052846 0.432099
vt 0.625452 1.143803
vt 0.598564 1.143803
vt 0.598564 1.052846
vt 0.625452 1.052846
vt 0.567888 1.143803
vt 0.567888 1.052846
vt 0.534603 1.143803
vt 0.534603 1.052846
vt 0.499987 1.052846
vt 0.465371 1.143803
vt 0.432086 1.143803
vt 0.432086 1.052846
vt 0.465371 1.052846
vt 0.401409 1.143803
vt 0.401409 1.052846
vt 0.374522 1.143803
vt 0.374522 1.052846
vt 1.143803 0.374535
vt 1.143803 0.389508
vt 1.072211 0.389508
vt 1.072211 0.401423
vt 1.052846 0.401423
vt 1.052846 0.374535
vt 1.143803 0.465384
vt 1.052846 0.500000
vt 1.052846 0.465384
vt 1.143803 0.534616
vt 1.052846 0.534616
vt 1.143803 0.565815
vt 1.072211 0.565815
vt 1.072211 0.567901
vt 1.052846 0.567901
vt 0.374522 1.143803
vt 0.401410 1.143803
vt 0.401410 1.052846
vt 0.374522 1.052846
vt 0.432086 1.143803
vt 0.432086 1.052846
vt 0.465371 1.143803
vt 0.465371 1.052846
vt 0.499987 1.052846
vt 0.534603 1.143803
vt 0.567888 1.143803
vt 0.567888 1.052846
vt 0.534603 1.052846
vt 0.598564 1.143803
vt 0.598564 1.052846
vt 0.625452 1.143803
vt 0.625452 1.052846
vt 1.143803 0.625465
vt 1.143803 0.609294
vt 1.072211 0.609294
vt 1.072211 0.598577
vt 1.052846 0.598577
vt 1.052846 0.625465
vt 1.143803 0.534616
vt 1.052846 0.534616
vt 0.677421 0.500000
vt 0.663915 0.432099
vt 0.647518 0.401423
vt 0.499987 0.322566
vt 0.352455 0.401423
vt 0.336059 0.432099
vt 0.325962 0.465384
vt 0.336059 0.567901
vt 0.352455 0.598577
vt 0.401410 0.647531
vt 0.499987 0.677434
vt 0.647518 0.598577
vt 0.663915 0.567901
vt 0.475468 0.293679
vt 0.475468 0.324980
vt 1.091527 0.580262
vt 1.108015 0.580262
vt 1.122699 0.374920
vt 1.122699 0.352401
vt 1.134866 0.352401
vt 1.134866 0.374920
vt 0.334891 1.072211
vt 0.362233 1.072211
vt 0.362233 1.143803
vt 0.334891 1.143803
vt 0.334891 1.134866
vt 0.334891 1.122699
vt 0.334891 1.108015
vt 0.334891 1.091527
vt 0.334891 1.073949
vt 1.143803 0.434185
vt 1.052846 0.432099
vt 1.072211 0.432099
vt 1.072211 0.434185
vt 0.666066 1.072211
vt 0.638723 1.072211
vt 0.638723 1.143803
vt 0.666066 1.143803
vt 0.666066 1.134866
vt 0.666066 1.122699
vt 0.666066 1.108015
vt 0.666066 1.091527
vt 0.666066 1.073949
vt 1.091527 0.418389
vt 1.108015 0.418389
vt 0.527563 1.134866
vt 0.638723 1.072211
vt 0.666066 1.072211
vt 0.666066 1.073949
vt 0.666066 1.091527
vt 0.666066 1.108015
vt 0.666066 1.122699
vt 0.666066 1.134866
vt 0.666066 1.143803
vt 0.638723 1.143803
vt 1.122699 0.580262
vt 1.134866 0.580262
vt 0.692629 1.072211
vt 0.665003 1.072211
vt 0.665003 1.143803
vt 0.689762 1.143803
vt 0.692629 1.143803
vt 0.692629 1.134866
vt 0.692629 1.122699
vt 0.692629 1.108015
vt 0.692629 1.091527
vt 0.692629 1.073949
vt 1.072211 0.706321
vt 1.072211 0.675020
vt 1.143803 0.675020
vt 1.143803 0.706321
vt 1.134866 0.706321
vt 1.122699 0.706321
vt 1.108015 0.706321
vt 1.091527 0.706321
vt 1.073949 0.706321
vt 1.072211 0.598577
vt 1.052846 0.598577
vt 1.108015 0.374920
vt 1.108015 0.352401
vt 1.072211 0.567901
vt 1.052846 0.567901
vt 0.308065 0.418389
vt 0.334891 0.373722
vt 0.527563 0.706020
vt 0.527563 0.674718
vt 1.143803 0.352401
vt 1.143803 0.374920
vt 1.091527 0.626278
vt 1.108015 0.626278
vt 1.122699 0.626278
vt 1.143803 0.564313
vt 1.072211 0.564313
vt 1.122699 0.418389
vt 1.134866 0.418389
vt 0.475468 0.675020
vt 1.072211 0.674718
vt 1.072211 0.706020
vt 1.073949 0.706020
vt 1.091527 0.706020
vt 1.108015 0.706020
vt 1.122699 0.706020
vt 1.134866 0.706020
vt 1.143803 0.706020
vt 1.143803 0.674718
vt 1.091527 0.374920
vt 1.091527 0.352401
vt 0.666066 0.374920
vt 0.638723 0.390706
vt 0.334891 0.626278
vt 0.362233 0.610492
vt 0.335426 1.072211
vt 0.308065 1.072211
vt 0.308065 1.073949
vt 0.308065 1.091527
vt 0.308065 1.108015
vt 0.308065 1.122699
vt 0.308065 1.134866
vt 0.308065 1.143803
vt 0.321030 1.143803
vt 0.335426 1.143803
vt 1.143803 0.610492
vt 1.143803 0.625465
vt 1.052846 0.625465
vt 1.072211 0.610492
vt 1.072211 0.293980
vt 1.072211 0.325282
vt 1.143803 0.325282
vt 1.143803 0.293980
vt 1.134866 0.293980
vt 1.122699 0.293980
vt 1.108015 0.293980
vt 1.091527 0.293980
vt 1.073949 0.293980
vt 0.665003 0.435687
vt 0.692629 0.419737
vt 0.638723 0.390706
vt 1.134866 0.626278
vt 1.143803 0.390706
vt 1.143803 0.374535
vt 1.052846 0.374535
vt 1.052846 0.401423
vt 1.072211 0.401423
vt 1.072211 0.390706
vt 1.143803 0.580262
vt 0.692629 0.580262
vt 1.143803 0.626278
vt 1.072211 0.324980
vt 1.072211 0.293679
vt 1.073949 0.293679
vt 1.091527 0.293679
vt 1.108015 0.293679
vt 1.122699 0.293679
vt 1.134866 0.293679
vt 1.143803 0.293679
vt 1.143803 0.324980
vt 0.362233 1.072211
vt 0.334891 1.072211
vt 0.334891 1.073949
vt 0.334891 1.091527
vt 0.334891 1.108015
vt 0.334891 1.122699
vt 0.334891 1.134866
vt 0.334891 1.143803
vt 0.362233 1.143803
vt 0.308065 1.072211
vt 0.335426 1.072211
vt 0.335426 1.143803
vt 0.321028 1.143803
vt 0.308065 1.143803
vt 0.308065 1.134866
vt 0.308065 1.122699
vt 0.308065 1.108015
vt 0.308065 1.091527
vt 0.308065 1.073949
vt 0.665003 1.072211
vt 0.692629 1.072211
vt 0.692629 1.073949
vt 0.692629 1.091527
vt 0.692629 1.108015
vt 0.692629 1.122699
vt 0.692629 1.134866
vt 0.692629 1.143803
vt 0.689765 1.143803
vt 0.665003 1.143803
vt 1.143803 0.418389
vt 0.499987 0.159382
vt 0.538003 0.159382
vt 0.538003 0.163062
vt 0.499987 0.163062
vt 0.574557 0.159382
vt 0.574557 0.163062
vt 0.608247 0.159382
vt 0.608247 0.163062
vt 0.637775 0.159382
vt 0.637775 0.163062
vt 0.159382 0.362212
vt 0.159382 0.391740
vt 0.163062 0.391740
vt 0.163062 0.362212
vt 0.159382 0.425429
vt 0.163062 0.425429
vt 0.159382 0.461984
vt 0.163062 0.461984
vt 0.159382 0.500000
vt 0.163062 0.500000
vt 0.159382 0.538016
vt 0.163062 0.538016
vt 0.159382 0.574571
vt 0.163062 0.574571
vt 0.159382 0.608260
vt 0.163062 0.608260
vt 0.159382 0.637788
vt 0.163062 0.637788
vt 0.637775 0.159382
vt 0.608247 0.159382
vt 0.574557 0.159382
vt 0.538003 0.159382
vt 0.499987 0.159382
vt 0.461971 0.159382
vt 0.461971 0.163062
vt 0.425416 0.159382
vt 0.425416 0.163062
vt 0.391727 0.159382
vt 0.391727 0.163062
vt 0.362198 0.159382
vt 0.362198 0.163062
vt 0.362198 0.159382
vt 0.391727 0.159382
vt 0.425416 0.159382
vt 0.538003 0.308882
vt 0.574557 0.319971
vt 0.608247 0.337978
vt 0.637775 0.362212
vt 0.662009 0.391740
vt 0.680016 0.425429
vt 0.691105 0.461984
vt 0.694849 0.500000
vt 0.691105 0.538016
vt 0.680016 0.574571
vt 0.662009 0.608260
vt 0.637775 0.637788
vt 0.608247 0.662022
vt 0.574557 0.680029
vt 0.538003 0.691118
vt 0.499987 0.694862
vt 0.461971 0.691118
vt 0.425416 0.680029
vt 0.391727 0.662022
vt 0.362198 0.637788
vt 0.337965 0.608260
vt 0.319958 0.574571
vt 0.308869 0.538016
vt 0.305125 0.500000
vt 0.308869 0.461984
vt 0.319958 0.425429
vt 0.337965 0.391740
vt 0.362198 0.362212
vt 0.391727 0.337978
vt 0.425416 0.319971
vt 0.461971 0.308882
vt 0.499987 0.305138
vt 0.461971 0.159382
s 1
usemtl Velvet
f 4597/5145/3845 4599/5146/3845 4600/5147/3845 4598/5148/3845
f 4599/5146/3846 4601/5149/3846 4602/5150/3846 4600/5147/3846
f 4601/5149/3847 4603/5151/3847 4604/5152/3847 4602/5150/3847
f 4603/5151/3848 4605/5153/3848 4606/5154/3848 4604/5152/3848
f 4605/5155/3849 4607/5156/3849 4608/5157/3849 4606/5158/3849
f 4607/5156/3746 4609/5159/3746 4610/5160/3746 4608/5157/3746
f 4609/5159/3850 4611/5161/3850 4612/5162/3850 4610/5160/3850
f 4611/5161/3851 4613/5163/3851 4614/5164/3851 4612/5162/3851
f 4613/5163/3852 4615/5165/3852 4616/5166/3852 4614/5164/3852
f 4615/5165/3853 4617/5167/3853 4618/5168/3853 4616/5166/3853
f 4617/5167/3820 4619/5169/3820 4620/5170/3820 4618/5168/3820
f 4619/5169/3854 4621/5171/3854 4622/5172/3854 4620/5170/3854
f 4621/5173/3855 4623/5174/3855 4624/5152/3855 4622/5154/3855
f 4623/5174/3856 4625/5175/3856 4626/5150/3856 4624/5152/3856
f 4625/5175/3857 4627/5176/3857 4628/5147/3857 4626/5150/3857
f 4627/5176/3858 4629/5177/3858 4630/5148/3858 4628/5147/3858
f 4629/5177/3859 4631/5178/3859 4632/5179/3859 4630/5148/3859
f 4631/5178/3860 4633/5180/3860 4634/5181/3860 4632/5179/3860
f 4633/5180/3861 4635/5182/3861 4636/5183/3861 4634/5181/3861
f 4635/5182/3862 4637/5184/3862 4638/5185/3862 4636/5183/3862
f 4637/5171/3863 4639/5169/3863 4640/5170/3863 4638/5172/3863
f 4639/5169/3864 4641/5167/3864 4642/5168/3864 4640/5170/3864
f 4641/5167/3865 4643/5165/3865 4644/5166/3865 4642/5168/3865
f 4643/5165/3866 4645/5163/3866 4646/5164/3866 4644/5166/3866
f 4645/5163/3867 4647/5161/3867 4648/5162/3867 4646/5164/3867
f 4647/5161/3868 4649/5159/3868 4650/5160/3868 4648/5162/3868
f 4649/5159/3869 4651/5156/3869 4652/5157/3869 4650/5160/3869
f 4651/5156/3870 4653/5155/3870 4654/5158/3870 4652/5157/3870
f 4653/5186/3871 4655/5187/3871 4656/5183/3871 4654/5185/3871
f 4655/5187/3872 4657/5188/3872 4658/5181/3872 4656/5183/3872
f 4600/5189/1 4602/5190/1 4604/5191/1 4606/5192/1 4608/5193/1 4610/5194/1 4612/5195/1 4614/5196/1 4616/5197/1 4618/5198/1 4620/5199/1 4622/5200/1 4624/5201/1 4626/5202/1 4628/5203/1 4630/5204/1 4632/5205/1 4634/5206/1 4636/5207/1 4638/5208/1 4640/5209/1 4642/5210/1 4644/5211/1 4646/5212/1 4648/5213/1 4650/5214/1 4652/5215/1 4654/5216/1 4656/5217/1 4658/5218/1 4660/5219/1 4598/5220/1
f 4657/5188/3873 4659/5221/3873 4660/5179/3873 4658/5181/3873
f 4659/5221/3874 4597/5145/3874 4598/5148/3874 4660/5179/3874
f 4597/5220/1 4599/5189/1 4601/5190/1 4603/5191/1 4605/5192/1 4607/5193/1 4609/5194/1 4611/5195/1 4613/5196/1 4615/5197/1 4617/5198/1 4619/5199/1 4621/5200/1 4623/5201/1 4625/5202/1 4627/5203/1 4629/5204/1 4631/5205/1 4633/5206/1 4635/5207/1 4637/5208/1 4639/5209/1 4641/5210/1 4643/5211/1 4645/5212/1 4647/5213/1 4649/5214/1 4651/5215/1 4653/5216/1 4655/5217/1 4657/5218/1 4659/5219/1
usemtl Plastic
f 1/1/1 144/2/2 2/3/3
f 1/1/1 285/4/4 144/2/2
f 1/1/1 425/5/5 285/4/4
f 1/1/1 559/6/6 425/5/5
f 1/1/1 700/7/7 559/6/6
f 1/1/1 841/8/8 700/7/7
f 1/1/1 982/9/9 841/8/8
f 1/1/1 1123/10/10 982/9/9
f 1/1/1 1257/11/11 1123/10/10
f 1/1/1 1398/12/12 1257/11/11
f 1/1/1 1539/13/13 1398/12/12
f 1/1/1 1680/14/14 1539/13/13
f 1/1/1 1821/15/15 1680/14/14
f 1/1/1 1955/16/16 1821/15/15
f 1/1/1 2095/17/17 1955/16/16
f 1/1/1 2236/18/18 2095/17/17
f 1/1/1 2377/19/19 2236/18/18
f 1/1/1 2518/20/20 2377/19/19
f 1/1/1 2658/21/21 2518/20/20
f 1/1/1 2792/22/22 2658/21/21
f 1/1/1 2933/23/23 2792/22/22
f 1/1/1 3074/24/24 2933/23/23
f 1/1/1 3215/25/25 3074/24/24
f 1/1/1 3356/26/26 3215/25/25
f 1/1/1 3490/27/27 3356/26/26
f 1/1/1 3631/28/28 3490/27/27
f 1/1/1 3772/29/29 3631/28/28
f 1/1/1 3913/30/30 3772/29/29
f 1/1/1 4054/31/31 3913/30/30
f 1/1/1 4188/32/32 4054/31/31
f 1/1/1 4328/33/33 4188/32/32
f 1/1/1 2/3/3 4328/33/33
f 2/3/3 144/2/2 145/34/34 3/35/35
f 144/2/2 285/4/4 286/36/36 145/34/34
f 285/4/4 425/5/5 426/37/37 286/36/36
f 425/5/5 559/6/6 560/38/38 426/37/37
f 559/6/6 700/7/7 701/39/39 560/38/38
f 700/7/7 841/8/8 842/40/40 701/39/39
f 841/8/8 982/9/9 983/41/41 842/40/40
f 982/9/9 1123/10/10 1124/42/42 983/41/41
f 1123/10/10 1257/11/11 1258/43/43 1124/42/42
f 1257/11/11 1398/12/12 1399/44/44 1258/43/43
f 1398/12/12 1539/13/13 1540/45/45 1399/44/44
f 1539/13/13 1680/14/14 1681/46/46 1540/45/45
f 1680/14/14 1821/15/15 1822/47/47 1681/46/46
f 1821/15/15 1955/16/16 1956/48/48 1822/47/47
f 1955/16/16 2095/17/17 2096/49/49 1956/48/48
f 2095/17/17 2236/18/18 2237/50/50 2096/49/49
f 2236/18/18 2377/19/19 2378/51/51 2237/50/50
f 2377/19/19 2518/20/20 2519/52/52 2378/51/51
f 2518/20/20 2658/21/21 2659/53/53 2519/52/52
f 2658/21/21 2792/22/22 2793/54/54 2659/53/53
f 2792/22/22 2933/23/23 2934/55/55 2793/54/54
f 2933/23/23 3074/24/24 3075/56/56 2934/55/55
f 3074/24/24 3215/25/25 3216/57/57 3075/56/56
f 3215/25/25 3356/26/26 3357/58/58 3216/57/57
f 3356/26/26 3490/27/27 3491/59/59 3357/58/58
f 3490/27/27 3631/28/28 3632/60/60 3491/59/59
f 3631/28/28 3772/29/29 3773/61/61 3632/60/60
f 3772/29/29 3913/30/30 3914/62/62 3773/61/61
f 3913/30/30 4054/31/31 4055/63/63 3914/62/62
f 4054/31/31 4188/32/32 4189/64/64 4055/63/63
f 4188/32/32 4328/33/33 4329/65/65 4189/64/64
f 4328/33/33 2/3/3 3/35/35 4329/65/65
f 3/35/35 145/34/34 146/66/66 4/67/67
f 145/34/34 286/36/36 287/68/68 146/66/66
f 286/36/36 426/37/37 427/69/69 287/68/68
f 426/37/37 560/38/38 561/70/70 427/69/69
f 560/38/38 701/39/39 702/71/71 561/70/70
f 701/39/39 842/40/40 843/72/72 702/71/71
f 842/40/40 983/41/41 984/73/73 843/72/72
f 983/41/41 1124/42/42 1125/74/74 984/73/73
f 1124/42/42 1258/43/43 1259/75/75 1125/74/74
f 1258/43/43 1399/44/44 1400/76/76 1259/75/75
f 1399/44/44 1540/45/45 1541/77/77 1400/76/76
f 1540/45/45 1681/46/46 1682/78/78 1541/77/77
f 1681/46/46 1822/47/47 1823/79/79 1682/78/78
f 1822/47/47 1956/48/48 1957/80/80 1823/79/79
f 1956/48/48 2096/49/49 2097/81/81 1957/80/80
f 2096/49/49 2237/50/50 2238/82/82 2097/81/81
f 2237/50/50 2378/51/51 2379/83/83 2238/82/82
f 2378/51/51 2519/52/52 2520/84/84 2379/83/83
f 2519/52/52 2659/53/53 2660/85/85 2520/84/84
f 2659/53/53 2793/54/54 2794/86/86 2660/85/85
f 2793/54/54 2934/55/55 2935/87/87 2794/86/86
f 2934/55/55 3075/56/56 3076/88/88 2935/87/87
f 3075/56/56 3216/57/57 3217/89/89 3076/88/88
f 3216/57/57 3357/58/58 3358/90/90 3217/89/89
f 3357/58/58 3491/59/59 3492/91/91 3358/90/90
f 3491/59/59 3632/60/60 3633/92/92 3492/91/91
f 3632/60/60 3773/61/61 3774/93/93 3633/92/92
f 3773/61/61 3914/62/62 3915/94/94 3774/93/93
f 3914/62/62 4055/63/63 4056/95/95 3915/94/94
f 4055/63/63 4189/64/64 4190/96/96 4056/95/95
f 4189/64/64 4329/65/65 4330/97/97 4190/96/96
f 4329/65/65 3/35/35 4/67/67 4330/97/97
f 4/67/67 146/66/66 147/98/98 5/99/99
f 146/66/66 287/68/68 288/100/100 147/98/98
f 287/68/68 427/69/69 428/101/101 288/100/100
f 427/69/69 561/70/70 562/102/102 428/101/101
f 561/70/70 702/71/71 703/103/103 562/102/102
f 702/71/71 843/72/72 844/104/104 703/103/103
f 843/72/72 984/73/73 985/105/105 844/104/104
f 984/73/73 1125/74/74 1126/106/106 985/105/105
f 1125/74/74 1259/75/75 1260/107/107 1126/106/106
f 1259/75/75 1400/76/76 1401/108/108 1260/107/107
f 1400/76/76 1541/77/77 1542/109/109 1401/108/108
f 1541/77/77 1682/78/78 1683/110/110 1542/109/109
f 1682/78/78 1823/79/79 1824/111/111 1683/110/110
f 1823/79/79 1957/80/80 1958/112/112 1824/111/111
f 1957/80/80 2097/81/81 2098/113/113 1958/112/112
f 2097/81/81 2238/82/82 2239/114/114 2098/113/113
f 2238/82/82 2379/83/83 2380/115/115 2239/114/114
f 2379/83/83 2520/84/84 2521/116/116 2380/115/115
f 2520/84/84 2660/85/85 2661/117/117 2521/116/116
f 2660/85/85 2794/86/86 2795/118/118 2661/117/117
f 2794/86/86 2935/87/87 2936/119/119 2795/118/118
f 2935/87/87 3076/88/88 3077/120/120 2936/119/119
f 3076/88/88 3217/89/89 3218/121/121 3077/120/120
f 3217/89/89 3358/90/90 3359/122/122 3218/121/121
f 3358/90/90 3492/91/91 3493/123/123 3359/122/122
f 3492/91/91 3633/92/92 3634/124/124 3493/123/123
f 3633/92/92 3774/93/93 3775/125/125 3634/124/124
f 3774/93/93 3915/94/94 3916/126/126 3775/125/125
f 3915/94/94 4056/95/95 4057/127/127 3916/126/126
f 4056/95/95 4190/96/96 4191/128/128 4057/127/127
f 4190/96/96 4330/97/97 4331/129/129 4191/128/128
f 4330/97/97 4/67/67 5/99/99 4331/129/129
f 5/99/99 147/98/98 148/130/130 6/131/131
f 147/98/98 288/100/100 289/132/132 148/130/130
f 288/100/100 428/101/101 429/133/133 289/132/132
f 428/101/101 562/102/102 563/134/134 429/133/133
f 562/102/102 703/103/103 704/135/135 563/134/134
f 703/103/103 844/104/104 845/136/136 704/135/135
f 844/104/104 985/105/105 986/137/137 845/136/136
f 985/105/105 1126/106/106 1127/138/138 986/137/137
f 1126/106/106 1260/107/107 1261/139/139 1127/138/138
f 1260/107/107 1401/108/108 1402/140/140 1261/139/139
f 1401/108/108 1542/109/109 1543/141/141 1402/140/140
f 1542/109/109 1683/110/110 1684/142/142 1543/141/141
f 1683/110/110 1824/111/111 1825/143/143 1684/142/142
f 1824/111/111 1958/112/112 1959/144/144 1825/143/143
f 1958/112/112 2098/113/113 2099/145/145 1959/144/144
f 2098/113/113 2239/114/114 2240/146/146 2099/145/145
f 2239/114/114 2380/115/115 2381/147/147 2240/146/146
f 2380/115/115 2521/116/116 2522/148/148 2381/147/147
f 2521/116/116 2661/117/117 2662/149/149 2522/148/148
f 2661/117/117 2795/118/118 2796/150/150 2662/149/149
f 2795/118/118 2936/119/119 2937/151/151 2796/150/150
f 2936/119/119 3077/120/120 3078/152/152 2937/151/151
f 3077/120/120 3218/121/121 3219/153/153 3078/152/152
f 3218/121/121 3359/122/122 3360/154/154 3219/153/153
f 3359/122/122 3493/123/123 3494/155/155 3360/154/154
f 3493/123/123 3634/124/124 3635/156/156 3494/155/155
f 3634/124/124 3775/125/125 3776/157/157 3635/156/156
f 3775/125/125 3916/126/126 3917/158/158 3776/157/157
f 3916/126/126 4057/127/127 4058/159/159 3917/158/158
f 4057/127/127 4191/128/128 4192/160/160 4058/159/159
f 4191/128/128 4331/129/129 4332/161/161 4192/160/160
f 4331/129/129 5/99/99 6/131/131 4332/161/161
f 6/131/131 148/130/130 149/162/162 7/163/163
f 148/130/130 289/132/132 290/164/164 149/162/162
f 289/132/132 429/133/133 430/165/165 290/164/164
f 429/133/133 563/134/134 564/166/166 430/165/165
f 563/134/134 704/135/135 705/167/167 564/166/166
f 704/135/135 845/136/136 846/168/168 705/167/167
f 845/136/136 986/137/137 987/169/169 846/168/168
f 986/137/137 1127/138/138 1128/170/170 987/169/169
f 1127/138/138 1261/139/139 1262/171/171 1128/170/170
f 1261/139/139 1402/140/140 1403/172/172 1262/171/171
f 1402/140/140 1543/141/141 1544/173/173 1403/172/172
f 1543/141/141 1684/142/142 1685/174/174 1544/173/173
f 1684/142/142 1825/143/143 1826/175/175 1685/174/174
f 1825/143/143 1959/144/144 1960/176/176 1826/175/175
f 1959/144/144 2099/145/145 2100/177/177 1960/176/176
f 2099/145/145 2240/146/146 2241/178/178 2100/177/177
f 2240/146/146 2381/147/147 2382/179/179 2241/178/178
f 2381/147/147 2522/148/148 2523/180/180 2382/179/179
f 2522/148/148 2662/149/149 2663/181/181 2523/180/180
f 2662/149/149 2796/150/150 2797/182/182 2663/181/181
f 2796/150/150 2937/151/151 2938/183/183 2797/182/182
f 2937/151/151 3078/152/152 3079/184/184 2938/183/183
f 3078/152/152 3219/153/153 3220/185/185 3079/184/184
f 3219/153/153 3360/154/154 3361/186/186 3220/185/185
f 3360/154/154 3494/155/155 3495/187/187 3361/186/186
f 3494/155/155 3635/156/156 3636/188/188 3495/187/187
f 3635/156/156 3776/157/157 3777/189/189 3636/188/188
f 3776/157/157 3917/158/158 3918/190/190 3777/189/189
f 3917/158/158 4058/159/159 4059/191/191 3918/190/190
f 4058/159/159 4192/160/160 4193/192/192 4059/191/191
f 4192/160/160 4332/161/161 4333/193/193 4193/192/192
f 4332/161/161 6/131/131 7/163/163 4333/193/193
f 7/163/163 149/162/162 150/194/194 8/195/195
f 149/162/162 290/164/164 291/196/196 150/194/194
f 290/164/164 430/165/165 431/197/197 291/196/196
f 430/165/165 564/166/166 565/198/198 431/197/197
f 564/166/166 705/167/167 706/199/199 565/198/198
f 705/167/167 846/168/168 847/200/200 706/199/199
f 846/168/168 987/169/169 988/201/201 847/200/200
f 987/169/169 1128/170/170 1129/202/202 988/201/201
f 1128/170/170 1262/171/171 1263/203/203 1129/202/202
f 1262/171/171 1403/172/172 1404/204/204 1263/203/203
f 1403/172/172 1544/173/173 1545/205/205 1404/204/204
f 1544/173/173 1685/174/174 1686/206/206 1545/205/205
f 1685/174/174 1826/175/175 1827/207/207 1686/206/206
f 1826/175/175 1960/176/176 1961/208/208 1827/207/207
f 1960/176/176 2100/177/177 2101/209/209 1961/208/208
f 2100/177/177 2241/178/178 2242/210/210 2101/209/209
f 2241/178/178 2382/179/179 2383/211/211 2242/210/210
f 2382/179/179 2523/180/180 2524/212/212 2383/211/211
f 2523/180/180 2663/181/181 2664/213/213 2524/212/212
f 2663/181/181 2797/182/182 2798/214/214 2664/213/213
f 2797/182/182 2938/183/183 2939/215/215 2798/214/214
f 2938/183/183 3079/184/184 3080/216/216 2939/215/215
f 3079/184/184 3220/185/185 3221/217/217 3080/216/216
f 3220/185/185 3361/186/186 3362/218/218 3221/217/217
f 3361/186/186 3495/187/187 3496/219/219 3362/218/218
f 3495/187/187 3636/188/188 3637/220/220 3496/219/219
f 3636/188/188 3777/189/189 3778/221/221 3637/220/220
f 3777/189/189 3918/190/190 3919/222/222 3778/221/221
f 3918/190/190 4059/191/191 4060/223/223 3919/222/222
f 4059/191/191 4193/192/192 4194/224/224 4060/223/223
f 4193/192/192 4333/193/193 4334/225/225 4194/224/224
f 4333/193/193 7/163/163 8/195/195 4334/225/225
f 8/195/195 150/194/194 151/226/226 9/227/227
f 150/194/194 291/196/196 292/228/228 151/226/226
f 291/196/196 431/197/197 432/229/229 292/228/228
f 431/197/197 565/198/198 566/230/230 432/229/229
f 565/198/198 706/199/199 707/231/231 566/230/230
f 706/199/199 847/200/200 848/232/232 707/231/231
f 847/200/200 988/201/201 989/233/233 848/232/232
f 988/201/201 1129/202/202 1130/234/234 989/233/233
f 1129/202/202 1263/203/203 1264/235/235 1130/234/234
f 1263/203/203 1404/204/204 1405/236/236 1264/235/235
f 1404/204/204 1545/205/205 1546/237/237 1405/236/236
f 1545/205/205 1686/206/206 1687/238/238 1546/237/237
f 1686/206/206 1827/207/207 1828/239/239 1687/238/238
f 1827/207/207 1961/208/208 1962/240/240 1828/239/239
f 1961/208/208 2101/209/209 2102/241/241 1962/240/240
f 2101/209/209 2242/210/210 2243/242/242 2102/241/241
f 2242/210/210 2383/211/211 2384/243/243 2243/242/242
f 2383/211/211 2524/212/212 2525/244/244 2384/243/243
f 2524/212/212 2664/213/213 2665/245/245 2525/244/244
f 2664/213/213 2798/214/214 2799/246/246 2665/245/245
f 2798/214/214 2939/215/215 2940/247/247 2799/246/246
f 2939/215/215 3080/216/216 3081/248/248 2940/247/247
f 3080/216/216 3221/217/217 3222/249/249 3081/248/248
f 3221/217/217 3362/218/218 3363/250/250 3222/249/249
f 3362/218/218 3496/219/219 3497/251/251 3363/250/250
f 3496/219/219 3637/220/220 3638/252/252 3497/251/251
f 3637/220/220 3778/221/221 3779/253/253 3638/252/252
f 3778/221/221 3919/222/222 3920/254/254 3779/253/253
f 3919/222/222 4060/223/223 4061/255/255 3920/254/254
f 4060/223/223 4194/224/224 4195/256/256 4061/255/255
f 4194/224/224 4334/225/225 4335/257/257 4195/256/256
f 4334/225/225 8/195/195 9/227/227 4335/257/257
f 9/227/227 151/226/226 152/258/258 10/259/259
f 151/226/226 292/228/228 293/260/260 152/258/258
f 292/228/228 432/229/229 433/261/261 293/260/260
f 432/229/229 566/230/230 567/262/262 433/261/261
f 566/230/230 707/231/231 708/263/263 567/262/262
f 707/231/231 848/232/232 849/264/264 708/263/263
f 848/232/232 989/233/233 990/265/265 849/264/264
f 989/233/233 1130/234/234 1131/266/266 990/265/265
f 1130/234/234 1264/235/235 1265/267/267 1131/266/266
f 1264/235/235 1405/236/236 1406/268/268 1265/267/267
f 1405/236/236 1546/237/237 1547/269/269 1406/268/268
f 1546/237/237 1687/238/238 1688/270/270 1547/269/269
f 1687/238/238 1828/239/239 1829/271/271 1688/270/270
f 1828/239/239 1962/240/240 1963/272/272 1829/271/271
f 1962/240/240 2102/241/241 2103/273/273 1963/272/272
f 2102/241/241 2243/242/242 2244/274/274 2103/273/273
f 2243/242/242 2384/243/243 2385/275/275 2244/274/274
f 2384/243/243 2525/244/244 2526/276/276 2385/275/275
f 2525/244/244 2665/245/245 2666/277/277 2526/276/276
f 2665/245/245 2799/246/246 2800/278/278 2666/277/277
f 2799/246/246 2940/247/247 2941/279/279 2800/278/278
f 2940/247/247 3081/248/248 3082/280/280 2941/279/279
f 3081/248/248 3222/249/249 3223/281/281 3082/280/280
f 3222/249/249 3363/250/250 3364/282/282 3223/281/281
f 3363/250/250 3497/251/251 3498/283/283 3364/282/282
f 3497/251/251 3638/252/252 3639/284/284 3498/283/283
f 3638/252/252 3779/253/253 3780/285/285 3639/284/284
f 3779/253/253 3920/254/254 3921/286/286 3780/285/285
f 3920/254/254 4061/255/255 4062/287/287 3921/286/286
f 4061/255/255 4195/256/256 4196/288/288 4062/287/287
f 4195/256/256 4335/257/257 4336/289/289 4196/288/288
f 4335/257/257 9/227/227 10/259/259 4336/289/289
f 10/259/259 152/258/258 153/290/290 11/291/291
f 152/258/258 293/260/260 294/292/292 153/290/290
f 293/260/260 433/261/261 434/293/293 294/292/292
f 433/261/261 567/262/262 568/294/294 434/293/293
f 567/262/262 708/263/263 709/295/295 568/294/294
f 708/263/263 849/264/264 850/296/296 709/295/295
f 849/264/264 990/265/265 991/297/297 850/296/296
f 990/265/265 1131/266/266 1132/298/298 991/297/297
f 1131/266/266 1265/267/267 1266/299/299 1132/298/298
f 1265/267/267 1406/268/268 1407/300/300 1266/299/299
f 1406/268/268 1547/269/269 1548/301/301 1407/300/300
f 1547/269/269 1688/270/270 1689/302/302 1548/301/301
f 1688/270/270 1829/271/271 1830/303/303 1689/302/302
f 1829/271/271 1963/272/272 1964/304/304 1830/303/303
f 1963/272/272 2103/273/273 2104/305/305 1964/304/304
f 2103/273/273 2244/274/274 2245/306/306 2104/305/305
f 2244/274/274 2385/275/275 2386/307/307 2245/306/306
f 2385/275/275 2526/276/276 2527/308/308 2386/307/307
f 2526/276/276 2666/277/277 2667/309/309 2527/308/308
f 2666/277/277 2800/278/278 2801/310/310 2667/309/309
f 2800/278/278 2941/279/279 2942/311/311 2801/310/310
f 2941/279/279 3082/280/280 3083/312/312 2942/311/311
f 3082/280/280 3223/281/281 3224/313/313 3083/312/312
f 3223/281/281 3364/282/282 3365/314/314 3224/313/313
f 3364/282/282 3498/283/283 3499/315/315 3365/314/314
f 3498/283/283 3639/284/284 3640/316/316 3499/315/315
f 3639/284/284 3780/285/285 3781/317/317 3640/316/316
f 3780/285/285 3921/286/286 3922/318/318 3781/317/317
f 3921/286/286 4062/287/287 4063/319/319 3922/318/318
f 4062/287/287 4196/288/288 4197/320/320 4063/319/319
f 4196/288/288 4336/289/289 4337/321/321 4197/320/320
f 4336/289/289 10/259/259 11/291/291 4337/321/321
f 11/322/291 153/323/290 154/324/322 12/325/323
f 153/323/290 294/326/292 295/327/324 154/324/322
f 294/326/292 434/328/293 435/329/325 295/327/324
f 434/293/293 568/294/294 569/330/326 435/331/325
f 568/294/294 709/295/295 710/332/327 569/330/326
f 709/333/295 850/334/296 851/335/328 710/336/327
f 850/334/296 991/337/297 992/338/329 851/335/328
f 991/337/297 1132/339/298 1133/340/330 992/338/329
f 1132/339/298 1266/341/299 1267/342/331 1133/340/330
f 1266/341/299 1407/343/300 1408/344/332 1267/342/331
f 1407/343/300 1548/345/301 1549/346/333 1408/344/332
f 1548/301/301 1689/302/302 1690/347/334 1549/348/333
f 1689/302/302 1830/303/303 1831/349/335 1690/347/334
f 1830/350/303 1964/351/304 1965/352/336 1831/329/335
f 1964/351/304 2104/323/305 2105/353/337 1965/352/336
f 2104/323/305 2245/322/306 2246/325/338 2105/353/337
f 2245/322/306 2386/354/307 2387/355/339 2246/325/338
f 2386/354/307 2527/356/308 2528/357/340 2387/355/339
f 2527/356/308 2667/358/309 2668/359/341 2528/357/340
f 2667/309/309 2801/310/310 2802/360/342 2668/361/341
f 2801/310/310 2942/311/311 2943/362/343 2802/360/342
f 2942/363/311 3083/364/312 3084/365/344 2943/366/343
f 3083/364/312 3224/367/313 3225/368/345 3084/365/344
f 3224/367/313 3365/369/314 3366/370/346 3225/368/345
f 3365/369/314 3499/371/315 3500/338/347 3366/370/346
f 3499/371/315 3640/372/316 3641/373/348 3500/338/347
f 3640/372/316 3781/374/317 3782/336/349 3641/373/348
f 3781/317/317 3922/318/318 3923/375/350 3782/376/349
f 3922/318/318 4063/319/319 4064/377/351 3923/375/350
f 4063/358/319 4197/356/320 4198/357/352 4064/359/351
f 4197/356/320 4337/378/321 4338/379/353 4198/357/352
f 4337/378/321 11/322/291 12/325/323 4338/379/353
f 12/325/323 154/324/322 155/380/354 13/381/355
f 154/324/322 295/327/324 296/382/356 155/380/354
f 295/327/324 435/329/325 436/383/357 296/382/356
f 435/329/325 569/384/326 570/385/358 436/383/357
f 569/386/326 710/336/327 711/387/359 570/388/358
f 710/336/327 851/335/328 852/389/360 711/387/359
f 851/335/328 992/338/329 993/390/361 852/389/360
f 992/338/329 1133/340/330 1134/391/362 993/390/361
f 1133/340/330 1267/342/331 1268/392/363 1134/391/362
f 1267/342/331 1408/344/332 1409/393/364 1268/392/363
f 1408/344/332 1549/346/333 1550/394/365 1409/393/364
f 1549/346/333 1690/395/334 1691/396/366 1550/394/365
f 1690/384/334 1831/329/335 1832/397/367 1691/385/366
f 1831/329/335 1965/352/336 1966/398/368 1832/397/367
f 1965/352/336 2105/353/337 2106/380/369 1966/398/368
f 2105/353/337 2246/325/338 2247/381/370 2106/380/369
f 2246/325/338 2387/355/339 2388/399/371 2247/381/370
f 2387/355/339 2528/357/340 2529/400/372 2388/399/371
f 2528/357/340 2668/359/341 2669/401/373 2529/400/372
f 2668/359/341 2802/402/342 2803/403/374 2669/401/373
f 2802/404/342 2943/366/343 2944/405/375 2803/396/374
f 2943/366/343 3084/365/344 3085/406/376 2944/405/375
f 3084/365/344 3225/368/345 3226/407/377 3085/406/376
f 3225/368/345 3366/370/346 3367/408/378 3226/407/377
f 3366/370/346 3500/338/347 3501/409/379 3367/408/378
f 3500/338/347 3641/373/348 3642/410/380 3501/409/379
f 3641/373/348 3782/336/349 3783/411/381 3642/410/380
f 3782/336/349 3923/412/350 3924/413/382 3783/411/381
f 3923/414/350 4064/359/351 4065/401/383 3924/415/382
f 4064/359/351 4198/357/352 4199/400/384 4065/401/383
f 4198/357/352 4338/379/353 4339/416/385 4199/400/384
f 4338/379/353 12/325/323 13/381/355 4339/416/385
f 13/381/355 155/380/354 156/417/386 14/418/387
f 155/380/354 296/382/356 297/419/388 156/417/386
f 296/382/356 436/383/357 437/420/389 297/419/388
f 436/383/357 570/385/358 571/421/390 437/420/389
f 570/388/358 711/387/359 712/422/391 571/423/390
f 711/387/359 852/389/360 853/424/392 712/422/391
f 852/389/360 993/390/361 994/425/393 853/424/392
f 993/390/361 1134/391/362 1135/426/394 994/425/393
f 1134/391/362 1268/392/363 1269/427/395 1135/426/394
f 1268/392/363 1409/393/364 1410/428/396 1269/427/395
f 1409/393/364 1550/394/365 1551/429/397 1410/428/396
f 1550/394/365 1691/396/366 1692/430/398 1551/429/397
f 1691/385/366 1832/397/367 1833/431/399 1692/421/398
f 1832/397/367 1966/398/368 1967/432/400 1833/431/399
f 1966/398/368 2106/380/369 2107/417/401 1967/432/400
f 2106/380/369 2247/381/370 2248/418/402 2107/417/401
f 2247/381/370 2388/399/371 2389/433/403 2248/418/402
f 2388/399/371 2529/400/372 2530/434/404 2389/433/403
f 2529/400/372 2669/401/373 2670/435/405 2530/434/404
f 2669/401/373 2803/403/374 2804/436/406 2670/435/405
f 2803/396/374 2944/405/375 2945/437/407 2804/430/406
f 2944/405/375 3085/406/376 3086/438/408 2945/437/407
f 3085/406/376 3226/407/377 3227/439/409 3086/438/408
f 3226/407/377 3367/408/378 3368/440/410 3227/439/409
f 3367/408/378 3501/409/379 3502/441/411 3368/440/410
f 3501/409/379 3642/410/380 3643/424/412 3502/441/411
f 3642/410/380 3783/411/381 3784/442/413 3643/424/412
f 3783/411/381 3924/413/382 3925/443/414 3784/442/413
f 3924/415/382 4065/401/383 4066/435/415 3925/444/414
f 4065/401/383 4199/400/384 4200/434/416 4066/435/415
f 4199/400/384 4339/416/385 4340/445/417 4200/434/416
f 4339/416/385 13/381/355 14/418/387 4340/445/417
f 14/418/387 156/417/386 157/446/418 15/447/419
f 156/417/386 297/419/388 298/448/420 157/446/418
f 297/419/388 437/420/389 438/449/421 298/448/420
f 437/420/389 571/421/390 572/450/422 438/449/421
f 571/423/390 712/422/391 713/451/423 572/452/422
f 712/422/391 853/424/392 854/453/424 713/451/423
f 853/424/392 994/425/393 995/454/425 854/453/424
f 994/425/393 1135/426/394 1136/455/426 995/454/425
f 1135/426/394 1269/427/395 1270/456/427 1136/455/426
f 1269/427/395 1410/428/396 1411/457/428 1270/456/427
f 1410/428/396 1551/429/397 1552/458/429 1411/457/428
f 1551/429/397 1692/430/398 1693/459/430 1552/458/429
f 1692/421/398 1833/431/399 1834/460/431 1693/450/430
f 1833/431/399 1967/432/400 1968/461/432 1834/460/431
f 1967/432/400 2107/417/401 2108/446/433 1968/461/432
f 2107/417/401 2248/418/402 2249/447/434 2108/446/433
f 2248/418/402 2389/433/403 2390/462/435 2249/447/434
f 2389/433/403 2530/434/404 2531/463/436 2390/462/435
f 2530/434/404 2670/435/405 2671/464/437 2531/463/436
f 2670/435/405 2804/436/406 2805/465/438 2671/464/437
f 2804/430/406 2945/437/407 2946/466/439 2805/459/438
f 2945/437/407 3086/438/408 3087/467/440 2946/466/439
f 3086/438/408 3227/439/409 3228/468/441 3087/467/440
f 3227/439/409 3368/440/410 3369/469/442 3228/468/441
f 3368/440/410 3502/441/411 3503/470/443 3369/469/442
f 3502/441/411 3643/424/412 3644/453/444 3503/470/443
f 3643/424/412 3784/442/413 3785/471/445 3644/453/444
f 3784/442/413 3925/443/414 3926/472/446 3785/471/445
f 3925/444/414 4066/435/415 4067/464/447 3926/473/446
f 4066/435/415 4200/434/416 4201/463/448 4067/464/447
f 4200/434/416 4340/445/417 4341/474/449 4201/463/448
f 4340/445/417 14/418/387 15/447/419 4341/474/449
f 15/447/419 157/446/418 158/475/418 16/476/419
f 157/446/418 298/448/420 299/477/420 158/475/418
f 298/448/420 438/449/421 439/478/421 299/477/420
f 438/449/421 572/450/422 573/479/422 439/478/421
f 572/452/422 713/451/423 714/480/423 573/481/422
f 713/451/423 854/453/424 855/482/424 714/480/423
f 854/453/424 995/454/425 996/483/425 855/482/424
f 995/454/425 1136/455/426 1137/484/426 996/483/425
f 1136/455/426 1270/456/427 1271/485/427 1137/484/426
f 1270/456/427 1411/457/428 1412/486/428 1271/485/427
f 1411/457/428 1552/458/429 1553/487/429 1412/486/428
f 1552/458/429 1693/459/430 1694/488/430 1553/487/429
f 1693/450/430 1834/460/431 1835/489/431 1694/479/430
f 1834/460/431 1968/461/432 1969/490/432 1835/489/431
f 1968/461/432 2108/446/433 2109/475/433 1969/490/432
f 2108/446/433 2249/447/434 2250/476/434 2109/475/433
f 2249/447/434 2390/462/435 2391/491/435 2250/476/434
f 2390/462/435 2531/463/436 2532/492/436 2391/491/435
f 2531/463/436 2671/464/437 2672/493/437 2532/492/436
f 2671/464/437 2805/465/438 2806/494/438 2672/493/437
f 2805/459/438 2946/466/439 2947/495/439 2806/488/438
f 2946/466/439 3087/467/440 3088/496/440 2947/495/439
f 3087/467/440 3228/468/441 3229/497/441 3088/496/440
f 3228/468/441 3369/469/442 3370/498/442 3229/497/441
f 3369/469/442 3503/470/443 3504/499/443 3370/498/442
f 3503/470/443 3644/453/444 3645/482/444 3504/499/443
f 3644/453/444 3785/471/445 3786/500/445 3645/482/444
f 3785/471/445 3926/472/446 3927/501/446 3786/500/445
f 3926/473/446 4067/464/447 4068/493/447 3927/502/446
f 4067/464/447 4201/463/448 4202/492/448 4068/493/447
f 4201/463/448 4341/474/449 4342/503/449 4202/492/448
f 4341/474/449 15/447/419 16/476/419 4342/503/449
f 16/476/419 158/475/418 159/504/418 17/505/419
f 158/475/418 299/477/420 300/506/420 159/504/418
f 299/477/420 439/478/421 440/507/421 300/506/420
f 439/478/421 573/479/422 574/508/422 440/507/421
f 573/481/422 714/480/423 715/509/423 574/510/422
f 714/480/423 855/482/424 856/511/424 715/509/423
f 855/482/424 996/483/425 997/512/425 856/511/424
f 996/483/425 1137/484/426 1138/513/426 997/512/425
f 1137/484/426 1271/485/427 1272/514/427 1138/513/426
f 1271/485/427 1412/486/428 1413/515/428 1272/514/427
f 1412/486/428 1553/487/429 1554/516/429 1413/515/428
f 1553/487/429 1694/488/430 1695/517/430 1554/516/429
f 1694/479/430 1835/489/431 1836/518/431 1695/508/430
f 1835/489/431 1969/490/432 1970/519/432 1836/518/431
f 1969/490/432 2109/475/433 2110/504/433 1970/519/432
f 2109/475/433 2250/476/434 2251/505/434 2110/504/433
f 2250/476/434 2391/491/435 2392/520/435 2251/505/434
f 2391/491/435 2532/492/436 2533/521/436 2392/520/435
f 2532/492/436 2672/493/437 2673/522/437 2533/521/436
f 2672/493/437 2806/494/438 2807/523/438 2673/522/437
f 2806/488/438 2947/495/439 2948/524/439 2807/517/438
f 2947/495/439 3088/496/440 3089/525/440 2948/524/439
f 3088/496/440 3229/497/441 3230/526/441 3089/525/440
f 3229/497/441 3370/498/442 3371/527/442 3230/526/441
f 3370/498/442 3504/499/443 3505/528/443 3371/527/442
f 3504/499/443 3645/482/444 3646/511/444 3505/528/443
f 3645/482/444 3786/500/445 3787/529/445 3646/511/444
f 3786/500/445 3927/501/446 3928/530/446 3787/529/445
f 3927/502/446 4068/493/447 4069/522/447 3928/531/446
f 4068/493/447 4202/492/448 4203/521/448 4069/522/447
f 4202/492/448 4342/503/449 4343/532/449 4203/521/448
f 4342/503/449 16/476/419 17/505/419 4343/532/449
f 17/505/419 159/504/418 160/533/418 18/534/419
f 159/504/418 300/506/420 301/535/420 160/533/418
f 300/506/420 440/507/421 441/536/421 301/535/420
f 440/507/421 574/508/422 575/537/422 441/536/421
f 574/510/422 715/509/423 716/538/423 575/539/422
f 715/509/423 856/511/424 857/540/424 716/538/423
f 856/511/424 997/512/425 998/541/425 857/540/424
f 997/512/425 1138/513/426 1139/542/426 998/541/425
f 1138/513/426 1272/514/427 1273/543/427 1139/542/426
f 1272/514/427 1413/515/428 1414/544/428 1273/543/427
f 1413/515/428 1554/516/429 1555/545/429 1414/544/428
f 1554/516/429 1695/517/430 1696/546/430 1555/545/429
f 1695/508/430 1836/518/431 1837/547/431 1696/537/430
f 1836/518/431 1970/519/432 1971/548/432 1837/547/431
f 1970/519/432 2110/504/433 2111/533/433 1971/548/432
f 2110/504/433 2251/505/434 2252/534/434 2111/533/433
f 2251/505/434 2392/520/435 2393/549/435 2252/534/434
f 2392/520/435 2533/521/436 2534/550/436 2393/549/435
f 2533/521/436 2673/522/437 2674/551/437 2534/550/436
f 2673/522/437 2807/523/438 2808/552/438 2674/551/437
f 2807/517/438 2948/524/439 2949/553/439 2808/546/438
f 2948/524/439 3089/525/440 3090/554/440 2949/553/439
f 3089/525/440 3230/526/441 3231/555/441 3090/554/440
f 3230/526/441 3371/527/442 3372/556/442 3231/555/441
f 3371/527/442 3505/528/443 3506/557/443 3372/556/442
f 3505/528/443 3646/511/444 3647/540/444 3506/557/443
f 3646/511/444 3787/529/445 3788/558/445 3647/540/444
f 3787/529/445 3928/530/446 3929/559/446 3788/558/445
f 3928/531/446 4069/522/447 4070/551/447 3929/560/446
f 4069/522/447 4203/521/448 4204/550/448 4070/551/447
f 4203/521/448 4343/532/449 4344/561/449 4204/550/448
f 4343/532/449 17/505/419 18/534/419 4344/561/449
f 18/534/419 160/533/418 161/562/418 19/563/419
f 160/533/418 301/535/420 302/564/420 161/562/418
f 301/535/420 441/536/421 442/565/421 302/564/420
f 441/536/421 575/537/422 576/566/422 442/565/421
f 575/539/422 716/538/423 717/567/423 576/568/422
f 716/538/423 857/540/424 858/569/424 717/567/423
f 857/540/424 998/541/425 999/570/425 858/569/424
f 998/541/425 1139/542/426 1140/571/426 999/570/425
f 1139/542/426 1273/543/427 1274/572/427 1140/571/426
f 1273/543/427 1414/544/428 1415/573/428 1274/572/427
f 1414/544/428 1555/545/429 1556/574/429 1415/573/428
f 1555/545/429 1696/546/430 1697/575/430 1556/574/429
f 1696/537/430 1837/547/431 1838/576/431 1697/566/430
f 1837/547/431 1971/548/432 1972/577/432 1838/576/431
f 1971/548/432 2111/533/433 2112/562/433 1972/577/432
f 2111/533/433 2252/534/434 2253/563/434 2112/562/433
f 2252/534/434 2393/549/435 2394/578/435 2253/563/434
f 2393/549/435 2534/550/436 2535/579/436 2394/578/435
f 2534/550/436 2674/551/437 2675/580/437 2535/579/436
f 2674/551/437 2808/552/438 2809/581/438 2675/580/437
f 2808/546/438 2949/553/439 2950/582/439 2809/575/438
f 2949/553/439 3090/554/440 3091/583/440 2950/582/439
f 3090/554/440 3231/555/441 3232/584/441 3091/583/440
f 3231/555/441 3372/556/442 3373/571/442 3232/584/441
f 3372/556/442 3506/557/443 3507/585/443 3373/571/442
f 3506/557/443 3647/540/444 3648/569/444 3507/585/443
f 3647/540/444 3788/558/445 3789/586/445 3648/569/444
f 3788/558/445 3929/559/446 3930/587/446 3789/586/445
f 3929/560/446 4070/551/447 4071/580/447 3930/588/446
f 4070/551/447 4204/550/448 4205/579/448 4071/580/447
f 4204/550/448 4344/561/449 4345/589/449 4205/579/448
f 4344/561/449 18/534/419 19/563/419 4345/589/449
f 19/563/419 161/562/418 162/590/418 20/591/419
f 161/562/418 302/564/420 303/592/420 162/590/418
f 302/564/420 442/565/421 443/593/421 303/592/420
f 442/565/421 576/566/422 577/594/422 443/593/421
f 576/568/422 717/567/423 718/595/423 577/596/422
f 717/567/423 858/569/424 859/597/424 718/595/423
f 858/569/424 999/570/425 1000/598/425 859/597/424
f 999/570/425 1140/571/426 1141/599/426 1000/598/425
f 1140/571/426 1274/572/427 1275/600/427 1141/599/426
f 1274/572/427 1415/573/428 1416/601/428 1275/600/427
f 1415/573/428 1556/574/429 1557/602/429 1416/601/428
f 1556/574/429 1697/575/430 1698/603/430 1557/602/429
f 1697/566/430 1838/576/431 1839/604/431 1698/594/430
f 1838/576/431 1972/577/432 1973/605/432 1839/604/431
f 1972/577/432 2112/562/433 2113/590/433 1973/605/432
f 2112/562/433 2253/563/434 2254/591/434 2113/590/433
f 2253/563/434 2394/578/435 2395/606/435 2254/591/434
f 2394/578/435 2535/579/436 2536/607/436 2395/606/435
f 2535/579/436 2675/580/437 2676/608/437 2536/607/436
f 2675/580/437 2809/581/438 2810/609/438 2676/608/437
f 2809/575/438 2950/582/439 2951/610/439 2810/603/438
f 2950/582/439 3091/583/440 3092/611/440 2951/610/439
f 3091/583/440 3232/584/441 3233/612/441 3092/611/440
f 3232/584/441 3373/571/442 3374/599/442 3233/612/441
f 3373/571/442 3507/585/443 3508/613/443 3374/599/442
f 3507/585/443 3648/569/444 3649/597/444 3508/613/443
f 3648/569/444 3789/586/445 3790/614/445 3649/597/444
f 3789/586/445 3930/587/446 3931/615/446 3790/614/445
f 3930/588/446 4071/580/447 4072/608/447 3931/616/446
f 4071/580/447 4205/579/448 4206/607/448 4072/608/447
f 4205/579/448 4345/589/449 4346/617/449 4206/607/448
f 4345/589/449 19/563/419 20/591/419 4346/617/449
f 20/591/419 162/590/418 163/618/418 21/619/419
f 162/590/418 303/592/420 304/620/420 163/618/418
f 303/592/420 443/593/421 444/621/421 304/620/420
f 443/593/421 577/594/422 578/622/422 444/621/421
f 577/596/422 718/595/423 719/623/423 578/624/422
f 718/595/423 859/597/424 860/625/424 719/623/423
f 859/597/424 1000/598/425 1001/626/425 860/625/424
f 1000/598/425 1141/599/426 1142/627/426 1001/626/425
f 1141/599/426 1275/600/427 1276/628/427 1142/627/426
f 1275/600/427 1416/601/428 1417/629/428 1276/628/427
f 1416/601/428 1557/602/429 1558/630/429 1417/629/428
f 1557/602/429 1698/603/430 1699/631/430 1558/630/429
f 1698/594/430 1839/604/431 1840/632/431 1699/622/430
f 1839/604/431 1973/605/432 1974/633/432 1840/632/431
f 1973/605/432 2113/590/433 2114/618/433 1974/633/432
f 2113/590/433 2254/591/434 2255/619/434 2114/618/433
f 2254/591/434 2395/606/435 2396/634/435 2255/619/434
f 2395/606/435 2536/607/436 2537/635/436 2396/634/435
f 2536/607/436 2676/608/437 2677/636/437 2537/635/436
f 2676/608/437 2810/609/438 2811/637/438 2677/636/437
f 2810/603/438 2951/610/439 2952/638/439 2811/631/438
f 2951/610/439 3092/611/440 3093/639/440 2952/638/439
f 3092/611/440 3233/612/441 3234/640/441 3093/639/440
f 3233/612/441 3374/599/442 3375/627/442 3234/640/441
f 3374/599/442 3508/613/443 3509/641/443 3375/627/442
f 3508/613/443 3649/597/444 3650/625/444 3509/641/443
f 3649/597/444 3790/614/445 3791/642/445 3650/625/444
f 3790/614/445 3931/615/446 3932/643/446 3791/642/445
f 3931/616/446 4072/608/447 4073/636/447 3932/644/446
f 4072/608/447 4206/607/448 4207/635/448 4073/636/447
f 4206/607/448 4346/617/449 4347/645/449 4207/635/448
f 4346/617/449 20/591/419 21/619/419 4347/645/449
f 21/619/419 163/618/418 164/646/418 22/647/419
f 163/618/418 304/620/420 305/648/420 164/646/418
f 304/620/420 444/621/421 445/649/421 305/648/420
f 444/621/421 578/622/422 579/650/422 445/649/421
f 578/624/422 719/623/423 720/651/423 579/652/422
f 719/623/423 860/625/424 861/653/424 720/651/423
f 860/625/424 1001/626/425 1002/654/425 861/653/424
f 1001/626/425 1142/627/426 1143/655/426 1002/654/425
f 1142/627/426 1276/628/427 1277/656/427 1143/655/426
f 1276/628/427 1417/629/428 1418/657/428 1277/656/427
f 1417/629/428 1558/630/429 1559/658/429 1418/657/428
f 1558/630/429 1699/631/430 1700/659/430 1559/658/429
f 1699/622/430 1840/632/431 1841/660/431 1700/650/430
f 1840/632/431 1974/633/432 1975/661/432 1841/660/431
f 1974/633/432 2114/618/433 2115/646/433 1975/661/432
f 2114/618/433 2255/619/434 2256/647/434 2115/646/433
f 2255/619/434 2396/634/435 2397/662/435 2256/647/434
f 2396/634/435 2537/635/436 2538/663/436 2397/662/435
f 2537/635/436 2677/636/437 2678/664/437 2538/663/436
f 2677/636/437 2811/637/438 2812/665/438 2678/664/437
f 2811/631/438 2952/638/439 2953/666/439 2812/659/438
f 2952/638/439 3093/639/440 3094/667/440 2953/666/439
f 3093/639/440 3234/640/441 3235/668/441 3094/667/440
f 3234/640/441 3375/627/442 3376/655/442 3235/668/441
f 3375/627/442 3509/641/443 3510/669/443 3376/655/442
f 3509/641/443 3650/625/444 3651/653/444 3510/669/443
f 3650/625/444 3791/642/445 3792/670/445 3651/653/444
f 3791/642/445 3932/643/446 3933/671/446 3792/670/445
f 3932/644/446 4073/636/447 4074/664/447 3933/672/446
f 4073/636/447 4207/635/448 4208/663/448 4074/664/447
f 4207/635/448 4347/645/449 4348/673/449 4208/663/448
f 4347/645/449 21/619/419 22/647/419 4348/673/449
f 22/647/419 164/646/418 165/674/418 23/675/419
f 164/646/418 305/648/420 306/676/420 165/674/418
f 305/648/420 445/649/421 446/677/421 306/676/420
f 445/649/421 579/650/422 580/678/422 446/677/421
f 579/652/422 720/651/423 721/679/423 580/680/422
f 720/651/423 861/653/424 862/681/424 721/679/423
f 861/653/424 1002/654/425 1003/682/425 862/681/424
f 1002/654/425 1143/655/426 1144/683/426 1003/682/425
f 1143/655/426 1277/656/427 1278/684/427 1144/683/426
f 1277/656/427 1418/657/428 1419/685/428 1278/684/427
f 1418/657/428 1559/658/429 1560/686/429 1419/685/428
f 1559/658/429 1700/659/430 1701/687/430 1560/686/429
f 1700/650/430 1841/660/431 1842/688/431 1701/678/430
f 1841/660/431 1975/661/432 1976/689/432 1842/688/431
f 1975/661/432 2115/646/433 2116/674/433 1976/689/432
f 2115/646/433 2256/647/434 2257/675/434 2116/674/433
f 2256/647/434 2397/662/435 2398/690/435 2257/675/434
f 2397/662/435 2538/663/436 2539/691/436 2398/690/435
f 2538/663/436 2678/664/437 2679/692/437 2539/691/436
f 2678/664/437 2812/665/438 2813/693/438 2679/692/437
f 2812/659/438 2953/666/439 2954/694/439 2813/687/438
f 2953/666/439 3094/667/440 3095/695/440 2954/694/439
f 3094/667/440 3235/668/441 3236/696/441 3095/695/440
f 3235/668/441 3376/655/442 3377/683/442 3236/696/441
f 3376/655/442 3510/669/443 3511/697/443 3377/683/442
f 3510/669/443 3651/653/444 3652/681/444 3511/697/443
f 3651/653/444 3792/670/445 3793/698/445 3652/681/444
f 3792/670/445 3933/671/446 3934/699/446 3793/698/445
f 3933/672/446 4074/664/447 4075/692/447 3934/700/446
f 4074/664/447 4208/663/448 4209/691/448 4075/692/447
f 4208/663/448 4348/673/449 4349/701/449 4209/691/448
f 4348/673/449 22/647/419 23/675/419 4349/701/449
f 23/675/419 165/674/418 166/702/418 24/703/419
f 165/674/418 306/676/420 307/704/420 166/702/418
f 306/676/420 446/677/421 447/705/421 307/704/420
f 446/677/421 580/678/422 581/706/422 447/705/421
f 580/680/422 721/679/423 722/707/423 581/708/422
f 721/679/423 862/681/424 863/709/424 722/707/423
f 862/681/424 1003/682/425 1004/710/425 863/709/424
f 1003/682/425 1144/683/426 1145/711/426 1004/710/425
f 1144/683/426 1278/684/427 1279/712/427 1145/711/426
f 1278/684/427 1419/685/428 1420/713/428 1279/712/427
f 1419/685/428 1560/686/429 1561/714/429 1420/713/428
f 1560/686/429 1701/687/430 1702/715/430 1561/714/429
f 1701/678/430 1842/688/431 1843/716/431 1702/706/430
f 1842/688/431 1976/689/432 1977/717/432 1843/716/431
f 1976/689/432 2116/674/433 2117/702/433 1977/717/432
f 2116/674/433 2257/675/434 2258/703/434 2117/702/433
f 2257/675/434 2398/690/435 2399/718/435 2258/703/434
f 2398/690/435 2539/691/436 2540/719/436 2399/718/435
f 2539/691/436 2679/692/437 2680/720/437 2540/719/436
f 2679/692/437 2813/693/438 2814/721/438 2680/720/437
f 2813/687/438 2954/694/439 2955/722/439 2814/715/438
f 2954/694/439 3095/695/440 3096/723/440 2955/722/439
f 3095/695/440 3236/696/441 3237/724/441 3096/723/440
f 3236/696/441 3377/683/442 3378/711/442 3237/724/441
f 3377/683/442 3511/697/443 3512/725/443 3378/711/442
f 3511/697/443 3652/681/444 3653/709/444 3512/725/443
f 3652/681/444 3793/698/445 3794/726/445 3653/709/444
f 3793/698/445 3934/699/446 3935/727/446 3794/726/445
f 3934/700/446 4075/692/447 4076/720/447 3935/728/446
f 4075/692/447 4209/691/448 4210/719/448 4076/720/447
f 4209/691/448 4349/701/449 4350/729/449 4210/719/448
f 4349/701/449 23/675/419 24/703/419 4350/729/449
f 24/703/419 166/702/418 167/730/418 25/731/419
f 166/702/418 307/704/420 308/732/420 167/730/418
f 307/704/420 447/705/421 448/733/421 308/732/420
f 447/705/421 581/706/422 582/734/422 448/733/421
f 581/708/422 722/707/423 723/735/423 582/736/422
f 722/707/423 863/709/424 864/737/424 723/735/423
f 863/709/424 1004/710/425 1005/738/425 864/737/424
f 1004/710/425 1145/711/426 1146/739/426 1005/738/425
f 1145/711/426 1279/712/427 1280/740/427 1146/739/426
f 1279/712/427 1420/713/428 1421/741/428 1280/740/427
f 1420/713/428 1561/714/429 1562/742/429 1421/741/428
f 1561/714/429 1702/715/430 1703/743/430 1562/742/429
f 1702/706/430 1843/716/431 1844/744/431 1703/734/430
f 1843/716/431 1977/717/432 1978/745/432 1844/744/431
f 1977/717/432 2117/702/433 2118/730/433 1978/745/432
f 2117/702/433 2258/703/434 2259/731/434 2118/730/433
f 2258/703/434 2399/718/435 2400/746/435 2259/731/434
f 2399/718/435 2540/719/436 2541/747/436 2400/746/435
f 2540/719/436 2680/720/437 2681/748/437 2541/747/436
f 2680/720/437 2814/721/438 2815/749/438 2681/748/437
f 2814/715/438 2955/722/439 2956/750/439 2815/743/438
f 2955/722/439 3096/723/440 3097/751/440 2956/750/439
f 3096/723/440 3237/724/441 3238/752/441 3097/751/440
f 3237/724/441 3378/711/442 3379/739/442 3238/752/441
f 3378/711/442 3512/725/443 3513/753/443 3379/739/442
f 3512/725/443 3653/709/444 3654/737/444 3513/753/443
f 3653/709/444 3794/726/445 3795/754/445 3654/737/444
f 3794/726/445 3935/727/446 3936/755/446 3795/754/445
f 3935/728/446 4076/720/447 4077/748/447 3936/756/446
f 4076/720/447 4210/719/448 4211/747/448 4077/748/447
f 4210/719/448 4350/729/449 4351/757/449 4211/747/448
f 4350/729/449 24/703/419 25/731/419 4351/757/449
f 25/731/419 167/730/418 168/758/450 26/759/451
f 167/730/418 308/732/420 309/760/452 168/758/450
f 308/732/420 448/733/421 449/761/453 309/760/452
f 448/733/421 582/734/422 583/762/454 449/761/453
f 582/736/422 723/735/423 724/763/455 583/764/454
f 723/735/423 864/737/424 865/765/456 724/763/455
f 864/737/424 1005/738/425 1006/766/457 865/765/456
f 1005/738/425 1146/739/426 1147/767/458 1006/766/457
f 1146/739/426 1280/740/427 1281/768/459 1147/767/458
f 1280/740/427 1421/741/428 1422/769/460 1281/768/459
f 1421/741/428 1562/742/429 1563/770/461 1422/769/460
f 1562/742/429 1703/743/430 1704/771/462 1563/770/461
f 1703/734/430 1844/744/431 1845/772/463 1704/762/462
f 1844/744/431 1978/745/432 1979/773/464 1845/772/463
f 1978/745/432 2118/730/433 2119/758/465 1979/773/464
f 2118/730/433 2259/731/434 2260/759/466 2119/758/465
f 2259/731/434 2400/746/435 2401/774/467 2260/759/466
f 2400/746/435 2541/747/436 2542/775/468 2401/774/467
f 2541/747/436 2681/748/437 2682/776/469 2542/775/468
f 2681/748/437 2815/749/438 2816/777/470 2682/776/469
f 2815/743/438 2956/750/439 2957/778/471 2816/771/470
f 2956/750/439 3097/751/440 3098/779/472 2957/778/471
f 3097/751/440 3238/752/441 3239/780/473 3098/779/472
f 3238/752/441 3379/739/442 3380/767/474 3239/780/473
f 3379/739/442 3513/753/443 3514/781/475 3380/767/474
f 3513/753/443 3654/737/444 3655/765/476 3514/781/475
f 3654/737/444 3795/754/445 3796/782/477 3655/765/476
f 3795/754/445 3936/755/446 3937/783/478 3796/782/477
f 3936/756/446 4077/748/447 4078/776/479 3937/784/478
f 4077/748/447 4211/747/448 4212/775/480 4078/776/479
f 4211/747/448 4351/757/449 4352/785/481 4212/775/480
f 4351/757/449 25/731/419 26/759/451 4352/785/481
f 26/759/451 168/758/450 169/786/482 27/787/483
f 168/758/450 309/760/452 310/788/484 169/786/482
f 309/760/452 449/761/453 450/789/485 310/788/484
f 449/761/453 583/762/454 584/790/486 450/789/485
f 583/764/454 724/763/455 725/791/487 584/792/486
f 724/763/455 865/765/456 866/793/488 725/791/487
f 865/765/456 1006/766/457 1007/794/489 866/793/488
f 1006/766/457 1147/767/458 1148/795/490 1007/794/489
f 1147/767/458 1281/768/459 1282/796/491 1148/795/490
f 1281/768/459 1422/769/460 1423/797/492 1282/796/491
f 1422/769/460 1563/770/461 1564/798/493 1423/797/492
f 1563/770/461 1704/771/462 1705/799/494 1564/798/493
f 1704/762/462 1845/772/463 1846/800/495 1705/790/494
f 1845/772/463 1979/773/464 1980/801/496 1846/800/495
f 1979/773/464 2119/758/465 2120/786/497 1980/801/496
f 2119/758/465 2260/759/466 2261/787/498 2120/786/497
f 2260/759/466 2401/774/467 2402/802/499 2261/787/498
f 2401/774/467 2542/775/468 2543/803/500 2402/802/499
f 2542/775/468 2682/776/469 2683/804/501 2543/803/500
f 2682/776/469 2816/777/470 2817/805/502 2683/804/501
f 2816/771/470 2957/778/471 2958/806/503 2817/807/502
f 2957/778/471 3098/779/472 3099/808/504 2958/806/503
f 3098/779/472 3239/780/473 3240/809/505 3099/808/504
f 3239/780/473 3380/767/474 3381/795/506 3240/809/505
f 3380/767/474 3514/781/475 3515/810/507 3381/795/506
f 3514/781/475 3655/765/476 3656/811/508 3515/810/507
f 3655/765/476 3796/782/477 3797/812/509 3656/811/508
f 3796/782/477 3937/783/478 3938/813/510 3797/812/509
f 3937/784/478 4078/776/479 4079/804/511 3938/814/510
f 4078/776/479 4212/775/480 4213/803/512 4079/804/511
f 4212/775/480 4352/785/481 4353/815/513 4213/803/512
f 4352/785/481 26/759/451 27/787/483 4353/815/513
f 27/787/483 169/786/482 170/816/514 28/817/515
f 169/786/482 310/788/484 311/818/516 170/816/514
f 310/788/484 450/789/485 451/819/517 311/818/516
f 450/820/485 584/821/486 585/822/518 451/823/517
f 584/821/486 725/824/487 726/825/519 585/822/518
f 725/791/487 866/793/488 867/826/520 726/827/519
f 866/793/488 1007/794/489 1008/828/521 867/826/520
f 1007/794/489 1148/795/490 1149/829/522 1008/828/521
f 1148/795/490 1282/796/491 1283/830/523 1149/829/522
f 1282/796/491 1423/797/492 1424/831/524 1283/830/523
f 1423/797/492 1564/798/493 1565/832/525 1424/831/524
f 1564/833/493 1705/834/494 1706/835/526 1565/836/525
f 1705/834/494 1846/837/495 1847/838/527 1706/835/526
f 1846/800/495 1980/801/496 1981/839/528 1847/840/527
f 1980/801/496 2120/786/497 2121/816/529 1981/839/528
f 2120/786/497 2261/787/498 2262/817/530 2121/816/529
f 2261/787/498 2402/802/499 2403/841/531 2262/817/530
f 2402/802/499 2543/803/500 2544/842/532 2403/841/531
f 2543/803/500 2683/804/501 2684/843/533 2544/842/532
f 2683/844/501 2817/845/502 2818/846/534 2684/847/533
f 2817/845/502 2958/848/503 2959/849/535 2818/846/534
f 2958/806/503 3099/808/504 3100/850/536 2959/851/535
f 3099/808/504 3240/809/505 3241/830/537 3100/850/536
f 3240/809/505 3381/795/506 3382/829/538 3241/830/537
f 3381/795/506 3515/810/507 3516/828/539 3382/829/538
f 3515/810/507 3656/811/508 3657/852/540 3516/828/539
f 3656/811/508 3797/812/509 3798/853/541 3657/852/540
f 3797/854/509 3938/855/510 3939/856/542 3798/857/541
f 3938/855/510 4079/858/511 4080/859/543 3939/856/542
f 4079/804/511 4213/803/512 4214/842/544 4080/843/543
f 4213/803/512 4353/815/513 4354/860/545 4214/842/544
f 4353/815/513 27/787/483 28/817/515 4354/860/545
f 28/861/515 170/862/514 171/863/546 29/864/547
f 170/862/514 311/865/516 312/866/548 171/863/546
f 311/865/516 451/823/517 452/867/549 312/866/548
f 451/823/517 585/822/518 586/868/550 452/867/549
f 585/822/518 726/825/519 727/869/551 586/868/550
f 726/825/519 867/870/520 868/871/552 727/869/551
f 867/870/520 1008/872/521 1009/873/553 868/871/552
f 1008/872/521 1149/874/522 1150/875/554 1009/873/553
f 1149/874/522 1283/876/523 1284/877/555 1150/875/554
f 1283/876/523 1424/878/524 1425/879/556 1284/877/555
f 1424/878/524 1565/836/525 1566/880/557 1425/879/556
f 1565/836/525 1706/835/526 1707/881/558 1566/880/557
f 1706/835/526 1847/838/527 1848/882/559 1707/881/558
f 1847/838/527 1981/883/528 1982/884/560 1848/882/559
f 1981/883/528 2121/885/529 2122/886/561 1982/884/560
f 2121/885/529 2262/887/530 2263/888/562 2122/886/561
f 2262/887/530 2403/889/531 2404/890/563 2263/888/562
f 2403/889/531 2544/891/532 2545/892/564 2404/890/563
f 2544/891/532 2684/847/533 2685/893/565 2545/892/564
f 2684/847/533 2818/846/534 2819/894/566 2685/893/565
f 2818/846/534 2959/849/535 2960/895/567 2819/894/566
f 2959/849/535 3100/896/536 3101/897/568 2960/895/567
f 3100/896/536 3241/898/537 3242/899/569 3101/897/568
f 3241/898/537 3382/900/538 3383/901/570 3242/899/569
f 3382/900/538 3516/902/539 3517/903/571 3383/901/570
f 3516/902/539 3657/904/540 3658/905/572 3517/903/571
f 3657/904/540 3798/857/541 3799/906/573 3658/905/572
f 3798/857/541 3939/856/542 3940/907/574 3799/906/573
f 3939/856/542 4080/859/543 4081/908/575 3940/907/574
f 4080/859/543 4214/909/544 4215/910/576 4081/908/575
f 4214/909/544 4354/911/545 4355/912/577 4215/910/576
f 4354/911/545 28/861/515 29/864/547 4355/912/577
f 29/864/547 171/863/546 172/913/578 30/914/579
f 171/863/546 312/866/548 313/915/580 172/913/578
f 312/866/548 452/867/549 453/916/581 313/915/580
f 452/867/549 586/868/550 587/917/582 453/916/581
f 586/868/550 727/869/551 728/918/583 587/917/582
f 727/869/551 868/871/552 869/919/584 728/918/583
f 868/871/552 1009/873/553 1010/920/585 869/919/584
f 1009/873/553 1150/875/554 1151/921/586 1010/920/585
f 1150/875/554 1284/877/555 1285/922/587 1151/921/586
f 1284/877/555 1425/879/556 1426/923/588 1285/922/587
f 1425/879/556 1566/880/557 1567/924/589 1426/923/588
f 1566/880/557 1707/881/558 1708/925/590 1567/924/589
f 1707/881/558 1848/882/559 1849/926/591 1708/925/590
f 1848/882/559 1982/884/560 1983/927/592 1849/926/591
f 1982/884/560 2122/886/561 2123/928/593 1983/927/592
f 2122/886/561 2263/888/562 2264/929/594 2123/928/593
f 2263/888/562 2404/890/563 2405/930/595 2264/929/594
f 2404/890/563 2545/892/564 2546/931/596 2405/930/595
f 2545/892/564 2685/893/565 2686/932/597 2546/931/596
f 2685/893/565 2819/894/566 2820/933/598 2686/932/597
f 2819/894/566 2960/895/567 2961/934/599 2820/933/598
f 2960/895/567 3101/897/568 3102/935/600 2961/934/599
f 3101/897/568 3242/899/569 3243/936/601 3102/935/600
f 3242/899/569 3383/901/570 3384/937/602 3243/936/601
f 3383/901/570 3517/903/571 3518/938/603 3384/937/602
f 3517/903/571 3658/905/572 3659/939/604 3518/938/603
f 3658/905/572 3799/906/573 3800/940/605 3659/939/604
f 3799/906/573 3940/907/574 3941/941/606 3800/940/605
f 3940/907/574 4081/908/575 4082/942/607 3941/941/606
f 4081/908/575 4215/910/576 4216/943/608 4082/942/607
f 4215/910/576 4355/912/577 4356/944/609 4216/943/608
f 4355/912/577 29/864/547 30/914/579 4356/944/609
f 30/914/579 172/913/578 173/945/610 31/946/611
f 172/913/578 313/915/580 314/947/612 173/945/610
f 313/915/580 453/916/581 454/948/613 314/947/612
f 453/916/581 587/917/582 588/949/614 454/948/613
f 587/917/582 728/918/583 729/950/615 588/949/614
f 728/918/583 869/919/584 870/951/616 729/950/615
f 869/919/584 1010/920/585 1011/952/617 870/951/616
f 1010/920/585 1151/921/586 1152/953/618 1011/952/617
f 1151/921/586 1285/922/587 1286/954/619 1152/953/618
f 1285/922/587 1426/923/588 1427/955/620 1286/954/619
f 1426/923/588 1567/924/589 1568/956/621 1427/955/620
f 1567/924/589 1708/925/590 1709/957/622 1568/956/621
f 1708/925/590 1849/926/591 1850/958/623 1709/957/622
f 1849/926/591 1983/927/592 1984/959/624 1850/958/623
f 1983/927/592 2123/928/593 2124/960/625 1984/959/624
f 2123/928/593 2264/929/594 2265/961/626 2124/960/625
f 2264/929/594 2405/930/595 2406/962/627 2265/961/626
f 2405/930/595 2546/931/596 2547/963/628 2406/962/627
f 2546/931/596 2686/932/597 2687/964/629 2547/963/628
f 2686/932/597 2820/933/598 2821/965/630 2687/964/629
f 2820/933/598 2961/934/599 2962/966/631 2821/965/630
f 2961/934/599 3102/935/600 3103/967/632 2962/966/631
f 3102/935/600 3243/936/601 3244/968/633 3103/967/632
f 3243/936/601 3384/937/602 3385/969/634 3244/968/633
f 3384/937/602 3518/938/603 3519/970/635 3385/969/634
f 3518/938/603 3659/939/604 3660/971/636 3519/970/635
f 3659/939/604 3800/940/605 3801/972/637 3660/971/636
f 3800/940/605 3941/941/606 3942/973/638 3801/972/637
f 3941/941/606 4082/942/607 4083/974/639 3942/973/638
f 4082/942/607 4216/943/608 4217/975/640 4083/974/639
f 4216/943/608 4356/944/609 4357/976/641 4217/975/640
f 4356/944/609 30/914/579 31/946/611 4357/976/641
f 31/946/611 173/945/610 174/977/642 32/978/643
f 173/945/610 314/947/612 315/979/644 174/977/642
f 314/947/612 454/948/613 455/980/645 315/979/644
f 454/948/613 588/949/614 589/981/646 455/980/645
f 588/949/614 729/950/615 730/982/647 589/981/646
f 729/950/615 870/951/616 871/983/648 730/982/647
f 870/951/616 1011/952/617 1012/984/649 871/983/648
f 1011/952/617 1152/953/618 1153/985/650 1012/984/649
f 1152/953/618 1286/954/619 1287/986/651 1153/985/650
f 1286/954/619 1427/955/620 1428/987/652 1287/986/651
f 1427/955/620 1568/956/621 1569/988/653 1428/987/652
f 1568/956/621 1709/957/622 1710/989/654 1569/988/653
f 1709/957/622 1850/958/623 1851/990/655 1710/989/654
f 1850/958/623 1984/959/624 1985/991/656 1851/990/655
f 1984/959/624 2124/960/625 2125/992/657 1985/991/656
f 2124/960/625 2265/961/626 2266/993/658 2125/992/657
f 2265/961/626 2406/962/627 2407/994/659 2266/993/658
f 2406/962/627 2547/963/628 2548/995/660 2407/994/659
f 2547/963/628 2687/964/629 2688/996/661 2548/995/660
f 2687/964/629 2821/965/630 2822/997/662 2688/996/661
f 2821/965/630 2962/966/631 2963/998/663 2822/997/662
f 2962/966/631 3103/967/632 3104/999/664 2963/998/663
f 3103/967/632 3244/968/633 3245/1000/665 3104/999/664
f 3244/968/633 3385/969/634 3386/1001/666 3245/1000/665
f 3385/969/634 3519/970/635 3520/1002/667 3386/1001/666
f 3519/970/635 3660/971/636 3661/1003/668 3520/1002/667
f 3660/971/636 3801/972/637 3802/1004/669 3661/1003/668
f 3801/972/637 3942/973/638 3943/1005/670 3802/1004/669
f 3942/973/638 4083/974/639 4084/1006/671 3943/1005/670
f 4083/974/639 4217/975/640 4218/1007/672 4084/1006/671
f 4217/975/640 4357/976/641 4358/1008/673 4218/1007/672
f 4357/976/641 31/946/611 32/978/643 4358/1008/673
f 32/978/643 174/977/642 175/1009/674 33/1010/675
f 174/977/642 315/979/644 316/1011/676 175/1009/674
f 315/979/644 455/980/645 456/1012/677 316/1011/676
f 455/980/645 589/981/646 590/1013/678 456/1012/677
f 589/981/646 730/982/647 731/1014/679 590/1013/678
f 730/982/647 871/983/648 872/1015/680 731/1014/679
f 871/983/648 1012/984/649 1013/1016/681 872/1015/680
f 1012/984/649 1153/985/650 1154/1017/682 1013/1016/681
f 1153/985/650 1287/986/651 1288/1018/683 1154/1017/682
f 1287/986/651 1428/987/652 1429/1019/684 1288/1018/683
f 1428/987/652 1569/988/653 1570/1020/685 1429/1019/684
f 1569/988/653 1710/989/654 1711/1021/686 1570/1020/685
f 1710/989/654 1851/990/655 1852/1022/687 1711/1021/686
f 1851/990/655 1985/991/656 1986/1023/688 1852/1022/687
f 1985/991/656 2125/992/657 2126/1024/689 1986/1023/688
f 2125/992/657 2266/993/658 2267/1025/690 2126/1024/689
f 2266/993/658 2407/994/659 2408/1026/691 2267/1025/690
f 2407/994/659 2548/995/660 2549/1027/692 2408/1026/691
f 2548/995/660 2688/996/661 2689/1028/693 2549/1027/692
f 2688/996/661 2822/997/662 2823/1029/694 2689/1028/693
f 2822/997/662 2963/998/663 2964/1030/695 2823/1029/694
f 2963/998/663 3104/999/664 3105/1031/696 2964/1030/695
f 3104/999/664 3245/1000/665 3246/1032/697 3105/1031/696
f 3245/1000/665 3386/1001/666 3387/1033/698 3246/1032/697
f 3386/1001/666 3520/1002/667 3521/1034/699 3387/1033/698
f 3520/1002/667 3661/1003/668 3662/1035/700 3521/1034/699
f 3661/1003/668 3802/1004/669 3803/1036/701 3662/1035/700
f 3802/1004/669 3943/1005/670 3944/1037/702 3803/1036/701
f 3943/1005/670 4084/1006/671 4085/1038/703 3944/1037/702
f 4084/1006/671 4218/1007/672 4219/1039/704 4085/1038/703
f 4218/1007/672 4358/1008/673 4359/1040/705 4219/1039/704
f 4358/1008/673 32/978/643 33/1010/675 4359/1040/705
f 33/1010/675 175/1009/674 176/1041/706 34/1042/707
f 175/1009/674 316/1011/676 317/1043/708 176/1041/706
f 316/1011/676 456/1012/677 457/1044/709 317/1043/708
f 456/1012/677 590/1013/678 591/1045/710 457/1044/709
f 590/1013/678 731/1014/679 732/1046/711 591/1045/710
f 731/1014/679 872/1015/680 873/1047/712 732/1046/711
f 872/1015/680 1013/1016/681 1014/1048/713 873/1047/712
f 1013/1016/681 1154/1017/682 1155/1049/714 1014/1048/713
f 1154/1017/682 1288/1018/683 1289/1050/715 1155/1049/714
f 1288/1018/683 1429/1019/684 1430/1051/716 1289/1050/715
f 1429/1019/684 1570/1020/685 1571/1052/717 1430/1051/716
f 1570/1020/685 1711/1021/686 1712/1053/718 1571/1052/717
f 1711/1021/686 1852/1022/687 1853/1054/719 1712/1053/718
f 1852/1022/687 1986/1023/688 1987/1055/720 1853/1054/719
f 1986/1023/688 2126/1024/689 2127/1056/721 1987/1055/720
f 2126/1024/689 2267/1025/690 2268/1057/722 2127/1056/721
f 2267/1025/690 2408/1026/691 2409/1058/723 2268/1057/722
f 2408/1026/691 2549/1027/692 2550/1059/724 2409/1058/723
f 2549/1027/692 2689/1028/693 2690/1060/725 2550/1059/724
f 2689/1028/693 2823/1029/694 2824/1061/726 2690/1060/725
f 2823/1029/694 2964/1030/695 2965/1062/727 2824/1061/726
f 2964/1030/695 3105/1031/696 3106/1063/728 2965/1062/727
f 3105/1031/696 3246/1032/697 3247/1064/729 3106/1063/728
f 3246/1032/697 3387/1033/698 3388/1065/730 3247/1064/729
f 3387/1033/698 3521/1034/699 3522/1066/731 3388/1065/730
f 3521/1034/699 3662/1035/700 3663/1067/732 3522/1066/731
f 3662/1035/700 3803/1036/701 3804/1068/733 3663/1067/732
f 3803/1036/701 3944/1037/702 3945/1069/734 3804/1068/733
f 3944/1037/702 4085/1038/703 4086/1070/735 3945/1069/734
f 4085/1038/703 4219/1039/704 4220/1071/736 4086/1070/735
f 4219/1039/704 4359/1040/705 4360/1072/737 4220/1071/736
f 4359/1040/705 33/1010/675 34/1042/707 4360/1072/737
f 34/1042/707 176/1041/706 177/1073/738 35/1074/739
f 176/1041/706 317/1043/708 318/1075/740 177/1073/738
f 317/1043/708 457/1044/709 458/1076/741 318/1075/740
f 457/1044/709 591/1045/710 592/1077/742 458/1076/741
f 591/1045/710 732/1046/711 733/1078/743 592/1077/742
f 732/1046/711 873/1047/712 874/1079/744 733/1078/743
f 873/1047/712 1014/1048/713 1015/1080/745 874/1079/744
f 1014/1048/713 1155/1049/714 1156/1081/746 1015/1080/745
f 1155/1049/714 1289/1050/715 1290/1082/747 1156/1081/746
f 1289/1050/715 1430/1051/716 1431/1083/748 1290/1082/747
f 1430/1051/716 1571/1052/717 1572/1084/749 1431/1083/748
f 1571/1052/717 1712/1053/718 1713/1085/750 1572/1084/749
f 1712/1053/718 1853/1054/719 1854/1086/751 1713/1085/750
f 1853/1054/719 1987/1055/720 1988/1087/752 1854/1086/751
f 1987/1055/720 2127/1056/721 2128/1088/753 1988/1087/752
f 2127/1056/721 2268/1057/722 2269/1089/754 2128/1088/753
f 2268/1057/722 2409/1058/723 2410/1090/755 2269/1089/754
f 2409/1058/723 2550/1059/724 2551/1091/756 2410/1090/755
f 2550/1059/724 2690/1060/725 2691/1092/757 2551/1091/756
f 2690/1060/725 2824/1061/726 2825/1093/758 2691/1092/757
f 2824/1061/726 2965/1062/727 2966/1094/759 2825/1093/758
f 2965/1062/727 3106/1063/728 3107/1095/760 2966/1094/759
f 3106/1063/728 3247/1064/729 3248/1096/761 3107/1095/760
f 3247/1064/729 3388/1065/730 3389/1097/762 3248/1096/761
f 3388/1065/730 3522/1066/731 3523/1098/763 3389/1097/762
f 3522/1066/731 3663/1067/732 3664/1099/764 3523/1098/763
f 3663/1067/732 3804/1068/733 3805/1100/765 3664/1099/764
f 3804/1068/733 3945/1069/734 3946/1101/766 3805/1100/765
f 3945/1069/734 4086/1070/735 4087/1102/767 3946/1101/766
f 4086/1070/735 4220/1071/736 4221/1103/768 4087/1102/767
f 4220/1071/736 4360/1072/737 4361/1104/769 4221/1103/768
f 4360/1072/737 34/1042/707 35/1074/739 4361/1104/769
f 35/1074/739 177/1073/738 178/1105/770 36/1106/771
f 177/1073/738 318/1075/740 319/1107/772 178/1105/770
f 318/1075/740 458/1076/741 459/1108/773 319/1107/772
f 458/1076/741 592/1077/742 593/1109/774 459/1108/773
f 592/1077/742 733/1078/743 734/1110/775 593/1109/774
f 733/1078/743 874/1079/744 875/1111/776 734/1110/775
f 874/1079/744 1015/1080/745 1016/1112/777 875/1111/776
f 1015/1080/745 1156/1081/746 1157/1113/778 1016/1112/777
f 1156/1081/746 1290/1082/747 1291/1114/779 1157/1113/778
f 1290/1082/747 1431/1083/748 1432/1115/780 1291/1114/779
f 1431/1083/748 1572/1084/749 1573/1116/781 1432/1115/780
f 1572/1084/749 1713/1085/750 1714/1117/782 1573/1116/781
f 1713/1085/750 1854/1086/751 1855/1118/783 1714/1117/782
f 1854/1086/751 1988/1087/752 1989/1119/784 1855/1118/783
f 1988/1087/752 2128/1088/753 2129/1120/785 1989/1119/784
f 2128/1088/753 2269/1089/754 2270/1121/786 2129/1120/785
f 2269/1089/754 2410/1090/755 2411/1122/787 2270/1121/786
f 2410/1090/755 2551/1091/756 2552/1123/788 2411/1122/787
f 2551/1091/756 2691/1092/757 2692/1124/789 2552/1123/788
f 2691/1092/757 2825/1093/758 2826/1125/790 2692/1124/789
f 2825/1093/758 2966/1094/759 2967/1126/791 2826/1125/790
f 2966/1094/759 3107/1095/760 3108/1127/792 2967/1126/791
f 3107/1095/760 3248/1096/761 3249/1128/793 3108/1127/792
f 3248/1096/761 3389/1097/762 3390/1129/794 3249/1128/793
f 3389/1097/762 3523/1098/763 3524/1130/795 3390/1129/794
f 3523/1098/763 3664/1099/764 3665/1131/796 3524/1130/795
f 3664/1099/764 3805/1100/765 3806/1132/797 3665/1131/796
f 3805/1100/765 3946/1101/766 3947/1133/798 3806/1132/797
f 3946/1101/766 4087/1102/767 4088/1134/799 3947/1133/798
f 4087/1102/767 4221/1103/768 4222/1135/800 4088/1134/799
f 4221/1103/768 4361/1104/769 4362/1136/801 4222/1135/800
f 4361/1104/769 35/1074/739 36/1106/771 4362/1136/801
f 36/1106/771 178/1105/770 179/1137/802 37/1138/803
f 178/1105/770 319/1107/772 320/1139/804 179/1137/802
f 319/1107/772 459/1108/773 460/1140/805 320/1139/804
f 459/1108/773 593/1109/774 594/1141/806 460/1140/805
f 593/1109/774 734/1110/775 735/1142/807 594/1141/806
f 734/1110/775 875/1111/776 876/1143/808 735/1142/807
f 875/1111/776 1016/1112/777 1017/1144/809 876/1143/808
f 1016/1112/777 1157/1113/778 1158/1145/810 1017/1144/809
f 1157/1113/778 1291/1114/779 1292/1146/811 1158/1145/810
f 1291/1114/779 1432/1115/780 1433/1147/812 1292/1146/811
f 1432/1115/780 1573/1116/781 1574/1148/813 1433/1147/812
f 1573/1116/781 1714/1117/782 1715/1149/814 1574/1148/813
f 1714/1117/782 1855/1118/783 1856/1150/815 1715/1149/814
f 1855/1118/783 1989/1119/784 1990/1151/816 1856/1150/815
f 1989/1119/784 2129/1120/785 2130/1152/817 1990/1151/816
f 2129/1120/785 2270/1121/786 2271/1153/818 2130/1152/817
f 2270/1121/786 2411/1122/787 2412/1154/819 2271/1153/818
f 2411/1122/787 2552/1123/788 2553/1155/820 2412/1154/819
f 2552/1123/788 2692/1124/789 2693/1156/821 2553/1155/820
f 2692/1124/789 2826/1125/790 2827/1157/822 2693/1156/821
f 2826/1125/790 2967/1126/791 2968/1158/823 2827/1157/822
f 2967/1126/791 3108/1127/792 3109/1159/824 2968/1158/823
f 3108/1127/792 3249/1128/793 3250/1160/825 3109/1159/824
f 3249/1128/793 3390/1129/794 3391/1161/826 3250/1160/825
f 3390/1129/794 3524/1130/795 3525/1162/827 3391/1161/826
f 3524/1130/795 3665/1131/796 3666/1163/828 3525/1162/827
f 3665/1131/796 3806/1132/797 3807/1164/829 3666/1163/828
f 3806/1132/797 3947/1133/798 3948/1165/830 3807/1164/829
f 3947/1133/798 4088/1134/799 4089/1166/831 3948/1165/830
f 4088/1134/799 4222/1135/800 4223/1167/832 4089/1166/831
f 4222/1135/800 4362/1136/801 4363/1168/833 4223/1167/832
f 4362/1136/801 36/1106/771 37/1138/803 4363/1168/833
f 37/1169/834 179/1170/835 180/1171/835 38/1172/834
f 179/1170/835 320/1173/836 321/1174/836 180/1171/835
f 320/1173/836 460/1175/837 461/1176/837 321/1174/836
f 460/1175/837 594/1177/838 595/1178/838 461/1176/837
f 594/1179/838 735/1180/839 736/1181/839 595/1182/838
f 735/1180/839 876/1183/840 877/1184/840 736/1181/839
f 876/1183/840 1017/1185/841 1018/1186/841 877/1184/840
f 1017/1185/841 1158/1187/842 1159/1188/842 1018/1186/841
f 1158/1187/842 1292/1189/843 1293/1190/843 1159/1188/842
f 1292/1189/843 1433/1191/844 1434/1192/844 1293/1190/843
f 1433/1191/844 1574/1193/845 1575/1194/845 1434/1192/844
f 1574/1193/845 1715/1195/846 1716/1196/846 1575/1194/845
f 1715/1177/846 1856/1175/847 1857/1197/847 1716/1178/846
f 1856/1175/847 1990/1198/848 1991/1199/848 1857/1197/847
f 1990/1198/848 2130/1170/849 2131/1171/849 1991/1199/848
f 2130/1170/849 2271/1169/850 2272/1172/850 2131/1171/849
f 2271/1169/850 2412/1200/851 2413/1201/851 2272/1172/850
f 2412/1200/851 2553/1202/852 2554/1203/852 2413/1201/851
f 2553/1202/852 2693/1204/853 2694/1205/853 2554/1203/852
f 2693/1204/853 2827/1206/854 2828/1207/854 2694/1205/853
f 2827/1208/854 2968/1209/855 2969/1210/855 2828/1196/854
f 2968/1209/855 3109/1211/856 3110/1212/856 2969/1210/855
f 3109/1211/856 3250/1213/857 3251/1214/857 3110/1212/856
f 3250/1213/857 3391/1187/858 3392/1188/858 3251/1214/857
f 3391/1187/858 3525/1215/859 3526/1216/859 3392/1188/858
f 3525/1215/859 3666/1217/860 3667/1218/860 3526/1216/859
f 3666/1217/860 3807/1219/861 3808/1220/861 3667/1218/860
f 3807/1219/861 3948/1221/862 3949/1222/862 3808/1220/861
f 3948/1223/862 4089/1204/863 4090/1205/863 3949/1224/862
f 4089/1204/863 4223/1225/864 4224/1203/864 4090/1205/863
f 4223/1225/864 4363/1200/865 4364/1226/865 4224/1203/864
f 4363/1200/865 37/1169/834 38/1172/834 4364/1226/865
f 38/1172/866 180/1171/867 181/1227/868 39/1228/869
f 180/1171/867 321/1174/870 322/1229/871 181/1227/868
f 321/1174/870 461/1176/872 462/1230/873 322/1229/871
f 461/1176/872 595/1178/874 596/1231/875 462/1230/873
f 595/1182/874 736/1181/876 737/1232/877 596/1233/875
f 736/1181/876 877/1184/878 878/1234/879 737/1232/877
f 877/1184/878 1018/1186/880 1019/1235/881 878/1234/879
f 1018/1186/880 1159/1188/882 1160/1236/883 1019/1235/881
f 1159/1188/882 1293/1190/884 1294/1237/885 1160/1236/883
f 1293/1190/884 1434/1192/886 1435/1238/887 1294/1237/885
f 1434/1192/886 1575/1194/888 1576/1239/889 1435/1238/887
f 1575/1194/888 1716/1196/890 1717/1240/891 1576/1239/889
f 1716/1178/890 1857/1197/892 1858/1230/893 1717/1231/891
f 1857/1197/892 1991/1199/894 1992/1241/895 1858/1230/893
f 1991/1199/894 2131/1171/896 2132/1227/897 1992/1241/895
f 2131/1171/896 2272/1172/898 2273/1228/899 2132/1227/897
f 2272/1172/898 2413/1201/900 2414/1242/901 2273/1228/899
f 2413/1201/900 2554/1203/902 2555/1243/903 2414/1242/901
f 2554/1203/902 2694/1205/904 2695/1244/905 2555/1243/903
f 2694/1205/904 2828/1207/906 2829/1245/907 2695/1244/905
f 2828/1196/906 2969/1210/908 2970/1246/909 2829/1247/907
f 2969/1210/908 3110/1212/910 3111/1248/911 2970/1246/909
f 3110/1212/910 3251/1214/912 3252/1249/913 3111/1248/911
f 3251/1214/912 3392/1188/914 3393/1236/915 3252/1249/913
f 3392/1188/914 3526/1216/916 3527/1250/917 3393/1236/915
f 3526/1216/916 3667/1218/918 3668/1251/919 3527/1250/917
f 3667/1218/918 3808/1220/920 3809/1232/921 3668/1251/919
f 3808/1220/920 3949/1222/922 3950/1252/923 3809/1232/921
f 3949/1224/922 4090/1205/924 4091/1244/925 3950/1253/923
f 4090/1205/924 4224/1203/926 4225/1254/927 4091/1244/925
f 4224/1203/926 4364/1226/928 4365/1255/929 4225/1254/927
f 4364/1226/928 38/1172/866 39/1228/869 4365/1255/929
f 39/1228/869 181/1227/868 182/1256/930 40/1257/931
f 181/1227/868 322/1229/871 323/1258/932 182/1256/930
f 322/1229/871 462/1230/873 463/1259/933 323/1258/932
f 462/1260/873 596/1261/875 597/1262/934 463/1263/933
f 596/1261/875 737/1264/877 738/1265/935 597/1262/934
f 737/1232/877 878/1234/879 879/1266/936 738/1267/935
f 878/1234/879 1019/1235/881 1020/1268/937 879/1266/936
f 1019/1235/881 1160/1236/883 1161/1269/938 1020/1268/937
f 1160/1236/883 1294/1237/885 1295/1270/939 1161/1269/938
f 1294/1237/885 1435/1238/887 1436/1271/940 1295/1270/939
f 1435/1238/887 1576/1239/889 1577/1272/941 1436/1271/940
f 1576/1273/889 1717/1274/891 1718/1275/942 1577/1276/941
f 1717/1274/891 1858/1277/893 1859/1278/943 1718/1275/942
f 1858/1230/893 1992/1241/895 1993/1279/944 1859/1280/943
f 1992/1241/895 2132/1227/897 2133/1256/945 1993/1279/944
f 2132/1227/897 2273/1228/899 2274/1257/946 2133/1256/945
f 2273/1228/899 2414/1242/901 2415/1281/947 2274/1257/946
f 2414/1242/901 2555/1243/903 2556/1282/948 2415/1281/947
f 2555/1243/903 2695/1244/905 2696/1283/949 2556/1282/948
f 2695/1284/905 2829/1285/907 2830/1286/950 2696/1287/949
f 2829/1285/907 2970/1288/909 2971/1289/951 2830/1286/950
f 2970/1246/909 3111/1248/911 3112/1290/952 2971/1291/951
f 3111/1248/911 3252/1249/913 3253/1292/953 3112/1290/952
f 3252/1249/913 3393/1236/915 3394/1269/954 3253/1292/953
f 3393/1236/915 3527/1250/917 3528/1268/955 3394/1269/954
f 3527/1250/917 3668/1251/919 3669/1266/956 3528/1268/955
f 3668/1251/919 3809/1232/921 3810/1293/957 3669/1266/956
f 3809/1294/921 3950/1295/923 3951/1296/958 3810/1297/957
f 3950/1295/923 4091/1298/925 4092/1299/959 3951/1296/958
f 4091/1244/925 4225/1254/927 4226/1282/960 4092/1283/959
f 4225/1254/927 4365/1255/929 4366/1281/961 4226/1282/960
f 4365/1255/929 39/1228/869 40/1257/931 4366/1281/961
f 40/1300/931 182/1301/930 183/1302/962 41/1303/963
f 182/1301/930 323/1304/932 324/1305/964 183/1302/962
f 323/1304/932 463/1263/933 464/1306/965 324/1305/964
f 463/1263/933 597/1262/934 598/1307/966 464/1306/965
f 597/1262/934 738/1265/935 739/1308/967 598/1307/966
f 738/1265/935 879/1309/936 880/1310/968 739/1308/967
f 879/1309/936 1020/1311/937 1021/1312/969 880/1310/968
f 1020/1311/937 1161/1313/938 1162/1314/970 1021/1312/969
f 1161/1313/938 1295/1315/939 1296/1316/971 1162/1314/970
f 1295/1315/939 1436/1317/940 1437/1318/972 1296/1316/971
f 1436/1317/940 1577/1276/941 1578/1319/973 1437/1318/972
f 1577/1276/941 1718/1275/942 1719/1320/974 1578/1319/973
f 1718/1275/942 1859/1278/943 1860/1321/975 1719/1320/974
f 1859/1278/943 1993/1322/944 1994/1323/976 1860/1321/975
f 1993/1322/944 2133/1324/945 2134/1325/977 1994/1323/976
f 2133/1324/945 2274/1326/946 2275/1327/978 2134/1325/977
f 2274/1326/946 2415/1328/947 2416/1329/979 2275/1327/978
f 2415/1328/947 2556/1330/948 2557/1331/980 2416/1329/979
f 2556/1330/948 2696/1287/949 2697/1332/981 2557/1331/980
f 2696/1287/949 2830/1286/950 2831/1333/982 2697/1332/981
f 2830/1286/950 2971/1289/951 2972/1334/983 2831/1333/982
f 2971/1289/951 3112/1335/952 3113/1336/984 2972/1334/983
f 3112/1335/952 3253/1337/953 3254/1338/985 3113/1336/984
f 3253/1337/953 3394/1339/954 3395/1340/986 3254/1338/985
f 3394/1339/954 3528/1341/955 3529/1342/987 3395/1340/986
f 3528/1341/955 3669/1343/956 3670/1344/988 3529/1342/987
f 3669/1343/956 3810/1297/957 3811/1345/989 3670/1344/988
f 3810/1297/957 3951/1296/958 3952/1346/990 3811/1345/989
f 3951/1296/958 4092/1299/959 4093/1347/991 3952/1346/990
f 4092/1299/959 4226/1348/960 4227/1349/992 4093/1347/991
f 4226/1348/960 4366/1350/961 4367/1351/993 4227/1349/992
f 4366/1350/961 40/1300/931 41/1303/963 4367/1351/993
f 41/1303/963 183/1302/962 184/1352/994 42/1353/995
f 183/1302/962 324/1305/964 325/1354/996 184/1352/994
f 324/1305/964 464/1306/965 465/1355/997 325/1354/996
f 464/1306/965 598/1307/966 599/1356/998 465/1355/997
f 598/1307/966 739/1308/967 740/1357/999 599/1356/998
f 739/1308/967 880/1310/968 881/1358/1000 740/1357/999
f 880/1310/968 1021/1312/969 1022/1359/1001 881/1358/1000
f 1021/1312/969 1162/1314/970 1163/1360/1002 1022/1359/1001
f 1162/1314/970 1296/1316/971 1297/1361/1003 1163/1360/1002
f 1296/1316/971 1437/1318/972 1438/1362/1004 1297/1361/1003
f 1437/1318/972 1578/1319/973 1579/1363/1005 1438/1362/1004
f 1578/1319/973 1719/1320/974 1720/1364/1006 1579/1363/1005
f 1719/1320/974 1860/1321/975 1861/1365/1007 1720/1364/1006
f 1860/1321/975 1994/1323/976 1995/1366/1008 1861/1365/1007
f 1994/1323/976 2134/1325/977 2135/1367/1009 1995/1366/1008
f 2134/1325/977 2275/1327/978 2276/1368/1010 2135/1367/1009
f 2275/1327/978 2416/1329/979 2417/1369/1011 2276/1368/1010
f 2416/1329/979 2557/1331/980 2558/1370/1012 2417/1369/1011
f 2557/1331/980 2697/1332/981 2698/1371/1013 2558/1370/1012
f 2697/1332/981 2831/1333/982 2832/1372/1014 2698/1371/1013
f 2831/1333/982 2972/1334/983 2973/1373/1015 2832/1372/1014
f 2972/1334/983 3113/1336/984 3114/1374/1016 2973/1373/1015
f 3113/1336/984 3254/1338/985 3255/1375/1017 3114/1374/1016
f 3254/1338/985 3395/1340/986 3396/1376/1018 3255/1375/1017
f 3395/1340/986 3529/1342/987 3530/1377/1019 3396/1376/1018
f 3529/1342/987 3670/1344/988 3671/1378/1020 3530/1377/1019
f 3670/1344/988 3811/1345/989 3812/1379/1021 3671/1378/1020
f 3811/1345/989 3952/1346/990 3953/1380/1022 3812/1379/1021
f 3952/1346/990 4093/1347/991 4094/1381/1023 3953/1380/1022
f 4093/1347/991 4227/1349/992 4228/1382/1024 4094/1381/1023
f 4227/1349/992 4367/1351/993 4368/1383/1025 4228/1382/1024
f 4367/1351/993 41/1303/963 42/1353/995 4368/1383/1025
f 42/1353/995 184/1352/994 185/1384/1026 43/1385/1027
f 184/1352/994 325/1354/996 326/1386/1028 185/1384/1026
f 325/1354/996 465/1355/997 466/1387/1029 326/1386/1028
f 465/1355/997 599/1356/998 600/1388/1030 466/1387/1029
f 599/1356/998 740/1357/999 741/1389/1031 600/1388/1030
f 740/1357/999 881/1358/1000 882/1390/1032 741/1389/1031
f 881/1358/1000 1022/1359/1001 1023/1391/1033 882/1390/1032
f 1022/1359/1001 1163/1360/1002 1164/1392/1034 1023/1391/1033
f 1163/1360/1002 1297/1361/1003 1298/1393/1035 1164/1392/1034
f 1297/1361/1003 1438/1362/1004 1439/1394/1036 1298/1393/1035
f 1438/1362/1004 1579/1363/1005 1580/1395/1037 1439/1394/1036
f 1579/1363/1005 1720/1364/1006 1721/1396/1038 1580/1395/1037
f 1720/1364/1006 1861/1365/1007 1862/1397/1039 1721/1396/1038
f 1861/1365/1007 1995/1366/1008 1996/1398/1040 1862/1397/1039
f 1995/1366/1008 2135/1367/1009 2136/1399/1041 1996/1398/1040
f 2135/1367/1009 2276/1368/1010 2277/1400/1042 2136/1399/1041
f 2276/1368/1010 2417/1369/1011 2418/1401/1043 2277/1400/1042
f 2417/1369/1011 2558/1370/1012 2559/1402/1044 2418/1401/1043
f 2558/1370/1012 2698/1371/1013 2699/1403/1045 2559/1402/1044
f 2698/1371/1013 2832/1372/1014 2833/1404/1046 2699/1403/1045
f 2832/1372/1014 2973/1373/1015 2974/1405/1047 2833/1404/1046
f 2973/1373/1015 3114/1374/1016 3115/1406/1048 2974/1405/1047
f 3114/1374/1016 3255/1375/1017 3256/1407/1049 3115/1406/1048
f 3255/1375/1017 3396/1376/1018 3397/1408/1050 3256/1407/1049
f 3396/1376/1018 3530/1377/1019 3531/1409/1051 3397/1408/1050
f 3530/1377/1019 3671/1378/1020 3672/1410/1052 3531/1409/1051
f 3671/1378/1020 3812/1379/1021 3813/1411/1053 3672/1410/1052
f 3812/1379/1021 3953/1380/1022 3954/1412/1054 3813/1411/1053
f 3953/1380/1022 4094/1381/1023 4095/1413/1055 3954/1412/1054
f 4094/1381/1023 4228/1382/1024 4229/1414/1056 4095/1413/1055
f 4228/1382/1024 4368/1383/1025 4369/1415/1057 4229/1414/1056
f 4368/1383/1025 42/1353/995 43/1385/1027 4369/1415/1057
f 43/1385/1027 185/1384/1026 186/1416/1058 44/1417/1059
f 185/1384/1026 326/1386/1028 327/1418/1060 186/1416/1058
f 326/1386/1028 466/1387/1029 467/1419/1061 327/1418/1060
f 466/1387/1029 600/1388/1030 601/1420/1062 467/1419/1061
f 600/1388/1030 741/1389/1031 742/1421/1063 601/1420/1062
f 741/1389/1031 882/1390/1032 883/1422/1064 742/1421/1063
f 882/1390/1032 1023/1391/1033 1024/1423/1065 883/1422/1064
f 1023/1391/1033 1164/1392/1034 1165/1424/1066 1024/1423/1065
f 1164/1392/1034 1298/1393/1035 1299/1425/1067 1165/1424/1066
f 1298/1393/1035 1439/1394/1036 1440/1426/1068 1299/1425/1067
f 1439/1394/1036 1580/1395/1037 1581/1427/1069 1440/1426/1068
f 1580/1395/1037 1721/1396/1038 1722/1428/1070 1581/1427/1069
f 1721/1396/1038 1862/1397/1039 1863/1429/1071 1722/1428/1070
f 1862/1397/1039 1996/1398/1040 1997/1430/1072 1863/1429/1071
f 1996/1398/1040 2136/1399/1041 2137/1431/1073 1997/1430/1072
f 2136/1399/1041 2277/1400/1042 2278/1432/1074 2137/1431/1073
f 2277/1400/1042 2418/1401/1043 2419/1433/1075 2278/1432/1074
f 2418/1401/1043 2559/1402/1044 2560/1434/1076 2419/1433/1075
f 2559/1402/1044 2699/1403/1045 2700/1435/1077 2560/1434/1076
f 2699/1403/1045 2833/1404/1046 2834/1436/1078 2700/1435/1077
f 2833/1404/1046 2974/1405/1047 2975/1437/1079 2834/1436/1078
f 2974/1405/1047 3115/1406/1048 3116/1438/1080 2975/1437/1079
f 3115/1406/1048 3256/1407/1049 3257/1439/1081 3116/1438/1080
f 3256/1407/1049 3397/1408/1050 3398/1440/1082 3257/1439/1081
f 3397/1408/1050 3531/1409/1051 3532/1441/1083 3398/1440/1082
f 3531/1409/1051 3672/1410/1052 3673/1442/1084 3532/1441/1083
f 3672/1410/1052 3813/1411/1053 3814/1443/1085 3673/1442/1084
f 3813/1411/1053 3954/1412/1054 3955/1444/1086 3814/1443/1085
f 3954/1412/1054 4095/1413/1055 4096/1445/1087 3955/1444/1086
f 4095/1413/1055 4229/1414/1056 4230/1446/1088 4096/1445/1087
f 4229/1414/1056 4369/1415/1057 4370/1447/1089 4230/1446/1088
f 4369/1415/1057 43/1385/1027 44/1417/1059 4370/1447/1089
f 44/1417/1059 186/1416/1058 187/1448/1090 45/1449/1091
f 186/1416/1058 327/1418/1060 328/1450/1092 187/1448/1090
f 327/1418/1060 467/1419/1061 468/1451/1093 328/1450/1092
f 467/1419/1061 601/1420/1062 602/1452/1094 468/1451/1093
f 601/1420/1062 742/1421/1063 743/1453/1095 602/1452/1094
f 742/1421/1063 883/1422/1064 884/1454/1096 743/1453/1095
f 883/1422/1064 1024/1423/1065 1025/1455/1097 884/1454/1096
f 1024/1423/1065 1165/1424/1066 1166/1456/1098 1025/1455/1097
f 1165/1424/1066 1299/1425/1067 1300/1457/1099 1166/1456/1098
f 1299/1425/1067 1440/1426/1068 1441/1458/1100 1300/1457/1099
f 1440/1426/1068 1581/1427/1069 1582/1459/1101 1441/1458/1100
f 1581/1427/1069 1722/1428/1070 1723/1460/1102 1582/1459/1101
f 1722/1428/1070 1863/1429/1071 1864/1461/1103 1723/1460/1102
f 1863/1429/1071 1997/1430/1072 1998/1462/1104 1864/1461/1103
f 1997/1430/1072 2137/1431/1073 2138/1463/1105 1998/1462/1104
f 2137/1431/1073 2278/1432/1074 2279/1464/1106 2138/1463/1105
f 2278/1432/1074 2419/1433/1075 2420/1465/1107 2279/1464/1106
f 2419/1433/1075 2560/1434/1076 2561/1466/1108 2420/1465/1107
f 2560/1434/1076 2700/1435/1077 2701/1467/1109 2561/1466/1108
f 2700/1435/1077 2834/1436/1078 2835/1468/1110 2701/1467/1109
f 2834/1436/1078 2975/1437/1079 2976/1469/1111 2835/1468/1110
f 2975/1437/1079 3116/1438/1080 3117/1470/1112 2976/1469/1111
f 3116/1438/1080 3257/1439/1081 3258/1471/1113 3117/1470/1112
f 3257/1439/1081 3398/1440/1082 3399/1472/1114 3258/1471/1113
f 3398/1440/1082 3532/1441/1083 3533/1473/1115 3399/1472/1114
f 3532/1441/1083 3673/1442/1084 3674/1474/1116 3533/1473/1115
f 3673/1442/1084 3814/1443/1085 3815/1475/1117 3674/1474/1116
f 3814/1443/1085 3955/1444/1086 3956/1476/1118 3815/1475/1117
f 3955/1444/1086 4096/1445/1087 4097/1477/1119 3956/1476/1118
f 4096/1445/1087 4230/1446/1088 4231/1478/1120 4097/1477/1119
f 4230/1446/1088 4370/1447/1089 4371/1479/1121 4231/1478/1120
f 4370/1447/1089 44/1417/1059 45/1449/1091 4371/1479/1121
f 45/1449/1091 187/1448/1090 188/1480/1122 46/1481/1123
f 187/1448/1090 328/1450/1092 329/1482/1124 188/1480/1122
f 328/1450/1092 468/1451/1093 469/1483/1125 329/1482/1124
f 468/1451/1093 602/1452/1094 603/1484/1126 469/1483/1125
f 602/1452/1094 743/1453/1095 744/1485/1127 603/1484/1126
f 743/1453/1095 884/1454/1096 885/1486/1128 744/1485/1127
f 884/1454/1096 1025/1455/1097 1026/1487/1129 885/1486/1128
f 1025/1455/1097 1166/1456/1098 1167/1488/1130 1026/1487/1129
f 1166/1456/1098 1300/1457/1099 1301/1489/1131 1167/1488/1130
f 1300/1457/1099 1441/1458/1100 1442/1490/1132 1301/1489/1131
f 1441/1458/1100 1582/1459/1101 1583/1491/1133 1442/1490/1132
f 1582/1459/1101 1723/1460/1102 1724/1492/1134 1583/1491/1133
f 1723/1460/1102 1864/1461/1103 1865/1493/1135 1724/1492/1134
f 1864/1461/1103 1998/1462/1104 1999/1494/1136 1865/1493/1135
f 1998/1462/1104 2138/1463/1105 2139/1495/1137 1999/1494/1136
f 2138/1463/1105 2279/1464/1106 2280/1496/1138 2139/1495/1137
f 2279/1464/1106 2420/1465/1107 2421/1497/1139 2280/1496/1138
f 2420/1465/1107 2561/1466/1108 2562/1498/1140 2421/1497/1139
f 2561/1466/1108 2701/1467/1109 2702/1499/1141 2562/1498/1140
f 2701/1467/1109 2835/1468/1110 2836/1500/1142 2702/1499/1141
f 2835/1468/1110 2976/1469/1111 2977/1501/1143 2836/1500/1142
f 2976/1469/1111 3117/1470/1112 3118/1502/1144 2977/1501/1143
f 3117/1470/1112 3258/1471/1113 3259/1503/1145 3118/1502/1144
f 3258/1471/1113 3399/1472/1114 3400/1504/1146 3259/1503/1145
f 3399/1472/1114 3533/1473/1115 3534/1505/1147 3400/1504/1146
f 3533/1473/1115 3674/1474/1116 3675/1506/1148 3534/1505/1147
f 3674/1474/1116 3815/1475/1117 3816/1507/1149 3675/1506/1148
f 3815/1475/1117 3956/1476/1118 3957/1508/1150 3816/1507/1149
f 3956/1476/1118 4097/1477/1119 4098/1509/1151 3957/1508/1150
f 4097/1477/1119 4231/1478/1120 4232/1510/1152 4098/1509/1151
f 4231/1478/1120 4371/1479/1121 4372/1511/1153 4232/1510/1152
f 4371/1479/1121 45/1449/1091 46/1481/1123 4372/1511/1153
f 46/1512/1123 188/1513/1122 189/1514/1154 47/1515/1155
f 188/1513/1122 329/1516/1124 330/1517/1156 189/1514/1154
f 329/1516/1124 469/1518/1125 470/1519/1157 330/1517/1156
f 469/1518/1125 603/1520/1126 604/1521/1158 470/1519/1157
f 603/1522/1126 744/1523/1127 745/1524/1159 604/1525/1158
f 744/1523/1127 885/1526/1128 886/1527/1160 745/1524/1159
f 885/1526/1128 1026/1528/1129 1027/1529/1161 886/1527/1160
f 1026/1528/1129 1167/1530/1130 1168/1531/1162 1027/1529/1161
f 1167/1530/1130 1301/1532/1131 1302/1533/1163 1168/1531/1162
f 1301/1532/1131 1442/1534/1132 1443/1535/1164 1302/1533/1163
f 1442/1534/1132 1583/1536/1133 1584/1537/1165 1443/1535/1164
f 1583/1536/1133 1724/1538/1134 1725/1539/1166 1584/1537/1165
f 1724/1520/1134 1865/1518/1135 1866/1519/1167 1725/1521/1166
f 1865/1518/1135 1999/1540/1136 2000/1541/1168 1866/1519/1167
f 1999/1540/1136 2139/1513/1137 2140/1542/1169 2000/1541/1168
f 2139/1513/1137 2280/1512/1138 2281/1515/1170 2140/1542/1169
f 2280/1512/1138 2421/1543/1139 2422/1544/1171 2281/1515/1170
f 2421/1543/1139 2562/1545/1140 2563/1546/1172 2422/1544/1171
f 2562/1545/1140 2702/1547/1141 2703/1548/1173 2563/1546/1172
f 2702/1547/1141 2836/1549/1142 2837/1550/1174 2703/1548/1173
f 2836/1551/1142 2977/1552/1143 2978/1553/1175 2837/1554/1174
f 2977/1552/1143 3118/1555/1144 3119/1556/1176 2978/1553/1175
f 3118/1555/1144 3259/1557/1145 3260/1558/1177 3119/1556/1176
f 3259/1557/1145 3400/1530/1146 3401/1531/1178 3260/1558/1177
f 3400/1530/1146 3534/1528/1147 3535/1559/1179 3401/1531/1178
f 3534/1528/1147 3675/1526/1148 3676/1527/1180 3535/1559/1179
f 3675/1526/1148 3816/1560/1149 3817/1561/1181 3676/1527/1180
f 3816/1560/1149 3957/1522/1150 3958/1562/1182 3817/1561/1181
f 3957/1563/1150 4098/1547/1151 4099/1548/1183 3958/1564/1182
f 4098/1547/1151 4232/1545/1152 4233/1546/1184 4099/1548/1183
f 4232/1545/1152 4372/1565/1153 4373/1566/1185 4233/1546/1184
f 4372/1565/1153 46/1512/1123 47/1515/1155 4373/1566/1185
f 47/1515/1155 189/1514/1154 190/1567/1186 48/1568/1187
f 189/1514/1154 330/1517/1156 331/1569/1188 190/1567/1186
f 330/1517/1156 470/1519/1157 471/1570/1189 331/1569/1188
f 470/1519/1157 604/1521/1158 605/1571/1190 471/1570/1189
f 604/1525/1158 745/1524/1159 746/1572/1191 605/1573/1190
f 745/1524/1159 886/1527/1160 887/1574/1192 746/1572/1191
f 886/1527/1160 1027/1529/1161 1028/1575/1193 887/1574/1192
f 1027/1529/1161 1168/1531/1162 1169/1576/1194 1028/1575/1193
f 1168/1531/1162 1302/1533/1163 1303/1577/1195 1169/1576/1194
f 1302/1533/1163 1443/1535/1164 1444/1578/1196 1303/1577/1195
f 1443/1535/1164 1584/1537/1165 1585/1579/1197 1444/1578/1196
f 1584/1537/1165 1725/1539/1166 1726/1580/1198 1585/1579/1197
f 1725/1521/1166 1866/1519/1167 1867/1570/1199 1726/1571/1198
f 1866/1519/1167 2000/1541/1168 2001/1581/1200 1867/1570/1199
f 2000/1541/1168 2140/1542/1169 2141/1582/1201 2001/1581/1200
f 2140/1542/1169 2281/1515/1170 2282/1568/1202 2141/1582/1201
f 2281/1515/1170 2422/1544/1171 2423/1583/1203 2282/1568/1202
f 2422/1544/1171 2563/1546/1172 2564/1584/1204 2423/1583/1203
f 2563/1546/1172 2703/1548/1173 2704/1585/1205 2564/1584/1204
f 2703/1548/1173 2837/1550/1174 2838/1586/1206 2704/1585/1205
f 2837/1554/1174 2978/1553/1175 2979/1587/1207 2838/1588/1206
f 2978/1553/1175 3119/1556/1176 3120/1589/1208 2979/1587/1207
f 3119/1556/1176 3260/1558/1177 3261/1590/1209 3120/1589/1208
f 3260/1558/1177 3401/1531/1178 3402/1576/1210 3261/1590/1209
f 3401/1531/1178 3535/1559/1179 3536/1591/1211 3402/1576/1210
f 3535/1559/1179 3676/1527/1180 3677/1592/1212 3536/1591/1211
f 3676/1527/1180 3817/1561/1181 3818/1593/1213 3677/1592/1212
f 3817/1561/1181 3958/1562/1182 3959/1594/1214 3818/1593/1213
f 3958/1564/1182 4099/1548/1183 4100/1585/1215 3959/1595/1214
f 4099/1548/1183 4233/1546/1184 4234/1596/1216 4100/1585/1215
f 4233/1546/1184 4373/1566/1185 4374/1597/1217 4234/1596/1216
f 4373/1566/1185 47/1515/1155 48/1568/1187 4374/1597/1217
f 48/1568/1187 190/1567/1186 191/1598/1218 49/1599/1219
f 190/1567/1186 331/1569/1188 332/1600/1220 191/1598/1218
f 331/1569/1188 471/1570/1189 472/1601/1221 332/1600/1220
f 471/1570/1189 605/1571/1190 606/1602/1222 472/1601/1221
f 605/1573/1190 746/1572/1191 747/1603/1223 606/1604/1222
f 746/1572/1191 887/1574/1192 888/1605/1224 747/1603/1223
f 887/1574/1192 1028/1575/1193 1029/1606/1225 888/1605/1224
f 1028/1575/1193 1169/1576/1194 1170/1607/1226 1029/1606/1225
f 1169/1576/1194 1303/1577/1195 1304/1608/1227 1170/1607/1226
f 1303/1577/1195 1444/1578/1196 1445/1609/1228 1304/1608/1227
f 1444/1578/1196 1585/1579/1197 1586/1610/1229 1445/1609/1228
f 1585/1579/1197 1726/1580/1198 1727/1611/1230 1586/1610/1229
f 1726/1571/1198 1867/1570/1199 1868/1612/1231 1727/1602/1230
f 1867/1570/1199 2001/1581/1200 2002/1613/1232 1868/1612/1231
f 2001/1581/1200 2141/1582/1201 2142/1598/1233 2002/1613/1232
f 2141/1582/1201 2282/1568/1202 2283/1599/1234 2142/1598/1233
f 2282/1568/1202 2423/1583/1203 2424/1614/1235 2283/1599/1234
f 2423/1583/1203 2564/1584/1204 2565/1615/1236 2424/1614/1235
f 2564/1584/1204 2704/1585/1205 2705/1616/1237 2565/1615/1236
f 2704/1585/1205 2838/1586/1206 2839/1617/1238 2705/1616/1237
f 2838/1588/1206 2979/1587/1207 2980/1618/1239 2839/1611/1238
f 2979/1587/1207 3120/1589/1208 3121/1619/1240 2980/1618/1239
f 3120/1589/1208 3261/1590/1209 3262/1620/1241 3121/1619/1240
f 3261/1590/1209 3402/1576/1210 3403/1607/1242 3262/1620/1241
f 3402/1576/1210 3536/1591/1211 3537/1621/1243 3403/1607/1242
f 3536/1591/1211 3677/1592/1212 3678/1605/1244 3537/1621/1243
f 3677/1592/1212 3818/1593/1213 3819/1622/1245 3678/1605/1244
f 3818/1593/1213 3959/1594/1214 3960/1623/1246 3819/1622/1245
f 3959/1595/1214 4100/1585/1215 4101/1616/1247 3960/1624/1246
f 4100/1585/1215 4234/1596/1216 4235/1615/1248 4101/1616/1247
f 4234/1596/1216 4374/1597/1217 4375/1625/1249 4235/1615/1248
f 4374/1597/1217 48/1568/1187 49/1599/1219 4375/1625/1249
f 49/1599/1219 191/1598/1218 192/1626/1250 50/1627/1251
f 191/1598/1218 332/1600/1220 333/1628/1252 192/1626/1250
f 332/1600/1220 472/1601/1221 473/1629/1253 333/1628/1252
f 472/1601/1221 606/1602/1222 607/1630/1254 473/1629/1253
f 606/1604/1222 747/1603/1223 748/1631/1255 607/1632/1254
f 747/1603/1223 888/1605/1224 889/1633/1256 748/1631/1255
f 888/1605/1224 1029/1606/1225 1030/1634/1257 889/1633/1256
f 1029/1606/1225 1170/1607/1226 1171/1635/1258 1030/1634/1257
f 1170/1607/1226 1304/1608/1227 1305/1636/1259 1171/1635/1258
f 1304/1608/1227 1445/1609/1228 1446/1637/1260 1305/1636/1259
f 1445/1609/1228 1586/1610/1229 1587/1638/1261 1446/1637/1260
f 1586/1610/1229 1727/1611/1230 1728/1639/1262 1587/1638/1261
f 1727/1602/1230 1868/1612/1231 1869/1640/1263 1728/1630/1262
f 1868/1612/1231 2002/1613/1232 2003/1641/1264 1869/1640/1263
f 2002/1613/1232 2142/1598/1233 2143/1642/1265 2003/1641/1264
f 2142/1598/1233 2283/1599/1234 2284/1627/1266 2143/1642/1265
f 2283/1599/1234 2424/1614/1235 2425/1643/1267 2284/1627/1266
f 2424/1614/1235 2565/1615/1236 2566/1644/1268 2425/1643/1267
f 2565/1615/1236 2705/1616/1237 2706/1645/1269 2566/1644/1268
f 2705/1616/1237 2839/1617/1238 2840/1646/1270 2706/1645/1269
f 2839/1611/1238 2980/1618/1239 2981/1647/1271 2840/1648/1270
f 2980/1618/1239 3121/1619/1240 3122/1649/1272 2981/1647/1271
f 3121/1619/1240 3262/1620/1241 3263/1650/1273 3122/1649/1272
f 3262/1620/1241 3403/1607/1242 3404/1635/1274 3263/1650/1273
f 3403/1607/1242 3537/1621/1243 3538/1651/1275 3404/1635/1274
f 3537/1621/1243 3678/1605/1244 3679/1633/1276 3538/1651/1275
f 3678/1605/1244 3819/1622/1245 3820/1631/1277 3679/1633/1276
f 3819/1622/1245 3960/1623/1246 3961/1652/1278 3820/1631/1277
f 3960/1624/1246 4101/1616/1247 4102/1645/1279 3961/1653/1278
f 4101/1616/1247 4235/1615/1248 4236/1644/1280 4102/1645/1279
f 4235/1615/1248 4375/1625/1249 4376/1654/1281 4236/1644/1280
f 4375/1625/1249 49/1599/1219 50/1627/1251 4376/1654/1281
f 50/1627/1251 192/1626/1250 193/1655/1282 51/1656/1283
f 192/1626/1250 333/1628/1252 334/1657/1284 193/1655/1282
f 333/1628/1252 473/1629/1253 474/1658/1285 334/1657/1284
f 473/1629/1253 607/1630/1254 608/1659/1286 474/1658/1285
f 607/1632/1254 748/1631/1255 749/1660/1287 608/1661/1286
f 748/1631/1255 889/1633/1256 890/1662/1288 749/1660/1287
f 889/1633/1256 1030/1634/1257 1031/1663/1289 890/1662/1288
f 1030/1634/1257 1171/1635/1258 1172/1664/1290 1031/1663/1289
f 1171/1635/1258 1305/1636/1259 1306/1665/1291 1172/1664/1290
f 1305/1636/1259 1446/1637/1260 1447/1666/1292 1306/1665/1291
f 1446/1637/1260 1587/1638/1261 1588/1667/1293 1447/1666/1292
f 1587/1638/1261 1728/1639/1262 1729/1668/1294 1588/1667/1293
f 1728/1630/1262 1869/1640/1263 1870/1658/1295 1729/1659/1294
f 1869/1640/1263 2003/1641/1264 2004/1669/1296 1870/1658/1295
f 2003/1641/1264 2143/1642/1265 2144/1670/1297 2004/1669/1296
f 2143/1642/1265 2284/1627/1266 2285/1656/1298 2144/1670/1297
f 2284/1627/1266 2425/1643/1267 2426/1671/1299 2285/1656/1298
f 2425/1643/1267 2566/1644/1268 2567/1672/1300 2426/1671/1299
f 2566/1644/1268 2706/1645/1269 2707/1673/1301 2567/1672/1300
f 2706/1645/1269 2840/1646/1270 2841/1674/1302 2707/1673/1301
f 2840/1648/1270 2981/1647/1271 2982/1675/1303 2841/1676/1302
f 2981/1647/1271 3122/1649/1272 3123/1677/1304 2982/1675/1303
f 3122/1649/1272 3263/1650/1273 3264/1678/1305 3123/1677/1304
f 3263/1650/1273 3404/1635/1274 3405/1664/1306 3264/1678/1305
f 3404/1635/1274 3538/1651/1275 3539/1679/1307 3405/1664/1306
f 3538/1651/1275 3679/1633/1276 3680/1662/1308 3539/1679/1307
f 3679/1633/1276 3820/1631/1277 3821/1660/1309 3680/1662/1308
f 3820/1631/1277 3961/1652/1278 3962/1661/1310 3821/1660/1309
f 3961/1653/1278 4102/1645/1279 4103/1680/1311 3962/1681/1310
f 4102/1645/1279 4236/1644/1280 4237/1672/1312 4103/1680/1311
f 4236/1644/1280 4376/1654/1281 4377/1682/1313 4237/1672/1312
f 4376/1654/1281 50/1627/1251 51/1656/1283 4377/1682/1313
f 51/1656/1283 193/1655/1282 194/1683/1314 52/1684/1315
f 193/1655/1282 334/1657/1284 335/1685/1316 194/1683/1314
f 334/1657/1284 474/1658/1285 475/1686/1317 335/1685/1316
f 474/1658/1285 608/1659/1286 609/1687/1318 475/1686/1317
f 608/1661/1286 749/1660/1287 750/1688/1319 609/1689/1318
f 749/1660/1287 890/1662/1288 891/1690/1320 750/1688/1319
f 890/1662/1288 1031/1663/1289 1032/1691/1321 891/1690/1320
f 1031/1663/1289 1172/1664/1290 1173/1692/1322 1032/1691/1321
f 1172/1664/1290 1306/1665/1291 1307/1693/1323 1173/1692/1322
f 1306/1665/1291 1447/1666/1292 1448/1694/1324 1307/1693/1323
f 1447/1666/1292 1588/1667/1293 1589/1695/1325 1448/1694/1324
f 1588/1667/1293 1729/1668/1294 1730/1696/1326 1589/1695/1325
f 1729/1659/1294 1870/1658/1295 1871/1686/1327 1730/1697/1326
f 1870/1658/1295 2004/1669/1296 2005/1698/1328 1871/1686/1327
f 2004/1669/1296 2144/1670/1297 2145/1699/1329 2005/1698/1328
f 2144/1670/1297 2285/1656/1298 2286/1684/1330 2145/1699/1329
f 2285/1656/1298 2426/1671/1299 2427/1700/1331 2286/1684/1330
f 2426/1671/1299 2567/1672/1300 2568/1701/1332 2427/1700/1331
f 2567/1672/1300 2707/1673/1301 2708/1702/1333 2568/1701/1332
f 2707/1673/1301 2841/1674/1302 2842/1703/1334 2708/1702/1333
f 2841/1676/1302 2982/1675/1303 2983/1704/1335 2842/1696/1334
f 2982/1675/1303 3123/1677/1304 3124/1705/1336 2983/1704/1335
f 3123/1677/1304 3264/1678/1305 3265/1706/1337 3124/1705/1336
f 3264/1678/1305 3405/1664/1306 3406/1692/1338 3265/1706/1337
f 3405/1664/1306 3539/1679/1307 3540/1707/1339 3406/1692/1338
f 3539/1679/1307 3680/1662/1308 3681/1690/1340 3540/1707/1339
f 3680/1662/1308 3821/1660/1309 3822/1688/1341 3681/1690/1340
f 3821/1660/1309 3962/1661/1310 3963/1708/1342 3822/1688/1341
f 3962/1681/1310 4103/1680/1311 4104/1702/1343 3963/1709/1342
f 4103/1680/1311 4237/1672/1312 4238/1701/1344 4104/1702/1343
f 4237/1672/1312 4377/1682/1313 4378/1710/1345 4238/1701/1344
f 4377/1682/1313 51/1656/1283 52/1684/1315 4378/1710/1345
f 52/1684/1315 194/1683/1314 195/1711/1346 53/1712/1347
f 194/1683/1314 335/1685/1316 336/1713/1348 195/1711/1346
f 335/1685/1316 475/1686/1317 476/1714/1349 336/1713/1348
f 475/1686/1317 609/1687/1318 610/1715/1350 476/1714/1349
f 609/1689/1318 750/1688/1319 751/1716/1351 610/1717/1350
f 750/1688/1319 891/1690/1320 892/1718/1352 751/1716/1351
f 891/1690/1320 1032/1691/1321 1033/1719/1353 892/1718/1352
f 1032/1691/1321 1173/1692/1322 1174/1720/1354 1033/1719/1353
f 1173/1692/1322 1307/1693/1323 1308/1721/1355 1174/1720/1354
f 1307/1693/1323 1448/1694/1324 1449/1722/1356 1308/1721/1355
f 1448/1694/1324 1589/1695/1325 1590/1723/1357 1449/1722/1356
f 1589/1695/1325 1730/1696/1326 1731/1724/1358 1590/1723/1357
f 1730/1697/1326 1871/1686/1327 1872/1725/1359 1731/1726/1358
f 1871/1686/1327 2005/1698/1328 2006/1713/1360 1872/1725/1359
f 2005/1698/1328 2145/1699/1329 2146/1711/1361 2006/1713/1360
f 2145/1699/1329 2286/1684/1330 2287/1712/1362 2146/1711/1361
f 2286/1684/1330 2427/1700/1331 2428/1727/1363 2287/1712/1362
f 2427/1700/1331 2568/1701/1332 2569/1728/1364 2428/1727/1363
f 2568/1701/1332 2708/1702/1333 2709/1729/1365 2569/1728/1364
f 2708/1702/1333 2842/1703/1334 2843/1730/1366 2709/1729/1365
f 2842/1696/1334 2983/1704/1335 2984/1731/1367 2843/1724/1366
f 2983/1704/1335 3124/1705/1336 3125/1732/1368 2984/1731/1367
f 3124/1705/1336 3265/1706/1337 3266/1733/1369 3125/1732/1368
f 3265/1706/1337 3406/1692/1338 3407/1720/1370 3266/1733/1369
f 3406/1692/1338 3540/1707/1339 3541/1734/1371 3407/1720/1370
f 3540/1707/1339 3681/1690/1340 3682/1718/1372 3541/1734/1371
f 3681/1690/1340 3822/1688/1341 3823/1716/1373 3682/1718/1372
f 3822/1688/1341 3963/1708/1342 3964/1717/1374 3823/1716/1373
f 3963/1709/1342 4104/1702/1343 4105/1729/1375 3964/1735/1374
f 4104/1702/1343 4238/1701/1344 4239/1728/1376 4105/1729/1375
f 4238/1701/1344 4378/1710/1345 4379/1736/1377 4239/1728/1376
f 4378/1710/1345 52/1684/1315 53/1712/1347 4379/1736/1377
f 53/1712/1347 195/1711/1346 196/1737/1378 54/1738/1379
f 195/1711/1346 336/1713/1348 337/1739/1380 196/1737/1378
f 336/1713/1348 476/1714/1349 477/1740/1381 337/1739/1380
f 476/1741/1349 610/1742/1350 611/1743/1382 477/1744/1381
f 610/1742/1350 751/1745/1351 752/1746/1383 611/1743/1382
f 751/1716/1351 892/1718/1352 893/1747/1384 752/1748/1383
f 892/1718/1352 1033/1719/1353 1034/1749/1385 893/1747/1384
f 1033/1719/1353 1174/1720/1354 1175/1750/1386 1034/1749/1385
f 1174/1720/1354 1308/1721/1355 1309/1751/1387 1175/1750/1386
f 1308/1721/1355 1449/1722/1356 1450/1752/1388 1309/1751/1387
f 1449/1722/1356 1590/1723/1357 1591/1753/1389 1450/1752/1388
f 1590/1754/1357 1731/1755/1358 1732/1756/1390 1591/1757/1389
f 1731/1755/1358 1872/1758/1359 1873/1759/1391 1732/1756/1390
f 1872/1725/1359 2006/1713/1360 2007/1760/1392 1873/1761/1391
f 2006/1713/1360 2146/1711/1361 2147/1762/1393 2007/1760/1392
f 2146/1711/1361 2287/1712/1362 2288/1738/1394 2147/1762/1393
f 2287/1712/1362 2428/1727/1363 2429/1763/1395 2288/1738/1394
f 2428/1727/1363 2569/1728/1364 2570/1764/1396 2429/1763/1395
f 2569/1728/1364 2709/1729/1365 2710/1765/1397 2570/1764/1396
f 2709/1766/1365 2843/1767/1366 2844/1768/1398 2710/1769/1397
f 2843/1767/1366 2984/1770/1367 2985/1771/1399 2844/1768/1398
f 2984/1731/1367 3125/1732/1368 3126/1772/1400 2985/1773/1399
f 3125/1732/1368 3266/1733/1369 3267/1774/1401 3126/1772/1400
f 3266/1733/1369 3407/1720/1370 3408/1775/1402 3267/1774/1401
f 3407/1720/1370 3541/1734/1371 3542/1749/1403 3408/1775/1402
f 3541/1734/1371 3682/1718/1372 3683/1747/1404 3542/1749/1403
f 3682/1718/1372 3823/1716/1373 3824/1748/1405 3683/1747/1404
f 3823/1776/1373 3964/1777/1374 3965/1778/1406 3824/1779/1405
f 3964/1777/1374 4105/1780/1375 4106/1781/1407 3965/1778/1406
f 4105/1729/1375 4239/1728/1376 4240/1782/1408 4106/1765/1407
f 4239/1728/1376 4379/1736/1377 4380/1783/1409 4240/1782/1408
f 4379/1736/1377 53/1712/1347 54/1738/1379 4380/1783/1409
f 54/1738/1379 196/1737/1378 197/1784/1410 55/1785/1411
f 196/1737/1378 337/1739/1380 338/1786/1412 197/1784/1410
f 337/1787/1380 477/1744/1381 478/1788/1413 338/1789/1412
f 477/1744/1381 611/1743/1382 612/1790/1414 478/1788/1413
f 611/1743/1382 752/1746/1383 753/1791/1415 612/1790/1414
f 752/1746/1383 893/1792/1384 894/1793/1416 753/1791/1415
f 893/1747/1384 1034/1749/1385 1035/1794/1417 894/1795/1416
f 1034/1749/1385 1175/1750/1386 1176/1796/1418 1035/1794/1417
f 1175/1750/1386 1309/1751/1387 1310/1797/1419 1176/1796/1418
f 1309/1751/1387 1450/1752/1388 1451/1798/1420 1310/1797/1419
f 1450/1799/1388 1591/1757/1389 1592/1800/1421 1451/1801/1420
f 1591/1757/1389 1732/1756/1390 1733/1802/1422 1592/1800/1421
f 1732/1756/1390 1873/1759/1391 1874/1803/1423 1733/1802/1422
f 1873/1759/1391 2007/1804/1392 2008/1805/1424 1874/1803/1423
f 2007/1760/1392 2147/1762/1393 2148/1806/1425 2008/1807/1424
f 2147/1762/1393 2288/1738/1394 2289/1785/1426 2148/1806/1425
f 2288/1738/1394 2429/1763/1395 2430/1808/1427 2289/1785/1426
f 2429/1763/1395 2570/1764/1396 2571/1809/1428 2430/1808/1427
f 2570/1810/1396 2710/1769/1397 2711/1811/1429 2571/1812/1428
f 2710/1769/1397 2844/1768/1398 2845/1813/1430 2711/1811/1429
f 2844/1768/1398 2985/1771/1399 2986/1814/1431 2845/1813/1430
f 2985/1771/1399 3126/1815/1400 3127/1816/1432 2986/1814/1431
f 3126/1772/1400 3267/1774/1401 3268/1817/1433 3127/1818/1432
f 3267/1774/1401 3408/1775/1402 3409/1819/1434 3268/1817/1433
f 3408/1775/1402 3542/1749/1403 3543/1794/1435 3409/1819/1434
f 3542/1749/1403 3683/1747/1404 3684/1795/1436 3543/1794/1435
f 3683/1820/1404 3824/1779/1405 3825/1821/1437 3684/1822/1436
f 3824/1779/1405 3965/1778/1406 3966/1823/1438 3825/1821/1437
f 3965/1778/1406 4106/1781/1407 4107/1824/1439 3966/1823/1438
f 4106/1781/1407 4240/1825/1408 4241/1826/1440 4107/1824/1439
f 4240/1782/1408 4380/1783/1409 4381/1827/1441 4241/1828/1440
f 4380/1783/1409 54/1738/1379 55/1785/1411 4381/1827/1441
f 55/1829/1411 197/1830/1410 198/1831/1442 56/1832/1443
f 197/1830/1410 338/1789/1412 339/1833/1444 198/1831/1442
f 338/1789/1412 478/1788/1413 479/1834/1445 339/1833/1444
f 478/1788/1413 612/1790/1414 613/1835/1446 479/1834/1445
f 612/1790/1414 753/1791/1415 754/1836/1447 613/1835/1446
f 753/1791/1415 894/1793/1416 895/1837/1448 754/1836/1447
f 894/1793/1416 1035/1838/1417 1036/1839/1449 895/1837/1448
f 1035/1838/1417 1176/1840/1418 1177/1841/1450 1036/1839/1449
f 1176/1840/1418 1310/1842/1419 1311/1843/1451 1177/1841/1450
f 1310/1842/1419 1451/1801/1420 1452/1844/1452 1311/1843/1451
f 1451/1801/1420 1592/1800/1421 1593/1845/1453 1452/1844/1452
f 1592/1800/1421 1733/1802/1422 1734/1846/1454 1593/1845/1453
f 1733/1802/1422 1874/1803/1423 1875/1847/1455 1734/1846/1454
f 1874/1803/1423 2008/1805/1424 2009/1848/1456 1875/1847/1455
f 2008/1805/1424 2148/1849/1425 2149/1850/1457 2009/1848/1456
f 2148/1849/1425 2289/1851/1426 2290/1852/1458 2149/1850/1457
f 2289/1851/1426 2430/1853/1427 2431/1854/1459 2290/1852/1458
f 2430/1853/1427 2571/1812/1428 2572/1855/1460 2431/1854/1459
f 2571/1812/1428 2711/1811/1429 2712/1856/1461 2572/1855/1460
f 2711/1811/1429 2845/1813/1430 2846/1857/1462 2712/1856/1461
f 2845/1813/1430 2986/1814/1431 2987/1858/1463 2846/1857/1462
f 2986/1814/1431 3127/1816/1432 3128/1859/1464 2987/1858/1463
f 3127/1816/1432 3268/1860/1433 3269/1861/1465 3128/1859/1464
f 3268/1860/1433 3409/1862/1434 3410/1863/1466 3269/1861/1465
f 3409/1862/1434 3543/1864/1435 3544/1865/1467 3410/1863/1466
f 3543/1864/1435 3684/1822/1436 3685/1866/1468 3544/1865/1467
f 3684/1822/1436 3825/1821/1437 3826/1867/1469 3685/1866/1468
f 3825/1821/1437 3966/1823/1438 3967/1868/1470 3826/1867/1469
f 3966/1823/1438 4107/1824/1439 4108/1869/1471 3967/1868/1470
f 4107/1824/1439 4241/1826/1440 4242/1870/1472 4108/1869/1471
f 4241/1826/1440 4381/1871/1441 4382/1872/1473 4242/1870/1472
f 4381/1871/1441 55/1829/1411 56/1832/1443 4382/1872/1473
f 56/1832/1443 198/1831/1442 199/1873/1474 57/1874/1475
f 198/1831/1442 339/1833/1444 340/1875/1476 199/1873/1474
f 339/1833/1444 479/1834/1445 480/1876/1477 340/1875/1476
f 479/1834/1445 613/1835/1446 614/1877/1478 480/1876/1477
f 613/1835/1446 754/1836/1447 755/1878/1479 614/1877/1478
f 754/1836/1447 895/1837/1448 896/1879/1480 755/1878/1479
f 895/1837/1448 1036/1839/1449 1037/1880/1481 896/1879/1480
f 1036/1839/1449 1177/1841/1450 1178/1881/1482 1037/1880/1481
f 1177/1841/1450 1311/1843/1451 1312/1882/1483 1178/1881/1482
f 1311/1843/1451 1452/1844/1452 1453/1883/1484 1312/1882/1483
f 1452/1844/1452 1593/1845/1453 1594/1884/1485 1453/1883/1484
f 1593/1845/1453 1734/1846/1454 1735/1885/1486 1594/1884/1485
f 1734/1846/1454 1875/1847/1455 1876/1886/1487 1735/1885/1486
f 1875/1847/1455 2009/1848/1456 2010/1887/1488 1876/1886/1487
f 2009/1848/1456 2149/1850/1457 2150/1888/1489 2010/1887/1488
f 2149/1850/1457 2290/1852/1458 2291/1889/1490 2150/1888/1489
f 2290/1852/1458 2431/1854/1459 2432/1890/1491 2291/1889/1490
f 2431/1854/1459 2572/1855/1460 2573/1891/1492 2432/1890/1491
f 2572/1855/1460 2712/1856/1461 2713/1892/1493 2573/1891/1492
f 2712/1856/1461 2846/1857/1462 2847/1893/1494 2713/1892/1493
f 2846/1857/1462 2987/1858/1463 2988/1894/1495 2847/1893/1494
f 2987/1858/1463 3128/1859/1464 3129/1895/1496 2988/1894/1495
f 3128/1859/1464 3269/1861/1465 3270/1896/1497 3129/1895/1496
f 3269/1861/1465 3410/1863/1466 3411/1897/1498 3270/1896/1497
f 3410/1863/1466 3544/1865/1467 3545/1898/1499 3411/1897/1498
f 3544/1865/1467 3685/1866/1468 3686/1899/1500 3545/1898/1499
f 3685/1866/1468 3826/1867/1469 3827/1900/1501 3686/1899/1500
f 3826/1867/1469 3967/1868/1470 3968/1901/1502 3827/1900/1501
f 3967/1868/1470 4108/1869/1471 4109/1902/1503 3968/1901/1502
f 4108/1869/1471 4242/1870/1472 4243/1903/1504 4109/1902/1503
f 4242/1870/1472 4382/1872/1473 4383/1904/1505 4243/1903/1504
f 4382/1872/1473 56/1832/1443 57/1874/1475 4383/1904/1505
f 57/1874/1475 199/1873/1474 200/1905/1506 58/1906/1507
f 199/1873/1474 340/1875/1476 341/1907/1508 200/1905/1506
f 340/1875/1476 480/1876/1477 481/1908/1509 341/1907/1508
f 480/1876/1477 614/1877/1478 615/1909/1510 481/1908/1509
f 614/1877/1478 755/1878/1479 756/1910/1511 615/1909/1510
f 755/1878/1479 896/1879/1480 897/1911/1512 756/1910/1511
f 896/1879/1480 1037/1880/1481 1038/1912/1513 897/1911/1512
f 1037/1880/1481 1178/1881/1482 1179/1913/1514 1038/1912/1513
f 1178/1881/1482 1312/1882/1483 1313/1914/1515 1179/1913/1514
f 1312/1882/1483 1453/1883/1484 1454/1915/1516 1313/1914/1515
f 1453/1883/1484 1594/1884/1485 1595/1916/1517 1454/1915/1516
f 1594/1884/1485 1735/1885/1486 1736/1917/1518 1595/1916/1517
f 1735/1885/1486 1876/1886/1487 1877/1918/1519 1736/1917/1518
f 1876/1886/1487 2010/1887/1488 2011/1919/1520 1877/1918/1519
f 2010/1887/1488 2150/1888/1489 2151/1920/1521 2011/1919/1520
f 2150/1888/1489 2291/1889/1490 2292/1921/1522 2151/1920/1521
f 2291/1889/1490 2432/1890/1491 2433/1922/1523 2292/1921/1522
f 2432/1890/1491 2573/1891/1492 2574/1923/1524 2433/1922/1523
f 2573/1891/1492 2713/1892/1493 2714/1924/1525 2574/1923/1524
f 2713/1892/1493 2847/1893/1494 2848/1925/1526 2714/1924/1525
f 2847/1893/1494 2988/1894/1495 2989/1926/1527 2848/1925/1526
f 2988/1894/1495 3129/1895/1496 3130/1927/1528 2989/1926/1527
f 3129/1895/1496 3270/1896/1497 3271/1928/1529 3130/1927/1528
f 3270/1896/1497 3411/1897/1498 3412/1929/1530 3271/1928/1529
f 3411/1897/1498 3545/1898/1499 3546/1930/1531 3412/1929/1530
f 3545/1898/1499 3686/1899/1500 3687/1931/1532 3546/1930/1531
f 3686/1899/1500 3827/1900/1501 3828/1932/1533 3687/1931/1532
f 3827/1900/1501 3968/1901/1502 3969/1933/1534 3828/1932/1533
f 3968/1901/1502 4109/1902/1503 4110/1934/1535 3969/1933/1534
f 4109/1902/1503 4243/1903/1504 4244/1935/1536 4110/1934/1535
f 4243/1903/1504 4383/1904/1505 4384/1936/1537 4244/1935/1536
f 4383/1904/1505 57/1874/1475 58/1906/1507 4384/1936/1537
f 58/1906/1507 200/1905/1506 201/1937/1538 59/1938/1539
f 200/1905/1506 341/1907/1508 342/1939/1540 201/1937/1538
f 341/1907/1508 481/1908/1509 482/1940/1541 342/1939/1540
f 481/1908/1509 615/1909/1510 616/1941/1542 482/1940/1541
f 615/1909/1510 756/1910/1511 757/1942/1543 616/1941/1542
f 756/1910/1511 897/1911/1512 898/1943/1544 757/1942/1543
f 897/1911/1512 1038/1912/1513 1039/1944/1545 898/1943/1544
f 1038/1912/1513 1179/1913/1514 1180/1945/1546 1039/1944/1545
f 1179/1913/1514 1313/1914/1515 1314/1946/1547 1180/1945/1546
f 1313/1914/1515 1454/1915/1516 1455/1947/1548 1314/1946/1547
f 1454/1915/1516 1595/1916/1517 1596/1948/1549 1455/1947/1548
f 1595/1916/1517 1736/1917/1518 1737/1949/1550 1596/1948/1549
f 1736/1917/1518 1877/1918/1519 1878/1950/1551 1737/1949/1550
f 1877/1918/1519 2011/1919/1520 2012/1951/1552 1878/1950/1551
f 2011/1919/1520 2151/1920/1521 2152/1952/1553 2012/1951/1552
f 2151/1920/1521 2292/1921/1522 2293/1953/1554 2152/1952/1553
f 2292/1921/1522 2433/1922/1523 2434/1954/1555 2293/1953/1554
f 2433/1922/1523 2574/1923/1524 2575/1955/1556 2434/1954/1555
f 2574/1923/1524 2714/1924/1525 2715/1956/1557 2575/1955/1556
f 2714/1924/1525 2848/1925/1526 2849/1957/1558 2715/1956/1557
f 2848/1925/1526 2989/1926/1527 2990/1958/1559 2849/1957/1558
f 2989/1926/1527 3130/1927/1528 3131/1959/1560 2990/1958/1559
f 3130/1927/1528 3271/1928/1529 3272/1960/1561 3131/1959/1560
f 3271/1928/1529 3412/1929/1530 3413/1961/1562 3272/1960/1561
f 3412/1929/1530 3546/1930/1531 3547/1962/1563 3413/1961/1562
f 3546/1930/1531 3687/1931/1532 3688/1963/1564 3547/1962/1563
f 3687/1931/1532 3828/1932/1533 3829/1964/1565 3688/1963/1564
f 3828/1932/1533 3969/1933/1534 3970/1965/1566 3829/1964/1565
f 3969/1933/1534 4110/1934/1535 4111/1966/1567 3970/1965/1566
f 4110/1934/1535 4244/1935/1536 4245/1967/1568 4111/1966/1567
f 4244/1935/1536 4384/1936/1537 4385/1968/1569 4245/1967/1568
f 4384/1936/1537 58/1906/1507 59/1938/1539 4385/1968/1569
f 59/1969/1539 201/1970/1538 202/1971/1570 60/1972/1571
f 201/1970/1538 342/1973/1540 343/1974/1572 202/1971/1570
f 342/1939/1540 482/1940/1541 483/1975/1573 343/1976/1572
f 482/1940/1541 616/1941/1542 617/1977/1574 483/1975/1573
f 616/1941/1542 757/1942/1543 758/1978/1575 617/1977/1574
f 757/1942/1543 898/1943/1544 899/1979/1576 758/1978/1575
f 898/1980/1544 1039/1981/1545 1040/1982/1577 899/1983/1576
f 1039/1981/1545 1180/1984/1546 1181/1985/1578 1040/1982/1577
f 1180/1984/1546 1314/1986/1547 1315/1987/1579 1181/1985/1578
f 1314/1986/1547 1455/1988/1548 1456/1989/1580 1315/1987/1579
f 1455/1947/1548 1596/1948/1549 1597/1990/1581 1456/1991/1580
f 1596/1948/1549 1737/1949/1550 1738/1992/1582 1597/1990/1581
f 1737/1949/1550 1878/1950/1551 1879/1993/1583 1738/1992/1582
f 1878/1950/1551 2012/1951/1552 2013/1994/1584 1879/1993/1583
f 2012/1973/1552 2152/1995/1553 2153/1996/1585 2013/1974/1584
f 2152/1995/1553 2293/1969/1554 2294/1972/1586 2153/1996/1585
f 2293/1969/1554 2434/1997/1555 2435/1998/1587 2294/1972/1586
f 2434/1997/1555 2575/1999/1556 2576/2000/1588 2435/1998/1587
f 2575/1955/1556 2715/1956/1557 2716/2001/1589 2576/2002/1588
f 2715/1956/1557 2849/1957/1558 2850/2003/1590 2716/2001/1589
f 2849/1957/1558 2990/1958/1559 2991/2004/1591 2850/2003/1590
f 2990/1958/1559 3131/1959/1560 3132/2005/1592 2991/2004/1591
f 3131/2006/1560 3272/2007/1561 3273/2008/1593 3132/2009/1592
f 3272/2007/1561 3413/2010/1562 3414/2011/1594 3273/2008/1593
f 3413/2010/1562 3547/1981/1563 3548/1982/1595 3414/2011/1594
f 3547/1981/1563 3688/1980/1564 3689/1983/1596 3548/1982/1595
f 3688/1963/1564 3829/1964/1565 3830/2012/1597 3689/2013/1596
f 3829/1964/1565 3970/1965/1566 3971/2014/1598 3830/2012/1597
f 3970/1965/1566 4111/1966/1567 4112/2015/1599 3971/2014/1598
f 4111/1966/1567 4245/1967/1568 4246/2016/1600 4112/2015/1599
f 4245/2017/1568 4385/1997/1569 4386/1998/1601 4246/2018/1600
f 4385/1997/1569 59/1969/1539 60/1972/1571 4386/1998/1601
f 60/1972/1571 202/1971/1570 203/2019/1602 61/2020/1603
f 202/1971/1570 343/1974/1572 344/2021/1604 203/2019/1602
f 343/1974/1572 483/2022/1573 484/2023/1605 344/2021/1604
f 483/2022/1573 617/2024/1574 618/2025/1606 484/2023/1605
f 617/2026/1574 758/2027/1575 759/2028/1607 618/2029/1606
f 758/2027/1575 899/1983/1576 900/2030/1608 759/2028/1607
f 899/1983/1576 1040/1982/1577 1041/2031/1609 900/2030/1608
f 1040/1982/1577 1181/1985/1578 1182/2032/1610 1041/2031/1609
f 1181/1985/1578 1315/1987/1579 1316/2033/1611 1182/2032/1610
f 1315/1987/1579 1456/1989/1580 1457/2034/1612 1316/2033/1611
f 1456/1989/1580 1597/2035/1581 1598/2036/1613 1457/2034/1612
f 1597/2035/1581 1738/2037/1582 1739/2038/1614 1598/2036/1613
f 1738/2024/1582 1879/2022/1583 1880/2023/1615 1739/2039/1614
f 1879/2022/1583 2013/1974/1584 2014/2021/1616 1880/2023/1615
f 2013/1974/1584 2153/1996/1585 2154/2040/1617 2014/2021/1616
f 2153/1996/1585 2294/1972/1586 2295/2020/1618 2154/2040/1617
f 2294/1972/1586 2435/1998/1587 2436/2041/1619 2295/2020/1618
f 2435/1998/1587 2576/2000/1588 2577/2042/1620 2436/2041/1619
f 2576/2000/1588 2716/2043/1589 2717/2044/1621 2577/2042/1620
f 2716/2043/1589 2850/2045/1590 2851/2046/1622 2717/2044/1621
f 2850/2037/1590 2991/2047/1591 2992/2048/1623 2851/2038/1622
f 2991/2047/1591 3132/2009/1592 3133/2049/1624 2992/2048/1623
f 3132/2009/1592 3273/2008/1593 3274/2050/1625 3133/2049/1624
f 3273/2008/1593 3414/2011/1594 3415/2051/1626 3274/2050/1625
f 3414/2011/1594 3548/1982/1595 3549/2031/1627 3415/2051/1626
f 3548/1982/1595 3689/1983/1596 3690/2052/1628 3549/2031/1627
f 3689/1983/1596 3830/2053/1597 3831/2028/1629 3690/2052/1628
f 3830/2053/1597 3971/2026/1598 3972/2029/1630 3831/2028/1629
f 3971/2045/1598 4112/2043/1599 4113/2054/1631 3972/2055/1630
f 4112/2043/1599 4246/2018/1600 4247/2056/1632 4113/2054/1631
f 4246/2018/1600 4386/1998/1601 4387/2041/1633 4247/2056/1632
f 4386/1998/1601 60/1972/1571 61/2020/1603 4387/2041/1633
f 61/2020/1603 203/2019/1602 204/2057/1634 62/2058/1635
f 203/2019/1602 344/2021/1604 345/2059/1636 204/2057/1634
f 344/2021/1604 484/2023/1605 485/2060/1637 345/2059/1636
f 484/2023/1605 618/2025/1606 619/2061/1638 485/2060/1637
f 618/2029/1606 759/2028/1607 760/2062/1639 619/2063/1638
f 759/2028/1607 900/2030/1608 901/2064/1640 760/2062/1639
f 900/2030/1608 1041/2031/1609 1042/2065/1641 901/2064/1640
f 1041/2031/1609 1182/2032/1610 1183/2066/1642 1042/2065/1641
f 1182/2032/1610 1316/2033/1611 1317/2067/1643 1183/2066/1642
f 1316/2033/1611 1457/2034/1612 1458/2068/1644 1317/2067/1643
f 1457/2034/1612 1598/2036/1613 1599/2069/1645 1458/2068/1644
f 1598/2036/1613 1739/2038/1614 1740/2070/1646 1599/2069/1645
f 1739/2039/1614 1880/2023/1615 1881/2071/1647 1740/2072/1646
f 1880/2023/1615 2014/2021/1616 2015/2059/1648 1881/2071/1647
f 2014/2021/1616 2154/2040/1617 2155/2073/1649 2015/2059/1648
f 2154/2040/1617 2295/2020/1618 2296/2058/1650 2155/2073/1649
f 2295/2020/1618 2436/2041/1619 2437/2074/1651 2296/2058/1650
f 2436/2041/1619 2577/2042/1620 2578/2075/1652 2437/2074/1651
f 2577/2042/1620 2717/2044/1621 2718/2076/1653 2578/2075/1652
f 2717/2044/1621 2851/2046/1622 2852/2077/1654 2718/2076/1653
f 2851/2038/1622 2992/2048/1623 2993/2078/1655 2852/2070/1654
f 2992/2048/1623 3133/2049/1624 3134/2079/1656 2993/2078/1655
f 3133/2049/1624 3274/2050/1625 3275/2080/1657 3134/2079/1656
f 3274/2050/1625 3415/2051/1626 3416/2081/1658 3275/2080/1657
f 3415/2051/1626 3549/2031/1627 3550/2065/1659 3416/2081/1658
f 3549/2031/1627 3690/2052/1628 3691/2064/1660 3550/2065/1659
f 3690/2052/1628 3831/2028/1629 3832/2062/1661 3691/2064/1660
f 3831/2028/1629 3972/2029/1630 3973/2082/1662 3832/2062/1661
f 3972/2055/1630 4113/2054/1631 4114/2083/1663 3973/2077/1662
f 4113/2054/1631 4247/2056/1632 4248/2084/1664 4114/2083/1663
f 4247/2056/1632 4387/2041/1633 4388/2074/1665 4248/2084/1664
f 4387/2041/1633 61/2020/1603 62/2058/1635 4388/2074/1665
f 62/2058/1635 204/2057/1634 205/2085/1666 63/2086/1667
f 204/2057/1634 345/2059/1636 346/2087/1668 205/2085/1666
f 345/2059/1636 485/2060/1637 486/2088/1669 346/2087/1668
f 485/2060/1637 619/2061/1638 620/2089/1670 486/2088/1669
f 619/2063/1638 760/2062/1639 761/2090/1671 620/2091/1670
f 760/2062/1639 901/2064/1640 902/2092/1672 761/2090/1671
f 901/2064/1640 1042/2065/1641 1043/2093/1673 902/2092/1672
f 1042/2065/1641 1183/2066/1642 1184/2094/1674 1043/2093/1673
f 1183/2066/1642 1317/2067/1643 1318/2095/1675 1184/2094/1674
f 1317/2067/1643 1458/2068/1644 1459/2096/1676 1318/2095/1675
f 1458/2068/1644 1599/2069/1645 1600/2097/1677 1459/2096/1676
f 1599/2069/1645 1740/2070/1646 1741/2098/1678 1600/2097/1677
f 1740/2072/1646 1881/2071/1647 1882/2099/1679 1741/2089/1678
f 1881/2071/1647 2015/2059/1648 2016/2100/1680 1882/2099/1679
f 2015/2059/1648 2155/2073/1649 2156/2101/1681 2016/2100/1680
f 2155/2073/1649 2296/2058/1650 2297/2086/1682 2156/2101/1681
f 2296/2058/1650 2437/2074/1651 2438/2102/1683 2297/2086/1682
f 2437/2074/1651 2578/2075/1652 2579/2103/1684 2438/2102/1683
f 2578/2075/1652 2718/2076/1653 2719/2104/1685 2579/2103/1684
f 2718/2076/1653 2852/2077/1654 2853/2105/1686 2719/2104/1685
f 2852/2070/1654 2993/2078/1655 2994/2106/1687 2853/2098/1686
f 2993/2078/1655 3134/2079/1656 3135/2107/1688 2994/2106/1687
f 3134/2079/1656 3275/2080/1657 3276/2108/1689 3135/2107/1688
f 3275/2080/1657 3416/2081/1658 3417/2109/1690 3276/2108/1689
f 3416/2081/1658 3550/2065/1659 3551/2110/1691 3417/2109/1690
f 3550/2065/1659 3691/2064/1660 3692/2092/1692 3551/2110/1691
f 3691/2064/1660 3832/2062/1661 3833/2090/1693 3692/2092/1692
f 3832/2062/1661 3973/2082/1662 3974/2091/1694 3833/2090/1693
f 3973/2077/1662 4114/2083/1663 4115/2111/1695 3974/2112/1694
f 4114/2083/1663 4248/2084/1664 4249/2113/1696 4115/2111/1695
f 4248/2084/1664 4388/2074/1665 4389/2102/1697 4249/2113/1696
f 4388/2074/1665 62/2058/1635 63/2086/1667 4389/2102/1697
f 63/2086/1667 205/2085/1666 206/2114/1698 64/2115/1699
f 205/2085/1666 346/2087/1668 347/2116/1700 206/2114/1698
f 346/2087/1668 486/2088/1669 487/2117/1701 347/2116/1700
f 486/2088/1669 620/2089/1670 621/2118/1702 487/2117/1701
f 620/2091/1670 761/2090/1671 762/2119/1703 621/2120/1702
f 761/2090/1671 902/2092/1672 903/2121/1704 762/2119/1703
f 902/2092/1672 1043/2093/1673 1044/2122/1705 903/2121/1704
f 1043/2093/1673 1184/2094/1674 1185/2123/1706 1044/2122/1705
f 1184/2094/1674 1318/2095/1675 1319/2124/1707 1185/2123/1706
f 1318/2095/1675 1459/2096/1676 1460/2125/1708 1319/2124/1707
f 1459/2096/1676 1600/2097/1677 1601/2126/1709 1460/2125/1708
f 1600/2097/1677 1741/2098/1678 1742/2127/1710 1601/2126/1709
f 1741/2089/1678 1882/2099/1679 1883/2128/1711 1742/2129/1710
f 1882/2099/1679 2016/2100/1680 2017/2116/1712 1883/2128/1711
f 2016/2100/1680 2156/2101/1681 2157/2130/1713 2017/2116/1712
f 2156/2101/1681 2297/2086/1682 2298/2115/1714 2157/2130/1713
f 2297/2086/1682 2438/2102/1683 2439/2131/1715 2298/2115/1714
f 2438/2102/1683 2579/2103/1684 2580/2132/1716 2439/2131/1715
f 2579/2103/1684 2719/2104/1685 2720/2133/1717 2580/2132/1716
f 2719/2104/1685 2853/2105/1686 2854/2134/1718 2720/2133/1717
f 2853/2098/1686 2994/2106/1687 2995/2135/1719 2854/2136/1718
f 2994/2106/1687 3135/2107/1688 3136/2137/1720 2995/2135/1719
f 3135/2107/1688 3276/2108/1689 3277/2138/1721 3136/2137/1720
f 3276/2108/1689 3417/2109/1690 3418/2139/1722 3277/2138/1721
f 3417/2109/1690 3551/2110/1691 3552/2122/1723 3418/2139/1722
f 3551/2110/1691 3692/2092/1692 3693/2121/1724 3552/2122/1723
f 3692/2092/1692 3833/2090/1693 3834/2119/1725 3693/2121/1724
f 3833/2090/1693 3974/2091/1694 3975/2140/1726 3834/2119/1725
f 3974/2112/1694 4115/2111/1695 4116/2133/1727 3975/2141/1726
f 4115/2111/1695 4249/2113/1696 4250/2132/1728 4116/2133/1727
f 4249/2113/1696 4389/2102/1697 4390/2131/1729 4250/2132/1728
f 4389/2102/1697 63/2086/1667 64/2115/1699 4390/2131/1729
f 64/2115/1699 206/2114/1698 207/2142/1730 65/2143/1731
f 206/2114/1698 347/2116/1700 348/2144/1732 207/2142/1730
f 347/2116/1700 487/2117/1701 488/2145/1733 348/2144/1732
f 487/2117/1701 621/2118/1702 622/2146/1734 488/2145/1733
f 621/2120/1702 762/2119/1703 763/2147/1735 622/2148/1734
f 762/2119/1703 903/2121/1704 904/2149/1736 763/2147/1735
f 903/2121/1704 1044/2122/1705 1045/2150/1737 904/2149/1736
f 1044/2122/1705 1185/2123/1706 1186/2151/1738 1045/2150/1737
f 1185/2123/1706 1319/2124/1707 1320/2152/1739 1186/2151/1738
f 1319/2124/1707 1460/2125/1708 1461/2153/1740 1320/2152/1739
f 1460/2125/1708 1601/2126/1709 1602/2154/1741 1461/2153/1740
f 1601/2126/1709 1742/2127/1710 1743/2155/1742 1602/2154/1741
f 1742/2129/1710 1883/2128/1711 1884/2156/1743 1743/2157/1742
f 1883/2128/1711 2017/2116/1712 2018/2144/1744 1884/2156/1743
f 2017/2116/1712 2157/2130/1713 2158/2158/1745 2018/2144/1744
f 2157/2130/1713 2298/2115/1714 2299/2143/1746 2158/2158/1745
f 2298/2115/1714 2439/2131/1715 2440/2159/1747 2299/2143/1746
f 2439/2131/1715 2580/2132/1716 2581/2160/1748 2440/2159/1747
f 2580/2132/1716 2720/2133/1717 2721/2161/1749 2581/2160/1748
f 2720/2133/1717 2854/2134/1718 2855/2162/1750 2721/2161/1749
f 2854/2136/1718 2995/2135/1719 2996/2163/1751 2855/2164/1750
f 2995/2135/1719 3136/2137/1720 3137/2153/1752 2996/2163/1751
f 3136/2137/1720 3277/2138/1721 3278/2165/1753 3137/2153/1752
f 3277/2138/1721 3418/2139/1722 3419/2166/1754 3278/2165/1753
f 3418/2139/1722 3552/2122/1723 3553/2150/1755 3419/2166/1754
f 3552/2122/1723 3693/2121/1724 3694/2149/1756 3553/2150/1755
f 3693/2121/1724 3834/2119/1725 3835/2167/1757 3694/2149/1756
f 3834/2119/1725 3975/2140/1726 3976/2148/1758 3835/2167/1757
f 3975/2141/1726 4116/2133/1727 4117/2168/1759 3976/2169/1758
f 4116/2133/1727 4250/2132/1728 4251/2170/1760 4117/2168/1759
f 4250/2132/1728 4390/2131/1729 4391/2159/1761 4251/2170/1760
f 4390/2131/1729 64/2115/1699 65/2143/1731 4391/2159/1761
f 65/2143/1731 207/2142/1730 208/2171/1762 66/2172/1763
f 207/2142/1730 348/2144/1732 349/2173/1764 208/2171/1762
f 348/2144/1732 488/2145/1733 489/2174/1765 349/2173/1764
f 488/2145/1733 622/2146/1734 623/2175/1766 489/2174/1765
f 622/2148/1734 763/2147/1735 764/2176/1767 623/2177/1766
f 763/2147/1735 904/2149/1736 905/2178/1768 764/2176/1767
f 904/2149/1736 1045/2150/1737 1046/2179/1769 905/2178/1768
f 1045/2150/1737 1186/2151/1738 1187/2180/1770 1046/2179/1769
f 1186/2151/1738 1320/2152/1739 1321/2181/1771 1187/2180/1770
f 1320/2152/1739 1461/2153/1740 1462/2182/1772 1321/2181/1771
f 1461/2153/1740 1602/2154/1741 1603/2183/1773 1462/2182/1772
f 1602/2154/1741 1743/2155/1742 1744/2184/1774 1603/2183/1773
f 1743/2157/1742 1884/2156/1743 1885/2174/1775 1744/2175/1774
f 1884/2156/1743 2018/2144/1744 2019/2173/1776 1885/2174/1775
f 2018/2144/1744 2158/2158/1745 2159/2185/1777 2019/2173/1776
f 2158/2158/1745 2299/2143/1746 2300/2172/1778 2159/2185/1777
f 2299/2143/1746 2440/2159/1747 2441/2186/1779 2300/2172/1778
f 2440/2159/1747 2581/2160/1748 2582/2187/1780 2441/2186/1779
f 2581/2160/1748 2721/2161/1749 2722/2188/1781 2582/2187/1780
f 2721/2161/1749 2855/2162/1750 2856/2189/1782 2722/2188/1781
f 2855/2164/1750 2996/2163/1751 2997/2190/1783 2856/2184/1782
f 2996/2163/1751 3137/2153/1752 3138/2191/1784 2997/2190/1783
f 3137/2153/1752 3278/2165/1753 3279/2192/1785 3138/2191/1784
f 3278/2165/1753 3419/2166/1754 3420/2193/1786 3279/2192/1785
f 3419/2166/1754 3553/2150/1755 3554/2179/1787 3420/2193/1786
f 3553/2150/1755 3694/2149/1756 3695/2178/1788 3554/2179/1787
f 3694/2149/1756 3835/2167/1757 3836/2176/1789 3695/2178/1788
f 3835/2167/1757 3976/2148/1758 3977/2177/1790 3836/2176/1789
f 3976/2169/1758 4117/2168/1759 4118/2194/1791 3977/2189/1790
f 4117/2168/1759 4251/2170/1760 4252/2195/1792 4118/2194/1791
f 4251/2170/1760 4391/2159/1761 4392/2196/1793 4252/2195/1792
f 4391/2159/1761 65/2143/1731 66/2172/1763 4392/2196/1793
f 66/2172/1763 208/2171/1762 209/2197/1794 67/2198/1795
f 208/2171/1762 349/2173/1764 350/2199/1796 209/2197/1794
f 349/2173/1764 489/2174/1765 490/2200/1797 350/2199/1796
f 489/2174/1765 623/2175/1766 624/2201/1798 490/2200/1797
f 623/2177/1766 764/2176/1767 765/2202/1799 624/2203/1798
f 764/2176/1767 905/2178/1768 906/2204/1800 765/2202/1799
f 905/2178/1768 1046/2179/1769 1047/2205/1801 906/2204/1800
f 1046/2179/1769 1187/2180/1770 1188/2206/1802 1047/2205/1801
f 1187/2180/1770 1321/2181/1771 1322/2207/1803 1188/2206/1802
f 1321/2181/1771 1462/2182/1772 1463/2208/1804 1322/2207/1803
f 1462/2182/1772 1603/2183/1773 1604/2209/1805 1463/2208/1804
f 1603/2183/1773 1744/2184/1774 1745/2210/1806 1604/2209/1805
f 1744/2175/1774 1885/2174/1775 1886/2200/1807 1745/2211/1806
f 1885/2174/1775 2019/2173/1776 2020/2199/1808 1886/2200/1807
f 2019/2173/1776 2159/2185/1777 2160/2212/1809 2020/2199/1808
f 2159/2185/1777 2300/2172/1778 2301/2198/1810 2160/2212/1809
f 2300/2172/1778 2441/2186/1779 2442/2213/1811 2301/2198/1810
f 2441/2186/1779 2582/2187/1780 2583/2214/1812 2442/2213/1811
f 2582/2187/1780 2722/2188/1781 2723/2215/1813 2583/2214/1812
f 2722/2188/1781 2856/2189/1782 2857/2216/1814 2723/2215/1813
f 2856/2184/1782 2997/2190/1783 2998/2217/1815 2857/2210/1814
f 2997/2190/1783 3138/2191/1784 3139/2218/1816 2998/2217/1815
f 3138/2191/1784 3279/2192/1785 3280/2219/1817 3139/2218/1816
f 3279/2192/1785 3420/2193/1786 3421/2220/1818 3280/2219/1817
f 3420/2193/1786 3554/2179/1787 3555/2221/1819 3421/2220/1818
f 3554/2179/1787 3695/2178/1788 3696/2204/1820 3555/2221/1819
f 3695/2178/1788 3836/2176/1789 3837/2202/1821 3696/2204/1820
f 3836/2176/1789 3977/2177/1790 3978/2203/1822 3837/2202/1821
f 3977/2189/1790 4118/2194/1791 4119/2215/1823 3978/2222/1822
f 4118/2194/1791 4252/2195/1792 4253/2223/1824 4119/2215/1823
f 4252/2195/1792 4392/2196/1793 4393/2213/1825 4253/2223/1824
f 4392/2196/1793 66/2172/1763 67/2198/1795 4393/2213/1825
f 67/2198/1795 209/2197/1794 210/2224/1826 68/2225/1827
f 209/2197/1794 350/2199/1796 351/2226/1828 210/2224/1826
f 350/2199/1796 490/2200/1797 491/2227/1829 351/2226/1828
f 490/2200/1797 624/2201/1798 625/2228/1830 491/2227/1829
f 624/2203/1798 765/2202/1799 766/2229/1831 625/2230/1830
f 765/2202/1799 906/2204/1800 907/2231/1832 766/2229/1831
f 906/2204/1800 1047/2205/1801 1048/2232/1833 907/2231/1832
f 1047/2205/1801 1188/2206/1802 1189/2233/1834 1048/2232/1833
f 1188/2206/1802 1322/2207/1803 1323/2234/1835 1189/2233/1834
f 1322/2207/1803 1463/2208/1804 1464/2235/1836 1323/2234/1835
f 1463/2208/1804 1604/2209/1805 1605/2236/1837 1464/2235/1836
f 1604/2209/1805 1745/2210/1806 1746/2237/1838 1605/2236/1837
f 1745/2211/1806 1886/2200/1807 1887/2238/1839 1746/2239/1838
f 1886/2200/1807 2020/2199/1808 2021/2226/1840 1887/2238/1839
f 2020/2199/1808 2160/2212/1809 2161/2240/1841 2021/2226/1840
f 2160/2212/1809 2301/2198/1810 2302/2225/1842 2161/2240/1841
f 2301/2198/1810 2442/2213/1811 2443/2241/1843 2302/2225/1842
f 2442/2213/1811 2583/2214/1812 2584/2242/1844 2443/2241/1843
f 2583/2214/1812 2723/2215/1813 2724/2243/1845 2584/2242/1844
f 2723/2215/1813 2857/2216/1814 2858/2244/1846 2724/2243/1845
f 2857/2210/1814 2998/2217/1815 2999/2245/1847 2858/2237/1846
f 2998/2217/1815 3139/2218/1816 3140/2246/1848 2999/2245/1847
f 3139/2218/1816 3280/2219/1817 3281/2247/1849 3140/2246/1848
f 3280/2219/1817 3421/2220/1818 3422/2248/1850 3281/2247/1849
f 3421/2220/1818 3555/2221/1819 3556/2232/1851 3422/2248/1850
f 3555/2221/1819 3696/2204/1820 3697/2231/1852 3556/2232/1851
f 3696/2204/1820 3837/2202/1821 3838/2229/1853 3697/2231/1852
f 3837/2202/1821 3978/2203/1822 3979/2249/1854 3838/2229/1853
f 3978/2222/1822 4119/2215/1823 4120/2250/1855 3979/2244/1854
f 4119/2215/1823 4253/2223/1824 4254/2251/1856 4120/2250/1855
f 4253/2223/1824 4393/2213/1825 4394/2241/1857 4254/2251/1856
f 4393/2213/1825 67/2198/1795 68/2225/1827 4394/2241/1857
f 68/2225/1827 210/2224/1826 211/2252/1858 69/2253/1859
f 210/2224/1826 351/2226/1828 352/2254/1860 211/2252/1858
f 351/2226/1828 491/2227/1829 492/2255/1861 352/2254/1860
f 491/2256/1829 625/2257/1830 626/2258/1862 492/2259/1861
f 625/2257/1830 766/2260/1831 767/2261/1863 626/2258/1862
f 766/2229/1831 907/2231/1832 908/2262/1864 767/2263/1863
f 907/2231/1832 1048/2232/1833 1049/2264/1865 908/2262/1864
f 1048/2232/1833 1189/2233/1834 1190/2265/1866 1049/2264/1865
f 1189/2233/1834 1323/2234/1835 1324/2266/1867 1190/2265/1866
f 1323/2234/1835 1464/2235/1836 1465/2267/1868 1324/2266/1867
f 1464/2235/1836 1605/2236/1837 1606/2268/1869 1465/2267/1868
f 1605/2269/1837 1746/2270/1838 1747/2271/1870 1606/2272/1869
f 1746/2270/1838 1887/2273/1839 1888/2274/1871 1747/2271/1870
f 1887/2238/1839 2021/2226/1840 2022/2254/1872 1888/2275/1871
f 2021/2226/1840 2161/2240/1841 2162/2276/1873 2022/2254/1872
f 2161/2240/1841 2302/2225/1842 2303/2253/1874 2162/2276/1873
f 2302/2225/1842 2443/2241/1843 2444/2277/1875 2303/2253/1874
f 2443/2241/1843 2584/2242/1844 2585/2278/1876 2444/2277/1875
f 2584/2242/1844 2724/2243/1845 2725/2279/1877 2585/2278/1876
f 2724/2280/1845 2858/2281/1846 2859/2282/1878 2725/2283/1877
f 2858/2281/1846 2999/2284/1847 3000/2285/1879 2859/2282/1878
f 2999/2245/1847 3140/2246/1848 3141/2286/1880 3000/2287/1879
f 3140/2246/1848 3281/2247/1849 3282/2288/1881 3141/2286/1880
f 3281/2247/1849 3422/2248/1850 3423/2289/1882 3282/2288/1881
f 3422/2248/1850 3556/2232/1851 3557/2264/1883 3423/2289/1882
f 3556/2232/1851 3697/2231/1852 3698/2262/1884 3557/2264/1883
f 3697/2231/1852 3838/2229/1853 3839/2263/1885 3698/2262/1884
f 3838/2290/1853 3979/2291/1854 3980/2292/1886 3839/2293/1885
f 3979/2291/1854 4120/2294/1855 4121/2295/1887 3980/2292/1886
f 4120/2250/1855 4254/2251/1856 4255/2296/1888 4121/2279/1887
f 4254/2251/1856 4394/2241/1857 4395/2277/1889 4255/2296/1888
f 4394/2241/1857 68/2225/1827 69/2253/1859 4395/2277/1889
f 69/2297/1859 211/2298/1858 212/2299/1890 70/2300/1891
f 211/2298/1858 352/2301/1860 353/2302/1892 212/2299/1890
f 352/2301/1860 492/2259/1861 493/2303/1893 353/2302/1892
f 492/2259/1861 626/2258/1862 627/2304/1894 493/2303/1893
f 626/2258/1862 767/2261/1863 768/2305/1895 627/2304/1894
f 767/2261/1863 908/2306/1864 909/2307/1896 768/2305/1895
f 908/2306/1864 1049/2308/1865 1050/2309/1897 909/2307/1896
f 1049/2308/1865 1190/2310/1866 1191/2311/1898 1050/2309/1897
f 1190/2310/1866 1324/2312/1867 1325/2313/1899 1191/2311/1898
f 1324/2312/1867 1465/2314/1868 1466/2315/1900 1325/2313/1899
f 1465/2314/1868 1606/2272/1869 1607/2316/1901 1466/2315/1900
f 1606/2272/1869 1747/2271/1870 1748/2317/1902 1607/2316/1901
f 1747/2271/1870 1888/2274/1871 1889/2318/1903 1748/2317/1902
f 1888/2274/1871 2022/2319/1872 2023/2320/1904 1889/2318/1903
f 2022/2319/1872 2162/2321/1873 2163/2322/1905 2023/2320/1904
f 2162/2321/1873 2303/2323/1874 2304/2324/1906 2163/2322/1905
f 2303/2323/1874 2444/2325/1875 2445/2326/1907 2304/2324/1906
f 2444/2325/1875 2585/2327/1876 2586/2328/1908 2445/2326/1907
f 2585/2327/1876 2725/2283/1877 2726/2329/1909 2586/2328/1908
f 2725/2283/1877 2859/2282/1878 2860/2330/1910 2726/2329/1909
f 2859/2282/1878 3000/2285/1879 3001/2331/1911 2860/2330/1910
f 3000/2285/1879 3141/2332/1880 3142/2333/1912 3001/2331/1911
f 3141/2332/1880 3282/2334/1881 3283/2335/1913 3142/2333/1912
f 3282/2334/1881 3423/2336/1882 3424/2337/1914 3283/2335/1913
f 3423/2336/1882 3557/2338/1883 3558/2339/1915 3424/2337/1914
f 3557/2338/1883 3698/2340/1884 3699/2341/1916 3558/2339/1915
f 3698/2340/1884 3839/2293/1885 3840/2342/1917 3699/2341/1916
f 3839/2293/1885 3980/2292/1886 3981/2343/1918 3840/2342/1917
f 3980/2292/1886 4121/2295/1887 4122/2344/1919 3981/2343/1918
f 4121/2295/1887 4255/2345/1888 4256/2346/1920 4122/2344/1919
f 4255/2345/1888 4395/2347/1889 4396/2348/1921 4256/2346/1920
f 4395/2347/1889 69/2297/1859 70/2300/1891 4396/2348/1921
f 70/2300/1891 212/2299/1890 213/2349/1922 71/2350/1923
f 212/2299/1890 353/2302/1892 354/2351/1924 213/2349/1922
f 353/2302/1892 493/2303/1893 494/2352/1925 354/2351/1924
f 493/2303/1893 627/2304/1894 628/2353/1926 494/2352/1925
f 627/2304/1894 768/2305/1895 769/2354/1927 628/2353/1926
f 768/2305/1895 909/2307/1896 910/2355/1928 769/2354/1927
f 909/2307/1896 1050/2309/1897 1051/2356/1929 910/2355/1928
f 1050/2309/1897 1191/2311/1898 1192/2357/1930 1051/2356/1929
f 1191/2311/1898 1325/2313/1899 1326/2358/1931 1192/2357/1930
f 1325/2313/1899 1466/2315/1900 1467/2359/1932 1326/2358/1931
f 1466/2315/1900 1607/2316/1901 1608/2360/1933 1467/2359/1932
f 1607/2316/1901 1748/2317/1902 1749/2361/1934 1608/2360/1933
f 1748/2317/1902 1889/2318/1903 1890/2362/1935 1749/2361/1934
f 1889/2318/1903 2023/2320/1904 2024/2363/1936 1890/2362/1935
f 2023/2320/1904 2163/2322/1905 2164/2364/1937 2024/2363/1936
f 2163/2322/1905 2304/2324/1906 2305/2365/1938 2164/2364/1937
f 2304/2324/1906 2445/2326/1907 2446/2366/1939 2305/2365/1938
f 2445/2326/1907 2586/2328/1908 2587/2367/1940 2446/2366/1939
f 2586/2328/1908 2726/2329/1909 2727/2368/1941 2587/2367/1940
f 2726/2329/1909 2860/2330/1910 2861/2369/1942 2727/2368/1941
f 2860/2330/1910 3001/2331/1911 3002/2370/1943 2861/2369/1942
f 3001/2331/1911 3142/2333/1912 3143/2371/1944 3002/2370/1943
f 3142/2333/1912 3283/2335/1913 3284/2372/1945 3143/2371/1944
f 3283/2335/1913 3424/2337/1914 3425/2373/1946 3284/2372/1945
f 3424/2337/1914 3558/2339/1915 3559/2374/1947 3425/2373/1946
f 3558/2339/1915 3699/2341/1916 3700/2375/1948 3559/2374/1947
f 3699/2341/1916 3840/2342/1917 3841/2376/1949 3700/2375/1948
f 3840/2342/1917 3981/2343/1918 3982/2377/1950 3841/2376/1949
f 3981/2343/1918 4122/2344/1919 4123/2378/1951 3982/2377/1950
f 4122/2344/1919 4256/2346/1920 4257/2379/1952 4123/2378/1951
f 4256/2346/1920 4396/2348/1921 4397/2380/1953 4257/2379/1952
f 4396/2348/1921 70/2300/1891 71/2350/1923 4397/2380/1953
f 71/2350/1923 213/2349/1922 214/2381/1954 72/2382/1955
f 213/2349/1922 354/2351/1924 355/2383/1956 214/2381/1954
f 354/2351/1924 494/2352/1925 495/2384/1957 355/2383/1956
f 494/2352/1925 628/2353/1926 629/2385/1958 495/2384/1957
f 628/2353/1926 769/2354/1927 770/2386/1959 629/2385/1958
f 769/2354/1927 910/2355/1928 911/2387/1960 770/2386/1959
f 910/2355/1928 1051/2356/1929 1052/2388/1961 911/2387/1960
f 1051/2356/1929 1192/2357/1930 1193/2389/1962 1052/2388/1961
f 1192/2357/1930 1326/2358/1931 1327/2390/1963 1193/2389/1962
f 1326/2358/1931 1467/2359/1932 1468/2391/1964 1327/2390/1963
f 1467/2359/1932 1608/2360/1933 1609/2392/1965 1468/2391/1964
f 1608/2360/1933 1749/2361/1934 1750/2393/1966 1609/2392/1965
f 1749/2361/1934 1890/2362/1935 1891/2394/1967 1750/2393/1966
f 1890/2362/1935 2024/2363/1936 2025/2395/1968 1891/2394/1967
f 2024/2363/1936 2164/2364/1937 2165/2396/1969 2025/2395/1968
f 2164/2364/1937 2305/2365/1938 2306/2397/1970 2165/2396/1969
f 2305/2365/1938 2446/2366/1939 2447/2398/1971 2306/2397/1970
f 2446/2366/1939 2587/2367/1940 2588/2399/1972 2447/2398/1971
f 2587/2367/1940 2727/2368/1941 2728/2400/1973 2588/2399/1972
f 2727/2368/1941 2861/2369/1942 2862/2401/1974 2728/2400/1973
f 2861/2369/1942 3002/2370/1943 3003/2402/1975 2862/2401/1974
f 3002/2370/1943 3143/2371/1944 3144/2403/1976 3003/2402/1975
f 3143/2371/1944 3284/2372/1945 3285/2404/1977 3144/2403/1976
f 3284/2372/1945 3425/2373/1946 3426/2405/1978 3285/2404/1977
f 3425/2373/1946 3559/2374/1947 3560/2406/1979 3426/2405/1978
f 3559/2374/1947 3700/2375/1948 3701/2407/1980 3560/2406/1979
f 3700/2375/1948 3841/2376/1949 3842/2408/1981 3701/2407/1980
f 3841/2376/1949 3982/2377/1950 3983/2409/1982 3842/2408/1981
f 3982/2377/1950 4123/2378/1951 4124/2410/1983 3983/2409/1982
f 4123/2378/1951 4257/2379/1952 4258/2411/1984 4124/2410/1983
f 4257/2379/1952 4397/2380/1953 4398/2412/1985 4258/2411/1984
f 4397/2380/1953 71/2350/1923 72/2382/1955 4398/2412/1985
f 72/2382/1955 214/2381/1954 215/2413/1986 73/2414/1987
f 214/2381/1954 355/2383/1956 356/2415/1988 215/2413/1986
f 355/2383/1956 495/2384/1957 496/2416/1989 356/2415/1988
f 495/2384/1957 629/2385/1958 630/2417/1990 496/2416/1989
f 629/2385/1958 770/2386/1959 771/2418/1991 630/2417/1990
f 770/2386/1959 911/2387/1960 912/2419/1992 771/2418/1991
f 911/2387/1960 1052/2388/1961 1053/2420/1993 912/2419/1992
f 1052/2388/1961 1193/2389/1962 1194/2421/1994 1053/2420/1993
f 1193/2389/1962 1327/2390/1963 1328/2422/1995 1194/2421/1994
f 1327/2390/1963 1468/2391/1964 1469/2423/1996 1328/2422/1995
f 1468/2391/1964 1609/2392/1965 1610/2424/1997 1469/2423/1996
f 1609/2392/1965 1750/2393/1966 1751/2425/1998 1610/2424/1997
f 1750/2393/1966 1891/2394/1967 1892/2426/1999 1751/2425/1998
f 1891/2394/1967 2025/2395/1968 2026/2427/2000 1892/2426/1999
f 2025/2395/1968 2165/2396/1969 2166/2428/2001 2026/2427/2000
f 2165/2396/1969 2306/2397/1970 2307/2429/2002 2166/2428/2001
f 2306/2397/1970 2447/2398/1971 2448/2430/2003 2307/2429/2002
f 2447/2398/1971 2588/2399/1972 2589/2431/2004 2448/2430/2003
f 2588/2399/1972 2728/2400/1973 2729/2432/2005 2589/2431/2004
f 2728/2400/1973 2862/2401/1974 2863/2433/2006 2729/2432/2005
f 2862/2401/1974 3003/2402/1975 3004/2434/2007 2863/2433/2006
f 3003/2402/1975 3144/2403/1976 3145/2435/2008 3004/2434/2007
f 3144/2403/1976 3285/2404/1977 3286/2436/2009 3145/2435/2008
f 3285/2404/1977 3426/2405/1978 3427/2437/2010 3286/2436/2009
f 3426/2405/1978 3560/2406/1979 3561/2438/2011 3427/2437/2010
f 3560/2406/1979 3701/2407/1980 3702/2439/2012 3561/2438/2011
f 3701/2407/1980 3842/2408/1981 3843/2440/2013 3702/2439/2012
f 3842/2408/1981 3983/2409/1982 3984/2441/2014 3843/2440/2013
f 3983/2409/1982 4124/2410/1983 4125/2442/2015 3984/2441/2014
f 4124/2410/1983 4258/2411/1984 4259/2443/2016 4125/2442/2015
f 4258/2411/1984 4398/2412/1985 4399/2444/2017 4259/2443/2016
f 4398/2412/1985 72/2382/1955 73/2414/1987 4399/2444/2017
f 73/2414/1987 215/2413/1986 216/2445/2018 74/2446/2019
f 215/2413/1986 356/2415/1988 357/2447/2020 216/2445/2018
f 356/2415/1988 496/2416/1989 497/2448/2021 357/2447/2020
f 496/2416/1989 630/2417/1990 631/2449/2022 497/2448/2021
f 630/2417/1990 771/2418/1991 772/2450/2023 631/2449/2022
f 771/2418/1991 912/2419/1992 913/2451/2024 772/2450/2023
f 912/2419/1992 1053/2420/1993 1054/2452/2025 913/2451/2024
f 1053/2420/1993 1194/2421/1994 1195/2453/2026 1054/2452/2025
f 1194/2421/1994 1328/2422/1995 1329/2454/2027 1195/2453/2026
f 1328/2422/1995 1469/2423/1996 1470/2455/2028 1329/2454/2027
f 1469/2423/1996 1610/2424/1997 1611/2456/2029 1470/2455/2028
f 1610/2424/1997 1751/2425/1998 1752/2457/2030 1611/2456/2029
f 1751/2425/1998 1892/2426/1999 1893/2458/2031 1752/2457/2030
f 1892/2426/1999 2026/2427/2000 2027/2459/2032 1893/2458/2031
f 2026/2427/2000 2166/2428/2001 2167/2460/2033 2027/2459/2032
f 2166/2428/2001 2307/2429/2002 2308/2461/2034 2167/2460/2033
f 2307/2429/2002 2448/2430/2003 2449/2462/2035 2308/2461/2034
f 2448/2430/2003 2589/2431/2004 2590/2463/2036 2449/2462/2035
f 2589/2431/2004 2729/2432/2005 2730/2464/2037 2590/2463/2036
f 2729/2432/2005 2863/2433/2006 2864/2465/2038 2730/2464/2037
f 2863/2433/2006 3004/2434/2007 3005/2466/2039 2864/2465/2038
f 3004/2434/2007 3145/2435/2008 3146/2467/2040 3005/2466/2039
f 3145/2435/2008 3286/2436/2009 3287/2468/2041 3146/2467/2040
f 3286/2436/2009 3427/2437/2010 3428/2469/2042 3287/2468/2041
f 3427/2437/2010 3561/2438/2011 3562/2470/2043 3428/2469/2042
f 3561/2438/2011 3702/2439/2012 3703/2471/2044 3562/2470/2043
f 3702/2439/2012 3843/2440/2013 3844/2472/2045 3703/2471/2044
f 3843/2440/2013 3984/2441/2014 3985/2473/2046 3844/2472/2045
f 3984/2441/2014 4125/2442/2015 4126/2474/2047 3985/2473/2046
f 4125/2442/2015 4259/2443/2016 4260/2475/2048 4126/2474/2047
f 4259/2443/2016 4399/2444/2017 4400/2476/2049 4260/2475/2048
f 4399/2444/2017 73/2414/1987 74/2446/2019 4400/2476/2049
f 74/2446/2019 216/2445/2018 217/2477/2050 75/2478/2051
f 216/2445/2018 357/2447/2020 358/2479/2052 217/2477/2050
f 357/2447/2020 497/2448/2021 498/2480/2053 358/2479/2052
f 497/2448/2021 631/2449/2022 632/2481/2054 498/2480/2053
f 631/2449/2022 772/2450/2023 773/2482/2055 632/2481/2054
f 772/2450/2023 913/2451/2024 914/2483/2056 773/2482/2055
f 913/2451/2024 1054/2452/2025 1055/2484/2057 914/2483/2056
f 1054/2452/2025 1195/2453/2026 1196/2485/2058 1055/2484/2057
f 1195/2453/2026 1329/2454/2027 1330/2486/2059 1196/2485/2058
f 1329/2454/2027 1470/2455/2028 1471/2487/2060 1330/2486/2059
f 1470/2455/2028 1611/2456/2029 1612/2488/2061 1471/2487/2060
f 1611/2456/2029 1752/2457/2030 1753/2489/2062 1612/2488/2061
f 1752/2457/2030 1893/2458/2031 1894/2490/2063 1753/2489/2062
f 1893/2458/2031 2027/2459/2032 2028/2491/2064 1894/2490/2063
f 2027/2459/2032 2167/2460/2033 2168/2492/2065 2028/2491/2064
f 2167/2460/2033 2308/2461/2034 2309/2493/2066 2168/2492/2065
f 2308/2461/2034 2449/2462/2035 2450/2494/2067 2309/2493/2066
f 2449/2462/2035 2590/2463/2036 2591/2495/2068 2450/2494/2067
f 2590/2463/2036 2730/2464/2037 2731/2496/2069 2591/2495/2068
f 2730/2464/2037 2864/2465/2038 2865/2497/2070 2731/2496/2069
f 2864/2465/2038 3005/2466/2039 3006/2498/2071 2865/2497/2070
f 3005/2466/2039 3146/2467/2040 3147/2499/2072 3006/2498/2071
f 3146/2467/2040 3287/2468/2041 3288/2500/2073 3147/2499/2072
f 3287/2468/2041 3428/2469/2042 3429/2501/2074 3288/2500/2073
f 3428/2469/2042 3562/2470/2043 3563/2502/2075 3429/2501/2074
f 3562/2470/2043 3703/2471/2044 3704/2503/2076 3563/2502/2075
f 3703/2471/2044 3844/2472/2045 3845/2504/2077 3704/2503/2076
f 3844/2472/2045 3985/2473/2046 3986/2505/2078 3845/2504/2077
f 3985/2473/2046 4126/2474/2047 4127/2506/2079 3986/2505/2078
f 4126/2474/2047 4260/2475/2048 4261/2507/2080 4127/2506/2079
f 4260/2475/2048 4400/2476/2049 4401/2508/2081 4261/2507/2080
f 4400/2476/2049 74/2446/2019 75/2478/2051 4401/2508/2081
f 75/2478/2051 217/2477/2050 218/2509/2082 76/2510/2083
f 217/2477/2050 358/2479/2052 359/2511/2084 218/2509/2082
f 358/2479/2052 498/2480/2053 499/2512/2085 359/2511/2084
f 498/2480/2053 632/2481/2054 633/2513/2086 499/2512/2085
f 632/2481/2054 773/2482/2055 774/2514/2087 633/2513/2086
f 773/2482/2055 914/2483/2056 915/2515/2088 774/2514/2087
f 914/2483/2056 1055/2484/2057 1056/2516/2089 915/2515/2088
f 1055/2484/2057 1196/2485/2058 1197/2517/2090 1056/2516/2089
f 1196/2485/2058 1330/2486/2059 1331/2518/2091 1197/2517/2090
f 1330/2486/2059 1471/2487/2060 1472/2519/2092 1331/2518/2091
f 1471/2487/2060 1612/2488/2061 1613/2520/2093 1472/2519/2092
f 1612/2488/2061 1753/2489/2062 1754/2521/2094 1613/2520/2093
f 1753/2489/2062 1894/2490/2063 1895/2522/2095 1754/2521/2094
f 1894/2490/2063 2028/2491/2064 2029/2523/2096 1895/2522/2095
f 2028/2491/2064 2168/2492/2065 2169/2524/2097 2029/2523/2096
f 2168/2492/2065 2309/2493/2066 2310/2525/2098 2169/2524/2097
f 2309/2493/2066 2450/2494/2067 2451/2526/2099 2310/2525/2098
f 2450/2494/2067 2591/2495/2068 2592/2527/2100 2451/2526/2099
f 2591/2495/2068 2731/2496/2069 2732/2528/2101 2592/2527/2100
f 2731/2496/2069 2865/2497/2070 2866/2529/2102 2732/2528/2101
f 2865/2497/2070 3006/2498/2071 3007/2530/2103 2866/2529/2102
f 3006/2498/2071 3147/2499/2072 3148/2531/2104 3007/2530/2103
f 3147/2499/2072 3288/2500/2073 3289/2532/2105 3148/2531/2104
f 3288/2500/2073 3429/2501/2074 3430/2533/2106 3289/2532/2105
f 3429/2501/2074 3563/2502/2075 3564/2534/2107 3430/2533/2106
f 3563/2502/2075 3704/2503/2076 3705/2535/2108 3564/2534/2107
f 3704/2503/2076 3845/2504/2077 3846/2536/2109 3705/2535/2108
f 3845/2504/2077 3986/2505/2078 3987/2537/2110 3846/2536/2109
f 3986/2505/2078 4127/2506/2079 4128/2538/2111 3987/2537/2110
f 4127/2506/2079 4261/2507/2080 4262/2539/2112 4128/2538/2111
f 4261/2507/2080 4401/2508/2081 4402/2540/2113 4262/2539/2112
f 4401/2508/2081 75/2478/2051 76/2510/2083 4402/2540/2113
f 76/2510/2083 218/2509/2082 219/2541/2114 77/2542/2115
f 218/2509/2082 359/2511/2084 360/2543/2116 219/2541/2114
f 359/2511/2084 499/2512/2085 500/2544/2117 360/2543/2116
f 499/2512/2085 633/2513/2086 634/2545/2118 500/2544/2117
f 633/2513/2086 774/2514/2087 775/2546/2119 634/2545/2118
f 774/2514/2087 915/2515/2088 916/2547/2120 775/2546/2119
f 915/2515/2088 1056/2516/2089 1057/2548/2121 916/2547/2120
f 1056/2516/2089 1197/2517/2090 1198/2549/2122 1057/2548/2121
f 1197/2517/2090 1331/2518/2091 1332/2550/2123 1198/2549/2122
f 1331/2518/2091 1472/2519/2092 1473/2551/2124 1332/2550/2123
f 1472/2519/2092 1613/2520/2093 1614/2552/2125 1473/2551/2124
f 1613/2520/2093 1754/2521/2094 1755/2553/2126 1614/2552/2125
f 1754/2521/2094 1895/2522/2095 1896/2554/2127 1755/2553/2126
f 1895/2522/2095 2029/2523/2096 2030/2555/2128 1896/2554/2127
f 2029/2523/2096 2169/2524/2097 2170/2556/2129 2030/2555/2128
f 2169/2524/2097 2310/2525/2098 2311/2557/2130 2170/2556/2129
f 2310/2525/2098 2451/2526/2099 2452/2558/2131 2311/2557/2130
f 2451/2526/2099 2592/2527/2100 2593/2559/2132 2452/2558/2131
f 2592/2527/2100 2732/2528/2101 2733/2560/2133 2593/2559/2132
f 2732/2528/2101 2866/2529/2102 2867/2561/2134 2733/2560/2133
f 2866/2529/2102 3007/2530/2103 3008/2562/2135 2867/2561/2134
f 3007/2530/2103 3148/2531/2104 3149/2563/2136 3008/2562/2135
f 3148/2531/2104 3289/2532/2105 3290/2564/2137 3149/2563/2136
f 3289/2532/2105 3430/2533/2106 3431/2565/2138 3290/2564/2137
f 3430/2533/2106 3564/2534/2107 3565/2566/2139 3431/2565/2138
f 3564/2534/2107 3705/2535/2108 3706/2567/2140 3565/2566/2139
f 3705/2535/2108 3846/2536/2109 3847/2568/2141 3706/2567/2140
f 3846/2536/2109 3987/2537/2110 3988/2569/2142 3847/2568/2141
f 3987/2537/2110 4128/2538/2111 4129/2570/2143 3988/2569/2142
f 4128/2538/2111 4262/2539/2112 4263/2571/2144 4129/2570/2143
f 4262/2539/2112 4402/2540/2113 4403/2572/2145 4263/2571/2144
f 4402/2540/2113 76/2510/2083 77/2542/2115 4403/2572/2145
f 77/2573/2146 219/2574/2147 220/2575/2148 78/2576/2149
f 219/2574/2147 360/2577/2150 361/2578/2151 220/2575/2148
f 360/2577/2150 500/2579/2152 501/2580/2153 361/2578/2151
f 500/2579/2152 634/2581/2154 635/2582/2155 501/2580/2153
f 634/2583/2154 775/2584/2156 776/2585/2157 635/2586/2155
f 775/2584/2156 916/2587/2158 917/2588/2159 776/2585/2157
f 916/2587/2158 1057/2589/2160 1058/2590/2161 917/2588/2159
f 1057/2589/2160 1198/2591/2162 1199/2592/2163 1058/2590/2161
f 1198/2591/2162 1332/2593/2164 1333/2594/2165 1199/2592/2163
f 1332/2593/2164 1473/2595/2166 1474/2596/2167 1333/2594/2165
f 1473/2595/2166 1614/2597/2168 1615/2598/2169 1474/2596/2167
f 1614/2597/2168 1755/2599/2170 1756/2600/2171 1615/2598/2169
f 1755/2601/2170 1896/2602/2172 1897/2580/2173 1756/2603/2171
f 1896/2602/2172 2030/2577/2174 2031/2578/2175 1897/2580/2173
f 2030/2577/2174 2170/2604/2176 2171/2605/2177 2031/2578/2175
f 2170/2604/2176 2311/2573/2178 2312/2576/2179 2171/2605/2177
f 2311/2573/2178 2452/2606/2180 2453/2607/2181 2312/2576/2179
f 2452/2606/2180 2593/2608/2182 2594/2609/2183 2453/2607/2181
f 2593/2608/2182 2733/2610/2184 2734/2611/2185 2594/2609/2183
f 2733/2610/2184 2867/2612/2186 2868/2613/2187 2734/2611/2185
f 2867/2599/2186 3008/2614/2188 3009/2598/2189 2868/2615/2187
f 3008/2614/2188 3149/2616/2190 3150/2617/2191 3009/2598/2189
f 3149/2616/2190 3290/2618/2192 3291/2619/2193 3150/2617/2191
f 3290/2618/2192 3431/2620/2194 3432/2621/2195 3291/2619/2193
f 3431/2620/2194 3565/2589/2196 3566/2590/2197 3432/2621/2195
f 3565/2589/2196 3706/2587/2198 3707/2622/2199 3566/2590/2197
f 3706/2587/2198 3847/2584/2200 3848/2585/2201 3707/2622/2199
f 3847/2584/2200 3988/2583/2202 3989/2586/2203 3848/2585/2201
f 3988/2612/2202 4129/2623/2204 4130/2611/2205 3989/2613/2203
f 4129/2623/2204 4263/2624/2206 4264/2625/2207 4130/2611/2205
f 4263/2624/2206 4403/2626/2208 4404/2607/2209 4264/2625/2207
f 4403/2626/2208 77/2573/2146 78/2576/2149 4404/2607/2209
f 78/2576/2149 220/2575/2148 221/2627/2210 79/2628/2211
f 220/2575/2148 361/2578/2151 362/2629/2212 221/2627/2210
f 361/2578/2151 501/2580/2153 502/2630/2213 362/2629/2212
f 501/2580/2153 635/2582/2155 636/2631/2214 502/2630/2213
f 635/2586/2155 776/2585/2157 777/2632/2215 636/2633/2214
f 776/2585/2157 917/2588/2159 918/2634/2216 777/2632/2215
f 917/2588/2159 1058/2590/2161 1059/2635/2217 918/2634/2216
f 1058/2590/2161 1199/2592/2163 1200/2636/2218 1059/2635/2217
f 1199/2592/2163 1333/2594/2165 1334/2637/2219 1200/2636/2218
f 1333/2594/2165 1474/2596/2167 1475/2638/2220 1334/2637/2219
f 1474/2596/2167 1615/2598/2169 1616/2639/2221 1475/2638/2220
f 1615/2598/2169 1756/2600/2171 1757/2640/2222 1616/2639/2221
f 1756/2603/2171 1897/2580/2173 1898/2630/2223 1757/2641/2222
f 1897/2580/2173 2031/2578/2175 2032/2642/2224 1898/2630/2223
f 2031/2578/2175 2171/2605/2177 2172/2643/2225 2032/2642/2224
f 2171/2605/2177 2312/2576/2179 2313/2628/2226 2172/2643/2225
f 2312/2576/2179 2453/2607/2181 2454/2644/2227 2313/2628/2226
f 2453/2607/2181 2594/2609/2183 2595/2645/2228 2454/2644/2227
f 2594/2609/2183 2734/2611/2185 2735/2646/2229 2595/2645/2228
f 2734/2611/2185 2868/2613/2187 2869/2647/2230 2735/2646/2229
f 2868/2615/2187 3009/2598/2189 3010/2648/2231 2869/2640/2230
f 3009/2598/2189 3150/2617/2191 3151/2649/2232 3010/2648/2231
f 3150/2617/2191 3291/2619/2193 3292/2650/2233 3151/2649/2232
f 3291/2619/2193 3432/2621/2195 3433/2651/2234 3292/2650/2233
f 3432/2621/2195 3566/2590/2197 3567/2652/2235 3433/2651/2234
f 3566/2590/2197 3707/2622/2199 3708/2634/2236 3567/2652/2235
f 3707/2622/2199 3848/2585/2201 3849/2632/2237 3708/2634/2236
f 3848/2585/2201 3989/2586/2203 3990/2633/2238 3849/2632/2237
f 3989/2613/2203 4130/2611/2205 4131/2653/2239 3990/2654/2238
f 4130/2611/2205 4264/2625/2207 4265/2655/2240 4131/2653/2239
f 4264/2625/2207 4404/2607/2209 4405/2644/2241 4265/2655/2240
f 4404/2607/2209 78/2576/2149 79/2628/2211 4405/2644/2241
f 79/2628/2211 221/2627/2210 222/2656/2242 80/2657/2243
f 221/2627/2210 362/2629/2212 363/2658/2244 222/2656/2242
f 362/2629/2212 502/2630/2213 503/2659/2245 363/2658/2244
f 502/2630/2213 636/2631/2214 637/2660/2246 503/2659/2245
f 636/2633/2214 777/2632/2215 778/2661/2247 637/2662/2246
f 777/2632/2215 918/2634/2216 919/2663/2248 778/2661/2247
f 918/2634/2216 1059/2635/2217 1060/2664/2249 919/2663/2248
f 1059/2635/2217 1200/2636/2218 1201/2665/2250 1060/2664/2249
f 1200/2636/2218 1334/2637/2219 1335/2666/2251 1201/2665/2250
f 1334/2637/2219 1475/2638/2220 1476/2667/2252 1335/2666/2251
f 1475/2638/2220 1616/2639/2221 1617/2668/2253 1476/2667/2252
f 1616/2639/2221 1757/2640/2222 1758/2669/2254 1617/2668/2253
f 1757/2641/2222 1898/2630/2223 1899/2670/2255 1758/2671/2254
f 1898/2630/2223 2032/2642/2224 2033/2658/2256 1899/2670/2255
f 2032/2642/2224 2172/2643/2225 2173/2672/2257 2033/2658/2256
f 2172/2643/2225 2313/2628/2226 2314/2657/2258 2173/2672/2257
f 2313/2628/2226 2454/2644/2227 2455/2673/2259 2314/2657/2258
f 2454/2644/2227 2595/2645/2228 2596/2674/2260 2455/2673/2259
f 2595/2645/2228 2735/2646/2229 2736/2675/2261 2596/2674/2260
f 2735/2646/2229 2869/2647/2230 2870/2676/2262 2736/2675/2261
f 2869/2640/2230 3010/2648/2231 3011/2677/2263 2870/2678/2262
f 3010/2648/2231 3151/2649/2232 3152/2679/2264 3011/2677/2263
f 3151/2649/2232 3292/2650/2233 3293/2680/2265 3152/2679/2264
f 3292/2650/2233 3433/2651/2234 3434/2681/2266 3293/2680/2265
f 3433/2651/2234 3567/2652/2235 3568/2682/2267 3434/2681/2266
f 3567/2652/2235 3708/2634/2236 3709/2663/2268 3568/2682/2267
f 3708/2634/2236 3849/2632/2237 3850/2661/2269 3709/2663/2268
f 3849/2632/2237 3990/2633/2238 3991/2662/2270 3850/2661/2269
f 3990/2654/2238 4131/2653/2239 4132/2683/2271 3991/2684/2270
f 4131/2653/2239 4265/2655/2240 4266/2685/2272 4132/2683/2271
f 4265/2655/2240 4405/2644/2241 4406/2673/2273 4266/2685/2272
f 4405/2644/2241 79/2628/2211 80/2657/2243 4406/2673/2273
f 80/2657/2243 222/2656/2242 223/2686/2274 81/2687/2275
f 222/2656/2242 363/2658/2244 364/2688/2276 223/2686/2274
f 363/2658/2244 503/2659/2245 504/2689/2277 364/2688/2276
f 503/2659/2245 637/2660/2246 638/2690/2278 504/2689/2277
f 637/2662/2246 778/2661/2247 779/2691/2279 638/2692/2278
f 778/2661/2247 919/2663/2248 920/2693/2280 779/2691/2279
f 919/2663/2248 1060/2664/2249 1061/2694/2281 920/2693/2280
f 1060/2664/2249 1201/2665/2250 1202/2695/2282 1061/2694/2281
f 1201/2665/2250 1335/2666/2251 1336/2696/2283 1202/2695/2282
f 1335/2666/2251 1476/2667/2252 1477/2697/2284 1336/2696/2283
f 1476/2667/2252 1617/2668/2253 1618/2698/2285 1477/2697/2284
f 1617/2668/2253 1758/2669/2254 1759/2699/2286 1618/2698/2285
f 1758/2671/2254 1899/2670/2255 1900/2689/2287 1759/2700/2286
f 1899/2670/2255 2033/2658/2256 2034/2688/2288 1900/2689/2287
f 2033/2658/2256 2173/2672/2257 2174/2701/2289 2034/2688/2288
f 2173/2672/2257 2314/2657/2258 2315/2687/2290 2174/2701/2289
f 2314/2657/2258 2455/2673/2259 2456/2702/2291 2315/2687/2290
f 2455/2673/2259 2596/2674/2260 2597/2703/2292 2456/2702/2291
f 2596/2674/2260 2736/2675/2261 2737/2704/2293 2597/2703/2292
f 2736/2675/2261 2870/2676/2262 2871/2705/2294 2737/2704/2293
f 2870/2678/2262 3011/2677/2263 3012/2706/2295 2871/2699/2294
f 3011/2677/2263 3152/2679/2264 3153/2707/2296 3012/2706/2295
f 3152/2679/2264 3293/2680/2265 3294/2708/2297 3153/2707/2296
f 3293/2680/2265 3434/2681/2266 3435/2709/2298 3294/2708/2297
f 3434/2681/2266 3568/2682/2267 3569/2694/2299 3435/2709/2298
f 3568/2682/2267 3709/2663/2268 3710/2693/2300 3569/2694/2299
f 3709/2663/2268 3850/2661/2269 3851/2691/2301 3710/2693/2300
f 3850/2661/2269 3991/2662/2270 3992/2692/2302 3851/2691/2301
f 3991/2684/2270 4132/2683/2271 4133/2704/2303 3992/2705/2302
f 4132/2683/2271 4266/2685/2272 4267/2703/2304 4133/2704/2303
f 4266/2685/2272 4406/2673/2273 4407/2702/2305 4267/2703/2304
f 4406/2673/2273 80/2657/2243 81/2687/2275 4407/2702/2305
f 81/2687/2275 223/2686/2274 224/2710/2306 82/2711/2307
f 223/2686/2274 364/2688/2276 365/2712/2308 224/2710/2306
f 364/2688/2276 504/2689/2277 505/2713/2309 365/2712/2308
f 504/2689/2277 638/2690/2278 639/2714/2310 505/2713/2309
f 638/2692/2278 779/2691/2279 780/2715/2311 639/2716/2310
f 779/2691/2279 920/2693/2280 921/2717/2312 780/2715/2311
f 920/2693/2280 1061/2694/2281 1062/2718/2313 921/2717/2312
f 1061/2694/2281 1202/2695/2282 1203/2719/2314 1062/2718/2313
f 1202/2695/2282 1336/2696/2283 1337/2720/2315 1203/2719/2314
f 1336/2696/2283 1477/2697/2284 1478/2721/2316 1337/2720/2315
f 1477/2697/2284 1618/2698/2285 1619/2722/2317 1478/2721/2316
f 1618/2698/2285 1759/2699/2286 1760/2723/2318 1619/2722/2317
f 1759/2700/2286 1900/2689/2287 1901/2713/2319 1760/2724/2318
f 1900/2689/2287 2034/2688/2288 2035/2712/2320 1901/2713/2319
f 2034/2688/2288 2174/2701/2289 2175/2725/2321 2035/2712/2320
f 2174/2701/2289 2315/2687/2290 2316/2711/2322 2175/2725/2321
f 2315/2687/2290 2456/2702/2291 2457/2726/2323 2316/2711/2322
f 2456/2702/2291 2597/2703/2292 2598/2727/2324 2457/2726/2323
f 2597/2703/2292 2737/2704/2293 2738/2728/2325 2598/2727/2324
f 2737/2704/2293 2871/2705/2294 2872/2729/2326 2738/2728/2325
f 2871/2699/2294 3012/2706/2295 3013/2730/2327 2872/2723/2326
f 3012/2706/2295 3153/2707/2296 3154/2731/2328 3013/2730/2327
f 3153/2707/2296 3294/2708/2297 3295/2732/2329 3154/2731/2328
f 3294/2708/2297 3435/2709/2298 3436/2733/2330 3295/2732/2329
f 3435/2709/2298 3569/2694/2299 3570/2718/2331 3436/2733/2330
f 3569/2694/2299 3710/2693/2300 3711/2717/2332 3570/2718/2331
f 3710/2693/2300 3851/2691/2301 3852/2715/2333 3711/2717/2332
f 3851/2691/2301 3992/2692/2302 3993/2716/2334 3852/2715/2333
f 3992/2705/2302 4133/2704/2303 4134/2734/2335 3993/2735/2334
f 4133/2704/2303 4267/2703/2304 4268/2727/2336 4134/2734/2335
f 4267/2703/2304 4407/2702/2305 4408/2736/2337 4268/2727/2336
f 4407/2702/2305 81/2687/2275 82/2711/2307 4408/2736/2337
f 82/2711/2307 224/2710/2306 225/2737/2338 83/2738/2339
f 224/2710/2306 365/2712/2308 366/2739/2340 225/2737/2338
f 365/2712/2308 505/2713/2309 506/2740/2341 366/2739/2340
f 505/2713/2309 639/2714/2310 640/2741/2342 506/2740/2341
f 639/2716/2310 780/2715/2311 781/2742/2343 640/2743/2342
f 780/2715/2311 921/2717/2312 922/2744/2344 781/2742/2343
f 921/2717/2312 1062/2718/2313 1063/2745/2345 922/2744/2344
f 1062/2718/2313 1203/2719/2314 1204/2746/2346 1063/2745/2345
f 1203/2719/2314 1337/2720/2315 1338/2747/2347 1204/2746/2346
f 1337/2720/2315 1478/2721/2316 1479/2748/2348 1338/2747/2347
f 1478/2721/2316 1619/2722/2317 1620/2749/2349 1479/2748/2348
f 1619/2722/2317 1760/2723/2318 1761/2750/2350 1620/2749/2349
f 1760/2724/2318 1901/2713/2319 1902/2751/2351 1761/2752/2350
f 1901/2713/2319 2035/2712/2320 2036/2739/2352 1902/2751/2351
f 2035/2712/2320 2175/2725/2321 2176/2753/2353 2036/2739/2352
f 2175/2725/2321 2316/2711/2322 2317/2738/2354 2176/2753/2353
f 2316/2711/2322 2457/2726/2323 2458/2754/2355 2317/2738/2354
f 2457/2726/2323 2598/2727/2324 2599/2755/2356 2458/2754/2355
f 2598/2727/2324 2738/2728/2325 2739/2756/2357 2599/2755/2356
f 2738/2728/2325 2872/2729/2326 2873/2757/2358 2739/2756/2357
f 2872/2723/2326 3013/2730/2327 3014/2758/2359 2873/2750/2358
f 3013/2730/2327 3154/2731/2328 3155/2759/2360 3014/2758/2359
f 3154/2731/2328 3295/2732/2329 3296/2760/2361 3155/2759/2360
f 3295/2732/2329 3436/2733/2330 3437/2761/2362 3296/2760/2361
f 3436/2733/2330 3570/2718/2331 3571/2745/2363 3437/2761/2362
f 3570/2718/2331 3711/2717/2332 3712/2744/2364 3571/2745/2363
f 3711/2717/2332 3852/2715/2333 3853/2742/2365 3712/2744/2364
f 3852/2715/2333 3993/2716/2334 3994/2743/2366 3853/2742/2365
f 3993/2735/2334 4134/2734/2335 4135/2762/2367 3994/2763/2366
f 4134/2734/2335 4268/2727/2336 4269/2755/2368 4135/2762/2367
f 4268/2727/2336 4408/2736/2337 4409/2764/2369 4269/2755/2368
f 4408/2736/2337 82/2711/2307 83/2738/2339 4409/2764/2369
f 83/2738/2339 225/2737/2338 226/2765/2370 84/2766/2371
f 225/2737/2338 366/2739/2340 367/2767/2372 226/2765/2370
f 366/2739/2340 506/2740/2341 507/2768/2373 367/2767/2372
f 506/2740/2341 640/2741/2342 641/2769/2374 507/2768/2373
f 640/2743/2342 781/2742/2343 782/2770/2375 641/2771/2374
f 781/2742/2343 922/2744/2344 923/2772/2376 782/2770/2375
f 922/2744/2344 1063/2745/2345 1064/2773/2377 923/2772/2376
f 1063/2745/2345 1204/2746/2346 1205/2774/2378 1064/2773/2377
f 1204/2746/2346 1338/2747/2347 1339/2775/2379 1205/2774/2378
f 1338/2747/2347 1479/2748/2348 1480/2776/2380 1339/2775/2379
f 1479/2748/2348 1620/2749/2349 1621/2777/2381 1480/2776/2380
f 1620/2749/2349 1761/2750/2350 1762/2778/2382 1621/2777/2381
f 1761/2752/2350 1902/2751/2351 1903/2768/2383 1762/2769/2382
f 1902/2751/2351 2036/2739/2352 2037/2767/2384 1903/2768/2383
f 2036/2739/2352 2176/2753/2353 2177/2779/2385 2037/2767/2384
f 2176/2753/2353 2317/2738/2354 2318/2766/2386 2177/2779/2385
f 2317/2738/2354 2458/2754/2355 2459/2780/2387 2318/2766/2386
f 2458/2754/2355 2599/2755/2356 2600/2781/2388 2459/2780/2387
f 2599/2755/2356 2739/2756/2357 2740/2782/2389 2600/2781/2388
f 2739/2756/2357 2873/2757/2358 2874/2783/2390 2740/2782/2389
f 2873/2750/2358 3014/2758/2359 3015/2777/2391 2874/2778/2390
f 3014/2758/2359 3155/2759/2360 3156/2784/2392 3015/2777/2391
f 3155/2759/2360 3296/2760/2361 3297/2785/2393 3156/2784/2392
f 3296/2760/2361 3437/2761/2362 3438/2786/2394 3297/2785/2393
f 3437/2761/2362 3571/2745/2363 3572/2773/2395 3438/2786/2394
f 3571/2745/2363 3712/2744/2364 3713/2772/2396 3572/2773/2395
f 3712/2744/2364 3853/2742/2365 3854/2770/2397 3713/2772/2396
f 3853/2742/2365 3994/2743/2366 3995/2771/2398 3854/2770/2397
f 3994/2763/2366 4135/2762/2367 4136/2782/2399 3995/2783/2398
f 4135/2762/2367 4269/2755/2368 4270/2787/2400 4136/2782/2399
f 4269/2755/2368 4409/2764/2369 4410/2780/2401 4270/2787/2400
f 4409/2764/2369 83/2738/2339 84/2766/2371 4410/2780/2401
f 84/2766/2371 226/2765/2370 227/2788/2402 85/2789/2403
f 226/2765/2370 367/2767/2372 368/2790/2404 227/2788/2402
f 367/2767/2372 507/2768/2373 508/2791/2405 368/2790/2404
f 507/2768/2373 641/2769/2374 642/2792/2406 508/2791/2405
f 641/2771/2374 782/2770/2375 783/2793/2407 642/2794/2406
f 782/2770/2375 923/2772/2376 924/2795/2408 783/2793/2407
f 923/2772/2376 1064/2773/2377 1065/2796/2409 924/2795/2408
f 1064/2773/2377 1205/2774/2378 1206/2797/2410 1065/2796/2409
f 1205/2774/2378 1339/2775/2379 1340/2798/2411 1206/2797/2410
f 1339/2775/2379 1480/2776/2380 1481/2799/2412 1340/2798/2411
f 1480/2776/2380 1621/2777/2381 1622/2800/2413 1481/2799/2412
f 1621/2777/2381 1762/2778/2382 1763/2801/2414 1622/2800/2413
f 1762/2769/2382 1903/2768/2383 1904/2791/2415 1763/2802/2414
f 1903/2768/2383 2037/2767/2384 2038/2790/2416 1904/2791/2415
f 2037/2767/2384 2177/2779/2385 2178/2803/2417 2038/2790/2416
f 2177/2779/2385 2318/2766/2386 2319/2789/2418 2178/2803/2417
f 2318/2766/2386 2459/2780/2387 2460/2804/2419 2319/2789/2418
f 2459/2780/2387 2600/2781/2388 2601/2805/2420 2460/2804/2419
f 2600/2781/2388 2740/2782/2389 2741/2806/2421 2601/2805/2420
f 2740/2782/2389 2874/2783/2390 2875/2807/2422 2741/2806/2421
f 2874/2778/2390 3015/2777/2391 3016/2808/2423 2875/2809/2422
f 3015/2777/2391 3156/2784/2392 3157/2810/2424 3016/2808/2423
f 3156/2784/2392 3297/2785/2393 3298/2811/2425 3157/2810/2424
f 3297/2785/2393 3438/2786/2394 3439/2812/2426 3298/2811/2425
f 3438/2786/2394 3572/2773/2395 3573/2796/2427 3439/2812/2426
f 3572/2773/2395 3713/2772/2396 3714/2795/2428 3573/2796/2427
f 3713/2772/2396 3854/2770/2397 3855/2793/2429 3714/2795/2428
f 3854/2770/2397 3995/2771/2398 3996/2794/2430 3855/2793/2429
f 3995/2783/2398 4136/2782/2399 4137/2813/2431 3996/2814/2430
f 4136/2782/2399 4270/2787/2400 4271/2815/2432 4137/2813/2431
f 4270/2787/2400 4410/2780/2401 4411/2804/2433 4271/2815/2432
f 4410/2780/2401 84/2766/2371 85/2789/2403 4411/2804/2433
f 85/2789/2403 227/2788/2402 228/2816/2434 86/2817/2435
f 227/2788/2402 368/2790/2404 369/2818/2436 228/2816/2434
f 368/2790/2404 508/2791/2405 509/2819/2437 369/2818/2436
f 508/2791/2405 642/2792/2406 643/2820/2438 509/2819/2437
f 642/2794/2406 783/2793/2407 784/2821/2439 643/2822/2438
f 783/2793/2407 924/2795/2408 925/2823/2440 784/2821/2439
f 924/2795/2408 1065/2796/2409 1066/2824/2441 925/2823/2440
f 1065/2796/2409 1206/2797/2410 1207/2825/2442 1066/2824/2441
f 1206/2797/2410 1340/2798/2411 1341/2826/2443 1207/2825/2442
f 1340/2798/2411 1481/2799/2412 1482/2827/2444 1341/2826/2443
f 1481/2799/2412 1622/2800/2413 1623/2828/2445 1482/2827/2444
f 1622/2800/2413 1763/2801/2414 1764/2829/2446 1623/2828/2445
f 1763/2802/2414 1904/2791/2415 1905/2830/2447 1764/2831/2446
f 1904/2791/2415 2038/2790/2416 2039/2818/2448 1905/2830/2447
f 2038/2790/2416 2178/2803/2417 2179/2832/2449 2039/2818/2448
f 2178/2803/2417 2319/2789/2418 2320/2817/2450 2179/2832/2449
f 2319/2789/2418 2460/2804/2419 2461/2833/2451 2320/2817/2450
f 2460/2804/2419 2601/2805/2420 2602/2834/2452 2461/2833/2451
f 2601/2805/2420 2741/2806/2421 2742/2835/2453 2602/2834/2452
f 2741/2806/2421 2875/2807/2422 2876/2836/2454 2742/2835/2453
f 2875/2809/2422 3016/2808/2423 3017/2837/2455 2876/2838/2454
f 3016/2808/2423 3157/2810/2424 3158/2839/2456 3017/2837/2455
f 3157/2810/2424 3298/2811/2425 3299/2840/2457 3158/2839/2456
f 3298/2811/2425 3439/2812/2426 3440/2841/2458 3299/2840/2457
f 3439/2812/2426 3573/2796/2427 3574/2824/2459 3440/2841/2458
f 3573/2796/2427 3714/2795/2428 3715/2823/2460 3574/2824/2459
f 3714/2795/2428 3855/2793/2429 3856/2821/2461 3715/2823/2460
f 3855/2793/2429 3996/2794/2430 3997/2842/2462 3856/2821/2461
f 3996/2814/2430 4137/2813/2431 4138/2843/2463 3997/2836/2462
f 4137/2813/2431 4271/2815/2432 4272/2844/2464 4138/2843/2463
f 4271/2815/2432 4411/2804/2433 4412/2833/2465 4272/2844/2464
f 4411/2804/2433 85/2789/2403 86/2817/2435 4412/2833/2465
f 86/2446/2466 228/2445/2467 229/2845/2468 87/2846/2469
f 228/2445/2467 369/2447/2470 370/2847/2471 229/2845/2468
f 369/2447/2470 509/2448/2472 510/2848/2473 370/2847/2471
f 509/2448/2472 643/2449/2474 644/2849/2475 510/2848/2473
f 643/2449/2474 784/2450/2476 785/2850/2477 644/2849/2475
f 784/2450/2476 925/2451/2478 926/2851/2479 785/2850/2477
f 925/2451/2478 1066/2452/2480 1067/2852/2481 926/2851/2479
f 1066/2452/2480 1207/2453/2482 1208/2853/2483 1067/2852/2481
f 1207/2453/2482 1341/2454/2484 1342/2854/2485 1208/2853/2483
f 1341/2454/2484 1482/2455/2486 1483/2855/2487 1342/2854/2485
f 1482/2455/2486 1623/2456/2488 1624/2856/2489 1483/2855/2487
f 1623/2456/2488 1764/2457/2490 1765/2857/2491 1624/2856/2489
f 1764/2457/2490 1905/2458/2492 1906/2858/2493 1765/2857/2491
f 1905/2458/2492 2039/2459/2494 2040/2859/2495 1906/2858/2493
f 2039/2459/2494 2179/2460/2496 2180/2860/2497 2040/2859/2495
f 2179/2460/2496 2320/2461/2498 2321/2861/2499 2180/2860/2497
f 2320/2461/2498 2461/2462/2500 2462/2862/2501 2321/2861/2499
f 2461/2462/2500 2602/2463/2502 2603/2863/2503 2462/2862/2501
f 2602/2463/2502 2742/2464/2504 2743/2864/2505 2603/2863/2503
f 2742/2464/2504 2876/2465/2506 2877/2865/2507 2743/2864/2505
f 2876/2465/2506 3017/2466/2508 3018/2866/2509 2877/2865/2507
f 3017/2466/2508 3158/2467/2510 3159/2867/2511 3018/2866/2509
f 3158/2467/2510 3299/2468/2512 3300/2868/2513 3159/2867/2511
f 3299/2468/2512 3440/2469/2514 3441/2869/2515 3300/2868/2513
f 3440/2469/2514 3574/2470/2516 3575/2870/2517 3441/2869/2515
f 3574/2470/2516 3715/2471/2518 3716/2871/2519 3575/2870/2517
f 3715/2471/2518 3856/2472/2520 3857/2872/2521 3716/2871/2519
f 3856/2472/2520 3997/2473/2522 3998/2873/2523 3857/2872/2521
f 3997/2473/2522 4138/2474/2524 4139/2874/2525 3998/2873/2523
f 4138/2474/2524 4272/2475/2526 4273/2875/2527 4139/2874/2525
f 4272/2475/2526 4412/2476/2528 4413/2876/2529 4273/2875/2527
f 4412/2476/2528 86/2446/2466 87/2846/2469 4413/2876/2529
f 87/2846/2469 229/2845/2468 230/2877/2530 88/2878/2531
f 229/2845/2468 370/2847/2471 371/2879/2532 230/2877/2530
f 370/2847/2471 510/2848/2473 511/2880/2533 371/2879/2532
f 510/2848/2473 644/2849/2475 645/2881/2534 511/2880/2533
f 644/2849/2475 785/2850/2477 786/2882/2535 645/2881/2534
f 785/2850/2477 926/2851/2479 927/2883/2536 786/2882/2535
f 926/2851/2479 1067/2852/2481 1068/2884/2537 927/2883/2536
f 1067/2852/2481 1208/2853/2483 1209/2885/2538 1068/2884/2537
f 1208/2853/2483 1342/2854/2485 1343/2886/2539 1209/2885/2538
f 1342/2854/2485 1483/2855/2487 1484/2887/2540 1343/2886/2539
f 1483/2855/2487 1624/2856/2489 1625/2888/2541 1484/2887/2540
f 1624/2856/2489 1765/2857/2491 1766/2889/2542 1625/2888/2541
f 1765/2857/2491 1906/2858/2493 1907/2890/2543 1766/2889/2542
f 1906/2858/2493 2040/2859/2495 2041/2891/2544 1907/2890/2543
f 2040/2859/2495 2180/2860/2497 2181/2892/2545 2041/2891/2544
f 2180/2860/2497 2321/2861/2499 2322/2893/2546 2181/2892/2545
f 2321/2861/2499 2462/2862/2501 2463/2894/2547 2322/2893/2546
f 2462/2862/2501 2603/2863/2503 2604/2895/2548 2463/2894/2547
f 2603/2863/2503 2743/2864/2505 2744/2896/2549 2604/2895/2548
f 2743/2864/2505 2877/2865/2507 2878/2897/2550 2744/2896/2549
f 2877/2865/2507 3018/2866/2509 3019/2898/2551 2878/2897/2550
f 3018/2866/2509 3159/2867/2511 3160/2899/2552 3019/2898/2551
f 3159/2867/2511 3300/2868/2513 3301/2900/2553 3160/2899/2552
f 3300/2868/2513 3441/2869/2515 3442/2901/2554 3301/2900/2553
f 3441/2869/2515 3575/2870/2517 3576/2902/2555 3442/2901/2554
f 3575/2870/2517 3716/2871/2519 3717/2903/2556 3576/2902/2555
f 3716/2871/2519 3857/2872/2521 3858/2904/2557 3717/2903/2556
f 3857/2872/2521 3998/2873/2523 3999/2905/2558 3858/2904/2557
f 3998/2873/2523 4139/2874/2525 4140/2906/2559 3999/2905/2558
f 4139/2874/2525 4273/2875/2527 4274/2907/2560 4140/2906/2559
f 4273/2875/2527 4413/2876/2529 4414/2908/2561 4274/2907/2560
f 4413/2876/2529 87/2846/2469 88/2878/2531 4414/2908/2561
f 88/2878/2531 230/2877/2530 231/2909/2562 89/2910/2563
f 230/2877/2530 371/2879/2532 372/2911/2564 231/2909/2562
f 371/2879/2532 511/2880/2533 512/2912/2565 372/2911/2564
f 511/2880/2533 645/2881/2534 646/2913/2566 512/2912/2565
f 645/2881/2534 786/2882/2535 787/2914/2567 646/2913/2566
f 786/2882/2535 927/2883/2536 928/2915/2568 787/2914/2567
f 927/2883/2536 1068/2884/2537 1069/2916/2569 928/2915/2568
f 1068/2884/2537 1209/2885/2538 1210/2917/2570 1069/2916/2569
f 1209/2885/2538 1343/2886/2539 1344/2918/2571 1210/2917/2570
f 1343/2886/2539 1484/2887/2540 1485/2919/2572 1344/2918/2571
f 1484/2887/2540 1625/2888/2541 1626/2920/2573 1485/2919/2572
f 1625/2888/2541 1766/2889/2542 1767/2921/2574 1626/2920/2573
f 1766/2889/2542 1907/2890/2543 1908/2922/2575 1767/2921/2574
f 1907/2890/2543 2041/2891/2544 2042/2923/2576 1908/2922/2575
f 2041/2891/2544 2181/2892/2545 2182/2924/2577 2042/2923/2576
f 2181/2892/2545 2322/2893/2546 2323/2925/2578 2182/2924/2577
f 2322/2893/2546 2463/2894/2547 2464/2926/2579 2323/2925/2578
f 2463/2894/2547 2604/2895/2548 2605/2927/2580 2464/2926/2579
f 2604/2895/2548 2744/2896/2549 2745/2928/2581 2605/2927/2580
f 2744/2896/2549 2878/2897/2550 2879/2929/2582 2745/2928/2581
f 2878/2897/2550 3019/2898/2551 3020/2930/2583 2879/2929/2582
f 3019/2898/2551 3160/2899/2552 3161/2931/2584 3020/2930/2583
f 3160/2899/2552 3301/2900/2553 3302/2932/2585 3161/2931/2584
f 3301/2900/2553 3442/2901/2554 3443/2933/2586 3302/2932/2585
f 3442/2901/2554 3576/2902/2555 3577/2934/2587 3443/2933/2586
f 3576/2902/2555 3717/2903/2556 3718/2935/2588 3577/2934/2587
f 3717/2903/2556 3858/2904/2557 3859/2936/2589 3718/2935/2588
f 3858/2904/2557 3999/2905/2558 4000/2937/2590 3859/2936/2589
f 3999/2905/2558 4140/2906/2559 4141/2938/2591 4000/2937/2590
f 4140/2906/2559 4274/2907/2560 4275/2939/2592 4141/2938/2591
f 4274/2907/2560 4414/2908/2561 4415/2940/2593 4275/2939/2592
f 4414/2908/2561 88/2878/2531 89/2910/2563 4415/2940/2593
f 89/2941/2563 231/2942/2562 232/2943/2594 90/2944/2595
f 231/2942/2562 372/2945/2564 373/2946/2596 232/2943/2594
f 372/2945/2564 512/2947/2565 513/2948/2597 373/2946/2596
f 512/2912/2565 646/2913/2566 647/2949/2598 513/2950/2597
f 646/2913/2566 787/2914/2567 788/2951/2599 647/2949/2598
f 787/2952/2567 928/2953/2568 929/2954/2600 788/2955/2599
f 928/2953/2568 1069/2956/2569 1070/2957/2601 929/2954/2600
f 1069/2956/2569 1210/2958/2570 1211/2959/2602 1070/2957/2601
f 1210/2958/2570 1344/2960/2571 1345/2961/2603 1211/2959/2602
f 1344/2960/2571 1485/2962/2572 1486/2963/2604 1345/2961/2603
f 1485/2962/2572 1626/2964/2573 1627/2965/2605 1486/2963/2604
f 1626/2920/2573 1767/2921/2574 1768/2966/2606 1627/2967/2605
f 1767/2921/2574 1908/2922/2575 1909/2968/2607 1768/2966/2606
f 1908/2969/2575 2042/2945/2576 2043/2946/2608 1909/2970/2607
f 2042/2945/2576 2182/2971/2577 2183/2972/2609 2043/2946/2608
f 2182/2971/2577 2323/2941/2578 2324/2944/2610 2183/2972/2609
f 2323/2941/2578 2464/2973/2579 2465/2974/2611 2324/2944/2610
f 2464/2973/2579 2605/2975/2580 2606/2976/2612 2465/2974/2611
f 2605/2975/2580 2745/2977/2581 2746/2978/2613 2606/2976/2612
f 2745/2928/2581 2879/2929/2582 2880/2979/2614 2746/2980/2613
f 2879/2929/2582 3020/2930/2583 3021/2981/2615 2880/2979/2614
f 3020/2982/2583 3161/2983/2584 3162/2984/2616 3021/2985/2615
f 3161/2983/2584 3302/2986/2585 3303/2987/2617 3162/2984/2616
f 3302/2986/2585 3443/2988/2586 3444/2989/2618 3303/2987/2617
f 3443/2988/2586 3577/2956/2587 3578/2957/2619 3444/2989/2618
f 3577/2956/2587 3718/2953/2588 3719/2954/2620 3578/2957/2619
f 3718/2953/2588 3859/2952/2589 3860/2955/2621 3719/2954/2620
f 3859/2936/2589 4000/2937/2590 4001/2990/2622 3860/2991/2621
f 4000/2937/2590 4141/2938/2591 4142/2992/2623 4001/2990/2622
f 4141/2977/2591 4275/2975/2592 4276/2976/2624 4142/2978/2623
f 4275/2975/2592 4415/2973/2593 4416/2974/2625 4276/2976/2624
f 4415/2973/2593 89/2941/2563 90/2944/2595 4416/2974/2625
f 90/2944/2595 232/2943/2594 233/2993/2626 91/2994/2627
f 232/2943/2594 373/2946/2596 374/2995/2628 233/2993/2626
f 373/2946/2596 513/2948/2597 514/2996/2629 374/2995/2628
f 513/2948/2597 647/2997/2598 648/2998/2630 514/2996/2629
f 647/2999/2598 788/2955/2599 789/3000/2631 648/3001/2630
f 788/2955/2599 929/2954/2600 930/3002/2632 789/3000/2631
f 929/2954/2600 1070/2957/2601 1071/3003/2633 930/3002/2632
f 1070/2957/2601 1211/2959/2602 1212/3004/2634 1071/3003/2633
f 1211/2959/2602 1345/2961/2603 1346/3005/2635 1212/3004/2634
f 1345/2961/2603 1486/2963/2604 1487/3006/2636 1346/3005/2635
f 1486/2963/2604 1627/2965/2605 1628/3007/2637 1487/3006/2636
f 1627/2965/2605 1768/3008/2606 1769/3009/2638 1628/3007/2637
f 1768/3010/2606 1909/2970/2607 1910/3011/2639 1769/3012/2638
f 1909/2970/2607 2043/2946/2608 2044/3013/2640 1910/3011/2639
f 2043/2946/2608 2183/2972/2609 2184/3014/2641 2044/3013/2640
f 2183/2972/2609 2324/2944/2610 2325/2994/2642 2184/3014/2641
f 2324/2944/2610 2465/2974/2611 2466/3015/2643 2325/2994/2642
f 2465/2974/2611 2606/2976/2612 2607/3016/2644 2466/3015/2643
f 2606/2976/2612 2746/2978/2613 2747/3017/2645 2607/3016/2644
f 2746/2978/2613 2880/3018/2614 2881/3019/2646 2747/3017/2645
f 2880/3008/2614 3021/2985/2615 3022/3020/2647 2881/3009/2646
f 3021/2985/2615 3162/2984/2616 3163/3021/2648 3022/3020/2647
f 3162/2984/2616 3303/2987/2617 3304/3022/2649 3163/3021/2648
f 3303/2987/2617 3444/2989/2618 3445/3023/2650 3304/3022/2649
f 3444/2989/2618 3578/2957/2619 3579/3003/2651 3445/3023/2650
f 3578/2957/2619 3719/2954/2620 3720/3002/2652 3579/3003/2651
f 3719/2954/2620 3860/2955/2621 3861/3000/2653 3720/3002/2652
f 3860/2955/2621 4001/2999/2622 4002/3001/2654 3861/3000/2653
f 4001/3024/2622 4142/2978/2623 4143/3017/2655 4002/3025/2654
f 4142/2978/2623 4276/2976/2624 4277/3016/2656 4143/3017/2655
f 4276/2976/2624 4416/2974/2625 4417/3015/2657 4277/3016/2656
f 4416/2974/2625 90/2944/2595 91/2994/2627 4417/3015/2657
f 91/2994/2627 233/2993/2626 234/3026/2658 92/3027/2659
f 233/2993/2626 374/2995/2628 375/3028/2660 234/3026/2658
f 374/2995/2628 514/2996/2629 515/3029/2661 375/3028/2660
f 514/2996/2629 648/2998/2630 649/3030/2662 515/3029/2661
f 648/3001/2630 789/3000/2631 790/3031/2663 649/3032/2662
f 789/3000/2631 930/3002/2632 931/3033/2664 790/3031/2663
f 930/3002/2632 1071/3003/2633 1072/3034/2665 931/3033/2664
f 1071/3003/2633 1212/3004/2634 1213/3035/2666 1072/3034/2665
f 1212/3004/2634 1346/3005/2635 1347/3036/2667 1213/3035/2666
f 1346/3005/2635 1487/3006/2636 1488/3037/2668 1347/3036/2667
f 1487/3006/2636 1628/3007/2637 1629/3038/2669 1488/3037/2668
f 1628/3007/2637 1769/3009/2638 1770/3039/2670 1629/3038/2669
f 1769/3012/2638 1910/3011/2639 1911/3029/2671 1770/3030/2670
f 1910/3011/2639 2044/3013/2640 2045/3028/2672 1911/3029/2671
f 2044/3013/2640 2184/3014/2641 2185/3040/2673 2045/3028/2672
f 2184/3014/2641 2325/2994/2642 2326/3027/2674 2185/3040/2673
f 2325/2994/2642 2466/3015/2643 2467/3041/2675 2326/3027/2674
f 2466/3015/2643 2607/3016/2644 2608/3042/2676 2467/3041/2675
f 2607/3016/2644 2747/3017/2645 2748/3043/2677 2608/3042/2676
f 2747/3017/2645 2881/3019/2646 2882/3044/2678 2748/3043/2677
f 2881/3009/2646 3022/3020/2647 3023/3045/2679 2882/3039/2678
f 3022/3020/2647 3163/3021/2648 3164/3046/2680 3023/3045/2679
f 3163/3021/2648 3304/3022/2649 3305/3047/2681 3164/3046/2680
f 3304/3022/2649 3445/3023/2650 3446/3048/2682 3305/3047/2681
f 3445/3023/2650 3579/3003/2651 3580/3034/2683 3446/3048/2682
f 3579/3003/2651 3720/3002/2652 3721/3033/2684 3580/3034/2683
f 3720/3002/2652 3861/3000/2653 3862/3031/2685 3721/3033/2684
f 3861/3000/2653 4002/3001/2654 4003/3032/2686 3862/3031/2685
f 4002/3025/2654 4143/3017/2655 4144/3049/2687 4003/3050/2686
f 4143/3017/2655 4277/3016/2656 4278/3042/2688 4144/3049/2687
f 4277/3016/2656 4417/3015/2657 4418/3051/2689 4278/3042/2688
f 4417/3015/2657 91/2994/2627 92/3027/2659 4418/3051/2689
f 92/3027/2659 234/3026/2658 235/3052/2690 93/3053/2691
f 234/3026/2658 375/3028/2660 376/3054/2692 235/3052/2690
f 375/3028/2660 515/3029/2661 516/3055/2693 376/3054/2692
f 515/3029/2661 649/3030/2662 650/3056/2694 516/3055/2693
f 649/3032/2662 790/3031/2663 791/3057/2695 650/3058/2694
f 790/3031/2663 931/3033/2664 932/3059/2696 791/3057/2695
f 931/3033/2664 1072/3034/2665 1073/3060/2697 932/3059/2696
f 1072/3034/2665 1213/3035/2666 1214/3061/2698 1073/3060/2697
f 1213/3035/2666 1347/3036/2667 1348/3062/2699 1214/3061/2698
f 1347/3036/2667 1488/3037/2668 1489/3063/2700 1348/3062/2699
f 1488/3037/2668 1629/3038/2669 1630/3064/2701 1489/3063/2700
f 1629/3038/2669 1770/3039/2670 1771/3065/2702 1630/3064/2701
f 1770/3030/2670 1911/3029/2671 1912/3055/2703 1771/3066/2702
f 1911/3029/2671 2045/3028/2672 2046/3054/2704 1912/3055/2703
f 2045/3028/2672 2185/3040/2673 2186/3067/2705 2046/3054/2704
f 2185/3040/2673 2326/3027/2674 2327/3053/2706 2186/3067/2705
f 2326/3027/2674 2467/3041/2675 2468/3068/2707 2327/3053/2706
f 2467/3041/2675 2608/3042/2676 2609/3069/2708 2468/3068/2707
f 2608/3042/2676 2748/3043/2677 2749/3070/2709 2609/3069/2708
f 2748/3043/2677 2882/3044/2678 2883/3071/2710 2749/3070/2709
f 2882/3039/2678 3023/3045/2679 3024/3072/2711 2883/3065/2710
f 3023/3045/2679 3164/3046/2680 3165/3073/2712 3024/3072/2711
f 3164/3046/2680 3305/3047/2681 3306/3074/2713 3165/3073/2712
f 3305/3047/2681 3446/3048/2682 3447/3075/2714 3306/3074/2713
f 3446/3048/2682 3580/3034/2683 3581/3060/2715 3447/3075/2714
f 3580/3034/2683 3721/3033/2684 3722/3059/2716 3581/3060/2715
f 3721/3033/2684 3862/3031/2685 3863/3076/2717 3722/3059/2716
f 3862/3031/2685 4003/3032/2686 4004/3058/2718 3863/3076/2717
f 4003/3050/2686 4144/3049/2687 4145/3077/2719 4004/3071/2718
f 4144/3049/2687 4278/3042/2688 4279/3069/2720 4145/3077/2719
f 4278/3042/2688 4418/3051/2689 4419/3068/2721 4279/3069/2720
f 4418/3051/2689 92/3027/2659 93/3053/2691 4419/3068/2721
f 93/3053/2691 235/3052/2690 236/3078/2722 94/3079/2723
f 235/3052/2690 376/3054/2692 377/3080/2724 236/3078/2722
f 376/3054/2692 516/3055/2693 517/3081/2725 377/3080/2724
f 516/3055/2693 650/3056/2694 651/3082/2726 517/3081/2725
f 650/3058/2694 791/3057/2695 792/3083/2727 651/3084/2726
f 791/3057/2695 932/3059/2696 933/3085/2728 792/3083/2727
f 932/3059/2696 1073/3060/2697 1074/3086/2729 933/3085/2728
f 1073/3060/2697 1214/3061/2698 1215/3087/2730 1074/3086/2729
f 1214/3061/2698 1348/3062/2699 1349/3088/2731 1215/3087/2730
f 1348/3062/2699 1489/3063/2700 1490/3089/2732 1349/3088/2731
f 1489/3063/2700 1630/3064/2701 1631/3090/2733 1490/3089/2732
f 1630/3064/2701 1771/3065/2702 1772/3091/2734 1631/3090/2733
f 1771/3066/2702 1912/3055/2703 1913/3092/2735 1772/3082/2734
f 1912/3055/2703 2046/3054/2704 2047/3080/2736 1913/3092/2735
f 2046/3054/2704 2186/3067/2705 2187/3093/2737 2047/3080/2736
f 2186/3067/2705 2327/3053/2706 2328/3079/2738 2187/3093/2737
f 2327/3053/2706 2468/3068/2707 2469/3094/2739 2328/3079/2738
f 2468/3068/2707 2609/3069/2708 2610/3095/2740 2469/3094/2739
f 2609/3069/2708 2749/3070/2709 2750/3096/2741 2610/3095/2740
f 2749/3070/2709 2883/3071/2710 2884/3097/2742 2750/3096/2741
f 2883/3065/2710 3024/3072/2711 3025/3098/2743 2884/3091/2742
f 3024/3072/2711 3165/3073/2712 3166/3099/2744 3025/3098/2743
f 3165/3073/2712 3306/3074/2713 3307/3100/2745 3166/3099/2744
f 3306/3074/2713 3447/3075/2714 3448/3101/2746 3307/3100/2745
f 3447/3075/2714 3581/3060/2715 3582/3102/2747 3448/3101/2746
f 3581/3060/2715 3722/3059/2716 3723/3085/2748 3582/3102/2747
f 3722/3059/2716 3863/3076/2717 3864/3083/2749 3723/3085/2748
f 3863/3076/2717 4004/3058/2718 4005/3084/2750 3864/3083/2749
f 4004/3071/2718 4145/3077/2719 4146/3103/2751 4005/3097/2750
f 4145/3077/2719 4279/3069/2720 4280/3104/2752 4146/3103/2751
f 4279/3069/2720 4419/3068/2721 4420/3094/2753 4280/3104/2752
f 4419/3068/2721 93/3053/2691 94/3079/2723 4420/3094/2753
f 94/3079/2723 236/3078/2722 237/3105/2754 95/3106/2755
f 236/3078/2722 377/3080/2724 378/3107/2756 237/3105/2754
f 377/3080/2724 517/3081/2725 518/3108/2757 378/3107/2756
f 517/3081/2725 651/3082/2726 652/3109/2758 518/3108/2757
f 651/3084/2726 792/3083/2727 793/3110/2759 652/3111/2758
f 792/3083/2727 933/3085/2728 934/3112/2760 793/3110/2759
f 933/3085/2728 1074/3086/2729 1075/3113/2761 934/3112/2760
f 1074/3086/2729 1215/3087/2730 1216/3114/2762 1075/3113/2761
f 1215/3087/2730 1349/3088/2731 1350/3115/2763 1216/3114/2762
f 1349/3088/2731 1490/3089/2732 1491/3116/2764 1350/3115/2763
f 1490/3089/2732 1631/3090/2733 1632/3117/2765 1491/3116/2764
f 1631/3090/2733 1772/3091/2734 1773/3118/2766 1632/3117/2765
f 1772/3082/2734 1913/3092/2735 1914/3108/2767 1773/3119/2766
f 1913/3092/2735 2047/3080/2736 2048/3107/2768 1914/3108/2767
f 2047/3080/2736 2187/3093/2737 2188/3120/2769 2048/3107/2768
f 2187/3093/2737 2328/3079/2738 2329/3106/2770 2188/3120/2769
f 2328/3079/2738 2469/3094/2739 2470/3121/2771 2329/3106/2770
f 2469/3094/2739 2610/3095/2740 2611/3122/2772 2470/3121/2771
f 2610/3095/2740 2750/3096/2741 2751/3123/2773 2611/3122/2772
f 2750/3096/2741 2884/3097/2742 2885/3124/2774 2751/3123/2773
f 2884/3091/2742 3025/3098/2743 3026/3125/2775 2885/3126/2774
f 3025/3098/2743 3166/3099/2744 3167/3127/2776 3026/3125/2775
f 3166/3099/2744 3307/3100/2745 3308/3128/2777 3167/3127/2776
f 3307/3100/2745 3448/3101/2746 3449/3129/2778 3308/3128/2777
f 3448/3101/2746 3582/3102/2747 3583/3113/2779 3449/3129/2778
f 3582/3102/2747 3723/3085/2748 3724/3112/2780 3583/3113/2779
f 3723/3085/2748 3864/3083/2749 3865/3110/2781 3724/3112/2780
f 3864/3083/2749 4005/3084/2750 4006/3130/2782 3865/3110/2781
f 4005/3097/2750 4146/3103/2751 4147/3131/2783 4006/3124/2782
f 4146/3103/2751 4280/3104/2752 4281/3132/2784 4147/3131/2783
f 4280/3104/2752 4420/3094/2753 4421/3121/2785 4281/3132/2784
f 4420/3094/2753 94/3079/2723 95/3106/2755 4421/3121/2785
f 95/3133/2755 237/3134/2754 238/3135/2786 96/3136/2787
f 237/3134/2754 378/3137/2756 379/3138/2788 238/3135/2786
f 378/3137/2756 518/3139/2757 519/3140/2789 379/3138/2788
f 518/3139/2757 652/3141/2758 653/3142/2790 519/3140/2789
f 652/3141/2758 793/3143/2759 794/3144/2791 653/3142/2790
f 793/3143/2759 934/3145/2760 935/3146/2792 794/3144/2791
f 934/3145/2760 1075/3147/2761 1076/3148/2793 935/3146/2792
f 1075/3147/2761 1216/3149/2762 1217/3150/2794 1076/3148/2793
f 1216/3149/2762 1350/3151/2763 1351/3152/2795 1217/3150/2794
f 1350/3151/2763 1491/3153/2764 1492/3154/2796 1351/3152/2795
f 1491/3153/2764 1632/3155/2765 1633/3156/2797 1492/3154/2796
f 1632/3155/2765 1773/3157/2766 1774/3158/2798 1633/3156/2797
f 1773/3157/2766 1914/3159/2767 1915/3160/2799 1774/3158/2798
f 1914/3159/2767 2048/3161/2768 2049/3162/2800 1915/3160/2799
f 2048/3161/2768 2188/3163/2769 2189/3164/2801 2049/3162/2800
f 2188/3163/2769 2329/3165/2770 2330/3166/2802 2189/3164/2801
f 2329/3165/2770 2470/3167/2771 2471/3168/2803 2330/3166/2802
f 2470/3167/2771 2611/3169/2772 2612/3170/2804 2471/3168/2803
f 2611/3169/2772 2751/3171/2773 2752/3172/2805 2612/3170/2804
f 2751/3171/2773 2885/3173/2774 2886/3174/2806 2752/3172/2805
f 2885/3173/2774 3026/3175/2775 3027/3176/2807 2886/3174/2806
f 3026/3175/2775 3167/3177/2776 3168/3178/2808 3027/3176/2807
f 3167/3177/2776 3308/3179/2777 3309/3180/2809 3168/3178/2808
f 3308/3179/2777 3449/3181/2778 3450/3182/2810 3309/3180/2809
f 3449/3181/2778 3583/3183/2779 3584/3184/2811 3450/3182/2810
f 3583/3183/2779 3724/3185/2780 3725/3186/2812 3584/3184/2811
f 3724/3185/2780 3865/3187/2781 3866/3188/2813 3725/3186/2812
f 3865/3187/2781 4006/3189/2782 4007/3190/2814 3866/3188/2813
f 4006/3189/2782 4147/3191/2783 4148/3192/2815 4007/3190/2814
f 4147/3191/2783 4281/3193/2784 4282/3194/2816 4148/3192/2815
f 4281/3193/2784 4421/3195/2785 4422/3196/2817 4282/3194/2816
f 4421/3195/2785 95/3133/2755 96/3136/2787 4422/3196/2817
f 96/3136/2787 238/3135/2786 239/3197/2818 97/3198/2819
f 238/3135/2786 379/3138/2788 380/3199/2820 239/3197/2818
f 379/3138/2788 519/3140/2789 520/3200/2821 380/3199/2820
f 519/3140/2789 653/3142/2790 654/3201/2822 520/3200/2821
f 653/3142/2790 794/3144/2791 795/3202/2823 654/3201/2822
f 794/3144/2791 935/3146/2792 936/3203/2824 795/3202/2823
f 935/3146/2792 1076/3148/2793 1077/3204/2825 936/3203/2824
f 1076/3148/2793 1217/3150/2794 1218/3205/2826 1077/3204/2825
f 1217/3150/2794 1351/3152/2795 1352/3206/2827 1218/3205/2826
f 1351/3152/2795 1492/3154/2796 1493/3207/2828 1352/3206/2827
f 1492/3154/2796 1633/3156/2797 1634/3208/2829 1493/3207/2828
f 1633/3156/2797 1774/3158/2798 1775/3209/2830 1634/3208/2829
f 1774/3158/2798 1915/3160/2799 1916/3210/2831 1775/3209/2830
f 1915/3160/2799 2049/3162/2800 2050/3211/2832 1916/3210/2831
f 2049/3162/2800 2189/3164/2801 2190/3212/2833 2050/3211/2832
f 2189/3164/2801 2330/3166/2802 2331/3213/2834 2190/3212/2833
f 2330/3166/2802 2471/3168/2803 2472/3214/2835 2331/3213/2834
f 2471/3168/2803 2612/3170/2804 2613/3215/2836 2472/3214/2835
f 2612/3170/2804 2752/3172/2805 2753/3216/2837 2613/3215/2836
f 2752/3172/2805 2886/3174/2806 2887/3217/2838 2753/3216/2837
f 2886/3174/2806 3027/3176/2807 3028/3218/2839 2887/3217/2838
f 3027/3176/2807 3168/3178/2808 3169/3219/2840 3028/3218/2839
f 3168/3178/2808 3309/3180/2809 3310/3220/2841 3169/3219/2840
f 3309/3180/2809 3450/3182/2810 3451/3221/2842 3310/3220/2841
f 3450/3182/2810 3584/3184/2811 3585/3222/2843 3451/3221/2842
f 3584/3184/2811 3725/3186/2812 3726/3223/2844 3585/3222/2843
f 3725/3186/2812 3866/3188/2813 3867/3224/2845 3726/3223/2844
f 3866/3188/2813 4007/3190/2814 4008/3225/2846 3867/3224/2845
f 4007/3190/2814 4148/3192/2815 4149/3226/2847 4008/3225/2846
f 4148/3192/2815 4282/3194/2816 4283/3227/2848 4149/3226/2847
f 4282/3194/2816 4422/3196/2817 4423/3228/2849 4283/3227/2848
f 4422/3196/2817 96/3136/2787 97/3198/2819 4423/3228/2849
f 97/3198/2819 239/3197/2818 240/2445/2850 98/2446/2851
f 239/3197/2818 380/3199/2820 381/2447/2852 240/2445/2850
f 380/3199/2820 520/3200/2821 521/2448/2853 381/2447/2852
f 520/3200/2821 654/3201/2822 655/2449/2854 521/2448/2853
f 654/3201/2822 795/3202/2823 796/2450/2855 655/2449/2854
f 795/3202/2823 936/3203/2824 937/2451/2856 796/2450/2855
f 936/3203/2824 1077/3204/2825 1078/2452/2857 937/2451/2856
f 1077/3204/2825 1218/3205/2826 1219/2453/2858 1078/2452/2857
f 1218/3205/2826 1352/3206/2827 1353/2454/2859 1219/2453/2858
f 1352/3206/2827 1493/3207/2828 1494/2455/2860 1353/2454/2859
f 1493/3207/2828 1634/3208/2829 1635/2456/2861 1494/2455/2860
f 1634/3208/2829 1775/3209/2830 1776/2457/2862 1635/2456/2861
f 1775/3209/2830 1916/3210/2831 1917/2458/2863 1776/2457/2862
f 1916/3210/2831 2050/3211/2832 2051/2459/2864 1917/2458/2863
f 2050/3211/2832 2190/3212/2833 2191/2460/2865 2051/2459/2864
f 2190/3212/2833 2331/3213/2834 2332/2461/2866 2191/2460/2865
f 2331/3213/2834 2472/3214/2835 2473/2462/2867 2332/2461/2866
f 2472/3214/2835 2613/3215/2836 2614/2463/2868 2473/2462/2867
f 2613/3215/2836 2753/3216/2837 2754/2464/2869 2614/2463/2868
f 2753/3216/2837 2887/3217/2838 2888/2465/2870 2754/2464/2869
f 2887/3217/2838 3028/3218/2839 3029/2466/2871 2888/2465/2870
f 3028/3218/2839 3169/3219/2840 3170/2467/2872 3029/2466/2871
f 3169/3219/2840 3310/3220/2841 3311/2468/2873 3170/2467/2872
f 3310/3220/2841 3451/3221/2842 3452/2469/2874 3311/2468/2873
f 3451/3221/2842 3585/3222/2843 3586/2470/2875 3452/2469/2874
f 3585/3222/2843 3726/3223/2844 3727/2471/2876 3586/2470/2875
f 3726/3223/2844 3867/3224/2845 3868/2472/2877 3727/2471/2876
f 3867/3224/2845 4008/3225/2846 4009/2473/2878 3868/2472/2877
f 4008/3225/2846 4149/3226/2847 4150/2474/2879 4009/2473/2878
f 4149/3226/2847 4283/3227/2848 4284/2475/2880 4150/2474/2879
f 4283/3227/2848 4423/3228/2849 4424/2476/2881 4284/2475/2880
f 4423/3228/2849 97/3198/2819 98/2446/2851 4424/2476/2881
f 98/3229/2882 240/3230/2883 241/3231/2884 99/3232/2885
f 240/3230/2883 381/3233/2886 382/3234/2887 241/3231/2884
f 381/3233/2886 521/3235/2888 522/3236/2889 382/3234/2887
f 521/3235/2888 655/3237/2890 656/3238/2891 522/3236/2889
f 655/3239/2890 796/3240/2892 797/3241/2893 656/3242/2891
f 796/3240/2892 937/3243/2894 938/3244/2895 797/3241/2893
f 937/3243/2894 1078/3245/2896 1079/3246/2897 938/3244/2895
f 1078/3245/2896 1219/3247/2898 1220/3248/2899 1079/3246/2897
f 1219/3247/2898 1353/3249/2900 1354/3250/2901 1220/3248/2899
f 1353/3249/2900 1494/3251/2902 1495/3252/2903 1354/3250/2901
f 1494/3251/2902 1635/3253/2904 1636/3254/2905 1495/3252/2903
f 1635/3253/2904 1776/3255/2906 1777/3256/2907 1636/3254/2905
f 1776/3257/2906 1917/3258/2908 1918/3236/2909 1777/3259/2907
f 1917/3258/2908 2051/3233/2910 2052/3234/2911 1918/3236/2909
f 2051/3233/2910 2191/3260/2912 2192/3261/2913 2052/3234/2911
f 2191/3260/2912 2332/3229/2914 2333/3232/2915 2192/3261/2913
f 2332/3229/2914 2473/3262/2916 2474/3263/2917 2333/3232/2915
f 2473/3262/2916 2614/3264/2918 2615/3265/2919 2474/3263/2917
f 2614/3264/2918 2754/3266/2920 2755/3267/2921 2615/3265/2919
f 2754/3266/2920 2888/3268/2922 2889/3269/2923 2755/3267/2921
f 2888/3270/2922 3029/3271/2924 3030/3272/2925 2889/3256/2923
f 3029/3271/2924 3170/3273/2926 3171/3274/2927 3030/3272/2925
f 3170/3273/2926 3311/3275/2928 3312/3276/2929 3171/3274/2927
f 3311/3275/2928 3452/3277/2930 3453/3278/2931 3312/3276/2929
f 3452/3277/2930 3586/3245/2932 3587/3246/2933 3453/3278/2931
f 3586/3245/2932 3727/3243/2934 3728/3244/2935 3587/3246/2933
f 3727/3243/2934 3868/3240/2936 3869/3241/2937 3728/3244/2935
f 3868/3240/2936 4009/3279/2938 4010/3242/2939 3869/3241/2937
f 4009/3268/2938 4150/3280/2940 4151/3281/2941 4010/3282/2939
f 4150/3280/2940 4284/3283/2942 4285/3265/2943 4151/3281/2941
f 4284/3283/2942 4424/3262/2944 4425/3263/2945 4285/3265/2943
f 4424/3262/2944 98/3229/2882 99/3232/2885 4425/3263/2945
f 99/3232/2885 241/3231/2884 242/3284/2946 100/3285/2947
f 241/3231/2884 382/3234/2887 383/3286/2948 242/3284/2946
f 382/3234/2887 522/3236/2889 523/3287/2949 383/3286/2948
f 522/3236/2889 656/3238/2891 657/3288/2950 523/3287/2949
f 656/3242/2891 797/3241/2893 798/3289/2951 657/3290/2950
f 797/3241/2893 938/3244/2895 939/3291/2952 798/3289/2951
f 938/3244/2895 1079/3246/2897 1080/3292/2953 939/3291/2952
f 1079/3246/2897 1220/3248/2899 1221/3293/2954 1080/3292/2953
f 1220/3248/2899 1354/3250/2901 1355/3294/2955 1221/3293/2954
f 1354/3250/2901 1495/3252/2903 1496/3295/2956 1355/3294/2955
f 1495/3252/2903 1636/3254/2905 1637/3296/2957 1496/3295/2956
f 1636/3254/2905 1777/3256/2907 1778/3297/2958 1637/3296/2957
f 1777/3259/2907 1918/3236/2909 1919/3298/2959 1778/3299/2958
f 1918/3236/2909 2052/3234/2911 2053/3286/2960 1919/3298/2959
f 2052/3234/2911 2192/3261/2913 2193/3300/2961 2053/3286/2960
f 2192/3261/2913 2333/3232/2915 2334/3285/2962 2193/3300/2961
f 2333/3232/2915 2474/3263/2917 2475/3301/2963 2334/3285/2962
f 2474/3263/2917 2615/3265/2919 2616/3302/2964 2475/3301/2963
f 2615/3265/2919 2755/3267/2921 2756/3303/2965 2616/3302/2964
f 2755/3267/2921 2889/3269/2923 2890/3304/2966 2756/3303/2965
f 2889/3256/2923 3030/3272/2925 3031/3305/2967 2890/3306/2966
f 3030/3272/2925 3171/3274/2927 3172/3307/2968 3031/3305/2967
f 3171/3274/2927 3312/3276/2929 3313/3308/2969 3172/3307/2968
f 3312/3276/2929 3453/3278/2931 3454/3309/2970 3313/3308/2969
f 3453/3278/2931 3587/3246/2933 3588/3292/2971 3454/3309/2970
f 3587/3246/2933 3728/3244/2935 3729/3310/2972 3588/3292/2971
f 3728/3244/2935 3869/3241/2937 3870/3289/2973 3729/3310/2972
f 3869/3241/2937 4010/3242/2939 4011/3290/2974 3870/3289/2973
f 4010/3282/2939 4151/3281/2941 4152/3303/2975 4011/3311/2974
f 4151/3281/2941 4285/3265/2943 4286/3312/2976 4152/3303/2975
f 4285/3265/2943 4425/3263/2945 4426/3313/2977 4286/3312/2976
f 4425/3263/2945 99/3232/2885 100/3285/2947 4426/3313/2977
f 100/3285/2947 242/3284/2946 243/3314/2978 101/3315/2979
f 242/3284/2946 383/3286/2948 384/3316/2980 243/3314/2978
f 383/3286/2948 523/3287/2949 524/3317/2981 384/3316/2980
f 523/3287/2949 657/3288/2950 658/3318/2982 524/3317/2981
f 657/3290/2950 798/3289/2951 799/3319/2983 658/3320/2982
f 798/3289/2951 939/3291/2952 940/3321/2984 799/3319/2983
f 939/3291/2952 1080/3292/2953 1081/3322/2985 940/3321/2984
f 1080/3292/2953 1221/3293/2954 1222/3323/2986 1081/3322/2985
f 1221/3293/2954 1355/3294/2955 1356/3324/2987 1222/3323/2986
f 1355/3294/2955 1496/3295/2956 1497/3325/2988 1356/3324/2987
f 1496/3295/2956 1637/3296/2957 1638/3326/2989 1497/3325/2988
f 1637/3296/2957 1778/3297/2958 1779/3327/2990 1638/3326/2989
f 1778/3299/2958 1919/3298/2959 1920/3328/2991 1779/3329/2990
f 1919/3298/2959 2053/3286/2960 2054/3316/2992 1920/3328/2991
f 2053/3286/2960 2193/3300/2961 2194/3330/2993 2054/3316/2992
f 2193/3300/2961 2334/3285/2962 2335/3315/2994 2194/3330/2993
f 2334/3285/2962 2475/3301/2963 2476/3331/2995 2335/3315/2994
f 2475/3301/2963 2616/3302/2964 2617/3332/2996 2476/3331/2995
f 2616/3302/2964 2756/3303/2965 2757/3333/2997 2617/3332/2996
f 2756/3303/2965 2890/3304/2966 2891/3334/2998 2757/3333/2997
f 2890/3306/2966 3031/3305/2967 3032/3335/2999 2891/3327/2998
f 3031/3305/2967 3172/3307/2968 3173/3336/3000 3032/3335/2999
f 3172/3307/2968 3313/3308/2969 3314/3337/3001 3173/3336/3000
f 3313/3308/2969 3454/3309/2970 3455/3338/3002 3314/3337/3001
f 3454/3309/2970 3588/3292/2971 3589/3339/3003 3455/3338/3002
f 3588/3292/2971 3729/3310/2972 3730/3340/3004 3589/3339/3003
f 3729/3310/2972 3870/3289/2973 3871/3319/3005 3730/3340/3004
f 3870/3289/2973 4011/3290/2974 4012/3320/3006 3871/3319/3005
f 4011/3311/2974 4152/3303/2975 4153/3341/3007 4012/3334/3006
f 4152/3303/2975 4286/3312/2976 4287/3342/3008 4153/3341/3007
f 4286/3312/2976 4426/3313/2977 4427/3331/3009 4287/3342/3008
f 4426/3313/2977 100/3285/2947 101/3315/2979 4427/3331/3009
f 101/3315/2979 243/3314/2978 244/3343/3010 102/3344/3011
f 243/3314/2978 384/3316/2980 385/3345/3012 244/3343/3010
f 384/3316/2980 524/3317/2981 525/3346/3013 385/3345/3012
f 524/3317/2981 658/3318/2982 659/3347/3014 525/3346/3013
f 658/3320/2982 799/3319/2983 800/3348/3015 659/3349/3014
f 799/3319/2983 940/3321/2984 941/3350/3016 800/3348/3015
f 940/3321/2984 1081/3322/2985 1082/3351/3017 941/3350/3016
f 1081/3322/2985 1222/3323/2986 1223/3352/3018 1082/3351/3017
f 1222/3323/2986 1356/3324/2987 1357/3353/3019 1223/3352/3018
f 1356/3324/2987 1497/3325/2988 1498/3354/3020 1357/3353/3019
f 1497/3325/2988 1638/3326/2989 1639/3355/3021 1498/3354/3020
f 1638/3326/2989 1779/3327/2990 1780/3356/3022 1639/3355/3021
f 1779/3329/2990 1920/3328/2991 1921/3357/3023 1780/3358/3022
f 1920/3328/2991 2054/3316/2992 2055/3359/3024 1921/3357/3023
f 2054/3316/2992 2194/3330/2993 2195/3360/3025 2055/3359/3024
f 2194/3330/2993 2335/3315/2994 2336/3361/3026 2195/3360/3025
f 2335/3315/2994 2476/3331/2995 2477/3362/3027 2336/3361/3026
f 2476/3331/2995 2617/3332/2996 2618/3363/3028 2477/3362/3027
f 2617/3332/2996 2757/3333/2997 2758/3364/3029 2618/3363/3028
f 2757/3333/2997 2891/3334/2998 2892/3365/3030 2758/3364/3029
f 2891/3327/2998 3032/3335/2999 3033/3355/3031 2892/3366/3030
f 3032/3335/2999 3173/3336/3000 3174/3367/3032 3033/3355/3031
f 3173/3336/3000 3314/3337/3001 3315/3368/3033 3174/3367/3032
f 3314/3337/3001 3455/3338/3002 3456/3369/3034 3315/3368/3033
f 3455/3338/3002 3589/3339/3003 3590/3351/3035 3456/3369/3034
f 3589/3339/3003 3730/3340/3004 3731/3370/3036 3590/3351/3035
f 3730/3340/3004 3871/3319/3005 3872/3348/3037 3731/3370/3036
f 3871/3319/3005 4012/3320/3006 4013/3349/3038 3872/3348/3037
f 4012/3334/3006 4153/3341/3007 4154/3364/3039 4013/3371/3038
f 4153/3341/3007 4287/3342/3008 4288/3372/3040 4154/3364/3039
f 4287/3342/3008 4427/3331/3009 4428/3362/3041 4288/3372/3040
f 4427/3331/3009 101/3315/2979 102/3344/3011 4428/3362/3041
f 102/3344/3011 244/3343/3010 245/3373/3042 103/3374/3043
f 244/3343/3010 385/3345/3012 386/3375/3044 245/3373/3042
f 385/3345/3012 525/3346/3013 526/3376/3045 386/3375/3044
f 525/3346/3013 659/3347/3014 660/3377/3046 526/3376/3045
f 659/3349/3014 800/3348/3015 801/3378/3047 660/3379/3046
f 800/3348/3015 941/3350/3016 942/3380/3048 801/3378/3047
f 941/3350/3016 1082/3351/3017 1083/3381/3049 942/3380/3048
f 1082/3351/3017 1223/3352/3018 1224/3382/3050 1083/3381/3049
f 1223/3352/3018 1357/3353/3019 1358/3383/3051 1224/3382/3050
f 1357/3353/3019 1498/3354/3020 1499/3384/3052 1358/3383/3051
f 1498/3354/3020 1639/3355/3021 1640/3385/3053 1499/3384/3052
f 1639/3355/3021 1780/3356/3022 1781/3386/3054 1640/3385/3053
f 1780/3358/3022 1921/3357/3023 1922/3387/3055 1781/3388/3054
f 1921/3357/3023 2055/3359/3024 2056/3389/3056 1922/3387/3055
f 2055/3359/3024 2195/3360/3025 2196/3390/3057 2056/3389/3056
f 2195/3360/3025 2336/3361/3026 2337/3391/3058 2196/3390/3057
f 2336/3361/3026 2477/3362/3027 2478/3392/3059 2337/3391/3058
f 2477/3362/3027 2618/3363/3028 2619/3393/3060 2478/3392/3059
f 2618/3363/3028 2758/3364/3029 2759/3394/3061 2619/3393/3060
f 2758/3364/3029 2892/3365/3030 2893/3395/3062 2759/3394/3061
f 2892/3366/3030 3033/3355/3031 3034/3385/3063 2893/3396/3062
f 3033/3355/3031 3174/3367/3032 3175/3384/3064 3034/3385/3063
f 3174/3367/3032 3315/3368/3033 3316/3397/3065 3175/3384/3064
f 3315/3368/3033 3456/3369/3034 3457/3398/3066 3316/3397/3065
f 3456/3369/3034 3590/3351/3035 3591/3381/3067 3457/3398/3066
f 3590/3351/3035 3731/3370/3036 3732/3399/3068 3591/3381/3067
f 3731/3370/3036 3872/3348/3037 3873/3378/3069 3732/3399/3068
f 3872/3348/3037 4013/3349/3038 4014/3400/3070 3873/3378/3069
f 4013/3371/3038 4154/3364/3039 4155/3394/3071 4014/3395/3070
f 4154/3364/3039 4288/3372/3040 4289/3401/3072 4155/3394/3071
f 4288/3372/3040 4428/3362/3041 4429/3392/3073 4289/3401/3072
f 4428/3362/3041 102/3344/3011 103/3374/3043 4429/3392/3073
f 103/3374/3043 245/3373/3042 246/3402/3074 104/3403/3075
f 245/3373/3042 386/3375/3044 387/3404/3076 246/3402/3074
f 386/3375/3044 526/3376/3045 527/3405/3077 387/3404/3076
f 526/3376/3045 660/3377/3046 661/3406/3078 527/3405/3077
f 660/3379/3046 801/3378/3047 802/3407/3079 661/3408/3078
f 801/3378/3047 942/3380/3048 943/3409/3080 802/3407/3079
f 942/3380/3048 1083/3381/3049 1084/3410/3081 943/3409/3080
f 1083/3381/3049 1224/3382/3050 1225/3411/3082 1084/3410/3081
f 1224/3382/3050 1358/3383/3051 1359/3412/3083 1225/3411/3082
f 1358/3383/3051 1499/3384/3052 1500/3413/3084 1359/3412/3083
f 1499/3384/3052 1640/3385/3053 1641/3414/3085 1500/3413/3084
f 1640/3385/3053 1781/3386/3054 1782/3415/3086 1641/3414/3085
f 1781/3388/3054 1922/3387/3055 1923/3416/3087 1782/3417/3086
f 1922/3387/3055 2056/3389/3056 2057/3418/3088 1923/3416/3087
f 2056/3389/3056 2196/3390/3057 2197/3419/3089 2057/3418/3088
f 2196/3390/3057 2337/3391/3058 2338/3420/3090 2197/3419/3089
f 2337/3391/3058 2478/3392/3059 2479/3421/3091 2338/3420/3090
f 2478/3392/3059 2619/3393/3060 2620/3422/3092 2479/3421/3091
f 2619/3393/3060 2759/3394/3061 2760/3423/3093 2620/3422/3092
f 2759/3394/3061 2893/3395/3062 2894/3424/3094 2760/3423/3093
f 2893/3396/3062 3034/3385/3063 3035/3414/3095 2894/3425/3094
f 3034/3385/3063 3175/3384/3064 3176/3413/3096 3035/3414/3095
f 3175/3384/3064 3316/3397/3065 3317/3426/3097 3176/3413/3096
f 3316/3397/3065 3457/3398/3066 3458/3427/3098 3317/3426/3097
f 3457/3398/3066 3591/3381/3067 3592/3428/3099 3458/3427/3098
f 3591/3381/3067 3732/3399/3068 3733/3409/3100 3592/3428/3099
f 3732/3399/3068 3873/3378/3069 3874/3407/3101 3733/3409/3100
f 3873/3378/3069 4014/3400/3070 4015/3429/3102 3874/3407/3101
f 4014/3395/3070 4155/3394/3071 4156/3430/3103 4015/3424/3102
f 4155/3394/3071 4289/3401/3072 4290/3431/3104 4156/3430/3103
f 4289/3401/3072 4429/3392/3073 4430/3432/3105 4290/3431/3104
f 4429/3392/3073 103/3374/3043 104/3403/3075 4430/3432/3105
f 104/3403/3075 246/3402/3074 247/3433/3106 105/3434/3107
f 246/3402/3074 387/3404/3076 388/3435/3108 247/3433/3106
f 387/3404/3076 527/3405/3077 528/3436/3109 388/3435/3108
f 527/3405/3077 661/3406/3078 662/3437/3110 528/3436/3109
f 661/3408/3078 802/3407/3079 803/3438/3111 662/3439/3110
f 802/3407/3079 943/3409/3080 944/3440/3112 803/3438/3111
f 943/3409/3080 1084/3410/3081 1085/3441/3113 944/3440/3112
f 1084/3410/3081 1225/3411/3082 1226/3442/3114 1085/3441/3113
f 1225/3411/3082 1359/3412/3083 1360/3443/3115 1226/3442/3114
f 1359/3412/3083 1500/3413/3084 1501/3444/3116 1360/3443/3115
f 1500/3413/3084 1641/3414/3085 1642/3445/3117 1501/3444/3116
f 1641/3414/3085 1782/3415/3086 1783/3446/3118 1642/3445/3117
f 1782/3417/3086 1923/3416/3087 1924/3447/3119 1783/3448/3118
f 1923/3416/3087 2057/3418/3088 2058/3449/3120 1924/3447/3119
f 2057/3418/3088 2197/3419/3089 2198/3450/3121 2058/3449/3120
f 2197/3419/3089 2338/3420/3090 2339/3451/3122 2198/3450/3121
f 2338/3420/3090 2479/3421/3091 2480/3452/3123 2339/3451/3122
f 2479/3421/3091 2620/3422/3092 2621/3453/3124 2480/3452/3123
f 2620/3422/3092 2760/3423/3093 2761/3454/3125 2621/3453/3124
f 2760/3423/3093 2894/3424/3094 2895/3455/3126 2761/3454/3125
f 2894/3425/3094 3035/3414/3095 3036/3456/3127 2895/3457/3126
f 3035/3414/3095 3176/3413/3096 3177/3444/3128 3036/3456/3127
f 3176/3413/3096 3317/3426/3097 3318/3458/3129 3177/3444/3128
f 3317/3426/3097 3458/3427/3098 3459/3459/3130 3318/3458/3129
f 3458/3427/3098 3592/3428/3099 3593/3460/3131 3459/3459/3130
f 3592/3428/3099 3733/3409/3100 3734/3440/3132 3593/3460/3131
f 3733/3409/3100 3874/3407/3101 3875/3438/3133 3734/3440/3132
f 3874/3407/3101 4015/3429/3102 4016/3461/3134 3875/3438/3133
f 4015/3424/3102 4156/3430/3103 4157/3462/3135 4016/3463/3134
f 4156/3430/3103 4290/3431/3104 4291/3464/3136 4157/3462/3135
f 4290/3431/3104 4430/3432/3105 4431/3452/3137 4291/3464/3136
f 4430/3432/3105 104/3403/3075 105/3434/3107 4431/3452/3137
f 105/3434/3107 247/3433/3106 248/3465/3138 106/3466/3139
f 247/3433/3106 388/3435/3108 389/3467/3140 248/3465/3138
f 388/3435/3108 528/3436/3109 529/3468/3141 389/3467/3140
f 528/3436/3109 662/3437/3110 663/3469/3142 529/3468/3141
f 662/3439/3110 803/3438/3111 804/3470/3143 663/3471/3142
f 803/3438/3111 944/3440/3112 945/3472/3144 804/3470/3143
f 944/3440/3112 1085/3441/3113 1086/3473/3145 945/3472/3144
f 1085/3441/3113 1226/3442/3114 1227/3474/3146 1086/3473/3145
f 1226/3442/3114 1360/3443/3115 1361/3475/3147 1227/3474/3146
f 1360/3443/3115 1501/3444/3116 1502/3476/3148 1361/3475/3147
f 1501/3444/3116 1642/3445/3117 1643/3477/3149 1502/3476/3148
f 1642/3445/3117 1783/3446/3118 1784/3478/3150 1643/3477/3149
f 1783/3448/3118 1924/3447/3119 1925/3479/3151 1784/3480/3150
f 1924/3447/3119 2058/3449/3120 2059/3481/3152 1925/3479/3151
f 2058/3449/3120 2198/3450/3121 2199/3482/3153 2059/3481/3152
f 2198/3450/3121 2339/3451/3122 2340/3483/3154 2199/3482/3153
f 2339/3451/3122 2480/3452/3123 2481/3484/3155 2340/3483/3154
f 2480/3452/3123 2621/3453/3124 2622/3485/3156 2481/3484/3155
f 2621/3453/3124 2761/3454/3125 2762/3486/3157 2622/3485/3156
f 2761/3454/3125 2895/3455/3126 2896/3487/3158 2762/3486/3157
f 2895/3457/3126 3036/3456/3127 3037/3477/3159 2896/3488/3158
f 3036/3456/3127 3177/3444/3128 3178/3489/3160 3037/3477/3159
f 3177/3444/3128 3318/3458/3129 3319/3490/3161 3178/3489/3160
f 3318/3458/3129 3459/3459/3130 3460/3491/3162 3319/3490/3161
f 3459/3459/3130 3593/3460/3131 3594/3492/3163 3460/3491/3162
f 3593/3460/3131 3734/3440/3132 3735/3493/3164 3594/3492/3163
f 3734/3440/3132 3875/3438/3133 3876/3470/3165 3735/3493/3164
f 3875/3438/3133 4016/3461/3134 4017/3471/3166 3876/3470/3165
f 4016/3463/3134 4157/3462/3135 4158/3494/3167 4017/3487/3166
f 4157/3462/3135 4291/3464/3136 4292/3495/3168 4158/3494/3167
f 4291/3464/3136 4431/3452/3137 4432/3484/3169 4292/3495/3168
f 4431/3452/3137 105/3434/3107 106/3466/3139 4432/3484/3169
f 106/3466/3139 248/3465/3138 249/3496/3170 107/3497/3171
f 248/3465/3138 389/3467/3140 390/3498/3172 249/3496/3170
f 389/3467/3140 529/3468/3141 530/3499/3173 390/3498/3172
f 529/3468/3141 663/3469/3142 664/3500/3174 530/3499/3173
f 663/3471/3142 804/3470/3143 805/3501/3175 664/3502/3174
f 804/3470/3143 945/3472/3144 946/3503/3176 805/3501/3175
f 945/3472/3144 1086/3473/3145 1087/3504/3177 946/3503/3176
f 1086/3473/3145 1227/3474/3146 1228/3505/3178 1087/3504/3177
f 1227/3474/3146 1361/3475/3147 1362/3506/3179 1228/3505/3178
f 1361/3475/3147 1502/3476/3148 1503/3507/3180 1362/3506/3179
f 1502/3476/3148 1643/3477/3149 1644/3508/3181 1503/3507/3180
f 1643/3477/3149 1784/3478/3150 1785/3509/3182 1644/3508/3181
f 1784/3480/3150 1925/3479/3151 1926/3510/3183 1785/3511/3182
f 1925/3479/3151 2059/3481/3152 2060/3512/3184 1926/3510/3183
f 2059/3481/3152 2199/3482/3153 2200/3513/3185 2060/3512/3184
f 2199/3482/3153 2340/3483/3154 2341/3514/3186 2200/3513/3185
f 2340/3483/3154 2481/3484/3155 2482/3515/3187 2341/3514/3186
f 2481/3484/3155 2622/3485/3156 2623/3516/3188 2482/3515/3187
f 2622/3485/3156 2762/3486/3157 2763/3517/3189 2623/3516/3188
f 2762/3486/3157 2896/3487/3158 2897/3518/3190 2763/3517/3189
f 2896/3488/3158 3037/3477/3159 3038/3519/3191 2897/3520/3190
f 3037/3477/3159 3178/3489/3160 3179/3521/3192 3038/3519/3191
f 3178/3489/3160 3319/3490/3161 3320/3522/3193 3179/3521/3192
f 3319/3490/3161 3460/3491/3162 3461/3523/3194 3320/3522/3193
f 3460/3491/3162 3594/3492/3163 3595/3524/3195 3461/3523/3194
f 3594/3492/3163 3735/3493/3164 3736/3525/3196 3595/3524/3195
f 3735/3493/3164 3876/3470/3165 3877/3526/3197 3736/3525/3196
f 3876/3470/3165 4017/3471/3166 4018/3527/3198 3877/3526/3197
f 4017/3487/3166 4158/3494/3167 4159/3528/3199 4018/3529/3198
f 4158/3494/3167 4292/3495/3168 4293/3530/3200 4159/3528/3199
f 4292/3495/3168 4432/3484/3169 4433/3531/3201 4293/3530/3200
f 4432/3484/3169 106/3466/3139 107/3497/3171 4433/3531/3201
f 107/3497/3171 249/3496/3170 250/3532/3202 108/3533/3203
f 249/3496/3170 390/3498/3172 391/3534/3204 250/3532/3202
f 390/3498/3172 530/3499/3173 531/3535/3205 391/3534/3204
f 530/3499/3173 664/3500/3174 665/3536/3206 531/3535/3205
f 664/3502/3174 805/3501/3175 806/3537/3207 665/3538/3206
f 805/3501/3175 946/3503/3176 947/3539/3208 806/3537/3207
f 946/3503/3176 1087/3504/3177 1088/3540/3209 947/3539/3208
f 1087/3504/3177 1228/3505/3178 1229/3541/3210 1088/3540/3209
f 1228/3505/3178 1362/3506/3179 1363/3542/3211 1229/3541/3210
f 1362/3506/3179 1503/3507/3180 1504/3543/3212 1363/3542/3211
f 1503/3507/3180 1644/3508/3181 1645/3544/3213 1504/3543/3212
f 1644/3508/3181 1785/3509/3182 1786/3545/3214 1645/3544/3213
f 1785/3511/3182 1926/3510/3183 1927/3546/3215 1786/3547/3214
f 1926/3510/3183 2060/3512/3184 2061/3548/3216 1927/3546/3215
f 2060/3512/3184 2200/3513/3185 2201/3549/3217 2061/3548/3216
f 2200/3513/3185 2341/3514/3186 2342/3550/3218 2201/3549/3217
f 2341/3514/3186 2482/3515/3187 2483/3551/3219 2342/3550/3218
f 2482/3515/3187 2623/3516/3188 2624/3552/3220 2483/3551/3219
f 2623/3516/3188 2763/3517/3189 2764/3553/3221 2624/3552/3220
f 2763/3517/3189 2897/3518/3190 2898/3554/3222 2764/3553/3221
f 2897/3520/3190 3038/3519/3191 3039/3555/3223 2898/3556/3222
f 3038/3519/3191 3179/3521/3192 3180/3557/3224 3039/3555/3223
f 3179/3521/3192 3320/3522/3193 3321/3558/3225 3180/3557/3224
f 3320/3522/3193 3461/3523/3194 3462/3559/3226 3321/3558/3225
f 3461/3523/3194 3595/3524/3195 3596/3560/3227 3462/3559/3226
f 3595/3524/3195 3736/3525/3196 3737/3561/3228 3596/3560/3227
f 3736/3525/3196 3877/3526/3197 3878/3562/3229 3737/3561/3228
f 3877/3526/3197 4018/3527/3198 4019/3538/3230 3878/3562/3229
f 4018/3529/3198 4159/3528/3199 4160/3563/3231 4019/3554/3230
f 4159/3528/3199 4293/3530/3200 4294/3564/3232 4160/3563/3231
f 4293/3530/3200 4433/3531/3201 4434/3565/3233 4294/3564/3232
f 4433/3531/3201 107/3497/3171 108/3533/3203 4434/3565/3233
f 108/3533/3203 250/3532/3202 251/3566/3234 109/3567/3235
f 250/3532/3202 391/3534/3204 392/3568/3236 251/3566/3234
f 391/3534/3204 531/3535/3205 532/3569/3237 392/3568/3236
f 531/3535/3205 665/3536/3206 666/3570/3238 532/3569/3237
f 665/3538/3206 806/3537/3207 807/3571/3239 666/3572/3238
f 806/3537/3207 947/3539/3208 948/3573/3240 807/3571/3239
f 947/3539/3208 1088/3540/3209 1089/3574/3241 948/3573/3240
f 1088/3540/3209 1229/3541/3210 1230/3575/3242 1089/3574/3241
f 1229/3541/3210 1363/3542/3211 1364/3576/3243 1230/3575/3242
f 1363/3542/3211 1504/3543/3212 1505/3577/3244 1364/3576/3243
f 1504/3543/3212 1645/3544/3213 1646/3578/3245 1505/3577/3244
f 1645/3544/3213 1786/3545/3214 1787/3579/3246 1646/3578/3245
f 1786/3547/3214 1927/3546/3215 1928/3580/3247 1787/3581/3246
f 1927/3546/3215 2061/3548/3216 2062/3582/3248 1928/3580/3247
f 2061/3548/3216 2201/3549/3217 2202/3583/3249 2062/3582/3248
f 2201/3549/3217 2342/3550/3218 2343/3584/3250 2202/3583/3249
f 2342/3550/3218 2483/3551/3219 2484/3585/3251 2343/3584/3250
f 2483/3551/3219 2624/3552/3220 2625/3586/3252 2484/3585/3251
f 2624/3552/3220 2764/3553/3221 2765/3587/3253 2625/3586/3252
f 2764/3553/3221 2898/3554/3222 2899/3588/3254 2765/3587/3253
f 2898/3556/3222 3039/3555/3223 3040/3589/3255 2899/3590/3254
f 3039/3555/3223 3180/3557/3224 3181/3591/3256 3040/3589/3255
f 3180/3557/3224 3321/3558/3225 3322/3592/3257 3181/3591/3256
f 3321/3558/3225 3462/3559/3226 3463/3593/3258 3322/3592/3257
f 3462/3559/3226 3596/3560/3227 3597/3594/3259 3463/3593/3258
f 3596/3560/3227 3737/3561/3228 3738/3595/3260 3597/3594/3259
f 3737/3561/3228 3878/3562/3229 3879/3596/3261 3738/3595/3260
f 3878/3562/3229 4019/3538/3230 4020/3597/3262 3879/3596/3261
f 4019/3554/3230 4160/3563/3231 4161/3598/3263 4020/3599/3262
f 4160/3563/3231 4294/3564/3232 4295/3600/3264 4161/3598/3263
f 4294/3564/3232 4434/3565/3233 4435/3601/3265 4295/3600/3264
f 4434/3565/3233 108/3533/3203 109/3567/3235 4435/3601/3265
f 109/3567/3235 251/3566/3234 252/3602/3266 110/3603/3267
f 251/3566/3234 392/3568/3236 393/3604/3268 252/3602/3266
f 392/3568/3236 532/3569/3237 533/3605/3269 393/3604/3268
f 532/3569/3237 666/3570/3238 667/3606/3270 533/3605/3269
f 666/3572/3238 807/3571/3239 808/3607/3271 667/3608/3270
f 807/3571/3239 948/3573/3240 949/3609/3272 808/3607/3271
f 948/3573/3240 1089/3574/3241 1090/3610/3273 949/3609/3272
f 1089/3574/3241 1230/3575/3242 1231/3611/3274 1090/3610/3273
f 1230/3575/3242 1364/3576/3243 1365/3612/3275 1231/3611/3274
f 1364/3576/3243 1505/3577/3244 1506/3613/3276 1365/3612/3275
f 1505/3577/3244 1646/3578/3245 1647/3614/3277 1506/3613/3276
f 1646/3578/3245 1787/3579/3246 1788/3615/3278 1647/3614/3277
f 1787/3581/3246 1928/3580/3247 1929/3616/3279 1788/3617/3278
f 1928/3580/3247 2062/3582/3248 2063/3618/3280 1929/3616/3279
f 2062/3582/3248 2202/3583/3249 2203/3619/3281 2063/3618/3280
f 2202/3583/3249 2343/3584/3250 2344/3620/3282 2203/3619/3281
f 2343/3584/3250 2484/3585/3251 2485/3621/3283 2344/3620/3282
f 2484/3585/3251 2625/3586/3252 2626/3622/3284 2485/3621/3283
f 2625/3586/3252 2765/3587/3253 2766/3623/3285 2626/3622/3284
f 2765/3587/3253 2899/3588/3254 2900/3624/3286 2766/3623/3285
f 2899/3590/3254 3040/3589/3255 3041/3625/3287 2900/3626/3286
f 3040/3589/3255 3181/3591/3256 3182/3627/3288 3041/3625/3287
f 3181/3591/3256 3322/3592/3257 3323/3628/3289 3182/3627/3288
f 3322/3592/3257 3463/3593/3258 3464/3629/3290 3323/3628/3289
f 3463/3593/3258 3597/3594/3259 3598/3630/3291 3464/3629/3290
f 3597/3594/3259 3738/3595/3260 3739/3631/3292 3598/3630/3291
f 3738/3595/3260 3879/3596/3261 3880/3632/3293 3739/3631/3292
f 3879/3596/3261 4020/3597/3262 4021/3633/3294 3880/3632/3293
f 4020/3599/3262 4161/3598/3263 4162/3634/3295 4021/3624/3294
f 4161/3598/3263 4295/3600/3264 4296/3635/3296 4162/3634/3295
f 4295/3600/3264 4435/3601/3265 4436/3636/3297 4296/3635/3296
f 4435/3601/3265 109/3567/3235 110/3603/3267 4436/3636/3297
f 110/3603/3267 252/3602/3266 253/3637/3298 111/3638/3299
f 252/3602/3266 393/3604/3268 394/3639/3300 253/3637/3298
f 393/3604/3268 533/3605/3269 534/3640/3301 394/3639/3300
f 533/3605/3269 667/3606/3270 668/3641/3302 534/3640/3301
f 667/3608/3270 808/3607/3271 809/3642/3303 668/3643/3302
f 808/3607/3271 949/3609/3272 950/3644/3304 809/3642/3303
f 949/3609/3272 1090/3610/3273 1091/3645/3305 950/3644/3304
f 1090/3610/3273 1231/3611/3274 1232/3646/3306 1091/3645/3305
f 1231/3611/3274 1365/3612/3275 1366/3647/3307 1232/3646/3306
f 1365/3612/3275 1506/3613/3276 1507/3648/3308 1366/3647/3307
f 1506/3613/3276 1647/3614/3277 1648/3649/3309 1507/3648/3308
f 1647/3614/3277 1788/3615/3278 1789/3650/3310 1648/3649/3309
f 1788/3617/3278 1929/3616/3279 1930/3651/3311 1789/3652/3310
f 1929/3616/3279 2063/3618/3280 2064/3653/3312 1930/3651/3311
f 2063/3618/3280 2203/3619/3281 2204/3654/3313 2064/3653/3312
f 2203/3619/3281 2344/3620/3282 2345/3655/3314 2204/3654/3313
f 2344/3620/3282 2485/3621/3283 2486/3656/3315 2345/3655/3314
f 2485/3621/3283 2626/3622/3284 2627/3657/3316 2486/3656/3315
f 2626/3622/3284 2766/3623/3285 2767/3658/3317 2627/3657/3316
f 2766/3623/3285 2900/3624/3286 2901/3659/3318 2767/3658/3317
f 2900/3626/3286 3041/3625/3287 3042/3660/3319 2901/3661/3318
f 3041/3625/3287 3182/3627/3288 3183/3662/3320 3042/3660/3319
f 3182/3627/3288 3323/3628/3289 3324/3663/3321 3183/3662/3320
f 3323/3628/3289 3464/3629/3290 3465/3664/3322 3324/3663/3321
f 3464/3629/3290 3598/3630/3291 3599/3665/3323 3465/3664/3322
f 3598/3630/3291 3739/3631/3292 3740/3666/3324 3599/3665/3323
f 3739/3631/3292 3880/3632/3293 3881/3667/3325 3740/3666/3324
f 3880/3632/3293 4021/3633/3294 4022/3643/3326 3881/3667/3325
f 4021/3624/3294 4162/3634/3295 4163/3668/3327 4022/3659/3326
f 4162/3634/3295 4296/3635/3296 4297/3669/3328 4163/3668/3327
f 4296/3635/3296 4436/3636/3297 4437/3670/3329 4297/3669/3328
f 4436/3636/3297 110/3603/3267 111/3638/3299 4437/3670/3329
f 111/3638/3299 253/3637/3298 254/3671/3330 112/3672/3331
f 253/3637/3298 394/3639/3300 395/3673/3332 254/3671/3330
f 394/3639/3300 534/3640/3301 535/3674/3333 395/3673/3332
f 534/3640/3301 668/3641/3302 669/3675/3334 535/3674/3333
f 668/3643/3302 809/3642/3303 810/3676/3335 669/3677/3334
f 809/3642/3303 950/3644/3304 951/3678/3336 810/3676/3335
f 950/3644/3304 1091/3645/3305 1092/3679/3337 951/3678/3336
f 1091/3645/3305 1232/3646/3306 1233/3680/3338 1092/3679/3337
f 1232/3646/3306 1366/3647/3307 1367/3681/3339 1233/3680/3338
f 1366/3647/3307 1507/3648/3308 1508/3682/3340 1367/3681/3339
f 1507/3648/3308 1648/3649/3309 1649/3683/3341 1508/3682/3340
f 1648/3649/3309 1789/3650/3310 1790/3684/3342 1649/3683/3341
f 1789/3652/3310 1930/3651/3311 1931/3685/3343 1790/3686/3342
f 1930/3651/3311 2064/3653/3312 2065/3687/3344 1931/3685/3343
f 2064/3653/3312 2204/3654/3313 2205/3688/3345 2065/3687/3344
f 2204/3654/3313 2345/3655/3314 2346/3689/3346 2205/3688/3345
f 2345/3655/3314 2486/3656/3315 2487/3690/3347 2346/3689/3346
f 2486/3656/3315 2627/3657/3316 2628/3691/3348 2487/3690/3347
f 2627/3657/3316 2767/3658/3317 2768/3692/3349 2628/3691/3348
f 2767/3658/3317 2901/3659/3318 2902/3693/3350 2768/3692/3349
f 2901/3661/3318 3042/3660/3319 3043/3694/3351 2902/3695/3350
f 3042/3660/3319 3183/3662/3320 3184/3696/3352 3043/3694/3351
f 3183/3662/3320 3324/3663/3321 3325/3697/3353 3184/3696/3352
f 3324/3663/3321 3465/3664/3322 3466/3698/3354 3325/3697/3353
f 3465/3664/3322 3599/3665/3323 3600/3699/3355 3466/3698/3354
f 3599/3665/3323 3740/3666/3324 3741/3700/3356 3600/3699/3355
f 3740/3666/3324 3881/3667/3325 3882/3701/3357 3741/3700/3356
f 3881/3667/3325 4022/3643/3326 4023/3702/3358 3882/3701/3357
f 4022/3659/3326 4163/3668/3327 4164/3703/3359 4023/3693/3358
f 4163/3668/3327 4297/3669/3328 4298/3704/3360 4164/3703/3359
f 4297/3669/3328 4437/3670/3329 4438/3705/3361 4298/3704/3360
f 4437/3670/3329 111/3638/3299 112/3672/3331 4438/3705/3361
f 112/3672/3331 254/3671/3330 255/3706/3362 113/3707/3363
f 254/3671/3330 395/3673/3332 396/3708/3364 255/3706/3362
f 395/3673/3332 535/3674/3333 536/3709/3365 396/3708/3364
f 535/3674/3333 669/3675/3334 670/3710/3366 536/3709/3365
f 669/3677/3334 810/3676/3335 811/3711/3367 670/3712/3366
f 810/3676/3335 951/3678/3336 952/3713/3368 811/3711/3367
f 951/3678/3336 1092/3679/3337 1093/3714/3369 952/3713/3368
f 1092/3679/3337 1233/3680/3338 1234/3715/3370 1093/3714/3369
f 1233/3680/3338 1367/3681/3339 1368/3716/3371 1234/3715/3370
f 1367/3681/3339 1508/3682/3340 1509/3717/3372 1368/3716/3371
f 1508/3682/3340 1649/3683/3341 1650/3718/3373 1509/3717/3372
f 1649/3683/3341 1790/3684/3342 1791/3719/3374 1650/3718/3373
f 1790/3686/3342 1931/3685/3343 1932/3720/3375 1791/3721/3374
f 1931/3685/3343 2065/3687/3344 2066/3722/3376 1932/3720/3375
f 2065/3687/3344 2205/3688/3345 2206/3723/3377 2066/3722/3376
f 2205/3688/3345 2346/3689/3346 2347/3724/3378 2206/3723/3377
f 2346/3689/3346 2487/3690/3347 2488/3725/3379 2347/3724/3378
f 2487/3690/3347 2628/3691/3348 2629/3726/3380 2488/3725/3379
f 2628/3691/3348 2768/3692/3349 2769/3727/3381 2629/3726/3380
f 2768/3692/3349 2902/3693/3350 2903/3728/3382 2769/3727/3381
f 2902/3695/3350 3043/3694/3351 3044/3729/3383 2903/3730/3382
f 3043/3694/3351 3184/3696/3352 3185/3731/3384 3044/3729/3383
f 3184/3696/3352 3325/3697/3353 3326/3732/3385 3185/3731/3384
f 3325/3697/3353 3466/3698/3354 3467/3733/3386 3326/3732/3385
f 3466/3698/3354 3600/3699/3355 3601/3734/3387 3467/3733/3386
f 3600/3699/3355 3741/3700/3356 3742/3735/3388 3601/3734/3387
f 3741/3700/3356 3882/3701/3357 3883/3736/3389 3742/3735/3388
f 3882/3701/3357 4023/3702/3358 4024/3737/3390 3883/3736/3389
f 4023/3693/3358 4164/3703/3359 4165/3738/3391 4024/3739/3390
f 4164/3703/3359 4298/3704/3360 4299/3740/3392 4165/3738/3391
f 4298/3704/3360 4438/3705/3361 4439/3741/3393 4299/3740/3392
f 4438/3705/3361 112/3672/3331 113/3707/3363 4439/3741/3393
f 113/3707/3363 255/3706/3362 256/3742/3394 114/3743/3395
f 255/3744/3362 396/3745/3364 397/3746/3396 256/3747/3394
f 396/3745/3364 536/3748/3365 537/3749/3397 397/3746/3396
f 536/3748/3365 670/3750/3366 671/3751/3398 537/3749/3397
f 670/3750/3366 811/3752/3367 812/3753/3399 671/3751/3398
f 811/3752/3367 952/3754/3368 953/3755/3400 812/3753/3399
f 952/3754/3368 1093/3756/3369 1094/3757/3401 953/3755/3400
f 1093/3714/3369 1234/3715/3370 1235/3758/3402 1094/3759/3401
f 1234/3715/3370 1368/3716/3371 1369/3760/3403 1235/3758/3402
f 1368/3761/3371 1509/3762/3372 1510/3763/3404 1369/3764/3403
f 1509/3762/3372 1650/3765/3373 1651/3766/3405 1510/3763/3404
f 1650/3765/3373 1791/3767/3374 1792/3768/3406 1651/3766/3405
f 1791/3767/3374 1932/3769/3375 1933/3770/3407 1792/3768/3406
f 1932/3769/3375 2066/3771/3376 2067/3772/3408 1933/3770/3407
f 2066/3771/3376 2206/3773/3377 2207/3774/3409 2067/3772/3408
f 2206/3723/3377 2347/3724/3378 2348/3775/3410 2207/3776/3409
f 2347/3724/3378 2488/3725/3379 2489/3777/3411 2348/3775/3410
f 2488/3778/3379 2629/3779/3380 2630/3780/3412 2489/3781/3411
f 2629/3779/3380 2769/3782/3381 2770/3783/3413 2630/3780/3412
f 2769/3782/3381 2903/3784/3382 2904/3785/3414 2770/3783/3413
f 2903/3784/3382 3044/3786/3383 3045/3787/3415 2904/3785/3414
f 3044/3786/3383 3185/3788/3384 3186/3789/3416 3045/3787/3415
f 3185/3788/3384 3326/3790/3385 3327/3791/3417 3186/3789/3416
f 3326/3732/3385 3467/3733/3386 3468/3792/3418 3327/3793/3417
f 3467/3733/3386 3601/3734/3387 3602/3794/3419 3468/3792/3418
f 3601/3795/3387 3742/3796/3388 3743/3797/3420 3602/3798/3419
f 3742/3796/3388 3883/3799/3389 3884/3800/3421 3743/3797/3420
f 3883/3799/3389 4024/3801/3390 4025/3802/3422 3884/3800/3421
f 4024/3801/3390 4165/3803/3391 4166/3804/3423 4025/3802/3422
f 4165/3803/3391 4299/3805/3392 4300/3806/3424 4166/3804/3423
f 4299/3805/3392 4439/3807/3393 4440/3808/3425 4300/3806/3424
f 4439/3741/3393 113/3707/3363 114/3743/3395 4440/3809/3425
f 114/3810/3395 256/3747/3394 257/3811/3426 115/3812/3427
f 256/3747/3394 397/3746/3396 398/3813/3428 257/3811/3426
f 397/3746/3396 537/3749/3397 538/3814/3429 398/3813/3428
f 537/3749/3397 671/3751/3398 672/3815/3430 538/3814/3429
f 671/3751/3398 812/3753/3399 813/3816/3431 672/3815/3430
f 812/3753/3399 953/3755/3400 954/3817/3432 813/3816/3431
f 953/3755/3400 1094/3757/3401 1095/3818/3433 954/3817/3432
f 1094/3757/3401 1235/3819/3402 1236/3820/3434 1095/3818/3433
f 1235/3819/3402 1369/3764/3403 1370/3821/3435 1236/3820/3434
f 1369/3764/3403 1510/3763/3404 1511/3822/3436 1370/3821/3435
f 1510/3763/3404 1651/3766/3405 1652/3823/3437 1511/3822/3436
f 1651/3766/3405 1792/3768/3406 1793/3824/3438 1652/3823/3437
f 1792/3768/3406 1933/3770/3407 1934/3825/3439 1793/3824/3438
f 1933/3770/3407 2067/3772/3408 2068/3826/3440 1934/3825/3439
f 2067/3772/3408 2207/3774/3409 2208/3827/3441 2068/3826/3440
f 2207/3774/3409 2348/3828/3410 2349/3829/3442 2208/3827/3441
f 2348/3828/3410 2489/3781/3411 2490/3830/3443 2349/3829/3442
f 2489/3781/3411 2630/3780/3412 2631/3831/3444 2490/3830/3443
f 2630/3780/3412 2770/3783/3413 2771/3832/3445 2631/3831/3444
f 2770/3783/3413 2904/3785/3414 2905/3833/3446 2771/3832/3445
f 2904/3785/3414 3045/3787/3415 3046/3834/3447 2905/3833/3446
f 3045/3787/3415 3186/3789/3416 3187/3835/3448 3046/3834/3447
f 3186/3789/3416 3327/3791/3417 3328/3836/3449 3187/3835/3448
f 3327/3791/3417 3468/3837/3418 3469/3838/3450 3328/3836/3449
f 3468/3837/3418 3602/3798/3419 3603/3839/3451 3469/3838/3450
f 3602/3798/3419 3743/3797/3420 3744/3840/3452 3603/3839/3451
f 3743/3797/3420 3884/3800/3421 3885/3841/3453 3744/3840/3452
f 3884/3800/3421 4025/3802/3422 4026/3842/3454 3885/3841/3453
f 4025/3802/3422 4166/3804/3423 4167/3843/3455 4026/3842/3454
f 4166/3804/3423 4300/3806/3424 4301/3844/3456 4167/3843/3455
f 4300/3806/3424 4440/3808/3425 4441/3845/3457 4301/3844/3456
f 4440/3808/3425 114/3810/3395 115/3812/3427 4441/3845/3457
f 115/3812/3427 257/3811/3426 258/3846/3458 116/3847/3459
f 257/3811/3426 398/3813/3428 399/3848/3460 258/3846/3458
f 398/3813/3428 538/3814/3429 539/3849/3461 399/3848/3460
f 538/3814/3429 672/3815/3430 673/3850/3462 539/3849/3461
f 672/3815/3430 813/3816/3431 814/3851/3463 673/3850/3462
f 813/3816/3431 954/3817/3432 955/3852/3464 814/3851/3463
f 954/3817/3432 1095/3818/3433 1096/3853/3465 955/3852/3464
f 1095/3818/3433 1236/3820/3434 1237/3854/3466 1096/3853/3465
f 1236/3820/3434 1370/3821/3435 1371/3855/3467 1237/3854/3466
f 1370/3821/3435 1511/3822/3436 1512/3856/3468 1371/3855/3467
f 1511/3822/3436 1652/3823/3437 1653/3857/3469 1512/3856/3468
f 1652/3823/3437 1793/3824/3438 1794/3858/3470 1653/3857/3469
f 1793/3824/3438 1934/3825/3439 1935/3859/3471 1794/3858/3470
f 1934/3825/3439 2068/3826/3440 2069/3860/3472 1935/3859/3471
f 2068/3826/3440 2208/3827/3441 2209/3861/3473 2069/3860/3472
f 2208/3827/3441 2349/3829/3442 2350/3862/3474 2209/3861/3473
f 2349/3829/3442 2490/3830/3443 2491/3863/3475 2350/3862/3474
f 2490/3830/3443 2631/3831/3444 2632/3864/3476 2491/3863/3475
f 2631/3831/3444 2771/3832/3445 2772/3865/3477 2632/3864/3476
f 2771/3832/3445 2905/3833/3446 2906/3866/3478 2772/3865/3477
f 2905/3833/3446 3046/3834/3447 3047/3867/3479 2906/3866/3478
f 3046/3834/3447 3187/3835/3448 3188/3868/3480 3047/3867/3479
f 3187/3835/3448 3328/3836/3449 3329/3869/3481 3188/3868/3480
f 3328/3836/3449 3469/3838/3450 3470/3870/3482 3329/3869/3481
f 3469/3838/3450 3603/3839/3451 3604/3871/3483 3470/3870/3482
f 3603/3839/3451 3744/3840/3452 3745/3872/3484 3604/3871/3483
f 3744/3840/3452 3885/3841/3453 3886/3873/3485 3745/3872/3484
f 3885/3841/3453 4026/3842/3454 4027/3874/3486 3886/3873/3485
f 4026/3842/3454 4167/3843/3455 4168/3875/3487 4027/3874/3486
f 4167/3843/3455 4301/3844/3456 4302/3876/3488 4168/3875/3487
f 4301/3844/3456 4441/3845/3457 4442/3877/3489 4302/3876/3488
f 4441/3845/3457 115/3812/3427 116/3847/3459 4442/3877/3489
f 116/3847/3459 258/3846/3458 259/3878/3490 117/3879/3491
f 258/3846/3458 399/3848/3460 400/3880/3492 259/3878/3490
f 399/3848/3460 539/3849/3461 540/3881/3493 400/3880/3492
f 539/3849/3461 673/3850/3462 674/3882/3494 540/3881/3493
f 673/3850/3462 814/3851/3463 815/3883/3495 674/3882/3494
f 814/3851/3463 955/3852/3464 956/3884/3496 815/3883/3495
f 955/3852/3464 1096/3853/3465 1097/3885/3497 956/3884/3496
f 1096/3853/3465 1237/3854/3466 1238/3886/3498 1097/3885/3497
f 1237/3854/3466 1371/3855/3467 1372/3887/3499 1238/3886/3498
f 1371/3855/3467 1512/3856/3468 1513/3888/3500 1372/3887/3499
f 1512/3856/3468 1653/3857/3469 1654/3889/3501 1513/3888/3500
f 1653/3857/3469 1794/3858/3470 1795/3890/3502 1654/3889/3501
f 1794/3858/3470 1935/3859/3471 1936/3891/3503 1795/3890/3502
f 1935/3859/3471 2069/3860/3472 2070/3892/3504 1936/3891/3503
f 2069/3860/3472 2209/3861/3473 2210/3893/3505 2070/3892/3504
f 2209/3861/3473 2350/3862/3474 2351/3894/3506 2210/3893/3505
f 2350/3862/3474 2491/3863/3475 2492/3895/3507 2351/3894/3506
f 2491/3863/3475 2632/3864/3476 2633/3896/3508 2492/3895/3507
f 2632/3864/3476 2772/3865/3477 2773/3897/3509 2633/3896/3508
f 2772/3865/3477 2906/3866/3478 2907/3898/3510 2773/3897/3509
f 2906/3866/3478 3047/3867/3479 3048/3899/3511 2907/3898/3510
f 3047/3867/3479 3188/3868/3480 3189/3900/3512 3048/3899/3511
f 3188/3868/3480 3329/3869/3481 3330/3901/3513 3189/3900/3512
f 3329/3869/3481 3470/3870/3482 3471/3902/3514 3330/3901/3513
f 3470/3870/3482 3604/3871/3483 3605/3903/3515 3471/3902/3514
f 3604/3871/3483 3745/3872/3484 3746/3904/3516 3605/3903/3515
f 3745/3872/3484 3886/3873/3485 3887/3905/3517 3746/3904/3516
f 3886/3873/3485 4027/3874/3486 4028/3906/3518 3887/3905/3517
f 4027/3874/3486 4168/3875/3487 4169/3907/3519 4028/3906/3518
f 4168/3875/3487 4302/3876/3488 4303/3908/3520 4169/3907/3519
f 4302/3876/3488 4442/3877/3489 4443/3909/3521 4303/3908/3520
f 4442/3877/3489 116/3847/3459 117/3879/3491 4443/3909/3521
f 117/3879/3491 259/3878/3490 260/3910/3522 118/3911/3523
f 259/3878/3490 400/3880/3492 401/3912/3524 260/3910/3522
f 400/3880/3492 540/3881/3493 541/3913/3525 401/3912/3524
f 540/3881/3493 674/3882/3494 675/3914/3526 541/3913/3525
f 674/3882/3494 815/3883/3495 816/3915/3527 675/3914/3526
f 815/3883/3495 956/3884/3496 957/3916/3528 816/3915/3527
f 956/3884/3496 1097/3885/3497 1098/3917/3529 957/3916/3528
f 1097/3885/3497 1238/3886/3498 1239/3918/3530 1098/3917/3529
f 1238/3886/3498 1372/3887/3499 1373/3919/3531 1239/3918/3530
f 1372/3887/3499 1513/3888/3500 1514/3920/3532 1373/3919/3531
f 1513/3888/3500 1654/3889/3501 1655/3921/3533 1514/3920/3532
f 1654/3889/3501 1795/3890/3502 1796/3922/3534 1655/3921/3533
f 1795/3890/3502 1936/3891/3503 1937/3923/3535 1796/3922/3534
f 1936/3891/3503 2070/3892/3504 2071/3924/3536 1937/3923/3535
f 2070/3892/3504 2210/3893/3505 2211/3925/3537 2071/3924/3536
f 2210/3893/3505 2351/3894/3506 2352/3926/3538 2211/3925/3537
f 2351/3894/3506 2492/3895/3507 2493/3927/3539 2352/3926/3538
f 2492/3895/3507 2633/3896/3508 2634/3928/3540 2493/3927/3539
f 2633/3896/3508 2773/3897/3509 2774/3929/3541 2634/3928/3540
f 2773/3897/3509 2907/3898/3510 2908/3930/3542 2774/3929/3541
f 2907/3898/3510 3048/3899/3511 3049/3931/3543 2908/3930/3542
f 3048/3899/3511 3189/3900/3512 3190/3932/3544 3049/3931/3543
f 3189/3900/3512 3330/3901/3513 3331/3933/3545 3190/3932/3544
f 3330/3901/3513 3471/3902/3514 3472/3934/3546 3331/3933/3545
f 3471/3902/3514 3605/3903/3515 3606/3935/3547 3472/3934/3546
f 3605/3903/3515 3746/3904/3516 3747/3936/3548 3606/3935/3547
f 3746/3904/3516 3887/3905/3517 3888/3937/3549 3747/3936/3548
f 3887/3905/3517 4028/3906/3518 4029/3938/3550 3888/3937/3549
f 4028/3906/3518 4169/3907/3519 4170/3939/3551 4029/3938/3550
f 4169/3907/3519 4303/3908/3520 4304/3940/3552 4170/3939/3551
f 4303/3908/3520 4443/3909/3521 4444/3941/3553 4304/3940/3552
f 4443/3909/3521 117/3879/3491 118/3911/3523 4444/3941/3553
f 118/3911/3523 260/3910/3522 261/3942/3554 119/3943/3555
f 260/3910/3522 401/3912/3524 402/3944/3556 261/3942/3554
f 401/3912/3524 541/3913/3525 542/3945/3557 402/3944/3556
f 541/3913/3525 675/3914/3526 676/3946/3558 542/3945/3557
f 675/3914/3526 816/3915/3527 817/3947/3559 676/3946/3558
f 816/3915/3527 957/3916/3528 958/3948/3560 817/3947/3559
f 957/3916/3528 1098/3917/3529 1099/3949/3561 958/3948/3560
f 1098/3917/3529 1239/3918/3530 1240/3950/3562 1099/3949/3561
f 1239/3918/3530 1373/3919/3531 1374/3951/3563 1240/3950/3562
f 1373/3919/3531 1514/3920/3532 1515/3952/3564 1374/3951/3563
f 1514/3920/3532 1655/3921/3533 1656/3953/3565 1515/3952/3564
f 1655/3921/3533 1796/3922/3534 1797/3954/3566 1656/3953/3565
f 1796/3922/3534 1937/3923/3535 1938/3955/3567 1797/3954/3566
f 1937/3923/3535 2071/3924/3536 2072/3956/3568 1938/3955/3567
f 2071/3924/3536 2211/3925/3537 2212/3957/3569 2072/3956/3568
f 2211/3925/3537 2352/3926/3538 2353/3958/3570 2212/3957/3569
f 2352/3926/3538 2493/3927/3539 2494/3959/3571 2353/3958/3570
f 2493/3927/3539 2634/3928/3540 2635/3960/3572 2494/3959/3571
f 2634/3928/3540 2774/3929/3541 2775/3961/3573 2635/3960/3572
f 2774/3929/3541 2908/3930/3542 2909/3962/3574 2775/3961/3573
f 2908/3930/3542 3049/3931/3543 3050/3963/3575 2909/3962/3574
f 3049/3931/3543 3190/3932/3544 3191/3964/3576 3050/3963/3575
f 3190/3932/3544 3331/3933/3545 3332/3965/3577 3191/3964/3576
f 3331/3933/3545 3472/3934/3546 3473/3966/3578 3332/3965/3577
f 3472/3934/3546 3606/3935/3547 3607/3967/3579 3473/3966/3578
f 3606/3935/3547 3747/3936/3548 3748/3968/3580 3607/3967/3579
f 3747/3936/3548 3888/3937/3549 3889/3969/3581 3748/3968/3580
f 3888/3937/3549 4029/3938/3550 4030/3970/3582 3889/3969/3581
f 4029/3938/3550 4170/3939/3551 4171/3971/3583 4030/3970/3582
f 4170/3939/3551 4304/3940/3552 4305/3972/3584 4171/3971/3583
f 4304/3940/3552 4444/3941/3553 4445/3973/3585 4305/3972/3584
f 4444/3941/3553 118/3911/3523 119/3943/3555 4445/3973/3585
f 119/3974/3555 261/3975/3554 262/3976/3586 120/3977/3587
f 261/3975/3554 402/3978/3556 403/3979/3588 262/3976/3586
f 402/3978/3556 542/3980/3557 543/3981/3589 403/3979/3588
f 542/3945/3557 676/3946/3558 677/3982/3590 543/3983/3589
f 676/3946/3558 817/3947/3559 818/3984/3591 677/3982/3590
f 817/3985/3559 958/3986/3560 959/3987/3592 818/3988/3591
f 958/3986/3560 1099/3989/3561 1100/3990/3593 959/3987/3592
f 1099/3989/3561 1240/3991/3562 1241/3992/3594 1100/3990/3593
f 1240/3991/3562 1374/3993/3563 1375/3994/3595 1241/3992/3594
f 1374/3993/3563 1515/3995/3564 1516/3996/3596 1375/3994/3595
f 1515/3995/3564 1656/3997/3565 1657/3998/3597 1516/3996/3596
f 1656/3953/3565 1797/3954/3566 1798/3999/3598 1657/4000/3597
f 1797/3954/3566 1938/3955/3567 1939/4001/3599 1798/3999/3598
f 1938/4002/3567 2072/4003/3568 2073/4004/3600 1939/4005/3599
f 2072/4003/3568 2212/4006/3569 2213/4007/3601 2073/4004/3600
f 2212/4006/3569 2353/4008/3570 2354/4009/3602 2213/4007/3601
f 2353/4008/3570 2494/4010/3571 2495/4011/3603 2354/4009/3602
f 2494/4010/3571 2635/4012/3572 2636/4013/3604 2495/4011/3603
f 2635/4012/3572 2775/4014/3573 2776/4015/3605 2636/4013/3604
f 2775/3961/3573 2909/3962/3574 2910/4016/3606 2776/4017/3605
f 2909/3962/3574 3050/3963/3575 3051/4018/3607 2910/4016/3606
f 3050/4019/3575 3191/4020/3576 3192/4021/3608 3051/4022/3607
f 3191/4020/3576 3332/4023/3577 3333/4024/3609 3192/4021/3608
f 3332/4023/3577 3473/4025/3578 3474/4026/3610 3333/4024/3609
f 3473/4025/3578 3607/4027/3579 3608/4028/3611 3474/4026/3610
f 3607/4027/3579 3748/4029/3580 3749/4030/3612 3608/4028/3611
f 3748/4029/3580 3889/4031/3581 3890/4032/3613 3749/4030/3612
f 3889/3969/3581 4030/3970/3582 4031/4033/3614 3890/4034/3613
f 4030/3970/3582 4171/3971/3583 4172/4035/3615 4031/4033/3614
f 4171/4036/3583 4305/4037/3584 4306/4038/3616 4172/4039/3615
f 4305/4037/3584 4445/4040/3585 4446/4041/3617 4306/4038/3616
f 4445/4040/3585 119/3974/3555 120/3977/3587 4446/4041/3617
f 120/3977/3587 262/3976/3586 263/4042/3618 121/4043/3619
f 262/3976/3586 403/3979/3588 404/4044/3620 263/4042/3618
f 403/3979/3588 543/3981/3589 544/4045/3621 404/4044/3620
f 543/3981/3589 677/4046/3590 678/4047/3622 544/4045/3621
f 677/4048/3590 818/3988/3591 819/4049/3623 678/4050/3622
f 818/3988/3591 959/3987/3592 960/4051/3624 819/4049/3623
f 959/3987/3592 1100/3990/3593 1101/4052/3625 960/4051/3624
f 1100/3990/3593 1241/3992/3594 1242/4053/3626 1101/4052/3625
f 1241/3992/3594 1375/3994/3595 1376/4054/3627 1242/4053/3626
f 1375/3994/3595 1516/3996/3596 1517/4055/3628 1376/4054/3627
f 1516/3996/3596 1657/3998/3597 1658/4056/3629 1517/4055/3628
f 1657/3998/3597 1798/4057/3598 1799/4058/3630 1658/4056/3629
f 1798/4059/3598 1939/4005/3599 1940/4060/3631 1799/4061/3630
f 1939/4005/3599 2073/4004/3600 2074/4062/3632 1940/4060/3631
f 2073/4004/3600 2213/4007/3601 2214/4063/3633 2074/4062/3632
f 2213/4007/3601 2354/4009/3602 2355/4064/3634 2214/4063/3633
f 2354/4009/3602 2495/4011/3603 2496/4065/3635 2355/4064/3634
f 2495/4011/3603 2636/4013/3604 2637/4066/3636 2496/4065/3635
f 2636/4013/3604 2776/4015/3605 2777/4067/3637 2637/4066/3636
f 2776/4015/3605 2910/4068/3606 2911/4069/3638 2777/4067/3637
f 2910/4070/3606 3051/4022/3607 3052/4071/3639 2911/4072/3638
f 3051/4022/3607 3192/4021/3608 3193/4073/3640 3052/4071/3639
f 3192/4021/3608 3333/4024/3609 3334/4074/3641 3193/4073/3640
f 3333/4024/3609 3474/4026/3610 3475/4075/3642 3334/4074/3641
f 3474/4026/3610 3608/4028/3611 3609/4076/3643 3475/4075/3642
f 3608/4028/3611 3749/4030/3612 3750/4077/3644 3609/4076/3643
f 3749/4030/3612 3890/4032/3613 3891/4078/3645 3750/4077/3644
f 3890/4032/3613 4031/4079/3614 4032/4050/3646 3891/4078/3645
f 4031/4068/3614 4172/4039/3615 4173/4080/3647 4032/4069/3646
f 4172/4039/3615 4306/4038/3616 4307/4081/3648 4173/4080/3647
f 4306/4038/3616 4446/4041/3617 4447/4082/3649 4307/4081/3648
f 4446/4041/3617 120/3977/3587 121/4043/3619 4447/4082/3649
f 121/4043/3619 263/4042/3618 264/4083/3650 122/4084/3651
f 263/4042/3618 404/4044/3620 405/4085/3652 264/4083/3650
f 404/4044/3620 544/4045/3621 545/4086/3653 405/4085/3652
f 544/4045/3621 678/4047/3622 679/4087/3654 545/4086/3653
f 678/4050/3622 819/4049/3623 820/4088/3655 679/4089/3654
f 819/4049/3623 960/4051/3624 961/4090/3656 820/4088/3655
f 960/4051/3624 1101/4052/3625 1102/4091/3657 961/4090/3656
f 1101/4052/3625 1242/4053/3626 1243/4092/3658 1102/4091/3657
f 1242/4053/3626 1376/4054/3627 1377/4093/3659 1243/4092/3658
f 1376/4054/3627 1517/4055/3628 1518/4094/3660 1377/4093/3659
f 1517/4055/3628 1658/4056/3629 1659/4095/3661 1518/4094/3660
f 1658/4056/3629 1799/4058/3630 1800/4096/3662 1659/4095/3661
f 1799/4061/3630 1940/4060/3631 1941/4097/3663 1800/4098/3662
f 1940/4060/3631 2074/4062/3632 2075/4099/3664 1941/4097/3663
f 2074/4062/3632 2214/4063/3633 2215/4100/3665 2075/4099/3664
f 2214/4063/3633 2355/4064/3634 2356/4101/3666 2215/4100/3665
f 2355/4064/3634 2496/4065/3635 2497/4102/3667 2356/4101/3666
f 2496/4065/3635 2637/4066/3636 2638/4103/3668 2497/4102/3667
f 2637/4066/3636 2777/4067/3637 2778/4104/3669 2638/4103/3668
f 2777/4067/3637 2911/4069/3638 2912/4105/3670 2778/4104/3669
f 2911/4072/3638 3052/4071/3639 3053/4095/3671 2912/4106/3670
f 3052/4071/3639 3193/4073/3640 3194/4107/3672 3053/4095/3671
f 3193/4073/3640 3334/4074/3641 3335/4108/3673 3194/4107/3672
f 3334/4074/3641 3475/4075/3642 3476/4109/3674 3335/4108/3673
f 3475/4075/3642 3609/4076/3643 3610/4110/3675 3476/4109/3674
f 3609/4076/3643 3750/4077/3644 3751/4111/3676 3610/4110/3675
f 3750/4077/3644 3891/4078/3645 3892/4112/3677 3751/4111/3676
f 3891/4078/3645 4032/4050/3646 4033/4113/3678 3892/4112/3677
f 4032/4069/3646 4173/4080/3647 4174/4114/3679 4033/4115/3678
f 4173/4080/3647 4307/4081/3648 4308/4116/3680 4174/4114/3679
f 4307/4081/3648 4447/4082/3649 4448/4117/3681 4308/4116/3680
f 4447/4082/3649 121/4043/3619 122/4084/3651 4448/4117/3681
f 122/4084/3651 264/4083/3650 265/4118/3682 123/4119/3683
f 264/4083/3650 405/4085/3652 406/4120/3684 265/4118/3682
f 405/4085/3652 545/4086/3653 546/4121/3685 406/4120/3684
f 545/4086/3653 679/4087/3654 680/4122/3686 546/4121/3685
f 679/4089/3654 820/4088/3655 821/4123/3687 680/4124/3686
f 820/4088/3655 961/4090/3656 962/4125/3688 821/4123/3687
f 961/4090/3656 1102/4091/3657 1103/4126/3689 962/4125/3688
f 1102/4091/3657 1243/4092/3658 1244/4127/3690 1103/4126/3689
f 1243/4092/3658 1377/4093/3659 1378/4128/3691 1244/4127/3690
f 1377/4093/3659 1518/4094/3660 1519/4129/3692 1378/4128/3691
f 1518/4094/3660 1659/4095/3661 1660/4130/3693 1519/4129/3692
f 1659/4095/3661 1800/4096/3662 1801/4131/3694 1660/4130/3693
f 1800/4098/3662 1941/4097/3663 1942/4132/3695 1801/4133/3694
f 1941/4097/3663 2075/4099/3664 2076/4134/3696 1942/4132/3695
f 2075/4099/3664 2215/4100/3665 2216/4135/3697 2076/4134/3696
f 2215/4100/3665 2356/4101/3666 2357/4136/3698 2216/4135/3697
f 2356/4101/3666 2497/4102/3667 2498/4137/3699 2357/4136/3698
f 2497/4102/3667 2638/4103/3668 2639/4138/3700 2498/4137/3699
f 2638/4103/3668 2778/4104/3669 2779/4139/3701 2639/4138/3700
f 2778/4104/3669 2912/4105/3670 2913/4140/3702 2779/4139/3701
f 2912/4106/3670 3053/4095/3671 3054/4141/3703 2913/4142/3702
f 3053/4095/3671 3194/4107/3672 3195/4143/3704 3054/4141/3703
f 3194/4107/3672 3335/4108/3673 3336/4144/3705 3195/4143/3704
f 3335/4108/3673 3476/4109/3674 3477/4145/3706 3336/4144/3705
f 3476/4109/3674 3610/4110/3675 3611/4146/3707 3477/4145/3706
f 3610/4110/3675 3751/4111/3676 3752/4147/3708 3611/4146/3707
f 3751/4111/3676 3892/4112/3677 3893/4148/3709 3752/4147/3708
f 3892/4112/3677 4033/4113/3678 4034/4149/3710 3893/4148/3709
f 4033/4115/3678 4174/4114/3679 4175/4150/3711 4034/4151/3710
f 4174/4114/3679 4308/4116/3680 4309/4152/3712 4175/4150/3711
f 4308/4116/3680 4448/4117/3681 4449/4153/3713 4309/4152/3712
f 4448/4117/3681 122/4084/3651 123/4119/3683 4449/4153/3713
f 123/4154/3714 265/4155/3714 266/4156/3714 124/4157/3714
f 265/4155/3714 406/4158/3714 407/4159/3714 266/4156/3714
f 406/4158/3714 546/4160/3714 547/4161/3714 407/4159/3714
f 546/4160/3714 680/4162/3714 681/4163/3714 547/4161/3714
f 680/4162/3714 821/4164/3714 822/4165/3714 681/4163/3714
f 821/4164/3714 962/4166/3714 963/4167/3714 822/4165/3714
f 962/4166/3714 1103/4168/3714 1104/4169/3714 963/4167/3714
f 1103/4168/3714 1244/4170/3714 1245/4171/3714 1104/4169/3714
f 1244/4170/3714 1378/4172/3714 1379/4173/3714 1245/4171/3714
f 1378/4172/3714 1519/4174/3714 1520/4175/3714 1379/4173/3714
f 1519/4174/3714 1660/4176/3714 1661/4177/3714 1520/4175/3714
f 1660/4176/3714 1801/4178/3714 1802/4179/3714 1661/4177/3714
f 1801/4178/3714 1942/4180/3714 1943/4181/3714 1802/4179/3714
f 1942/4180/3714 2076/4182/3714 2077/4183/3714 1943/4181/3714
f 2076/4182/3714 2216/4184/3714 2217/4185/3714 2077/4183/3714
f 2216/4184/3714 2357/4186/3714 2358/4187/3714 2217/4185/3714
f 2357/4186/3714 2498/4188/3714 2499/4189/3714 2358/4187/3714
f 2498/4188/3714 2639/4190/3714 2640/4191/3714 2499/4189/3714
f 2639/4190/3714 2779/4192/3714 2780/4193/3714 2640/4191/3714
f 2779/4192/3714 2913/4194/3714 2914/4195/3714 2780/4193/3714
f 2913/4194/3714 3054/4196/3714 3055/4197/3714 2914/4195/3714
f 3054/4196/3714 3195/4198/3714 3196/4199/3714 3055/4197/3714
f 3195/4198/3714 3336/4200/3714 3337/4201/3714 3196/4199/3714
f 3336/4200/3714 3477/4202/3714 3478/4203/3714 3337/4201/3714
f 3477/4202/3714 3611/4204/3714 3612/4205/3714 3478/4203/3714
f 3611/4204/3714 3752/4206/3714 3753/4207/3714 3612/4205/3714
f 3752/4206/3714 3893/4208/3714 3894/4209/3714 3753/4207/3714
f 3893/4208/3714 4034/4210/3714 4035/4211/3714 3894/4209/3714
f 4034/4210/3714 4175/4212/3714 4176/4213/3714 4035/4211/3714
f 4175/4212/3714 4309/4214/3714 4310/4215/3714 4176/4213/3714
f 4309/4214/3714 4449/4216/3714 4450/4217/3714 4310/4215/3714
f 4449/4216/3714 123/4154/3714 124/4157/3714 4450/4217/3714
f 124/4119/419 266/4218/418 267/4219/418 125/4220/419
f 266/4218/418 407/4221/420 408/4222/420 267/4219/418
f 407/4221/420 547/4223/421 548/4224/421 408/4222/420
f 547/4223/421 681/4225/422 682/4226/422 548/4224/421
f 681/4227/422 822/4228/423 823/4229/423 682/4230/422
f 822/4228/423 963/4231/424 964/4232/424 823/4229/423
f 963/4231/424 1104/4233/425 1105/4234/425 964/4232/424
f 1104/4233/425 1245/4127/426 1246/4235/426 1105/4234/425
f 1245/4127/426 1379/4236/427 1380/4237/427 1246/4235/426
f 1379/4236/427 1520/4238/428 1521/4239/428 1380/4237/427
f 1520/4238/428 1661/4240/429 1662/4241/429 1521/4239/428
f 1661/4240/429 1802/4242/430 1803/4243/430 1662/4241/429
f 1802/4244/430 1943/4245/431 1944/4246/431 1803/4247/430
f 1943/4245/431 2077/4248/432 2078/4249/432 1944/4246/431
f 2077/4248/432 2217/4250/433 2218/4251/433 2078/4249/432
f 2217/4250/433 2358/4136/434 2359/4252/434 2218/4251/433
f 2358/4136/434 2499/4253/435 2500/4254/435 2359/4252/434
f 2499/4253/435 2640/4255/436 2641/4256/436 2500/4254/435
f 2640/4255/436 2780/4257/437 2781/4258/437 2641/4256/436
f 2780/4257/437 2914/4259/438 2915/4260/438 2781/4258/437
f 2914/4261/438 3055/4262/439 3056/4263/439 2915/4264/438
f 3055/4262/439 3196/4265/440 3197/4266/440 3056/4263/439
f 3196/4265/440 3337/4267/441 3338/4268/441 3197/4266/440
f 3337/4267/441 3478/4145/442 3479/4269/442 3338/4268/441
f 3478/4145/442 3612/4270/443 3613/4271/443 3479/4269/442
f 3612/4270/443 3753/4272/444 3754/4273/444 3613/4271/443
f 3753/4272/444 3894/4274/445 3895/4275/445 3754/4273/444
f 3894/4274/445 4035/4276/446 4036/4230/446 3895/4275/445
f 4035/4259/446 4176/4277/447 4177/4278/447 4036/4260/446
f 4176/4277/447 4310/4279/448 4311/4280/448 4177/4278/447
f 4310/4279/448 4450/4281/449 4451/4282/449 4311/4280/448
f 4450/4281/449 124/4119/419 125/4220/419 4451/4282/449
f 125/4157/1 267/4156/1 268/4283/1 126/4284/1
f 267/4156/1 408/4159/1 409/4285/1 268/4283/1
f 408/4159/1 548/4161/1 549/4286/1 409/4285/1
f 548/4161/1 682/4287/1 683/4288/1 549/4286/1
f 682/4287/1 823/4165/1 824/4289/1 683/4288/1
f 823/4165/1 964/4167/1 965/4290/1 824/4289/1
f 964/4167/1 1105/4169/1 1106/4291/1 965/4290/1
f 1105/4169/1 1246/4171/1 1247/4292/1 1106/4291/1
f 1246/4171/1 1380/4173/1 1381/4293/1 1247/4292/1
f 1380/4173/1 1521/4175/1 1522/4294/1 1381/4293/1
f 1521/4175/1 1662/4177/1 1663/4295/1 1522/4294/1
f 1662/4177/1 1803/4296/1 1804/4297/1 1663/4295/1
f 1803/4296/1 1944/4181/1 1945/4298/1 1804/4297/1
f 1944/4181/1 2078/4183/1 2079/4299/1 1945/4298/1
f 2078/4183/1 2218/4185/1 2219/4300/1 2079/4299/1
f 2218/4185/1 2359/4187/1 2360/4301/1 2219/4300/1
f 2359/4187/1 2500/4189/1 2501/4302/1 2360/4301/1
f 2500/4189/1 2641/4191/1 2642/4303/1 2501/4302/1
f 2641/4191/1 2781/4193/1 2782/4304/1 2642/4303/1
f 2781/4193/1 2915/4305/1 2916/4306/1 2782/4304/1
f 2915/4305/1 3056/4197/1 3057/4307/1 2916/4306/1
f 3056/4197/1 3197/4199/1 3198/4308/1 3057/4307/1
f 3197/4199/1 3338/4201/1 3339/4309/1 3198/4308/1
f 3338/4201/1 3479/4203/1 3480/4310/1 3339/4309/1
f 3479/4203/1 3613/4205/1 3614/4311/1 3480/4310/1
f 3613/4205/1 3754/4207/1 3755/4312/1 3614/4311/1
f 3754/4207/1 3895/4209/1 3896/4313/1 3755/4312/1
f 3895/4209/1 4036/4211/1 4037/4314/1 3896/4313/1
f 4036/4211/1 4177/4213/1 4178/4315/1 4037/4314/1
f 4177/4213/1 4311/4215/1 4312/4316/1 4178/4315/1
f 4311/4215/1 4451/4217/1 4452/4317/1 4312/4316/1
f 4451/4217/1 125/4157/1 126/4284/1 4452/4317/1
f 126/4220/419 268/4318/418 269/4319/418 127/4320/419
f 268/4318/418 409/4321/420 410/4322/420 269/4319/418
f 409/4321/420 549/4323/421 550/4324/421 410/4322/420
f 549/4323/421 683/4325/422 684/4326/422 550/4324/421
f 683/4327/422 824/4328/423 825/4329/423 684/4330/422
f 824/4328/423 965/4331/424 966/4332/424 825/4329/423
f 965/4331/424 1106/4333/425 1107/4334/425 966/4332/424
f 1106/4333/425 1247/4235/426 1248/4335/426 1107/4334/425
f 1247/4235/426 1381/4336/427 1382/4337/427 1248/4335/426
f 1381/4336/427 1522/4338/428 1523/4339/428 1382/4337/427
f 1522/4338/428 1663/4340/429 1664/4341/429 1523/4339/428
f 1663/4340/429 1804/4342/430 1805/4343/430 1664/4341/429
f 1804/4344/430 1945/4345/431 1946/4346/431 1805/4347/430
f 1945/4345/431 2079/4348/432 2080/4349/432 1946/4346/431
f 2079/4348/432 2219/4350/433 2220/4351/433 2080/4349/432
f 2219/4350/433 2360/4352/434 2361/4353/434 2220/4351/433
f 2360/4352/434 2501/4354/435 2502/4355/435 2361/4353/434
f 2501/4354/435 2642/4356/436 2643/4357/436 2502/4355/435
f 2642/4356/436 2782/4358/437 2783/4359/437 2643/4357/436
f 2782/4358/437 2916/4360/438 2917/4361/438 2783/4359/437
f 2916/4362/438 3057/4340/439 3058/4341/439 2917/4363/438
f 3057/4340/439 3198/4364/440 3199/4365/440 3058/4341/439
f 3198/4364/440 3339/4366/441 3340/4367/441 3199/4365/440
f 3339/4366/441 3480/4269/442 3481/4368/442 3340/4367/441
f 3480/4269/442 3614/4369/443 3615/4370/443 3481/4368/442
f 3614/4369/443 3755/4371/444 3756/4372/444 3615/4370/443
f 3755/4371/444 3896/4328/445 3897/4329/445 3756/4372/444
f 3896/4328/445 4037/4373/446 4038/4374/446 3897/4329/445
f 4037/4360/446 4178/4375/447 4179/4376/447 4038/4361/446
f 4178/4375/447 4312/4377/448 4313/4378/448 4179/4376/447
f 4312/4377/448 4452/4379/449 4453/4380/449 4313/4378/448
f 4452/4379/449 126/4220/419 127/4320/419 4453/4380/449
f 127/4284/1 269/4283/1 270/4381/1 128/4382/1
f 269/4283/1 410/4285/1 411/4383/1 270/4381/1
f 410/4285/1 550/4286/1 551/4384/1 411/4383/1
f 550/4286/1 684/4288/1 685/4385/1 551/4384/1
f 684/4288/1 825/4289/1 826/4386/1 685/4385/1
f 825/4289/1 966/4290/1 967/4387/1 826/4386/1
f 966/4290/1 1107/4291/1 1108/4388/1 967/4387/1
f 1107/4291/1 1248/4292/1 1249/4389/1 1108/4388/1
f 1248/4292/1 1382/4293/1 1383/4390/1 1249/4389/1
f 1382/4293/1 1523/4294/1 1524/4391/1 1383/4390/1
f 1523/4294/1 1664/4295/1 1665/4392/1 1524/4391/1
f 1664/4295/1 1805/4297/1 1806/4393/1 1665/4392/1
f 1805/4297/1 1946/4298/1 1947/4394/1 1806/4393/1
f 1946/4298/1 2080/4299/1 2081/4395/1 1947/4394/1
f 2080/4299/1 2220/4300/1 2221/4396/1 2081/4395/1
f 2220/4300/1 2361/4301/1 2362/4397/1 2221/4396/1
f 2361/4301/1 2502/4302/1 2503/4398/1 2362/4397/1
f 2502/4302/1 2643/4303/1 2644/4399/1 2503/4398/1
f 2643/4303/1 2783/4304/1 2784/4400/1 2644/4399/1
f 2783/4304/1 2917/4306/1 2918/4401/1 2784/4400/1
f 2917/4306/1 3058/4307/1 3059/4402/1 2918/4401/1
f 3058/4307/1 3199/4308/1 3200/4403/1 3059/4402/1
f 3199/4308/1 3340/4309/1 3341/4404/1 3200/4403/1
f 3340/4309/1 3481/4310/1 3482/4405/1 3341/4404/1
f 3481/4310/1 3615/4311/1 3616/4406/1 3482/4405/1
f 3615/4311/1 3756/4312/1 3757/4407/1 3616/4406/1
f 3756/4312/1 3897/4313/1 3898/4408/1 3757/4407/1
f 3897/4313/1 4038/4314/1 4039/4409/1 3898/4408/1
f 4038/4314/1 4179/4315/1 4180/4410/1 4039/4409/1
f 4179/4315/1 4313/4316/1 4314/4411/1 4180/4410/1
f 4313/4316/1 4453/4317/1 4454/4412/1 4314/4411/1
f 4453/4317/1 127/4284/1 128/4382/1 4454/4412/1
f 128/4320/419 270/4413/418 271/4414/418 129/4415/419
f 270/4413/418 411/4416/420 412/4417/420 271/4414/418
f 411/4416/420 551/4418/421 552/4419/421 412/4417/420
f 551/4418/421 685/4420/422 686/4421/422 552/4419/421
f 685/4422/422 826/4423/423 827/4424/423 686/4425/422
f 826/4423/423 967/4426/424 968/4427/424 827/4424/423
f 967/4426/424 1108/4428/425 1109/4429/425 968/4427/424
f 1108/4428/425 1249/4335/426 1250/4430/426 1109/4429/425
f 1249/4335/426 1383/4431/427 1384/4432/427 1250/4430/426
f 1383/4431/427 1524/4433/428 1525/4434/428 1384/4432/427
f 1524/4433/428 1665/4435/429 1666/4436/429 1525/4434/428
f 1665/4435/429 1806/4437/430 1807/4438/430 1666/4436/429
f 1806/4439/430 1947/4440/431 1948/4441/431 1807/4442/430
f 1947/4440/431 2081/4443/432 2082/4444/432 1948/4441/431
f 2081/4443/432 2221/4445/433 2222/4446/433 2082/4444/432
f 2221/4445/433 2362/4353/434 2363/4447/434 2222/4446/433
f 2362/4353/434 2503/4448/435 2504/4449/435 2363/4447/434
f 2503/4448/435 2644/4450/436 2645/4451/436 2504/4449/435
f 2644/4450/436 2784/4452/437 2785/4453/437 2645/4451/436
f 2784/4452/437 2918/4454/438 2919/4455/438 2785/4453/437
f 2918/4456/438 3059/4435/439 3060/4436/439 2919/4457/438
f 3059/4435/439 3200/4458/440 3201/4459/440 3060/4436/439
f 3200/4458/440 3341/4460/441 3342/4461/441 3201/4459/440
f 3341/4460/441 3482/4368/442 3483/4462/442 3342/4461/441
f 3482/4368/442 3616/4463/443 3617/4464/443 3483/4462/442
f 3616/4463/443 3757/4465/444 3758/4466/444 3617/4464/443
f 3757/4465/444 3898/4423/445 3899/4424/445 3758/4466/444
f 3898/4423/445 4039/4467/446 4040/4468/446 3899/4424/445
f 4039/4454/446 4180/4469/447 4181/4470/447 4040/4455/446
f 4180/4469/447 4314/4471/448 4315/4472/448 4181/4470/447
f 4314/4471/448 4454/4473/449 4455/4474/449 4315/4472/448
f 4454/4473/449 128/4320/419 129/4415/419 4455/4474/449
f 129/4415/419 271/4414/418 272/4475/418 130/4476/419
f 271/4414/418 412/4417/420 413/4477/420 272/4475/418
f 412/4417/420 552/4419/421 553/4478/421 413/4477/420
f 552/4419/421 686/4421/422 687/4479/422 553/4478/421
f 686/4425/422 827/4424/423 828/4480/423 687/4481/422
f 827/4424/423 968/4427/424 969/4482/424 828/4480/423
f 968/4427/424 1109/4429/425 1110/4483/425 969/4482/424
f 1109/4429/425 1250/4430/426 1251/4484/426 1110/4483/425
f 1250/4430/426 1384/4432/427 1385/4485/427 1251/4484/426
f 1384/4432/427 1525/4434/428 1526/4486/428 1385/4485/427
f 1525/4434/428 1666/4436/429 1667/4487/429 1526/4486/428
f 1666/4436/429 1807/4438/430 1808/4488/430 1667/4487/429
f 1807/4442/430 1948/4441/431 1949/4489/431 1808/4490/430
f 1948/4441/431 2082/4444/432 2083/4491/432 1949/4489/431
f 2082/4444/432 2222/4446/433 2223/4492/433 2083/4491/432
f 2222/4446/433 2363/4447/434 2364/4493/434 2223/4492/433
f 2363/4447/434 2504/4449/435 2505/4494/435 2364/4493/434
f 2504/4449/435 2645/4451/436 2646/4495/436 2505/4494/435
f 2645/4451/436 2785/4453/437 2786/4496/437 2646/4495/436
f 2785/4453/437 2919/4455/438 2920/4497/438 2786/4496/437
f 2919/4457/438 3060/4436/439 3061/4487/439 2920/4498/438
f 3060/4436/439 3201/4459/440 3202/4499/440 3061/4487/439
f 3201/4459/440 3342/4461/441 3343/4500/441 3202/4499/440
f 3342/4461/441 3483/4462/442 3484/4501/442 3343/4500/441
f 3483/4462/442 3617/4464/443 3618/4502/443 3484/4501/442
f 3617/4464/443 3758/4466/444 3759/4503/444 3618/4502/443
f 3758/4466/444 3899/4424/445 3900/4480/445 3759/4503/444
f 3899/4424/445 4040/4468/446 4041/4504/446 3900/4480/445
f 4040/4455/446 4181/4470/447 4182/4505/447 4041/4497/446
f 4181/4470/447 4315/4472/448 4316/4506/448 4182/4505/447
f 4315/4472/448 4455/4474/449 4456/4507/449 4316/4506/448
f 4455/4474/449 129/4415/419 130/4476/419 4456/4507/449
f 130/4476/419 272/4475/418 273/4508/418 131/4509/419
f 272/4475/418 413/4477/420 414/4510/420 273/4508/418
f 413/4477/420 553/4478/421 554/4511/421 414/4510/420
f 553/4478/421 687/4479/422 688/4512/422 554/4511/421
f 687/4481/422 828/4480/423 829/4513/423 688/4514/422
f 828/4480/423 969/4482/424 970/4515/424 829/4513/423
f 969/4482/424 1110/4483/425 1111/4516/425 970/4515/424
f 1110/4483/425 1251/4484/426 1252/4517/426 1111/4516/425
f 1251/4484/426 1385/4485/427 1386/4518/427 1252/4517/426
f 1385/4485/427 1526/4486/428 1527/4519/428 1386/4518/427
f 1526/4486/428 1667/4487/429 1668/4520/429 1527/4519/428
f 1667/4487/429 1808/4488/430 1809/4521/430 1668/4520/429
f 1808/4490/430 1949/4489/431 1950/4522/431 1809/4523/430
f 1949/4489/431 2083/4491/432 2084/4524/432 1950/4522/431
f 2083/4491/432 2223/4492/433 2224/4525/433 2084/4524/432
f 2223/4492/433 2364/4493/434 2365/4526/434 2224/4525/433
f 2364/4493/434 2505/4494/435 2506/4527/435 2365/4526/434
f 2505/4494/435 2646/4495/436 2647/4528/436 2506/4527/435
f 2646/4495/436 2786/4496/437 2787/4529/437 2647/4528/436
f 2786/4496/437 2920/4497/438 2921/4530/438 2787/4529/437
f 2920/4498/438 3061/4487/439 3062/4520/439 2921/4531/438
f 3061/4487/439 3202/4499/440 3203/4532/440 3062/4520/439
f 3202/4499/440 3343/4500/441 3344/4533/441 3203/4532/440
f 3343/4500/441 3484/4501/442 3485/4534/442 3344/4533/441
f 3484/4501/442 3618/4502/443 3619/4535/443 3485/4534/442
f 3618/4502/443 3759/4503/444 3760/4536/444 3619/4535/443
f 3759/4503/444 3900/4480/445 3901/4513/445 3760/4536/444
f 3900/4480/445 4041/4504/446 4042/4537/446 3901/4513/445
f 4041/4497/446 4182/4505/447 4183/4538/447 4042/4530/446
f 4182/4505/447 4316/4506/448 4317/4539/448 4183/4538/447
f 4316/4506/448 4456/4507/449 4457/4540/449 4317/4539/448
f 4456/4507/449 130/4476/419 131/4509/419 4457/4540/449
f 131/4509/419 273/4508/418 274/4541/418 132/4542/419
f 273/4508/418 414/4510/420 415/4543/420 274/4541/418
f 414/4510/420 554/4511/421 555/4544/421 415/4543/420
f 554/4511/421 688/4512/422 689/4545/422 555/4544/421
f 688/4514/422 829/4513/423 830/4546/423 689/4547/422
f 829/4513/423 970/4515/424 971/4548/424 830/4546/423
f 970/4515/424 1111/4516/425 1112/4549/425 971/4548/424
f 1111/4516/425 1252/4517/426 1253/4550/426 1112/4549/425
f 1252/4517/426 1386/4518/427 1387/4551/427 1253/4550/426
f 1386/4518/427 1527/4519/428 1528/4552/428 1387/4551/427
f 1527/4519/428 1668/4520/429 1669/4553/429 1528/4552/428
f 1668/4520/429 1809/4521/430 1810/4554/430 1669/4553/429
f 1809/4523/430 1950/4522/431 1951/4555/431 1810/4556/430
f 1950/4522/431 2084/4524/432 2085/4557/432 1951/4555/431
f 2084/4524/432 2224/4525/433 2225/4558/433 2085/4557/432
f 2224/4525/433 2365/4526/434 2366/4559/434 2225/4558/433
f 2365/4526/434 2506/4527/435 2507/4560/435 2366/4559/434
f 2506/4527/435 2647/4528/436 2648/4561/436 2507/4560/435
f 2647/4528/436 2787/4529/437 2788/4562/437 2648/4561/436
f 2787/4529/437 2921/4530/438 2922/4563/438 2788/4562/437
f 2921/4531/438 3062/4520/439 3063/4553/439 2922/4564/438
f 3062/4520/439 3203/4532/440 3204/4565/440 3063/4553/439
f 3203/4532/440 3344/4533/441 3345/4566/441 3204/4565/440
f 3344/4533/441 3485/4534/442 3486/4567/442 3345/4566/441
f 3485/4534/442 3619/4535/443 3620/4568/443 3486/4567/442
f 3619/4535/443 3760/4536/444 3761/4569/444 3620/4568/443
f 3760/4536/444 3901/4513/445 3902/4546/445 3761/4569/444
f 3901/4513/445 4042/4537/446 4043/4570/446 3902/4546/445
f 4042/4530/446 4183/4538/447 4184/4571/447 4043/4563/446
f 4183/4538/447 4317/4539/448 4318/4572/448 4184/4571/447
f 4317/4539/448 4457/4540/449 4458/4573/449 4318/4572/448
f 4457/4540/449 131/4509/419 132/4542/419 4458/4573/449
f 132/4542/419 274/4541/418 275/4574/418 133/4575/419
f 274/4541/418 415/4543/420 416/4576/420 275/4574/418
f 415/4543/420 555/4544/421 556/4577/421 416/4576/420
f 555/4544/421 689/4545/422 690/4578/422 556/4577/421
f 689/4547/422 830/4546/423 831/4579/423 690/4580/422
f 830/4546/423 971/4548/424 972/4581/424 831/4579/423
f 971/4548/424 1112/4549/425 1113/4582/425 972/4581/424
f 1112/4549/425 1253/4550/426 1254/4583/426 1113/4582/425
f 1253/4550/426 1387/4551/427 1388/4584/427 1254/4583/426
f 1387/4551/427 1528/4552/428 1529/4585/428 1388/4584/427
f 1528/4552/428 1669/4553/429 1670/4586/429 1529/4585/428
f 1669/4553/429 1810/4554/430 1811/4587/430 1670/4586/429
f 1810/4556/430 1951/4555/431 1952/4588/431 1811/4589/430
f 1951/4555/431 2085/4557/432 2086/4590/432 1952/4588/431
f 2085/4557/432 2225/4558/433 2226/4591/433 2086/4590/432
f 2225/4558/433 2366/4559/434 2367/4592/434 2226/4591/433
f 2366/4559/434 2507/4560/435 2508/4593/435 2367/4592/434
f 2507/4560/435 2648/4561/436 2649/4594/436 2508/4593/435
f 2648/4561/436 2788/4562/437 2789/4595/437 2649/4594/436
f 2788/4562/437 2922/4563/438 2923/4596/438 2789/4595/437
f 2922/4564/438 3063/4553/439 3064/4586/439 2923/4597/438
f 3063/4553/439 3204/4565/440 3205/4598/440 3064/4586/439
f 3204/4565/440 3345/4566/441 3346/4599/441 3205/4598/440
f 3345/4566/441 3486/4567/442 3487/4600/442 3346/4599/441
f 3486/4567/442 3620/4568/443 3621/4601/443 3487/4600/442
f 3620/4568/443 3761/4569/444 3762/4602/444 3621/4601/443
f 3761/4569/444 3902/4546/445 3903/4579/445 3762/4602/444
f 3902/4546/445 4043/4570/446 4044/4603/446 3903/4579/445
f 4043/4563/446 4184/4571/447 4185/4604/447 4044/4596/446
f 4184/4571/447 4318/4572/448 4319/4605/448 4185/4604/447
f 4318/4572/448 4458/4573/449 4459/4606/449 4319/4605/448
f 4458/4573/449 132/4542/419 133/4575/419 4459/4606/449
f 133/4575/419 275/4574/418 276/4607/418 134/4608/419
f 275/4574/418 416/4576/420 417/4609/420 276/4607/418
f 416/4576/420 556/4577/421 557/4610/421 417/4609/420
f 556/4577/421 690/4578/422 691/4611/422 557/4610/421
f 690/4580/422 831/4579/423 832/4612/423 691/4613/422
f 831/4579/423 972/4581/424 973/4614/424 832/4612/423
f 972/4581/424 1113/4582/425 1114/4615/425 973/4614/424
f 1113/4582/425 1254/4583/426 1255/4616/426 1114/4615/425
f 1254/4583/426 1388/4584/427 1389/4617/427 1255/4616/426
f 1388/4584/427 1529/4585/428 1530/4618/428 1389/4617/427
f 1529/4585/428 1670/4586/429 1671/4619/429 1530/4618/428
f 1670/4586/429 1811/4587/430 1812/4620/430 1671/4619/429
f 1811/4589/430 1952/4588/431 1953/4621/431 1812/4622/430
f 1952/4588/431 2086/4590/432 2087/4623/432 1953/4621/431
f 2086/4590/432 2226/4591/433 2227/4624/433 2087/4623/432
f 2226/4591/433 2367/4592/434 2368/4625/434 2227/4624/433
f 2367/4592/434 2508/4593/435 2509/4626/435 2368/4625/434
f 2508/4593/435 2649/4594/436 2650/4627/436 2509/4626/435
f 2649/4594/436 2789/4595/437 2790/4628/437 2650/4627/436
f 2789/4595/437 2923/4596/438 2924/4629/438 2790/4628/437
f 2923/4597/438 3064/4586/439 3065/4619/439 2924/4630/438
f 3064/4586/439 3205/4598/440 3206/4631/440 3065/4619/439
f 3205/4598/440 3346/4599/441 3347/4632/441 3206/4631/440
f 3346/4599/441 3487/4600/442 3488/4633/442 3347/4632/441
f 3487/4600/442 3621/4601/443 3622/4634/443 3488/4633/442
f 3621/4601/443 3762/4602/444 3763/4635/444 3622/4634/443
f 3762/4602/444 3903/4579/445 3904/4612/445 3763/4635/444
f 3903/4579/445 4044/4603/446 4045/4636/446 3904/4612/445
f 4044/4596/446 4185/4604/447 4186/4637/447 4045/4629/446
f 4185/4604/447 4319/4605/448 4320/4638/448 4186/4637/447
f 4319/4605/448 4459/4606/449 4460/4639/449 4320/4638/448
f 4459/4606/449 133/4575/419 134/4608/419 4460/4639/449
f 134/4608/419 276/4607/418 277/4640/418 135/4641/419
f 276/4607/418 417/4609/420 418/4642/420 277/4640/418
f 417/4609/420 557/4610/421 4559/4643/3715 4554/4644/3716 4553/4645/3717 418/4642/420
f 557/4610/421 691/4611/422 692/4646/422 4575/4647/3718 4560/4648/3719 4559/4643/3715
f 691/4613/422 832/4612/423 833/4649/423 692/4650/422
f 832/4612/423 973/4614/424 974/4651/424 833/4649/423
f 973/4614/424 1114/4615/425 1115/4652/425 974/4651/424
f 1114/4615/425 1255/4616/426 4577/4653/3720 4583/4654/3721 4593/4655/3722 1115/4652/425
f 1255/4616/426 1389/4617/427 1390/4656/427 4590/4657/3723 4579/4658/3724 4577/4653/3720
f 1389/4617/427 1530/4618/428 1531/4659/428 1390/4656/427
f 1530/4618/428 1671/4619/429 1672/4660/429 1531/4659/428
f 1671/4619/429 1812/4620/430 1813/4661/430 1672/4660/429
f 1812/4622/430 1953/4621/431 4539/4662/3725 4538/4663/3726 4568/4664/3727 1813/4665/430
f 1953/4621/431 2087/4623/432 2088/4666/432 4541/4667/3728 4535/4668/3729 4539/4662/3725
f 2087/4623/432 2227/4624/433 2228/4669/433 2088/4666/432
f 2227/4624/433 2368/4625/434 2369/4670/434 2228/4669/433
f 2368/4625/434 2509/4626/435 2510/4671/435 2369/4670/434
f 2509/4626/435 2650/4627/436 2651/4672/436 2510/4671/435
f 2650/4627/436 2790/4628/437 4519/4673/3730 4504/4674/3731 4530/4675/3732 2651/4672/436
f 2790/4628/437 2924/4629/438 2925/4676/438 4516/4677/3733 4515/4678/3734 4519/4673/3730
f 2924/4630/438 3065/4619/439 3066/4660/439 2925/4679/438
f 3065/4619/439 3206/4631/440 3207/4680/440 3066/4660/439
f 3206/4631/440 3347/4632/441 3348/4681/441 3207/4680/440
f 3347/4632/441 3488/4633/442 4481/4682/3735 4469/4658/3736 4475/4683/3737 3348/4681/441
f 3488/4633/442 3622/4634/443 3623/4684/443 4485/4655/3738 4480/4654/3739 4481/4682/3735
f 3622/4634/443 3763/4635/444 3764/4685/444 3623/4684/443
f 3763/4635/444 3904/4612/445 3905/4649/445 3764/4685/444
f 3904/4612/445 4045/4636/446 4046/4686/446 3905/4649/445
f 4045/4629/446 4186/4637/447 4494/4687/3740 4496/4688/3741 4502/4689/3742 4046/4676/446
f 4186/4637/447 4320/4638/448 4321/4690/448 4513/4691/3743 4491/4692/3744 4494/4687/3740
f 4320/4638/448 4460/4639/449 4461/4693/449 4321/4690/448
f 4460/4639/449 134/4608/419 135/4641/419 4461/4693/449
f 135/4641/419 277/4640/418 278/4694/418 136/4695/419
f 277/4640/418 418/4642/420 419/4696/3745 278/4694/418
f 418/4642/436 419/4696/436 4551/4697/3746 4553/4645/3746
f 692/4650/422 833/4649/423 834/4698/423 693/4699/422
f 833/4649/423 974/4651/424 975/4700/424 834/4698/423
f 974/4651/424 1115/4652/425 1116/4701/425 975/4700/424
f 1115/4652/425 4593/4655/3722 4592/4702/3747 1116/4701/425
f 1390/4656/427 1531/4659/428 1532/4703/428 1391/4704/427
f 1531/4659/428 1672/4660/429 1673/4705/429 1532/4703/428
f 1672/4660/429 1813/4661/430 1814/4706/430 1673/4705/429
f 1813/4665/430 4568/4664/3727 4569/4707/3748 1814/4708/430
f 2088/4666/432 2228/4669/433 2229/4709/433 2089/4710/432
f 2228/4669/433 2369/4670/434 2370/4711/434 2229/4709/433
f 2369/4670/434 2510/4671/435 2511/4712/435 2370/4711/434
f 2510/4671/435 2651/4672/436 2652/4713/436 2511/4712/435
f 2651/4672/436 4530/4675/3732 4532/4714/3749 2652/4713/436
f 2925/4679/438 3066/4660/439 3067/4705/439 2926/4715/438
f 3066/4660/439 3207/4680/440 3208/4716/440 3067/4705/439
f 3207/4680/440 3348/4681/441 3349/4717/441 3208/4716/440
f 3348/4681/441 4475/4683/3737 4474/4718/3737 3349/4717/441
f 3623/4684/443 3764/4685/444 3765/4719/444 3624/4720/443
f 3764/4685/444 3905/4649/445 3906/4698/445 3765/4719/444
f 3905/4649/445 4046/4686/446 4047/4721/446 3906/4698/445
f 4046/4676/446 4502/4689/3742 4498/4722/3750 4047/4723/446
f 4321/4690/448 4461/4693/449 4462/4724/449 4322/4725/448
f 4461/4693/449 135/4641/419 136/4695/419 4462/4724/449
f 136/4695/419 278/4694/418 279/4726/418 137/4727/419
f 278/4694/418 419/4696/3745 420/4728/3745 279/4726/418
f 419/4696/436 420/4728/436 4552/4729/3746 4551/4697/3746
f 693/4699/422 834/4698/423 835/4730/423 694/4731/422
f 834/4698/423 975/4700/424 976/4732/424 835/4730/423
f 975/4700/424 1116/4701/425 1117/4733/425 976/4732/424
f 1116/4701/425 4592/4702/3747 4596/4734/3747 1117/4733/425
f 1391/4704/427 1532/4703/428 1533/4735/428 1392/4736/427
f 1532/4703/428 1673/4705/429 1674/4737/429 1533/4735/428
f 1673/4705/429 1814/4706/430 1815/4738/430 1674/4737/429
f 1814/4708/430 4569/4707/3748 4567/4739/3727 1815/4740/430
f 2089/4710/432 2229/4709/433 2230/4741/433 2090/4742/432
f 2229/4709/433 2370/4711/434 2371/4743/434 2230/4741/433
f 2370/4711/434 2511/4712/435 2512/4744/435 2371/4743/434
f 2511/4712/435 2652/4713/436 2653/4745/436 2512/4744/435
f 2652/4713/436 4532/4714/3749 4528/4746/3732 2653/4745/436
f 2926/4715/438 3067/4705/439 3068/4737/439 2927/4747/438
f 3067/4705/439 3208/4716/440 3209/4748/440 3068/4737/439
f 3208/4716/440 3349/4717/441 3350/4749/441 3209/4748/440
f 3349/4717/441 4474/4718/3737 4473/4750/3751 3350/4749/441
f 3624/4720/443 3765/4719/444 3766/4751/444 3625/4752/443
f 3765/4719/444 3906/4698/445 3907/4730/445 3766/4751/444
f 3906/4698/445 4047/4721/446 4048/4753/446 3907/4730/445
f 4047/4723/446 4498/4722/3750 4501/4754/3750 4048/4755/446
f 4322/4725/448 4462/4724/449 4463/4744/449 4323/4756/3752
f 4462/4724/449 136/4695/419 137/4727/419 4463/4744/449
f 137/4727/419 279/4726/418 280/4757/418 138/4758/419
f 279/4726/418 420/4728/3745 421/4759/3745 280/4757/418
f 420/4728/436 421/4759/436 4550/4760/3746 4552/4729/3746
f 694/4731/422 835/4730/423 836/4761/423 695/4762/422
f 835/4730/423 976/4732/424 977/4763/424 836/4761/423
f 976/4732/424 1117/4733/425 1118/4764/425 977/4763/424
f 1117/4733/425 4596/4734/3747 4595/4765/3747 1118/4764/425
f 1392/4736/427 1533/4735/428 1534/4766/428 1393/4767/427
f 1533/4735/428 1674/4737/429 1675/4768/429 1534/4766/428
f 1674/4737/429 1815/4738/430 1816/4769/430 1675/4768/429
f 1815/4740/430 4567/4739/3727 4566/4770/3727 1816/4771/430
f 2090/4742/432 2230/4741/433 2231/4772/433 2091/4773/432
f 2230/4741/433 2371/4743/434 2372/4774/434 2231/4772/433
f 2371/4743/434 2512/4744/435 2513/4775/435 2372/4774/434
f 2512/4744/435 2653/4745/436 2654/4776/436 2513/4775/435
f 2653/4745/436 4528/4746/3732 4529/4777/3753 2654/4776/436
f 2927/4747/438 3068/4737/439 3069/4768/439 2928/4778/438
f 3068/4737/439 3209/4748/440 3210/4779/440 3069/4768/439
f 3209/4748/440 3350/4749/441 3351/4780/441 3210/4779/440
f 3350/4749/441 4473/4750/3751 4472/4781/3751 3351/4780/441
f 3625/4752/443 3766/4751/444 3767/4782/444 3626/4783/443
f 3766/4751/444 3907/4730/445 3908/4761/445 3767/4782/444
f 3907/4730/445 4048/4753/446 4049/4784/446 3908/4761/445
f 4048/4755/446 4501/4754/3750 4500/4785/3754 4049/4786/446
f 4323/4756/3752 4463/4744/449 4464/4775/449 4324/4787/3752
f 4463/4744/449 137/4727/419 138/4758/419 4464/4775/449
f 138/4758/419 280/4757/418 281/4788/418 139/4789/419
f 280/4757/418 421/4759/3745 422/4790/3745 281/4788/418
f 421/4759/436 422/4790/436 4549/4791/3746 4550/4760/3746
f 695/4762/422 836/4761/423 837/4792/423 696/4793/422
f 836/4761/423 977/4763/424 978/4794/424 837/4792/423
f 977/4763/424 1118/4764/425 1119/4795/425 978/4794/424
f 1118/4764/425 4595/4765/3747 4594/4796/3755 1119/4795/425
f 1393/4767/427 1534/4766/428 1535/4797/428 1394/4798/427
f 1534/4766/428 1675/4768/429 1676/4799/429 1535/4797/428
f 1675/4768/429 1816/4769/430 1817/4800/430 1676/4799/429
f 1816/4771/430 4566/4770/3727 4565/4801/3727 1817/4802/430
f 2091/4773/432 2231/4772/433 2232/4803/433 2092/4804/432
f 2231/4772/433 2372/4774/434 2373/4805/434 2232/4803/433
f 2372/4774/434 2513/4775/435 2514/4806/435 2373/4805/434
f 2513/4775/435 2654/4776/436 2655/4807/436 2514/4806/435
f 2654/4776/436 4529/4777/3753 4531/4808/3732 2655/4807/436
f 2928/4778/438 3069/4768/439 3070/4799/439 2929/4809/438
f 3069/4768/439 3210/4779/440 3211/4810/440 3070/4799/439
f 3210/4779/440 3351/4780/441 3352/4811/441 3211/4810/440
f 3351/4780/441 4472/4781/3751 4471/4812/3751 3352/4811/441
f 3626/4783/443 3767/4782/444 3768/4813/444 3627/4814/443
f 3767/4782/444 3908/4761/445 3909/4792/445 3768/4813/444
f 3908/4761/445 4049/4784/446 4050/4815/446 3909/4792/445
f 4049/4786/446 4500/4785/3754 4499/4816/3756 4050/4817/446
f 4324/4787/3752 4464/4775/449 4465/4806/449 4325/4818/3752
f 4464/4775/449 138/4758/419 139/4789/419 4465/4806/449
f 139/4789/419 281/4788/418 282/4819/418 140/4820/419
f 281/4788/418 422/4790/3745 423/4821/3745 282/4819/418
f 422/4790/436 423/4821/436 4557/4822/3746 4549/4791/3746
f 696/4793/422 837/4792/423 838/4823/423 697/4824/422
f 837/4792/423 978/4794/424 979/4825/424 838/4823/423
f 978/4794/424 1119/4795/425 1120/4826/425 979/4825/424
f 1119/4795/425 4594/4796/3755 4581/4827/3757 1120/4826/425
f 1394/4798/427 1535/4797/428 1536/4828/428 1395/4829/427
f 1535/4797/428 1676/4799/429 1677/4830/429 1536/4828/428
f 1676/4799/429 1817/4800/430 1818/4831/430 1677/4830/429
f 1817/4802/430 4565/4801/3727 4564/4832/3758 1818/4833/430
f 2092/4804/432 2232/4803/433 2233/4834/433 2093/4835/432
f 2232/4803/433 2373/4805/434 2374/4836/434 2233/4834/433
f 2373/4805/434 2514/4806/435 2515/4837/435 2374/4836/434
f 2514/4806/435 2655/4807/436 2656/4838/436 2515/4837/435
f 2655/4807/436 4531/4808/3732 4526/4839/3759 2656/4838/436
f 2929/4809/438 3070/4799/439 3071/4830/439 2930/4840/438
f 3070/4799/439 3211/4810/440 3212/4841/440 3071/4830/439
f 3211/4810/440 3352/4811/441 3353/4842/441 3212/4841/440
f 3352/4811/441 4471/4812/3751 4477/4843/3760 3353/4842/441
f 3627/4814/443 3768/4813/444 3769/4844/444 3628/4845/443
f 3768/4813/444 3909/4792/445 3910/4823/445 3769/4844/444
f 3909/4792/445 4050/4815/446 4051/4846/446 3910/4823/445
f 4050/4817/446 4499/4816/3756 4478/4847/3761 4051/4848/446
f 4325/4818/3752 4465/4806/449 4466/4837/449 4326/4849/3752
f 4465/4806/449 139/4789/419 140/4820/419 4466/4837/449
f 140/4382/3714 282/4850/3714 283/4851/3714 141/4852/3714
f 282/4850/3714 423/4383/3714 4556/4853/3762 4555/4854/3763 283/4851/3714
f 423/4383/1 4556/4853/1 4557/4855/1
f 697/4856/3714 838/4386/3714 839/4857/3714 698/4858/3714
f 838/4386/3714 979/4387/3714 980/4859/3714 839/4857/3714
f 979/4387/3714 1120/4388/3714 1121/4860/3714 980/4859/3714
f 1120/4388/3714 4581/4861/3757 4582/4862/3764 1121/4860/3714
f 1395/4390/3714 1536/4391/3714 1537/4863/3714 1396/4864/3714
f 1536/4391/3714 1677/4392/3714 1678/4865/3714 1537/4863/3714
f 1677/4392/3714 1818/4393/3714 1819/4866/3714 1678/4865/3714
f 1818/4393/3714 4564/4867/3758 4563/4868/3765 1819/4866/3714
f 2093/4395/3714 2233/4396/3714 2234/4869/3714 4542/4870/3766 4543/4871/3767
f 2233/4396/3714 2374/4397/3714 2375/4872/3714 2234/4869/3714
f 2374/4397/3714 2515/4398/3714 2516/4873/3714 2375/4872/3714
f 2515/4398/3714 2656/4399/3714 4525/4874/3768 4527/4875/3769 2516/4873/3714
f 2656/4399/3714 4526/4876/3759 4525/4874/3768
f 2930/4877/3714 3071/4402/3714 3072/4878/3714 2931/4879/3714
f 3071/4402/3714 3212/4403/3714 3213/4880/3714 3072/4878/3714
f 3212/4403/3714 3353/4404/3714 3354/4881/3714 3213/4880/3714
f 3353/4404/3714 4477/4882/3760 4476/4883/3770 3354/4881/3714
f 3628/4406/3714 3769/4407/3714 3770/4884/3714 3629/4885/3714
f 3769/4407/3714 3910/4408/3714 3911/4886/3714 3770/4884/3714
f 3910/4408/3714 4051/4409/3714 4052/4887/3714 3911/4886/3714
f 4051/4409/3714 4478/4888/3761 4479/4889/3771 4052/4887/3714
f 4326/4411/3714 4466/4890/3714 4467/4891/3714 4511/4892/3772 4507/4893/3773
f 4466/4890/3714 140/4382/3714 141/4852/3714 4467/4891/3714
f 141/4894/434 283/4895/435 284/4896/435 142/4897/434
f 283/4895/435 4555/4898/3763 4548/4899/3774 4558/4900/3775 424/4901/436 284/4896/435
f 698/4902/438 839/4903/439 840/4904/439 699/4905/438
f 839/4903/439 980/4906/440 981/4907/440 840/4904/439
f 980/4906/440 1121/4908/441 1122/4909/441 981/4907/440
f 1121/4908/441 4582/4827/3764 4584/4654/3776 4578/4682/3777 1256/4910/442 1122/4909/441
f 1396/4911/443 1537/4912/444 1538/4913/444 1397/4914/443
f 1537/4912/444 1678/4915/445 1679/4916/445 1538/4913/444
f 1678/4915/445 1819/4917/446 1820/4918/446 1679/4916/445
f 1819/4919/446 4563/4920/3765 4537/4921/3778 4536/4922/3779 1954/4923/447 1820/4924/446
f 2234/4925/449 2375/4820/419 2376/4926/419 2235/4927/449
f 2375/4820/419 2516/4928/418 2517/4929/418 2376/4926/419
f 2516/4928/418 4527/4930/3769 4505/4931/3780 4503/4932/3781 2657/4933/420 2517/4929/418
f 2931/4934/422 3072/4935/423 3073/4936/423 2932/4937/422
f 3072/4935/423 3213/4938/424 3214/4939/424 3073/4936/423
f 3213/4938/424 3354/4940/425 3355/4941/425 3214/4939/424
f 3354/4940/425 4476/4843/3770 4470/4658/3782 4482/4653/3783 3489/4942/426 3355/4941/425
f 3629/4943/427 3770/4944/428 3771/4945/428 3630/4946/427
f 3770/4944/428 3911/4947/429 3912/4948/429 3771/4945/428
f 3911/4947/429 4052/4949/430 4053/4950/430 3912/4948/429
f 4052/4951/430 4479/4952/3771 4497/4953/3784 4495/4954/3785 4187/4955/431 4053/4956/430
f 4467/4957/433 141/4894/434 142/4897/434 4468/4958/433
f 142/4959/3786 284/4851/3787 143/1/3714
f 284/4851/3787 424/4960/3788 143/1/3714
f 424/4960/3788 558/4961/3789 143/1/3714
f 558/4961/3789 699/4858/3790 143/1/3714
f 699/4858/3790 840/4857/3791 143/1/3714
f 840/4857/3791 981/4859/3792 143/1/3714
f 981/4859/3792 1122/4860/3793 143/1/3714
f 1122/4860/3793 1256/4962/3794 143/1/3714
f 1256/4962/3794 1397/4864/3795 143/1/3714
f 1397/4864/3795 1538/4863/3796 143/1/3714
f 1538/4863/3796 1679/4865/3797 143/1/3714
f 1679/4865/3797 1820/4866/3798 143/1/3714
f 1820/4866/3798 1954/4963/3799 143/1/3714
f 1954/4963/3799 2094/4964/3800 143/1/3714
f 2094/4964/3800 2235/4965/3801 143/1/3714
f 2235/4965/3801 2376/4872/3802 143/1/3714
f 2376/4872/3802 2517/4873/3803 143/1/3714
f 2517/4873/3803 2657/4966/3804 143/1/3714
f 2657/4966/3804 2791/4967/3805 143/1/3714
f 2791/4967/3805 2932/4879/3806 143/1/3714
f 2932/4879/3806 3073/4968/3807 143/1/3714
f 3073/4968/3807 3214/4880/3808 143/1/3714
f 3214/4880/3808 3355/4881/3809 143/1/3714
f 3355/4881/3809 3489/4969/3810 143/1/3714
f 3489/4969/3810 3630/4885/3811 143/1/3714
f 3630/4885/3811 3771/4884/3812 143/1/3714
f 3771/4884/3812 3912/4886/3813 143/1/3714
f 3912/4886/3813 4053/4887/3814 143/1/3714
f 4053/4887/3814 4187/4970/3815 143/1/3714
f 4187/4970/3815 4327/4971/3816 143/1/3714
f 4327/4971/3816 4468/4891/3817 143/1/3714
f 4468/4891/3817 142/4959/3786 143/1/3714
f 4589/4843/3818 1396/4911/443 1397/4914/443 1256/4910/442 4578/4682/3777 4580/4658/3819
f 4579/4972/3724 4580/4973/3819 4578/4962/3777 4584/4862/3776 4583/4861/3721 4577/4389/3720
f 4512/4974/3820 4510/4975/3820 4323/4756/432 4322/4725/432
f 4591/4718/3723 1391/4704/427 1392/4736/427 4588/4750/3723
f 4572/4976/3718 695/4977/422 696/4978/422 4571/4979/3718
f 4538/4980/3726 4537/4981/3778 4563/4982/3765 4564/4983/3758 4565/4984/3727 4566/4985/3727 4567/4986/3727 4569/4987/3748 4568/4988/3727
f 4542/4989/3766 2234/4925/449 2235/4927/449 2094/4990/448 4534/4991/3821 4533/4992/3822
f 4496/4993/3741 4497/4994/3784 4479/4995/3771 4478/4996/3761 4499/4997/3756 4500/4998/3754 4501/4999/3750 4498/5000/3750 4502/5001/3742
f 4540/5002/3823 2089/4710/432 2090/4742/432 4546/5003/3728
f 4489/5004/3738 3627/4814/443 3628/4845/443 4486/4827/3824
f 4562/5005/3825 4560/5006/3719 4575/5007/3718 4576/5008/3826 4573/5009/3826 4572/5010/3718 4571/5011/3718 4570/5012/3827 4574/5013/3828
f 4509/5014/3820 4508/5015/3820 4325/4818/432 4324/4787/432
f 4554/5016/3716 4548/5017/3774 4555/5018/3763 4556/5019/3762 4557/5020/3829 4549/5021/3829 4550/5022/3829 4552/5023/3829 4551/5024/3829 4553/5025/3717
f 4485/4655/3738 3623/4684/443 3624/4720/443 4484/4702/3738
f 4469/5026/3736 4470/5027/3782 4476/5028/3770 4477/5029/3760 4471/5030/3751 4472/5031/3751 4473/5032/3751 4474/5033/3737 4475/5034/3737
f 4490/4827/3830 3629/4943/427 3630/4946/427 3489/4942/426 4482/4653/3783 4483/4654/3831
f 4518/5035/3832 2791/5036/421 2657/4933/420 4503/4932/3781
f 4573/5037/3826 694/5038/422 695/4977/422 4572/4976/3718
f 4510/4975/3820 4509/5014/3820 4324/4787/432 4323/4756/432
f 4492/5039/3833 4327/5040/432 4187/4955/431 4495/4954/3785
f 4535/5041/3729 4533/4870/3822 4534/4964/3821 4536/4963/3779 4537/4868/3778 4538/5042/3726 4539/4394/3725
f 4486/5043/3824 3628/4406/3714 3629/4885/3714 4490/5044/3830
f 4571/4979/3718 696/4978/422 697/5045/422 4570/5046/3827
f 4514/5047/3733 2926/4723/438 2927/4755/438 4520/5048/3733
f 4520/5048/3733 2927/4755/438 2928/4786/438 4521/5049/3733
f 4511/5050/3772 4467/4957/433 4468/4958/433 4327/5040/432 4492/5039/3833 4493/5051/3834
f 4547/5052/3835 2091/4773/432 2092/4804/432 4545/5053/3728
f 4470/5054/3782 4469/4882/3736 4481/4405/3735 4480/5043/3739 4483/5044/3831 4482/4969/3783
f 4483/5055/3831 4480/5056/3739 4485/5057/3738 4484/5058/3738 4488/5059/3836 4487/5060/3836 4489/5061/3738 4486/5062/3824 4490/5063/3830
f 4576/5064/3826 693/5065/422 694/5038/422 4573/5037/3826
f 4484/4702/3738 3624/4720/443 3625/4752/443 4488/4734/3836
f 4570/5066/3827 697/4856/3714 698/4858/3714 4574/5067/3828
f 4523/5068/3837 2930/4877/3714 2931/4879/3714 4522/5069/3838
f 4586/4972/3839 1395/4390/3714 1396/4864/3714 4589/4973/3818
f 4546/5003/3728 2090/4742/432 2091/4773/432 4547/5052/3835
f 4533/5070/3822 4535/5071/3729 4541/5072/3728 4540/5073/3823 4546/5074/3728 4547/5075/3835 4545/5076/3728 4544/5077/3840 4543/5078/3767 4542/5079/3766
f 4522/5080/3838 2931/5081/422 2932/5082/422 2791/5036/421 4518/5035/3832 4517/5083/3841
f 4585/4812/3723 1394/4798/427 1395/4829/427 4586/4843/3839
f 4583/5084/3721 4584/5085/3776 4582/5086/3764 4581/5087/3757 4594/5088/3755 4595/5089/3747 4596/5090/3747 4592/5091/3747 4593/5092/3722
f 4544/5041/3840 2093/4395/3714 4543/4871/3767
f 4515/5068/3734 4517/5069/3841 4518/4967/3832 4503/4966/3781 4505/4875/3780 4504/4876/3731 4519/4400/3730
f 4516/4677/3733 2925/4676/438 2926/4723/438 4514/5047/3733
f 4588/4750/3723 1392/4736/427 1393/4767/427 4587/4781/3723
f 4548/5093/3774 4554/5094/3716 4559/4384/3715 4560/5066/3719 4562/5095/3825 4561/4961/3842 4558/4960/3775
f 4521/5049/3733 2928/4786/438 2929/4817/438 4524/5096/3733
f 4488/4734/3836 3625/4752/443 3626/4783/443 4487/4765/3836
f 4574/5097/3828 698/5098/438 699/5099/438 558/5100/437 4561/5101/3842 4562/5102/3825
f 4508/5015/3820 4506/5103/3820 4326/4849/432 4325/4818/432
f 4575/4647/3718 692/4646/422 693/5065/422 4576/5064/3826
f 4506/5104/1 4507/4893/1 4326/4411/1
f 4541/4667/3728 2088/4666/432 2089/4710/432 4540/5002/3823
f 4487/4765/3836 3626/4783/443 3627/4814/443 4489/5004/3738
f 4524/5096/3733 2929/4817/438 2930/4848/438 4523/5105/3837
f 4497/4889/3784 4496/4888/3741 4494/4410/3740 4491/5104/3744 4493/4892/3834 4492/4971/3833 4495/4970/3785
f 4513/4691/3743 4321/4690/448 4322/4725/448 4512/4974/3843
f 4580/5106/3819 4579/5107/3724 4590/5108/3723 4591/5109/3723 4588/5110/3723 4587/5111/3723 4585/5112/3723 4586/5113/3839 4589/5114/3818
f 4517/5115/3841 4515/5116/3734 4516/5117/3733 4514/5118/3733 4520/5119/3733 4521/5120/3733 4524/5121/3733 4523/5122/3837 4522/5123/3838
f 4504/5124/3731 4505/5125/3780 4527/5126/3769 4525/5127/3768 4526/5128/3759 4531/5129/3732 4529/5130/3753 4528/5131/3732 4532/5132/3749 4530/5133/3732
f 4587/4781/3723 1393/4767/427 1394/4798/427 4585/4812/3723
f 4493/5134/3834 4491/5135/3744 4513/5136/3743 4512/5137/3843 4510/5138/3844 4509/5139/3844 4508/5140/3844 4506/5141/3844 4507/5142/3773 4511/5143/3772
f 4545/5053/3728 2092/4804/432 2093/4835/432 4544/5144/3840
f 4590/4657/3723 1390/4656/427 1391/4704/427 4591/4718/3723
f 4561/5101/3842 558/5100/437 424/4901/436 4558/4900/3775
f 4534/4991/3821 2094/4990/448 1954/4923/447 4536/4922/3779
